ply
format ascii 1.0
comment VisionMCP oriented point archive (not a trained radiance field)
element vertex 2200
property float x
property float y
property float z
property uchar red
property uchar green
property uchar blue
end_header
-0.0462905065 0.03 0.00101005151 178 178 178
0.00231464497 -0.0136807003 -0.011 178 178 178
0.0156254921 -0.000347467033 0.0125 178 178 178
-0.0335086789 -0.0118250153 0.0125 178 178 178
0.0125703177 -0.0162591765 0.0125 178 178 178
-0.0177657762 0.0136737352 -0.014 178 178 178
-0.0635463389 -0.0250444538 -0.0125 178 178 178
0.0441341992 0.0155 0.0137999801 178 178 178
0.0516724954 -0.0104951647 0.0165 178 178 178
-0.0847498445 -0.03 -0.00693115795 178 178 178
0.00759457516 0.000461711412 0.0125 178 178 178
0.0813762749 0.00716571973 0.0125 178 178 178
0.0894895983 -0.00294371804 0.0125 178 178 178
-0.0486935526 0.0253272661 0.0125 178 178 178
-0.0158500233 -0.03 -0.00404498846 178 178 178
0.09 -0.00658732466 0.0093540155 178 178 178
0.088 0.0121447969 0.00128599017 178 178 178
0.0458594592 -0.0137240291 0.0125 178 178 178
-0.0348225616 0.03 -0.0112350749 178 178 178
0.09 0.0248760013 -0.00333898707 178 178 178
0.0707033048 0.0261970601 -0.0125 178 178 178
-0.0314395772 0.00754365339 -0.0125 178 178 178
0.079228253 0.03 -0.00620753448 178 178 178
0.0808154732 -0.0108628055 -0.0125 178 178 178
0.0887614286 -0.0283030839 -0.0125 178 178 178
0.0387213053 -0.03 0.00394625539 178 178 178
-0.0871360885 -0.03 -0.000634083823 178 178 178
-0.032586631 0.00854723101 -0.011 178 178 178
-0.0601974137 0.03 -0.00518340489 178 178 178
0.0349940586 -0.03 0.00350028197 178 178 178
0.0168763952 -0.03 -0.0108073011 178 178 178
-0.000399712064 -0.0241044794 0.0125 178 178 178
0.00807276516 -0.0211983528 -0.0125 178 178 178
-0.0776059235 -0.0166076709 -0.0125 178 178 178
-0.09 -0.000302921311 -0.011893286 178 178 178
0.0653028401 0.028577031 -0.0125 178 178 178
-0.0809282408 -0.0246008137 0.0125 178 178 178
0.0635251636 -0.00617499643 -0.0125 178 178 178
0.0310566214 -0.0080772947 -0.014 178 178 178
-0.00846248905 0.00817009392 -0.0125 178 178 178
0.0488733289 0.0122870738 0.0125 178 178 178
-0.0267307953 -0.00108066998 -0.014 178 178 178
0.0571212605 -0.03 0.00389334249 178 178 178
0.027305905 -0.00519650287 -0.014 178 178 178
-0.0642725351 0.03 -0.0109596084 178 178 178
-0.0189697173 0.0005 0.0143280719 178 178 178
0.0873174434 -0.0113120915 -0.0125 178 178 178
0.09 0.0220747929 0.010769018 178 178 178
0.0461897173 -0.03 -0.0046231764 178 178 178
-0.0116178704 0.0117378886 -0.014 178 178 178
-0.0690170455 0.00145203975 0.0125 178 178 178
-0.0221186759 0.03 0.0117851285 178 178 178
0.0545773431 -0.011726747 -0.0125 178 178 178
0.00259919047 0.0267602554 0.0125 178 178 178
0.00670280235 -0.0105845668 0.0125 178 178 178
0.0739458348 0.0294690875 -0.0125 178 178 178
0.0438100499 0.00469554159 0.0165 178 178 178
0.00068049018 0.0136950421 0.0125 178 178 178
0.0886647478 -0.00980144817 -0.00375 178 178 178
0.0659675179 0.03 -0.00160883931 178 178 178
0.0457156248 0.03 0.00935392848 178 178 178
0.043723883 0.03 -0.00694449839 178 178 178
-0.09 0.0186526772 0.00296589622 178 178 178
-0.0368162039 -0.00373290803 -0.0125 178 178 178
-0.0594666842 0.0253260974 0.0125 178 178 178
-0.0383379625 -0.0173357856 0.0125 178 178 178
-0.0592955936 0.00480914837 0.0125 178 178 178
0.0765601943 0.0176343185 -0.0125 178 178 178
-0.09 0.0177553457 -0.000308076115 178 178 178
-0.0627983847 0.0203187973 -0.0125 178 178 178
-0.09 0.027027452 0.0123896104 178 178 178
-0.0624531447 -0.0225482226 0.0125 178 178 178
-0.036916472 0.011353099 -0.014 178 178 178
-0.0653596626 0.03 0.00799221259 178 178 178
0.0548801964 0.0218982294 -0.0125 178 178 178
0.0275998325 -0.00224306809 -0.014 178 178 178
-0.0185020948 -0.018 -0.0134274846 178 178 178
-0.0168222926 -0.00959543962 -0.011 178 178 178
0.09 0.0227454944 -0.00390116652 178 178 178
-0.0349663543 0.0169294536 -0.0125 178 178 178
-0.0150965217 0.000751045459 -0.0125 178 178 178
-0.0358432757 -0.0145300792 -0.011 178 178 178
0.09 -0.0100692235 0.00575955208 178 178 178
-0.081692769 -0.0119576725 -0.0125 178 178 178
0.029207249 0.0110118017 -0.011 178 178 178
-0.0150685016 0.03 -0.00130894778 178 178 178
0.09 0.0239158875 -0.00272890122 178 178 178
-0.0881424297 -0.0114527446 0.0125 178 178 178
0.0169889604 0.012170059 0.0125 178 178 178
-0.0331459292 -0.029397666 0.0125 178 178 178
0.0690083898 -0.0125996732 -0.0125 178 178 178
-0.0265164539 0.00893952674 -0.014 178 178 178
-0.0682799504 -0.03 -0.000388859157 178 178 178
0.09 0.0258155798 0.0120312687 178 178 178
0.0586493753 0.00905958813 0.0125 178 178 178
-0.0236951958 0.00877920109 0.0165 178 178 178
0.0764715288 -0.0262111022 -0.0125 178 178 178
-0.0391081121 0.00698562254 0.0125 178 178 178
0.0847451458 -0.0277655888 -0.0125 178 178 178
-0.0880753481 0.00270499564 -0.0125 178 178 178
-0.09 0.0265760881 -0.00100541839 178 178 178
0.0450061034 0.03 -0.00980560313 178 178 178
0.00661333138 0.0214242635 0.0125 178 178 178
0.00716681655 -0.03 -0.00464835674 178 178 178
-0.0340493093 0.0054387965 -0.014 178 178 178
0.012340994 0.0178567405 0.0125 178 178 178
0.073417228 0.03 -0.00714800945 178 178 178
-0.09 0.00163201598 -0.00403771945 178 178 178
-0.0816186282 -0.0106490142 0.0125 178 178 178
0.0648047689 -0.03 0.0022242232 178 178 178
0.0152758131 -0.0106319121 0.0165 178 178 178
0.0164741292 0.00536887295 -0.011 178 178 178
-0.0822574149 0.00438965369 -0.0125 178 178 178
-0.029971347 -0.000506934539 -0.011 178 178 178
0.0840682644 0.00133415636 -0.0125 178 178 178
-0.0229962068 0.0108981841 0.0165 178 178 178
0.0450307272 0.0124042772 0.0125 178 178 178
-0.0365236992 0.0203565166 -0.0125 178 178 178
-0.0769925855 0.0243704381 0.0125 178 178 178
0.0472586327 0.0077087839 0.0165 178 178 178
-0.0395374459 -0.0272558256 -0.0125 178 178 178
-0.0330396779 0.03 9.6126099e-05 178 178 178
0.045847088 -0.0106412164 0.0125 178 178 178
-0.0642707591 -0.03 -0.0101298623 178 178 178
-0.0545940275 0.0155 0.0129729512 178 178 178
0.0524829149 0.00618060532 0.0125 178 178 178
-0.0105109389 0.00862270123 -0.0125 178 178 178
-0.0439690276 -0.00783691538 0.0125 178 178 178
-0.0680158231 0.0223497371 -0.0125 178 178 178
0.0261450352 0.013804325 0.0125 178 178 178
0.04 -0.00297049528 -0.0131083717 178 178 178
-0.00472410042 0.03 0.0122774068 178 178 178
-0.0178818787 0.0285058369 0.0125 178 178 178
0.0833187006 -0.011284715 0.0125 178 178 178
-0.0327362021 0.018 -0.0118926989 178 178 178
0.0201188357 0.0137458852 0.0125 178 178 178
0.0890962674 -0.0185136624 0.00375 178 178 178
0.0553112118 -0.03 0.00415234146 178 178 178
-0.0199736463 -0.03 -0.0058283752 178 178 178
0.0228299378 0.000769365251 -0.011 178 178 178
-0.02375 -0.00361257299 0.012571954 178 178 178
0.0804310286 0.03 -0.00958610126 178 178 178
0.00383287875 0.0207529146 0.0125 178 178 178
-0.0367546744 0.00307494066 -0.014 178 178 178
-0.0303854834 0.0201009328 0.0125 178 178 178
0.0268469209 0.0137932558 -0.011 178 178 178
0.0745109081 -0.0139813348 -0.0125 178 178 178
-0.0882004414 0.0170848764 0.0125 178 178 178
0.0756329906 -0.03 0.00814357872 178 178 178
-0.00495664547 0.018 -0.0115648762 178 178 178
0.083331723 0.00574504036 0.0125 178 178 178
0.03925 -0.0121299391 0.0162880861 178 178 178
-0.09 0.0233471782 -0.00729893073 178 178 178
-0.0469724533 0.00210200802 0.0165 178 178 178
-0.0222406623 0.03 -0.00240712931 178 178 178
-0.088 0.0110740227 1.64571995e-05 178 178 178
-0.0142947916 -0.0223807567 0.0125 178 178 178
-0.0266154617 0.0260758791 0.0125 178 178 178
-0.0755068248 -0.0205128816 -0.0125 178 178 178
-0.0132390338 -0.00841448004 -0.0125 178 178 178
-0.078892985 0.0223151508 -0.0125 178 178 178
-0.0267558206 -0.000987919691 -0.011 178 178 178
0.000662758258 -0.0167732396 -0.014 178 178 178
-0.062054418 0.0290160828 -0.0125 178 178 178
0.0196933521 0.03 0.00933248849 178 178 178
0.0268661673 -0.03 0.00424561734 178 178 178
0.0393262778 0.03 -0.00327361816 178 178 178
-0.0033654606 0.03 -0.00430546416 178 178 178
0.0882966166 -0.0211029342 0.0125 178 178 178
-0.09 -0.000689736115 0.00292069262 178 178 178
-0.0560547041 -0.03 -0.00589134724 178 178 178
-0.0613330922 0.03 -0.0100817035 178 178 178
-0.0203784086 0.03 -0.00606396665 178 178 178
-0.0819623887 0.0209083146 -0.0125 178 178 178
0.00783891966 -0.0170083602 -0.0125 178 178 178
-0.0654028502 -0.00835296564 0.0125 178 178 178
0.00855797404 -0.0132542995 0.0125 178 178 178
0.042773266 0.00820031883 0.0165 178 178 178
-0.0194083664 -0.000659242248 0.0125 178 178 178
-0.0103441309 0.026643014 -0.0125 178 178 178
0.00908951142 0.0117555248 -0.011 178 178 178
0.0506763181 -0.0155 0.0159592169 178 178 178
-0.0247338567 -0.00211797198 -0.014 178 178 178
0.0171358627 -0.03 -0.0112263966 178 178 178
0.0192576242 0.0161380476 -0.011 178 178 178
0.0887609504 0.0210694871 -0.0125 178 178 178
0.0298122605 -0.0292218179 -0.0125 178 178 178
0.0685609598 -0.02918403 -0.0125 178 178 178
0.0839070849 -0.00881912137 0.0125 178 178 178
0.089730001 0.00996323185 0.0125 178 178 178
-0.0775633727 0.00263008145 -0.0125 178 178 178
0.09 0.0185247802 -0.000202273845 178 178 178
0.0224070211 -0.00212738633 -0.0125 178 178 178
0.0597965485 0.03 0.00454925942 178 178 178
-0.0446730883 0.0107787567 -0.0125 178 178 178
-0.09 0.00148219803 0.000693637449 178 178 178
-0.0651463036 -0.0228579009 -0.0125 178 178 178
0.0675932138 0.00328138415 0.0125 178 178 178
-0.00784451394 0.0120328805 -0.011 178 178 178
0.0750313485 -0.03 -0.00185111787 178 178 178
0.0433562863 0.00576465249 0.0125 178 178 178
0.00236458252 0.03 -0.00621883571 178 178 178
-0.044050809 0.03 0.00680236377 178 178 178
-0.0690634343 0.0280676871 -0.0125 178 178 178
0.0511120397 0.03 0.00467146295 178 178 178
-0.00933521707 -0.0116104482 -0.0125 178 178 178
0.0509524539 -0.0155 0.0155846471 178 178 178
-0.0887086891 0.0258401684 0.00375 178 178 178
-0.0287069748 0.0155414054 -0.014 178 178 178
0.0806639865 0.0153600279 -0.0125 178 178 178
0.012268142 0.00844319694 0.0125 178 178 178
0.00218648971 -0.00186356169 0.0125 178 178 178
-0.0770603705 0.0259830291 -0.0125 178 178 178
-0.0697936877 0.03 -0.0120791118 178 178 178
0.0540132168 -0.00429988983 0.0165 178 178 178
0.0225866389 -0.0162294375 0.0125 178 178 178
-0.00106102047 0.00125774458 -0.014 178 178 178
0.0470932575 -0.0123810069 0.0165 178 178 178
-0.0410493429 0.0259842241 -0.0125 178 178 178
0.0230918417 -0.0115970685 0.0165 178 178 178
0.00847526486 -0.0148775828 -0.011 178 178 178
0.0289371026 0.0261101513 -0.0125 178 178 178
0.0771112735 0.03 0.00293925105 178 178 178
-0.0304667835 0.03 -0.00943762289 178 178 178
0.0865174127 0.03 0.00631624147 178 178 178
-0.00532322433 -0.0234201662 -0.0125 178 178 178
-0.00308792906 0.03 -0.00263386068 178 178 178
-0.00294889386 0.03 -0.00959719083 178 178 178
0.000797692829 -0.00988368297 -0.014 178 178 178
0.05525 -0.00401203557 0.0129658872 178 178 178
-0.0329363574 -0.0236831111 0.0125 178 178 178
-0.043336306 -0.0005 0.0160335634 178 178 178
-0.0328456478 -0.00294880493 -0.014 178 178 178
0.0133046825 -0.0151231602 -0.011 178 178 178
0.0143865418 0.0180682918 -0.0125 178 178 178
-0.0231272206 -0.0220764884 -0.0125 178 178 178
-0.0251426085 0.03 -0.00655773236 178 178 178
-0.0336592804 0.0150264657 -0.0125 178 178 178
0.09 0.0145096678 -0.00837841588 178 178 178
0.0355787911 -0.018 -0.0134575254 178 178 178
-0.041363103 0.0231604316 0.0125 178 178 178
-0.0274102829 -0.0116606811 0.0125 178 178 178
0.0318025364 -0.03 0.0103202701 178 178 178
-0.0434665188 0.03 -0.00670132671 178 178 178
0.0582312104 -0.0163183334 -0.0125 178 178 178
-0.085899928 -0.00600177981 0.0125 178 178 178
0.0308014229 0.0112205133 -0.0125 178 178 178
-0.0605897479 0.03 0.00322308451 178 178 178
0.0314401652 -0.00920684913 -0.014 178 178 178
-0.0564945027 0.023860199 0.0125 178 178 178
-0.0857593229 -0.00204158525 0.0125 178 178 178
0.0742568536 -0.03 0.00642659268 178 178 178
-0.00177900902 0.0152364682 -0.0125 178 178 178
0.0571920009 0.0145372226 0.0125 178 178 178
0.0761032657 0.0139301637 0.0125 178 178 178
-0.0397892194 -0.03 0.00341909263 178 178 178
0.0826159193 0.0187972973 -0.0125 178 178 178
-0.0106594454 0.0145200295 0.0165 178 178 178
0.0244730165 0.03 0.00996865786 178 178 178
0.0209509079 0.00232673689 0.0125 178 178 178
0.0408200988 -0.0182611881 -0.0125 178 178 178
0.0099148756 -0.00884279351 0.0125 178 178 178
0.00296358778 0.0222852453 -0.0125 178 178 178
-0.0169976119 0.0266336018 -0.0125 178 178 178
-0.0710011726 -0.0059367521 -0.0125 178 178 178
0.065337724 0.00411215311 -0.0125 178 178 178
0.0266535186 -0.0137844999 -0.011 178 178 178
-0.0556009786 -0.0195158045 0.0125 178 178 178
0.0823613135 0.0103959153 0.0125 178 178 178
0.0153764279 -0.0171504634 -0.014 178 178 178
-0.0033884693 0.03 -0.00628873821 178 178 178
-0.0779504131 -0.019575434 -0.0125 178 178 178
-0.0495799026 0.0230531798 0.0125 178 178 178
0.00649595208 0.0017621073 -0.011 178 178 178
-0.0301704371 0.0129950949 0.0125 178 178 178
-0.05525 -0.00656068269 0.0139691502 178 178 178
0.0502381338 -0.0209061103 -0.0125 178 178 178
-0.0136657428 -0.0116546118 0.0125 178 178 178
0.0221197495 0.013080393 0.0125 178 178 178
0.0253032771 -0.00741983785 -0.014 178 178 178
-0.09 -0.00615205503 0.00873865866 178 178 178
-0.0564007511 6.9005656e-05 0.0125 178 178 178
-0.0445160154 -0.0238557443 -0.0125 178 178 178
0.0788510646 -0.03 0.00766580673 178 178 178
-0.0232266423 0.0155 0.0156549407 178 178 178
-0.0568814658 0.0181311528 -0.0125 178 178 178
0.0828150371 0.00287785202 0.0125 178 178 178
0.0612743915 -0.03 0.00251645171 178 178 178
-0.0235888558 0.0119535314 0.0125 178 178 178
0.0117872856 -0.0151605558 -0.011 178 178 178
-0.0110330923 0.00577986673 -0.0125 178 178 178
-0.018741467 0.0119857512 -0.0125 178 178 178
0.0435281415 -0.00795386529 0.0165 178 178 178
-0.0277147883 0.03 0.00113280134 178 178 178
-0.0503792083 0.0108998346 0.0165 178 178 178
0.088 0.0174598244 -0.00280132055 178 178 178
0.000669513474 0.00458546158 -0.011 178 178 178
0.00266752994 -0.0161845951 -0.014 178 178 178
0.0204914983 0.0121322389 0.0125 178 178 178
-0.0517978591 0.0240592918 0.0125 178 178 178
-0.0510953531 0.03 0.000607127843 178 178 178
0.0455792022 0.0188897178 -0.0125 178 178 178
0.0202863022 -0.00405621166 0.0125 178 178 178
-0.0158492544 0.0155 0.0128480484 178 178 178
-0.0545862944 0.00931487598 0.0165 178 178 178
-0.00264790156 0.0251281914 0.0125 178 178 178
-0.0216204525 0.02835826 0.0125 178 178 178
-0.0435618809 -0.00445933555 0.0125 178 178 178
-0.0714889923 -0.0279273321 -0.0125 178 178 178
0.038443281 0.0157555832 -0.014 178 178 178
0.09 -0.0178729375 0.0106787702 178 178 178
0.0250798873 0.0167689859 0.0125 178 178 178
0.09 -0.015484881 0.0100958743 178 178 178
-0.0472394431 0.0118341219 0.0165 178 178 178
-0.0167534515 0.0270729721 0.0125 178 178 178
-0.000535948381 -0.00866108604 -0.014 178 178 178
-0.0121685474 0.00599154722 -0.011 178 178 178
0.00226902158 0.0191332872 0.0125 178 178 178
-0.0120987742 -0.00213836401 -0.0125 178 178 178
0.0212775092 -0.0146958467 0.0125 178 178 178
0.088 0.00014529633 9.16834216e-05 178 178 178
0.0232909306 0.0205576761 -0.0125 178 178 178
-0.0409015049 0.00461918356 0.0125 178 178 178
0.0121031087 -0.0123792887 -0.014 178 178 178
0.0113965301 0.017821562 -0.011 178 178 178
-0.0876986761 0.0176752004 -0.0125 178 178 178
0.0665671659 -0.00898273665 -0.0125 178 178 178
0.09 -0.0192504644 -0.0030195331 178 178 178
-0.050672109 -0.00984753478 -0.0125 178 178 178
0.0577143271 0.020609805 -0.0125 178 178 178
0.074293236 0.03 0.0117785331 178 178 178
-0.0831450137 0.0175565351 0.0125 178 178 178
-0.00846314329 0.00983526751 0.0165 178 178 178
-0.0893157324 -0.0154044015 -0.0125 178 178 178
-0.0293297851 0.0159937922 -0.011 178 178 178
-0.0139461477 0.0261990402 -0.0125 178 178 178
0.0103785821 -0.00281180947 0.0165 178 178 178
0.0279615601 -0.028553724 -0.0125 178 178 178
0.0364968209 -0.03 0.00849029449 178 178 178
-0.0011016535 -0.0262292018 -0.0125 178 178 178
0.0570773078 0.0124008161 0.0125 178 178 178
0.0599799867 -0.0208618127 0.0125 178 178 178
-0.0523844524 0.011256488 0.0165 178 178 178
-0.0717408548 -0.03 0.000249382547 178 178 178
-0.0817377755 -0.0274023866 -0.0125 178 178 178
0.088 0.0223567552 -0.000431487383 178 178 178
0.033049048 -0.0124660123 -0.011 178 178 178
-0.028693129 -0.00141363153 -0.011 178 178 178
-0.0409253399 -0.022894998 0.0125 178 178 178
-0.062198525 -0.000202602581 0.0125 178 178 178
0.0396965636 -0.00143276746 0.0125 178 178 178
-0.0806671749 0.0159411096 -0.0125 178 178 178
0.0785810442 0.0210096571 -0.0125 178 178 178
0.0764154604 -0.03 0.00657226798 178 178 178
-0.0411789199 0.0290547544 -0.0125 178 178 178
0.0556415771 0.0264213221 -0.0125 178 178 178
-0.00238793638 0.00615644532 -0.014 178 178 178
-0.0851982263 -0.03 -0.00308329379 178 178 178
-0.0280365607 0.0286584131 -0.0125 178 178 178
-0.09 0.00915181328 -0.000542727102 178 178 178
0.0519742157 -0.0179946579 0.0125 178 178 178
0.00256738799 -0.03 -0.00959928064 178 178 178
0.0726810626 0.0028192599 0.0125 178 178 178
-0.00934592276 -0.03 -0.00328297817 178 178 178
-0.0267622341 0.03 0.00364713928 178 178 178
-0.0056301159 -0.03 -0.00594065623 178 178 178
0.0658408126 0.0256600087 0.0125 178 178 178
0.00775 0.00290745236 0.0142354021 178 178 178
-0.0155897725 0.0105927277 -0.014 178 178 178
-0.0815954265 0.00364803541 -0.0125 178 178 178
-0.0796042456 -0.00479344724 -0.0125 178 178 178
-0.0466314466 0.0255555118 -0.0125 178 178 178
0.0887129305 0.0202183654 -0.00375 178 178 178
-0.0241065874 0.0128519241 -0.011 178 178 178
0.0897423095 -0.0149431978 0.0125 178 178 178
-0.088 0.0101307657 0.00186014316 178 178 178
-0.0676592488 -0.00464641124 -0.0125 178 178 178
0.0505315666 -0.03 0.00265799898 178 178 178
0.00648013327 -0.03 -0.0117052963 178 178 178
-0.0306006989 0.00778311496 -0.011 178 178 178
0.0319921132 0.00215554653 -0.0125 178 178 178
0.0451232466 -0.0250614098 0.0125 178 178 178
0.0637319476 0.03 0.0114970862 178 178 178
0.0720200779 0.0167180857 -0.0125 178 178 178
0.0259777805 -0.0162514264 0.0125 178 178 178
0.00821733472 -0.03 0.0101016134 178 178 178
0.0153598161 0.0153951574 -0.014 178 178 178
0.0218261561 -0.0108777167 0.0125 178 178 178
0.0194044356 -0.0117153438 -0.014 178 178 178
0.022923411 -0.00880261101 0.0125 178 178 178
-0.03925 -0.00822923553 0.015305597 178 178 178
-0.0139593726 -0.00946066058 -0.014 178 178 178
-0.09 -0.0012993544 -0.00866236094 178 178 178
-0.0192504126 -0.00252605222 0.0165 178 178 178
0.0208318343 -0.00547443931 0.0125 178 178 178
-0.0623161553 0.00901473956 -0.0125 178 178 178
-0.0176319938 0.0155 0.0150367976 178 178 178
-0.0286016866 -0.00370681159 -0.0125 178 178 178
-0.0299001768 -0.00699011737 -0.011 178 178 178
0.0789877679 0.03 -0.00696145158 178 178 178
0.0576117961 -0.0287515841 0.0125 178 178 178
-0.0392511251 0.00249503773 -0.011 178 178 178
-0.0769063622 0.0105547398 -0.0125 178 178 178
0.0840697104 -0.03 -0.0068781825 178 178 178
0.0524919384 -0.0142376991 -0.0125 178 178 178
-0.09 0.0216196178 -0.00159219749 178 178 178
0.0319055886 0.03 0.0093278635 178 178 178
0.05525 0.000125294087 0.0139186274 178 178 178
-0.0434705808 -0.0210873215 0.0125 178 178 178
0.048323975 -0.0155 0.014979167 178 178 178
-0.0396583145 -0.00704325238 0.0165 178 178 178
-0.0326688191 0.03 -0.00930227459 178 178 178
-0.00488168753 0.018 -0.0110793492 178 178 178
-0.0611757758 -0.0042026947 0.0125 178 178 178
-0.0472886324 -0.015273001 0.0125 178 178 178
-0.09 -0.0267774491 0.00653498734 178 178 178
0.0113032152 0.00296642938 -0.014 178 178 178
0.0383281528 -0.0291999432 0.0125 178 178 178
-0.09 -0.0192950069 0.0116903353 178 178 178
-0.0571500015 -0.00189402733 -0.0125 178 178 178
0.09 0.0067475964 0.0120992511 178 178 178
0.017104462 -0.00542444511 0.0165 178 178 178
-0.000465912868 -0.0170738376 -0.0125 178 178 178
-0.0160151259 -0.00912362347 0.0125 178 178 178
0.0396061024 0.00346538013 -0.0125 178 178 178
-0.0881931349 0.00990085324 -0.00375 178 178 178
-0.0153273597 -0.03 0.0110332271 178 178 178
-0.0635260101 -0.0164764062 0.0125 178 178 178
-0.0549404209 0.00285526604 0.0165 178 178 178
-0.0196421545 -0.03 -0.00343250652 178 178 178
-0.012636291 -0.00304808931 0.0125 178 178 178
0.0691086586 0.00900111214 -0.0125 178 178 178
0.09 0.0115624467 -0.00133213109 178 178 178
0.09 0.017005532 -0.0107052702 178 178 178
-0.0349199214 0.0108573929 -0.011 178 178 178
-0.0649968317 -0.0285631189 -0.0125 178 178 178
-0.0152964769 -0.03 -9.34379136e-05 178 178 178
-0.0897981151 0.03 0.00202237723 178 178 178
0.09 -0.0223957853 0.00187853601 178 178 178
0.0851305662 0.0155910957 -0.0125 178 178 178
0.0603926924 0.03 0.00504059795 178 178 178
-0.0877458213 -0.00169446852 -0.0125 178 178 178
-0.0835859499 -0.0270513015 -0.0125 178 178 178
-0.0347216306 -0.00120876964 -0.014 178 178 178
-0.0368865587 0.00402074498 -0.0125 178 178 178
0.0215859092 -0.03 0.00406997344 178 178 178
-0.0130506571 0.00702954302 0.0165 178 178 178
-0.0434019535 -0.0155 0.0127218101 178 178 178
0.09 -0.017492546 0.00471461334 178 178 178
0.0421505406 0.000799938828 0.0125 178 178 178
-0.0311671945 -0.03 0.000417217542 178 178 178
-0.0865486227 0.03 -0.00157605707 178 178 178
0.05525 0.00127717375 0.013162298 178 178 178
-0.09 -0.00577816249 0.00891930183 178 178 178
-0.0342355504 0.03 0.000133920029 178 178 178
-0.0886751308 0.0204472187 0.0125 178 178 178
0.09 0.00459776157 -0.00851387393 178 178 178
-0.0242645924 0.00650337908 0.0125 178 178 178
-0.0122480153 0.00598009357 0.0125 178 178 178
-0.00489787721 0.0272256082 0.0125 178 178 178
0.00576601497 -0.03 0.00182629455 178 178 178
-0.00775 0.000892503988 0.0136721012 178 178 178
-0.0547932467 -0.03 -0.0120697779 178 178 178
-0.0616187499 0.0263351142 0.0125 178 178 178
0.00480969076 -0.0039957396 -0.014 178 178 178
-0.0314092089 -0.00925650136 0.0125 178 178 178
0.0217827195 -0.0137125532 -0.014 178 178 178
0.0190763627 0.0142069104 0.0165 178 178 178
-0.0519433725 -0.03 0.00685761046 178 178 178
-0.0490179708 -0.000132109076 0.0125 178 178 178
0.0246548495 -0.0135198615 -0.0125 178 178 178
-0.0250508689 0.000973561351 0.0125 178 178 178
-0.03262051 -0.0133656342 -0.014 178 178 178
-0.078086702 0.03 0.0120673223 178 178 178
0.09 0.0106593239 0.00440295046 178 178 178
-0.09 0.0241027467 -0.00332388008 178 178 178
-0.09 0.0107190301 0.0110173557 178 178 178
0.0237390855 0.03 0.0123134275 178 178 178
-0.0412719372 0.024199822 0.0125 178 178 178
-0.00128324827 0.000217962808 -0.0125 178 178 178
-0.0114278107 -0.00930813641 0.0125 178 178 178
0.040436339 0.00210296865 0.0125 178 178 178
0.00246500854 0.0158321862 0.0125 178 178 178
0.088 -0.0236104594 0.000627009942 178 178 178
0.0378812524 0.029009106 0.0125 178 178 178
-0.0140047533 -0.03 0.0113535504 178 178 178
-0.0541303199 0.0050925275 0.0125 178 178 178
0.0681019376 0.03 0.00663111515 178 178 178
0.04 -0.0151070061 -0.0129442028 178 178 178
0.0176264678 -0.0154456051 -0.011 178 178 178
-0.0682053581 -0.0140384208 0.0125 178 178 178
-0.0299498832 -0.0162589814 0.0125 178 178 178
-0.0120637705 -0.00817354847 -0.011 178 178 178
0.00882514126 -0.03 -0.010806412 178 178 178
-0.09 -0.00338931925 -0.00838467618 178 178 178
0.0611400258 0.00498779979 -0.0125 178 178 178
-0.0356897853 -0.00807328346 -0.014 178 178 178
-0.0299910895 -0.0148238488 0.0125 178 178 178
0.0558245104 -0.03 -0.00705239449 178 178 178
0.0470968526 0.019214228 -0.0125 178 178 178
0.0108771403 0.020572452 0.0125 178 178 178
0.027888813 -0.00815614415 -0.014 178 178 178
0.0251361248 0.00139934081 -0.014 178 178 178
-0.0596769296 -0.03 0.00608415997 178 178 178
0.0126200009 -0.00172361767 0.0165 178 178 178
-0.0555528556 -0.03 -0.00536173002 178 178 178
-0.0121705847 -0.00238622788 0.0125 178 178 178
0.09 -0.0123976103 0.00902692106 178 178 178
-0.024373624 -0.00367154263 -0.0125 178 178 178
0.0411349585 0.00826511137 0.0125 178 178 178
-0.0497696503 -0.0155 0.0145407896 178 178 178
0.0182574452 -0.0155 0.0127775845 178 178 178
0.0744000122 -0.02907026 -0.0125 178 178 178
-0.0107452376 -0.00698070772 0.0165 178 178 178
0.0410535535 -0.0005 0.0151688982 178 178 178
-0.000131160073 0.00138004592 0.0125 178 178 178
0.0715010735 -0.0228783902 -0.0125 178 178 178
-0.09 -0.018634156 0.00637399236 178 178 178
0.0293915507 -0.0207682211 0.0125 178 178 178
-0.0778225984 0.03 -0.0124759328 178 178 178
0.0259046125 0.0199285267 0.0125 178 178 178
-0.0882433768 0.03 0.00941883388 178 178 178
0.0567178191 -0.00104125866 0.0125 178 178 178
-0.00120364221 -0.03 0.0112157828 178 178 178
0.0435412268 -0.03 -0.0106218223 178 178 178
-0.0616708281 0.03 -0.00730396442 178 178 178
0.065294838 0.0250704432 -0.0125 178 178 178
-0.09 -0.0196421443 -0.00149429312 178 178 178
0.0339549695 -0.0208539242 0.0125 178 178 178
0.0500768565 -0.00866912057 0.0125 178 178 178
-0.0467312357 -0.025193794 0.0125 178 178 178
0.0699089107 0.021565685 -0.0125 178 178 178
0.0590104614 0.0207539724 0.0125 178 178 178
0.02375 -1.85152169e-05 0.0131312916 178 178 178
-0.0490091732 0.0005 0.0135444136 178 178 178
-0.00463091603 0.0110969925 -0.0125 178 178 178
0.0544391329 0.0272959003 -0.0125 178 178 178
0.0254655813 0.00204231762 0.0125 178 178 178
0.0171107815 -0.000885142424 0.0165 178 178 178
0.000313756324 -0.03 0.00372900327 178 178 178
-7.62258802e-05 0.0029221058 -0.011 178 178 178
-0.00477887679 0.03 -0.0113684883 178 178 178
0.00683027064 0.03 -0.00427383583 178 178 178
0.011265099 -0.00499065596 0.0165 178 178 178
-0.0173184518 0.00466949435 0.0165 178 178 178
-0.000911564068 0.0245962215 0.0125 178 178 178
0.0876838321 -0.0268392816 0.0125 178 178 178
-0.0474326717 -0.0112708113 0.0125 178 178 178
-0.0715910772 -0.03 -0.00664662232 178 178 178
-0.0807456372 -0.0263318215 -0.0125 178 178 178
0.0564596554 0.027926054 0.0125 178 178 178
0.04109948 0.03 -0.0117951718 178 178 178
-0.0555694376 0.0194838143 -0.0125 178 178 178
-0.0197675598 0.00307282575 -0.0125 178 178 178
-0.0411346443 -0.00328680699 -0.0125 178 178 178
-0.000661981598 -0.0175988695 0.0125 178 178 178
-0.09 0.0141620546 0.00247843963 178 178 178
-0.0658629575 -0.0280465014 -0.0125 178 178 178
0.007135216 0.0257973345 -0.0125 178 178 178
0.0374734275 0.0152115711 -0.0125 178 178 178
-0.0897283085 -0.03 -0.00036551688 178 178 178
-0.00784057925 -0.0233350731 -0.0125 178 178 178
0.0278307772 -0.03 0.00772888597 178 178 178
-0.0436427063 0.0175982209 -0.0125 178 178 178
0.0115231495 -0.012292795 0.0125 178 178 178
0.0484971084 -0.0117124262 0.0125 178 178 178
7.5805979e-05 0.0108458937 -0.0125 178 178 178
-0.0415756774 0.03 0.0113546648 178 178 178
-0.025588539 0.0140216786 0.0125 178 178 178
-0.0784471342 0.0249932024 0.0125 178 178 178
0.0472832507 0.012308514 0.0165 178 178 178
-0.0890753895 0.0149845159 -0.0125 178 178 178
-0.0359239983 0.00719125347 -0.011 178 178 178
0.026000176 -0.0179135005 -0.011 178 178 178
-0.09 0.025814412 0.00502726427 178 178 178
0.0633676112 -0.0142691118 -0.0125 178 178 178
0.0131960393 0.03 -0.0122490446 178 178 178
-0.00934110468 0.03 0.00169319416 178 178 178
0.02375 -0.000548956913 0.0155476338 178 178 178
-0.0583510139 0.00772021565 -0.0125 178 178 178
-0.0334551836 0.018 -0.0129330153 178 178 178
0.0374784939 0.00298777031 -0.011 178 178 178
-0.060384252 0.0156342694 -0.0125 178 178 178
-0.0325509588 -0.0230030447 0.0125 178 178 178
0.0666033139 -0.0182489264 -0.0125 178 178 178
0.0252803422 -0.0036005475 -0.014 178 178 178
-0.0093918813 0.00141291664 -0.011 178 178 178
0.09 0.0231641881 -0.00111312599 178 178 178
0.0220957243 0.03 0.00486953963 178 178 178
-0.09 0.0194347863 -0.00653130312 178 178 178
-0.09 0.027891908 -0.00598193918 178 178 178
0.09 -0.00132946831 -0.00106671606 178 178 178
-0.0224734323 0.018 -0.0117341838 178 178 178
-0.0108495081 0.03 0.0100718232 178 178 178
-0.0653892342 -0.0111175195 0.0125 178 178 178
-0.0631154778 -0.03 -0.0118869239 178 178 178
0.0520179272 0.0159904626 -0.0125 178 178 178
-0.03925 0.0097383031 0.0147729124 178 178 178
-0.09 -0.00987310583 -0.00218074674 178 178 178
-0.0215928212 0.0243556074 0.0125 178 178 178
0.0366922798 0.000859325422 -0.014 178 178 178
-0.00775 0.013811555 0.0164339342 178 178 178
0.00532799209 0.0229619388 0.0125 178 178 178
-0.0797152145 -0.0289549755 -0.0125 178 178 178
-0.0664661736 -0.00672292583 -0.0125 178 178 178
0.00254803684 0.0159803277 -0.0125 178 178 178
0.0859296505 -0.00391638908 0.0125 178 178 178
-0.0849324109 -0.03 -0.00536528619 178 178 178
-0.00762310168 0.00783323568 -0.011 178 178 178
0.0233393538 -0.0103003738 0.0125 178 178 178
0.0110267169 -0.009858841 -0.011 178 178 178
-0.09 -0.00109351741 -0.00688602022 178 178 178
-0.0222149262 0.00073232426 -0.014 178 178 178
-0.0252089154 -0.000706467149 0.0125 178 178 178
-0.0321863405 -0.0274282715 -0.0125 178 178 178
0.02375 0.00845129172 0.0154774355 178 178 178
0.0302027556 -0.0149257555 0.0125 178 178 178
-0.0426735424 0.0206612925 -0.0125 178 178 178
0.0443642746 -0.00270063805 0.0165 178 178 178
-0.09 -0.0285668261 0.00982455703 178 178 178
-0.081823898 0.00496612637 -0.0125 178 178 178
0.0790937929 -0.0202452006 0.0125 178 178 178
0.00843697366 0.00433070205 -0.011 178 178 178
0.0563088238 -0.00368123041 0.0125 178 178 178
-0.0408947051 -0.0138457577 0.0165 178 178 178
-0.0754325431 0.00779426869 -0.0125 178 178 178
0.0451269857 0.0101872065 0.0165 178 178 178
-0.0757723263 0.0176708346 -0.0125 178 178 178
-0.0300891618 -0.03 -0.0109577832 178 178 178
0.0412594802 -0.0255075371 -0.0125 178 178 178
0.09 -0.0275265157 -0.00479686217 178 178 178
-0.00206363143 -0.0110453392 -0.014 178 178 178
0.0520812538 -0.00476225185 -0.0125 178 178 178
0.0874770948 -0.00945065953 0.0125 178 178 178
0.0237448948 -0.00853176365 0.0165 178 178 178
0.0094874573 0.03 0.000264365055 178 178 178
-0.0211472237 -0.0254262298 0.0125 178 178 178
-0.0396236649 0.03 0.00365809249 178 178 178
-0.0494335814 -0.03 0.00410901223 178 178 178
-0.0344754024 0.00417537051 -0.014 178 178 178
0.0677924071 -0.017120565 0.0125 178 178 178
-0.0212288883 0.0155 0.0158167368 178 178 178
-0.0449191245 0.03 -0.00550585359 178 178 178
-0.00775 -0.00288677088 0.0152549707 178 178 178
-0.0208849706 0.0157676247 0.0125 178 178 178
-0.0523366149 0.0155 0.0157908953 178 178 178
-0.0409975547 -8.83635552e-05 0.0125 178 178 178
0.0542345979 0.0283781288 0.0125 178 178 178
0.088145033 -0.00127725693 -0.0125 178 178 178
-0.09 0.022007504 0.00320407963 178 178 178
-0.0500717828 0.00395097399 0.0125 178 178 178
0.0231220468 0.0103239716 -0.0125 178 178 178
-0.018704599 -0.00135486341 0.0125 178 178 178
0.00765449187 -0.0254524448 0.0125 178 178 178
-0.0508485836 -0.03 0.00697311193 178 178 178
-0.0344486318 -0.00953877412 -0.014 178 178 178
-0.0693442336 -0.03 -0.00121855756 178 178 178
0.0238733615 0.000165965971 0.0125 178 178 178
-0.0423107545 -0.0193846189 0.0125 178 178 178
0.0272527615 -0.01854587 -0.0125 178 178 178
-0.0867544496 -0.00121804954 -0.0125 178 178 178
0.0770972739 0.012609573 0.0125 178 178 178
-0.0315144991 0.00387806164 -0.0125 178 178 178
0.0210653885 -0.0120138976 -0.0125 178 178 178
0.0214181963 -0.03 0.00988902239 178 178 178
-0.085956564 0.014886575 -0.0125 178 178 178
-0.020169179 -0.0155 0.012845611 178 178 178
-0.00788529934 -0.00120773228 -0.011 178 178 178
0.0506849164 0.0107317297 0.0125 178 178 178
0.0368435963 0.03 -0.00133743482 178 178 178
-0.000304272093 -0.03 -0.00219027895 178 178 178
0.0520671649 0.01126059 -0.0125 178 178 178
-0.0388019766 0.0121960494 -0.0125 178 178 178
0.00149996172 -0.00186849748 -0.011 178 178 178
0.024427611 -0.03 0.00619491457 178 178 178
0.0485629501 0.0005 0.0156843314 178 178 178
-0.0542835082 -0.0242186831 -0.0125 178 178 178
0.0823539448 0.03 0.000582595593 178 178 178
-0.0358700152 0.00196979632 -0.014 178 178 178
-0.0035451264 0.0157464413 -0.014 178 178 178
-0.0492214956 -0.0182479863 -0.0125 178 178 178
0.0160525727 -0.03 0.00112111942 178 178 178
-0.0360372799 -0.00353528496 0.0125 178 178 178
0.0210900137 -0.0104911921 0.0125 178 178 178
0.0721233737 -0.00100214344 -0.0125 178 178 178
-0.0468610836 -0.024597694 0.0125 178 178 178
0.0541162469 0.00208994954 0.0165 178 178 178
0.0486407982 -0.03 0.00835606097 178 178 178
-0.0760203452 -0.03 -0.000854753008 178 178 178
-0.09 0.0246775415 -0.00274216952 178 178 178
0.00744009015 -0.00131398404 0.0125 178 178 178
0.0698320039 -0.0294240966 -0.0125 178 178 178
-0.0751548158 -0.0135727479 0.0125 178 178 178
-0.00304810658 0.0105188386 -0.0125 178 178 178
0.0380096519 0.00290340966 -0.0125 178 178 178
0.09 0.0268129242 -0.00209262863 178 178 178
-0.0331694206 0.018 -0.0123212529 178 178 178
-0.0151984445 0.03 0.00597945228 178 178 178
0.0491371901 0.03 -0.0121356515 178 178 178
0.0280308102 -0.0158872944 0.0125 178 178 178
0.09 0.0067566794 -0.00718641611 178 178 178
-0.00999447727 0.0154639146 0.0165 178 178 178
0.0465219043 0.03 0.00812642284 178 178 178
0.0494330422 -0.0155 0.0125104927 178 178 178
0.09 -0.0236142983 0.002600002 178 178 178
0.0605580724 0.0225669634 -0.0125 178 178 178
0.0441452452 0.03 -0.00476292304 178 178 178
-0.0616290153 -0.03 0.0100972595 178 178 178
0.00797225722 0.019145111 -0.0125 178 178 178
-0.0287588263 0.03 -0.00446872574 178 178 178
0.0407489773 0.0129849775 0.0165 178 178 178
-0.0245811883 0.00784352065 -0.0125 178 178 178
0.09 -0.02196614 -0.00304045406 178 178 178
-0.0134186584 -0.00605427953 0.0165 178 178 178
-0.0654008629 -0.0164014579 0.0125 178 178 178
-0.0368725904 -0.0202784523 0.0125 178 178 178
-0.0709521829 0.009755068 0.0125 178 178 178
0.09 0.0129476231 0.0102084028 178 178 178
-0.09 0.00292200787 -0.00584395973 178 178 178
0.09 0.0124610444 0.00473659711 178 178 178
0.0880952818 0.0222050128 -0.0125 178 178 178
0.0452053621 -0.0005 0.0161385745 178 178 178
-0.0330189781 0.0161891026 -0.011 178 178 178
0.057881588 -0.0157595434 -0.0125 178 178 178
0.0481518477 0.00430599098 0.0125 178 178 178
0.0412704371 0.0157672249 -0.0125 178 178 178
0.0220315226 -0.00876291053 -0.014 178 178 178
0.0145512401 0.00240742986 -0.011 178 178 178
0.018093818 -0.0223037229 -0.0125 178 178 178
-0.0020595694 -0.020451011 0.0125 178 178 178
-0.051284957 -0.0146670222 -0.0125 178 178 178
-0.0876514436 -0.03 0.00268908243 178 178 178
-0.0274670509 0.0135878216 -0.011 178 178 178
0.0438171694 -0.016820843 -0.0125 178 178 178
-0.0291376963 -0.00570275485 -0.0125 178 178 178
0.00700716047 -0.03 0.0100582993 178 178 178
-0.0533473535 -0.03 -0.0118870415 178 178 178
-0.00831081004 0.012323706 0.0125 178 178 178
-0.0216257979 0.0184406712 0.0125 178 178 178
-0.0612157645 0.0147437052 -0.0125 178 178 178
0.00139801439 0.00854076056 0.0125 178 178 178
0.0891530068 0.0220488581 0.00375 178 178 178
-0.0224323253 -0.000239992654 0.0165 178 178 178
-0.0758908892 -0.0224311019 -0.0125 178 178 178
0.0507912555 0.00813182645 0.0125 178 178 178
0.00810738339 -0.0143912027 0.0125 178 178 178
0.0178888984 0.00214977843 0.0165 178 178 178
0.0418551775 0.00248659538 -0.0125 178 178 178
-0.024366646 -0.0104680388 -0.014 178 178 178
-0.0603135594 0.0294896583 -0.0125 178 178 178
-0.0846518909 -0.03 0.00807973798 178 178 178
0.0333948823 0.03 -0.00799834531 178 178 178
0.0646963815 -0.03 -0.00371287945 178 178 178
-0.0667994075 0.0138000308 -0.0125 178 178 178
0.0506026775 0.019729349 -0.0125 178 178 178
0.0646019782 -0.0130737934 0.0125 178 178 178
0.089221237 -0.00939041169 -0.0125 178 178 178
-0.0306013808 -0.00935440337 -0.0125 178 178 178
0.029950076 0.0298863982 -0.0125 178 178 178
-0.0103755366 -0.03 0.00476372899 178 178 178
-0.0833144861 -0.00310404034 0.0125 178 178 178
-0.00332939218 0.03 0.00278089436 178 178 178
0.018645842 0.00465906915 0.0125 178 178 178
0.0803214857 -0.0164255441 -0.0125 178 178 178
0.0403340757 -0.000875443108 0.0125 178 178 178
-0.00775 -0.000234608866 0.0135331834 178 178 178
0.0621905476 -0.026220374 0.0125 178 178 178
0.0327185461 0.0123318796 0.0125 178 178 178
-0.00930913431 -0.0005 0.0128431943 178 178 178
-0.0822852772 -0.0170675391 0.0125 178 178 178
0.0344044851 -0.0124140964 -0.011 178 178 178
-0.0144679169 0.0160168904 -0.011 178 178 178
-0.0736661756 -0.0261276442 0.0125 178 178 178
-0.0161258868 -0.00445048993 0.0165 178 178 178
-0.0272378532 -0.0108650078 0.0125 178 178 178
0.0402603424 0.0136567477 -0.0125 178 178 178
-0.0399569082 -0.0120808469 0.0125 178 178 178
0.0299982032 0.03 0.0110457633 178 178 178
-0.0127467938 -0.00257273054 -0.011 178 178 178
-0.00551065732 0.0190459541 -0.0125 178 178 178
-0.04231498 0.000699409073 0.0125 178 178 178
-0.041621556 -0.03 0.00166020785 178 178 178
-0.0208901768 -0.00221346043 -0.0125 178 178 178
-0.088 0.0228233571 0.00342511479 178 178 178
-0.052058148 -0.0154394908 0.0125 178 178 178
-0.0356304863 0.000246242453 -0.0125 178 178 178
0.0057271364 -0.00274345443 -0.011 178 178 178
0.0475758437 -0.0145912163 -0.0125 178 178 178
0.0193699678 0.0050601228 -0.0125 178 178 178
-0.0299319314 -0.0265797108 0.0125 178 178 178
0.00264837191 0.00918740154 -0.011 178 178 178
0.0631677317 -0.0175397957 -0.0125 178 178 178
0.0103631833 0.0122224845 -0.011 178 178 178
0.00210484844 0.03 0.00499265962 178 178 178
0.00971025689 -0.0124521187 -0.0125 178 178 178
0.09 -0.0239210007 -0.0105721632 178 178 178
-0.0626939032 -0.03 0.00574826694 178 178 178
0.09 0.0175684024 -0.000993968533 178 178 178
-0.0208110582 -0.00487163973 0.0165 178 178 178
-0.09 -0.021993138 0.0119848787 178 178 178
0.088 0.002715905 -0.00194820785 178 178 178
-0.0376547344 0.0241366735 -0.0125 178 178 178
0.0528149357 0.000895797137 0.0165 178 178 178
0.0160171949 0.0268996698 0.0125 178 178 178
0.0102235503 0.0148845941 0.0165 178 178 178
-0.00107699525 -0.00607853581 -0.011 178 178 178
0.088 -0.0208337353 0.00345081657 178 178 178
0.0243004629 0.00634740492 0.0125 178 178 178
-0.0571184314 -0.03 0.00810157673 178 178 178
0.00826449996 -0.018 -0.0110715077 178 178 178
0.0217275637 -0.018 -0.0136625588 178 178 178
0.0227508581 0.0158098629 0.0125 178 178 178
-0.0244363569 -0.00841724662 -0.011 178 178 178
0.00763519843 0.0163458932 0.0125 178 178 178
-0.0569793691 -0.000537885067 0.0125 178 178 178
-0.00836202802 0.0155 0.0149924089 178 178 178
-0.01965635 -0.03 0.00286751919 178 178 178
-0.0771095745 -0.03 0.0121646591 178 178 178
0.0247682067 0.0179172535 0.0125 178 178 178
-0.069901968 0.0210869348 0.0125 178 178 178
-0.0170196628 -0.00506099888 -0.0125 178 178 178
0.00929159942 0.00307133989 -0.0125 178 178 178
-0.0212416611 -0.0005 0.0162469217 178 178 178
0.09 -0.0091945999 -0.00887572129 178 178 178
-0.09 0.0263946866 0.011906937 178 178 178
0.0497102204 -0.0155 0.0125502109 178 178 178
0.0224023393 0.00684524418 0.0125 178 178 178
0.0391293538 -0.0165662512 0.0125 178 178 178
0.0298394168 -0.02375602 0.0125 178 178 178
0.0334716444 -0.00103680668 0.0125 178 178 178
0.0181682715 -0.015417591 0.0125 178 178 178
-0.0844132791 0.0202627103 0.0125 178 178 178
0.00461453774 -0.000383701833 0.0125 178 178 178
0.0165534703 0.03 -0.00999503134 178 178 178
-0.034051293 0.00955166169 -0.0125 178 178 178
-0.0365126232 -0.0140160802 -0.0125 178 178 178
-0.0445482037 -0.0087311678 0.0125 178 178 178
-0.014432958 0.0155 0.0153123659 178 178 178
0.0694131305 0.0124132788 0.0125 178 178 178
0.0305604366 0.03 -0.00609072795 178 178 178
0.0233967737 0.00698861286 -0.0125 178 178 178
0.0614461893 0.0230094476 0.0125 178 178 178
0.0441701957 0.03 0.00203993037 178 178 178
0.0746011778 -0.0187525761 0.0125 178 178 178
0.0198663925 0.0208547999 0.0125 178 178 178
0.0797902131 0.03 -0.00739354173 178 178 178
0.0676612846 0.03 0.0030177031 178 178 178
-0.0504149626 0.0225254562 -0.0125 178 178 178
-0.0440734319 -0.0155 0.0154025218 178 178 178
0.0576525968 0.018411933 -0.0125 178 178 178
-0.0880099981 0.027 0.00104692211 178 178 178
0.0482182797 0.0193043433 -0.0125 178 178 178
0.0430112289 0.000185944322 0.0125 178 178 178
0.0639940193 0.0251907395 -0.0125 178 178 178
0.0886881913 0.027 -0.00368946897 178 178 178
-0.0716301872 -0.0257574911 0.0125 178 178 178
0.010366954 0.03 0.000549788135 178 178 178
0.09 0.0146440054 0.000608523588 178 178 178
-0.0347795624 0.018 -0.0110786595 178 178 178
0.0502540167 -0.00713236703 -0.0125 178 178 178
0.00587545116 -0.03 -0.0102872217 178 178 178
-0.0175067214 0.03 0.0124149523 178 178 178
-0.0451287326 -0.0131321281 0.0165 178 178 178
-0.0837398174 -0.00136273085 0.0125 178 178 178
0.0438454134 0.0107054425 0.0125 178 178 178
0.0155812104 -0.0174265619 -0.0125 178 178 178
-0.0298778059 -0.0124124593 -0.0125 178 178 178
0.09 0.016062203 0.00860660655 178 178 178
0.059677411 0.00545320422 -0.0125 178 178 178
-0.0187833108 0.0291597139 -0.0125 178 178 178
-0.0234140696 -0.0088948596 0.0125 178 178 178
0.0817600381 0.0231345353 -0.0125 178 178 178
0.0707132413 0.0053525166 -0.0125 178 178 178
-0.0152123593 0.000110919849 -0.011 178 178 178
0.0149275156 0.0115379209 0.0125 178 178 178
0.019106152 0.0176289709 -0.0125 178 178 178
-0.03925 -0.00652078283 0.0133531901 178 178 178
-0.0309685483 -0.0165627668 -0.0125 178 178 178
0.0746858481 -0.0166160775 0.0125 178 178 178
-0.0880769006 -0.00508534959 0.00375 178 178 178
0.0160411033 -0.011148266 -0.011 178 178 178
-0.0290861643 0.03 -0.0108913932 178 178 178
0.0810500307 0.00582809535 -0.0125 178 178 178
0.0445707927 0.00723592197 0.0125 178 178 178
0.027263407 0.00590998276 -0.0125 178 178 178
0.0697344457 0.0293001207 -0.0125 178 178 178
0.0168759001 -0.0217929424 -0.0125 178 178 178
-0.067735059 0.0211405975 -0.0125 178 178 178
0.00293561128 0.03 -0.00752727389 178 178 178
0.0666329735 -0.0124758043 -0.0125 178 178 178
-0.0593387534 0.0220048742 -0.0125 178 178 178
0.0328024244 -0.0064472176 -0.011 178 178 178
-0.0751952183 0.0117734365 0.0125 178 178 178
-0.00516025595 -0.00828381697 0.0125 178 178 178
0.0530953978 0.0086629372 -0.0125 178 178 178
0.0421332976 -0.000235091178 0.0125 178 178 178
-0.09 0.0275186407 0.0014153743 178 178 178
0.09 -0.0255568735 -0.00895029829 178 178 178
0.0125796786 0.03 -0.0094143678 178 178 178
0.0838577635 -0.0111399911 -0.0125 178 178 178
-0.0759913357 -0.0256236427 0.0125 178 178 178
0.0725742829 0.03 -0.00669802725 178 178 178
0.0149136 0.018 -0.0139386992 178 178 178
0.0502843874 0.0146099685 0.0165 178 178 178
-0.0214425915 0.03 -0.000324542037 178 178 178
0.0596936709 -0.03 -0.00927186211 178 178 178
0.0612294738 0.00365285406 -0.0125 178 178 178
0.0127031979 -0.00116516205 -0.011 178 178 178
0.0640428516 -0.0162078175 -0.0125 178 178 178
0.0106026988 0.010748167 -0.0125 178 178 178
-0.09 -0.0141660486 -0.00154520432 178 178 178
0.0481125299 0.00517128415 0.0165 178 178 178
0.00845483878 -0.0005 0.01262593 178 178 178
0.031145008 -0.03 0.00675662378 178 178 178
-0.0678185729 0.000923638069 -0.0125 178 178 178
0.00442087429 -0.0144905217 -0.0125 178 178 178
0.0349953921 0.0144898114 -0.014 178 178 178
-0.088 -0.00548316537 -0.00227773924 178 178 178
-0.0324129952 -0.0290769743 0.0125 178 178 178
-0.0288700081 0.0105825015 -0.014 178 178 178
-0.00621246612 0.0140271055 0.0125 178 178 178
-0.0468115868 -0.0255906606 0.0125 178 178 178
0.0163236571 -0.03 -0.00917610552 178 178 178
0.050723592 0.00552011436 -0.0125 178 178 178
-0.00683450644 0.00173309436 0.0125 178 178 178
0.0279824676 0.0295831304 -0.0125 178 178 178
-0.0409484024 0.00469721154 0.0125 178 178 178
0.0378141987 -0.03 0.000868331517 178 178 178
-0.0340210893 0.0164459885 -0.014 178 178 178
-0.0250889047 -0.0173543831 -0.011 178 178 178
-0.00470596257 -0.014136386 0.0125 178 178 178
0.082164386 0.0043646 0.0125 178 178 178
-0.0324380625 0.00767680053 -0.011 178 178 178
-0.0157389011 -0.03 -0.0122450295 178 178 178
0.0459077919 0.000438624683 -0.0125 178 178 178
0.0638163863 0.019404337 -0.0125 178 178 178
0.09 0.0149471227 -0.00160715061 178 178 178
0.0701851917 0.03 -0.00714513047 178 178 178
-0.0555030518 -0.0213893806 -0.0125 178 178 178
0.024846099 -0.03 -0.0106971721 178 178 178
-0.067046751 -0.03 -0.0120056241 178 178 178
-0.0719412426 -0.0126020599 0.0125 178 178 178
0.00749983984 0.018 -0.0115951964 178 178 178
0.04 0.00583763045 -0.0138903265 178 178 178
-0.0640118291 -0.0124537647 -0.0125 178 178 178
-0.0566437568 0.0261714857 -0.0125 178 178 178
-0.0326518222 0.00642187197 0.0125 178 178 178
0.03518177 0.010165491 -0.014 178 178 178
-0.0504968339 0.03 0.0056812439 178 178 178
-0.0111417589 -0.0154844018 0.0125 178 178 178
0.0793695568 0.03 0.00377940797 178 178 178
-0.00677123902 0.0191851674 -0.0125 178 178 178
0.0421514894 -0.0005 0.0144739611 178 178 178
0.00132709083 -0.000806296294 -0.0125 178 178 178
-0.0552050263 -0.000534151457 0.0125 178 178 178
-0.0196858937 -0.00291763922 -0.0125 178 178 178
0.00331179763 -0.03 0.00303318755 178 178 178
-0.088 -0.0196004635 -0.000573197665 178 178 178
0.0134023652 -0.03 -0.010220409 178 178 178
0.0188933315 -0.0166006591 -0.0125 178 178 178
0.0426169258 0.0272104767 0.0125 178 178 178
0.00821003446 0.03 -0.00119219742 178 178 178
-0.00160202845 -0.0162162779 -0.0125 178 178 178
0.0794995479 0.00769919782 0.0125 178 178 178
0.00443314069 -0.0220677991 -0.0125 178 178 178
0.0134968234 -0.03 -0.00244484426 178 178 178
-0.0191481619 0.0263485594 0.0125 178 178 178
0.0120033886 -0.03 -0.00535899238 178 178 178
0.0897278358 -0.00154161345 0.0125 178 178 178
-0.0731241851 0.03 -0.00648607024 178 178 178
-0.0613142254 0.0252088117 -0.0125 178 178 178
-0.00199559797 -0.0173412351 -0.011 178 178 178
-0.0886235048 -0.00184130865 0.00375 178 178 178
-0.0499135089 -0.03 0.00918778849 178 178 178
0.00473736715 -0.03 0.0102311679 178 178 178
-0.0187144046 -0.000941058995 -0.014 178 178 178
-0.00830647014 -0.00917138482 0.0125 178 178 178
0.05525 -0.0128751515 0.0144740599 178 178 178
-0.0232272157 -0.0128429816 0.0125 178 178 178
-0.049654987 0.00988399191 0.0165 178 178 178
0.0376494204 0.00973546455 0.0125 178 178 178
0.012501822 0.03 0.00731423966 178 178 178
-0.0322486988 -0.00953016582 -0.011 178 178 178
-0.0110878767 -0.0298273527 -0.0125 178 178 178
0.0447245186 0.00100981067 0.0125 178 178 178
0.09 0.000271403876 0.000490607298 178 178 178
-0.0450352576 -0.00413830812 0.0125 178 178 178
-0.0787136925 0.0280567121 0.0125 178 178 178
0.0199832707 -0.00882170289 -0.0125 178 178 178
-0.0229158262 -0.023380672 0.0125 178 178 178
-0.0569445778 0.03 0.00515892126 178 178 178
0.0875448118 -0.00616728729 -0.0125 178 178 178
-0.09 0.0185628389 0.00978245561 178 178 178
-0.09 -0.00341136188 0.00228835984 178 178 178
0.0892298967 -0.0211013811 0.00375 178 178 178
0.0108045509 -0.000617413396 -0.011 178 178 178
0.03925 -0.00829465764 0.0143920692 178 178 178
0.0491370783 0.0238738907 -0.0125 178 178 178
-0.088 -0.0027355849 0.00297218858 178 178 178
0.0271887973 0.0119740496 -0.0125 178 178 178
-0.00482450515 0.0154225255 -0.014 178 178 178
-0.0277248652 0.0110731797 -0.014 178 178 178
-0.0590375236 0.03 -0.00766576601 178 178 178
0.00331869708 -0.03 -0.00822528349 178 178 178
-0.00250002285 -0.000510431107 -0.0125 178 178 178
-0.00410232064 -0.03 -0.00572076541 178 178 178
0.0819457692 0.013365665 0.0125 178 178 178
-0.0119343819 0.023673934 -0.0125 178 178 178
0.0547701671 0.0268976101 -0.0125 178 178 178
0.0412126244 -0.000987206016 0.0165 178 178 178
0.0282819689 0.0142982084 -0.011 178 178 178
-0.0758089532 0.00962073628 -0.0125 178 178 178
0.0674992037 -0.0248708866 -0.0125 178 178 178
-0.0165196242 -0.025780711 0.0125 178 178 178
0.0461441812 0.018587962 -0.0125 178 178 178
-0.065393554 -0.0175925348 -0.0125 178 178 178
-0.0858215368 0.03 0.0120684587 178 178 178
0.0687691222 0.0262673752 0.0125 178 178 178
-0.0558238201 -0.00563110364 0.0125 178 178 178
-0.0429667239 0.0226056695 -0.0125 178 178 178
-0.09 0.00916199782 0.0101887753 178 178 178
-0.05310833 -0.0281394887 0.0125 178 178 178
-0.0471838158 0.0151441902 0.0125 178 178 178
-0.0659320625 -0.03 0.00370379727 178 178 178
0.0229284075 0.0062270748 -0.011 178 178 178
0.079464724 -0.00914035916 0.0125 178 178 178
-0.0416457244 0.0055158133 0.0165 178 178 178
-0.00728735041 -0.0273188673 0.0125 178 178 178
0.0195830656 0.00487564548 -0.011 178 178 178
0.0185395292 0.014969761 0.0125 178 178 178
-0.0707905867 -0.03 -0.0123501358 178 178 178
-0.0326473717 -0.0049277145 -0.014 178 178 178
-0.09 0.0258626324 0.00248917495 178 178 178
-0.0140548049 -0.0261149744 -0.0125 178 178 178
-0.0100266709 -0.000774197242 -0.0125 178 178 178
0.09 0.0174020501 0.000358209954 178 178 178
0.086482576 0.0146498882 -0.0125 178 178 178
0.0318242994 0.00472413919 0.0125 178 178 178
-0.0896075675 -0.00308348728 0.00375 178 178 178
0.0670656363 -0.0276755135 -0.0125 178 178 178
-0.0424897628 0.0192204354 -0.0125 178 178 178
0.0415093648 0.0186337974 -0.0125 178 178 178
-0.0838358025 -0.028370453 -0.0125 178 178 178
0.0128578269 -0.03 0.0108173364 178 178 178
0.0762257419 0.03 -0.0024605863 178 178 178
-0.0135278474 -0.0223117758 0.0125 178 178 178
0.0385217559 -0.0150408482 -0.0125 178 178 178
0.0450879876 0.011757146 0.0125 178 178 178
0.0475094307 0.0005 0.0159769499 178 178 178
0.09 0.00247347746 -0.00264461932 178 178 178
0.0120103674 0.0283321302 -0.0125 178 178 178
0.09 0.00739471685 0.00731533316 178 178 178
-0.075378902 0.03 -0.00938735584 178 178 178
0.0155031627 0.0114398021 0.0125 178 178 178
-0.0307859831 -0.00839759017 -0.014 178 178 178
-0.0727183535 -0.0233972298 0.0125 178 178 178
0.0540286633 -0.03 0.00469541391 178 178 178
-0.0880969554 0.00916749531 -0.0125 178 178 178
0.09 0.00982106563 0.00334450135 178 178 178
0.0168852627 -0.0145792393 0.0165 178 178 178
-0.0223425711 -0.00874397384 0.0125 178 178 178
0.0338837154 -0.00481527812 0.0125 178 178 178
0.088 0.00545564204 3.57934792e-05 178 178 178
-0.0407732802 0.014617698 0.0165 178 178 178
-0.077512761 -0.00463344749 0.0125 178 178 178
0.0249847429 0.0290223607 0.0125 178 178 178
0.0225241694 0.014340234 0.0125 178 178 178
-0.0525789584 0.00716292342 -0.0125 178 178 178
-0.0682421038 0.03 0.00812669047 178 178 178
-0.0430572901 0.00355077026 0.0165 178 178 178
0.0328665385 -0.03 0.004105572 178 178 178
0.00301031524 0.0144398248 -0.014 178 178 178
0.0522091476 -0.03 0.0102869422 178 178 178
-0.065240657 -0.03 -0.00127762705 178 178 178
0.0813322552 -0.0282410275 0.0125 178 178 178
-0.0332461097 -0.0115517891 -0.011 178 178 178
-0.0766227655 -0.0263523612 0.0125 178 178 178
-0.09 -0.0117281338 -0.0113912819 178 178 178
-0.0746422538 0.00293633048 0.0125 178 178 178
-0.00910464029 0.00540469495 -0.011 178 178 178
0.04 0.00548917391 -0.011923683 178 178 178
0.0331823514 0.00862390222 -0.0125 178 178 178
0.088 -0.00158832825 0.00339605587 178 178 178
0.0534079356 0.03 0.0114556713 178 178 178
0.0159103686 -0.0123282615 -0.0125 178 178 178
0.00653283513 -0.03 -0.00300765594 178 178 178
0.0555662973 -0.0147479231 -0.0125 178 178 178
0.09 -0.0215142319 -0.00136394566 178 178 178
0.000924033564 0.00797004887 -0.0125 178 178 178
-0.0840863001 0.0208393999 0.0125 178 178 178
-0.0764224855 -0.0288718169 0.0125 178 178 178
0.087962801 0.03 0.00946340803 178 178 178
0.03925 0.00179368149 0.0139625063 178 178 178
-0.0217203235 0.00440296901 -0.011 178 178 178
-0.000389858472 -0.01954628 0.0125 178 178 178
0.09 0.0140925267 -0.00479448038 178 178 178
0.00787126751 -0.0143719666 -0.0125 178 178 178
0.0367956196 0.0243682681 0.0125 178 178 178
-0.0888791937 0.0144996328 0.00375 178 178 178
-0.0798773887 0.00322998087 -0.0125 178 178 178
-0.0101783422 0.0143535978 -0.014 178 178 178
-0.0503063198 0.03 -0.0100911263 178 178 178
-0.0246120945 -0.027037668 0.0125 178 178 178
0.010769058 0.00979491576 0.0125 178 178 178
0.0359657904 -0.00183737753 0.0125 178 178 178
0.0377582857 -3.58989857e-05 -0.011 178 178 178
0.0119291951 -0.0273157068 -0.0125 178 178 178
-0.0568749115 0.010182869 -0.0125 178 178 178
-0.00793673499 0.0050952538 0.0165 178 178 178
0.00616193111 -0.03 0.00382012101 178 178 178
0.0598843685 0.0245672922 -0.0125 178 178 178
-0.0339493122 -0.03 -0.0057156424 178 178 178
0.0229584755 -0.0166758556 0.0125 178 178 178
0.09 -0.0111661209 -0.00178188353 178 178 178
-0.00870671475 0.000609089531 0.0125 178 178 178
0.0176431126 0.0087617621 -0.014 178 178 178
-0.00585204354 -0.0208908892 -0.0125 178 178 178
0.0714487803 0.03 -0.00490983475 178 178 178
0.09 -0.0251757281 0.00111580309 178 178 178
-0.0845471809 -0.03 -0.0047377359 178 178 178
0.0100230586 -0.00435447614 0.0165 178 178 178
0.0636643216 -0.0292762919 -0.0125 178 178 178
-0.00201811653 0.00205643819 -0.014 178 178 178
0.0881128631 0.03 -0.00226886766 178 178 178
0.00810159242 -0.00436145669 -0.011 178 178 178
0.02375 0.00438270438 0.0141305019 178 178 178
-0.0151182941 0.0150698579 -0.014 178 178 178
-0.0341928772 -0.0187557897 -0.0125 178 178 178
-0.0479204432 0.0132724816 0.0125 178 178 178
-0.00549736965 0.00466729213 -0.0125 178 178 178
0.0636209341 0.0187360218 0.0125 178 178 178
0.0680477957 0.0129086752 0.0125 178 178 178
0.0273455419 0.03 -0.00331252657 178 178 178
-0.0665593205 0.03 -0.00845443175 178 178 178
0.00433828379 0.0170074911 -0.011 178 178 178
0.0455452159 -0.00229027846 -0.0125 178 178 178
-0.053166973 0.0181846754 -0.0125 178 178 178
-0.00597160061 0.00407798543 0.0125 178 178 178
0.0408640712 -0.0005 0.014170842 178 178 178
0.09 0.0115318502 0.00906946065 178 178 178
0.073043226 -0.03 -0.0045358331 178 178 178
0.0150144657 -0.0134804593 0.0125 178 178 178
0.0293743957 0.03 -0.00650193677 178 178 178
0.0168355985 -0.00049090915 0.0125 178 178 178
0.0524257986 -0.00401339106 -0.0125 178 178 178
0.0153456477 -0.03 0.00260517362 178 178 178
-0.0234855618 0.0173462871 -0.014 178 178 178
0.0633426239 0.03 0.00974122014 178 178 178
0.08229214 -0.0231192528 -0.0125 178 178 178
-0.0507318922 0.0164619394 0.0125 178 178 178
-0.0642781043 0.0221604969 0.0125 178 178 178
0.0650017151 0.03 0.0118796403 178 178 178
0.0651374686 0.03 -0.00778143355 178 178 178
0.020914931 0.018 -0.0117253142 178 178 178
-0.045969543 -0.00404743325 0.0125 178 178 178
-0.0394024916 0.0235014411 0.0125 178 178 178
0.00451967052 0.03 -0.000441881921 178 178 178
0.028893572 -0.00535532499 -0.011 178 178 178
-0.0539617718 -0.0155 0.0148069275 178 178 178
0.0229386858 -0.03 0.00767925629 178 178 178
0.052433845 0.00886420806 0.0165 178 178 178
-0.0119110828 -0.03 0.011332997 178 178 178
-0.09 -0.0125101382 0.00325509596 178 178 178
0.0291000219 -0.00973921256 0.0125 178 178 178
0.0134856182 0.0198042899 -0.0125 178 178 178
-0.0058338668 -0.0130700734 -0.014 178 178 178
-0.0336302642 -0.0141714854 0.0125 178 178 178
0.0276018201 0.0112069351 -0.014 178 178 178
0.0544521033 0.03 0.0113069736 178 178 178
0.0655359692 -0.03 0.00299473409 178 178 178
0.0393952198 -0.0123037797 -0.0125 178 178 178
0.0204454025 -0.0005 0.0152997823 178 178 178
0.0638003694 -0.0182559267 -0.0125 178 178 178
-0.09 -0.0104025959 0.00190904148 178 178 178
-0.0199402747 0.00369183267 -0.014 178 178 178
0.0760260424 -0.00434014508 0.0125 178 178 178
-0.0209417198 0.00646049682 -0.0125 178 178 178
0.0360497391 -0.00693154102 -0.011 178 178 178
0.0299966743 -0.03 0.00985234712 178 178 178
0.0277788446 0.0234309925 -0.0125 178 178 178
0.0743561553 -0.03 0.00485736749 178 178 178
0.0888091672 -0.00767197399 0.0125 178 178 178
-0.0163252579 0.0296951298 0.0125 178 178 178
-0.0374577622 0.03 -0.00949499658 178 178 178
-0.0395213244 0.00411231652 -0.011 178 178 178
0.0466697933 -0.00179988729 0.0165 178 178 178
0.0253500764 0.029029872 -0.0125 178 178 178
-0.059655493 -0.03 0.00734445247 178 178 178
-0.0649533864 -0.03 -0.00849200841 178 178 178
0.09 -0.0163969618 -0.00259688408 178 178 178
0.0326333384 0.00223565974 -0.0125 178 178 178
0.0697546978 -0.03 -0.00926218478 178 178 178
0.032911789 0.0159145938 -0.011 178 178 178
-0.0771744911 0.00674271674 0.0125 178 178 178
0.0394460704 0.00641508233 0.0125 178 178 178
0.09 0.0129758448 0.00390212147 178 178 178
-0.0346429469 -0.0174610686 0.0125 178 178 178
-0.0378352319 -0.0169256585 -0.011 178 178 178
0.040258071 -0.00205161568 -0.0125 178 178 178
0.0180299413 0.0126077443 -0.0125 178 178 178
0.0772755256 -0.0241131764 -0.0125 178 178 178
-0.0484301181 0.00461202764 0.0125 178 178 178
0.0761995555 -0.00912927558 0.0125 178 178 178
0.00166579097 0.000704277882 -0.011 178 178 178
0.0187470682 -0.00709163087 -0.011 178 178 178
-0.0272196511 0.0122703242 -0.011 178 178 178
-0.0213930803 -0.0138457165 0.0125 178 178 178
0.0851115425 -0.0241105233 -0.0125 178 178 178
0.0846489224 0.0287222111 0.0125 178 178 178
-0.09 -0.00270298913 0.0036366125 178 178 178
0.00804027398 -0.0147422969 0.0125 178 178 178
0.0543855821 -0.0201735898 -0.0125 178 178 178
-0.0421429323 -0.00730849301 0.0165 178 178 178
0.00855106562 0.0157693109 -0.011 178 178 178
-0.09 -0.00276144074 -0.00289736426 178 178 178
-0.054725528 0.00513483845 0.0125 178 178 178
0.014151502 0.0143886798 -0.014 178 178 178
0.000925397581 -0.013583208 -0.014 178 178 178
-0.0713539699 -0.0145821106 0.0125 178 178 178
-0.0354269376 -0.024390915 -0.0125 178 178 178
-0.0108983315 -0.00496793213 0.0125 178 178 178
-0.00716199268 0.0139214139 -0.0125 178 178 178
-0.0318565985 0.0218886557 0.0125 178 178 178
0.088 0.00261934857 0.00298799 178 178 178
0.09 -0.0268778403 -0.0119327069 178 178 178
0.0838596966 -0.03 0.00311657118 178 178 178
0.04 -0.01770474 -0.0111862693 178 178 178
0.0838712402 -0.0146632566 0.0125 178 178 178
0.088 -0.0203438317 0.00207120573 178 178 178
0.00955844612 -0.0147502496 -0.011 178 178 178
-0.0678605875 -0.000110390416 0.0125 178 178 178
0.0819407609 0.0126625563 0.0125 178 178 178
-0.0357794489 0.00889437471 -0.0125 178 178 178
0.0107056899 0.00714610507 -0.011 178 178 178
0.00318127676 0.0201437397 -0.0125 178 178 178
0.059345934 -0.00608091987 -0.0125 178 178 178
0.0266179823 -0.000455197062 -0.011 178 178 178
0.0740643762 0.03 0.00724204459 178 178 178
-0.09 0.0176648316 0.00532960216 178 178 178
-0.00973720815 -0.0143334792 0.0165 178 178 178
0.0232414263 0.00546012885 -0.0125 178 178 178
0.00219829647 -0.0221631631 -0.0125 178 178 178
0.0816214968 -0.03 -0.0105956101 178 178 178
0.0755593999 -0.0291276734 -0.0125 178 178 178
0.0625175239 -0.03 -0.00653998107 178 178 178
-0.0235816528 -0.00893689734 0.0165 178 178 178
0.0515385509 0.03 -0.00943403001 178 178 178
0.0186447293 0.03 0.0115110261 178 178 178
0.0847869486 -0.00465897155 -0.0125 178 178 178
0.00394673703 -0.0281578087 0.0125 178 178 178
0.0234708873 0.00050083869 -0.011 178 178 178
-0.0660434467 -0.0218674993 -0.0125 178 178 178
0.0229376511 -0.03 0.00145503986 178 178 178
0.0610272059 0.00771988256 -0.0125 178 178 178
-0.0338229056 0.00363112213 -0.011 178 178 178
0.0622176717 0.0239038332 -0.0125 178 178 178
-0.0564032802 0.0273242443 0.0125 178 178 178
0.09 -0.00826927523 -0.00323960358 178 178 178
-0.041977048 0.00687143719 0.0165 178 178 178
-0.0327349151 0.00407492665 -0.011 178 178 178
-0.0193503642 -0.00881850848 0.0165 178 178 178
-0.0498270224 0.00545802934 0.0125 178 178 178
0.0349429965 -0.00697700114 -0.0125 178 178 178
-0.03925 -0.000416463523 0.0162860623 178 178 178
-0.088 -0.00602851799 0.00281154424 178 178 178
-0.07704644 -0.027690414 -0.0125 178 178 178
0.00775 -0.00330123967 0.0125015986 178 178 178
-0.0012897614 0.0298153768 -0.0125 178 178 178
-0.029184534 -0.03 0.00615181627 178 178 178
0.0506058918 -0.03 -0.00958263289 178 178 178
-0.0124261075 0.03 0.00234843841 178 178 178
0.09 0.0222390558 -0.00183158237 178 178 178
-0.09 -0.0147805325 -0.000655968751 178 178 178
-0.0342070329 0.0161881809 0.0125 178 178 178
-0.0473287596 0.00749222604 0.0125 178 178 178
-0.0519645284 -0.03 0.00953276691 178 178 178
-0.0252818326 -0.0022330087 0.0125 178 178 178
-0.0573958632 -0.0077710864 0.0125 178 178 178
0.0291587374 -0.03 0.00682257264 178 178 178
0.0742173969 -0.0119417645 0.0125 178 178 178
0.00744571366 -0.01590651 0.0125 178 178 178
-0.0707902468 0.00297831037 -0.0125 178 178 178
-0.055366654 -0.00681074883 0.0125 178 178 178
0.0497956621 -0.0144934754 0.0125 178 178 178
0.0302350012 -0.00252077126 -0.014 178 178 178
-0.0116452423 -0.0135017526 -0.014 178 178 178
0.0107364372 0.0138931779 0.0125 178 178 178
-0.0422386218 0.03 0.00455981834 178 178 178
-0.0138612776 -0.0177315661 -0.011 178 178 178
0.0359408349 0.0136926512 0.0125 178 178 178
0.09 -0.00402092964 0.000535481625 178 178 178
-0.0524495081 -0.00322588107 0.0125 178 178 178
-0.0886952384 0.03 0.0011507448 178 178 178
-0.0882419225 -0.0107691776 0.00375 178 178 178
-0.0329610511 0.00516159068 -0.0125 178 178 178
-0.09 0.0154731052 0.000841062421 178 178 178
-0.09 -0.000506405318 0.00340652207 178 178 178
0.0395045338 -0.013359912 0.0125 178 178 178
-0.0775303539 0.03 -0.000882657575 178 178 178
-0.0342473858 -0.000392390006 -0.014 178 178 178
0.0255484999 -0.00271677259 0.0125 178 178 178
-0.03925 -0.00239127985 0.0163126923 178 178 178
0.0872380606 -0.0284203211 0.0125 178 178 178
0.0821589379 -0.03 -0.00461962139 178 178 178
-0.09 -0.00846619083 -0.0119044116 178 178 178
-0.0474660195 0.0217575783 -0.0125 178 178 178
0.0757994147 0.0083241742 -0.0125 178 178 178
0.0463558314 -0.0121384689 0.0125 178 178 178
0.0550038342 0.000442748864 0.0125 178 178 178
-0.09 0.0276063477 -0.00453873185 178 178 178
0.0559796637 -0.0216202939 0.0125 178 178 178
0.00199598734 0.03 -0.00249696597 178 178 178
-0.00653704634 -0.0109045841 -0.0125 178 178 178
0.023314763 0.03 -0.00472101817 178 178 178
-0.0419401679 0.03 0.0117655913 178 178 178
0.0283876794 0.03 -0.00354613393 178 178 178
0.01630149 0.0273144447 0.0125 178 178 178
-0.016727333 -0.00652561379 0.0125 178 178 178
-0.048430725 0.0155 0.0131035774 178 178 178
-0.0506114957 -0.03 -0.00100342503 178 178 178
-0.00784681215 0.013268698 0.0125 178 178 178
-0.0818273938 -0.0117105212 0.0125 178 178 178
0.077038762 -0.0143726581 -0.0125 178 178 178
0.09 0.000231199878 0.00120339979 178 178 178
-0.0856537172 0.03 -0.00852900008 178 178 178
0.0229996772 0.0131839042 -0.011 178 178 178
0.0010922767 -0.00913583668 -0.011 178 178 178
0.0385372227 -0.00110616231 -0.0125 178 178 178
0.02375 -0.00907769284 0.0126077948 178 178 178
0.0248603003 -0.0169801528 0.0125 178 178 178
-0.0526551362 -0.0152731853 0.0125 178 178 178
-0.0669906354 0.019535551 0.0125 178 178 178
0.0486492327 0.0160946897 0.0125 178 178 178
-0.0795492238 -0.03 0.000533945357 178 178 178
-0.06924267 -0.03 -0.00969549981 178 178 178
-0.09 -0.0281420264 0.00240376113 178 178 178
0.0263855517 0.03 -0.00911294895 178 178 178
-0.09 0.000420841343 0.00181191682 178 178 178
-0.0782777396 -0.0204388673 0.0125 178 178 178
-0.09 0.0240251608 0.00297703648 178 178 178
0.0136920053 0.00802722977 0.0125 178 178 178
-0.0305534063 0.03 0.00576039176 178 178 178
0.0100934177 -0.03 0.00172276598 178 178 178
0.09 -1.47169376e-05 -0.00030019763 178 178 178
0.0695601908 0.00142402308 -0.0125 178 178 178
0.00506404187 -0.03 -0.00762178902 178 178 178
-0.0416931508 0.00457468708 -0.0125 178 178 178
-0.0663029538 0.0120464407 0.0125 178 178 178
0.00418855626 -0.00109297583 -0.0125 178 178 178
-0.0634311595 0.03 -0.00262595081 178 178 178
-0.0168150595 -0.00795425637 -0.011 178 178 178
-0.0545733489 0.00410732277 0.0125 178 178 178
0.026774468 -0.00168889751 -0.0125 178 178 178
-0.00143798963 0.03 -0.00237612059 178 178 178
-0.053125975 0.0249869121 -0.0125 178 178 178
0.00760507746 -0.00107633744 -0.011 178 178 178
-0.023770636 0.0089145396 -0.0125 178 178 178
-0.0539623038 0.0110816221 0.0125 178 178 178
0.0740048865 -0.03 0.00737008372 178 178 178
-0.0802230078 -0.00194083323 -0.0125 178 178 178
0.073868758 0.00602176827 0.0125 178 178 178
0.0852921134 -0.0154777921 0.0125 178 178 178
-0.0469974204 0.00685504735 0.0125 178 178 178
0.09 -0.0207164127 -0.000664120087 178 178 178
-0.0891104717 0.023286499 0.0125 178 178 178
0.00775 0.0065506622 0.0135622771 178 178 178
-0.0243724302 -0.00138682415 -0.0125 178 178 178
0.0460505717 0.03 -0.00551512894 178 178 178
-0.0667623797 0.0170067631 0.0125 178 178 178
0.0842321921 -0.013817321 0.0125 178 178 178
0.03925 0.0151143374 0.0162550323 178 178 178
-0.0148006564 0.0117772379 0.0125 178 178 178
0.00574945302 0.00973649725 -0.0125 178 178 178
0.0878618695 -0.0212321709 0.0125 178 178 178
0.05525 0.0125016592 0.0138030012 178 178 178
0.088 -0.00783227011 0.00358386914 178 178 178
0.0777085126 0.03 0.00823982263 178 178 178
0.00616941691 0.0120505435 -0.014 178 178 178
0.09 0.0133516832 0.00252970774 178 178 178
-0.0112281845 0.0005 0.0139180161 178 178 178
-0.000471594296 0.03 -0.00945455674 178 178 178
-0.0669962761 -0.0146098766 -0.0125 178 178 178
-0.0543158492 0.0279399291 0.0125 178 178 178
-0.089505842 0.03 -0.0103549393 178 178 178
-0.0235790023 0.0100028715 -0.011 178 178 178
-0.0189074669 -0.0103312027 0.0125 178 178 178
-0.0488099866 -0.00884119359 0.0125 178 178 178
0.030228706 -0.026542255 -0.0125 178 178 178
-0.0452476283 -0.00785215019 0.0125 178 178 178
-0.0333053272 -0.0034601161 0.0125 178 178 178
0.0440291875 -0.0125522454 0.0165 178 178 178
0.0548288413 -0.00659097683 0.0125 178 178 178
-0.0702200879 0.03 -0.00108309781 178 178 178
-0.09 0.0288745778 -0.00622078283 178 178 178
-0.0820266922 -0.03 0.00140849534 178 178 178
-0.0261073601 0.00288674062 -0.0125 178 178 178
-0.0891342854 0.014179837 0.0125 178 178 178
-0.0113098147 0.0018082152 0.0125 178 178 178
-0.0168355549 0.0084413977 -0.0125 178 178 178
0.0775009478 0.00501894301 -0.0125 178 178 178
-0.0319775338 -0.03 0.00312830099 178 178 178
0.00914110918 -0.00269154367 0.0125 178 178 178
0.0498891481 -0.00148995161 0.0165 178 178 178
0.0509128136 0.0141810933 0.0165 178 178 178
0.0349356445 -0.018 -0.0130524008 178 178 178
-0.00708483818 -0.00781044012 -0.014 178 178 178
0.0101161608 0.03 -0.00421706982 178 178 178
-0.0702051031 0.0108089717 -0.0125 178 178 178
0.0386920148 0.00271899171 -0.014 178 178 178
-0.0111479425 -0.0132635432 0.0125 178 178 178
-0.0197625484 0.0121325063 0.0125 178 178 178
-0.0461051371 -0.00976252539 0.0125 178 178 178
0.0396187155 0.00237471747 -0.014 178 178 178
-0.0130816097 -0.01643626 0.0125 178 178 178
-0.09 -0.00440985821 0.00619638288 178 178 178
0.0578739426 -0.03 -0.00695483265 178 178 178
0.00542638201 0.0239995701 0.0125 178 178 178
0.0723464878 0.0204860703 0.0125 178 178 178
-0.00405060721 0.00730240426 -0.0125 178 178 178
0.00172514255 -0.03 0.000514405493 178 178 178
-0.0182900973 0.0293897941 0.0125 178 178 178
-0.00528354395 0.0146157259 0.0125 178 178 178
0.00248898308 -0.0154838452 -0.014 178 178 178
-0.09 0.0076878147 -0.00851508646 178 178 178
-0.09 -0.023772437 -0.0037341081 178 178 178
0.09 0.0109081184 0.00315863357 178 178 178
-0.0857772089 0.0152909144 -0.0125 178 178 178
0.0215407226 -0.03 -0.0040727429 178 178 178
0.0562013907 -0.0147618511 -0.0125 178 178 178
-0.0615314296 0.0294002008 0.0125 178 178 178
0.0196631006 0.018 -0.0117185771 178 178 178
0.0696938327 -0.00639556468 -0.0125 178 178 178
-0.0227768622 0.0155 0.0126343856 178 178 178
-0.00598345135 0.0133190396 -0.014 178 178 178
0.0355560742 -0.03 -0.00683322658 178 178 178
0.0460063994 -0.0136998143 0.0165 178 178 178
-0.0879474224 0.0200756101 0.0125 178 178 178
-0.0517655392 0.0247118405 0.0125 178 178 178
0.0866257122 -0.03 -0.00122299993 178 178 178
-0.0237850283 -0.00658629007 -0.0125 178 178 178
-0.0293119768 -0.0128184327 0.0125 178 178 178
0.0535761086 -0.0181582464 0.0125 178 178 178
0.09 0.0221104846 -0.00152696476 178 178 178
-0.0402532872 -0.0157153804 0.0125 178 178 178
0.0510483375 0.0114698887 0.0125 178 178 178
-0.00518144698 0.000580313392 -0.011 178 178 178
0.00492872585 0.0299762887 -0.0125 178 178 178
-0.09 0.00546197807 -0.00066661382 178 178 178
-0.033569309 -0.00769381286 -0.014 178 178 178
-0.0692451228 0.03 -0.00517900115 178 178 178
0.00814268297 0.00290247479 0.0125 178 178 178
0.0144695443 0.0088432142 -0.0125 178 178 178
-0.0249645683 -0.0133397052 -0.0125 178 178 178
0.0135394779 -0.0141190321 -0.0125 178 178 178
-0.0736951699 -0.00809363712 0.0125 178 178 178
-0.0444907901 0.000438066692 0.0125 178 178 178
-0.0387545697 0.00938654192 -0.011 178 178 178
0.00841971509 -0.03 -0.000533374568 178 178 178
0.09 0.0171174783 0.00171073405 178 178 178
-0.0447355122 0.0146884599 0.0165 178 178 178
-0.0501447187 0.0155530666 -0.0125 178 178 178
0.09 -0.0275231552 -0.00826623975 178 178 178
0.0321708551 0.0287816883 -0.0125 178 178 178
-0.00994065629 -0.00938148401 -0.0125 178 178 178
-0.021754503 -0.018 -0.0122349573 178 178 178
-0.0444754848 0.0135367017 0.0125 178 178 178
-0.0822892756 0.01719876 -0.0125 178 178 178
0.0152778124 -0.0108984406 -0.0125 178 178 178
-0.0294619036 0.03 -0.00483773679 178 178 178
-0.00298917968 -0.03 0.00729301862 178 178 178
0.0316999918 -0.02832777 -0.0125 178 178 178
-0.0501313967 0.00801713744 0.0125 178 178 178
0.0253604179 -0.0218728279 0.0125 178 178 178
0.0176746576 0.0029614092 0.0165 178 178 178
-0.00343310163 -0.03 0.00100820941 178 178 178
0.0495078975 -0.03 0.000860205257 178 178 178
-0.0287317455 -0.03 0.00539308189 178 178 178
-0.09 0.0209652066 0.00353762002 178 178 178
0.09 0.0184828742 0.00139560105 178 178 178
0.0536726979 -0.0023905524 0.0165 178 178 178
0.0549917864 -0.0203886824 -0.0125 178 178 178
0.0151399783 -0.03 -0.000290317903 178 178 178
0.0842053345 0.00257516106 0.0125 178 178 178
-0.0318920418 -0.0220388504 -0.0125 178 178 178
-0.0518881722 0.023851131 -0.0125 178 178 178
0.0268304888 -0.0213624381 0.0125 178 178 178
-0.088681234 0.00701279142 0.00375 178 178 178
-0.00905794386 0.00914758999 0.0125 178 178 178
-0.00557287156 0.0111421567 -0.014 178 178 178
-0.0443602427 0.000289605539 0.0125 178 178 178
0.0786650838 -0.00208846581 0.0125 178 178 178
-0.0512716379 -0.00954102089 0.0125 178 178 178
0.0319208848 0.0125600347 0.0125 178 178 178
0.0677039254 -0.0203581074 0.0125 178 178 178
-0.0865563906 -0.0127602838 0.0125 178 178 178
0.02375 -0.00795731582 0.0154461258 178 178 178
0.0893505926 -0.0245652948 -0.0125 178 178 178
-0.00200154878 -0.0189158744 0.0125 178 178 178
-0.0377554411 -0.03 -0.00395626745 178 178 178
-0.09 0.00743124438 0.000949479925 178 178 178
-0.0156245125 0.03 0.000417664776 178 178 178
-0.0428743093 0.0155 0.0146383158 178 178 178
0.0283201739 -0.0223041806 -0.0125 178 178 178
-0.0342413132 0.0247747427 -0.0125 178 178 178
0.0394727827 -0.017508858 0.0125 178 178 178
0.0481735039 -0.0178816011 0.0125 178 178 178
-0.00775 0.00138279293 0.0138208239 178 178 178
0.088 0.0187801862 -0.0018407409 178 178 178
-0.09 -0.0285114366 0.00680570302 178 178 178
0.0160466684 0.00286964792 -0.0125 178 178 178
0.0851957282 -0.0263965228 0.0125 178 178 178
0.05525 -0.0152186074 0.0148173354 178 178 178
-0.00393255779 0.0107904625 -0.011 178 178 178
-0.0151185163 0.03 0.00783358996 178 178 178
-0.0775295831 -0.0120009008 0.0125 178 178 178
-0.0884139077 -0.0140195106 0.0125 178 178 178
-0.0296321173 0.03 0.0040805995 178 178 178
-0.0316332414 -0.00515636944 -0.014 178 178 178
-0.0888006792 0.00263412421 0.0125 178 178 178
-0.0411189665 -0.00344667288 -0.0125 178 178 178
0.010694044 -0.00320041654 -0.0125 178 178 178
0.0251512868 0.0105138498 -0.0125 178 178 178
0.00463769445 -0.00380388756 -0.014 178 178 178
-0.0142510497 0.03 -0.00426353061 178 178 178
0.09 0.0106442106 -0.000558456995 178 178 178
0.0587293288 -0.00600592677 -0.0125 178 178 178
-0.0770166422 -0.0177036067 0.0125 178 178 178
0.0414588892 0.000480060837 0.0125 178 178 178
-0.0281444081 0.03 -0.0070847482 178 178 178
0.0829339313 -0.00765231968 -0.0125 178 178 178
-0.0881572657 -0.0248937157 0.0125 178 178 178
0.0468425719 0.03 -0.00952859277 178 178 178
-0.09 0.0111079333 -0.012492265 178 178 178
0.0633264459 -0.03 0.0113843549 178 178 178
0.0176918184 0.00851337513 -0.0125 178 178 178
-0.09 0.0226795766 0.000692684454 178 178 178
-0.0195484426 -0.03 0.00833609301 178 178 178
-0.0505087042 0.00231868428 0.0165 178 178 178
0.018254715 -0.03 0.000852302652 178 178 178
0.013631114 -0.0235650576 -0.0125 178 178 178
0.0311585721 -0.0112164689 0.0125 178 178 178
0.0662804843 0.00755959823 -0.0125 178 178 178
-0.0752353725 -0.0126501216 -0.0125 178 178 178
-0.0331770962 0.0277485172 -0.0125 178 178 178
-0.00627633795 0.0114216333 0.0125 178 178 178
0.018864403 0.00597693852 0.0125 178 178 178
-0.0572073806 0.0201170207 0.0125 178 178 178
0.0420820624 0.00791332714 0.0165 178 178 178
0.0619344328 -0.0170227056 -0.0125 178 178 178
0.0260876848 -0.0149778098 -0.0125 178 178 178
0.0503138184 0.00391871203 0.0125 178 178 178
-0.0117242416 -0.03 -0.00532205543 178 178 178
-0.0891562669 -0.00295439573 0.0125 178 178 178
0.0770603783 -0.0224874018 0.0125 178 178 178
0.09 0.013583798 0.00647898068 178 178 178
-0.0450472364 0.00898978199 -0.0125 178 178 178
0.0112148824 0.0136915878 -0.014 178 178 178
0.0364033555 -0.00251710596 -0.014 178 178 178
-0.0182573611 -0.027899747 0.0125 178 178 178
0.0898198885 0.0059443013 -0.0125 178 178 178
-0.0304862469 -0.0167020308 -0.011 178 178 178
0.0510405959 -0.0158970264 0.0125 178 178 178
-0.00242344181 0.03 -0.0122540529 178 178 178
-0.0261430331 7.66361484e-05 -0.014 178 178 178
0.0505030629 -0.00546423002 0.0165 178 178 178
-0.00924890244 0.00998346583 -0.014 178 178 178
0.0197154596 -0.03 0.0040237618 178 178 178
0.0275977397 -0.0140606752 -0.014 178 178 178
-0.0810346666 -0.03 0.0118707001 178 178 178
-0.0160305771 -0.00658576427 0.0125 178 178 178
-0.0838639413 -0.03 -0.000314315503 178 178 178
-0.067000392 0.0168447523 0.0125 178 178 178
0.0156509694 -0.00525175925 0.0165 178 178 178
0.00492742741 -0.00587993163 -0.014 178 178 178
-0.0556996194 0.0126167997 -0.0125 178 178 178
-0.023368296 0.0200860117 -0.0125 178 178 178
-0.0292746714 0.0271944767 0.0125 178 178 178
0.0473268502 -0.03 0.0117496044 178 178 178
-0.0898105623 -0.0187005539 -0.00375 178 178 178
-0.0230510974 0.00319447558 -0.011 178 178 178
-0.09 0.0237677754 0.000372513762 178 178 178
-0.0102687136 -0.00632870627 0.0125 178 178 178
-0.09 0.0109268642 -0.00205689985 178 178 178
0.0857410652 -0.00462022929 0.0125 178 178 178
-0.0355684222 -0.000159873233 0.0125 178 178 178
0.0586654123 -0.0160742433 -0.0125 178 178 178
0.0266707282 -0.000203108881 -0.014 178 178 178
0.081526245 -0.021044545 0.0125 178 178 178
0.0569466615 -0.00848255693 -0.0125 178 178 178
0.0884757166 -0.0152252177 0.0125 178 178 178
-0.0460084872 -0.0227862675 0.0125 178 178 178
-0.03925 0.00259670935 0.012877147 178 178 178
-0.0103880551 -0.0138643832 -0.0125 178 178 178
0.0465230668 0.00913790112 0.0125 178 178 178
0.0120869051 0.000392968106 -0.011 178 178 178
-0.0210522858 -0.00765905412 -0.014 178 178 178
0.00909822716 0.03 -0.00727619958 178 178 178
0.09 0.0156649941 -0.00620507286 178 178 178
-0.0566007348 0.00806451776 -0.0125 178 178 178
0.015331084 0.0134549706 -0.014 178 178 178
0.0186835691 -0.011851164 0.0125 178 178 178
0.0786377152 -0.03 0.00750652655 178 178 178
-0.0357358784 0.0222639401 -0.0125 178 178 178
-0.0166570099 0.0121899203 -0.0125 178 178 178
-0.0606136999 0.00589918598 0.0125 178 178 178
-0.00676260803 -0.00849511153 0.0125 178 178 178
0.00727942437 0.000775310418 -0.0125 178 178 178
-0.0383249277 0.00575303991 0.0125 178 178 178
0.0172244893 -0.03 0.00252573423 178 178 178
-0.0138416298 -0.0127687203 0.0125 178 178 178
-0.0633019756 0.0112742186 0.0125 178 178 178
-0.0298054692 -0.024299591 0.0125 178 178 178
0.0630145871 0.0259185313 0.0125 178 178 178
-0.0435336201 0.03 0.00300802577 178 178 178
-0.0344928907 -0.03 -0.0114357853 178 178 178
-0.0474794069 0.00435339254 -0.0125 178 178 178
0.0400239652 -0.00741664368 0.0125 178 178 178
-0.0188703781 -0.03 -0.0119687133 178 178 178
-0.0367360503 -0.03 0.00483203742 178 178 178
-0.0484003573 0.00594617639 0.0125 178 178 178
-0.0226258005 0.00573123938 0.0165 178 178 178
0.0270420784 -0.0046093209 -0.014 178 178 178
0.0450884404 0.00998676679 0.0125 178 178 178
-0.09 0.0179424832 0.00799475705 178 178 178
-0.0499417791 0.0104687351 0.0165 178 178 178
-0.0583937578 0.0125949354 -0.0125 178 178 178
-0.0472980371 -0.00658163234 0.0125 178 178 178
0.0275276473 -0.00966725029 0.0125 178 178 178
0.0348243166 -0.0102576256 0.0125 178 178 178
-0.00537135357 0.00510907561 -0.0125 178 178 178
0.0150524184 0.0245377378 0.0125 178 178 178
-0.000672688611 -0.0224740447 -0.0125 178 178 178
0.00546890501 0.03 -0.00746170238 178 178 178
-0.0197293503 0.008887652 0.0125 178 178 178
0.0219276819 0.0101163077 0.0125 178 178 178
-0.079204352 0.0252380509 -0.0125 178 178 178
-0.0453021335 0.03 -0.0111111532 178 178 178
0.0080457264 -0.00714438154 -0.014 178 178 178
0.0549876956 -0.0172997683 -0.0125 178 178 178
0.0340007032 0.0245462863 -0.0125 178 178 178
-0.00128952342 -0.0236871122 0.0125 178 178 178
0.0218047181 -0.03 0.00792588138 178 178 178
-0.0587666145 0.0205523903 -0.0125 178 178 178
0.0224457274 -0.03 -0.00989939364 178 178 178
-0.0512987043 -0.00716739145 0.0125 178 178 178
-0.0502894464 0.03 -0.0105026901 178 178 178
-0.0074804138 -0.03 -0.00857069044 178 178 178
-0.09 -0.00639846775 -0.00690950466 178 178 178
0.0428269105 -0.0227845672 0.0125 178 178 178
-0.0395512348 -0.0155 0.0138654747 178 178 178
-0.017625466 -0.0140782605 0.0165 178 178 178
-0.05121124 0.00384344602 0.0165 178 178 178
0.0421329358 -0.0125838366 -0.0125 178 178 178
0.0376900878 -0.018 -0.013274805 178 178 178
0.078451045 0.03 -0.00712644141 178 178 178
0.0542380533 -0.00530975798 0.0125 178 178 178
-0.0640275286 -0.0200893162 0.0125 178 178 178
0.0436187386 -0.03 -0.0120095726 178 178 178
-0.0278637509 -0.03 -0.0120475357 178 178 178
0.0561353384 -0.0181938745 0.0125 178 178 178
0.0181477639 -0.0245340096 0.0125 178 178 178
0.038811486 0.0185432971 0.0125 178 178 178
0.0158809091 0.00267172078 0.0165 178 178 178
-0.0780026448 -0.0135776866 0.0125 178 178 178
-0.0132339675 -0.0295465783 -0.0125 178 178 178
-0.0182948547 -0.03 0.000584235277 178 178 178
-0.0724862523 -0.00564504666 -0.0125 178 178 178
-0.00981730419 -0.0104612832 -0.0125 178 178 178
-0.088 -0.0128350408 -0.00142678182 178 178 178
0.0290781133 -0.0164209051 0.0125 178 178 178
0.0735228907 -0.03 -0.006105071 178 178 178
-0.0224918684 0.0123257364 0.0125 178 178 178
0.0422122458 -0.000976677008 -0.0125 178 178 178
0.0274152367 0.00553207301 -0.011 178 178 178
-0.000523064255 0.0152569473 -0.011 178 178 178
-0.0388857113 0.0158794677 -0.0125 178 178 178
-0.0703572499 -0.0184865404 0.0125 178 178 178
-0.0586298984 0.0106591584 0.0125 178 178 178
-0.0617636177 -0.0192217178 -0.0125 178 178 178
-0.049993186 0.03 -0.00578212212 178 178 178
0.0118307106 0.00312133434 0.0165 178 178 178
0.0195032941 -0.00616505164 0.0125 178 178 178
-0.09 0.0257700827 -0.00282008707 178 178 178
0.076490184 0.0128414217 -0.0125 178 178 178
-0.0347255946 -0.0181285295 0.0125 178 178 178
0.056168503 -0.03 -0.0104967179 178 178 178
-0.0418270852 -0.00510568317 0.0165 178 178 178
-0.0751171192 0.00147499543 0.0125 178 178 178
0.00355907985 -0.03 0.00674794993 178 178 178
0.00595082257 -0.00200250559 -0.014 178 178 178
0.00159703125 -0.0193294757 -0.0125 178 178 178
0.00172127946 -0.0138569106 0.0125 178 178 178
-0.067341473 -0.027445683 0.0125 178 178 178
0.088 0.013923544 0.00240245068 178 178 178
-0.0417564602 -0.020174465 0.0125 178 178 178
-0.0101054351 -0.0149243344 -0.0125 178 178 178
-0.0739232081 -0.0123077926 0.0125 178 178 178
-0.0714269617 0.03 0.00664749245 178 178 178
-0.0780291786 0.0136593491 -0.0125 178 178 178
0.0146907679 -0.0149818411 -0.014 178 178 178
-0.0882003903 0.0158252893 -0.0125 178 178 178
-0.0431019182 -0.00111536824 0.0165 178 178 178
-0.0113515265 0.0173994511 -0.0125 178 178 178
-0.032015003 0.00779160173 -0.014 178 178 178
0.00425459239 0.00357675521 -0.0125 178 178 178
-0.0187187625 -0.0039983769 0.0125 178 178 178
0.0394878673 -0.0053531826 -0.014 178 178 178
0.0458821613 0.00167140301 0.0125 178 178 178
0.0343426002 0.00708763595 -0.0125 178 178 178
0.0835130645 0.03 0.011062303 178 178 178
-0.0479649738 -0.03 -0.0116945703 178 178 178
-0.0864361257 -0.03 -0.00621142281 178 178 178
0.0219655188 0.00408537392 0.0165 178 178 178
-0.0400946357 -0.03 0.0117660676 178 178 178
-0.0493941348 -0.03 -0.00983192235 178 178 178
-0.0641688133 -0.03 -0.00862267989 178 178 178
-0.0758230805 -0.03 -0.0100307288 178 178 178
-0.0764419602 0.0155750372 0.0125 178 178 178
-0.0435788893 -0.00772925262 -0.0125 178 178 178
0.0448608326 -0.0069848728 0.0125 178 178 178
0.0566524142 -0.016156975 0.0125 178 178 178
-0.067556297 -0.0225606535 0.0125 178 178 178
0.022674802 0.0015308301 0.0165 178 178 178
-0.0756923846 0.000153960605 -0.0125 178 178 178
-0.0841319003 0.0146578849 -0.0125 178 178 178
0.0170504415 -0.03 -0.000642152623 178 178 178
0.015460185 -0.00234239953 0.0125 178 178 178
0.0243185479 -0.0236306712 0.0125 178 178 178
-0.0843559747 -0.0263449233 0.0125 178 178 178
0.0278668005 -0.03 -0.000144216152 178 178 178
-0.09 0.0294753028 0.000369946615 178 178 178
-0.088 0.0200076815 0.000733768962 178 178 178
-0.0295072628 -0.00347012156 -0.014 178 178 178
-0.01366761 0.00472077489 0.0125 178 178 178
-0.036670226 -0.03 0.00840803688 178 178 178
0.0738290923 0.0295114042 0.0125 178 178 178
-0.0100814314 -0.0169382336 0.0125 178 178 178
-0.0344767975 0.018 -0.012652616 178 178 178
0.0511315448 -0.0114345902 -0.0125 178 178 178
-0.0558667813 -0.0109312904 -0.0125 178 178 178
0.0681804865 0.03 -0.0105574142 178 178 178
-0.0495645346 0.03 0.0110056347 178 178 178
-0.00291626079 -0.0137496303 0.0125 178 178 178
-0.0339670265 -0.0062658236 -0.011 178 178 178
-0.0265617088 0.0185800986 0.0125 178 178 178
-0.0500445115 0.03 0.00851493193 178 178 178
0.080294339 0.00627017673 -0.0125 178 178 178
0.0165865351 0.00478949243 -0.011 178 178 178
0.0105366296 -0.0159536089 -0.0125 178 178 178
-0.0426152556 0.00384836738 0.0125 178 178 178
-0.0037997348 -0.001936442 -0.011 178 178 178
0.0237613485 -0.018 -0.013907781 178 178 178
0.0376565706 -0.0150706421 -0.011 178 178 178
-0.0167197082 -0.0169363271 -0.014 178 178 178
0.0219242038 -0.013295217 0.0125 178 178 178
0.0167660445 -0.0188779556 -0.0125 178 178 178
-0.0792023396 -0.03 -0.00542003849 178 178 178
0.0488243362 -0.0173099098 -0.0125 178 178 178
-0.0881061689 0.0265392381 0.00375 178 178 178
0.00468051809 -0.00827988031 -0.0125 178 178 178
0.0634875513 0.0024033216 0.0125 178 178 178
-0.0387155571 0.0269393063 -0.0125 178 178 178
0.003643253 -0.00455019753 -0.0125 178 178 178
0.0825546703 -0.03 -0.00225859689 178 178 178
0.065715313 -0.0121647566 -0.0125 178 178 178
0.0242816116 0.00687671695 -0.011 178 178 178
-0.09 0.00356338608 -0.00866054303 178 178 178
-0.0260345088 0.00160132591 0.0125 178 178 178
-0.0145060153 -0.00903767259 -0.014 178 178 178
0.0543928202 -0.00244222699 0.0165 178 178 178
0.0718952896 0.0214742728 0.0125 178 178 178
-0.0164590946 -0.00868712311 -0.014 178 178 178
-0.00464841246 0.00823347481 -0.011 178 178 178
0.00690717896 0.03 -0.00204626227 178 178 178
0.0216698628 0.022499951 0.0125 178 178 178
0.0205647977 0.00772020482 -0.011 178 178 178
0.00916820896 -0.018 -0.0110830739 178 178 178
-0.00483232696 0.0211634477 0.0125 178 178 178
-0.0328838015 -0.0163821765 -0.0125 178 178 178
0.00425143123 0.00398008171 -0.014 178 178 178
-0.09 -0.0113839675 0.00647817706 178 178 178
0.0818824117 -0.0265840638 0.0125 178 178 178
0.09 0.00654327676 -0.0122666676 178 178 178
-0.0119761287 -0.0239137298 0.0125 178 178 178
-0.0267299567 0.00116173542 -0.011 178 178 178
-0.00225609974 -0.000110319867 0.0125 178 178 178
-0.0627077057 -0.00641677036 -0.0125 178 178 178
0.0155576534 -0.00472074697 -0.0125 178 178 178
-0.0305983976 -5.99157506e-05 0.0125 178 178 178
0.09 0.0115813043 0.000501189206 178 178 178
-0.0650004732 0.0267390695 -0.0125 178 178 178
0.0237401251 -0.03 0.0119223857 178 178 178
-0.088 0.0222375117 -0.000755451484 178 178 178
0.0458292372 -0.012886366 -0.0125 178 178 178
0.0577591761 0.0121829104 0.0125 178 178 178
0.0490014887 0.0155 0.0133859739 178 178 178
0.0412642432 0.013297298 -0.0125 178 178 178
-0.0262688162 -0.0018981559 -0.011 178 178 178
0.00827070042 -0.00941035759 -0.014 178 178 178
-0.0698225916 0.00414948122 -0.0125 178 178 178
0.0765469204 0.03 0.0100686484 178 178 178
0.09 -0.0265247857 -0.000403735882 178 178 178
-0.09 -0.0140948671 -0.00782908867 178 178 178
0.0477431212 0.00993011666 0.0125 178 178 178
-0.0267970037 0.00446068322 0.0125 178 178 178
0.0835327449 -0.0194008369 0.0125 178 178 178
0.0137363039 -0.0148911376 0.0125 178 178 178
0.00456019118 0.00426787173 -0.0125 178 178 178
0.0265784499 0.00577524229 -0.011 178 178 178
0.0158711365 -0.00644419606 -0.011 178 178 178
0.0562113486 0.0210810215 0.0125 178 178 178
-0.09 0.00654026445 -0.00911641145 178 178 178
-0.0417280799 -0.03 -0.00287954633 178 178 178
0.0644282054 -0.00917457566 0.0125 178 178 178
-0.0534266778 0.00739990666 0.0125 178 178 178
-0.09 0.0033819988 0.00319361144 178 178 178
-0.0891680956 -0.00100713891 0.0125 178 178 178
0.0534599869 0.03 -0.000246450543 178 178 178
0.0343290671 -0.018 -0.013475588 178 178 178
0.0182550902 -0.00129275409 0.0125 178 178 178
0.0445519003 0.00293771713 0.0125 178 178 178
-0.0663811787 -0.00183831857 -0.0125 178 178 178
-0.00971406071 -0.00366064378 0.0165 178 178 178
0.03925 -0.00774349933 0.0127930349 178 178 178
0.0196407029 -0.0114554291 -0.014 178 178 178
-0.088 -0.0223328747 -0.00349428841 178 178 178
-0.05525 -0.0120007293 0.0145484055 178 178 178
-0.088 -0.0198491763 -0.00122269778 178 178 178
0.0879124185 -0.0269526367 0.0125 178 178 178
0.00846034076 -0.03 -0.0100377372 178 178 178
-0.00335146786 0.0261637087 -0.0125 178 178 178
0.0436203899 -0.0213388954 -0.0125 178 178 178
-0.0403327297 -0.0030724071 0.0125 178 178 178
-0.0518329093 0.00531292269 0.0165 178 178 178
0.0163259835 0.00866194162 0.0125 178 178 178
-0.0232157264 -0.0214850235 -0.0125 178 178 178
0.0247054848 -0.018 -0.0113645623 178 178 178
0.0443910651 -0.0087551665 0.0125 178 178 178
-0.0521427037 -0.0196655948 0.0125 178 178 178
0.0349740388 0.00372423388 -0.014 178 178 178
0.0217609792 -0.00282181968 -0.011 178 178 178
-0.0140199923 -0.00485220674 0.0165 178 178 178
-0.0224249109 -0.0185133568 0.0125 178 178 178
-0.0867763934 -0.03 0.00463640479 178 178 178
0.0366217363 -0.012433785 -0.014 178 178 178
-0.065862951 0.0158684753 0.0125 178 178 178
0.0444075254 0.0005 0.0126322224 178 178 178
0.020226874 0.00749354489 0.0165 178 178 178
-0.0434097092 -0.03 0.00604993978 178 178 178
0.0231763514 -0.0173204055 -0.011 178 178 178
-0.0734452483 -0.00323620409 0.0125 178 178 178
-0.0175807487 0.00183194721 0.0165 178 178 178
0.0698584969 0.03 -0.0123537704 178 178 178
0.0741694328 -0.0250730115 0.0125 178 178 178
-0.0797553395 -0.03 -0.0113053067 178 178 178
0.0470868777 0.03 0.000152507195 178 178 178
0.0477133628 -0.03 0.00180569115 178 178 178
0.0372538089 -0.000309239936 -0.0125 178 178 178
0.0895327536 0.027 0.00337095026 178 178 178
-0.09 -0.00206597903 -0.000899666859 178 178 178
-0.0292269457 -0.0244916006 -0.0125 178 178 178
-0.0358117642 -0.018 -0.0127984416 178 178 178
0.0370039109 -0.03 -0.00749789481 178 178 178
-0.0200119024 0.00237966301 -0.0125 178 178 178
0.0509305944 0.0155 0.0151993227 178 178 178
-0.0488955469 0.019762678 0.0125 178 178 178
-0.0461795479 0.00294860586 0.0125 178 178 178
0.0252448887 -0.00903748806 -0.014 178 178 178
-0.0647703679 -0.03 -0.010234532 178 178 178
0.0430265861 0.00143519942 -0.0125 178 178 178
0.03925 0.000259420482 0.0156477949 178 178 178
-0.09 -0.0279911129 -0.00492906966 178 178 178
0.0204933948 -0.000233002477 -0.011 178 178 178
0.0884713644 0.0239238307 0.0125 178 178 178
0.00867957538 0.00726280972 0.0165 178 178 178
-0.0356571854 0.0016394752 -0.014 178 178 178
-0.0849444859 0.0101639012 0.0125 178 178 178
-0.0545244159 0.0128025862 0.0125 178 178 178
0.0729442661 -0.0225874879 0.0125 178 178 178
0.0303969929 -0.0268107401 -0.0125 178 178 178
-0.0505428284 -0.0196225948 0.0125 178 178 178
0.0605854131 0.00670254294 0.0125 178 178 178
-0.00506204661 -0.00633661521 -0.0125 178 178 178
0.0227790768 -0.00221061448 0.0165 178 178 178
-0.0116353763 -0.00237447048 0.0125 178 178 178
0.09 0.00262917409 -0.000534472367 178 178 178
-0.0233195243 -0.0203428947 0.0125 178 178 178
-0.0134385594 0.00300375914 0.0125 178 178 178
-0.0168214706 0.0119034112 0.0165 178 178 178
-0.0427728487 -0.03 0.000425527563 178 178 178
0.0726619588 0.03 -0.0069967416 178 178 178
-0.0551739188 0.0159432388 0.0125 178 178 178
0.09 0.0214367984 -0.0123406417 178 178 178
-0.0135973409 -0.0109168954 -0.011 178 178 178
0.0272412613 -0.0159137174 0.0125 178 178 178
-0.0429698928 -0.03 -0.00977265832 178 178 178
-0.09 0.0221927309 -0.0123759264 178 178 178
0.0201591166 -0.0210383922 -0.0125 178 178 178
-0.09 -0.0225202569 0.000264615361 178 178 178
0.0784012601 -0.03 -0.0101408733 178 178 178
-0.0690783578 -0.0265756032 0.0125 178 178 178
0.0206141152 -0.00725186128 0.0125 178 178 178
0.0478173404 0.0132044596 0.0165 178 178 178
-0.0262367259 0.03 -0.00898632993 178 178 178
0.00742642071 0.00747494785 -0.011 178 178 178
-0.000520556605 -0.00907864158 -0.0125 178 178 178
0.000428505258 -0.03 -2.7334564e-06 178 178 178
-0.02375 -0.00318340368 0.0126499064 178 178 178
-0.0367705555 0.016260913 -0.011 178 178 178
0.0595202298 0.03 -0.0118975256 178 178 178
0.0899270485 0.03 -0.00324290987 178 178 178
0.0286321095 0.0210623279 0.0125 178 178 178
0.0122275805 0.03 0.00441135565 178 178 178
0.09 -0.0288854606 0.0053883896 178 178 178
0.00341046404 -0.0131891354 -0.011 178 178 178
-0.00788560908 -0.00962478589 -0.014 178 178 178
-0.0220187556 -0.00119707131 0.0165 178 178 178
-0.0153218775 -0.005334268 -0.011 178 178 178
0.0079011302 -0.0107080786 -0.0125 178 178 178
0.0141685989 -0.00162641282 0.0165 178 178 178
0.00290688343 -0.03 0.00114962918 178 178 178
-0.0205799078 0.0151059372 0.0165 178 178 178
-0.0146433841 -0.00931022186 0.0125 178 178 178
0.0266769661 -0.03 0.00565913323 178 178 178
0.018680665 -0.0137633422 -0.014 178 178 178
0.0373416573 0.00470682164 -0.0125 178 178 178
0.0683992846 0.0117181654 0.0125 178 178 178
-0.058546089 -0.03 -0.00713274502 178 178 178
0.0191081061 -0.00714548386 -0.014 178 178 178
0.0699630249 -0.00959769769 0.0125 178 178 178
-0.0219869897 -0.0130780548 -0.014 178 178 178
0.0430425222 -0.00315812059 0.0125 178 178 178
0.0294878278 -0.0108205835 0.0125 178 178 178
0.09 -0.00521507986 0.00340218111 178 178 178
-0.0419927554 0.03 0.00333146206 178 178 178
-0.0346819768 0.0104539072 -0.014 178 178 178
-0.0281458739 0.0121970052 -0.014 178 178 178
0.0805966445 0.0150299137 0.0125 178 178 178
-0.0107852683 0.00242024918 0.0125 178 178 178
-0.0899054829 0.03 0.00262831423 178 178 178
0.0232539866 0.0189233924 0.0125 178 178 178
0.0160505093 0.00378979267 0.0125 178 178 178
-0.00930644334 -0.00853732432 -0.011 178 178 178
-0.0531679717 -0.03 -0.00584343626 178 178 178
-0.0318970286 0.000644684368 -0.011 178 178 178
-0.0718905979 -0.00929092972 -0.0125 178 178 178
-0.0533381769 0.0196015799 -0.0125 178 178 178
0.0196809659 -0.00221415231 0.0125 178 178 178
0.0508219728 -0.0098149582 0.0125 178 178 178
0.0238523898 0.03 0.00296794203 178 178 178
0.0325986806 -0.03 -0.0120098121 178 178 178
-0.0257154986 0.000561173363 -0.0125 178 178 178
-0.0166962662 -0.0005 0.0163338216 178 178 178
-0.00976538038 0.0005 0.0125322735 178 178 178
-0.00138795859 0.00397243201 -0.0125 178 178 178
0.0462305972 -0.0253246666 0.0125 178 178 178
0.0417358907 -0.00869946786 0.0165 178 178 178
-0.0145978561 0.015273509 -0.011 178 178 178
-0.0397238933 0.00695280221 -0.014 178 178 178
0.0195735116 -0.03 -0.00322300914 178 178 178
-0.0788447457 -0.0149618605 0.0125 178 178 178
-0.0702088498 0.0018160485 0.0125 178 178 178
-0.0479280655 0.0160729801 -0.0125 178 178 178
0.00545425438 -0.03 -0.0076722908 178 178 178
-0.0517540051 -0.0202983717 0.0125 178 178 178
-0.0208101984 0.015677214 -0.0125 178 178 178
-0.0615647129 0.00307715437 0.0125 178 178 178
0.0755991398 0.016217597 -0.0125 178 178 178
-0.0364355578 -0.03 0.00829350512 178 178 178
-0.0416596448 -0.00713330186 0.0125 178 178 178
-0.079828752 0.03 -0.0104616291 178 178 178
-0.088 -0.0216002109 0.00138825164 178 178 178
0.00590470616 -0.0170130376 -0.011 178 178 178
-0.0457783314 0.03 -0.00279466322 178 178 178
0.000703819408 -0.0114110938 -0.011 178 178 178
-0.0680188431 -0.00306436222 0.0125 178 178 178
0.0442914402 -0.00824054361 0.0165 178 178 178
-0.0300229527 -0.0244776713 0.0125 178 178 178
-0.0019924843 -0.03 -0.00751573575 178 178 178
0.0881303202 -0.00140269499 -0.00375 178 178 178
0.0203787429 0.03 0.00800262168 178 178 178
0.000266184544 -0.03 -0.000151359661 178 178 178
0.02375 0.00265687449 0.0133640356 178 178 178
0.0268758107 -0.0131671333 0.0125 178 178 178
-0.00413838843 -0.00807535556 -0.014 178 178 178
0.0594486706 -0.000181519175 -0.0125 178 178 178
-0.00524479518 -0.00291307254 0.0125 178 178 178
0.00570726198 0.0147782214 -0.0125 178 178 178
-0.014479818 -0.00708821226 0.0125 178 178 178
0.0155484564 -0.018 -0.0132705213 178 178 178
0.0776242554 0.0177569939 -0.0125 178 178 178
0.0091287739 -0.018784045 0.0125 178 178 178
-0.0163315843 0.03 0.00565208952 178 178 178
-0.0446534569 -0.00842821958 0.0165 178 178 178
0.00775 0.000366741431 0.0135584153 178 178 178
-0.0793984846 -0.0213734455 0.0125 178 178 178
0.047330233 0.0250717727 -0.0125 178 178 178
0.00667184847 -0.0115895773 -0.014 178 178 178
0.0234831417 0.0196975592 -0.0125 178 178 178
0.0256343532 -0.0230365942 -0.0125 178 178 178
0.0748067151 -0.0128453688 0.0125 178 178 178
-0.0424919407 -0.03 -0.00145970961 178 178 178
0.00578320068 -0.018 -0.0119132674 178 178 178
-0.0119014712 -0.00383839921 0.0125 178 178 178
0.09 0.0234495919 0.00448048898 178 178 178
-0.0591122438 -0.03 -0.0122343357 178 178 178
-0.09 -0.00612199022 -0.00900325011 178 178 178
-0.0340793286 0.03 -0.00496630061 178 178 178
0.0443420468 0.0160411555 0.0125 178 178 178
-0.0222987252 -0.0184362708 -0.0125 178 178 178
0.0389560248 0.0142373088 -0.0125 178 178 178
0.0210738205 0.0111596193 0.0165 178 178 178
-0.0641121347 0.03 0.00220885286 178 178 178
0.0468284168 -0.0131984297 0.0165 178 178 178
0.0295066308 -0.00744110816 -0.0125 178 178 178
0.00366891503 -0.0117748024 -0.011 178 178 178
-0.0878995317 0.00735655706 0.0125 178 178 178
-0.0280486938 0.00369029991 -0.011 178 178 178
-0.00707055893 0.03 0.0118043182 178 178 178
0.09 -0.0254566371 -0.00960687704 178 178 178
0.0548261927 -0.0005 0.0147120387 178 178 178
0.0572525247 0.03 -0.00894418847 178 178 178
-0.09 0.024811321 -0.00552151927 178 178 178
-0.0704679349 -0.00276613099 -0.0125 178 178 178
0.0208207846 0.03 0.000889252938 178 178 178
-0.0487787508 0.0255683986 0.0125 178 178 178
0.0750876758 0.0223093942 -0.0125 178 178 178
0.0763535919 0.0280014743 -0.0125 178 178 178
-0.0636595469 -0.03 0.00310688381 178 178 178
-0.0673491051 -0.0257584706 0.0125 178 178 178
0.0204074141 -0.0130236612 0.0165 178 178 178
-0.015792532 0.0268949555 -0.0125 178 178 178
-0.0309996088 -0.0167146953 -0.0125 178 178 178
0.088 -0.0221308869 -0.00341761229 178 178 178
-0.082394492 -0.0283953517 0.0125 178 178 178
0.0640358024 -0.03 0.00501211356 178 178 178
-0.0153413368 0.0121405764 -0.0125 178 178 178
-0.0151042596 0.0271816795 -0.0125 178 178 178
-0.0673634136 0.0261243688 0.0125 178 178 178
0.00775 0.0153667934 0.0133625418 178 178 178
0.0370434499 0.000744653359 -0.0125 178 178 178
-0.000639722825 -0.000486984313 -0.014 178 178 178
0.09 0.00879477002 -0.00340895933 178 178 178
0.09 -0.0145506022 -0.00848440645 178 178 178
-0.0409143268 0.00602777762 0.0125 178 178 178
0.0250497993 -0.0234383358 0.0125 178 178 178
-0.0898305802 -0.0262569321 -0.0125 178 178 178
0.0339935949 -0.00339029378 0.0125 178 178 178
0.0356677394 0.0144124088 -0.014 178 178 178
-0.0456290351 -0.0196664736 -0.0125 178 178 178
0.010040117 -0.0005 0.0163879578 178 178 178
-0.09 0.0110961074 0.00498779376 178 178 178
-0.0073971224 -0.0299157508 -0.0125 178 178 178
0.0871973799 -0.00593408107 -0.0125 178 178 178
-0.012739996 -0.0102488363 0.0165 178 178 178
-0.09 -0.00164845508 0.00402488117 178 178 178
0.0204428868 -0.00535882554 0.0125 178 178 178
-0.0136779622 0.0157966306 -0.014 178 178 178
-0.0681482531 -0.00837288681 -0.0125 178 178 178
-0.046725809 -0.00247414019 0.0125 178 178 178
-0.0529550277 0.00193107705 -0.0125 178 178 178
0.0450260118 0.03 -0.00912645405 178 178 178
0.0753722833 0.00365461051 -0.0125 178 178 178
-0.0221443809 0.0119407277 -0.0125 178 178 178
0.0201599601 -0.0144070759 0.0165 178 178 178
0.0793797528 -0.03 0.00836710413 178 178 178
-0.0366094477 0.03 -0.0101068929 178 178 178
-0.015339783 -0.0133562252 0.0165 178 178 178
0.0885253093 0.03 0.00572139863 178 178 178
-0.0542211298 0.0124365094 -0.0125 178 178 178
-0.049676601 -0.00675361239 0.0125 178 178 178
-0.0472865784 -0.00111465319 -0.0125 178 178 178
0.0176693551 -0.0126891022 0.0125 178 178 178
0.0234573595 -0.03 0.00893370638 178 178 178
-0.0524073633 -0.00560355234 -0.0125 178 178 178
0.0896468095 0.00807031854 -0.0125 178 178 178
0.00269281737 0.03 -0.00303267405 178 178 178
-0.02375 -9.11826674e-05 0.0145886388 178 178 178
-0.047836754 -0.00896803572 0.0125 178 178 178
0.0213862672 0.00755933349 0.0125 178 178 178
0.0112508194 0.00658795004 -0.0125 178 178 178
0.0586300222 -0.03 -0.0106567777 178 178 178
0.0245007143 0.03 0.0111647993 178 178 178
-0.0139811819 -7.6947161e-05 -0.011 178 178 178
0.071939185 -0.0156385868 -0.0125 178 178 178
0.00441884785 -0.011829549 -0.011 178 178 178
0.09 0.00743862422 -0.00105181155 178 178 178
-0.0387513725 -0.00851071747 0.0125 178 178 178
-0.0543674865 0.0155 0.0152325588 178 178 178
0.00887955647 -0.0106777979 -0.014 178 178 178
-0.0606923944 0.03 -0.00465944865 178 178 178
-0.0607333319 -0.0212724521 0.0125 178 178 178
-0.0602886713 0.03 -0.0119826049 178 178 178
-0.0250561786 -0.000873936726 -0.014 178 178 178
0.0309444832 0.00919996224 -0.0125 178 178 178
-0.0636858076 -0.03 0.00802115426 178 178 178
-0.0156271782 -0.0124217487 -0.0125 178 178 178
0.0180858387 -0.0127316495 -0.014 178 178 178
0.0211620789 0.0141268138 0.0125 178 178 178
-0.0172374075 -0.0192560121 -0.0125 178 178 178
-0.0128088659 0.00465678933 0.0125 178 178 178
-0.09 0.00425903475 -0.00776044473 178 178 178
-0.0536447357 -0.00728618808 -0.0125 178 178 178
0.0359995148 -0.03 0.00157612018 178 178 178
-0.09 -0.0105461828 -0.007129929 178 178 178
-0.0515696636 0.0181436002 0.0125 178 178 178
0.0767115078 -0.03 0.00393325525 178 178 178
-0.088 -0.0183918223 -0.00237128989 178 178 178
-0.0143892449 0.03 -0.00788641522 178 178 178
0.035496327 -0.03 -0.00774246016 178 178 178
0.0577503004 0.0153999937 -0.0125 178 178 178
-0.0656963451 0.0249490992 -0.0125 178 178 178
0.0261030098 -0.0114704801 -0.014 178 178 178
-0.02375 -0.0108428968 0.012567766 178 178 178
-0.0107730151 -0.0111608784 -0.014 178 178 178
-0.00368021276 0.03 0.0107955492 178 178 178
0.0634065381 0.03 0.000760964489 178 178 178
0.0245633063 -0.03 -0.00275391812 178 178 178
-0.00870149846 -0.00883811934 0.0165 178 178 178
-0.00803822921 -0.0035973991 0.0125 178 178 178
0.0820698077 -0.03 -0.00581311759 178 178 178
-0.0599459424 -0.03 -0.000533988239 178 178 178
0.0368408999 0.03 -0.0102256968 178 178 178
-0.0554322065 0.0130000873 -0.0125 178 178 178
0.0705249958 0.00309495166 -0.0125 178 178 178
0.0241815284 -0.0271572278 -0.0125 178 178 178
-0.0178057233 0.0250804363 -0.0125 178 178 178
-0.00748553605 0.00466435801 -0.014 178 178 178
-0.040804804 0.00362208139 0.0165 178 178 178
-0.0183773786 0.00105195771 0.0165 178 178 178
-0.0418466305 0.00193967584 0.0125 178 178 178
-0.0270044712 -0.0146425482 -0.0125 178 178 178
-0.0677905995 -0.03 0.00900012523 178 178 178
-0.0299183025 0.00667012481 -0.014 178 178 178
0.0557453687 -0.03 -0.0118772464 178 178 178
0.00211633498 0.03 -0.0112875175 178 178 178
0.0352665517 0.0214279513 0.0125 178 178 178
0.0166887692 0.0297835425 -0.0125 178 178 178
0.0393886054 0.03 -0.0120259857 178 178 178
-0.03286237 -0.03 0.00161578773 178 178 178
-0.053877234 0.0259456211 0.0125 178 178 178
0.076110819 -0.00466692457 0.0125 178 178 178
-0.0403087609 -0.00278725998 0.0125 178 178 178
-0.00431755401 -0.0208052662 0.0125 178 178 178
-0.0225237048 0.03 0.0062609117 178 178 178
-0.0371879807 -0.0130136985 0.0125 178 178 178
-0.0135620669 0.010004314 0.0165 178 178 178
0.0360569609 0.0155420615 0.0125 178 178 178
-0.0439785598 -0.03 0.000211991152 178 178 178
0.00798945267 0.00538971536 -0.011 178 178 178
-0.0455677935 0.00742126534 0.0165 178 178 178
-0.0220502039 -0.010845189 0.0165 178 178 178
-0.0820335643 -0.0142931491 0.0125 178 178 178
0.0307042961 0.00331362492 -0.014 178 178 178
-0.0810637286 -0.0267534379 0.0125 178 178 178
0.09 0.0266244821 -0.00323946768 178 178 178
0.035772772 0.0133707647 -0.011 178 178 178
-0.0888521401 0.03 -0.00674829358 178 178 178
0.0309085333 -0.000167180489 -0.014 178 178 178
0.09 -0.0293415346 -0.011258062 178 178 178
-0.0183012815 -0.0149270369 0.0165 178 178 178
-0.0421104713 0.00387125825 -0.0125 178 178 178
0.09 -0.00400289708 -0.000690223008 178 178 178
0.0407290844 -0.011565004 0.0165 178 178 178
-0.0352513143 0.0274552566 -0.0125 178 178 178
0.0817316263 -0.0214639566 0.0125 178 178 178
0.05862869 0.03 0.00939518432 178 178 178
0.011034408 -0.00745130803 0.0125 178 178 178
0.0617845941 0.025393575 -0.0125 178 178 178
-0.0896503856 0.0218744511 0.00375 178 178 178
-0.0890048942 0.00413321676 0.0125 178 178 178
0.088 0.00826780567 -0.00107031682 178 178 178
-0.0204196264 0.00539122666 0.0165 178 178 178
-0.00344087402 -0.03 0.00348749283 178 178 178
0.0198769452 0.0247325842 0.0125 178 178 178
-0.040267057 -0.0216165531 -0.0125 178 178 178
0.0279944114 -0.0127661965 -0.0125 178 178 178
-0.0171857105 0.03 -0.000708740321 178 178 178
0.00863546934 0.0005 0.0151958697 178 178 178
-0.00871304842 -0.00524640611 -0.011 178 178 178
-0.0509111397 0.0185808063 0.0125 178 178 178
-0.0102581828 0.00245986438 -0.011 178 178 178
0.0547314303 -0.00836755109 0.0125 178 178 178
0.00116715781 0.014643703 -0.011 178 178 178
-0.00157747156 0.0146913872 -0.011 178 178 178
-0.0810089781 0.0251712716 -0.0125 178 178 178
-0.0335175005 0.0014738958 -0.014 178 178 178
-0.0530314214 -0.00709593915 0.0165 178 178 178
-0.0496462208 -0.0130164715 0.0165 178 178 178
0.000424560773 -0.000375102996 -0.014 178 178 178
-0.027814695 -0.03 -0.00617431951 178 178 178
0.0693789044 -0.03 -0.00588757066 178 178 178
-0.0646389448 -0.0169483594 0.0125 178 178 178
-0.0284234752 -0.00223758278 -0.014 178 178 178
0.0311128183 -0.00380349215 -0.011 178 178 178
-0.0490808649 0.0225977247 -0.0125 178 178 178
0.02375 0.000286488572 0.0149651223 178 178 178
0.021485115 -0.027655234 0.0125 178 178 178
-0.0734543965 -0.0172572482 -0.0125 178 178 178
0.0171046752 0.0239391136 -0.0125 178 178 178
