ply
format ascii 1.0
comment VisionMCP reconstruction mesh
element vertex 10484
property float x
property float y
property float z
element face 20964
property list uchar int vertex_indices
end_header
-0.213541667 -0.1875 -0.012170955
-0.208333333 -0.1875 -0.0140078844
-0.208333333 -0.192708333 -0.012170955
-0.208333333 -0.1875 -0.0103340256
-0.213541667 -0.1875 0.0208937738
-0.208333333 -0.1875 0.0190568444
-0.208333333 -0.192708333 0.0208937738
-0.208333333 -0.1875 0.0227307032
-0.208333333 -0.182291667 -0.012170955
-0.213541667 -0.177083333 -0.00482323751
-0.208333333 -0.177083333 -0.00666016689
-0.208333333 -0.182291667 -0.00482323751
-0.208333333 -0.182291667 -0.00114937875
-0.213541667 -0.177083333 -0.00114937875
-0.208333333 -0.182291667 0.00252448001
-0.213541667 -0.177083333 0.00252448001
-0.208333333 -0.177083333 0.00436140939
-0.208333333 -0.182291667 0.0208937738
-0.208333333 -0.177083333 0.0227307032
-0.213541667 -0.177083333 0.0245676326
-0.208333333 -0.182291667 0.0245676326
-0.208333333 -0.182291667 0.0282414913
-0.213541667 -0.177083333 0.0282414913
-0.208333333 -0.177083333 0.0300784207
-0.213541667 -0.166666667 -0.0231925313
-0.208333333 -0.166666667 -0.0250294607
-0.208333333 -0.171875 -0.0231925313
-0.208333333 -0.166666667 -0.0213556019
-0.213541667 -0.166666667 -0.0158448138
-0.208333333 -0.166666667 -0.0176817432
-0.208333333 -0.171875 -0.0158448138
-0.208333333 -0.166666667 -0.0140078844
-0.208333333 -0.171875 -0.00482323751
-0.213541667 -0.166666667 -0.00114937875
-0.208333333 -0.166666667 -0.00298630813
-0.213541667 -0.166666667 0.00252448001
-0.208333333 -0.171875 0.00619833877
-0.213541667 -0.166666667 0.00619833877
-0.208333333 -0.171875 0.00987219752
-0.213541667 -0.166666667 0.00987219752
-0.208333333 -0.171875 0.0135460563
-0.213541667 -0.166666667 0.0135460563
-0.208333333 -0.166666667 0.0153829857
-0.208333333 -0.171875 0.0245676326
-0.213541667 -0.166666667 0.0282414913
-0.208333333 -0.166666667 0.0264045619
-0.208333333 -0.166666667 0.0300784207
-0.208333333 -0.161458333 -0.0231925313
-0.208333333 -0.15625 -0.0213556019
-0.213541667 -0.15625 -0.0195186725
-0.208333333 -0.161458333 -0.0195186725
-0.213541667 -0.15625 -0.0158448138
-0.208333333 -0.161458333 -0.012170955
-0.213541667 -0.15625 -0.012170955
-0.208333333 -0.161458333 -0.00849709627
-0.213541667 -0.15625 -0.00849709627
-0.208333333 -0.161458333 -0.00482323751
-0.213541667 -0.15625 -0.00482323751
-0.208333333 -0.161458333 -0.00114937875
-0.208333333 -0.15625 -0.00298630813
-0.213541667 -0.15625 0.00252448001
-0.208333333 -0.15625 0.000687550628
-0.213541667 -0.15625 0.00619833877
-0.213541667 -0.15625 0.00987219752
-0.213541667 -0.15625 0.0135460563
-0.208333333 -0.161458333 0.017219915
-0.213541667 -0.15625 0.017219915
-0.208333333 -0.161458333 0.0208937738
-0.213541667 -0.15625 0.0208937738
-0.208333333 -0.161458333 0.0245676326
-0.213541667 -0.15625 0.0245676326
-0.208333333 -0.161458333 0.0282414913
-0.208333333 -0.15625 0.0264045619
-0.208333333 -0.15625 0.0300784207
-0.213541667 -0.15625 0.0319153501
-0.208333333 -0.161458333 0.0319153501
-0.208333333 -0.15625 0.0337522795
-0.213541667 -0.145833333 -0.0231925313
-0.208333333 -0.145833333 -0.0250294607
-0.208333333 -0.151041667 -0.0231925313
-0.213541667 -0.145833333 -0.0195186725
-0.208333333 -0.145833333 -0.0176817432
-0.208333333 -0.151041667 -0.0158448138
-0.213541667 -0.145833333 -0.012170955
-0.208333333 -0.145833333 -0.0140078844
-0.213541667 -0.145833333 -0.00849709627
-0.213541667 -0.145833333 -0.00482323751
-0.208333333 -0.151041667 -0.00114937875
-0.213541667 -0.145833333 -0.00114937875
-0.213541667 -0.145833333 0.00252448001
-0.213541667 -0.145833333 0.00619833877
-0.213541667 -0.145833333 0.00987219752
-0.213541667 -0.145833333 0.0135460563
-0.213541667 -0.145833333 0.017219915
-0.213541667 -0.145833333 0.0208937738
-0.213541667 -0.145833333 0.0245676326
-0.208333333 -0.151041667 0.0282414913
-0.213541667 -0.145833333 0.0282414913
-0.208333333 -0.151041667 0.0319153501
-0.208333333 -0.145833333 0.0300784207
-0.213541667 -0.135416667 -0.0231925313
-0.208333333 -0.135416667 -0.0250294607
-0.213541667 -0.135416667 -0.0195186725
-0.208333333 -0.140625 -0.0158448138
-0.213541667 -0.135416667 -0.0158448138
-0.213541667 -0.135416667 -0.012170955
-0.213541667 -0.135416667 -0.00849709627
-0.213541667 -0.135416667 -0.00482323751
-0.213541667 -0.135416667 -0.00114937875
-0.213541667 -0.135416667 0.00252448001
-0.213541667 -0.135416667 0.00619833877
-0.213541667 -0.135416667 0.00987219752
-0.213541667 -0.135416667 0.0135460563
-0.213541667 -0.135416667 0.017219915
-0.213541667 -0.135416667 0.0208937738
-0.213541667 -0.135416667 0.0245676326
-0.213541667 -0.135416667 0.0282414913
-0.208333333 -0.135416667 0.0300784207
-0.213541667 -0.125 -0.0231925313
-0.208333333 -0.125 -0.0250294607
-0.208333333 -0.125 -0.0213556019
-0.208333333 -0.130208333 -0.0195186725
-0.213541667 -0.125 -0.0158448138
-0.208333333 -0.125 -0.0176817432
-0.213541667 -0.125 -0.012170955
-0.213541667 -0.125 -0.00849709627
-0.213541667 -0.125 -0.00482323751
-0.213541667 -0.125 -0.00114937875
-0.213541667 -0.125 0.00252448001
-0.213541667 -0.125 0.00619833877
-0.213541667 -0.125 0.00987219752
-0.213541667 -0.125 0.0135460563
-0.213541667 -0.125 0.017219915
-0.213541667 -0.125 0.0208937738
-0.213541667 -0.125 0.0245676326
-0.213541667 -0.125 0.0282414913
-0.208333333 -0.125 0.0300784207
-0.208333333 -0.119791667 -0.0231925313
-0.208333333 -0.114583333 -0.0213556019
-0.213541667 -0.114583333 -0.0195186725
-0.208333333 -0.119791667 -0.0195186725
-0.213541667 -0.114583333 -0.0158448138
-0.213541667 -0.114583333 -0.012170955
-0.213541667 -0.114583333 -0.00849709627
-0.213541667 -0.114583333 -0.00482323751
-0.213541667 -0.114583333 -0.00114937875
-0.213541667 -0.114583333 0.00252448001
-0.213541667 -0.114583333 0.00619833877
-0.213541667 -0.114583333 0.00987219752
-0.213541667 -0.114583333 0.0135460563
-0.213541667 -0.114583333 0.017219915
-0.213541667 -0.114583333 0.0208937738
-0.213541667 -0.114583333 0.0245676326
-0.213541667 -0.114583333 0.0282414913
-0.208333333 -0.119791667 0.0319153501
-0.213541667 -0.114583333 0.0319153501
-0.208333333 -0.114583333 0.0337522795
-0.213541667 -0.104166667 -0.0268663901
-0.208333333 -0.104166667 -0.0287033194
-0.208333333 -0.109375 -0.0268663901
-0.208333333 -0.104166667 -0.0250294607
-0.208333333 -0.109375 -0.0195186725
-0.213541667 -0.104166667 -0.0158448138
-0.208333333 -0.104166667 -0.0176817432
-0.213541667 -0.104166667 -0.012170955
-0.213541667 -0.104166667 -0.00849709627
-0.213541667 -0.104166667 -0.00482323751
-0.213541667 -0.104166667 -0.00114937875
-0.213541667 -0.104166667 0.00252448001
-0.213541667 -0.104166667 0.00619833877
-0.213541667 -0.104166667 0.00987219752
-0.213541667 -0.104166667 0.0135460563
-0.213541667 -0.104166667 0.017219915
-0.213541667 -0.104166667 0.0208937738
-0.213541667 -0.104166667 0.0245676326
-0.213541667 -0.104166667 0.0282414913
-0.208333333 -0.104166667 0.0300784207
-0.208333333 -0.109375 0.0319153501
-0.208333333 -0.0989583333 -0.0268663901
-0.213541667 -0.09375 -0.0195186725
-0.208333333 -0.09375 -0.0213556019
-0.208333333 -0.0989583333 -0.0195186725
-0.213541667 -0.09375 -0.0158448138
-0.213541667 -0.09375 -0.012170955
-0.213541667 -0.09375 -0.00849709627
-0.213541667 -0.09375 -0.00482323751
-0.213541667 -0.09375 -0.00114937875
-0.213541667 -0.09375 0.00252448001
-0.213541667 -0.09375 0.00619833877
-0.213541667 -0.09375 0.00987219752
-0.213541667 -0.09375 0.0135460563
-0.213541667 -0.09375 0.017219915
-0.213541667 -0.09375 0.0208937738
-0.213541667 -0.09375 0.0245676326
-0.213541667 -0.09375 0.0282414913
-0.208333333 -0.09375 0.0300784207
-0.213541667 -0.0833333333 -0.0268663901
-0.208333333 -0.0833333333 -0.0287033194
-0.208333333 -0.0885416667 -0.0268663901
-0.208333333 -0.0833333333 -0.0250294607
-0.213541667 -0.0833333333 -0.0195186725
-0.208333333 -0.0833333333 -0.0213556019
-0.213541667 -0.0833333333 -0.0158448138
-0.213541667 -0.0833333333 -0.012170955
-0.213541667 -0.0833333333 -0.00849709627
-0.213541667 -0.0833333333 -0.00482323751
-0.213541667 -0.0833333333 -0.00114937875
-0.213541667 -0.0833333333 0.00252448001
-0.213541667 -0.0833333333 0.00619833877
-0.213541667 -0.0833333333 0.00987219752
-0.213541667 -0.0833333333 0.0135460563
-0.213541667 -0.0833333333 0.017219915
-0.213541667 -0.0833333333 0.0208937738
-0.213541667 -0.0833333333 0.0245676326
-0.213541667 -0.0833333333 0.0282414913
-0.208333333 -0.0833333333 0.0300784207
-0.208333333 -0.078125 -0.0268663901
-0.208333333 -0.0729166667 -0.0250294607
-0.213541667 -0.0729166667 -0.0231925313
-0.208333333 -0.078125 -0.0231925313
-0.213541667 -0.0729166667 -0.0195186725
-0.213541667 -0.0729166667 -0.0158448138
-0.213541667 -0.0729166667 -0.012170955
-0.213541667 -0.0729166667 -0.00849709627
-0.213541667 -0.0729166667 -0.00482323751
-0.213541667 -0.0729166667 -0.00114937875
-0.213541667 -0.0729166667 0.00252448001
-0.213541667 -0.0729166667 0.00619833877
-0.213541667 -0.0729166667 0.00987219752
-0.213541667 -0.0729166667 0.0135460563
-0.213541667 -0.0729166667 0.017219915
-0.213541667 -0.0729166667 0.0208937738
-0.213541667 -0.0729166667 0.0245676326
-0.208333333 -0.0729166667 0.0264045619
-0.208333333 -0.078125 0.0282414913
-0.213541667 -0.0625 -0.0268663901
-0.208333333 -0.0625 -0.0287033194
-0.208333333 -0.0677083333 -0.0268663901
-0.208333333 -0.0677083333 -0.0231925313
-0.208333333 -0.0625 -0.0250294607
-0.208333333 -0.0677083333 -0.0195186725
-0.213541667 -0.0625 -0.0158448138
-0.208333333 -0.0625 -0.0176817432
-0.213541667 -0.0625 -0.012170955
-0.213541667 -0.0625 -0.00849709627
-0.213541667 -0.0625 -0.00482323751
-0.213541667 -0.0625 -0.00114937875
-0.213541667 -0.0625 0.00252448001
-0.213541667 -0.0625 0.00619833877
-0.213541667 -0.0625 0.00987219752
-0.213541667 -0.0625 0.0135460563
-0.213541667 -0.0625 0.017219915
-0.213541667 -0.0625 0.0208937738
-0.213541667 -0.0625 0.0245676326
-0.208333333 -0.0677083333 0.0282414913
-0.213541667 -0.0625 0.0282414913
-0.208333333 -0.0625 0.0300784207
-0.208333333 -0.0572916667 -0.0268663901
-0.208333333 -0.0520833333 -0.0250294607
-0.213541667 -0.0520833333 -0.0231925313
-0.208333333 -0.0572916667 -0.0231925313
-0.208333333 -0.0572916667 -0.0195186725
-0.213541667 -0.0520833333 -0.0195186725
-0.213541667 -0.0520833333 -0.0158448138
-0.213541667 -0.0520833333 -0.012170955
-0.213541667 -0.0520833333 -0.00849709627
-0.213541667 -0.0520833333 -0.00482323751
-0.213541667 -0.0520833333 -0.00114937875
-0.213541667 -0.0520833333 0.00252448001
-0.213541667 -0.0520833333 0.00619833877
-0.213541667 -0.0520833333 0.00987219752
-0.213541667 -0.0520833333 0.0135460563
-0.213541667 -0.0520833333 0.017219915
-0.213541667 -0.0520833333 0.0208937738
-0.213541667 -0.0520833333 0.0245676326
-0.213541667 -0.0520833333 0.0282414913
-0.208333333 -0.0520833333 0.0300784207
-0.213541667 -0.0416666667 -0.0268663901
-0.208333333 -0.0416666667 -0.0287033194
-0.208333333 -0.046875 -0.0268663901
-0.208333333 -0.046875 -0.0231925313
-0.208333333 -0.0416666667 -0.0250294607
-0.208333333 -0.046875 -0.0195186725
-0.213541667 -0.0416666667 -0.0158448138
-0.208333333 -0.0416666667 -0.0176817432
-0.213541667 -0.0416666667 -0.012170955
-0.213541667 -0.0416666667 -0.00849709627
-0.213541667 -0.0416666667 -0.00482323751
-0.213541667 -0.0416666667 -0.00114937875
-0.213541667 -0.0416666667 0.00252448001
-0.213541667 -0.0416666667 0.00619833877
-0.213541667 -0.0416666667 0.00987219752
-0.213541667 -0.0416666667 0.0135460563
-0.213541667 -0.0416666667 0.017219915
-0.213541667 -0.0416666667 0.0208937738
-0.213541667 -0.0416666667 0.0245676326
-0.213541667 -0.0416666667 0.0282414913
-0.208333333 -0.0416666667 0.0300784207
-0.208333333 -0.0364583333 -0.0268663901
-0.213541667 -0.03125 -0.0195186725
-0.208333333 -0.03125 -0.0213556019
-0.208333333 -0.0364583333 -0.0195186725
-0.213541667 -0.03125 -0.0158448138
-0.213541667 -0.03125 -0.012170955
-0.213541667 -0.03125 -0.00849709627
-0.213541667 -0.03125 -0.00482323751
-0.213541667 -0.03125 -0.00114937875
-0.213541667 -0.03125 0.00252448001
-0.213541667 -0.03125 0.00619833877
-0.213541667 -0.03125 0.00987219752
-0.213541667 -0.03125 0.0135460563
-0.213541667 -0.03125 0.017219915
-0.213541667 -0.03125 0.0208937738
-0.213541667 -0.03125 0.0245676326
-0.213541667 -0.03125 0.0282414913
-0.208333333 -0.0364583333 0.0319153501
-0.213541667 -0.03125 0.0319153501
-0.208333333 -0.03125 0.0337522795
-0.213541667 -0.0208333333 -0.0268663901
-0.208333333 -0.0208333333 -0.0287033194
-0.208333333 -0.0260416667 -0.0268663901
-0.208333333 -0.0260416667 -0.0231925313
-0.213541667 -0.0208333333 -0.0231925313
-0.213541667 -0.0208333333 -0.0195186725
-0.213541667 -0.0208333333 -0.0158448138
-0.213541667 -0.0208333333 -0.012170955
-0.213541667 -0.0208333333 -0.00849709627
-0.213541667 -0.0208333333 -0.00482323751
-0.213541667 -0.0208333333 -0.00114937875
-0.213541667 -0.0208333333 0.00252448001
-0.213541667 -0.0208333333 0.00619833877
-0.213541667 -0.0208333333 0.00987219752
-0.213541667 -0.0208333333 0.0135460563
-0.213541667 -0.0208333333 0.017219915
-0.213541667 -0.0208333333 0.0208937738
-0.213541667 -0.0208333333 0.0245676326
-0.213541667 -0.0208333333 0.0282414913
-0.208333333 -0.0208333333 0.0300784207
-0.208333333 -0.0260416667 0.0319153501
-0.208333333 -0.015625 -0.0268663901
-0.208333333 -0.015625 -0.0231925313
-0.213541667 -0.0104166667 -0.0195186725
-0.208333333 -0.0104166667 -0.0213556019
-0.213541667 -0.0104166667 -0.0158448138
-0.213541667 -0.0104166667 -0.012170955
-0.213541667 -0.0104166667 -0.00849709627
-0.213541667 -0.0104166667 -0.00482323751
-0.213541667 -0.0104166667 -0.00114937875
-0.213541667 -0.0104166667 0.00252448001
-0.213541667 -0.0104166667 0.00619833877
-0.213541667 -0.0104166667 0.00987219752
-0.213541667 -0.0104166667 0.0135460563
-0.213541667 -0.0104166667 0.017219915
-0.213541667 -0.0104166667 0.0208937738
-0.213541667 -0.0104166667 0.0245676326
-0.213541667 -0.0104166667 0.0282414913
-0.208333333 -0.015625 0.0319153501
-0.213541667 -0.0104166667 0.0319153501
-0.208333333 -0.0104166667 0.0337522795
-0.213541667 -2.77555756e-17 -0.0268663901
-0.208333333 -2.77555756e-17 -0.0287033194
-0.208333333 -0.00520833333 -0.0268663901
-0.208333333 -0.00520833333 -0.0231925313
-0.213541667 -2.77555756e-17 -0.0231925313
-0.213541667 -2.77555756e-17 -0.0195186725
-0.213541667 -2.77555756e-17 -0.0158448138
-0.213541667 -2.77555756e-17 -0.012170955
-0.213541667 -2.77555756e-17 -0.00849709627
-0.213541667 -2.77555756e-17 -0.00482323751
-0.213541667 -2.77555756e-17 -0.00114937875
-0.213541667 -2.77555756e-17 0.00252448001
-0.213541667 -2.77555756e-17 0.00619833877
-0.213541667 -2.77555756e-17 0.00987219752
-0.213541667 -2.77555756e-17 0.0135460563
-0.213541667 -2.77555756e-17 0.017219915
-0.213541667 -2.77555756e-17 0.0208937738
-0.213541667 -2.77555756e-17 0.0245676326
-0.213541667 -2.77555756e-17 0.0282414913
-0.208333333 -2.77555756e-17 0.0300784207
-0.208333333 -0.00520833333 0.0319153501
-0.208333333 0.00520833333 -0.0268663901
-0.208333333 0.00520833333 -0.0231925313
-0.213541667 0.0104166667 -0.0195186725
-0.208333333 0.0104166667 -0.0213556019
-0.213541667 0.0104166667 -0.0158448138
-0.213541667 0.0104166667 -0.012170955
-0.213541667 0.0104166667 -0.00849709627
-0.213541667 0.0104166667 -0.00482323751
-0.213541667 0.0104166667 -0.00114937875
-0.213541667 0.0104166667 0.00252448001
-0.213541667 0.0104166667 0.00619833877
-0.213541667 0.0104166667 0.00987219752
-0.213541667 0.0104166667 0.0135460563
-0.213541667 0.0104166667 0.017219915
-0.213541667 0.0104166667 0.0208937738
-0.213541667 0.0104166667 0.0245676326
-0.208333333 0.0104166667 0.0264045619
-0.208333333 0.00520833333 0.0282414913
-0.213541667 0.0208333333 -0.0231925313
-0.208333333 0.0208333333 -0.0250294607
-0.208333333 0.015625 -0.0231925313
-0.213541667 0.0208333333 -0.0195186725
-0.213541667 0.0208333333 -0.0158448138
-0.213541667 0.0208333333 -0.012170955
-0.213541667 0.0208333333 -0.00849709627
-0.213541667 0.0208333333 -0.00482323751
-0.213541667 0.0208333333 -0.00114937875
-0.213541667 0.0208333333 0.00252448001
-0.213541667 0.0208333333 0.00619833877
-0.213541667 0.0208333333 0.00987219752
-0.213541667 0.0208333333 0.0135460563
-0.213541667 0.0208333333 0.017219915
-0.213541667 0.0208333333 0.0208937738
-0.213541667 0.0208333333 0.0245676326
-0.208333333 0.015625 0.0282414913
-0.213541667 0.0208333333 0.0282414913
-0.208333333 0.0208333333 0.0300784207
-0.208333333 0.0260416667 -0.0231925313
-0.208333333 0.0260416667 -0.0195186725
-0.213541667 0.03125 -0.0158448138
-0.208333333 0.03125 -0.0176817432
-0.213541667 0.03125 -0.012170955
-0.213541667 0.03125 -0.00849709627
-0.213541667 0.03125 -0.00482323751
-0.213541667 0.03125 -0.00114937875
-0.213541667 0.03125 0.00252448001
-0.213541667 0.03125 0.00619833877
-0.213541667 0.03125 0.00987219752
-0.213541667 0.03125 0.0135460563
-0.213541667 0.03125 0.017219915
-0.213541667 0.03125 0.0208937738
-0.213541667 0.03125 0.0245676326
-0.213541667 0.03125 0.0282414913
-0.208333333 0.03125 0.0300784207
-0.213541667 0.0416666667 -0.0231925313
-0.208333333 0.0416666667 -0.0250294607
-0.208333333 0.0364583333 -0.0231925313
-0.208333333 0.0364583333 -0.0195186725
-0.213541667 0.0416666667 -0.0195186725
-0.213541667 0.0416666667 -0.0158448138
-0.213541667 0.0416666667 -0.012170955
-0.213541667 0.0416666667 -0.00849709627
-0.213541667 0.0416666667 -0.00482323751
-0.213541667 0.0416666667 -0.00114937875
-0.213541667 0.0416666667 0.00252448001
-0.213541667 0.0416666667 0.00619833877
-0.213541667 0.0416666667 0.00987219752
-0.213541667 0.0416666667 0.0135460563
-0.213541667 0.0416666667 0.017219915
-0.213541667 0.0416666667 0.0208937738
-0.213541667 0.0416666667 0.0245676326
-0.213541667 0.0416666667 0.0282414913
-0.208333333 0.0416666667 0.0300784207
-0.208333333 0.046875 -0.0231925313
-0.208333333 0.046875 -0.0195186725
-0.213541667 0.0520833333 -0.0158448138
-0.208333333 0.0520833333 -0.0176817432
-0.213541667 0.0520833333 -0.012170955
-0.213541667 0.0520833333 -0.00849709627
-0.213541667 0.0520833333 -0.00482323751
-0.213541667 0.0520833333 -0.00114937875
-0.213541667 0.0520833333 0.00252448001
-0.213541667 0.0520833333 0.00619833877
-0.213541667 0.0520833333 0.00987219752
-0.213541667 0.0520833333 0.0135460563
-0.213541667 0.0520833333 0.017219915
-0.213541667 0.0520833333 0.0208937738
-0.213541667 0.0520833333 0.0245676326
-0.213541667 0.0520833333 0.0282414913
-0.208333333 0.0520833333 0.0300784207
-0.213541667 0.0625 -0.0158448138
-0.208333333 0.0625 -0.0176817432
-0.213541667 0.0625 -0.012170955
-0.213541667 0.0625 -0.00849709627
-0.213541667 0.0625 -0.00482323751
-0.213541667 0.0625 -0.00114937875
-0.213541667 0.0625 0.00252448001
-0.213541667 0.0625 0.00619833877
-0.213541667 0.0625 0.00987219752
-0.213541667 0.0625 0.0135460563
-0.213541667 0.0625 0.017219915
-0.213541667 0.0625 0.0208937738
-0.213541667 0.0625 0.0245676326
-0.213541667 0.0625 0.0282414913
-0.208333333 0.0625 0.0300784207
-0.213541667 0.0729166667 -0.0231925313
-0.208333333 0.0729166667 -0.0250294607
-0.208333333 0.0677083333 -0.0231925313
-0.208333333 0.0677083333 -0.0195186725
-0.213541667 0.0729166667 -0.0195186725
-0.213541667 0.0729166667 -0.0158448138
-0.213541667 0.0729166667 -0.012170955
-0.213541667 0.0729166667 -0.00849709627
-0.213541667 0.0729166667 -0.00482323751
-0.213541667 0.0729166667 -0.00114937875
-0.213541667 0.0729166667 0.00252448001
-0.213541667 0.0729166667 0.00619833877
-0.213541667 0.0729166667 0.00987219752
-0.213541667 0.0729166667 0.0135460563
-0.213541667 0.0729166667 0.017219915
-0.213541667 0.0729166667 0.0208937738
-0.213541667 0.0729166667 0.0245676326
-0.213541667 0.0729166667 0.0282414913
-0.208333333 0.0729166667 0.0300784207
-0.208333333 0.078125 -0.0231925313
-0.208333333 0.078125 -0.0195186725
-0.213541667 0.0833333333 -0.0158448138
-0.208333333 0.0833333333 -0.0176817432
-0.213541667 0.0833333333 -0.012170955
-0.213541667 0.0833333333 -0.00849709627
-0.213541667 0.0833333333 -0.00482323751
-0.213541667 0.0833333333 -0.00114937875
-0.213541667 0.0833333333 0.00252448001
-0.213541667 0.0833333333 0.00619833877
-0.213541667 0.0833333333 0.00987219752
-0.213541667 0.0833333333 0.0135460563
-0.213541667 0.0833333333 0.017219915
-0.213541667 0.0833333333 0.0208937738
-0.213541667 0.0833333333 0.0245676326
-0.213541667 0.0833333333 0.0282414913
-0.208333333 0.0833333333 0.0300784207
-0.213541667 0.09375 -0.0231925313
-0.208333333 0.09375 -0.0250294607
-0.208333333 0.0885416667 -0.0231925313
-0.208333333 0.0885416667 -0.0195186725
-0.213541667 0.09375 -0.0195186725
-0.213541667 0.09375 -0.0158448138
-0.213541667 0.09375 -0.012170955
-0.213541667 0.09375 -0.00849709627
-0.213541667 0.09375 -0.00482323751
-0.213541667 0.09375 -0.00114937875
-0.213541667 0.09375 0.00252448001
-0.213541667 0.09375 0.00619833877
-0.213541667 0.09375 0.00987219752
-0.213541667 0.09375 0.0135460563
-0.213541667 0.09375 0.017219915
-0.213541667 0.09375 0.0208937738
-0.213541667 0.09375 0.0245676326
-0.213541667 0.09375 0.0282414913
-0.208333333 0.09375 0.0300784207
-0.213541667 0.104166667 -0.0268663901
-0.208333333 0.104166667 -0.0287033194
-0.208333333 0.0989583333 -0.0268663901
-0.208333333 0.0989583333 -0.0231925313
-0.208333333 0.104166667 -0.0250294607
-0.208333333 0.0989583333 -0.0195186725
-0.208333333 0.0989583333 -0.0158448138
-0.213541667 0.104166667 -0.012170955
-0.208333333 0.104166667 -0.0140078844
-0.213541667 0.104166667 -0.00849709627
-0.213541667 0.104166667 -0.00482323751
-0.213541667 0.104166667 -0.00114937875
-0.213541667 0.104166667 0.00252448001
-0.213541667 0.104166667 0.00619833877
-0.213541667 0.104166667 0.00987219752
-0.213541667 0.104166667 0.0135460563
-0.213541667 0.104166667 0.017219915
-0.213541667 0.104166667 0.0208937738
-0.213541667 0.104166667 0.0245676326
-0.208333333 0.104166667 0.0264045619
-0.208333333 0.0989583333 0.0282414913
-0.208333333 0.109375 -0.0268663901
-0.213541667 0.114583333 -0.0195186725
-0.208333333 0.114583333 -0.0213556019
-0.208333333 0.109375 -0.0195186725
-0.208333333 0.109375 -0.0158448138
-0.213541667 0.114583333 -0.0158448138
-0.213541667 0.114583333 -0.012170955
-0.213541667 0.114583333 -0.00849709627
-0.213541667 0.114583333 -0.00482323751
-0.213541667 0.114583333 -0.00114937875
-0.213541667 0.114583333 0.00252448001
-0.213541667 0.114583333 0.00619833877
-0.213541667 0.114583333 0.00987219752
-0.213541667 0.114583333 0.0135460563
-0.213541667 0.114583333 0.017219915
-0.213541667 0.114583333 0.0208937738
-0.213541667 0.114583333 0.0245676326
-0.208333333 0.109375 0.0282414913
-0.213541667 0.114583333 0.0282414913
-0.208333333 0.114583333 0.0300784207
-0.213541667 0.125 -0.0231925313
-0.208333333 0.125 -0.0250294607
-0.208333333 0.119791667 -0.0231925313
-0.213541667 0.125 -0.0195186725
-0.213541667 0.125 -0.0158448138
-0.213541667 0.125 -0.012170955
-0.213541667 0.125 -0.00849709627
-0.213541667 0.125 -0.00482323751
-0.213541667 0.125 -0.00114937875
-0.213541667 0.125 0.00252448001
-0.213541667 0.125 0.00619833877
-0.213541667 0.125 0.00987219752
-0.213541667 0.125 0.0135460563
-0.213541667 0.125 0.017219915
-0.213541667 0.125 0.0208937738
-0.213541667 0.125 0.0245676326
-0.213541667 0.125 0.0282414913
-0.208333333 0.125 0.0300784207
-0.213541667 0.135416667 -0.0268663901
-0.208333333 0.135416667 -0.0287033194
-0.208333333 0.130208333 -0.0268663901
-0.213541667 0.135416667 -0.0231925313
-0.208333333 0.135416667 -0.0213556019
-0.208333333 0.130208333 -0.0195186725
-0.213541667 0.135416667 -0.0158448138
-0.208333333 0.135416667 -0.0176817432
-0.213541667 0.135416667 -0.012170955
-0.213541667 0.135416667 -0.00849709627
-0.213541667 0.135416667 -0.00482323751
-0.213541667 0.135416667 -0.00114937875
-0.213541667 0.135416667 0.00252448001
-0.213541667 0.135416667 0.00619833877
-0.213541667 0.135416667 0.00987219752
-0.213541667 0.135416667 0.0135460563
-0.213541667 0.135416667 0.017219915
-0.213541667 0.135416667 0.0208937738
-0.213541667 0.135416667 0.0245676326
-0.208333333 0.135416667 0.0264045619
-0.208333333 0.130208333 0.0282414913
-0.208333333 0.140625 -0.0268663901
-0.213541667 0.145833333 -0.0231925313
-0.208333333 0.145833333 -0.0250294607
-0.208333333 0.140625 -0.0195186725
-0.213541667 0.145833333 -0.0195186725
-0.213541667 0.145833333 -0.0158448138
-0.213541667 0.145833333 -0.012170955
-0.213541667 0.145833333 -0.00849709627
-0.213541667 0.145833333 -0.00482323751
-0.213541667 0.145833333 -0.00114937875
-0.213541667 0.145833333 0.00252448001
-0.208333333 0.145833333 0.00436140939
-0.208333333 0.140625 0.00619833877
-0.208333333 0.140625 0.00987219752
-0.213541667 0.145833333 0.0135460563
-0.208333333 0.145833333 0.0117091269
-0.213541667 0.145833333 0.017219915
-0.213541667 0.145833333 0.0208937738
-0.213541667 0.145833333 0.0245676326
-0.208333333 0.145833333 0.0264045619
-0.213541667 0.15625 -0.0268663901
-0.208333333 0.15625 -0.0287033194
-0.208333333 0.151041667 -0.0268663901
-0.208333333 0.151041667 -0.0231925313
-0.208333333 0.15625 -0.0250294607
-0.213541667 0.15625 -0.0195186725
-0.208333333 0.15625 -0.0213556019
-0.213541667 0.15625 -0.0158448138
-0.213541667 0.15625 -0.012170955
-0.208333333 0.15625 -0.0103340256
-0.208333333 0.151041667 -0.00849709627
-0.208333333 0.151041667 -0.00482323751
-0.208333333 0.151041667 -0.00114937875
-0.208333333 0.151041667 0.00252448001
-0.213541667 0.15625 0.00987219752
-0.208333333 0.15625 0.00803526815
-0.208333333 0.151041667 0.00987219752
-0.213541667 0.15625 0.0135460563
-0.213541667 0.15625 0.017219915
-0.213541667 0.15625 0.0208937738
-0.213541667 0.15625 0.0245676326
-0.208333333 0.15625 0.0264045619
-0.213541667 0.166666667 -0.0305402488
-0.208333333 0.166666667 -0.0323771782
-0.208333333 0.161458333 -0.0305402488
-0.208333333 0.161458333 -0.0268663901
-0.208333333 0.166666667 -0.0287033194
-0.208333333 0.166666667 -0.0250294607
-0.213541667 0.166666667 -0.0231925313
-0.208333333 0.161458333 -0.0231925313
-0.208333333 0.161458333 -0.0195186725
-0.208333333 0.166666667 -0.0213556019
-0.208333333 0.161458333 -0.0158448138
-0.208333333 0.161458333 -0.012170955
-0.213541667 0.166666667 0.00619833877
-0.208333333 0.166666667 0.00436140939
-0.208333333 0.161458333 0.00619833877
-0.213541667 0.166666667 0.00987219752
-0.213541667 0.166666667 0.0135460563
-0.208333333 0.166666667 0.0153829857
-0.208333333 0.161458333 0.017219915
-0.208333333 0.161458333 0.0208937738
-0.208333333 0.161458333 0.0245676326
-0.208333333 0.171875 -0.0305402488
-0.208333333 0.171875 -0.0231925313
-0.213541667 0.177083333 0.00252448001
-0.208333333 0.177083333 0.000687550628
-0.208333333 0.171875 0.00252448001
-0.208333333 0.171875 0.00619833877
-0.208333333 0.177083333 0.00436140939
-0.208333333 0.171875 0.00987219752
-0.208333333 0.171875 0.0135460563
-0.208333333 0.182291667 0.00252448001
-0.203125 -0.208333333 -0.00849709627
-0.197916667 -0.208333333 -0.0103340256
-0.197916667 -0.213541667 -0.00849709627
-0.197916667 -0.213541667 -0.00482323751
-0.203125 -0.208333333 -0.00482323751
-0.197916667 -0.213541667 -0.00114937875
-0.203125 -0.208333333 -0.00114937875
-0.197916667 -0.208333333 0.000687550628
-0.203125 -0.197916667 -0.0452356839
-0.197916667 -0.197916667 -0.0470726132
-0.197916667 -0.203125 -0.0452356839
-0.197916667 -0.203125 -0.0415618251
-0.203125 -0.197916667 -0.0415618251
-0.197916667 -0.203125 -0.0378879663
-0.203125 -0.197916667 -0.0378879663
-0.197916667 -0.203125 -0.0342141076
-0.203125 -0.197916667 -0.0342141076
-0.197916667 -0.203125 -0.0305402488
-0.203125 -0.197916667 -0.0305402488
-0.197916667 -0.203125 -0.0268663901
-0.203125 -0.197916667 -0.0268663901
-0.197916667 -0.203125 -0.0231925313
-0.203125 -0.197916667 -0.0231925313
-0.197916667 -0.203125 -0.0195186725
-0.203125 -0.197916667 -0.0195186725
-0.197916667 -0.203125 -0.0158448138
-0.203125 -0.197916667 -0.0158448138
-0.197916667 -0.203125 -0.012170955
-0.203125 -0.197916667 -0.012170955
-0.203125 -0.197916667 -0.00849709627
-0.203125 -0.197916667 -0.00482323751
-0.203125 -0.197916667 -0.00114937875
-0.197916667 -0.203125 0.00252448001
-0.203125 -0.197916667 0.00252448001
-0.197916667 -0.203125 0.00619833877
-0.203125 -0.197916667 0.00619833877
-0.197916667 -0.203125 0.00987219752
-0.203125 -0.197916667 0.00987219752
-0.197916667 -0.203125 0.0135460563
-0.203125 -0.197916667 0.0135460563
-0.197916667 -0.203125 0.017219915
-0.203125 -0.197916667 0.017219915
-0.197916667 -0.203125 0.0208937738
-0.203125 -0.197916667 0.0208937738
-0.197916667 -0.203125 0.0245676326
-0.203125 -0.197916667 0.0245676326
-0.197916667 -0.203125 0.0282414913
-0.203125 -0.197916667 0.0282414913
-0.197916667 -0.203125 0.0319153501
-0.203125 -0.197916667 0.0319153501
-0.197916667 -0.197916667 0.0337522795
-0.203125 -0.1875 -0.0452356839
-0.197916667 -0.1875 -0.0470726132
-0.203125 -0.1875 -0.0415618251
-0.203125 -0.1875 -0.0378879663
-0.203125 -0.1875 -0.0342141076
-0.203125 -0.1875 -0.0305402488
-0.203125 -0.1875 -0.0268663901
-0.203125 -0.1875 -0.0231925313
-0.203125 -0.1875 -0.0195186725
-0.203125 -0.1875 -0.0158448138
-0.203125 -0.1875 -0.00849709627
-0.203125 -0.1875 -0.00482323751
-0.203125 -0.1875 -0.00114937875
-0.203125 -0.1875 0.00252448001
-0.203125 -0.1875 0.00619833877
-0.203125 -0.1875 0.00987219752
-0.203125 -0.1875 0.0135460563
-0.203125 -0.1875 0.017219915
-0.203125 -0.1875 0.0245676326
-0.203125 -0.1875 0.0282414913
-0.203125 -0.1875 0.0319153501
-0.197916667 -0.192708333 0.0355892088
-0.203125 -0.1875 0.0355892088
-0.197916667 -0.1875 0.0374261382
-0.203125 -0.177083333 -0.0452356839
-0.197916667 -0.177083333 -0.0470726132
-0.203125 -0.177083333 -0.0415618251
-0.203125 -0.177083333 -0.0378879663
-0.203125 -0.177083333 -0.0342141076
-0.203125 -0.177083333 -0.0305402488
-0.203125 -0.177083333 -0.0268663901
-0.203125 -0.177083333 -0.0231925313
-0.203125 -0.177083333 -0.0195186725
-0.203125 -0.177083333 -0.0158448138
-0.203125 -0.177083333 -0.012170955
-0.203125 -0.177083333 -0.00849709627
-0.203125 -0.177083333 0.00619833877
-0.203125 -0.177083333 0.00987219752
-0.203125 -0.177083333 0.0135460563
-0.203125 -0.177083333 0.017219915
-0.203125 -0.177083333 0.0208937738
-0.203125 -0.177083333 0.0319153501
-0.203125 -0.177083333 0.0355892088
-0.197916667 -0.177083333 0.0374261382
-0.197916667 -0.171875 -0.0452356839
-0.203125 -0.166666667 -0.0415618251
-0.197916667 -0.166666667 -0.0433987545
-0.203125 -0.166666667 -0.0378879663
-0.203125 -0.166666667 -0.0342141076
-0.203125 -0.166666667 -0.0305402488
-0.203125 -0.166666667 -0.0268663901
-0.203125 -0.166666667 -0.0195186725
-0.203125 -0.166666667 -0.012170955
-0.203125 -0.166666667 -0.00849709627
-0.203125 -0.166666667 -0.00482323751
-0.203125 -0.166666667 0.017219915
-0.203125 -0.166666667 0.0208937738
-0.203125 -0.166666667 0.0245676326
-0.203125 -0.166666667 0.0319153501
-0.203125 -0.166666667 0.0355892088
-0.197916667 -0.166666667 0.0374261382
-0.203125 -0.15625 -0.0415618251
-0.197916667 -0.15625 -0.0433987545
-0.203125 -0.15625 -0.0378879663
-0.203125 -0.15625 -0.0342141076
-0.203125 -0.15625 -0.0305402488
-0.203125 -0.15625 -0.0268663901
-0.203125 -0.15625 -0.0231925313
-0.203125 -0.15625 -0.00114937875
-0.203125 -0.15625 0.0282414913
-0.203125 -0.15625 0.0355892088
-0.197916667 -0.15625 0.0374261382
-0.203125 -0.145833333 -0.0415618251
-0.197916667 -0.145833333 -0.0433987545
-0.203125 -0.145833333 -0.0378879663
-0.203125 -0.145833333 -0.0342141076
-0.203125 -0.145833333 -0.0305402488
-0.203125 -0.145833333 -0.0268663901
-0.203125 -0.145833333 -0.0158448138
-0.203125 -0.145833333 0.0319153501
-0.203125 -0.145833333 0.0355892088
-0.197916667 -0.145833333 0.0374261382
-0.203125 -0.135416667 -0.0415618251
-0.197916667 -0.135416667 -0.0433987545
-0.203125 -0.135416667 -0.0378879663
-0.203125 -0.135416667 -0.0342141076
-0.203125 -0.135416667 -0.0305402488
-0.203125 -0.135416667 -0.0268663901
-0.203125 -0.135416667 0.0319153501
-0.203125 -0.135416667 0.0355892088
-0.197916667 -0.135416667 0.0374261382
-0.203125 -0.125 -0.0452356839
-0.197916667 -0.125 -0.0470726132
-0.197916667 -0.130208333 -0.0452356839
-0.203125 -0.125 -0.0415618251
-0.203125 -0.125 -0.0378879663
-0.203125 -0.125 -0.0342141076
-0.203125 -0.125 -0.0305402488
-0.203125 -0.125 -0.0268663901
-0.203125 -0.125 -0.0195186725
-0.203125 -0.125 0.0319153501
-0.203125 -0.125 0.0355892088
-0.197916667 -0.125 0.0374261382
-0.203125 -0.114583333 -0.0452356839
-0.197916667 -0.114583333 -0.0470726132
-0.203125 -0.114583333 -0.0415618251
-0.203125 -0.114583333 -0.0378879663
-0.203125 -0.114583333 -0.0342141076
-0.203125 -0.114583333 -0.0305402488
-0.203125 -0.114583333 -0.0268663901
-0.203125 -0.114583333 -0.0231925313
-0.203125 -0.114583333 0.0355892088
-0.197916667 -0.114583333 0.0374261382
-0.203125 -0.104166667 -0.0452356839
-0.197916667 -0.104166667 -0.0470726132
-0.203125 -0.104166667 -0.0415618251
-0.203125 -0.104166667 -0.0378879663
-0.203125 -0.104166667 -0.0342141076
-0.203125 -0.104166667 -0.0305402488
-0.203125 -0.104166667 -0.0231925313
-0.203125 -0.104166667 -0.0195186725
-0.203125 -0.104166667 0.0319153501
-0.203125 -0.104166667 0.0355892088
-0.197916667 -0.104166667 0.0374261382
-0.203125 -0.09375 -0.0452356839
-0.197916667 -0.09375 -0.0470726132
-0.203125 -0.09375 -0.0415618251
-0.203125 -0.09375 -0.0378879663
-0.203125 -0.09375 -0.0342141076
-0.203125 -0.09375 -0.0305402488
-0.203125 -0.09375 -0.0268663901
-0.203125 -0.09375 -0.0231925313
-0.203125 -0.09375 0.0319153501
-0.203125 -0.09375 0.0355892088
-0.197916667 -0.09375 0.0374261382
-0.203125 -0.0833333333 -0.0452356839
-0.197916667 -0.0833333333 -0.0470726132
-0.203125 -0.0833333333 -0.0415618251
-0.203125 -0.0833333333 -0.0378879663
-0.203125 -0.0833333333 -0.0342141076
-0.203125 -0.0833333333 -0.0305402488
-0.203125 -0.0833333333 -0.0231925313
-0.203125 -0.0833333333 0.0319153501
-0.203125 -0.0833333333 0.0355892088
-0.197916667 -0.0833333333 0.0374261382
-0.203125 -0.0729166667 -0.0452356839
-0.197916667 -0.0729166667 -0.0470726132
-0.203125 -0.0729166667 -0.0415618251
-0.203125 -0.0729166667 -0.0378879663
-0.203125 -0.0729166667 -0.0342141076
-0.203125 -0.0729166667 -0.0305402488
-0.203125 -0.0729166667 -0.0268663901
-0.203125 -0.0729166667 0.0282414913
-0.203125 -0.0729166667 0.0319153501
-0.203125 -0.0729166667 0.0355892088
-0.197916667 -0.0729166667 0.0374261382
-0.203125 -0.0625 -0.0452356839
-0.197916667 -0.0625 -0.0470726132
-0.203125 -0.0625 -0.0415618251
-0.203125 -0.0625 -0.0378879663
-0.203125 -0.0625 -0.0342141076
-0.203125 -0.0625 -0.0305402488
-0.203125 -0.0625 -0.0231925313
-0.203125 -0.0625 -0.0195186725
-0.203125 -0.0625 0.0319153501
-0.203125 -0.0625 0.0355892088
-0.197916667 -0.0625 0.0374261382
-0.203125 -0.0520833333 -0.0452356839
-0.197916667 -0.0520833333 -0.0470726132
-0.203125 -0.0520833333 -0.0415618251
-0.203125 -0.0520833333 -0.0378879663
-0.203125 -0.0520833333 -0.0342141076
-0.203125 -0.0520833333 -0.0305402488
-0.203125 -0.0520833333 -0.0268663901
-0.203125 -0.0520833333 0.0319153501
-0.203125 -0.0520833333 0.0355892088
-0.197916667 -0.0520833333 0.0374261382
-0.203125 -0.0416666667 -0.0452356839
-0.197916667 -0.0416666667 -0.0470726132
-0.203125 -0.0416666667 -0.0415618251
-0.203125 -0.0416666667 -0.0378879663
-0.203125 -0.0416666667 -0.0342141076
-0.203125 -0.0416666667 -0.0305402488
-0.203125 -0.0416666667 -0.0231925313
-0.203125 -0.0416666667 -0.0195186725
-0.203125 -0.0416666667 0.0319153501
-0.203125 -0.0416666667 0.0355892088
-0.197916667 -0.0416666667 0.0374261382
-0.203125 -0.03125 -0.0452356839
-0.197916667 -0.03125 -0.0470726132
-0.203125 -0.03125 -0.0415618251
-0.203125 -0.03125 -0.0378879663
-0.203125 -0.03125 -0.0342141076
-0.203125 -0.03125 -0.0305402488
-0.203125 -0.03125 -0.0268663901
-0.203125 -0.03125 -0.0231925313
-0.203125 -0.03125 0.0355892088
-0.197916667 -0.03125 0.0374261382
-0.203125 -0.0208333333 -0.0452356839
-0.197916667 -0.0208333333 -0.0470726132
-0.203125 -0.0208333333 -0.0415618251
-0.203125 -0.0208333333 -0.0378879663
-0.203125 -0.0208333333 -0.0342141076
-0.203125 -0.0208333333 -0.0305402488
-0.203125 -0.0208333333 0.0319153501
-0.203125 -0.0208333333 0.0355892088
-0.197916667 -0.0208333333 0.0374261382
-0.203125 -0.0104166667 -0.0452356839
-0.197916667 -0.0104166667 -0.0470726132
-0.203125 -0.0104166667 -0.0415618251
-0.203125 -0.0104166667 -0.0378879663
-0.203125 -0.0104166667 -0.0342141076
-0.203125 -0.0104166667 -0.0305402488
-0.203125 -0.0104166667 -0.0268663901
-0.203125 -0.0104166667 -0.0231925313
-0.203125 -0.0104166667 0.0355892088
-0.197916667 -0.0104166667 0.0374261382
-0.203125 -2.77555756e-17 -0.0452356839
-0.197916667 -2.77555756e-17 -0.0470726132
-0.203125 -2.77555756e-17 -0.0415618251
-0.203125 -2.77555756e-17 -0.0378879663
-0.203125 -2.77555756e-17 -0.0342141076
-0.203125 -2.77555756e-17 -0.0305402488
-0.203125 -2.77555756e-17 0.0319153501
-0.203125 -2.77555756e-17 0.0355892088
-0.197916667 -2.77555756e-17 0.0374261382
-0.203125 0.0104166667 -0.0452356839
-0.197916667 0.0104166667 -0.0470726132
-0.203125 0.0104166667 -0.0415618251
-0.203125 0.0104166667 -0.0378879663
-0.203125 0.0104166667 -0.0342141076
-0.203125 0.0104166667 -0.0305402488
-0.203125 0.0104166667 -0.0268663901
-0.203125 0.0104166667 -0.0231925313
-0.203125 0.0104166667 0.0282414913
-0.203125 0.0104166667 0.0319153501
-0.203125 0.0104166667 0.0355892088
-0.197916667 0.0104166667 0.0374261382
-0.197916667 0.015625 -0.0452356839
-0.203125 0.0208333333 -0.0415618251
-0.197916667 0.0208333333 -0.0433987545
-0.203125 0.0208333333 -0.0378879663
-0.203125 0.0208333333 -0.0342141076
-0.203125 0.0208333333 -0.0305402488
-0.203125 0.0208333333 -0.0268663901
-0.203125 0.0208333333 0.0319153501
-0.203125 0.0208333333 0.0355892088
-0.197916667 0.0208333333 0.0374261382
-0.203125 0.03125 -0.0415618251
-0.197916667 0.03125 -0.0433987545
-0.203125 0.03125 -0.0378879663
-0.203125 0.03125 -0.0342141076
-0.203125 0.03125 -0.0305402488
-0.203125 0.03125 -0.0268663901
-0.203125 0.03125 -0.0231925313
-0.203125 0.03125 -0.0195186725
-0.203125 0.03125 0.0319153501
-0.203125 0.03125 0.0355892088
-0.197916667 0.03125 0.0374261382
-0.203125 0.0416666667 -0.0415618251
-0.197916667 0.0416666667 -0.0433987545
-0.203125 0.0416666667 -0.0378879663
-0.203125 0.0416666667 -0.0342141076
-0.203125 0.0416666667 -0.0305402488
-0.203125 0.0416666667 -0.0268663901
-0.203125 0.0416666667 0.0319153501
-0.203125 0.0416666667 0.0355892088
-0.197916667 0.0416666667 0.0374261382
-0.203125 0.0520833333 -0.0452356839
-0.197916667 0.0520833333 -0.0470726132
-0.197916667 0.046875 -0.0452356839
-0.203125 0.0520833333 -0.0415618251
-0.203125 0.0520833333 -0.0378879663
-0.203125 0.0520833333 -0.0342141076
-0.203125 0.0520833333 -0.0305402488
-0.203125 0.0520833333 -0.0268663901
-0.203125 0.0520833333 -0.0231925313
-0.203125 0.0520833333 -0.0195186725
-0.203125 0.0520833333 0.0319153501
-0.203125 0.0520833333 0.0355892088
-0.197916667 0.0520833333 0.0374261382
-0.203125 0.0625 -0.0452356839
-0.197916667 0.0625 -0.0470726132
-0.203125 0.0625 -0.0415618251
-0.203125 0.0625 -0.0378879663
-0.203125 0.0625 -0.0342141076
-0.203125 0.0625 -0.0305402488
-0.203125 0.0625 -0.0268663901
-0.203125 0.0625 -0.0231925313
-0.203125 0.0625 -0.0195186725
-0.203125 0.0625 0.0319153501
-0.203125 0.0625 0.0355892088
-0.197916667 0.0625 0.0374261382
-0.203125 0.0729166667 -0.0452356839
-0.197916667 0.0729166667 -0.0470726132
-0.203125 0.0729166667 -0.0415618251
-0.203125 0.0729166667 -0.0378879663
-0.203125 0.0729166667 -0.0342141076
-0.203125 0.0729166667 -0.0305402488
-0.203125 0.0729166667 -0.0268663901
-0.203125 0.0729166667 0.0319153501
-0.203125 0.0729166667 0.0355892088
-0.197916667 0.0729166667 0.0374261382
-0.203125 0.0833333333 -0.0452356839
-0.197916667 0.0833333333 -0.0470726132
-0.203125 0.0833333333 -0.0415618251
-0.203125 0.0833333333 -0.0378879663
-0.203125 0.0833333333 -0.0342141076
-0.203125 0.0833333333 -0.0305402488
-0.203125 0.0833333333 -0.0268663901
-0.203125 0.0833333333 -0.0231925313
-0.203125 0.0833333333 -0.0195186725
-0.203125 0.0833333333 0.0319153501
-0.203125 0.0833333333 0.0355892088
-0.197916667 0.0833333333 0.0374261382
-0.203125 0.09375 -0.0452356839
-0.197916667 0.09375 -0.0470726132
-0.203125 0.09375 -0.0415618251
-0.203125 0.09375 -0.0378879663
-0.203125 0.09375 -0.0342141076
-0.203125 0.09375 -0.0305402488
-0.203125 0.09375 -0.0268663901
-0.203125 0.09375 0.0319153501
-0.203125 0.09375 0.0355892088
-0.197916667 0.09375 0.0374261382
-0.203125 0.104166667 -0.0452356839
-0.197916667 0.104166667 -0.0470726132
-0.203125 0.104166667 -0.0415618251
-0.203125 0.104166667 -0.0378879663
-0.203125 0.104166667 -0.0342141076
-0.203125 0.104166667 -0.0305402488
-0.203125 0.104166667 -0.0231925313
-0.203125 0.104166667 -0.0195186725
-0.203125 0.104166667 -0.0158448138
-0.203125 0.104166667 0.0282414913
-0.203125 0.104166667 0.0319153501
-0.203125 0.104166667 0.0355892088
-0.197916667 0.104166667 0.0374261382
-0.203125 0.114583333 -0.0452356839
-0.197916667 0.114583333 -0.0470726132
-0.203125 0.114583333 -0.0415618251
-0.203125 0.114583333 -0.0378879663
-0.203125 0.114583333 -0.0342141076
-0.203125 0.114583333 -0.0305402488
-0.203125 0.114583333 -0.0268663901
-0.203125 0.114583333 -0.0231925313
-0.203125 0.114583333 0.0319153501
-0.203125 0.114583333 0.0355892088
-0.197916667 0.114583333 0.0374261382
-0.203125 0.125 -0.0452356839
-0.197916667 0.125 -0.0470726132
-0.203125 0.125 -0.0415618251
-0.203125 0.125 -0.0378879663
-0.203125 0.125 -0.0342141076
-0.203125 0.125 -0.0305402488
-0.203125 0.125 -0.0268663901
-0.203125 0.125 0.0319153501
-0.203125 0.125 0.0355892088
-0.197916667 0.125 0.0374261382
-0.203125 0.135416667 -0.0452356839
-0.197916667 0.135416667 -0.0470726132
-0.203125 0.135416667 -0.0415618251
-0.203125 0.135416667 -0.0378879663
-0.203125 0.135416667 -0.0342141076
-0.203125 0.135416667 -0.0305402488
-0.203125 0.135416667 -0.0195186725
-0.203125 0.135416667 0.0282414913
-0.203125 0.135416667 0.0319153501
-0.203125 0.135416667 0.0355892088
-0.197916667 0.135416667 0.0374261382
-0.203125 0.145833333 -0.0452356839
-0.197916667 0.145833333 -0.0470726132
-0.203125 0.145833333 -0.0415618251
-0.203125 0.145833333 -0.0378879663
-0.203125 0.145833333 -0.0342141076
-0.203125 0.145833333 -0.0305402488
-0.203125 0.145833333 -0.0268663901
-0.203125 0.145833333 0.00619833877
-0.203125 0.145833333 0.00987219752
-0.203125 0.145833333 0.0282414913
-0.203125 0.145833333 0.0319153501
-0.203125 0.145833333 0.0355892088
-0.197916667 0.145833333 0.0374261382
-0.203125 0.15625 -0.0452356839
-0.197916667 0.15625 -0.0470726132
-0.203125 0.15625 -0.0415618251
-0.203125 0.15625 -0.0378879663
-0.203125 0.15625 -0.0342141076
-0.203125 0.15625 -0.0305402488
-0.203125 0.15625 -0.0231925313
-0.203125 0.15625 -0.00849709627
-0.203125 0.15625 -0.00482323751
-0.203125 0.15625 -0.00114937875
-0.203125 0.15625 0.00252448001
-0.203125 0.15625 0.00619833877
-0.203125 0.15625 0.0282414913
-0.203125 0.15625 0.0319153501
-0.203125 0.15625 0.0355892088
-0.197916667 0.15625 0.0374261382
-0.203125 0.166666667 -0.0452356839
-0.197916667 0.166666667 -0.0470726132
-0.203125 0.166666667 -0.0415618251
-0.203125 0.166666667 -0.0378879663
-0.203125 0.166666667 -0.0342141076
-0.203125 0.166666667 -0.0268663901
-0.203125 0.166666667 -0.0195186725
-0.203125 0.166666667 -0.0158448138
-0.203125 0.166666667 -0.012170955
-0.203125 0.166666667 -0.00849709627
-0.203125 0.166666667 -0.00482323751
-0.203125 0.166666667 -0.00114937875
-0.203125 0.166666667 0.00252448001
-0.203125 0.166666667 0.017219915
-0.203125 0.166666667 0.0208937738
-0.203125 0.166666667 0.0245676326
-0.203125 0.166666667 0.0282414913
-0.203125 0.166666667 0.0319153501
-0.203125 0.166666667 0.0355892088
-0.197916667 0.166666667 0.0374261382
-0.203125 0.177083333 -0.0452356839
-0.197916667 0.177083333 -0.0470726132
-0.203125 0.177083333 -0.0415618251
-0.203125 0.177083333 -0.0378879663
-0.203125 0.177083333 -0.0342141076
-0.203125 0.177083333 -0.0305402488
-0.203125 0.177083333 -0.0268663901
-0.203125 0.177083333 -0.0231925313
-0.203125 0.177083333 -0.0195186725
-0.203125 0.177083333 -0.0158448138
-0.203125 0.177083333 -0.012170955
-0.203125 0.177083333 -0.00849709627
-0.203125 0.177083333 -0.00482323751
-0.203125 0.177083333 -0.00114937875
-0.203125 0.177083333 0.00619833877
-0.203125 0.177083333 0.00987219752
-0.203125 0.177083333 0.0135460563
-0.203125 0.177083333 0.017219915
-0.203125 0.177083333 0.0208937738
-0.203125 0.177083333 0.0245676326
-0.203125 0.177083333 0.0282414913
-0.203125 0.177083333 0.0319153501
-0.203125 0.177083333 0.0355892088
-0.197916667 0.177083333 0.0374261382
-0.203125 0.1875 -0.0452356839
-0.197916667 0.1875 -0.0470726132
-0.203125 0.1875 -0.0415618251
-0.203125 0.1875 -0.0378879663
-0.203125 0.1875 -0.0342141076
-0.203125 0.1875 -0.0305402488
-0.203125 0.1875 -0.0268663901
-0.203125 0.1875 -0.0231925313
-0.203125 0.1875 -0.0195186725
-0.203125 0.1875 -0.0158448138
-0.203125 0.1875 -0.012170955
-0.203125 0.1875 -0.00849709627
-0.203125 0.1875 -0.00482323751
-0.203125 0.1875 -0.00114937875
-0.203125 0.1875 0.00252448001
-0.203125 0.1875 0.00619833877
-0.203125 0.1875 0.00987219752
-0.203125 0.1875 0.0135460563
-0.203125 0.1875 0.017219915
-0.203125 0.1875 0.0208937738
-0.203125 0.1875 0.0245676326
-0.203125 0.1875 0.0282414913
-0.203125 0.1875 0.0319153501
-0.203125 0.1875 0.0355892088
-0.197916667 0.1875 0.0374261382
-0.197916667 0.192708333 -0.0452356839
-0.197916667 0.192708333 -0.0415618251
-0.197916667 0.192708333 -0.0378879663
-0.197916667 0.192708333 -0.0342141076
-0.197916667 0.192708333 -0.0305402488
-0.197916667 0.192708333 -0.0268663901
-0.197916667 0.192708333 -0.0231925313
-0.197916667 0.192708333 -0.0195186725
-0.197916667 0.192708333 -0.0158448138
-0.197916667 0.192708333 -0.012170955
-0.197916667 0.192708333 -0.00849709627
-0.197916667 0.192708333 -0.00482323751
-0.197916667 0.192708333 -0.00114937875
-0.197916667 0.192708333 0.00252448001
-0.197916667 0.192708333 0.00619833877
-0.197916667 0.192708333 0.00987219752
-0.197916667 0.192708333 0.0135460563
-0.197916667 0.192708333 0.017219915
-0.197916667 0.192708333 0.0208937738
-0.197916667 0.192708333 0.0245676326
-0.197916667 0.192708333 0.0282414913
-0.197916667 0.192708333 0.0319153501
-0.197916667 0.192708333 0.0355892088
-0.192708333 -0.208333333 -0.0231925313
-0.1875 -0.208333333 -0.0250294607
-0.1875 -0.213541667 -0.0231925313
-0.1875 -0.213541667 -0.0195186725
-0.192708333 -0.208333333 -0.0195186725
-0.1875 -0.213541667 -0.0158448138
-0.192708333 -0.208333333 -0.0158448138
-0.1875 -0.213541667 -0.012170955
-0.192708333 -0.208333333 -0.012170955
-0.1875 -0.213541667 -0.00849709627
-0.1875 -0.213541667 -0.00482323751
-0.1875 -0.213541667 -0.00114937875
-0.1875 -0.213541667 0.00252448001
-0.192708333 -0.208333333 0.00252448001
-0.1875 -0.213541667 0.00619833877
-0.192708333 -0.208333333 0.00619833877
-0.1875 -0.213541667 0.00987219752
-0.192708333 -0.208333333 0.00987219752
-0.1875 -0.213541667 0.0135460563
-0.192708333 -0.208333333 0.0135460563
-0.1875 -0.213541667 0.017219915
-0.192708333 -0.208333333 0.017219915
-0.1875 -0.213541667 0.0208937738
-0.192708333 -0.208333333 0.0208937738
-0.1875 -0.213541667 0.0245676326
-0.192708333 -0.208333333 0.0245676326
-0.1875 -0.208333333 0.0264045619
-0.1875 -0.197916667 -0.0470726132
-0.1875 -0.203125 -0.0452356839
-0.1875 -0.203125 -0.0415618251
-0.1875 -0.203125 -0.0378879663
-0.1875 -0.203125 -0.0342141076
-0.1875 -0.203125 -0.0305402488
-0.1875 -0.203125 -0.0268663901
-0.1875 -0.203125 0.0282414913
-0.1875 -0.203125 0.0319153501
-0.1875 -0.203125 0.0355892088
-0.192708333 -0.197916667 0.0355892088
-0.1875 -0.197916667 0.0374261382
-0.192708333 -0.1875 -0.0525834014
-0.1875 -0.1875 -0.0544203307
-0.1875 -0.192708333 -0.0525834014
-0.1875 -0.192708333 -0.0489095426
-0.192708333 -0.1875 -0.0489095426
-0.1875 -0.192708333 0.0392630676
-0.192708333 -0.1875 0.0392630676
-0.1875 -0.1875 0.041099997
-0.192708333 -0.177083333 -0.0525834014
-0.1875 -0.177083333 -0.0544203307
-0.192708333 -0.177083333 -0.0489095426
-0.192708333 -0.177083333 0.0392630676
-0.1875 -0.177083333 0.041099997
-0.192708333 -0.166666667 -0.0525834014
-0.1875 -0.166666667 -0.0544203307
-0.192708333 -0.166666667 -0.0489095426
-0.192708333 -0.166666667 -0.0452356839
-0.192708333 -0.166666667 0.0392630676
-0.1875 -0.166666667 0.041099997
-0.1875 -0.161458333 -0.0525834014
-0.192708333 -0.15625 -0.0489095426
-0.1875 -0.15625 -0.050746472
-0.192708333 -0.15625 -0.0452356839
-0.192708333 -0.15625 0.0392630676
-0.1875 -0.15625 0.041099997
-0.192708333 -0.145833333 -0.0489095426
-0.1875 -0.145833333 -0.050746472
-0.192708333 -0.145833333 -0.0452356839
-0.192708333 -0.145833333 0.0392630676
-0.1875 -0.145833333 0.041099997
-0.192708333 -0.135416667 -0.0525834014
-0.1875 -0.135416667 -0.0544203307
-0.1875 -0.140625 -0.0525834014
-0.192708333 -0.135416667 -0.0489095426
-0.192708333 -0.135416667 -0.0452356839
-0.192708333 -0.135416667 0.0392630676
-0.1875 -0.135416667 0.041099997
-0.192708333 -0.125 -0.0525834014
-0.1875 -0.125 -0.0544203307
-0.192708333 -0.125 -0.0489095426
-0.192708333 -0.125 0.0392630676
-0.1875 -0.125 0.041099997
-0.192708333 -0.114583333 -0.0525834014
-0.1875 -0.114583333 -0.0544203307
-0.192708333 -0.114583333 -0.0489095426
-0.192708333 -0.114583333 0.0392630676
-0.1875 -0.114583333 0.041099997
-0.192708333 -0.104166667 -0.0525834014
-0.1875 -0.104166667 -0.0544203307
-0.192708333 -0.104166667 -0.0489095426
-0.192708333 -0.104166667 0.0392630676
-0.1875 -0.104166667 0.041099997
-0.192708333 -0.09375 -0.0525834014
-0.1875 -0.09375 -0.0544203307
-0.192708333 -0.09375 -0.0489095426
-0.192708333 -0.09375 0.0392630676
-0.1875 -0.09375 0.041099997
-0.192708333 -0.0833333333 -0.0525834014
-0.1875 -0.0833333333 -0.0544203307
-0.192708333 -0.0833333333 -0.0489095426
-0.192708333 -0.0833333333 0.0392630676
-0.1875 -0.0833333333 0.041099997
-0.192708333 -0.0729166667 -0.0525834014
-0.1875 -0.0729166667 -0.0544203307
-0.192708333 -0.0729166667 -0.0489095426
-0.192708333 -0.0729166667 0.0392630676
-0.1875 -0.0729166667 0.041099997
-0.192708333 -0.0625 -0.0525834014
-0.1875 -0.0625 -0.0544203307
-0.192708333 -0.0625 -0.0489095426
-0.192708333 -0.0625 0.0392630676
-0.1875 -0.0625 0.041099997
-0.192708333 -0.0520833333 -0.0525834014
-0.1875 -0.0520833333 -0.0544203307
-0.192708333 -0.0520833333 -0.0489095426
-0.192708333 -0.0520833333 0.0392630676
-0.1875 -0.0520833333 0.041099997
-0.192708333 -0.0416666667 -0.0525834014
-0.1875 -0.0416666667 -0.0544203307
-0.192708333 -0.0416666667 -0.0489095426
-0.192708333 -0.0416666667 0.0392630676
-0.1875 -0.0416666667 0.041099997
-0.192708333 -0.03125 -0.0525834014
-0.1875 -0.03125 -0.0544203307
-0.192708333 -0.03125 -0.0489095426
-0.192708333 -0.03125 0.0392630676
-0.1875 -0.03125 0.041099997
-0.192708333 -0.0208333333 -0.0525834014
-0.1875 -0.0208333333 -0.0544203307
-0.192708333 -0.0208333333 -0.0489095426
-0.192708333 -0.0208333333 0.0392630676
-0.1875 -0.0208333333 0.041099997
-0.192708333 -0.0104166667 -0.0525834014
-0.1875 -0.0104166667 -0.0544203307
-0.192708333 -0.0104166667 -0.0489095426
-0.192708333 -0.0104166667 0.0392630676
-0.1875 -0.0104166667 0.041099997
-0.192708333 -2.77555756e-17 -0.0525834014
-0.1875 -2.77555756e-17 -0.0544203307
-0.192708333 -2.77555756e-17 -0.0489095426
-0.192708333 -2.77555756e-17 0.0392630676
-0.1875 -2.77555756e-17 0.041099997
-0.192708333 0.0104166667 -0.0525834014
-0.1875 0.0104166667 -0.0544203307
-0.192708333 0.0104166667 -0.0489095426
-0.192708333 0.0104166667 0.0392630676
-0.1875 0.0104166667 0.041099997
-0.1875 0.015625 -0.0525834014
-0.192708333 0.0208333333 -0.0489095426
-0.1875 0.0208333333 -0.050746472
-0.192708333 0.0208333333 -0.0452356839
-0.192708333 0.0208333333 0.0392630676
-0.1875 0.0208333333 0.041099997
-0.192708333 0.03125 -0.0489095426
-0.1875 0.03125 -0.050746472
-0.192708333 0.03125 -0.0452356839
-0.192708333 0.03125 0.0392630676
-0.1875 0.03125 0.041099997
-0.192708333 0.0416666667 -0.0489095426
-0.1875 0.0416666667 -0.050746472
-0.192708333 0.0416666667 -0.0452356839
-0.192708333 0.0416666667 0.0392630676
-0.1875 0.0416666667 0.041099997
-0.192708333 0.0520833333 -0.0525834014
-0.1875 0.0520833333 -0.0544203307
-0.1875 0.046875 -0.0525834014
-0.192708333 0.0520833333 -0.0489095426
-0.192708333 0.0520833333 0.0392630676
-0.1875 0.0520833333 0.041099997
-0.192708333 0.0625 -0.0525834014
-0.1875 0.0625 -0.0544203307
-0.192708333 0.0625 -0.0489095426
-0.192708333 0.0625 0.0392630676
-0.1875 0.0625 0.041099997
-0.192708333 0.0729166667 -0.0525834014
-0.1875 0.0729166667 -0.0544203307
-0.192708333 0.0729166667 -0.0489095426
-0.192708333 0.0729166667 0.0392630676
-0.1875 0.0729166667 0.041099997
-0.192708333 0.0833333333 -0.0525834014
-0.1875 0.0833333333 -0.0544203307
-0.192708333 0.0833333333 -0.0489095426
-0.192708333 0.0833333333 0.0392630676
-0.1875 0.0833333333 0.041099997
-0.192708333 0.09375 -0.0525834014
-0.1875 0.09375 -0.0544203307
-0.192708333 0.09375 -0.0489095426
-0.192708333 0.09375 0.0392630676
-0.1875 0.09375 0.041099997
-0.192708333 0.104166667 -0.0525834014
-0.1875 0.104166667 -0.0544203307
-0.192708333 0.104166667 -0.0489095426
-0.192708333 0.104166667 0.0392630676
-0.1875 0.104166667 0.041099997
-0.192708333 0.114583333 -0.0525834014
-0.1875 0.114583333 -0.0544203307
-0.192708333 0.114583333 -0.0489095426
-0.192708333 0.114583333 0.0392630676
-0.1875 0.114583333 0.041099997
-0.192708333 0.125 -0.0525834014
-0.1875 0.125 -0.0544203307
-0.192708333 0.125 -0.0489095426
-0.192708333 0.125 0.0392630676
-0.1875 0.125 0.041099997
-0.192708333 0.135416667 -0.0525834014
-0.1875 0.135416667 -0.0544203307
-0.192708333 0.135416667 -0.0489095426
-0.192708333 0.135416667 0.0392630676
-0.1875 0.135416667 0.041099997
-0.192708333 0.145833333 -0.0525834014
-0.1875 0.145833333 -0.0544203307
-0.192708333 0.145833333 -0.0489095426
-0.192708333 0.145833333 0.0392630676
-0.1875 0.140625 0.0429369264
-0.192708333 0.145833333 0.0429369264
-0.1875 0.145833333 0.0447738557
-0.192708333 0.15625 -0.0525834014
-0.1875 0.15625 -0.0544203307
-0.192708333 0.15625 -0.0489095426
-0.192708333 0.15625 0.0392630676
-0.1875 0.15625 0.041099997
-0.1875 0.151041667 0.0429369264
-0.192708333 0.166666667 -0.0525834014
-0.1875 0.166666667 -0.0544203307
-0.192708333 0.166666667 -0.0489095426
-0.192708333 0.166666667 0.0392630676
-0.1875 0.166666667 0.041099997
-0.192708333 0.177083333 -0.0525834014
-0.1875 0.177083333 -0.0544203307
-0.192708333 0.177083333 -0.0489095426
-0.192708333 0.177083333 0.0392630676
-0.1875 0.177083333 0.041099997
-0.1875 0.182291667 -0.0525834014
-0.1875 0.182291667 -0.0489095426
-0.1875 0.1875 -0.0470726132
-0.1875 0.182291667 0.0392630676
-0.1875 0.1875 0.0374261382
-0.1875 0.192708333 -0.0452356839
-0.1875 0.192708333 -0.0415618251
-0.1875 0.192708333 -0.0378879663
-0.1875 0.192708333 -0.0342141076
-0.1875 0.192708333 -0.0305402488
-0.1875 0.192708333 -0.0268663901
-0.1875 0.192708333 -0.0231925313
-0.1875 0.192708333 -0.0195186725
-0.1875 0.192708333 -0.0158448138
-0.1875 0.192708333 -0.012170955
-0.1875 0.192708333 -0.00849709627
-0.1875 0.192708333 -0.00482323751
-0.1875 0.192708333 -0.00114937875
-0.1875 0.192708333 0.00252448001
-0.1875 0.192708333 0.00619833877
-0.1875 0.192708333 0.00987219752
-0.1875 0.192708333 0.0135460563
-0.1875 0.192708333 0.017219915
-0.1875 0.192708333 0.0208937738
-0.1875 0.192708333 0.0245676326
-0.1875 0.192708333 0.0282414913
-0.1875 0.192708333 0.0319153501
-0.1875 0.192708333 0.0355892088
-0.182291667 -0.208333333 -0.0305402488
-0.177083333 -0.208333333 -0.0323771782
-0.177083333 -0.213541667 -0.0305402488
-0.177083333 -0.213541667 -0.0268663901
-0.182291667 -0.208333333 -0.0268663901
-0.177083333 -0.208333333 -0.0250294607
-0.182291667 -0.208333333 -0.0231925313
-0.177083333 -0.208333333 -0.0213556019
-0.177083333 -0.213541667 -0.0195186725
-0.177083333 -0.213541667 -0.0158448138
-0.177083333 -0.213541667 -0.012170955
-0.177083333 -0.213541667 -0.00849709627
-0.177083333 -0.213541667 -0.00482323751
-0.177083333 -0.213541667 -0.00114937875
-0.177083333 -0.213541667 0.00252448001
-0.177083333 -0.213541667 0.00619833877
-0.177083333 -0.213541667 0.00987219752
-0.177083333 -0.213541667 0.0135460563
-0.177083333 -0.213541667 0.017219915
-0.177083333 -0.213541667 0.0208937738
-0.177083333 -0.213541667 0.0245676326
-0.177083333 -0.208333333 0.0264045619
-0.177083333 -0.197916667 -0.0470726132
-0.177083333 -0.203125 -0.0452356839
-0.177083333 -0.203125 -0.0415618251
-0.177083333 -0.203125 -0.0378879663
-0.177083333 -0.203125 -0.0342141076
-0.177083333 -0.203125 -0.0231925313
-0.177083333 -0.203125 0.0282414913
-0.177083333 -0.203125 0.0319153501
-0.177083333 -0.203125 0.0355892088
-0.177083333 -0.197916667 0.0374261382
-0.177083333 -0.1875 -0.0544203307
-0.177083333 -0.192708333 -0.0525834014
-0.177083333 -0.192708333 -0.0489095426
-0.177083333 -0.192708333 0.0392630676
-0.177083333 -0.1875 0.041099997
-0.182291667 -0.177083333 -0.0599311189
-0.177083333 -0.177083333 -0.0617680483
-0.177083333 -0.182291667 -0.0599311189
-0.177083333 -0.182291667 -0.0562572601
-0.182291667 -0.177083333 -0.0562572601
-0.177083333 -0.182291667 0.0429369264
-0.182291667 -0.177083333 0.0429369264
-0.177083333 -0.177083333 0.0447738557
-0.182291667 -0.166666667 -0.0599311189
-0.177083333 -0.166666667 -0.0617680483
-0.182291667 -0.166666667 -0.0562572601
-0.182291667 -0.166666667 0.0429369264
-0.177083333 -0.166666667 0.0447738557
-0.177083333 -0.161458333 -0.0599311189
-0.182291667 -0.15625 -0.0562572601
-0.177083333 -0.15625 -0.0580941895
-0.182291667 -0.15625 -0.0525834014
-0.182291667 -0.15625 0.0429369264
-0.177083333 -0.15625 0.0447738557
-0.182291667 -0.145833333 -0.0562572601
-0.177083333 -0.145833333 -0.0580941895
-0.182291667 -0.145833333 -0.0525834014
-0.182291667 -0.145833333 0.0429369264
-0.177083333 -0.145833333 0.0447738557
-0.182291667 -0.135416667 -0.0599311189
-0.177083333 -0.135416667 -0.0617680483
-0.177083333 -0.140625 -0.0599311189
-0.182291667 -0.135416667 -0.0562572601
-0.182291667 -0.135416667 0.0429369264
-0.177083333 -0.135416667 0.0447738557
-0.182291667 -0.125 -0.0599311189
-0.177083333 -0.125 -0.0617680483
-0.182291667 -0.125 -0.0562572601
-0.182291667 -0.125 0.0429369264
-0.177083333 -0.125 0.0447738557
-0.182291667 -0.114583333 -0.0599311189
-0.177083333 -0.114583333 -0.0617680483
-0.182291667 -0.114583333 -0.0562572601
-0.182291667 -0.114583333 0.0429369264
-0.177083333 -0.114583333 0.0447738557
-0.182291667 -0.104166667 -0.0599311189
-0.177083333 -0.104166667 -0.0617680483
-0.182291667 -0.104166667 -0.0562572601
-0.182291667 -0.104166667 0.0429369264
-0.177083333 -0.104166667 0.0447738557
-0.182291667 -0.09375 -0.0599311189
-0.177083333 -0.09375 -0.0617680483
-0.182291667 -0.09375 -0.0562572601
-0.182291667 -0.09375 0.0429369264
-0.177083333 -0.09375 0.0447738557
-0.182291667 -0.0833333333 -0.0599311189
-0.177083333 -0.0833333333 -0.0617680483
-0.182291667 -0.0833333333 -0.0562572601
-0.182291667 -0.0833333333 0.0429369264
-0.177083333 -0.0833333333 0.0447738557
-0.182291667 -0.0729166667 -0.0599311189
-0.177083333 -0.0729166667 -0.0617680483
-0.182291667 -0.0729166667 -0.0562572601
-0.182291667 -0.0729166667 0.0429369264
-0.177083333 -0.0729166667 0.0447738557
-0.182291667 -0.0625 -0.0599311189
-0.177083333 -0.0625 -0.0617680483
-0.182291667 -0.0625 -0.0562572601
-0.182291667 -0.0625 0.0429369264
-0.177083333 -0.0625 0.0447738557
-0.182291667 -0.0520833333 -0.0599311189
-0.177083333 -0.0520833333 -0.0617680483
-0.182291667 -0.0520833333 -0.0562572601
-0.182291667 -0.0520833333 0.0429369264
-0.177083333 -0.0520833333 0.0447738557
-0.182291667 -0.0416666667 -0.0599311189
-0.177083333 -0.0416666667 -0.0617680483
-0.182291667 -0.0416666667 -0.0562572601
-0.182291667 -0.0416666667 0.0429369264
-0.177083333 -0.0416666667 0.0447738557
-0.182291667 -0.03125 -0.0599311189
-0.177083333 -0.03125 -0.0617680483
-0.182291667 -0.03125 -0.0562572601
-0.182291667 -0.03125 0.0429369264
-0.177083333 -0.03125 0.0447738557
-0.182291667 -0.0208333333 -0.0599311189
-0.177083333 -0.0208333333 -0.0617680483
-0.182291667 -0.0208333333 -0.0562572601
-0.182291667 -0.0208333333 0.0429369264
-0.177083333 -0.0208333333 0.0447738557
-0.182291667 -0.0104166667 -0.0599311189
-0.177083333 -0.0104166667 -0.0617680483
-0.182291667 -0.0104166667 -0.0562572601
-0.182291667 -0.0104166667 0.0429369264
-0.177083333 -0.0104166667 0.0447738557
-0.182291667 -2.77555756e-17 -0.0599311189
-0.177083333 -2.77555756e-17 -0.0617680483
-0.182291667 -2.77555756e-17 -0.0562572601
-0.182291667 -2.77555756e-17 0.0429369264
-0.177083333 -2.77555756e-17 0.0447738557
-0.182291667 0.0104166667 -0.0599311189
-0.177083333 0.0104166667 -0.0617680483
-0.182291667 0.0104166667 -0.0562572601
-0.182291667 0.0104166667 0.0429369264
-0.177083333 0.0104166667 0.0447738557
-0.177083333 0.015625 -0.0599311189
-0.182291667 0.0208333333 -0.0562572601
-0.177083333 0.0208333333 -0.0580941895
-0.182291667 0.0208333333 -0.0525834014
-0.182291667 0.0208333333 0.0429369264
-0.177083333 0.0208333333 0.0447738557
-0.182291667 0.03125 -0.0562572601
-0.177083333 0.03125 -0.0580941895
-0.182291667 0.03125 -0.0525834014
-0.182291667 0.03125 0.0429369264
-0.177083333 0.0260416667 0.0466107851
-0.182291667 0.03125 0.0466107851
-0.177083333 0.03125 0.0484477145
-0.182291667 0.0416666667 -0.0562572601
-0.177083333 0.0416666667 -0.0580941895
-0.182291667 0.0416666667 -0.0525834014
-0.182291667 0.0416666667 0.0429369264
-0.177083333 0.0416666667 0.0447738557
-0.177083333 0.0364583333 0.0466107851
-0.182291667 0.0520833333 -0.0599311189
-0.177083333 0.0520833333 -0.0617680483
-0.177083333 0.046875 -0.0599311189
-0.182291667 0.0520833333 -0.0562572601
-0.182291667 0.0520833333 0.0429369264
-0.177083333 0.0520833333 0.0447738557
-0.182291667 0.0625 -0.0599311189
-0.177083333 0.0625 -0.0617680483
-0.182291667 0.0625 -0.0562572601
-0.182291667 0.0625 0.0429369264
-0.177083333 0.0572916667 0.0466107851
-0.182291667 0.0625 0.0466107851
-0.177083333 0.0625 0.0484477145
-0.182291667 0.0729166667 -0.0599311189
-0.177083333 0.0729166667 -0.0617680483
-0.182291667 0.0729166667 -0.0562572601
-0.182291667 0.0729166667 0.0429369264
-0.177083333 0.0729166667 0.0447738557
-0.177083333 0.0677083333 0.0466107851
-0.182291667 0.0833333333 -0.0599311189
-0.177083333 0.0833333333 -0.0617680483
-0.182291667 0.0833333333 -0.0562572601
-0.182291667 0.0833333333 0.0429369264
-0.177083333 0.0833333333 0.0447738557
-0.182291667 0.09375 -0.0599311189
-0.177083333 0.09375 -0.0617680483
-0.182291667 0.09375 -0.0562572601
-0.182291667 0.09375 0.0429369264
-0.177083333 0.0885416667 0.0466107851
-0.182291667 0.09375 0.0466107851
-0.177083333 0.09375 0.0484477145
-0.182291667 0.104166667 -0.0599311189
-0.177083333 0.104166667 -0.0617680483
-0.182291667 0.104166667 -0.0562572601
-0.182291667 0.104166667 0.0429369264
-0.177083333 0.104166667 0.0447738557
-0.177083333 0.0989583333 0.0466107851
-0.182291667 0.114583333 -0.0599311189
-0.177083333 0.114583333 -0.0617680483
-0.182291667 0.114583333 -0.0562572601
-0.182291667 0.114583333 0.0429369264
-0.177083333 0.114583333 0.0447738557
-0.182291667 0.125 -0.0599311189
-0.177083333 0.125 -0.0617680483
-0.182291667 0.125 -0.0562572601
-0.182291667 0.125 0.0429369264
-0.177083333 0.119791667 0.0466107851
-0.182291667 0.125 0.0466107851
-0.177083333 0.125 0.0484477145
-0.182291667 0.135416667 -0.0599311189
-0.177083333 0.135416667 -0.0617680483
-0.182291667 0.135416667 -0.0562572601
-0.182291667 0.135416667 0.0429369264
-0.177083333 0.135416667 0.0447738557
-0.177083333 0.130208333 0.0466107851
-0.182291667 0.145833333 -0.0599311189
-0.177083333 0.145833333 -0.0617680483
-0.182291667 0.145833333 -0.0562572601
-0.177083333 0.140625 0.0466107851
-0.182291667 0.145833333 0.0466107851
-0.177083333 0.145833333 0.0484477145
-0.182291667 0.15625 -0.0599311189
-0.177083333 0.15625 -0.0617680483
-0.182291667 0.15625 -0.0562572601
-0.182291667 0.15625 0.0429369264
-0.177083333 0.15625 0.0447738557
-0.177083333 0.151041667 0.0466107851
-0.182291667 0.166666667 -0.0599311189
-0.177083333 0.166666667 -0.0617680483
-0.182291667 0.166666667 -0.0562572601
-0.177083333 0.161458333 0.0429369264
-0.177083333 0.166666667 0.041099997
-0.177083333 0.171875 -0.0599311189
-0.177083333 0.171875 -0.0562572601
-0.177083333 0.177083333 -0.0544203307
-0.182291667 0.177083333 0.0392630676
-0.177083333 0.171875 0.0392630676
-0.177083333 0.177083333 0.0374261382
-0.177083333 0.182291667 -0.0525834014
-0.177083333 0.182291667 -0.0489095426
-0.177083333 0.1875 -0.0470726132
-0.177083333 0.1875 0.0374261382
-0.177083333 0.192708333 -0.0452356839
-0.177083333 0.192708333 -0.0415618251
-0.177083333 0.192708333 -0.0378879663
-0.177083333 0.192708333 -0.0342141076
-0.177083333 0.192708333 -0.0305402488
-0.177083333 0.192708333 -0.0268663901
-0.182291667 0.197916667 -0.0231925313
-0.177083333 0.197916667 -0.0250294607
-0.182291667 0.197916667 -0.0195186725
-0.177083333 0.197916667 -0.0176817432
-0.177083333 0.192708333 -0.0158448138
-0.177083333 0.192708333 -0.012170955
-0.177083333 0.192708333 -0.00849709627
-0.177083333 0.192708333 -0.00482323751
-0.177083333 0.192708333 -0.00114937875
-0.177083333 0.192708333 0.00252448001
-0.182291667 0.197916667 0.00619833877
-0.177083333 0.197916667 0.00436140939
-0.182291667 0.197916667 0.00987219752
-0.177083333 0.197916667 0.0117091269
-0.177083333 0.192708333 0.0135460563
-0.177083333 0.192708333 0.017219915
-0.177083333 0.192708333 0.0208937738
-0.177083333 0.192708333 0.0245676326
-0.177083333 0.192708333 0.0282414913
-0.177083333 0.192708333 0.0319153501
-0.177083333 0.192708333 0.0355892088
-0.177083333 0.203125 -0.0231925313
-0.177083333 0.203125 -0.0195186725
-0.177083333 0.203125 0.00619833877
-0.177083333 0.203125 0.00987219752
-0.171875 -0.208333333 -0.0305402488
-0.166666667 -0.208333333 -0.0287033194
-0.166666667 -0.213541667 -0.0268663901
-0.166666667 -0.213541667 -0.0231925313
-0.171875 -0.208333333 -0.0231925313
-0.166666667 -0.213541667 -0.0195186725
-0.166666667 -0.213541667 -0.0158448138
-0.166666667 -0.213541667 -0.012170955
-0.166666667 -0.213541667 -0.00849709627
-0.166666667 -0.213541667 -0.00482323751
-0.166666667 -0.213541667 -0.00114937875
-0.166666667 -0.213541667 0.00252448001
-0.166666667 -0.213541667 0.00619833877
-0.166666667 -0.213541667 0.00987219752
-0.166666667 -0.213541667 0.0135460563
-0.166666667 -0.213541667 0.017219915
-0.166666667 -0.213541667 0.0208937738
-0.166666667 -0.213541667 0.0245676326
-0.166666667 -0.208333333 0.0264045619
-0.166666667 -0.197916667 -0.0470726132
-0.166666667 -0.203125 -0.0452356839
-0.166666667 -0.203125 -0.0415618251
-0.166666667 -0.203125 -0.0378879663
-0.166666667 -0.203125 -0.0342141076
-0.166666667 -0.203125 -0.0305402488
-0.166666667 -0.203125 0.0282414913
-0.166666667 -0.203125 0.0319153501
-0.166666667 -0.203125 0.0355892088
-0.166666667 -0.197916667 0.0374261382
-0.171875 -0.1875 -0.0525834014
-0.166666667 -0.1875 -0.050746472
-0.166666667 -0.192708333 -0.0489095426
-0.166666667 -0.192708333 0.0392630676
-0.166666667 -0.1875 0.041099997
-0.166666667 -0.177083333 -0.0617680483
-0.166666667 -0.182291667 -0.0599311189
-0.166666667 -0.182291667 -0.0562572601
-0.166666667 -0.182291667 -0.0525834014
-0.166666667 -0.182291667 0.0429369264
-0.166666667 -0.177083333 0.0447738557
-0.171875 -0.166666667 -0.0672788364
-0.166666667 -0.166666667 -0.0691157658
-0.166666667 -0.171875 -0.0672788364
-0.166666667 -0.171875 -0.0636049776
-0.171875 -0.166666667 -0.0636049776
-0.166666667 -0.171875 0.0466107851
-0.171875 -0.166666667 0.0466107851
-0.166666667 -0.166666667 0.0484477145
-0.166666667 -0.161458333 -0.0672788364
-0.171875 -0.15625 -0.0636049776
-0.166666667 -0.15625 -0.065441907
-0.171875 -0.15625 -0.0599311189
-0.171875 -0.15625 0.0466107851
-0.166666667 -0.15625 0.0484477145
-0.171875 -0.145833333 -0.0636049776
-0.166666667 -0.145833333 -0.065441907
-0.171875 -0.145833333 -0.0599311189
-0.171875 -0.145833333 0.0466107851
-0.166666667 -0.145833333 0.0484477145
-0.171875 -0.135416667 -0.0672788364
-0.166666667 -0.135416667 -0.0691157658
-0.166666667 -0.140625 -0.0672788364
-0.171875 -0.135416667 -0.0636049776
-0.171875 -0.135416667 0.0466107851
-0.166666667 -0.135416667 0.0484477145
-0.171875 -0.125 -0.0672788364
-0.166666667 -0.125 -0.0691157658
-0.171875 -0.125 -0.0636049776
-0.171875 -0.125 0.0466107851
-0.166666667 -0.125 0.0484477145
-0.171875 -0.114583333 -0.0672788364
-0.166666667 -0.114583333 -0.0691157658
-0.171875 -0.114583333 -0.0636049776
-0.171875 -0.114583333 0.0466107851
-0.166666667 -0.114583333 0.0484477145
-0.171875 -0.104166667 -0.0672788364
-0.166666667 -0.104166667 -0.0691157658
-0.171875 -0.104166667 -0.0636049776
-0.171875 -0.104166667 0.0466107851
-0.166666667 -0.104166667 0.0484477145
-0.171875 -0.09375 -0.0672788364
-0.166666667 -0.09375 -0.0691157658
-0.171875 -0.09375 -0.0636049776
-0.171875 -0.09375 0.0466107851
-0.166666667 -0.09375 0.0484477145
-0.171875 -0.0833333333 -0.0672788364
-0.166666667 -0.0833333333 -0.0691157658
-0.171875 -0.0833333333 -0.0636049776
-0.171875 -0.0833333333 0.0466107851
-0.166666667 -0.0833333333 0.0484477145
-0.171875 -0.0729166667 -0.0672788364
-0.166666667 -0.0729166667 -0.0691157658
-0.171875 -0.0729166667 -0.0636049776
-0.171875 -0.0729166667 0.0466107851
-0.166666667 -0.0729166667 0.0484477145
-0.171875 -0.0625 -0.0672788364
-0.166666667 -0.0625 -0.0691157658
-0.171875 -0.0625 -0.0636049776
-0.171875 -0.0625 0.0466107851
-0.166666667 -0.0677083333 0.0502846439
-0.171875 -0.0625 0.0502846439
-0.166666667 -0.0625 0.0521215732
-0.171875 -0.0520833333 -0.0672788364
-0.166666667 -0.0520833333 -0.0691157658
-0.171875 -0.0520833333 -0.0636049776
-0.171875 -0.0520833333 0.0466107851
-0.171875 -0.0520833333 0.0502846439
-0.166666667 -0.0520833333 0.0521215732
-0.171875 -0.0416666667 -0.0672788364
-0.166666667 -0.0416666667 -0.0691157658
-0.171875 -0.0416666667 -0.0636049776
-0.171875 -0.0416666667 0.0466107851
-0.166666667 -0.0416666667 0.0484477145
-0.166666667 -0.046875 0.0502846439
-0.171875 -0.03125 -0.0672788364
-0.166666667 -0.03125 -0.0691157658
-0.171875 -0.03125 -0.0636049776
-0.171875 -0.03125 0.0466107851
-0.166666667 -0.0364583333 0.0502846439
-0.171875 -0.03125 0.0502846439
-0.166666667 -0.03125 0.0521215732
-0.171875 -0.0208333333 -0.0672788364
-0.166666667 -0.0208333333 -0.0691157658
-0.171875 -0.0208333333 -0.0636049776
-0.171875 -0.0208333333 0.0466107851
-0.171875 -0.0208333333 0.0502846439
-0.166666667 -0.0208333333 0.0521215732
-0.171875 -0.0104166667 -0.0672788364
-0.166666667 -0.0104166667 -0.0691157658
-0.171875 -0.0104166667 -0.0636049776
-0.171875 -0.0104166667 0.0466107851
-0.166666667 -0.0104166667 0.0484477145
-0.166666667 -0.015625 0.0502846439
-0.171875 -2.77555756e-17 -0.0672788364
-0.166666667 -2.77555756e-17 -0.0691157658
-0.171875 -2.77555756e-17 -0.0636049776
-0.171875 -2.77555756e-17 0.0466107851
-0.166666667 -0.00520833333 0.0502846439
-0.171875 -2.77555756e-17 0.0502846439
-0.166666667 -2.77555756e-17 0.0521215732
-0.171875 0.0104166667 -0.0672788364
-0.166666667 0.0104166667 -0.0691157658
-0.171875 0.0104166667 -0.0636049776
-0.171875 0.0104166667 0.0466107851
-0.171875 0.0104166667 0.0502846439
-0.166666667 0.0104166667 0.0521215732
-0.171875 0.0208333333 -0.0672788364
-0.166666667 0.0208333333 -0.0691157658
-0.171875 0.0208333333 -0.0636049776
-0.171875 0.0208333333 -0.0599311189
-0.171875 0.0208333333 0.0466107851
-0.166666667 0.0208333333 0.0484477145
-0.166666667 0.015625 0.0502846439
-0.166666667 0.0260416667 -0.0672788364
-0.171875 0.03125 -0.0636049776
-0.166666667 0.03125 -0.065441907
-0.171875 0.03125 -0.0599311189
-0.166666667 0.0260416667 0.0502846439
-0.171875 0.03125 0.0502846439
-0.166666667 0.03125 0.0521215732
-0.171875 0.0416666667 -0.0636049776
-0.166666667 0.0416666667 -0.065441907
-0.171875 0.0416666667 -0.0599311189
-0.171875 0.0416666667 0.0466107851
-0.171875 0.0416666667 0.0502846439
-0.166666667 0.0416666667 0.0521215732
-0.171875 0.0520833333 -0.0672788364
-0.166666667 0.0520833333 -0.0691157658
-0.166666667 0.046875 -0.0672788364
-0.171875 0.0520833333 -0.0636049776
-0.171875 0.0520833333 0.0466107851
-0.166666667 0.0520833333 0.0484477145
-0.166666667 0.046875 0.0502846439
-0.171875 0.0625 -0.0672788364
-0.166666667 0.0625 -0.0691157658
-0.171875 0.0625 -0.0636049776
-0.166666667 0.0572916667 0.0502846439
-0.171875 0.0625 0.0502846439
-0.166666667 0.0625 0.0521215732
-0.171875 0.0729166667 -0.0672788364
-0.166666667 0.0729166667 -0.0691157658
-0.171875 0.0729166667 -0.0636049776
-0.171875 0.0729166667 0.0466107851
-0.171875 0.0729166667 0.0502846439
-0.166666667 0.0729166667 0.0521215732
-0.171875 0.0833333333 -0.0672788364
-0.166666667 0.0833333333 -0.0691157658
-0.171875 0.0833333333 -0.0636049776
-0.171875 0.0833333333 0.0466107851
-0.166666667 0.0833333333 0.0484477145
-0.166666667 0.078125 0.0502846439
-0.171875 0.09375 -0.0672788364
-0.166666667 0.09375 -0.0691157658
-0.171875 0.09375 -0.0636049776
-0.166666667 0.0885416667 0.0502846439
-0.171875 0.09375 0.0502846439
-0.166666667 0.09375 0.0521215732
-0.171875 0.104166667 -0.0672788364
-0.166666667 0.104166667 -0.0691157658
-0.171875 0.104166667 -0.0636049776
-0.171875 0.104166667 0.0466107851
-0.166666667 0.104166667 0.0484477145
-0.166666667 0.0989583333 0.0502846439
-0.171875 0.114583333 -0.0672788364
-0.166666667 0.114583333 -0.0691157658
-0.171875 0.114583333 -0.0636049776
-0.171875 0.114583333 0.0466107851
-0.166666667 0.109375 0.0502846439
-0.171875 0.114583333 0.0502846439
-0.166666667 0.114583333 0.0521215732
-0.171875 0.125 -0.0672788364
-0.166666667 0.125 -0.0691157658
-0.171875 0.125 -0.0636049776
-0.171875 0.125 0.0502846439
-0.166666667 0.125 0.0521215732
-0.171875 0.135416667 -0.0672788364
-0.166666667 0.135416667 -0.0691157658
-0.171875 0.135416667 -0.0636049776
-0.171875 0.135416667 0.0466107851
-0.166666667 0.135416667 0.0484477145
-0.166666667 0.130208333 0.0502846439
-0.171875 0.145833333 -0.0672788364
-0.166666667 0.145833333 -0.0691157658
-0.171875 0.145833333 -0.0636049776
-0.166666667 0.140625 0.0502846439
-0.171875 0.145833333 0.0502846439
-0.166666667 0.145833333 0.0521215732
-0.171875 0.15625 -0.0672788364
-0.166666667 0.15625 -0.0691157658
-0.171875 0.15625 -0.0636049776
-0.171875 0.15625 0.0466107851
-0.166666667 0.15625 0.0484477145
-0.166666667 0.151041667 0.0502846439
-0.166666667 0.161458333 -0.0672788364
-0.166666667 0.161458333 -0.0636049776
-0.166666667 0.166666667 -0.0617680483
-0.171875 0.166666667 0.0429369264
-0.166666667 0.166666667 0.0447738557
-0.166666667 0.161458333 0.0466107851
-0.166666667 0.171875 -0.0599311189
-0.166666667 0.171875 -0.0562572601
-0.166666667 0.177083333 -0.0544203307
-0.171875 0.177083333 0.0392630676
-0.166666667 0.177083333 0.041099997
-0.166666667 0.171875 0.0429369264
-0.166666667 0.182291667 -0.0525834014
-0.166666667 0.182291667 -0.0489095426
-0.166666667 0.1875 -0.0470726132
-0.166666667 0.182291667 0.0392630676
-0.166666667 0.1875 0.0374261382
-0.166666667 0.192708333 -0.0452356839
-0.166666667 0.192708333 -0.0415618251
-0.166666667 0.192708333 -0.0378879663
-0.166666667 0.192708333 -0.0342141076
-0.166666667 0.192708333 -0.0305402488
-0.166666667 0.192708333 -0.0268663901
-0.171875 0.197916667 -0.0231925313
-0.166666667 0.192708333 -0.0231925313
-0.166666667 0.197916667 -0.0213556019
-0.171875 0.197916667 -0.0158448138
-0.171875 0.197916667 -0.012170955
-0.171875 0.197916667 -0.00849709627
-0.166666667 0.197916667 -0.00666016689
-0.166666667 0.192708333 -0.00482323751
-0.166666667 0.192708333 -0.00114937875
-0.166666667 0.192708333 0.00252448001
-0.171875 0.197916667 0.00619833877
-0.166666667 0.192708333 0.00619833877
-0.166666667 0.197916667 0.00803526815
-0.171875 0.197916667 0.0135460563
-0.171875 0.197916667 0.017219915
-0.171875 0.197916667 0.0208937738
-0.166666667 0.197916667 0.0227307032
-0.166666667 0.192708333 0.0245676326
-0.166666667 0.192708333 0.0282414913
-0.166666667 0.192708333 0.0319153501
-0.166666667 0.192708333 0.0355892088
-0.166666667 0.203125 -0.0195186725
-0.166666667 0.203125 -0.0158448138
-0.166666667 0.203125 -0.012170955
-0.166666667 0.203125 -0.00849709627
-0.166666667 0.203125 0.00987219752
-0.166666667 0.203125 0.0135460563
-0.166666667 0.203125 0.017219915
-0.166666667 0.203125 0.0208937738
-0.15625 -0.208333333 -0.0287033194
-0.15625 -0.213541667 -0.0268663901
-0.15625 -0.213541667 -0.0231925313
-0.15625 -0.213541667 -0.0195186725
-0.15625 -0.213541667 -0.0158448138
-0.15625 -0.213541667 -0.012170955
-0.15625 -0.213541667 -0.00849709627
-0.15625 -0.213541667 -0.00482323751
-0.15625 -0.213541667 -0.00114937875
-0.15625 -0.213541667 0.00252448001
-0.15625 -0.213541667 0.00619833877
-0.15625 -0.213541667 0.00987219752
-0.15625 -0.213541667 0.0135460563
-0.15625 -0.213541667 0.017219915
-0.15625 -0.213541667 0.0208937738
-0.15625 -0.213541667 0.0245676326
-0.15625 -0.213541667 0.0282414913
-0.161458333 -0.208333333 0.0282414913
-0.15625 -0.208333333 0.0300784207
-0.161458333 -0.197916667 -0.0452356839
-0.15625 -0.197916667 -0.0433987545
-0.15625 -0.203125 -0.0415618251
-0.15625 -0.203125 -0.0378879663
-0.15625 -0.203125 -0.0342141076
-0.15625 -0.203125 -0.0305402488
-0.15625 -0.203125 0.0319153501
-0.15625 -0.203125 0.0355892088
-0.15625 -0.197916667 0.0374261382
-0.161458333 -0.1875 -0.0525834014
-0.15625 -0.1875 -0.0544203307
-0.15625 -0.192708333 -0.0525834014
-0.15625 -0.192708333 -0.0489095426
-0.15625 -0.192708333 -0.0452356839
-0.15625 -0.192708333 0.0392630676
-0.15625 -0.1875 0.041099997
-0.15625 -0.177083333 -0.0617680483
-0.15625 -0.182291667 -0.0599311189
-0.15625 -0.182291667 -0.0562572601
-0.15625 -0.182291667 0.0429369264
-0.15625 -0.177083333 0.0447738557
-0.15625 -0.166666667 -0.0691157658
-0.15625 -0.171875 -0.0672788364
-0.15625 -0.171875 -0.0636049776
-0.15625 -0.171875 0.0466107851
-0.15625 -0.166666667 0.0484477145
-0.161458333 -0.15625 -0.0709526952
-0.15625 -0.15625 -0.0727896245
-0.15625 -0.161458333 -0.0709526952
-0.161458333 -0.15625 -0.0672788364
-0.15625 -0.161458333 0.0502846439
-0.161458333 -0.15625 0.0502846439
-0.15625 -0.15625 0.0521215732
-0.161458333 -0.145833333 -0.0709526952
-0.15625 -0.145833333 -0.0727896245
-0.161458333 -0.145833333 -0.0672788364
-0.161458333 -0.145833333 0.0502846439
-0.15625 -0.151041667 0.0539585026
-0.161458333 -0.145833333 0.0539585026
-0.15625 -0.145833333 0.055795432
-0.161458333 -0.135416667 -0.0746265539
-0.15625 -0.135416667 -0.0764634833
-0.15625 -0.140625 -0.0746265539
-0.161458333 -0.135416667 -0.0709526952
-0.161458333 -0.135416667 0.0502846439
-0.15625 -0.135416667 0.0521215732
-0.15625 -0.140625 0.0539585026
-0.161458333 -0.125 -0.0746265539
-0.15625 -0.125 -0.0764634833
-0.161458333 -0.125 -0.0709526952
-0.161458333 -0.125 0.0502846439
-0.15625 -0.130208333 0.0539585026
-0.161458333 -0.125 0.0539585026
-0.15625 -0.125 0.055795432
-0.161458333 -0.114583333 -0.0746265539
-0.15625 -0.114583333 -0.0764634833
-0.161458333 -0.114583333 -0.0709526952
-0.161458333 -0.114583333 0.0502846439
-0.161458333 -0.114583333 0.0539585026
-0.15625 -0.114583333 0.055795432
-0.161458333 -0.104166667 -0.0746265539
-0.15625 -0.104166667 -0.0764634833
-0.161458333 -0.104166667 -0.0709526952
-0.161458333 -0.104166667 0.0502846439
-0.161458333 -0.104166667 0.0539585026
-0.15625 -0.104166667 0.055795432
-0.161458333 -0.09375 -0.0746265539
-0.15625 -0.09375 -0.0764634833
-0.161458333 -0.09375 -0.0709526952
-0.161458333 -0.09375 0.0502846439
-0.15625 -0.09375 0.0521215732
-0.15625 -0.0989583333 0.0539585026
-0.161458333 -0.0833333333 -0.0746265539
-0.15625 -0.0833333333 -0.0764634833
-0.161458333 -0.0833333333 -0.0709526952
-0.161458333 -0.0833333333 0.0502846439
-0.15625 -0.0885416667 0.0539585026
-0.161458333 -0.0833333333 0.0539585026
-0.15625 -0.0833333333 0.055795432
-0.161458333 -0.0729166667 -0.0746265539
-0.15625 -0.0729166667 -0.0764634833
-0.161458333 -0.0729166667 -0.0709526952
-0.161458333 -0.0729166667 0.0502846439
-0.161458333 -0.0729166667 0.0539585026
-0.15625 -0.0729166667 0.055795432
-0.161458333 -0.0625 -0.0746265539
-0.15625 -0.0625 -0.0764634833
-0.161458333 -0.0625 -0.0709526952
-0.15625 -0.0677083333 0.0539585026
-0.15625 -0.0625 0.0521215732
-0.161458333 -0.0520833333 -0.0746265539
-0.15625 -0.0520833333 -0.0764634833
-0.161458333 -0.0520833333 -0.0709526952
-0.15625 -0.0572916667 0.0539585026
-0.161458333 -0.0520833333 0.0539585026
-0.15625 -0.0520833333 0.055795432
-0.161458333 -0.0416666667 -0.0746265539
-0.15625 -0.0416666667 -0.0764634833
-0.161458333 -0.0416666667 -0.0709526952
-0.161458333 -0.0416666667 0.0502846439
-0.161458333 -0.0416666667 0.0539585026
-0.15625 -0.0416666667 0.055795432
-0.161458333 -0.03125 -0.0746265539
-0.15625 -0.03125 -0.0764634833
-0.161458333 -0.03125 -0.0709526952
-0.15625 -0.0364583333 0.0539585026
-0.15625 -0.03125 0.0521215732
-0.161458333 -0.0208333333 -0.0746265539
-0.15625 -0.0208333333 -0.0764634833
-0.161458333 -0.0208333333 -0.0709526952
-0.15625 -0.0260416667 0.0539585026
-0.161458333 -0.0208333333 0.0539585026
-0.15625 -0.0208333333 0.055795432
-0.161458333 -0.0104166667 -0.0746265539
-0.15625 -0.0104166667 -0.0764634833
-0.161458333 -0.0104166667 -0.0709526952
-0.161458333 -0.0104166667 0.0502846439
-0.15625 -0.0104166667 0.0521215732
-0.15625 -0.015625 0.0539585026
-0.161458333 -2.77555756e-17 -0.0746265539
-0.15625 -2.77555756e-17 -0.0764634833
-0.161458333 -2.77555756e-17 -0.0709526952
-0.15625 -0.00520833333 0.0539585026
-0.161458333 -2.77555756e-17 0.0539585026
-0.15625 -2.77555756e-17 0.055795432
-0.161458333 0.0104166667 -0.0746265539
-0.15625 0.0104166667 -0.0764634833
-0.161458333 0.0104166667 -0.0709526952
-0.161458333 0.0104166667 0.0539585026
-0.15625 0.0104166667 0.055795432
-0.161458333 0.0208333333 -0.0746265539
-0.15625 0.0208333333 -0.0764634833
-0.161458333 0.0208333333 -0.0709526952
-0.161458333 0.0208333333 0.0502846439
-0.15625 0.0208333333 0.0521215732
-0.15625 0.015625 0.0539585026
-0.15625 0.0260416667 -0.0746265539
-0.161458333 0.03125 -0.0709526952
-0.15625 0.03125 -0.0727896245
-0.161458333 0.03125 -0.0672788364
-0.15625 0.0260416667 0.0539585026
-0.161458333 0.03125 0.0539585026
-0.15625 0.03125 0.055795432
-0.161458333 0.0416666667 -0.0709526952
-0.15625 0.0416666667 -0.0727896245
-0.161458333 0.0416666667 -0.0672788364
-0.161458333 0.0416666667 0.0539585026
-0.15625 0.0416666667 0.055795432
-0.161458333 0.0520833333 -0.0746265539
-0.15625 0.0520833333 -0.0764634833
-0.15625 0.046875 -0.0746265539
-0.161458333 0.0520833333 -0.0709526952
-0.161458333 0.0520833333 0.0502846439
-0.15625 0.0520833333 0.0521215732
-0.15625 0.046875 0.0539585026
-0.161458333 0.0625 -0.0746265539
-0.15625 0.0625 -0.0764634833
-0.161458333 0.0625 -0.0709526952
-0.15625 0.0572916667 0.0539585026
-0.161458333 0.0625 0.0539585026
-0.15625 0.0625 0.055795432
-0.161458333 0.0729166667 -0.0746265539
-0.15625 0.0729166667 -0.0764634833
-0.161458333 0.0729166667 -0.0709526952
-0.161458333 0.0729166667 0.0539585026
-0.15625 0.0729166667 0.055795432
-0.161458333 0.0833333333 -0.0746265539
-0.15625 0.0833333333 -0.0764634833
-0.161458333 0.0833333333 -0.0709526952
-0.161458333 0.0833333333 0.0502846439
-0.15625 0.0833333333 0.0521215732
-0.15625 0.078125 0.0539585026
-0.161458333 0.09375 -0.0746265539
-0.15625 0.09375 -0.0764634833
-0.161458333 0.09375 -0.0709526952
-0.15625 0.0885416667 0.0539585026
-0.161458333 0.09375 0.0539585026
-0.15625 0.09375 0.055795432
-0.161458333 0.104166667 -0.0746265539
-0.15625 0.104166667 -0.0764634833
-0.161458333 0.104166667 -0.0709526952
-0.161458333 0.104166667 0.0502846439
-0.161458333 0.104166667 0.0539585026
-0.15625 0.104166667 0.055795432
-0.161458333 0.114583333 -0.0746265539
-0.15625 0.114583333 -0.0764634833
-0.161458333 0.114583333 -0.0709526952
-0.161458333 0.114583333 0.0539585026
-0.15625 0.114583333 0.055795432
-0.161458333 0.125 -0.0746265539
-0.15625 0.125 -0.0764634833
-0.161458333 0.125 -0.0709526952
-0.161458333 0.125 0.0539585026
-0.15625 0.125 0.055795432
-0.161458333 0.135416667 -0.0746265539
-0.15625 0.135416667 -0.0764634833
-0.161458333 0.135416667 -0.0709526952
-0.161458333 0.135416667 0.0502846439
-0.15625 0.135416667 0.0521215732
-0.15625 0.130208333 0.0539585026
-0.161458333 0.145833333 -0.0746265539
-0.15625 0.145833333 -0.0764634833
-0.161458333 0.145833333 -0.0709526952
-0.15625 0.145833333 0.0521215732
-0.15625 0.151041667 -0.0746265539
-0.161458333 0.15625 -0.0709526952
-0.15625 0.15625 -0.0727896245
-0.15625 0.151041667 0.0502846439
-0.15625 0.15625 0.0484477145
-0.15625 0.161458333 -0.0709526952
-0.15625 0.161458333 -0.0672788364
-0.15625 0.161458333 -0.0636049776
-0.15625 0.166666667 -0.0617680483
-0.15625 0.161458333 0.0466107851
-0.15625 0.166666667 0.0447738557
-0.15625 0.171875 -0.0599311189
-0.15625 0.171875 -0.0562572601
-0.15625 0.177083333 -0.0544203307
-0.15625 0.171875 0.0429369264
-0.15625 0.177083333 0.041099997
-0.15625 0.182291667 -0.0525834014
-0.15625 0.182291667 -0.0489095426
-0.15625 0.1875 -0.0470726132
-0.15625 0.182291667 0.0392630676
-0.15625 0.1875 0.0374261382
-0.15625 0.192708333 -0.0452356839
-0.15625 0.192708333 -0.0415618251
-0.15625 0.192708333 -0.0378879663
-0.15625 0.192708333 -0.0342141076
-0.15625 0.192708333 -0.0305402488
-0.161458333 0.197916667 -0.0268663901
-0.15625 0.197916667 -0.0287033194
-0.161458333 0.197916667 -0.0231925313
-0.15625 0.192708333 -0.0195186725
-0.15625 0.197916667 -0.0213556019
-0.161458333 0.197916667 -0.0195186725
-0.15625 0.197916667 -0.0176817432
-0.161458333 0.197916667 -0.00482323751
-0.161458333 0.197916667 -0.00114937875
-0.161458333 0.197916667 0.00252448001
-0.161458333 0.197916667 0.00619833877
-0.15625 0.192708333 0.00987219752
-0.15625 0.197916667 0.00803526815
-0.161458333 0.197916667 0.00987219752
-0.15625 0.197916667 0.0117091269
-0.161458333 0.197916667 0.0245676326
-0.15625 0.197916667 0.0264045619
-0.15625 0.192708333 0.0282414913
-0.15625 0.192708333 0.0319153501
-0.15625 0.192708333 0.0355892088
-0.15625 0.203125 -0.0268663901
-0.15625 0.203125 -0.0231925313
-0.15625 0.203125 -0.0158448138
-0.15625 0.203125 -0.012170955
-0.15625 0.203125 -0.00849709627
-0.15625 0.203125 -0.00482323751
-0.15625 0.203125 -0.00114937875
-0.15625 0.203125 0.00252448001
-0.15625 0.203125 0.00619833877
-0.15625 0.203125 0.0135460563
-0.15625 0.203125 0.017219915
-0.15625 0.203125 0.0208937738
-0.15625 0.203125 0.0245676326
-0.151041667 -0.208333333 -0.0268663901
-0.145833333 -0.208333333 -0.0250294607
-0.145833333 -0.213541667 -0.0231925313
-0.145833333 -0.213541667 -0.0195186725
-0.145833333 -0.213541667 -0.0158448138
-0.145833333 -0.213541667 -0.012170955
-0.145833333 -0.213541667 -0.00849709627
-0.145833333 -0.213541667 -0.00482323751
-0.145833333 -0.213541667 -0.00114937875
-0.145833333 -0.213541667 0.00252448001
-0.145833333 -0.213541667 0.00619833877
-0.145833333 -0.213541667 0.00987219752
-0.145833333 -0.213541667 0.0135460563
-0.145833333 -0.213541667 0.017219915
-0.145833333 -0.213541667 0.0208937738
-0.145833333 -0.213541667 0.0245676326
-0.151041667 -0.208333333 0.0282414913
-0.145833333 -0.208333333 0.0264045619
-0.151041667 -0.197916667 -0.0452356839
-0.145833333 -0.197916667 -0.0470726132
-0.145833333 -0.203125 -0.0452356839
-0.145833333 -0.203125 -0.0415618251
-0.145833333 -0.203125 -0.0378879663
-0.145833333 -0.203125 -0.0342141076
-0.145833333 -0.203125 -0.0305402488
-0.145833333 -0.203125 -0.0268663901
-0.145833333 -0.203125 0.0282414913
-0.145833333 -0.203125 0.0319153501
-0.145833333 -0.203125 0.0355892088
-0.145833333 -0.197916667 0.0374261382
-0.145833333 -0.1875 -0.0544203307
-0.145833333 -0.192708333 -0.0525834014
-0.145833333 -0.192708333 -0.0489095426
-0.145833333 -0.192708333 0.0392630676
-0.145833333 -0.1875 0.041099997
-0.145833333 -0.177083333 -0.0617680483
-0.145833333 -0.182291667 -0.0599311189
-0.145833333 -0.182291667 -0.0562572601
-0.145833333 -0.182291667 0.0429369264
-0.145833333 -0.177083333 0.0447738557
-0.145833333 -0.166666667 -0.0691157658
-0.145833333 -0.171875 -0.0672788364
-0.145833333 -0.171875 -0.0636049776
-0.145833333 -0.171875 0.0466107851
-0.145833333 -0.166666667 0.0484477145
-0.151041667 -0.15625 -0.0746265539
-0.145833333 -0.15625 -0.0764634833
-0.145833333 -0.161458333 -0.0746265539
-0.145833333 -0.161458333 -0.0709526952
-0.145833333 -0.161458333 0.0502846439
-0.145833333 -0.15625 0.0521215732
-0.151041667 -0.145833333 -0.0819742714
-0.145833333 -0.145833333 -0.0838112008
-0.145833333 -0.151041667 -0.0819742714
-0.145833333 -0.151041667 -0.0783004127
-0.151041667 -0.145833333 -0.0783004127
-0.151041667 -0.145833333 -0.0746265539
-0.145833333 -0.151041667 0.0539585026
-0.145833333 -0.145833333 0.055795432
-0.151041667 -0.135416667 -0.0819742714
-0.145833333 -0.135416667 -0.0838112008
-0.151041667 -0.135416667 -0.0783004127
-0.151041667 -0.135416667 0.0539585026
-0.145833333 -0.140625 0.0576323614
-0.151041667 -0.135416667 0.0576323614
-0.145833333 -0.135416667 0.0594692908
-0.151041667 -0.125 -0.0819742714
-0.145833333 -0.125 -0.0838112008
-0.151041667 -0.125 -0.0783004127
-0.145833333 -0.130208333 0.0576323614
-0.145833333 -0.125 0.055795432
-0.151041667 -0.114583333 -0.0819742714
-0.145833333 -0.114583333 -0.0838112008
-0.151041667 -0.114583333 -0.0783004127
-0.145833333 -0.119791667 0.0576323614
-0.151041667 -0.114583333 0.0576323614
-0.145833333 -0.114583333 0.0594692908
-0.151041667 -0.104166667 -0.0819742714
-0.145833333 -0.104166667 -0.0838112008
-0.151041667 -0.104166667 -0.0783004127
-0.151041667 -0.104166667 0.0576323614
-0.145833333 -0.104166667 0.0594692908
-0.151041667 -0.09375 -0.0819742714
-0.145833333 -0.09375 -0.0838112008
-0.151041667 -0.09375 -0.0783004127
-0.151041667 -0.09375 0.0539585026
-0.145833333 -0.09375 0.055795432
-0.145833333 -0.0989583333 0.0576323614
-0.151041667 -0.0833333333 -0.0819742714
-0.145833333 -0.0833333333 -0.0838112008
-0.151041667 -0.0833333333 -0.0783004127
-0.145833333 -0.0885416667 0.0576323614
-0.151041667 -0.0833333333 0.0576323614
-0.145833333 -0.0833333333 0.0594692908
-0.151041667 -0.0729166667 -0.0819742714
-0.145833333 -0.0729166667 -0.0838112008
-0.151041667 -0.0729166667 -0.0783004127
-0.151041667 -0.0729166667 0.0576323614
-0.145833333 -0.0729166667 0.0594692908
-0.151041667 -0.0625 -0.0819742714
-0.145833333 -0.0625 -0.0838112008
-0.151041667 -0.0625 -0.0783004127
-0.151041667 -0.0625 0.0539585026
-0.145833333 -0.0625 0.055795432
-0.145833333 -0.0677083333 0.0576323614
-0.151041667 -0.0520833333 -0.0819742714
-0.145833333 -0.0520833333 -0.0838112008
-0.151041667 -0.0520833333 -0.0783004127
-0.145833333 -0.0572916667 0.0576323614
-0.151041667 -0.0520833333 0.0576323614
-0.145833333 -0.0520833333 0.0594692908
-0.151041667 -0.0416666667 -0.0819742714
-0.145833333 -0.0416666667 -0.0838112008
-0.151041667 -0.0416666667 -0.0783004127
-0.151041667 -0.0416666667 0.0576323614
-0.145833333 -0.0416666667 0.0594692908
-0.151041667 -0.03125 -0.0819742714
-0.145833333 -0.03125 -0.0838112008
-0.151041667 -0.03125 -0.0783004127
-0.151041667 -0.03125 0.0539585026
-0.145833333 -0.03125 0.055795432
-0.145833333 -0.0364583333 0.0576323614
-0.151041667 -0.0208333333 -0.0819742714
-0.145833333 -0.0208333333 -0.0838112008
-0.151041667 -0.0208333333 -0.0783004127
-0.145833333 -0.0260416667 0.0576323614
-0.151041667 -0.0208333333 0.0576323614
-0.145833333 -0.0208333333 0.0594692908
-0.151041667 -0.0104166667 -0.0819742714
-0.145833333 -0.0104166667 -0.0838112008
-0.151041667 -0.0104166667 -0.0783004127
-0.151041667 -0.0104166667 0.0539585026
-0.151041667 -0.0104166667 0.0576323614
-0.145833333 -0.0104166667 0.0594692908
-0.151041667 -2.77555756e-17 -0.0819742714
-0.145833333 -2.77555756e-17 -0.0838112008
-0.151041667 -2.77555756e-17 -0.0783004127
-0.151041667 -2.77555756e-17 0.0576323614
-0.145833333 -2.77555756e-17 0.0594692908
-0.151041667 0.0104166667 -0.0819742714
-0.145833333 0.0104166667 -0.0838112008
-0.151041667 0.0104166667 -0.0783004127
-0.151041667 0.0104166667 0.0576323614
-0.145833333 0.0104166667 0.0594692908
-0.151041667 0.0208333333 -0.0819742714
-0.145833333 0.0208333333 -0.0838112008
-0.151041667 0.0208333333 -0.0783004127
-0.151041667 0.0208333333 0.0539585026
-0.151041667 0.0208333333 0.0576323614
-0.145833333 0.0208333333 0.0594692908
-0.145833333 0.0260416667 -0.0819742714
-0.151041667 0.03125 -0.0783004127
-0.145833333 0.03125 -0.0801373421
-0.151041667 0.03125 -0.0746265539
-0.151041667 0.03125 0.0576323614
-0.145833333 0.03125 0.0594692908
-0.151041667 0.0416666667 -0.0783004127
-0.145833333 0.0416666667 -0.0801373421
-0.151041667 0.0416666667 -0.0746265539
-0.151041667 0.0416666667 0.0576323614
-0.145833333 0.0416666667 0.0594692908
-0.151041667 0.0520833333 -0.0819742714
-0.145833333 0.0520833333 -0.0838112008
-0.145833333 0.046875 -0.0819742714
-0.151041667 0.0520833333 -0.0783004127
-0.151041667 0.0520833333 0.0539585026
-0.145833333 0.0520833333 0.055795432
-0.145833333 0.046875 0.0576323614
-0.151041667 0.0625 -0.0819742714
-0.145833333 0.0625 -0.0838112008
-0.151041667 0.0625 -0.0783004127
-0.145833333 0.0572916667 0.0576323614
-0.151041667 0.0625 0.0576323614
-0.145833333 0.0625 0.0594692908
-0.151041667 0.0729166667 -0.0819742714
-0.145833333 0.0729166667 -0.0838112008
-0.151041667 0.0729166667 -0.0783004127
-0.151041667 0.0729166667 0.0576323614
-0.145833333 0.0729166667 0.0594692908
-0.151041667 0.0833333333 -0.0819742714
-0.145833333 0.0833333333 -0.0838112008
-0.151041667 0.0833333333 -0.0783004127
-0.151041667 0.0833333333 0.0539585026
-0.145833333 0.0833333333 0.055795432
-0.145833333 0.078125 0.0576323614
-0.151041667 0.09375 -0.0819742714
-0.145833333 0.09375 -0.0838112008
-0.151041667 0.09375 -0.0783004127
-0.145833333 0.0885416667 0.0576323614
-0.151041667 0.09375 0.0576323614
-0.145833333 0.09375 0.0594692908
-0.151041667 0.104166667 -0.0819742714
-0.145833333 0.104166667 -0.0838112008
-0.151041667 0.104166667 -0.0783004127
-0.151041667 0.104166667 0.0576323614
-0.145833333 0.104166667 0.0594692908
-0.151041667 0.114583333 -0.0819742714
-0.145833333 0.114583333 -0.0838112008
-0.151041667 0.114583333 -0.0783004127
-0.151041667 0.114583333 0.0576323614
-0.145833333 0.114583333 0.0594692908
-0.151041667 0.125 -0.0819742714
-0.145833333 0.125 -0.0838112008
-0.151041667 0.125 -0.0783004127
-0.145833333 0.119791667 0.0576323614
-0.145833333 0.125 0.055795432
-0.151041667 0.135416667 -0.0819742714
-0.145833333 0.135416667 -0.0838112008
-0.151041667 0.135416667 -0.0783004127
-0.145833333 0.130208333 0.0539585026
-0.145833333 0.135416667 0.0521215732
-0.145833333 0.140625 -0.0819742714
-0.151041667 0.145833333 -0.0783004127
-0.145833333 0.145833333 -0.0801373421
-0.151041667 0.145833333 0.0502846439
-0.145833333 0.140625 0.0502846439
-0.145833333 0.145833333 0.0484477145
-0.145833333 0.151041667 -0.0783004127
-0.145833333 0.151041667 -0.0746265539
-0.151041667 0.15625 -0.0709526952
-0.145833333 0.151041667 -0.0709526952
-0.145833333 0.15625 -0.0691157658
-0.151041667 0.15625 0.0466107851
-0.145833333 0.151041667 0.0466107851
-0.145833333 0.15625 0.0447738557
-0.145833333 0.161458333 -0.0672788364
-0.145833333 0.161458333 -0.0636049776
-0.145833333 0.166666667 -0.0617680483
-0.151041667 0.166666667 0.0429369264
-0.145833333 0.161458333 0.0429369264
-0.145833333 0.166666667 0.041099997
-0.145833333 0.171875 -0.0599311189
-0.145833333 0.171875 -0.0562572601
-0.145833333 0.177083333 -0.0544203307
-0.145833333 0.177083333 0.041099997
-0.145833333 0.182291667 -0.0525834014
-0.145833333 0.182291667 -0.0489095426
-0.145833333 0.1875 -0.0470726132
-0.145833333 0.182291667 0.0392630676
-0.145833333 0.1875 0.0374261382
-0.145833333 0.192708333 -0.0452356839
-0.145833333 0.192708333 -0.0415618251
-0.145833333 0.192708333 -0.0378879663
-0.145833333 0.192708333 -0.0342141076
-0.145833333 0.192708333 -0.0305402488
-0.151041667 0.197916667 -0.0268663901
-0.145833333 0.192708333 -0.0268663901
-0.151041667 0.197916667 -0.0231925313
-0.145833333 0.192708333 -0.0231925313
-0.151041667 0.197916667 -0.0195186725
-0.145833333 0.197916667 -0.0213556019
-0.151041667 0.197916667 0.00987219752
-0.145833333 0.192708333 0.0282414913
-0.145833333 0.197916667 0.0264045619
-0.145833333 0.192708333 0.0319153501
-0.145833333 0.192708333 0.0355892088
-0.145833333 0.203125 -0.0195186725
-0.145833333 0.203125 -0.0158448138
-0.145833333 0.203125 -0.012170955
-0.145833333 0.203125 -0.00849709627
-0.145833333 0.203125 -0.00482323751
-0.145833333 0.203125 -0.00114937875
-0.145833333 0.203125 0.00252448001
-0.145833333 0.203125 0.00619833877
-0.145833333 0.203125 0.00987219752
-0.145833333 0.203125 0.0135460563
-0.145833333 0.203125 0.017219915
-0.145833333 0.203125 0.0208937738
-0.145833333 0.203125 0.0245676326
-0.135416667 -0.208333333 -0.0250294607
-0.135416667 -0.213541667 -0.0231925313
-0.135416667 -0.213541667 -0.0195186725
-0.135416667 -0.213541667 -0.0158448138
-0.135416667 -0.213541667 -0.012170955
-0.135416667 -0.213541667 -0.00849709627
-0.135416667 -0.213541667 -0.00482323751
-0.135416667 -0.213541667 -0.00114937875
-0.135416667 -0.213541667 0.00252448001
-0.135416667 -0.213541667 0.00619833877
-0.135416667 -0.213541667 0.00987219752
-0.135416667 -0.213541667 0.0135460563
-0.135416667 -0.213541667 0.017219915
-0.135416667 -0.213541667 0.0208937738
-0.135416667 -0.213541667 0.0245676326
-0.135416667 -0.213541667 0.0282414913
-0.140625 -0.208333333 0.0282414913
-0.135416667 -0.208333333 0.0300784207
-0.135416667 -0.197916667 -0.0470726132
-0.135416667 -0.203125 -0.0452356839
-0.135416667 -0.203125 -0.0415618251
-0.135416667 -0.203125 -0.0378879663
-0.135416667 -0.203125 -0.0342141076
-0.135416667 -0.203125 -0.0305402488
-0.135416667 -0.203125 -0.0268663901
-0.135416667 -0.203125 0.0319153501
-0.135416667 -0.203125 0.0355892088
-0.135416667 -0.197916667 0.0374261382
-0.135416667 -0.1875 -0.0544203307
-0.135416667 -0.192708333 -0.0525834014
-0.135416667 -0.192708333 -0.0489095426
-0.135416667 -0.192708333 0.0392630676
-0.135416667 -0.1875 0.041099997
-0.135416667 -0.177083333 -0.0617680483
-0.135416667 -0.182291667 -0.0599311189
-0.135416667 -0.182291667 -0.0562572601
-0.135416667 -0.182291667 0.0429369264
-0.135416667 -0.177083333 0.0447738557
-0.140625 -0.166666667 -0.0709526952
-0.135416667 -0.166666667 -0.0727896245
-0.135416667 -0.171875 -0.0709526952
-0.135416667 -0.171875 -0.0672788364
-0.135416667 -0.171875 -0.0636049776
-0.135416667 -0.171875 0.0466107851
-0.135416667 -0.166666667 0.0484477145
-0.135416667 -0.15625 -0.0764634833
-0.135416667 -0.161458333 -0.0746265539
-0.135416667 -0.161458333 0.0502846439
-0.135416667 -0.15625 0.0521215732
-0.135416667 -0.145833333 -0.0838112008
-0.135416667 -0.151041667 -0.0819742714
-0.135416667 -0.151041667 -0.0783004127
-0.135416667 -0.151041667 0.0539585026
-0.135416667 -0.145833333 0.055795432
-0.140625 -0.135416667 -0.089321989
-0.135416667 -0.135416667 -0.0911589183
-0.135416667 -0.140625 -0.089321989
-0.135416667 -0.140625 -0.0856481302
-0.140625 -0.135416667 -0.0856481302
-0.135416667 -0.140625 0.0576323614
-0.135416667 -0.135416667 0.0594692908
-0.140625 -0.125 -0.089321989
-0.135416667 -0.125 -0.0911589183
-0.140625 -0.125 -0.0856481302
-0.140625 -0.125 0.0576323614
-0.135416667 -0.125 0.0594692908
-0.140625 -0.114583333 -0.089321989
-0.135416667 -0.114583333 -0.0911589183
-0.140625 -0.114583333 -0.0856481302
-0.135416667 -0.119791667 0.0613062201
-0.140625 -0.114583333 0.0613062201
-0.135416667 -0.114583333 0.0631431495
-0.140625 -0.104166667 -0.089321989
-0.135416667 -0.104166667 -0.0911589183
-0.140625 -0.104166667 -0.0856481302
-0.140625 -0.104166667 0.0613062201
-0.135416667 -0.104166667 0.0631431495
-0.140625 -0.09375 -0.089321989
-0.135416667 -0.09375 -0.0911589183
-0.140625 -0.09375 -0.0856481302
-0.140625 -0.09375 0.0576323614
-0.135416667 -0.09375 0.0594692908
-0.135416667 -0.0989583333 0.0613062201
-0.140625 -0.0833333333 -0.089321989
-0.135416667 -0.0833333333 -0.0911589183
-0.140625 -0.0833333333 -0.0856481302
-0.135416667 -0.0885416667 0.0613062201
-0.140625 -0.0833333333 0.0613062201
-0.135416667 -0.0833333333 0.0631431495
-0.140625 -0.0729166667 -0.089321989
-0.135416667 -0.0729166667 -0.0911589183
-0.140625 -0.0729166667 -0.0856481302
-0.140625 -0.0729166667 0.0613062201
-0.135416667 -0.0729166667 0.0631431495
-0.140625 -0.0625 -0.089321989
-0.135416667 -0.0625 -0.0911589183
-0.140625 -0.0625 -0.0856481302
-0.140625 -0.0625 0.0576323614
-0.140625 -0.0625 0.0613062201
-0.135416667 -0.0625 0.0631431495
-0.140625 -0.0520833333 -0.089321989
-0.135416667 -0.0520833333 -0.0911589183
-0.140625 -0.0520833333 -0.0856481302
-0.140625 -0.0520833333 0.0613062201
-0.135416667 -0.0520833333 0.0631431495
-0.140625 -0.0416666667 -0.089321989
-0.135416667 -0.0416666667 -0.0911589183
-0.140625 -0.0416666667 -0.0856481302
-0.140625 -0.0416666667 0.0613062201
-0.135416667 -0.0416666667 0.0631431495
-0.140625 -0.03125 -0.089321989
-0.135416667 -0.03125 -0.0911589183
-0.140625 -0.03125 -0.0856481302
-0.140625 -0.03125 0.0576323614
-0.140625 -0.03125 0.0613062201
-0.135416667 -0.03125 0.0631431495
-0.140625 -0.0208333333 -0.089321989
-0.135416667 -0.0208333333 -0.0911589183
-0.140625 -0.0208333333 -0.0856481302
-0.140625 -0.0208333333 0.0613062201
-0.135416667 -0.0208333333 0.0631431495
-0.140625 -0.0104166667 -0.089321989
-0.135416667 -0.0104166667 -0.0911589183
-0.140625 -0.0104166667 -0.0856481302
-0.140625 -0.0104166667 0.0613062201
-0.135416667 -0.0104166667 0.0631431495
-0.140625 -2.77555756e-17 -0.089321989
-0.135416667 -2.77555756e-17 -0.0911589183
-0.140625 -2.77555756e-17 -0.0856481302
-0.140625 -2.77555756e-17 0.0613062201
-0.135416667 -2.77555756e-17 0.0631431495
-0.140625 0.0104166667 -0.089321989
-0.135416667 0.0104166667 -0.0911589183
-0.140625 0.0104166667 -0.0856481302
-0.140625 0.0104166667 0.0613062201
-0.135416667 0.0104166667 0.0631431495
-0.140625 0.0208333333 -0.089321989
-0.135416667 0.0208333333 -0.0911589183
-0.140625 0.0208333333 -0.0856481302
-0.140625 0.0208333333 0.0613062201
-0.135416667 0.0208333333 0.0631431495
-0.140625 0.03125 -0.089321989
-0.135416667 0.03125 -0.0911589183
-0.140625 0.03125 -0.0856481302
-0.140625 0.03125 -0.0819742714
-0.140625 0.03125 0.0613062201
-0.135416667 0.03125 0.0631431495
-0.135416667 0.0364583333 -0.089321989
-0.140625 0.0416666667 -0.0856481302
-0.135416667 0.0416666667 -0.0874850596
-0.140625 0.0416666667 -0.0819742714
-0.140625 0.0416666667 0.0613062201
-0.135416667 0.0416666667 0.0631431495
-0.140625 0.0520833333 -0.089321989
-0.135416667 0.0520833333 -0.0911589183
-0.135416667 0.046875 -0.089321989
-0.140625 0.0520833333 -0.0856481302
-0.140625 0.0520833333 0.0576323614
-0.140625 0.0520833333 0.0613062201
-0.135416667 0.0520833333 0.0631431495
-0.140625 0.0625 -0.089321989
-0.135416667 0.0625 -0.0911589183
-0.140625 0.0625 -0.0856481302
-0.140625 0.0625 0.0613062201
-0.135416667 0.0625 0.0631431495
-0.140625 0.0729166667 -0.089321989
-0.135416667 0.0729166667 -0.0911589183
-0.140625 0.0729166667 -0.0856481302
-0.140625 0.0729166667 0.0613062201
-0.135416667 0.0729166667 0.0631431495
-0.140625 0.0833333333 -0.089321989
-0.135416667 0.0833333333 -0.0911589183
-0.140625 0.0833333333 -0.0856481302
-0.140625 0.0833333333 0.0576323614
-0.135416667 0.0833333333 0.0594692908
-0.135416667 0.078125 0.0613062201
-0.140625 0.09375 -0.089321989
-0.135416667 0.09375 -0.0911589183
-0.140625 0.09375 -0.0856481302
-0.135416667 0.0885416667 0.0613062201
-0.140625 0.09375 0.0613062201
-0.135416667 0.09375 0.0631431495
-0.140625 0.104166667 -0.089321989
-0.135416667 0.104166667 -0.0911589183
-0.140625 0.104166667 -0.0856481302
-0.140625 0.104166667 0.0613062201
-0.135416667 0.104166667 0.0631431495
-0.140625 0.114583333 -0.089321989
-0.135416667 0.114583333 -0.0911589183
-0.140625 0.114583333 -0.0856481302
-0.135416667 0.109375 0.0613062201
-0.135416667 0.114583333 0.0594692908
-0.140625 0.125 -0.089321989
-0.135416667 0.125 -0.0911589183
-0.140625 0.125 -0.0856481302
-0.140625 0.125 0.0576323614
-0.135416667 0.125 0.0594692908
-0.135416667 0.130208333 -0.089321989
-0.140625 0.135416667 -0.0856481302
-0.135416667 0.135416667 -0.0874850596
-0.140625 0.135416667 0.0539585026
-0.135416667 0.135416667 0.055795432
-0.135416667 0.130208333 0.0576323614
-0.135416667 0.140625 -0.0856481302
-0.135416667 0.140625 -0.0819742714
-0.135416667 0.145833333 -0.0801373421
-0.140625 0.145833333 0.0502846439
-0.135416667 0.145833333 0.0521215732
-0.135416667 0.140625 0.0539585026
-0.135416667 0.151041667 -0.0783004127
-0.135416667 0.151041667 -0.0746265539
-0.135416667 0.151041667 -0.0709526952
-0.135416667 0.15625 -0.0691157658
-0.140625 0.15625 0.0466107851
-0.135416667 0.15625 0.0484477145
-0.135416667 0.151041667 0.0502846439
-0.135416667 0.161458333 -0.0672788364
-0.135416667 0.161458333 -0.0636049776
-0.135416667 0.166666667 -0.0617680483
-0.140625 0.166666667 0.0429369264
-0.135416667 0.166666667 0.0447738557
-0.135416667 0.161458333 0.0466107851
-0.135416667 0.171875 -0.0599311189
-0.135416667 0.171875 -0.0562572601
-0.135416667 0.177083333 -0.0544203307
-0.135416667 0.171875 0.0429369264
-0.135416667 0.177083333 0.041099997
-0.135416667 0.182291667 -0.0525834014
-0.135416667 0.182291667 -0.0489095426
-0.135416667 0.1875 -0.0470726132
-0.140625 0.1875 0.0355892088
-0.135416667 0.182291667 0.0355892088
-0.135416667 0.1875 0.0337522795
-0.135416667 0.182291667 0.0392630676
-0.135416667 0.192708333 -0.0452356839
-0.135416667 0.192708333 -0.0415618251
-0.135416667 0.192708333 -0.0378879663
-0.135416667 0.192708333 -0.0342141076
-0.135416667 0.192708333 -0.0305402488
-0.135416667 0.192708333 -0.0268663901
-0.135416667 0.192708333 -0.0231925313
-0.140625 0.197916667 -0.0195186725
-0.135416667 0.192708333 -0.0195186725
-0.135416667 0.197916667 -0.0176817432
-0.140625 0.197916667 0.0282414913
-0.135416667 0.197916667 0.0300784207
-0.135416667 0.192708333 0.0319153501
-0.135416667 0.203125 -0.0158448138
-0.135416667 0.203125 -0.012170955
-0.135416667 0.203125 -0.00849709627
-0.135416667 0.203125 -0.00482323751
-0.135416667 0.203125 -0.00114937875
-0.135416667 0.203125 0.00252448001
-0.135416667 0.203125 0.00619833877
-0.135416667 0.203125 0.00987219752
-0.135416667 0.203125 0.0135460563
-0.135416667 0.203125 0.017219915
-0.135416667 0.203125 0.0208937738
-0.135416667 0.203125 0.0245676326
-0.135416667 0.203125 0.0282414913
-0.130208333 -0.208333333 -0.0305402488
-0.125 -0.208333333 -0.0323771782
-0.125 -0.213541667 -0.0305402488
-0.125 -0.213541667 -0.0268663901
-0.130208333 -0.208333333 -0.0268663901
-0.125 -0.213541667 -0.0231925313
-0.125 -0.213541667 -0.0195186725
-0.125 -0.213541667 -0.0158448138
-0.125 -0.213541667 -0.012170955
-0.125 -0.213541667 -0.00849709627
-0.125 -0.213541667 -0.00482323751
-0.125 -0.213541667 -0.00114937875
-0.125 -0.213541667 0.00252448001
-0.125 -0.213541667 0.00619833877
-0.125 -0.213541667 0.00987219752
-0.125 -0.213541667 0.0135460563
-0.125 -0.213541667 0.017219915
-0.125 -0.213541667 0.0208937738
-0.125 -0.213541667 0.0245676326
-0.125 -0.213541667 0.0282414913
-0.125 -0.208333333 0.0300784207
-0.125 -0.197916667 -0.0470726132
-0.125 -0.203125 -0.0452356839
-0.125 -0.203125 -0.0415618251
-0.125 -0.203125 -0.0378879663
-0.125 -0.203125 -0.0342141076
-0.125 -0.203125 0.0319153501
-0.125 -0.203125 0.0355892088
-0.125 -0.197916667 0.0374261382
-0.125 -0.1875 -0.0544203307
-0.125 -0.192708333 -0.0525834014
-0.125 -0.192708333 -0.0489095426
-0.125 -0.192708333 0.0392630676
-0.125 -0.1875 0.041099997
-0.125 -0.177083333 -0.0617680483
-0.125 -0.182291667 -0.0599311189
-0.125 -0.182291667 -0.0562572601
-0.125 -0.182291667 0.0429369264
-0.125 -0.177083333 0.0447738557
-0.130208333 -0.166666667 -0.0709526952
-0.125 -0.166666667 -0.0691157658
-0.125 -0.171875 -0.0672788364
-0.125 -0.171875 -0.0636049776
-0.125 -0.171875 0.0466107851
-0.125 -0.166666667 0.0484477145
-0.125 -0.15625 -0.0764634833
-0.125 -0.161458333 -0.0746265539
-0.125 -0.161458333 -0.0709526952
-0.125 -0.161458333 0.0502846439
-0.125 -0.15625 0.0521215732
-0.125 -0.145833333 -0.0838112008
-0.125 -0.151041667 -0.0819742714
-0.125 -0.151041667 -0.0783004127
-0.125 -0.151041667 0.0539585026
-0.125 -0.145833333 0.055795432
-0.125 -0.135416667 -0.0911589183
-0.125 -0.140625 -0.089321989
-0.125 -0.140625 -0.0856481302
-0.125 -0.140625 0.0576323614
-0.125 -0.135416667 0.0594692908
-0.125 -0.125 -0.0911589183
-0.125 -0.130208333 0.0613062201
-0.130208333 -0.125 0.0613062201
-0.125 -0.125 0.0631431495
-0.125 -0.114583333 -0.0911589183
-0.125 -0.119791667 0.0649800789
-0.130208333 -0.114583333 0.0649800789
-0.125 -0.114583333 0.0668170083
-0.125 -0.104166667 -0.0911589183
-0.130208333 -0.104166667 0.0649800789
-0.125 -0.104166667 0.0668170083
-0.125 -0.09375 -0.0911589183
-0.130208333 -0.09375 0.0613062201
-0.130208333 -0.09375 0.0649800789
-0.125 -0.09375 0.0668170083
-0.125 -0.0833333333 -0.0911589183
-0.130208333 -0.0833333333 0.0649800789
-0.125 -0.0833333333 0.0668170083
-0.125 -0.0729166667 -0.0911589183
-0.130208333 -0.0729166667 0.0649800789
-0.125 -0.0729166667 0.0668170083
-0.125 -0.0625 -0.0911589183
-0.130208333 -0.0625 0.0649800789
-0.125 -0.0625 0.0668170083
-0.125 -0.0520833333 -0.0911589183
-0.130208333 -0.0520833333 0.0649800789
-0.125 -0.0520833333 0.0668170083
-0.125 -0.0416666667 -0.0911589183
-0.130208333 -0.0416666667 0.0649800789
-0.125 -0.0416666667 0.0668170083
-0.125 -0.03125 -0.0911589183
-0.130208333 -0.03125 0.0649800789
-0.125 -0.03125 0.0668170083
-0.125 -0.0208333333 -0.0911589183
-0.130208333 -0.0208333333 0.0649800789
-0.125 -0.0208333333 0.0668170083
-0.125 -0.0104166667 -0.0911589183
-0.130208333 -0.0104166667 0.0649800789
-0.125 -0.0104166667 0.0668170083
-0.125 -2.77555756e-17 -0.0911589183
-0.130208333 -2.77555756e-17 0.0649800789
-0.125 -2.77555756e-17 0.0668170083
-0.125 0.0104166667 -0.0911589183
-0.130208333 0.0104166667 0.0649800789
-0.125 0.0104166667 0.0668170083
-0.125 0.0208333333 -0.0911589183
-0.130208333 0.0208333333 0.0649800789
-0.125 0.0208333333 0.0668170083
-0.125 0.03125 -0.0911589183
-0.130208333 0.03125 0.0649800789
-0.125 0.03125 0.0668170083
-0.130208333 0.0416666667 -0.089321989
-0.125 0.0416666667 -0.0911589183
-0.130208333 0.0416666667 0.0649800789
-0.125 0.0416666667 0.0668170083
-0.125 0.0520833333 -0.0911589183
-0.130208333 0.0520833333 0.0649800789
-0.125 0.0520833333 0.0668170083
-0.125 0.0625 -0.0911589183
-0.130208333 0.0625 0.0649800789
-0.125 0.0625 0.0668170083
-0.125 0.0729166667 -0.0911589183
-0.130208333 0.0729166667 0.0649800789
-0.125 0.0729166667 0.0668170083
-0.125 0.0833333333 -0.0911589183
-0.130208333 0.0833333333 0.0613062201
-0.130208333 0.0833333333 0.0649800789
-0.125 0.0833333333 0.0668170083
-0.125 0.09375 -0.0911589183
-0.130208333 0.09375 0.0649800789
-0.125 0.09375 0.0668170083
-0.125 0.104166667 -0.0911589183
-0.125 0.0989583333 0.0649800789
-0.125 0.104166667 0.0631431495
-0.125 0.114583333 -0.0911589183
-0.125 0.109375 0.0613062201
-0.125 0.114583333 0.0594692908
-0.125 0.125 -0.0911589183
-0.130208333 0.125 0.0576323614
-0.125 0.119791667 0.0576323614
-0.125 0.125 0.055795432
-0.125 0.130208333 -0.089321989
-0.125 0.135416667 -0.0874850596
-0.130208333 0.135416667 0.0539585026
-0.125 0.130208333 0.0539585026
-0.125 0.135416667 0.0521215732
-0.125 0.140625 -0.0856481302
-0.125 0.140625 -0.0819742714
-0.125 0.145833333 -0.0801373421
-0.125 0.145833333 0.0521215732
-0.125 0.151041667 -0.0783004127
-0.125 0.151041667 -0.0746265539
-0.125 0.151041667 -0.0709526952
-0.125 0.15625 -0.0691157658
-0.125 0.151041667 0.0502846439
-0.125 0.15625 0.0484477145
-0.125 0.161458333 -0.0672788364
-0.125 0.161458333 -0.0636049776
-0.125 0.166666667 -0.0617680483
-0.125 0.161458333 0.0466107851
-0.125 0.166666667 0.0447738557
-0.125 0.171875 -0.0599311189
-0.125 0.171875 -0.0562572601
-0.125 0.177083333 -0.0544203307
-0.125 0.171875 0.0429369264
-0.125 0.177083333 0.041099997
-0.125 0.182291667 -0.0525834014
-0.125 0.182291667 -0.0489095426
-0.125 0.1875 -0.0470726132
-0.130208333 0.1875 0.0355892088
-0.125 0.1875 0.0374261382
-0.125 0.182291667 0.0392630676
-0.125 0.192708333 -0.0452356839
-0.125 0.192708333 -0.0415618251
-0.125 0.192708333 -0.0378879663
-0.125 0.192708333 -0.0342141076
-0.125 0.192708333 -0.0305402488
-0.125 0.192708333 -0.0268663901
-0.125 0.192708333 -0.0231925313
-0.130208333 0.197916667 -0.0195186725
-0.125 0.197916667 -0.0213556019
-0.125 0.192708333 0.0319153501
-0.125 0.197916667 0.0300784207
-0.125 0.192708333 0.0355892088
-0.125 0.203125 -0.0195186725
-0.125 0.203125 -0.0158448138
-0.125 0.203125 -0.012170955
-0.125 0.203125 -0.00849709627
-0.125 0.203125 -0.00482323751
-0.125 0.203125 -0.00114937875
-0.125 0.203125 0.00252448001
-0.125 0.203125 0.00619833877
-0.125 0.203125 0.00987219752
-0.125 0.203125 0.0135460563
-0.125 0.203125 0.017219915
-0.125 0.203125 0.0208937738
-0.125 0.203125 0.0245676326
-0.125 0.203125 0.0282414913
-0.119791667 -0.208333333 -0.0305402488
-0.114583333 -0.208333333 -0.0287033194
-0.114583333 -0.213541667 -0.0268663901
-0.114583333 -0.213541667 -0.0231925313
-0.114583333 -0.213541667 -0.0195186725
-0.114583333 -0.213541667 -0.0158448138
-0.114583333 -0.213541667 -0.012170955
-0.114583333 -0.213541667 -0.00849709627
-0.114583333 -0.213541667 -0.00482323751
-0.114583333 -0.213541667 -0.00114937875
-0.114583333 -0.213541667 0.00252448001
-0.114583333 -0.213541667 0.00619833877
-0.114583333 -0.213541667 0.00987219752
-0.114583333 -0.213541667 0.0135460563
-0.114583333 -0.213541667 0.017219915
-0.114583333 -0.213541667 0.0208937738
-0.114583333 -0.213541667 0.0245676326
-0.114583333 -0.213541667 0.0282414913
-0.114583333 -0.208333333 0.0300784207
-0.114583333 -0.197916667 -0.0470726132
-0.114583333 -0.203125 -0.0452356839
-0.114583333 -0.203125 -0.0415618251
-0.114583333 -0.203125 -0.0378879663
-0.114583333 -0.203125 -0.0342141076
-0.114583333 -0.203125 -0.0305402488
-0.114583333 -0.203125 0.0319153501
-0.114583333 -0.203125 0.0355892088
-0.114583333 -0.197916667 0.0374261382
-0.114583333 -0.1875 -0.0544203307
-0.114583333 -0.192708333 -0.0525834014
-0.114583333 -0.192708333 -0.0489095426
-0.114583333 -0.192708333 0.0392630676
-0.114583333 -0.1875 0.041099997
-0.114583333 -0.177083333 -0.0617680483
-0.114583333 -0.182291667 -0.0599311189
-0.114583333 -0.182291667 -0.0562572601
-0.114583333 -0.182291667 0.0429369264
-0.114583333 -0.177083333 0.0447738557
-0.114583333 -0.166666667 -0.0691157658
-0.114583333 -0.171875 -0.0672788364
-0.114583333 -0.171875 -0.0636049776
-0.114583333 -0.171875 0.0466107851
-0.114583333 -0.166666667 0.0484477145
-0.114583333 -0.15625 -0.0764634833
-0.114583333 -0.161458333 -0.0746265539
-0.114583333 -0.161458333 -0.0709526952
-0.114583333 -0.161458333 0.0502846439
-0.114583333 -0.15625 0.0521215732
-0.114583333 -0.145833333 -0.0838112008
-0.114583333 -0.151041667 -0.0819742714
-0.114583333 -0.151041667 -0.0783004127
-0.114583333 -0.151041667 0.0539585026
-0.114583333 -0.145833333 0.055795432
-0.114583333 -0.135416667 -0.0911589183
-0.114583333 -0.140625 -0.089321989
-0.114583333 -0.140625 -0.0856481302
-0.114583333 -0.140625 0.0576323614
-0.114583333 -0.135416667 0.0594692908
-0.114583333 -0.125 -0.0911589183
-0.114583333 -0.130208333 0.0613062201
-0.114583333 -0.125 0.0631431495
-0.114583333 -0.114583333 -0.0911589183
-0.114583333 -0.119791667 0.0649800789
-0.114583333 -0.114583333 0.0668170083
-0.114583333 -0.104166667 -0.0911589183
-0.114583333 -0.109375 0.0686539377
-0.119791667 -0.104166667 0.0686539377
-0.114583333 -0.104166667 0.070490867
-0.114583333 -0.09375 -0.0911589183
-0.119791667 -0.09375 0.0686539377
-0.114583333 -0.09375 0.070490867
-0.114583333 -0.0833333333 -0.0911589183
-0.119791667 -0.0833333333 0.0686539377
-0.114583333 -0.0833333333 0.070490867
-0.114583333 -0.0729166667 -0.0911589183
-0.119791667 -0.0729166667 0.0686539377
-0.114583333 -0.0729166667 0.070490867
-0.114583333 -0.0625 -0.0911589183
-0.119791667 -0.0625 0.0686539377
-0.114583333 -0.0625 0.070490867
-0.114583333 -0.0520833333 -0.0911589183
-0.119791667 -0.0520833333 0.0686539377
-0.114583333 -0.0520833333 0.070490867
-0.114583333 -0.0416666667 -0.0911589183
-0.119791667 -0.0416666667 0.0686539377
-0.114583333 -0.0416666667 0.070490867
-0.114583333 -0.03125 -0.0911589183
-0.119791667 -0.03125 0.0686539377
-0.114583333 -0.03125 0.070490867
-0.114583333 -0.0208333333 -0.0911589183
-0.119791667 -0.0208333333 0.0686539377
-0.114583333 -0.0208333333 0.070490867
-0.114583333 -0.0104166667 -0.0911589183
-0.119791667 -0.0104166667 0.0686539377
-0.114583333 -0.0104166667 0.070490867
-0.114583333 -2.77555756e-17 -0.0911589183
-0.119791667 -2.77555756e-17 0.0686539377
-0.114583333 -2.77555756e-17 0.070490867
-0.114583333 0.0104166667 -0.0911589183
-0.119791667 0.0104166667 0.0686539377
-0.114583333 0.0104166667 0.070490867
-0.114583333 0.0208333333 -0.0911589183
-0.119791667 0.0208333333 0.0686539377
-0.114583333 0.0208333333 0.070490867
-0.114583333 0.03125 -0.0911589183
-0.119791667 0.03125 0.0686539377
-0.114583333 0.03125 0.070490867
-0.114583333 0.0416666667 -0.0911589183
-0.119791667 0.0416666667 0.0686539377
-0.114583333 0.0416666667 0.070490867
-0.114583333 0.0520833333 -0.0911589183
-0.119791667 0.0520833333 0.0686539377
-0.114583333 0.0520833333 0.070490867
-0.114583333 0.0625 -0.0911589183
-0.119791667 0.0625 0.0686539377
-0.114583333 0.0625 0.070490867
-0.114583333 0.0729166667 -0.0911589183
-0.119791667 0.0729166667 0.0686539377
-0.114583333 0.0729166667 0.070490867
-0.114583333 0.0833333333 -0.0911589183
-0.119791667 0.0833333333 0.0686539377
-0.114583333 0.0833333333 0.070490867
-0.114583333 0.09375 -0.0911589183
-0.119791667 0.09375 0.0686539377
-0.114583333 0.09375 0.070490867
-0.114583333 0.104166667 -0.0911589183
-0.114583333 0.0989583333 0.0649800789
-0.114583333 0.104166667 0.0631431495
-0.114583333 0.0989583333 0.0686539377
-0.114583333 0.114583333 -0.0911589183
-0.114583333 0.109375 0.0613062201
-0.114583333 0.114583333 0.0594692908
-0.114583333 0.125 -0.0911589183
-0.114583333 0.119791667 0.0576323614
-0.114583333 0.125 0.055795432
-0.119791667 0.135416667 -0.089321989
-0.114583333 0.135416667 -0.0911589183
-0.114583333 0.130208333 0.0539585026
-0.114583333 0.135416667 0.0521215732
-0.114583333 0.140625 -0.089321989
-0.114583333 0.140625 -0.0856481302
-0.114583333 0.140625 -0.0819742714
-0.114583333 0.145833333 -0.0801373421
-0.119791667 0.145833333 0.0502846439
-0.114583333 0.140625 0.0502846439
-0.114583333 0.145833333 0.0484477145
-0.114583333 0.151041667 -0.0783004127
-0.114583333 0.151041667 -0.0746265539
-0.114583333 0.151041667 -0.0709526952
-0.114583333 0.15625 -0.0691157658
-0.119791667 0.15625 0.0466107851
-0.114583333 0.151041667 0.0466107851
-0.114583333 0.15625 0.0447738557
-0.114583333 0.161458333 -0.0672788364
-0.114583333 0.161458333 -0.0636049776
-0.114583333 0.166666667 -0.0617680483
-0.114583333 0.166666667 0.0447738557
-0.114583333 0.171875 -0.0599311189
-0.114583333 0.171875 -0.0562572601
-0.114583333 0.177083333 -0.0544203307
-0.114583333 0.171875 0.0429369264
-0.114583333 0.177083333 0.041099997
-0.114583333 0.182291667 -0.0525834014
-0.114583333 0.182291667 -0.0489095426
-0.114583333 0.1875 -0.0470726132
-0.114583333 0.182291667 0.0392630676
-0.114583333 0.1875 0.0374261382
-0.114583333 0.192708333 -0.0452356839
-0.114583333 0.192708333 -0.0415618251
-0.114583333 0.192708333 -0.0378879663
-0.114583333 0.192708333 -0.0342141076
-0.114583333 0.192708333 -0.0305402488
-0.114583333 0.192708333 -0.0268663901
-0.114583333 0.192708333 -0.0231925313
-0.119791667 0.197916667 -0.0195186725
-0.114583333 0.192708333 -0.0195186725
-0.114583333 0.197916667 -0.0176817432
-0.114583333 0.192708333 0.0319153501
-0.114583333 0.197916667 0.0300784207
-0.114583333 0.192708333 0.0355892088
-0.114583333 0.203125 -0.0158448138
-0.114583333 0.203125 -0.012170955
-0.114583333 0.203125 -0.00849709627
-0.114583333 0.203125 -0.00482323751
-0.114583333 0.203125 -0.00114937875
-0.114583333 0.203125 0.00252448001
-0.114583333 0.203125 0.00619833877
-0.114583333 0.203125 0.00987219752
-0.114583333 0.203125 0.0135460563
-0.114583333 0.203125 0.017219915
-0.114583333 0.203125 0.0208937738
-0.114583333 0.203125 0.0245676326
-0.114583333 0.203125 0.0282414913
-0.109375 -0.208333333 -0.0268663901
-0.109375 -0.208333333 -0.0231925313
-0.104166667 -0.208333333 -0.0213556019
-0.104166667 -0.213541667 -0.0195186725
-0.104166667 -0.213541667 -0.0158448138
-0.104166667 -0.213541667 -0.012170955
-0.104166667 -0.213541667 -0.00849709627
-0.104166667 -0.213541667 -0.00482323751
-0.104166667 -0.213541667 -0.00114937875
-0.104166667 -0.213541667 0.00252448001
-0.104166667 -0.213541667 0.00619833877
-0.104166667 -0.213541667 0.00987219752
-0.104166667 -0.213541667 0.0135460563
-0.104166667 -0.213541667 0.017219915
-0.104166667 -0.213541667 0.0208937738
-0.104166667 -0.213541667 0.0245676326
-0.104166667 -0.213541667 0.0282414913
-0.104166667 -0.208333333 0.0300784207
-0.109375 -0.197916667 -0.0452356839
-0.104166667 -0.197916667 -0.0433987545
-0.104166667 -0.203125 -0.0415618251
-0.104166667 -0.203125 -0.0378879663
-0.104166667 -0.203125 -0.0342141076
-0.104166667 -0.203125 -0.0305402488
-0.104166667 -0.203125 -0.0268663901
-0.104166667 -0.203125 -0.0231925313
-0.104166667 -0.203125 0.0319153501
-0.104166667 -0.203125 0.0355892088
-0.104166667 -0.197916667 0.0374261382
-0.104166667 -0.1875 -0.0544203307
-0.104166667 -0.192708333 -0.0525834014
-0.104166667 -0.192708333 -0.0489095426
-0.104166667 -0.192708333 -0.0452356839
-0.104166667 -0.192708333 0.0392630676
-0.104166667 -0.1875 0.041099997
-0.104166667 -0.177083333 -0.0617680483
-0.104166667 -0.182291667 -0.0599311189
-0.104166667 -0.182291667 -0.0562572601
-0.104166667 -0.182291667 0.0429369264
-0.104166667 -0.177083333 0.0447738557
-0.104166667 -0.166666667 -0.0691157658
-0.104166667 -0.171875 -0.0672788364
-0.104166667 -0.171875 -0.0636049776
-0.104166667 -0.171875 0.0466107851
-0.104166667 -0.166666667 0.0484477145
-0.109375 -0.15625 -0.0783004127
-0.104166667 -0.15625 -0.0801373421
-0.104166667 -0.161458333 -0.0783004127
-0.104166667 -0.161458333 -0.0746265539
-0.104166667 -0.161458333 -0.0709526952
-0.104166667 -0.161458333 0.0502846439
-0.104166667 -0.15625 0.0521215732
-0.109375 -0.145833333 -0.0856481302
-0.104166667 -0.145833333 -0.0874850596
-0.104166667 -0.151041667 -0.0856481302
-0.104166667 -0.151041667 -0.0819742714
-0.104166667 -0.151041667 0.0539585026
-0.104166667 -0.145833333 0.055795432
-0.104166667 -0.135416667 -0.0911589183
-0.104166667 -0.140625 -0.089321989
-0.104166667 -0.140625 0.0576323614
-0.104166667 -0.135416667 0.0594692908
-0.104166667 -0.125 -0.0911589183
-0.104166667 -0.130208333 0.0613062201
-0.104166667 -0.125 0.0631431495
-0.104166667 -0.114583333 -0.0911589183
-0.104166667 -0.119791667 0.0649800789
-0.104166667 -0.119791667 0.0686539377
-0.109375 -0.114583333 0.0686539377
-0.104166667 -0.114583333 0.070490867
-0.104166667 -0.104166667 -0.0911589183
-0.104166667 -0.109375 0.0723277964
-0.109375 -0.104166667 0.0723277964
-0.104166667 -0.104166667 0.0741647258
-0.104166667 -0.09375 -0.0911589183
-0.109375 -0.09375 0.0723277964
-0.104166667 -0.09375 0.0741647258
-0.104166667 -0.0833333333 -0.0911589183
-0.109375 -0.0833333333 0.0723277964
-0.104166667 -0.0833333333 0.0741647258
-0.104166667 -0.0729166667 -0.0911589183
-0.109375 -0.0729166667 0.0723277964
-0.104166667 -0.0729166667 0.0741647258
-0.104166667 -0.0625 -0.0911589183
-0.109375 -0.0625 0.0723277964
-0.104166667 -0.0625 0.0741647258
-0.104166667 -0.0520833333 -0.0911589183
-0.109375 -0.0520833333 0.0723277964
-0.104166667 -0.0520833333 0.0741647258
-0.104166667 -0.0416666667 -0.0911589183
-0.109375 -0.0416666667 0.0723277964
-0.104166667 -0.0416666667 0.0741647258
-0.104166667 -0.03125 -0.0911589183
-0.109375 -0.03125 0.0723277964
-0.104166667 -0.03125 0.0741647258
-0.104166667 -0.0208333333 -0.0911589183
-0.109375 -0.0208333333 0.0723277964
-0.104166667 -0.0208333333 0.0741647258
-0.104166667 -0.0104166667 -0.0911589183
-0.109375 -0.0104166667 0.0723277964
-0.104166667 -0.0104166667 0.0741647258
-0.104166667 -2.77555756e-17 -0.0911589183
-0.109375 -2.77555756e-17 0.0723277964
-0.104166667 -2.77555756e-17 0.0741647258
-0.104166667 0.0104166667 -0.0911589183
-0.109375 0.0104166667 0.0723277964
-0.104166667 0.0104166667 0.0741647258
-0.104166667 0.0208333333 -0.0911589183
-0.109375 0.0208333333 0.0723277964
-0.104166667 0.0208333333 0.0741647258
-0.104166667 0.03125 -0.0911589183
-0.109375 0.03125 0.0723277964
-0.104166667 0.03125 0.0741647258
-0.104166667 0.0416666667 -0.0911589183
-0.109375 0.0416666667 0.0723277964
-0.104166667 0.0416666667 0.0741647258
-0.104166667 0.0520833333 -0.0911589183
-0.109375 0.0520833333 0.0723277964
-0.104166667 0.0520833333 0.0741647258
-0.104166667 0.0625 -0.0911589183
-0.109375 0.0625 0.0723277964
-0.104166667 0.0625 0.0741647258
-0.104166667 0.0729166667 -0.0911589183
-0.109375 0.0729166667 0.0723277964
-0.104166667 0.0729166667 0.0741647258
-0.104166667 0.0833333333 -0.0911589183
-0.104166667 0.078125 0.0723277964
-0.104166667 0.0833333333 0.070490867
-0.104166667 0.09375 -0.0911589183
-0.109375 0.09375 0.0686539377
-0.104166667 0.0885416667 0.0686539377
-0.104166667 0.09375 0.0668170083
-0.104166667 0.104166667 -0.0911589183
-0.104166667 0.0989583333 0.0649800789
-0.104166667 0.104166667 0.0631431495
-0.104166667 0.114583333 -0.0911589183
-0.109375 0.114583333 0.0613062201
-0.104166667 0.114583333 0.0631431495
-0.104166667 0.125 -0.0911589183
-0.109375 0.125 0.0576323614
-0.104166667 0.125 0.0594692908
-0.104166667 0.119791667 0.0613062201
-0.104166667 0.135416667 -0.0911589183
-0.109375 0.135416667 0.0539585026
-0.104166667 0.135416667 0.055795432
-0.104166667 0.130208333 0.0576323614
-0.104166667 0.140625 -0.089321989
-0.104166667 0.140625 -0.0856481302
-0.109375 0.145833333 -0.0819742714
-0.104166667 0.145833333 -0.0838112008
-0.109375 0.145833333 0.0502846439
-0.104166667 0.145833333 0.0521215732
-0.104166667 0.140625 0.0539585026
-0.104166667 0.151041667 -0.0819742714
-0.104166667 0.151041667 -0.0783004127
-0.104166667 0.151041667 -0.0746265539
-0.109375 0.15625 -0.0709526952
-0.104166667 0.15625 -0.0727896245
-0.104166667 0.151041667 0.0466107851
-0.104166667 0.15625 0.0447738557
-0.104166667 0.151041667 0.0502846439
-0.104166667 0.161458333 -0.0709526952
-0.104166667 0.161458333 -0.0672788364
-0.109375 0.166666667 -0.0636049776
-0.104166667 0.166666667 -0.065441907
-0.109375 0.166666667 0.0429369264
-0.104166667 0.161458333 0.0429369264
-0.104166667 0.166666667 0.041099997
-0.104166667 0.171875 -0.0636049776
-0.104166667 0.171875 -0.0599311189
-0.109375 0.177083333 -0.0562572601
-0.104166667 0.177083333 -0.0580941895
-0.109375 0.177083333 0.0392630676
-0.104166667 0.171875 0.0392630676
-0.104166667 0.177083333 0.0374261382
-0.104166667 0.182291667 -0.0562572601
-0.104166667 0.182291667 -0.0525834014
-0.104166667 0.182291667 -0.0489095426
-0.104166667 0.1875 -0.0470726132
-0.104166667 0.1875 0.0374261382
-0.104166667 0.192708333 -0.0452356839
-0.104166667 0.192708333 -0.0415618251
-0.104166667 0.192708333 -0.0378879663
-0.104166667 0.192708333 -0.0342141076
-0.104166667 0.192708333 -0.0305402488
-0.104166667 0.192708333 -0.0268663901
-0.109375 0.197916667 -0.0231925313
-0.104166667 0.197916667 -0.0250294607
-0.109375 0.197916667 -0.0195186725
-0.104166667 0.192708333 -0.0158448138
-0.104166667 0.197916667 -0.0176817432
-0.109375 0.197916667 -0.0158448138
-0.104166667 0.197916667 -0.0140078844
-0.104166667 0.192708333 0.0319153501
-0.104166667 0.197916667 0.0300784207
-0.104166667 0.192708333 0.0355892088
-0.104166667 0.203125 -0.0231925313
-0.104166667 0.203125 -0.0195186725
-0.104166667 0.203125 -0.012170955
-0.104166667 0.203125 -0.00849709627
-0.104166667 0.203125 -0.00482323751
-0.104166667 0.203125 -0.00114937875
-0.104166667 0.203125 0.00252448001
-0.104166667 0.203125 0.00619833877
-0.104166667 0.203125 0.00987219752
-0.104166667 0.203125 0.0135460563
-0.104166667 0.203125 0.017219915
-0.104166667 0.203125 0.0208937738
-0.104166667 0.203125 0.0245676326
-0.104166667 0.203125 0.0282414913
-0.0989583333 -0.208333333 -0.0268663901
-0.09375 -0.208333333 -0.0287033194
-0.09375 -0.213541667 -0.0268663901
-0.09375 -0.208333333 -0.0250294607
-0.09375 -0.208333333 -0.0213556019
-0.09375 -0.213541667 -0.0195186725
-0.09375 -0.213541667 -0.0158448138
-0.09375 -0.213541667 -0.012170955
-0.09375 -0.213541667 -0.00849709627
-0.09375 -0.213541667 -0.00482323751
-0.09375 -0.213541667 -0.00114937875
-0.09375 -0.213541667 0.00252448001
-0.09375 -0.213541667 0.00619833877
-0.09375 -0.213541667 0.00987219752
-0.09375 -0.213541667 0.0135460563
-0.09375 -0.213541667 0.017219915
-0.09375 -0.213541667 0.0208937738
-0.09375 -0.213541667 0.0245676326
-0.09375 -0.213541667 0.0282414913
-0.09375 -0.208333333 0.0300784207
-0.0989583333 -0.197916667 -0.0452356839
-0.09375 -0.197916667 -0.0470726132
-0.09375 -0.203125 -0.0452356839
-0.09375 -0.203125 -0.0415618251
-0.09375 -0.203125 -0.0378879663
-0.09375 -0.203125 -0.0342141076
-0.09375 -0.203125 -0.0305402488
-0.09375 -0.203125 -0.0231925313
-0.09375 -0.203125 0.0319153501
-0.09375 -0.203125 0.0355892088
-0.09375 -0.197916667 0.0374261382
-0.09375 -0.1875 -0.0544203307
-0.09375 -0.192708333 -0.0525834014
-0.09375 -0.192708333 -0.0489095426
-0.09375 -0.192708333 0.0392630676
-0.09375 -0.1875 0.041099997
-0.09375 -0.177083333 -0.0617680483
-0.09375 -0.182291667 -0.0599311189
-0.09375 -0.182291667 -0.0562572601
-0.09375 -0.182291667 0.0429369264
-0.09375 -0.177083333 0.0447738557
-0.09375 -0.166666667 -0.0691157658
-0.09375 -0.171875 -0.0672788364
-0.09375 -0.171875 -0.0636049776
-0.09375 -0.171875 0.0466107851
-0.09375 -0.166666667 0.0484477145
-0.0989583333 -0.15625 -0.0783004127
-0.09375 -0.15625 -0.0764634833
-0.09375 -0.161458333 -0.0746265539
-0.09375 -0.161458333 -0.0709526952
-0.09375 -0.161458333 0.0502846439
-0.09375 -0.15625 0.0521215732
-0.0989583333 -0.145833333 -0.0856481302
-0.09375 -0.145833333 -0.0838112008
-0.09375 -0.151041667 -0.0819742714
-0.09375 -0.151041667 -0.0783004127
-0.09375 -0.151041667 0.0539585026
-0.09375 -0.145833333 0.055795432
-0.09375 -0.135416667 -0.0911589183
-0.09375 -0.140625 -0.089321989
-0.09375 -0.140625 -0.0856481302
-0.09375 -0.140625 0.0576323614
-0.09375 -0.135416667 0.0594692908
-0.09375 -0.125 -0.0911589183
-0.09375 -0.130208333 0.0613062201
-0.09375 -0.125 0.0631431495
-0.09375 -0.114583333 -0.0911589183
-0.09375 -0.119791667 0.0649800789
-0.09375 -0.119791667 0.0686539377
-0.09375 -0.114583333 0.070490867
-0.09375 -0.104166667 -0.0911589183
-0.09375 -0.109375 0.0723277964
-0.09375 -0.104166667 0.0741647258
-0.09375 -0.09375 -0.0911589183
-0.09375 -0.0989583333 0.0760016552
-0.0989583333 -0.09375 0.0760016552
-0.09375 -0.09375 0.0778385846
-0.09375 -0.0833333333 -0.0911589183
-0.0989583333 -0.0833333333 0.0760016552
-0.09375 -0.0833333333 0.0778385846
-0.09375 -0.0729166667 -0.0911589183
-0.0989583333 -0.0729166667 0.0760016552
-0.09375 -0.0729166667 0.0778385846
-0.09375 -0.0625 -0.0911589183
-0.0989583333 -0.0625 0.0760016552
-0.09375 -0.0625 0.0778385846
-0.09375 -0.0520833333 -0.0911589183
-0.0989583333 -0.0520833333 0.0760016552
-0.09375 -0.0520833333 0.0778385846
-0.09375 -0.0416666667 -0.0911589183
-0.0989583333 -0.0416666667 0.0760016552
-0.09375 -0.0416666667 0.0778385846
-0.09375 -0.03125 -0.0911589183
-0.0989583333 -0.03125 0.0760016552
-0.09375 -0.03125 0.0778385846
-0.09375 -0.0208333333 -0.0911589183
-0.0989583333 -0.0208333333 0.0760016552
-0.09375 -0.0208333333 0.0778385846
-0.09375 -0.0104166667 -0.0911589183
-0.0989583333 -0.0104166667 0.0760016552
-0.09375 -0.0104166667 0.0778385846
-0.09375 -2.77555756e-17 -0.0911589183
-0.0989583333 -2.77555756e-17 0.0760016552
-0.09375 -2.77555756e-17 0.0778385846
-0.09375 0.0104166667 -0.0911589183
-0.0989583333 0.0104166667 0.0760016552
-0.09375 0.0104166667 0.0778385846
-0.09375 0.0208333333 -0.0911589183
-0.0989583333 0.0208333333 0.0760016552
-0.09375 0.0208333333 0.0778385846
-0.09375 0.03125 -0.0911589183
-0.0989583333 0.03125 0.0760016552
-0.09375 0.0260416667 0.0796755139
-0.0989583333 0.03125 0.0796755139
-0.09375 0.03125 0.0815124433
-0.09375 0.0416666667 -0.0911589183
-0.0989583333 0.0416666667 0.0760016552
-0.09375 0.0416666667 0.0778385846
-0.09375 0.0364583333 0.0796755139
-0.09375 0.0520833333 -0.0911589183
-0.0989583333 0.0520833333 0.0760016552
-0.09375 0.0520833333 0.0778385846
-0.09375 0.0625 -0.0911589183
-0.09375 0.0572916667 0.0760016552
-0.09375 0.0625 0.0741647258
-0.09375 0.0729166667 -0.0911589183
-0.09375 0.0729166667 0.0741647258
-0.09375 0.0833333333 -0.0911589183
-0.09375 0.078125 0.0723277964
-0.09375 0.0833333333 0.070490867
-0.09375 0.09375 -0.0911589183
-0.09375 0.0885416667 0.0686539377
-0.09375 0.09375 0.0668170083
-0.09375 0.104166667 -0.0911589183
-0.09375 0.0989583333 0.0649800789
-0.09375 0.104166667 0.0631431495
-0.09375 0.114583333 -0.0911589183
-0.0989583333 0.114583333 0.0613062201
-0.09375 0.109375 0.0613062201
-0.09375 0.114583333 0.0594692908
-0.09375 0.125 -0.0911589183
-0.0989583333 0.125 0.0576323614
-0.09375 0.119791667 0.0576323614
-0.09375 0.125 0.055795432
-0.09375 0.135416667 -0.0911589183
-0.09375 0.135416667 0.055795432
-0.09375 0.140625 -0.089321989
-0.09375 0.140625 -0.0856481302
-0.09375 0.145833333 -0.0838112008
-0.09375 0.140625 0.0539585026
-0.09375 0.145833333 0.0521215732
-0.09375 0.151041667 -0.0819742714
-0.09375 0.151041667 -0.0783004127
-0.09375 0.151041667 -0.0746265539
-0.09375 0.15625 -0.0727896245
-0.0989583333 0.15625 0.0466107851
-0.09375 0.15625 0.0484477145
-0.09375 0.151041667 0.0502846439
-0.09375 0.161458333 -0.0709526952
-0.09375 0.161458333 -0.0672788364
-0.09375 0.166666667 -0.065441907
-0.0989583333 0.166666667 0.0429369264
-0.09375 0.166666667 0.0447738557
-0.09375 0.161458333 0.0466107851
-0.09375 0.171875 -0.0636049776
-0.09375 0.171875 -0.0599311189
-0.0989583333 0.177083333 -0.0562572601
-0.09375 0.171875 -0.0562572601
-0.09375 0.177083333 -0.0544203307
-0.0989583333 0.177083333 0.0392630676
-0.09375 0.177083333 0.041099997
-0.09375 0.171875 0.0429369264
-0.09375 0.182291667 -0.0525834014
-0.09375 0.182291667 -0.0489095426
-0.09375 0.1875 -0.0470726132
-0.09375 0.182291667 0.0392630676
-0.09375 0.1875 0.0374261382
-0.09375 0.192708333 -0.0452356839
-0.09375 0.192708333 -0.0415618251
-0.09375 0.192708333 -0.0378879663
-0.09375 0.192708333 -0.0342141076
-0.09375 0.192708333 -0.0305402488
-0.09375 0.192708333 -0.0268663901
-0.0989583333 0.197916667 -0.0231925313
-0.09375 0.192708333 -0.0231925313
-0.09375 0.197916667 -0.0213556019
-0.0989583333 0.197916667 -0.0158448138
-0.09375 0.192708333 0.0319153501
-0.09375 0.197916667 0.0300784207
-0.09375 0.192708333 0.0355892088
-0.09375 0.203125 -0.0195186725
-0.09375 0.203125 -0.0158448138
-0.09375 0.203125 -0.012170955
-0.09375 0.203125 -0.00849709627
-0.09375 0.203125 -0.00482323751
-0.09375 0.203125 -0.00114937875
-0.09375 0.203125 0.00252448001
-0.09375 0.203125 0.00619833877
-0.09375 0.203125 0.00987219752
-0.09375 0.203125 0.0135460563
-0.09375 0.203125 0.017219915
-0.09375 0.203125 0.0208937738
-0.09375 0.203125 0.0245676326
-0.09375 0.203125 0.0282414913
-0.0833333333 -0.208333333 -0.0287033194
-0.0833333333 -0.213541667 -0.0268663901
-0.0833333333 -0.213541667 -0.0231925313
-0.0885416667 -0.208333333 -0.0231925313
-0.0833333333 -0.213541667 -0.0195186725
-0.0833333333 -0.213541667 -0.0158448138
-0.0833333333 -0.213541667 -0.012170955
-0.0833333333 -0.213541667 -0.00849709627
-0.0833333333 -0.213541667 -0.00482323751
-0.0833333333 -0.213541667 -0.00114937875
-0.0833333333 -0.213541667 0.00252448001
-0.0833333333 -0.213541667 0.00619833877
-0.0833333333 -0.213541667 0.00987219752
-0.0833333333 -0.213541667 0.0135460563
-0.0833333333 -0.213541667 0.017219915
-0.0833333333 -0.213541667 0.0208937738
-0.0833333333 -0.213541667 0.0245676326
-0.0833333333 -0.213541667 0.0282414913
-0.0833333333 -0.208333333 0.0300784207
-0.0833333333 -0.197916667 -0.0470726132
-0.0833333333 -0.203125 -0.0452356839
-0.0833333333 -0.203125 -0.0415618251
-0.0833333333 -0.203125 -0.0378879663
-0.0833333333 -0.203125 -0.0342141076
-0.0833333333 -0.203125 -0.0305402488
-0.0833333333 -0.203125 0.0319153501
-0.0833333333 -0.203125 0.0355892088
-0.0833333333 -0.197916667 0.0374261382
-0.0833333333 -0.1875 -0.0544203307
-0.0833333333 -0.192708333 -0.0525834014
-0.0833333333 -0.192708333 -0.0489095426
-0.0833333333 -0.192708333 0.0392630676
-0.0833333333 -0.1875 0.041099997
-0.0833333333 -0.177083333 -0.0617680483
-0.0833333333 -0.182291667 -0.0599311189
-0.0833333333 -0.182291667 -0.0562572601
-0.0833333333 -0.182291667 0.0429369264
-0.0833333333 -0.177083333 0.0447738557
-0.0833333333 -0.166666667 -0.0691157658
-0.0833333333 -0.171875 -0.0672788364
-0.0833333333 -0.171875 -0.0636049776
-0.0833333333 -0.171875 0.0466107851
-0.0833333333 -0.166666667 0.0484477145
-0.0833333333 -0.15625 -0.0764634833
-0.0833333333 -0.161458333 -0.0746265539
-0.0833333333 -0.161458333 -0.0709526952
-0.0833333333 -0.161458333 0.0502846439
-0.0833333333 -0.15625 0.0521215732
-0.0833333333 -0.145833333 -0.0838112008
-0.0833333333 -0.151041667 -0.0819742714
-0.0833333333 -0.151041667 -0.0783004127
-0.0833333333 -0.151041667 0.0539585026
-0.0833333333 -0.145833333 0.055795432
-0.0833333333 -0.135416667 -0.0911589183
-0.0833333333 -0.140625 -0.089321989
-0.0833333333 -0.140625 -0.0856481302
-0.0833333333 -0.140625 0.0576323614
-0.0833333333 -0.135416667 0.0594692908
-0.0833333333 -0.125 -0.0911589183
-0.0833333333 -0.130208333 0.0613062201
-0.0833333333 -0.125 0.0631431495
-0.0833333333 -0.114583333 -0.0911589183
-0.0833333333 -0.119791667 0.0649800789
-0.0885416667 -0.114583333 0.0686539377
-0.0833333333 -0.114583333 0.0668170083
-0.0833333333 -0.104166667 -0.0911589183
-0.0833333333 -0.109375 0.0686539377
-0.0833333333 -0.109375 0.0723277964
-0.0833333333 -0.104166667 0.0741647258
-0.0833333333 -0.09375 -0.0911589183
-0.0833333333 -0.0989583333 0.0760016552
-0.0833333333 -0.09375 0.0778385846
-0.0833333333 -0.0833333333 -0.0911589183
-0.0833333333 -0.0885416667 0.0796755139
-0.0885416667 -0.0833333333 0.0796755139
-0.0833333333 -0.0833333333 0.0815124433
-0.0833333333 -0.0729166667 -0.0911589183
-0.0885416667 -0.0729166667 0.0796755139
-0.0833333333 -0.0729166667 0.0815124433
-0.0833333333 -0.0625 -0.0911589183
-0.0885416667 -0.0625 0.0796755139
-0.0833333333 -0.0625 0.0815124433
-0.0833333333 -0.0520833333 -0.0911589183
-0.0885416667 -0.0520833333 0.0796755139
-0.0833333333 -0.0572916667 0.0833493727
-0.0885416667 -0.0520833333 0.0833493727
-0.0833333333 -0.0520833333 0.0851863021
-0.0833333333 -0.0416666667 -0.0911589183
-0.0885416667 -0.0416666667 0.0796755139
-0.0885416667 -0.0416666667 0.0833493727
-0.0833333333 -0.0416666667 0.0851863021
-0.0833333333 -0.03125 -0.0911589183
-0.0885416667 -0.03125 0.0796755139
-0.0833333333 -0.03125 0.0815124433
-0.0833333333 -0.0364583333 0.0833493727
-0.0833333333 -0.0208333333 -0.0911589183
-0.0885416667 -0.0208333333 0.0796755139
-0.0833333333 -0.0260416667 0.0833493727
-0.0885416667 -0.0208333333 0.0833493727
-0.0833333333 -0.0208333333 0.0851863021
-0.0833333333 -0.0104166667 -0.0911589183
-0.0885416667 -0.0104166667 0.0796755139
-0.0833333333 -0.0104166667 0.0815124433
-0.0833333333 -0.015625 0.0833493727
-0.0833333333 -2.77555756e-17 -0.0911589183
-0.0885416667 -2.77555756e-17 0.0796755139
-0.0833333333 -0.00520833333 0.0833493727
-0.0885416667 -2.77555756e-17 0.0833493727
-0.0833333333 -2.77555756e-17 0.0851863021
-0.0833333333 0.0104166667 -0.0911589183
-0.0885416667 0.0104166667 0.0796755139
-0.0885416667 0.0104166667 0.0833493727
-0.0833333333 0.0104166667 0.0851863021
-0.0833333333 0.0208333333 -0.0911589183
-0.0885416667 0.0208333333 0.0796755139
-0.0833333333 0.0208333333 0.0815124433
-0.0833333333 0.015625 0.0833493727
-0.0833333333 0.03125 -0.0911589183
-0.0833333333 0.0260416667 0.0833493727
-0.0885416667 0.03125 0.0833493727
-0.0833333333 0.03125 0.0851863021
-0.0833333333 0.0416666667 -0.0911589183
-0.0885416667 0.0416666667 0.0796755139
-0.0833333333 0.0416666667 0.0815124433
-0.0833333333 0.0364583333 0.0833493727
-0.0833333333 0.0520833333 -0.0911589183
-0.0885416667 0.0520833333 0.0796755139
-0.0833333333 0.0520833333 0.0815124433
-0.0833333333 0.0625 -0.0911589183
-0.0885416667 0.0625 0.0760016552
-0.0833333333 0.0625 0.0778385846
-0.0833333333 0.0572916667 0.0796755139
-0.0833333333 0.0729166667 -0.0911589183
-0.0833333333 0.0677083333 0.0760016552
-0.0833333333 0.0729166667 0.0741647258
-0.0833333333 0.0833333333 -0.0911589183
-0.0885416667 0.0833333333 0.0686539377
-0.0833333333 0.078125 0.0686539377
-0.0833333333 0.0833333333 0.0668170083
-0.0833333333 0.078125 0.0723277964
-0.0833333333 0.09375 -0.0911589183
-0.0833333333 0.09375 0.0668170083
-0.0833333333 0.104166667 -0.0911589183
-0.0833333333 0.0989583333 0.0649800789
-0.0833333333 0.104166667 0.0631431495
-0.0833333333 0.114583333 -0.0911589183
-0.0833333333 0.109375 0.0613062201
-0.0833333333 0.114583333 0.0594692908
-0.0833333333 0.125 -0.0911589183
-0.0833333333 0.119791667 0.0576323614
-0.0833333333 0.125 0.055795432
-0.0833333333 0.135416667 -0.0911589183
-0.0885416667 0.135416667 0.0539585026
-0.0833333333 0.130208333 0.0539585026
-0.0833333333 0.135416667 0.0521215732
-0.0833333333 0.140625 -0.089321989
-0.0833333333 0.140625 -0.0856481302
-0.0833333333 0.145833333 -0.0838112008
-0.0885416667 0.145833333 0.0502846439
-0.0833333333 0.140625 0.0502846439
-0.0833333333 0.145833333 0.0484477145
-0.0833333333 0.151041667 -0.0819742714
-0.0833333333 0.151041667 -0.0783004127
-0.0833333333 0.151041667 -0.0746265539
-0.0833333333 0.15625 -0.0727896245
-0.0833333333 0.15625 0.0484477145
-0.0833333333 0.161458333 -0.0709526952
-0.0833333333 0.161458333 -0.0672788364
-0.0833333333 0.166666667 -0.065441907
-0.0833333333 0.161458333 0.0466107851
-0.0833333333 0.166666667 0.0447738557
-0.0833333333 0.171875 -0.0636049776
-0.0833333333 0.171875 -0.0599311189
-0.0833333333 0.171875 -0.0562572601
-0.0833333333 0.177083333 -0.0544203307
-0.0833333333 0.171875 0.0429369264
-0.0833333333 0.177083333 0.041099997
-0.0833333333 0.182291667 -0.0525834014
-0.0833333333 0.182291667 -0.0489095426
-0.0833333333 0.1875 -0.0470726132
-0.0833333333 0.182291667 0.0392630676
-0.0833333333 0.1875 0.0374261382
-0.0833333333 0.192708333 -0.0452356839
-0.0833333333 0.192708333 -0.0415618251
-0.0833333333 0.192708333 -0.0378879663
-0.0833333333 0.192708333 -0.0342141076
-0.0833333333 0.192708333 -0.0305402488
-0.0833333333 0.192708333 -0.0268663901
-0.0833333333 0.192708333 -0.0231925313
-0.0885416667 0.197916667 -0.0195186725
-0.0833333333 0.192708333 -0.0195186725
-0.0833333333 0.197916667 -0.0176817432
-0.0885416667 0.197916667 0.0282414913
-0.0833333333 0.192708333 0.0282414913
-0.0833333333 0.197916667 0.0264045619
-0.0833333333 0.192708333 0.0319153501
-0.0833333333 0.192708333 0.0355892088
-0.0833333333 0.203125 -0.0158448138
-0.0833333333 0.203125 -0.012170955
-0.0833333333 0.203125 -0.00849709627
-0.0833333333 0.203125 -0.00482323751
-0.0833333333 0.203125 -0.00114937875
-0.0833333333 0.203125 0.00252448001
-0.0833333333 0.203125 0.00619833877
-0.0833333333 0.203125 0.00987219752
-0.0833333333 0.203125 0.0135460563
-0.0833333333 0.203125 0.017219915
-0.0833333333 0.203125 0.0208937738
-0.0833333333 0.203125 0.0245676326
-0.078125 -0.208333333 -0.0268663901
-0.0729166667 -0.208333333 -0.0250294607
-0.0729166667 -0.213541667 -0.0231925313
-0.0729166667 -0.213541667 -0.0195186725
-0.0729166667 -0.213541667 -0.0158448138
-0.0729166667 -0.213541667 -0.012170955
-0.0729166667 -0.213541667 -0.00849709627
-0.0729166667 -0.213541667 -0.00482323751
-0.0729166667 -0.213541667 -0.00114937875
-0.0729166667 -0.213541667 0.00252448001
-0.0729166667 -0.213541667 0.00619833877
-0.0729166667 -0.213541667 0.00987219752
-0.0729166667 -0.213541667 0.0135460563
-0.0729166667 -0.213541667 0.017219915
-0.0729166667 -0.213541667 0.0208937738
-0.0729166667 -0.213541667 0.0245676326
-0.0729166667 -0.213541667 0.0282414913
-0.0729166667 -0.208333333 0.0300784207
-0.0729166667 -0.197916667 -0.0470726132
-0.0729166667 -0.203125 -0.0452356839
-0.0729166667 -0.203125 -0.0415618251
-0.0729166667 -0.203125 -0.0378879663
-0.0729166667 -0.203125 -0.0342141076
-0.0729166667 -0.203125 -0.0305402488
-0.0729166667 -0.203125 -0.0268663901
-0.0729166667 -0.203125 0.0319153501
-0.0729166667 -0.203125 0.0355892088
-0.0729166667 -0.197916667 0.0374261382
-0.0729166667 -0.1875 -0.0544203307
-0.0729166667 -0.192708333 -0.0525834014
-0.0729166667 -0.192708333 -0.0489095426
-0.0729166667 -0.192708333 0.0392630676
-0.0729166667 -0.1875 0.041099997
-0.0729166667 -0.177083333 -0.0617680483
-0.0729166667 -0.182291667 -0.0599311189
-0.0729166667 -0.182291667 -0.0562572601
-0.0729166667 -0.182291667 0.0429369264
-0.0729166667 -0.177083333 0.0447738557
-0.0729166667 -0.166666667 -0.0691157658
-0.0729166667 -0.171875 -0.0672788364
-0.0729166667 -0.171875 -0.0636049776
-0.0729166667 -0.171875 0.0466107851
-0.0729166667 -0.166666667 0.0484477145
-0.0729166667 -0.15625 -0.0764634833
-0.0729166667 -0.161458333 -0.0746265539
-0.0729166667 -0.161458333 -0.0709526952
-0.0729166667 -0.161458333 0.0502846439
-0.0729166667 -0.15625 0.0521215732
-0.078125 -0.145833333 -0.0856481302
-0.0729166667 -0.145833333 -0.0874850596
-0.0729166667 -0.151041667 -0.0856481302
-0.0729166667 -0.151041667 -0.0819742714
-0.0729166667 -0.151041667 -0.0783004127
-0.0729166667 -0.151041667 0.0539585026
-0.0729166667 -0.145833333 0.055795432
-0.0729166667 -0.135416667 -0.0911589183
-0.0729166667 -0.140625 -0.089321989
-0.0729166667 -0.140625 0.0576323614
-0.0729166667 -0.135416667 0.0594692908
-0.0729166667 -0.125 -0.0911589183
-0.0729166667 -0.130208333 0.0613062201
-0.0729166667 -0.125 0.0631431495
-0.0729166667 -0.114583333 -0.0911589183
-0.0729166667 -0.119791667 0.0649800789
-0.0729166667 -0.119791667 0.0686539377
-0.078125 -0.114583333 0.0686539377
-0.0729166667 -0.114583333 0.070490867
-0.0729166667 -0.104166667 -0.0911589183
-0.0729166667 -0.104166667 0.070490867
-0.078125 -0.104166667 0.0723277964
-0.0729166667 -0.09375 -0.0911589183
-0.0729166667 -0.0989583333 0.0723277964
-0.078125 -0.09375 0.0760016552
-0.0729166667 -0.09375 0.0741647258
-0.0729166667 -0.0833333333 -0.0911589183
-0.0729166667 -0.0885416667 0.0760016552
-0.0729166667 -0.0885416667 0.0796755139
-0.0729166667 -0.0833333333 0.0815124433
-0.0729166667 -0.0729166667 -0.0911589183
-0.0729166667 -0.078125 0.0833493727
-0.078125 -0.0729166667 0.0833493727
-0.0729166667 -0.0729166667 0.0851863021
-0.0729166667 -0.0625 -0.0911589183
-0.078125 -0.0625 0.0833493727
-0.0729166667 -0.0625 0.0851863021
-0.0729166667 -0.0520833333 -0.0911589183
-0.0729166667 -0.0520833333 0.0851863021
-0.0729166667 -0.0416666667 -0.0911589183
-0.0729166667 -0.0416666667 0.0851863021
-0.0729166667 -0.03125 -0.0911589183
-0.078125 -0.03125 0.0833493727
-0.0729166667 -0.03125 0.0851863021
-0.0729166667 -0.0208333333 -0.0911589183
-0.0729166667 -0.0208333333 0.0851863021
-0.0729166667 -0.0104166667 -0.0911589183
-0.078125 -0.0104166667 0.0833493727
-0.0729166667 -0.0104166667 0.0851863021
-0.0729166667 -2.77555756e-17 -0.0911589183
-0.0729166667 -2.77555756e-17 0.0851863021
-0.0729166667 0.0104166667 -0.0911589183
-0.0729166667 0.0104166667 0.0851863021
-0.0729166667 0.0208333333 -0.0911589183
-0.078125 0.0208333333 0.0833493727
-0.0729166667 0.0208333333 0.0851863021
-0.0729166667 0.03125 -0.0911589183
-0.0729166667 0.03125 0.0851863021
-0.0729166667 0.0416666667 -0.0911589183
-0.0729166667 0.0364583333 0.0833493727
-0.0729166667 0.0416666667 0.0815124433
-0.0729166667 0.0520833333 -0.0911589183
-0.0729166667 0.0520833333 0.0815124433
-0.0729166667 0.0625 -0.0911589183
-0.0729166667 0.0572916667 0.0796755139
-0.0729166667 0.0625 0.0778385846
-0.0729166667 0.0729166667 -0.0911589183
-0.0729166667 0.0677083333 0.0760016552
-0.0729166667 0.0729166667 0.0741647258
-0.0729166667 0.0833333333 -0.0911589183
-0.078125 0.0833333333 0.0686539377
-0.0729166667 0.0833333333 0.070490867
-0.0729166667 0.078125 0.0723277964
-0.0729166667 0.09375 -0.0911589183
-0.0729166667 0.0885416667 0.0686539377
-0.0729166667 0.09375 0.0668170083
-0.0729166667 0.104166667 -0.0911589183
-0.078125 0.104166667 0.0649800789
-0.0729166667 0.104166667 0.0668170083
-0.0729166667 0.114583333 -0.0911589183
-0.078125 0.114583333 0.0613062201
-0.0729166667 0.114583333 0.0631431495
-0.0729166667 0.109375 0.0649800789
-0.0729166667 0.125 -0.0911589183
-0.0729166667 0.119791667 0.0576323614
-0.0729166667 0.125 0.055795432
-0.0729166667 0.119791667 0.0613062201
-0.0729166667 0.135416667 -0.0911589183
-0.0729166667 0.130208333 0.0539585026
-0.0729166667 0.135416667 0.0521215732
-0.0729166667 0.140625 -0.089321989
-0.0729166667 0.140625 -0.0856481302
-0.0729166667 0.145833333 -0.0838112008
-0.0729166667 0.140625 0.0502846439
-0.0729166667 0.145833333 0.0484477145
-0.0729166667 0.151041667 -0.0819742714
-0.0729166667 0.151041667 -0.0783004127
-0.0729166667 0.151041667 -0.0746265539
-0.0729166667 0.15625 -0.0727896245
-0.078125 0.15625 0.0466107851
-0.0729166667 0.151041667 0.0466107851
-0.0729166667 0.15625 0.0447738557
-0.0729166667 0.161458333 -0.0709526952
-0.0729166667 0.161458333 -0.0672788364
-0.0729166667 0.166666667 -0.065441907
-0.0729166667 0.166666667 0.0447738557
-0.0729166667 0.171875 -0.0636049776
-0.0729166667 0.171875 -0.0599311189
-0.0729166667 0.171875 -0.0562572601
-0.0729166667 0.177083333 -0.0544203307
-0.0729166667 0.171875 0.0429369264
-0.0729166667 0.177083333 0.041099997
-0.0729166667 0.182291667 -0.0525834014
-0.0729166667 0.182291667 -0.0489095426
-0.0729166667 0.1875 -0.0470726132
-0.0729166667 0.182291667 0.0392630676
-0.0729166667 0.1875 0.0374261382
-0.0729166667 0.192708333 -0.0452356839
-0.0729166667 0.192708333 -0.0415618251
-0.0729166667 0.192708333 -0.0378879663
-0.0729166667 0.192708333 -0.0342141076
-0.0729166667 0.192708333 -0.0305402488
-0.0729166667 0.192708333 -0.0268663901
-0.078125 0.197916667 -0.0231925313
-0.0729166667 0.197916667 -0.0250294607
-0.0729166667 0.197916667 -0.0213556019
-0.0729166667 0.192708333 -0.0195186725
-0.0729166667 0.197916667 -0.0176817432
-0.078125 0.197916667 0.0282414913
-0.0729166667 0.197916667 0.0300784207
-0.0729166667 0.192708333 0.0319153501
-0.0729166667 0.192708333 0.0355892088
-0.0729166667 0.203125 -0.0231925313
-0.0729166667 0.203125 -0.0158448138
-0.0729166667 0.203125 -0.012170955
-0.0729166667 0.203125 -0.00849709627
-0.0729166667 0.203125 -0.00482323751
-0.0729166667 0.203125 -0.00114937875
-0.0729166667 0.203125 0.00252448001
-0.0729166667 0.203125 0.00619833877
-0.0729166667 0.203125 0.00987219752
-0.0729166667 0.203125 0.0135460563
-0.0729166667 0.203125 0.017219915
-0.0729166667 0.203125 0.0208937738
-0.0729166667 0.203125 0.0245676326
-0.0729166667 0.203125 0.0282414913
-0.0677083333 -0.208333333 -0.0268663901
-0.0625 -0.208333333 -0.0287033194
-0.0625 -0.213541667 -0.0268663901
-0.0625 -0.208333333 -0.0250294607
-0.0677083333 -0.208333333 -0.0231925313
-0.0625 -0.208333333 -0.0213556019
-0.0625 -0.213541667 -0.0195186725
-0.0625 -0.213541667 -0.0158448138
-0.0625 -0.213541667 -0.012170955
-0.0625 -0.213541667 -0.00849709627
-0.0625 -0.213541667 -0.00482323751
-0.0625 -0.213541667 -0.00114937875
-0.0625 -0.213541667 0.00252448001
-0.0625 -0.213541667 0.00619833877
-0.0625 -0.213541667 0.00987219752
-0.0625 -0.213541667 0.0135460563
-0.0625 -0.213541667 0.017219915
-0.0625 -0.213541667 0.0208937738
-0.0625 -0.213541667 0.0245676326
-0.0625 -0.213541667 0.0282414913
-0.0625 -0.208333333 0.0300784207
-0.0677083333 -0.197916667 -0.0452356839
-0.0625 -0.197916667 -0.0433987545
-0.0625 -0.203125 -0.0415618251
-0.0625 -0.203125 -0.0378879663
-0.0625 -0.203125 -0.0342141076
-0.0625 -0.203125 -0.0305402488
-0.0625 -0.203125 -0.0231925313
-0.0625 -0.203125 0.0319153501
-0.0625 -0.203125 0.0355892088
-0.0625 -0.197916667 0.0374261382
-0.0625 -0.1875 -0.0544203307
-0.0625 -0.192708333 -0.0525834014
-0.0625 -0.192708333 -0.0489095426
-0.0625 -0.192708333 -0.0452356839
-0.0625 -0.192708333 0.0392630676
-0.0625 -0.1875 0.041099997
-0.0625 -0.177083333 -0.0617680483
-0.0625 -0.182291667 -0.0599311189
-0.0625 -0.182291667 -0.0562572601
-0.0625 -0.182291667 0.0429369264
-0.0625 -0.177083333 0.0447738557
-0.0625 -0.166666667 -0.0691157658
-0.0625 -0.171875 -0.0672788364
-0.0625 -0.171875 -0.0636049776
-0.0625 -0.171875 0.0466107851
-0.0625 -0.166666667 0.0484477145
-0.0677083333 -0.15625 -0.0783004127
-0.0625 -0.15625 -0.0801373421
-0.0625 -0.161458333 -0.0783004127
-0.0625 -0.161458333 -0.0746265539
-0.0625 -0.161458333 -0.0709526952
-0.0625 -0.161458333 0.0502846439
-0.0625 -0.15625 0.0521215732
-0.0677083333 -0.145833333 -0.0856481302
-0.0625 -0.145833333 -0.0838112008
-0.0625 -0.151041667 -0.0819742714
-0.0625 -0.151041667 0.0539585026
-0.0625 -0.145833333 0.055795432
-0.0625 -0.135416667 -0.0911589183
-0.0625 -0.140625 -0.089321989
-0.0625 -0.140625 -0.0856481302
-0.0625 -0.140625 0.0576323614
-0.0625 -0.135416667 0.0594692908
-0.0625 -0.125 -0.0911589183
-0.0625 -0.130208333 0.0613062201
-0.0625 -0.130208333 0.0649800789
-0.0677083333 -0.125 0.0649800789
-0.0625 -0.125 0.0668170083
-0.0625 -0.114583333 -0.0911589183
-0.0625 -0.119791667 0.0686539377
-0.0625 -0.114583333 0.070490867
-0.0625 -0.104166667 -0.0911589183
-0.0625 -0.109375 0.0723277964
-0.0677083333 -0.104166667 0.0723277964
-0.0625 -0.104166667 0.0741647258
-0.0625 -0.09375 -0.0911589183
-0.0625 -0.0989583333 0.0760016552
-0.0677083333 -0.09375 0.0760016552
-0.0625 -0.09375 0.0778385846
-0.0625 -0.0833333333 -0.0911589183
-0.0625 -0.0885416667 0.0796755139
-0.0625 -0.0833333333 0.0815124433
-0.0625 -0.0729166667 -0.0911589183
-0.0625 -0.078125 0.0833493727
-0.0625 -0.0729166667 0.0851863021
-0.0625 -0.0625 -0.0911589183
-0.0625 -0.0625 0.0851863021
-0.0625 -0.0520833333 -0.0911589183
-0.0625 -0.0520833333 0.0851863021
-0.0625 -0.0416666667 -0.0911589183
-0.0625 -0.0416666667 0.0851863021
-0.0625 -0.03125 -0.0911589183
-0.0625 -0.03125 0.0851863021
-0.0625 -0.0208333333 -0.0911589183
-0.0625 -0.0208333333 0.0851863021
-0.0625 -0.0104166667 -0.0911589183
-0.0625 -0.0104166667 0.0851863021
-0.0625 -2.77555756e-17 -0.0911589183
-0.0625 -2.77555756e-17 0.0851863021
-0.0625 0.0104166667 -0.0911589183
-0.0625 0.0104166667 0.0851863021
-0.0625 0.0208333333 -0.0911589183
-0.0625 0.0208333333 0.0851863021
-0.0625 0.03125 -0.0911589183
-0.0625 0.03125 0.0851863021
-0.0625 0.0416666667 -0.0911589183
-0.0625 0.0364583333 0.0833493727
-0.0625 0.0416666667 0.0815124433
-0.0625 0.0520833333 -0.0911589183
-0.0677083333 0.0520833333 0.0796755139
-0.0625 0.046875 0.0796755139
-0.0625 0.0520833333 0.0778385846
-0.0625 0.0625 -0.0911589183
-0.0677083333 0.0625 0.0760016552
-0.0625 0.0572916667 0.0760016552
-0.0625 0.0625 0.0741647258
-0.0625 0.0729166667 -0.0911589183
-0.0625 0.0729166667 0.0741647258
-0.0625 0.0833333333 -0.0911589183
-0.0625 0.078125 0.0723277964
-0.0625 0.0833333333 0.070490867
-0.0625 0.09375 -0.0911589183
-0.0625 0.0885416667 0.0686539377
-0.0625 0.09375 0.0668170083
-0.0625 0.104166667 -0.0911589183
-0.0677083333 0.104166667 0.0649800789
-0.0625 0.0989583333 0.0649800789
-0.0625 0.104166667 0.0631431495
-0.0625 0.114583333 -0.0911589183
-0.0677083333 0.114583333 0.0613062201
-0.0625 0.109375 0.0613062201
-0.0625 0.114583333 0.0594692908
-0.0625 0.125 -0.0911589183
-0.0677083333 0.125 0.0576323614
-0.0625 0.125 0.0594692908
-0.0625 0.135416667 -0.0911589183
-0.0677083333 0.135416667 0.0539585026
-0.0625 0.135416667 0.055795432
-0.0625 0.130208333 0.0576323614
-0.0625 0.140625 -0.089321989
-0.0625 0.140625 -0.0856481302
-0.0625 0.145833333 -0.0838112008
-0.0677083333 0.145833333 0.0502846439
-0.0625 0.145833333 0.0521215732
-0.0625 0.140625 0.0539585026
-0.0625 0.151041667 -0.0819742714
-0.0625 0.151041667 -0.0783004127
-0.0625 0.151041667 -0.0746265539
-0.0625 0.15625 -0.0727896245
-0.0677083333 0.15625 0.0466107851
-0.0625 0.15625 0.0484477145
-0.0625 0.151041667 0.0502846439
-0.0625 0.161458333 -0.0709526952
-0.0625 0.161458333 -0.0672788364
-0.0625 0.166666667 -0.065441907
-0.0677083333 0.166666667 0.0429369264
-0.0625 0.161458333 0.0429369264
-0.0625 0.166666667 0.041099997
-0.0625 0.161458333 0.0466107851
-0.0625 0.171875 -0.0636049776
-0.0625 0.171875 -0.0599311189
-0.0625 0.171875 -0.0562572601
-0.0625 0.177083333 -0.0544203307
-0.0677083333 0.177083333 0.0392630676
-0.0625 0.171875 0.0392630676
-0.0625 0.177083333 0.0374261382
-0.0625 0.182291667 -0.0525834014
-0.0625 0.182291667 -0.0489095426
-0.0625 0.1875 -0.0470726132
-0.0625 0.1875 0.0374261382
-0.0625 0.192708333 -0.0452356839
-0.0625 0.192708333 -0.0415618251
-0.0625 0.192708333 -0.0378879663
-0.0625 0.192708333 -0.0342141076
-0.0625 0.192708333 -0.0305402488
-0.0625 0.192708333 -0.0268663901
-0.0677083333 0.197916667 -0.0231925313
-0.0625 0.192708333 -0.0231925313
-0.0625 0.192708333 -0.0195186725
-0.0625 0.197916667 -0.0176817432
-0.0677083333 0.197916667 0.0282414913
-0.0625 0.192708333 0.0282414913
-0.0625 0.197916667 0.0264045619
-0.0625 0.192708333 0.0319153501
-0.0625 0.192708333 0.0355892088
-0.0625 0.203125 -0.0158448138
-0.0625 0.203125 -0.012170955
-0.0625 0.203125 -0.00849709627
-0.0625 0.203125 -0.00482323751
-0.0625 0.203125 -0.00114937875
-0.0625 0.203125 0.00252448001
-0.0625 0.203125 0.00619833877
-0.0625 0.203125 0.00987219752
-0.0625 0.203125 0.0135460563
-0.0625 0.203125 0.017219915
-0.0625 0.203125 0.0208937738
-0.0625 0.203125 0.0245676326
-0.0520833333 -0.208333333 -0.0287033194
-0.0520833333 -0.213541667 -0.0268663901
-0.0520833333 -0.213541667 -0.0231925313
-0.0572916667 -0.208333333 -0.0231925313
-0.0520833333 -0.213541667 -0.0195186725
-0.0520833333 -0.213541667 -0.0158448138
-0.0520833333 -0.213541667 -0.012170955
-0.0520833333 -0.213541667 -0.00849709627
-0.0520833333 -0.213541667 -0.00482323751
-0.0520833333 -0.213541667 -0.00114937875
-0.0520833333 -0.213541667 0.00252448001
-0.0520833333 -0.213541667 0.00619833877
-0.0520833333 -0.213541667 0.00987219752
-0.0520833333 -0.213541667 0.0135460563
-0.0520833333 -0.213541667 0.017219915
-0.0520833333 -0.213541667 0.0208937738
-0.0520833333 -0.213541667 0.0245676326
-0.0520833333 -0.213541667 0.0282414913
-0.0520833333 -0.208333333 0.0300784207
-0.0572916667 -0.197916667 -0.0452356839
-0.0520833333 -0.197916667 -0.0470726132
-0.0520833333 -0.203125 -0.0452356839
-0.0520833333 -0.203125 -0.0415618251
-0.0520833333 -0.203125 -0.0378879663
-0.0520833333 -0.203125 -0.0342141076
-0.0520833333 -0.203125 -0.0305402488
-0.0520833333 -0.203125 0.0319153501
-0.0520833333 -0.203125 0.0355892088
-0.0520833333 -0.197916667 0.0374261382
-0.0520833333 -0.1875 -0.0544203307
-0.0520833333 -0.192708333 -0.0525834014
-0.0520833333 -0.192708333 -0.0489095426
-0.0520833333 -0.192708333 0.0392630676
-0.0520833333 -0.1875 0.041099997
-0.0520833333 -0.177083333 -0.0617680483
-0.0520833333 -0.182291667 -0.0599311189
-0.0520833333 -0.182291667 -0.0562572601
-0.0520833333 -0.182291667 0.0429369264
-0.0520833333 -0.177083333 0.0447738557
-0.0520833333 -0.166666667 -0.0691157658
-0.0520833333 -0.171875 -0.0672788364
-0.0520833333 -0.171875 -0.0636049776
-0.0520833333 -0.171875 0.0466107851
-0.0520833333 -0.166666667 0.0484477145
-0.0572916667 -0.15625 -0.0783004127
-0.0520833333 -0.15625 -0.0764634833
-0.0520833333 -0.161458333 -0.0746265539
-0.0520833333 -0.161458333 -0.0709526952
-0.0520833333 -0.161458333 0.0502846439
-0.0520833333 -0.15625 0.0521215732
-0.0520833333 -0.145833333 -0.0838112008
-0.0520833333 -0.151041667 -0.0819742714
-0.0520833333 -0.151041667 -0.0783004127
-0.0520833333 -0.151041667 0.0539585026
-0.0520833333 -0.145833333 0.055795432
-0.0520833333 -0.135416667 -0.0911589183
-0.0520833333 -0.140625 -0.089321989
-0.0520833333 -0.140625 -0.0856481302
-0.0520833333 -0.140625 0.0576323614
-0.0520833333 -0.135416667 0.0594692908
-0.0520833333 -0.125 -0.0911589183
-0.0520833333 -0.130208333 0.0613062201
-0.0572916667 -0.125 0.0649800789
-0.0520833333 -0.125 0.0631431495
-0.0520833333 -0.114583333 -0.0911589183
-0.0520833333 -0.119791667 0.0649800789
-0.0520833333 -0.119791667 0.0686539377
-0.0520833333 -0.114583333 0.070490867
-0.0520833333 -0.104166667 -0.0911589183
-0.0520833333 -0.109375 0.0723277964
-0.0520833333 -0.104166667 0.0741647258
-0.0520833333 -0.09375 -0.0911589183
-0.0520833333 -0.0989583333 0.0760016552
-0.0520833333 -0.09375 0.0778385846
-0.0520833333 -0.0833333333 -0.0911589183
-0.0520833333 -0.0885416667 0.0796755139
-0.0520833333 -0.0833333333 0.0815124433
-0.0520833333 -0.0729166667 -0.0911589183
-0.0520833333 -0.078125 0.0833493727
-0.0520833333 -0.0729166667 0.0851863021
-0.0520833333 -0.0625 -0.0911589183
-0.0520833333 -0.0625 0.0851863021
-0.0520833333 -0.0520833333 -0.0911589183
-0.0520833333 -0.0520833333 0.0851863021
-0.0520833333 -0.0416666667 -0.0911589183
-0.0520833333 -0.0416666667 0.0851863021
-0.0520833333 -0.03125 -0.0911589183
-0.0520833333 -0.03125 0.0851863021
-0.0520833333 -0.0208333333 -0.0911589183
-0.0520833333 -0.0208333333 0.0851863021
-0.0520833333 -0.0104166667 -0.0911589183
-0.0520833333 -0.0104166667 0.0851863021
-0.0520833333 -2.77555756e-17 -0.0911589183
-0.0520833333 -2.77555756e-17 0.0851863021
-0.0520833333 0.0104166667 -0.0911589183
-0.0520833333 0.0104166667 0.0851863021
-0.0520833333 0.0208333333 -0.0911589183
-0.0520833333 0.0208333333 0.0851863021
-0.0520833333 0.03125 -0.0911589183
-0.0520833333 0.03125 0.0851863021
-0.0520833333 0.0416666667 -0.0911589183
-0.0572916667 0.0416666667 0.0833493727
-0.0520833333 0.0416666667 0.0851863021
-0.0520833333 0.0520833333 -0.0911589183
-0.0572916667 0.0520833333 0.0796755139
-0.0520833333 0.0520833333 0.0815124433
-0.0520833333 0.046875 0.0833493727
-0.0520833333 0.0625 -0.0911589183
-0.0572916667 0.0625 0.0760016552
-0.0520833333 0.0625 0.0778385846
-0.0520833333 0.0572916667 0.0796755139
-0.0520833333 0.0729166667 -0.0911589183
-0.0572916667 0.0729166667 0.0723277964
-0.0520833333 0.0677083333 0.0723277964
-0.0520833333 0.0729166667 0.070490867
-0.0520833333 0.0677083333 0.0760016552
-0.0520833333 0.0833333333 -0.0911589183
-0.0520833333 0.0833333333 0.070490867
-0.0520833333 0.09375 -0.0911589183
-0.0520833333 0.0885416667 0.0686539377
-0.0520833333 0.09375 0.0668170083
-0.0520833333 0.104166667 -0.0911589183
-0.0520833333 0.0989583333 0.0649800789
-0.0520833333 0.104166667 0.0631431495
-0.0520833333 0.114583333 -0.0911589183
-0.0520833333 0.109375 0.0613062201
-0.0520833333 0.114583333 0.0594692908
-0.0520833333 0.125 -0.0911589183
-0.0572916667 0.125 0.0576323614
-0.0520833333 0.119791667 0.0576323614
-0.0520833333 0.125 0.055795432
-0.0520833333 0.135416667 -0.0911589183
-0.0572916667 0.135416667 0.0539585026
-0.0520833333 0.130208333 0.0539585026
-0.0520833333 0.135416667 0.0521215732
-0.0520833333 0.140625 -0.089321989
-0.0520833333 0.140625 -0.0856481302
-0.0520833333 0.145833333 -0.0838112008
-0.0520833333 0.145833333 0.0521215732
-0.0520833333 0.151041667 -0.0819742714
-0.0520833333 0.151041667 -0.0783004127
-0.0520833333 0.151041667 -0.0746265539
-0.0520833333 0.15625 -0.0727896245
-0.0520833333 0.151041667 0.0502846439
-0.0520833333 0.15625 0.0484477145
-0.0520833333 0.161458333 -0.0709526952
-0.0520833333 0.161458333 -0.0672788364
-0.0520833333 0.166666667 -0.065441907
-0.0572916667 0.166666667 0.0429369264
-0.0520833333 0.166666667 0.0447738557
-0.0520833333 0.161458333 0.0466107851
-0.0520833333 0.171875 -0.0636049776
-0.0520833333 0.171875 -0.0599311189
-0.0520833333 0.171875 -0.0562572601
-0.0520833333 0.177083333 -0.0544203307
-0.0572916667 0.177083333 0.0392630676
-0.0520833333 0.177083333 0.041099997
-0.0520833333 0.171875 0.0429369264
-0.0520833333 0.182291667 -0.0525834014
-0.0520833333 0.182291667 -0.0489095426
-0.0520833333 0.1875 -0.0470726132
-0.0520833333 0.182291667 0.0392630676
-0.0520833333 0.1875 0.0374261382
-0.0520833333 0.192708333 -0.0452356839
-0.0520833333 0.192708333 -0.0415618251
-0.0520833333 0.192708333 -0.0378879663
-0.0520833333 0.192708333 -0.0342141076
-0.0520833333 0.192708333 -0.0305402488
-0.0520833333 0.192708333 -0.0268663901
-0.0520833333 0.192708333 -0.0231925313
-0.0572916667 0.197916667 -0.0195186725
-0.0520833333 0.197916667 -0.0213556019
-0.0520833333 0.192708333 0.0282414913
-0.0520833333 0.197916667 0.0264045619
-0.0520833333 0.192708333 0.0319153501
-0.0520833333 0.192708333 0.0355892088
-0.0520833333 0.203125 -0.0195186725
-0.0520833333 0.203125 -0.0158448138
-0.0520833333 0.203125 -0.012170955
-0.0520833333 0.203125 -0.00849709627
-0.0520833333 0.203125 -0.00482323751
-0.0520833333 0.203125 -0.00114937875
-0.0520833333 0.203125 0.00252448001
-0.0520833333 0.203125 0.00619833877
-0.0520833333 0.203125 0.00987219752
-0.0520833333 0.203125 0.0135460563
-0.0520833333 0.203125 0.017219915
-0.0520833333 0.203125 0.0208937738
-0.0520833333 0.203125 0.0245676326
-0.046875 -0.208333333 -0.0268663901
-0.046875 -0.208333333 -0.0231925313
-0.0416666667 -0.208333333 -0.0213556019
-0.0416666667 -0.213541667 -0.0195186725
-0.0416666667 -0.213541667 -0.0158448138
-0.0416666667 -0.213541667 -0.012170955
-0.0416666667 -0.213541667 -0.00849709627
-0.0416666667 -0.213541667 -0.00482323751
-0.0416666667 -0.213541667 -0.00114937875
-0.0416666667 -0.213541667 0.00252448001
-0.0416666667 -0.213541667 0.00619833877
-0.0416666667 -0.213541667 0.00987219752
-0.0416666667 -0.213541667 0.0135460563
-0.0416666667 -0.213541667 0.017219915
-0.0416666667 -0.213541667 0.0208937738
-0.0416666667 -0.213541667 0.0245676326
-0.0416666667 -0.213541667 0.0282414913
-0.0416666667 -0.208333333 0.0300784207
-0.0416666667 -0.197916667 -0.0470726132
-0.0416666667 -0.203125 -0.0452356839
-0.0416666667 -0.203125 -0.0415618251
-0.0416666667 -0.203125 -0.0378879663
-0.0416666667 -0.203125 -0.0342141076
-0.0416666667 -0.203125 -0.0305402488
-0.0416666667 -0.203125 -0.0268663901
-0.0416666667 -0.203125 -0.0231925313
-0.0416666667 -0.203125 0.0319153501
-0.0416666667 -0.203125 0.0355892088
-0.0416666667 -0.197916667 0.0374261382
-0.0416666667 -0.1875 -0.0544203307
-0.0416666667 -0.192708333 -0.0525834014
-0.0416666667 -0.192708333 -0.0489095426
-0.0416666667 -0.192708333 0.0392630676
-0.0416666667 -0.1875 0.041099997
-0.0416666667 -0.177083333 -0.0617680483
-0.0416666667 -0.182291667 -0.0599311189
-0.0416666667 -0.182291667 -0.0562572601
-0.0416666667 -0.182291667 0.0429369264
-0.0416666667 -0.177083333 0.0447738557
-0.0416666667 -0.166666667 -0.0691157658
-0.0416666667 -0.171875 -0.0672788364
-0.0416666667 -0.171875 -0.0636049776
-0.0416666667 -0.171875 0.0466107851
-0.0416666667 -0.166666667 0.0484477145
-0.0416666667 -0.15625 -0.0764634833
-0.0416666667 -0.161458333 -0.0746265539
-0.0416666667 -0.161458333 -0.0709526952
-0.0416666667 -0.161458333 0.0502846439
-0.0416666667 -0.15625 0.0521215732
-0.0416666667 -0.145833333 -0.0838112008
-0.0416666667 -0.151041667 -0.0819742714
-0.0416666667 -0.151041667 -0.0783004127
-0.0416666667 -0.151041667 0.0539585026
-0.0416666667 -0.145833333 0.055795432
-0.0416666667 -0.135416667 -0.0911589183
-0.0416666667 -0.140625 -0.089321989
-0.0416666667 -0.140625 -0.0856481302
-0.0416666667 -0.140625 0.0576323614
-0.0416666667 -0.135416667 0.0594692908
-0.0416666667 -0.125 -0.0911589183
-0.0416666667 -0.130208333 0.0613062201
-0.0416666667 -0.130208333 0.0649800789
-0.046875 -0.125 0.0649800789
-0.0416666667 -0.125 0.0668170083
-0.0416666667 -0.114583333 -0.0911589183
-0.0416666667 -0.114583333 0.0668170083
-0.046875 -0.114583333 0.0686539377
-0.0416666667 -0.104166667 -0.0911589183
-0.0416666667 -0.109375 0.0686539377
-0.046875 -0.104166667 0.0723277964
-0.0416666667 -0.104166667 0.070490867
-0.0416666667 -0.09375 -0.0911589183
-0.0416666667 -0.0989583333 0.0723277964
-0.046875 -0.09375 0.0760016552
-0.0416666667 -0.09375 0.0741647258
-0.0416666667 -0.0833333333 -0.0911589183
-0.0416666667 -0.0885416667 0.0760016552
-0.0416666667 -0.0885416667 0.0796755139
-0.0416666667 -0.0833333333 0.0815124433
-0.0416666667 -0.0729166667 -0.0911589183
-0.0416666667 -0.078125 0.0833493727
-0.0416666667 -0.0729166667 0.0851863021
-0.0416666667 -0.0625 -0.0911589183
-0.0416666667 -0.0625 0.0851863021
-0.0416666667 -0.0520833333 -0.0911589183
-0.0416666667 -0.0520833333 0.0851863021
-0.0416666667 -0.0416666667 -0.0911589183
-0.0416666667 -0.0416666667 0.0851863021
-0.0416666667 -0.03125 -0.0911589183
-0.0416666667 -0.03125 0.0851863021
-0.0416666667 -0.0208333333 -0.0911589183
-0.0416666667 -0.0208333333 0.0851863021
-0.0416666667 -0.0104166667 -0.0911589183
-0.0416666667 -0.0104166667 0.0851863021
-0.0416666667 -2.77555756e-17 -0.0911589183
-0.0416666667 -2.77555756e-17 0.0851863021
-0.0416666667 0.0104166667 -0.0911589183
-0.0416666667 0.0104166667 0.0851863021
-0.0416666667 0.0208333333 -0.0911589183
-0.0416666667 0.0208333333 0.0851863021
-0.0416666667 0.03125 -0.0911589183
-0.0416666667 0.03125 0.0851863021
-0.0416666667 0.0416666667 -0.0911589183
-0.046875 0.0416666667 0.0833493727
-0.0416666667 0.0364583333 0.0833493727
-0.0416666667 0.0416666667 0.0815124433
-0.0416666667 0.0520833333 -0.0911589183
-0.0416666667 0.0520833333 0.0815124433
-0.0416666667 0.0625 -0.0911589183
-0.0416666667 0.0572916667 0.0796755139
-0.0416666667 0.0625 0.0778385846
-0.0416666667 0.0729166667 -0.0911589183
-0.046875 0.0729166667 0.0723277964
-0.0416666667 0.0729166667 0.0741647258
-0.0416666667 0.0677083333 0.0760016552
-0.0416666667 0.0833333333 -0.0911589183
-0.0416666667 0.078125 0.0723277964
-0.0416666667 0.0833333333 0.070490867
-0.0416666667 0.09375 -0.0911589183
-0.046875 0.09375 0.0686539377
-0.0416666667 0.09375 0.070490867
-0.0416666667 0.104166667 -0.0911589183
-0.0416666667 0.0989583333 0.0649800789
-0.0416666667 0.104166667 0.0631431495
-0.0416666667 0.0989583333 0.0686539377
-0.0416666667 0.114583333 -0.0911589183
-0.0416666667 0.109375 0.0613062201
-0.0416666667 0.114583333 0.0594692908
-0.0416666667 0.125 -0.0911589183
-0.0416666667 0.119791667 0.0576323614
-0.0416666667 0.125 0.055795432
-0.0416666667 0.135416667 -0.0911589183
-0.0416666667 0.130208333 0.0539585026
-0.0416666667 0.135416667 0.0521215732
-0.0416666667 0.140625 -0.089321989
-0.0416666667 0.140625 -0.0856481302
-0.046875 0.145833333 -0.0819742714
-0.0416666667 0.140625 -0.0819742714
-0.0416666667 0.145833333 -0.0801373421
-0.046875 0.145833333 0.0502846439
-0.0416666667 0.140625 0.0502846439
-0.0416666667 0.145833333 0.0484477145
-0.0416666667 0.151041667 -0.0783004127
-0.0416666667 0.151041667 -0.0746265539
-0.0416666667 0.15625 -0.0727896245
-0.0416666667 0.15625 0.0484477145
-0.0416666667 0.161458333 -0.0709526952
-0.0416666667 0.161458333 -0.0672788364
-0.0416666667 0.166666667 -0.065441907
-0.0416666667 0.161458333 0.0466107851
-0.0416666667 0.166666667 0.0447738557
-0.0416666667 0.171875 -0.0636049776
-0.0416666667 0.171875 -0.0599311189
-0.0416666667 0.171875 -0.0562572601
-0.0416666667 0.177083333 -0.0544203307
-0.0416666667 0.171875 0.0429369264
-0.0416666667 0.177083333 0.041099997
-0.0416666667 0.182291667 -0.0525834014
-0.0416666667 0.182291667 -0.0489095426
-0.0416666667 0.1875 -0.0470726132
-0.0416666667 0.182291667 0.0392630676
-0.0416666667 0.1875 0.0374261382
-0.0416666667 0.192708333 -0.0452356839
-0.0416666667 0.192708333 -0.0415618251
-0.0416666667 0.192708333 -0.0378879663
-0.0416666667 0.192708333 -0.0342141076
-0.0416666667 0.192708333 -0.0305402488
-0.046875 0.197916667 -0.0268663901
-0.0416666667 0.197916667 -0.0287033194
-0.046875 0.197916667 -0.0231925313
-0.0416666667 0.192708333 -0.0195186725
-0.0416666667 0.197916667 -0.0213556019
-0.046875 0.197916667 -0.0195186725
-0.0416666667 0.197916667 -0.0176817432
-0.046875 0.197916667 0.0282414913
-0.0416666667 0.197916667 0.0300784207
-0.0416666667 0.192708333 0.0319153501
-0.0416666667 0.192708333 0.0355892088
-0.0416666667 0.203125 -0.0268663901
-0.0416666667 0.203125 -0.0231925313
-0.0416666667 0.203125 -0.0158448138
-0.0416666667 0.203125 -0.012170955
-0.0416666667 0.203125 -0.00849709627
-0.0416666667 0.203125 -0.00482323751
-0.0416666667 0.203125 -0.00114937875
-0.0416666667 0.203125 0.00252448001
-0.0416666667 0.203125 0.00619833877
-0.0416666667 0.203125 0.00987219752
-0.0416666667 0.203125 0.0135460563
-0.0416666667 0.203125 0.017219915
-0.0416666667 0.203125 0.0208937738
-0.0416666667 0.203125 0.0245676326
-0.0416666667 0.203125 0.0282414913
-0.0364583333 -0.208333333 -0.0268663901
-0.03125 -0.208333333 -0.0287033194
-0.03125 -0.213541667 -0.0268663901
-0.03125 -0.213541667 -0.0231925313
-0.0364583333 -0.208333333 -0.0231925313
-0.03125 -0.213541667 -0.0195186725
-0.03125 -0.213541667 -0.0158448138
-0.03125 -0.213541667 -0.012170955
-0.03125 -0.213541667 -0.00849709627
-0.03125 -0.213541667 -0.00482323751
-0.03125 -0.213541667 -0.00114937875
-0.03125 -0.213541667 0.00252448001
-0.03125 -0.213541667 0.00619833877
-0.03125 -0.213541667 0.00987219752
-0.03125 -0.213541667 0.0135460563
-0.03125 -0.213541667 0.017219915
-0.03125 -0.213541667 0.0208937738
-0.03125 -0.213541667 0.0245676326
-0.03125 -0.213541667 0.0282414913
-0.03125 -0.208333333 0.0300784207
-0.03125 -0.197916667 -0.0470726132
-0.03125 -0.203125 -0.0452356839
-0.03125 -0.203125 -0.0415618251
-0.03125 -0.203125 -0.0378879663
-0.03125 -0.203125 -0.0342141076
-0.03125 -0.203125 -0.0305402488
-0.03125 -0.203125 0.0319153501
-0.03125 -0.203125 0.0355892088
-0.03125 -0.197916667 0.0374261382
-0.03125 -0.1875 -0.0544203307
-0.03125 -0.192708333 -0.0525834014
-0.03125 -0.192708333 -0.0489095426
-0.03125 -0.192708333 0.0392630676
-0.03125 -0.1875 0.041099997
-0.03125 -0.177083333 -0.0617680483
-0.03125 -0.182291667 -0.0599311189
-0.03125 -0.182291667 -0.0562572601
-0.03125 -0.182291667 0.0429369264
-0.03125 -0.177083333 0.0447738557
-0.03125 -0.166666667 -0.0691157658
-0.03125 -0.171875 -0.0672788364
-0.03125 -0.171875 -0.0636049776
-0.03125 -0.171875 0.0466107851
-0.03125 -0.166666667 0.0484477145
-0.0364583333 -0.15625 -0.0783004127
-0.03125 -0.15625 -0.0801373421
-0.03125 -0.161458333 -0.0783004127
-0.03125 -0.161458333 -0.0746265539
-0.03125 -0.161458333 -0.0709526952
-0.03125 -0.161458333 0.0502846439
-0.03125 -0.15625 0.0521215732
-0.03125 -0.145833333 -0.0838112008
-0.03125 -0.151041667 -0.0819742714
-0.03125 -0.151041667 0.0539585026
-0.03125 -0.145833333 0.055795432
-0.03125 -0.135416667 -0.0911589183
-0.03125 -0.140625 -0.089321989
-0.03125 -0.140625 -0.0856481302
-0.03125 -0.140625 0.0576323614
-0.03125 -0.135416667 0.0594692908
-0.03125 -0.125 -0.0911589183
-0.03125 -0.130208333 0.0613062201
-0.03125 -0.130208333 0.0649800789
-0.03125 -0.125 0.0668170083
-0.03125 -0.114583333 -0.0911589183
-0.03125 -0.119791667 0.0686539377
-0.0364583333 -0.114583333 0.0686539377
-0.03125 -0.114583333 0.070490867
-0.03125 -0.104166667 -0.0911589183
-0.03125 -0.109375 0.0723277964
-0.0364583333 -0.104166667 0.0723277964
-0.03125 -0.104166667 0.0741647258
-0.03125 -0.09375 -0.0911589183
-0.03125 -0.0989583333 0.0760016552
-0.0364583333 -0.09375 0.0760016552
-0.03125 -0.09375 0.0778385846
-0.03125 -0.0833333333 -0.0911589183
-0.03125 -0.0885416667 0.0796755139
-0.03125 -0.0833333333 0.0815124433
-0.03125 -0.0729166667 -0.0911589183
-0.03125 -0.078125 0.0833493727
-0.03125 -0.0729166667 0.0851863021
-0.03125 -0.0625 -0.0911589183
-0.03125 -0.0625 0.0851863021
-0.03125 -0.0520833333 -0.0911589183
-0.03125 -0.0520833333 0.0851863021
-0.03125 -0.0416666667 -0.0911589183
-0.03125 -0.0416666667 0.0851863021
-0.03125 -0.03125 -0.0911589183
-0.03125 -0.03125 0.0851863021
-0.03125 -0.0208333333 -0.0911589183
-0.03125 -0.0208333333 0.0851863021
-0.03125 -0.0104166667 -0.0911589183
-0.03125 -0.0104166667 0.0851863021
-0.03125 -2.77555756e-17 -0.0911589183
-0.03125 -2.77555756e-17 0.0851863021
-0.03125 0.0104166667 -0.0911589183
-0.03125 0.0104166667 0.0851863021
-0.03125 0.0208333333 -0.0911589183
-0.03125 0.0208333333 0.0851863021
-0.03125 0.03125 -0.0911589183
-0.03125 0.03125 0.0851863021
-0.03125 0.0416666667 -0.0911589183
-0.03125 0.0364583333 0.0833493727
-0.03125 0.0416666667 0.0815124433
-0.03125 0.0520833333 -0.0911589183
-0.0364583333 0.0520833333 0.0796755139
-0.03125 0.046875 0.0796755139
-0.03125 0.0520833333 0.0778385846
-0.03125 0.0625 -0.0911589183
-0.03125 0.0625 0.0778385846
-0.03125 0.0729166667 -0.0911589183
-0.03125 0.0677083333 0.0760016552
-0.03125 0.0729166667 0.0741647258
-0.03125 0.0833333333 -0.0911589183
-0.03125 0.078125 0.0723277964
-0.03125 0.0833333333 0.070490867
-0.03125 0.09375 -0.0911589183
-0.0364583333 0.09375 0.0686539377
-0.03125 0.0885416667 0.0686539377
-0.03125 0.09375 0.0668170083
-0.03125 0.104166667 -0.0911589183
-0.03125 0.0989583333 0.0649800789
-0.03125 0.104166667 0.0631431495
-0.03125 0.114583333 -0.0911589183
-0.0364583333 0.114583333 0.0613062201
-0.03125 0.114583333 0.0631431495
-0.03125 0.125 -0.0911589183
-0.0364583333 0.125 0.0576323614
-0.03125 0.125 0.0594692908
-0.03125 0.119791667 0.0613062201
-0.03125 0.135416667 -0.0911589183
-0.0364583333 0.135416667 0.0539585026
-0.03125 0.135416667 0.055795432
-0.03125 0.130208333 0.0576323614
-0.03125 0.140625 -0.089321989
-0.03125 0.140625 -0.0856481302
-0.0364583333 0.145833333 -0.0819742714
-0.03125 0.145833333 -0.0838112008
-0.03125 0.140625 0.0502846439
-0.03125 0.145833333 0.0484477145
-0.03125 0.140625 0.0539585026
-0.03125 0.151041667 -0.0819742714
-0.03125 0.151041667 -0.0783004127
-0.03125 0.151041667 -0.0746265539
-0.03125 0.15625 -0.0727896245
-0.0364583333 0.15625 0.0466107851
-0.03125 0.151041667 0.0466107851
-0.03125 0.15625 0.0447738557
-0.03125 0.161458333 -0.0709526952
-0.03125 0.161458333 -0.0672788364
-0.03125 0.166666667 -0.065441907
-0.0364583333 0.166666667 0.0429369264
-0.03125 0.161458333 0.0429369264
-0.03125 0.166666667 0.041099997
-0.03125 0.171875 -0.0636049776
-0.03125 0.171875 -0.0599311189
-0.0364583333 0.177083333 -0.0562572601
-0.03125 0.177083333 -0.0580941895
-0.03125 0.177083333 0.041099997
-0.03125 0.182291667 -0.0562572601
-0.03125 0.182291667 -0.0525834014
-0.03125 0.182291667 -0.0489095426
-0.03125 0.1875 -0.0470726132
-0.03125 0.182291667 0.0392630676
-0.03125 0.1875 0.0374261382
-0.03125 0.192708333 -0.0452356839
-0.03125 0.192708333 -0.0415618251
-0.03125 0.192708333 -0.0378879663
-0.03125 0.192708333 -0.0342141076
-0.03125 0.192708333 -0.0305402488
-0.0364583333 0.197916667 -0.0268663901
-0.03125 0.192708333 -0.0268663901
-0.0364583333 0.197916667 -0.0231925313
-0.03125 0.192708333 -0.0231925313
-0.0364583333 0.197916667 -0.0195186725
-0.03125 0.197916667 -0.0213556019
-0.0364583333 0.197916667 0.0282414913
-0.03125 0.192708333 0.0282414913
-0.03125 0.197916667 0.0264045619
-0.03125 0.192708333 0.0319153501
-0.03125 0.192708333 0.0355892088
-0.03125 0.203125 -0.0195186725
-0.03125 0.203125 -0.0158448138
-0.03125 0.203125 -0.012170955
-0.03125 0.203125 -0.00849709627
-0.03125 0.203125 -0.00482323751
-0.03125 0.203125 -0.00114937875
-0.03125 0.203125 0.00252448001
-0.03125 0.203125 0.00619833877
-0.03125 0.203125 0.00987219752
-0.03125 0.203125 0.0135460563
-0.03125 0.203125 0.017219915
-0.03125 0.203125 0.0208937738
-0.03125 0.203125 0.0245676326
-0.0260416667 -0.208333333 -0.0268663901
-0.0208333333 -0.208333333 -0.0250294607
-0.0208333333 -0.213541667 -0.0231925313
-0.0208333333 -0.213541667 -0.0195186725
-0.0208333333 -0.213541667 -0.0158448138
-0.0208333333 -0.213541667 -0.012170955
-0.0208333333 -0.213541667 -0.00849709627
-0.0208333333 -0.213541667 -0.00482323751
-0.0208333333 -0.213541667 -0.00114937875
-0.0208333333 -0.213541667 0.00252448001
-0.0208333333 -0.213541667 0.00619833877
-0.0208333333 -0.213541667 0.00987219752
-0.0208333333 -0.213541667 0.0135460563
-0.0208333333 -0.213541667 0.017219915
-0.0208333333 -0.213541667 0.0208937738
-0.0208333333 -0.213541667 0.0245676326
-0.0208333333 -0.213541667 0.0282414913
-0.0208333333 -0.208333333 0.0300784207
-0.0260416667 -0.197916667 -0.0452356839
-0.0208333333 -0.197916667 -0.0433987545
-0.0208333333 -0.203125 -0.0415618251
-0.0208333333 -0.203125 -0.0378879663
-0.0208333333 -0.203125 -0.0342141076
-0.0208333333 -0.203125 -0.0305402488
-0.0208333333 -0.203125 -0.0268663901
-0.0208333333 -0.203125 0.0319153501
-0.0208333333 -0.203125 0.0355892088
-0.0208333333 -0.197916667 0.0374261382
-0.0208333333 -0.1875 -0.0544203307
-0.0208333333 -0.192708333 -0.0525834014
-0.0208333333 -0.192708333 -0.0489095426
-0.0208333333 -0.192708333 -0.0452356839
-0.0208333333 -0.192708333 0.0392630676
-0.0208333333 -0.1875 0.041099997
-0.0208333333 -0.177083333 -0.0617680483
-0.0208333333 -0.182291667 -0.0599311189
-0.0208333333 -0.182291667 -0.0562572601
-0.0208333333 -0.182291667 0.0429369264
-0.0208333333 -0.177083333 0.0447738557
-0.0260416667 -0.166666667 -0.0709526952
-0.0208333333 -0.166666667 -0.0727896245
-0.0208333333 -0.171875 -0.0709526952
-0.0208333333 -0.171875 -0.0672788364
-0.0208333333 -0.171875 -0.0636049776
-0.0208333333 -0.171875 0.0466107851
-0.0208333333 -0.166666667 0.0484477145
-0.0260416667 -0.15625 -0.0783004127
-0.0208333333 -0.15625 -0.0764634833
-0.0208333333 -0.161458333 -0.0746265539
-0.0208333333 -0.161458333 0.0502846439
-0.0208333333 -0.15625 0.0521215732
-0.0208333333 -0.145833333 -0.0838112008
-0.0208333333 -0.151041667 -0.0819742714
-0.0208333333 -0.151041667 -0.0783004127
-0.0208333333 -0.151041667 0.0539585026
-0.0208333333 -0.145833333 0.055795432
-0.0208333333 -0.135416667 -0.0911589183
-0.0208333333 -0.140625 -0.089321989
-0.0208333333 -0.140625 -0.0856481302
-0.0208333333 -0.140625 0.0576323614
-0.0208333333 -0.135416667 0.0594692908
-0.0208333333 -0.125 -0.0911589183
-0.0208333333 -0.130208333 0.0613062201
-0.0260416667 -0.125 0.0649800789
-0.0208333333 -0.125 0.0631431495
-0.0208333333 -0.114583333 -0.0911589183
-0.0208333333 -0.119791667 0.0649800789
-0.0208333333 -0.119791667 0.0686539377
-0.0208333333 -0.114583333 0.070490867
-0.0208333333 -0.104166667 -0.0911589183
-0.0208333333 -0.109375 0.0723277964
-0.0208333333 -0.104166667 0.0741647258
-0.0208333333 -0.09375 -0.0911589183
-0.0208333333 -0.0989583333 0.0760016552
-0.0208333333 -0.09375 0.0778385846
-0.0208333333 -0.0833333333 -0.0911589183
-0.0208333333 -0.0885416667 0.0796755139
-0.0208333333 -0.0833333333 0.0815124433
-0.0208333333 -0.0729166667 -0.0911589183
-0.0208333333 -0.078125 0.0833493727
-0.0208333333 -0.0729166667 0.0851863021
-0.0208333333 -0.0625 -0.0911589183
-0.0208333333 -0.0625 0.0851863021
-0.0208333333 -0.0520833333 -0.0911589183
-0.0208333333 -0.0520833333 0.0851863021
-0.0208333333 -0.0416666667 -0.0911589183
-0.0208333333 -0.0416666667 0.0851863021
-0.0208333333 -0.03125 -0.0911589183
-0.0208333333 -0.03125 0.0851863021
-0.0208333333 -0.0208333333 -0.0911589183
-0.0208333333 -0.0208333333 0.0851863021
-0.0208333333 -0.0104166667 -0.0911589183
-0.0208333333 -0.0104166667 0.0851863021
-0.0208333333 -2.77555756e-17 -0.0911589183
-0.0208333333 -2.77555756e-17 0.0851863021
-0.0208333333 0.0104166667 -0.0911589183
-0.0208333333 0.0104166667 0.0851863021
-0.0208333333 0.0208333333 -0.0911589183
-0.0208333333 0.0208333333 0.0851863021
-0.0208333333 0.03125 -0.0911589183
-0.0208333333 0.03125 0.0851863021
-0.0208333333 0.0416666667 -0.0911589183
-0.0260416667 0.0416666667 0.0833493727
-0.0208333333 0.0416666667 0.0851863021
-0.0208333333 0.0520833333 -0.0911589183
-0.0260416667 0.0520833333 0.0796755139
-0.0208333333 0.0520833333 0.0815124433
-0.0208333333 0.046875 0.0833493727
-0.0208333333 0.0625 -0.0911589183
-0.0260416667 0.0625 0.0760016552
-0.0208333333 0.0572916667 0.0760016552
-0.0208333333 0.0625 0.0741647258
-0.0208333333 0.0572916667 0.0796755139
-0.0208333333 0.0729166667 -0.0911589183
-0.0260416667 0.0729166667 0.0723277964
-0.0208333333 0.0677083333 0.0723277964
-0.0208333333 0.0729166667 0.070490867
-0.0208333333 0.0833333333 -0.0911589183
-0.0208333333 0.0833333333 0.070490867
-0.0208333333 0.09375 -0.0911589183
-0.0208333333 0.0885416667 0.0686539377
-0.0208333333 0.09375 0.0668170083
-0.0208333333 0.104166667 -0.0911589183
-0.0208333333 0.0989583333 0.0649800789
-0.0208333333 0.104166667 0.0631431495
-0.0208333333 0.114583333 -0.0911589183
-0.0260416667 0.114583333 0.0613062201
-0.0208333333 0.109375 0.0613062201
-0.0208333333 0.114583333 0.0594692908
-0.0208333333 0.125 -0.0911589183
-0.0260416667 0.125 0.0576323614
-0.0208333333 0.119791667 0.0576323614
-0.0208333333 0.125 0.055795432
-0.0208333333 0.135416667 -0.0911589183
-0.0208333333 0.135416667 0.055795432
-0.0208333333 0.140625 -0.089321989
-0.0208333333 0.140625 -0.0856481302
-0.0208333333 0.145833333 -0.0838112008
-0.0260416667 0.145833333 0.0502846439
-0.0208333333 0.145833333 0.0521215732
-0.0208333333 0.140625 0.0539585026
-0.0208333333 0.151041667 -0.0819742714
-0.0208333333 0.151041667 -0.0783004127
-0.0208333333 0.151041667 -0.0746265539
-0.0208333333 0.15625 -0.0727896245
-0.0260416667 0.15625 0.0466107851
-0.0208333333 0.15625 0.0484477145
-0.0208333333 0.151041667 0.0502846439
-0.0208333333 0.161458333 -0.0709526952
-0.0208333333 0.161458333 -0.0672788364
-0.0208333333 0.166666667 -0.065441907
-0.0260416667 0.166666667 0.0429369264
-0.0208333333 0.166666667 0.0447738557
-0.0208333333 0.161458333 0.0466107851
-0.0208333333 0.171875 -0.0636049776
-0.0208333333 0.171875 -0.0599311189
-0.0208333333 0.177083333 -0.0580941895
-0.0260416667 0.177083333 0.0392630676
-0.0208333333 0.171875 0.0392630676
-0.0208333333 0.177083333 0.0374261382
-0.0208333333 0.171875 0.0429369264
-0.0208333333 0.182291667 -0.0562572601
-0.0208333333 0.182291667 -0.0525834014
-0.0208333333 0.182291667 -0.0489095426
-0.0208333333 0.1875 -0.0470726132
-0.0260416667 0.1875 0.0355892088
-0.0208333333 0.182291667 0.0355892088
-0.0208333333 0.1875 0.0337522795
-0.0208333333 0.192708333 -0.0452356839
-0.0208333333 0.192708333 -0.0415618251
-0.0208333333 0.192708333 -0.0378879663
-0.0208333333 0.192708333 -0.0342141076
-0.0208333333 0.192708333 -0.0305402488
-0.0260416667 0.197916667 -0.0268663901
-0.0208333333 0.197916667 -0.0287033194
-0.0208333333 0.197916667 -0.0250294607
-0.0208333333 0.192708333 -0.0231925313
-0.0260416667 0.197916667 -0.0195186725
-0.0208333333 0.192708333 -0.0195186725
-0.0208333333 0.197916667 -0.0176817432
-0.0260416667 0.197916667 0.0282414913
-0.0208333333 0.197916667 0.0300784207
-0.0208333333 0.192708333 0.0319153501
-0.0208333333 0.203125 -0.0268663901
-0.0208333333 0.203125 -0.0158448138
-0.0208333333 0.203125 -0.012170955
-0.0208333333 0.203125 -0.00849709627
-0.0208333333 0.203125 -0.00482323751
-0.0208333333 0.203125 -0.00114937875
-0.0208333333 0.203125 0.00252448001
-0.0208333333 0.203125 0.00619833877
-0.0208333333 0.203125 0.00987219752
-0.0208333333 0.203125 0.0135460563
-0.0208333333 0.203125 0.017219915
-0.0208333333 0.203125 0.0208937738
-0.0208333333 0.203125 0.0245676326
-0.0208333333 0.203125 0.0282414913
-0.015625 -0.208333333 -0.0305402488
-0.0104166667 -0.208333333 -0.0323771782
-0.0104166667 -0.213541667 -0.0305402488
-0.0104166667 -0.213541667 -0.0268663901
-0.015625 -0.208333333 -0.0268663901
-0.0104166667 -0.213541667 -0.0231925313
-0.0104166667 -0.213541667 -0.0195186725
-0.0104166667 -0.213541667 -0.0158448138
-0.0104166667 -0.213541667 -0.012170955
-0.0104166667 -0.213541667 -0.00849709627
-0.0104166667 -0.213541667 -0.00482323751
-0.0104166667 -0.213541667 -0.00114937875
-0.0104166667 -0.213541667 0.00252448001
-0.0104166667 -0.213541667 0.00619833877
-0.0104166667 -0.213541667 0.00987219752
-0.0104166667 -0.213541667 0.0135460563
-0.0104166667 -0.213541667 0.017219915
-0.0104166667 -0.213541667 0.0208937738
-0.0104166667 -0.213541667 0.0245676326
-0.015625 -0.208333333 0.0282414913
-0.0104166667 -0.208333333 0.0264045619
-0.015625 -0.197916667 -0.0452356839
-0.0104166667 -0.197916667 -0.0470726132
-0.0104166667 -0.203125 -0.0452356839
-0.0104166667 -0.203125 -0.0415618251
-0.0104166667 -0.203125 -0.0378879663
-0.0104166667 -0.203125 -0.0342141076
-0.0104166667 -0.203125 0.0282414913
-0.0104166667 -0.203125 0.0319153501
-0.0104166667 -0.203125 0.0355892088
-0.0104166667 -0.197916667 0.0374261382
-0.0104166667 -0.1875 -0.0544203307
-0.0104166667 -0.192708333 -0.0525834014
-0.0104166667 -0.192708333 -0.0489095426
-0.0104166667 -0.192708333 0.0392630676
-0.0104166667 -0.1875 0.041099997
-0.015625 -0.177083333 -0.0599311189
-0.0104166667 -0.177083333 -0.0580941895
-0.0104166667 -0.182291667 -0.0562572601
-0.0104166667 -0.182291667 0.0429369264
-0.0104166667 -0.177083333 0.0447738557
-0.015625 -0.166666667 -0.0709526952
-0.0104166667 -0.166666667 -0.0691157658
-0.0104166667 -0.171875 -0.0672788364
-0.0104166667 -0.171875 -0.0636049776
-0.0104166667 -0.171875 -0.0599311189
-0.0104166667 -0.171875 0.0466107851
-0.0104166667 -0.166666667 0.0484477145
-0.0104166667 -0.15625 -0.0764634833
-0.0104166667 -0.161458333 -0.0746265539
-0.0104166667 -0.161458333 -0.0709526952
-0.0104166667 -0.161458333 0.0502846439
-0.0104166667 -0.15625 0.0521215732
-0.015625 -0.145833333 -0.0856481302
-0.0104166667 -0.145833333 -0.0874850596
-0.0104166667 -0.151041667 -0.0856481302
-0.0104166667 -0.151041667 -0.0819742714
-0.0104166667 -0.151041667 -0.0783004127
-0.0104166667 -0.151041667 0.0539585026
-0.0104166667 -0.145833333 0.055795432
-0.0104166667 -0.135416667 -0.0911589183
-0.0104166667 -0.140625 -0.089321989
-0.0104166667 -0.140625 0.0576323614
-0.0104166667 -0.140625 0.0613062201
-0.015625 -0.135416667 0.0613062201
-0.0104166667 -0.135416667 0.0631431495
-0.0104166667 -0.125 -0.0911589183
-0.0104166667 -0.125 0.0631431495
-0.0104166667 -0.114583333 -0.0911589183
-0.0104166667 -0.119791667 0.0649800789
-0.015625 -0.114583333 0.0686539377
-0.0104166667 -0.114583333 0.0668170083
-0.0104166667 -0.104166667 -0.0911589183
-0.0104166667 -0.109375 0.0686539377
-0.015625 -0.104166667 0.0723277964
-0.0104166667 -0.104166667 0.070490867
-0.0104166667 -0.09375 -0.0911589183
-0.0104166667 -0.0989583333 0.0723277964
-0.015625 -0.09375 0.0760016552
-0.0104166667 -0.09375 0.0741647258
-0.0104166667 -0.0833333333 -0.0911589183
-0.0104166667 -0.0885416667 0.0760016552
-0.0104166667 -0.0885416667 0.0796755139
-0.0104166667 -0.0833333333 0.0815124433
-0.0104166667 -0.0729166667 -0.0911589183
-0.0104166667 -0.078125 0.0833493727
-0.0104166667 -0.0729166667 0.0851863021
-0.0104166667 -0.0625 -0.0911589183
-0.0104166667 -0.0625 0.0851863021
-0.0104166667 -0.0520833333 -0.0911589183
-0.0104166667 -0.0520833333 0.0851863021
-0.0104166667 -0.0416666667 -0.0911589183
-0.0104166667 -0.0416666667 0.0851863021
-0.0104166667 -0.03125 -0.0911589183
-0.0104166667 -0.03125 0.0851863021
-0.0104166667 -0.0208333333 -0.0911589183
-0.0104166667 -0.0208333333 0.0851863021
-0.0104166667 -0.0104166667 -0.0911589183
-0.0104166667 -0.0104166667 0.0851863021
-0.0104166667 -2.77555756e-17 -0.0911589183
-0.0104166667 -2.77555756e-17 0.0851863021
-0.0104166667 0.0104166667 -0.0911589183
-0.0104166667 0.0104166667 0.0851863021
-0.0104166667 0.0208333333 -0.0911589183
-0.0104166667 0.0208333333 0.0851863021
-0.0104166667 0.03125 -0.0911589183
-0.0104166667 0.03125 0.0851863021
-0.0104166667 0.0416666667 -0.0911589183
-0.0104166667 0.0416666667 0.0851863021
-0.0104166667 0.0520833333 -0.0911589183
-0.0104166667 0.046875 0.0833493727
-0.0104166667 0.0520833333 0.0815124433
-0.0104166667 0.0625 -0.0911589183
-0.015625 0.0625 0.0760016552
-0.0104166667 0.0625 0.0778385846
-0.0104166667 0.0572916667 0.0796755139
-0.0104166667 0.0729166667 -0.0911589183
-0.015625 0.0729166667 0.0723277964
-0.0104166667 0.0729166667 0.0741647258
-0.0104166667 0.0677083333 0.0760016552
-0.0104166667 0.0833333333 -0.0911589183
-0.015625 0.0833333333 0.0686539377
-0.0104166667 0.078125 0.0686539377
-0.0104166667 0.0833333333 0.0668170083
-0.0104166667 0.078125 0.0723277964
-0.0104166667 0.09375 -0.0911589183
-0.0104166667 0.09375 0.0668170083
-0.0104166667 0.104166667 -0.0911589183
-0.0104166667 0.0989583333 0.0649800789
-0.0104166667 0.104166667 0.0631431495
-0.0104166667 0.114583333 -0.0911589183
-0.0104166667 0.109375 0.0613062201
-0.0104166667 0.114583333 0.0594692908
-0.0104166667 0.125 -0.0911589183
-0.0104166667 0.119791667 0.0576323614
-0.0104166667 0.125 0.055795432
-0.0104166667 0.135416667 -0.0911589183
-0.015625 0.135416667 0.0539585026
-0.0104166667 0.130208333 0.0539585026
-0.0104166667 0.135416667 0.0521215732
-0.0104166667 0.140625 -0.089321989
-0.0104166667 0.140625 -0.0856481302
-0.0104166667 0.145833333 -0.0838112008
-0.0104166667 0.145833333 0.0521215732
-0.0104166667 0.151041667 -0.0819742714
-0.0104166667 0.151041667 -0.0783004127
-0.0104166667 0.151041667 -0.0746265539
-0.0104166667 0.15625 -0.0727896245
-0.0104166667 0.151041667 0.0502846439
-0.0104166667 0.15625 0.0484477145
-0.0104166667 0.161458333 -0.0709526952
-0.0104166667 0.161458333 -0.0672788364
-0.0104166667 0.166666667 -0.065441907
-0.0104166667 0.161458333 0.0466107851
-0.0104166667 0.166666667 0.0447738557
-0.0104166667 0.171875 -0.0636049776
-0.0104166667 0.171875 -0.0599311189
-0.015625 0.177083333 -0.0562572601
-0.0104166667 0.171875 -0.0562572601
-0.0104166667 0.177083333 -0.0544203307
-0.015625 0.177083333 0.0392630676
-0.0104166667 0.177083333 0.041099997
-0.0104166667 0.171875 0.0429369264
-0.0104166667 0.182291667 -0.0525834014
-0.0104166667 0.182291667 -0.0489095426
-0.0104166667 0.1875 -0.0470726132
-0.015625 0.1875 0.0355892088
-0.0104166667 0.1875 0.0374261382
-0.0104166667 0.182291667 0.0392630676
-0.0104166667 0.192708333 -0.0452356839
-0.0104166667 0.192708333 -0.0415618251
-0.0104166667 0.192708333 -0.0378879663
-0.0104166667 0.192708333 -0.0342141076
-0.0104166667 0.192708333 -0.0305402488
-0.015625 0.197916667 -0.0268663901
-0.0104166667 0.192708333 -0.0268663901
-0.0104166667 0.192708333 -0.0231925313
-0.015625 0.197916667 -0.0195186725
-0.0104166667 0.197916667 -0.0213556019
-0.015625 0.197916667 0.0282414913
-0.0104166667 0.192708333 0.0282414913
-0.0104166667 0.197916667 0.0264045619
-0.0104166667 0.192708333 0.0319153501
-0.0104166667 0.192708333 0.0355892088
-0.0104166667 0.203125 -0.0195186725
-0.0104166667 0.203125 -0.0158448138
-0.0104166667 0.203125 -0.012170955
-0.0104166667 0.203125 -0.00849709627
-0.0104166667 0.203125 -0.00482323751
-0.0104166667 0.203125 -0.00114937875
-0.0104166667 0.203125 0.00252448001
-0.0104166667 0.203125 0.00619833877
-0.0104166667 0.203125 0.00987219752
-0.0104166667 0.203125 0.0135460563
-0.0104166667 0.203125 0.017219915
-0.0104166667 0.203125 0.0208937738
-0.0104166667 0.203125 0.0245676326
-0.00520833333 -0.208333333 -0.0305402488
-0.00520833333 -0.208333333 -0.0268663901
-2.77555756e-17 -0.208333333 -0.0250294607
-2.77555756e-17 -0.213541667 -0.0231925313
-2.77555756e-17 -0.213541667 -0.0195186725
-2.77555756e-17 -0.213541667 -0.0158448138
-2.77555756e-17 -0.213541667 -0.012170955
-2.77555756e-17 -0.213541667 -0.00849709627
-2.77555756e-17 -0.213541667 -0.00482323751
-2.77555756e-17 -0.213541667 -0.00114937875
-2.77555756e-17 -0.213541667 0.00252448001
-2.77555756e-17 -0.213541667 0.00619833877
-2.77555756e-17 -0.213541667 0.00987219752
-2.77555756e-17 -0.213541667 0.0135460563
-2.77555756e-17 -0.213541667 0.017219915
-2.77555756e-17 -0.213541667 0.0208937738
-2.77555756e-17 -0.213541667 0.0245676326
-2.77555756e-17 -0.213541667 0.0282414913
-0.00520833333 -0.208333333 0.0282414913
-2.77555756e-17 -0.208333333 0.0300784207
-2.77555756e-17 -0.197916667 -0.0470726132
-2.77555756e-17 -0.203125 -0.0452356839
-2.77555756e-17 -0.203125 -0.0415618251
-2.77555756e-17 -0.203125 -0.0378879663
-2.77555756e-17 -0.203125 -0.0342141076
-2.77555756e-17 -0.203125 -0.0305402488
-2.77555756e-17 -0.203125 -0.0268663901
-2.77555756e-17 -0.203125 0.0319153501
-2.77555756e-17 -0.203125 0.0355892088
-2.77555756e-17 -0.197916667 0.0374261382
-2.77555756e-17 -0.1875 -0.0544203307
-2.77555756e-17 -0.192708333 -0.0525834014
-2.77555756e-17 -0.192708333 -0.0489095426
-2.77555756e-17 -0.192708333 0.0392630676
-2.77555756e-17 -0.1875 0.041099997
-0.00520833333 -0.177083333 -0.0599311189
-2.77555756e-17 -0.177083333 -0.0617680483
-2.77555756e-17 -0.182291667 -0.0599311189
-2.77555756e-17 -0.182291667 -0.0562572601
-2.77555756e-17 -0.182291667 0.0429369264
-2.77555756e-17 -0.177083333 0.0447738557
-2.77555756e-17 -0.166666667 -0.0691157658
-2.77555756e-17 -0.171875 -0.0672788364
-2.77555756e-17 -0.171875 -0.0636049776
-2.77555756e-17 -0.171875 0.0466107851
-2.77555756e-17 -0.166666667 0.0484477145
-2.77555756e-17 -0.15625 -0.0764634833
-2.77555756e-17 -0.161458333 -0.0746265539
-2.77555756e-17 -0.161458333 -0.0709526952
-2.77555756e-17 -0.161458333 0.0502846439
-2.77555756e-17 -0.15625 0.0521215732
-0.00520833333 -0.145833333 -0.0856481302
-2.77555756e-17 -0.145833333 -0.0838112008
-2.77555756e-17 -0.151041667 -0.0819742714
-2.77555756e-17 -0.151041667 -0.0783004127
-2.77555756e-17 -0.151041667 0.0539585026
-2.77555756e-17 -0.145833333 0.055795432
-2.77555756e-17 -0.135416667 -0.0911589183
-2.77555756e-17 -0.140625 -0.089321989
-2.77555756e-17 -0.140625 -0.0856481302
-2.77555756e-17 -0.140625 0.0576323614
-2.77555756e-17 -0.140625 0.0613062201
-2.77555756e-17 -0.135416667 0.0631431495
-2.77555756e-17 -0.125 -0.0911589183
-2.77555756e-17 -0.125 0.0631431495
-2.77555756e-17 -0.114583333 -0.0911589183
-2.77555756e-17 -0.119791667 0.0649800789
-2.77555756e-17 -0.114583333 0.0668170083
-2.77555756e-17 -0.104166667 -0.0911589183
-2.77555756e-17 -0.109375 0.0686539377
-2.77555756e-17 -0.109375 0.0723277964
-0.00520833333 -0.104166667 0.0723277964
-2.77555756e-17 -0.104166667 0.0741647258
-2.77555756e-17 -0.09375 -0.0911589183
-2.77555756e-17 -0.0989583333 0.0760016552
-0.00520833333 -0.09375 0.0760016552
-2.77555756e-17 -0.09375 0.0778385846
-2.77555756e-17 -0.0833333333 -0.0911589183
-2.77555756e-17 -0.0885416667 0.0796755139
-2.77555756e-17 -0.0833333333 0.0815124433
-2.77555756e-17 -0.0729166667 -0.0911589183
-2.77555756e-17 -0.078125 0.0833493727
-2.77555756e-17 -0.0729166667 0.0851863021
-2.77555756e-17 -0.0625 -0.0911589183
-2.77555756e-17 -0.0625 0.0851863021
-2.77555756e-17 -0.0520833333 -0.0911589183
-2.77555756e-17 -0.0520833333 0.0851863021
-2.77555756e-17 -0.0416666667 -0.0911589183
-2.77555756e-17 -0.0416666667 0.0851863021
-2.77555756e-17 -0.03125 -0.0911589183
-2.77555756e-17 -0.03125 0.0851863021
-2.77555756e-17 -0.0208333333 -0.0911589183
-2.77555756e-17 -0.0208333333 0.0851863021
-2.77555756e-17 -0.0104166667 -0.0911589183
-2.77555756e-17 -0.0104166667 0.0851863021
-2.77555756e-17 -2.77555756e-17 -0.0911589183
-2.77555756e-17 -2.77555756e-17 0.0851863021
-2.77555756e-17 0.0104166667 -0.0911589183
-2.77555756e-17 0.0104166667 0.0851863021
-2.77555756e-17 0.0208333333 -0.0911589183
-2.77555756e-17 0.0208333333 0.0851863021
-2.77555756e-17 0.03125 -0.0911589183
-2.77555756e-17 0.03125 0.0851863021
-2.77555756e-17 0.0416666667 -0.0911589183
-0.00520833333 0.0416666667 0.0833493727
-2.77555756e-17 0.0364583333 0.0833493727
-2.77555756e-17 0.0416666667 0.0815124433
-2.77555756e-17 0.0520833333 -0.0911589183
-0.00520833333 0.0520833333 0.0796755139
-2.77555756e-17 0.046875 0.0796755139
-2.77555756e-17 0.0520833333 0.0778385846
-2.77555756e-17 0.0625 -0.0911589183
-2.77555756e-17 0.0625 0.0778385846
-2.77555756e-17 0.0729166667 -0.0911589183
-2.77555756e-17 0.0677083333 0.0760016552
-2.77555756e-17 0.0729166667 0.0741647258
-2.77555756e-17 0.0833333333 -0.0911589183
-0.00520833333 0.0833333333 0.0686539377
-2.77555756e-17 0.0833333333 0.070490867
-2.77555756e-17 0.078125 0.0723277964
-2.77555756e-17 0.09375 -0.0911589183
-2.77555756e-17 0.0885416667 0.0686539377
-2.77555756e-17 0.09375 0.0668170083
-2.77555756e-17 0.104166667 -0.0911589183
-0.00520833333 0.104166667 0.0649800789
-2.77555756e-17 0.104166667 0.0668170083
-2.77555756e-17 0.114583333 -0.0911589183
-2.77555756e-17 0.109375 0.0613062201
-2.77555756e-17 0.114583333 0.0594692908
-2.77555756e-17 0.109375 0.0649800789
-2.77555756e-17 0.125 -0.0911589183
-2.77555756e-17 0.119791667 0.0576323614
-2.77555756e-17 0.125 0.055795432
-2.77555756e-17 0.135416667 -0.0911589183
-2.77555756e-17 0.130208333 0.0539585026
-2.77555756e-17 0.135416667 0.0521215732
-2.77555756e-17 0.140625 -0.089321989
-2.77555756e-17 0.140625 -0.0856481302
-2.77555756e-17 0.145833333 -0.0838112008
-0.00520833333 0.145833333 0.0502846439
-2.77555756e-17 0.140625 0.0502846439
-2.77555756e-17 0.145833333 0.0484477145
-2.77555756e-17 0.151041667 -0.0819742714
-2.77555756e-17 0.151041667 -0.0783004127
-2.77555756e-17 0.151041667 -0.0746265539
-2.77555756e-17 0.15625 -0.0727896245
-0.00520833333 0.15625 0.0466107851
-2.77555756e-17 0.151041667 0.0466107851
-2.77555756e-17 0.15625 0.0447738557
-2.77555756e-17 0.161458333 -0.0709526952
-2.77555756e-17 0.161458333 -0.0672788364
-0.00520833333 0.166666667 -0.0636049776
-2.77555756e-17 0.161458333 -0.0636049776
-2.77555756e-17 0.166666667 -0.0617680483
-2.77555756e-17 0.166666667 0.0447738557
-2.77555756e-17 0.171875 -0.0599311189
-2.77555756e-17 0.171875 -0.0562572601
-2.77555756e-17 0.177083333 -0.0544203307
-2.77555756e-17 0.171875 0.0429369264
-2.77555756e-17 0.177083333 0.041099997
-2.77555756e-17 0.182291667 -0.0525834014
-2.77555756e-17 0.182291667 -0.0489095426
-2.77555756e-17 0.1875 -0.0470726132
-2.77555756e-17 0.182291667 0.0392630676
-2.77555756e-17 0.1875 0.0374261382
-2.77555756e-17 0.192708333 -0.0452356839
-2.77555756e-17 0.192708333 -0.0415618251
-2.77555756e-17 0.192708333 -0.0378879663
-2.77555756e-17 0.192708333 -0.0342141076
-2.77555756e-17 0.192708333 -0.0305402488
-2.77555756e-17 0.192708333 -0.0268663901
-2.77555756e-17 0.192708333 -0.0231925313
-2.77555756e-17 0.197916667 -0.0213556019
-0.00520833333 0.197916667 0.0282414913
-2.77555756e-17 0.197916667 0.0300784207
-2.77555756e-17 0.192708333 0.0319153501
-2.77555756e-17 0.192708333 0.0355892088
-2.77555756e-17 0.203125 -0.0195186725
-2.77555756e-17 0.203125 -0.0158448138
-2.77555756e-17 0.203125 -0.012170955
-2.77555756e-17 0.203125 -0.00849709627
-2.77555756e-17 0.203125 -0.00482323751
-2.77555756e-17 0.203125 -0.00114937875
-2.77555756e-17 0.203125 0.00252448001
-2.77555756e-17 0.203125 0.00619833877
-2.77555756e-17 0.203125 0.00987219752
-2.77555756e-17 0.203125 0.0135460563
-2.77555756e-17 0.203125 0.017219915
-2.77555756e-17 0.203125 0.0208937738
-2.77555756e-17 0.203125 0.0245676326
-2.77555756e-17 0.203125 0.0282414913
0.00520833333 -0.208333333 -0.0305402488
0.0104166667 -0.208333333 -0.0323771782
0.0104166667 -0.213541667 -0.0305402488
0.0104166667 -0.213541667 -0.0268663901
0.00520833333 -0.208333333 -0.0268663901
0.0104166667 -0.208333333 -0.0250294607
0.00520833333 -0.208333333 -0.0231925313
0.0104166667 -0.208333333 -0.0213556019
0.0104166667 -0.213541667 -0.0195186725
0.0104166667 -0.213541667 -0.0158448138
0.0104166667 -0.213541667 -0.012170955
0.0104166667 -0.213541667 -0.00849709627
0.0104166667 -0.213541667 -0.00482323751
0.0104166667 -0.213541667 -0.00114937875
0.0104166667 -0.213541667 0.00252448001
0.0104166667 -0.213541667 0.00619833877
0.0104166667 -0.213541667 0.00987219752
0.0104166667 -0.213541667 0.0135460563
0.0104166667 -0.213541667 0.017219915
0.0104166667 -0.213541667 0.0208937738
0.0104166667 -0.213541667 0.0245676326
0.00520833333 -0.208333333 0.0282414913
0.0104166667 -0.208333333 0.0264045619
0.00520833333 -0.197916667 -0.0452356839
0.0104166667 -0.197916667 -0.0433987545
0.0104166667 -0.203125 -0.0415618251
0.0104166667 -0.203125 -0.0378879663
0.0104166667 -0.203125 -0.0342141076
0.0104166667 -0.203125 -0.0231925313
0.0104166667 -0.203125 0.0282414913
0.0104166667 -0.203125 0.0319153501
0.0104166667 -0.203125 0.0355892088
0.0104166667 -0.197916667 0.0374261382
0.0104166667 -0.1875 -0.0544203307
0.0104166667 -0.192708333 -0.0525834014
0.0104166667 -0.192708333 -0.0489095426
0.0104166667 -0.192708333 -0.0452356839
0.0104166667 -0.192708333 0.0392630676
0.0104166667 -0.1875 0.041099997
0.0104166667 -0.177083333 -0.0617680483
0.0104166667 -0.182291667 -0.0599311189
0.0104166667 -0.182291667 -0.0562572601
0.0104166667 -0.182291667 0.0429369264
0.0104166667 -0.177083333 0.0447738557
0.00520833333 -0.166666667 -0.0709526952
0.0104166667 -0.166666667 -0.0727896245
0.0104166667 -0.171875 -0.0709526952
0.0104166667 -0.171875 -0.0672788364
0.0104166667 -0.171875 -0.0636049776
0.0104166667 -0.171875 0.0466107851
0.0104166667 -0.166666667 0.0484477145
0.0104166667 -0.15625 -0.0764634833
0.0104166667 -0.161458333 -0.0746265539
0.0104166667 -0.161458333 0.0502846439
0.0104166667 -0.15625 0.0521215732
0.0104166667 -0.145833333 -0.0838112008
0.0104166667 -0.151041667 -0.0819742714
0.0104166667 -0.151041667 -0.0783004127
0.0104166667 -0.151041667 0.0539585026
0.0104166667 -0.145833333 0.055795432
0.0104166667 -0.135416667 -0.0911589183
0.0104166667 -0.140625 -0.089321989
0.0104166667 -0.140625 -0.0856481302
0.0104166667 -0.140625 0.0576323614
0.00520833333 -0.135416667 0.0613062201
0.0104166667 -0.135416667 0.0594692908
0.0104166667 -0.125 -0.0911589183
0.0104166667 -0.130208333 0.0613062201
0.0104166667 -0.125 0.0631431495
0.0104166667 -0.114583333 -0.0911589183
0.0104166667 -0.119791667 0.0649800789
0.0104166667 -0.119791667 0.0686539377
0.00520833333 -0.114583333 0.0686539377
0.0104166667 -0.114583333 0.070490867
0.0104166667 -0.104166667 -0.0911589183
0.0104166667 -0.109375 0.0723277964
0.0104166667 -0.104166667 0.0741647258
0.0104166667 -0.09375 -0.0911589183
0.0104166667 -0.0989583333 0.0760016552
0.0104166667 -0.09375 0.0778385846
0.0104166667 -0.0833333333 -0.0911589183
0.0104166667 -0.0885416667 0.0796755139
0.0104166667 -0.0833333333 0.0815124433
0.0104166667 -0.0729166667 -0.0911589183
0.0104166667 -0.078125 0.0833493727
0.0104166667 -0.0729166667 0.0851863021
0.0104166667 -0.0625 -0.0911589183
0.0104166667 -0.0625 0.0851863021
0.0104166667 -0.0520833333 -0.0911589183
0.0104166667 -0.0520833333 0.0851863021
0.0104166667 -0.0416666667 -0.0911589183
0.0104166667 -0.0416666667 0.0851863021
0.0104166667 -0.03125 -0.0911589183
0.0104166667 -0.03125 0.0851863021
0.0104166667 -0.0208333333 -0.0911589183
0.0104166667 -0.0208333333 0.0851863021
0.0104166667 -0.0104166667 -0.0911589183
0.0104166667 -0.0104166667 0.0851863021
0.0104166667 -2.77555756e-17 -0.0911589183
0.0104166667 -2.77555756e-17 0.0851863021
0.0104166667 0.0104166667 -0.0911589183
0.0104166667 0.0104166667 0.0851863021
0.0104166667 0.0208333333 -0.0911589183
0.0104166667 0.0208333333 0.0851863021
0.0104166667 0.03125 -0.0911589183
0.0104166667 0.03125 0.0851863021
0.0104166667 0.0416666667 -0.0911589183
0.00520833333 0.0416666667 0.0833493727
0.0104166667 0.0416666667 0.0851863021
0.0104166667 0.0520833333 -0.0911589183
0.0104166667 0.046875 0.0796755139
0.0104166667 0.0520833333 0.0778385846
0.0104166667 0.046875 0.0833493727
0.0104166667 0.0625 -0.0911589183
0.00520833333 0.0625 0.0760016552
0.0104166667 0.0572916667 0.0760016552
0.0104166667 0.0625 0.0741647258
0.0104166667 0.0729166667 -0.0911589183
0.0104166667 0.0729166667 0.0741647258
0.0104166667 0.0833333333 -0.0911589183
0.0104166667 0.078125 0.0723277964
0.0104166667 0.0833333333 0.070490867
0.0104166667 0.09375 -0.0911589183
0.0104166667 0.0885416667 0.0686539377
0.0104166667 0.09375 0.0668170083
0.0104166667 0.104166667 -0.0911589183
0.00520833333 0.104166667 0.0649800789
0.0104166667 0.0989583333 0.0649800789
0.0104166667 0.104166667 0.0631431495
0.0104166667 0.114583333 -0.0911589183
0.0104166667 0.109375 0.0613062201
0.0104166667 0.114583333 0.0594692908
0.0104166667 0.125 -0.0911589183
0.00520833333 0.125 0.0576323614
0.0104166667 0.125 0.0594692908
0.0104166667 0.135416667 -0.0911589183
0.00520833333 0.135416667 0.0539585026
0.0104166667 0.135416667 0.055795432
0.0104166667 0.130208333 0.0576323614
0.0104166667 0.140625 -0.089321989
0.0104166667 0.140625 -0.0856481302
0.0104166667 0.145833333 -0.0838112008
0.0104166667 0.140625 0.0502846439
0.0104166667 0.145833333 0.0484477145
0.0104166667 0.140625 0.0539585026
0.0104166667 0.151041667 -0.0819742714
0.0104166667 0.151041667 -0.0783004127
0.0104166667 0.151041667 -0.0746265539
0.0104166667 0.15625 -0.0727896245
0.0104166667 0.151041667 0.0466107851
0.0104166667 0.15625 0.0447738557
0.0104166667 0.161458333 -0.0709526952
0.0104166667 0.161458333 -0.0672788364
0.00520833333 0.166666667 -0.0636049776
0.0104166667 0.166666667 -0.065441907
0.00520833333 0.166666667 0.0429369264
0.0104166667 0.161458333 0.0429369264
0.0104166667 0.166666667 0.041099997
0.0104166667 0.171875 -0.0636049776
0.0104166667 0.171875 -0.0599311189
0.00520833333 0.177083333 -0.0562572601
0.0104166667 0.177083333 -0.0580941895
0.0104166667 0.177083333 0.041099997
0.0104166667 0.182291667 -0.0562572601
0.0104166667 0.182291667 -0.0525834014
0.0104166667 0.182291667 -0.0489095426
0.0104166667 0.1875 -0.0470726132
0.0104166667 0.182291667 0.0392630676
0.0104166667 0.1875 0.0374261382
0.0104166667 0.192708333 -0.0452356839
0.0104166667 0.192708333 -0.0415618251
0.0104166667 0.192708333 -0.0378879663
0.0104166667 0.192708333 -0.0342141076
0.0104166667 0.192708333 -0.0305402488
0.0104166667 0.192708333 -0.0268663901
0.0104166667 0.192708333 -0.0231925313
0.0104166667 0.197916667 -0.0213556019
0.00520833333 0.197916667 -0.0158448138
0.0104166667 0.192708333 -0.0158448138
0.0104166667 0.197916667 -0.0176817432
0.0104166667 0.197916667 -0.0140078844
0.0104166667 0.192708333 0.0319153501
0.0104166667 0.197916667 0.0300784207
0.0104166667 0.192708333 0.0355892088
0.0104166667 0.203125 -0.0195186725
0.0104166667 0.203125 -0.012170955
0.0104166667 0.203125 -0.00849709627
0.0104166667 0.203125 -0.00482323751
0.0104166667 0.203125 -0.00114937875
0.0104166667 0.203125 0.00252448001
0.0104166667 0.203125 0.00619833877
0.0104166667 0.203125 0.00987219752
0.0104166667 0.203125 0.0135460563
0.0104166667 0.203125 0.017219915
0.0104166667 0.203125 0.0208937738
0.0104166667 0.203125 0.0245676326
0.0104166667 0.203125 0.0282414913
0.015625 -0.208333333 -0.0305402488
0.0208333333 -0.208333333 -0.0287033194
0.0208333333 -0.213541667 -0.0268663901
0.0208333333 -0.213541667 -0.0231925313
0.015625 -0.208333333 -0.0231925313
0.0208333333 -0.213541667 -0.0195186725
0.0208333333 -0.213541667 -0.0158448138
0.0208333333 -0.213541667 -0.012170955
0.0208333333 -0.213541667 -0.00849709627
0.0208333333 -0.213541667 -0.00482323751
0.0208333333 -0.213541667 -0.00114937875
0.0208333333 -0.213541667 0.00252448001
0.0208333333 -0.213541667 0.00619833877
0.0208333333 -0.213541667 0.00987219752
0.0208333333 -0.213541667 0.0135460563
0.0208333333 -0.213541667 0.017219915
0.0208333333 -0.213541667 0.0208937738
0.0208333333 -0.213541667 0.0245676326
0.0208333333 -0.208333333 0.0264045619
0.015625 -0.197916667 -0.0452356839
0.0208333333 -0.197916667 -0.0470726132
0.0208333333 -0.203125 -0.0452356839
0.0208333333 -0.203125 -0.0415618251
0.0208333333 -0.203125 -0.0378879663
0.0208333333 -0.203125 -0.0342141076
0.0208333333 -0.203125 -0.0305402488
0.0208333333 -0.203125 0.0282414913
0.0208333333 -0.203125 0.0319153501
0.0208333333 -0.203125 0.0355892088
0.0208333333 -0.197916667 0.0374261382
0.0208333333 -0.1875 -0.0544203307
0.0208333333 -0.192708333 -0.0525834014
0.0208333333 -0.192708333 -0.0489095426
0.0208333333 -0.192708333 0.0392630676
0.0208333333 -0.1875 0.041099997
0.015625 -0.177083333 -0.0599311189
0.0208333333 -0.177083333 -0.0580941895
0.0208333333 -0.182291667 -0.0562572601
0.0208333333 -0.182291667 0.0429369264
0.0208333333 -0.177083333 0.0447738557
0.015625 -0.166666667 -0.0709526952
0.0208333333 -0.166666667 -0.0691157658
0.0208333333 -0.171875 -0.0672788364
0.0208333333 -0.171875 -0.0636049776
0.0208333333 -0.171875 -0.0599311189
0.0208333333 -0.171875 0.0466107851
0.0208333333 -0.166666667 0.0484477145
0.0208333333 -0.15625 -0.0764634833
0.0208333333 -0.161458333 -0.0746265539
0.0208333333 -0.161458333 -0.0709526952
0.0208333333 -0.161458333 0.0502846439
0.0208333333 -0.15625 0.0521215732
0.015625 -0.145833333 -0.0856481302
0.0208333333 -0.145833333 -0.0874850596
0.0208333333 -0.151041667 -0.0856481302
0.0208333333 -0.151041667 -0.0819742714
0.0208333333 -0.151041667 -0.0783004127
0.0208333333 -0.151041667 0.0539585026
0.0208333333 -0.145833333 0.055795432
0.0208333333 -0.135416667 -0.0911589183
0.0208333333 -0.140625 -0.089321989
0.0208333333 -0.140625 0.0576323614
0.0208333333 -0.140625 0.0613062201
0.015625 -0.135416667 0.0613062201
0.0208333333 -0.135416667 0.0631431495
0.0208333333 -0.125 -0.0911589183
0.0208333333 -0.125 0.0631431495
0.0208333333 -0.114583333 -0.0911589183
0.0208333333 -0.119791667 0.0649800789
0.015625 -0.114583333 0.0686539377
0.0208333333 -0.114583333 0.0668170083
0.0208333333 -0.104166667 -0.0911589183
0.0208333333 -0.109375 0.0686539377
0.015625 -0.104166667 0.0723277964
0.0208333333 -0.104166667 0.070490867
0.0208333333 -0.09375 -0.0911589183
0.0208333333 -0.0989583333 0.0723277964
0.015625 -0.09375 0.0760016552
0.0208333333 -0.09375 0.0741647258
0.0208333333 -0.0833333333 -0.0911589183
0.0208333333 -0.0885416667 0.0760016552
0.0208333333 -0.0885416667 0.0796755139
0.0208333333 -0.0833333333 0.0815124433
0.0208333333 -0.0729166667 -0.0911589183
0.0208333333 -0.078125 0.0833493727
0.0208333333 -0.0729166667 0.0851863021
0.0208333333 -0.0625 -0.0911589183
0.0208333333 -0.0625 0.0851863021
0.0208333333 -0.0520833333 -0.0911589183
0.0208333333 -0.0520833333 0.0851863021
0.0208333333 -0.0416666667 -0.0911589183
0.0208333333 -0.0416666667 0.0851863021
0.0208333333 -0.03125 -0.0911589183
0.0208333333 -0.03125 0.0851863021
0.0208333333 -0.0208333333 -0.0911589183
0.0208333333 -0.0208333333 0.0851863021
0.0208333333 -0.0104166667 -0.0911589183
0.0208333333 -0.0104166667 0.0851863021
0.0208333333 -2.77555756e-17 -0.0911589183
0.0208333333 -2.77555756e-17 0.0851863021
0.0208333333 0.0104166667 -0.0911589183
0.0208333333 0.0104166667 0.0851863021
0.0208333333 0.0208333333 -0.0911589183
0.0208333333 0.0208333333 0.0851863021
0.0208333333 0.03125 -0.0911589183
0.0208333333 0.03125 0.0851863021
0.0208333333 0.0416666667 -0.0911589183
0.0208333333 0.0416666667 0.0851863021
0.0208333333 0.0520833333 -0.0911589183
0.015625 0.0520833333 0.0796755139
0.0208333333 0.0520833333 0.0815124433
0.0208333333 0.046875 0.0833493727
0.0208333333 0.0625 -0.0911589183
0.015625 0.0625 0.0760016552
0.0208333333 0.0625 0.0778385846
0.0208333333 0.0572916667 0.0796755139
0.0208333333 0.0729166667 -0.0911589183
0.0208333333 0.0677083333 0.0760016552
0.0208333333 0.0729166667 0.0741647258
0.0208333333 0.0833333333 -0.0911589183
0.0208333333 0.078125 0.0723277964
0.0208333333 0.0833333333 0.070490867
0.0208333333 0.09375 -0.0911589183
0.0208333333 0.0885416667 0.0686539377
0.0208333333 0.09375 0.0668170083
0.0208333333 0.104166667 -0.0911589183
0.0208333333 0.0989583333 0.0649800789
0.0208333333 0.104166667 0.0631431495
0.0208333333 0.114583333 -0.0911589183
0.0208333333 0.109375 0.0613062201
0.0208333333 0.114583333 0.0594692908
0.0208333333 0.125 -0.0911589183
0.015625 0.125 0.0576323614
0.0208333333 0.119791667 0.0576323614
0.0208333333 0.125 0.055795432
0.0208333333 0.135416667 -0.0911589183
0.0208333333 0.135416667 0.055795432
0.0208333333 0.140625 -0.089321989
0.0208333333 0.140625 -0.0856481302
0.0208333333 0.145833333 -0.0838112008
0.015625 0.145833333 0.0502846439
0.0208333333 0.145833333 0.0521215732
0.0208333333 0.140625 0.0539585026
0.0208333333 0.151041667 -0.0819742714
0.0208333333 0.151041667 -0.0783004127
0.0208333333 0.151041667 -0.0746265539
0.0208333333 0.15625 -0.0727896245
0.015625 0.15625 0.0466107851
0.0208333333 0.15625 0.0484477145
0.0208333333 0.151041667 0.0502846439
0.0208333333 0.161458333 -0.0709526952
0.0208333333 0.161458333 -0.0672788364
0.0208333333 0.166666667 -0.065441907
0.015625 0.166666667 0.0429369264
0.0208333333 0.166666667 0.0447738557
0.0208333333 0.161458333 0.0466107851
0.0208333333 0.171875 -0.0636049776
0.0208333333 0.171875 -0.0599311189
0.0208333333 0.177083333 -0.0580941895
0.015625 0.177083333 0.0392630676
0.0208333333 0.171875 0.0392630676
0.0208333333 0.177083333 0.0374261382
0.0208333333 0.171875 0.0429369264
0.0208333333 0.182291667 -0.0562572601
0.0208333333 0.182291667 -0.0525834014
0.0208333333 0.182291667 -0.0489095426
0.0208333333 0.1875 -0.0470726132
0.015625 0.1875 0.0355892088
0.0208333333 0.182291667 0.0355892088
0.0208333333 0.1875 0.0337522795
0.0208333333 0.192708333 -0.0452356839
0.0208333333 0.192708333 -0.0415618251
0.0208333333 0.192708333 -0.0378879663
0.0208333333 0.192708333 -0.0342141076
0.0208333333 0.192708333 -0.0305402488
0.0208333333 0.192708333 -0.0268663901
0.0208333333 0.192708333 -0.0231925313
0.0208333333 0.197916667 -0.0213556019
0.015625 0.197916667 -0.0158448138
0.015625 0.197916667 0.0282414913
0.0208333333 0.192708333 0.0282414913
0.0208333333 0.197916667 0.0264045619
0.0208333333 0.192708333 0.0319153501
0.0208333333 0.203125 -0.0195186725
0.0208333333 0.203125 -0.0158448138
0.0208333333 0.203125 -0.012170955
0.0208333333 0.203125 -0.00849709627
0.0208333333 0.203125 -0.00482323751
0.0208333333 0.203125 -0.00114937875
0.0208333333 0.203125 0.00252448001
0.0208333333 0.203125 0.00619833877
0.0208333333 0.203125 0.00987219752
0.0208333333 0.203125 0.0135460563
0.0208333333 0.203125 0.017219915
0.0208333333 0.203125 0.0208937738
0.0208333333 0.203125 0.0245676326
0.0260416667 -0.208333333 -0.0305402488
0.03125 -0.208333333 -0.0323771782
0.03125 -0.213541667 -0.0305402488
0.03125 -0.213541667 -0.0268663901
0.0260416667 -0.208333333 -0.0231925313
0.03125 -0.208333333 -0.0250294607
0.03125 -0.208333333 -0.0213556019
0.03125 -0.213541667 -0.0195186725
0.03125 -0.213541667 -0.0158448138
0.03125 -0.213541667 -0.012170955
0.03125 -0.213541667 -0.00849709627
0.03125 -0.213541667 -0.00482323751
0.03125 -0.213541667 -0.00114937875
0.03125 -0.213541667 0.00252448001
0.03125 -0.213541667 0.00619833877
0.03125 -0.213541667 0.00987219752
0.03125 -0.213541667 0.0135460563
0.03125 -0.213541667 0.017219915
0.03125 -0.213541667 0.0208937738
0.03125 -0.213541667 0.0245676326
0.03125 -0.213541667 0.0282414913
0.0260416667 -0.208333333 0.0282414913
0.03125 -0.208333333 0.0300784207
0.03125 -0.197916667 -0.0470726132
0.03125 -0.203125 -0.0452356839
0.03125 -0.203125 -0.0415618251
0.03125 -0.203125 -0.0378879663
0.03125 -0.203125 -0.0342141076
0.03125 -0.203125 -0.0231925313
0.03125 -0.203125 0.0319153501
0.03125 -0.203125 0.0355892088
0.03125 -0.197916667 0.0374261382
0.03125 -0.1875 -0.0544203307
0.03125 -0.192708333 -0.0525834014
0.03125 -0.192708333 -0.0489095426
0.03125 -0.192708333 0.0392630676
0.03125 -0.1875 0.041099997
0.0260416667 -0.177083333 -0.0599311189
0.03125 -0.177083333 -0.0617680483
0.03125 -0.182291667 -0.0599311189
0.03125 -0.182291667 -0.0562572601
0.03125 -0.182291667 0.0429369264
0.03125 -0.177083333 0.0447738557
0.03125 -0.166666667 -0.0691157658
0.03125 -0.171875 -0.0672788364
0.03125 -0.171875 -0.0636049776
0.03125 -0.171875 0.0466107851
0.03125 -0.166666667 0.0484477145
0.0260416667 -0.15625 -0.0783004127
0.03125 -0.15625 -0.0801373421
0.03125 -0.161458333 -0.0783004127
0.03125 -0.161458333 -0.0746265539
0.03125 -0.161458333 -0.0709526952
0.03125 -0.161458333 0.0502846439
0.03125 -0.15625 0.0521215732
0.0260416667 -0.145833333 -0.0856481302
0.03125 -0.145833333 -0.0838112008
0.03125 -0.151041667 -0.0819742714
0.03125 -0.151041667 0.0539585026
0.03125 -0.145833333 0.055795432
0.03125 -0.135416667 -0.0911589183
0.03125 -0.140625 -0.089321989
0.03125 -0.140625 -0.0856481302
0.03125 -0.140625 0.0576323614
0.0260416667 -0.135416667 0.0613062201
0.03125 -0.135416667 0.0594692908
0.03125 -0.125 -0.0911589183
0.03125 -0.130208333 0.0613062201
0.03125 -0.125 0.0631431495
0.03125 -0.114583333 -0.0911589183
0.03125 -0.119791667 0.0649800789
0.03125 -0.119791667 0.0686539377
0.0260416667 -0.114583333 0.0686539377
0.03125 -0.114583333 0.070490867
0.03125 -0.104166667 -0.0911589183
0.03125 -0.109375 0.0723277964
0.0260416667 -0.104166667 0.0723277964
0.03125 -0.104166667 0.0741647258
0.03125 -0.09375 -0.0911589183
0.03125 -0.0989583333 0.0760016552
0.0260416667 -0.09375 0.0760016552
0.03125 -0.09375 0.0778385846
0.03125 -0.0833333333 -0.0911589183
0.03125 -0.0885416667 0.0796755139
0.03125 -0.0833333333 0.0815124433
0.03125 -0.0729166667 -0.0911589183
0.03125 -0.078125 0.0833493727
0.03125 -0.0729166667 0.0851863021
0.03125 -0.0625 -0.0911589183
0.03125 -0.0625 0.0851863021
0.03125 -0.0520833333 -0.0911589183
0.03125 -0.0520833333 0.0851863021
0.03125 -0.0416666667 -0.0911589183
0.03125 -0.0416666667 0.0851863021
0.03125 -0.03125 -0.0911589183
0.03125 -0.03125 0.0851863021
0.03125 -0.0208333333 -0.0911589183
0.03125 -0.0208333333 0.0851863021
0.03125 -0.0104166667 -0.0911589183
0.03125 -0.0104166667 0.0851863021
0.03125 -2.77555756e-17 -0.0911589183
0.03125 -2.77555756e-17 0.0851863021
0.03125 0.0104166667 -0.0911589183
0.03125 0.0104166667 0.0851863021
0.03125 0.0208333333 -0.0911589183
0.03125 0.0208333333 0.0851863021
0.03125 0.03125 -0.0911589183
0.03125 0.03125 0.0851863021
0.03125 0.0416666667 -0.0911589183
0.0260416667 0.0416666667 0.0833493727
0.03125 0.0364583333 0.0833493727
0.03125 0.0416666667 0.0815124433
0.03125 0.0520833333 -0.0911589183
0.03125 0.0520833333 0.0815124433
0.03125 0.0625 -0.0911589183
0.03125 0.0572916667 0.0796755139
0.03125 0.0625 0.0778385846
0.03125 0.0729166667 -0.0911589183
0.03125 0.0677083333 0.0760016552
0.03125 0.0729166667 0.0741647258
0.03125 0.0833333333 -0.0911589183
0.03125 0.078125 0.0723277964
0.03125 0.0833333333 0.070490867
0.03125 0.09375 -0.0911589183
0.0260416667 0.09375 0.0686539377
0.03125 0.09375 0.070490867
0.03125 0.104166667 -0.0911589183
0.03125 0.0989583333 0.0649800789
0.03125 0.104166667 0.0631431495
0.03125 0.0989583333 0.0686539377
0.03125 0.114583333 -0.0911589183
0.03125 0.109375 0.0613062201
0.03125 0.114583333 0.0594692908
0.03125 0.125 -0.0911589183
0.03125 0.119791667 0.0576323614
0.03125 0.125 0.055795432
0.03125 0.135416667 -0.0911589183
0.0260416667 0.135416667 0.0539585026
0.03125 0.130208333 0.0539585026
0.03125 0.135416667 0.0521215732
0.03125 0.140625 -0.089321989
0.03125 0.140625 -0.0856481302
0.0260416667 0.145833333 -0.0819742714
0.03125 0.140625 -0.0819742714
0.03125 0.145833333 -0.0801373421
0.03125 0.145833333 0.0521215732
0.03125 0.151041667 -0.0783004127
0.03125 0.151041667 -0.0746265539
0.03125 0.15625 -0.0727896245
0.03125 0.151041667 0.0502846439
0.03125 0.15625 0.0484477145
0.03125 0.161458333 -0.0709526952
0.03125 0.161458333 -0.0672788364
0.03125 0.166666667 -0.065441907
0.03125 0.161458333 0.0466107851
0.03125 0.166666667 0.0447738557
0.03125 0.171875 -0.0636049776
0.03125 0.171875 -0.0599311189
0.0260416667 0.177083333 -0.0562572601
0.03125 0.171875 -0.0562572601
0.03125 0.177083333 -0.0544203307
0.0260416667 0.177083333 0.0392630676
0.03125 0.177083333 0.041099997
0.03125 0.171875 0.0429369264
0.03125 0.182291667 -0.0525834014
0.03125 0.182291667 -0.0489095426
0.03125 0.1875 -0.0470726132
0.0260416667 0.1875 0.0355892088
0.03125 0.1875 0.0374261382
0.03125 0.182291667 0.0392630676
0.03125 0.192708333 -0.0452356839
0.03125 0.192708333 -0.0415618251
0.03125 0.192708333 -0.0378879663
0.03125 0.192708333 -0.0342141076
0.03125 0.192708333 -0.0305402488
0.0260416667 0.197916667 -0.0268663901
0.03125 0.197916667 -0.0287033194
0.03125 0.197916667 -0.0250294607
0.03125 0.192708333 -0.0231925313
0.0260416667 0.197916667 -0.0195186725
0.03125 0.192708333 -0.0195186725
0.03125 0.197916667 -0.0176817432
0.0260416667 0.197916667 0.0282414913
0.03125 0.197916667 0.0300784207
0.03125 0.192708333 0.0319153501
0.03125 0.192708333 0.0355892088
0.03125 0.203125 -0.0268663901
0.03125 0.203125 -0.0158448138
0.03125 0.203125 -0.012170955
0.03125 0.203125 -0.00849709627
0.03125 0.203125 -0.00482323751
0.03125 0.203125 -0.00114937875
0.03125 0.203125 0.00252448001
0.03125 0.203125 0.00619833877
0.03125 0.203125 0.00987219752
0.03125 0.203125 0.0135460563
0.03125 0.203125 0.017219915
0.03125 0.203125 0.0208937738
0.03125 0.203125 0.0245676326
0.03125 0.203125 0.0282414913
0.0364583333 -0.208333333 -0.0305402488
0.0364583333 -0.208333333 -0.0268663901
0.0416666667 -0.213541667 -0.0231925313
0.0416666667 -0.208333333 -0.0250294607
0.0364583333 -0.208333333 -0.0231925313
0.0416666667 -0.213541667 -0.0195186725
0.0416666667 -0.213541667 -0.0158448138
0.0416666667 -0.213541667 -0.012170955
0.0416666667 -0.213541667 -0.00849709627
0.0416666667 -0.213541667 -0.00482323751
0.0416666667 -0.213541667 -0.00114937875
0.0416666667 -0.213541667 0.00252448001
0.0416666667 -0.213541667 0.00619833877
0.0416666667 -0.213541667 0.00987219752
0.0416666667 -0.213541667 0.0135460563
0.0416666667 -0.213541667 0.017219915
0.0416666667 -0.213541667 0.0208937738
0.0416666667 -0.213541667 0.0245676326
0.0416666667 -0.213541667 0.0282414913
0.0416666667 -0.208333333 0.0300784207
0.0364583333 -0.197916667 -0.0452356839
0.0416666667 -0.197916667 -0.0433987545
0.0416666667 -0.203125 -0.0415618251
0.0416666667 -0.203125 -0.0378879663
0.0416666667 -0.203125 -0.0342141076
0.0416666667 -0.203125 -0.0305402488
0.0416666667 -0.203125 -0.0268663901
0.0416666667 -0.203125 0.0319153501
0.0416666667 -0.203125 0.0355892088
0.0416666667 -0.197916667 0.0374261382
0.0416666667 -0.1875 -0.0544203307
0.0416666667 -0.192708333 -0.0525834014
0.0416666667 -0.192708333 -0.0489095426
0.0416666667 -0.192708333 -0.0452356839
0.0416666667 -0.192708333 0.0392630676
0.0416666667 -0.1875 0.041099997
0.0416666667 -0.177083333 -0.0617680483
0.0416666667 -0.182291667 -0.0599311189
0.0416666667 -0.182291667 -0.0562572601
0.0416666667 -0.182291667 0.0429369264
0.0416666667 -0.177083333 0.0447738557
0.0416666667 -0.166666667 -0.0691157658
0.0416666667 -0.171875 -0.0672788364
0.0416666667 -0.171875 -0.0636049776
0.0416666667 -0.171875 0.0466107851
0.0416666667 -0.166666667 0.0484477145
0.0364583333 -0.15625 -0.0783004127
0.0416666667 -0.15625 -0.0764634833
0.0416666667 -0.161458333 -0.0746265539
0.0416666667 -0.161458333 -0.0709526952
0.0416666667 -0.161458333 0.0502846439
0.0416666667 -0.15625 0.0521215732
0.0416666667 -0.145833333 -0.0838112008
0.0416666667 -0.151041667 -0.0819742714
0.0416666667 -0.151041667 -0.0783004127
0.0416666667 -0.151041667 0.0539585026
0.0416666667 -0.145833333 0.055795432
0.0416666667 -0.135416667 -0.0911589183
0.0416666667 -0.140625 -0.089321989
0.0416666667 -0.140625 -0.0856481302
0.0416666667 -0.140625 0.0576323614
0.0416666667 -0.135416667 0.0594692908
0.0416666667 -0.125 -0.0911589183
0.0416666667 -0.130208333 0.0613062201
0.0416666667 -0.125 0.0631431495
0.0416666667 -0.114583333 -0.0911589183
0.0416666667 -0.119791667 0.0649800789
0.0364583333 -0.114583333 0.0686539377
0.0416666667 -0.114583333 0.0668170083
0.0416666667 -0.104166667 -0.0911589183
0.0416666667 -0.109375 0.0686539377
0.0416666667 -0.109375 0.0723277964
0.0416666667 -0.104166667 0.0741647258
0.0416666667 -0.09375 -0.0911589183
0.0416666667 -0.0989583333 0.0760016552
0.0416666667 -0.09375 0.0778385846
0.0416666667 -0.0833333333 -0.0911589183
0.0416666667 -0.0885416667 0.0796755139
0.0416666667 -0.0833333333 0.0815124433
0.0416666667 -0.0729166667 -0.0911589183
0.0416666667 -0.078125 0.0833493727
0.0416666667 -0.0729166667 0.0851863021
0.0416666667 -0.0625 -0.0911589183
0.0416666667 -0.0625 0.0851863021
0.0416666667 -0.0520833333 -0.0911589183
0.0416666667 -0.0520833333 0.0851863021
0.0416666667 -0.0416666667 -0.0911589183
0.0416666667 -0.0416666667 0.0851863021
0.0416666667 -0.03125 -0.0911589183
0.0416666667 -0.03125 0.0851863021
0.0416666667 -0.0208333333 -0.0911589183
0.0416666667 -0.0208333333 0.0851863021
0.0416666667 -0.0104166667 -0.0911589183
0.0416666667 -0.0104166667 0.0851863021
0.0416666667 -2.77555756e-17 -0.0911589183
0.0416666667 -2.77555756e-17 0.0851863021
0.0416666667 0.0104166667 -0.0911589183
0.0416666667 0.0104166667 0.0851863021
0.0416666667 0.0208333333 -0.0911589183
0.0416666667 0.0208333333 0.0851863021
0.0416666667 0.03125 -0.0911589183
0.0416666667 0.03125 0.0851863021
0.0416666667 0.0416666667 -0.0911589183
0.0416666667 0.0364583333 0.0833493727
0.0416666667 0.0416666667 0.0815124433
0.0416666667 0.0520833333 -0.0911589183
0.0364583333 0.0520833333 0.0796755139
0.0416666667 0.046875 0.0796755139
0.0416666667 0.0520833333 0.0778385846
0.0416666667 0.0625 -0.0911589183
0.0416666667 0.0625 0.0778385846
0.0416666667 0.0729166667 -0.0911589183
0.0416666667 0.0677083333 0.0760016552
0.0416666667 0.0729166667 0.0741647258
0.0416666667 0.0833333333 -0.0911589183
0.0416666667 0.078125 0.0723277964
0.0416666667 0.0833333333 0.070490867
0.0416666667 0.09375 -0.0911589183
0.0364583333 0.09375 0.0686539377
0.0416666667 0.0885416667 0.0686539377
0.0416666667 0.09375 0.0668170083
0.0416666667 0.104166667 -0.0911589183
0.0364583333 0.104166667 0.0649800789
0.0416666667 0.104166667 0.0668170083
0.0416666667 0.114583333 -0.0911589183
0.0364583333 0.114583333 0.0613062201
0.0416666667 0.114583333 0.0631431495
0.0416666667 0.109375 0.0649800789
0.0416666667 0.125 -0.0911589183
0.0364583333 0.125 0.0576323614
0.0416666667 0.125 0.0594692908
0.0416666667 0.119791667 0.0613062201
0.0416666667 0.135416667 -0.0911589183
0.0416666667 0.130208333 0.0539585026
0.0416666667 0.135416667 0.0521215732
0.0416666667 0.130208333 0.0576323614
0.0416666667 0.140625 -0.089321989
0.0416666667 0.140625 -0.0856481302
0.0416666667 0.140625 -0.0819742714
0.0416666667 0.145833333 -0.0801373421
0.0364583333 0.145833333 0.0502846439
0.0416666667 0.140625 0.0502846439
0.0416666667 0.145833333 0.0484477145
0.0416666667 0.151041667 -0.0783004127
0.0416666667 0.151041667 -0.0746265539
0.0416666667 0.15625 -0.0727896245
0.0364583333 0.15625 0.0466107851
0.0416666667 0.151041667 0.0466107851
0.0416666667 0.15625 0.0447738557
0.0416666667 0.161458333 -0.0709526952
0.0416666667 0.161458333 -0.0672788364
0.0416666667 0.166666667 -0.065441907
0.0416666667 0.166666667 0.0447738557
0.0416666667 0.171875 -0.0636049776
0.0416666667 0.171875 -0.0599311189
0.0416666667 0.171875 -0.0562572601
0.0416666667 0.177083333 -0.0544203307
0.0416666667 0.171875 0.0429369264
0.0416666667 0.177083333 0.041099997
0.0416666667 0.182291667 -0.0525834014
0.0416666667 0.182291667 -0.0489095426
0.0416666667 0.1875 -0.0470726132
0.0416666667 0.182291667 0.0392630676
0.0416666667 0.1875 0.0374261382
0.0416666667 0.192708333 -0.0452356839
0.0416666667 0.192708333 -0.0415618251
0.0416666667 0.192708333 -0.0378879663
0.0416666667 0.192708333 -0.0342141076
0.0416666667 0.192708333 -0.0305402488
0.0364583333 0.197916667 -0.0268663901
0.0416666667 0.192708333 -0.0268663901
0.0364583333 0.197916667 -0.0231925313
0.0416666667 0.197916667 -0.0250294607
0.0364583333 0.197916667 -0.0195186725
0.0364583333 0.197916667 0.0282414913
0.0416666667 0.192708333 0.0282414913
0.0416666667 0.197916667 0.0264045619
0.0416666667 0.192708333 0.0319153501
0.0416666667 0.192708333 0.0355892088
0.0416666667 0.203125 -0.0231925313
0.0416666667 0.203125 -0.0195186725
0.0416666667 0.203125 -0.0158448138
0.0416666667 0.203125 -0.012170955
0.0416666667 0.203125 -0.00849709627
0.0416666667 0.203125 -0.00482323751
0.0416666667 0.203125 -0.00114937875
0.0416666667 0.203125 0.00252448001
0.0416666667 0.203125 0.00619833877
0.0416666667 0.203125 0.00987219752
0.0416666667 0.203125 0.0135460563
0.0416666667 0.203125 0.017219915
0.0416666667 0.203125 0.0208937738
0.0416666667 0.203125 0.0245676326
0.046875 -0.208333333 -0.0305402488
0.0520833333 -0.208333333 -0.0323771782
0.0520833333 -0.213541667 -0.0305402488
0.0520833333 -0.213541667 -0.0268663901
0.046875 -0.208333333 -0.0268663901
0.0520833333 -0.208333333 -0.0250294607
0.046875 -0.208333333 -0.0231925313
0.046875 -0.208333333 -0.0195186725
0.0520833333 -0.208333333 -0.0176817432
0.0520833333 -0.213541667 -0.0158448138
0.0520833333 -0.213541667 -0.012170955
0.0520833333 -0.213541667 -0.00849709627
0.0520833333 -0.213541667 -0.00482323751
0.0520833333 -0.213541667 -0.00114937875
0.0520833333 -0.213541667 0.00252448001
0.0520833333 -0.213541667 0.00619833877
0.0520833333 -0.213541667 0.00987219752
0.0520833333 -0.213541667 0.0135460563
0.0520833333 -0.213541667 0.017219915
0.0520833333 -0.213541667 0.0208937738
0.0520833333 -0.213541667 0.0245676326
0.046875 -0.208333333 0.0282414913
0.0520833333 -0.208333333 0.0264045619
0.046875 -0.197916667 -0.0452356839
0.0520833333 -0.197916667 -0.0470726132
0.0520833333 -0.203125 -0.0452356839
0.0520833333 -0.203125 -0.0415618251
0.0520833333 -0.203125 -0.0378879663
0.0520833333 -0.203125 -0.0342141076
0.0520833333 -0.203125 -0.0231925313
0.0520833333 -0.203125 -0.0195186725
0.0520833333 -0.203125 0.0282414913
0.0520833333 -0.203125 0.0319153501
0.0520833333 -0.203125 0.0355892088
0.0520833333 -0.197916667 0.0374261382
0.0520833333 -0.1875 -0.0544203307
0.0520833333 -0.192708333 -0.0525834014
0.0520833333 -0.192708333 -0.0489095426
0.0520833333 -0.192708333 0.0392630676
0.0520833333 -0.1875 0.041099997
0.0520833333 -0.177083333 -0.0617680483
0.0520833333 -0.182291667 -0.0599311189
0.0520833333 -0.182291667 -0.0562572601
0.0520833333 -0.182291667 0.0429369264
0.0520833333 -0.177083333 0.0447738557
0.0520833333 -0.166666667 -0.0691157658
0.0520833333 -0.171875 -0.0672788364
0.0520833333 -0.171875 -0.0636049776
0.0520833333 -0.171875 0.0466107851
0.0520833333 -0.166666667 0.0484477145
0.0520833333 -0.15625 -0.0764634833
0.0520833333 -0.161458333 -0.0746265539
0.0520833333 -0.161458333 -0.0709526952
0.0520833333 -0.161458333 0.0502846439
0.0520833333 -0.15625 0.0521215732
0.046875 -0.145833333 -0.0856481302
0.0520833333 -0.145833333 -0.0874850596
0.0520833333 -0.151041667 -0.0856481302
0.0520833333 -0.151041667 -0.0819742714
0.0520833333 -0.151041667 -0.0783004127
0.0520833333 -0.151041667 0.0539585026
0.0520833333 -0.151041667 0.0576323614
0.046875 -0.145833333 0.0576323614
0.0520833333 -0.145833333 0.0594692908
0.0520833333 -0.135416667 -0.0911589183
0.0520833333 -0.140625 -0.089321989
0.0520833333 -0.140625 0.0613062201
0.046875 -0.135416667 0.0613062201
0.0520833333 -0.135416667 0.0631431495
0.0520833333 -0.125 -0.0911589183
0.0520833333 -0.125 0.0631431495
0.0520833333 -0.114583333 -0.0911589183
0.0520833333 -0.119791667 0.0649800789
0.0520833333 -0.114583333 0.0668170083
0.0520833333 -0.104166667 -0.0911589183
0.0520833333 -0.109375 0.0686539377
0.046875 -0.104166667 0.0723277964
0.0520833333 -0.104166667 0.070490867
0.0520833333 -0.09375 -0.0911589183
0.0520833333 -0.0989583333 0.0723277964
0.046875 -0.09375 0.0760016552
0.0520833333 -0.09375 0.0741647258
0.0520833333 -0.0833333333 -0.0911589183
0.0520833333 -0.0885416667 0.0760016552
0.046875 -0.0833333333 0.0796755139
0.0520833333 -0.0833333333 0.0778385846
0.0520833333 -0.0729166667 -0.0911589183
0.0520833333 -0.078125 0.0796755139
0.046875 -0.0729166667 0.0833493727
0.0520833333 -0.0729166667 0.0815124433
0.0520833333 -0.0625 -0.0911589183
0.046875 -0.0625 0.0833493727
0.0520833333 -0.0625 0.0815124433
0.0520833333 -0.0520833333 -0.0911589183
0.046875 -0.0520833333 0.0833493727
0.0520833333 -0.0520833333 0.0815124433
0.0520833333 -0.0416666667 -0.0911589183
0.046875 -0.0416666667 0.0833493727
0.0520833333 -0.0416666667 0.0815124433
0.0520833333 -0.03125 -0.0911589183
0.046875 -0.03125 0.0833493727
0.0520833333 -0.03125 0.0815124433
0.0520833333 -0.0208333333 -0.0911589183
0.046875 -0.0208333333 0.0833493727
0.0520833333 -0.0208333333 0.0815124433
0.0520833333 -0.0104166667 -0.0911589183
0.046875 -0.0104166667 0.0833493727
0.0520833333 -0.0104166667 0.0815124433
0.0520833333 -2.77555756e-17 -0.0911589183
0.046875 -2.77555756e-17 0.0833493727
0.0520833333 -2.77555756e-17 0.0815124433
0.0520833333 0.0104166667 -0.0911589183
0.046875 0.0104166667 0.0833493727
0.0520833333 0.0104166667 0.0815124433
0.0520833333 0.0208333333 -0.0911589183
0.046875 0.0208333333 0.0833493727
0.0520833333 0.0208333333 0.0815124433
0.0520833333 0.03125 -0.0911589183
0.046875 0.03125 0.0833493727
0.0520833333 0.03125 0.0815124433
0.0520833333 0.0416666667 -0.0911589183
0.0520833333 0.0416666667 0.0815124433
0.0520833333 0.0520833333 -0.0911589183
0.046875 0.0520833333 0.0796755139
0.0520833333 0.0520833333 0.0815124433
0.0520833333 0.0625 -0.0911589183
0.046875 0.0625 0.0760016552
0.0520833333 0.0572916667 0.0760016552
0.0520833333 0.0625 0.0741647258
0.0520833333 0.0572916667 0.0796755139
0.0520833333 0.0729166667 -0.0911589183
0.046875 0.0729166667 0.0723277964
0.0520833333 0.0677083333 0.0723277964
0.0520833333 0.0729166667 0.070490867
0.0520833333 0.0833333333 -0.0911589183
0.0520833333 0.0833333333 0.070490867
0.0520833333 0.09375 -0.0911589183
0.0520833333 0.0885416667 0.0686539377
0.0520833333 0.09375 0.0668170083
0.0520833333 0.104166667 -0.0911589183
0.046875 0.104166667 0.0649800789
0.0520833333 0.0989583333 0.0649800789
0.0520833333 0.104166667 0.0631431495
0.0520833333 0.114583333 -0.0911589183
0.046875 0.114583333 0.0613062201
0.0520833333 0.109375 0.0613062201
0.0520833333 0.114583333 0.0594692908
0.0520833333 0.125 -0.0911589183
0.0520833333 0.125 0.0594692908
0.0520833333 0.135416667 -0.0911589183
0.046875 0.135416667 0.0539585026
0.0520833333 0.135416667 0.055795432
0.0520833333 0.130208333 0.0576323614
0.0520833333 0.140625 -0.089321989
0.0520833333 0.140625 -0.0856481302
0.0520833333 0.140625 -0.0819742714
0.0520833333 0.145833333 -0.0801373421
0.046875 0.145833333 0.0502846439
0.0520833333 0.145833333 0.0521215732
0.0520833333 0.140625 0.0539585026
0.0520833333 0.151041667 -0.0783004127
0.0520833333 0.151041667 -0.0746265539
0.0520833333 0.15625 -0.0727896245
0.046875 0.15625 0.0466107851
0.0520833333 0.15625 0.0484477145
0.0520833333 0.151041667 0.0502846439
0.0520833333 0.161458333 -0.0709526952
0.0520833333 0.161458333 -0.0672788364
0.0520833333 0.166666667 -0.065441907
0.046875 0.166666667 0.0429369264
0.0520833333 0.161458333 0.0429369264
0.0520833333 0.166666667 0.041099997
0.0520833333 0.161458333 0.0466107851
0.0520833333 0.171875 -0.0636049776
0.0520833333 0.171875 -0.0599311189
0.0520833333 0.171875 -0.0562572601
0.0520833333 0.177083333 -0.0544203307
0.0520833333 0.177083333 0.041099997
0.0520833333 0.182291667 -0.0525834014
0.0520833333 0.182291667 -0.0489095426
0.0520833333 0.1875 -0.0470726132
0.0520833333 0.182291667 0.0392630676
0.0520833333 0.1875 0.0374261382
0.0520833333 0.192708333 -0.0452356839
0.0520833333 0.192708333 -0.0415618251
0.0520833333 0.192708333 -0.0378879663
0.0520833333 0.192708333 -0.0342141076
0.0520833333 0.192708333 -0.0305402488
0.046875 0.197916667 -0.0268663901
0.0520833333 0.197916667 -0.0287033194
0.0520833333 0.192708333 -0.0231925313
0.0520833333 0.197916667 -0.0250294607
0.046875 0.197916667 -0.0231925313
0.046875 0.197916667 -0.0195186725
0.0520833333 0.192708333 -0.0195186725
0.0520833333 0.197916667 -0.0176817432
0.0520833333 0.192708333 0.0282414913
0.0520833333 0.197916667 0.0264045619
0.0520833333 0.192708333 0.0319153501
0.0520833333 0.192708333 0.0355892088
0.0520833333 0.203125 -0.0268663901
0.0520833333 0.203125 -0.0158448138
0.0520833333 0.203125 -0.012170955
0.0520833333 0.203125 -0.00849709627
0.0520833333 0.203125 -0.00482323751
0.0520833333 0.203125 -0.00114937875
0.0520833333 0.203125 0.00252448001
0.0520833333 0.203125 0.00619833877
0.0520833333 0.203125 0.00987219752
0.0520833333 0.203125 0.0135460563
0.0520833333 0.203125 0.017219915
0.0520833333 0.203125 0.0208937738
0.0520833333 0.203125 0.0245676326
0.0572916667 -0.208333333 -0.0305402488
0.0572916667 -0.208333333 -0.0268663901
0.0625 -0.213541667 -0.0231925313
0.0625 -0.208333333 -0.0250294607
0.0572916667 -0.208333333 -0.0231925313
0.0625 -0.213541667 -0.0195186725
0.0572916667 -0.208333333 -0.0195186725
0.0625 -0.213541667 -0.0158448138
0.0625 -0.213541667 -0.012170955
0.0625 -0.213541667 -0.00849709627
0.0625 -0.213541667 -0.00482323751
0.0625 -0.213541667 -0.00114937875
0.0625 -0.213541667 0.00252448001
0.0625 -0.213541667 0.00619833877
0.0625 -0.213541667 0.00987219752
0.0625 -0.213541667 0.0135460563
0.0625 -0.213541667 0.017219915
0.0625 -0.213541667 0.0208937738
0.0625 -0.213541667 0.0245676326
0.0625 -0.213541667 0.0282414913
0.0572916667 -0.208333333 0.0282414913
0.0625 -0.208333333 0.0300784207
0.0625 -0.197916667 -0.0470726132
0.0625 -0.203125 -0.0452356839
0.0625 -0.203125 -0.0415618251
0.0625 -0.203125 -0.0378879663
0.0625 -0.203125 -0.0342141076
0.0625 -0.203125 -0.0305402488
0.0625 -0.203125 -0.0268663901
0.0625 -0.203125 0.0319153501
0.0625 -0.203125 0.0355892088
0.0625 -0.197916667 0.0374261382
0.0572916667 -0.1875 -0.0525834014
0.0625 -0.1875 -0.050746472
0.0625 -0.192708333 -0.0489095426
0.0625 -0.192708333 0.0392630676
0.0625 -0.1875 0.041099997
0.0625 -0.177083333 -0.0617680483
0.0625 -0.182291667 -0.0599311189
0.0625 -0.182291667 -0.0562572601
0.0625 -0.182291667 -0.0525834014
0.0625 -0.182291667 0.0429369264
0.0625 -0.177083333 0.0447738557
0.0625 -0.166666667 -0.0691157658
0.0625 -0.171875 -0.0672788364
0.0625 -0.171875 -0.0636049776
0.0625 -0.171875 0.0466107851
0.0625 -0.166666667 0.0484477145
0.0625 -0.15625 -0.0764634833
0.0625 -0.161458333 -0.0746265539
0.0625 -0.161458333 -0.0709526952
0.0625 -0.161458333 0.0502846439
0.0625 -0.15625 0.0521215732
0.0572916667 -0.145833333 -0.0856481302
0.0625 -0.145833333 -0.0838112008
0.0625 -0.151041667 -0.0819742714
0.0625 -0.151041667 -0.0783004127
0.0625 -0.151041667 0.0539585026
0.0625 -0.151041667 0.0576323614
0.0625 -0.145833333 0.0594692908
0.0625 -0.135416667 -0.0911589183
0.0625 -0.140625 -0.089321989
0.0625 -0.140625 -0.0856481302
0.0572916667 -0.135416667 0.0613062201
0.0625 -0.135416667 0.0594692908
0.0625 -0.125 -0.0911589183
0.0625 -0.130208333 0.0613062201
0.0625 -0.125 0.0631431495
0.0625 -0.114583333 -0.0911589183
0.0625 -0.119791667 0.0649800789
0.0625 -0.119791667 0.0686539377
0.0572916667 -0.114583333 0.0686539377
0.0625 -0.114583333 0.070490867
0.0625 -0.104166667 -0.0911589183
0.0625 -0.109375 0.0723277964
0.0572916667 -0.104166667 0.0723277964
0.0625 -0.104166667 0.0741647258
0.0625 -0.09375 -0.0911589183
0.0625 -0.0989583333 0.0760016552
0.0572916667 -0.09375 0.0760016552
0.0625 -0.09375 0.0778385846
0.0625 -0.0833333333 -0.0911589183
0.0625 -0.0833333333 0.0778385846
0.0625 -0.0729166667 -0.0911589183
0.0572916667 -0.0729166667 0.0796755139
0.0625 -0.0729166667 0.0778385846
0.0625 -0.0625 -0.0911589183
0.0572916667 -0.0625 0.0796755139
0.0625 -0.0625 0.0778385846
0.0625 -0.0520833333 -0.0911589183
0.0572916667 -0.0520833333 0.0796755139
0.0625 -0.0520833333 0.0778385846
0.0625 -0.0416666667 -0.0911589183
0.0572916667 -0.0416666667 0.0796755139
0.0625 -0.0416666667 0.0778385846
0.0625 -0.03125 -0.0911589183
0.0572916667 -0.03125 0.0796755139
0.0625 -0.03125 0.0778385846
0.0625 -0.0208333333 -0.0911589183
0.0572916667 -0.0208333333 0.0796755139
0.0625 -0.0208333333 0.0778385846
0.0625 -0.0104166667 -0.0911589183
0.0572916667 -0.0104166667 0.0796755139
0.0625 -0.0104166667 0.0778385846
0.0625 -2.77555756e-17 -0.0911589183
0.0572916667 -2.77555756e-17 0.0796755139
0.0625 -2.77555756e-17 0.0778385846
0.0625 0.0104166667 -0.0911589183
0.0572916667 0.0104166667 0.0796755139
0.0625 0.0104166667 0.0778385846
0.0625 0.0208333333 -0.0911589183
0.0572916667 0.0208333333 0.0796755139
0.0625 0.0208333333 0.0778385846
0.0625 0.03125 -0.0911589183
0.0572916667 0.03125 0.0796755139
0.0625 0.03125 0.0778385846
0.0625 0.0416666667 -0.0911589183
0.0572916667 0.0416666667 0.0796755139
0.0625 0.0416666667 0.0778385846
0.0625 0.0520833333 -0.0911589183
0.0572916667 0.0520833333 0.0796755139
0.0625 0.0520833333 0.0778385846
0.0625 0.0625 -0.0911589183
0.0572916667 0.0625 0.0760016552
0.0625 0.0625 0.0778385846
0.0625 0.0729166667 -0.0911589183
0.0572916667 0.0729166667 0.0723277964
0.0625 0.0729166667 0.0741647258
0.0625 0.0677083333 0.0760016552
0.0625 0.0833333333 -0.0911589183
0.0572916667 0.0833333333 0.0723277964
0.0625 0.0833333333 0.0741647258
0.0625 0.09375 -0.0911589183
0.0625 0.0885416667 0.0686539377
0.0625 0.09375 0.0668170083
0.0625 0.0885416667 0.0723277964
0.0625 0.104166667 -0.0911589183
0.0625 0.0989583333 0.0649800789
0.0625 0.104166667 0.0631431495
0.0625 0.114583333 -0.0911589183
0.0625 0.109375 0.0613062201
0.0625 0.114583333 0.0594692908
0.0625 0.125 -0.0911589183
0.0572916667 0.125 0.0576323614
0.0625 0.119791667 0.0576323614
0.0625 0.125 0.055795432
0.0625 0.135416667 -0.0911589183
0.0625 0.135416667 0.055795432
0.0625 0.140625 -0.089321989
0.0625 0.140625 -0.0856481302
0.0625 0.140625 -0.0819742714
0.0625 0.145833333 -0.0801373421
0.0625 0.140625 0.0539585026
0.0625 0.145833333 0.0521215732
0.0625 0.151041667 -0.0783004127
0.0625 0.151041667 -0.0746265539
0.0625 0.15625 -0.0727896245
0.0625 0.151041667 0.0502846439
0.0625 0.15625 0.0484477145
0.0625 0.161458333 -0.0709526952
0.0625 0.161458333 -0.0672788364
0.0625 0.166666667 -0.065441907
0.0572916667 0.166666667 0.0429369264
0.0625 0.166666667 0.0447738557
0.0625 0.161458333 0.0466107851
0.0625 0.171875 -0.0636049776
0.0625 0.171875 -0.0599311189
0.0625 0.171875 -0.0562572601
0.0625 0.177083333 -0.0544203307
0.0572916667 0.177083333 0.0429369264
0.0625 0.177083333 0.0447738557
0.0625 0.182291667 -0.0525834014
0.0625 0.182291667 -0.0489095426
0.0625 0.1875 -0.0470726132
0.0572916667 0.1875 0.0355892088
0.0625 0.182291667 0.0355892088
0.0625 0.1875 0.0337522795
0.0625 0.182291667 0.0392630676
0.0625 0.182291667 0.0429369264
0.0625 0.192708333 -0.0452356839
0.0625 0.192708333 -0.0415618251
0.0625 0.192708333 -0.0378879663
0.0625 0.192708333 -0.0342141076
0.0625 0.192708333 -0.0305402488
0.0572916667 0.197916667 -0.0268663901
0.0625 0.192708333 -0.0268663901
0.0625 0.192708333 -0.0231925313
0.0572916667 0.197916667 -0.0195186725
0.0625 0.197916667 -0.0213556019
0.0572916667 0.197916667 0.0282414913
0.0625 0.197916667 0.0300784207
0.0625 0.192708333 0.0319153501
0.0625 0.203125 -0.0195186725
0.0625 0.203125 -0.0158448138
0.0625 0.203125 -0.012170955
0.0625 0.203125 -0.00849709627
0.0625 0.203125 -0.00482323751
0.0625 0.203125 -0.00114937875
0.0625 0.203125 0.00252448001
0.0625 0.203125 0.00619833877
0.0625 0.203125 0.00987219752
0.0625 0.203125 0.0135460563
0.0625 0.203125 0.017219915
0.0625 0.203125 0.0208937738
0.0625 0.203125 0.0245676326
0.0625 0.203125 0.0282414913
0.0677083333 -0.208333333 -0.0268663901
0.0729166667 -0.208333333 -0.0287033194
0.0729166667 -0.213541667 -0.0268663901
0.0729166667 -0.208333333 -0.0250294607
0.0677083333 -0.208333333 -0.0231925313
0.0729166667 -0.208333333 -0.0213556019
0.0729166667 -0.213541667 -0.0195186725
0.0729166667 -0.213541667 -0.0158448138
0.0729166667 -0.213541667 -0.012170955
0.0729166667 -0.213541667 -0.00849709627
0.0729166667 -0.213541667 -0.00482323751
0.0729166667 -0.213541667 -0.00114937875
0.0729166667 -0.213541667 0.00252448001
0.0729166667 -0.213541667 0.00619833877
0.0729166667 -0.213541667 0.00987219752
0.0729166667 -0.213541667 0.0135460563
0.0729166667 -0.213541667 0.017219915
0.0729166667 -0.213541667 0.0208937738
0.0729166667 -0.213541667 0.0245676326
0.0729166667 -0.213541667 0.0282414913
0.0729166667 -0.208333333 0.0300784207
0.0677083333 -0.197916667 -0.0452356839
0.0729166667 -0.197916667 -0.0433987545
0.0729166667 -0.203125 -0.0415618251
0.0729166667 -0.203125 -0.0378879663
0.0729166667 -0.203125 -0.0342141076
0.0729166667 -0.203125 -0.0305402488
0.0729166667 -0.203125 -0.0231925313
0.0729166667 -0.203125 0.0319153501
0.0729166667 -0.203125 0.0355892088
0.0729166667 -0.197916667 0.0374261382
0.0677083333 -0.1875 -0.0525834014
0.0729166667 -0.1875 -0.0544203307
0.0729166667 -0.192708333 -0.0525834014
0.0729166667 -0.192708333 -0.0489095426
0.0729166667 -0.192708333 -0.0452356839
0.0729166667 -0.192708333 0.0392630676
0.0729166667 -0.1875 0.041099997
0.0729166667 -0.177083333 -0.0617680483
0.0729166667 -0.182291667 -0.0599311189
0.0729166667 -0.182291667 -0.0562572601
0.0729166667 -0.182291667 0.0429369264
0.0729166667 -0.177083333 0.0447738557
0.0729166667 -0.166666667 -0.0691157658
0.0729166667 -0.171875 -0.0672788364
0.0729166667 -0.171875 -0.0636049776
0.0729166667 -0.171875 0.0466107851
0.0729166667 -0.166666667 0.0484477145
0.0729166667 -0.15625 -0.0764634833
0.0729166667 -0.161458333 -0.0746265539
0.0729166667 -0.161458333 -0.0709526952
0.0729166667 -0.161458333 0.0502846439
0.0729166667 -0.15625 0.0521215732
0.0677083333 -0.145833333 -0.0856481302
0.0729166667 -0.145833333 -0.0874850596
0.0729166667 -0.151041667 -0.0856481302
0.0729166667 -0.151041667 -0.0819742714
0.0729166667 -0.151041667 -0.0783004127
0.0729166667 -0.151041667 0.0539585026
0.0677083333 -0.145833333 0.0576323614
0.0729166667 -0.145833333 0.055795432
0.0729166667 -0.135416667 -0.0911589183
0.0729166667 -0.140625 -0.089321989
0.0729166667 -0.140625 0.0576323614
0.0729166667 -0.135416667 0.0594692908
0.0729166667 -0.125 -0.0911589183
0.0729166667 -0.130208333 0.0613062201
0.0729166667 -0.125 0.0631431495
0.0729166667 -0.114583333 -0.0911589183
0.0729166667 -0.119791667 0.0649800789
0.0729166667 -0.119791667 0.0686539377
0.0729166667 -0.114583333 0.070490867
0.0729166667 -0.104166667 -0.0911589183
0.0729166667 -0.109375 0.0723277964
0.0729166667 -0.104166667 0.0741647258
0.0729166667 -0.09375 -0.0911589183
0.0677083333 -0.09375 0.0760016552
0.0729166667 -0.09375 0.0741647258
0.0729166667 -0.0833333333 -0.0911589183
0.0677083333 -0.0833333333 0.0760016552
0.0729166667 -0.0833333333 0.0741647258
0.0729166667 -0.0729166667 -0.0911589183
0.0677083333 -0.0729166667 0.0760016552
0.0729166667 -0.0729166667 0.0741647258
0.0729166667 -0.0625 -0.0911589183
0.0677083333 -0.0625 0.0760016552
0.0729166667 -0.0625 0.0741647258
0.0729166667 -0.0520833333 -0.0911589183
0.0677083333 -0.0520833333 0.0760016552
0.0729166667 -0.0520833333 0.0741647258
0.0729166667 -0.0416666667 -0.0911589183
0.0677083333 -0.0416666667 0.0760016552
0.0729166667 -0.0416666667 0.0741647258
0.0729166667 -0.03125 -0.0911589183
0.0677083333 -0.03125 0.0760016552
0.0729166667 -0.03125 0.0741647258
0.0729166667 -0.0208333333 -0.0911589183
0.0677083333 -0.0208333333 0.0760016552
0.0729166667 -0.0208333333 0.0741647258
0.0729166667 -0.0104166667 -0.0911589183
0.0677083333 -0.0104166667 0.0760016552
0.0729166667 -0.0104166667 0.0741647258
0.0729166667 -2.77555756e-17 -0.0911589183
0.0677083333 -2.77555756e-17 0.0760016552
0.0729166667 -2.77555756e-17 0.0741647258
0.0729166667 0.0104166667 -0.0911589183
0.0677083333 0.0104166667 0.0760016552
0.0729166667 0.0104166667 0.0741647258
0.0729166667 0.0208333333 -0.0911589183
0.0677083333 0.0208333333 0.0760016552
0.0729166667 0.0208333333 0.0741647258
0.0729166667 0.03125 -0.0911589183
0.0677083333 0.03125 0.0760016552
0.0729166667 0.03125 0.0741647258
0.0729166667 0.0416666667 -0.0911589183
0.0677083333 0.0416666667 0.0760016552
0.0729166667 0.0416666667 0.0741647258
0.0729166667 0.0520833333 -0.0911589183
0.0677083333 0.0520833333 0.0760016552
0.0729166667 0.0520833333 0.0741647258
0.0729166667 0.0625 -0.0911589183
0.0677083333 0.0625 0.0760016552
0.0729166667 0.0625 0.0741647258
0.0729166667 0.0729166667 -0.0911589183
0.0729166667 0.0729166667 0.0741647258
0.0729166667 0.0833333333 -0.0911589183
0.0677083333 0.0833333333 0.0723277964
0.0729166667 0.078125 0.0723277964
0.0729166667 0.0833333333 0.070490867
0.0729166667 0.09375 -0.0911589183
0.0677083333 0.09375 0.0686539377
0.0729166667 0.09375 0.070490867
0.0729166667 0.104166667 -0.0911589183
0.0677083333 0.104166667 0.0649800789
0.0729166667 0.104166667 0.0668170083
0.0729166667 0.0989583333 0.0686539377
0.0729166667 0.114583333 -0.0911589183
0.0729166667 0.109375 0.0613062201
0.0729166667 0.114583333 0.0594692908
0.0729166667 0.109375 0.0649800789
0.0729166667 0.125 -0.0911589183
0.0729166667 0.119791667 0.0576323614
0.0729166667 0.125 0.055795432
0.0729166667 0.135416667 -0.0911589183
0.0677083333 0.135416667 0.0539585026
0.0729166667 0.130208333 0.0539585026
0.0729166667 0.135416667 0.0521215732
0.0729166667 0.140625 -0.089321989
0.0729166667 0.140625 -0.0856481302
0.0729166667 0.140625 -0.0819742714
0.0729166667 0.145833333 -0.0801373421
0.0729166667 0.145833333 0.0521215732
0.0729166667 0.151041667 -0.0783004127
0.0729166667 0.151041667 -0.0746265539
0.0729166667 0.15625 -0.0727896245
0.0729166667 0.151041667 0.0502846439
0.0729166667 0.15625 0.0484477145
0.0729166667 0.161458333 -0.0709526952
0.0729166667 0.161458333 -0.0672788364
0.0729166667 0.166666667 -0.065441907
0.0729166667 0.161458333 0.0466107851
0.0729166667 0.166666667 0.0447738557
0.0729166667 0.171875 -0.0636049776
0.0729166667 0.171875 -0.0599311189
0.0729166667 0.171875 -0.0562572601
0.0729166667 0.177083333 -0.0544203307
0.0677083333 0.177083333 0.0429369264
0.0729166667 0.171875 0.0429369264
0.0729166667 0.177083333 0.041099997
0.0729166667 0.182291667 -0.0525834014
0.0729166667 0.182291667 -0.0489095426
0.0729166667 0.1875 -0.0470726132
0.0677083333 0.1875 0.0355892088
0.0729166667 0.1875 0.0374261382
0.0729166667 0.182291667 0.0392630676
0.0729166667 0.192708333 -0.0452356839
0.0729166667 0.192708333 -0.0415618251
0.0729166667 0.192708333 -0.0378879663
0.0729166667 0.192708333 -0.0342141076
0.0729166667 0.192708333 -0.0305402488
0.0729166667 0.192708333 -0.0268663901
0.0729166667 0.192708333 -0.0231925313
0.0677083333 0.197916667 -0.0195186725
0.0729166667 0.192708333 -0.0195186725
0.0729166667 0.197916667 -0.0176817432
0.0729166667 0.192708333 0.0319153501
0.0729166667 0.197916667 0.0300784207
0.0729166667 0.192708333 0.0355892088
0.0729166667 0.203125 -0.0158448138
0.0729166667 0.203125 -0.012170955
0.0729166667 0.203125 -0.00849709627
0.0729166667 0.203125 -0.00482323751
0.0729166667 0.203125 -0.00114937875
0.0729166667 0.203125 0.00252448001
0.0729166667 0.203125 0.00619833877
0.0729166667 0.203125 0.00987219752
0.0729166667 0.203125 0.0135460563
0.0729166667 0.203125 0.017219915
0.0729166667 0.203125 0.0208937738
0.0729166667 0.203125 0.0245676326
0.0729166667 0.203125 0.0282414913
0.078125 -0.208333333 -0.0268663901
0.0833333333 -0.213541667 -0.0231925313
0.0833333333 -0.208333333 -0.0250294607
0.078125 -0.208333333 -0.0231925313
0.0833333333 -0.213541667 -0.0195186725
0.0833333333 -0.213541667 -0.0158448138
0.0833333333 -0.213541667 -0.012170955
0.0833333333 -0.213541667 -0.00849709627
0.0833333333 -0.213541667 -0.00482323751
0.0833333333 -0.213541667 -0.00114937875
0.0833333333 -0.213541667 0.00252448001
0.0833333333 -0.213541667 0.00619833877
0.0833333333 -0.213541667 0.00987219752
0.0833333333 -0.213541667 0.0135460563
0.0833333333 -0.213541667 0.017219915
0.0833333333 -0.213541667 0.0208937738
0.0833333333 -0.213541667 0.0245676326
0.078125 -0.208333333 0.0282414913
0.0833333333 -0.208333333 0.0264045619
0.078125 -0.197916667 -0.0452356839
0.0833333333 -0.197916667 -0.0470726132
0.0833333333 -0.203125 -0.0452356839
0.0833333333 -0.203125 -0.0415618251
0.0833333333 -0.203125 -0.0378879663
0.0833333333 -0.203125 -0.0342141076
0.0833333333 -0.203125 -0.0305402488
0.0833333333 -0.203125 -0.0268663901
0.0833333333 -0.203125 0.0282414913
0.0833333333 -0.203125 0.0319153501
0.0833333333 -0.203125 0.0355892088
0.0833333333 -0.197916667 0.0374261382
0.0833333333 -0.1875 -0.0544203307
0.0833333333 -0.192708333 -0.0525834014
0.0833333333 -0.192708333 -0.0489095426
0.0833333333 -0.192708333 0.0392630676
0.0833333333 -0.1875 0.041099997
0.0833333333 -0.177083333 -0.0617680483
0.0833333333 -0.182291667 -0.0599311189
0.0833333333 -0.182291667 -0.0562572601
0.0833333333 -0.182291667 0.0429369264
0.0833333333 -0.177083333 0.0447738557
0.0833333333 -0.166666667 -0.0691157658
0.0833333333 -0.171875 -0.0672788364
0.0833333333 -0.171875 -0.0636049776
0.0833333333 -0.171875 0.0466107851
0.0833333333 -0.166666667 0.0484477145
0.0833333333 -0.15625 -0.0764634833
0.0833333333 -0.161458333 -0.0746265539
0.0833333333 -0.161458333 -0.0709526952
0.0833333333 -0.161458333 0.0502846439
0.0833333333 -0.15625 0.0521215732
0.078125 -0.145833333 -0.0856481302
0.0833333333 -0.145833333 -0.0838112008
0.0833333333 -0.151041667 -0.0819742714
0.0833333333 -0.151041667 -0.0783004127
0.0833333333 -0.151041667 0.0539585026
0.0833333333 -0.151041667 0.0576323614
0.078125 -0.145833333 0.0576323614
0.0833333333 -0.145833333 0.0594692908
0.0833333333 -0.135416667 -0.0911589183
0.0833333333 -0.140625 -0.089321989
0.0833333333 -0.140625 -0.0856481302
0.0833333333 -0.140625 0.0613062201
0.078125 -0.135416667 0.0613062201
0.0833333333 -0.135416667 0.0631431495
0.0833333333 -0.125 -0.0911589183
0.0833333333 -0.130208333 0.0649800789
0.078125 -0.125 0.0649800789
0.0833333333 -0.125 0.0668170083
0.0833333333 -0.114583333 -0.0911589183
0.0833333333 -0.119791667 0.0686539377
0.0833333333 -0.114583333 0.070490867
0.0833333333 -0.104166667 -0.0911589183
0.078125 -0.104166667 0.0723277964
0.0833333333 -0.104166667 0.070490867
0.0833333333 -0.09375 -0.0911589183
0.078125 -0.09375 0.0723277964
0.0833333333 -0.09375 0.070490867
0.0833333333 -0.0833333333 -0.0911589183
0.078125 -0.0833333333 0.0723277964
0.0833333333 -0.0833333333 0.070490867
0.0833333333 -0.0729166667 -0.0911589183
0.078125 -0.0729166667 0.0723277964
0.0833333333 -0.0729166667 0.070490867
0.0833333333 -0.0625 -0.0911589183
0.078125 -0.0625 0.0723277964
0.0833333333 -0.0625 0.070490867
0.0833333333 -0.0520833333 -0.0911589183
0.078125 -0.0520833333 0.0723277964
0.0833333333 -0.0520833333 0.070490867
0.0833333333 -0.0416666667 -0.0911589183
0.078125 -0.0416666667 0.0723277964
0.0833333333 -0.0416666667 0.070490867
0.0833333333 -0.03125 -0.0911589183
0.078125 -0.03125 0.0723277964
0.0833333333 -0.03125 0.070490867
0.0833333333 -0.0208333333 -0.0911589183
0.078125 -0.0208333333 0.0723277964
0.0833333333 -0.0208333333 0.070490867
0.0833333333 -0.0104166667 -0.0911589183
0.078125 -0.0104166667 0.0723277964
0.0833333333 -0.0104166667 0.070490867
0.0833333333 -2.77555756e-17 -0.0911589183
0.078125 -2.77555756e-17 0.0723277964
0.0833333333 -2.77555756e-17 0.070490867
0.0833333333 0.0104166667 -0.0911589183
0.078125 0.0104166667 0.0723277964
0.0833333333 0.0104166667 0.070490867
0.0833333333 0.0208333333 -0.0911589183
0.078125 0.0208333333 0.0723277964
0.0833333333 0.0208333333 0.070490867
0.0833333333 0.03125 -0.0911589183
0.078125 0.03125 0.0723277964
0.0833333333 0.03125 0.070490867
0.0833333333 0.0416666667 -0.0911589183
0.0833333333 0.0364583333 0.0723277964
0.0833333333 0.0416666667 0.0741647258
0.0833333333 0.0520833333 -0.0911589183
0.0833333333 0.0520833333 0.0741647258
0.0833333333 0.0625 -0.0911589183
0.0833333333 0.0625 0.0741647258
0.0833333333 0.0729166667 -0.0911589183
0.0833333333 0.0729166667 0.0741647258
0.0833333333 0.0833333333 -0.0911589183
0.0833333333 0.078125 0.0723277964
0.0833333333 0.0833333333 0.070490867
0.0833333333 0.09375 -0.0911589183
0.078125 0.09375 0.0686539377
0.0833333333 0.0885416667 0.0686539377
0.0833333333 0.09375 0.0668170083
0.0833333333 0.104166667 -0.0911589183
0.078125 0.104166667 0.0649800789
0.0833333333 0.0989583333 0.0649800789
0.0833333333 0.104166667 0.0631431495
0.0833333333 0.114583333 -0.0911589183
0.078125 0.114583333 0.0613062201
0.0833333333 0.114583333 0.0631431495
0.0833333333 0.125 -0.0911589183
0.078125 0.125 0.0576323614
0.0833333333 0.125 0.0594692908
0.0833333333 0.119791667 0.0613062201
0.0833333333 0.135416667 -0.0911589183
0.0833333333 0.130208333 0.0539585026
0.0833333333 0.135416667 0.0521215732
0.0833333333 0.130208333 0.0576323614
0.0833333333 0.140625 -0.089321989
0.0833333333 0.140625 -0.0856481302
0.0833333333 0.140625 -0.0819742714
0.0833333333 0.145833333 -0.0801373421
0.078125 0.145833333 0.0502846439
0.0833333333 0.140625 0.0502846439
0.0833333333 0.145833333 0.0484477145
0.0833333333 0.151041667 -0.0783004127
0.0833333333 0.151041667 -0.0746265539
0.0833333333 0.15625 -0.0727896245
0.078125 0.15625 0.0466107851
0.0833333333 0.151041667 0.0466107851
0.0833333333 0.15625 0.0447738557
0.0833333333 0.161458333 -0.0709526952
0.0833333333 0.161458333 -0.0672788364
0.0833333333 0.166666667 -0.065441907
0.0833333333 0.166666667 0.0447738557
0.0833333333 0.171875 -0.0636049776
0.0833333333 0.171875 -0.0599311189
0.0833333333 0.171875 -0.0562572601
0.0833333333 0.177083333 -0.0544203307
0.0833333333 0.171875 0.0429369264
0.0833333333 0.177083333 0.041099997
0.0833333333 0.182291667 -0.0525834014
0.0833333333 0.182291667 -0.0489095426
0.0833333333 0.1875 -0.0470726132
0.0833333333 0.182291667 0.0392630676
0.0833333333 0.1875 0.0374261382
0.0833333333 0.192708333 -0.0452356839
0.0833333333 0.192708333 -0.0415618251
0.0833333333 0.192708333 -0.0378879663
0.0833333333 0.192708333 -0.0342141076
0.0833333333 0.192708333 -0.0305402488
0.0833333333 0.192708333 -0.0268663901
0.0833333333 0.192708333 -0.0231925313
0.0833333333 0.192708333 -0.0195186725
0.078125 0.197916667 -0.0158448138
0.0833333333 0.192708333 -0.0158448138
0.0833333333 0.197916667 -0.0140078844
0.0833333333 0.192708333 0.0319153501
0.0833333333 0.197916667 0.0300784207
0.0833333333 0.192708333 0.0355892088
0.0833333333 0.203125 -0.012170955
0.0833333333 0.203125 -0.00849709627
0.0833333333 0.203125 -0.00482323751
0.0833333333 0.203125 -0.00114937875
0.0833333333 0.203125 0.00252448001
0.0833333333 0.203125 0.00619833877
0.0833333333 0.203125 0.00987219752
0.0833333333 0.203125 0.0135460563
0.0833333333 0.203125 0.017219915
0.0833333333 0.203125 0.0208937738
0.0833333333 0.203125 0.0245676326
0.0833333333 0.203125 0.0282414913
0.0885416667 -0.208333333 -0.0305402488
0.09375 -0.208333333 -0.0323771782
0.09375 -0.213541667 -0.0305402488
0.09375 -0.213541667 -0.0268663901
0.0885416667 -0.208333333 -0.0268663901
0.09375 -0.213541667 -0.0231925313
0.0885416667 -0.208333333 -0.0195186725
0.09375 -0.208333333 -0.0213556019
0.09375 -0.208333333 -0.0176817432
0.09375 -0.213541667 -0.0158448138
0.09375 -0.213541667 -0.012170955
0.09375 -0.213541667 -0.00849709627
0.09375 -0.213541667 -0.00482323751
0.09375 -0.213541667 -0.00114937875
0.09375 -0.213541667 0.00252448001
0.09375 -0.213541667 0.00619833877
0.09375 -0.213541667 0.00987219752
0.09375 -0.213541667 0.0135460563
0.09375 -0.213541667 0.017219915
0.09375 -0.213541667 0.0208937738
0.09375 -0.213541667 0.0245676326
0.09375 -0.213541667 0.0282414913
0.0885416667 -0.208333333 0.0282414913
0.09375 -0.208333333 0.0300784207
0.09375 -0.197916667 -0.0470726132
0.09375 -0.203125 -0.0452356839
0.09375 -0.203125 -0.0415618251
0.09375 -0.203125 -0.0378879663
0.09375 -0.203125 -0.0342141076
0.09375 -0.203125 -0.0195186725
0.09375 -0.203125 0.0319153501
0.09375 -0.203125 0.0355892088
0.09375 -0.197916667 0.0374261382
0.09375 -0.1875 -0.0544203307
0.09375 -0.192708333 -0.0525834014
0.09375 -0.192708333 -0.0489095426
0.09375 -0.192708333 0.0392630676
0.09375 -0.1875 0.041099997
0.09375 -0.177083333 -0.0617680483
0.09375 -0.182291667 -0.0599311189
0.09375 -0.182291667 -0.0562572601
0.09375 -0.182291667 0.0429369264
0.09375 -0.177083333 0.0447738557
0.0885416667 -0.166666667 -0.0709526952
0.09375 -0.166666667 -0.0727896245
0.09375 -0.171875 -0.0709526952
0.09375 -0.171875 -0.0672788364
0.09375 -0.171875 -0.0636049776
0.09375 -0.171875 0.0466107851
0.09375 -0.166666667 0.0484477145
0.09375 -0.15625 -0.0764634833
0.09375 -0.161458333 -0.0746265539
0.09375 -0.161458333 0.0502846439
0.09375 -0.15625 0.0521215732
0.09375 -0.145833333 -0.0838112008
0.09375 -0.151041667 -0.0819742714
0.09375 -0.151041667 -0.0783004127
0.09375 -0.151041667 0.0539585026
0.09375 -0.151041667 0.0576323614
0.09375 -0.145833333 0.0594692908
0.09375 -0.135416667 -0.0911589183
0.09375 -0.140625 -0.089321989
0.09375 -0.140625 -0.0856481302
0.0885416667 -0.135416667 0.0613062201
0.09375 -0.135416667 0.0594692908
0.09375 -0.125 -0.0911589183
0.09375 -0.130208333 0.0613062201
0.0885416667 -0.125 0.0649800789
0.09375 -0.125 0.0631431495
0.09375 -0.114583333 -0.0911589183
0.09375 -0.119791667 0.0649800789
0.0885416667 -0.114583333 0.0686539377
0.09375 -0.114583333 0.0668170083
0.09375 -0.104166667 -0.0911589183
0.0885416667 -0.104166667 0.0686539377
0.09375 -0.104166667 0.0668170083
0.09375 -0.09375 -0.0911589183
0.0885416667 -0.09375 0.0686539377
0.09375 -0.09375 0.0668170083
0.09375 -0.0833333333 -0.0911589183
0.0885416667 -0.0833333333 0.0686539377
0.09375 -0.0833333333 0.0668170083
0.09375 -0.0729166667 -0.0911589183
0.0885416667 -0.0729166667 0.0686539377
0.09375 -0.0729166667 0.0668170083
0.09375 -0.0625 -0.0911589183
0.0885416667 -0.0625 0.0686539377
0.09375 -0.0625 0.0668170083
0.09375 -0.0520833333 -0.0911589183
0.0885416667 -0.0520833333 0.0686539377
0.09375 -0.0520833333 0.0668170083
0.09375 -0.0416666667 -0.0911589183
0.0885416667 -0.0416666667 0.0686539377
0.09375 -0.0416666667 0.0668170083
0.09375 -0.03125 -0.0911589183
0.0885416667 -0.03125 0.0686539377
0.09375 -0.03125 0.0668170083
0.09375 -0.0208333333 -0.0911589183
0.0885416667 -0.0208333333 0.0686539377
0.09375 -0.0208333333 0.0668170083
0.09375 -0.0104166667 -0.0911589183
0.0885416667 -0.0104166667 0.0686539377
0.09375 -0.0104166667 0.0668170083
0.09375 -2.77555756e-17 -0.0911589183
0.09375 -0.00520833333 0.0686539377
0.09375 -2.77555756e-17 0.070490867
0.09375 0.0104166667 -0.0911589183
0.09375 0.0104166667 0.070490867
0.09375 0.0208333333 -0.0911589183
0.09375 0.0208333333 0.070490867
0.09375 0.03125 -0.0911589183
0.09375 0.03125 0.070490867
0.09375 0.0416666667 -0.0911589183
0.0885416667 0.0416666667 0.0723277964
0.09375 0.0416666667 0.070490867
0.09375 0.0520833333 -0.0911589183
0.0885416667 0.0520833333 0.0723277964
0.09375 0.0520833333 0.070490867
0.09375 0.0625 -0.0911589183
0.0885416667 0.0625 0.0723277964
0.09375 0.0625 0.070490867
0.09375 0.0729166667 -0.0911589183
0.0885416667 0.0729166667 0.0723277964
0.09375 0.0729166667 0.070490867
0.09375 0.0833333333 -0.0911589183
0.09375 0.0833333333 0.070490867
0.09375 0.09375 -0.0911589183
0.09375 0.0885416667 0.0686539377
0.09375 0.09375 0.0668170083
0.09375 0.104166667 -0.0911589183
0.09375 0.0989583333 0.0649800789
0.09375 0.104166667 0.0631431495
0.09375 0.114583333 -0.0911589183
0.0885416667 0.114583333 0.0613062201
0.09375 0.109375 0.0613062201
0.09375 0.114583333 0.0594692908
0.09375 0.125 -0.0911589183
0.09375 0.125 0.0594692908
0.09375 0.135416667 -0.0911589183
0.0885416667 0.135416667 0.0539585026
0.09375 0.135416667 0.055795432
0.09375 0.130208333 0.0576323614
0.09375 0.140625 -0.089321989
0.09375 0.140625 -0.0856481302
0.09375 0.140625 -0.0819742714
0.09375 0.145833333 -0.0801373421
0.0885416667 0.145833333 0.0502846439
0.09375 0.145833333 0.0521215732
0.09375 0.140625 0.0539585026
0.09375 0.151041667 -0.0783004127
0.09375 0.151041667 -0.0746265539
0.09375 0.15625 -0.0727896245
0.09375 0.151041667 0.0466107851
0.09375 0.15625 0.0447738557
0.09375 0.151041667 0.0502846439
0.09375 0.161458333 -0.0709526952
0.09375 0.161458333 -0.0672788364
0.09375 0.166666667 -0.065441907
0.0885416667 0.166666667 0.0429369264
0.09375 0.161458333 0.0429369264
0.09375 0.166666667 0.041099997
0.09375 0.171875 -0.0636049776
0.09375 0.171875 -0.0599311189
0.09375 0.171875 -0.0562572601
0.09375 0.177083333 -0.0544203307
0.09375 0.177083333 0.041099997
0.09375 0.182291667 -0.0525834014
0.09375 0.182291667 -0.0489095426
0.09375 0.1875 -0.0470726132
0.09375 0.182291667 0.0392630676
0.09375 0.1875 0.0374261382
0.09375 0.192708333 -0.0452356839
0.09375 0.192708333 -0.0415618251
0.09375 0.192708333 -0.0378879663
0.09375 0.192708333 -0.0342141076
0.09375 0.192708333 -0.0305402488
0.09375 0.192708333 -0.0268663901
0.09375 0.192708333 -0.0231925313
0.09375 0.192708333 -0.0195186725
0.0885416667 0.197916667 -0.0158448138
0.09375 0.197916667 -0.0176817432
0.0885416667 0.197916667 0.0282414913
0.09375 0.192708333 0.0282414913
0.09375 0.197916667 0.0264045619
0.09375 0.192708333 0.0319153501
0.09375 0.192708333 0.0355892088
0.09375 0.203125 -0.0158448138
0.09375 0.203125 -0.012170955
0.09375 0.203125 -0.00849709627
0.09375 0.203125 -0.00482323751
0.09375 0.203125 -0.00114937875
0.09375 0.203125 0.00252448001
0.09375 0.203125 0.00619833877
0.09375 0.203125 0.00987219752
0.09375 0.203125 0.0135460563
0.09375 0.203125 0.017219915
0.09375 0.203125 0.0208937738
0.09375 0.203125 0.0245676326
0.0989583333 -0.208333333 -0.0305402488
0.0989583333 -0.208333333 -0.0268663901
0.0989583333 -0.208333333 -0.0231925313
0.104166667 -0.213541667 -0.0195186725
0.104166667 -0.208333333 -0.0213556019
0.0989583333 -0.208333333 -0.0195186725
0.104166667 -0.213541667 -0.0158448138
0.104166667 -0.213541667 -0.012170955
0.104166667 -0.213541667 -0.00849709627
0.104166667 -0.213541667 -0.00482323751
0.104166667 -0.213541667 -0.00114937875
0.104166667 -0.213541667 0.00252448001
0.104166667 -0.213541667 0.00619833877
0.104166667 -0.213541667 0.00987219752
0.104166667 -0.213541667 0.0135460563
0.104166667 -0.213541667 0.017219915
0.104166667 -0.213541667 0.0208937738
0.104166667 -0.213541667 0.0245676326
0.104166667 -0.213541667 0.0282414913
0.104166667 -0.208333333 0.0300784207
0.104166667 -0.197916667 -0.0470726132
0.104166667 -0.203125 -0.0452356839
0.104166667 -0.203125 -0.0415618251
0.104166667 -0.203125 -0.0378879663
0.104166667 -0.203125 -0.0342141076
0.104166667 -0.203125 -0.0305402488
0.104166667 -0.203125 -0.0268663901
0.104166667 -0.203125 -0.0231925313
0.104166667 -0.203125 0.0319153501
0.104166667 -0.203125 0.0355892088
0.104166667 -0.197916667 0.0374261382
0.104166667 -0.1875 -0.0544203307
0.104166667 -0.192708333 -0.0525834014
0.104166667 -0.192708333 -0.0489095426
0.104166667 -0.192708333 0.0392630676
0.104166667 -0.1875 0.041099997
0.104166667 -0.177083333 -0.0617680483
0.104166667 -0.182291667 -0.0599311189
0.104166667 -0.182291667 -0.0562572601
0.104166667 -0.182291667 0.0429369264
0.104166667 -0.177083333 0.0447738557
0.0989583333 -0.166666667 -0.0709526952
0.104166667 -0.166666667 -0.0691157658
0.104166667 -0.171875 -0.0672788364
0.104166667 -0.171875 -0.0636049776
0.104166667 -0.171875 0.0466107851
0.104166667 -0.166666667 0.0484477145
0.104166667 -0.15625 -0.0764634833
0.104166667 -0.161458333 -0.0746265539
0.104166667 -0.161458333 -0.0709526952
0.104166667 -0.161458333 0.0502846439
0.104166667 -0.15625 0.0521215732
0.0989583333 -0.145833333 -0.0856481302
0.104166667 -0.145833333 -0.0874850596
0.104166667 -0.151041667 -0.0856481302
0.104166667 -0.151041667 -0.0819742714
0.104166667 -0.151041667 -0.0783004127
0.104166667 -0.151041667 0.0539585026
0.0989583333 -0.145833333 0.0576323614
0.104166667 -0.145833333 0.055795432
0.104166667 -0.135416667 -0.0911589183
0.104166667 -0.140625 -0.089321989
0.104166667 -0.140625 0.0576323614
0.104166667 -0.135416667 0.0594692908
0.104166667 -0.125 -0.0911589183
0.104166667 -0.130208333 0.0613062201
0.104166667 -0.125 0.0631431495
0.104166667 -0.114583333 -0.0911589183
0.0989583333 -0.114583333 0.0649800789
0.104166667 -0.114583333 0.0631431495
0.104166667 -0.104166667 -0.0911589183
0.0989583333 -0.104166667 0.0649800789
0.104166667 -0.104166667 0.0631431495
0.104166667 -0.09375 -0.0911589183
0.0989583333 -0.09375 0.0649800789
0.104166667 -0.09375 0.0631431495
0.104166667 -0.0833333333 -0.0911589183
0.0989583333 -0.0833333333 0.0649800789
0.104166667 -0.0833333333 0.0631431495
0.104166667 -0.0729166667 -0.0911589183
0.0989583333 -0.0729166667 0.0649800789
0.104166667 -0.0729166667 0.0631431495
0.104166667 -0.0625 -0.0911589183
0.0989583333 -0.0625 0.0649800789
0.104166667 -0.0625 0.0631431495
0.104166667 -0.0520833333 -0.0911589183
0.0989583333 -0.0520833333 0.0649800789
0.104166667 -0.0520833333 0.0631431495
0.104166667 -0.0416666667 -0.0911589183
0.0989583333 -0.0416666667 0.0649800789
0.104166667 -0.0416666667 0.0631431495
0.104166667 -0.03125 -0.0911589183
0.104166667 -0.0364583333 0.0649800789
0.104166667 -0.03125 0.0668170083
0.104166667 -0.0208333333 -0.0911589183
0.104166667 -0.0208333333 0.0668170083
0.104166667 -0.0104166667 -0.0911589183
0.104166667 -0.0104166667 0.0668170083
0.104166667 -2.77555756e-17 -0.0911589183
0.0989583333 -2.77555756e-17 0.0686539377
0.104166667 -2.77555756e-17 0.0668170083
0.104166667 0.0104166667 -0.0911589183
0.0989583333 0.0104166667 0.0686539377
0.104166667 0.0104166667 0.0668170083
0.104166667 0.0208333333 -0.0911589183
0.0989583333 0.0208333333 0.0686539377
0.104166667 0.0208333333 0.0668170083
0.104166667 0.03125 -0.0911589183
0.0989583333 0.03125 0.0686539377
0.104166667 0.03125 0.0668170083
0.104166667 0.0416666667 -0.0911589183
0.0989583333 0.0416666667 0.0686539377
0.104166667 0.0416666667 0.0668170083
0.104166667 0.0520833333 -0.0911589183
0.0989583333 0.0520833333 0.0686539377
0.104166667 0.0520833333 0.0668170083
0.104166667 0.0625 -0.0911589183
0.0989583333 0.0625 0.0686539377
0.104166667 0.0625 0.0668170083
0.104166667 0.0729166667 -0.0911589183
0.0989583333 0.0729166667 0.0686539377
0.104166667 0.0729166667 0.0668170083
0.104166667 0.0833333333 -0.0911589183
0.0989583333 0.0833333333 0.0686539377
0.104166667 0.0833333333 0.0668170083
0.104166667 0.09375 -0.0911589183
0.104166667 0.09375 0.0668170083
0.104166667 0.104166667 -0.0911589183
0.104166667 0.0989583333 0.0649800789
0.104166667 0.104166667 0.0631431495
0.104166667 0.114583333 -0.0911589183
0.104166667 0.109375 0.0613062201
0.104166667 0.114583333 0.0594692908
0.104166667 0.125 -0.0911589183
0.0989583333 0.125 0.0576323614
0.104166667 0.119791667 0.0576323614
0.104166667 0.125 0.055795432
0.104166667 0.135416667 -0.0911589183
0.104166667 0.135416667 0.055795432
0.104166667 0.140625 -0.089321989
0.104166667 0.140625 -0.0856481302
0.104166667 0.140625 -0.0819742714
0.104166667 0.145833333 -0.0801373421
0.104166667 0.140625 0.0539585026
0.104166667 0.145833333 0.0521215732
0.104166667 0.151041667 -0.0783004127
0.104166667 0.151041667 -0.0746265539
0.104166667 0.15625 -0.0727896245
0.0989583333 0.15625 0.0466107851
0.104166667 0.15625 0.0484477145
0.104166667 0.151041667 0.0502846439
0.104166667 0.161458333 -0.0709526952
0.104166667 0.161458333 -0.0672788364
0.104166667 0.166666667 -0.065441907
0.0989583333 0.166666667 0.0429369264
0.104166667 0.166666667 0.0447738557
0.104166667 0.161458333 0.0466107851
0.104166667 0.171875 -0.0636049776
0.104166667 0.171875 -0.0599311189
0.104166667 0.171875 -0.0562572601
0.104166667 0.177083333 -0.0544203307
0.104166667 0.171875 0.0429369264
0.104166667 0.177083333 0.041099997
0.104166667 0.182291667 -0.0525834014
0.104166667 0.182291667 -0.0489095426
0.104166667 0.1875 -0.0470726132
0.104166667 0.182291667 0.0392630676
0.104166667 0.1875 0.0374261382
0.104166667 0.192708333 -0.0452356839
0.104166667 0.192708333 -0.0415618251
0.104166667 0.192708333 -0.0378879663
0.104166667 0.192708333 -0.0342141076
0.104166667 0.192708333 -0.0305402488
0.104166667 0.192708333 -0.0268663901
0.0989583333 0.197916667 -0.0231925313
0.104166667 0.197916667 -0.0250294607
0.0989583333 0.197916667 -0.0195186725
0.104166667 0.192708333 0.0282414913
0.104166667 0.197916667 0.0264045619
0.104166667 0.192708333 0.0319153501
0.104166667 0.192708333 0.0355892088
0.104166667 0.203125 -0.0231925313
0.104166667 0.203125 -0.0195186725
0.104166667 0.203125 -0.0158448138
0.104166667 0.203125 -0.012170955
0.104166667 0.203125 -0.00849709627
0.104166667 0.203125 -0.00482323751
0.104166667 0.203125 -0.00114937875
0.104166667 0.203125 0.00252448001
0.104166667 0.203125 0.00619833877
0.104166667 0.203125 0.00987219752
0.104166667 0.203125 0.0135460563
0.104166667 0.203125 0.017219915
0.104166667 0.203125 0.0208937738
0.104166667 0.203125 0.0245676326
0.109375 -0.208333333 -0.0268663901
0.114583333 -0.208333333 -0.0287033194
0.114583333 -0.213541667 -0.0268663901
0.114583333 -0.213541667 -0.0231925313
0.109375 -0.208333333 -0.0231925313
0.114583333 -0.213541667 -0.0195186725
0.114583333 -0.213541667 -0.0158448138
0.114583333 -0.213541667 -0.012170955
0.114583333 -0.213541667 -0.00849709627
0.114583333 -0.213541667 -0.00482323751
0.114583333 -0.213541667 -0.00114937875
0.114583333 -0.213541667 0.00252448001
0.114583333 -0.213541667 0.00619833877
0.114583333 -0.213541667 0.00987219752
0.114583333 -0.213541667 0.0135460563
0.114583333 -0.213541667 0.017219915
0.114583333 -0.213541667 0.0208937738
0.114583333 -0.213541667 0.0245676326
0.114583333 -0.213541667 0.0282414913
0.114583333 -0.208333333 0.0300784207
0.114583333 -0.197916667 -0.0470726132
0.114583333 -0.203125 -0.0452356839
0.114583333 -0.203125 -0.0415618251
0.114583333 -0.203125 -0.0378879663
0.114583333 -0.203125 -0.0342141076
0.114583333 -0.203125 -0.0305402488
0.114583333 -0.203125 0.0319153501
0.114583333 -0.203125 0.0355892088
0.114583333 -0.197916667 0.0374261382
0.114583333 -0.1875 -0.0544203307
0.114583333 -0.192708333 -0.0525834014
0.114583333 -0.192708333 -0.0489095426
0.114583333 -0.192708333 0.0392630676
0.114583333 -0.1875 0.041099997
0.114583333 -0.177083333 -0.0617680483
0.114583333 -0.182291667 -0.0599311189
0.114583333 -0.182291667 -0.0562572601
0.114583333 -0.182291667 0.0429369264
0.114583333 -0.177083333 0.0447738557
0.114583333 -0.166666667 -0.0691157658
0.114583333 -0.171875 -0.0672788364
0.114583333 -0.171875 -0.0636049776
0.114583333 -0.171875 0.0466107851
0.114583333 -0.166666667 0.0484477145
0.114583333 -0.15625 -0.0764634833
0.114583333 -0.161458333 -0.0746265539
0.114583333 -0.161458333 -0.0709526952
0.114583333 -0.161458333 0.0502846439
0.114583333 -0.161458333 0.0539585026
0.109375 -0.15625 0.0539585026
0.114583333 -0.15625 0.055795432
0.109375 -0.145833333 -0.0856481302
0.114583333 -0.145833333 -0.0838112008
0.114583333 -0.151041667 -0.0819742714
0.114583333 -0.151041667 -0.0783004127
0.114583333 -0.145833333 0.055795432
0.114583333 -0.135416667 -0.0911589183
0.114583333 -0.140625 -0.089321989
0.114583333 -0.140625 -0.0856481302
0.114583333 -0.140625 0.0576323614
0.114583333 -0.135416667 0.0594692908
0.114583333 -0.125 -0.0911589183
0.109375 -0.125 0.0613062201
0.114583333 -0.125 0.0594692908
0.114583333 -0.114583333 -0.0911589183
0.109375 -0.114583333 0.0613062201
0.114583333 -0.114583333 0.0594692908
0.114583333 -0.104166667 -0.0911589183
0.109375 -0.104166667 0.0613062201
0.114583333 -0.104166667 0.0594692908
0.114583333 -0.09375 -0.0911589183
0.109375 -0.09375 0.0613062201
0.114583333 -0.09375 0.0594692908
0.114583333 -0.0833333333 -0.0911589183
0.109375 -0.0833333333 0.0613062201
0.114583333 -0.0833333333 0.0594692908
0.114583333 -0.0729166667 -0.0911589183
0.114583333 -0.078125 0.0613062201
0.114583333 -0.0729166667 0.0631431495
0.114583333 -0.0625 -0.0911589183
0.114583333 -0.0625 0.0631431495
0.114583333 -0.0520833333 -0.0911589183
0.114583333 -0.0520833333 0.0631431495
0.114583333 -0.0416666667 -0.0911589183
0.114583333 -0.0416666667 0.0631431495
0.114583333 -0.03125 -0.0911589183
0.109375 -0.03125 0.0649800789
0.114583333 -0.03125 0.0631431495
0.114583333 -0.0208333333 -0.0911589183
0.109375 -0.0208333333 0.0649800789
0.114583333 -0.0208333333 0.0631431495
0.114583333 -0.0104166667 -0.0911589183
0.109375 -0.0104166667 0.0649800789
0.114583333 -0.0104166667 0.0631431495
0.114583333 -2.77555756e-17 -0.0911589183
0.109375 -2.77555756e-17 0.0649800789
0.114583333 -2.77555756e-17 0.0631431495
0.114583333 0.0104166667 -0.0911589183
0.109375 0.0104166667 0.0649800789
0.114583333 0.0104166667 0.0631431495
0.114583333 0.0208333333 -0.0911589183
0.109375 0.0208333333 0.0649800789
0.114583333 0.0208333333 0.0631431495
0.114583333 0.03125 -0.0911589183
0.109375 0.03125 0.0649800789
0.114583333 0.03125 0.0631431495
0.114583333 0.0416666667 -0.0911589183
0.109375 0.0416666667 0.0649800789
0.114583333 0.0416666667 0.0631431495
0.114583333 0.0520833333 -0.0911589183
0.109375 0.0520833333 0.0649800789
0.114583333 0.0520833333 0.0631431495
0.114583333 0.0625 -0.0911589183
0.109375 0.0625 0.0649800789
0.114583333 0.0625 0.0631431495
0.114583333 0.0729166667 -0.0911589183
0.109375 0.0729166667 0.0649800789
0.114583333 0.0729166667 0.0631431495
0.114583333 0.0833333333 -0.0911589183
0.109375 0.0833333333 0.0649800789
0.114583333 0.0833333333 0.0631431495
0.114583333 0.09375 -0.0911589183
0.109375 0.09375 0.0649800789
0.114583333 0.09375 0.0631431495
0.114583333 0.104166667 -0.0911589183
0.114583333 0.104166667 0.0631431495
0.114583333 0.114583333 -0.0911589183
0.114583333 0.109375 0.0613062201
0.114583333 0.114583333 0.0594692908
0.114583333 0.125 -0.0911589183
0.114583333 0.119791667 0.0576323614
0.114583333 0.125 0.055795432
0.114583333 0.135416667 -0.0911589183
0.109375 0.135416667 0.0539585026
0.114583333 0.130208333 0.0539585026
0.114583333 0.135416667 0.0521215732
0.114583333 0.140625 -0.089321989
0.114583333 0.140625 -0.0856481302
0.114583333 0.140625 -0.0819742714
0.114583333 0.145833333 -0.0801373421
0.114583333 0.145833333 0.0521215732
0.114583333 0.151041667 -0.0783004127
0.114583333 0.151041667 -0.0746265539
0.114583333 0.15625 -0.0727896245
0.114583333 0.151041667 0.0502846439
0.114583333 0.15625 0.0484477145
0.114583333 0.161458333 -0.0709526952
0.114583333 0.161458333 -0.0672788364
0.114583333 0.166666667 -0.065441907
0.114583333 0.161458333 0.0466107851
0.114583333 0.166666667 0.0447738557
0.114583333 0.171875 -0.0636049776
0.114583333 0.171875 -0.0599311189
0.114583333 0.171875 -0.0562572601
0.114583333 0.177083333 -0.0544203307
0.114583333 0.171875 0.0429369264
0.114583333 0.177083333 0.041099997
0.114583333 0.182291667 -0.0525834014
0.114583333 0.182291667 -0.0489095426
0.114583333 0.1875 -0.0470726132
0.114583333 0.182291667 0.0392630676
0.114583333 0.1875 0.0374261382
0.114583333 0.192708333 -0.0452356839
0.114583333 0.192708333 -0.0415618251
0.114583333 0.192708333 -0.0378879663
0.114583333 0.192708333 -0.0342141076
0.114583333 0.192708333 -0.0305402488
0.109375 0.197916667 -0.0268663901
0.114583333 0.197916667 -0.0287033194
0.109375 0.197916667 -0.0195186725
0.114583333 0.192708333 -0.0195186725
0.114583333 0.197916667 -0.0213556019
0.114583333 0.197916667 -0.0176817432
0.109375 0.197916667 0.0282414913
0.114583333 0.197916667 0.0300784207
0.114583333 0.192708333 0.0319153501
0.114583333 0.192708333 0.0355892088
0.114583333 0.203125 -0.0268663901
0.114583333 0.203125 -0.0231925313
0.114583333 0.203125 -0.0158448138
0.114583333 0.203125 -0.012170955
0.114583333 0.203125 -0.00849709627
0.114583333 0.203125 -0.00482323751
0.114583333 0.203125 -0.00114937875
0.114583333 0.203125 0.00252448001
0.114583333 0.203125 0.00619833877
0.114583333 0.203125 0.00987219752
0.114583333 0.203125 0.0135460563
0.114583333 0.203125 0.017219915
0.114583333 0.203125 0.0208937738
0.114583333 0.203125 0.0245676326
0.114583333 0.203125 0.0282414913
0.119791667 -0.208333333 -0.0268663901
0.125 -0.208333333 -0.0250294607
0.125 -0.213541667 -0.0231925313
0.125 -0.213541667 -0.0195186725
0.125 -0.213541667 -0.0158448138
0.125 -0.213541667 -0.012170955
0.125 -0.213541667 -0.00849709627
0.125 -0.213541667 -0.00482323751
0.125 -0.213541667 -0.00114937875
0.125 -0.213541667 0.00252448001
0.125 -0.213541667 0.00619833877
0.125 -0.213541667 0.00987219752
0.125 -0.213541667 0.0135460563
0.125 -0.213541667 0.017219915
0.125 -0.213541667 0.0208937738
0.125 -0.213541667 0.0245676326
0.125 -0.213541667 0.0282414913
0.125 -0.208333333 0.0300784207
0.125 -0.197916667 -0.0470726132
0.125 -0.203125 -0.0452356839
0.125 -0.203125 -0.0415618251
0.125 -0.203125 -0.0378879663
0.125 -0.203125 -0.0342141076
0.125 -0.203125 -0.0305402488
0.125 -0.203125 -0.0268663901
0.125 -0.203125 0.0319153501
0.125 -0.203125 0.0355892088
0.125 -0.197916667 0.0374261382
0.125 -0.1875 -0.0544203307
0.125 -0.192708333 -0.0525834014
0.125 -0.192708333 -0.0489095426
0.125 -0.192708333 0.0392630676
0.125 -0.1875 0.041099997
0.125 -0.177083333 -0.0617680483
0.125 -0.182291667 -0.0599311189
0.125 -0.182291667 -0.0562572601
0.125 -0.182291667 0.0429369264
0.125 -0.177083333 0.0447738557
0.125 -0.166666667 -0.0691157658
0.125 -0.171875 -0.0672788364
0.125 -0.171875 -0.0636049776
0.125 -0.171875 0.0466107851
0.125 -0.166666667 0.0484477145
0.125 -0.15625 -0.0764634833
0.125 -0.161458333 -0.0746265539
0.125 -0.161458333 -0.0709526952
0.125 -0.161458333 0.0502846439
0.119791667 -0.15625 0.0539585026
0.125 -0.15625 0.0521215732
0.119791667 -0.145833333 -0.0856481302
0.125 -0.145833333 -0.0874850596
0.125 -0.151041667 -0.0856481302
0.125 -0.151041667 -0.0819742714
0.125 -0.151041667 -0.0783004127
0.125 -0.151041667 0.0539585026
0.125 -0.145833333 0.055795432
0.125 -0.135416667 -0.0911589183
0.125 -0.140625 -0.089321989
0.119791667 -0.135416667 0.0576323614
0.125 -0.135416667 0.055795432
0.125 -0.125 -0.0911589183
0.119791667 -0.125 0.0576323614
0.125 -0.125 0.055795432
0.125 -0.114583333 -0.0911589183
0.119791667 -0.114583333 0.0576323614
0.125 -0.114583333 0.055795432
0.125 -0.104166667 -0.0911589183
0.125 -0.109375 0.0576323614
0.125 -0.104166667 0.0594692908
0.125 -0.09375 -0.0911589183
0.125 -0.09375 0.0594692908
0.125 -0.0833333333 -0.0911589183
0.125 -0.0833333333 0.0594692908
0.125 -0.0729166667 -0.0911589183
0.119791667 -0.0729166667 0.0613062201
0.125 -0.0729166667 0.0594692908
0.125 -0.0625 -0.0911589183
0.119791667 -0.0625 0.0613062201
0.125 -0.0625 0.0594692908
0.125 -0.0520833333 -0.0911589183
0.119791667 -0.0520833333 0.0613062201
0.125 -0.0520833333 0.0594692908
0.125 -0.0416666667 -0.0911589183
0.119791667 -0.0416666667 0.0613062201
0.125 -0.0416666667 0.0594692908
0.125 -0.03125 -0.0911589183
0.119791667 -0.03125 0.0613062201
0.125 -0.03125 0.0594692908
0.125 -0.0208333333 -0.0911589183
0.119791667 -0.0208333333 0.0613062201
0.125 -0.0208333333 0.0594692908
0.125 -0.0104166667 -0.0911589183
0.119791667 -0.0104166667 0.0613062201
0.125 -0.0104166667 0.0594692908
0.125 -2.77555756e-17 -0.0911589183
0.119791667 -2.77555756e-17 0.0613062201
0.125 -2.77555756e-17 0.0594692908
0.125 0.0104166667 -0.0911589183
0.119791667 0.0104166667 0.0613062201
0.125 0.0104166667 0.0594692908
0.125 0.0208333333 -0.0911589183
0.119791667 0.0208333333 0.0613062201
0.125 0.0208333333 0.0594692908
0.125 0.03125 -0.0911589183
0.119791667 0.03125 0.0613062201
0.125 0.03125 0.0594692908
0.125 0.0416666667 -0.0911589183
0.119791667 0.0416666667 0.0613062201
0.125 0.0416666667 0.0594692908
0.125 0.0520833333 -0.0911589183
0.119791667 0.0520833333 0.0576323614
0.125 0.046875 0.0576323614
0.125 0.0520833333 0.055795432
0.119791667 0.0520833333 0.0613062201
0.125 0.0625 -0.0911589183
0.125 0.0572916667 0.0576323614
0.125 0.0625 0.0594692908
0.119791667 0.0625 0.0613062201
0.125 0.0729166667 -0.0911589183
0.119791667 0.0729166667 0.0613062201
0.125 0.0729166667 0.0594692908
0.125 0.0833333333 -0.0911589183
0.119791667 0.0833333333 0.0613062201
0.125 0.0833333333 0.0594692908
0.125 0.09375 -0.0911589183
0.119791667 0.09375 0.0613062201
0.125 0.09375 0.0594692908
0.125 0.104166667 -0.0911589183
0.119791667 0.104166667 0.0613062201
0.125 0.104166667 0.0594692908
0.125 0.114583333 -0.0911589183
0.125 0.114583333 0.0594692908
0.125 0.125 -0.0911589183
0.119791667 0.125 0.0576323614
0.125 0.125 0.0594692908
0.125 0.135416667 -0.0911589183
0.125 0.130208333 0.0539585026
0.125 0.135416667 0.0521215732
0.125 0.130208333 0.0576323614
0.125 0.140625 -0.089321989
0.125 0.140625 -0.0856481302
0.125 0.140625 -0.0819742714
0.125 0.145833333 -0.0801373421
0.119791667 0.145833333 0.0502846439
0.125 0.140625 0.0502846439
0.125 0.145833333 0.0484477145
0.125 0.151041667 -0.0783004127
0.125 0.151041667 -0.0746265539
0.125 0.15625 -0.0727896245
0.119791667 0.15625 0.0466107851
0.125 0.151041667 0.0466107851
0.125 0.15625 0.0447738557
0.125 0.161458333 -0.0709526952
0.125 0.161458333 -0.0672788364
0.125 0.166666667 -0.065441907
0.125 0.166666667 0.0447738557
0.125 0.171875 -0.0636049776
0.125 0.171875 -0.0599311189
0.125 0.171875 -0.0562572601
0.125 0.177083333 -0.0544203307
0.125 0.171875 0.0429369264
0.125 0.177083333 0.041099997
0.125 0.182291667 -0.0525834014
0.125 0.182291667 -0.0489095426
0.125 0.1875 -0.0470726132
0.125 0.182291667 0.0392630676
0.125 0.1875 0.0374261382
0.125 0.192708333 -0.0452356839
0.125 0.192708333 -0.0415618251
0.125 0.192708333 -0.0378879663
0.125 0.192708333 -0.0342141076
0.125 0.192708333 -0.0305402488
0.119791667 0.197916667 -0.0268663901
0.125 0.192708333 -0.0268663901
0.119791667 0.197916667 -0.0231925313
0.125 0.192708333 -0.0231925313
0.119791667 0.197916667 -0.0195186725
0.125 0.197916667 -0.0213556019
0.119791667 0.197916667 0.0282414913
0.125 0.192708333 0.0282414913
0.125 0.197916667 0.0264045619
0.125 0.192708333 0.0319153501
0.125 0.192708333 0.0355892088
0.125 0.203125 -0.0195186725
0.125 0.203125 -0.0158448138
0.125 0.203125 -0.012170955
0.125 0.203125 -0.00849709627
0.125 0.203125 -0.00482323751
0.125 0.203125 -0.00114937875
0.125 0.203125 0.00252448001
0.125 0.203125 0.00619833877
0.125 0.203125 0.00987219752
0.125 0.203125 0.0135460563
0.125 0.203125 0.017219915
0.125 0.203125 0.0208937738
0.125 0.203125 0.0245676326
0.130208333 -0.208333333 -0.0268663901
0.135416667 -0.208333333 -0.0287033194
0.135416667 -0.213541667 -0.0268663901
0.135416667 -0.213541667 -0.0231925313
0.135416667 -0.213541667 -0.0195186725
0.135416667 -0.213541667 -0.0158448138
0.135416667 -0.213541667 -0.012170955
0.135416667 -0.213541667 -0.00849709627
0.135416667 -0.213541667 -0.00482323751
0.135416667 -0.213541667 -0.00114937875
0.135416667 -0.213541667 0.00252448001
0.135416667 -0.213541667 0.00619833877
0.135416667 -0.213541667 0.00987219752
0.135416667 -0.213541667 0.0135460563
0.135416667 -0.213541667 0.017219915
0.135416667 -0.213541667 0.0208937738
0.135416667 -0.213541667 0.0245676326
0.130208333 -0.208333333 0.0282414913
0.135416667 -0.208333333 0.0264045619
0.135416667 -0.197916667 -0.0470726132
0.135416667 -0.203125 -0.0452356839
0.135416667 -0.203125 -0.0415618251
0.135416667 -0.203125 -0.0378879663
0.135416667 -0.203125 -0.0342141076
0.135416667 -0.203125 -0.0305402488
0.135416667 -0.203125 0.0282414913
0.135416667 -0.203125 0.0319153501
0.130208333 -0.197916667 0.0355892088
0.135416667 -0.197916667 0.0337522795
0.135416667 -0.1875 -0.0544203307
0.135416667 -0.192708333 -0.0525834014
0.135416667 -0.192708333 -0.0489095426
0.135416667 -0.192708333 0.0355892088
0.135416667 -0.192708333 0.0392630676
0.135416667 -0.1875 0.041099997
0.135416667 -0.177083333 -0.0617680483
0.135416667 -0.182291667 -0.0599311189
0.135416667 -0.182291667 -0.0562572601
0.135416667 -0.182291667 0.0429369264
0.135416667 -0.177083333 0.0447738557
0.135416667 -0.166666667 -0.0691157658
0.135416667 -0.171875 -0.0672788364
0.135416667 -0.171875 -0.0636049776
0.135416667 -0.171875 0.0466107851
0.135416667 -0.166666667 0.0484477145
0.130208333 -0.15625 -0.0783004127
0.135416667 -0.15625 -0.0801373421
0.135416667 -0.161458333 -0.0783004127
0.135416667 -0.161458333 -0.0746265539
0.135416667 -0.161458333 -0.0709526952
0.135416667 -0.161458333 0.0502846439
0.135416667 -0.15625 0.0521215732
0.130208333 -0.145833333 -0.0856481302
0.135416667 -0.145833333 -0.0838112008
0.135416667 -0.151041667 -0.0819742714
0.130208333 -0.145833333 0.0539585026
0.135416667 -0.145833333 0.0521215732
0.135416667 -0.135416667 -0.0911589183
0.135416667 -0.140625 -0.089321989
0.135416667 -0.140625 -0.0856481302
0.135416667 -0.140625 0.0539585026
0.135416667 -0.135416667 0.055795432
0.135416667 -0.125 -0.0911589183
0.135416667 -0.125 0.055795432
0.135416667 -0.114583333 -0.0911589183
0.135416667 -0.114583333 0.055795432
0.135416667 -0.104166667 -0.0911589183
0.130208333 -0.104166667 0.0576323614
0.135416667 -0.104166667 0.055795432
0.135416667 -0.09375 -0.0911589183
0.130208333 -0.09375 0.0576323614
0.135416667 -0.09375 0.055795432
0.135416667 -0.0833333333 -0.0911589183
0.130208333 -0.0833333333 0.0576323614
0.135416667 -0.0833333333 0.055795432
0.135416667 -0.0729166667 -0.0911589183
0.130208333 -0.0729166667 0.0576323614
0.135416667 -0.0729166667 0.055795432
0.135416667 -0.0625 -0.0911589183
0.130208333 -0.0625 0.0576323614
0.135416667 -0.0625 0.055795432
0.135416667 -0.0520833333 -0.0911589183
0.130208333 -0.0520833333 0.0576323614
0.135416667 -0.0520833333 0.055795432
0.135416667 -0.0416666667 -0.0911589183
0.130208333 -0.0416666667 0.0576323614
0.135416667 -0.0416666667 0.055795432
0.135416667 -0.03125 -0.0911589183
0.130208333 -0.03125 0.0576323614
0.135416667 -0.03125 0.055795432
0.135416667 -0.0208333333 -0.0911589183
0.130208333 -0.0208333333 0.0576323614
0.135416667 -0.0208333333 0.055795432
0.135416667 -0.0104166667 -0.0911589183
0.130208333 -0.0104166667 0.0576323614
0.135416667 -0.0104166667 0.055795432
0.135416667 -2.77555756e-17 -0.0911589183
0.130208333 -2.77555756e-17 0.0576323614
0.135416667 -2.77555756e-17 0.055795432
0.135416667 0.0104166667 -0.0911589183
0.130208333 0.0104166667 0.0576323614
0.135416667 0.0104166667 0.055795432
0.135416667 0.0208333333 -0.0911589183
0.130208333 0.0208333333 0.0576323614
0.135416667 0.0208333333 0.055795432
0.135416667 0.03125 -0.0911589183
0.130208333 0.03125 0.0576323614
0.135416667 0.03125 0.055795432
0.135416667 0.0416666667 -0.0911589183
0.130208333 0.0416666667 0.0576323614
0.135416667 0.0416666667 0.055795432
0.135416667 0.0520833333 -0.0911589183
0.135416667 0.0520833333 0.055795432
0.135416667 0.0625 -0.0911589183
0.130208333 0.0625 0.0576323614
0.135416667 0.0625 0.055795432
0.135416667 0.0729166667 -0.0911589183
0.130208333 0.0729166667 0.0576323614
0.135416667 0.0729166667 0.055795432
0.135416667 0.0833333333 -0.0911589183
0.130208333 0.0833333333 0.0576323614
0.135416667 0.0833333333 0.055795432
0.135416667 0.09375 -0.0911589183
0.130208333 0.09375 0.0576323614
0.135416667 0.09375 0.055795432
0.135416667 0.104166667 -0.0911589183
0.130208333 0.104166667 0.0576323614
0.135416667 0.104166667 0.055795432
0.135416667 0.114583333 -0.0911589183
0.130208333 0.114583333 0.0576323614
0.135416667 0.114583333 0.055795432
0.135416667 0.125 -0.0911589183
0.130208333 0.125 0.0576323614
0.135416667 0.125 0.055795432
0.135416667 0.135416667 -0.0911589183
0.130208333 0.135416667 0.0539585026
0.135416667 0.135416667 0.055795432
0.135416667 0.140625 -0.089321989
0.135416667 0.140625 -0.0856481302
0.135416667 0.140625 -0.0819742714
0.135416667 0.145833333 -0.0801373421
0.130208333 0.145833333 0.0502846439
0.135416667 0.145833333 0.0521215732
0.135416667 0.140625 0.0539585026
0.135416667 0.151041667 -0.0783004127
0.135416667 0.151041667 -0.0746265539
0.135416667 0.15625 -0.0727896245
0.135416667 0.151041667 0.0466107851
0.135416667 0.15625 0.0447738557
0.135416667 0.151041667 0.0502846439
0.135416667 0.161458333 -0.0709526952
0.135416667 0.161458333 -0.0672788364
0.135416667 0.166666667 -0.065441907
0.130208333 0.166666667 0.0429369264
0.135416667 0.161458333 0.0429369264
0.135416667 0.166666667 0.041099997
0.135416667 0.171875 -0.0636049776
0.135416667 0.171875 -0.0599311189
0.135416667 0.171875 -0.0562572601
0.135416667 0.177083333 -0.0544203307
0.135416667 0.177083333 0.041099997
0.135416667 0.182291667 -0.0525834014
0.135416667 0.182291667 -0.0489095426
0.135416667 0.1875 -0.0470726132
0.135416667 0.182291667 0.0392630676
0.135416667 0.1875 0.0374261382
0.135416667 0.192708333 -0.0452356839
0.135416667 0.192708333 -0.0415618251
0.135416667 0.192708333 -0.0378879663
0.135416667 0.192708333 -0.0342141076
0.135416667 0.192708333 -0.0305402488
0.135416667 0.192708333 -0.0268663901
0.135416667 0.192708333 -0.0231925313
0.135416667 0.197916667 -0.0213556019
0.135416667 0.192708333 0.0282414913
0.135416667 0.197916667 0.0264045619
0.135416667 0.192708333 0.0319153501
0.135416667 0.192708333 0.0355892088
0.135416667 0.203125 -0.0195186725
0.135416667 0.203125 -0.0158448138
0.135416667 0.203125 -0.012170955
0.135416667 0.203125 -0.00849709627
0.135416667 0.203125 -0.00482323751
0.135416667 0.203125 -0.00114937875
0.135416667 0.203125 0.00252448001
0.135416667 0.203125 0.00619833877
0.135416667 0.203125 0.00987219752
0.135416667 0.203125 0.0135460563
0.135416667 0.203125 0.017219915
0.135416667 0.203125 0.0208937738
0.135416667 0.203125 0.0245676326
0.140625 -0.208333333 -0.0305402488
0.145833333 -0.208333333 -0.0323771782
0.145833333 -0.213541667 -0.0305402488
0.145833333 -0.213541667 -0.0268663901
0.140625 -0.208333333 -0.0231925313
0.145833333 -0.208333333 -0.0250294607
0.140625 -0.208333333 -0.0195186725
0.145833333 -0.208333333 -0.0176817432
0.145833333 -0.213541667 -0.0158448138
0.145833333 -0.213541667 -0.012170955
0.145833333 -0.213541667 -0.00849709627
0.145833333 -0.213541667 -0.00482323751
0.145833333 -0.213541667 -0.00114937875
0.145833333 -0.213541667 0.00252448001
0.145833333 -0.213541667 0.00619833877
0.140625 -0.208333333 0.00987219752
0.145833333 -0.208333333 0.00803526815
0.145833333 -0.208333333 0.0117091269
0.145833333 -0.213541667 0.0135460563
0.145833333 -0.213541667 0.017219915
0.145833333 -0.213541667 0.0208937738
0.145833333 -0.213541667 0.0245676326
0.145833333 -0.208333333 0.0264045619
0.145833333 -0.197916667 -0.0470726132
0.145833333 -0.203125 -0.0452356839
0.145833333 -0.203125 -0.0415618251
0.145833333 -0.203125 -0.0378879663
0.145833333 -0.203125 -0.0342141076
0.145833333 -0.203125 -0.0231925313
0.145833333 -0.203125 -0.0195186725
0.145833333 -0.203125 0.00987219752
0.145833333 -0.203125 0.0282414913
0.145833333 -0.203125 0.0319153501
0.145833333 -0.203125 0.0355892088
0.140625 -0.197916667 0.0355892088
0.145833333 -0.197916667 0.0374261382
0.140625 -0.1875 -0.0525834014
0.145833333 -0.1875 -0.050746472
0.145833333 -0.192708333 -0.0489095426
0.145833333 -0.192708333 0.0392630676
0.145833333 -0.1875 0.041099997
0.145833333 -0.177083333 -0.0617680483
0.145833333 -0.182291667 -0.0599311189
0.145833333 -0.182291667 -0.0562572601
0.145833333 -0.182291667 -0.0525834014
0.145833333 -0.182291667 0.0429369264
0.145833333 -0.177083333 0.0447738557
0.140625 -0.166666667 -0.0709526952
0.145833333 -0.166666667 -0.0727896245
0.145833333 -0.171875 -0.0709526952
0.145833333 -0.171875 -0.0672788364
0.145833333 -0.171875 -0.0636049776
0.145833333 -0.171875 0.0466107851
0.145833333 -0.166666667 0.0484477145
0.140625 -0.15625 -0.0783004127
0.145833333 -0.15625 -0.0764634833
0.145833333 -0.161458333 -0.0746265539
0.145833333 -0.161458333 0.0502846439
0.145833333 -0.15625 0.0521215732
0.140625 -0.145833333 -0.0819742714
0.145833333 -0.145833333 -0.0801373421
0.145833333 -0.151041667 -0.0783004127
0.145833333 -0.145833333 0.0521215732
0.140625 -0.135416667 -0.089321989
0.140625 -0.135416667 -0.0856481302
0.145833333 -0.135416667 -0.0838112008
0.145833333 -0.140625 -0.0819742714
0.140625 -0.135416667 0.0539585026
0.145833333 -0.135416667 0.0521215732
0.140625 -0.125 -0.089321989
0.140625 -0.125 -0.0856481302
0.145833333 -0.125 -0.0838112008
0.140625 -0.125 0.0539585026
0.145833333 -0.125 0.0521215732
0.140625 -0.114583333 -0.089321989
0.140625 -0.114583333 -0.0856481302
0.145833333 -0.114583333 -0.0838112008
0.140625 -0.114583333 0.0539585026
0.145833333 -0.114583333 0.0521215732
0.140625 -0.104166667 -0.089321989
0.140625 -0.104166667 -0.0856481302
0.145833333 -0.104166667 -0.0838112008
0.140625 -0.104166667 0.0539585026
0.145833333 -0.104166667 0.0521215732
0.140625 -0.09375 -0.089321989
0.140625 -0.09375 -0.0856481302
0.145833333 -0.09375 -0.0838112008
0.140625 -0.09375 0.0539585026
0.145833333 -0.09375 0.0521215732
0.140625 -0.0833333333 -0.089321989
0.140625 -0.0833333333 -0.0856481302
0.145833333 -0.0833333333 -0.0838112008
0.140625 -0.0833333333 0.0539585026
0.145833333 -0.0833333333 0.0521215732
0.140625 -0.0729166667 -0.089321989
0.140625 -0.0729166667 -0.0856481302
0.145833333 -0.0729166667 -0.0838112008
0.140625 -0.0729166667 0.0539585026
0.145833333 -0.0729166667 0.0521215732
0.140625 -0.0625 -0.089321989
0.140625 -0.0625 -0.0856481302
0.145833333 -0.0625 -0.0838112008
0.140625 -0.0625 0.0539585026
0.145833333 -0.0625 0.0521215732
0.140625 -0.0520833333 -0.089321989
0.140625 -0.0520833333 -0.0856481302
0.145833333 -0.0520833333 -0.0838112008
0.140625 -0.0520833333 0.0539585026
0.145833333 -0.0520833333 0.0521215732
0.140625 -0.0416666667 -0.089321989
0.140625 -0.0416666667 -0.0856481302
0.145833333 -0.0416666667 -0.0838112008
0.140625 -0.0416666667 0.0539585026
0.145833333 -0.0416666667 0.0521215732
0.140625 -0.03125 -0.089321989
0.140625 -0.03125 -0.0856481302
0.145833333 -0.03125 -0.0838112008
0.140625 -0.03125 0.0539585026
0.145833333 -0.03125 0.0521215732
0.140625 -0.0208333333 -0.089321989
0.140625 -0.0208333333 -0.0856481302
0.145833333 -0.0208333333 -0.0838112008
0.140625 -0.0208333333 0.0539585026
0.145833333 -0.0208333333 0.0521215732
0.140625 -0.0104166667 -0.089321989
0.140625 -0.0104166667 -0.0856481302
0.145833333 -0.0104166667 -0.0838112008
0.140625 -0.0104166667 0.0539585026
0.145833333 -0.0104166667 0.0521215732
0.140625 -2.77555756e-17 -0.089321989
0.140625 -2.77555756e-17 -0.0856481302
0.145833333 -2.77555756e-17 -0.0838112008
0.140625 -2.77555756e-17 0.0539585026
0.145833333 -2.77555756e-17 0.0521215732
0.140625 0.0104166667 -0.089321989
0.140625 0.0104166667 -0.0856481302
0.145833333 0.0104166667 -0.0838112008
0.140625 0.0104166667 0.0539585026
0.145833333 0.0104166667 0.0521215732
0.140625 0.0208333333 -0.089321989
0.140625 0.0208333333 -0.0856481302
0.145833333 0.0208333333 -0.0838112008
0.140625 0.0208333333 0.0539585026
0.145833333 0.0208333333 0.0521215732
0.140625 0.03125 -0.089321989
0.140625 0.03125 -0.0856481302
0.145833333 0.03125 -0.0838112008
0.140625 0.03125 0.0539585026
0.145833333 0.03125 0.0521215732
0.140625 0.0416666667 -0.089321989
0.140625 0.0416666667 -0.0856481302
0.145833333 0.0416666667 -0.0838112008
0.140625 0.0416666667 0.0539585026
0.145833333 0.0416666667 0.0521215732
0.140625 0.0520833333 -0.089321989
0.140625 0.0520833333 -0.0856481302
0.145833333 0.0520833333 -0.0838112008
0.140625 0.0520833333 0.0539585026
0.145833333 0.0520833333 0.0521215732
0.140625 0.0625 -0.089321989
0.140625 0.0625 -0.0856481302
0.145833333 0.0625 -0.0838112008
0.140625 0.0625 0.0539585026
0.145833333 0.0625 0.0521215732
0.140625 0.0729166667 -0.089321989
0.140625 0.0729166667 -0.0856481302
0.145833333 0.0729166667 -0.0838112008
0.140625 0.0729166667 0.0539585026
0.145833333 0.0729166667 0.0521215732
0.140625 0.0833333333 -0.089321989
0.140625 0.0833333333 -0.0856481302
0.145833333 0.0833333333 -0.0838112008
0.140625 0.0833333333 0.0539585026
0.145833333 0.0833333333 0.0521215732
0.140625 0.09375 -0.089321989
0.140625 0.09375 -0.0856481302
0.145833333 0.09375 -0.0838112008
0.140625 0.09375 0.0539585026
0.145833333 0.09375 0.0521215732
0.140625 0.104166667 -0.089321989
0.140625 0.104166667 -0.0856481302
0.145833333 0.104166667 -0.0838112008
0.140625 0.104166667 0.0539585026
0.145833333 0.104166667 0.0521215732
0.140625 0.114583333 -0.089321989
0.140625 0.114583333 -0.0856481302
0.145833333 0.114583333 -0.0838112008
0.140625 0.114583333 0.0539585026
0.145833333 0.114583333 0.0521215732
0.140625 0.125 -0.089321989
0.140625 0.125 -0.0856481302
0.145833333 0.125 -0.0838112008
0.140625 0.125 0.0539585026
0.145833333 0.125 0.0521215732
0.140625 0.135416667 -0.089321989
0.140625 0.135416667 -0.0856481302
0.145833333 0.135416667 -0.0838112008
0.140625 0.135416667 0.0539585026
0.145833333 0.135416667 0.0521215732
0.145833333 0.140625 -0.0819742714
0.145833333 0.145833333 -0.0801373421
0.140625 0.145833333 0.0502846439
0.145833333 0.140625 0.0502846439
0.145833333 0.145833333 0.0484477145
0.145833333 0.151041667 -0.0783004127
0.145833333 0.151041667 -0.0746265539
0.145833333 0.15625 -0.0727896245
0.140625 0.15625 0.0466107851
0.145833333 0.15625 0.0484477145
0.145833333 0.161458333 -0.0709526952
0.145833333 0.161458333 -0.0672788364
0.145833333 0.166666667 -0.065441907
0.140625 0.166666667 0.0429369264
0.145833333 0.166666667 0.0447738557
0.145833333 0.161458333 0.0466107851
0.145833333 0.171875 -0.0636049776
0.145833333 0.171875 -0.0599311189
0.145833333 0.171875 -0.0562572601
0.145833333 0.177083333 -0.0544203307
0.140625 0.177083333 0.0392630676
0.145833333 0.171875 0.0392630676
0.145833333 0.177083333 0.0374261382
0.145833333 0.171875 0.0429369264
0.145833333 0.182291667 -0.0525834014
0.145833333 0.182291667 -0.0489095426
0.145833333 0.1875 -0.0470726132
0.145833333 0.1875 0.0374261382
0.145833333 0.192708333 -0.0452356839
0.145833333 0.192708333 -0.0415618251
0.145833333 0.192708333 -0.0378879663
0.145833333 0.192708333 -0.0342141076
0.145833333 0.192708333 -0.0305402488
0.145833333 0.192708333 -0.0268663901
0.145833333 0.192708333 -0.0231925313
0.145833333 0.197916667 -0.0213556019
0.140625 0.197916667 0.00252448001
0.145833333 0.192708333 0.00252448001
0.145833333 0.197916667 0.000687550628
0.145833333 0.197916667 0.00436140939
0.145833333 0.192708333 0.0282414913
0.145833333 0.197916667 0.0264045619
0.145833333 0.192708333 0.0319153501
0.145833333 0.192708333 0.0355892088
0.145833333 0.203125 -0.0195186725
0.145833333 0.203125 -0.0158448138
0.145833333 0.203125 -0.012170955
0.145833333 0.203125 -0.00849709627
0.145833333 0.203125 -0.00482323751
0.145833333 0.203125 -0.00114937875
0.145833333 0.203125 0.00619833877
0.145833333 0.203125 0.00987219752
0.145833333 0.203125 0.0135460563
0.145833333 0.203125 0.017219915
0.145833333 0.203125 0.0208937738
0.145833333 0.203125 0.0245676326
0.151041667 -0.208333333 -0.0305402488
0.151041667 -0.208333333 -0.0268663901
0.15625 -0.213541667 -0.0231925313
0.15625 -0.208333333 -0.0250294607
0.151041667 -0.208333333 -0.0231925313
0.15625 -0.213541667 -0.0195186725
0.151041667 -0.208333333 -0.0195186725
0.15625 -0.213541667 -0.0158448138
0.15625 -0.213541667 -0.012170955
0.15625 -0.213541667 -0.00849709627
0.151041667 -0.208333333 -0.00482323751
0.15625 -0.208333333 -0.00666016689
0.151041667 -0.208333333 -0.00114937875
0.151041667 -0.208333333 0.00252448001
0.151041667 -0.208333333 0.00619833877
0.15625 -0.213541667 0.00987219752
0.15625 -0.208333333 0.00803526815
0.151041667 -0.208333333 0.00987219752
0.15625 -0.213541667 0.0135460563
0.15625 -0.213541667 0.017219915
0.15625 -0.213541667 0.0208937738
0.15625 -0.213541667 0.0245676326
0.15625 -0.208333333 0.0264045619
0.151041667 -0.197916667 -0.0452356839
0.15625 -0.197916667 -0.0433987545
0.15625 -0.203125 -0.0415618251
0.15625 -0.203125 -0.0378879663
0.15625 -0.203125 -0.0342141076
0.15625 -0.203125 -0.0305402488
0.15625 -0.203125 -0.0268663901
0.15625 -0.203125 -0.00482323751
0.15625 -0.203125 -0.00114937875
0.15625 -0.203125 0.00252448001
0.15625 -0.203125 0.00619833877
0.15625 -0.203125 0.0282414913
0.15625 -0.203125 0.0319153501
0.15625 -0.203125 0.0355892088
0.15625 -0.197916667 0.0374261382
0.151041667 -0.1875 -0.0525834014
0.15625 -0.1875 -0.0544203307
0.15625 -0.192708333 -0.0525834014
0.15625 -0.192708333 -0.0489095426
0.15625 -0.192708333 -0.0452356839
0.15625 -0.192708333 0.0392630676
0.15625 -0.1875 0.041099997
0.15625 -0.177083333 -0.0617680483
0.15625 -0.182291667 -0.0599311189
0.15625 -0.182291667 -0.0562572601
0.15625 -0.182291667 0.0429369264
0.15625 -0.177083333 0.0447738557
0.151041667 -0.166666667 -0.0709526952
0.15625 -0.166666667 -0.0691157658
0.15625 -0.171875 -0.0672788364
0.15625 -0.171875 -0.0636049776
0.15625 -0.171875 0.0466107851
0.15625 -0.166666667 0.0484477145
0.151041667 -0.15625 -0.0746265539
0.15625 -0.15625 -0.0727896245
0.15625 -0.161458333 -0.0709526952
0.151041667 -0.15625 0.0502846439
0.15625 -0.15625 0.0484477145
0.151041667 -0.145833333 -0.0783004127
0.151041667 -0.145833333 -0.0746265539
0.15625 -0.145833333 -0.0727896245
0.151041667 -0.145833333 0.0502846439
0.15625 -0.145833333 0.0484477145
0.151041667 -0.135416667 -0.0819742714
0.151041667 -0.135416667 -0.0783004127
0.15625 -0.135416667 -0.0764634833
0.15625 -0.140625 -0.0746265539
0.151041667 -0.135416667 0.0502846439
0.15625 -0.135416667 0.0484477145
0.151041667 -0.125 -0.0819742714
0.151041667 -0.125 -0.0783004127
0.15625 -0.125 -0.0764634833
0.151041667 -0.125 0.0502846439
0.15625 -0.125 0.0484477145
0.151041667 -0.114583333 -0.0819742714
0.151041667 -0.114583333 -0.0783004127
0.15625 -0.114583333 -0.0764634833
0.151041667 -0.114583333 0.0502846439
0.15625 -0.114583333 0.0484477145
0.151041667 -0.104166667 -0.0819742714
0.151041667 -0.104166667 -0.0783004127
0.15625 -0.104166667 -0.0764634833
0.151041667 -0.104166667 0.0502846439
0.15625 -0.104166667 0.0484477145
0.151041667 -0.09375 -0.0819742714
0.151041667 -0.09375 -0.0783004127
0.15625 -0.09375 -0.0764634833
0.151041667 -0.09375 0.0502846439
0.15625 -0.09375 0.0484477145
0.151041667 -0.0833333333 -0.0819742714
0.151041667 -0.0833333333 -0.0783004127
0.15625 -0.0885416667 -0.0746265539
0.151041667 -0.0833333333 -0.0746265539
0.15625 -0.0833333333 -0.0727896245
0.151041667 -0.0833333333 0.0502846439
0.15625 -0.0833333333 0.0484477145
0.151041667 -0.0729166667 -0.0819742714
0.151041667 -0.0729166667 -0.0783004127
0.15625 -0.0729166667 -0.0764634833
0.15625 -0.078125 -0.0746265539
0.151041667 -0.0729166667 0.0502846439
0.15625 -0.0729166667 0.0484477145
0.151041667 -0.0625 -0.0819742714
0.151041667 -0.0625 -0.0783004127
0.15625 -0.0625 -0.0764634833
0.151041667 -0.0625 0.0502846439
0.15625 -0.0625 0.0484477145
0.151041667 -0.0520833333 -0.0819742714
0.151041667 -0.0520833333 -0.0783004127
0.15625 -0.0520833333 -0.0764634833
0.151041667 -0.0520833333 0.0502846439
0.15625 -0.0520833333 0.0484477145
0.151041667 -0.0416666667 -0.0819742714
0.151041667 -0.0416666667 -0.0783004127
0.15625 -0.0416666667 -0.0764634833
0.151041667 -0.0416666667 0.0502846439
0.15625 -0.0416666667 0.0484477145
0.151041667 -0.03125 -0.0819742714
0.151041667 -0.03125 -0.0783004127
0.15625 -0.03125 -0.0764634833
0.151041667 -0.03125 0.0502846439
0.15625 -0.03125 0.0484477145
0.151041667 -0.0208333333 -0.0819742714
0.151041667 -0.0208333333 -0.0783004127
0.15625 -0.0208333333 -0.0764634833
0.151041667 -0.0208333333 0.0502846439
0.15625 -0.0208333333 0.0484477145
0.151041667 -0.0104166667 -0.0819742714
0.151041667 -0.0104166667 -0.0783004127
0.15625 -0.0104166667 -0.0764634833
0.151041667 -0.0104166667 0.0502846439
0.15625 -0.0104166667 0.0484477145
0.151041667 -2.77555756e-17 -0.0819742714
0.151041667 -2.77555756e-17 -0.0783004127
0.15625 -2.77555756e-17 -0.0764634833
0.151041667 -2.77555756e-17 0.0502846439
0.15625 -2.77555756e-17 0.0484477145
0.151041667 0.0104166667 -0.0819742714
0.151041667 0.0104166667 -0.0783004127
0.15625 0.0104166667 -0.0764634833
0.151041667 0.0104166667 0.0502846439
0.15625 0.0104166667 0.0484477145
0.151041667 0.0208333333 -0.0819742714
0.151041667 0.0208333333 -0.0783004127
0.15625 0.0208333333 -0.0764634833
0.151041667 0.0208333333 0.0502846439
0.15625 0.0208333333 0.0484477145
0.151041667 0.03125 -0.0819742714
0.151041667 0.03125 -0.0783004127
0.15625 0.03125 -0.0764634833
0.151041667 0.03125 0.0502846439
0.15625 0.03125 0.0484477145
0.151041667 0.0416666667 -0.0819742714
0.151041667 0.0416666667 -0.0783004127
0.15625 0.0416666667 -0.0764634833
0.151041667 0.0416666667 0.0502846439
0.15625 0.0416666667 0.0484477145
0.151041667 0.0520833333 -0.0819742714
0.151041667 0.0520833333 -0.0783004127
0.15625 0.0520833333 -0.0764634833
0.151041667 0.0520833333 0.0502846439
0.15625 0.0520833333 0.0484477145
0.151041667 0.0625 -0.0819742714
0.151041667 0.0625 -0.0783004127
0.15625 0.0572916667 -0.0746265539
0.151041667 0.0625 -0.0746265539
0.15625 0.0625 -0.0727896245
0.151041667 0.0625 0.0502846439
0.15625 0.0625 0.0484477145
0.151041667 0.0729166667 -0.0819742714
0.151041667 0.0729166667 -0.0783004127
0.151041667 0.0729166667 -0.0746265539
0.15625 0.0729166667 -0.0727896245
0.151041667 0.0729166667 0.0502846439
0.15625 0.0729166667 0.0484477145
0.151041667 0.0833333333 -0.0819742714
0.151041667 0.0833333333 -0.0783004127
0.151041667 0.0833333333 -0.0746265539
0.15625 0.0833333333 -0.0727896245
0.151041667 0.0833333333 0.0502846439
0.15625 0.0833333333 0.0484477145
0.151041667 0.09375 -0.0819742714
0.151041667 0.09375 -0.0783004127
0.151041667 0.09375 -0.0746265539
0.15625 0.09375 -0.0727896245
0.151041667 0.09375 0.0502846439
0.15625 0.09375 0.0484477145
0.151041667 0.104166667 -0.0819742714
0.151041667 0.104166667 -0.0783004127
0.151041667 0.104166667 -0.0746265539
0.15625 0.104166667 -0.0727896245
0.151041667 0.104166667 0.0502846439
0.15625 0.104166667 0.0484477145
0.151041667 0.114583333 -0.0819742714
0.151041667 0.114583333 -0.0783004127
0.151041667 0.114583333 -0.0746265539
0.15625 0.114583333 -0.0727896245
0.151041667 0.114583333 0.0502846439
0.15625 0.114583333 0.0484477145
0.151041667 0.125 -0.0819742714
0.151041667 0.125 -0.0783004127
0.151041667 0.125 -0.0746265539
0.15625 0.125 -0.0727896245
0.151041667 0.125 0.0502846439
0.15625 0.125 0.0484477145
0.151041667 0.135416667 -0.0819742714
0.151041667 0.135416667 -0.0783004127
0.151041667 0.135416667 -0.0746265539
0.15625 0.135416667 -0.0727896245
0.151041667 0.135416667 0.0502846439
0.15625 0.135416667 0.0484477145
0.151041667 0.145833333 -0.0783004127
0.151041667 0.145833333 -0.0746265539
0.15625 0.145833333 -0.0727896245
0.15625 0.145833333 0.0484477145
0.15625 0.15625 -0.0727896245
0.151041667 0.15625 0.0466107851
0.15625 0.151041667 0.0466107851
0.15625 0.15625 0.0447738557
0.15625 0.161458333 -0.0709526952
0.15625 0.161458333 -0.0672788364
0.15625 0.166666667 -0.065441907
0.15625 0.166666667 0.0447738557
0.15625 0.171875 -0.0636049776
0.15625 0.171875 -0.0599311189
0.15625 0.171875 -0.0562572601
0.15625 0.177083333 -0.0544203307
0.151041667 0.177083333 0.0392630676
0.15625 0.177083333 0.041099997
0.15625 0.171875 0.0429369264
0.15625 0.182291667 -0.0525834014
0.15625 0.182291667 -0.0489095426
0.15625 0.1875 -0.0470726132
0.151041667 0.1875 0.0392630676
0.15625 0.1875 0.041099997
0.15625 0.192708333 -0.0452356839
0.15625 0.192708333 -0.0415618251
0.15625 0.192708333 -0.0378879663
0.15625 0.192708333 -0.0342141076
0.15625 0.192708333 -0.0305402488
0.15625 0.192708333 -0.0268663901
0.151041667 0.197916667 -0.0231925313
0.15625 0.197916667 -0.0250294607
0.151041667 0.197916667 -0.012170955
0.15625 0.192708333 -0.012170955
0.15625 0.197916667 -0.0140078844
0.151041667 0.197916667 -0.00849709627
0.15625 0.192708333 -0.00849709627
0.151041667 0.197916667 -0.00482323751
0.15625 0.192708333 -0.00482323751
0.151041667 0.197916667 -0.00114937875
0.15625 0.192708333 -0.00114937875
0.151041667 0.197916667 0.00252448001
0.15625 0.197916667 0.000687550628
0.151041667 0.197916667 0.017219915
0.15625 0.192708333 0.017219915
0.15625 0.197916667 0.0153829857
0.151041667 0.197916667 0.0208937738
0.15625 0.192708333 0.0208937738
0.151041667 0.197916667 0.0245676326
0.15625 0.192708333 0.0245676326
0.15625 0.192708333 0.0282414913
0.15625 0.192708333 0.0319153501
0.15625 0.192708333 0.0355892088
0.15625 0.192708333 0.0392630676
0.15625 0.203125 -0.0231925313
0.15625 0.203125 -0.0195186725
0.15625 0.203125 -0.0158448138
0.15625 0.203125 0.00252448001
0.15625 0.203125 0.00619833877
0.15625 0.203125 0.00987219752
0.15625 0.203125 0.0135460563
0.161458333 -0.208333333 -0.0268663901
0.166666667 -0.208333333 -0.0287033194
0.166666667 -0.213541667 -0.0268663901
0.166666667 -0.213541667 -0.0231925313
0.166666667 -0.213541667 -0.0195186725
0.161458333 -0.208333333 -0.0158448138
0.166666667 -0.208333333 -0.0176817432
0.161458333 -0.208333333 -0.012170955
0.161458333 -0.208333333 -0.00849709627
0.161458333 -0.208333333 0.00619833877
0.166666667 -0.208333333 0.00436140939
0.166666667 -0.213541667 0.00619833877
0.166666667 -0.213541667 0.00987219752
0.166666667 -0.213541667 0.0135460563
0.161458333 -0.208333333 0.017219915
0.166666667 -0.208333333 0.0153829857
0.161458333 -0.208333333 0.0208937738
0.161458333 -0.208333333 0.0245676326
0.161458333 -0.197916667 -0.0452356839
0.166666667 -0.197916667 -0.0470726132
0.166666667 -0.203125 -0.0452356839
0.166666667 -0.203125 -0.0415618251
0.166666667 -0.203125 -0.0378879663
0.166666667 -0.203125 -0.0342141076
0.166666667 -0.203125 -0.0305402488
0.166666667 -0.203125 -0.0158448138
0.166666667 -0.203125 -0.012170955
0.166666667 -0.203125 -0.00849709627
0.166666667 -0.203125 -0.00482323751
0.166666667 -0.203125 -0.00114937875
0.166666667 -0.203125 0.00252448001
0.166666667 -0.203125 0.017219915
0.166666667 -0.203125 0.0208937738
0.166666667 -0.203125 0.0245676326
0.166666667 -0.203125 0.0282414913
0.166666667 -0.203125 0.0319153501
0.161458333 -0.197916667 0.0355892088
0.166666667 -0.197916667 0.0337522795
0.166666667 -0.1875 -0.0544203307
0.166666667 -0.192708333 -0.0525834014
0.166666667 -0.192708333 -0.0489095426
0.166666667 -0.192708333 0.0355892088
0.166666667 -0.192708333 0.0392630676
0.166666667 -0.1875 0.041099997
0.166666667 -0.177083333 -0.0617680483
0.166666667 -0.182291667 -0.0599311189
0.166666667 -0.182291667 -0.0562572601
0.166666667 -0.182291667 0.0429369264
0.166666667 -0.177083333 0.0447738557
0.161458333 -0.166666667 -0.0672788364
0.166666667 -0.166666667 -0.065441907
0.166666667 -0.171875 -0.0636049776
0.161458333 -0.166666667 0.0466107851
0.166666667 -0.166666667 0.0447738557
0.161458333 -0.15625 -0.0709526952
0.161458333 -0.15625 -0.0672788364
0.166666667 -0.15625 -0.065441907
0.161458333 -0.15625 0.0466107851
0.166666667 -0.15625 0.0447738557
0.161458333 -0.145833333 -0.0709526952
0.161458333 -0.145833333 -0.0672788364
0.166666667 -0.145833333 -0.065441907
0.161458333 -0.145833333 0.0466107851
0.166666667 -0.145833333 0.0447738557
0.161458333 -0.135416667 -0.0746265539
0.161458333 -0.135416667 -0.0709526952
0.161458333 -0.135416667 -0.0672788364
0.166666667 -0.140625 -0.0636049776
0.161458333 -0.135416667 -0.0636049776
0.166666667 -0.135416667 -0.0617680483
0.161458333 -0.135416667 0.0466107851
0.166666667 -0.135416667 0.0447738557
0.161458333 -0.125 -0.0746265539
0.161458333 -0.125 -0.0709526952
0.161458333 -0.125 -0.0672788364
0.166666667 -0.125 -0.065441907
0.166666667 -0.130208333 -0.0636049776
0.161458333 -0.125 0.0466107851
0.166666667 -0.125 0.0447738557
0.161458333 -0.114583333 -0.0746265539
0.161458333 -0.114583333 -0.0709526952
0.166666667 -0.114583333 -0.0691157658
0.166666667 -0.119791667 -0.0672788364
0.161458333 -0.114583333 0.0466107851
0.166666667 -0.114583333 0.0447738557
0.161458333 -0.104166667 -0.0746265539
0.161458333 -0.104166667 -0.0709526952
0.166666667 -0.104166667 -0.0691157658
0.161458333 -0.104166667 0.0466107851
0.166666667 -0.104166667 0.0447738557
0.161458333 -0.09375 -0.0746265539
0.161458333 -0.09375 -0.0709526952
0.166666667 -0.0989583333 -0.0672788364
0.161458333 -0.09375 -0.0672788364
0.166666667 -0.09375 -0.065441907
0.161458333 -0.09375 0.0466107851
0.166666667 -0.09375 0.0447738557
0.161458333 -0.0833333333 -0.0709526952
0.161458333 -0.0833333333 -0.0672788364
0.166666667 -0.0833333333 -0.065441907
0.161458333 -0.0833333333 0.0466107851
0.166666667 -0.0833333333 0.0447738557
0.161458333 -0.0729166667 -0.0746265539
0.161458333 -0.0729166667 -0.0709526952
0.161458333 -0.0729166667 -0.0672788364
0.166666667 -0.0729166667 -0.065441907
0.161458333 -0.0729166667 0.0466107851
0.166666667 -0.0729166667 0.0447738557
0.161458333 -0.0625 -0.0746265539
0.161458333 -0.0625 -0.0709526952
0.161458333 -0.0625 -0.0672788364
0.166666667 -0.0625 -0.065441907
0.161458333 -0.0625 0.0466107851
0.166666667 -0.0625 0.0447738557
0.161458333 -0.0520833333 -0.0746265539
0.161458333 -0.0520833333 -0.0709526952
0.161458333 -0.0520833333 -0.0672788364
0.166666667 -0.0520833333 -0.065441907
0.161458333 -0.0520833333 0.0466107851
0.166666667 -0.0520833333 0.0447738557
0.161458333 -0.0416666667 -0.0746265539
0.161458333 -0.0416666667 -0.0709526952
0.161458333 -0.0416666667 -0.0672788364
0.166666667 -0.0416666667 -0.065441907
0.161458333 -0.0416666667 0.0466107851
0.166666667 -0.0416666667 0.0447738557
0.161458333 -0.03125 -0.0746265539
0.161458333 -0.03125 -0.0709526952
0.161458333 -0.03125 -0.0672788364
0.166666667 -0.03125 -0.065441907
0.161458333 -0.03125 0.0466107851
0.166666667 -0.03125 0.0447738557
0.161458333 -0.0208333333 -0.0746265539
0.161458333 -0.0208333333 -0.0709526952
0.161458333 -0.0208333333 -0.0672788364
0.166666667 -0.0208333333 -0.065441907
0.161458333 -0.0208333333 0.0466107851
0.166666667 -0.0208333333 0.0447738557
0.161458333 -0.0104166667 -0.0746265539
0.161458333 -0.0104166667 -0.0709526952
0.161458333 -0.0104166667 -0.0672788364
0.166666667 -0.0104166667 -0.065441907
0.161458333 -0.0104166667 0.0466107851
0.166666667 -0.0104166667 0.0447738557
0.161458333 -2.77555756e-17 -0.0746265539
0.161458333 -2.77555756e-17 -0.0709526952
0.161458333 -2.77555756e-17 -0.0672788364
0.166666667 -2.77555756e-17 -0.065441907
0.161458333 -2.77555756e-17 0.0429369264
0.166666667 -0.00520833333 0.0429369264
0.166666667 -2.77555756e-17 0.041099997
0.161458333 -2.77555756e-17 0.0466107851
0.161458333 0.0104166667 -0.0746265539
0.161458333 0.0104166667 -0.0709526952
0.161458333 0.0104166667 -0.0672788364
0.166666667 0.0104166667 -0.065441907
0.166666667 0.00520833333 0.0429369264
0.166666667 0.0104166667 0.0447738557
0.161458333 0.0104166667 0.0466107851
0.161458333 0.0208333333 -0.0746265539
0.161458333 0.0208333333 -0.0709526952
0.161458333 0.0208333333 -0.0672788364
0.166666667 0.0208333333 -0.065441907
0.161458333 0.0208333333 0.0466107851
0.166666667 0.0208333333 0.0447738557
0.161458333 0.03125 -0.0746265539
0.161458333 0.03125 -0.0709526952
0.161458333 0.03125 -0.0672788364
0.166666667 0.03125 -0.065441907
0.161458333 0.03125 0.0466107851
0.166666667 0.03125 0.0447738557
0.161458333 0.0416666667 -0.0746265539
0.161458333 0.0416666667 -0.0709526952
0.161458333 0.0416666667 -0.0672788364
0.166666667 0.0416666667 -0.065441907
0.161458333 0.0416666667 0.0466107851
0.166666667 0.0416666667 0.0447738557
0.161458333 0.0520833333 -0.0746265539
0.161458333 0.0520833333 -0.0709526952
0.161458333 0.0520833333 -0.0672788364
0.166666667 0.0520833333 -0.065441907
0.161458333 0.0520833333 0.0466107851
0.166666667 0.0520833333 0.0447738557
0.161458333 0.0625 -0.0709526952
0.161458333 0.0625 -0.0672788364
0.166666667 0.0625 -0.065441907
0.161458333 0.0625 0.0466107851
0.166666667 0.0625 0.0447738557
0.161458333 0.0729166667 -0.0709526952
0.161458333 0.0729166667 -0.0672788364
0.166666667 0.0729166667 -0.065441907
0.161458333 0.0729166667 0.0466107851
0.166666667 0.0729166667 0.0447738557
0.161458333 0.0833333333 -0.0709526952
0.161458333 0.0833333333 -0.0672788364
0.166666667 0.0833333333 -0.065441907
0.161458333 0.0833333333 0.0466107851
0.166666667 0.0833333333 0.0447738557
0.161458333 0.09375 -0.0709526952
0.161458333 0.09375 -0.0672788364
0.166666667 0.09375 -0.065441907
0.161458333 0.09375 0.0466107851
0.166666667 0.09375 0.0447738557
0.161458333 0.104166667 -0.0709526952
0.161458333 0.104166667 -0.0672788364
0.166666667 0.104166667 -0.065441907
0.161458333 0.104166667 0.0466107851
0.166666667 0.104166667 0.0447738557
0.161458333 0.114583333 -0.0709526952
0.161458333 0.114583333 -0.0672788364
0.166666667 0.114583333 -0.065441907
0.161458333 0.114583333 0.0466107851
0.166666667 0.114583333 0.0447738557
0.161458333 0.125 -0.0709526952
0.161458333 0.125 -0.0672788364
0.166666667 0.125 -0.065441907
0.161458333 0.125 0.0466107851
0.166666667 0.125 0.0447738557
0.161458333 0.135416667 -0.0709526952
0.161458333 0.135416667 -0.0672788364
0.166666667 0.135416667 -0.065441907
0.161458333 0.135416667 0.0466107851
0.166666667 0.135416667 0.0447738557
0.161458333 0.145833333 -0.0709526952
0.161458333 0.145833333 -0.0672788364
0.166666667 0.145833333 -0.065441907
0.161458333 0.145833333 0.0466107851
0.166666667 0.145833333 0.0447738557
0.161458333 0.15625 -0.0709526952
0.161458333 0.15625 -0.0672788364
0.166666667 0.15625 -0.065441907
0.161458333 0.15625 0.0429369264
0.166666667 0.151041667 0.0429369264
0.166666667 0.15625 0.041099997
0.166666667 0.166666667 -0.065441907
0.161458333 0.166666667 0.0429369264
0.166666667 0.166666667 0.041099997
0.166666667 0.171875 -0.0636049776
0.166666667 0.171875 -0.0599311189
0.166666667 0.171875 -0.0562572601
0.166666667 0.177083333 -0.0544203307
0.166666667 0.177083333 0.041099997
0.166666667 0.182291667 -0.0525834014
0.166666667 0.182291667 -0.0489095426
0.166666667 0.1875 -0.0470726132
0.161458333 0.1875 0.0392630676
0.166666667 0.182291667 0.0392630676
0.166666667 0.1875 0.0374261382
0.166666667 0.192708333 -0.0452356839
0.166666667 0.192708333 -0.0415618251
0.166666667 0.192708333 -0.0378879663
0.166666667 0.192708333 -0.0342141076
0.166666667 0.192708333 -0.0305402488
0.166666667 0.192708333 -0.0268663901
0.161458333 0.197916667 -0.0231925313
0.166666667 0.192708333 -0.0231925313
0.161458333 0.197916667 -0.0195186725
0.166666667 0.192708333 -0.0195186725
0.161458333 0.197916667 -0.0158448138
0.166666667 0.192708333 -0.0158448138
0.166666667 0.192708333 -0.012170955
0.166666667 0.192708333 -0.00849709627
0.161458333 0.197916667 -0.00482323751
0.166666667 0.197916667 -0.00666016689
0.161458333 0.197916667 -0.00114937875
0.161458333 0.197916667 0.00619833877
0.166666667 0.192708333 0.00619833877
0.166666667 0.197916667 0.00436140939
0.161458333 0.197916667 0.00987219752
0.166666667 0.192708333 0.00987219752
0.161458333 0.197916667 0.0135460563
0.166666667 0.192708333 0.0135460563
0.166666667 0.192708333 0.017219915
0.166666667 0.192708333 0.0208937738
0.161458333 0.197916667 0.0245676326
0.166666667 0.197916667 0.0227307032
0.166666667 0.197916667 0.0264045619
0.166666667 0.192708333 0.0282414913
0.166666667 0.192708333 0.0319153501
0.166666667 0.192708333 0.0355892088
0.166666667 0.203125 -0.00482323751
0.166666667 0.203125 -0.00114937875
0.166666667 0.203125 0.00252448001
0.166666667 0.203125 0.0245676326
0.171875 -0.208333333 -0.0305402488
0.177083333 -0.208333333 -0.0323771782
0.177083333 -0.213541667 -0.0305402488
0.177083333 -0.208333333 -0.0287033194
0.171875 -0.208333333 -0.0268663901
0.171875 -0.208333333 -0.0231925313
0.171875 -0.208333333 -0.0195186725
0.171875 -0.208333333 -0.00114937875
0.177083333 -0.208333333 -0.00298630813
0.177083333 -0.213541667 -0.00114937875
0.177083333 -0.208333333 0.000687550628
0.171875 -0.208333333 0.00619833877
0.171875 -0.208333333 0.00987219752
0.171875 -0.208333333 0.0135460563
0.177083333 -0.197916667 -0.0470726132
0.177083333 -0.203125 -0.0452356839
0.177083333 -0.203125 -0.0415618251
0.177083333 -0.203125 -0.0378879663
0.177083333 -0.203125 -0.0342141076
0.177083333 -0.203125 -0.0268663901
0.177083333 -0.203125 -0.0231925313
0.177083333 -0.203125 -0.0195186725
0.177083333 -0.203125 -0.0158448138
0.177083333 -0.203125 -0.012170955
0.177083333 -0.203125 -0.00849709627
0.177083333 -0.203125 -0.00482323751
0.177083333 -0.203125 0.00252448001
0.177083333 -0.203125 0.00619833877
0.177083333 -0.203125 0.00987219752
0.177083333 -0.203125 0.0135460563
0.177083333 -0.203125 0.017219915
0.177083333 -0.203125 0.0208937738
0.177083333 -0.203125 0.0245676326
0.177083333 -0.203125 0.0282414913
0.177083333 -0.203125 0.0319153501
0.177083333 -0.203125 0.0355892088
0.171875 -0.197916667 0.0355892088
0.177083333 -0.197916667 0.0374261382
0.177083333 -0.1875 -0.0544203307
0.177083333 -0.192708333 -0.0525834014
0.177083333 -0.192708333 -0.0489095426
0.177083333 -0.192708333 0.0392630676
0.177083333 -0.1875 0.041099997
0.171875 -0.177083333 -0.0599311189
0.171875 -0.177083333 -0.0562572601
0.177083333 -0.177083333 -0.0544203307
0.171875 -0.177083333 0.0429369264
0.177083333 -0.177083333 0.041099997
0.171875 -0.166666667 -0.0636049776
0.171875 -0.166666667 -0.0599311189
0.171875 -0.166666667 -0.0562572601
0.177083333 -0.166666667 -0.0544203307
0.171875 -0.166666667 0.0429369264
0.177083333 -0.166666667 0.041099997
0.171875 -0.15625 -0.0636049776
0.171875 -0.15625 -0.0599311189
0.171875 -0.15625 -0.0562572601
0.177083333 -0.15625 -0.0544203307
0.171875 -0.15625 0.0429369264
0.177083333 -0.15625 0.041099997
0.171875 -0.145833333 -0.0636049776
0.171875 -0.145833333 -0.0599311189
0.171875 -0.145833333 -0.0562572601
0.177083333 -0.145833333 -0.0544203307
0.171875 -0.145833333 0.0429369264
0.177083333 -0.145833333 0.041099997
0.171875 -0.135416667 -0.0599311189
0.171875 -0.135416667 -0.0562572601
0.177083333 -0.135416667 -0.0544203307
0.171875 -0.135416667 0.0429369264
0.177083333 -0.135416667 0.041099997
0.171875 -0.125 -0.0636049776
0.171875 -0.125 -0.0599311189
0.177083333 -0.125 -0.0580941895
0.177083333 -0.130208333 -0.0562572601
0.171875 -0.125 0.0429369264
0.177083333 -0.125 0.041099997
0.171875 -0.114583333 -0.0672788364
0.171875 -0.114583333 -0.0636049776
0.171875 -0.114583333 -0.0599311189
0.177083333 -0.114583333 -0.0580941895
0.171875 -0.114583333 0.0429369264
0.177083333 -0.114583333 0.041099997
0.171875 -0.104166667 -0.0672788364
0.171875 -0.104166667 -0.0636049776
0.171875 -0.104166667 -0.0599311189
0.177083333 -0.104166667 -0.0580941895
0.171875 -0.104166667 0.0429369264
0.177083333 -0.104166667 0.041099997
0.171875 -0.09375 -0.0636049776
0.171875 -0.09375 -0.0599311189
0.177083333 -0.09375 -0.0580941895
0.171875 -0.09375 0.0429369264
0.177083333 -0.09375 0.041099997
0.171875 -0.0833333333 -0.0636049776
0.171875 -0.0833333333 -0.0599311189
0.177083333 -0.0885416667 -0.0562572601
0.171875 -0.0833333333 -0.0562572601
0.177083333 -0.0833333333 -0.0544203307
0.171875 -0.0833333333 0.0429369264
0.177083333 -0.0833333333 0.041099997
0.171875 -0.0729166667 -0.0636049776
0.171875 -0.0729166667 -0.0599311189
0.177083333 -0.0729166667 -0.0580941895
0.177083333 -0.078125 -0.0562572601
0.171875 -0.0729166667 0.0429369264
0.177083333 -0.0729166667 0.041099997
0.171875 -0.0625 -0.0636049776
0.171875 -0.0625 -0.0599311189
0.177083333 -0.0625 -0.0580941895
0.171875 -0.0625 0.0429369264
0.177083333 -0.0625 0.041099997
0.171875 -0.0520833333 -0.0636049776
0.171875 -0.0520833333 -0.0599311189
0.177083333 -0.0520833333 -0.0580941895
0.171875 -0.0520833333 0.0429369264
0.177083333 -0.0520833333 0.041099997
0.171875 -0.0416666667 -0.0636049776
0.171875 -0.0416666667 -0.0599311189
0.177083333 -0.046875 -0.0562572601
0.171875 -0.0416666667 -0.0562572601
0.177083333 -0.0416666667 -0.0544203307
0.171875 -0.0416666667 0.0429369264
0.177083333 -0.0416666667 0.041099997
0.171875 -0.03125 -0.0636049776
0.171875 -0.03125 -0.0599311189
0.171875 -0.03125 -0.0562572601
0.177083333 -0.03125 -0.0544203307
0.171875 -0.03125 0.0429369264
0.177083333 -0.03125 0.041099997
0.171875 -0.0208333333 -0.0636049776
0.171875 -0.0208333333 -0.0599311189
0.177083333 -0.0208333333 -0.0580941895
0.177083333 -0.0260416667 -0.0562572601
0.171875 -0.0208333333 0.0429369264
0.177083333 -0.0208333333 0.041099997
0.171875 -0.0104166667 -0.0636049776
0.171875 -0.0104166667 -0.0599311189
0.177083333 -0.0104166667 -0.0580941895
0.171875 -0.0104166667 0.0429369264
0.177083333 -0.0104166667 0.041099997
0.171875 -2.77555756e-17 -0.0636049776
0.171875 -2.77555756e-17 -0.0599311189
0.177083333 -2.77555756e-17 -0.0580941895
0.177083333 -2.77555756e-17 0.041099997
0.171875 0.0104166667 -0.0636049776
0.171875 0.0104166667 -0.0599311189
0.177083333 0.0104166667 -0.0580941895
0.171875 0.0104166667 0.0429369264
0.177083333 0.0104166667 0.041099997
0.171875 0.0208333333 -0.0636049776
0.171875 0.0208333333 -0.0599311189
0.177083333 0.015625 -0.0562572601
0.171875 0.0208333333 -0.0562572601
0.177083333 0.0208333333 -0.0544203307
0.171875 0.0208333333 0.0429369264
0.177083333 0.0208333333 0.041099997
0.171875 0.03125 -0.0636049776
0.171875 0.03125 -0.0599311189
0.177083333 0.03125 -0.0580941895
0.177083333 0.0260416667 -0.0562572601
0.171875 0.03125 0.0429369264
0.177083333 0.03125 0.041099997
0.171875 0.0416666667 -0.0636049776
0.171875 0.0416666667 -0.0599311189
0.177083333 0.0416666667 -0.0580941895
0.171875 0.0416666667 0.0429369264
0.177083333 0.0416666667 0.041099997
0.171875 0.0520833333 -0.0636049776
0.171875 0.0520833333 -0.0599311189
0.177083333 0.0520833333 -0.0580941895
0.171875 0.0520833333 0.0429369264
0.177083333 0.0520833333 0.041099997
0.171875 0.0625 -0.0636049776
0.171875 0.0625 -0.0599311189
0.177083333 0.0625 -0.0580941895
0.171875 0.0625 0.0429369264
0.177083333 0.0625 0.041099997
0.171875 0.0729166667 -0.0636049776
0.171875 0.0729166667 -0.0599311189
0.177083333 0.0729166667 -0.0580941895
0.171875 0.0729166667 0.0392630676
0.177083333 0.0677083333 0.0392630676
0.177083333 0.0729166667 0.0374261382
0.171875 0.0729166667 0.0429369264
0.171875 0.0833333333 -0.0636049776
0.171875 0.0833333333 -0.0599311189
0.177083333 0.078125 -0.0562572601
0.171875 0.0833333333 -0.0562572601
0.177083333 0.0833333333 -0.0544203307
0.177083333 0.078125 0.0392630676
0.177083333 0.0833333333 0.041099997
0.171875 0.0833333333 0.0429369264
0.171875 0.09375 -0.0636049776
0.171875 0.09375 -0.0599311189
0.171875 0.09375 -0.0562572601
0.177083333 0.09375 -0.0544203307
0.171875 0.09375 0.0429369264
0.177083333 0.09375 0.041099997
0.171875 0.104166667 -0.0636049776
0.171875 0.104166667 -0.0599311189
0.171875 0.104166667 -0.0562572601
0.177083333 0.104166667 -0.0544203307
0.171875 0.104166667 0.0429369264
0.177083333 0.104166667 0.041099997
0.171875 0.114583333 -0.0636049776
0.171875 0.114583333 -0.0599311189
0.171875 0.114583333 -0.0562572601
0.177083333 0.114583333 -0.0544203307
0.171875 0.114583333 0.0429369264
0.177083333 0.114583333 0.041099997
0.171875 0.125 -0.0636049776
0.171875 0.125 -0.0599311189
0.171875 0.125 -0.0562572601
0.177083333 0.125 -0.0544203307
0.171875 0.125 0.0429369264
0.177083333 0.125 0.041099997
0.171875 0.135416667 -0.0636049776
0.171875 0.135416667 -0.0599311189
0.171875 0.135416667 -0.0562572601
0.177083333 0.135416667 -0.0544203307
0.171875 0.135416667 0.0429369264
0.177083333 0.135416667 0.041099997
0.171875 0.145833333 -0.0636049776
0.171875 0.145833333 -0.0599311189
0.171875 0.145833333 -0.0562572601
0.177083333 0.145833333 -0.0544203307
0.171875 0.145833333 0.0392630676
0.177083333 0.140625 0.0392630676
0.177083333 0.145833333 0.0374261382
0.171875 0.145833333 0.0429369264
0.171875 0.15625 -0.0636049776
0.171875 0.15625 -0.0599311189
0.171875 0.15625 -0.0562572601
0.177083333 0.15625 -0.0544203307
0.171875 0.15625 0.0392630676
0.177083333 0.15625 0.0374261382
0.171875 0.166666667 -0.0636049776
0.171875 0.166666667 -0.0599311189
0.171875 0.166666667 -0.0562572601
0.177083333 0.166666667 -0.0544203307
0.171875 0.166666667 0.0392630676
0.177083333 0.166666667 0.0374261382
0.177083333 0.177083333 -0.0544203307
0.171875 0.177083333 0.0392630676
0.177083333 0.177083333 0.0374261382
0.177083333 0.182291667 -0.0525834014
0.177083333 0.182291667 -0.0489095426
0.177083333 0.1875 -0.0470726132
0.177083333 0.1875 0.0374261382
0.177083333 0.192708333 -0.0452356839
0.177083333 0.192708333 -0.0415618251
0.177083333 0.192708333 -0.0378879663
0.177083333 0.192708333 -0.0342141076
0.177083333 0.192708333 -0.0305402488
0.177083333 0.192708333 -0.0268663901
0.177083333 0.192708333 -0.0231925313
0.177083333 0.192708333 -0.0195186725
0.177083333 0.192708333 -0.0158448138
0.177083333 0.192708333 -0.012170955
0.171875 0.197916667 -0.00849709627
0.177083333 0.197916667 -0.0103340256
0.177083333 0.192708333 -0.00482323751
0.177083333 0.197916667 -0.00666016689
0.171875 0.197916667 -0.00482323751
0.171875 0.197916667 -0.00114937875
0.177083333 0.192708333 -0.00114937875
0.171875 0.197916667 0.00252448001
0.177083333 0.192708333 0.00252448001
0.177083333 0.192708333 0.00619833877
0.177083333 0.192708333 0.00987219752
0.177083333 0.192708333 0.0135460563
0.171875 0.197916667 0.017219915
0.177083333 0.197916667 0.0153829857
0.171875 0.197916667 0.0208937738
0.177083333 0.192708333 0.0245676326
0.177083333 0.197916667 0.0227307032
0.171875 0.197916667 0.0245676326
0.177083333 0.192708333 0.0282414913
0.177083333 0.192708333 0.0319153501
0.177083333 0.192708333 0.0355892088
0.177083333 0.203125 -0.00849709627
0.177083333 0.203125 0.017219915
0.177083333 0.203125 0.0208937738
0.182291667 -0.208333333 -0.0305402488
0.182291667 -0.208333333 -0.00114937875
0.1875 -0.197916667 -0.0470726132
0.1875 -0.203125 -0.0452356839
0.1875 -0.203125 -0.0415618251
0.1875 -0.203125 -0.0378879663
0.1875 -0.203125 -0.0342141076
0.1875 -0.203125 -0.0305402488
0.1875 -0.203125 -0.0268663901
0.1875 -0.203125 -0.0231925313
0.1875 -0.203125 -0.0195186725
0.1875 -0.203125 -0.0158448138
0.1875 -0.203125 -0.012170955
0.1875 -0.203125 -0.00849709627
0.1875 -0.203125 -0.00482323751
0.1875 -0.203125 -0.00114937875
0.1875 -0.203125 0.00252448001
0.1875 -0.203125 0.00619833877
0.1875 -0.203125 0.00987219752
0.1875 -0.203125 0.0135460563
0.1875 -0.203125 0.017219915
0.1875 -0.203125 0.0208937738
0.1875 -0.203125 0.0245676326
0.1875 -0.203125 0.0282414913
0.1875 -0.203125 0.0319153501
0.1875 -0.203125 0.0355892088
0.1875 -0.197916667 0.0374261382
0.182291667 -0.1875 -0.0525834014
0.182291667 -0.1875 -0.0489095426
0.1875 -0.1875 -0.0470726132
0.182291667 -0.1875 0.0392630676
0.1875 -0.1875 0.0374261382
0.182291667 -0.177083333 -0.0525834014
0.182291667 -0.177083333 -0.0489095426
0.1875 -0.177083333 -0.0470726132
0.182291667 -0.177083333 0.0355892088
0.1875 -0.182291667 0.0355892088
0.1875 -0.177083333 0.0337522795
0.182291667 -0.177083333 0.0392630676
0.182291667 -0.166666667 -0.0525834014
0.182291667 -0.166666667 -0.0489095426
0.1875 -0.166666667 -0.0470726132
0.1875 -0.171875 0.0355892088
0.1875 -0.166666667 0.0374261382
0.182291667 -0.166666667 0.0392630676
0.182291667 -0.15625 -0.0525834014
0.182291667 -0.15625 -0.0489095426
0.1875 -0.15625 -0.0470726132
0.182291667 -0.15625 0.0392630676
0.1875 -0.15625 0.0374261382
0.182291667 -0.145833333 -0.0525834014
0.182291667 -0.145833333 -0.0489095426
0.1875 -0.145833333 -0.0470726132
0.182291667 -0.145833333 0.0392630676
0.1875 -0.145833333 0.0374261382
0.182291667 -0.135416667 -0.0525834014
0.182291667 -0.135416667 -0.0489095426
0.1875 -0.135416667 -0.0470726132
0.182291667 -0.135416667 0.0392630676
0.1875 -0.135416667 0.0374261382
0.182291667 -0.125 -0.0562572601
0.182291667 -0.125 -0.0525834014
0.182291667 -0.125 -0.0489095426
0.1875 -0.125 -0.0470726132
0.182291667 -0.125 0.0392630676
0.1875 -0.125 0.0374261382
0.182291667 -0.114583333 -0.0562572601
0.182291667 -0.114583333 -0.0525834014
0.1875 -0.114583333 -0.050746472
0.1875 -0.119791667 -0.0489095426
0.182291667 -0.114583333 0.0392630676
0.1875 -0.114583333 0.0374261382
0.182291667 -0.104166667 -0.0562572601
0.182291667 -0.104166667 -0.0525834014
0.1875 -0.109375 -0.0489095426
0.182291667 -0.104166667 -0.0489095426
0.1875 -0.104166667 -0.0470726132
0.182291667 -0.104166667 0.0392630676
0.1875 -0.104166667 0.0374261382
0.182291667 -0.09375 -0.0562572601
0.182291667 -0.09375 -0.0525834014
0.182291667 -0.09375 -0.0489095426
0.1875 -0.09375 -0.0470726132
0.182291667 -0.09375 0.0392630676
0.1875 -0.09375 0.0374261382
0.182291667 -0.0833333333 -0.0525834014
0.182291667 -0.0833333333 -0.0489095426
0.1875 -0.0833333333 -0.0470726132
0.182291667 -0.0833333333 0.0392630676
0.1875 -0.0833333333 0.0374261382
0.182291667 -0.0729166667 -0.0562572601
0.182291667 -0.0729166667 -0.0525834014
0.182291667 -0.0729166667 -0.0489095426
0.1875 -0.0729166667 -0.0470726132
0.182291667 -0.0729166667 0.0392630676
0.1875 -0.0729166667 0.0374261382
0.182291667 -0.0625 -0.0562572601
0.182291667 -0.0625 -0.0525834014
0.182291667 -0.0625 -0.0489095426
0.1875 -0.0625 -0.0470726132
0.182291667 -0.0625 0.0392630676
0.1875 -0.0625 0.0374261382
0.182291667 -0.0520833333 -0.0562572601
0.182291667 -0.0520833333 -0.0525834014
0.182291667 -0.0520833333 -0.0489095426
0.1875 -0.0520833333 -0.0470726132
0.182291667 -0.0520833333 0.0392630676
0.1875 -0.0520833333 0.0374261382
0.182291667 -0.0416666667 -0.0525834014
0.182291667 -0.0416666667 -0.0489095426
0.1875 -0.0416666667 -0.0470726132
0.182291667 -0.0416666667 0.0392630676
0.1875 -0.0416666667 0.0374261382
0.182291667 -0.03125 -0.0525834014
0.182291667 -0.03125 -0.0489095426
0.1875 -0.03125 -0.0470726132
0.182291667 -0.03125 0.0392630676
0.1875 -0.03125 0.0374261382
0.182291667 -0.0208333333 -0.0562572601
0.182291667 -0.0208333333 -0.0525834014
0.182291667 -0.0208333333 -0.0489095426
0.1875 -0.0208333333 -0.0470726132
0.182291667 -0.0208333333 0.0392630676
0.1875 -0.0208333333 0.0374261382
0.182291667 -0.0104166667 -0.0562572601
0.182291667 -0.0104166667 -0.0525834014
0.182291667 -0.0104166667 -0.0489095426
0.1875 -0.0104166667 -0.0470726132
0.182291667 -0.0104166667 0.0392630676
0.1875 -0.0104166667 0.0374261382
0.182291667 -2.77555756e-17 -0.0562572601
0.182291667 -2.77555756e-17 -0.0525834014
0.182291667 -2.77555756e-17 -0.0489095426
0.1875 -2.77555756e-17 -0.0470726132
0.182291667 -2.77555756e-17 0.0392630676
0.1875 -2.77555756e-17 0.0374261382
0.182291667 0.0104166667 -0.0562572601
0.182291667 0.0104166667 -0.0525834014
0.182291667 0.0104166667 -0.0489095426
0.1875 0.0104166667 -0.0470726132
0.182291667 0.0104166667 0.0392630676
0.1875 0.0104166667 0.0374261382
0.182291667 0.0208333333 -0.0525834014
0.182291667 0.0208333333 -0.0489095426
0.1875 0.0208333333 -0.0470726132
0.182291667 0.0208333333 0.0392630676
0.1875 0.0208333333 0.0374261382
0.182291667 0.03125 -0.0562572601
0.182291667 0.03125 -0.0525834014
0.182291667 0.03125 -0.0489095426
0.1875 0.03125 -0.0470726132
0.182291667 0.03125 0.0392630676
0.1875 0.03125 0.0374261382
0.182291667 0.0416666667 -0.0562572601
0.182291667 0.0416666667 -0.0525834014
0.182291667 0.0416666667 -0.0489095426
0.1875 0.0416666667 -0.0470726132
0.182291667 0.0416666667 0.0392630676
0.1875 0.0416666667 0.0374261382
0.182291667 0.0520833333 -0.0562572601
0.182291667 0.0520833333 -0.0525834014
0.182291667 0.0520833333 -0.0489095426
0.1875 0.0520833333 -0.0470726132
0.182291667 0.0520833333 0.0392630676
0.1875 0.0520833333 0.0374261382
0.182291667 0.0625 -0.0562572601
0.182291667 0.0625 -0.0525834014
0.182291667 0.0625 -0.0489095426
0.1875 0.0625 -0.0470726132
0.182291667 0.0625 0.0392630676
0.1875 0.0625 0.0374261382
0.182291667 0.0729166667 -0.0562572601
0.182291667 0.0729166667 -0.0525834014
0.182291667 0.0729166667 -0.0489095426
0.1875 0.0729166667 -0.0470726132
0.1875 0.0729166667 0.0374261382
0.182291667 0.0833333333 -0.0525834014
0.182291667 0.0833333333 -0.0489095426
0.1875 0.0833333333 -0.0470726132
0.182291667 0.0833333333 0.0392630676
0.1875 0.0833333333 0.0374261382
0.182291667 0.09375 -0.0525834014
0.182291667 0.09375 -0.0489095426
0.1875 0.09375 -0.0470726132
0.182291667 0.09375 0.0392630676
0.1875 0.09375 0.0374261382
0.182291667 0.104166667 -0.0525834014
0.182291667 0.104166667 -0.0489095426
0.1875 0.104166667 -0.0470726132
0.182291667 0.104166667 0.0392630676
0.1875 0.104166667 0.0374261382
0.182291667 0.114583333 -0.0525834014
0.182291667 0.114583333 -0.0489095426
0.1875 0.114583333 -0.0470726132
0.182291667 0.114583333 0.0392630676
0.1875 0.114583333 0.0374261382
0.182291667 0.125 -0.0525834014
0.182291667 0.125 -0.0489095426
0.1875 0.125 -0.0470726132
0.182291667 0.125 0.0392630676
0.1875 0.125 0.0374261382
0.182291667 0.135416667 -0.0525834014
0.182291667 0.135416667 -0.0489095426
0.1875 0.135416667 -0.0470726132
0.182291667 0.135416667 0.0392630676
0.1875 0.135416667 0.0374261382
0.182291667 0.145833333 -0.0525834014
0.182291667 0.145833333 -0.0489095426
0.1875 0.145833333 -0.0470726132
0.1875 0.145833333 0.0374261382
0.182291667 0.15625 -0.0525834014
0.182291667 0.15625 -0.0489095426
0.1875 0.15625 -0.0470726132
0.182291667 0.15625 0.0355892088
0.1875 0.151041667 0.0355892088
0.1875 0.15625 0.0337522795
0.182291667 0.166666667 -0.0525834014
0.182291667 0.166666667 -0.0489095426
0.1875 0.166666667 -0.0470726132
0.182291667 0.166666667 0.0355892088
0.1875 0.166666667 0.0337522795
0.182291667 0.177083333 -0.0525834014
0.182291667 0.177083333 -0.0489095426
0.1875 0.177083333 -0.0470726132
0.182291667 0.177083333 0.0355892088
0.1875 0.177083333 0.0337522795
0.1875 0.1875 -0.0470726132
0.182291667 0.1875 0.0355892088
0.1875 0.1875 0.0337522795
0.1875 0.192708333 -0.0452356839
0.1875 0.192708333 -0.0415618251
0.1875 0.192708333 -0.0378879663
0.1875 0.192708333 -0.0342141076
0.1875 0.192708333 -0.0305402488
0.1875 0.192708333 -0.0268663901
0.1875 0.192708333 -0.0231925313
0.1875 0.192708333 -0.0195186725
0.1875 0.192708333 -0.0158448138
0.1875 0.192708333 -0.012170955
0.182291667 0.197916667 -0.00849709627
0.1875 0.192708333 -0.00849709627
0.1875 0.192708333 -0.00482323751
0.1875 0.192708333 -0.00114937875
0.1875 0.192708333 0.00252448001
0.1875 0.192708333 0.00619833877
0.1875 0.192708333 0.00987219752
0.1875 0.192708333 0.0135460563
0.182291667 0.197916667 0.017219915
0.1875 0.192708333 0.017219915
0.182291667 0.197916667 0.0208937738
0.1875 0.192708333 0.0208937738
0.1875 0.192708333 0.0245676326
0.1875 0.192708333 0.0282414913
0.1875 0.192708333 0.0319153501
0.192708333 -0.197916667 -0.0452356839
0.192708333 -0.197916667 -0.0415618251
0.192708333 -0.197916667 -0.0378879663
0.192708333 -0.197916667 -0.0342141076
0.192708333 -0.197916667 -0.0305402488
0.192708333 -0.197916667 -0.0268663901
0.192708333 -0.197916667 -0.0231925313
0.192708333 -0.197916667 -0.0195186725
0.192708333 -0.197916667 -0.0158448138
0.192708333 -0.197916667 -0.012170955
0.192708333 -0.197916667 -0.00849709627
0.192708333 -0.197916667 -0.00482323751
0.192708333 -0.197916667 -0.00114937875
0.192708333 -0.197916667 0.00252448001
0.192708333 -0.197916667 0.00619833877
0.192708333 -0.197916667 0.00987219752
0.192708333 -0.197916667 0.0135460563
0.192708333 -0.197916667 0.017219915
0.192708333 -0.197916667 0.0208937738
0.192708333 -0.197916667 0.0245676326
0.192708333 -0.197916667 0.0282414913
0.192708333 -0.197916667 0.0319153501
0.192708333 -0.197916667 0.0355892088
0.192708333 -0.1875 -0.0452356839
0.192708333 -0.1875 -0.0415618251
0.192708333 -0.1875 -0.0378879663
0.192708333 -0.1875 -0.0342141076
0.192708333 -0.1875 -0.0305402488
0.192708333 -0.1875 -0.0268663901
0.192708333 -0.1875 -0.0231925313
0.192708333 -0.1875 -0.0195186725
0.192708333 -0.1875 -0.0158448138
0.192708333 -0.1875 -0.012170955
0.192708333 -0.1875 -0.00849709627
0.197916667 -0.1875 -0.00666016689
0.197916667 -0.192708333 -0.00482323751
0.197916667 -0.1875 -0.00298630813
0.192708333 -0.1875 -0.00114937875
0.192708333 -0.1875 0.00252448001
0.192708333 -0.1875 0.00619833877
0.192708333 -0.1875 0.00987219752
0.192708333 -0.1875 0.0135460563
0.192708333 -0.1875 0.017219915
0.192708333 -0.1875 0.0208937738
0.192708333 -0.1875 0.0245676326
0.192708333 -0.1875 0.0282414913
0.192708333 -0.1875 0.0319153501
0.192708333 -0.1875 0.0355892088
0.192708333 -0.177083333 -0.0452356839
0.192708333 -0.177083333 -0.0415618251
0.192708333 -0.177083333 -0.0378879663
0.192708333 -0.177083333 -0.0342141076
0.192708333 -0.177083333 -0.0305402488
0.197916667 -0.177083333 -0.0287033194
0.197916667 -0.182291667 -0.0268663901
0.197916667 -0.177083333 -0.0250294607
0.192708333 -0.177083333 -0.0231925313
0.192708333 -0.177083333 -0.0195186725
0.192708333 -0.177083333 -0.0158448138
0.192708333 -0.177083333 -0.012170955
0.192708333 -0.177083333 -0.00849709627
0.197916667 -0.182291667 -0.00482323751
0.192708333 -0.177083333 -0.00482323751
0.197916667 -0.182291667 -0.00114937875
0.197916667 -0.177083333 -0.00298630813
0.197916667 -0.182291667 0.00252448001
0.197916667 -0.177083333 0.00436140939
0.192708333 -0.177083333 0.00619833877
0.192708333 -0.177083333 0.00987219752
0.192708333 -0.177083333 0.0135460563
0.192708333 -0.177083333 0.017219915
0.192708333 -0.177083333 0.0208937738
0.192708333 -0.177083333 0.0245676326
0.192708333 -0.177083333 0.0282414913
0.197916667 -0.177083333 0.0300784207
0.197916667 -0.182291667 0.0319153501
0.197916667 -0.177083333 0.0337522795
0.192708333 -0.166666667 -0.0452356839
0.192708333 -0.166666667 -0.0415618251
0.192708333 -0.166666667 -0.0378879663
0.192708333 -0.166666667 -0.0342141076
0.192708333 -0.166666667 -0.0305402488
0.197916667 -0.171875 -0.0268663901
0.192708333 -0.166666667 -0.0268663901
0.197916667 -0.171875 -0.0231925313
0.197916667 -0.166666667 -0.0250294607
0.197916667 -0.171875 -0.0195186725
0.197916667 -0.171875 -0.0158448138
0.197916667 -0.166666667 -0.0140078844
0.192708333 -0.166666667 -0.012170955
0.192708333 -0.166666667 -0.00849709627
0.192708333 -0.166666667 -0.00482323751
0.197916667 -0.171875 -0.00114937875
0.192708333 -0.166666667 -0.00114937875
0.192708333 -0.166666667 0.00252448001
0.197916667 -0.171875 0.00252448001
0.197916667 -0.171875 0.00619833877
0.197916667 -0.166666667 0.00436140939
0.197916667 -0.171875 0.00987219752
0.197916667 -0.171875 0.0135460563
0.197916667 -0.166666667 0.0153829857
0.192708333 -0.166666667 0.017219915
0.192708333 -0.166666667 0.0208937738
0.192708333 -0.166666667 0.0245676326
0.192708333 -0.166666667 0.0282414913
0.197916667 -0.171875 0.0319153501
0.192708333 -0.166666667 0.0319153501
0.192708333 -0.166666667 0.0355892088
0.192708333 -0.15625 -0.0452356839
0.192708333 -0.15625 -0.0415618251
0.192708333 -0.15625 -0.0378879663
0.192708333 -0.15625 -0.0342141076
0.192708333 -0.15625 -0.0305402488
0.192708333 -0.15625 -0.0268663901
0.197916667 -0.161458333 -0.0231925313
0.192708333 -0.15625 -0.0231925313
0.192708333 -0.15625 -0.0195186725
0.197916667 -0.161458333 -0.0195186725
0.197916667 -0.15625 -0.0176817432
0.197916667 -0.161458333 -0.012170955
0.197916667 -0.161458333 -0.00849709627
0.197916667 -0.161458333 -0.00482323751
0.197916667 -0.15625 -0.00298630813
0.192708333 -0.15625 -0.00114937875
0.192708333 -0.15625 0.00252448001
0.197916667 -0.161458333 0.00619833877
0.192708333 -0.15625 0.00619833877
0.197916667 -0.15625 0.00803526815
0.197916667 -0.161458333 0.017219915
0.197916667 -0.161458333 0.0208937738
0.197916667 -0.161458333 0.0245676326
0.197916667 -0.15625 0.0264045619
0.192708333 -0.15625 0.0282414913
0.192708333 -0.15625 0.0319153501
0.192708333 -0.15625 0.0355892088
0.192708333 -0.145833333 -0.0452356839
0.192708333 -0.145833333 -0.0415618251
0.192708333 -0.145833333 -0.0378879663
0.192708333 -0.145833333 -0.0342141076
0.192708333 -0.145833333 -0.0305402488
0.197916667 -0.145833333 -0.0287033194
0.197916667 -0.151041667 -0.0268663901
0.197916667 -0.145833333 -0.0250294607
0.192708333 -0.145833333 -0.0231925313
0.192708333 -0.145833333 -0.0195186725
0.197916667 -0.151041667 -0.0158448138
0.192708333 -0.145833333 -0.0158448138
0.197916667 -0.145833333 -0.0140078844
0.197916667 -0.151041667 -0.00114937875
0.197916667 -0.151041667 0.00252448001
0.197916667 -0.151041667 0.00619833877
0.197916667 -0.145833333 0.00803526815
0.192708333 -0.145833333 0.00987219752
0.197916667 -0.151041667 0.00987219752
0.197916667 -0.145833333 0.0117091269
0.192708333 -0.145833333 0.0282414913
0.197916667 -0.145833333 0.0264045619
0.192708333 -0.145833333 0.0319153501
0.192708333 -0.145833333 0.0355892088
0.192708333 -0.135416667 -0.0452356839
0.192708333 -0.135416667 -0.0415618251
0.192708333 -0.135416667 -0.0378879663
0.192708333 -0.135416667 -0.0342141076
0.192708333 -0.135416667 -0.0305402488
0.197916667 -0.140625 -0.0268663901
0.192708333 -0.135416667 -0.0268663901
0.192708333 -0.135416667 -0.0231925313
0.197916667 -0.135416667 -0.0213556019
0.197916667 -0.140625 -0.0195186725
0.197916667 -0.140625 -0.0158448138
0.197916667 -0.135416667 -0.0140078844
0.192708333 -0.135416667 -0.012170955
0.197916667 -0.140625 -0.012170955
0.197916667 -0.135416667 -0.0103340256
0.197916667 -0.140625 0.00987219752
0.197916667 -0.140625 0.0282414913
0.197916667 -0.135416667 0.0300784207
0.192708333 -0.135416667 0.0319153501
0.192708333 -0.135416667 0.0355892088
0.192708333 -0.125 -0.0452356839
0.192708333 -0.125 -0.0415618251
0.192708333 -0.125 -0.0378879663
0.192708333 -0.125 -0.0342141076
0.192708333 -0.125 -0.0305402488
0.192708333 -0.125 -0.0268663901
0.192708333 -0.125 -0.0231925313
0.197916667 -0.130208333 -0.0195186725
0.192708333 -0.125 -0.0195186725
0.197916667 -0.125 -0.0176817432
0.197916667 -0.130208333 -0.012170955
0.192708333 -0.125 0.0282414913
0.197916667 -0.130208333 0.0282414913
0.197916667 -0.125 0.0264045619
0.192708333 -0.125 0.0319153501
0.192708333 -0.125 0.0355892088
0.192708333 -0.114583333 -0.0489095426
0.192708333 -0.114583333 -0.0452356839
0.192708333 -0.114583333 -0.0415618251
0.192708333 -0.114583333 -0.0378879663
0.192708333 -0.114583333 -0.0342141076
0.192708333 -0.114583333 -0.0305402488
0.192708333 -0.114583333 -0.0268663901
0.197916667 -0.114583333 -0.0250294607
0.197916667 -0.119791667 -0.0231925313
0.197916667 -0.114583333 -0.0213556019
0.192708333 -0.114583333 -0.0195186725
0.197916667 -0.119791667 -0.0158448138
0.192708333 -0.114583333 -0.0158448138
0.197916667 -0.114583333 -0.0140078844
0.197916667 -0.119791667 0.0282414913
0.197916667 -0.114583333 0.0300784207
0.192708333 -0.114583333 0.0319153501
0.192708333 -0.114583333 0.0355892088
0.192708333 -0.104166667 -0.0452356839
0.192708333 -0.104166667 -0.0415618251
0.192708333 -0.104166667 -0.0378879663
0.192708333 -0.104166667 -0.0342141076
0.192708333 -0.104166667 -0.0305402488
0.192708333 -0.104166667 -0.0268663901
0.197916667 -0.109375 -0.0231925313
0.192708333 -0.104166667 -0.0231925313
0.197916667 -0.109375 -0.0195186725
0.197916667 -0.104166667 -0.0213556019
0.197916667 -0.109375 -0.0158448138
0.192708333 -0.104166667 0.0282414913
0.197916667 -0.109375 0.0282414913
0.197916667 -0.104166667 0.0264045619
0.192708333 -0.104166667 0.0319153501
0.192708333 -0.104166667 0.0355892088
0.192708333 -0.09375 -0.0452356839
0.192708333 -0.09375 -0.0415618251
0.192708333 -0.09375 -0.0378879663
0.192708333 -0.09375 -0.0342141076
0.192708333 -0.09375 -0.0305402488
0.192708333 -0.09375 -0.0268663901
0.192708333 -0.09375 -0.0231925313
0.197916667 -0.0989583333 -0.0195186725
0.192708333 -0.09375 -0.0195186725
0.197916667 -0.09375 -0.0176817432
0.197916667 -0.0989583333 0.0282414913
0.197916667 -0.09375 0.0300784207
0.192708333 -0.09375 0.0319153501
0.192708333 -0.09375 0.0355892088
0.192708333 -0.0833333333 -0.0452356839
0.192708333 -0.0833333333 -0.0415618251
0.192708333 -0.0833333333 -0.0378879663
0.192708333 -0.0833333333 -0.0342141076
0.192708333 -0.0833333333 -0.0305402488
0.192708333 -0.0833333333 -0.0268663901
0.197916667 -0.0833333333 -0.0250294607
0.197916667 -0.0885416667 -0.0231925313
0.197916667 -0.0885416667 -0.0195186725
0.192708333 -0.0833333333 -0.012170955
0.197916667 -0.0885416667 -0.012170955
0.197916667 -0.0833333333 -0.0140078844
0.197916667 -0.0833333333 -0.0103340256
0.192708333 -0.0833333333 0.0282414913
0.197916667 -0.0885416667 0.0282414913
0.197916667 -0.0833333333 0.0264045619
0.192708333 -0.0833333333 0.0319153501
0.192708333 -0.0833333333 0.0355892088
0.192708333 -0.0729166667 -0.0452356839
0.192708333 -0.0729166667 -0.0415618251
0.192708333 -0.0729166667 -0.0378879663
0.192708333 -0.0729166667 -0.0342141076
0.192708333 -0.0729166667 -0.0305402488
0.192708333 -0.0729166667 -0.0268663901
0.197916667 -0.078125 -0.0231925313
0.192708333 -0.0729166667 -0.0231925313
0.192708333 -0.0729166667 -0.0195186725
0.197916667 -0.078125 -0.0195186725
0.197916667 -0.0729166667 -0.0176817432
0.197916667 -0.078125 -0.012170955
0.197916667 -0.078125 0.0282414913
0.197916667 -0.0729166667 0.0300784207
0.192708333 -0.0729166667 0.0319153501
0.192708333 -0.0729166667 0.0355892088
0.192708333 -0.0625 -0.0452356839
0.192708333 -0.0625 -0.0415618251
0.192708333 -0.0625 -0.0378879663
0.192708333 -0.0625 -0.0342141076
0.192708333 -0.0625 -0.0305402488
0.192708333 -0.0625 -0.0268663901
0.197916667 -0.0625 -0.0250294607
0.197916667 -0.0677083333 -0.0231925313
0.197916667 -0.0625 -0.0213556019
0.192708333 -0.0625 -0.0195186725
0.197916667 -0.0677083333 -0.0158448138
0.192708333 -0.0625 -0.0158448138
0.197916667 -0.0625 -0.0140078844
0.192708333 -0.0625 0.0282414913
0.197916667 -0.0677083333 0.0282414913
0.197916667 -0.0625 0.0264045619
0.192708333 -0.0625 0.0319153501
0.192708333 -0.0625 0.0355892088
0.192708333 -0.0520833333 -0.0452356839
0.192708333 -0.0520833333 -0.0415618251
0.192708333 -0.0520833333 -0.0378879663
0.192708333 -0.0520833333 -0.0342141076
0.192708333 -0.0520833333 -0.0305402488
0.192708333 -0.0520833333 -0.0268663901
0.197916667 -0.0572916667 -0.0231925313
0.192708333 -0.0520833333 -0.0231925313
0.197916667 -0.0572916667 -0.0195186725
0.197916667 -0.0520833333 -0.0213556019
0.197916667 -0.0572916667 -0.0158448138
0.197916667 -0.0572916667 0.0282414913
0.197916667 -0.0520833333 0.0300784207
0.192708333 -0.0520833333 0.0319153501
0.192708333 -0.0520833333 0.0355892088
0.192708333 -0.0416666667 -0.0452356839
0.192708333 -0.0416666667 -0.0415618251
0.192708333 -0.0416666667 -0.0378879663
0.192708333 -0.0416666667 -0.0342141076
0.192708333 -0.0416666667 -0.0305402488
0.197916667 -0.0416666667 -0.0287033194
0.197916667 -0.046875 -0.0268663901
0.197916667 -0.0416666667 -0.0250294607
0.192708333 -0.0416666667 -0.0231925313
0.197916667 -0.046875 -0.0195186725
0.192708333 -0.0416666667 -0.0195186725
0.192708333 -0.0416666667 -0.0158448138
0.197916667 -0.046875 -0.0158448138
0.197916667 -0.0416666667 -0.0140078844
0.192708333 -0.0416666667 0.0319153501
0.197916667 -0.0416666667 0.0300784207
0.192708333 -0.0416666667 0.0355892088
0.192708333 -0.03125 -0.0452356839
0.192708333 -0.03125 -0.0415618251
0.192708333 -0.03125 -0.0378879663
0.192708333 -0.03125 -0.0342141076
0.192708333 -0.03125 -0.0305402488
0.197916667 -0.0364583333 -0.0268663901
0.192708333 -0.03125 -0.0268663901
0.192708333 -0.03125 -0.0231925313
0.197916667 -0.03125 -0.0213556019
0.197916667 -0.0364583333 -0.0195186725
0.197916667 -0.0364583333 -0.0158448138
0.192708333 -0.03125 0.0319153501
0.197916667 -0.03125 0.0300784207
0.192708333 -0.03125 0.0355892088
0.192708333 -0.0208333333 -0.0452356839
0.192708333 -0.0208333333 -0.0415618251
0.192708333 -0.0208333333 -0.0378879663
0.192708333 -0.0208333333 -0.0342141076
0.192708333 -0.0208333333 -0.0305402488
0.197916667 -0.0208333333 -0.0287033194
0.197916667 -0.0260416667 -0.0268663901
0.197916667 -0.0208333333 -0.0250294607
0.192708333 -0.0208333333 -0.0231925313
0.197916667 -0.0260416667 -0.0195186725
0.192708333 -0.0208333333 -0.0195186725
0.197916667 -0.0208333333 -0.0176817432
0.192708333 -0.0208333333 0.0319153501
0.197916667 -0.0208333333 0.0300784207
0.192708333 -0.0208333333 0.0355892088
0.192708333 -0.0104166667 -0.0452356839
0.192708333 -0.0104166667 -0.0415618251
0.192708333 -0.0104166667 -0.0378879663
0.192708333 -0.0104166667 -0.0342141076
0.192708333 -0.0104166667 -0.0305402488
0.197916667 -0.015625 -0.0268663901
0.192708333 -0.0104166667 -0.0268663901
0.192708333 -0.0104166667 -0.0231925313
0.197916667 -0.0104166667 -0.0213556019
0.197916667 -0.015625 -0.0195186725
0.192708333 -0.0104166667 0.0282414913
0.197916667 -0.015625 0.0282414913
0.197916667 -0.0104166667 0.0264045619
0.192708333 -0.0104166667 0.0319153501
0.192708333 -0.0104166667 0.0355892088
0.192708333 -2.77555756e-17 -0.0452356839
0.192708333 -2.77555756e-17 -0.0415618251
0.192708333 -2.77555756e-17 -0.0378879663
0.192708333 -2.77555756e-17 -0.0342141076
0.192708333 -2.77555756e-17 -0.0305402488
0.192708333 -2.77555756e-17 -0.0268663901
0.192708333 -2.77555756e-17 -0.0231925313
0.197916667 -0.00520833333 -0.0195186725
0.192708333 -2.77555756e-17 -0.0195186725
0.197916667 -2.77555756e-17 -0.0176817432
0.197916667 -0.00520833333 0.0282414913
0.197916667 -0.00520833333 0.0319153501
0.197916667 -2.77555756e-17 0.0337522795
0.192708333 -2.77555756e-17 0.0355892088
0.192708333 0.0104166667 -0.0452356839
0.192708333 0.0104166667 -0.0415618251
0.192708333 0.0104166667 -0.0378879663
0.192708333 0.0104166667 -0.0342141076
0.192708333 0.0104166667 -0.0305402488
0.192708333 0.0104166667 -0.0268663901
0.192708333 0.0104166667 -0.0231925313
0.197916667 0.0104166667 -0.0213556019
0.197916667 0.00520833333 -0.0195186725
0.192708333 0.0104166667 -0.012170955
0.197916667 0.00520833333 -0.012170955
0.197916667 0.0104166667 -0.0140078844
0.197916667 0.0104166667 -0.0103340256
0.192708333 0.0104166667 0.0319153501
0.197916667 0.00520833333 0.0319153501
0.197916667 0.0104166667 0.0300784207
0.192708333 0.0104166667 0.0355892088
0.192708333 0.0208333333 -0.0452356839
0.192708333 0.0208333333 -0.0415618251
0.192708333 0.0208333333 -0.0378879663
0.192708333 0.0208333333 -0.0342141076
0.192708333 0.0208333333 -0.0305402488
0.192708333 0.0208333333 -0.0268663901
0.192708333 0.0208333333 -0.0231925313
0.197916667 0.015625 -0.0195186725
0.192708333 0.0208333333 -0.0195186725
0.197916667 0.0208333333 -0.0176817432
0.197916667 0.015625 -0.012170955
0.192708333 0.0208333333 0.0282414913
0.197916667 0.015625 0.0282414913
0.197916667 0.0208333333 0.0264045619
0.192708333 0.0208333333 0.0319153501
0.192708333 0.0208333333 0.0355892088
0.192708333 0.03125 -0.0452356839
0.192708333 0.03125 -0.0415618251
0.192708333 0.03125 -0.0378879663
0.192708333 0.03125 -0.0342141076
0.192708333 0.03125 -0.0305402488
0.192708333 0.03125 -0.0268663901
0.192708333 0.03125 -0.0231925313
0.197916667 0.03125 -0.0213556019
0.197916667 0.0260416667 -0.0195186725
0.192708333 0.03125 -0.012170955
0.197916667 0.0260416667 -0.012170955
0.197916667 0.03125 -0.0140078844
0.197916667 0.03125 -0.0103340256
0.197916667 0.0260416667 0.0282414913
0.197916667 0.0260416667 0.0319153501
0.197916667 0.03125 0.0337522795
0.192708333 0.03125 0.0355892088
0.192708333 0.0416666667 -0.0452356839
0.192708333 0.0416666667 -0.0415618251
0.192708333 0.0416666667 -0.0378879663
0.192708333 0.0416666667 -0.0342141076
0.192708333 0.0416666667 -0.0305402488
0.197916667 0.0416666667 -0.0287033194
0.197916667 0.0364583333 -0.0268663901
0.197916667 0.0416666667 -0.0250294607
0.192708333 0.0416666667 -0.0231925313
0.197916667 0.0364583333 -0.0195186725
0.192708333 0.0416666667 -0.0195186725
0.197916667 0.0416666667 -0.0176817432
0.197916667 0.0364583333 -0.012170955
0.192708333 0.0416666667 0.0319153501
0.197916667 0.0364583333 0.0319153501
0.197916667 0.0416666667 0.0300784207
0.192708333 0.0416666667 0.0355892088
0.192708333 0.0520833333 -0.0452356839
0.192708333 0.0520833333 -0.0415618251
0.192708333 0.0520833333 -0.0378879663
0.192708333 0.0520833333 -0.0342141076
0.192708333 0.0520833333 -0.0305402488
0.197916667 0.046875 -0.0268663901
0.192708333 0.0520833333 -0.0268663901
0.192708333 0.0520833333 -0.0231925313
0.197916667 0.0520833333 -0.0213556019
0.197916667 0.046875 -0.0195186725
0.192708333 0.0520833333 0.0282414913
0.197916667 0.046875 0.0282414913
0.197916667 0.0520833333 0.0264045619
0.192708333 0.0520833333 0.0319153501
0.192708333 0.0520833333 0.0355892088
0.192708333 0.0625 -0.0452356839
0.192708333 0.0625 -0.0415618251
0.192708333 0.0625 -0.0378879663
0.192708333 0.0625 -0.0342141076
0.192708333 0.0625 -0.0305402488
0.192708333 0.0625 -0.0268663901
0.197916667 0.0625 -0.0250294607
0.197916667 0.0572916667 -0.0231925313
0.197916667 0.0625 -0.0213556019
0.192708333 0.0625 -0.0195186725
0.197916667 0.0572916667 -0.0195186725
0.192708333 0.0625 -0.0158448138
0.197916667 0.0572916667 -0.0158448138
0.197916667 0.0625 -0.0140078844
0.197916667 0.0572916667 0.0282414913
0.197916667 0.0625 0.0300784207
0.192708333 0.0625 0.0319153501
0.192708333 0.0625 0.0355892088
0.192708333 0.0729166667 -0.0452356839
0.192708333 0.0729166667 -0.0415618251
0.192708333 0.0729166667 -0.0378879663
0.192708333 0.0729166667 -0.0342141076
0.192708333 0.0729166667 -0.0305402488
0.192708333 0.0729166667 -0.0268663901
0.197916667 0.0677083333 -0.0231925313
0.192708333 0.0729166667 -0.0231925313
0.197916667 0.0677083333 -0.0195186725
0.197916667 0.0729166667 -0.0213556019
0.197916667 0.0677083333 -0.0158448138
0.192708333 0.0729166667 0.0319153501
0.197916667 0.0729166667 0.0300784207
0.192708333 0.0729166667 0.0355892088
0.192708333 0.0833333333 -0.0452356839
0.192708333 0.0833333333 -0.0415618251
0.192708333 0.0833333333 -0.0378879663
0.192708333 0.0833333333 -0.0342141076
0.192708333 0.0833333333 -0.0305402488
0.192708333 0.0833333333 -0.0268663901
0.197916667 0.0833333333 -0.0250294607
0.197916667 0.078125 -0.0231925313
0.192708333 0.0833333333 -0.0158448138
0.197916667 0.078125 -0.0158448138
0.197916667 0.0833333333 -0.0176817432
0.197916667 0.0833333333 -0.0140078844
0.192708333 0.0833333333 0.0319153501
0.197916667 0.0833333333 0.0300784207
0.192708333 0.0833333333 0.0355892088
0.192708333 0.09375 -0.0452356839
0.192708333 0.09375 -0.0415618251
0.192708333 0.09375 -0.0378879663
0.192708333 0.09375 -0.0342141076
0.192708333 0.09375 -0.0305402488
0.192708333 0.09375 -0.0268663901
0.197916667 0.0885416667 -0.0231925313
0.192708333 0.09375 -0.0231925313
0.192708333 0.09375 -0.0195186725
0.197916667 0.0885416667 -0.0195186725
0.197916667 0.0885416667 -0.0158448138
0.197916667 0.09375 -0.0176817432
0.192708333 0.09375 0.0282414913
0.197916667 0.0885416667 0.0282414913
0.197916667 0.09375 0.0264045619
0.192708333 0.09375 0.0319153501
0.192708333 0.09375 0.0355892088
0.192708333 0.104166667 -0.0452356839
0.192708333 0.104166667 -0.0415618251
0.192708333 0.104166667 -0.0378879663
0.192708333 0.104166667 -0.0342141076
0.192708333 0.104166667 -0.0305402488
0.192708333 0.104166667 -0.0268663901
0.192708333 0.104166667 -0.0231925313
0.197916667 0.104166667 -0.0213556019
0.197916667 0.0989583333 -0.0195186725
0.197916667 0.0989583333 0.0282414913
0.197916667 0.104166667 0.0300784207
0.192708333 0.104166667 0.0319153501
0.192708333 0.104166667 0.0355892088
0.192708333 0.114583333 -0.0452356839
0.192708333 0.114583333 -0.0415618251
0.192708333 0.114583333 -0.0378879663
0.192708333 0.114583333 -0.0342141076
0.192708333 0.114583333 -0.0305402488
0.192708333 0.114583333 -0.0268663901
0.197916667 0.114583333 -0.0250294607
0.197916667 0.109375 -0.0231925313
0.197916667 0.114583333 -0.0213556019
0.192708333 0.114583333 -0.0195186725
0.197916667 0.109375 -0.0195186725
0.192708333 0.114583333 -0.0158448138
0.197916667 0.109375 -0.0158448138
0.197916667 0.114583333 -0.0140078844
0.192708333 0.114583333 0.0319153501
0.197916667 0.114583333 0.0300784207
0.192708333 0.114583333 0.0355892088
0.192708333 0.125 -0.0452356839
0.192708333 0.125 -0.0415618251
0.192708333 0.125 -0.0378879663
0.192708333 0.125 -0.0342141076
0.192708333 0.125 -0.0305402488
0.192708333 0.125 -0.0268663901
0.197916667 0.119791667 -0.0231925313
0.192708333 0.125 -0.0231925313
0.192708333 0.125 -0.0195186725
0.197916667 0.125 -0.0176817432
0.197916667 0.119791667 -0.0158448138
0.192708333 0.125 0.0319153501
0.197916667 0.125 0.0300784207
0.192708333 0.125 0.0355892088
0.192708333 0.135416667 -0.0452356839
0.192708333 0.135416667 -0.0415618251
0.192708333 0.135416667 -0.0378879663
0.192708333 0.135416667 -0.0342141076
0.192708333 0.135416667 -0.0305402488
0.192708333 0.135416667 -0.0268663901
0.192708333 0.135416667 -0.0231925313
0.197916667 0.135416667 -0.0213556019
0.197916667 0.130208333 -0.0195186725
0.192708333 0.135416667 -0.012170955
0.197916667 0.130208333 -0.012170955
0.197916667 0.135416667 -0.0140078844
0.197916667 0.135416667 -0.0103340256
0.192708333 0.135416667 0.0319153501
0.197916667 0.135416667 0.0300784207
0.192708333 0.135416667 0.0355892088
0.192708333 0.145833333 -0.0452356839
0.192708333 0.145833333 -0.0415618251
0.192708333 0.145833333 -0.0378879663
0.192708333 0.145833333 -0.0342141076
0.192708333 0.145833333 -0.0305402488
0.192708333 0.145833333 -0.0268663901
0.197916667 0.145833333 -0.0250294607
0.197916667 0.140625 -0.0231925313
0.197916667 0.145833333 -0.0213556019
0.192708333 0.145833333 -0.0195186725
0.197916667 0.140625 -0.0195186725
0.192708333 0.145833333 -0.0158448138
0.197916667 0.140625 -0.0158448138
0.197916667 0.140625 -0.012170955
0.197916667 0.145833333 -0.0140078844
0.192708333 0.145833333 0.0319153501
0.197916667 0.145833333 0.0300784207
0.192708333 0.145833333 0.0355892088
0.192708333 0.15625 -0.0452356839
0.192708333 0.15625 -0.0415618251
0.192708333 0.15625 -0.0378879663
0.192708333 0.15625 -0.0342141076
0.192708333 0.15625 -0.0305402488
0.192708333 0.15625 -0.0268663901
0.197916667 0.151041667 -0.0231925313
0.192708333 0.15625 -0.0231925313
0.192708333 0.15625 -0.0195186725
0.197916667 0.15625 -0.0176817432
0.197916667 0.151041667 -0.0158448138
0.192708333 0.15625 0.0319153501
0.197916667 0.15625 0.0300784207
0.192708333 0.166666667 -0.0452356839
0.192708333 0.166666667 -0.0415618251
0.192708333 0.166666667 -0.0378879663
0.192708333 0.166666667 -0.0342141076
0.192708333 0.166666667 -0.0305402488
0.192708333 0.166666667 -0.0268663901
0.192708333 0.166666667 -0.0231925313
0.197916667 0.166666667 -0.0213556019
0.197916667 0.161458333 -0.0195186725
0.192708333 0.166666667 0.0319153501
0.197916667 0.166666667 0.0300784207
0.192708333 0.177083333 -0.0452356839
0.192708333 0.177083333 -0.0415618251
0.192708333 0.177083333 -0.0378879663
0.192708333 0.177083333 -0.0342141076
0.192708333 0.177083333 -0.0305402488
0.192708333 0.177083333 -0.0268663901
0.197916667 0.177083333 -0.0250294607
0.197916667 0.171875 -0.0231925313
0.192708333 0.177083333 -0.0158448138
0.197916667 0.171875 -0.0158448138
0.197916667 0.177083333 -0.0176817432
0.197916667 0.177083333 -0.0140078844
0.192708333 0.177083333 0.0319153501
0.197916667 0.177083333 0.0300784207
0.192708333 0.1875 -0.0452356839
0.192708333 0.1875 -0.0415618251
0.192708333 0.1875 -0.0378879663
0.192708333 0.1875 -0.0342141076
0.192708333 0.1875 -0.0305402488
0.192708333 0.1875 -0.0268663901
0.197916667 0.182291667 -0.0231925313
0.192708333 0.1875 -0.0231925313
0.192708333 0.1875 -0.0195186725
0.197916667 0.182291667 -0.0195186725
0.192708333 0.1875 -0.0158448138
0.197916667 0.182291667 -0.012170955
0.192708333 0.1875 -0.012170955
0.192708333 0.1875 -0.00849709627
0.197916667 0.182291667 -0.00849709627
0.192708333 0.1875 -0.00482323751
0.197916667 0.182291667 -0.00482323751
0.197916667 0.1875 -0.00298630813
0.192708333 0.1875 0.00619833877
0.197916667 0.182291667 0.00619833877
0.197916667 0.1875 0.00436140939
0.192708333 0.1875 0.00987219752
0.197916667 0.182291667 0.00987219752
0.192708333 0.1875 0.0135460563
0.197916667 0.182291667 0.0135460563
0.197916667 0.1875 0.0153829857
0.192708333 0.1875 0.0208937738
0.197916667 0.182291667 0.0208937738
0.197916667 0.1875 0.0190568444
0.192708333 0.1875 0.0245676326
0.197916667 0.182291667 0.0245676326
0.192708333 0.1875 0.0282414913
0.197916667 0.182291667 0.0282414913
0.192708333 0.1875 0.0319153501
0.197916667 0.192708333 -0.00114937875
0.197916667 0.192708333 0.00252448001
0.197916667 0.192708333 0.017219915
0.203125 -0.1875 -0.00482323751
0.203125 -0.177083333 -0.0268663901
0.203125 -0.177083333 -0.00114937875
0.203125 -0.177083333 0.00252448001
0.203125 -0.177083333 0.0319153501
0.203125 -0.166666667 -0.0231925313
0.203125 -0.166666667 -0.0195186725
0.203125 -0.166666667 -0.0158448138
0.203125 -0.166666667 0.00619833877
0.203125 -0.166666667 0.00987219752
0.203125 -0.166666667 0.0135460563
0.203125 -0.15625 -0.0158448138
0.203125 -0.15625 -0.012170955
0.203125 -0.15625 -0.00849709627
0.203125 -0.15625 -0.00482323751
0.203125 -0.15625 0.00987219752
0.203125 -0.15625 0.0135460563
0.203125 -0.15625 0.017219915
0.203125 -0.15625 0.0208937738
0.203125 -0.15625 0.0245676326
0.203125 -0.145833333 -0.0268663901
0.203125 -0.145833333 -0.012170955
0.203125 -0.145833333 -0.00849709627
0.203125 -0.145833333 -0.00482323751
0.203125 -0.145833333 -0.00114937875
0.203125 -0.145833333 0.00252448001
0.203125 -0.145833333 0.00619833877
0.203125 -0.145833333 0.0135460563
0.203125 -0.145833333 0.017219915
0.203125 -0.145833333 0.0208937738
0.203125 -0.145833333 0.0245676326
0.203125 -0.135416667 -0.0195186725
0.203125 -0.135416667 -0.0158448138
0.203125 -0.135416667 -0.00849709627
0.203125 -0.135416667 -0.00482323751
0.203125 -0.135416667 -0.00114937875
0.203125 -0.135416667 0.00252448001
0.203125 -0.135416667 0.00619833877
0.203125 -0.135416667 0.00987219752
0.203125 -0.135416667 0.0135460563
0.203125 -0.135416667 0.017219915
0.203125 -0.135416667 0.0208937738
0.203125 -0.135416667 0.0245676326
0.203125 -0.135416667 0.0282414913
0.203125 -0.125 -0.0158448138
0.203125 -0.125 -0.012170955
0.203125 -0.125 -0.00849709627
0.203125 -0.125 -0.00482323751
0.203125 -0.125 -0.00114937875
0.203125 -0.125 0.00252448001
0.203125 -0.125 0.00619833877
0.203125 -0.125 0.00987219752
0.203125 -0.125 0.0135460563
0.203125 -0.125 0.017219915
0.203125 -0.125 0.0208937738
0.203125 -0.125 0.0245676326
0.203125 -0.114583333 -0.0231925313
0.203125 -0.114583333 -0.012170955
0.203125 -0.114583333 -0.00849709627
0.203125 -0.114583333 -0.00482323751
0.203125 -0.114583333 -0.00114937875
0.203125 -0.114583333 0.00252448001
0.203125 -0.114583333 0.00619833877
0.203125 -0.114583333 0.00987219752
0.203125 -0.114583333 0.0135460563
0.203125 -0.114583333 0.017219915
0.203125 -0.114583333 0.0208937738
0.203125 -0.114583333 0.0245676326
0.203125 -0.114583333 0.0282414913
0.203125 -0.104166667 -0.0195186725
0.203125 -0.104166667 -0.0158448138
0.203125 -0.104166667 -0.012170955
0.203125 -0.104166667 -0.00849709627
0.203125 -0.104166667 -0.00482323751
0.203125 -0.104166667 -0.00114937875
0.203125 -0.104166667 0.00252448001
0.203125 -0.104166667 0.00619833877
0.203125 -0.104166667 0.00987219752
0.203125 -0.104166667 0.0135460563
0.203125 -0.104166667 0.017219915
0.203125 -0.104166667 0.0208937738
0.203125 -0.104166667 0.0245676326
0.203125 -0.09375 -0.0158448138
0.203125 -0.09375 -0.012170955
0.203125 -0.09375 -0.00849709627
0.203125 -0.09375 -0.00482323751
0.203125 -0.09375 -0.00114937875
0.203125 -0.09375 0.00252448001
0.203125 -0.09375 0.00619833877
0.203125 -0.09375 0.00987219752
0.203125 -0.09375 0.0135460563
0.203125 -0.09375 0.017219915
0.203125 -0.09375 0.0208937738
0.203125 -0.09375 0.0245676326
0.203125 -0.09375 0.0282414913
0.203125 -0.0833333333 -0.0231925313
0.203125 -0.0833333333 -0.0195186725
0.203125 -0.0833333333 -0.0158448138
0.203125 -0.0833333333 -0.00849709627
0.203125 -0.0833333333 -0.00482323751
0.203125 -0.0833333333 -0.00114937875
0.203125 -0.0833333333 0.00252448001
0.203125 -0.0833333333 0.00619833877
0.203125 -0.0833333333 0.00987219752
0.203125 -0.0833333333 0.0135460563
0.203125 -0.0833333333 0.017219915
0.203125 -0.0833333333 0.0208937738
0.203125 -0.0833333333 0.0245676326
0.203125 -0.0729166667 -0.0158448138
0.203125 -0.0729166667 -0.012170955
0.203125 -0.0729166667 -0.00849709627
0.203125 -0.0729166667 -0.00482323751
0.203125 -0.0729166667 -0.00114937875
0.203125 -0.0729166667 0.00252448001
0.203125 -0.0729166667 0.00619833877
0.203125 -0.0729166667 0.00987219752
0.203125 -0.0729166667 0.0135460563
0.203125 -0.0729166667 0.017219915
0.203125 -0.0729166667 0.0208937738
0.203125 -0.0729166667 0.0245676326
0.203125 -0.0729166667 0.0282414913
0.203125 -0.0625 -0.0231925313
0.203125 -0.0625 -0.012170955
0.203125 -0.0625 -0.00849709627
0.203125 -0.0625 -0.00482323751
0.203125 -0.0625 -0.00114937875
0.203125 -0.0625 0.00252448001
0.203125 -0.0625 0.00619833877
0.203125 -0.0625 0.00987219752
0.203125 -0.0625 0.0135460563
0.203125 -0.0625 0.017219915
0.203125 -0.0625 0.0208937738
0.203125 -0.0625 0.0245676326
0.203125 -0.0520833333 -0.0195186725
0.203125 -0.0520833333 -0.0158448138
0.203125 -0.0520833333 -0.012170955
0.203125 -0.0520833333 -0.00849709627
0.203125 -0.0520833333 -0.00482323751
0.203125 -0.0520833333 -0.00114937875
0.203125 -0.0520833333 0.00252448001
0.203125 -0.0520833333 0.00619833877
0.203125 -0.0520833333 0.00987219752
0.203125 -0.0520833333 0.0135460563
0.203125 -0.0520833333 0.017219915
0.203125 -0.0520833333 0.0208937738
0.203125 -0.0520833333 0.0245676326
0.203125 -0.0520833333 0.0282414913
0.203125 -0.0416666667 -0.0268663901
0.203125 -0.0416666667 -0.012170955
0.203125 -0.0416666667 -0.00849709627
0.203125 -0.0416666667 -0.00482323751
0.203125 -0.0416666667 -0.00114937875
0.203125 -0.0416666667 0.00252448001
0.203125 -0.0416666667 0.00619833877
0.203125 -0.0416666667 0.00987219752
0.203125 -0.0416666667 0.0135460563
0.203125 -0.0416666667 0.017219915
0.203125 -0.0416666667 0.0208937738
0.203125 -0.0416666667 0.0245676326
0.203125 -0.0416666667 0.0282414913
0.203125 -0.03125 -0.0195186725
0.203125 -0.03125 -0.0158448138
0.203125 -0.03125 -0.012170955
0.203125 -0.03125 -0.00849709627
0.203125 -0.03125 -0.00482323751
0.203125 -0.03125 -0.00114937875
0.203125 -0.03125 0.00252448001
0.203125 -0.03125 0.00619833877
0.203125 -0.03125 0.00987219752
0.203125 -0.03125 0.0135460563
0.203125 -0.03125 0.017219915
0.203125 -0.03125 0.0208937738
0.203125 -0.03125 0.0245676326
0.203125 -0.03125 0.0282414913
0.203125 -0.0208333333 -0.0268663901
0.203125 -0.0208333333 -0.0158448138
0.203125 -0.0208333333 -0.012170955
0.203125 -0.0208333333 -0.00849709627
0.203125 -0.0208333333 -0.00482323751
0.203125 -0.0208333333 -0.00114937875
0.203125 -0.0208333333 0.00252448001
0.203125 -0.0208333333 0.00619833877
0.203125 -0.0208333333 0.00987219752
0.203125 -0.0208333333 0.0135460563
0.203125 -0.0208333333 0.017219915
0.203125 -0.0208333333 0.0208937738
0.203125 -0.0208333333 0.0245676326
0.203125 -0.0208333333 0.0282414913
0.203125 -0.0104166667 -0.0195186725
0.203125 -0.0104166667 -0.0158448138
0.203125 -0.0104166667 -0.012170955
0.203125 -0.0104166667 -0.00849709627
0.203125 -0.0104166667 -0.00482323751
0.203125 -0.0104166667 -0.00114937875
0.203125 -0.0104166667 0.00252448001
0.203125 -0.0104166667 0.00619833877
0.203125 -0.0104166667 0.00987219752
0.203125 -0.0104166667 0.0135460563
0.203125 -0.0104166667 0.017219915
0.203125 -0.0104166667 0.0208937738
0.203125 -0.0104166667 0.0245676326
0.203125 -2.77555756e-17 -0.0158448138
0.203125 -2.77555756e-17 -0.012170955
0.203125 -2.77555756e-17 -0.00849709627
0.203125 -2.77555756e-17 -0.00482323751
0.203125 -2.77555756e-17 -0.00114937875
0.203125 -2.77555756e-17 0.00252448001
0.203125 -2.77555756e-17 0.00619833877
0.203125 -2.77555756e-17 0.00987219752
0.203125 -2.77555756e-17 0.0135460563
0.203125 -2.77555756e-17 0.017219915
0.203125 -2.77555756e-17 0.0208937738
0.203125 -2.77555756e-17 0.0245676326
0.203125 -2.77555756e-17 0.0282414913
0.203125 -2.77555756e-17 0.0319153501
0.203125 0.0104166667 -0.0195186725
0.203125 0.0104166667 -0.0158448138
0.203125 0.0104166667 -0.00849709627
0.203125 0.0104166667 -0.00482323751
0.203125 0.0104166667 -0.00114937875
0.203125 0.0104166667 0.00252448001
0.203125 0.0104166667 0.00619833877
0.203125 0.0104166667 0.00987219752
0.203125 0.0104166667 0.0135460563
0.203125 0.0104166667 0.017219915
0.203125 0.0104166667 0.0208937738
0.203125 0.0104166667 0.0245676326
0.203125 0.0104166667 0.0282414913
0.203125 0.0208333333 -0.0158448138
0.203125 0.0208333333 -0.012170955
0.203125 0.0208333333 -0.00849709627
0.203125 0.0208333333 -0.00482323751
0.203125 0.0208333333 -0.00114937875
0.203125 0.0208333333 0.00252448001
0.203125 0.0208333333 0.00619833877
0.203125 0.0208333333 0.00987219752
0.203125 0.0208333333 0.0135460563
0.203125 0.0208333333 0.017219915
0.203125 0.0208333333 0.0208937738
0.203125 0.0208333333 0.0245676326
0.203125 0.03125 -0.0195186725
0.203125 0.03125 -0.0158448138
0.203125 0.03125 -0.00849709627
0.203125 0.03125 -0.00482323751
0.203125 0.03125 -0.00114937875
0.203125 0.03125 0.00252448001
0.203125 0.03125 0.00619833877
0.203125 0.03125 0.00987219752
0.203125 0.03125 0.0135460563
0.203125 0.03125 0.017219915
0.203125 0.03125 0.0208937738
0.203125 0.03125 0.0245676326
0.203125 0.03125 0.0282414913
0.203125 0.03125 0.0319153501
0.203125 0.0416666667 -0.0268663901
0.203125 0.0416666667 -0.0158448138
0.203125 0.0416666667 -0.012170955
0.203125 0.0416666667 -0.00849709627
0.203125 0.0416666667 -0.00482323751
0.203125 0.0416666667 -0.00114937875
0.203125 0.0416666667 0.00252448001
0.203125 0.0416666667 0.00619833877
0.203125 0.0416666667 0.00987219752
0.203125 0.0416666667 0.0135460563
0.203125 0.0416666667 0.017219915
0.203125 0.0416666667 0.0208937738
0.203125 0.0416666667 0.0245676326
0.203125 0.0416666667 0.0282414913
0.203125 0.0520833333 -0.0195186725
0.203125 0.0520833333 -0.0158448138
0.203125 0.0520833333 -0.012170955
0.203125 0.0520833333 -0.00849709627
0.203125 0.0520833333 -0.00482323751
0.203125 0.0520833333 -0.00114937875
0.203125 0.0520833333 0.00252448001
0.203125 0.0520833333 0.00619833877
0.203125 0.0520833333 0.00987219752
0.203125 0.0520833333 0.0135460563
0.203125 0.0520833333 0.017219915
0.203125 0.0520833333 0.0208937738
0.203125 0.0520833333 0.0245676326
0.203125 0.0625 -0.0231925313
0.203125 0.0625 -0.012170955
0.203125 0.0625 -0.00849709627
0.203125 0.0625 -0.00482323751
0.203125 0.0625 -0.00114937875
0.203125 0.0625 0.00252448001
0.203125 0.0625 0.00619833877
0.203125 0.0625 0.00987219752
0.203125 0.0625 0.0135460563
0.203125 0.0625 0.017219915
0.203125 0.0625 0.0208937738
0.203125 0.0625 0.0245676326
0.203125 0.0625 0.0282414913
0.203125 0.0729166667 -0.0195186725
0.203125 0.0729166667 -0.0158448138
0.203125 0.0729166667 -0.012170955
0.203125 0.0729166667 -0.00849709627
0.203125 0.0729166667 -0.00482323751
0.203125 0.0729166667 -0.00114937875
0.203125 0.0729166667 0.00252448001
0.203125 0.0729166667 0.00619833877
0.203125 0.0729166667 0.00987219752
0.203125 0.0729166667 0.0135460563
0.203125 0.0729166667 0.017219915
0.203125 0.0729166667 0.0208937738
0.203125 0.0729166667 0.0245676326
0.203125 0.0729166667 0.0282414913
0.203125 0.0833333333 -0.0231925313
0.203125 0.0833333333 -0.0195186725
0.203125 0.0833333333 -0.012170955
0.203125 0.0833333333 -0.00849709627
0.203125 0.0833333333 -0.00482323751
0.203125 0.0833333333 -0.00114937875
0.203125 0.0833333333 0.00252448001
0.203125 0.0833333333 0.00619833877
0.203125 0.0833333333 0.00987219752
0.203125 0.0833333333 0.0135460563
0.203125 0.0833333333 0.017219915
0.203125 0.0833333333 0.0208937738
0.203125 0.0833333333 0.0245676326
0.203125 0.0833333333 0.0282414913
0.203125 0.09375 -0.0158448138
0.203125 0.09375 -0.012170955
0.203125 0.09375 -0.00849709627
0.203125 0.09375 -0.00482323751
0.203125 0.09375 -0.00114937875
0.203125 0.09375 0.00252448001
0.203125 0.09375 0.00619833877
0.203125 0.09375 0.00987219752
0.203125 0.09375 0.0135460563
0.203125 0.09375 0.017219915
0.203125 0.09375 0.0208937738
0.203125 0.09375 0.0245676326
0.203125 0.104166667 -0.0195186725
0.203125 0.104166667 -0.0158448138
0.203125 0.104166667 -0.012170955
0.203125 0.104166667 -0.00849709627
0.203125 0.104166667 -0.00482323751
0.203125 0.104166667 -0.00114937875
0.203125 0.104166667 0.00252448001
0.203125 0.104166667 0.00619833877
0.203125 0.104166667 0.00987219752
0.203125 0.104166667 0.0135460563
0.203125 0.104166667 0.017219915
0.203125 0.104166667 0.0208937738
0.203125 0.104166667 0.0245676326
0.203125 0.104166667 0.0282414913
0.203125 0.114583333 -0.0231925313
0.203125 0.114583333 -0.012170955
0.203125 0.114583333 -0.00849709627
0.203125 0.114583333 -0.00482323751
0.203125 0.114583333 -0.00114937875
0.203125 0.114583333 0.00252448001
0.203125 0.114583333 0.00619833877
0.203125 0.114583333 0.00987219752
0.203125 0.114583333 0.0135460563
0.203125 0.114583333 0.017219915
0.203125 0.114583333 0.0208937738
0.203125 0.114583333 0.0245676326
0.203125 0.114583333 0.0282414913
0.203125 0.125 -0.0158448138
0.203125 0.125 -0.012170955
0.203125 0.125 -0.00849709627
0.203125 0.125 -0.00482323751
0.203125 0.125 -0.00114937875
0.203125 0.125 0.00252448001
0.203125 0.125 0.00619833877
0.203125 0.125 0.00987219752
0.203125 0.125 0.0135460563
0.203125 0.125 0.017219915
0.203125 0.125 0.0208937738
0.203125 0.125 0.0245676326
0.203125 0.125 0.0282414913
0.203125 0.135416667 -0.0195186725
0.203125 0.135416667 -0.0158448138
0.203125 0.135416667 -0.00849709627
0.203125 0.135416667 -0.00482323751
0.203125 0.135416667 -0.00114937875
0.203125 0.135416667 0.00252448001
0.203125 0.135416667 0.00619833877
0.203125 0.135416667 0.00987219752
0.203125 0.135416667 0.0135460563
0.203125 0.135416667 0.017219915
0.203125 0.135416667 0.0208937738
0.203125 0.135416667 0.0245676326
0.203125 0.135416667 0.0282414913
0.203125 0.145833333 -0.0231925313
0.203125 0.145833333 -0.012170955
0.203125 0.145833333 -0.00849709627
0.203125 0.145833333 -0.00482323751
0.203125 0.145833333 -0.00114937875
0.203125 0.145833333 0.00252448001
0.203125 0.145833333 0.00619833877
0.203125 0.145833333 0.00987219752
0.203125 0.145833333 0.0135460563
0.203125 0.145833333 0.017219915
0.203125 0.145833333 0.0208937738
0.203125 0.145833333 0.0245676326
0.203125 0.145833333 0.0282414913
0.203125 0.15625 -0.0158448138
0.203125 0.15625 -0.012170955
0.203125 0.15625 -0.00849709627
0.203125 0.15625 -0.00482323751
0.203125 0.15625 -0.00114937875
0.203125 0.15625 0.00252448001
0.203125 0.15625 0.00619833877
0.203125 0.15625 0.00987219752
0.203125 0.15625 0.0135460563
0.203125 0.15625 0.017219915
0.203125 0.15625 0.0208937738
0.203125 0.15625 0.0245676326
0.203125 0.15625 0.0282414913
0.203125 0.166666667 -0.0195186725
0.203125 0.166666667 -0.0158448138
0.203125 0.166666667 -0.012170955
0.203125 0.166666667 -0.00849709627
0.203125 0.166666667 -0.00482323751
0.203125 0.166666667 -0.00114937875
0.203125 0.166666667 0.00252448001
0.203125 0.166666667 0.00619833877
0.203125 0.166666667 0.00987219752
0.203125 0.166666667 0.0135460563
0.203125 0.166666667 0.017219915
0.203125 0.166666667 0.0208937738
0.203125 0.166666667 0.0245676326
0.203125 0.166666667 0.0282414913
0.203125 0.177083333 -0.0231925313
0.203125 0.177083333 -0.0195186725
0.203125 0.177083333 -0.012170955
0.203125 0.177083333 -0.00849709627
0.203125 0.177083333 -0.00482323751
0.203125 0.177083333 -0.00114937875
0.203125 0.177083333 0.00252448001
0.203125 0.177083333 0.00619833877
0.203125 0.177083333 0.00987219752
0.203125 0.177083333 0.0135460563
0.203125 0.177083333 0.017219915
0.203125 0.177083333 0.0208937738
0.203125 0.177083333 0.0245676326
0.203125 0.177083333 0.0282414913
0.203125 0.1875 -0.00114937875
0.203125 0.1875 0.00252448001
0.203125 0.1875 0.017219915
3 2 1 0
3 0 3 2
3 6 5 4
3 4 7 6
3 1 8 0
3 0 8 3
3 11 10 9
3 13 12 9
3 9 12 11
3 15 14 13
3 13 14 12
3 15 16 14
3 5 17 4
3 17 18 4
3 18 19 4
3 20 7 4
3 20 4 19
3 22 21 19
3 19 21 20
3 22 23 21
3 26 25 24
3 24 27 26
3 30 29 28
3 28 31 30
3 10 32 9
3 34 33 32
3 33 9 32
3 33 13 9
3 13 35 15
3 13 33 35
3 16 15 36
3 15 37 36
3 15 35 37
3 39 38 37
3 37 38 36
3 41 40 39
3 39 40 38
3 41 42 40
3 18 43 19
3 45 44 43
3 44 19 43
3 44 22 19
3 23 22 46
3 46 22 44
3 25 47 24
3 47 48 24
3 48 49 24
3 50 27 24
3 50 24 49
3 50 49 29
3 49 28 29
3 49 51 28
3 31 28 52
3 28 53 52
3 28 51 53
3 55 54 53
3 53 54 52
3 57 56 55
3 55 56 54
3 59 58 57
3 58 33 57
3 34 56 57
3 34 57 33
3 61 60 58
3 60 33 58
3 60 35 33
3 35 62 37
3 35 60 62
3 37 63 39
3 37 62 63
3 39 64 41
3 39 63 64
3 42 41 65
3 41 66 65
3 41 64 66
3 68 67 66
3 66 67 65
3 70 69 68
3 68 69 67
3 72 71 70
3 71 44 70
3 45 69 70
3 45 70 44
3 71 73 44
3 73 74 44
3 75 46 44
3 75 44 74
3 74 76 75
3 79 78 77
3 79 77 48
3 77 49 48
3 77 80 49
3 82 51 81
3 51 80 81
3 51 49 80
3 84 83 82
3 83 51 82
3 83 53 51
3 53 85 55
3 53 83 85
3 55 86 57
3 55 85 86
3 59 57 87
3 57 88 87
3 57 86 88
3 87 88 61
3 88 60 61
3 88 89 60
3 60 90 62
3 60 89 90
3 62 91 63
3 62 90 91
3 63 92 64
3 63 91 92
3 64 93 66
3 64 92 93
3 66 94 68
3 66 93 94
3 68 95 70
3 68 94 95
3 72 70 96
3 70 97 96
3 70 95 97
3 99 98 97
3 98 74 97
3 73 96 97
3 73 97 74
3 74 98 76
3 77 78 100
3 100 78 101
3 77 102 80
3 77 100 102
3 81 80 103
3 80 104 103
3 80 102 104
3 103 104 84
3 104 83 84
3 104 105 83
3 83 106 85
3 83 105 106
3 85 107 86
3 85 106 107
3 86 108 88
3 86 107 108
3 88 109 89
3 88 108 109
3 89 110 90
3 89 109 110
3 90 111 91
3 90 110 111
3 91 112 92
3 91 111 112
3 92 113 93
3 92 112 113
3 93 114 94
3 93 113 114
3 94 115 95
3 94 114 115
3 95 116 97
3 95 115 116
3 99 97 117
3 117 97 116
3 100 101 118
3 118 101 119
3 121 102 120
3 102 118 120
3 102 100 118
3 123 122 121
3 122 102 121
3 122 104 102
3 104 124 105
3 104 122 124
3 105 125 106
3 105 124 125
3 106 126 107
3 106 125 126
3 107 127 108
3 107 126 127
3 108 128 109
3 108 127 128
3 109 129 110
3 109 128 129
3 110 130 111
3 110 129 130
3 111 131 112
3 111 130 131
3 112 132 113
3 112 131 132
3 113 133 114
3 113 132 133
3 114 134 115
3 114 133 134
3 115 135 116
3 115 134 135
3 117 116 136
3 136 116 135
3 119 137 118
3 137 138 118
3 138 139 118
3 140 120 118
3 140 118 139
3 140 139 123
3 139 122 123
3 139 141 122
3 122 142 124
3 122 141 142
3 124 143 125
3 124 142 143
3 125 144 126
3 125 143 144
3 126 145 127
3 126 144 145
3 127 146 128
3 127 145 146
3 128 147 129
3 128 146 147
3 129 148 130
3 129 147 148
3 130 149 131
3 130 148 149
3 131 150 132
3 131 149 150
3 132 151 133
3 132 150 151
3 133 152 134
3 133 151 152
3 134 153 135
3 134 152 153
3 136 135 154
3 135 155 154
3 135 153 155
3 155 156 154
3 159 158 157
3 157 160 159
3 138 161 139
3 163 162 161
3 162 139 161
3 162 141 139
3 141 164 142
3 141 162 164
3 142 165 143
3 142 164 165
3 143 166 144
3 143 165 166
3 144 167 145
3 144 166 167
3 145 168 146
3 145 167 168
3 146 169 147
3 146 168 169
3 147 170 148
3 147 169 170
3 148 171 149
3 148 170 171
3 149 172 150
3 149 171 172
3 150 173 151
3 150 172 173
3 151 174 152
3 151 173 174
3 152 175 153
3 152 174 175
3 177 155 176
3 155 175 176
3 155 153 175
3 155 177 156
3 158 178 157
3 157 178 160
3 181 180 179
3 181 179 163
3 179 162 163
3 179 182 162
3 162 183 164
3 162 182 183
3 164 184 165
3 164 183 184
3 165 185 166
3 165 184 185
3 166 186 167
3 166 185 186
3 167 187 168
3 167 186 187
3 168 188 169
3 168 187 188
3 169 189 170
3 169 188 189
3 170 190 171
3 170 189 190
3 171 191 172
3 171 190 191
3 172 192 173
3 172 191 192
3 173 193 174
3 173 192 193
3 174 194 175
3 174 193 194
3 176 175 195
3 195 175 194
3 198 197 196
3 196 199 198
3 179 180 200
3 200 180 201
3 179 202 182
3 179 200 202
3 182 203 183
3 182 202 203
3 183 204 184
3 183 203 204
3 184 205 185
3 184 204 205
3 185 206 186
3 185 205 206
3 186 207 187
3 186 206 207
3 187 208 188
3 187 207 208
3 188 209 189
3 188 208 209
3 189 210 190
3 189 209 210
3 190 211 191
3 190 210 211
3 191 212 192
3 191 211 212
3 192 213 193
3 192 212 213
3 193 214 194
3 193 213 214
3 195 194 215
3 215 194 214
3 197 216 196
3 216 217 196
3 217 218 196
3 219 199 196
3 219 196 218
3 219 218 201
3 218 200 201
3 218 220 200
3 200 221 202
3 200 220 221
3 202 222 203
3 202 221 222
3 203 223 204
3 203 222 223
3 204 224 205
3 204 223 224
3 205 225 206
3 205 224 225
3 206 226 207
3 206 225 226
3 207 227 208
3 207 226 227
3 208 228 209
3 208 227 228
3 209 229 210
3 209 228 229
3 210 230 211
3 210 229 230
3 211 231 212
3 211 230 231
3 212 232 213
3 212 231 232
3 234 214 233
3 214 232 233
3 214 213 232
3 214 234 215
3 237 236 235
3 239 238 235
3 238 218 235
3 217 237 235
3 217 235 218
3 218 238 220
3 220 238 240
3 242 241 240
3 241 220 240
3 241 221 220
3 221 243 222
3 221 241 243
3 222 244 223
3 222 243 244
3 223 245 224
3 223 244 245
3 224 246 225
3 224 245 246
3 225 247 226
3 225 246 247
3 226 248 227
3 226 247 248
3 227 249 228
3 227 248 249
3 228 250 229
3 228 249 250
3 229 251 230
3 229 250 251
3 230 252 231
3 230 251 252
3 231 253 232
3 231 252 253
3 233 232 254
3 232 255 254
3 232 253 255
3 255 256 254
3 236 257 235
3 257 258 235
3 258 259 235
3 260 239 235
3 260 235 259
3 262 261 259
3 259 261 260
3 261 262 242
3 262 241 242
3 262 263 241
3 241 264 243
3 241 263 264
3 243 265 244
3 243 264 265
3 244 266 245
3 244 265 266
3 245 267 246
3 245 266 267
3 246 268 247
3 246 267 268
3 247 269 248
3 247 268 269
3 248 270 249
3 248 269 270
3 249 271 250
3 249 270 271
3 250 272 251
3 250 271 272
3 251 273 252
3 251 272 273
3 252 274 253
3 252 273 274
3 253 275 255
3 253 274 275
3 256 255 276
3 276 255 275
3 279 278 277
3 281 280 277
3 280 259 277
3 258 279 277
3 258 277 259
3 259 280 262
3 262 280 282
3 284 283 282
3 283 262 282
3 283 263 262
3 263 285 264
3 263 283 285
3 264 286 265
3 264 285 286
3 265 287 266
3 265 286 287
3 266 288 267
3 266 287 288
3 267 289 268
3 267 288 289
3 268 290 269
3 268 289 290
3 269 291 270
3 269 290 291
3 270 292 271
3 270 291 292
3 271 293 272
3 271 292 293
3 272 294 273
3 272 293 294
3 273 295 274
3 273 294 295
3 274 296 275
3 274 295 296
3 276 275 297
3 297 275 296
3 278 298 277
3 277 298 281
3 301 300 299
3 301 299 284
3 299 283 284
3 299 302 283
3 283 303 285
3 283 302 303
3 285 304 286
3 285 303 304
3 286 305 287
3 286 304 305
3 287 306 288
3 287 305 306
3 288 307 289
3 288 306 307
3 289 308 290
3 289 307 308
3 290 309 291
3 290 308 309
3 291 310 292
3 291 309 310
3 292 311 293
3 292 310 311
3 293 312 294
3 293 311 312
3 294 313 295
3 294 312 313
3 295 314 296
3 295 313 314
3 297 296 315
3 296 316 315
3 296 314 316
3 316 317 315
3 320 319 318
3 322 321 318
3 318 321 320
3 321 322 300
3 322 299 300
3 322 323 299
3 299 324 302
3 299 323 324
3 302 325 303
3 302 324 325
3 303 326 304
3 303 325 326
3 304 327 305
3 304 326 327
3 305 328 306
3 305 327 328
3 306 329 307
3 306 328 329
3 307 330 308
3 307 329 330
3 308 331 309
3 308 330 331
3 309 332 310
3 309 331 332
3 310 333 311
3 310 332 333
3 311 334 312
3 311 333 334
3 312 335 313
3 312 334 335
3 313 336 314
3 313 335 336
3 338 316 337
3 316 336 337
3 316 314 336
3 316 338 317
3 319 339 318
3 318 339 322
3 322 339 340
3 342 341 340
3 341 322 340
3 341 323 322
3 323 343 324
3 323 341 343
3 324 344 325
3 324 343 344
3 325 345 326
3 325 344 345
3 326 346 327
3 326 345 346
3 327 347 328
3 327 346 347
3 328 348 329
3 328 347 348
3 329 349 330
3 329 348 349
3 330 350 331
3 330 349 350
3 331 351 332
3 331 350 351
3 332 352 333
3 332 351 352
3 333 353 334
3 333 352 353
3 334 354 335
3 334 353 354
3 335 355 336
3 335 354 355
3 337 336 356
3 336 357 356
3 336 355 357
3 357 358 356
3 361 360 359
3 363 362 359
3 359 362 361
3 362 363 342
3 363 341 342
3 363 364 341
3 341 365 343
3 341 364 365
3 343 366 344
3 343 365 366
3 344 367 345
3 344 366 367
3 345 368 346
3 345 367 368
3 346 369 347
3 346 368 369
3 347 370 348
3 347 369 370
3 348 371 349
3 348 370 371
3 349 372 350
3 349 371 372
3 350 373 351
3 350 372 373
3 351 374 352
3 351 373 374
3 352 375 353
3 352 374 375
3 353 376 354
3 353 375 376
3 354 377 355
3 354 376 377
3 379 357 378
3 357 377 378
3 357 355 377
3 357 379 358
3 360 380 359
3 359 380 363
3 363 380 381
3 383 382 381
3 382 363 381
3 382 364 363
3 364 384 365
3 364 382 384
3 365 385 366
3 365 384 385
3 366 386 367
3 366 385 386
3 367 387 368
3 367 386 387
3 368 388 369
3 368 387 388
3 369 389 370
3 369 388 389
3 370 390 371
3 370 389 390
3 371 391 372
3 371 390 391
3 372 392 373
3 372 391 392
3 373 393 374
3 373 392 393
3 374 394 375
3 374 393 394
3 375 395 376
3 375 394 395
3 397 377 396
3 377 395 396
3 377 376 395
3 377 397 378
3 400 399 398
3 400 398 383
3 398 382 383
3 398 401 382
3 382 402 384
3 382 401 402
3 384 403 385
3 384 402 403
3 385 404 386
3 385 403 404
3 386 405 387
3 386 404 405
3 387 406 388
3 387 405 406
3 388 407 389
3 388 406 407
3 389 408 390
3 389 407 408
3 390 409 391
3 390 408 409
3 391 410 392
3 391 409 410
3 392 411 393
3 392 410 411
3 393 412 394
3 393 411 412
3 394 413 395
3 394 412 413
3 396 395 414
3 395 415 414
3 395 413 415
3 415 416 414
3 399 417 398
3 398 417 401
3 401 417 418
3 420 419 418
3 419 401 418
3 419 402 401
3 402 421 403
3 402 419 421
3 403 422 404
3 403 421 422
3 404 423 405
3 404 422 423
3 405 424 406
3 405 423 424
3 406 425 407
3 406 424 425
3 407 426 408
3 407 425 426
3 408 427 409
3 408 426 427
3 409 428 410
3 409 427 428
3 410 429 411
3 410 428 429
3 411 430 412
3 411 429 430
3 412 431 413
3 412 430 431
3 413 432 415
3 413 431 432
3 416 415 433
3 433 415 432
3 436 435 434
3 438 437 434
3 434 437 436
3 437 438 420
3 438 419 420
3 438 439 419
3 419 440 421
3 419 439 440
3 421 441 422
3 421 440 441
3 422 442 423
3 422 441 442
3 423 443 424
3 423 442 443
3 424 444 425
3 424 443 444
3 425 445 426
3 425 444 445
3 426 446 427
3 426 445 446
3 427 447 428
3 427 446 447
3 428 448 429
3 428 447 448
3 429 449 430
3 429 448 449
3 430 450 431
3 430 449 450
3 431 451 432
3 431 450 451
3 433 432 452
3 452 432 451
3 435 453 434
3 434 453 438
3 438 453 454
3 456 455 454
3 455 438 454
3 455 439 438
3 439 457 440
3 439 455 457
3 440 458 441
3 440 457 458
3 441 459 442
3 441 458 459
3 442 460 443
3 442 459 460
3 443 461 444
3 443 460 461
3 444 462 445
3 444 461 462
3 445 463 446
3 445 462 463
3 446 464 447
3 446 463 464
3 447 465 448
3 447 464 465
3 448 466 449
3 448 465 466
3 449 467 450
3 449 466 467
3 450 468 451
3 450 467 468
3 452 451 469
3 469 451 468
3 455 456 470
3 470 456 471
3 455 472 457
3 455 470 472
3 457 473 458
3 457 472 473
3 458 474 459
3 458 473 474
3 459 475 460
3 459 474 475
3 460 476 461
3 460 475 476
3 461 477 462
3 461 476 477
3 462 478 463
3 462 477 478
3 463 479 464
3 463 478 479
3 464 480 465
3 464 479 480
3 465 481 466
3 465 480 481
3 466 482 467
3 466 481 482
3 467 483 468
3 467 482 483
3 469 468 484
3 484 468 483
3 487 486 485
3 489 488 485
3 485 488 487
3 488 489 471
3 489 470 471
3 489 490 470
3 470 491 472
3 470 490 491
3 472 492 473
3 472 491 492
3 473 493 474
3 473 492 493
3 474 494 475
3 474 493 494
3 475 495 476
3 475 494 495
3 476 496 477
3 476 495 496
3 477 497 478
3 477 496 497
3 478 498 479
3 478 497 498
3 479 499 480
3 479 498 499
3 480 500 481
3 480 499 500
3 481 501 482
3 481 500 501
3 482 502 483
3 482 501 502
3 484 483 503
3 503 483 502
3 486 504 485
3 485 504 489
3 489 504 505
3 507 506 505
3 506 489 505
3 506 490 489
3 490 508 491
3 490 506 508
3 491 509 492
3 491 508 509
3 492 510 493
3 492 509 510
3 493 511 494
3 493 510 511
3 494 512 495
3 494 511 512
3 495 513 496
3 495 512 513
3 496 514 497
3 496 513 514
3 497 515 498
3 497 514 515
3 498 516 499
3 498 515 516
3 499 517 500
3 499 516 517
3 500 518 501
3 500 517 518
3 501 519 502
3 501 518 519
3 503 502 520
3 520 502 519
3 523 522 521
3 525 524 521
3 521 524 523
3 524 525 507
3 525 506 507
3 525 526 506
3 506 527 508
3 506 526 527
3 508 528 509
3 508 527 528
3 509 529 510
3 509 528 529
3 510 530 511
3 510 529 530
3 511 531 512
3 511 530 531
3 512 532 513
3 512 531 532
3 513 533 514
3 513 532 533
3 514 534 515
3 514 533 534
3 515 535 516
3 515 534 535
3 516 536 517
3 516 535 536
3 517 537 518
3 517 536 537
3 518 538 519
3 518 537 538
3 520 519 539
3 539 519 538
3 542 541 540
3 544 543 540
3 543 521 540
3 522 542 540
3 522 540 521
3 521 543 525
3 525 543 545
3 525 545 526
3 526 545 546
3 548 547 546
3 547 526 546
3 547 527 526
3 527 549 528
3 527 547 549
3 528 550 529
3 528 549 550
3 529 551 530
3 529 550 551
3 530 552 531
3 530 551 552
3 531 553 532
3 531 552 553
3 532 554 533
3 532 553 554
3 533 555 534
3 533 554 555
3 534 556 535
3 534 555 556
3 535 557 536
3 535 556 557
3 536 558 537
3 536 557 558
3 560 538 559
3 538 558 559
3 538 537 558
3 538 560 539
3 541 561 540
3 540 561 544
3 564 563 562
3 566 565 562
3 562 565 564
3 565 566 548
3 566 547 548
3 566 567 547
3 547 568 549
3 547 567 568
3 549 569 550
3 549 568 569
3 550 570 551
3 550 569 570
3 551 571 552
3 551 570 571
3 552 572 553
3 552 571 572
3 553 573 554
3 553 572 573
3 554 574 555
3 554 573 574
3 555 575 556
3 555 574 575
3 556 576 557
3 556 575 576
3 557 577 558
3 557 576 577
3 559 558 578
3 558 579 578
3 558 577 579
3 579 580 578
3 583 582 581
3 583 581 563
3 581 562 563
3 581 584 562
3 562 585 566
3 562 584 585
3 566 586 567
3 566 585 586
3 567 587 568
3 567 586 587
3 568 588 569
3 568 587 588
3 569 589 570
3 569 588 589
3 570 590 571
3 570 589 590
3 571 591 572
3 571 590 591
3 572 592 573
3 572 591 592
3 573 593 574
3 573 592 593
3 574 594 575
3 574 593 594
3 575 595 576
3 575 594 595
3 576 596 577
3 576 595 596
3 577 597 579
3 577 596 597
3 580 579 598
3 598 579 597
3 601 600 599
3 601 599 582
3 599 581 582
3 599 602 581
3 604 584 603
3 584 602 603
3 584 581 602
3 606 605 604
3 605 584 604
3 605 585 584
3 585 607 586
3 585 605 607
3 586 608 587
3 586 607 608
3 587 609 588
3 587 608 609
3 588 610 589
3 588 609 610
3 589 611 590
3 589 610 611
3 590 612 591
3 590 611 612
3 591 613 592
3 591 612 613
3 592 614 593
3 592 613 614
3 593 615 594
3 593 614 615
3 594 616 595
3 594 615 616
3 595 617 596
3 595 616 617
3 619 597 618
3 597 617 618
3 597 596 617
3 597 619 598
3 600 620 599
3 622 621 620
3 621 599 620
3 621 602 599
3 603 602 623
3 602 624 623
3 602 621 624
3 623 624 606
3 624 605 606
3 624 625 605
3 605 626 607
3 605 625 626
3 607 627 608
3 607 626 627
3 608 628 609
3 608 627 628
3 609 629 610
3 609 628 629
3 610 630 611
3 610 629 630
3 632 612 631
3 612 630 631
3 612 611 630
3 612 632 613
3 613 632 633
3 635 634 633
3 634 613 633
3 634 614 613
3 614 636 615
3 614 634 636
3 615 637 616
3 615 636 637
3 616 638 617
3 616 637 638
3 618 617 639
3 639 617 638
3 642 641 640
3 644 643 640
3 643 621 640
3 622 642 640
3 622 640 621
3 646 645 643
3 645 621 643
3 645 624 621
3 624 647 625
3 624 645 647
3 625 648 626
3 625 647 648
3 650 627 649
3 627 648 649
3 627 626 648
3 627 650 628
3 628 650 651
3 628 651 629
3 629 651 652
3 629 652 630
3 630 652 653
3 630 653 631
3 656 655 654
3 656 654 635
3 654 634 635
3 654 657 634
3 634 658 636
3 634 657 658
3 636 659 637
3 636 658 659
3 637 660 638
3 637 659 660
3 639 638 661
3 661 638 660
3 664 663 662
3 666 665 662
3 665 640 662
3 641 664 662
3 641 662 640
3 665 667 640
3 667 668 640
3 669 644 640
3 669 640 668
3 671 670 668
3 670 645 668
3 646 669 668
3 646 668 645
3 645 670 647
3 647 670 672
3 647 672 648
3 648 672 673
3 648 673 649
3 676 675 674
3 676 674 655
3 674 654 655
3 674 677 654
3 654 678 657
3 654 677 678
3 680 658 679
3 658 678 679
3 658 657 678
3 658 680 659
3 659 680 681
3 659 681 660
3 660 681 682
3 660 682 661
3 663 683 662
3 662 683 666
3 667 684 668
3 668 684 671
3 687 686 685
3 689 688 685
3 688 674 685
3 675 687 685
3 675 685 674
3 674 688 677
3 677 688 690
3 677 690 678
3 678 690 691
3 678 691 679
3 686 692 685
3 685 692 689
3 695 694 693
3 697 696 693
3 693 696 695
3 699 698 697
3 697 698 696
3 699 700 698
3 703 702 701
3 705 704 701
3 701 704 703
3 707 706 705
3 705 706 704
3 709 708 707
3 707 708 706
3 711 710 709
3 709 710 708
3 713 712 711
3 711 712 710
3 715 714 713
3 713 714 712
3 717 716 715
3 715 716 714
3 719 718 717
3 717 718 716
3 721 720 719
3 719 720 718
3 720 721 694
3 721 693 694
3 721 722 693
3 693 723 697
3 693 722 723
3 697 724 699
3 697 723 724
3 700 699 725
3 699 726 725
3 699 724 726
3 728 727 726
3 726 727 725
3 730 729 728
3 728 729 727
3 732 731 730
3 730 731 729
3 734 733 732
3 732 733 731
3 736 735 734
3 734 735 733
3 738 737 736
3 736 737 735
3 740 739 738
3 738 739 737
3 742 741 740
3 740 741 739
3 742 743 741
3 701 702 744
3 744 702 745
3 701 746 705
3 701 744 746
3 705 747 707
3 705 746 747
3 707 748 709
3 707 747 748
3 709 749 711
3 709 748 749
3 711 750 713
3 711 749 750
3 713 751 715
3 713 750 751
3 715 752 717
3 715 751 752
3 717 753 719
3 717 752 753
3 753 1 2
3 721 753 2
3 719 753 721
3 721 2 3
3 754 721 3
3 722 721 754
3 722 755 723
3 722 754 755
3 723 756 724
3 723 755 756
3 724 757 726
3 724 756 757
3 726 758 728
3 726 757 758
3 728 759 730
3 728 758 759
3 730 760 732
3 730 759 760
3 732 761 734
3 732 760 761
3 761 5 6
3 736 761 6
3 734 761 736
3 736 6 7
3 762 736 7
3 738 736 762
3 738 763 740
3 738 762 763
3 740 764 742
3 740 763 764
3 743 742 765
3 742 766 765
3 742 764 766
3 766 767 765
3 744 745 768
3 768 745 769
3 744 770 746
3 744 768 770
3 746 771 747
3 746 770 771
3 747 772 748
3 747 771 772
3 748 773 749
3 748 772 773
3 749 774 750
3 749 773 774
3 750 775 751
3 750 774 775
3 751 776 752
3 751 775 776
3 752 777 753
3 752 776 777
3 778 8 1
3 753 778 1
3 777 778 753
3 754 3 8
3 778 754 8
3 779 754 778
3 779 10 11
3 755 779 11
3 754 779 755
3 755 11 12
3 755 12 756
3 756 12 14
3 756 14 757
3 757 14 16
3 780 757 16
3 758 757 780
3 758 781 759
3 758 780 781
3 759 782 760
3 759 781 782
3 760 783 761
3 760 782 783
3 784 17 5
3 761 784 5
3 783 784 761
3 20 762 7
3 18 17 784
3 762 20 21
3 762 21 763
3 763 21 23
3 785 763 23
3 764 763 785
3 764 786 766
3 764 785 786
3 767 766 787
3 787 766 786
3 769 788 768
3 790 789 788
3 789 768 788
3 789 770 768
3 770 791 771
3 770 789 791
3 771 792 772
3 771 791 792
3 772 793 773
3 772 792 793
3 773 794 774
3 773 793 794
3 794 25 26
3 775 794 26
3 774 794 775
3 775 26 27
3 795 775 27
3 776 775 795
3 795 29 30
3 777 795 30
3 776 795 777
3 777 30 31
3 796 777 31
3 778 777 796
3 778 797 779
3 778 796 797
3 798 32 10
3 779 798 10
3 797 798 779
3 798 34 32
3 36 780 16
3 780 36 38
3 780 38 781
3 781 38 40
3 781 40 782
3 782 40 42
3 799 782 42
3 783 782 799
3 783 800 784
3 783 799 800
3 801 43 18
3 784 801 18
3 800 801 784
3 801 45 43
3 46 802 785
3 46 785 23
3 785 803 786
3 785 802 803
3 787 786 804
3 804 786 803
3 789 790 805
3 805 790 806
3 789 807 791
3 789 805 807
3 791 808 792
3 791 807 808
3 792 809 793
3 792 808 809
3 793 810 794
3 793 809 810
3 811 47 25
3 794 811 25
3 810 811 794
3 50 795 27
3 48 47 811
3 795 50 29
3 52 796 31
3 796 52 54
3 796 54 797
3 797 54 56
3 797 56 798
3 34 798 56
3 58 59 812
3 812 61 58
3 65 799 42
3 799 65 67
3 799 67 800
3 800 67 69
3 800 69 801
3 45 801 69
3 71 72 813
3 75 802 46
3 73 71 813
3 802 75 76
3 814 802 76
3 803 802 814
3 804 803 815
3 815 803 814
3 805 806 816
3 816 806 817
3 805 818 807
3 805 816 818
3 807 819 808
3 807 818 819
3 808 820 809
3 808 819 820
3 809 821 810
3 809 820 821
3 821 78 79
3 811 821 79
3 810 821 811
3 811 79 48
3 81 822 82
3 822 84 82
3 87 812 59
3 812 87 61
3 96 813 72
3 73 813 96
3 98 99 823
3 814 76 98
3 823 814 98
3 824 814 823
3 815 814 825
3 825 814 824
3 816 817 826
3 826 817 827
3 816 828 818
3 816 826 828
3 818 829 819
3 818 828 829
3 819 830 820
3 819 829 830
3 820 831 821
3 820 830 831
3 831 101 78
3 831 78 821
3 103 822 81
3 822 103 84
3 117 832 823
3 117 823 99
3 823 833 824
3 823 832 833
3 825 824 834
3 834 824 833
3 837 836 835
3 837 835 827
3 835 826 827
3 835 838 826
3 826 839 828
3 826 838 839
3 828 840 829
3 828 839 840
3 829 841 830
3 829 840 841
3 830 842 831
3 830 841 842
3 842 119 101
3 842 101 831
3 120 843 121
3 843 123 121
3 136 844 832
3 136 832 117
3 832 845 833
3 832 844 845
3 834 833 846
3 846 833 845
3 835 836 847
3 847 836 848
3 835 849 838
3 835 847 849
3 838 850 839
3 838 849 850
3 839 851 840
3 839 850 851
3 840 852 841
3 840 851 852
3 841 853 842
3 841 852 853
3 854 137 119
3 842 854 119
3 853 854 842
3 140 843 120
3 138 137 854
3 843 140 123
3 154 844 136
3 844 154 156
3 855 844 156
3 845 844 855
3 846 845 856
3 856 845 855
3 847 848 857
3 857 848 858
3 847 859 849
3 847 857 859
3 849 860 850
3 849 859 860
3 850 861 851
3 850 860 861
3 851 862 852
3 851 861 862
3 862 158 159
3 853 862 159
3 852 862 853
3 853 159 160
3 863 853 160
3 854 853 863
3 864 161 138
3 854 864 138
3 863 864 854
3 864 163 161
3 176 865 177
3 855 156 177
3 865 855 177
3 866 855 865
3 856 855 867
3 867 855 866
3 857 858 868
3 868 858 869
3 857 870 859
3 857 868 870
3 859 871 860
3 859 870 871
3 860 872 861
3 860 871 872
3 861 873 862
3 861 872 873
3 874 178 158
3 862 874 158
3 873 874 862
3 863 160 178
3 874 863 178
3 875 863 874
3 875 180 181
3 864 875 181
3 863 875 864
3 864 181 163
3 195 876 865
3 195 865 176
3 865 877 866
3 865 876 877
3 867 866 878
3 878 866 877
3 868 869 879
3 879 869 880
3 868 881 870
3 868 879 881
3 870 882 871
3 870 881 882
3 871 883 872
3 871 882 883
3 872 884 873
3 872 883 884
3 884 197 198
3 874 884 198
3 873 884 874
3 874 198 199
3 885 874 199
3 875 874 885
3 885 201 180
3 885 180 875
3 215 886 876
3 215 876 195
3 876 887 877
3 876 886 887
3 878 877 888
3 888 877 887
3 879 880 889
3 889 880 890
3 879 891 881
3 879 889 891
3 881 892 882
3 881 891 892
3 882 893 883
3 882 892 893
3 883 894 884
3 883 893 894
3 895 216 197
3 884 895 197
3 894 895 884
3 219 885 199
3 217 216 895
3 885 219 201
3 233 896 234
3 886 215 234
3 896 886 234
3 897 886 896
3 886 898 887
3 886 897 898
3 888 887 899
3 899 887 898
3 889 890 900
3 900 890 901
3 889 902 891
3 889 900 902
3 891 903 892
3 891 902 903
3 892 904 893
3 892 903 904
3 893 905 894
3 893 904 905
3 905 236 237
3 895 905 237
3 894 905 895
3 217 895 237
3 238 239 906
3 907 240 238
3 907 238 906
3 907 242 240
3 254 896 233
3 896 254 256
3 908 896 256
3 897 896 908
3 897 909 898
3 897 908 909
3 899 898 910
3 910 898 909
3 900 901 911
3 911 901 912
3 900 913 902
3 900 911 913
3 902 914 903
3 902 913 914
3 903 915 904
3 903 914 915
3 904 916 905
3 904 915 916
3 917 257 236
3 905 917 236
3 916 917 905
3 260 906 239
3 258 257 917
3 906 260 261
3 906 261 907
3 907 261 242
3 276 918 908
3 276 908 256
3 908 919 909
3 908 918 919
3 910 909 920
3 920 909 919
3 911 912 921
3 921 912 922
3 911 923 913
3 911 921 923
3 913 924 914
3 913 923 924
3 914 925 915
3 914 924 925
3 915 926 916
3 915 925 926
3 926 278 279
3 917 926 279
3 916 926 917
3 258 917 279
3 280 281 927
3 928 282 280
3 928 280 927
3 928 284 282
3 297 929 918
3 297 918 276
3 918 930 919
3 918 929 930
3 920 919 931
3 931 919 930
3 921 922 932
3 932 922 933
3 921 934 923
3 921 932 934
3 923 935 924
3 923 934 935
3 924 936 925
3 924 935 936
3 925 937 926
3 925 936 937
3 938 298 278
3 926 938 278
3 937 938 926
3 927 281 298
3 938 927 298
3 939 927 938
3 939 300 301
3 928 939 301
3 927 939 928
3 928 301 284
3 315 929 297
3 929 315 317
3 940 929 317
3 930 929 940
3 931 930 941
3 941 930 940
3 932 933 942
3 942 933 943
3 932 944 934
3 932 942 944
3 934 945 935
3 934 944 945
3 935 946 936
3 935 945 946
3 936 947 937
3 936 946 947
3 947 319 320
3 938 947 320
3 937 947 938
3 938 320 321
3 938 321 939
3 939 321 300
3 337 948 338
3 940 317 338
3 948 940 338
3 949 940 948
3 941 940 950
3 950 940 949
3 942 943 951
3 951 943 952
3 942 953 944
3 942 951 953
3 944 954 945
3 944 953 954
3 945 955 946
3 945 954 955
3 946 956 947
3 946 955 956
3 957 339 319
3 947 957 319
3 956 957 947
3 958 340 339
3 958 339 957
3 958 342 340
3 356 948 337
3 948 356 358
3 959 948 358
3 949 948 959
3 950 949 960
3 960 949 959
3 951 952 961
3 961 952 962
3 951 963 953
3 951 961 963
3 953 964 954
3 953 963 964
3 954 965 955
3 954 964 965
3 955 966 956
3 955 965 966
3 966 360 361
3 957 966 361
3 956 966 957
3 957 361 362
3 957 362 958
3 958 362 342
3 378 967 379
3 959 358 379
3 967 959 379
3 968 959 967
3 960 959 969
3 969 959 968
3 961 962 970
3 970 962 971
3 961 972 963
3 961 970 972
3 963 973 964
3 963 972 973
3 964 974 965
3 964 973 974
3 965 975 966
3 965 974 975
3 976 380 360
3 966 976 360
3 975 976 966
3 977 381 380
3 977 380 976
3 977 383 381
3 396 978 397
3 967 378 397
3 978 967 397
3 979 967 978
3 967 980 968
3 967 979 980
3 969 968 981
3 981 968 980
3 971 982 970
3 984 983 982
3 983 970 982
3 983 972 970
3 972 985 973
3 972 983 985
3 973 986 974
3 973 985 986
3 974 987 975
3 974 986 987
3 975 988 976
3 975 987 988
3 988 399 400
3 977 988 400
3 976 988 977
3 977 400 383
3 414 978 396
3 978 414 416
3 989 978 416
3 979 978 989
3 979 990 980
3 979 989 990
3 981 980 991
3 991 980 990
3 983 984 992
3 992 984 993
3 983 994 985
3 983 992 994
3 985 995 986
3 985 994 995
3 986 996 987
3 986 995 996
3 987 997 988
3 987 996 997
3 998 417 399
3 988 998 399
3 997 998 988
3 999 418 417
3 999 417 998
3 999 420 418
3 433 1000 989
3 433 989 416
3 989 1001 990
3 989 1000 1001
3 991 990 1002
3 1002 990 1001
3 992 993 1003
3 1003 993 1004
3 992 1005 994
3 992 1003 1005
3 994 1006 995
3 994 1005 1006
3 995 1007 996
3 995 1006 1007
3 996 1008 997
3 996 1007 1008
3 1008 435 436
3 998 1008 436
3 997 1008 998
3 998 436 437
3 998 437 999
3 999 437 420
3 452 1009 1000
3 452 1000 433
3 1000 1010 1001
3 1000 1009 1010
3 1002 1001 1011
3 1011 1001 1010
3 1014 1013 1012
3 1014 1012 1004
3 1012 1003 1004
3 1012 1015 1003
3 1003 1016 1005
3 1003 1015 1016
3 1005 1017 1006
3 1005 1016 1017
3 1006 1018 1007
3 1006 1017 1018
3 1007 1019 1008
3 1007 1018 1019
3 1020 453 435
3 1008 1020 435
3 1019 1020 1008
3 1021 454 453
3 1021 453 1020
3 1021 456 454
3 469 1022 1009
3 469 1009 452
3 1009 1023 1010
3 1009 1022 1023
3 1011 1010 1024
3 1024 1010 1023
3 1012 1013 1025
3 1025 1013 1026
3 1012 1027 1015
3 1012 1025 1027
3 1015 1028 1016
3 1015 1027 1028
3 1016 1029 1017
3 1016 1028 1029
3 1017 1030 1018
3 1017 1029 1030
3 1018 1031 1019
3 1018 1030 1031
3 1019 1032 1020
3 1019 1031 1032
3 1020 1033 1021
3 1020 1032 1033
3 1033 471 456
3 1033 456 1021
3 484 1034 1022
3 484 1022 469
3 1022 1035 1023
3 1022 1034 1035
3 1024 1023 1036
3 1036 1023 1035
3 1025 1026 1037
3 1037 1026 1038
3 1025 1039 1027
3 1025 1037 1039
3 1027 1040 1028
3 1027 1039 1040
3 1028 1041 1029
3 1028 1040 1041
3 1029 1042 1030
3 1029 1041 1042
3 1030 1043 1031
3 1030 1042 1043
3 1043 486 487
3 1032 1043 487
3 1031 1043 1032
3 1032 487 488
3 1032 488 1033
3 1033 488 471
3 503 1044 1034
3 503 1034 484
3 1034 1045 1035
3 1034 1044 1045
3 1036 1035 1046
3 1046 1035 1045
3 1037 1038 1047
3 1047 1038 1048
3 1037 1049 1039
3 1037 1047 1049
3 1039 1050 1040
3 1039 1049 1050
3 1040 1051 1041
3 1040 1050 1051
3 1041 1052 1042
3 1041 1051 1052
3 1042 1053 1043
3 1042 1052 1053
3 1054 504 486
3 1043 1054 486
3 1053 1054 1043
3 1055 505 504
3 1055 504 1054
3 1055 507 505
3 520 1056 1044
3 520 1044 503
3 1044 1057 1045
3 1044 1056 1057
3 1046 1045 1058
3 1058 1045 1057
3 1047 1048 1059
3 1059 1048 1060
3 1047 1061 1049
3 1047 1059 1061
3 1049 1062 1050
3 1049 1061 1062
3 1050 1063 1051
3 1050 1062 1063
3 1051 1064 1052
3 1051 1063 1064
3 1052 1065 1053
3 1052 1064 1065
3 1065 522 523
3 1054 1065 523
3 1053 1065 1054
3 1054 523 524
3 1054 524 1055
3 1055 524 507
3 539 1066 1056
3 539 1056 520
3 1056 1067 1057
3 1056 1066 1067
3 1058 1057 1068
3 1068 1057 1067
3 1059 1060 1069
3 1069 1060 1070
3 1059 1071 1061
3 1059 1069 1071
3 1061 1072 1062
3 1061 1071 1072
3 1062 1073 1063
3 1062 1072 1073
3 1063 1074 1064
3 1063 1073 1074
3 1074 541 542
3 1065 1074 542
3 1064 1074 1065
3 522 1065 542
3 543 544 1075
3 1076 545 543
3 1076 543 1075
3 1077 546 545
3 1077 545 1076
3 1077 548 546
3 559 1078 560
3 1066 539 560
3 1078 1066 560
3 1079 1066 1078
3 1066 1080 1067
3 1066 1079 1080
3 1068 1067 1081
3 1081 1067 1080
3 1069 1070 1082
3 1082 1070 1083
3 1069 1084 1071
3 1069 1082 1084
3 1071 1085 1072
3 1071 1084 1085
3 1072 1086 1073
3 1072 1085 1086
3 1073 1087 1074
3 1073 1086 1087
3 1088 561 541
3 1074 1088 541
3 1087 1088 1074
3 1075 544 561
3 1088 1075 561
3 1089 1075 1088
3 1089 563 564
3 1076 1089 564
3 1075 1089 1076
3 1076 564 565
3 1076 565 1077
3 1077 565 548
3 578 1078 559
3 1078 578 580
3 1090 1078 580
3 1079 1078 1090
3 1079 1091 1080
3 1079 1090 1091
3 1081 1080 1092
3 1092 1080 1091
3 1082 1083 1093
3 1093 1083 1094
3 1082 1095 1084
3 1082 1093 1095
3 1084 1096 1085
3 1084 1095 1096
3 1085 1097 1086
3 1085 1096 1097
3 1086 1098 1087
3 1086 1097 1098
3 1087 1099 1088
3 1087 1098 1099
3 1099 582 583
3 1089 1099 583
3 1088 1099 1089
3 1089 583 563
3 598 1100 1090
3 598 1090 580
3 1090 1101 1091
3 1090 1100 1101
3 1092 1091 1102
3 1102 1091 1101
3 1093 1094 1103
3 1103 1094 1104
3 1093 1105 1095
3 1093 1103 1105
3 1095 1106 1096
3 1095 1105 1106
3 1096 1107 1097
3 1096 1106 1107
3 1097 1108 1098
3 1097 1107 1108
3 1108 600 601
3 1099 1108 601
3 1098 1108 1099
3 1099 601 582
3 603 1109 604
3 1109 606 604
3 618 1110 619
3 1100 598 619
3 1110 1100 619
3 1111 1100 1110
3 1100 1112 1101
3 1100 1111 1112
3 1102 1101 1113
3 1113 1101 1112
3 1103 1104 1114
3 1114 1104 1115
3 1103 1116 1105
3 1103 1114 1116
3 1105 1117 1106
3 1105 1116 1117
3 1106 1118 1107
3 1106 1117 1118
3 1107 1119 1108
3 1107 1118 1119
3 1120 620 600
3 1108 1120 600
3 1119 1120 1108
3 1120 622 620
3 623 1109 603
3 1109 623 606
3 631 1121 632
3 1122 633 632
3 1122 632 1121
3 1122 635 633
3 639 1123 1110
3 639 1110 618
3 1110 1124 1111
3 1110 1123 1124
3 1111 1125 1112
3 1111 1124 1125
3 1113 1112 1126
3 1126 1112 1125
3 1114 1115 1127
3 1127 1115 1128
3 1114 1129 1116
3 1114 1127 1129
3 1116 1130 1117
3 1116 1129 1130
3 1117 1131 1118
3 1117 1130 1131
3 1118 1132 1119
3 1118 1131 1132
3 1132 641 642
3 1120 1132 642
3 1119 1132 1120
3 622 1120 642
3 643 644 1133
3 1133 646 643
3 649 1134 650
3 1135 651 650
3 1135 650 1134
3 1136 652 651
3 1136 651 1135
3 1137 653 652
3 1137 652 1136
3 1121 631 653
3 1137 1121 653
3 1138 1121 1137
3 1138 655 656
3 1122 1138 656
3 1121 1138 1122
3 1122 656 635
3 661 1139 1123
3 661 1123 639
3 1123 1140 1124
3 1123 1139 1140
3 1124 1141 1125
3 1124 1140 1141
3 1126 1125 1142
3 1142 1125 1141
3 1127 1128 1143
3 1143 1128 1144
3 1127 1145 1129
3 1127 1143 1145
3 1129 1146 1130
3 1129 1145 1146
3 1130 1147 1131
3 1130 1146 1147
3 1147 663 664
3 1132 1147 664
3 1131 1147 1132
3 641 1132 664
3 665 666 1148
3 669 1133 644
3 667 665 1148
3 646 1133 669
3 670 671 1149
3 1150 672 670
3 1150 670 1149
3 1151 673 672
3 1151 672 1150
3 1134 649 673
3 1151 1134 673
3 1152 1134 1151
3 1134 1153 1135
3 1134 1152 1153
3 1135 1154 1136
3 1135 1153 1154
3 1136 1155 1137
3 1136 1154 1155
3 1155 675 676
3 1138 1155 676
3 1137 1155 1138
3 1138 676 655
3 679 1156 680
3 1157 681 680
3 1157 680 1156
3 1158 682 681
3 1158 681 1157
3 1139 661 682
3 1158 1139 682
3 1159 1139 1158
3 1139 1160 1140
3 1139 1159 1160
3 1140 1161 1141
3 1140 1160 1161
3 1142 1141 1162
3 1162 1141 1161
3 1143 1144 1163
3 1163 1144 1164
3 1143 1165 1145
3 1143 1163 1165
3 1145 1166 1146
3 1145 1165 1166
3 1146 1167 1147
3 1146 1166 1167
3 1168 683 663
3 1147 1168 663
3 1167 1168 1147
3 1148 666 683
3 1168 1148 683
3 1169 1148 1168
3 1170 684 667
3 1148 1170 667
3 1169 1170 1148
3 1149 671 684
3 1170 1149 684
3 1171 1149 1170
3 1149 1172 1150
3 1149 1171 1172
3 1150 1173 1151
3 1150 1172 1173
3 1151 1174 1152
3 1151 1173 1174
3 1152 1175 1153
3 1152 1174 1175
3 1153 1176 1154
3 1153 1175 1176
3 1176 686 687
3 1155 1176 687
3 1154 1176 1155
3 675 1155 687
3 688 689 1177
3 1178 690 688
3 1178 688 1177
3 1179 691 690
3 1179 690 1178
3 1156 679 691
3 1179 1156 691
3 1180 1156 1179
3 1156 1181 1157
3 1156 1180 1181
3 1157 1182 1158
3 1157 1181 1182
3 1158 1183 1159
3 1158 1182 1183
3 1159 1184 1160
3 1159 1183 1184
3 1160 1185 1161
3 1160 1184 1185
3 1162 1161 1186
3 1186 1161 1185
3 1163 1164 1187
3 1187 1164 1188
3 1163 1189 1165
3 1163 1187 1189
3 1165 1190 1166
3 1165 1189 1190
3 1166 1191 1167
3 1166 1190 1191
3 1167 1192 1168
3 1167 1191 1192
3 1168 1193 1169
3 1168 1192 1193
3 1169 1194 1170
3 1169 1193 1194
3 1170 1195 1171
3 1170 1194 1195
3 1171 1196 1172
3 1171 1195 1196
3 1172 1197 1173
3 1172 1196 1197
3 1173 1198 1174
3 1173 1197 1198
3 1174 1199 1175
3 1174 1198 1199
3 1175 1200 1176
3 1175 1199 1200
3 1201 692 686
3 1176 1201 686
3 1200 1201 1176
3 1177 689 692
3 1201 1177 692
3 1202 1177 1201
3 1177 1203 1178
3 1177 1202 1203
3 1178 1204 1179
3 1178 1203 1204
3 1179 1205 1180
3 1179 1204 1205
3 1180 1206 1181
3 1180 1205 1206
3 1181 1207 1182
3 1181 1206 1207
3 1182 1208 1183
3 1182 1207 1208
3 1183 1209 1184
3 1183 1208 1209
3 1184 1210 1185
3 1184 1209 1210
3 1186 1185 1211
3 1211 1185 1210
3 1188 1212 1187
3 1187 1212 1189
3 1189 1212 1213
3 1189 1213 1190
3 1190 1213 1214
3 1190 1214 1191
3 1191 1214 1215
3 1191 1215 1192
3 1192 1215 1216
3 1192 1216 1193
3 1193 1216 1217
3 1193 1217 1194
3 1194 1217 1218
3 1194 1218 1195
3 1195 1218 1219
3 1195 1219 1196
3 1196 1219 1220
3 1196 1220 1197
3 1197 1220 1221
3 1197 1221 1198
3 1198 1221 1222
3 1198 1222 1199
3 1199 1222 1223
3 1199 1223 1200
3 1200 1223 1224
3 1200 1224 1201
3 1201 1224 1225
3 1201 1225 1202
3 1202 1225 1226
3 1202 1226 1203
3 1203 1226 1227
3 1203 1227 1204
3 1204 1227 1228
3 1204 1228 1205
3 1205 1228 1229
3 1205 1229 1206
3 1206 1229 1230
3 1206 1230 1207
3 1207 1230 1231
3 1207 1231 1208
3 1208 1231 1232
3 1208 1232 1209
3 1209 1232 1233
3 1209 1233 1210
3 1210 1233 1234
3 1210 1234 1211
3 1237 1236 1235
3 1239 1238 1235
3 1235 1238 1237
3 1241 1240 1239
3 1239 1240 1238
3 1243 1242 1241
3 1241 1242 1240
3 694 695 1243
3 695 1242 1243
3 695 1244 1242
3 1245 695 696
3 1245 1244 695
3 1246 696 698
3 1246 1245 696
3 1248 1247 700
3 1247 698 700
3 1247 1246 698
3 1250 1249 1248
3 1248 1249 1247
3 1252 1251 1250
3 1250 1251 1249
3 1254 1253 1252
3 1252 1253 1251
3 1256 1255 1254
3 1254 1255 1253
3 1258 1257 1256
3 1256 1257 1255
3 1260 1259 1258
3 1258 1259 1257
3 1260 1261 1259
3 1263 1262 703
3 703 1262 702
3 1264 703 704
3 1264 1263 703
3 1265 704 706
3 1265 1264 704
3 1266 706 708
3 1266 1265 706
3 1267 708 710
3 1267 1266 708
3 1268 710 712
3 1268 1267 710
3 714 1235 1236
3 1268 714 1236
3 712 714 1268
3 1235 714 716
3 1235 716 1239
3 1239 716 718
3 1239 718 1241
3 1241 718 720
3 1241 720 1243
3 1243 720 694
3 725 1248 700
3 1248 725 727
3 1248 727 1250
3 1250 727 729
3 1250 729 1252
3 1252 729 731
3 1252 731 1254
3 1254 731 733
3 1254 733 1256
3 1256 733 735
3 1256 735 1258
3 1258 735 737
3 1258 737 1260
3 1269 1261 1260
3 737 1269 1260
3 739 1269 737
3 1270 739 741
3 1270 1269 739
3 1272 1271 743
3 1271 741 743
3 1271 1270 741
3 1272 1273 1271
3 1276 1275 1274
3 1278 1277 1274
3 1274 1277 1276
3 1262 1277 1278
3 745 1262 1278
3 702 1262 745
3 765 1272 743
3 1280 1279 767
3 767 1279 765
3 1279 1273 765
3 1273 1272 765
3 1280 1281 1279
3 1274 1275 1282
3 1282 1275 1283
3 1274 1284 1278
3 1274 1282 1284
3 1284 769 745
3 1284 745 1278
3 787 1285 1280
3 787 1280 767
3 1281 1280 1286
3 1286 1280 1285
3 1282 1283 1287
3 1287 1283 1288
3 1282 1289 1284
3 1282 1287 1289
3 1290 788 769
3 1284 1290 769
3 1289 1290 1284
3 1290 790 788
3 804 1291 1285
3 804 1285 787
3 1286 1285 1292
3 1292 1285 1291
3 1288 1293 1287
3 1295 1294 1293
3 1294 1287 1293
3 1294 1289 1287
3 1289 1296 1290
3 1289 1294 1296
3 1296 806 790
3 1296 790 1290
3 815 1297 1291
3 815 1291 804
3 1292 1291 1298
3 1298 1291 1297
3 1294 1295 1299
3 1299 1295 1300
3 1294 1301 1296
3 1294 1299 1301
3 1301 817 806
3 1301 806 1296
3 825 1302 1297
3 825 1297 815
3 1298 1297 1303
3 1303 1297 1302
3 1306 1305 1304
3 1306 1304 1300
3 1304 1299 1300
3 1304 1307 1299
3 1299 1308 1301
3 1299 1307 1308
3 1308 827 817
3 1308 817 1301
3 834 1309 1302
3 834 1302 825
3 1303 1302 1310
3 1310 1302 1309
3 1304 1305 1311
3 1311 1305 1312
3 1304 1313 1307
3 1304 1311 1313
3 1313 836 837
3 1308 1313 837
3 1307 1313 1308
3 1308 837 827
3 846 1314 1309
3 846 1309 834
3 1310 1309 1315
3 1315 1309 1314
3 1311 1312 1316
3 1316 1312 1317
3 1311 1318 1313
3 1311 1316 1318
3 1318 848 836
3 1318 836 1313
3 856 1319 1314
3 856 1314 846
3 1315 1314 1320
3 1320 1314 1319
3 1316 1317 1321
3 1321 1317 1322
3 1316 1323 1318
3 1316 1321 1323
3 1323 858 848
3 1323 848 1318
3 867 1324 1319
3 867 1319 856
3 1320 1319 1325
3 1325 1319 1324
3 1321 1322 1326
3 1326 1322 1327
3 1321 1328 1323
3 1321 1326 1328
3 1328 869 858
3 1328 858 1323
3 878 1329 1324
3 878 1324 867
3 1325 1324 1330
3 1330 1324 1329
3 1326 1327 1331
3 1331 1327 1332
3 1326 1333 1328
3 1326 1331 1333
3 1333 880 869
3 1333 869 1328
3 888 1334 1329
3 888 1329 878
3 1330 1329 1335
3 1335 1329 1334
3 1331 1332 1336
3 1336 1332 1337
3 1331 1338 1333
3 1331 1336 1338
3 1338 890 880
3 1338 880 1333
3 899 1339 1334
3 899 1334 888
3 1335 1334 1340
3 1340 1334 1339
3 1336 1337 1341
3 1341 1337 1342
3 1336 1343 1338
3 1336 1341 1343
3 1343 901 890
3 1343 890 1338
3 910 1344 1339
3 910 1339 899
3 1340 1339 1345
3 1345 1339 1344
3 1341 1342 1346
3 1346 1342 1347
3 1341 1348 1343
3 1341 1346 1348
3 1348 912 901
3 1348 901 1343
3 920 1349 1344
3 920 1344 910
3 1345 1344 1350
3 1350 1344 1349
3 1346 1347 1351
3 1351 1347 1352
3 1346 1353 1348
3 1346 1351 1353
3 1353 922 912
3 1353 912 1348
3 931 1354 1349
3 931 1349 920
3 1350 1349 1355
3 1355 1349 1354
3 1351 1352 1356
3 1356 1352 1357
3 1351 1358 1353
3 1351 1356 1358
3 1358 933 922
3 1358 922 1353
3 941 1359 1354
3 941 1354 931
3 1355 1354 1360
3 1360 1354 1359
3 1356 1357 1361
3 1361 1357 1362
3 1356 1363 1358
3 1356 1361 1363
3 1363 943 933
3 1363 933 1358
3 950 1364 1359
3 950 1359 941
3 1360 1359 1365
3 1365 1359 1364
3 1361 1362 1366
3 1366 1362 1367
3 1361 1368 1363
3 1361 1366 1368
3 1368 952 943
3 1368 943 1363
3 960 1369 1364
3 960 1364 950
3 1365 1364 1370
3 1370 1364 1369
3 1366 1367 1371
3 1371 1367 1372
3 1366 1373 1368
3 1366 1371 1373
3 1373 962 952
3 1373 952 1368
3 969 1374 1369
3 969 1369 960
3 1370 1369 1375
3 1375 1369 1374
3 1371 1372 1376
3 1376 1372 1377
3 1371 1378 1373
3 1371 1376 1378
3 1378 971 962
3 1378 962 1373
3 981 1379 1374
3 981 1374 969
3 1375 1374 1380
3 1380 1374 1379
3 1377 1381 1376
3 1383 1382 1381
3 1382 1376 1381
3 1382 1378 1376
3 1384 982 971
3 1378 1384 971
3 1382 1384 1378
3 1384 984 982
3 991 1385 1379
3 991 1379 981
3 1380 1379 1386
3 1386 1379 1385
3 1382 1383 1387
3 1387 1383 1388
3 1382 1389 1384
3 1382 1387 1389
3 1389 993 984
3 1389 984 1384
3 1002 1390 1385
3 1002 1385 991
3 1386 1385 1391
3 1391 1385 1390
3 1387 1388 1392
3 1392 1388 1393
3 1387 1394 1389
3 1387 1392 1394
3 1394 1004 993
3 1394 993 1389
3 1011 1395 1390
3 1011 1390 1002
3 1391 1390 1396
3 1396 1390 1395
3 1399 1398 1397
3 1399 1397 1393
3 1397 1392 1393
3 1397 1400 1392
3 1400 1013 1014
3 1394 1400 1014
3 1392 1400 1394
3 1394 1014 1004
3 1024 1401 1395
3 1024 1395 1011
3 1396 1395 1402
3 1402 1395 1401
3 1397 1398 1403
3 1403 1398 1404
3 1397 1405 1400
3 1397 1403 1405
3 1405 1026 1013
3 1405 1013 1400
3 1036 1406 1401
3 1036 1401 1024
3 1402 1401 1407
3 1407 1401 1406
3 1403 1404 1408
3 1408 1404 1409
3 1403 1410 1405
3 1403 1408 1410
3 1410 1038 1026
3 1410 1026 1405
3 1046 1411 1406
3 1046 1406 1036
3 1407 1406 1412
3 1412 1406 1411
3 1408 1409 1413
3 1413 1409 1414
3 1408 1415 1410
3 1408 1413 1415
3 1415 1048 1038
3 1415 1038 1410
3 1058 1416 1411
3 1058 1411 1046
3 1412 1411 1417
3 1417 1411 1416
3 1413 1414 1418
3 1418 1414 1419
3 1413 1420 1415
3 1413 1418 1420
3 1420 1060 1048
3 1420 1048 1415
3 1068 1421 1416
3 1068 1416 1058
3 1417 1416 1422
3 1422 1416 1421
3 1418 1419 1423
3 1423 1419 1424
3 1418 1425 1420
3 1418 1423 1425
3 1425 1070 1060
3 1425 1060 1420
3 1081 1426 1421
3 1081 1421 1068
3 1422 1421 1427
3 1427 1421 1426
3 1423 1424 1428
3 1428 1424 1429
3 1423 1430 1425
3 1423 1428 1430
3 1430 1083 1070
3 1430 1070 1425
3 1092 1431 1426
3 1092 1426 1081
3 1427 1426 1432
3 1432 1426 1431
3 1428 1429 1433
3 1433 1429 1434
3 1428 1435 1430
3 1428 1433 1435
3 1435 1094 1083
3 1435 1083 1430
3 1102 1436 1431
3 1102 1431 1092
3 1432 1431 1437
3 1437 1431 1436
3 1433 1434 1438
3 1438 1434 1439
3 1433 1440 1435
3 1433 1438 1440
3 1440 1104 1094
3 1440 1094 1435
3 1113 1441 1436
3 1113 1436 1102
3 1437 1436 1442
3 1442 1436 1441
3 1438 1439 1443
3 1443 1439 1444
3 1438 1445 1440
3 1438 1443 1445
3 1445 1115 1104
3 1445 1104 1440
3 1126 1446 1441
3 1126 1441 1113
3 1442 1441 1447
3 1441 1448 1447
3 1441 1446 1448
3 1448 1449 1447
3 1443 1444 1450
3 1450 1444 1451
3 1443 1452 1445
3 1443 1450 1452
3 1452 1128 1115
3 1452 1115 1445
3 1142 1453 1446
3 1142 1446 1126
3 1455 1448 1454
3 1448 1453 1454
3 1448 1446 1453
3 1448 1455 1449
3 1450 1451 1456
3 1456 1451 1457
3 1450 1458 1452
3 1450 1456 1458
3 1458 1144 1128
3 1458 1128 1452
3 1162 1459 1453
3 1162 1453 1142
3 1454 1453 1460
3 1460 1453 1459
3 1456 1457 1461
3 1461 1457 1462
3 1456 1463 1458
3 1456 1461 1463
3 1463 1164 1144
3 1463 1144 1458
3 1186 1464 1459
3 1186 1459 1162
3 1460 1459 1465
3 1465 1459 1464
3 1462 1466 1461
3 1461 1466 1463
3 1463 1466 1467
3 1164 1463 1467
3 1468 1164 1467
3 1188 1164 1468
3 1470 1469 1464
3 1186 1470 1464
3 1211 1470 1186
3 1464 1469 1465
3 1468 1471 1188
3 1188 1471 1212
3 1212 1472 1213
3 1471 1472 1212
3 1213 1473 1214
3 1472 1473 1213
3 1214 1474 1215
3 1473 1474 1214
3 1215 1475 1216
3 1474 1475 1215
3 1216 1476 1217
3 1475 1476 1216
3 1217 1477 1218
3 1476 1477 1217
3 1218 1478 1219
3 1477 1478 1218
3 1219 1479 1220
3 1478 1479 1219
3 1220 1480 1221
3 1479 1480 1220
3 1221 1481 1222
3 1480 1481 1221
3 1222 1482 1223
3 1481 1482 1222
3 1223 1483 1224
3 1482 1483 1223
3 1224 1484 1225
3 1483 1484 1224
3 1225 1485 1226
3 1484 1485 1225
3 1226 1486 1227
3 1485 1486 1226
3 1227 1487 1228
3 1486 1487 1227
3 1228 1488 1229
3 1487 1488 1228
3 1229 1489 1230
3 1488 1489 1229
3 1230 1490 1231
3 1489 1490 1230
3 1231 1491 1232
3 1490 1491 1231
3 1232 1492 1233
3 1491 1492 1232
3 1233 1493 1234
3 1492 1493 1233
3 1211 1234 1470
3 1470 1234 1493
3 1496 1495 1494
3 1498 1497 1494
3 1494 1497 1496
3 1498 1236 1497
3 1236 1237 1497
3 1500 1499 1497
3 1500 1497 1237
3 1500 1237 1501
3 1237 1502 1501
3 1237 1238 1502
3 1503 1238 1240
3 1503 1502 1238
3 1504 1240 1242
3 1504 1503 1240
3 1505 1242 1244
3 1505 1504 1242
3 1506 1244 1245
3 1506 1505 1244
3 1507 1245 1246
3 1507 1506 1245
3 1508 1246 1247
3 1508 1507 1246
3 1509 1247 1249
3 1509 1508 1247
3 1510 1249 1251
3 1510 1509 1249
3 1511 1251 1253
3 1511 1510 1251
3 1512 1253 1255
3 1512 1511 1253
3 1513 1255 1257
3 1513 1512 1255
3 1514 1257 1259
3 1514 1513 1257
3 1259 1261 1514
3 1514 1261 1515
3 1517 1516 1263
3 1263 1516 1262
3 1518 1263 1264
3 1518 1517 1263
3 1519 1264 1265
3 1519 1518 1264
3 1520 1265 1266
3 1520 1519 1265
3 1267 1494 1495
3 1520 1267 1495
3 1266 1267 1520
3 1494 1267 1268
3 1494 1268 1498
3 1500 1521 1499
3 1236 1498 1268
3 1521 1500 1501
3 1522 1515 1261
3 1522 1261 1269
3 1523 1269 1270
3 1523 1522 1269
3 1524 1270 1271
3 1524 1523 1270
3 1271 1273 1524
3 1524 1273 1525
3 1527 1526 1276
3 1276 1526 1275
3 1528 1276 1277
3 1528 1527 1276
3 1277 1262 1516
3 1277 1516 1528
3 1529 1525 1273
3 1529 1273 1279
3 1279 1281 1529
3 1529 1281 1530
3 1533 1532 1531
3 1535 1534 1531
3 1531 1534 1533
3 1526 1534 1535
3 1283 1526 1535
3 1275 1526 1283
3 1286 1537 1536
3 1530 1286 1536
3 1281 1286 1530
3 1537 1538 1536
3 1531 1532 1539
3 1539 1532 1540
3 1531 1541 1535
3 1531 1539 1541
3 1541 1288 1283
3 1541 1283 1535
3 1292 1542 1537
3 1292 1537 1286
3 1538 1537 1543
3 1543 1537 1542
3 1540 1544 1539
3 1546 1545 1544
3 1545 1539 1544
3 1545 1541 1539
3 1547 1293 1288
3 1541 1547 1288
3 1545 1547 1541
3 1547 1295 1293
3 1298 1548 1542
3 1298 1542 1292
3 1543 1542 1549
3 1549 1542 1548
3 1545 1546 1550
3 1550 1546 1551
3 1545 1552 1547
3 1545 1550 1552
3 1552 1300 1295
3 1552 1295 1547
3 1303 1553 1548
3 1303 1548 1298
3 1549 1548 1554
3 1554 1548 1553
3 1557 1556 1555
3 1557 1555 1551
3 1555 1550 1551
3 1555 1558 1550
3 1558 1305 1306
3 1552 1558 1306
3 1550 1558 1552
3 1552 1306 1300
3 1310 1559 1553
3 1310 1553 1303
3 1554 1553 1560
3 1560 1553 1559
3 1555 1556 1561
3 1561 1556 1562
3 1555 1563 1558
3 1555 1561 1563
3 1563 1312 1305
3 1563 1305 1558
3 1315 1564 1559
3 1315 1559 1310
3 1560 1559 1565
3 1565 1559 1564
3 1561 1562 1566
3 1566 1562 1567
3 1561 1568 1563
3 1561 1566 1568
3 1568 1317 1312
3 1568 1312 1563
3 1320 1569 1564
3 1320 1564 1315
3 1565 1564 1570
3 1570 1564 1569
3 1566 1567 1571
3 1571 1567 1572
3 1566 1573 1568
3 1566 1571 1573
3 1573 1322 1317
3 1573 1317 1568
3 1325 1574 1569
3 1325 1569 1320
3 1570 1569 1575
3 1575 1569 1574
3 1571 1572 1576
3 1576 1572 1577
3 1571 1578 1573
3 1571 1576 1578
3 1578 1327 1322
3 1578 1322 1573
3 1330 1579 1574
3 1330 1574 1325
3 1575 1574 1580
3 1580 1574 1579
3 1576 1577 1581
3 1581 1577 1582
3 1576 1583 1578
3 1576 1581 1583
3 1583 1332 1327
3 1583 1327 1578
3 1335 1584 1579
3 1335 1579 1330
3 1580 1579 1585
3 1585 1579 1584
3 1581 1582 1586
3 1586 1582 1587
3 1581 1588 1583
3 1581 1586 1588
3 1588 1337 1332
3 1588 1332 1583
3 1340 1589 1584
3 1340 1584 1335
3 1585 1584 1590
3 1590 1584 1589
3 1586 1587 1591
3 1591 1587 1592
3 1586 1593 1588
3 1586 1591 1593
3 1593 1342 1337
3 1593 1337 1588
3 1345 1594 1589
3 1345 1589 1340
3 1590 1589 1595
3 1595 1589 1594
3 1591 1592 1596
3 1596 1592 1597
3 1591 1598 1593
3 1591 1596 1598
3 1598 1347 1342
3 1598 1342 1593
3 1350 1599 1594
3 1350 1594 1345
3 1595 1594 1600
3 1600 1594 1599
3 1596 1597 1601
3 1601 1597 1602
3 1596 1603 1598
3 1596 1601 1603
3 1603 1352 1347
3 1603 1347 1598
3 1355 1604 1599
3 1355 1599 1350
3 1600 1599 1605
3 1605 1599 1604
3 1601 1602 1606
3 1606 1602 1607
3 1601 1608 1603
3 1601 1606 1608
3 1608 1357 1352
3 1608 1352 1603
3 1360 1609 1604
3 1360 1604 1355
3 1605 1604 1610
3 1610 1604 1609
3 1606 1607 1611
3 1611 1607 1612
3 1606 1613 1608
3 1606 1611 1613
3 1613 1362 1357
3 1613 1357 1608
3 1365 1614 1609
3 1365 1609 1360
3 1610 1609 1615
3 1615 1609 1614
3 1611 1612 1616
3 1616 1612 1617
3 1611 1618 1613
3 1611 1616 1618
3 1618 1367 1362
3 1618 1362 1613
3 1370 1619 1614
3 1370 1614 1365
3 1615 1614 1620
3 1620 1614 1619
3 1616 1617 1621
3 1621 1617 1622
3 1616 1623 1618
3 1616 1621 1623
3 1623 1372 1367
3 1623 1367 1618
3 1375 1624 1619
3 1375 1619 1370
3 1620 1619 1625
3 1625 1619 1624
3 1621 1622 1626
3 1626 1622 1627
3 1621 1628 1623
3 1621 1626 1628
3 1628 1377 1372
3 1628 1372 1623
3 1380 1629 1624
3 1380 1624 1375
3 1625 1624 1630
3 1630 1624 1629
3 1627 1631 1626
3 1633 1632 1631
3 1632 1626 1631
3 1632 1628 1626
3 1634 1381 1377
3 1628 1634 1377
3 1632 1634 1628
3 1634 1383 1381
3 1386 1635 1629
3 1386 1629 1380
3 1630 1629 1636
3 1636 1629 1635
3 1632 1633 1637
3 1637 1633 1638
3 1632 1639 1634
3 1632 1637 1639
3 1639 1388 1383
3 1639 1383 1634
3 1391 1640 1635
3 1391 1635 1386
3 1636 1635 1641
3 1635 1642 1641
3 1635 1640 1642
3 1642 1643 1641
3 1637 1638 1644
3 1644 1638 1645
3 1637 1646 1639
3 1637 1644 1646
3 1646 1393 1388
3 1646 1388 1639
3 1396 1647 1640
3 1396 1640 1391
3 1649 1642 1648
3 1642 1647 1648
3 1642 1640 1647
3 1642 1649 1643
3 1652 1651 1650
3 1652 1650 1645
3 1650 1644 1645
3 1650 1653 1644
3 1653 1398 1399
3 1646 1653 1399
3 1644 1653 1646
3 1646 1399 1393
3 1402 1654 1647
3 1402 1647 1396
3 1648 1647 1655
3 1655 1647 1654
3 1650 1651 1656
3 1656 1651 1657
3 1650 1658 1653
3 1650 1656 1658
3 1658 1404 1398
3 1658 1398 1653
3 1407 1659 1654
3 1407 1654 1402
3 1655 1654 1660
3 1654 1661 1660
3 1654 1659 1661
3 1661 1662 1660
3 1656 1657 1663
3 1663 1657 1664
3 1656 1665 1658
3 1656 1663 1665
3 1665 1409 1404
3 1665 1404 1658
3 1412 1666 1659
3 1412 1659 1407
3 1668 1661 1667
3 1661 1666 1667
3 1661 1659 1666
3 1661 1668 1662
3 1663 1664 1669
3 1669 1664 1670
3 1663 1671 1665
3 1663 1669 1671
3 1671 1414 1409
3 1671 1409 1665
3 1417 1672 1666
3 1417 1666 1412
3 1667 1666 1673
3 1673 1666 1672
3 1669 1670 1674
3 1674 1670 1675
3 1669 1676 1671
3 1669 1674 1676
3 1676 1419 1414
3 1676 1414 1671
3 1422 1677 1672
3 1422 1672 1417
3 1673 1672 1678
3 1672 1679 1678
3 1672 1677 1679
3 1679 1680 1678
3 1674 1675 1681
3 1681 1675 1682
3 1674 1683 1676
3 1674 1681 1683
3 1683 1424 1419
3 1683 1419 1676
3 1427 1684 1677
3 1427 1677 1422
3 1686 1679 1685
3 1679 1684 1685
3 1679 1677 1684
3 1679 1686 1680
3 1681 1682 1687
3 1687 1682 1688
3 1681 1689 1683
3 1681 1687 1689
3 1689 1429 1424
3 1689 1424 1683
3 1432 1690 1684
3 1432 1684 1427
3 1685 1684 1691
3 1691 1684 1690
3 1687 1688 1692
3 1692 1688 1693
3 1687 1694 1689
3 1687 1692 1694
3 1694 1434 1429
3 1694 1429 1689
3 1437 1695 1690
3 1437 1690 1432
3 1691 1690 1696
3 1690 1697 1696
3 1690 1695 1697
3 1697 1698 1696
3 1692 1693 1699
3 1699 1693 1700
3 1692 1701 1694
3 1692 1699 1701
3 1701 1439 1434
3 1701 1434 1694
3 1442 1702 1695
3 1442 1695 1437
3 1704 1697 1703
3 1697 1702 1703
3 1697 1695 1702
3 1697 1704 1698
3 1699 1700 1705
3 1705 1700 1706
3 1699 1707 1701
3 1699 1705 1707
3 1707 1444 1439
3 1707 1439 1701
3 1447 1702 1442
3 1709 1708 1449
3 1449 1708 1447
3 1708 1703 1447
3 1703 1702 1447
3 1709 1710 1708
3 1705 1706 1711
3 1711 1706 1712
3 1705 1713 1707
3 1705 1711 1713
3 1713 1451 1444
3 1713 1444 1707
3 1454 1714 1455
3 1714 1715 1455
3 1455 1715 1449
3 1715 1716 1449
3 1716 1709 1449
3 1709 1716 1710
3 1711 1712 1717
3 1717 1712 1718
3 1711 1719 1713
3 1711 1717 1719
3 1719 1457 1451
3 1719 1451 1713
3 1721 1720 1714
3 1454 1721 1714
3 1460 1721 1454
3 1714 1720 1715
3 1718 1722 1717
3 1717 1722 1719
3 1719 1722 1723
3 1457 1719 1723
3 1724 1457 1723
3 1462 1457 1724
3 1727 1726 1725
3 1726 1721 1725
3 1721 1465 1725
3 1721 1460 1465
3 1724 1728 1462
3 1462 1728 1466
3 1466 1729 1467
3 1728 1729 1466
3 1468 1467 1729
3 1468 1729 1730
3 1727 1725 1469
3 1470 1727 1469
3 1731 1727 1470
3 1469 1725 1465
3 1730 1732 1468
3 1468 1732 1471
3 1471 1733 1472
3 1732 1733 1471
3 1472 1734 1473
3 1733 1734 1472
3 1473 1735 1474
3 1734 1735 1473
3 1474 1736 1475
3 1735 1736 1474
3 1475 1737 1476
3 1736 1737 1475
3 1737 1739 1738
3 1477 1737 1738
3 1476 1737 1477
3 1740 1478 1477
3 1740 1477 1738
3 1478 1740 1741
3 1742 1478 1741
3 1479 1478 1742
3 1479 1743 1480
3 1742 1743 1479
3 1480 1744 1481
3 1743 1744 1480
3 1481 1745 1482
3 1744 1745 1481
3 1482 1746 1483
3 1745 1746 1482
3 1483 1747 1484
3 1746 1747 1483
3 1747 1749 1748
3 1485 1747 1748
3 1484 1747 1485
3 1750 1486 1485
3 1750 1485 1748
3 1486 1750 1751
3 1752 1486 1751
3 1487 1486 1752
3 1487 1753 1488
3 1752 1753 1487
3 1488 1754 1489
3 1753 1754 1488
3 1489 1755 1490
3 1754 1755 1489
3 1490 1756 1491
3 1755 1756 1490
3 1491 1757 1492
3 1756 1757 1491
3 1492 1758 1493
3 1757 1758 1492
3 1470 1493 1731
3 1731 1493 1758
3 1739 1759 1738
3 1738 1759 1740
3 1740 1759 1760
3 1740 1760 1741
3 1749 1761 1748
3 1748 1761 1750
3 1750 1761 1762
3 1750 1762 1751
3 1763 1495 1496
3 1763 1496 1764
3 1496 1765 1764
3 1496 1497 1765
3 1767 1766 1499
3 1766 1497 1499
3 1766 1765 1497
3 1501 1502 1767
3 1502 1766 1767
3 1502 1768 1766
3 1769 1502 1503
3 1769 1768 1502
3 1770 1503 1504
3 1770 1769 1503
3 1771 1504 1505
3 1771 1770 1504
3 1772 1505 1506
3 1772 1771 1505
3 1773 1506 1507
3 1773 1772 1506
3 1774 1507 1508
3 1774 1773 1507
3 1775 1508 1509
3 1775 1774 1508
3 1776 1509 1510
3 1776 1775 1509
3 1777 1510 1511
3 1777 1776 1510
3 1778 1511 1512
3 1778 1777 1511
3 1779 1512 1513
3 1779 1778 1512
3 1780 1513 1514
3 1780 1779 1513
3 1514 1515 1780
3 1780 1515 1781
3 1783 1782 1517
3 1517 1782 1516
3 1784 1517 1518
3 1784 1783 1517
3 1785 1518 1519
3 1785 1784 1518
3 1786 1519 1520
3 1786 1785 1519
3 1520 1495 1763
3 1787 1520 1763
3 1786 1520 1787
3 1787 1763 1764
3 1521 1767 1499
3 1767 1521 1501
3 1788 1781 1515
3 1788 1515 1522
3 1789 1522 1523
3 1789 1788 1522
3 1790 1523 1524
3 1790 1789 1523
3 1524 1525 1790
3 1790 1525 1791
3 1792 1526 1527
3 1792 1527 1793
3 1527 1794 1793
3 1527 1528 1794
3 1528 1516 1782
3 1528 1782 1794
3 1795 1791 1525
3 1795 1525 1529
3 1529 1530 1795
3 1795 1530 1796
3 1798 1797 1533
3 1533 1797 1532
3 1799 1533 1534
3 1799 1798 1533
3 1534 1526 1792
3 1800 1534 1792
3 1799 1534 1800
3 1800 1792 1793
3 1801 1796 1530
3 1801 1530 1536
3 1536 1538 1801
3 1801 1538 1802
3 1805 1804 1803
3 1807 1806 1803
3 1803 1806 1805
3 1797 1806 1807
3 1540 1797 1807
3 1532 1797 1540
3 1543 1809 1808
3 1802 1543 1808
3 1538 1543 1802
3 1809 1810 1808
3 1804 1811 1803
3 1813 1812 1811
3 1812 1803 1811
3 1812 1807 1803
3 1814 1544 1540
3 1807 1814 1540
3 1812 1814 1807
3 1814 1546 1544
3 1549 1815 1809
3 1549 1809 1543
3 1810 1809 1816
3 1816 1809 1815
3 1812 1813 1817
3 1817 1813 1818
3 1812 1819 1814
3 1812 1817 1819
3 1819 1551 1546
3 1819 1546 1814
3 1554 1820 1815
3 1554 1815 1549
3 1816 1815 1821
3 1821 1815 1820
3 1824 1823 1822
3 1824 1822 1818
3 1822 1817 1818
3 1822 1825 1817
3 1825 1556 1557
3 1819 1825 1557
3 1817 1825 1819
3 1819 1557 1551
3 1560 1826 1820
3 1560 1820 1554
3 1821 1820 1827
3 1827 1820 1826
3 1822 1823 1828
3 1828 1823 1829
3 1822 1830 1825
3 1822 1828 1830
3 1830 1562 1556
3 1830 1556 1825
3 1565 1831 1826
3 1565 1826 1560
3 1827 1826 1832
3 1832 1826 1831
3 1828 1829 1833
3 1833 1829 1834
3 1828 1835 1830
3 1828 1833 1835
3 1835 1567 1562
3 1835 1562 1830
3 1570 1836 1831
3 1570 1831 1565
3 1832 1831 1837
3 1837 1831 1836
3 1833 1834 1838
3 1838 1834 1839
3 1833 1840 1835
3 1833 1838 1840
3 1840 1572 1567
3 1840 1567 1835
3 1575 1841 1836
3 1575 1836 1570
3 1837 1836 1842
3 1842 1836 1841
3 1838 1839 1843
3 1843 1839 1844
3 1838 1845 1840
3 1838 1843 1845
3 1845 1577 1572
3 1845 1572 1840
3 1580 1846 1841
3 1580 1841 1575
3 1842 1841 1847
3 1847 1841 1846
3 1843 1844 1848
3 1848 1844 1849
3 1843 1850 1845
3 1843 1848 1850
3 1850 1582 1577
3 1850 1577 1845
3 1585 1851 1846
3 1585 1846 1580
3 1847 1846 1852
3 1852 1846 1851
3 1848 1849 1853
3 1853 1849 1854
3 1848 1855 1850
3 1848 1853 1855
3 1855 1587 1582
3 1855 1582 1850
3 1590 1856 1851
3 1590 1851 1585
3 1852 1851 1857
3 1857 1851 1856
3 1853 1854 1858
3 1858 1854 1859
3 1853 1860 1855
3 1853 1858 1860
3 1860 1592 1587
3 1860 1587 1855
3 1595 1861 1856
3 1595 1856 1590
3 1857 1856 1862
3 1856 1863 1862
3 1856 1861 1863
3 1863 1864 1862
3 1858 1859 1865
3 1865 1859 1866
3 1858 1867 1860
3 1858 1865 1867
3 1867 1597 1592
3 1867 1592 1860
3 1600 1868 1861
3 1600 1861 1595
3 1861 1869 1863
3 1861 1868 1869
3 1864 1863 1870
3 1870 1863 1869
3 1865 1866 1871
3 1871 1866 1872
3 1865 1873 1867
3 1865 1871 1873
3 1873 1602 1597
3 1873 1597 1867
3 1605 1874 1868
3 1605 1868 1600
3 1876 1869 1875
3 1869 1874 1875
3 1869 1868 1874
3 1869 1876 1870
3 1871 1872 1877
3 1877 1872 1878
3 1871 1879 1873
3 1871 1877 1879
3 1879 1607 1602
3 1879 1602 1873
3 1610 1880 1874
3 1610 1874 1605
3 1875 1874 1881
3 1874 1882 1881
3 1874 1880 1882
3 1882 1883 1881
3 1877 1878 1884
3 1884 1878 1885
3 1877 1886 1879
3 1877 1884 1886
3 1886 1612 1607
3 1886 1607 1879
3 1615 1887 1880
3 1615 1880 1610
3 1880 1888 1882
3 1880 1887 1888
3 1883 1882 1889
3 1889 1882 1888
3 1884 1885 1890
3 1890 1885 1891
3 1884 1892 1886
3 1884 1890 1892
3 1892 1617 1612
3 1892 1612 1886
3 1620 1893 1887
3 1620 1887 1615
3 1895 1888 1894
3 1888 1893 1894
3 1888 1887 1893
3 1888 1895 1889
3 1890 1891 1896
3 1896 1891 1897
3 1890 1898 1892
3 1890 1896 1898
3 1898 1622 1617
3 1898 1617 1892
3 1625 1899 1893
3 1625 1893 1620
3 1894 1893 1900
3 1893 1901 1900
3 1893 1899 1901
3 1901 1902 1900
3 1896 1897 1903
3 1903 1897 1904
3 1896 1905 1898
3 1896 1903 1905
3 1905 1627 1622
3 1905 1622 1898
3 1630 1906 1899
3 1630 1899 1625
3 1899 1907 1901
3 1899 1906 1907
3 1902 1901 1908
3 1908 1901 1907
3 1903 1904 1909
3 1909 1904 1910
3 1903 1911 1905
3 1903 1909 1911
3 1912 1631 1627
3 1905 1912 1627
3 1911 1912 1905
3 1912 1633 1631
3 1636 1913 1906
3 1636 1906 1630
3 1915 1907 1914
3 1907 1913 1914
3 1907 1906 1913
3 1907 1915 1908
3 1910 1916 1909
3 1918 1917 1916
3 1917 1909 1916
3 1917 1911 1909
3 1911 1919 1912
3 1911 1917 1919
3 1919 1638 1633
3 1919 1633 1912
3 1641 1913 1636
3 1921 1920 1643
3 1643 1920 1641
3 1920 1914 1641
3 1914 1913 1641
3 1921 1922 1920
3 1917 1918 1923
3 1923 1918 1924
3 1917 1925 1919
3 1917 1923 1925
3 1925 1645 1638
3 1925 1638 1919
3 1648 1926 1649
3 1921 1643 1649
3 1926 1921 1649
3 1927 1921 1926
3 1922 1921 1928
3 1928 1921 1927
3 1931 1930 1929
3 1931 1929 1924
3 1929 1923 1924
3 1929 1932 1923
3 1932 1651 1652
3 1925 1932 1652
3 1923 1932 1925
3 1925 1652 1645
3 1655 1933 1926
3 1655 1926 1648
3 1935 1927 1934
3 1927 1933 1934
3 1927 1926 1933
3 1927 1935 1928
3 1929 1930 1936
3 1936 1930 1937
3 1929 1938 1932
3 1929 1936 1938
3 1938 1657 1651
3 1938 1651 1932
3 1660 1933 1655
3 1940 1939 1662
3 1662 1939 1660
3 1939 1934 1660
3 1934 1933 1660
3 1940 1941 1939
3 1936 1937 1942
3 1942 1937 1943
3 1936 1944 1938
3 1936 1942 1944
3 1944 1664 1657
3 1944 1657 1938
3 1667 1945 1668
3 1940 1662 1668
3 1945 1940 1668
3 1946 1940 1945
3 1941 1940 1947
3 1947 1940 1946
3 1942 1943 1948
3 1948 1943 1949
3 1942 1950 1944
3 1942 1948 1950
3 1950 1670 1664
3 1950 1664 1944
3 1673 1951 1945
3 1673 1945 1667
3 1953 1946 1952
3 1946 1951 1952
3 1946 1945 1951
3 1946 1953 1947
3 1948 1949 1954
3 1954 1949 1955
3 1948 1956 1950
3 1948 1954 1956
3 1956 1675 1670
3 1956 1670 1950
3 1678 1951 1673
3 1958 1957 1680
3 1680 1957 1678
3 1957 1952 1678
3 1952 1951 1678
3 1958 1959 1957
3 1954 1955 1960
3 1960 1955 1961
3 1954 1962 1956
3 1954 1960 1962
3 1962 1682 1675
3 1962 1675 1956
3 1685 1963 1686
3 1963 1964 1686
3 1686 1964 1680
3 1964 1965 1680
3 1965 1958 1680
3 1958 1965 1959
3 1960 1961 1966
3 1966 1961 1967
3 1960 1968 1962
3 1960 1966 1968
3 1968 1688 1682
3 1968 1682 1962
3 1691 1969 1963
3 1691 1963 1685
3 1964 1963 1970
3 1963 1971 1970
3 1963 1969 1971
3 1971 1972 1970
3 1966 1967 1973
3 1973 1967 1974
3 1966 1975 1968
3 1966 1973 1975
3 1975 1693 1688
3 1975 1688 1968
3 1696 1969 1691
3 1969 1696 1698
3 1976 1969 1698
3 1971 1969 1976
3 1972 1971 1977
3 1977 1971 1976
3 1973 1974 1978
3 1978 1974 1979
3 1973 1980 1975
3 1973 1978 1980
3 1980 1700 1693
3 1980 1693 1975
3 1703 1981 1704
3 1981 1982 1704
3 1704 1982 1698
3 1982 1983 1698
3 1983 1976 1698
3 1976 1983 1977
3 1978 1979 1984
3 1984 1979 1985
3 1978 1986 1980
3 1978 1984 1986
3 1986 1706 1700
3 1986 1700 1980
3 1708 1981 1703
3 1988 1987 1710
3 1710 1987 1708
3 1987 1982 1708
3 1982 1981 1708
3 1988 1989 1987
3 1984 1985 1990
3 1990 1985 1991
3 1984 1992 1986
3 1984 1990 1992
3 1992 1712 1706
3 1992 1706 1986
3 1715 1993 1716
3 1993 1994 1716
3 1716 1994 1710
3 1994 1995 1710
3 1995 1988 1710
3 1988 1995 1989
3 1991 1996 1990
3 1990 1996 1992
3 1992 1996 1997
3 1712 1992 1997
3 1998 1712 1997
3 1718 1712 1998
3 1721 1999 1720
3 1999 2000 1720
3 1720 2000 1715
3 2000 2001 1715
3 2001 1993 1715
3 1993 2001 1994
3 1998 2002 1718
3 1718 2002 1722
3 1722 2003 1723
3 2002 2003 1722
3 1724 1723 2003
3 1724 2003 2004
3 1727 2005 1726
3 2005 2006 1726
3 1726 2006 1721
3 2006 2007 1721
3 2007 1999 1721
3 1999 2007 2000
3 2004 2008 1724
3 1724 2008 1728
3 1728 2009 1729
3 2008 2009 1728
3 1730 1729 2009
3 1730 2009 2010
3 2012 2011 2005
3 1727 2012 2005
3 1731 2012 1727
3 2005 2011 2006
3 2010 2013 1730
3 1730 2013 1732
3 1732 2014 1733
3 2013 2014 1732
3 1733 2015 1734
3 2014 2015 1733
3 1734 2016 1735
3 2015 2016 1734
3 1735 2017 1736
3 2016 2017 1735
3 1736 2018 1737
3 2017 2018 1736
3 2020 2019 1739
3 1737 2020 1739
3 2018 2020 1737
3 2021 2019 2020
3 1741 2022 1742
3 2023 1743 1742
3 2023 1742 2022
3 2024 1744 1743
3 2024 1743 2023
3 1744 2024 2025
3 2026 1744 2025
3 1745 1744 2026
3 1745 2027 1746
3 2026 2027 1745
3 1746 2028 1747
3 2027 2028 1746
3 2030 2029 1749
3 1747 2030 1749
3 2028 2030 1747
3 2031 2029 2030
3 1751 2032 1752
3 2033 1753 1752
3 2033 1752 2032
3 2034 1754 1753
3 2034 1753 2033
3 1754 2034 2035
3 2036 1754 2035
3 1755 1754 2036
3 1755 2037 1756
3 2036 2037 1755
3 1756 2038 1757
3 2037 2038 1756
3 1757 2039 1758
3 2038 2039 1757
3 1731 1758 2012
3 2012 1758 2039
3 2019 1759 1739
3 2021 2040 2019
3 2040 1759 2019
3 2040 1760 1759
3 1741 1760 2022
3 1760 2041 2022
3 1760 2040 2041
3 2022 2041 2023
3 2023 2041 2042
3 2023 2042 2024
3 2024 2042 2043
3 2024 2043 2025
3 2029 1761 1749
3 2031 2044 2029
3 2044 1761 2029
3 2044 1762 1761
3 1751 1762 2032
3 1762 2045 2032
3 1762 2044 2045
3 2032 2045 2033
3 2033 2045 2046
3 2033 2046 2034
3 2034 2046 2047
3 2034 2047 2035
3 2049 2048 1765
3 1765 2048 1764
3 2050 1765 1766
3 2050 2049 1765
3 2051 1766 1768
3 2051 2050 1766
3 2052 1768 1769
3 2052 2051 1768
3 2053 1769 1770
3 2053 2052 1769
3 2054 1770 1771
3 2054 2053 1770
3 2055 1771 1772
3 2055 2054 1771
3 2056 1772 1773
3 2056 2055 1772
3 2057 1773 1774
3 2057 2056 1773
3 2058 1774 1775
3 2058 2057 1774
3 2059 1775 1776
3 2059 2058 1775
3 2060 1776 1777
3 2060 2059 1776
3 2061 1777 1778
3 2061 2060 1777
3 2062 1778 1779
3 2062 2061 1778
3 2063 1779 1780
3 2063 2062 1779
3 2065 2064 1781
3 2064 1780 1781
3 2064 2063 1780
3 2065 2066 2064
3 2067 1782 1783
3 2067 1783 2068
3 1783 2069 2068
3 1783 1784 2069
3 2070 1784 1785
3 2070 2069 1784
3 2071 1785 1786
3 2071 2070 1785
3 2072 1786 1787
3 2072 2071 1786
3 1787 1764 2048
3 1787 2048 2072
3 1788 2065 1781
3 2073 2066 2065
3 1788 2073 2065
3 1789 2073 1788
3 2074 1789 1790
3 2074 2073 1789
3 1790 1791 2074
3 2074 1791 2075
3 2078 2077 2076
3 1793 1794 2076
3 1794 2078 2076
3 1794 2079 2078
3 1794 1782 2067
3 2080 1794 2067
3 2079 1794 2080
3 2080 2067 2068
3 2081 2075 1791
3 2081 1791 1795
3 1795 1796 2081
3 2081 1796 2082
3 2084 2083 1798
3 1798 2083 1797
3 2085 1798 1799
3 2085 2084 1798
3 1800 2076 2077
3 2085 1800 2077
3 1799 1800 2085
3 2076 1800 1793
3 2086 2082 1796
3 2086 1796 1801
3 1801 1802 2086
3 2086 1802 2087
3 2089 2088 1805
3 1805 2088 1804
3 2090 1805 1806
3 2090 2089 1805
3 1806 1797 2083
3 1806 2083 2090
3 2091 2087 1802
3 2091 1802 1808
3 1808 1810 2091
3 2091 1810 2092
3 2095 2094 2093
3 2093 2096 1811
3 2088 2093 1811
3 1804 2088 1811
3 2093 2088 2095
3 2096 1813 1811
3 1816 2098 2097
3 2092 1816 2097
3 1810 1816 2092
3 2098 2099 2097
3 2093 2094 2100
3 2100 2094 2101
3 2093 2102 2096
3 2093 2100 2102
3 2102 1818 1813
3 2102 1813 2096
3 1821 2103 2098
3 1821 2098 1816
3 2099 2098 2104
3 2098 2105 2104
3 2098 2103 2105
3 2105 2106 2104
3 2109 2108 2107
3 2109 2107 2101
3 2107 2100 2101
3 2107 2110 2100
3 2110 1823 1824
3 2102 2110 1824
3 2100 2110 2102
3 2102 1824 1818
3 1827 2111 2103
3 1827 2103 1821
3 2113 2105 2112
3 2105 2111 2112
3 2105 2103 2111
3 2105 2113 2106
3 2107 2108 2114
3 2114 2108 2115
3 2107 2116 2110
3 2107 2114 2116
3 2116 1829 1823
3 2116 1823 2110
3 1832 2117 2111
3 1832 2111 1827
3 2112 2111 2118
3 2111 2119 2118
3 2111 2117 2119
3 2119 2120 2118
3 2114 2115 2121
3 2121 2115 2122
3 2114 2123 2116
3 2114 2121 2123
3 2123 1834 1829
3 2123 1829 2116
3 1837 2124 2117
3 1837 2117 1832
3 2117 2125 2119
3 2117 2124 2125
3 2120 2119 2126
3 2126 2119 2125
3 2121 2122 2127
3 2127 2122 2128
3 2121 2129 2123
3 2121 2127 2129
3 2129 1839 1834
3 2129 1834 2123
3 1842 2130 2124
3 1842 2124 1837
3 2124 2131 2125
3 2124 2130 2131
3 2126 2125 2132
3 2132 2125 2131
3 2127 2128 2133
3 2133 2128 2134
3 2127 2135 2129
3 2127 2133 2135
3 2135 1844 1839
3 2135 1839 2129
3 1847 2136 2130
3 1847 2130 1842
3 2138 2131 2137
3 2131 2136 2137
3 2131 2130 2136
3 2131 2138 2132
3 2133 2134 2139
3 2139 2134 2140
3 2133 2141 2135
3 2133 2139 2141
3 2141 1849 1844
3 2141 1844 2135
3 1852 2142 2136
3 1852 2136 1847
3 2137 2136 2143
3 2136 2144 2143
3 2136 2142 2144
3 2144 2145 2143
3 2139 2140 2146
3 2146 2140 2147
3 2139 2148 2141
3 2139 2146 2148
3 2148 1854 1849
3 2148 1849 2141
3 1857 2149 2142
3 1857 2142 1852
3 2142 2150 2144
3 2142 2149 2150
3 2145 2144 2151
3 2151 2144 2150
3 2146 2147 2152
3 2152 2147 2153
3 2146 2154 2148
3 2146 2152 2154
3 2154 1859 1854
3 2154 1854 2148
3 1862 2149 1857
3 2150 2149 2155
3 2149 1864 2155
3 1864 2156 2155
3 1864 2149 1862
3 2150 2155 2151
3 2152 2153 2157
3 2157 2153 2158
3 2152 2159 2154
3 2152 2157 2159
3 2159 1866 1859
3 2159 1859 2154
3 1870 2161 2160
3 2156 1870 2160
3 1864 1870 2156
3 2161 2162 2160
3 2157 2158 2163
3 2163 2158 2164
3 2157 2165 2159
3 2157 2163 2165
3 2165 1872 1866
3 2165 1866 2159
3 1875 2166 1876
3 2161 1870 1876
3 2166 2161 1876
3 2167 2161 2166
3 2162 2161 2168
3 2168 2161 2167
3 2163 2164 2169
3 2169 2164 2170
3 2163 2171 2165
3 2163 2169 2171
3 2171 1878 1872
3 2171 1872 2165
3 1881 2166 1875
3 2167 2166 2172
3 2166 1883 2172
3 1883 2173 2172
3 1883 2166 1881
3 2167 2172 2168
3 2169 2170 2174
3 2174 2170 2175
3 2169 2176 2171
3 2169 2174 2176
3 2176 1885 1878
3 2176 1878 2171
3 1889 2178 2177
3 2173 1889 2177
3 1883 1889 2173
3 2178 2179 2177
3 2174 2175 2180
3 2180 2175 2181
3 2174 2182 2176
3 2174 2180 2182
3 2182 1891 1885
3 2182 1885 2176
3 1894 2183 1895
3 2183 2184 1895
3 1895 2184 1889
3 2184 2185 1889
3 2185 2178 1889
3 2178 2185 2179
3 2180 2181 2186
3 2186 2181 2187
3 2180 2188 2182
3 2180 2186 2188
3 2188 1897 1891
3 2188 1891 2182
3 1900 2183 1894
3 2190 2189 1902
3 1902 2189 1900
3 2189 2184 1900
3 2184 2183 1900
3 2190 2191 2189
3 2186 2187 2192
3 2192 2187 2193
3 2186 2194 2188
3 2186 2192 2194
3 2194 1904 1897
3 2194 1897 2188
3 1908 2195 2190
3 1908 2190 1902
3 2191 2190 2196
3 2196 2190 2195
3 2192 2193 2197
3 2197 2193 2198
3 2192 2199 2194
3 2192 2197 2199
3 2199 1910 1904
3 2199 1904 2194
3 1914 2200 1915
3 2200 2201 1915
3 1915 2201 1908
3 2201 2202 1908
3 2202 2195 1908
3 2195 2202 2196
3 2198 2203 2197
3 2205 2204 2203
3 2204 2197 2203
3 2204 2199 2197
3 2206 1916 1910
3 2199 2206 1910
3 2204 2206 2199
3 2206 1918 1916
3 1920 2200 1914
3 2208 2207 1922
3 1922 2207 1920
3 2207 2201 1920
3 2201 2200 1920
3 2208 2209 2207
3 2204 2205 2210
3 2210 2205 2211
3 2204 2212 2206
3 2204 2210 2212
3 2212 1924 1918
3 2212 1918 2206
3 1928 2213 2208
3 1928 2208 1922
3 2209 2208 2214
3 2214 2208 2213
3 2217 2216 2215
3 2217 2215 2211
3 2215 2210 2211
3 2215 2218 2210
3 2218 1930 1931
3 2212 2218 1931
3 2210 2218 2212
3 2212 1931 1924
3 1934 2219 1935
3 2219 2220 1935
3 1935 2220 1928
3 2220 2221 1928
3 2221 2213 1928
3 2213 2221 2214
3 2215 2216 2222
3 2222 2216 2223
3 2215 2224 2218
3 2215 2222 2224
3 2224 1937 1930
3 2224 1930 2218
3 1939 2219 1934
3 2226 2225 1941
3 1941 2225 1939
3 2225 2220 1939
3 2220 2219 1939
3 2226 2227 2225
3 2222 2223 2228
3 2228 2223 2229
3 2222 2230 2224
3 2222 2228 2230
3 2230 1943 1937
3 2230 1937 2224
3 1947 2231 2226
3 1947 2226 1941
3 2227 2226 2232
3 2232 2226 2231
3 2228 2229 2233
3 2233 2229 2234
3 2228 2235 2230
3 2228 2233 2235
3 2235 1949 1943
3 2235 1943 2230
3 1952 2236 1953
3 2236 2237 1953
3 1953 2237 1947
3 2237 2238 1947
3 2238 2231 1947
3 2231 2238 2232
3 2233 2234 2239
3 2239 2234 2240
3 2233 2241 2235
3 2233 2239 2241
3 2241 1955 1949
3 2241 1949 2235
3 1957 2236 1952
3 2243 2242 1959
3 1959 2242 1957
3 2242 2237 1957
3 2237 2236 1957
3 2243 2244 2242
3 2239 2240 2245
3 2245 2240 2246
3 2239 2247 2241
3 2239 2245 2247
3 2247 1961 1955
3 2247 1955 2241
3 1964 2248 1965
3 2243 1959 1965
3 2248 2243 1965
3 2249 2243 2248
3 2244 2243 2250
3 2250 2243 2249
3 2245 2246 2251
3 2251 2246 2252
3 2245 2253 2247
3 2245 2251 2253
3 2253 1967 1961
3 2253 1961 2247
3 1970 2248 1964
3 2248 1970 1972
3 2254 2248 1972
3 2249 2248 2254
3 2250 2249 2255
3 2255 2249 2254
3 2251 2252 2256
3 2256 2252 2257
3 2251 2258 2253
3 2251 2256 2258
3 2258 1974 1967
3 2258 1967 2253
3 1977 2259 2254
3 1977 2254 1972
3 2255 2254 2260
3 2260 2254 2259
3 2256 2257 2261
3 2261 2257 2262
3 2256 2263 2258
3 2256 2261 2263
3 2263 1979 1974
3 2263 1974 2258
3 1982 2264 1983
3 2264 2265 1983
3 1983 2265 1977
3 2265 2266 1977
3 2266 2259 1977
3 2259 2266 2260
3 2261 2262 2267
3 2267 2262 2268
3 2261 2269 2263
3 2261 2267 2269
3 2269 1985 1979
3 2269 1979 2263
3 1987 2264 1982
3 1987 1989 2264
3 1989 2265 2264
3 1989 2270 2265
3 2268 2271 2267
3 2273 2272 2271
3 2272 2267 2271
3 2272 2269 2267
3 2272 1991 1985
3 2272 1985 2269
3 2275 2274 1995
3 2275 1995 1994
3 1989 1995 2270
3 2270 1995 2274
3 2273 2276 2272
3 2272 2276 1991
3 2276 1996 1991
3 2276 2277 1996
3 1996 2278 1997
3 2277 2278 1996
3 1998 1997 2278
3 1998 2278 2279
3 2281 2280 2001
3 2281 2001 2000
3 1994 2001 2275
3 2275 2001 2280
3 2279 2282 1998
3 1998 2282 2002
3 2002 2283 2003
3 2282 2283 2002
3 2004 2003 2283
3 2004 2283 2284
3 2286 2285 2007
3 2286 2007 2006
3 2000 2007 2281
3 2281 2007 2285
3 2284 2287 2004
3 2004 2287 2008
3 2008 2288 2009
3 2287 2288 2008
3 2010 2009 2288
3 2010 2288 2289
3 2291 2290 2011
3 2291 2011 2012
3 2006 2011 2286
3 2286 2011 2290
3 2289 2292 2010
3 2010 2292 2013
3 2013 2293 2014
3 2292 2293 2013
3 2014 2294 2015
3 2293 2294 2014
3 2015 2295 2016
3 2294 2295 2015
3 2016 2296 2017
3 2295 2296 2016
3 2296 2298 2297
3 2018 2296 2297
3 2017 2296 2018
3 2299 2020 2018
3 2299 2018 2297
3 2021 2020 2299
3 2302 2301 2300
3 2303 2302 2300
3 2025 2304 2026
3 2305 2027 2026
3 2305 2026 2304
3 2306 2028 2027
3 2306 2027 2305
3 2307 2030 2028
3 2307 2028 2306
3 2031 2030 2307
3 2310 2309 2308
3 2311 2310 2308
3 2035 2312 2036
3 2036 2312 2313
3 2314 2036 2313
3 2037 2036 2314
3 2037 2315 2038
3 2314 2315 2037
3 2038 2316 2039
3 2315 2316 2038
3 2012 2039 2291
3 2291 2039 2316
3 2298 2317 2297
3 2297 2317 2299
3 2299 2317 2318
3 2301 2302 2318
3 2302 2040 2318
3 2021 2299 2318
3 2021 2318 2040
3 2303 2319 2302
3 2319 2040 2302
3 2319 2041 2040
3 2041 2320 2042
3 2319 2320 2041
3 2042 2321 2043
3 2320 2321 2042
3 2025 2043 2304
3 2043 2322 2304
3 2043 2321 2322
3 2304 2322 2305
3 2305 2322 2323
3 2305 2323 2306
3 2306 2323 2324
3 2306 2324 2307
3 2307 2324 2325
3 2309 2310 2325
3 2310 2044 2325
3 2031 2307 2325
3 2031 2325 2044
3 2311 2326 2310
3 2326 2044 2310
3 2326 2045 2044
3 2045 2327 2046
3 2326 2327 2045
3 2046 2328 2047
3 2327 2328 2046
3 2035 2047 2312
3 2047 2329 2312
3 2047 2328 2329
3 2312 2329 2313
3 2330 2048 2049
3 2330 2049 2331
3 2049 2332 2331
3 2049 2050 2332
3 2333 2050 2051
3 2333 2332 2050
3 2334 2051 2052
3 2334 2333 2051
3 2335 2052 2053
3 2335 2334 2052
3 2336 2053 2054
3 2336 2335 2053
3 2337 2054 2055
3 2337 2336 2054
3 2338 2055 2056
3 2338 2337 2055
3 2339 2056 2057
3 2339 2338 2056
3 2340 2057 2058
3 2340 2339 2057
3 2341 2058 2059
3 2341 2340 2058
3 2342 2059 2060
3 2342 2341 2059
3 2343 2060 2061
3 2343 2342 2060
3 2344 2061 2062
3 2344 2343 2061
3 2345 2062 2063
3 2345 2344 2062
3 2347 2345 2346
3 2345 2064 2346
3 2345 2063 2064
3 2066 2346 2064
3 2350 2349 2348
3 2068 2069 2348
3 2069 2350 2348
3 2069 2351 2350
3 2352 2069 2070
3 2352 2351 2069
3 2353 2070 2071
3 2353 2352 2070
3 2354 2071 2072
3 2354 2353 2071
3 2072 2048 2330
3 2355 2072 2330
3 2354 2072 2355
3 2355 2330 2331
3 2356 2347 2346
3 2356 2346 2066
3 2073 2356 2066
3 2357 2356 2073
3 2358 2073 2074
3 2358 2357 2073
3 2074 2075 2358
3 2358 2075 2359
3 2361 2360 2078
3 2078 2360 2077
3 2362 2078 2079
3 2362 2361 2078
3 2080 2348 2349
3 2362 2080 2349
3 2079 2080 2362
3 2348 2080 2068
3 2363 2359 2075
3 2363 2075 2081
3 2081 2082 2363
3 2363 2082 2364
3 2366 2365 2084
3 2084 2365 2083
3 2367 2084 2085
3 2367 2366 2084
3 2085 2077 2360
3 2085 2360 2367
3 2368 2364 2082
3 2368 2082 2086
3 2086 2087 2368
3 2368 2087 2369
3 2371 2370 2089
3 2089 2370 2088
3 2372 2089 2090
3 2372 2371 2089
3 2090 2083 2365
3 2090 2365 2372
3 2373 2369 2087
3 2373 2087 2091
3 2091 2092 2373
3 2373 2092 2374
3 2377 2376 2375
3 2094 2095 2375
3 2095 2377 2375
3 2095 2378 2377
3 2095 2088 2370
3 2095 2370 2378
3 2379 2374 2092
3 2379 2092 2097
3 2097 2099 2379
3 2379 2099 2380
3 2383 2382 2381
3 2385 2384 2381
3 2381 2384 2383
3 2384 2385 2376
3 2385 2375 2376
3 2385 2386 2375
3 2386 2101 2094
3 2386 2094 2375
3 2387 2380 2099
3 2387 2099 2104
3 2104 2106 2387
3 2387 2106 2388
3 2381 2382 2389
3 2389 2382 2390
3 2381 2391 2385
3 2381 2389 2391
3 2391 2108 2109
3 2386 2391 2109
3 2385 2391 2386
3 2386 2109 2101
3 2112 2392 2113
3 2388 2106 2393
3 2106 2392 2393
3 2392 2394 2393
3 2106 2113 2392
3 2394 2395 2393
3 2389 2390 2396
3 2396 2390 2397
3 2389 2398 2391
3 2389 2396 2398
3 2398 2115 2108
3 2398 2108 2391
3 2118 2392 2112
3 2394 2392 2399
3 2392 2120 2399
3 2120 2400 2399
3 2120 2392 2118
3 2394 2399 2395
3 2396 2397 2401
3 2401 2397 2402
3 2396 2403 2398
3 2396 2401 2403
3 2403 2122 2115
3 2403 2115 2398
3 2126 2405 2404
3 2400 2126 2404
3 2120 2126 2400
3 2405 2406 2404
3 2401 2402 2407
3 2407 2402 2408
3 2401 2409 2403
3 2401 2407 2409
3 2409 2128 2122
3 2409 2122 2403
3 2132 2410 2405
3 2132 2405 2126
3 2406 2405 2411
3 2411 2405 2410
3 2407 2408 2412
3 2412 2408 2413
3 2407 2414 2409
3 2407 2412 2414
3 2414 2134 2128
3 2414 2128 2409
3 2137 2415 2138
3 2415 2416 2138
3 2138 2416 2132
3 2416 2417 2132
3 2417 2410 2132
3 2410 2417 2411
3 2412 2413 2418
3 2418 2413 2419
3 2412 2420 2414
3 2412 2418 2420
3 2420 2140 2134
3 2420 2134 2414
3 2143 2415 2137
3 2422 2421 2145
3 2145 2421 2143
3 2421 2416 2143
3 2416 2415 2143
3 2422 2423 2421
3 2418 2419 2424
3 2424 2419 2425
3 2418 2426 2420
3 2418 2424 2426
3 2426 2147 2140
3 2426 2140 2420
3 2151 2427 2422
3 2151 2422 2145
3 2423 2422 2428
3 2428 2422 2427
3 2424 2425 2429
3 2429 2425 2430
3 2424 2431 2426
3 2424 2429 2431
3 2431 2153 2147
3 2431 2147 2426
3 2156 2432 2155
3 2432 2433 2155
3 2155 2433 2151
3 2433 2434 2151
3 2434 2427 2151
3 2427 2434 2428
3 2429 2430 2435
3 2435 2430 2436
3 2429 2437 2431
3 2429 2435 2437
3 2437 2158 2153
3 2437 2153 2431
3 2160 2432 2156
3 2439 2438 2162
3 2162 2438 2160
3 2438 2433 2160
3 2433 2432 2160
3 2439 2440 2438
3 2435 2436 2441
3 2441 2436 2442
3 2435 2443 2437
3 2435 2441 2443
3 2443 2164 2158
3 2443 2158 2437
3 2168 2444 2439
3 2168 2439 2162
3 2440 2439 2445
3 2445 2439 2444
3 2441 2442 2446
3 2446 2442 2447
3 2441 2448 2443
3 2441 2446 2448
3 2448 2170 2164
3 2448 2164 2443
3 2173 2449 2172
3 2449 2450 2172
3 2172 2450 2168
3 2450 2451 2168
3 2451 2444 2168
3 2444 2451 2445
3 2446 2447 2452
3 2452 2447 2453
3 2446 2454 2448
3 2446 2452 2454
3 2454 2175 2170
3 2454 2170 2448
3 2177 2449 2173
3 2456 2455 2179
3 2179 2455 2177
3 2455 2450 2177
3 2450 2449 2177
3 2456 2457 2455
3 2452 2453 2458
3 2458 2453 2459
3 2452 2460 2454
3 2452 2458 2460
3 2460 2181 2175
3 2460 2175 2454
3 2184 2461 2185
3 2456 2179 2185
3 2461 2456 2185
3 2462 2456 2461
3 2457 2456 2463
3 2463 2456 2462
3 2458 2459 2464
3 2464 2459 2465
3 2458 2466 2460
3 2458 2464 2466
3 2466 2187 2181
3 2466 2181 2460
3 2189 2461 2184
3 2461 2189 2191
3 2467 2461 2191
3 2462 2461 2467
3 2463 2462 2468
3 2468 2462 2467
3 2464 2465 2469
3 2469 2465 2470
3 2464 2471 2466
3 2464 2469 2471
3 2471 2193 2187
3 2471 2187 2466
3 2196 2472 2467
3 2196 2467 2191
3 2468 2467 2473
3 2473 2467 2472
3 2469 2470 2474
3 2474 2470 2475
3 2469 2476 2471
3 2469 2474 2476
3 2476 2198 2193
3 2476 2193 2471
3 2201 2477 2202
3 2472 2196 2202
3 2477 2472 2202
3 2478 2472 2477
3 2473 2472 2479
3 2479 2472 2478
3 2475 2480 2474
3 2482 2481 2480
3 2481 2474 2480
3 2481 2476 2474
3 2483 2203 2198
3 2476 2483 2198
3 2481 2483 2476
3 2483 2205 2203
3 2207 2477 2201
3 2477 2207 2209
3 2484 2477 2209
3 2478 2477 2484
3 2479 2478 2485
3 2485 2478 2484
3 2481 2482 2486
3 2486 2482 2487
3 2481 2488 2483
3 2481 2486 2488
3 2488 2211 2205
3 2488 2205 2483
3 2214 2489 2484
3 2214 2484 2209
3 2485 2484 2490
3 2490 2484 2489
3 2493 2492 2491
3 2493 2491 2487
3 2491 2486 2487
3 2491 2494 2486
3 2494 2216 2217
3 2488 2494 2217
3 2486 2494 2488
3 2488 2217 2211
3 2220 2495 2221
3 2495 2496 2221
3 2221 2496 2214
3 2496 2497 2214
3 2497 2489 2214
3 2489 2497 2490
3 2491 2492 2498
3 2498 2492 2499
3 2491 2500 2494
3 2491 2498 2500
3 2500 2223 2216
3 2500 2216 2494
3 2225 2495 2220
3 2502 2501 2227
3 2227 2501 2225
3 2501 2496 2225
3 2496 2495 2225
3 2502 2503 2501
3 2498 2499 2504
3 2504 2499 2505
3 2498 2506 2500
3 2498 2504 2506
3 2506 2229 2223
3 2506 2223 2500
3 2232 2507 2502
3 2232 2502 2227
3 2503 2502 2508
3 2508 2502 2507
3 2504 2505 2509
3 2509 2505 2510
3 2504 2511 2506
3 2504 2509 2511
3 2511 2234 2229
3 2511 2229 2506
3 2237 2512 2238
3 2512 2513 2238
3 2238 2513 2232
3 2513 2514 2232
3 2514 2507 2232
3 2507 2514 2508
3 2509 2510 2515
3 2515 2510 2516
3 2509 2517 2511
3 2509 2515 2517
3 2517 2240 2234
3 2517 2234 2511
3 2242 2512 2237
3 2519 2518 2244
3 2244 2518 2242
3 2518 2513 2242
3 2513 2512 2242
3 2519 2520 2518
3 2515 2516 2521
3 2521 2516 2522
3 2515 2523 2517
3 2515 2521 2523
3 2523 2246 2240
3 2523 2240 2517
3 2250 2524 2519
3 2250 2519 2244
3 2520 2519 2525
3 2525 2519 2524
3 2521 2522 2526
3 2526 2522 2527
3 2521 2528 2523
3 2521 2526 2528
3 2528 2252 2246
3 2528 2246 2523
3 2255 2529 2524
3 2255 2524 2250
3 2525 2524 2530
3 2530 2524 2529
3 2526 2527 2531
3 2531 2527 2532
3 2526 2533 2528
3 2526 2531 2533
3 2533 2257 2252
3 2533 2252 2528
3 2535 2534 2529
3 2255 2535 2529
3 2260 2535 2255
3 2529 2534 2530
3 2531 2532 2536
3 2536 2532 2537
3 2531 2538 2533
3 2531 2536 2538
3 2538 2262 2257
3 2538 2257 2533
3 2540 2539 2266
3 2540 2266 2265
3 2260 2266 2535
3 2535 2266 2539
3 2537 2541 2536
3 2543 2542 2541
3 2542 2536 2541
3 2542 2538 2536
3 2542 2268 2262
3 2542 2262 2538
3 2546 2545 2544
3 2545 2540 2544
3 2540 2270 2544
3 2540 2265 2270
3 2543 2547 2542
3 2542 2547 2268
3 2547 2271 2268
3 2547 2548 2271
3 2550 2549 2273
3 2271 2550 2273
3 2548 2550 2271
3 2551 2549 2550
3 2554 2553 2552
3 2552 2553 2546
3 2552 2546 2544
3 2275 2552 2544
3 2274 2275 2544
3 2274 2544 2270
3 2549 2276 2273
3 2551 2555 2549
3 2555 2276 2549
3 2555 2277 2276
3 2277 2556 2278
3 2555 2556 2277
3 2279 2278 2556
3 2279 2556 2557
3 2560 2559 2558
3 2558 2559 2554
3 2558 2554 2552
3 2281 2558 2552
3 2280 2281 2552
3 2280 2552 2275
3 2557 2561 2279
3 2279 2561 2282
3 2282 2562 2283
3 2561 2562 2282
3 2284 2283 2562
3 2284 2562 2563
3 2560 2558 2285
3 2286 2560 2285
3 2564 2560 2286
3 2285 2558 2281
3 2563 2565 2284
3 2284 2565 2287
3 2287 2566 2288
3 2565 2566 2287
3 2289 2288 2566
3 2289 2566 2567
3 2569 2568 2290
3 2569 2290 2291
3 2286 2290 2564
3 2564 2290 2568
3 2567 2570 2289
3 2289 2570 2292
3 2292 2571 2293
3 2570 2571 2292
3 2293 2572 2294
3 2571 2572 2293
3 2294 2573 2295
3 2572 2573 2294
3 2295 2574 2296
3 2573 2574 2295
3 2576 2575 2298
3 2296 2576 2298
3 2574 2576 2296
3 2578 2577 2575
3 2578 2575 2576
3 2579 2300 2301
3 2580 2577 2578
3 2579 2303 2300
3 2309 2581 2308
3 2581 2311 2308
3 2583 2582 2314
3 2583 2314 2313
3 2314 2584 2315
3 2582 2584 2314
3 2315 2585 2316
3 2584 2585 2315
3 2291 2316 2569
3 2569 2316 2585
3 2575 2317 2298
3 2317 2575 2318
3 2318 2575 2577
3 2577 2580 2318
3 2580 2586 2318
3 2579 2301 2318
3 2579 2318 2586
3 2579 2586 2303
3 2586 2319 2303
3 2586 2587 2319
3 2319 2588 2320
3 2587 2588 2319
3 2320 2589 2321
3 2588 2589 2320
3 2321 2590 2322
3 2589 2590 2321
3 2322 2591 2323
3 2590 2591 2322
3 2323 2592 2324
3 2591 2592 2323
3 2324 2593 2325
3 2592 2593 2324
3 2309 2325 2581
3 2325 2594 2581
3 2325 2593 2594
3 2581 2594 2311
3 2594 2326 2311
3 2594 2595 2326
3 2326 2596 2327
3 2595 2596 2326
3 2327 2597 2328
3 2596 2597 2327
3 2328 2598 2329
3 2597 2598 2328
3 2313 2329 2583
3 2583 2329 2598
3 2600 2599 2332
3 2332 2599 2331
3 2601 2332 2333
3 2601 2600 2332
3 2602 2333 2334
3 2602 2601 2333
3 2603 2334 2335
3 2603 2602 2334
3 2604 2335 2336
3 2604 2603 2335
3 2605 2336 2337
3 2605 2604 2336
3 2606 2337 2338
3 2606 2605 2337
3 2607 2338 2339
3 2607 2606 2338
3 2608 2339 2340
3 2608 2607 2339
3 2609 2340 2341
3 2609 2608 2340
3 2610 2341 2342
3 2610 2609 2341
3 2611 2342 2343
3 2611 2610 2342
3 2612 2343 2344
3 2612 2611 2343
3 2613 2344 2345
3 2613 2612 2344
3 2615 2614 2347
3 2614 2345 2347
3 2614 2613 2345
3 2615 2616 2614
3 2618 2617 2350
3 2350 2617 2349
3 2619 2350 2351
3 2619 2618 2350
3 2620 2351 2352
3 2620 2619 2351
3 2621 2352 2353
3 2621 2620 2352
3 2622 2353 2354
3 2622 2621 2353
3 2623 2354 2355
3 2623 2622 2354
3 2355 2331 2599
3 2355 2599 2623
3 2356 2615 2347
3 2624 2616 2615
3 2356 2624 2615
3 2357 2624 2356
3 2625 2357 2358
3 2625 2624 2357
3 2358 2359 2625
3 2625 2359 2626
3 2628 2627 2361
3 2361 2627 2360
3 2629 2361 2362
3 2629 2628 2361
3 2362 2349 2617
3 2362 2617 2629
3 2630 2626 2359
3 2630 2359 2363
3 2363 2364 2630
3 2630 2364 2631
3 2633 2632 2366
3 2366 2632 2365
3 2634 2366 2367
3 2634 2633 2366
3 2367 2360 2627
3 2367 2627 2634
3 2635 2631 2364
3 2635 2364 2368
3 2368 2369 2635
3 2635 2369 2636
3 2639 2638 2637
3 2370 2371 2637
3 2371 2639 2637
3 2371 2640 2639
3 2641 2371 2372
3 2641 2640 2371
3 2372 2365 2632
3 2372 2632 2641
3 2642 2636 2369
3 2642 2369 2373
3 2373 2374 2642
3 2642 2374 2643
3 2645 2644 2377
3 2377 2644 2376
3 2378 2637 2638
3 2645 2378 2638
3 2377 2378 2645
3 2637 2378 2370
3 2646 2643 2374
3 2646 2374 2379
3 2379 2380 2646
3 2646 2380 2647
3 2649 2648 2383
3 2383 2648 2382
3 2650 2383 2384
3 2650 2649 2383
3 2384 2376 2644
3 2384 2644 2650
3 2651 2647 2380
3 2651 2380 2387
3 2387 2388 2651
3 2651 2388 2652
3 2655 2654 2653
3 2657 2656 2653
3 2653 2656 2655
3 2648 2656 2657
3 2390 2648 2657
3 2382 2648 2390
3 2658 2652 2388
3 2658 2388 2393
3 2393 2395 2658
3 2658 2395 2659
3 2653 2654 2660
3 2660 2654 2661
3 2653 2662 2657
3 2653 2660 2662
3 2662 2397 2390
3 2662 2390 2657
3 2400 2663 2399
3 2663 2664 2399
3 2664 2395 2399
3 2664 2659 2395
3 2660 2661 2665
3 2665 2661 2666
3 2660 2667 2662
3 2660 2665 2667
3 2667 2402 2397
3 2667 2397 2662
3 2404 2663 2400
3 2669 2668 2406
3 2406 2668 2404
3 2668 2664 2404
3 2664 2663 2404
3 2669 2670 2668
3 2665 2666 2671
3 2671 2666 2672
3 2665 2673 2667
3 2665 2671 2673
3 2673 2408 2402
3 2673 2402 2667
3 2411 2674 2669
3 2411 2669 2406
3 2670 2669 2675
3 2675 2669 2674
3 2671 2672 2676
3 2676 2672 2677
3 2671 2678 2673
3 2671 2676 2678
3 2678 2413 2408
3 2678 2408 2673
3 2416 2679 2417
3 2679 2680 2417
3 2417 2680 2411
3 2680 2681 2411
3 2681 2674 2411
3 2674 2681 2675
3 2676 2677 2682
3 2682 2677 2683
3 2676 2684 2678
3 2676 2682 2684
3 2684 2419 2413
3 2684 2413 2678
3 2421 2679 2416
3 2686 2685 2423
3 2423 2685 2421
3 2685 2680 2421
3 2680 2679 2421
3 2686 2687 2685
3 2682 2683 2688
3 2688 2683 2689
3 2682 2690 2684
3 2682 2688 2690
3 2690 2425 2419
3 2690 2419 2684
3 2428 2691 2686
3 2428 2686 2423
3 2687 2686 2692
3 2692 2686 2691
3 2688 2689 2693
3 2693 2689 2694
3 2688 2695 2690
3 2688 2693 2695
3 2695 2430 2425
3 2695 2425 2690
3 2433 2696 2434
3 2691 2428 2434
3 2696 2691 2434
3 2697 2691 2696
3 2692 2691 2698
3 2698 2691 2697
3 2693 2694 2699
3 2699 2694 2700
3 2693 2701 2695
3 2693 2699 2701
3 2701 2436 2430
3 2701 2430 2695
3 2438 2696 2433
3 2696 2438 2440
3 2702 2696 2440
3 2697 2696 2702
3 2698 2697 2703
3 2703 2697 2702
3 2699 2700 2704
3 2704 2700 2705
3 2699 2706 2701
3 2699 2704 2706
3 2706 2442 2436
3 2706 2436 2701
3 2445 2707 2702
3 2445 2702 2440
3 2703 2702 2708
3 2708 2702 2707
3 2704 2705 2709
3 2709 2705 2710
3 2704 2711 2706
3 2704 2709 2711
3 2711 2447 2442
3 2711 2442 2706
3 2450 2712 2451
3 2707 2445 2451
3 2712 2707 2451
3 2713 2707 2712
3 2708 2707 2714
3 2714 2707 2713
3 2709 2710 2715
3 2715 2710 2716
3 2709 2717 2711
3 2709 2715 2717
3 2717 2453 2447
3 2717 2447 2711
3 2455 2712 2450
3 2712 2455 2457
3 2718 2712 2457
3 2713 2712 2718
3 2714 2713 2719
3 2719 2713 2718
3 2715 2716 2720
3 2720 2716 2721
3 2715 2722 2717
3 2715 2720 2722
3 2722 2459 2453
3 2722 2453 2717
3 2463 2723 2718
3 2463 2718 2457
3 2719 2718 2724
3 2724 2718 2723
3 2720 2721 2725
3 2725 2721 2726
3 2720 2727 2722
3 2720 2725 2727
3 2727 2465 2459
3 2727 2459 2722
3 2468 2728 2723
3 2468 2723 2463
3 2724 2723 2729
3 2729 2723 2728
3 2725 2726 2730
3 2730 2726 2731
3 2725 2732 2727
3 2725 2730 2732
3 2732 2470 2465
3 2732 2465 2727
3 2473 2733 2728
3 2473 2728 2468
3 2729 2728 2734
3 2734 2728 2733
3 2730 2731 2735
3 2735 2731 2736
3 2730 2737 2732
3 2730 2735 2737
3 2737 2475 2470
3 2737 2470 2732
3 2479 2738 2733
3 2479 2733 2473
3 2734 2733 2739
3 2739 2733 2738
3 2735 2736 2740
3 2740 2736 2741
3 2735 2742 2737
3 2735 2740 2742
3 2743 2480 2475
3 2737 2743 2475
3 2742 2743 2737
3 2743 2482 2480
3 2485 2744 2738
3 2485 2738 2479
3 2739 2738 2745
3 2745 2738 2744
3 2741 2746 2740
3 2748 2747 2746
3 2747 2740 2746
3 2747 2742 2740
3 2742 2749 2743
3 2742 2747 2749
3 2749 2487 2482
3 2749 2482 2743
3 2490 2750 2744
3 2490 2744 2485
3 2745 2744 2751
3 2751 2744 2750
3 2754 2753 2752
3 2754 2752 2748
3 2752 2747 2748
3 2752 2755 2747
3 2755 2492 2493
3 2749 2755 2493
3 2747 2755 2749
3 2749 2493 2487
3 2496 2756 2497
3 2750 2490 2497
3 2756 2750 2497
3 2757 2750 2756
3 2751 2750 2758
3 2758 2750 2757
3 2752 2753 2759
3 2759 2753 2760
3 2752 2761 2755
3 2752 2759 2761
3 2761 2499 2492
3 2761 2492 2755
3 2501 2756 2496
3 2756 2501 2503
3 2762 2756 2503
3 2757 2756 2762
3 2758 2757 2763
3 2763 2757 2762
3 2759 2760 2764
3 2764 2760 2765
3 2759 2766 2761
3 2759 2764 2766
3 2766 2505 2499
3 2766 2499 2761
3 2508 2767 2762
3 2508 2762 2503
3 2763 2762 2768
3 2768 2762 2767
3 2764 2765 2769
3 2769 2765 2770
3 2764 2771 2766
3 2764 2769 2771
3 2771 2510 2505
3 2771 2505 2766
3 2513 2772 2514
3 2772 2773 2514
3 2514 2773 2508
3 2773 2774 2508
3 2774 2767 2508
3 2767 2774 2768
3 2769 2770 2775
3 2775 2770 2776
3 2769 2777 2771
3 2769 2775 2777
3 2777 2516 2510
3 2777 2510 2771
3 2518 2772 2513
3 2779 2778 2520
3 2520 2778 2518
3 2778 2773 2518
3 2773 2772 2518
3 2779 2780 2778
3 2775 2776 2781
3 2781 2776 2782
3 2775 2783 2777
3 2775 2781 2783
3 2783 2522 2516
3 2783 2516 2777
3 2525 2784 2779
3 2525 2779 2520
3 2780 2779 2785
3 2785 2779 2784
3 2781 2782 2786
3 2786 2782 2787
3 2781 2788 2783
3 2781 2786 2788
3 2788 2527 2522
3 2788 2522 2783
3 2790 2789 2784
3 2525 2790 2784
3 2530 2790 2525
3 2784 2789 2785
3 2786 2787 2791
3 2791 2787 2792
3 2786 2793 2788
3 2786 2791 2793
3 2793 2532 2527
3 2793 2527 2788
3 2535 2794 2534
3 2794 2795 2534
3 2795 2530 2534
3 2795 2790 2530
3 2792 2796 2791
3 2798 2797 2796
3 2797 2791 2796
3 2797 2793 2791
3 2797 2537 2532
3 2797 2532 2793
3 2540 2799 2539
3 2799 2800 2539
3 2539 2800 2535
3 2800 2801 2535
3 2801 2794 2535
3 2794 2801 2795
3 2798 2802 2797
3 2797 2802 2537
3 2802 2541 2537
3 2802 2803 2541
3 2543 2541 2803
3 2543 2803 2804
3 2546 2805 2545
3 2805 2806 2545
3 2545 2806 2540
3 2806 2807 2540
3 2807 2799 2540
3 2799 2807 2800
3 2804 2808 2543
3 2543 2808 2547
3 2547 2809 2548
3 2808 2809 2547
3 2548 2810 2550
3 2809 2810 2548
3 2551 2550 2810
3 2551 2810 2811
3 2554 2812 2553
3 2812 2813 2553
3 2553 2813 2546
3 2813 2814 2546
3 2814 2805 2546
3 2805 2814 2806
3 2811 2815 2551
3 2551 2815 2555
3 2555 2816 2556
3 2815 2816 2555
3 2557 2556 2816
3 2557 2816 2817
3 2560 2818 2559
3 2818 2819 2559
3 2559 2819 2554
3 2819 2820 2554
3 2820 2812 2554
3 2812 2820 2813
3 2817 2821 2557
3 2557 2821 2561
3 2561 2822 2562
3 2821 2822 2561
3 2563 2562 2822
3 2563 2822 2823
3 2825 2824 2818
3 2560 2825 2818
3 2564 2825 2560
3 2818 2824 2819
3 2823 2826 2563
3 2563 2826 2565
3 2565 2827 2566
3 2826 2827 2565
3 2567 2566 2827
3 2567 2827 2828
3 2831 2830 2829
3 2568 2569 2829
3 2830 2568 2829
3 2832 2568 2830
3 2564 2568 2825
3 2825 2568 2832
3 2828 2833 2567
3 2567 2833 2570
3 2570 2834 2571
3 2833 2834 2570
3 2571 2835 2572
3 2834 2835 2571
3 2572 2836 2573
3 2835 2836 2572
3 2573 2837 2574
3 2836 2837 2573
3 2574 2838 2576
3 2837 2838 2574
3 2576 2839 2578
3 2838 2839 2576
3 2841 2840 2580
3 2578 2841 2580
3 2839 2841 2578
3 2842 2840 2841
3 2583 2843 2582
3 2582 2843 2844
3 2845 2582 2844
3 2584 2582 2845
3 2829 2585 2831
3 2585 2845 2831
3 2585 2584 2845
3 2585 2829 2569
3 2840 2586 2580
3 2842 2846 2840
3 2846 2586 2840
3 2846 2587 2586
3 2587 2847 2588
3 2846 2847 2587
3 2588 2848 2589
3 2847 2848 2588
3 2589 2849 2590
3 2848 2849 2589
3 2590 2850 2591
3 2849 2850 2590
3 2591 2851 2592
3 2850 2851 2591
3 2592 2852 2593
3 2851 2852 2592
3 2593 2853 2594
3 2852 2853 2593
3 2594 2854 2595
3 2853 2854 2594
3 2595 2855 2596
3 2854 2855 2595
3 2596 2856 2597
3 2855 2856 2596
3 2597 2857 2598
3 2856 2857 2597
3 2583 2598 2843
3 2598 2858 2843
3 2598 2857 2858
3 2843 2858 2844
3 2861 2860 2859
3 2863 2862 2859
3 2859 2862 2861
3 2599 2600 2863
3 2600 2862 2863
3 2600 2864 2862
3 2865 2600 2601
3 2865 2864 2600
3 2866 2601 2602
3 2866 2865 2601
3 2867 2602 2603
3 2867 2866 2602
3 2868 2603 2604
3 2868 2867 2603
3 2869 2604 2605
3 2869 2868 2604
3 2870 2605 2606
3 2870 2869 2605
3 2871 2606 2607
3 2871 2870 2606
3 2872 2607 2608
3 2872 2871 2607
3 2873 2608 2609
3 2873 2872 2608
3 2874 2609 2610
3 2874 2873 2609
3 2875 2610 2611
3 2875 2874 2610
3 2876 2611 2612
3 2876 2875 2611
3 2877 2612 2613
3 2877 2876 2612
3 2878 2613 2614
3 2878 2877 2613
3 2614 2616 2878
3 2878 2616 2879
3 2881 2880 2618
3 2618 2880 2617
3 2882 2618 2619
3 2882 2881 2618
3 2883 2619 2620
3 2883 2882 2619
3 2884 2620 2621
3 2884 2883 2620
3 2622 2859 2860
3 2884 2622 2860
3 2621 2622 2884
3 2859 2622 2623
3 2859 2623 2863
3 2863 2623 2599
3 2885 2879 2616
3 2885 2616 2624
3 2886 2624 2625
3 2886 2885 2624
3 2625 2626 2886
3 2886 2626 2887
3 2889 2888 2628
3 2628 2888 2627
3 2890 2628 2629
3 2890 2889 2628
3 2629 2617 2880
3 2629 2880 2890
3 2891 2887 2626
3 2891 2626 2630
3 2630 2631 2891
3 2891 2631 2892
3 2894 2893 2633
3 2633 2893 2632
3 2895 2633 2634
3 2895 2894 2633
3 2634 2627 2888
3 2634 2888 2895
3 2896 2892 2631
3 2896 2631 2635
3 2635 2636 2896
3 2896 2636 2897
3 2898 2638 2639
3 2898 2639 2899
3 2639 2900 2899
3 2639 2640 2900
3 2901 2640 2641
3 2901 2900 2640
3 2641 2632 2893
3 2641 2893 2901
3 2902 2897 2636
3 2902 2636 2642
3 2642 2643 2902
3 2902 2643 2903
3 2905 2904 2645
3 2645 2904 2644
3 2645 2638 2898
3 2906 2645 2898
3 2905 2645 2906
3 2906 2898 2899
3 2907 2903 2643
3 2907 2643 2646
3 2646 2647 2907
3 2907 2647 2908
3 2910 2909 2649
3 2649 2909 2648
3 2911 2649 2650
3 2911 2910 2649
3 2650 2644 2904
3 2650 2904 2911
3 2912 2908 2647
3 2912 2647 2651
3 2651 2652 2912
3 2912 2652 2913
3 2915 2914 2655
3 2655 2914 2654
3 2916 2655 2656
3 2916 2915 2655
3 2656 2648 2909
3 2656 2909 2916
3 2917 2913 2652
3 2917 2652 2658
3 2658 2659 2917
3 2917 2659 2918
3 2914 2661 2654
3 2919 2661 2914
3 2664 2921 2920
3 2918 2664 2920
3 2659 2664 2918
3 2921 2922 2920
3 2919 2666 2661
3 2923 2666 2919
3 2668 2921 2664
3 2925 2924 2670
3 2670 2924 2668
3 2924 2922 2668
3 2922 2921 2668
3 2925 2926 2924
3 2923 2672 2666
3 2927 2672 2923
3 2675 2928 2925
3 2675 2925 2670
3 2926 2925 2929
3 2929 2925 2928
3 2927 2677 2672
3 2930 2677 2927
3 2680 2931 2681
3 2928 2675 2681
3 2931 2928 2681
3 2932 2928 2931
3 2929 2928 2933
3 2933 2928 2932
3 2930 2683 2677
3 2934 2683 2930
3 2685 2931 2680
3 2931 2685 2687
3 2935 2931 2687
3 2932 2931 2935
3 2933 2932 2936
3 2936 2932 2935
3 2934 2689 2683
3 2937 2689 2934
3 2692 2938 2935
3 2692 2935 2687
3 2936 2935 2939
3 2939 2935 2938
3 2937 2694 2689
3 2940 2694 2937
3 2698 2941 2938
3 2698 2938 2692
3 2939 2938 2942
3 2942 2938 2941
3 2940 2700 2694
3 2943 2700 2940
3 2703 2944 2941
3 2703 2941 2698
3 2942 2941 2945
3 2945 2941 2944
3 2943 2705 2700
3 2946 2705 2943
3 2708 2947 2944
3 2708 2944 2703
3 2945 2944 2948
3 2948 2944 2947
3 2946 2710 2705
3 2949 2710 2946
3 2714 2950 2947
3 2714 2947 2708
3 2948 2947 2951
3 2951 2947 2950
3 2949 2716 2710
3 2952 2716 2949
3 2719 2953 2950
3 2719 2950 2714
3 2951 2950 2954
3 2954 2950 2953
3 2952 2721 2716
3 2955 2721 2952
3 2724 2956 2953
3 2724 2953 2719
3 2954 2953 2957
3 2957 2953 2956
3 2955 2726 2721
3 2958 2726 2955
3 2729 2959 2956
3 2729 2956 2724
3 2957 2956 2960
3 2960 2956 2959
3 2958 2731 2726
3 2961 2731 2958
3 2734 2962 2959
3 2734 2959 2729
3 2960 2959 2963
3 2963 2959 2962
3 2961 2736 2731
3 2964 2736 2961
3 2739 2965 2962
3 2739 2962 2734
3 2963 2962 2966
3 2966 2962 2965
3 2964 2741 2736
3 2967 2741 2964
3 2745 2968 2965
3 2745 2965 2739
3 2966 2965 2969
3 2969 2965 2968
3 2746 2741 2970
3 2741 2971 2970
3 2741 2967 2971
3 2970 2748 2746
3 2751 2972 2968
3 2751 2968 2745
3 2969 2968 2973
3 2973 2968 2972
3 2970 2971 2754
3 2971 2753 2754
3 2971 2974 2753
3 2970 2754 2748
3 2758 2975 2972
3 2758 2972 2751
3 2973 2972 2976
3 2976 2972 2975
3 2974 2760 2753
3 2977 2760 2974
3 2763 2978 2975
3 2763 2975 2758
3 2976 2975 2979
3 2979 2975 2978
3 2977 2765 2760
3 2980 2765 2977
3 2768 2981 2978
3 2768 2978 2763
3 2979 2978 2982
3 2982 2978 2981
3 2980 2770 2765
3 2983 2770 2980
3 2773 2984 2774
3 2981 2768 2774
3 2984 2981 2774
3 2985 2981 2984
3 2982 2981 2986
3 2986 2981 2985
3 2983 2776 2770
3 2987 2776 2983
3 2778 2984 2773
3 2984 2778 2780
3 2988 2984 2780
3 2985 2984 2988
3 2986 2985 2989
3 2989 2985 2988
3 2987 2782 2776
3 2990 2782 2987
3 2992 2991 2988
3 2780 2992 2988
3 2785 2992 2780
3 2988 2991 2989
3 2990 2787 2782
3 2993 2787 2990
3 2995 2994 2789
3 2995 2789 2790
3 2785 2789 2992
3 2992 2789 2994
3 2993 2792 2787
3 2996 2792 2993
3 2999 2998 2997
3 2998 2995 2997
3 2995 2795 2997
3 2995 2790 2795
3 2996 3000 2792
3 2792 3000 2796
3 2798 2796 3000
3 2798 3000 3001
3 3004 3003 3002
3 3002 3003 2999
3 3002 2999 2997
3 2800 3002 2997
3 2801 2800 2997
3 2801 2997 2795
3 3001 3005 2798
3 2798 3005 2802
3 2802 3006 2803
3 3005 3006 2802
3 2804 2803 3006
3 2804 3006 3007
3 3004 3002 2807
3 2806 3004 2807
3 3008 3004 2806
3 2807 3002 2800
3 3007 3009 2804
3 2804 3009 2808
3 2808 3010 2809
3 3009 3010 2808
3 2809 3011 2810
3 3010 3011 2809
3 2811 2810 3011
3 2811 3011 3012
3 3014 3013 2814
3 3014 2814 2813
3 2806 2814 3008
3 3008 2814 3013
3 3012 3015 2811
3 2811 3015 2815
3 2815 3016 2816
3 3015 3016 2815
3 2817 2816 3016
3 2817 3016 3017
3 3019 3018 2820
3 3019 2820 2819
3 2813 2820 3014
3 3014 2820 3018
3 3017 3020 2817
3 2817 3020 2821
3 2821 3021 2822
3 3020 3021 2821
3 2823 2822 3021
3 2823 3021 3022
3 3024 3023 2824
3 3024 2824 2825
3 2819 2824 3019
3 3019 2824 3023
3 3022 3025 2823
3 2823 3025 2826
3 2826 3026 2827
3 3025 3026 2826
3 2828 2827 3026
3 2828 3026 3027
3 2831 3028 2830
3 2830 3028 3029
3 3030 2830 3029
3 2832 2830 3030
3 2825 2832 3024
3 3024 2832 3030
3 3027 3031 2828
3 2828 3031 2833
3 2833 3032 2834
3 3031 3032 2833
3 2834 3033 2835
3 3032 3033 2834
3 2835 3034 2836
3 3033 3034 2835
3 2836 3035 2837
3 3034 3035 2836
3 2837 3036 2838
3 3035 3036 2837
3 2838 3037 2839
3 3036 3037 2838
3 3037 3039 3038
3 2841 3037 3038
3 2839 3037 2841
3 3038 2842 2841
3 3041 3040 2845
3 3041 2845 2844
3 2831 2845 3028
3 2845 3042 3028
3 2845 3040 3042
3 3028 3042 3029
3 3039 3043 3038
3 3038 3043 2842
3 3043 2846 2842
3 3043 3044 2846
3 2846 3045 2847
3 3044 3045 2846
3 2847 3046 2848
3 3045 3046 2847
3 2848 3047 2849
3 3046 3047 2848
3 2849 3048 2850
3 3047 3048 2849
3 2850 3049 2851
3 3048 3049 2850
3 2851 3050 2852
3 3049 3050 2851
3 2852 3051 2853
3 3050 3051 2852
3 2853 3052 2854
3 3051 3052 2853
3 2854 3053 2855
3 3052 3053 2854
3 2855 3054 2856
3 3053 3054 2855
3 2856 3055 2857
3 3054 3055 2856
3 2857 3056 2858
3 3055 3056 2857
3 2844 2858 3041
3 3041 2858 3056
3 3057 2860 2861
3 3057 2861 3058
3 2861 3059 3058
3 2861 2862 3059
3 3060 2862 2864
3 3060 3059 2862
3 3061 2864 2865
3 3061 3060 2864
3 3062 2865 2866
3 3062 3061 2865
3 3063 2866 2867
3 3063 3062 2866
3 3064 2867 2868
3 3064 3063 2867
3 3065 2868 2869
3 3065 3064 2868
3 3066 2869 2870
3 3066 3065 2869
3 3067 2870 2871
3 3067 3066 2870
3 3068 2871 2872
3 3068 3067 2871
3 3069 2872 2873
3 3069 3068 2872
3 3070 2873 2874
3 3070 3069 2873
3 3071 2874 2875
3 3071 3070 2874
3 3072 2875 2876
3 3072 3071 2875
3 3073 2876 2877
3 3073 3072 2876
3 3074 2877 2878
3 3074 3073 2877
3 2878 2879 3074
3 3074 2879 3075
3 3077 3076 2881
3 2881 3076 2880
3 3078 2881 2882
3 3078 3077 2881
3 3079 2882 2883
3 3079 3078 2882
3 3080 2883 2884
3 3080 3079 2883
3 2884 2860 3057
3 3081 2884 3057
3 3080 2884 3081
3 3081 3057 3058
3 3082 3075 2879
3 3082 2879 2885
3 3083 2885 2886
3 3083 3082 2885
3 2886 2887 3083
3 3083 2887 3084
3 3086 3085 2889
3 2889 3085 2888
3 3087 2889 2890
3 3087 3086 2889
3 2890 2880 3076
3 2890 3076 3087
3 3088 3084 2887
3 3088 2887 2891
3 2891 2892 3088
3 3088 2892 3089
3 3091 3090 2894
3 2894 3090 2893
3 3092 2894 2895
3 3092 3091 2894
3 2895 2888 3085
3 2895 3085 3092
3 3093 3089 2892
3 3093 2892 2896
3 2896 2897 3093
3 3093 2897 3094
3 3096 3095 2900
3 2900 3095 2899
3 3097 2900 2901
3 3097 3096 2900
3 2901 2893 3090
3 2901 3090 3097
3 3098 3094 2897
3 3098 2897 2902
3 2902 2903 3098
3 3098 2903 3099
3 3101 3100 2905
3 2905 3100 2904
3 3102 2905 2906
3 3102 3101 2905
3 2906 2899 3095
3 2906 3095 3102
3 3103 3099 2903
3 3103 2903 2907
3 2907 2908 3103
3 3103 2908 3104
3 3106 3105 2910
3 2910 3105 2909
3 3107 2910 2911
3 3107 3106 2910
3 2911 2904 3100
3 2911 3100 3107
3 3108 3104 2908
3 3108 2908 2912
3 2912 2913 3108
3 3108 2913 3109
3 3111 3110 2915
3 2915 3110 2914
3 3112 2915 2916
3 3112 3111 2915
3 2916 2909 3105
3 2916 3105 3112
3 3113 3109 2913
3 3113 2913 2917
3 2917 2918 3113
3 3113 2918 3114
3 3110 2919 2914
3 3115 2919 3110
3 3116 3114 2918
3 3116 2918 2920
3 2920 2922 3116
3 3116 2922 3117
3 3115 2923 2919
3 3118 2923 3115
3 3119 3117 2922
3 3119 2922 2924
3 2924 2926 3119
3 3119 2926 3120
3 3118 2927 2923
3 3121 2927 3118
3 2929 3123 3122
3 3120 2929 3122
3 2926 2929 3120
3 3123 3124 3122
3 3121 2930 2927
3 3125 2930 3121
3 2933 3126 3123
3 2933 3123 2929
3 3124 3123 3127
3 3127 3123 3126
3 3125 2934 2930
3 3128 2934 3125
3 2936 3129 3126
3 2936 3126 2933
3 3127 3126 3130
3 3130 3126 3129
3 3128 2937 2934
3 3131 2937 3128
3 2939 3132 3129
3 2939 3129 2936
3 3130 3129 3133
3 3133 3129 3132
3 3131 2940 2937
3 3134 2940 3131
3 2942 3135 3132
3 2942 3132 2939
3 3133 3132 3136
3 3136 3132 3135
3 3134 2943 2940
3 3137 2943 3134
3 2945 3138 3135
3 2945 3135 2942
3 3136 3135 3139
3 3139 3135 3138
3 3137 2946 2943
3 3140 2946 3137
3 2948 3141 3138
3 2948 3138 2945
3 3139 3138 3142
3 3142 3138 3141
3 3140 2949 2946
3 3143 2949 3140
3 2951 3144 3141
3 2951 3141 2948
3 3142 3141 3145
3 3145 3141 3144
3 3143 2952 2949
3 3146 2952 3143
3 2954 3147 3144
3 2954 3144 2951
3 3145 3144 3148
3 3148 3144 3147
3 3146 2955 2952
3 3149 2955 3146
3 2957 3150 3147
3 2957 3147 2954
3 3148 3147 3151
3 3151 3147 3150
3 3149 2958 2955
3 3152 2958 3149
3 2960 3153 3150
3 2960 3150 2957
3 3151 3150 3154
3 3154 3150 3153
3 3152 2961 2958
3 3155 2961 3152
3 2963 3156 3153
3 2963 3153 2960
3 3154 3153 3157
3 3157 3153 3156
3 3155 2964 2961
3 3158 2964 3155
3 2966 3159 3156
3 2966 3156 2963
3 3157 3156 3160
3 3160 3156 3159
3 3158 2967 2964
3 3161 2967 3158
3 2969 3162 3159
3 2969 3159 2966
3 3160 3159 3163
3 3163 3159 3162
3 3161 2971 2967
3 3164 2971 3161
3 2973 3165 3162
3 2973 3162 2969
3 3163 3162 3166
3 3166 3162 3165
3 3164 2974 2971
3 3167 2974 3164
3 2976 3168 3165
3 2976 3165 2973
3 3166 3165 3169
3 3169 3165 3168
3 3167 2977 2974
3 3170 2977 3167
3 2979 3171 3168
3 2979 3168 2976
3 3169 3168 3172
3 3172 3168 3171
3 3170 2980 2977
3 3173 2980 3170
3 2982 3174 3171
3 2982 3171 2979
3 3172 3171 3175
3 3175 3171 3174
3 3173 2983 2980
3 3176 2983 3173
3 2986 3177 3174
3 2986 3174 2982
3 3175 3174 3178
3 3178 3174 3177
3 3176 2987 2983
3 3179 2987 3176
3 2989 3180 3177
3 2989 3177 2986
3 3178 3177 3181
3 3181 3177 3180
3 3179 2990 2987
3 3182 2990 3179
3 3184 3183 2991
3 3184 2991 2992
3 2989 2991 3180
3 2991 3185 3180
3 2991 3183 3185
3 3180 3185 3181
3 3182 2993 2990
3 3186 2993 3182
3 3188 3187 2994
3 3188 2994 2995
3 2992 2994 3184
3 3184 2994 3187
3 3186 2996 2993
3 3189 2996 3186
3 3191 3190 2998
3 3191 2998 2999
3 2995 2998 3188
3 3188 2998 3190
3 3000 2996 3192
3 2996 3193 3192
3 2996 3189 3193
3 3192 3001 3000
3 3195 3194 3003
3 3195 3003 3004
3 2999 3003 3191
3 3191 3003 3194
3 3193 3196 3192
3 3192 3196 3001
3 3196 3005 3001
3 3196 3197 3005
3 3005 3198 3006
3 3197 3198 3005
3 3007 3006 3198
3 3007 3198 3199
3 3202 3201 3200
3 3201 3195 3200
3 3195 3008 3200
3 3195 3004 3008
3 3199 3203 3007
3 3007 3203 3009
3 3009 3204 3010
3 3203 3204 3009
3 3010 3205 3011
3 3204 3205 3010
3 3012 3011 3205
3 3012 3205 3206
3 3209 3208 3207
3 3207 3208 3202
3 3207 3202 3200
3 3014 3207 3200
3 3013 3014 3200
3 3013 3200 3008
3 3206 3210 3012
3 3012 3210 3015
3 3015 3211 3016
3 3210 3211 3015
3 3017 3016 3211
3 3017 3211 3212
3 3209 3207 3018
3 3019 3209 3018
3 3213 3209 3019
3 3018 3207 3014
3 3212 3214 3017
3 3017 3214 3020
3 3020 3215 3021
3 3214 3215 3020
3 3022 3021 3215
3 3022 3215 3216
3 3218 3217 3023
3 3218 3023 3024
3 3019 3023 3213
3 3213 3023 3217
3 3216 3219 3022
3 3022 3219 3025
3 3025 3220 3026
3 3219 3220 3025
3 3027 3026 3220
3 3027 3220 3221
3 3223 3222 3030
3 3223 3030 3029
3 3024 3030 3218
3 3218 3030 3222
3 3221 3224 3027
3 3027 3224 3031
3 3031 3225 3032
3 3224 3225 3031
3 3032 3226 3033
3 3225 3226 3032
3 3033 3227 3034
3 3226 3227 3033
3 3034 3228 3035
3 3227 3228 3034
3 3035 3229 3036
3 3228 3229 3035
3 3036 3230 3037
3 3229 3230 3036
3 3232 3231 3039
3 3037 3232 3039
3 3230 3232 3037
3 3233 3231 3232
3 3235 3234 3040
3 3235 3040 3041
3 3040 3236 3042
3 3234 3236 3040
3 3029 3042 3223
3 3223 3042 3236
3 3231 3043 3039
3 3233 3237 3231
3 3237 3043 3231
3 3237 3044 3043
3 3044 3238 3045
3 3237 3238 3044
3 3045 3239 3046
3 3238 3239 3045
3 3046 3240 3047
3 3239 3240 3046
3 3047 3241 3048
3 3240 3241 3047
3 3048 3242 3049
3 3241 3242 3048
3 3049 3243 3050
3 3242 3243 3049
3 3050 3244 3051
3 3243 3244 3050
3 3051 3245 3052
3 3244 3245 3051
3 3052 3246 3053
3 3245 3246 3052
3 3053 3247 3054
3 3246 3247 3053
3 3054 3248 3055
3 3247 3248 3054
3 3055 3249 3056
3 3248 3249 3055
3 3041 3056 3235
3 3235 3056 3249
3 3250 3058 3059
3 3060 3251 3059
3 3059 3251 3250
3 3251 3060 3252
3 3060 3253 3252
3 3060 3061 3253
3 3254 3061 3062
3 3254 3253 3061
3 3255 3062 3063
3 3255 3254 3062
3 3256 3063 3064
3 3256 3255 3063
3 3257 3064 3065
3 3257 3256 3064
3 3258 3065 3066
3 3258 3257 3065
3 3259 3066 3067
3 3259 3258 3066
3 3260 3067 3068
3 3260 3259 3067
3 3261 3068 3069
3 3261 3260 3068
3 3262 3069 3070
3 3262 3261 3069
3 3263 3070 3071
3 3263 3262 3070
3 3264 3071 3072
3 3264 3263 3071
3 3265 3072 3073
3 3265 3264 3072
3 3266 3073 3074
3 3266 3265 3073
3 3074 3075 3266
3 3266 3075 3267
3 3268 3076 3077
3 3268 3077 3269
3 3077 3270 3269
3 3077 3078 3270
3 3271 3078 3079
3 3271 3270 3078
3 3272 3079 3080
3 3272 3271 3079
3 3273 3080 3081
3 3273 3272 3080
3 3081 3058 3250
3 3274 3081 3250
3 3273 3081 3274
3 3274 3250 3251
3 3274 3251 3275
3 3275 3251 3252
3 3276 3267 3075
3 3276 3075 3082
3 3277 3082 3083
3 3277 3276 3082
3 3083 3084 3277
3 3277 3084 3278
3 3280 3279 3086
3 3086 3279 3085
3 3281 3086 3087
3 3281 3280 3086
3 3087 3076 3268
3 3282 3087 3268
3 3281 3087 3282
3 3282 3268 3269
3 3283 3278 3084
3 3283 3084 3088
3 3088 3089 3283
3 3283 3089 3284
3 3286 3285 3091
3 3091 3285 3090
3 3287 3091 3092
3 3287 3286 3091
3 3092 3085 3279
3 3092 3279 3287
3 3288 3284 3089
3 3288 3089 3093
3 3093 3094 3288
3 3288 3094 3289
3 3291 3290 3096
3 3096 3290 3095
3 3292 3096 3097
3 3292 3291 3096
3 3097 3090 3285
3 3097 3285 3292
3 3293 3289 3094
3 3293 3094 3098
3 3098 3099 3293
3 3293 3099 3294
3 3297 3296 3295
3 3100 3101 3295
3 3101 3297 3295
3 3101 3298 3297
3 3299 3101 3102
3 3299 3298 3101
3 3102 3095 3290
3 3102 3290 3299
3 3300 3294 3099
3 3300 3099 3103
3 3103 3104 3300
3 3300 3104 3301
3 3304 3303 3302
3 3105 3106 3302
3 3106 3304 3302
3 3106 3305 3304
3 3107 3295 3296
3 3305 3107 3296
3 3106 3107 3305
3 3295 3107 3100
3 3306 3301 3104
3 3306 3104 3108
3 3108 3109 3306
3 3306 3109 3307
3 3309 3308 3111
3 3111 3308 3110
3 3112 3302 3303
3 3309 3112 3303
3 3111 3112 3309
3 3302 3112 3105
3 3310 3307 3109
3 3310 3109 3113
3 3113 3114 3310
3 3310 3114 3311
3 3308 3115 3110
3 3312 3115 3308
3 3313 3311 3114
3 3313 3114 3116
3 3116 3117 3313
3 3313 3117 3314
3 3312 3118 3115
3 3315 3118 3312
3 3316 3314 3117
3 3316 3117 3119
3 3318 3317 3120
3 3317 3119 3120
3 3317 3316 3119
3 3318 3319 3317
3 3315 3121 3118
3 3320 3121 3315
3 3122 3318 3120
3 3322 3321 3124
3 3124 3321 3122
3 3321 3319 3122
3 3319 3318 3122
3 3322 3323 3321
3 3320 3125 3121
3 3324 3125 3320
3 3127 3325 3322
3 3127 3322 3124
3 3323 3322 3326
3 3326 3322 3325
3 3324 3128 3125
3 3327 3128 3324
3 3130 3328 3325
3 3130 3325 3127
3 3326 3325 3329
3 3329 3325 3328
3 3327 3131 3128
3 3330 3131 3327
3 3133 3331 3328
3 3133 3328 3130
3 3329 3328 3332
3 3332 3328 3331
3 3330 3134 3131
3 3333 3134 3330
3 3136 3334 3331
3 3136 3331 3133
3 3332 3331 3335
3 3335 3331 3334
3 3333 3137 3134
3 3336 3137 3333
3 3139 3337 3334
3 3139 3334 3136
3 3335 3334 3338
3 3338 3334 3337
3 3336 3140 3137
3 3339 3140 3336
3 3142 3340 3337
3 3142 3337 3139
3 3338 3337 3341
3 3341 3337 3340
3 3339 3143 3140
3 3342 3143 3339
3 3145 3343 3340
3 3145 3340 3142
3 3341 3340 3344
3 3344 3340 3343
3 3342 3146 3143
3 3345 3146 3342
3 3148 3346 3343
3 3148 3343 3145
3 3344 3343 3347
3 3347 3343 3346
3 3345 3149 3146
3 3348 3149 3345
3 3151 3349 3346
3 3151 3346 3148
3 3347 3346 3350
3 3350 3346 3349
3 3348 3152 3149
3 3351 3152 3348
3 3154 3352 3349
3 3154 3349 3151
3 3350 3349 3353
3 3353 3349 3352
3 3351 3155 3152
3 3354 3155 3351
3 3157 3355 3352
3 3157 3352 3154
3 3353 3352 3356
3 3356 3352 3355
3 3354 3158 3155
3 3357 3158 3354
3 3160 3358 3355
3 3160 3355 3157
3 3356 3355 3359
3 3359 3355 3358
3 3357 3161 3158
3 3360 3161 3357
3 3163 3361 3358
3 3163 3358 3160
3 3359 3358 3362
3 3362 3358 3361
3 3360 3164 3161
3 3363 3164 3360
3 3166 3364 3361
3 3166 3361 3163
3 3362 3361 3365
3 3365 3361 3364
3 3363 3167 3164
3 3366 3167 3363
3 3169 3367 3364
3 3169 3364 3166
3 3365 3364 3368
3 3368 3364 3367
3 3366 3170 3167
3 3369 3170 3366
3 3172 3370 3367
3 3172 3367 3169
3 3368 3367 3371
3 3371 3367 3370
3 3369 3173 3170
3 3372 3173 3369
3 3175 3373 3370
3 3175 3370 3172
3 3371 3370 3374
3 3374 3370 3373
3 3372 3176 3173
3 3375 3176 3372
3 3377 3376 3373
3 3175 3377 3373
3 3178 3377 3175
3 3373 3376 3374
3 3375 3179 3176
3 3378 3179 3375
3 3381 3380 3379
3 3380 3377 3379
3 3377 3181 3379
3 3377 3178 3181
3 3378 3182 3179
3 3382 3182 3378
3 3384 3383 3183
3 3384 3183 3184
3 3379 3185 3381
3 3185 3383 3381
3 3185 3183 3383
3 3185 3379 3181
3 3382 3186 3182
3 3385 3186 3382
3 3188 3386 3187
3 3386 3387 3187
3 3387 3184 3187
3 3387 3384 3184
3 3385 3189 3186
3 3388 3189 3385
3 3191 3389 3190
3 3389 3390 3190
3 3190 3390 3188
3 3390 3391 3188
3 3391 3386 3188
3 3386 3391 3387
3 3388 3193 3189
3 3392 3193 3388
3 3195 3393 3194
3 3393 3394 3194
3 3194 3394 3191
3 3394 3395 3191
3 3395 3389 3191
3 3389 3395 3390
3 3392 3396 3193
3 3193 3396 3196
3 3196 3397 3197
3 3396 3397 3196
3 3397 3399 3398
3 3198 3397 3398
3 3197 3397 3198
3 3398 3199 3198
3 3202 3400 3201
3 3400 3401 3201
3 3201 3401 3195
3 3401 3402 3195
3 3402 3393 3195
3 3393 3402 3394
3 3399 3403 3398
3 3398 3403 3199
3 3403 3203 3199
3 3403 3404 3203
3 3203 3405 3204
3 3404 3405 3203
3 3405 3407 3406
3 3205 3405 3406
3 3204 3405 3205
3 3406 3206 3205
3 3409 3408 3208
3 3409 3208 3209
3 3202 3208 3400
3 3208 3410 3400
3 3208 3408 3410
3 3400 3410 3401
3 3407 3411 3406
3 3406 3411 3206
3 3411 3210 3206
3 3411 3412 3210
3 3412 3414 3413
3 3211 3412 3413
3 3210 3412 3211
3 3413 3212 3211
3 3417 3416 3415
3 3416 3409 3415
3 3409 3213 3415
3 3409 3209 3213
3 3414 3418 3413
3 3413 3418 3212
3 3418 3214 3212
3 3418 3419 3214
3 3419 3421 3420
3 3215 3419 3420
3 3214 3419 3215
3 3420 3216 3215
3 3424 3423 3422
3 3422 3423 3417
3 3422 3417 3415
3 3218 3422 3415
3 3217 3218 3415
3 3217 3415 3213
3 3421 3425 3420
3 3420 3425 3216
3 3425 3219 3216
3 3425 3426 3219
3 3219 3427 3220
3 3426 3427 3219
3 3221 3220 3427
3 3221 3427 3428
3 3424 3422 3222
3 3223 3424 3222
3 3429 3424 3223
3 3222 3422 3218
3 3428 3430 3221
3 3221 3430 3224
3 3224 3431 3225
3 3430 3431 3224
3 3225 3432 3226
3 3431 3432 3225
3 3226 3433 3227
3 3432 3433 3226
3 3227 3434 3228
3 3433 3434 3227
3 3228 3435 3229
3 3434 3435 3228
3 3435 3437 3436
3 3230 3435 3436
3 3229 3435 3230
3 3438 3232 3230
3 3438 3230 3436
3 3233 3232 3438
3 3441 3440 3439
3 3442 3441 3439
3 3444 3443 3234
3 3444 3234 3235
3 3234 3445 3236
3 3443 3445 3234
3 3223 3236 3429
3 3429 3236 3445
3 3437 3446 3436
3 3436 3446 3438
3 3438 3446 3447
3 3440 3441 3447
3 3441 3237 3447
3 3233 3438 3447
3 3233 3447 3237
3 3442 3448 3441
3 3448 3237 3441
3 3448 3238 3237
3 3238 3449 3239
3 3448 3449 3238
3 3239 3450 3240
3 3449 3450 3239
3 3240 3451 3241
3 3450 3451 3240
3 3241 3452 3242
3 3451 3452 3241
3 3242 3453 3243
3 3452 3453 3242
3 3243 3454 3244
3 3453 3454 3243
3 3244 3455 3245
3 3454 3455 3244
3 3245 3456 3246
3 3455 3456 3245
3 3246 3457 3247
3 3456 3457 3246
3 3247 3458 3248
3 3457 3458 3247
3 3248 3459 3249
3 3458 3459 3248
3 3235 3249 3444
3 3444 3249 3459
3 3462 3461 3460
3 3460 3463 3462
3 3465 3464 3253
3 3253 3464 3252
3 3466 3253 3254
3 3466 3465 3253
3 3467 3254 3255
3 3467 3466 3254
3 3468 3255 3256
3 3468 3467 3255
3 3469 3256 3257
3 3469 3468 3256
3 3470 3257 3258
3 3470 3469 3257
3 3471 3258 3259
3 3471 3470 3258
3 3472 3259 3260
3 3472 3471 3259
3 3473 3260 3261
3 3473 3472 3260
3 3474 3261 3262
3 3474 3473 3261
3 3475 3262 3263
3 3475 3474 3262
3 3476 3263 3264
3 3476 3475 3263
3 3477 3264 3265
3 3477 3476 3264
3 3478 3265 3266
3 3478 3477 3265
3 3266 3267 3478
3 3478 3267 3479
3 3482 3481 3480
3 3269 3270 3480
3 3270 3482 3480
3 3270 3483 3482
3 3484 3270 3271
3 3484 3483 3270
3 3485 3271 3272
3 3485 3484 3271
3 3486 3272 3273
3 3486 3485 3272
3 3274 3460 3461
3 3486 3274 3461
3 3273 3274 3486
3 3487 3463 3460
3 3274 3487 3460
3 3275 3487 3274
3 3275 3252 3464
3 3275 3464 3487
3 3488 3479 3267
3 3488 3267 3276
3 3489 3276 3277
3 3489 3488 3276
3 3277 3278 3489
3 3489 3278 3490
3 3492 3491 3280
3 3280 3491 3279
3 3493 3280 3281
3 3493 3492 3280
3 3282 3480 3481
3 3493 3282 3481
3 3281 3282 3493
3 3480 3282 3269
3 3494 3490 3278
3 3494 3278 3283
3 3283 3284 3494
3 3494 3284 3495
3 3497 3496 3286
3 3286 3496 3285
3 3498 3286 3287
3 3498 3497 3286
3 3287 3279 3491
3 3287 3491 3498
3 3499 3495 3284
3 3499 3284 3288
3 3288 3289 3499
3 3499 3289 3500
3 3502 3501 3291
3 3291 3501 3290
3 3503 3291 3292
3 3503 3502 3291
3 3292 3285 3496
3 3292 3496 3503
3 3504 3500 3289
3 3504 3289 3293
3 3293 3294 3504
3 3504 3294 3505
3 3506 3296 3297
3 3506 3297 3507
3 3297 3508 3507
3 3297 3298 3508
3 3509 3298 3299
3 3509 3508 3298
3 3299 3290 3501
3 3299 3501 3509
3 3510 3505 3294
3 3510 3294 3300
3 3300 3301 3510
3 3510 3301 3511
3 3512 3303 3304
3 3512 3304 3513
3 3304 3514 3513
3 3304 3305 3514
3 3305 3296 3506
3 3515 3305 3506
3 3514 3305 3515
3 3515 3506 3507
3 3516 3511 3301
3 3516 3301 3306
3 3306 3307 3516
3 3516 3307 3517
3 3519 3518 3309
3 3309 3518 3308
3 3309 3303 3512
3 3520 3309 3512
3 3519 3309 3520
3 3520 3512 3513
3 3521 3517 3307
3 3521 3307 3310
3 3310 3311 3521
3 3521 3311 3522
3 3518 3312 3308
3 3523 3312 3518
3 3524 3522 3311
3 3524 3311 3313
3 3313 3314 3524
3 3524 3314 3525
3 3523 3315 3312
3 3526 3315 3523
3 3527 3525 3314
3 3527 3314 3316
3 3528 3316 3317
3 3528 3527 3316
3 3317 3319 3528
3 3528 3319 3529
3 3526 3320 3315
3 3530 3320 3526
3 3531 3529 3319
3 3531 3319 3321
3 3321 3323 3531
3 3531 3323 3532
3 3530 3324 3320
3 3533 3324 3530
3 3326 3535 3534
3 3532 3326 3534
3 3323 3326 3532
3 3535 3536 3534
3 3533 3327 3324
3 3537 3327 3533
3 3329 3538 3535
3 3329 3535 3326
3 3536 3535 3539
3 3539 3535 3538
3 3537 3330 3327
3 3540 3330 3537
3 3332 3541 3538
3 3332 3538 3329
3 3539 3538 3542
3 3542 3538 3541
3 3540 3333 3330
3 3543 3333 3540
3 3335 3544 3541
3 3335 3541 3332
3 3542 3541 3545
3 3545 3541 3544
3 3543 3336 3333
3 3546 3336 3543
3 3338 3547 3544
3 3338 3544 3335
3 3545 3544 3548
3 3548 3544 3547
3 3546 3339 3336
3 3549 3339 3546
3 3341 3550 3547
3 3341 3547 3338
3 3548 3547 3551
3 3551 3547 3550
3 3549 3342 3339
3 3552 3342 3549
3 3344 3553 3550
3 3344 3550 3341
3 3551 3550 3554
3 3554 3550 3553
3 3552 3345 3342
3 3555 3345 3552
3 3347 3556 3553
3 3347 3553 3344
3 3554 3553 3557
3 3557 3553 3556
3 3555 3348 3345
3 3558 3348 3555
3 3350 3559 3556
3 3350 3556 3347
3 3557 3556 3560
3 3560 3556 3559
3 3558 3351 3348
3 3561 3351 3558
3 3353 3562 3559
3 3353 3559 3350
3 3560 3559 3563
3 3563 3559 3562
3 3561 3354 3351
3 3564 3354 3561
3 3356 3565 3562
3 3356 3562 3353
3 3563 3562 3566
3 3566 3562 3565
3 3564 3357 3354
3 3567 3357 3564
3 3359 3568 3565
3 3359 3565 3356
3 3566 3565 3569
3 3569 3565 3568
3 3567 3360 3357
3 3570 3360 3567
3 3362 3571 3568
3 3362 3568 3359
3 3569 3568 3572
3 3568 3573 3572
3 3568 3571 3573
3 3573 3574 3572
3 3570 3363 3360
3 3575 3363 3570
3 3365 3576 3571
3 3365 3571 3362
3 3578 3573 3577
3 3573 3576 3577
3 3573 3571 3576
3 3573 3578 3574
3 3575 3366 3363
3 3579 3366 3575
3 3368 3580 3576
3 3368 3576 3365
3 3577 3576 3581
3 3581 3576 3580
3 3579 3369 3366
3 3582 3369 3579
3 3584 3583 3580
3 3368 3584 3580
3 3371 3584 3368
3 3580 3583 3581
3 3582 3372 3369
3 3585 3372 3582
3 3374 3584 3371
3 3374 3586 3584
3 3585 3375 3372
3 3587 3375 3585
3 3589 3588 3376
3 3589 3376 3377
3 3374 3376 3586
3 3586 3376 3588
3 3587 3378 3375
3 3590 3378 3587
3 3592 3591 3380
3 3592 3380 3381
3 3377 3380 3589
3 3589 3380 3591
3 3590 3382 3378
3 3593 3382 3590
3 3595 3594 3383
3 3595 3383 3384
3 3381 3383 3592
3 3592 3383 3594
3 3593 3385 3382
3 3596 3385 3593
3 3599 3598 3597
3 3598 3595 3597
3 3595 3387 3597
3 3595 3384 3387
3 3596 3388 3385
3 3600 3388 3596
3 3603 3602 3601
3 3601 3602 3599
3 3601 3599 3597
3 3390 3601 3597
3 3391 3390 3597
3 3391 3597 3387
3 3600 3392 3388
3 3604 3392 3600
3 3603 3601 3395
3 3394 3603 3395
3 3605 3603 3394
3 3395 3601 3390
3 3604 3606 3392
3 3392 3606 3396
3 3396 3607 3397
3 3606 3607 3396
3 3399 3397 3607
3 3399 3607 3608
3 3610 3609 3402
3 3610 3402 3401
3 3394 3402 3605
3 3605 3402 3609
3 3608 3611 3399
3 3399 3611 3403
3 3403 3612 3404
3 3611 3612 3403
3 3404 3613 3405
3 3612 3613 3404
3 3407 3405 3613
3 3407 3613 3614
3 3409 3615 3408
3 3408 3615 3616
3 3617 3408 3616
3 3410 3408 3617
3 3401 3410 3610
3 3610 3410 3617
3 3614 3618 3407
3 3407 3618 3411
3 3411 3619 3412
3 3618 3619 3411
3 3414 3412 3619
3 3414 3619 3620
3 3417 3621 3416
3 3621 3622 3416
3 3416 3622 3409
3 3622 3623 3409
3 3623 3615 3409
3 3615 3623 3616
3 3620 3624 3414
3 3414 3624 3418
3 3418 3625 3419
3 3624 3625 3418
3 3627 3626 3421
3 3419 3627 3421
3 3625 3627 3419
3 3628 3626 3627
3 3424 3629 3423
3 3629 3630 3423
3 3423 3630 3417
3 3630 3631 3417
3 3631 3621 3417
3 3621 3631 3622
3 3626 3425 3421
3 3628 3632 3626
3 3632 3425 3626
3 3632 3426 3425
3 3426 3633 3427
3 3632 3633 3426
3 3428 3427 3633
3 3428 3633 3634
3 3636 3635 3629
3 3424 3636 3629
3 3429 3636 3424
3 3629 3635 3630
3 3634 3637 3428
3 3428 3637 3430
3 3430 3638 3431
3 3637 3638 3430
3 3431 3639 3432
3 3638 3639 3431
3 3432 3640 3433
3 3639 3640 3432
3 3433 3641 3434
3 3640 3641 3433
3 3434 3642 3435
3 3641 3642 3434
3 3644 3643 3437
3 3435 3644 3437
3 3642 3644 3435
3 3645 3643 3644
3 3440 3646 3439
3 3646 3442 3439
3 3648 3647 3443
3 3648 3443 3444
3 3443 3649 3445
3 3647 3649 3443
3 3429 3445 3636
3 3636 3445 3649
3 3643 3446 3437
3 3645 3650 3643
3 3650 3446 3643
3 3650 3447 3446
3 3440 3447 3646
3 3447 3651 3646
3 3447 3650 3651
3 3646 3651 3442
3 3651 3448 3442
3 3651 3652 3448
3 3448 3653 3449
3 3652 3653 3448
3 3449 3654 3450
3 3653 3654 3449
3 3450 3655 3451
3 3654 3655 3450
3 3451 3656 3452
3 3655 3656 3451
3 3452 3657 3453
3 3656 3657 3452
3 3453 3658 3454
3 3657 3658 3453
3 3454 3659 3455
3 3658 3659 3454
3 3455 3660 3456
3 3659 3660 3455
3 3456 3661 3457
3 3660 3661 3456
3 3457 3662 3458
3 3661 3662 3457
3 3458 3663 3459
3 3662 3663 3458
3 3444 3459 3648
3 3648 3459 3663
3 3665 3664 3462
3 3462 3664 3461
3 3667 3666 3463
3 3666 3462 3463
3 3666 3665 3462
3 3464 3465 3667
3 3465 3666 3667
3 3465 3668 3666
3 3669 3465 3466
3 3669 3668 3465
3 3670 3466 3467
3 3670 3669 3466
3 3671 3467 3468
3 3671 3670 3467
3 3672 3468 3469
3 3672 3671 3468
3 3673 3469 3470
3 3673 3672 3469
3 3674 3470 3471
3 3674 3673 3470
3 3675 3471 3472
3 3675 3674 3471
3 3676 3472 3473
3 3676 3675 3472
3 3677 3473 3474
3 3677 3676 3473
3 3678 3474 3475
3 3678 3677 3474
3 3679 3475 3476
3 3679 3678 3475
3 3680 3476 3477
3 3680 3679 3476
3 3681 3477 3478
3 3681 3680 3477
3 3478 3479 3681
3 3681 3479 3682
3 3684 3683 3482
3 3482 3683 3481
3 3685 3482 3483
3 3685 3684 3482
3 3686 3483 3484
3 3686 3685 3483
3 3687 3484 3485
3 3687 3686 3484
3 3688 3485 3486
3 3688 3687 3485
3 3486 3461 3664
3 3486 3664 3688
3 3487 3667 3463
3 3667 3487 3464
3 3689 3682 3479
3 3689 3479 3488
3 3690 3488 3489
3 3690 3689 3488
3 3489 3490 3690
3 3690 3490 3691
3 3693 3692 3492
3 3492 3692 3491
3 3694 3492 3493
3 3694 3693 3492
3 3493 3481 3683
3 3493 3683 3694
3 3695 3691 3490
3 3695 3490 3494
3 3494 3495 3695
3 3695 3495 3696
3 3698 3697 3497
3 3497 3697 3496
3 3699 3497 3498
3 3699 3698 3497
3 3498 3491 3692
3 3498 3692 3699
3 3700 3696 3495
3 3700 3495 3499
3 3499 3500 3700
3 3700 3500 3701
3 3703 3702 3502
3 3502 3702 3501
3 3704 3502 3503
3 3704 3703 3502
3 3503 3496 3697
3 3503 3697 3704
3 3705 3701 3500
3 3705 3500 3504
3 3504 3505 3705
3 3705 3505 3706
3 3708 3707 3508
3 3508 3707 3507
3 3709 3508 3509
3 3709 3708 3508
3 3509 3501 3702
3 3509 3702 3709
3 3710 3706 3505
3 3710 3505 3510
3 3510 3511 3710
3 3710 3511 3711
3 3713 3712 3514
3 3514 3712 3513
3 3714 3514 3515
3 3714 3713 3514
3 3515 3507 3707
3 3515 3707 3714
3 3715 3711 3511
3 3715 3511 3516
3 3516 3517 3715
3 3715 3517 3716
3 3718 3717 3519
3 3519 3717 3518
3 3719 3519 3520
3 3719 3718 3519
3 3520 3513 3712
3 3520 3712 3719
3 3720 3716 3517
3 3720 3517 3521
3 3521 3522 3720
3 3720 3522 3721
3 3717 3523 3518
3 3722 3523 3717
3 3723 3721 3522
3 3723 3522 3524
3 3524 3525 3723
3 3723 3525 3724
3 3722 3526 3523
3 3725 3526 3722
3 3726 3724 3525
3 3726 3525 3527
3 3728 3726 3727
3 3726 3528 3727
3 3726 3527 3528
3 3529 3727 3528
3 3725 3530 3526
3 3729 3530 3725
3 3730 3728 3727
3 3730 3727 3529
3 3531 3730 3529
3 3731 3730 3531
3 3531 3532 3731
3 3731 3532 3732
3 3729 3533 3530
3 3733 3533 3729
3 3734 3732 3532
3 3734 3532 3534
3 3534 3536 3734
3 3734 3536 3735
3 3733 3537 3533
3 3736 3537 3733
3 3539 3738 3737
3 3735 3539 3737
3 3536 3539 3735
3 3738 3739 3737
3 3736 3540 3537
3 3740 3540 3736
3 3542 3741 3738
3 3542 3738 3539
3 3739 3738 3742
3 3742 3738 3741
3 3740 3543 3540
3 3743 3543 3740
3 3545 3744 3741
3 3545 3741 3542
3 3742 3741 3745
3 3745 3741 3744
3 3743 3546 3543
3 3746 3546 3743
3 3548 3747 3744
3 3548 3744 3545
3 3745 3744 3748
3 3744 3749 3748
3 3744 3747 3749
3 3749 3750 3748
3 3746 3549 3546
3 3751 3549 3746
3 3551 3752 3747
3 3551 3747 3548
3 3747 3753 3749
3 3747 3752 3753
3 3750 3749 3754
3 3754 3749 3753
3 3751 3552 3549
3 3755 3552 3751
3 3554 3756 3752
3 3554 3752 3551
3 3758 3753 3757
3 3753 3756 3757
3 3753 3752 3756
3 3753 3758 3754
3 3755 3555 3552
3 3759 3555 3755
3 3557 3760 3756
3 3557 3756 3554
3 3757 3756 3761
3 3756 3762 3761
3 3756 3760 3762
3 3762 3763 3761
3 3759 3558 3555
3 3764 3558 3759
3 3560 3765 3760
3 3560 3760 3557
3 3767 3762 3766
3 3762 3765 3766
3 3762 3760 3765
3 3762 3767 3763
3 3764 3561 3558
3 3768 3561 3764
3 3563 3769 3765
3 3563 3765 3560
3 3766 3765 3770
3 3765 3771 3770
3 3765 3769 3771
3 3771 3772 3770
3 3768 3564 3561
3 3773 3564 3768
3 3566 3774 3769
3 3566 3769 3563
3 3769 3775 3771
3 3769 3774 3775
3 3772 3771 3776
3 3776 3771 3775
3 3773 3567 3564
3 3777 3567 3773
3 3569 3778 3774
3 3569 3774 3566
3 3780 3775 3779
3 3775 3778 3779
3 3775 3774 3778
3 3775 3780 3776
3 3777 3570 3567
3 3781 3570 3777
3 3572 3778 3569
3 3783 3782 3574
3 3574 3782 3572
3 3782 3779 3572
3 3779 3778 3572
3 3783 3784 3782
3 3781 3575 3570
3 3785 3575 3781
3 3577 3786 3578
3 3786 3787 3578
3 3578 3787 3574
3 3787 3788 3574
3 3788 3783 3574
3 3783 3788 3784
3 3785 3579 3575
3 3789 3579 3785
3 3581 3790 3786
3 3581 3786 3577
3 3787 3786 3791
3 3791 3786 3790
3 3789 3582 3579
3 3792 3582 3789
3 3584 3793 3583
3 3793 3794 3583
3 3583 3794 3581
3 3794 3795 3581
3 3795 3790 3581
3 3790 3795 3791
3 3792 3585 3582
3 3796 3585 3792
3 3798 3797 3793
3 3584 3798 3793
3 3586 3798 3584
3 3793 3797 3794
3 3796 3587 3585
3 3799 3587 3796
3 3802 3801 3800
3 3588 3589 3800
3 3801 3588 3800
3 3803 3588 3801
3 3586 3588 3798
3 3798 3588 3803
3 3799 3590 3587
3 3804 3590 3799
3 3802 3800 3591
3 3592 3802 3591
3 3805 3802 3592
3 3591 3800 3589
3 3804 3593 3590
3 3806 3593 3804
3 3808 3807 3594
3 3808 3594 3595
3 3592 3594 3805
3 3805 3594 3807
3 3806 3596 3593
3 3809 3596 3806
3 3811 3810 3598
3 3811 3598 3599
3 3595 3598 3808
3 3808 3598 3810
3 3809 3600 3596
3 3812 3600 3809
3 3814 3813 3602
3 3814 3602 3603
3 3599 3602 3811
3 3811 3602 3813
3 3812 3604 3600
3 3815 3604 3812
3 3818 3817 3816
3 3817 3814 3816
3 3814 3605 3816
3 3814 3603 3605
3 3815 3819 3604
3 3604 3819 3606
3 3606 3820 3607
3 3819 3820 3606
3 3608 3607 3820
3 3608 3820 3821
3 3824 3823 3822
3 3822 3823 3818
3 3822 3818 3816
3 3610 3822 3816
3 3609 3610 3816
3 3609 3816 3605
3 3821 3825 3608
3 3608 3825 3611
3 3611 3826 3612
3 3825 3826 3611
3 3612 3827 3613
3 3826 3827 3612
3 3614 3613 3827
3 3614 3827 3828
3 3824 3822 3617
3 3616 3824 3617
3 3829 3824 3616
3 3617 3822 3610
3 3828 3830 3614
3 3614 3830 3618
3 3618 3831 3619
3 3830 3831 3618
3 3620 3619 3831
3 3620 3831 3832
3 3834 3833 3623
3 3834 3623 3622
3 3616 3623 3829
3 3829 3623 3833
3 3832 3835 3620
3 3620 3835 3624
3 3624 3836 3625
3 3835 3836 3624
3 3625 3837 3627
3 3836 3837 3625
3 3628 3627 3837
3 3628 3837 3838
3 3840 3839 3631
3 3840 3631 3630
3 3622 3631 3834
3 3834 3631 3839
3 3838 3841 3628
3 3628 3841 3632
3 3632 3842 3633
3 3841 3842 3632
3 3634 3633 3842
3 3634 3842 3843
3 3845 3844 3635
3 3845 3635 3636
3 3630 3635 3840
3 3840 3635 3844
3 3843 3846 3634
3 3634 3846 3637
3 3637 3847 3638
3 3846 3847 3637
3 3638 3848 3639
3 3847 3848 3638
3 3639 3849 3640
3 3848 3849 3639
3 3640 3850 3641
3 3849 3850 3640
3 3641 3851 3642
3 3850 3851 3641
3 3642 3852 3644
3 3851 3852 3642
3 3854 3853 3645
3 3644 3854 3645
3 3852 3854 3644
3 3855 3853 3854
3 3858 3857 3856
3 3647 3648 3856
3 3857 3647 3856
3 3859 3647 3857
3 3647 3860 3649
3 3859 3860 3647
3 3636 3649 3845
3 3845 3649 3860
3 3853 3650 3645
3 3855 3861 3853
3 3861 3650 3853
3 3861 3651 3650
3 3651 3862 3652
3 3861 3862 3651
3 3652 3863 3653
3 3862 3863 3652
3 3653 3864 3654
3 3863 3864 3653
3 3654 3865 3655
3 3864 3865 3654
3 3655 3866 3656
3 3865 3866 3655
3 3656 3867 3657
3 3866 3867 3656
3 3657 3868 3658
3 3867 3868 3657
3 3658 3869 3659
3 3868 3869 3658
3 3659 3870 3660
3 3869 3870 3659
3 3660 3871 3661
3 3870 3871 3660
3 3661 3872 3662
3 3871 3872 3661
3 3856 3663 3858
3 3663 3872 3858
3 3663 3662 3872
3 3663 3856 3648
3 3873 3664 3665
3 3873 3665 3874
3 3665 3875 3874
3 3665 3666 3875
3 3876 3666 3668
3 3876 3875 3666
3 3877 3668 3669
3 3877 3876 3668
3 3878 3669 3670
3 3878 3877 3669
3 3879 3670 3671
3 3879 3878 3670
3 3880 3671 3672
3 3880 3879 3671
3 3881 3672 3673
3 3881 3880 3672
3 3882 3673 3674
3 3882 3881 3673
3 3883 3674 3675
3 3883 3882 3674
3 3884 3675 3676
3 3884 3883 3675
3 3885 3676 3677
3 3885 3884 3676
3 3886 3677 3678
3 3886 3885 3677
3 3887 3678 3679
3 3887 3886 3678
3 3888 3679 3680
3 3888 3887 3679
3 3889 3680 3681
3 3889 3888 3680
3 3681 3682 3889
3 3889 3682 3890
3 3892 3891 3684
3 3684 3891 3683
3 3893 3684 3685
3 3893 3892 3684
3 3894 3685 3686
3 3894 3893 3685
3 3895 3686 3687
3 3895 3894 3686
3 3896 3687 3688
3 3896 3895 3687
3 3688 3664 3873
3 3897 3688 3873
3 3896 3688 3897
3 3897 3873 3874
3 3898 3890 3682
3 3898 3682 3689
3 3899 3689 3690
3 3899 3898 3689
3 3690 3691 3899
3 3899 3691 3900
3 3902 3901 3693
3 3693 3901 3692
3 3903 3693 3694
3 3903 3902 3693
3 3694 3683 3891
3 3694 3891 3903
3 3904 3900 3691
3 3904 3691 3695
3 3695 3696 3904
3 3904 3696 3905
3 3907 3906 3698
3 3698 3906 3697
3 3908 3698 3699
3 3908 3907 3698
3 3699 3692 3901
3 3699 3901 3908
3 3909 3905 3696
3 3909 3696 3700
3 3700 3701 3909
3 3909 3701 3910
3 3912 3911 3703
3 3703 3911 3702
3 3913 3703 3704
3 3913 3912 3703
3 3704 3697 3906
3 3704 3906 3913
3 3914 3910 3701
3 3914 3701 3705
3 3705 3706 3914
3 3914 3706 3915
3 3917 3916 3708
3 3708 3916 3707
3 3918 3708 3709
3 3918 3917 3708
3 3709 3702 3911
3 3709 3911 3918
3 3919 3915 3706
3 3919 3706 3710
3 3710 3711 3919
3 3919 3711 3920
3 3923 3922 3921
3 3712 3713 3921
3 3713 3923 3921
3 3713 3924 3923
3 3925 3713 3714
3 3925 3924 3713
3 3714 3707 3916
3 3714 3916 3925
3 3926 3920 3711
3 3926 3711 3715
3 3715 3716 3926
3 3926 3716 3927
3 3929 3928 3718
3 3718 3928 3717
3 3719 3921 3922
3 3929 3719 3922
3 3718 3719 3929
3 3921 3719 3712
3 3930 3927 3716
3 3930 3716 3720
3 3720 3721 3930
3 3930 3721 3931
3 3928 3722 3717
3 3932 3722 3928
3 3933 3931 3721
3 3933 3721 3723
3 3723 3724 3933
3 3933 3724 3934
3 3932 3725 3722
3 3935 3725 3932
3 3936 3934 3724
3 3936 3724 3726
3 3938 3937 3728
3 3937 3726 3728
3 3937 3936 3726
3 3938 3939 3937
3 3935 3729 3725
3 3940 3729 3935
3 3730 3938 3728
3 3730 3731 3938
3 3731 3941 3938
3 3941 3939 3938
3 3731 3942 3941
3 3732 3942 3731
3 3940 3733 3729
3 3943 3733 3940
3 3944 3941 3942
3 3946 3944 3945
3 3945 3944 3734
3 3944 3942 3734
3 3942 3732 3734
3 3735 3945 3734
3 3943 3736 3733
3 3947 3736 3943
3 3948 3946 3945
3 3948 3945 3735
3 3737 3948 3735
3 3949 3948 3737
3 3737 3739 3949
3 3949 3739 3950
3 3947 3740 3736
3 3951 3740 3947
3 3742 3953 3952
3 3950 3742 3952
3 3739 3742 3950
3 3953 3954 3952
3 3951 3743 3740
3 3955 3743 3951
3 3745 3956 3953
3 3745 3953 3742
3 3954 3953 3957
3 3957 3953 3956
3 3955 3746 3743
3 3958 3746 3955
3 3748 3956 3745
3 3748 3750 3956
3 3750 3957 3956
3 3750 3959 3957
3 3958 3751 3746
3 3960 3751 3958
3 3754 3959 3750
3 3754 3961 3959
3 3960 3755 3751
3 3962 3755 3960
3 3757 3963 3758
3 3963 3964 3758
3 3964 3754 3758
3 3964 3961 3754
3 3962 3759 3755
3 3965 3759 3962
3 3761 3963 3757
3 3761 3763 3963
3 3763 3964 3963
3 3763 3966 3964
3 3965 3764 3759
3 3967 3764 3965
3 3766 3968 3767
3 3968 3969 3767
3 3969 3763 3767
3 3969 3966 3763
3 3967 3768 3764
3 3970 3768 3967
3 3770 3968 3766
3 3770 3772 3968
3 3772 3969 3968
3 3772 3971 3969
3 3970 3773 3768
3 3972 3773 3970
3 3776 3971 3772
3 3776 3973 3971
3 3972 3777 3773
3 3974 3777 3972
3 3779 3975 3780
3 3975 3976 3780
3 3976 3776 3780
3 3976 3973 3776
3 3974 3781 3777
3 3977 3781 3974
3 3782 3975 3779
3 3782 3784 3975
3 3784 3976 3975
3 3784 3978 3976
3 3977 3785 3781
3 3979 3785 3977
3 3981 3980 3788
3 3981 3788 3787
3 3784 3788 3978
3 3978 3788 3980
3 3979 3789 3785
3 3982 3789 3979
3 3791 3981 3787
3 3791 3983 3981
3 3982 3792 3789
3 3984 3792 3982
3 3986 3985 3795
3 3986 3795 3794
3 3791 3795 3983
3 3983 3795 3985
3 3984 3796 3792
3 3987 3796 3984
3 3989 3988 3797
3 3989 3797 3798
3 3794 3797 3986
3 3986 3797 3988
3 3987 3799 3796
3 3990 3799 3987
3 3802 3991 3801
3 3801 3991 3992
3 3993 3801 3992
3 3803 3801 3993
3 3798 3803 3989
3 3989 3803 3993
3 3990 3804 3799
3 3994 3804 3990
3 3996 3995 3991
3 3802 3996 3991
3 3805 3996 3802
3 3991 3995 3992
3 3994 3806 3804
3 3997 3806 3994
3 3808 3998 3807
3 3998 3999 3807
3 3999 3805 3807
3 3999 3996 3805
3 3997 3809 3806
3 4000 3809 3997
3 3811 4001 3810
3 4001 4002 3810
3 3810 4002 3808
3 4002 4003 3808
3 4003 3998 3808
3 3998 4003 3999
3 4000 3812 3809
3 4004 3812 4000
3 4006 4005 3813
3 4006 3813 3814
3 3811 3813 4001
3 3813 4007 4001
3 3813 4005 4007
3 4001 4007 4002
3 4004 3815 3812
3 4008 3815 4004
3 4010 4009 3817
3 4010 3817 3818
3 3814 3817 4006
3 4006 3817 4009
3 4008 4011 3815
3 3815 4011 3819
3 3819 4012 3820
3 4011 4012 3819
3 3821 3820 4012
3 3821 4012 4013
3 4015 4014 3823
3 4015 3823 3824
3 3818 3823 4010
3 4010 3823 4014
3 4013 4016 3821
3 3821 4016 3825
3 3825 4017 3826
3 4016 4017 3825
3 3826 4018 3827
3 4017 4018 3826
3 3828 3827 4018
3 3828 4018 4019
3 4022 4021 4020
3 4021 4015 4020
3 4015 3829 4020
3 4015 3824 3829
3 4019 4023 3828
3 3828 4023 3830
3 3830 4024 3831
3 4023 4024 3830
3 3832 3831 4024
3 3832 4024 4025
3 4022 4020 3833
3 3834 4022 3833
3 4026 4022 3834
3 3833 4020 3829
3 4025 4027 3832
3 3832 4027 3835
3 3835 4028 3836
3 4027 4028 3835
3 3836 4029 3837
3 4028 4029 3836
3 3838 3837 4029
3 3838 4029 4030
3 4032 4031 3839
3 4032 3839 3840
3 3834 3839 4026
3 4026 3839 4031
3 4030 4033 3838
3 3838 4033 3841
3 3841 4034 3842
3 4033 4034 3841
3 3843 3842 4034
3 3843 4034 4035
3 4037 4036 3844
3 4037 3844 3845
3 3840 3844 4032
3 4032 3844 4036
3 4035 4038 3843
3 3843 4038 3846
3 3846 4039 3847
3 4038 4039 3846
3 3847 4040 3848
3 4039 4040 3847
3 3848 4041 3849
3 4040 4041 3848
3 3849 4042 3850
3 4041 4042 3849
3 3850 4043 3851
3 4042 4043 3850
3 4043 4045 4044
3 3852 4043 4044
3 3851 4043 3852
3 3852 4044 4046
3 4047 3852 4046
3 3854 3852 4047
3 3855 3854 4047
3 3855 4047 4048
3 3858 4049 3857
3 3857 4049 4050
3 4051 3857 4050
3 3859 3857 4051
3 3859 4052 3860
3 4051 4052 3859
3 3845 3860 4037
3 4037 3860 4052
3 4045 4053 4044
3 4044 4053 4046
3 4048 4054 3855
3 3855 4054 3861
3 3861 4055 3862
3 4054 4055 3861
3 3862 4056 3863
3 4055 4056 3862
3 3863 4057 3864
3 4056 4057 3863
3 3864 4058 3865
3 4057 4058 3864
3 3865 4059 3866
3 4058 4059 3865
3 3866 4060 3867
3 4059 4060 3866
3 3867 4061 3868
3 4060 4061 3867
3 3868 4062 3869
3 4061 4062 3868
3 3869 4063 3870
3 4062 4063 3869
3 3870 4064 3871
3 4063 4064 3870
3 3871 4065 3872
3 4064 4065 3871
3 3858 3872 4049
3 3872 4066 4049
3 3872 4065 4066
3 4049 4066 4050
3 4069 4068 4067
3 4067 3874 4069
3 3874 3875 4069
3 4071 4070 4069
3 4071 4069 3875
3 4071 3875 4072
3 3875 4073 4072
3 3875 3876 4073
3 4074 3876 3877
3 4074 4073 3876
3 4075 3877 3878
3 4075 4074 3877
3 4076 3878 3879
3 4076 4075 3878
3 4077 3879 3880
3 4077 4076 3879
3 4078 3880 3881
3 4078 4077 3880
3 4079 3881 3882
3 4079 4078 3881
3 4080 3882 3883
3 4080 4079 3882
3 4081 3883 3884
3 4081 4080 3883
3 4082 3884 3885
3 4082 4081 3884
3 4083 3885 3886
3 4083 4082 3885
3 4084 3886 3887
3 4084 4083 3886
3 4085 3887 3888
3 4085 4084 3887
3 4086 3888 3889
3 4086 4085 3888
3 3889 3890 4086
3 4086 3890 4087
3 4088 3891 3892
3 4088 3892 4089
3 3892 4090 4089
3 3892 3893 4090
3 4091 3893 3894
3 4091 4090 3893
3 4092 3894 3895
3 4092 4091 3894
3 4093 3895 3896
3 4093 4092 3895
3 3897 4067 4068
3 4093 3897 4068
3 3896 3897 4093
3 4071 4094 4070
3 3874 4067 3897
3 4094 4071 4072
3 4095 4087 3890
3 4095 3890 3898
3 4096 3898 3899
3 4096 4095 3898
3 3899 3900 4096
3 4096 3900 4097
3 4099 4098 3902
3 3902 4098 3901
3 4100 3902 3903
3 4100 4099 3902
3 3903 3891 4088
3 4101 3903 4088
3 4100 3903 4101
3 4101 4088 4089
3 4102 4097 3900
3 4102 3900 3904
3 3904 3905 4102
3 4102 3905 4103
3 4105 4104 3907
3 3907 4104 3906
3 4106 3907 3908
3 4106 4105 3907
3 3908 3901 4098
3 3908 4098 4106
3 4107 4103 3905
3 4107 3905 3909
3 3909 3910 4107
3 4107 3910 4108
3 4110 4109 3912
3 3912 4109 3911
3 4111 3912 3913
3 4111 4110 3912
3 3913 3906 4104
3 3913 4104 4111
3 4112 4108 3910
3 4112 3910 3914
3 3914 3915 4112
3 4112 3915 4113
3 4116 4115 4114
3 3916 3917 4114
3 3917 4116 4114
3 3917 4117 4116
3 4118 3917 3918
3 4118 4117 3917
3 3918 3911 4109
3 3918 4109 4118
3 4119 4113 3915
3 4119 3915 3919
3 3919 3920 4119
3 4119 3920 4120
3 4121 3922 3923
3 4121 3923 4122
3 3923 4123 4122
3 3923 3924 4123
3 3925 4114 4115
3 4123 3925 4115
3 3924 3925 4123
3 4114 3925 3916
3 4124 4120 3920
3 4124 3920 3926
3 3926 3927 4124
3 4124 3927 4125
3 4127 4126 3929
3 3929 4126 3928
3 3929 3922 4121
3 4128 3929 4121
3 4127 3929 4128
3 4128 4121 4122
3 4129 4125 3927
3 4129 3927 3930
3 3930 3931 4129
3 4129 3931 4130
3 4126 3932 3928
3 4131 3932 4126
3 4132 4130 3931
3 4132 3931 3933
3 4134 4133 3934
3 4133 3933 3934
3 4133 4132 3933
3 4134 4135 4133
3 4131 3935 3932
3 4136 3935 4131
3 3936 4134 3934
3 4137 4135 4134
3 3936 4137 4134
3 3937 4137 3936
3 3937 3939 4137
3 4137 3939 4138
3 4136 3940 3935
3 4139 3940 4136
3 3941 4141 4140
3 4138 3941 4140
3 3939 3941 4138
3 4141 4142 4140
3 4139 3943 3940
3 4143 3943 4139
3 3944 4141 3941
3 4145 4144 3946
3 3946 4144 3944
3 4144 4142 3944
3 4142 4141 3944
3 4145 4146 4144
3 4143 3947 3943
3 4147 3947 4143
3 3948 4145 3946
3 4148 4146 4145
3 3948 4148 4145
3 3949 4148 3948
3 3949 3950 4148
3 4148 3950 4149
3 4147 3951 3947
3 4150 3951 4147
3 4151 4149 3950
3 4151 3950 3952
3 3952 3954 4151
3 4151 3954 4152
3 4150 3955 3951
3 4153 3955 4150
3 3957 4152 3954
3 3957 4154 4152
3 4153 3958 3955
3 4155 3958 4153
3 3959 4154 3957
3 3959 4156 4154
3 4155 3960 3958
3 4157 3960 4155
3 3961 4156 3959
3 3961 4158 4156
3 4157 3962 3960
3 4159 3962 4157
3 3964 4158 3961
3 3964 4160 4158
3 4159 3965 3962
3 4161 3965 4159
3 3966 4160 3964
3 3966 4162 4160
3 4161 3967 3965
3 4163 3967 4161
3 3969 4162 3966
3 3969 4164 4162
3 4163 3970 3967
3 4165 3970 4163
3 3971 4164 3969
3 3971 4166 4164
3 4165 3972 3970
3 4167 3972 4165
3 3973 4166 3971
3 3973 4168 4166
3 4167 3974 3972
3 4169 3974 4167
3 3976 4168 3973
3 3976 4170 4168
3 4169 3977 3974
3 4171 3977 4169
3 3978 4170 3976
3 3978 4172 4170
3 4171 3979 3977
3 4173 3979 4171
3 4175 4174 3980
3 4175 3980 3981
3 3978 3980 4172
3 4172 3980 4174
3 4173 3982 3979
3 4176 3982 4173
3 4179 4178 4177
3 4178 4175 4177
3 4175 3983 4177
3 4175 3981 3983
3 4176 3984 3982
3 4180 3984 4176
3 4183 4182 4181
3 4181 4182 4179
3 4181 4179 4177
3 3986 4181 4177
3 3985 3986 4177
3 3985 4177 3983
3 4180 3987 3984
3 4184 3987 4180
3 4183 4181 3988
3 3989 4183 3988
3 4185 4183 3989
3 3988 4181 3986
3 4184 3990 3987
3 4186 3990 4184
3 4188 4187 3993
3 4188 3993 3992
3 3989 3993 4185
3 4185 3993 4187
3 4186 3994 3990
3 4189 3994 4186
3 4191 4190 3995
3 4191 3995 3996
3 3992 3995 4188
3 4188 3995 4190
3 4189 3997 3994
3 4192 3997 4189
3 4195 4194 4193
3 4194 4191 4193
3 4191 3999 4193
3 4191 3996 3999
3 4192 4000 3997
3 4196 4000 4192
3 4199 4198 4197
3 4197 4198 4195
3 4197 4195 4193
3 4002 4197 4193
3 4003 4002 4193
3 4003 4193 3999
3 4196 4004 4000
3 4200 4004 4196
3 4006 4201 4005
3 4202 4199 4197
3 4005 4202 4197
3 4007 4005 4197
3 4202 4005 4201
3 4007 4197 4002
3 4200 4008 4004
3 4203 4008 4200
3 4010 4204 4009
3 4204 4205 4009
3 4009 4205 4006
3 4205 4206 4006
3 4206 4201 4006
3 4201 4206 4202
3 4203 4207 4008
3 4008 4207 4011
3 4011 4208 4012
3 4207 4208 4011
3 4013 4012 4208
3 4013 4208 4209
3 4015 4210 4014
3 4210 4211 4014
3 4014 4211 4010
3 4211 4212 4010
3 4212 4204 4010
3 4204 4212 4205
3 4209 4213 4013
3 4013 4213 4016
3 4016 4214 4017
3 4213 4214 4016
3 4017 4215 4018
3 4214 4215 4017
3 4019 4018 4215
3 4019 4215 4216
3 4022 4217 4021
3 4217 4218 4021
3 4021 4218 4015
3 4218 4219 4015
3 4219 4210 4015
3 4210 4219 4211
3 4216 4220 4019
3 4019 4220 4023
3 4023 4221 4024
3 4220 4221 4023
3 4025 4024 4221
3 4025 4221 4222
3 4225 4224 4223
3 4224 4226 4217
3 4026 4224 4217
3 4022 4026 4217
3 4223 4224 4026
3 4217 4226 4218
3 4222 4227 4025
3 4025 4227 4027
3 4027 4228 4028
3 4227 4228 4027
3 4028 4229 4029
3 4228 4229 4028
3 4030 4029 4229
3 4030 4229 4230
3 4233 4232 4231
3 4231 4232 4225
3 4231 4225 4223
3 4032 4231 4223
3 4031 4032 4223
3 4031 4223 4026
3 4230 4234 4030
3 4030 4234 4033
3 4033 4235 4034
3 4234 4235 4033
3 4035 4034 4235
3 4035 4235 4236
3 4233 4231 4036
3 4037 4233 4036
3 4237 4233 4037
3 4036 4231 4032
3 4236 4238 4035
3 4035 4238 4038
3 4038 4239 4039
3 4238 4239 4038
3 4039 4240 4040
3 4239 4240 4039
3 4040 4241 4041
3 4240 4241 4040
3 4041 4242 4042
3 4241 4242 4041
3 4042 4243 4043
3 4242 4243 4042
3 4245 4244 4045
3 4043 4245 4045
3 4243 4245 4043
3 4047 4046 4244
3 4245 4047 4244
3 4246 4047 4245
3 4048 4047 4246
3 4048 4246 4247
3 4250 4249 4248
3 4051 4050 4248
3 4249 4051 4248
3 4251 4051 4249
3 4051 4252 4052
3 4251 4252 4051
3 4037 4052 4237
3 4237 4052 4252
3 4244 4053 4045
3 4053 4244 4046
3 4247 4253 4048
3 4048 4253 4054
3 4054 4254 4055
3 4253 4254 4054
3 4055 4255 4056
3 4254 4255 4055
3 4056 4256 4057
3 4255 4256 4056
3 4057 4257 4058
3 4256 4257 4057
3 4058 4258 4059
3 4257 4258 4058
3 4059 4259 4060
3 4258 4259 4059
3 4060 4260 4061
3 4259 4260 4060
3 4061 4261 4062
3 4260 4261 4061
3 4062 4262 4063
3 4261 4262 4062
3 4063 4263 4064
3 4262 4263 4063
3 4064 4264 4065
3 4263 4264 4064
3 4248 4066 4250
3 4066 4264 4250
3 4066 4065 4264
3 4066 4248 4050
3 4266 4265 4069
3 4069 4265 4068
3 4268 4267 4070
3 4267 4069 4070
3 4267 4266 4069
3 4072 4073 4268
3 4073 4267 4268
3 4073 4269 4267
3 4270 4073 4074
3 4270 4269 4073
3 4271 4074 4075
3 4271 4270 4074
3 4272 4075 4076
3 4272 4271 4075
3 4273 4076 4077
3 4273 4272 4076
3 4274 4077 4078
3 4274 4273 4077
3 4275 4078 4079
3 4275 4274 4078
3 4276 4079 4080
3 4276 4275 4079
3 4277 4080 4081
3 4277 4276 4080
3 4278 4081 4082
3 4278 4277 4081
3 4279 4082 4083
3 4279 4278 4082
3 4280 4083 4084
3 4280 4279 4083
3 4281 4084 4085
3 4281 4280 4084
3 4282 4085 4086
3 4282 4281 4085
3 4086 4087 4282
3 4282 4087 4283
3 4286 4285 4284
3 4089 4090 4284
3 4090 4286 4284
3 4090 4287 4286
3 4288 4090 4091
3 4288 4287 4090
3 4289 4091 4092
3 4289 4288 4091
3 4290 4092 4093
3 4290 4289 4092
3 4093 4068 4265
3 4093 4265 4290
3 4094 4268 4070
3 4268 4094 4072
3 4291 4283 4087
3 4291 4087 4095
3 4292 4095 4096
3 4292 4291 4095
3 4096 4097 4292
3 4292 4097 4293
3 4295 4294 4099
3 4099 4294 4098
3 4296 4099 4100
3 4296 4295 4099
3 4101 4284 4285
3 4296 4101 4285
3 4100 4101 4296
3 4284 4101 4089
3 4297 4293 4097
3 4297 4097 4102
3 4102 4103 4297
3 4297 4103 4298
3 4300 4299 4105
3 4105 4299 4104
3 4301 4105 4106
3 4301 4300 4105
3 4106 4098 4294
3 4106 4294 4301
3 4302 4298 4103
3 4302 4103 4107
3 4107 4108 4302
3 4302 4108 4303
3 4305 4304 4110
3 4110 4304 4109
3 4306 4110 4111
3 4306 4305 4110
3 4111 4104 4299
3 4111 4299 4306
3 4307 4303 4108
3 4307 4108 4112
3 4112 4113 4307
3 4307 4113 4308
3 4309 4115 4116
3 4309 4116 4310
3 4116 4311 4310
3 4116 4117 4311
3 4312 4117 4118
3 4312 4311 4117
3 4118 4109 4304
3 4118 4304 4312
3 4313 4308 4113
3 4313 4113 4119
3 4119 4120 4313
3 4313 4120 4314
3 4316 4315 4123
3 4123 4315 4122
3 4123 4115 4309
3 4317 4123 4309
3 4316 4123 4317
3 4317 4309 4310
3 4318 4314 4120
3 4318 4120 4124
3 4124 4125 4318
3 4318 4125 4319
3 4321 4320 4127
3 4127 4320 4126
3 4322 4127 4128
3 4322 4321 4127
3 4128 4122 4315
3 4128 4315 4322
3 4323 4319 4125
3 4323 4125 4129
3 4129 4130 4323
3 4323 4130 4324
3 4320 4131 4126
3 4325 4131 4320
3 4326 4324 4130
3 4326 4130 4132
3 4328 4326 4327
3 4326 4133 4327
3 4326 4132 4133
3 4135 4327 4133
3 4325 4136 4131
3 4329 4136 4325
3 4330 4328 4327
3 4330 4327 4135
3 4137 4330 4135
3 4331 4330 4137
3 4137 4138 4331
3 4331 4138 4332
3 4329 4139 4136
3 4333 4139 4329
3 4334 4332 4138
3 4334 4138 4140
3 4140 4142 4334
3 4334 4142 4335
3 4333 4143 4139
3 4336 4143 4333
3 4337 4335 4142
3 4337 4142 4144
3 4144 4146 4337
3 4337 4146 4338
3 4336 4147 4143
3 4339 4147 4336
3 4340 4338 4146
3 4340 4146 4148
3 4148 4149 4340
3 4340 4149 4341
3 4339 4150 4147
3 4342 4150 4339
3 4343 4341 4149
3 4343 4149 4151
3 4151 4152 4343
3 4343 4152 4344
3 4342 4153 4150
3 4345 4153 4342
3 4154 4344 4152
3 4154 4346 4344
3 4345 4155 4153
3 4347 4155 4345
3 4156 4346 4154
3 4156 4348 4346
3 4347 4157 4155
3 4349 4157 4347
3 4158 4348 4156
3 4158 4350 4348
3 4349 4159 4157
3 4351 4159 4349
3 4160 4350 4158
3 4160 4352 4350
3 4351 4161 4159
3 4353 4161 4351
3 4162 4352 4160
3 4162 4354 4352
3 4353 4163 4161
3 4355 4163 4353
3 4164 4354 4162
3 4164 4356 4354
3 4355 4165 4163
3 4357 4165 4355
3 4166 4356 4164
3 4166 4358 4356
3 4357 4167 4165
3 4359 4167 4357
3 4168 4358 4166
3 4168 4360 4358
3 4359 4169 4167
3 4361 4169 4359
3 4170 4360 4168
3 4170 4362 4360
3 4361 4171 4169
3 4363 4171 4361
3 4172 4362 4170
3 4172 4364 4362
3 4363 4173 4171
3 4365 4173 4363
3 4175 4366 4174
3 4366 4367 4174
3 4367 4172 4174
3 4367 4364 4172
3 4365 4176 4173
3 4368 4176 4365
3 4179 4369 4178
3 4369 4370 4178
3 4178 4370 4175
3 4370 4371 4175
3 4371 4366 4175
3 4366 4371 4367
3 4368 4180 4176
3 4372 4180 4368
3 4183 4373 4182
3 4373 4374 4182
3 4182 4374 4179
3 4374 4375 4179
3 4375 4369 4179
3 4369 4375 4370
3 4372 4184 4180
3 4376 4184 4372
3 4379 4378 4377
3 4378 4380 4373
3 4185 4378 4373
3 4183 4185 4373
3 4377 4378 4185
3 4373 4380 4374
3 4376 4186 4184
3 4381 4186 4376
3 4379 4377 4187
3 4188 4379 4187
3 4382 4379 4188
3 4187 4377 4185
3 4381 4189 4186
3 4383 4189 4381
3 4385 4384 4190
3 4385 4190 4191
3 4188 4190 4382
3 4382 4190 4384
3 4383 4192 4189
3 4386 4192 4383
3 4388 4387 4194
3 4388 4194 4195
3 4191 4194 4385
3 4385 4194 4387
3 4386 4196 4192
3 4389 4196 4386
3 4391 4390 4198
3 4391 4198 4199
3 4195 4198 4388
3 4388 4198 4390
3 4389 4200 4196
3 4392 4200 4389
3 4395 4394 4393
3 4394 4391 4393
3 4391 4202 4393
3 4391 4199 4202
3 4392 4203 4200
3 4396 4203 4392
3 4399 4398 4397
3 4397 4398 4395
3 4397 4395 4393
3 4205 4397 4393
3 4206 4205 4393
3 4206 4393 4202
3 4396 4400 4203
3 4203 4400 4207
3 4207 4401 4208
3 4400 4401 4207
3 4209 4208 4401
3 4209 4401 4402
3 4399 4397 4212
3 4211 4399 4212
3 4403 4399 4211
3 4212 4397 4205
3 4402 4404 4209
3 4209 4404 4213
3 4213 4405 4214
3 4404 4405 4213
3 4214 4406 4215
3 4405 4406 4214
3 4216 4215 4406
3 4216 4406 4407
3 4409 4408 4219
3 4409 4219 4218
3 4211 4219 4403
3 4403 4219 4408
3 4407 4410 4216
3 4216 4410 4220
3 4220 4411 4221
3 4410 4411 4220
3 4222 4221 4411
3 4222 4411 4412
3 4225 4413 4224
3 4224 4413 4414
3 4415 4224 4414
3 4226 4224 4415
3 4218 4226 4409
3 4409 4226 4415
3 4412 4416 4222
3 4222 4416 4227
3 4227 4417 4228
3 4416 4417 4227
3 4228 4418 4229
3 4417 4418 4228
3 4230 4229 4418
3 4230 4418 4419
3 4233 4420 4232
3 4420 4421 4232
3 4232 4421 4225
3 4421 4422 4225
3 4422 4413 4225
3 4413 4422 4414
3 4419 4423 4230
3 4230 4423 4234
3 4234 4424 4235
3 4423 4424 4234
3 4236 4235 4424
3 4236 4424 4425
3 4427 4426 4420
3 4233 4427 4420
3 4237 4427 4233
3 4420 4426 4421
3 4425 4428 4236
3 4236 4428 4238
3 4238 4429 4239
3 4428 4429 4238
3 4239 4430 4240
3 4429 4430 4239
3 4240 4431 4241
3 4430 4431 4240
3 4241 4432 4242
3 4431 4432 4241
3 4242 4433 4243
3 4432 4433 4242
3 4243 4434 4245
3 4433 4434 4243
3 4434 4436 4435
3 4246 4434 4435
3 4245 4434 4246
3 4435 4247 4246
3 4438 4437 4249
3 4438 4249 4250
3 4249 4439 4251
3 4437 4439 4249
3 4251 4440 4252
3 4439 4440 4251
3 4237 4252 4427
3 4427 4252 4440
3 4436 4441 4435
3 4435 4441 4247
3 4441 4253 4247
3 4441 4442 4253
3 4253 4443 4254
3 4442 4443 4253
3 4254 4444 4255
3 4443 4444 4254
3 4255 4445 4256
3 4444 4445 4255
3 4256 4446 4257
3 4445 4446 4256
3 4257 4447 4258
3 4446 4447 4257
3 4258 4448 4259
3 4447 4448 4258
3 4259 4449 4260
3 4448 4449 4259
3 4260 4450 4261
3 4449 4450 4260
3 4261 4451 4262
3 4450 4451 4261
3 4262 4452 4263
3 4451 4452 4262
3 4263 4453 4264
3 4452 4453 4263
3 4250 4264 4438
3 4438 4264 4453
3 4454 4265 4266
3 4267 4455 4266
3 4266 4455 4454
3 4455 4267 4456
3 4267 4457 4456
3 4267 4269 4457
3 4458 4269 4270
3 4458 4457 4269
3 4459 4270 4271
3 4459 4458 4270
3 4460 4271 4272
3 4460 4459 4271
3 4461 4272 4273
3 4461 4460 4272
3 4462 4273 4274
3 4462 4461 4273
3 4463 4274 4275
3 4463 4462 4274
3 4464 4275 4276
3 4464 4463 4275
3 4465 4276 4277
3 4465 4464 4276
3 4466 4277 4278
3 4466 4465 4277
3 4467 4278 4279
3 4467 4466 4278
3 4468 4279 4280
3 4468 4467 4279
3 4469 4280 4281
3 4469 4468 4280
3 4470 4281 4282
3 4470 4469 4281
3 4282 4283 4470
3 4470 4283 4471
3 4473 4472 4286
3 4286 4472 4285
3 4474 4286 4287
3 4474 4473 4286
3 4475 4287 4288
3 4475 4474 4287
3 4476 4288 4289
3 4476 4475 4288
3 4477 4289 4290
3 4477 4476 4289
3 4290 4265 4454
3 4478 4290 4454
3 4477 4290 4478
3 4478 4454 4455
3 4478 4455 4479
3 4479 4455 4456
3 4480 4471 4283
3 4480 4283 4291
3 4481 4291 4292
3 4481 4480 4291
3 4292 4293 4481
3 4481 4293 4482
3 4484 4483 4295
3 4295 4483 4294
3 4485 4295 4296
3 4485 4484 4295
3 4296 4285 4472
3 4296 4472 4485
3 4486 4482 4293
3 4486 4293 4297
3 4297 4298 4486
3 4486 4298 4487
3 4489 4488 4300
3 4300 4488 4299
3 4490 4300 4301
3 4490 4489 4300
3 4301 4294 4483
3 4301 4483 4490
3 4491 4487 4298
3 4491 4298 4302
3 4302 4303 4491
3 4491 4303 4492
3 4494 4493 4305
3 4305 4493 4304
3 4495 4305 4306
3 4495 4494 4305
3 4306 4299 4488
3 4306 4488 4495
3 4496 4492 4303
3 4496 4303 4307
3 4307 4308 4496
3 4496 4308 4497
3 4499 4498 4311
3 4311 4498 4310
3 4500 4311 4312
3 4500 4499 4311
3 4312 4304 4493
3 4312 4493 4500
3 4501 4497 4308
3 4501 4308 4313
3 4313 4314 4501
3 4501 4314 4502
3 4504 4503 4316
3 4316 4503 4315
3 4505 4316 4317
3 4505 4504 4316
3 4317 4310 4498
3 4317 4498 4505
3 4506 4502 4314
3 4506 4314 4318
3 4318 4319 4506
3 4506 4319 4507
3 4509 4508 4321
3 4321 4508 4320
3 4510 4321 4322
3 4510 4509 4321
3 4322 4315 4503
3 4322 4503 4510
3 4511 4507 4319
3 4511 4319 4323
3 4323 4324 4511
3 4511 4324 4512
3 4508 4325 4320
3 4513 4325 4508
3 4514 4512 4324
3 4514 4324 4326
3 4516 4515 4328
3 4515 4326 4328
3 4515 4514 4326
3 4516 4517 4515
3 4513 4329 4325
3 4518 4329 4513
3 4330 4516 4328
3 4330 4331 4516
3 4331 4519 4516
3 4519 4517 4516
3 4331 4520 4519
3 4332 4520 4331
3 4518 4333 4329
3 4521 4333 4518
3 4522 4519 4520
3 4524 4522 4523
3 4523 4522 4334
3 4522 4520 4334
3 4520 4332 4334
3 4335 4523 4334
3 4521 4336 4333
3 4525 4336 4521
3 4526 4524 4523
3 4528 4526 4527
3 4527 4526 4337
3 4526 4523 4337
3 4523 4335 4337
3 4338 4527 4337
3 4525 4339 4336
3 4529 4339 4525
3 4530 4528 4527
3 4530 4527 4338
3 4340 4530 4338
3 4531 4530 4340
3 4340 4341 4531
3 4531 4341 4532
3 4529 4342 4339
3 4533 4342 4529
3 4534 4532 4341
3 4534 4341 4343
3 4343 4344 4534
3 4534 4344 4535
3 4533 4345 4342
3 4536 4345 4533
3 4346 4535 4344
3 4346 4537 4535
3 4536 4347 4345
3 4538 4347 4536
3 4348 4537 4346
3 4348 4539 4537
3 4538 4349 4347
3 4540 4349 4538
3 4350 4539 4348
3 4350 4541 4539
3 4540 4351 4349
3 4542 4351 4540
3 4352 4541 4350
3 4352 4543 4541
3 4542 4353 4351
3 4544 4353 4542
3 4354 4543 4352
3 4354 4545 4543
3 4544 4355 4353
3 4546 4355 4544
3 4356 4545 4354
3 4356 4547 4545
3 4546 4357 4355
3 4548 4357 4546
3 4358 4547 4356
3 4358 4549 4547
3 4548 4359 4357
3 4550 4359 4548
3 4360 4549 4358
3 4360 4551 4549
3 4550 4361 4359
3 4552 4361 4550
3 4362 4551 4360
3 4362 4553 4551
3 4552 4363 4361
3 4554 4363 4552
3 4364 4553 4362
3 4364 4555 4553
3 4554 4365 4363
3 4556 4365 4554
3 4559 4558 4557
3 4558 4555 4557
3 4555 4367 4557
3 4555 4364 4367
3 4556 4368 4365
3 4560 4368 4556
3 4559 4557 4371
3 4370 4559 4371
3 4561 4559 4370
3 4371 4557 4367
3 4560 4372 4368
3 4562 4372 4560
3 4564 4563 4375
3 4564 4375 4374
3 4370 4375 4561
3 4561 4375 4563
3 4562 4376 4372
3 4565 4376 4562
3 4379 4566 4378
3 4378 4566 4567
3 4568 4378 4567
3 4380 4378 4568
3 4374 4380 4564
3 4564 4380 4568
3 4565 4381 4376
3 4569 4381 4565
3 4571 4570 4566
3 4379 4571 4566
3 4382 4571 4379
3 4566 4570 4567
3 4569 4383 4381
3 4572 4383 4569
3 4385 4573 4384
3 4573 4574 4384
3 4574 4382 4384
3 4574 4571 4382
3 4572 4386 4383
3 4575 4386 4572
3 4577 4576 4387
3 4577 4387 4388
3 4385 4387 4573
3 4387 4578 4573
3 4387 4576 4578
3 4573 4578 4574
3 4575 4389 4386
3 4579 4389 4575
3 4581 4580 4390
3 4581 4390 4391
3 4388 4390 4577
3 4577 4390 4580
3 4579 4392 4389
3 4582 4392 4579
3 4584 4583 4394
3 4584 4394 4395
3 4391 4394 4581
3 4581 4394 4583
3 4582 4396 4392
3 4585 4396 4582
3 4587 4586 4398
3 4587 4398 4399
3 4395 4398 4584
3 4584 4398 4586
3 4585 4588 4396
3 4396 4588 4400
3 4400 4589 4401
3 4588 4589 4400
3 4591 4590 4402
3 4401 4591 4402
3 4589 4591 4401
3 4592 4590 4591
3 4595 4594 4593
3 4594 4587 4593
3 4587 4403 4593
3 4587 4399 4403
3 4590 4404 4402
3 4592 4596 4590
3 4596 4404 4590
3 4596 4405 4404
3 4405 4597 4406
3 4596 4597 4405
3 4407 4406 4597
3 4407 4597 4598
3 4595 4593 4408
3 4409 4595 4408
3 4599 4595 4409
3 4408 4593 4403
3 4598 4600 4407
3 4407 4600 4410
3 4410 4601 4411
3 4600 4601 4410
3 4412 4411 4601
3 4412 4601 4602
3 4604 4603 4415
3 4604 4415 4414
3 4409 4415 4599
3 4599 4415 4603
3 4602 4605 4412
3 4412 4605 4416
3 4416 4606 4417
3 4605 4606 4416
3 4417 4607 4418
3 4606 4607 4417
3 4419 4418 4607
3 4419 4607 4608
3 4610 4609 4422
3 4610 4422 4421
3 4414 4422 4604
3 4604 4422 4609
3 4608 4611 4419
3 4419 4611 4423
3 4423 4612 4424
3 4611 4612 4423
3 4425 4424 4612
3 4425 4612 4613
3 4615 4614 4426
3 4615 4426 4427
3 4421 4426 4610
3 4610 4426 4614
3 4613 4616 4425
3 4425 4616 4428
3 4428 4617 4429
3 4616 4617 4428
3 4429 4618 4430
3 4617 4618 4429
3 4430 4619 4431
3 4618 4619 4430
3 4431 4620 4432
3 4619 4620 4431
3 4620 4622 4621
3 4433 4620 4621
3 4432 4620 4433
3 4623 4434 4433
3 4623 4433 4621
3 4436 4434 4623
3 4626 4625 4624
3 4627 4626 4624
3 4438 4628 4437
3 4437 4628 4629
3 4630 4437 4629
3 4439 4437 4630
3 4439 4631 4440
3 4630 4631 4439
3 4427 4440 4615
3 4615 4440 4631
3 4622 4632 4621
3 4621 4632 4623
3 4623 4632 4633
3 4625 4626 4633
3 4626 4441 4633
3 4436 4623 4633
3 4436 4633 4441
3 4627 4634 4626
3 4634 4441 4626
3 4634 4442 4441
3 4442 4635 4443
3 4634 4635 4442
3 4443 4636 4444
3 4635 4636 4443
3 4444 4637 4445
3 4636 4637 4444
3 4445 4638 4446
3 4637 4638 4445
3 4446 4639 4447
3 4638 4639 4446
3 4447 4640 4448
3 4639 4640 4447
3 4448 4641 4449
3 4640 4641 4448
3 4449 4642 4450
3 4641 4642 4449
3 4450 4643 4451
3 4642 4643 4450
3 4451 4644 4452
3 4643 4644 4451
3 4452 4645 4453
3 4644 4645 4452
3 4438 4453 4628
3 4453 4646 4628
3 4453 4645 4646
3 4628 4646 4629
3 4649 4648 4647
3 4651 4650 4647
3 4647 4650 4649
3 4456 4457 4651
3 4457 4650 4651
3 4457 4652 4650
3 4653 4457 4458
3 4653 4652 4457
3 4654 4458 4459
3 4654 4653 4458
3 4655 4459 4460
3 4655 4654 4459
3 4656 4460 4461
3 4656 4655 4460
3 4657 4461 4462
3 4657 4656 4461
3 4658 4462 4463
3 4658 4657 4462
3 4659 4463 4464
3 4659 4658 4463
3 4660 4464 4465
3 4660 4659 4464
3 4661 4465 4466
3 4661 4660 4465
3 4662 4466 4467
3 4662 4661 4466
3 4663 4467 4468
3 4663 4662 4467
3 4664 4468 4469
3 4664 4663 4468
3 4665 4469 4470
3 4665 4664 4469
3 4470 4471 4665
3 4665 4471 4666
3 4668 4667 4473
3 4473 4667 4472
3 4669 4473 4474
3 4669 4668 4473
3 4670 4474 4475
3 4670 4669 4474
3 4671 4475 4476
3 4671 4670 4475
3 4672 4476 4477
3 4672 4671 4476
3 4478 4647 4648
3 4672 4478 4648
3 4477 4478 4672
3 4647 4478 4479
3 4647 4479 4651
3 4651 4479 4456
3 4673 4666 4471
3 4673 4471 4480
3 4674 4480 4481
3 4674 4673 4480
3 4481 4482 4674
3 4674 4482 4675
3 4677 4676 4484
3 4484 4676 4483
3 4678 4484 4485
3 4678 4677 4484
3 4485 4472 4667
3 4485 4667 4678
3 4679 4675 4482
3 4679 4482 4486
3 4486 4487 4679
3 4679 4487 4680
3 4682 4681 4489
3 4489 4681 4488
3 4683 4489 4490
3 4683 4682 4489
3 4490 4483 4676
3 4490 4676 4683
3 4684 4680 4487
3 4684 4487 4491
3 4491 4492 4684
3 4684 4492 4685
3 4687 4686 4494
3 4494 4686 4493
3 4688 4494 4495
3 4688 4687 4494
3 4495 4488 4681
3 4495 4681 4688
3 4689 4685 4492
3 4689 4492 4496
3 4496 4497 4689
3 4689 4497 4690
3 4693 4692 4691
3 4498 4499 4691
3 4499 4693 4691
3 4499 4694 4693
3 4695 4499 4500
3 4695 4694 4499
3 4500 4493 4686
3 4500 4686 4695
3 4696 4690 4497
3 4696 4497 4501
3 4501 4502 4696
3 4696 4502 4697
3 4699 4698 4504
3 4504 4698 4503
3 4505 4691 4692
3 4699 4505 4692
3 4504 4505 4699
3 4691 4505 4498
3 4700 4697 4502
3 4700 4502 4506
3 4506 4507 4700
3 4700 4507 4701
3 4703 4702 4509
3 4509 4702 4508
3 4704 4509 4510
3 4704 4703 4509
3 4510 4503 4698
3 4510 4698 4704
3 4705 4701 4507
3 4705 4507 4511
3 4511 4512 4705
3 4705 4512 4706
3 4702 4513 4508
3 4707 4513 4702
3 4708 4706 4512
3 4708 4512 4514
3 4709 4514 4515
3 4709 4708 4514
3 4515 4517 4709
3 4709 4517 4710
3 4707 4518 4513
3 4711 4518 4707
3 4519 4713 4712
3 4710 4519 4712
3 4517 4519 4710
3 4713 4714 4712
3 4711 4521 4518
3 4715 4521 4711
3 4522 4713 4519
3 4717 4716 4524
3 4524 4716 4522
3 4716 4714 4522
3 4714 4713 4522
3 4717 4718 4716
3 4715 4525 4521
3 4719 4525 4715
3 4526 4717 4524
3 4721 4720 4528
3 4528 4720 4526
3 4720 4718 4526
3 4718 4717 4526
3 4721 4722 4720
3 4719 4529 4525
3 4723 4529 4719
3 4530 4721 4528
3 4724 4722 4721
3 4530 4724 4721
3 4531 4724 4530
3 4531 4532 4724
3 4724 4532 4725
3 4723 4533 4529
3 4726 4533 4723
3 4727 4725 4532
3 4727 4532 4534
3 4534 4535 4727
3 4727 4535 4728
3 4726 4536 4533
3 4729 4536 4726
3 4537 4728 4535
3 4537 4730 4728
3 4729 4538 4536
3 4731 4538 4729
3 4539 4730 4537
3 4539 4732 4730
3 4731 4540 4538
3 4733 4540 4731
3 4541 4732 4539
3 4541 4734 4732
3 4733 4542 4540
3 4735 4542 4733
3 4543 4734 4541
3 4543 4736 4734
3 4735 4544 4542
3 4737 4544 4735
3 4545 4736 4543
3 4545 4738 4736
3 4737 4546 4544
3 4739 4546 4737
3 4547 4738 4545
3 4547 4740 4738
3 4739 4548 4546
3 4741 4548 4739
3 4549 4740 4547
3 4549 4742 4740
3 4741 4550 4548
3 4743 4550 4741
3 4551 4742 4549
3 4551 4744 4742
3 4743 4552 4550
3 4745 4552 4743
3 4553 4744 4551
3 4553 4746 4744
3 4745 4554 4552
3 4747 4554 4745
3 4555 4746 4553
3 4555 4748 4746
3 4747 4556 4554
3 4749 4556 4747
3 4751 4750 4558
3 4751 4558 4559
3 4555 4558 4748
3 4748 4558 4750
3 4749 4560 4556
3 4752 4560 4749
3 4755 4754 4753
3 4754 4751 4753
3 4751 4561 4753
3 4751 4559 4561
3 4752 4562 4560
3 4756 4562 4752
3 4755 4753 4563
3 4564 4755 4563
3 4757 4755 4564
3 4563 4753 4561
3 4756 4565 4562
3 4758 4565 4756
3 4760 4759 4568
3 4760 4568 4567
3 4564 4568 4757
3 4757 4568 4759
3 4758 4569 4565
3 4761 4569 4758
3 4763 4762 4570
3 4763 4570 4571
3 4567 4570 4760
3 4760 4570 4762
3 4761 4572 4569
3 4764 4572 4761
3 4767 4766 4765
3 4766 4763 4765
3 4763 4574 4765
3 4763 4571 4574
3 4764 4575 4572
3 4768 4575 4764
3 4770 4769 4576
3 4770 4576 4577
3 4765 4578 4767
3 4578 4769 4767
3 4578 4576 4769
3 4578 4765 4574
3 4768 4579 4575
3 4771 4579 4768
3 4581 4772 4580
3 4772 4773 4580
3 4773 4577 4580
3 4773 4770 4577
3 4771 4582 4579
3 4774 4582 4771
3 4584 4775 4583
3 4775 4776 4583
3 4583 4776 4581
3 4776 4777 4581
3 4777 4772 4581
3 4772 4777 4773
3 4774 4585 4582
3 4778 4585 4774
3 4587 4779 4586
3 4779 4780 4586
3 4586 4780 4584
3 4780 4781 4584
3 4781 4775 4584
3 4775 4781 4776
3 4778 4782 4585
3 4585 4782 4588
3 4588 4783 4589
3 4782 4783 4588
3 4783 4785 4784
3 4591 4783 4784
3 4589 4783 4591
3 4784 4592 4591
3 4787 4786 4594
3 4787 4594 4595
3 4587 4594 4779
3 4594 4788 4779
3 4594 4786 4788
3 4779 4788 4780
3 4785 4789 4784
3 4784 4789 4592
3 4789 4596 4592
3 4789 4790 4596
3 4596 4791 4597
3 4790 4791 4596
3 4598 4597 4791
3 4598 4791 4792
3 4795 4794 4793
3 4794 4787 4793
3 4787 4599 4793
3 4787 4595 4599
3 4792 4796 4598
3 4598 4796 4600
3 4600 4797 4601
3 4796 4797 4600
3 4602 4601 4797
3 4602 4797 4798
3 4801 4800 4799
3 4799 4800 4795
3 4799 4795 4793
3 4604 4799 4793
3 4603 4604 4793
3 4603 4793 4599
3 4798 4802 4602
3 4602 4802 4605
3 4605 4803 4606
3 4802 4803 4605
3 4803 4805 4804
3 4607 4803 4804
3 4606 4803 4607
3 4804 4608 4607
3 4801 4799 4609
3 4610 4801 4609
3 4806 4801 4610
3 4609 4799 4604
3 4805 4807 4804
3 4804 4807 4608
3 4807 4611 4608
3 4807 4808 4611
3 4611 4809 4612
3 4808 4809 4611
3 4613 4612 4809
3 4613 4809 4810
3 4812 4811 4614
3 4812 4614 4615
3 4610 4614 4806
3 4806 4614 4811
3 4810 4813 4613
3 4613 4813 4616
3 4616 4814 4617
3 4813 4814 4616
3 4617 4815 4618
3 4814 4815 4617
3 4618 4816 4619
3 4815 4816 4618
3 4619 4817 4620
3 4816 4817 4619
3 4819 4818 4622
3 4620 4819 4622
3 4817 4819 4620
3 4821 4820 4818
3 4821 4818 4819
3 4822 4624 4625
3 4823 4820 4821
3 4822 4627 4624
3 4826 4825 4824
3 4630 4629 4824
3 4825 4630 4824
3 4827 4630 4825
3 4630 4828 4631
3 4827 4828 4630
3 4615 4631 4812
3 4812 4631 4828
3 4818 4632 4622
3 4632 4818 4633
3 4633 4818 4820
3 4820 4823 4633
3 4823 4829 4633
3 4822 4625 4633
3 4822 4633 4829
3 4822 4829 4627
3 4829 4634 4627
3 4829 4830 4634
3 4634 4831 4635
3 4830 4831 4634
3 4635 4832 4636
3 4831 4832 4635
3 4636 4833 4637
3 4832 4833 4636
3 4637 4834 4638
3 4833 4834 4637
3 4638 4835 4639
3 4834 4835 4638
3 4639 4836 4640
3 4835 4836 4639
3 4640 4837 4641
3 4836 4837 4640
3 4641 4838 4642
3 4837 4838 4641
3 4642 4839 4643
3 4838 4839 4642
3 4643 4840 4644
3 4839 4840 4643
3 4644 4841 4645
3 4840 4841 4644
3 4824 4646 4826
3 4646 4841 4826
3 4646 4645 4841
3 4646 4824 4629
3 4842 4648 4649
3 4842 4649 4843
3 4649 4844 4843
3 4649 4650 4844
3 4845 4650 4652
3 4845 4844 4650
3 4846 4652 4653
3 4846 4845 4652
3 4847 4653 4654
3 4847 4846 4653
3 4848 4654 4655
3 4848 4847 4654
3 4849 4655 4656
3 4849 4848 4655
3 4850 4656 4657
3 4850 4849 4656
3 4851 4657 4658
3 4851 4850 4657
3 4852 4658 4659
3 4852 4851 4658
3 4853 4659 4660
3 4853 4852 4659
3 4854 4660 4661
3 4854 4853 4660
3 4855 4661 4662
3 4855 4854 4661
3 4856 4662 4663
3 4856 4855 4662
3 4857 4663 4664
3 4857 4856 4663
3 4858 4664 4665
3 4858 4857 4664
3 4665 4666 4858
3 4858 4666 4859
3 4860 4667 4668
3 4860 4668 4861
3 4668 4862 4861
3 4668 4669 4862
3 4863 4669 4670
3 4863 4862 4669
3 4864 4670 4671
3 4864 4863 4670
3 4865 4671 4672
3 4865 4864 4671
3 4672 4648 4842
3 4866 4672 4842
3 4865 4672 4866
3 4866 4842 4843
3 4867 4859 4666
3 4867 4666 4673
3 4868 4673 4674
3 4868 4867 4673
3 4674 4675 4868
3 4868 4675 4869
3 4871 4870 4677
3 4677 4870 4676
3 4872 4677 4678
3 4872 4871 4677
3 4678 4667 4860
3 4873 4678 4860
3 4872 4678 4873
3 4873 4860 4861
3 4874 4869 4675
3 4874 4675 4679
3 4679 4680 4874
3 4874 4680 4875
3 4877 4876 4682
3 4682 4876 4681
3 4878 4682 4683
3 4878 4877 4682
3 4683 4676 4870
3 4683 4870 4878
3 4879 4875 4680
3 4879 4680 4684
3 4684 4685 4879
3 4879 4685 4880
3 4883 4882 4881
3 4686 4687 4881
3 4687 4883 4881
3 4687 4884 4883
3 4885 4687 4688
3 4885 4884 4687
3 4688 4681 4876
3 4688 4876 4885
3 4886 4880 4685
3 4886 4685 4689
3 4689 4690 4886
3 4886 4690 4887
3 4888 4692 4693
3 4888 4693 4889
3 4693 4890 4889
3 4693 4694 4890
3 4695 4881 4882
3 4890 4695 4882
3 4694 4695 4890
3 4881 4695 4686
3 4891 4887 4690
3 4891 4690 4696
3 4696 4697 4891
3 4891 4697 4892
3 4894 4893 4699
3 4699 4893 4698
3 4699 4692 4888
3 4895 4699 4888
3 4894 4699 4895
3 4895 4888 4889
3 4896 4892 4697
3 4896 4697 4700
3 4700 4701 4896
3 4896 4701 4897
3 4899 4898 4703
3 4703 4898 4702
3 4900 4703 4704
3 4900 4899 4703
3 4704 4698 4893
3 4704 4893 4900
3 4901 4897 4701
3 4901 4701 4705
3 4705 4706 4901
3 4901 4706 4902
3 4898 4707 4702
3 4903 4707 4898
3 4904 4902 4706
3 4904 4706 4708
3 4906 4904 4905
3 4904 4709 4905
3 4904 4708 4709
3 4710 4905 4709
3 4903 4711 4707
3 4907 4711 4903
3 4908 4906 4905
3 4908 4905 4710
3 4712 4908 4710
3 4909 4908 4712
3 4712 4714 4909
3 4909 4714 4910
3 4907 4715 4711
3 4911 4715 4907
3 4912 4910 4714
3 4912 4714 4716
3 4716 4718 4912
3 4912 4718 4913
3 4911 4719 4715
3 4914 4719 4911
3 4915 4913 4718
3 4915 4718 4720
3 4720 4722 4915
3 4915 4722 4916
3 4914 4723 4719
3 4917 4723 4914
3 4918 4916 4722
3 4918 4722 4724
3 4724 4725 4918
3 4918 4725 4919
3 4917 4726 4723
3 4920 4726 4917
3 4921 4919 4725
3 4921 4725 4727
3 4727 4728 4921
3 4921 4728 4922
3 4920 4729 4726
3 4923 4729 4920
3 4730 4922 4728
3 4730 4924 4922
3 4923 4731 4729
3 4925 4731 4923
3 4732 4924 4730
3 4732 4926 4924
3 4925 4733 4731
3 4927 4733 4925
3 4734 4926 4732
3 4734 4928 4926
3 4927 4735 4733
3 4929 4735 4927
3 4736 4928 4734
3 4736 4930 4928
3 4929 4737 4735
3 4931 4737 4929
3 4738 4930 4736
3 4738 4932 4930
3 4931 4739 4737
3 4933 4739 4931
3 4740 4932 4738
3 4740 4934 4932
3 4933 4741 4739
3 4935 4741 4933
3 4742 4934 4740
3 4742 4936 4934
3 4935 4743 4741
3 4937 4743 4935
3 4744 4936 4742
3 4744 4938 4936
3 4937 4745 4743
3 4939 4745 4937
3 4746 4938 4744
3 4746 4940 4938
3 4939 4747 4745
3 4941 4747 4939
3 4748 4940 4746
3 4748 4942 4940
3 4941 4749 4747
3 4943 4749 4941
3 4751 4944 4750
3 4944 4945 4750
3 4945 4748 4750
3 4945 4942 4748
3 4943 4752 4749
3 4946 4752 4943
3 4755 4947 4754
3 4947 4948 4754
3 4754 4948 4751
3 4948 4949 4751
3 4949 4944 4751
3 4944 4949 4945
3 4946 4756 4752
3 4950 4756 4946
3 4953 4952 4951
3 4952 4954 4947
3 4757 4952 4947
3 4755 4757 4947
3 4951 4952 4757
3 4947 4954 4948
3 4950 4758 4756
3 4955 4758 4950
3 4958 4957 4956
3 4956 4957 4953
3 4956 4953 4951
3 4760 4956 4951
3 4759 4760 4951
3 4759 4951 4757
3 4955 4761 4758
3 4959 4761 4955
3 4958 4956 4762
3 4763 4958 4762
3 4960 4958 4763
3 4762 4956 4760
3 4959 4764 4761
3 4961 4764 4959
3 4963 4962 4766
3 4963 4766 4767
3 4763 4766 4960
3 4960 4766 4962
3 4961 4768 4764
3 4964 4768 4961
3 4966 4965 4769
3 4966 4769 4770
3 4767 4769 4963
3 4963 4769 4965
3 4964 4771 4768
3 4967 4771 4964
3 4970 4969 4968
3 4969 4966 4968
3 4966 4773 4968
3 4966 4770 4773
3 4967 4774 4771
3 4971 4774 4967
3 4974 4973 4972
3 4972 4973 4970
3 4972 4970 4968
3 4776 4972 4968
3 4777 4776 4968
3 4777 4968 4773
3 4971 4778 4774
3 4975 4778 4971
3 4974 4972 4781
3 4780 4974 4781
3 4976 4974 4780
3 4781 4972 4776
3 4975 4977 4778
3 4778 4977 4782
3 4782 4978 4783
3 4977 4978 4782
3 4785 4783 4978
3 4785 4978 4979
3 4787 4980 4786
3 4786 4980 4981
3 4982 4786 4981
3 4788 4786 4982
3 4780 4788 4976
3 4976 4788 4982
3 4979 4983 4785
3 4785 4983 4789
3 4789 4984 4790
3 4983 4984 4789
3 4790 4985 4791
3 4984 4985 4790
3 4792 4791 4985
3 4792 4985 4986
3 4795 4987 4794
3 4987 4988 4794
3 4794 4988 4787
3 4988 4989 4787
3 4989 4980 4787
3 4980 4989 4981
3 4986 4990 4792
3 4792 4990 4796
3 4796 4991 4797
3 4990 4991 4796
3 4798 4797 4991
3 4798 4991 4992
3 4801 4993 4800
3 4993 4994 4800
3 4800 4994 4795
3 4994 4995 4795
3 4995 4987 4795
3 4987 4995 4988
3 4992 4996 4798
3 4798 4996 4802
3 4802 4997 4803
3 4996 4997 4802
3 4805 4803 4997
3 4805 4997 4998
3 5001 5000 4999
3 5000 5002 4993
3 4806 5000 4993
3 4801 4806 4993
3 4999 5000 4806
3 4993 5002 4994
3 4998 5003 4805
3 4805 5003 4807
3 4807 5004 4808
3 5003 5004 4807
3 4808 5005 4809
3 5004 5005 4808
3 4810 4809 5005
3 4810 5005 5006
3 5009 5008 5007
3 5007 5008 5001
3 5007 5001 4999
3 4812 5007 4999
3 4811 4812 4999
3 4811 4999 4806
3 5006 5010 4810
3 4810 5010 4813
3 4813 5011 4814
3 5010 5011 4813
3 4814 5012 4815
3 5011 5012 4814
3 4815 5013 4816
3 5012 5013 4815
3 4816 5014 4817
3 5013 5014 4816
3 5014 5016 5015
3 4819 5014 5015
3 4817 5014 4819
3 4819 5015 5017
3 5018 4819 5017
3 4821 4819 5018
3 5020 5019 4823
3 4821 5020 4823
3 5018 5020 4821
3 5021 5019 5020
3 4826 5022 4825
3 4825 5022 5023
3 5024 4825 5023
3 4827 4825 5024
3 5007 4828 5009
3 4828 5024 5009
3 4828 4827 5024
3 4828 5007 4812
3 5016 5025 5015
3 5015 5025 5017
3 5019 4829 4823
3 5021 5026 5019
3 5026 4829 5019
3 5026 4830 4829
3 4830 5027 4831
3 5026 5027 4830
3 4831 5028 4832
3 5027 5028 4831
3 4832 5029 4833
3 5028 5029 4832
3 4833 5030 4834
3 5029 5030 4833
3 4834 5031 4835
3 5030 5031 4834
3 4835 5032 4836
3 5031 5032 4835
3 4836 5033 4837
3 5032 5033 4836
3 4837 5034 4838
3 5033 5034 4837
3 4838 5035 4839
3 5034 5035 4838
3 4839 5036 4840
3 5035 5036 4839
3 4840 5037 4841
3 5036 5037 4840
3 4826 4841 5022
3 4841 5038 5022
3 4841 5037 5038
3 5022 5038 5023
3 5041 5040 5039
3 5043 5042 5039
3 5039 5042 5041
3 4843 4844 5043
3 4844 5042 5043
3 4844 5044 5042
3 5045 4844 4845
3 5045 5044 4844
3 5046 4845 4846
3 5046 5045 4845
3 5047 4846 4847
3 5047 5046 4846
3 5048 4847 4848
3 5048 5047 4847
3 5049 4848 4849
3 5049 5048 4848
3 5050 4849 4850
3 5050 5049 4849
3 5051 4850 4851
3 5051 5050 4850
3 5052 4851 4852
3 5052 5051 4851
3 5053 4852 4853
3 5053 5052 4852
3 5054 4853 4854
3 5054 5053 4853
3 5055 4854 4855
3 5055 5054 4854
3 5056 4855 4856
3 5056 5055 4855
3 5057 4856 4857
3 5057 5056 4856
3 5059 5057 5058
3 5057 4858 5058
3 5057 4857 4858
3 4859 5058 4858
3 5062 5061 5060
3 4861 4862 5060
3 4862 5062 5060
3 4862 5063 5062
3 5064 4862 4863
3 5064 5063 4862
3 5065 4863 4864
3 5065 5064 4863
3 4865 5039 5040
3 5065 4865 5040
3 4864 4865 5065
3 5039 4865 4866
3 5039 4866 5043
3 5043 4866 4843
3 5066 5059 5058
3 5066 5058 4859
3 4867 5066 4859
3 5067 5066 4867
3 5068 4867 4868
3 5068 5067 4867
3 4868 4869 5068
3 5068 4869 5069
3 5071 5070 4871
3 4871 5070 4870
3 5072 4871 4872
3 5072 5071 4871
3 4873 5060 5061
3 5072 4873 5061
3 4872 4873 5072
3 5060 4873 4861
3 5073 5069 4869
3 5073 4869 4874
3 4874 4875 5073
3 5073 4875 5074
3 5075 4876 4877
3 5075 4877 5076
3 4877 5077 5076
3 4877 4878 5077
3 4878 4870 5070
3 4878 5070 5077
3 5078 5074 4875
3 5078 4875 4879
3 4879 4880 5078
3 5078 4880 5079
3 5080 4882 4883
3 5080 4883 5081
3 4883 5082 5081
3 4883 4884 5082
3 5083 4884 4885
3 5083 5082 4884
3 4885 4876 5075
3 5084 4885 5075
3 5083 4885 5084
3 5084 5075 5076
3 5085 5079 4880
3 5085 4880 4886
3 4886 4887 5085
3 5085 4887 5086
3 5088 5087 4890
3 4890 5087 4889
3 4890 4882 5080
3 5089 4890 5080
3 5088 4890 5089
3 5089 5080 5081
3 5090 5086 4887
3 5090 4887 4891
3 4891 4892 5090
3 5090 4892 5091
3 5094 5093 5092
3 4893 4894 5092
3 4894 5094 5092
3 4894 5095 5094
3 5096 4894 4895
3 5096 5095 4894
3 4895 4889 5087
3 4895 5087 5096
3 5097 5091 4892
3 5097 4892 4896
3 4896 4897 5097
3 5097 4897 5098
3 5100 5099 4899
3 4899 5099 4898
3 4900 5092 5093
3 5100 4900 5093
3 4899 4900 5100
3 5092 4900 4893
3 5101 5098 4897
3 5101 4897 4901
3 5103 5102 4902
3 5102 4901 4902
3 5102 5101 4901
3 5103 5104 5102
3 5099 4903 4898
3 5105 4903 5099
3 4904 5103 4902
3 4904 4906 5103
3 4906 5104 5103
3 4906 5106 5104
3 5105 4907 4903
3 5107 4907 5105
3 5108 5106 4906
3 5108 4906 4908
3 5110 5108 5109
3 5108 4909 5109
3 5108 4908 4909
3 4910 5109 4909
3 5107 4911 4907
3 5111 4911 5107
3 5112 5110 5109
3 5114 5112 5113
3 5113 5112 4912
3 5112 5109 4912
3 5109 4910 4912
3 4913 5113 4912
3 5111 4914 4911
3 5115 4914 5111
3 5116 5114 5113
3 5118 5116 5117
3 5117 5116 4915
3 5116 5113 4915
3 5113 4913 4915
3 4916 5117 4915
3 5115 4917 4914
3 5119 4917 5115
3 5120 5118 5117
3 5120 5117 4916
3 4918 5120 4916
3 5121 5120 4918
3 4918 4919 5121
3 5121 4919 5122
3 5119 4920 4917
3 5123 4920 5119
3 5124 5122 4919
3 5124 4919 4921
3 4921 4922 5124
3 5124 4922 5125
3 5123 4923 4920
3 5126 4923 5123
3 4924 5125 4922
3 4924 5127 5125
3 5126 4925 4923
3 5128 4925 5126
3 4926 5127 4924
3 4926 5129 5127
3 5128 4927 4925
3 5130 4927 5128
3 4928 5129 4926
3 4928 5131 5129
3 5130 4929 4927
3 5132 4929 5130
3 4930 5131 4928
3 4930 5133 5131
3 5132 4931 4929
3 5134 4931 5132
3 4932 5133 4930
3 4932 5135 5133
3 5134 4933 4931
3 5136 4933 5134
3 4934 5135 4932
3 4934 5137 5135
3 5136 4935 4933
3 5138 4935 5136
3 4936 5137 4934
3 4936 5139 5137
3 5138 4937 4935
3 5140 4937 5138
3 4938 5139 4936
3 4938 5141 5139
3 5140 4939 4937
3 5142 4939 5140
3 4940 5141 4938
3 4940 5143 5141
3 5142 4941 4939
3 5144 4941 5142
3 4942 5143 4940
3 4942 5145 5143
3 5144 4943 4941
3 5146 4943 5144
3 4945 5145 4942
3 4945 5147 5145
3 5146 4946 4943
3 5148 4946 5146
3 5150 5149 4949
3 5150 4949 4948
3 4945 4949 5147
3 5147 4949 5149
3 5148 4950 4946
3 5151 4950 5148
3 4953 5152 4952
3 4952 5152 5153
3 5154 4952 5153
3 4954 4952 5154
3 4948 4954 5150
3 5150 4954 5154
3 5151 4955 4950
3 5155 4955 5151
3 4958 5156 4957
3 5156 5157 4957
3 4957 5157 4953
3 5157 5158 4953
3 5158 5152 4953
3 5152 5158 5153
3 5155 4959 4955
3 5159 4959 5155
3 5162 5161 5160
3 5161 5163 5156
3 4960 5161 5156
3 4958 4960 5156
3 5160 5161 4960
3 5156 5163 5157
3 5159 4961 4959
3 5164 4961 5159
3 5162 5160 4962
3 4963 5162 4962
3 5165 5162 4963
3 4962 5160 4960
3 5164 4964 4961
3 5166 4964 5164
3 5168 5167 4965
3 5168 4965 4966
3 4963 4965 5165
3 5165 4965 5167
3 5166 4967 4964
3 5169 4967 5166
3 5171 5170 4969
3 5171 4969 4970
3 4966 4969 5168
3 5168 4969 5170
3 5169 4971 4967
3 5172 4971 5169
3 5174 5173 4973
3 5174 4973 4974
3 4970 4973 5171
3 5171 4973 5173
3 5172 4975 4971
3 5175 4975 5172
3 5178 5177 5176
3 5177 5174 5176
3 5174 4976 5176
3 5174 4974 4976
3 5175 5179 4975
3 4975 5179 4977
3 4977 5180 4978
3 5179 5180 4977
3 4979 4978 5180
3 4979 5180 5181
3 5178 5176 4982
3 4981 5178 4982
3 5182 5178 4981
3 4982 5176 4976
3 5181 5183 4979
3 4979 5183 4983
3 4983 5184 4984
3 5183 5184 4983
3 4984 5185 4985
3 5184 5185 4984
3 4986 4985 5185
3 4986 5185 5186
3 5188 5187 4989
3 5188 4989 4988
3 4981 4989 5182
3 5182 4989 5187
3 5186 5189 4986
3 4986 5189 4990
3 4990 5190 4991
3 5189 5190 4990
3 4992 4991 5190
3 4992 5190 5191
3 5193 5192 4995
3 5193 4995 4994
3 4988 4995 5188
3 5188 4995 5192
3 5191 5194 4992
3 4992 5194 4996
3 4996 5195 4997
3 5194 5195 4996
3 5197 5196 4998
3 4997 5197 4998
3 5195 5197 4997
3 5198 5196 5197
3 5001 5199 5000
3 5000 5199 5200
3 5201 5000 5200
3 5002 5000 5201
3 4994 5002 5193
3 5193 5002 5201
3 5196 5003 4998
3 5198 5202 5196
3 5202 5003 5196
3 5202 5004 5003
3 5004 5203 5005
3 5202 5203 5004
3 5006 5005 5203
3 5006 5203 5204
3 5009 5205 5008
3 5205 5206 5008
3 5008 5206 5001
3 5206 5207 5001
3 5207 5199 5001
3 5199 5207 5200
3 5204 5208 5006
3 5006 5208 5010
3 5010 5209 5011
3 5208 5209 5010
3 5011 5210 5012
3 5209 5210 5011
3 5012 5211 5013
3 5210 5211 5012
3 5013 5212 5014
3 5211 5212 5013
3 5214 5213 5016
3 5014 5214 5016
3 5212 5214 5014
3 5018 5017 5213
3 5214 5018 5213
3 5215 5018 5214
3 5215 5217 5216
3 5020 5215 5216
3 5018 5215 5020
3 5216 5021 5020
3 5220 5219 5218
3 5024 5023 5218
3 5219 5024 5218
3 5221 5024 5219
3 5009 5024 5205
3 5024 5222 5205
3 5024 5221 5222
3 5205 5222 5206
3 5213 5025 5016
3 5025 5213 5017
3 5217 5223 5216
3 5216 5223 5021
3 5223 5026 5021
3 5223 5224 5026
3 5026 5225 5027
3 5224 5225 5026
3 5027 5226 5028
3 5225 5226 5027
3 5028 5227 5029
3 5226 5227 5028
3 5029 5228 5030
3 5227 5228 5029
3 5030 5229 5031
3 5228 5229 5030
3 5031 5230 5032
3 5229 5230 5031
3 5032 5231 5033
3 5230 5231 5032
3 5033 5232 5034
3 5231 5232 5033
3 5034 5233 5035
3 5232 5233 5034
3 5035 5234 5036
3 5233 5234 5035
3 5036 5235 5037
3 5234 5235 5036
3 5218 5038 5220
3 5038 5235 5220
3 5038 5037 5235
3 5038 5218 5023
3 5236 5040 5041
3 5042 5237 5041
3 5041 5237 5236
3 5237 5042 5238
3 5042 5239 5238
3 5042 5044 5239
3 5240 5044 5045
3 5240 5239 5044
3 5241 5045 5046
3 5241 5240 5045
3 5242 5046 5047
3 5242 5241 5046
3 5243 5047 5048
3 5243 5242 5047
3 5244 5048 5049
3 5244 5243 5048
3 5245 5049 5050
3 5245 5244 5049
3 5246 5050 5051
3 5246 5245 5050
3 5247 5051 5052
3 5247 5246 5051
3 5248 5052 5053
3 5248 5247 5052
3 5249 5053 5054
3 5249 5248 5053
3 5250 5054 5055
3 5250 5249 5054
3 5251 5055 5056
3 5251 5250 5055
3 5252 5056 5057
3 5252 5251 5056
3 5254 5253 5059
3 5253 5057 5059
3 5253 5252 5057
3 5254 5255 5253
3 5257 5256 5062
3 5062 5256 5061
3 5258 5062 5063
3 5258 5257 5062
3 5259 5063 5064
3 5259 5258 5063
3 5260 5064 5065
3 5260 5259 5064
3 5065 5040 5236
3 5261 5065 5236
3 5260 5065 5261
3 5261 5236 5237
3 5261 5237 5262
3 5262 5237 5238
3 5066 5254 5059
3 5263 5255 5254
3 5066 5263 5254
3 5067 5263 5066
3 5264 5067 5068
3 5264 5263 5067
3 5068 5069 5264
3 5264 5069 5265
3 5267 5266 5071
3 5071 5266 5070
3 5268 5071 5072
3 5268 5267 5071
3 5072 5061 5256
3 5072 5256 5268
3 5269 5265 5069
3 5269 5069 5073
3 5073 5074 5269
3 5269 5074 5270
3 5273 5272 5271
3 5076 5077 5271
3 5077 5273 5271
3 5077 5274 5273
3 5077 5070 5266
3 5077 5266 5274
3 5275 5270 5074
3 5275 5074 5078
3 5078 5079 5275
3 5275 5079 5276
3 5278 5277 5082
3 5082 5277 5081
3 5279 5082 5083
3 5279 5278 5082
3 5084 5271 5272
3 5279 5084 5272
3 5083 5084 5279
3 5271 5084 5076
3 5280 5276 5079
3 5280 5079 5085
3 5085 5086 5280
3 5280 5086 5281
3 5283 5282 5088
3 5088 5282 5087
3 5284 5088 5089
3 5284 5283 5088
3 5089 5081 5277
3 5089 5277 5284
3 5285 5281 5086
3 5285 5086 5090
3 5090 5091 5285
3 5285 5091 5286
3 5287 5093 5094
3 5287 5094 5288
3 5094 5289 5288
3 5094 5095 5289
3 5290 5095 5096
3 5290 5289 5095
3 5096 5087 5282
3 5096 5282 5290
3 5291 5286 5091
3 5291 5091 5097
3 5097 5098 5291
3 5291 5098 5292
3 5294 5293 5100
3 5100 5293 5099
3 5100 5093 5287
3 5295 5100 5287
3 5294 5100 5295
3 5295 5287 5288
3 5296 5292 5098
3 5296 5098 5101
3 5297 5101 5102
3 5297 5296 5101
3 5102 5104 5297
3 5297 5104 5298
3 5293 5105 5099
3 5299 5105 5293
3 5106 5298 5104
3 5106 5300 5298
3 5299 5107 5105
3 5301 5107 5299
3 5302 5300 5106
3 5302 5106 5108
3 5108 5110 5302
3 5302 5110 5303
3 5301 5111 5107
3 5304 5111 5301
3 5305 5303 5110
3 5305 5110 5112
3 5307 5306 5114
3 5306 5112 5114
3 5306 5305 5112
3 5307 5308 5306
3 5304 5115 5111
3 5309 5115 5304
3 5116 5307 5114
3 5311 5310 5118
3 5118 5310 5116
3 5310 5308 5116
3 5308 5307 5116
3 5311 5312 5310
3 5309 5119 5115
3 5313 5119 5309
3 5120 5311 5118
3 5314 5312 5311
3 5120 5314 5311
3 5121 5314 5120
3 5121 5122 5314
3 5314 5122 5315
3 5313 5123 5119
3 5316 5123 5313
3 5317 5315 5122
3 5317 5122 5124
3 5124 5125 5317
3 5317 5125 5318
3 5316 5126 5123
3 5319 5126 5316
3 5127 5318 5125
3 5127 5320 5318
3 5319 5128 5126
3 5321 5128 5319
3 5129 5320 5127
3 5129 5322 5320
3 5321 5130 5128
3 5323 5130 5321
3 5131 5322 5129
3 5131 5324 5322
3 5323 5132 5130
3 5325 5132 5323
3 5133 5324 5131
3 5133 5326 5324
3 5325 5134 5132
3 5327 5134 5325
3 5135 5326 5133
3 5135 5328 5326
3 5327 5136 5134
3 5329 5136 5327
3 5137 5328 5135
3 5137 5330 5328
3 5329 5138 5136
3 5331 5138 5329
3 5139 5330 5137
3 5139 5332 5330
3 5331 5140 5138
3 5333 5140 5331
3 5141 5332 5139
3 5141 5334 5332
3 5333 5142 5140
3 5335 5142 5333
3 5143 5334 5141
3 5143 5336 5334
3 5335 5144 5142
3 5337 5144 5335
3 5145 5336 5143
3 5145 5338 5336
3 5337 5146 5144
3 5339 5146 5337
3 5342 5341 5340
3 5341 5338 5340
3 5338 5147 5340
3 5338 5145 5147
3 5339 5148 5146
3 5343 5148 5339
3 5346 5345 5344
3 5344 5345 5342
3 5344 5342 5340
3 5150 5344 5340
3 5149 5150 5340
3 5149 5340 5147
3 5343 5151 5148
3 5347 5151 5343
3 5346 5344 5154
3 5153 5346 5154
3 5348 5346 5153
3 5154 5344 5150
3 5347 5155 5151
3 5349 5155 5347
3 5351 5350 5158
3 5351 5158 5157
3 5153 5158 5348
3 5348 5158 5350
3 5349 5159 5155
3 5352 5159 5349
3 5162 5353 5161
3 5161 5353 5354
3 5355 5161 5354
3 5163 5161 5355
3 5157 5163 5351
3 5351 5163 5355
3 5352 5164 5159
3 5356 5164 5352
3 5358 5357 5353
3 5162 5358 5353
3 5165 5358 5162
3 5353 5357 5354
3 5356 5166 5164
3 5359 5166 5356
3 5168 5360 5167
3 5360 5361 5167
3 5361 5165 5167
3 5361 5358 5165
3 5359 5169 5166
3 5362 5169 5359
3 5364 5363 5170
3 5364 5170 5171
3 5168 5170 5360
3 5170 5365 5360
3 5170 5363 5365
3 5360 5365 5361
3 5362 5172 5169
3 5366 5172 5362
3 5368 5367 5173
3 5368 5173 5174
3 5171 5173 5364
3 5364 5173 5367
3 5366 5175 5172
3 5369 5175 5366
3 5371 5370 5177
3 5371 5177 5178
3 5174 5177 5368
3 5368 5177 5370
3 5369 5372 5175
3 5175 5372 5179
3 5179 5373 5180
3 5372 5373 5179
3 5181 5180 5373
3 5181 5373 5374
3 5377 5376 5375
3 5376 5371 5375
3 5371 5182 5375
3 5371 5178 5182
3 5374 5378 5181
3 5181 5378 5183
3 5183 5379 5184
3 5378 5379 5183
3 5184 5380 5185
3 5379 5380 5184
3 5186 5185 5380
3 5186 5380 5381
3 5384 5383 5382
3 5382 5383 5377
3 5382 5377 5375
3 5188 5382 5375
3 5187 5188 5375
3 5187 5375 5182
3 5381 5385 5186
3 5186 5385 5189
3 5189 5386 5190
3 5385 5386 5189
3 5388 5387 5191
3 5190 5388 5191
3 5386 5388 5190
3 5389 5387 5388
3 5384 5382 5192
3 5193 5384 5192
3 5390 5384 5193
3 5192 5382 5188
3 5387 5194 5191
3 5389 5391 5387
3 5391 5194 5387
3 5391 5195 5194
3 5195 5392 5197
3 5391 5392 5195
3 5198 5197 5392
3 5198 5392 5393
3 5395 5394 5201
3 5395 5201 5200
3 5193 5201 5390
3 5390 5201 5394
3 5393 5396 5198
3 5198 5396 5202
3 5202 5397 5203
3 5396 5397 5202
3 5204 5203 5397
3 5204 5397 5398
3 5400 5399 5207
3 5400 5207 5206
3 5200 5207 5395
3 5395 5207 5399
3 5398 5401 5204
3 5204 5401 5208
3 5208 5402 5209
3 5401 5402 5208
3 5209 5403 5210
3 5402 5403 5209
3 5210 5404 5211
3 5403 5404 5210
3 5211 5405 5212
3 5404 5405 5211
3 5212 5406 5214
3 5405 5406 5212
3 5214 5407 5215
3 5406 5407 5214
3 5217 5215 5407
3 5217 5407 5408
3 5220 5409 5219
3 5219 5409 5410
3 5411 5219 5410
3 5221 5219 5411
3 5221 5412 5222
3 5411 5412 5221
3 5206 5222 5400
3 5400 5222 5412
3 5408 5413 5217
3 5217 5413 5223
3 5223 5414 5224
3 5413 5414 5223
3 5224 5415 5225
3 5414 5415 5224
3 5225 5416 5226
3 5415 5416 5225
3 5226 5417 5227
3 5416 5417 5226
3 5227 5418 5228
3 5417 5418 5227
3 5228 5419 5229
3 5418 5419 5228
3 5229 5420 5230
3 5419 5420 5229
3 5230 5421 5231
3 5420 5421 5230
3 5231 5422 5232
3 5421 5422 5231
3 5232 5423 5233
3 5422 5423 5232
3 5233 5424 5234
3 5423 5424 5233
3 5234 5425 5235
3 5424 5425 5234
3 5220 5235 5409
3 5235 5426 5409
3 5235 5425 5426
3 5409 5426 5410
3 5429 5428 5427
3 5431 5430 5427
3 5427 5430 5429
3 5431 5238 5430
3 5238 5239 5430
3 5433 5432 5430
3 5433 5430 5239
3 5433 5239 5434
3 5239 5435 5434
3 5239 5240 5435
3 5436 5240 5241
3 5436 5435 5240
3 5437 5241 5242
3 5437 5436 5241
3 5438 5242 5243
3 5438 5437 5242
3 5439 5243 5244
3 5439 5438 5243
3 5440 5244 5245
3 5440 5439 5244
3 5441 5245 5246
3 5441 5440 5245
3 5442 5246 5247
3 5442 5441 5246
3 5443 5247 5248
3 5443 5442 5247
3 5444 5248 5249
3 5444 5443 5248
3 5445 5249 5250
3 5445 5444 5249
3 5446 5250 5251
3 5446 5445 5250
3 5447 5251 5252
3 5447 5446 5251
3 5449 5447 5448
3 5447 5253 5448
3 5447 5252 5253
3 5255 5448 5253
3 5450 5256 5257
3 5450 5257 5451
3 5257 5452 5451
3 5257 5258 5452
3 5453 5258 5259
3 5453 5452 5258
3 5454 5259 5260
3 5454 5453 5259
3 5261 5427 5428
3 5454 5261 5428
3 5260 5261 5454
3 5427 5261 5262
3 5427 5262 5431
3 5433 5455 5432
3 5238 5431 5262
3 5455 5433 5434
3 5456 5449 5448
3 5456 5448 5255
3 5263 5456 5255
3 5457 5456 5263
3 5458 5263 5264
3 5458 5457 5263
3 5264 5265 5458
3 5458 5265 5459
3 5461 5460 5267
3 5267 5460 5266
3 5462 5267 5268
3 5462 5461 5267
3 5268 5256 5450
3 5463 5268 5450
3 5462 5268 5463
3 5463 5450 5451
3 5464 5459 5265
3 5464 5265 5269
3 5269 5270 5464
3 5464 5270 5465
3 5467 5466 5273
3 5273 5466 5272
3 5468 5273 5274
3 5468 5467 5273
3 5274 5266 5460
3 5274 5460 5468
3 5469 5465 5270
3 5469 5270 5275
3 5275 5276 5469
3 5469 5276 5470
3 5473 5472 5471
3 5277 5278 5471
3 5278 5473 5471
3 5278 5474 5473
3 5475 5278 5279
3 5475 5474 5278
3 5279 5272 5466
3 5279 5466 5475
3 5476 5470 5276
3 5476 5276 5280
3 5280 5281 5476
3 5476 5281 5477
3 5479 5478 5283
3 5283 5478 5282
3 5284 5471 5472
3 5479 5284 5472
3 5283 5284 5479
3 5471 5284 5277
3 5480 5477 5281
3 5480 5281 5285
3 5285 5286 5480
3 5480 5286 5481
3 5483 5482 5289
3 5289 5482 5288
3 5484 5289 5290
3 5484 5483 5289
3 5290 5282 5478
3 5290 5478 5484
3 5485 5481 5286
3 5485 5286 5291
3 5291 5292 5485
3 5485 5292 5486
3 5488 5487 5294
3 5294 5487 5293
3 5489 5294 5295
3 5489 5488 5294
3 5295 5288 5482
3 5295 5482 5489
3 5490 5486 5292
3 5490 5292 5296
3 5492 5490 5491
3 5490 5297 5491
3 5490 5296 5297
3 5298 5491 5297
3 5487 5299 5293
3 5493 5299 5487
3 5494 5492 5491
3 5491 5298 5494
3 5298 5495 5494
3 5298 5300 5495
3 5493 5301 5299
3 5496 5301 5493
3 5497 5495 5300
3 5497 5300 5302
3 5499 5498 5303
3 5498 5302 5303
3 5498 5497 5302
3 5499 5500 5498
3 5496 5304 5301
3 5501 5304 5496
3 5305 5499 5303
3 5502 5500 5499
3 5305 5502 5499
3 5306 5502 5305
3 5306 5308 5502
3 5502 5308 5503
3 5501 5309 5304
3 5504 5309 5501
3 5505 5503 5308
3 5505 5308 5310
3 5310 5312 5505
3 5505 5312 5506
3 5504 5313 5309
3 5507 5313 5504
3 5508 5506 5312
3 5508 5312 5314
3 5314 5315 5508
3 5508 5315 5509
3 5507 5316 5313
3 5510 5316 5507
3 5511 5509 5315
3 5511 5315 5317
3 5317 5318 5511
3 5511 5318 5512
3 5510 5319 5316
3 5513 5319 5510
3 5320 5512 5318
3 5320 5514 5512
3 5513 5321 5319
3 5515 5321 5513
3 5322 5514 5320
3 5322 5516 5514
3 5515 5323 5321
3 5517 5323 5515
3 5324 5516 5322
3 5324 5518 5516
3 5517 5325 5323
3 5519 5325 5517
3 5326 5518 5324
3 5326 5520 5518
3 5519 5327 5325
3 5521 5327 5519
3 5328 5520 5326
3 5328 5522 5520
3 5521 5329 5327
3 5523 5329 5521
3 5330 5522 5328
3 5330 5524 5522
3 5523 5331 5329
3 5525 5331 5523
3 5332 5524 5330
3 5332 5526 5524
3 5525 5333 5331
3 5527 5333 5525
3 5334 5526 5332
3 5334 5528 5526
3 5527 5335 5333
3 5529 5335 5527
3 5336 5528 5334
3 5336 5530 5528
3 5529 5337 5335
3 5531 5337 5529
3 5338 5530 5336
3 5338 5532 5530
3 5531 5339 5337
3 5533 5339 5531
3 5342 5534 5341
3 5534 5535 5341
3 5535 5338 5341
3 5535 5532 5338
3 5533 5343 5339
3 5536 5343 5533
3 5538 5537 5345
3 5538 5345 5346
3 5342 5345 5534
3 5345 5539 5534
3 5345 5537 5539
3 5534 5539 5535
3 5536 5347 5343
3 5540 5347 5536
3 5543 5542 5541
3 5542 5538 5541
3 5538 5348 5541
3 5538 5346 5348
3 5540 5349 5347
3 5544 5349 5540
3 5543 5541 5350
3 5351 5543 5350
3 5545 5543 5351
3 5350 5541 5348
3 5544 5352 5349
3 5546 5352 5544
3 5548 5547 5355
3 5548 5355 5354
3 5351 5355 5545
3 5545 5355 5547
3 5546 5356 5352
3 5549 5356 5546
3 5551 5550 5357
3 5551 5357 5358
3 5354 5357 5548
3 5548 5357 5550
3 5549 5359 5356
3 5552 5359 5549
3 5555 5554 5553
3 5554 5551 5553
3 5551 5361 5553
3 5551 5358 5361
3 5552 5362 5359
3 5556 5362 5552
3 5558 5557 5363
3 5558 5363 5364
3 5553 5365 5555
3 5365 5557 5555
3 5365 5363 5557
3 5365 5553 5361
3 5556 5366 5362
3 5559 5366 5556
3 5368 5560 5367
3 5560 5561 5367
3 5561 5364 5367
3 5561 5558 5364
3 5559 5369 5366
3 5562 5369 5559
3 5371 5563 5370
3 5563 5564 5370
3 5370 5564 5368
3 5564 5565 5368
3 5565 5560 5368
3 5560 5565 5561
3 5562 5566 5369
3 5369 5566 5372
3 5372 5567 5373
3 5566 5567 5372
3 5374 5373 5567
3 5374 5567 5568
3 5570 5569 5376
3 5570 5376 5377
3 5371 5376 5563
3 5376 5571 5563
3 5376 5569 5571
3 5563 5571 5564
3 5568 5572 5374
3 5374 5572 5378
3 5378 5573 5379
3 5572 5573 5378
3 5379 5574 5380
3 5573 5574 5379
3 5381 5380 5574
3 5381 5574 5575
3 5577 5576 5383
3 5577 5383 5384
3 5377 5383 5570
3 5570 5383 5576
3 5575 5578 5381
3 5381 5578 5385
3 5385 5579 5386
3 5578 5579 5385
3 5579 5581 5580
3 5388 5579 5580
3 5386 5579 5388
3 5580 5389 5388
3 5584 5583 5582
3 5583 5577 5582
3 5577 5390 5582
3 5577 5384 5390
3 5581 5585 5580
3 5580 5585 5389
3 5585 5391 5389
3 5585 5586 5391
3 5586 5588 5587
3 5392 5586 5587
3 5391 5586 5392
3 5587 5393 5392
3 5584 5582 5394
3 5395 5584 5394
3 5589 5584 5395
3 5394 5582 5390
3 5588 5590 5587
3 5587 5590 5393
3 5590 5396 5393
3 5590 5591 5396
3 5396 5592 5397
3 5591 5592 5396
3 5398 5397 5592
3 5398 5592 5593
3 5595 5594 5399
3 5595 5399 5400
3 5395 5399 5589
3 5589 5399 5594
3 5593 5596 5398
3 5398 5596 5401
3 5401 5597 5402
3 5596 5597 5401
3 5402 5598 5403
3 5597 5598 5402
3 5403 5599 5404
3 5598 5599 5403
3 5404 5600 5405
3 5599 5600 5404
3 5405 5601 5406
3 5600 5601 5405
3 5406 5602 5407
3 5601 5602 5406
3 5408 5407 5602
3 5408 5602 5603
3 5606 5605 5604
3 5607 5604 5605
3 5609 5608 5411
3 5609 5411 5410
3 5411 5610 5412
3 5608 5610 5411
3 5400 5412 5595
3 5595 5412 5610
3 5603 5611 5408
3 5408 5611 5413
3 5604 5414 5606
3 5414 5611 5606
3 5414 5413 5611
3 5607 5612 5604
3 5612 5414 5604
3 5612 5415 5414
3 5415 5613 5416
3 5612 5613 5415
3 5416 5614 5417
3 5613 5614 5416
3 5417 5615 5418
3 5614 5615 5417
3 5418 5616 5419
3 5615 5616 5418
3 5419 5617 5420
3 5616 5617 5419
3 5420 5618 5421
3 5617 5618 5420
3 5421 5619 5422
3 5618 5619 5421
3 5422 5620 5423
3 5619 5620 5422
3 5423 5621 5424
3 5620 5621 5423
3 5424 5622 5425
3 5621 5622 5424
3 5425 5623 5426
3 5622 5623 5425
3 5410 5426 5609
3 5609 5426 5623
3 5624 5428 5429
3 5624 5429 5625
3 5429 5626 5625
3 5429 5430 5626
3 5628 5627 5432
3 5627 5430 5432
3 5627 5626 5430
3 5434 5435 5628
3 5435 5627 5628
3 5435 5629 5627
3 5630 5435 5436
3 5630 5629 5435
3 5631 5436 5437
3 5631 5630 5436
3 5632 5437 5438
3 5632 5631 5437
3 5633 5438 5439
3 5633 5632 5438
3 5634 5439 5440
3 5634 5633 5439
3 5635 5440 5441
3 5635 5634 5440
3 5636 5441 5442
3 5636 5635 5441
3 5637 5442 5443
3 5637 5636 5442
3 5638 5443 5444
3 5638 5637 5443
3 5639 5444 5445
3 5639 5638 5444
3 5640 5445 5446
3 5640 5639 5445
3 5641 5446 5447
3 5641 5640 5446
3 5447 5449 5641
3 5641 5449 5642
3 5645 5644 5643
3 5451 5452 5643
3 5452 5645 5643
3 5452 5646 5645
3 5647 5452 5453
3 5647 5646 5452
3 5648 5453 5454
3 5648 5647 5453
3 5454 5428 5624
3 5649 5454 5624
3 5648 5454 5649
3 5649 5624 5625
3 5455 5628 5432
3 5628 5455 5434
3 5650 5642 5449
3 5650 5449 5456
3 5651 5456 5457
3 5651 5650 5456
3 5652 5457 5458
3 5652 5651 5457
3 5458 5459 5652
3 5652 5459 5653
3 5655 5654 5461
3 5461 5654 5460
3 5656 5461 5462
3 5656 5655 5461
3 5463 5643 5644
3 5656 5463 5644
3 5462 5463 5656
3 5643 5463 5451
3 5657 5653 5459
3 5657 5459 5464
3 5464 5465 5657
3 5657 5465 5658
3 5659 5466 5467
3 5659 5467 5660
3 5467 5661 5660
3 5467 5468 5661
3 5468 5460 5654
3 5468 5654 5661
3 5662 5658 5465
3 5662 5465 5469
3 5469 5470 5662
3 5662 5470 5663
3 5664 5472 5473
3 5664 5473 5665
3 5473 5666 5665
3 5473 5474 5666
3 5667 5474 5475
3 5667 5666 5474
3 5475 5466 5659
3 5668 5475 5659
3 5667 5475 5668
3 5668 5659 5660
3 5669 5663 5470
3 5669 5470 5476
3 5476 5477 5669
3 5669 5477 5670
3 5672 5671 5479
3 5479 5671 5478
3 5479 5472 5664
3 5673 5479 5664
3 5672 5479 5673
3 5673 5664 5665
3 5674 5670 5477
3 5674 5477 5480
3 5480 5481 5674
3 5674 5481 5675
3 5678 5677 5676
3 5482 5483 5676
3 5483 5678 5676
3 5483 5679 5678
3 5680 5483 5484
3 5680 5679 5483
3 5484 5478 5671
3 5484 5671 5680
3 5681 5675 5481
3 5681 5481 5485
3 5485 5486 5681
3 5681 5486 5682
3 5684 5683 5488
3 5488 5683 5487
3 5489 5676 5677
3 5684 5489 5677
3 5488 5489 5684
3 5676 5489 5482
3 5685 5682 5486
3 5685 5486 5490
3 5687 5686 5492
3 5686 5490 5492
3 5686 5685 5490
3 5687 5688 5686
3 5683 5493 5487
3 5689 5493 5683
3 5494 5687 5492
3 5494 5495 5687
3 5495 5688 5687
3 5495 5690 5688
3 5689 5496 5493
3 5691 5496 5689
3 5692 5690 5495
3 5692 5495 5497
3 5694 5692 5693
3 5692 5498 5693
3 5692 5497 5498
3 5500 5693 5498
3 5691 5501 5496
3 5695 5501 5691
3 5696 5694 5693
3 5698 5696 5697
3 5697 5696 5502
3 5696 5693 5502
3 5693 5500 5502
3 5503 5697 5502
3 5695 5504 5501
3 5699 5504 5695
3 5700 5698 5697
3 5702 5700 5701
3 5701 5700 5505
3 5700 5697 5505
3 5697 5503 5505
3 5506 5701 5505
3 5699 5507 5504
3 5703 5507 5699
3 5704 5702 5701
3 5704 5701 5506
3 5508 5704 5506
3 5705 5704 5508
3 5508 5509 5705
3 5705 5509 5706
3 5703 5510 5507
3 5707 5510 5703
3 5708 5706 5509
3 5708 5509 5511
3 5511 5512 5708
3 5708 5512 5709
3 5707 5513 5510
3 5710 5513 5707
3 5514 5709 5512
3 5514 5711 5709
3 5710 5515 5513
3 5712 5515 5710
3 5516 5711 5514
3 5516 5713 5711
3 5712 5517 5515
3 5714 5517 5712
3 5518 5713 5516
3 5518 5715 5713
3 5714 5519 5517
3 5716 5519 5714
3 5520 5715 5518
3 5520 5717 5715
3 5716 5521 5519
3 5718 5521 5716
3 5522 5717 5520
3 5522 5719 5717
3 5718 5523 5521
3 5720 5523 5718
3 5524 5719 5522
3 5524 5721 5719
3 5720 5525 5523
3 5722 5525 5720
3 5526 5721 5524
3 5526 5723 5721
3 5722 5527 5525
3 5724 5527 5722
3 5528 5723 5526
3 5528 5725 5723
3 5724 5529 5527
3 5726 5529 5724
3 5530 5725 5528
3 5530 5727 5725
3 5726 5531 5529
3 5728 5531 5726
3 5532 5727 5530
3 5532 5729 5727
3 5728 5533 5531
3 5730 5533 5728
3 5535 5729 5532
3 5535 5731 5729
3 5730 5536 5533
3 5732 5536 5730
3 5538 5733 5537
3 5537 5733 5734
3 5735 5537 5734
3 5539 5537 5735
3 5535 5539 5731
3 5731 5539 5735
3 5732 5540 5536
3 5736 5540 5732
3 5543 5737 5542
3 5737 5738 5542
3 5542 5738 5538
3 5738 5739 5538
3 5739 5733 5538
3 5733 5739 5734
3 5736 5544 5540
3 5740 5544 5736
3 5742 5741 5737
3 5543 5742 5737
3 5545 5742 5543
3 5737 5741 5738
3 5740 5546 5544
3 5743 5546 5740
3 5745 5744 5547
3 5745 5547 5548
3 5545 5547 5742
3 5742 5547 5744
3 5743 5549 5546
3 5746 5549 5743
3 5748 5747 5550
3 5748 5550 5551
3 5548 5550 5745
3 5745 5550 5747
3 5746 5552 5549
3 5749 5552 5746
3 5751 5750 5554
3 5751 5554 5555
3 5551 5554 5748
3 5748 5554 5750
3 5749 5556 5552
3 5752 5556 5749
3 5754 5753 5557
3 5754 5557 5558
3 5555 5557 5751
3 5751 5557 5753
3 5752 5559 5556
3 5755 5559 5752
3 5758 5757 5756
3 5757 5754 5756
3 5754 5561 5756
3 5754 5558 5561
3 5755 5562 5559
3 5759 5562 5755
3 5758 5756 5565
3 5564 5758 5565
3 5760 5758 5564
3 5565 5756 5561
3 5759 5761 5562
3 5562 5761 5566
3 5566 5762 5567
3 5761 5762 5566
3 5568 5567 5762
3 5568 5762 5763
3 5570 5764 5569
3 5569 5764 5765
3 5766 5569 5765
3 5571 5569 5766
3 5564 5571 5760
3 5760 5571 5766
3 5763 5767 5568
3 5568 5767 5572
3 5572 5768 5573
3 5767 5768 5572
3 5573 5769 5574
3 5768 5769 5573
3 5575 5574 5769
3 5575 5769 5770
3 5577 5771 5576
3 5771 5772 5576
3 5576 5772 5570
3 5772 5773 5570
3 5773 5764 5570
3 5764 5773 5765
3 5770 5774 5575
3 5575 5774 5578
3 5578 5775 5579
3 5774 5775 5578
3 5581 5579 5775
3 5581 5775 5776
3 5584 5777 5583
3 5777 5778 5583
3 5583 5778 5577
3 5778 5779 5577
3 5779 5771 5577
3 5771 5779 5772
3 5776 5780 5581
3 5581 5780 5585
3 5585 5781 5586
3 5780 5781 5585
3 5588 5586 5781
3 5588 5781 5782
3 5785 5784 5783
3 5784 5786 5777
3 5589 5784 5777
3 5584 5589 5777
3 5783 5784 5589
3 5777 5786 5778
3 5782 5787 5588
3 5588 5787 5590
3 5590 5788 5591
3 5787 5788 5590
3 5591 5789 5592
3 5788 5789 5591
3 5593 5592 5789
3 5593 5789 5790
3 5793 5792 5791
3 5791 5792 5785
3 5791 5785 5783
3 5595 5791 5783
3 5594 5595 5783
3 5594 5783 5589
3 5790 5794 5593
3 5593 5794 5596
3 5596 5795 5597
3 5794 5795 5596
3 5597 5796 5598
3 5795 5796 5597
3 5598 5797 5599
3 5796 5797 5598
3 5599 5798 5600
3 5797 5798 5599
3 5600 5799 5601
3 5798 5799 5600
3 5601 5800 5602
3 5799 5800 5601
3 5603 5602 5800
3 5603 5800 5801
3 5606 5802 5605
3 5802 5607 5605
3 5805 5804 5803
3 5608 5609 5803
3 5804 5608 5803
3 5806 5608 5804
3 5791 5610 5793
3 5610 5806 5793
3 5610 5608 5806
3 5610 5791 5595
3 5801 5807 5603
3 5603 5807 5611
3 5606 5611 5802
3 5611 5808 5802
3 5611 5807 5808
3 5802 5808 5607
3 5808 5612 5607
3 5808 5809 5612
3 5612 5810 5613
3 5809 5810 5612
3 5613 5811 5614
3 5810 5811 5613
3 5614 5812 5615
3 5811 5812 5614
3 5615 5813 5616
3 5812 5813 5615
3 5616 5814 5617
3 5813 5814 5616
3 5617 5815 5618
3 5814 5815 5617
3 5618 5816 5619
3 5815 5816 5618
3 5619 5817 5620
3 5816 5817 5619
3 5620 5818 5621
3 5817 5818 5620
3 5621 5819 5622
3 5818 5819 5621
3 5803 5623 5805
3 5623 5819 5805
3 5623 5622 5819
3 5623 5803 5609
3 5822 5821 5820
3 5625 5626 5820
3 5626 5822 5820
3 5626 5823 5822
3 5825 5823 5824
3 5823 5627 5824
3 5823 5626 5627
3 5824 5627 5826
3 5627 5827 5826
3 5627 5629 5827
3 5828 5629 5630
3 5828 5827 5629
3 5829 5630 5631
3 5829 5828 5630
3 5830 5631 5632
3 5830 5829 5631
3 5831 5632 5633
3 5831 5830 5632
3 5832 5633 5634
3 5832 5831 5633
3 5833 5634 5635
3 5833 5832 5634
3 5834 5635 5636
3 5834 5833 5635
3 5835 5636 5637
3 5835 5834 5636
3 5836 5637 5638
3 5836 5835 5637
3 5837 5638 5639
3 5837 5836 5638
3 5838 5639 5640
3 5838 5837 5639
3 5839 5640 5641
3 5839 5838 5640
3 5841 5840 5642
3 5840 5641 5642
3 5840 5839 5641
3 5841 5842 5840
3 5844 5843 5645
3 5645 5843 5644
3 5845 5645 5646
3 5845 5844 5645
3 5846 5646 5647
3 5846 5845 5646
3 5847 5647 5648
3 5847 5846 5647
3 5649 5820 5821
3 5847 5649 5821
3 5648 5649 5847
3 5820 5649 5625
3 5848 5825 5824
3 5848 5824 5826
3 5650 5841 5642
3 5849 5842 5841
3 5650 5849 5841
3 5651 5849 5650
3 5850 5651 5652
3 5850 5849 5651
3 5652 5653 5850
3 5850 5653 5851
3 5853 5852 5655
3 5655 5852 5654
3 5854 5655 5656
3 5854 5853 5655
3 5656 5644 5843
3 5656 5843 5854
3 5855 5851 5653
3 5855 5653 5657
3 5657 5658 5855
3 5855 5658 5856
3 5859 5858 5857
3 5660 5661 5857
3 5661 5859 5857
3 5661 5860 5859
3 5661 5654 5852
3 5661 5852 5860
3 5861 5856 5658
3 5861 5658 5662
3 5662 5663 5861
3 5861 5663 5862
3 5864 5863 5666
3 5666 5863 5665
3 5865 5666 5667
3 5865 5864 5666
3 5668 5857 5858
3 5865 5668 5858
3 5667 5668 5865
3 5857 5668 5660
3 5866 5862 5663
3 5866 5663 5669
3 5669 5670 5866
3 5866 5670 5867
3 5870 5869 5868
3 5671 5672 5868
3 5672 5870 5868
3 5672 5871 5870
3 5872 5672 5673
3 5872 5871 5672
3 5673 5665 5863
3 5673 5863 5872
3 5873 5867 5670
3 5873 5670 5674
3 5674 5675 5873
3 5873 5675 5874
3 5875 5677 5678
3 5875 5678 5876
3 5678 5877 5876
3 5678 5679 5877
3 5680 5868 5869
3 5877 5680 5869
3 5679 5680 5877
3 5868 5680 5671
3 5878 5874 5675
3 5878 5675 5681
3 5681 5682 5878
3 5878 5682 5879
3 5881 5880 5684
3 5684 5880 5683
3 5684 5677 5875
3 5882 5684 5875
3 5881 5684 5882
3 5882 5875 5876
3 5883 5879 5682
3 5883 5682 5685
3 5885 5883 5884
3 5883 5686 5884
3 5883 5685 5686
3 5688 5884 5686
3 5880 5689 5683
3 5886 5689 5880
3 5887 5885 5884
3 5884 5688 5887
3 5688 5888 5887
3 5688 5690 5888
3 5886 5691 5689
3 5889 5691 5886
3 5890 5888 5690
3 5890 5690 5692
3 5892 5891 5694
3 5891 5692 5694
3 5891 5890 5692
3 5892 5893 5891
3 5889 5695 5691
3 5894 5695 5889
3 5696 5892 5694
3 5896 5895 5698
3 5698 5895 5696
3 5895 5893 5696
3 5893 5892 5696
3 5896 5897 5895
3 5894 5699 5695
3 5898 5699 5894
3 5700 5896 5698
3 5900 5899 5702
3 5702 5899 5700
3 5899 5897 5700
3 5897 5896 5700
3 5900 5901 5899
3 5898 5703 5699
3 5902 5703 5898
3 5704 5900 5702
3 5903 5901 5900
3 5704 5903 5900
3 5705 5903 5704
3 5705 5706 5903
3 5903 5706 5904
3 5902 5707 5703
3 5905 5707 5902
3 5906 5904 5706
3 5906 5706 5708
3 5708 5709 5906
3 5906 5709 5907
3 5905 5710 5707
3 5908 5710 5905
3 5711 5907 5709
3 5711 5909 5907
3 5908 5712 5710
3 5910 5712 5908
3 5713 5909 5711
3 5713 5911 5909
3 5910 5714 5712
3 5912 5714 5910
3 5715 5911 5713
3 5715 5913 5911
3 5912 5716 5714
3 5914 5716 5912
3 5717 5913 5715
3 5717 5915 5913
3 5914 5718 5716
3 5916 5718 5914
3 5719 5915 5717
3 5719 5917 5915
3 5916 5720 5718
3 5918 5720 5916
3 5721 5917 5719
3 5721 5919 5917
3 5918 5722 5720
3 5920 5722 5918
3 5723 5919 5721
3 5723 5921 5919
3 5920 5724 5722
3 5922 5724 5920
3 5725 5921 5723
3 5725 5923 5921
3 5922 5726 5724
3 5924 5726 5922
3 5727 5923 5725
3 5727 5925 5923
3 5924 5728 5726
3 5926 5728 5924
3 5729 5925 5727
3 5729 5927 5925
3 5926 5730 5728
3 5928 5730 5926
3 5931 5930 5929
3 5930 5927 5929
3 5927 5731 5929
3 5927 5729 5731
3 5928 5732 5730
3 5932 5732 5928
3 5931 5929 5735
3 5734 5931 5735
3 5933 5931 5734
3 5735 5929 5731
3 5932 5736 5732
3 5934 5736 5932
3 5936 5935 5739
3 5936 5739 5738
3 5734 5739 5933
3 5933 5739 5935
3 5934 5740 5736
3 5937 5740 5934
3 5939 5938 5741
3 5939 5741 5742
3 5738 5741 5936
3 5936 5741 5938
3 5937 5743 5740
3 5940 5743 5937
3 5942 5941 5744
3 5942 5744 5745
3 5742 5744 5939
3 5939 5744 5941
3 5940 5746 5743
3 5943 5746 5940
3 5748 5944 5747
3 5944 5945 5747
3 5945 5745 5747
3 5945 5942 5745
3 5943 5749 5746
3 5946 5749 5943
3 5948 5947 5750
3 5948 5750 5751
3 5748 5750 5944
3 5750 5949 5944
3 5750 5947 5949
3 5944 5949 5945
3 5946 5752 5749
3 5950 5752 5946
3 5952 5951 5753
3 5952 5753 5754
3 5751 5753 5948
3 5948 5753 5951
3 5950 5755 5752
3 5953 5755 5950
3 5955 5954 5757
3 5955 5757 5758
3 5754 5757 5952
3 5952 5757 5954
3 5953 5759 5755
3 5956 5759 5953
3 5959 5958 5957
3 5958 5955 5957
3 5955 5760 5957
3 5955 5758 5760
3 5956 5960 5759
3 5759 5960 5761
3 5761 5961 5762
3 5960 5961 5761
3 5963 5962 5763
3 5762 5963 5763
3 5961 5963 5762
3 5964 5962 5963
3 5959 5957 5766
3 5765 5959 5766
3 5965 5959 5765
3 5766 5957 5760
3 5962 5767 5763
3 5964 5966 5962
3 5966 5767 5962
3 5966 5768 5767
3 5768 5967 5769
3 5966 5967 5768
3 5770 5769 5967
3 5770 5967 5968
3 5970 5969 5773
3 5970 5773 5772
3 5765 5773 5965
3 5965 5773 5969
3 5968 5971 5770
3 5770 5971 5774
3 5774 5972 5775
3 5971 5972 5774
3 5776 5775 5972
3 5776 5972 5973
3 5975 5974 5779
3 5975 5779 5778
3 5772 5779 5970
3 5970 5779 5974
3 5973 5976 5776
3 5776 5976 5780
3 5780 5977 5781
3 5976 5977 5780
3 5979 5978 5782
3 5781 5979 5782
3 5977 5979 5781
3 5980 5978 5979
3 5785 5981 5784
3 5784 5981 5982
3 5983 5784 5982
3 5786 5784 5983
3 5778 5786 5975
3 5975 5786 5983
3 5978 5787 5782
3 5980 5984 5978
3 5984 5787 5978
3 5984 5788 5787
3 5788 5985 5789
3 5984 5985 5788
3 5790 5789 5985
3 5790 5985 5986
3 5793 5987 5792
3 5987 5988 5792
3 5792 5988 5785
3 5988 5989 5785
3 5989 5981 5785
3 5981 5989 5982
3 5986 5990 5790
3 5790 5990 5794
3 5794 5991 5795
3 5990 5991 5794
3 5795 5992 5796
3 5991 5992 5795
3 5796 5993 5797
3 5992 5993 5796
3 5797 5994 5798
3 5993 5994 5797
3 5994 5996 5995
3 5799 5994 5995
3 5798 5994 5799
3 5799 5995 5997
3 5998 5799 5997
3 5800 5799 5998
3 6000 5999 5801
3 5800 6000 5801
3 5998 6000 5800
3 6001 5999 6000
3 5805 6002 5804
3 5804 6002 6003
3 6004 5804 6003
3 5806 5804 6004
3 5793 5806 5987
3 5806 6005 5987
3 5806 6004 6005
3 5987 6005 5988
3 5996 6006 5995
3 5995 6006 5997
3 5999 5807 5801
3 6001 6007 5999
3 6007 5807 5999
3 6007 5808 5807
3 5808 6008 5809
3 6007 6008 5808
3 5809 6009 5810
3 6008 6009 5809
3 5810 6010 5811
3 6009 6010 5810
3 5811 6011 5812
3 6010 6011 5811
3 5812 6012 5813
3 6011 6012 5812
3 5813 6013 5814
3 6012 6013 5813
3 5814 6014 5815
3 6013 6014 5814
3 5815 6015 5816
3 6014 6015 5815
3 5816 6016 5817
3 6015 6016 5816
3 5817 6017 5818
3 6016 6017 5817
3 5818 6018 5819
3 6017 6018 5818
3 5805 5819 6002
3 5819 6019 6002
3 5819 6018 6019
3 6002 6019 6003
3 6020 5821 5822
3 5823 6021 5822
3 5822 6021 6020
3 6023 6021 6022
3 6021 5823 6022
3 5825 6024 6022
3 5825 6022 5823
3 5826 5827 6024
3 5827 6022 6024
3 5827 6025 6022
3 6026 5827 5828
3 6026 6025 5827
3 6027 5828 5829
3 6027 6026 5828
3 6028 5829 5830
3 6028 6027 5829
3 6029 5830 5831
3 6029 6028 5830
3 6030 5831 5832
3 6030 6029 5831
3 6031 5832 5833
3 6031 6030 5832
3 6032 5833 5834
3 6032 6031 5833
3 6033 5834 5835
3 6033 6032 5834
3 6034 5835 5836
3 6034 6033 5835
3 6035 5836 5837
3 6035 6034 5836
3 6036 5837 5838
3 6036 6035 5837
3 6037 5838 5839
3 6037 6036 5838
3 6038 5839 5840
3 6038 6037 5839
3 5840 5842 6038
3 6038 5842 6039
3 6040 5843 5844
3 6040 5844 6041
3 5844 6042 6041
3 5844 5845 6042
3 6043 5845 5846
3 6043 6042 5845
3 6044 5846 5847
3 6044 6043 5846
3 5847 5821 6020
3 6045 5847 6020
3 6044 5847 6045
3 6045 6020 6021
3 6045 6021 6046
3 5825 5848 6024
3 6021 6023 6046
3 6024 5848 5826
3 6047 6039 5842
3 6047 5842 5849
3 6048 5849 5850
3 6048 6047 5849
3 5850 5851 6048
3 6048 5851 6049
3 6051 6050 5853
3 5853 6050 5852
3 6052 5853 5854
3 6052 6051 5853
3 5854 5843 6040
3 6053 5854 6040
3 6052 5854 6053
3 6053 6040 6041
3 6054 6049 5851
3 6054 5851 5855
3 5855 5856 6054
3 6054 5856 6055
3 6057 6056 5859
3 5859 6056 5858
3 6058 5859 5860
3 6058 6057 5859
3 5860 5852 6050
3 5860 6050 6058
3 6059 6055 5856
3 6059 5856 5861
3 5861 5862 6059
3 6059 5862 6060
3 6062 6061 5864
3 5864 6061 5863
3 6063 5864 5865
3 6063 6062 5864
3 5865 5858 6056
3 5865 6056 6063
3 6064 6060 5862
3 6064 5862 5866
3 5866 5867 6064
3 6064 5867 6065
3 6066 5869 5870
3 6066 5870 6067
3 5870 6068 6067
3 5870 5871 6068
3 6069 5871 5872
3 6069 6068 5871
3 5872 5863 6061
3 5872 6061 6069
3 6070 6065 5867
3 6070 5867 5873
3 5873 5874 6070
3 6070 5874 6071
3 6073 6072 5877
3 5877 6072 5876
3 5877 5869 6066
3 6074 5877 6066
3 6073 5877 6074
3 6074 6066 6067
3 6075 6071 5874
3 6075 5874 5878
3 5878 5879 6075
3 6075 5879 6076
3 6078 6077 5881
3 5881 6077 5880
3 6079 5881 5882
3 6079 6078 5881
3 5882 5876 6072
3 5882 6072 6079
3 6080 6076 5879
3 6080 5879 5883
3 5883 5885 6080
3 6080 5885 6081
3 6077 5886 5880
3 6082 5886 6077
3 6083 6081 5885
3 6083 5885 5887
3 5887 5888 6083
3 6083 5888 6084
3 6082 5889 5886
3 6085 5889 6082
3 6086 6084 5888
3 6086 5888 5890
3 6088 6086 6087
3 6086 5891 6087
3 6086 5890 5891
3 5893 6087 5891
3 6085 5894 5889
3 6089 5894 6085
3 6090 6088 6087
3 6090 6087 5893
3 5895 6090 5893
3 6091 6090 5895
3 5895 5897 6091
3 6091 5897 6092
3 6089 5898 5894
3 6093 5898 6089
3 6094 6092 5897
3 6094 5897 5899
3 5899 5901 6094
3 6094 5901 6095
3 6093 5902 5898
3 6096 5902 6093
3 6097 6095 5901
3 6097 5901 5903
3 5903 5904 6097
3 6097 5904 6098
3 6096 5905 5902
3 6099 5905 6096
3 6100 6098 5904
3 6100 5904 5906
3 5906 5907 6100
3 6100 5907 6101
3 6099 5908 5905
3 6102 5908 6099
3 5909 6101 5907
3 5909 6103 6101
3 6102 5910 5908
3 6104 5910 6102
3 5911 6103 5909
3 5911 6105 6103
3 6104 5912 5910
3 6106 5912 6104
3 5913 6105 5911
3 5913 6107 6105
3 6106 5914 5912
3 6108 5914 6106
3 5915 6107 5913
3 5915 6109 6107
3 6108 5916 5914
3 6110 5916 6108
3 5917 6109 5915
3 5917 6111 6109
3 6110 5918 5916
3 6112 5918 6110
3 5919 6111 5917
3 5919 6113 6111
3 6112 5920 5918
3 6114 5920 6112
3 5921 6113 5919
3 5921 6115 6113
3 6114 5922 5920
3 6116 5922 6114
3 5923 6115 5921
3 5923 6117 6115
3 6116 5924 5922
3 6118 5924 6116
3 5925 6117 5923
3 5925 6119 6117
3 6118 5926 5924
3 6120 5926 6118
3 5927 6119 5925
3 5927 6121 6119
3 6120 5928 5926
3 6122 5928 6120
3 6124 6123 5930
3 6124 5930 5931
3 5927 5930 6121
3 6121 5930 6123
3 6122 5932 5928
3 6125 5932 6122
3 6128 6127 6126
3 6127 6124 6126
3 6124 5933 6126
3 6124 5931 5933
3 6125 5934 5932
3 6129 5934 6125
3 6128 6126 5935
3 5936 6128 5935
3 6130 6128 5936
3 5935 6126 5933
3 6129 5937 5934
3 6131 5937 6129
3 6133 6132 5938
3 6133 5938 5939
3 5936 5938 6130
3 6130 5938 6132
3 6131 5940 5937
3 6134 5940 6131
3 6136 6135 5941
3 6136 5941 5942
3 5939 5941 6133
3 6133 5941 6135
3 6134 5943 5940
3 6137 5943 6134
3 6140 6139 6138
3 6139 6136 6138
3 6136 5945 6138
3 6136 5942 5945
3 6137 5946 5943
3 6141 5946 6137
3 5948 6142 5947
3 6143 6140 6138
3 5947 6143 6138
3 5949 5947 6138
3 6143 5947 6142
3 5949 6138 5945
3 6141 5950 5946
3 6144 5950 6141
3 5952 6145 5951
3 6145 6146 5951
3 5951 6146 5948
3 6146 6147 5948
3 6147 6142 5948
3 6142 6147 6143
3 6144 5953 5950
3 6148 5953 6144
3 5955 6149 5954
3 6149 6150 5954
3 5954 6150 5952
3 6150 6151 5952
3 6151 6145 5952
3 6145 6151 6146
3 6148 5956 5953
3 6152 5956 6148
3 6154 6153 5958
3 6154 5958 5959
3 5955 5958 6149
3 5958 6155 6149
3 5958 6153 6155
3 6149 6155 6150
3 6152 6156 5956
3 5956 6156 5960
3 5960 6157 5961
3 6156 6157 5960
3 5961 6158 5963
3 6157 6158 5961
3 5964 5963 6158
3 5964 6158 6159
3 6162 6161 6160
3 6161 6154 6160
3 6154 5965 6160
3 6154 5959 5965
3 6159 6163 5964
3 5964 6163 5966
3 5966 6164 5967
3 6163 6164 5966
3 5968 5967 6164
3 5968 6164 6165
3 6168 6167 6166
3 6166 6167 6162
3 6166 6162 6160
3 5970 6166 6160
3 5969 5970 6160
3 5969 6160 5965
3 6165 6169 5968
3 5968 6169 5971
3 5971 6170 5972
3 6169 6170 5971
3 5973 5972 6170
3 5973 6170 6171
3 6168 6166 5974
3 5975 6168 5974
3 6172 6168 5975
3 5974 6166 5970
3 6171 6173 5973
3 5973 6173 5976
3 5976 6174 5977
3 6173 6174 5976
3 5977 6175 5979
3 6174 6175 5977
3 5980 5979 6175
3 5980 6175 6176
3 6178 6177 5983
3 6178 5983 5982
3 5975 5983 6172
3 6172 5983 6177
3 6176 6179 5980
3 5980 6179 5984
3 5984 6180 5985
3 6179 6180 5984
3 5986 5985 6180
3 5986 6180 6181
3 6183 6182 5989
3 6183 5989 5988
3 5982 5989 6178
3 6178 5989 6182
3 6181 6184 5986
3 5986 6184 5990
3 5990 6185 5991
3 6184 6185 5990
3 5991 6186 5992
3 6185 6186 5991
3 5992 6187 5993
3 6186 6187 5992
3 5993 6188 5994
3 6187 6188 5993
3 6190 6189 5996
3 5994 6190 5996
3 6188 6190 5994
3 6191 5998 5997
3 6192 6189 6190
3 6193 6000 5998
3 6193 5998 6191
3 6193 6001 6000
3 6196 6195 6194
3 6004 6003 6194
3 6195 6004 6194
3 6197 6004 6195
3 6004 6198 6005
3 6197 6198 6004
3 5988 6005 6183
3 6183 6005 6198
3 6189 6006 5996
3 6189 6192 6006
3 6192 6199 6006
3 6191 5997 6006
3 6191 6006 6199
3 6191 6199 6193
3 6193 6199 6200
3 6193 6200 6001
3 6200 6007 6001
3 6200 6201 6007
3 6007 6202 6008
3 6201 6202 6007
3 6008 6203 6009
3 6202 6203 6008
3 6009 6204 6010
3 6203 6204 6009
3 6010 6205 6011
3 6204 6205 6010
3 6011 6206 6012
3 6205 6206 6011
3 6012 6207 6013
3 6206 6207 6012
3 6013 6208 6014
3 6207 6208 6013
3 6014 6209 6015
3 6208 6209 6014
3 6015 6210 6016
3 6209 6210 6015
3 6016 6211 6017
3 6210 6211 6016
3 6017 6212 6018
3 6211 6212 6017
3 6194 6019 6196
3 6019 6212 6196
3 6019 6018 6212
3 6019 6194 6003
3 6215 6214 6213
3 6217 6216 6213
3 6213 6216 6215
3 6217 6023 6216
3 6023 6022 6216
3 6219 6218 6216
3 6219 6216 6022
3 6025 6220 6022
3 6022 6220 6219
3 6220 6025 6221
3 6025 6222 6221
3 6025 6026 6222
3 6223 6026 6027
3 6223 6222 6026
3 6224 6027 6028
3 6224 6223 6027
3 6225 6028 6029
3 6225 6224 6028
3 6226 6029 6030
3 6226 6225 6029
3 6227 6030 6031
3 6227 6226 6030
3 6228 6031 6032
3 6228 6227 6031
3 6229 6032 6033
3 6229 6228 6032
3 6230 6033 6034
3 6230 6229 6033
3 6231 6034 6035
3 6231 6230 6034
3 6232 6035 6036
3 6232 6231 6035
3 6233 6036 6037
3 6233 6232 6036
3 6235 6233 6234
3 6233 6038 6234
3 6233 6037 6038
3 6039 6234 6038
3 6238 6237 6236
3 6041 6042 6236
3 6042 6238 6236
3 6042 6239 6238
3 6240 6042 6043
3 6240 6239 6042
3 6241 6043 6044
3 6241 6240 6043
3 6045 6213 6214
3 6241 6045 6214
3 6044 6045 6241
3 6213 6045 6046
3 6213 6046 6217
3 6219 6242 6218
3 6023 6217 6046
3 6242 6219 6220
3 6242 6220 6243
3 6243 6220 6221
3 6244 6235 6234
3 6244 6234 6039
3 6047 6244 6039
3 6245 6244 6047
3 6246 6047 6048
3 6246 6245 6047
3 6048 6049 6246
3 6246 6049 6247
3 6249 6248 6051
3 6051 6248 6050
3 6250 6051 6052
3 6250 6249 6051
3 6053 6236 6237
3 6250 6053 6237
3 6052 6053 6250
3 6236 6053 6041
3 6251 6247 6049
3 6251 6049 6054
3 6054 6055 6251
3 6251 6055 6252
3 6254 6253 6057
3 6057 6253 6056
3 6255 6057 6058
3 6255 6254 6057
3 6058 6050 6248
3 6058 6248 6255
3 6256 6252 6055
3 6256 6055 6059
3 6059 6060 6256
3 6256 6060 6257
3 6259 6258 6062
3 6062 6258 6061
3 6260 6062 6063
3 6260 6259 6062
3 6063 6056 6253
3 6063 6253 6260
3 6261 6257 6060
3 6261 6060 6064
3 6064 6065 6261
3 6261 6065 6262
3 6264 6263 6068
3 6068 6263 6067
3 6265 6068 6069
3 6265 6264 6068
3 6069 6061 6258
3 6069 6258 6265
3 6266 6262 6065
3 6266 6065 6070
3 6070 6071 6266
3 6266 6071 6267
3 6270 6269 6268
3 6072 6073 6268
3 6073 6270 6268
3 6073 6271 6270
3 6272 6073 6074
3 6272 6271 6073
3 6074 6067 6263
3 6074 6263 6272
3 6273 6267 6071
3 6273 6071 6075
3 6275 6274 6076
3 6274 6075 6076
3 6274 6273 6075
3 6275 6276 6274
3 6278 6277 6078
3 6078 6277 6077
3 6079 6268 6269
3 6278 6079 6269
3 6078 6079 6278
3 6268 6079 6072
3 6080 6275 6076
3 6280 6279 6081
3 6081 6279 6080
3 6279 6276 6080
3 6276 6275 6080
3 6280 6281 6279
3 6277 6082 6077
3 6282 6082 6277
3 6083 6280 6081
3 6083 6084 6280
3 6084 6281 6280
3 6084 6283 6281
3 6282 6085 6082
3 6284 6085 6282
3 6285 6283 6084
3 6285 6084 6086
3 6086 6088 6285
3 6285 6088 6286
3 6284 6089 6085
3 6287 6089 6284
3 6288 6286 6088
3 6288 6088 6090
3 6290 6288 6289
3 6288 6091 6289
3 6288 6090 6091
3 6092 6289 6091
3 6287 6093 6089
3 6291 6093 6287
3 6292 6290 6289
3 6294 6292 6293
3 6293 6292 6094
3 6292 6289 6094
3 6289 6092 6094
3 6095 6293 6094
3 6291 6096 6093
3 6295 6096 6291
3 6296 6294 6293
3 6298 6296 6297
3 6297 6296 6097
3 6296 6293 6097
3 6293 6095 6097
3 6098 6297 6097
3 6295 6099 6096
3 6299 6099 6295
3 6300 6298 6297
3 6302 6300 6301
3 6301 6300 6100
3 6300 6297 6100
3 6297 6098 6100
3 6101 6301 6100
3 6299 6102 6099
3 6303 6102 6299
3 6302 6301 6304
3 6302 6304 6305
3 6103 6304 6101
3 6101 6304 6301
3 6303 6104 6102
3 6306 6104 6303
3 6305 6304 6307
3 6305 6307 6308
3 6105 6307 6103
3 6103 6307 6304
3 6306 6106 6104
3 6309 6106 6306
3 6308 6307 6310
3 6308 6310 6311
3 6107 6310 6105
3 6105 6310 6307
3 6309 6108 6106
3 6312 6108 6309
3 6311 6310 6313
3 6311 6313 6314
3 6109 6313 6107
3 6107 6313 6310
3 6312 6110 6108
3 6315 6110 6312
3 6314 6313 6316
3 6314 6316 6317
3 6111 6316 6109
3 6109 6316 6313
3 6315 6112 6110
3 6318 6112 6315
3 6317 6316 6319
3 6317 6319 6320
3 6113 6319 6111
3 6111 6319 6316
3 6318 6114 6112
3 6321 6114 6318
3 6320 6319 6322
3 6320 6322 6323
3 6115 6322 6113
3 6113 6322 6319
3 6321 6116 6114
3 6324 6116 6321
3 6323 6322 6325
3 6323 6325 6326
3 6117 6325 6115
3 6115 6325 6322
3 6324 6118 6116
3 6327 6118 6324
3 6326 6325 6328
3 6326 6328 6329
3 6119 6328 6117
3 6117 6328 6325
3 6327 6120 6118
3 6330 6120 6327
3 6329 6328 6331
3 6329 6331 6332
3 6121 6331 6119
3 6119 6331 6328
3 6330 6122 6120
3 6333 6122 6330
3 6332 6331 6123
3 6124 6332 6123
3 6334 6332 6124
3 6123 6331 6121
3 6333 6125 6122
3 6335 6125 6333
3 6128 6336 6127
3 6336 6337 6127
3 6337 6124 6127
3 6337 6334 6124
3 6335 6129 6125
3 6338 6129 6335
3 6341 6340 6339
3 6340 6342 6336
3 6130 6340 6336
3 6128 6130 6336
3 6339 6340 6130
3 6336 6342 6337
3 6338 6131 6129
3 6343 6131 6338
3 6346 6345 6344
3 6344 6345 6341
3 6344 6341 6339
3 6133 6344 6339
3 6132 6133 6339
3 6132 6339 6130
3 6343 6134 6131
3 6347 6134 6343
3 6346 6344 6135
3 6136 6346 6135
3 6348 6346 6136
3 6135 6344 6133
3 6347 6137 6134
3 6349 6137 6347
3 6351 6350 6139
3 6351 6139 6140
3 6136 6139 6348
3 6348 6139 6350
3 6349 6141 6137
3 6352 6141 6349
3 6355 6354 6353
3 6354 6351 6353
3 6351 6143 6353
3 6351 6140 6143
3 6352 6144 6141
3 6356 6144 6352
3 6359 6358 6357
3 6357 6358 6355
3 6357 6355 6353
3 6146 6357 6353
3 6147 6146 6353
3 6147 6353 6143
3 6356 6148 6144
3 6360 6148 6356
3 6359 6357 6151
3 6150 6359 6151
3 6361 6359 6150
3 6151 6357 6146
3 6360 6152 6148
3 6362 6152 6360
3 6154 6363 6153
3 6153 6363 6364
3 6365 6153 6364
3 6155 6153 6365
3 6150 6155 6361
3 6361 6155 6365
3 6362 6366 6152
3 6152 6366 6156
3 6156 6367 6157
3 6366 6367 6156
3 6157 6368 6158
3 6367 6368 6157
3 6159 6158 6368
3 6159 6368 6369
3 6162 6370 6161
3 6370 6371 6161
3 6161 6371 6154
3 6371 6372 6154
3 6372 6363 6154
3 6363 6372 6364
3 6369 6373 6159
3 6159 6373 6163
3 6163 6374 6164
3 6373 6374 6163
3 6165 6164 6374
3 6165 6374 6375
3 6168 6376 6167
3 6376 6377 6167
3 6167 6377 6162
3 6377 6378 6162
3 6378 6370 6162
3 6370 6378 6371
3 6375 6379 6165
3 6165 6379 6169
3 6169 6380 6170
3 6379 6380 6169
3 6171 6170 6380
3 6171 6380 6381
3 6384 6383 6382
3 6383 6385 6376
3 6172 6383 6376
3 6168 6172 6376
3 6382 6383 6172
3 6376 6385 6377
3 6381 6386 6171
3 6171 6386 6173
3 6173 6387 6174
3 6386 6387 6173
3 6174 6388 6175
3 6387 6388 6174
3 6176 6175 6388
3 6176 6388 6389
3 6384 6382 6177
3 6178 6384 6177
3 6390 6384 6178
3 6177 6382 6172
3 6389 6391 6176
3 6176 6391 6179
3 6179 6392 6180
3 6391 6392 6179
3 6181 6180 6392
3 6181 6392 6393
3 6395 6394 6182
3 6395 6182 6183
3 6178 6182 6390
3 6390 6182 6394
3 6393 6396 6181
3 6181 6396 6184
3 6184 6397 6185
3 6396 6397 6184
3 6185 6398 6186
3 6397 6398 6185
3 6186 6399 6187
3 6398 6399 6186
3 6187 6400 6188
3 6399 6400 6187
3 6400 6402 6401
3 6190 6400 6401
3 6188 6400 6190
3 6192 6190 6401
3 6405 6404 6403
3 6407 6406 6405
3 6407 6405 6403
3 6408 6406 6407
3 6410 6409 6195
3 6410 6195 6196
3 6195 6411 6197
3 6409 6411 6195
3 6197 6412 6198
3 6411 6412 6197
3 6183 6198 6395
3 6395 6198 6412
3 6402 6413 6401
3 6404 6405 6413
3 6405 6199 6413
3 6192 6401 6413
3 6192 6413 6199
3 6199 6405 6200
3 6200 6405 6406
3 6408 6414 6406
3 6414 6200 6406
3 6414 6201 6200
3 6201 6415 6202
3 6414 6415 6201
3 6202 6416 6203
3 6415 6416 6202
3 6203 6417 6204
3 6416 6417 6203
3 6204 6418 6205
3 6417 6418 6204
3 6205 6419 6206
3 6418 6419 6205
3 6206 6420 6207
3 6419 6420 6206
3 6207 6421 6208
3 6420 6421 6207
3 6208 6422 6209
3 6421 6422 6208
3 6209 6423 6210
3 6422 6423 6209
3 6210 6424 6211
3 6423 6424 6210
3 6211 6425 6212
3 6424 6425 6211
3 6196 6212 6410
3 6410 6212 6425
3 6426 6214 6215
3 6216 6427 6215
3 6215 6427 6426
3 6429 6427 6428
3 6427 6216 6428
3 6218 6430 6428
3 6218 6428 6216
3 6432 6431 6430
3 6430 6431 6428
3 6221 6222 6432
3 6222 6431 6432
3 6222 6433 6431
3 6434 6222 6223
3 6434 6433 6222
3 6435 6223 6224
3 6435 6434 6223
3 6436 6224 6225
3 6436 6435 6224
3 6437 6225 6226
3 6437 6436 6225
3 6438 6226 6227
3 6438 6437 6226
3 6439 6227 6228
3 6439 6438 6227
3 6440 6228 6229
3 6440 6439 6228
3 6441 6229 6230
3 6441 6440 6229
3 6442 6230 6231
3 6442 6441 6230
3 6443 6231 6232
3 6443 6442 6231
3 6444 6232 6233
3 6444 6443 6232
3 6446 6445 6235
3 6445 6233 6235
3 6445 6444 6233
3 6446 6447 6445
3 6449 6448 6238
3 6238 6448 6237
3 6450 6238 6239
3 6450 6449 6238
3 6451 6239 6240
3 6451 6450 6239
3 6452 6240 6241
3 6452 6451 6240
3 6241 6214 6426
3 6453 6241 6426
3 6452 6241 6453
3 6453 6426 6427
3 6453 6427 6454
3 6218 6242 6430
3 6427 6429 6454
3 6430 6242 6243
3 6430 6243 6432
3 6432 6243 6221
3 6244 6446 6235
3 6455 6447 6446
3 6244 6455 6446
3 6245 6455 6244
3 6456 6245 6246
3 6456 6455 6245
3 6246 6247 6456
3 6456 6247 6457
3 6458 6248 6249
3 6458 6249 6459
3 6249 6460 6459
3 6249 6250 6460
3 6250 6237 6448
3 6250 6448 6460
3 6461 6457 6247
3 6461 6247 6251
3 6251 6252 6461
3 6461 6252 6462
3 6464 6463 6254
3 6254 6463 6253
3 6465 6254 6255
3 6465 6464 6254
3 6255 6248 6458
3 6466 6255 6458
3 6465 6255 6466
3 6466 6458 6459
3 6467 6462 6252
3 6467 6252 6256
3 6256 6257 6467
3 6467 6257 6468
3 6470 6469 6259
3 6259 6469 6258
3 6471 6259 6260
3 6471 6470 6259
3 6260 6253 6463
3 6260 6463 6471
3 6472 6468 6257
3 6472 6257 6261
3 6261 6262 6472
3 6472 6262 6473
3 6475 6474 6264
3 6264 6474 6263
3 6476 6264 6265
3 6476 6475 6264
3 6265 6258 6469
3 6265 6469 6476
3 6477 6473 6262
3 6477 6262 6266
3 6266 6267 6477
3 6477 6267 6478
3 6479 6269 6270
3 6479 6270 6480
3 6270 6481 6480
3 6270 6271 6481
3 6482 6271 6272
3 6482 6481 6271
3 6272 6263 6474
3 6272 6474 6482
3 6483 6478 6267
3 6483 6267 6273
3 6484 6273 6274
3 6484 6483 6273
3 6274 6276 6484
3 6484 6276 6485
3 6487 6486 6278
3 6278 6486 6277
3 6278 6269 6479
3 6488 6278 6479
3 6487 6278 6488
3 6488 6479 6480
3 6276 6279 6489
3 6490 6276 6489
3 6485 6276 6490
3 6281 6489 6279
3 6486 6282 6277
3 6491 6282 6486
3 6492 6490 6489
3 6489 6281 6492
3 6281 6493 6492
3 6281 6283 6493
3 6491 6284 6282
3 6494 6284 6491
3 6495 6493 6283
3 6495 6283 6285
3 6497 6496 6286
3 6496 6285 6286
3 6496 6495 6285
3 6497 6498 6496
3 6494 6287 6284
3 6499 6287 6494
3 6288 6497 6286
3 6501 6500 6290
3 6290 6500 6288
3 6500 6498 6288
3 6498 6497 6288
3 6501 6502 6500
3 6499 6291 6287
3 6503 6291 6499
3 6292 6501 6290
3 6505 6504 6294
3 6294 6504 6292
3 6504 6502 6292
3 6502 6501 6292
3 6505 6506 6504
3 6503 6295 6291
3 6507 6295 6503
3 6296 6505 6294
3 6296 6298 6505
3 6298 6506 6505
3 6298 6508 6506
3 6507 6299 6295
3 6509 6299 6507
3 6298 6300 6510
3 6511 6298 6510
3 6508 6298 6511
3 6302 6510 6300
3 6509 6303 6299
3 6512 6303 6509
3 6511 6510 6513
3 6511 6513 6514
3 6305 6513 6302
3 6302 6513 6510
3 6512 6306 6303
3 6515 6306 6512
3 6514 6513 6516
3 6514 6516 6517
3 6308 6516 6305
3 6305 6516 6513
3 6515 6309 6306
3 6518 6309 6515
3 6517 6516 6519
3 6517 6519 6520
3 6311 6519 6308
3 6308 6519 6516
3 6518 6312 6309
3 6521 6312 6518
3 6520 6519 6522
3 6520 6522 6523
3 6314 6522 6311
3 6311 6522 6519
3 6521 6315 6312
3 6524 6315 6521
3 6523 6522 6525
3 6523 6525 6526
3 6317 6525 6314
3 6314 6525 6522
3 6524 6318 6315
3 6527 6318 6524
3 6526 6525 6528
3 6526 6528 6529
3 6320 6528 6317
3 6317 6528 6525
3 6527 6321 6318
3 6530 6321 6527
3 6529 6528 6531
3 6529 6531 6532
3 6323 6531 6320
3 6320 6531 6528
3 6530 6324 6321
3 6533 6324 6530
3 6532 6531 6534
3 6532 6534 6535
3 6326 6534 6323
3 6323 6534 6531
3 6533 6327 6324
3 6536 6327 6533
3 6535 6534 6537
3 6535 6537 6538
3 6329 6537 6326
3 6326 6537 6534
3 6536 6330 6327
3 6539 6330 6536
3 6538 6537 6540
3 6538 6540 6541
3 6332 6540 6329
3 6329 6540 6537
3 6539 6333 6330
3 6542 6333 6539
3 6541 6540 6543
3 6541 6543 6544
3 6334 6543 6332
3 6332 6543 6540
3 6542 6335 6333
3 6545 6335 6542
3 6544 6543 6546
3 6544 6546 6547
3 6337 6546 6334
3 6334 6546 6543
3 6545 6338 6335
3 6548 6338 6545
3 6341 6549 6340
3 6550 6547 6546
3 6340 6550 6546
3 6342 6340 6546
3 6550 6340 6549
3 6342 6546 6337
3 6548 6343 6338
3 6551 6343 6548
3 6346 6552 6345
3 6552 6553 6345
3 6345 6553 6341
3 6553 6554 6341
3 6554 6549 6341
3 6549 6554 6550
3 6551 6347 6343
3 6555 6347 6551
3 6348 6556 6552
3 6348 6552 6346
3 6553 6552 6557
3 6557 6552 6556
3 6555 6349 6347
3 6558 6349 6555
3 6560 6559 6350
3 6560 6350 6351
3 6348 6350 6556
3 6350 6561 6556
3 6350 6559 6561
3 6556 6561 6557
3 6558 6352 6349
3 6562 6352 6558
3 6564 6563 6354
3 6564 6354 6355
3 6351 6354 6560
3 6560 6354 6563
3 6562 6356 6352
3 6565 6356 6562
3 6567 6566 6358
3 6567 6358 6359
3 6355 6358 6564
3 6564 6358 6566
3 6565 6360 6356
3 6568 6360 6565
3 6571 6570 6569
3 6570 6567 6569
3 6567 6361 6569
3 6567 6359 6361
3 6568 6362 6360
3 6572 6362 6568
3 6571 6569 6365
3 6364 6571 6365
3 6573 6571 6364
3 6365 6569 6361
3 6572 6574 6362
3 6362 6574 6366
3 6366 6575 6367
3 6574 6575 6366
3 6367 6576 6368
3 6575 6576 6367
3 6369 6368 6576
3 6369 6576 6577
3 6579 6578 6372
3 6579 6372 6371
3 6364 6372 6573
3 6573 6372 6578
3 6577 6580 6369
3 6369 6580 6373
3 6373 6581 6374
3 6580 6581 6373
3 6375 6374 6581
3 6375 6581 6582
3 6584 6583 6378
3 6584 6378 6377
3 6371 6378 6579
3 6579 6378 6583
3 6582 6585 6375
3 6375 6585 6379
3 6379 6586 6380
3 6585 6586 6379
3 6381 6380 6586
3 6381 6586 6587
3 6384 6588 6383
3 6383 6588 6589
3 6590 6383 6589
3 6385 6383 6590
3 6377 6385 6584
3 6584 6385 6590
3 6587 6591 6381
3 6381 6591 6386
3 6386 6592 6387
3 6591 6592 6386
3 6387 6593 6388
3 6592 6593 6387
3 6389 6388 6593
3 6389 6593 6594
3 6390 6595 6588
3 6390 6588 6384
3 6589 6588 6596
3 6596 6588 6595
3 6594 6597 6389
3 6389 6597 6391
3 6391 6598 6392
3 6597 6598 6391
3 6393 6392 6598
3 6393 6598 6599
3 6602 6601 6600
3 6394 6395 6600
3 6601 6394 6600
3 6603 6394 6601
3 6390 6394 6595
3 6394 6604 6595
3 6394 6603 6604
3 6595 6604 6596
3 6599 6605 6393
3 6393 6605 6396
3 6396 6606 6397
3 6605 6606 6396
3 6397 6607 6398
3 6606 6607 6397
3 6398 6608 6399
3 6607 6608 6398
3 6399 6609 6400
3 6608 6609 6399
3 6611 6610 6402
3 6400 6611 6402
3 6609 6611 6400
3 6403 6404 6610
3 6611 6403 6610
3 6612 6403 6611
3 6612 6614 6613
3 6407 6612 6613
3 6403 6612 6407
3 6613 6408 6407
3 6410 6615 6409
3 6409 6615 6616
3 6617 6409 6616
3 6411 6409 6617
3 6600 6412 6602
3 6412 6617 6602
3 6412 6411 6617
3 6412 6600 6395
3 6610 6413 6402
3 6413 6610 6404
3 6614 6618 6613
3 6613 6618 6408
3 6618 6414 6408
3 6618 6619 6414
3 6414 6620 6415
3 6619 6620 6414
3 6415 6621 6416
3 6620 6621 6415
3 6416 6622 6417
3 6621 6622 6416
3 6417 6623 6418
3 6622 6623 6417
3 6418 6624 6419
3 6623 6624 6418
3 6419 6625 6420
3 6624 6625 6419
3 6420 6626 6421
3 6625 6626 6420
3 6421 6627 6422
3 6626 6627 6421
3 6422 6628 6423
3 6627 6628 6422
3 6423 6629 6424
3 6628 6629 6423
3 6424 6630 6425
3 6629 6630 6424
3 6410 6425 6615
3 6425 6631 6615
3 6425 6630 6631
3 6615 6631 6616
3 6634 6633 6632
3 6632 6429 6634
3 6429 6428 6634
3 6636 6635 6634
3 6636 6634 6428
3 6636 6428 6637
3 6428 6638 6637
3 6428 6431 6638
3 6639 6431 6433
3 6639 6638 6431
3 6640 6433 6434
3 6640 6639 6433
3 6641 6434 6435
3 6641 6640 6434
3 6642 6435 6436
3 6642 6641 6435
3 6643 6436 6437
3 6643 6642 6436
3 6644 6437 6438
3 6644 6643 6437
3 6645 6438 6439
3 6645 6644 6438
3 6646 6439 6440
3 6646 6645 6439
3 6647 6440 6441
3 6647 6646 6440
3 6648 6441 6442
3 6648 6647 6441
3 6649 6442 6443
3 6649 6648 6442
3 6650 6443 6444
3 6650 6649 6443
3 6651 6444 6445
3 6651 6650 6444
3 6445 6447 6651
3 6651 6447 6652
3 6653 6448 6449
3 6653 6449 6654
3 6449 6655 6654
3 6449 6450 6655
3 6656 6450 6451
3 6656 6655 6450
3 6657 6451 6452
3 6657 6656 6451
3 6658 6452 6453
3 6658 6657 6452
3 6454 6632 6633
3 6658 6454 6633
3 6453 6454 6658
3 6636 6659 6635
3 6429 6632 6454
3 6659 6636 6637
3 6660 6652 6447
3 6660 6447 6455
3 6661 6455 6456
3 6661 6660 6455
3 6456 6457 6661
3 6661 6457 6662
3 6665 6664 6663
3 6459 6460 6663
3 6460 6665 6663
3 6460 6666 6665
3 6460 6448 6653
3 6667 6460 6653
3 6666 6460 6667
3 6667 6653 6654
3 6668 6662 6457
3 6668 6457 6461
3 6461 6462 6668
3 6668 6462 6669
3 6671 6670 6464
3 6464 6670 6463
3 6672 6464 6465
3 6672 6671 6464
3 6466 6663 6664
3 6672 6466 6664
3 6465 6466 6672
3 6663 6466 6459
3 6673 6669 6462
3 6673 6462 6467
3 6467 6468 6673
3 6673 6468 6674
3 6676 6675 6470
3 6470 6675 6469
3 6677 6470 6471
3 6677 6676 6470
3 6471 6463 6670
3 6471 6670 6677
3 6678 6674 6468
3 6678 6468 6472
3 6472 6473 6678
3 6678 6473 6679
3 6681 6680 6475
3 6475 6680 6474
3 6682 6475 6476
3 6682 6681 6475
3 6476 6469 6675
3 6476 6675 6682
3 6683 6679 6473
3 6683 6473 6477
3 6477 6478 6683
3 6683 6478 6684
3 6687 6686 6685
3 6480 6481 6685
3 6481 6687 6685
3 6481 6688 6687
3 6689 6481 6482
3 6689 6688 6481
3 6482 6474 6680
3 6482 6680 6689
3 6690 6684 6478
3 6690 6478 6483
3 6692 6690 6691
3 6690 6484 6691
3 6690 6483 6484
3 6485 6691 6484
3 6694 6693 6487
3 6487 6693 6486
3 6488 6685 6686
3 6694 6488 6686
3 6487 6488 6694
3 6685 6488 6480
3 6695 6692 6691
3 6691 6485 6695
3 6485 6696 6695
3 6485 6490 6696
3 6693 6491 6486
3 6697 6491 6693
3 6698 6696 6490
3 6698 6490 6492
3 6492 6493 6698
3 6698 6493 6699
3 6697 6494 6491
3 6700 6494 6697
3 6701 6699 6493
3 6701 6493 6495
3 6702 6495 6496
3 6702 6701 6495
3 6496 6498 6702
3 6702 6498 6703
3 6700 6499 6494
3 6704 6499 6700
3 6705 6703 6498
3 6705 6498 6500
3 6500 6502 6705
3 6705 6502 6706
3 6704 6503 6499
3 6707 6503 6704
3 6502 6504 6708
3 6709 6502 6708
3 6706 6502 6709
3 6506 6708 6504
3 6707 6507 6503
3 6710 6507 6707
3 6709 6708 6711
3 6709 6711 6712
3 6508 6711 6506
3 6506 6711 6708
3 6710 6509 6507
3 6713 6509 6710
3 6712 6711 6714
3 6712 6714 6715
3 6511 6714 6508
3 6508 6714 6711
3 6713 6512 6509
3 6716 6512 6713
3 6715 6714 6717
3 6715 6717 6718
3 6514 6717 6511
3 6511 6717 6714
3 6716 6515 6512
3 6719 6515 6716
3 6718 6717 6720
3 6718 6720 6721
3 6517 6720 6514
3 6514 6720 6717
3 6719 6518 6515
3 6722 6518 6719
3 6721 6720 6723
3 6721 6723 6724
3 6520 6723 6517
3 6517 6723 6720
3 6722 6521 6518
3 6725 6521 6722
3 6724 6723 6726
3 6724 6726 6727
3 6523 6726 6520
3 6520 6726 6723
3 6725 6524 6521
3 6728 6524 6725
3 6727 6726 6729
3 6727 6729 6730
3 6526 6729 6523
3 6523 6729 6726
3 6728 6527 6524
3 6731 6527 6728
3 6730 6729 6732
3 6730 6732 6733
3 6529 6732 6526
3 6526 6732 6729
3 6731 6530 6527
3 6734 6530 6731
3 6733 6732 6735
3 6733 6735 6736
3 6532 6735 6529
3 6529 6735 6732
3 6734 6533 6530
3 6737 6533 6734
3 6736 6735 6738
3 6736 6738 6739
3 6535 6738 6532
3 6532 6738 6735
3 6737 6536 6533
3 6740 6536 6737
3 6739 6738 6741
3 6739 6741 6742
3 6538 6741 6535
3 6535 6741 6738
3 6740 6539 6536
3 6743 6539 6740
3 6742 6741 6744
3 6742 6744 6745
3 6541 6744 6538
3 6538 6744 6741
3 6743 6542 6539
3 6746 6542 6743
3 6745 6744 6747
3 6745 6747 6748
3 6544 6747 6541
3 6541 6747 6744
3 6746 6545 6542
3 6749 6545 6746
3 6748 6747 6750
3 6748 6750 6751
3 6547 6750 6544
3 6544 6750 6747
3 6749 6548 6545
3 6752 6548 6749
3 6751 6750 6753
3 6751 6753 6754
3 6550 6753 6547
3 6547 6753 6750
3 6752 6551 6548
3 6755 6551 6752
3 6754 6753 6554
3 6553 6754 6554
3 6756 6754 6553
3 6554 6753 6550
3 6755 6555 6551
3 6757 6555 6755
3 6760 6759 6758
3 6759 6756 6758
3 6756 6557 6758
3 6756 6553 6557
3 6757 6558 6555
3 6761 6558 6757
3 6560 6762 6559
3 6763 6760 6758
3 6559 6763 6758
3 6561 6559 6758
3 6763 6559 6762
3 6561 6758 6557
3 6761 6562 6558
3 6764 6562 6761
3 6564 6765 6563
3 6765 6766 6563
3 6563 6766 6560
3 6766 6767 6560
3 6767 6762 6560
3 6762 6767 6763
3 6764 6565 6562
3 6768 6565 6764
3 6770 6769 6566
3 6770 6566 6567
3 6564 6566 6765
3 6566 6771 6765
3 6566 6769 6771
3 6765 6771 6766
3 6768 6568 6565
3 6772 6568 6768
3 6774 6773 6570
3 6774 6570 6571
3 6567 6570 6770
3 6770 6570 6773
3 6772 6572 6568
3 6775 6572 6772
3 6778 6777 6776
3 6777 6774 6776
3 6774 6573 6776
3 6774 6571 6573
3 6775 6779 6572
3 6572 6779 6574
3 6574 6780 6575
3 6779 6780 6574
3 6575 6781 6576
3 6780 6781 6575
3 6577 6576 6781
3 6577 6781 6782
3 6778 6776 6578
3 6579 6778 6578
3 6783 6778 6579
3 6578 6776 6573
3 6782 6784 6577
3 6577 6784 6580
3 6580 6785 6581
3 6784 6785 6580
3 6582 6581 6785
3 6582 6785 6786
3 6788 6787 6583
3 6788 6583 6584
3 6579 6583 6783
3 6783 6583 6787
3 6786 6789 6582
3 6582 6789 6585
3 6585 6790 6586
3 6789 6790 6585
3 6587 6586 6790
3 6587 6790 6791
3 6793 6792 6590
3 6793 6590 6589
3 6584 6590 6788
3 6788 6590 6792
3 6791 6794 6587
3 6587 6794 6591
3 6591 6795 6592
3 6794 6795 6591
3 6592 6796 6593
3 6795 6796 6592
3 6594 6593 6796
3 6594 6796 6797
3 6800 6799 6798
3 6799 6793 6798
3 6793 6596 6798
3 6793 6589 6596
3 6797 6801 6594
3 6594 6801 6597
3 6597 6802 6598
3 6801 6802 6597
3 6599 6598 6802
3 6599 6802 6803
3 6602 6804 6601
3 6601 6804 6805
3 6806 6601 6805
3 6603 6601 6806
3 6798 6604 6800
3 6604 6806 6800
3 6604 6603 6806
3 6604 6798 6596
3 6803 6807 6599
3 6599 6807 6605
3 6605 6808 6606
3 6807 6808 6605
3 6606 6809 6607
3 6808 6809 6606
3 6607 6810 6608
3 6809 6810 6607
3 6608 6811 6609
3 6810 6811 6608
3 6609 6812 6611
3 6811 6812 6609
3 6611 6813 6612
3 6812 6813 6611
3 6815 6814 6614
3 6612 6815 6614
3 6813 6815 6612
3 6816 6814 6815
3 6818 6817 6617
3 6818 6617 6616
3 6602 6617 6804
3 6617 6819 6804
3 6617 6817 6819
3 6804 6819 6805
3 6814 6618 6614
3 6816 6820 6814
3 6820 6618 6814
3 6820 6619 6618
3 6619 6821 6620
3 6820 6821 6619
3 6620 6822 6621
3 6821 6822 6620
3 6621 6823 6622
3 6822 6823 6621
3 6622 6824 6623
3 6823 6824 6622
3 6623 6825 6624
3 6824 6825 6623
3 6624 6826 6625
3 6825 6826 6624
3 6625 6827 6626
3 6826 6827 6625
3 6626 6828 6627
3 6827 6828 6626
3 6627 6829 6628
3 6828 6829 6627
3 6628 6830 6629
3 6829 6830 6628
3 6629 6831 6630
3 6830 6831 6629
3 6630 6832 6631
3 6831 6832 6630
3 6616 6631 6818
3 6818 6631 6832
3 6833 6633 6634
3 6835 6833 6834
3 6833 6634 6834
3 6635 6836 6834
3 6635 6834 6634
3 6637 6638 6836
3 6638 6834 6836
3 6638 6837 6834
3 6838 6638 6639
3 6838 6837 6638
3 6839 6639 6640
3 6839 6838 6639
3 6840 6640 6641
3 6840 6839 6640
3 6841 6641 6642
3 6841 6840 6641
3 6842 6642 6643
3 6842 6841 6642
3 6843 6643 6644
3 6843 6842 6643
3 6844 6644 6645
3 6844 6843 6644
3 6845 6645 6646
3 6845 6844 6645
3 6846 6646 6647
3 6846 6845 6646
3 6847 6647 6648
3 6847 6846 6647
3 6848 6648 6649
3 6848 6847 6648
3 6849 6649 6650
3 6849 6848 6649
3 6851 6849 6850
3 6849 6651 6850
3 6849 6650 6651
3 6652 6850 6651
3 6854 6853 6852
3 6654 6655 6852
3 6655 6854 6852
3 6655 6855 6854
3 6856 6655 6656
3 6856 6855 6655
3 6857 6656 6657
3 6857 6856 6656
3 6858 6657 6658
3 6858 6857 6657
3 6658 6633 6833
3 6859 6658 6833
3 6858 6658 6859
3 6635 6659 6836
3 6833 6835 6859
3 6836 6659 6637
3 6860 6851 6850
3 6860 6850 6652
3 6660 6860 6652
3 6861 6860 6660
3 6862 6660 6661
3 6862 6861 6660
3 6661 6662 6862
3 6862 6662 6863
3 6865 6864 6665
3 6665 6864 6664
3 6866 6665 6666
3 6866 6865 6665
3 6667 6852 6853
3 6866 6667 6853
3 6666 6667 6866
3 6852 6667 6654
3 6867 6863 6662
3 6867 6662 6668
3 6668 6669 6867
3 6867 6669 6868
3 6870 6869 6671
3 6671 6869 6670
3 6871 6671 6672
3 6871 6870 6671
3 6672 6664 6864
3 6672 6864 6871
3 6872 6868 6669
3 6872 6669 6673
3 6673 6674 6872
3 6872 6674 6873
3 6875 6874 6676
3 6676 6874 6675
3 6876 6676 6677
3 6876 6875 6676
3 6677 6670 6869
3 6677 6869 6876
3 6877 6873 6674
3 6877 6674 6678
3 6678 6679 6877
3 6877 6679 6878
3 6880 6879 6681
3 6681 6879 6680
3 6881 6681 6682
3 6881 6880 6681
3 6682 6675 6874
3 6682 6874 6881
3 6882 6878 6679
3 6882 6679 6683
3 6683 6684 6882
3 6882 6684 6883
3 6884 6686 6687
3 6884 6687 6885
3 6687 6886 6885
3 6687 6688 6886
3 6887 6688 6689
3 6887 6886 6688
3 6689 6680 6879
3 6689 6879 6887
3 6888 6883 6684
3 6888 6684 6690
3 6890 6889 6692
3 6889 6690 6692
3 6889 6888 6690
3 6890 6891 6889
3 6893 6892 6694
3 6694 6892 6693
3 6694 6686 6884
3 6894 6694 6884
3 6893 6694 6894
3 6894 6884 6885
3 6695 6890 6692
3 6896 6895 6696
3 6696 6895 6695
3 6895 6891 6695
3 6891 6890 6695
3 6896 6897 6895
3 6892 6697 6693
3 6898 6697 6892
3 6698 6896 6696
3 6900 6899 6699
3 6699 6899 6698
3 6899 6897 6698
3 6897 6896 6698
3 6900 6901 6899
3 6898 6700 6697
3 6902 6700 6898
3 6701 6900 6699
3 6903 6901 6900
3 6701 6903 6900
3 6702 6903 6701
3 6702 6703 6903
3 6903 6703 6904
3 6902 6704 6700
3 6905 6704 6902
3 6703 6705 6906
3 6907 6703 6906
3 6904 6703 6907
3 6706 6906 6705
3 6905 6707 6704
3 6908 6707 6905
3 6907 6906 6909
3 6907 6909 6910
3 6709 6909 6706
3 6706 6909 6906
3 6908 6710 6707
3 6911 6710 6908
3 6910 6909 6912
3 6910 6912 6913
3 6712 6912 6709
3 6709 6912 6909
3 6911 6713 6710
3 6914 6713 6911
3 6913 6912 6915
3 6913 6915 6916
3 6715 6915 6712
3 6712 6915 6912
3 6914 6716 6713
3 6917 6716 6914
3 6916 6915 6918
3 6916 6918 6919
3 6718 6918 6715
3 6715 6918 6915
3 6917 6719 6716
3 6920 6719 6917
3 6919 6918 6921
3 6919 6921 6922
3 6721 6921 6718
3 6718 6921 6918
3 6920 6722 6719
3 6923 6722 6920
3 6922 6921 6924
3 6922 6924 6925
3 6724 6924 6721
3 6721 6924 6921
3 6923 6725 6722
3 6926 6725 6923
3 6925 6924 6927
3 6925 6927 6928
3 6727 6927 6724
3 6724 6927 6924
3 6926 6728 6725
3 6929 6728 6926
3 6928 6927 6930
3 6928 6930 6931
3 6730 6930 6727
3 6727 6930 6927
3 6929 6731 6728
3 6932 6731 6929
3 6931 6930 6933
3 6931 6933 6934
3 6733 6933 6730
3 6730 6933 6930
3 6932 6734 6731
3 6935 6734 6932
3 6934 6933 6936
3 6934 6936 6937
3 6736 6936 6733
3 6733 6936 6933
3 6935 6737 6734
3 6938 6737 6935
3 6937 6936 6939
3 6937 6939 6940
3 6739 6939 6736
3 6736 6939 6936
3 6938 6740 6737
3 6941 6740 6938
3 6940 6939 6942
3 6940 6942 6943
3 6742 6942 6739
3 6739 6942 6939
3 6941 6743 6740
3 6944 6743 6941
3 6943 6942 6945
3 6943 6945 6946
3 6745 6945 6742
3 6742 6945 6942
3 6944 6746 6743
3 6947 6746 6944
3 6948 6946 6945
3 6945 6745 6948
3 6745 6949 6948
3 6745 6748 6949
3 6947 6749 6746
3 6950 6749 6947
3 6751 6949 6748
3 6751 6951 6949
3 6950 6752 6749
3 6952 6752 6950
3 6754 6951 6751
3 6754 6953 6951
3 6952 6755 6752
3 6954 6755 6952
3 6756 6953 6754
3 6756 6955 6953
3 6954 6757 6755
3 6956 6757 6954
3 6958 6957 6759
3 6958 6759 6760
3 6756 6759 6955
3 6955 6759 6957
3 6956 6761 6757
3 6959 6761 6956
3 6962 6961 6960
3 6961 6958 6960
3 6958 6763 6960
3 6958 6760 6763
3 6959 6764 6761
3 6963 6764 6959
3 6966 6965 6964
3 6964 6965 6962
3 6964 6962 6960
3 6766 6964 6960
3 6767 6766 6960
3 6767 6960 6763
3 6963 6768 6764
3 6967 6768 6963
3 6770 6968 6769
3 6969 6966 6964
3 6769 6969 6964
3 6771 6769 6964
3 6969 6769 6968
3 6771 6964 6766
3 6967 6772 6768
3 6970 6772 6967
3 6774 6971 6773
3 6971 6972 6773
3 6773 6972 6770
3 6972 6973 6770
3 6973 6968 6770
3 6968 6973 6969
3 6970 6775 6772
3 6974 6775 6970
3 6976 6975 6777
3 6976 6777 6778
3 6774 6777 6971
3 6777 6977 6971
3 6777 6975 6977
3 6971 6977 6972
3 6974 6978 6775
3 6775 6978 6779
3 6779 6979 6780
3 6978 6979 6779
3 6780 6980 6781
3 6979 6980 6780
3 6782 6781 6980
3 6782 6980 6981
3 6984 6983 6982
3 6983 6976 6982
3 6976 6783 6982
3 6976 6778 6783
3 6981 6985 6782
3 6782 6985 6784
3 6784 6986 6785
3 6985 6986 6784
3 6786 6785 6986
3 6786 6986 6987
3 6990 6989 6988
3 6988 6989 6984
3 6988 6984 6982
3 6788 6988 6982
3 6787 6788 6982
3 6787 6982 6783
3 6987 6991 6786
3 6786 6991 6789
3 6789 6992 6790
3 6991 6992 6789
3 6791 6790 6992
3 6791 6992 6993
3 6990 6988 6792
3 6793 6990 6792
3 6994 6990 6793
3 6792 6988 6788
3 6993 6995 6791
3 6791 6995 6794
3 6794 6996 6795
3 6995 6996 6794
3 6795 6997 6796
3 6996 6997 6795
3 6797 6796 6997
3 6797 6997 6998
3 7000 6999 6799
3 7000 6799 6800
3 6793 6799 6994
3 6994 6799 6999
3 6998 7001 6797
3 6797 7001 6801
3 6801 7002 6802
3 7001 7002 6801
3 6803 6802 7002
3 6803 7002 7003
3 7005 7004 6806
3 7005 6806 6805
3 6800 6806 7000
3 7000 6806 7004
3 7003 7006 6803
3 6803 7006 6807
3 6807 7007 6808
3 7006 7007 6807
3 6808 7008 6809
3 7007 7008 6808
3 6809 7009 6810
3 7008 7009 6809
3 6810 7010 6811
3 7009 7010 6810
3 6811 7011 6812
3 7010 7011 6811
3 6812 7012 6813
3 7011 7012 6812
3 6813 7013 6815
3 7012 7013 6813
3 7015 7014 6816
3 6815 7015 6816
3 7013 7015 6815
3 7016 7014 7015
3 7018 7017 6817
3 7018 6817 6818
3 6817 7019 6819
3 7017 7019 6817
3 6805 6819 7005
3 7005 6819 7019
3 7014 6820 6816
3 7016 7020 7014
3 7020 6820 7014
3 7020 6821 6820
3 6821 7021 6822
3 7020 7021 6821
3 6822 7022 6823
3 7021 7022 6822
3 6823 7023 6824
3 7022 7023 6823
3 6824 7024 6825
3 7023 7024 6824
3 6825 7025 6826
3 7024 7025 6825
3 6826 7026 6827
3 7025 7026 6826
3 6827 7027 6828
3 7026 7027 6827
3 6828 7028 6829
3 7027 7028 6828
3 6829 7029 6830
3 7028 7029 6829
3 6830 7030 6831
3 7029 7030 6830
3 6831 7031 6832
3 7030 7031 6831
3 6818 6832 7018
3 7018 6832 7031
3 7034 7033 7032
3 7036 7035 7032
3 7032 7035 7034
3 6835 6834 7036
3 6834 7035 7036
3 6834 7037 7035
3 7039 7037 7038
3 7037 6837 7038
3 7037 6834 6837
3 7038 6837 7040
3 6837 7041 7040
3 6837 6838 7041
3 7042 6838 6839
3 7042 7041 6838
3 7043 6839 6840
3 7043 7042 6839
3 7044 6840 6841
3 7044 7043 6840
3 7045 6841 6842
3 7045 7044 6841
3 7046 6842 6843
3 7046 7045 6842
3 7047 6843 6844
3 7047 7046 6843
3 7048 6844 6845
3 7048 7047 6844
3 7049 6845 6846
3 7049 7048 6845
3 7050 6846 6847
3 7050 7049 6846
3 7051 6847 6848
3 7051 7050 6847
3 7052 6848 6849
3 7052 7051 6848
3 7054 7053 6851
3 7053 6849 6851
3 7053 7052 6849
3 7054 7055 7053
3 7057 7056 6854
3 6854 7056 6853
3 7058 6854 6855
3 7058 7057 6854
3 7059 6855 6856
3 7059 7058 6855
3 7060 6856 6857
3 7060 7059 6856
3 6858 7032 7033
3 7060 6858 7033
3 6857 6858 7060
3 7032 6858 6859
3 7032 6859 7036
3 7036 6859 6835
3 7061 7039 7038
3 7061 7038 7040
3 6860 7054 6851
3 7062 7055 7054
3 6860 7062 7054
3 6861 7062 6860
3 7063 6861 6862
3 7063 7062 6861
3 6862 6863 7063
3 7063 6863 7064
3 7066 7065 6865
3 6865 7065 6864
3 7067 6865 6866
3 7067 7066 6865
3 6866 6853 7056
3 6866 7056 7067
3 7068 7064 6863
3 7068 6863 6867
3 6867 6868 7068
3 7068 6868 7069
3 7071 7070 6870
3 6870 7070 6869
3 7072 6870 6871
3 7072 7071 6870
3 6871 6864 7065
3 6871 7065 7072
3 7073 7069 6868
3 7073 6868 6872
3 6872 6873 7073
3 7073 6873 7074
3 7077 7076 7075
3 6874 6875 7075
3 6875 7077 7075
3 6875 7078 7077
3 7079 6875 6876
3 7079 7078 6875
3 6876 6869 7070
3 6876 7070 7079
3 7080 7074 6873
3 7080 6873 6877
3 6877 6878 7080
3 7080 6878 7081
3 7083 7082 6880
3 6880 7082 6879
3 6881 7075 7076
3 7083 6881 7076
3 6880 6881 7083
3 7075 6881 6874
3 7084 7081 6878
3 7084 6878 6882
3 6882 6883 7084
3 7084 6883 7085
3 7087 7086 6886
3 6886 7086 6885
3 7088 6886 6887
3 7088 7087 6886
3 6887 6879 7082
3 6887 7082 7088
3 7089 7085 6883
3 7089 6883 6888
3 7090 6888 6889
3 7090 7089 6888
3 6889 6891 7090
3 7090 6891 7091
3 7093 7092 6893
3 6893 7092 6892
3 7094 6893 6894
3 7094 7093 6893
3 6894 6885 7086
3 6894 7086 7094
3 6891 6895 7095
3 7096 6891 7095
3 7091 6891 7096
3 6897 7095 6895
3 7092 6898 6892
3 7097 6898 7092
3 7098 7096 7095
3 7100 7098 7099
3 7099 7098 6899
3 7098 7095 6899
3 7095 6897 6899
3 6901 7099 6899
3 7097 6902 6898
3 7101 6902 7097
3 7102 7100 7099
3 7104 7102 7103
3 7103 7102 6903
3 7102 7099 6903
3 7099 6901 6903
3 6904 7103 6903
3 7101 6905 6902
3 7105 6905 7101
3 7104 7103 7106
3 7104 7106 7107
3 6907 7106 6904
3 6904 7106 7103
3 7105 6908 6905
3 7108 6908 7105
3 7107 7106 7109
3 7107 7109 7110
3 6910 7109 6907
3 6907 7109 7106
3 7108 6911 6908
3 7111 6911 7108
3 7110 7109 7112
3 7110 7112 7113
3 6913 7112 6910
3 6910 7112 7109
3 7111 6914 6911
3 7114 6914 7111
3 7113 7112 7115
3 7113 7115 7116
3 6916 7115 6913
3 6913 7115 7112
3 7114 6917 6914
3 7117 6917 7114
3 7116 7115 7118
3 7116 7118 7119
3 6919 7118 6916
3 6916 7118 7115
3 7117 6920 6917
3 7120 6920 7117
3 7119 7118 7121
3 7119 7121 7122
3 6922 7121 6919
3 6919 7121 7118
3 7120 6923 6920
3 7123 6923 7120
3 7122 7121 7124
3 7122 7124 7125
3 6925 7124 6922
3 6922 7124 7121
3 7123 6926 6923
3 7126 6926 7123
3 7125 7124 7127
3 7125 7127 7128
3 6928 7127 6925
3 6925 7127 7124
3 7126 6929 6926
3 7129 6929 7126
3 7128 7127 7130
3 7128 7130 7131
3 6931 7130 6928
3 6928 7130 7127
3 7129 6932 6929
3 7132 6932 7129
3 7131 7130 7133
3 7131 7133 7134
3 6934 7133 6931
3 6931 7133 7130
3 7132 6935 6932
3 7135 6935 7132
3 7136 7134 7133
3 7133 6934 7136
3 6934 7137 7136
3 6934 6937 7137
3 7135 6938 6935
3 7138 6938 7135
3 6940 7137 6937
3 6940 7139 7137
3 7138 6941 6938
3 7140 6941 7138
3 6943 7139 6940
3 6943 7141 7139
3 7140 6944 6941
3 7142 6944 7140
3 6946 7141 6943
3 6946 7143 7141
3 7142 6947 6944
3 7144 6947 7142
3 6946 6948 7145
3 7146 6946 7145
3 7143 6946 7146
3 6949 7145 6948
3 7144 6950 6947
3 7147 6950 7144
3 7146 7145 7148
3 7146 7148 7149
3 6951 7148 6949
3 6949 7148 7145
3 7147 6952 6950
3 7150 6952 7147
3 7149 7148 7151
3 7149 7151 7152
3 6953 7151 6951
3 6951 7151 7148
3 7150 6954 6952
3 7153 6954 7150
3 7152 7151 7154
3 7152 7154 7155
3 6955 7154 6953
3 6953 7154 7151
3 7153 6956 6954
3 7156 6956 7153
3 7155 7154 6957
3 6958 7155 6957
3 7157 7155 6958
3 6957 7154 6955
3 7156 6959 6956
3 7158 6959 7156
3 7160 7159 6961
3 7160 6961 6962
3 6958 6961 7157
3 7157 6961 7159
3 7158 6963 6959
3 7161 6963 7158
3 7163 7162 6965
3 7163 6965 6966
3 6962 6965 7160
3 7160 6965 7162
3 7161 6967 6963
3 7164 6967 7161
3 7167 7166 7165
3 7166 7163 7165
3 7163 6969 7165
3 7163 6966 6969
3 7164 6970 6967
3 7168 6970 7164
3 7167 7165 6973
3 6972 7167 6973
3 7169 7167 6972
3 6973 7165 6969
3 7168 6974 6970
3 7170 6974 7168
3 6976 7171 6975
3 6975 7171 7172
3 7173 6975 7172
3 6977 6975 7173
3 6972 6977 7169
3 7169 6977 7173
3 7170 7174 6974
3 6974 7174 6978
3 6978 7175 6979
3 7174 7175 6978
3 6979 7176 6980
3 7175 7176 6979
3 6981 6980 7176
3 6981 7176 7177
3 6984 7178 6983
3 7178 7179 6983
3 6983 7179 6976
3 7179 7180 6976
3 7180 7171 6976
3 7171 7180 7172
3 7177 7181 6981
3 6981 7181 6985
3 6985 7182 6986
3 7181 7182 6985
3 6987 6986 7182
3 6987 7182 7183
3 7185 7184 6989
3 7185 6989 6990
3 6984 6989 7178
3 6989 7186 7178
3 6989 7184 7186
3 7178 7186 7179
3 7183 7187 6987
3 6987 7187 6991
3 6991 7188 6992
3 7187 7188 6991
3 6993 6992 7188
3 6993 7188 7189
3 7192 7191 7190
3 7191 7185 7190
3 7185 6994 7190
3 7185 6990 6994
3 7189 7193 6993
3 6993 7193 6995
3 6995 7194 6996
3 7193 7194 6995
3 6996 7195 6997
3 7194 7195 6996
3 6998 6997 7195
3 6998 7195 7196
3 7192 7190 6999
3 7000 7192 6999
3 7197 7192 7000
3 6999 7190 6994
3 7196 7198 6998
3 6998 7198 7001
3 7001 7199 7002
3 7198 7199 7001
3 7003 7002 7199
3 7003 7199 7200
3 7202 7201 7004
3 7202 7004 7005
3 7000 7004 7197
3 7197 7004 7201
3 7200 7203 7003
3 7003 7203 7006
3 7006 7204 7007
3 7203 7204 7006
3 7007 7205 7008
3 7204 7205 7007
3 7008 7206 7009
3 7205 7206 7008
3 7009 7207 7010
3 7206 7207 7009
3 7010 7208 7011
3 7207 7208 7010
3 7011 7209 7012
3 7208 7209 7011
3 7012 7210 7013
3 7209 7210 7012
3 7210 7212 7211
3 7015 7210 7211
3 7013 7210 7015
3 7211 7016 7015
3 7215 7214 7213
3 7017 7018 7213
3 7214 7017 7213
3 7216 7017 7214
3 7017 7217 7019
3 7216 7217 7017
3 7005 7019 7202
3 7202 7019 7217
3 7212 7218 7211
3 7211 7218 7016
3 7218 7020 7016
3 7218 7219 7020
3 7020 7220 7021
3 7219 7220 7020
3 7021 7221 7022
3 7220 7221 7021
3 7022 7222 7023
3 7221 7222 7022
3 7023 7223 7024
3 7222 7223 7023
3 7024 7224 7025
3 7223 7224 7024
3 7025 7225 7026
3 7224 7225 7025
3 7026 7226 7027
3 7225 7226 7026
3 7027 7227 7028
3 7226 7227 7027
3 7028 7228 7029
3 7227 7228 7028
3 7029 7229 7030
3 7228 7229 7029
3 7213 7031 7215
3 7031 7229 7215
3 7031 7030 7229
3 7031 7213 7018
3 7230 7033 7034
3 7035 7231 7034
3 7034 7231 7230
3 7037 7232 7035
3 7035 7232 7231
3 7234 7232 7233
3 7232 7037 7233
3 7039 7235 7233
3 7039 7233 7037
3 7040 7041 7235
3 7041 7233 7235
3 7041 7236 7233
3 7237 7041 7042
3 7237 7236 7041
3 7238 7042 7043
3 7238 7237 7042
3 7239 7043 7044
3 7239 7238 7043
3 7240 7044 7045
3 7240 7239 7044
3 7241 7045 7046
3 7241 7240 7045
3 7242 7046 7047
3 7242 7241 7046
3 7243 7047 7048
3 7243 7242 7047
3 7244 7048 7049
3 7244 7243 7048
3 7245 7049 7050
3 7245 7244 7049
3 7246 7050 7051
3 7246 7245 7050
3 7247 7051 7052
3 7247 7246 7051
3 7248 7052 7053
3 7248 7247 7052
3 7053 7055 7248
3 7248 7055 7249
3 7251 7250 7057
3 7057 7250 7056
3 7252 7057 7058
3 7252 7251 7057
3 7253 7058 7059
3 7253 7252 7058
3 7254 7059 7060
3 7254 7253 7059
3 7060 7033 7230
3 7255 7060 7230
3 7254 7060 7255
3 7255 7230 7231
3 7255 7231 7256
3 7256 7231 7232
3 7256 7232 7257
3 7039 7061 7235
3 7232 7234 7257
3 7235 7061 7040
3 7258 7249 7055
3 7258 7055 7062
3 7259 7062 7063
3 7259 7258 7062
3 7063 7064 7259
3 7259 7064 7260
3 7262 7261 7066
3 7066 7261 7065
3 7263 7066 7067
3 7263 7262 7066
3 7067 7056 7250
3 7067 7250 7263
3 7264 7260 7064
3 7264 7064 7068
3 7068 7069 7264
3 7264 7069 7265
3 7267 7266 7071
3 7071 7266 7070
3 7268 7071 7072
3 7268 7267 7071
3 7072 7065 7261
3 7072 7261 7268
3 7269 7265 7069
3 7269 7069 7073
3 7073 7074 7269
3 7269 7074 7270
3 7271 7076 7077
3 7271 7077 7272
3 7077 7273 7272
3 7077 7078 7273
3 7274 7078 7079
3 7274 7273 7078
3 7079 7070 7266
3 7079 7266 7274
3 7275 7270 7074
3 7275 7074 7080
3 7080 7081 7275
3 7275 7081 7276
3 7278 7277 7083
3 7083 7277 7082
3 7083 7076 7271
3 7279 7083 7271
3 7278 7083 7279
3 7279 7271 7272
3 7280 7276 7081
3 7280 7081 7084
3 7084 7085 7280
3 7280 7085 7281
3 7284 7283 7282
3 7086 7087 7282
3 7087 7284 7282
3 7087 7285 7284
3 7286 7087 7088
3 7286 7285 7087
3 7088 7082 7277
3 7088 7277 7286
3 7287 7281 7085
3 7287 7085 7089
3 7289 7287 7288
3 7287 7090 7288
3 7287 7089 7090
3 7091 7288 7090
3 7291 7290 7093
3 7093 7290 7092
3 7094 7282 7283
3 7291 7094 7283
3 7093 7094 7291
3 7282 7094 7086
3 7292 7289 7288
3 7288 7091 7292
3 7091 7293 7292
3 7091 7096 7293
3 7290 7097 7092
3 7294 7097 7290
3 7295 7293 7096
3 7295 7096 7098
3 7098 7100 7295
3 7295 7100 7296
3 7294 7101 7097
3 7297 7101 7294
3 7100 7102 7298
3 7299 7100 7298
3 7296 7100 7299
3 7104 7298 7102
3 7297 7105 7101
3 7300 7105 7297
3 7299 7298 7301
3 7299 7301 7302
3 7107 7301 7104
3 7104 7301 7298
3 7300 7108 7105
3 7303 7108 7300
3 7302 7301 7304
3 7302 7304 7305
3 7110 7304 7107
3 7107 7304 7301
3 7303 7111 7108
3 7306 7111 7303
3 7305 7304 7307
3 7305 7307 7308
3 7113 7307 7110
3 7110 7307 7304
3 7306 7114 7111
3 7309 7114 7306
3 7308 7307 7310
3 7308 7310 7311
3 7116 7310 7113
3 7113 7310 7307
3 7309 7117 7114
3 7312 7117 7309
3 7311 7310 7313
3 7311 7313 7314
3 7119 7313 7116
3 7116 7313 7310
3 7312 7120 7117
3 7315 7120 7312
3 7314 7313 7316
3 7314 7316 7317
3 7122 7316 7119
3 7119 7316 7313
3 7315 7123 7120
3 7318 7123 7315
3 7317 7316 7319
3 7317 7319 7320
3 7125 7319 7122
3 7122 7319 7316
3 7318 7126 7123
3 7321 7126 7318
3 7322 7320 7319
3 7319 7125 7322
3 7125 7323 7322
3 7125 7128 7323
3 7321 7129 7126
3 7324 7129 7321
3 7131 7323 7128
3 7131 7325 7323
3 7324 7132 7129
3 7326 7132 7324
3 7134 7325 7131
3 7134 7327 7325
3 7326 7135 7132
3 7328 7135 7326
3 7134 7136 7329
3 7330 7134 7329
3 7327 7134 7330
3 7137 7329 7136
3 7328 7138 7135
3 7331 7138 7328
3 7330 7329 7332
3 7330 7332 7333
3 7139 7332 7137
3 7137 7332 7329
3 7331 7140 7138
3 7334 7140 7331
3 7333 7332 7335
3 7333 7335 7336
3 7141 7335 7139
3 7139 7335 7332
3 7334 7142 7140
3 7337 7142 7334
3 7336 7335 7338
3 7336 7338 7339
3 7143 7338 7141
3 7141 7338 7335
3 7337 7144 7142
3 7340 7144 7337
3 7339 7338 7341
3 7339 7341 7342
3 7146 7341 7143
3 7143 7341 7338
3 7340 7147 7144
3 7343 7147 7340
3 7342 7341 7344
3 7342 7344 7345
3 7149 7344 7146
3 7146 7344 7341
3 7343 7150 7147
3 7346 7150 7343
3 7345 7344 7347
3 7345 7347 7348
3 7152 7347 7149
3 7149 7347 7344
3 7346 7153 7150
3 7349 7153 7346
3 7348 7347 7350
3 7348 7350 7351
3 7155 7350 7152
3 7152 7350 7347
3 7349 7156 7153
3 7352 7156 7349
3 7351 7350 7353
3 7351 7353 7354
3 7157 7353 7155
3 7155 7353 7350
3 7352 7158 7156
3 7355 7158 7352
3 7354 7353 7159
3 7160 7354 7159
3 7356 7354 7160
3 7159 7353 7157
3 7355 7161 7158
3 7357 7161 7355
3 7359 7358 7162
3 7359 7162 7163
3 7160 7162 7356
3 7356 7162 7358
3 7357 7164 7161
3 7360 7164 7357
3 7362 7361 7166
3 7362 7166 7167
3 7163 7166 7359
3 7359 7166 7361
3 7360 7168 7164
3 7363 7168 7360
3 7366 7365 7364
3 7365 7362 7364
3 7362 7169 7364
3 7362 7167 7169
3 7363 7170 7168
3 7367 7170 7363
3 7366 7364 7173
3 7172 7366 7173
3 7368 7366 7172
3 7173 7364 7169
3 7367 7369 7170
3 7170 7369 7174
3 7174 7370 7175
3 7369 7370 7174
3 7175 7371 7176
3 7370 7371 7175
3 7177 7176 7371
3 7177 7371 7372
3 7374 7373 7180
3 7374 7180 7179
3 7172 7180 7368
3 7368 7180 7373
3 7372 7375 7177
3 7177 7375 7181
3 7181 7376 7182
3 7375 7376 7181
3 7183 7182 7376
3 7183 7376 7377
3 7185 7378 7184
3 7184 7378 7379
3 7380 7184 7379
3 7186 7184 7380
3 7179 7186 7374
3 7374 7186 7380
3 7377 7381 7183
3 7183 7381 7187
3 7187 7382 7188
3 7381 7382 7187
3 7189 7188 7382
3 7189 7382 7383
3 7192 7384 7191
3 7384 7385 7191
3 7191 7385 7185
3 7385 7386 7185
3 7386 7378 7185
3 7378 7386 7379
3 7383 7387 7189
3 7189 7387 7193
3 7193 7388 7194
3 7387 7388 7193
3 7194 7389 7195
3 7388 7389 7194
3 7196 7195 7389
3 7196 7389 7390
3 7392 7391 7384
3 7192 7392 7384
3 7197 7392 7192
3 7384 7391 7385
3 7390 7393 7196
3 7196 7393 7198
3 7198 7394 7199
3 7393 7394 7198
3 7200 7199 7394
3 7200 7394 7395
3 7397 7396 7201
3 7397 7201 7202
3 7197 7201 7392
3 7392 7201 7396
3 7395 7398 7200
3 7200 7398 7203
3 7203 7399 7204
3 7398 7399 7203
3 7204 7400 7205
3 7399 7400 7204
3 7205 7401 7206
3 7400 7401 7205
3 7206 7402 7207
3 7401 7402 7206
3 7207 7403 7208
3 7402 7403 7207
3 7403 7405 7404
3 7209 7403 7404
3 7208 7403 7209
3 7406 7210 7209
3 7406 7209 7404
3 7406 7212 7210
3 7408 7407 7214
3 7408 7214 7215
3 7214 7409 7216
3 7407 7409 7214
3 7216 7410 7217
3 7409 7410 7216
3 7202 7217 7397
3 7397 7217 7410
3 7405 7411 7404
3 7404 7411 7406
3 7406 7411 7412
3 7406 7412 7212
3 7412 7218 7212
3 7412 7413 7218
3 7218 7414 7219
3 7413 7414 7218
3 7219 7415 7220
3 7414 7415 7219
3 7220 7416 7221
3 7415 7416 7220
3 7221 7417 7222
3 7416 7417 7221
3 7222 7418 7223
3 7417 7418 7222
3 7223 7419 7224
3 7418 7419 7223
3 7224 7420 7225
3 7419 7420 7224
3 7225 7421 7226
3 7420 7421 7225
3 7226 7422 7227
3 7421 7422 7226
3 7227 7423 7228
3 7422 7423 7227
3 7228 7424 7229
3 7423 7424 7228
3 7215 7229 7408
3 7408 7229 7424
3 7427 7426 7425
3 7429 7428 7425
3 7425 7428 7427
3 7234 7233 7429
3 7233 7428 7429
3 7233 7430 7428
3 7431 7233 7236
3 7431 7430 7233
3 7432 7236 7237
3 7432 7431 7236
3 7433 7237 7238
3 7433 7432 7237
3 7434 7238 7239
3 7434 7433 7238
3 7435 7239 7240
3 7435 7434 7239
3 7436 7240 7241
3 7436 7435 7240
3 7437 7241 7242
3 7437 7436 7241
3 7438 7242 7243
3 7438 7437 7242
3 7439 7243 7244
3 7439 7438 7243
3 7440 7244 7245
3 7440 7439 7244
3 7441 7245 7246
3 7441 7440 7245
3 7442 7246 7247
3 7442 7441 7246
3 7443 7247 7248
3 7443 7442 7247
3 7248 7249 7443
3 7443 7249 7444
3 7446 7445 7251
3 7251 7445 7250
3 7447 7251 7252
3 7447 7446 7251
3 7448 7252 7253
3 7448 7447 7252
3 7449 7253 7254
3 7449 7448 7253
3 7450 7254 7255
3 7450 7449 7254
3 7256 7425 7426
3 7450 7256 7426
3 7255 7256 7450
3 7425 7256 7257
3 7425 7257 7429
3 7429 7257 7234
3 7451 7444 7249
3 7451 7249 7258
3 7452 7258 7259
3 7452 7451 7258
3 7259 7260 7452
3 7452 7260 7453
3 7455 7454 7262
3 7262 7454 7261
3 7456 7262 7263
3 7456 7455 7262
3 7263 7250 7445
3 7263 7445 7456
3 7457 7453 7260
3 7457 7260 7264
3 7264 7265 7457
3 7457 7265 7458
3 7460 7459 7267
3 7267 7459 7266
3 7461 7267 7268
3 7461 7460 7267
3 7268 7261 7454
3 7268 7454 7461
3 7462 7458 7265
3 7462 7265 7269
3 7269 7270 7462
3 7462 7270 7463
3 7465 7464 7273
3 7273 7464 7272
3 7466 7273 7274
3 7466 7465 7273
3 7274 7266 7459
3 7274 7459 7466
3 7467 7463 7270
3 7467 7270 7275
3 7275 7276 7467
3 7467 7276 7468
3 7470 7469 7278
3 7278 7469 7277
3 7471 7278 7279
3 7471 7470 7278
3 7279 7272 7464
3 7279 7464 7471
3 7472 7468 7276
3 7472 7276 7280
3 7474 7473 7281
3 7473 7280 7281
3 7473 7472 7280
3 7474 7475 7473
3 7476 7283 7284
3 7476 7284 7477
3 7284 7478 7477
3 7284 7285 7478
3 7479 7285 7286
3 7479 7478 7285
3 7286 7277 7469
3 7286 7469 7479
3 7287 7474 7281
3 7287 7289 7474
3 7289 7475 7474
3 7289 7480 7475
3 7482 7481 7291
3 7291 7481 7290
3 7291 7283 7476
3 7483 7291 7476
3 7482 7291 7483
3 7483 7476 7477
3 7484 7480 7289
3 7484 7289 7292
3 7292 7293 7484
3 7484 7293 7485
3 7481 7294 7290
3 7486 7294 7481
3 7293 7295 7487
3 7488 7293 7487
3 7485 7293 7488
3 7296 7487 7295
3 7486 7297 7294
3 7489 7297 7486
3 7488 7487 7490
3 7488 7490 7491
3 7299 7490 7296
3 7296 7490 7487
3 7489 7300 7297
3 7492 7300 7489
3 7491 7490 7493
3 7491 7493 7494
3 7302 7493 7299
3 7299 7493 7490
3 7492 7303 7300
3 7495 7303 7492
3 7494 7493 7496
3 7494 7496 7497
3 7305 7496 7302
3 7302 7496 7493
3 7495 7306 7303
3 7498 7306 7495
3 7497 7496 7499
3 7497 7499 7500
3 7308 7499 7305
3 7305 7499 7496
3 7498 7309 7306
3 7501 7309 7498
3 7502 7500 7499
3 7499 7308 7502
3 7308 7503 7502
3 7308 7311 7503
3 7501 7312 7309
3 7504 7312 7501
3 7314 7503 7311
3 7314 7505 7503
3 7504 7315 7312
3 7506 7315 7504
3 7317 7505 7314
3 7317 7507 7505
3 7506 7318 7315
3 7508 7318 7506
3 7320 7507 7317
3 7320 7509 7507
3 7508 7321 7318
3 7510 7321 7508
3 7320 7322 7511
3 7512 7320 7511
3 7509 7320 7512
3 7323 7511 7322
3 7510 7324 7321
3 7513 7324 7510
3 7512 7511 7514
3 7512 7514 7515
3 7325 7514 7323
3 7323 7514 7511
3 7513 7326 7324
3 7516 7326 7513
3 7515 7514 7517
3 7515 7517 7518
3 7327 7517 7325
3 7325 7517 7514
3 7516 7328 7326
3 7519 7328 7516
3 7518 7517 7520
3 7518 7520 7521
3 7330 7520 7327
3 7327 7520 7517
3 7519 7331 7328
3 7522 7331 7519
3 7521 7520 7523
3 7521 7523 7524
3 7333 7523 7330
3 7330 7523 7520
3 7522 7334 7331
3 7525 7334 7522
3 7524 7523 7526
3 7524 7526 7527
3 7336 7526 7333
3 7333 7526 7523
3 7525 7337 7334
3 7528 7337 7525
3 7527 7526 7529
3 7527 7529 7530
3 7339 7529 7336
3 7336 7529 7526
3 7528 7340 7337
3 7531 7340 7528
3 7530 7529 7532
3 7530 7532 7533
3 7342 7532 7339
3 7339 7532 7529
3 7531 7343 7340
3 7534 7343 7531
3 7533 7532 7535
3 7533 7535 7536
3 7345 7535 7342
3 7342 7535 7532
3 7534 7346 7343
3 7537 7346 7534
3 7536 7535 7538
3 7536 7538 7539
3 7348 7538 7345
3 7345 7538 7535
3 7537 7349 7346
3 7540 7349 7537
3 7539 7538 7541
3 7539 7541 7542
3 7351 7541 7348
3 7348 7541 7538
3 7540 7352 7349
3 7543 7352 7540
3 7542 7541 7544
3 7542 7544 7545
3 7354 7544 7351
3 7351 7544 7541
3 7543 7355 7352
3 7546 7355 7543
3 7545 7544 7547
3 7545 7547 7548
3 7356 7547 7354
3 7354 7547 7544
3 7546 7357 7355
3 7549 7357 7546
3 7548 7547 7358
3 7359 7548 7358
3 7550 7548 7359
3 7358 7547 7356
3 7549 7360 7357
3 7551 7360 7549
3 7553 7552 7361
3 7553 7361 7362
3 7359 7361 7550
3 7550 7361 7552
3 7551 7363 7360
3 7554 7363 7551
3 7556 7555 7365
3 7556 7365 7366
3 7362 7365 7553
3 7553 7365 7555
3 7554 7367 7363
3 7557 7367 7554
3 7560 7559 7558
3 7559 7556 7558
3 7556 7368 7558
3 7556 7366 7368
3 7557 7561 7367
3 7367 7561 7369
3 7369 7562 7370
3 7561 7562 7369
3 7370 7563 7371
3 7562 7563 7370
3 7372 7371 7563
3 7372 7563 7564
3 7560 7558 7373
3 7374 7560 7373
3 7565 7560 7374
3 7373 7558 7368
3 7564 7566 7372
3 7372 7566 7375
3 7375 7567 7376
3 7566 7567 7375
3 7377 7376 7567
3 7377 7567 7568
3 7570 7569 7380
3 7570 7380 7379
3 7374 7380 7565
3 7565 7380 7569
3 7568 7571 7377
3 7377 7571 7381
3 7381 7572 7382
3 7571 7572 7381
3 7383 7382 7572
3 7383 7572 7573
3 7575 7574 7386
3 7575 7386 7385
3 7379 7386 7570
3 7570 7386 7574
3 7573 7576 7383
3 7383 7576 7387
3 7387 7577 7388
3 7576 7577 7387
3 7388 7578 7389
3 7577 7578 7388
3 7390 7389 7578
3 7390 7578 7579
3 7581 7580 7391
3 7581 7391 7392
3 7385 7391 7575
3 7575 7391 7580
3 7579 7582 7390
3 7390 7582 7393
3 7393 7583 7394
3 7582 7583 7393
3 7395 7394 7583
3 7395 7583 7584
3 7586 7585 7396
3 7586 7396 7397
3 7392 7396 7581
3 7581 7396 7585
3 7584 7587 7395
3 7395 7587 7398
3 7398 7588 7399
3 7587 7588 7398
3 7399 7589 7400
3 7588 7589 7399
3 7400 7590 7401
3 7589 7590 7400
3 7401 7591 7402
3 7590 7591 7401
3 7591 7593 7592
3 7403 7591 7592
3 7402 7591 7403
3 7592 7405 7403
3 7596 7595 7594
3 7597 7594 7595
3 7408 7598 7407
3 7407 7598 7599
3 7600 7407 7599
3 7409 7407 7600
3 7409 7601 7410
3 7600 7601 7409
3 7397 7410 7586
3 7586 7410 7601
3 7593 7602 7592
3 7592 7602 7405
3 7602 7411 7405
3 7602 7603 7411
3 7594 7412 7596
3 7412 7603 7596
3 7412 7411 7603
3 7597 7604 7594
3 7604 7412 7594
3 7604 7413 7412
3 7413 7605 7414
3 7604 7605 7413
3 7414 7606 7415
3 7605 7606 7414
3 7415 7607 7416
3 7606 7607 7415
3 7416 7608 7417
3 7607 7608 7416
3 7417 7609 7418
3 7608 7609 7417
3 7418 7610 7419
3 7609 7610 7418
3 7419 7611 7420
3 7610 7611 7419
3 7420 7612 7421
3 7611 7612 7420
3 7421 7613 7422
3 7612 7613 7421
3 7422 7614 7423
3 7613 7614 7422
3 7423 7615 7424
3 7614 7615 7423
3 7408 7424 7598
3 7424 7616 7598
3 7424 7615 7616
3 7598 7616 7599
3 7617 7426 7427
3 7617 7427 7618
3 7427 7619 7618
3 7427 7428 7619
3 7620 7428 7430
3 7620 7619 7428
3 7621 7430 7431
3 7621 7620 7430
3 7622 7431 7432
3 7622 7621 7431
3 7623 7432 7433
3 7623 7622 7432
3 7624 7433 7434
3 7624 7623 7433
3 7625 7434 7435
3 7625 7624 7434
3 7626 7435 7436
3 7626 7625 7435
3 7627 7436 7437
3 7627 7626 7436
3 7628 7437 7438
3 7628 7627 7437
3 7629 7438 7439
3 7629 7628 7438
3 7630 7439 7440
3 7630 7629 7439
3 7631 7440 7441
3 7631 7630 7440
3 7632 7441 7442
3 7632 7631 7441
3 7633 7442 7443
3 7633 7632 7442
3 7443 7444 7633
3 7633 7444 7634
3 7636 7635 7446
3 7446 7635 7445
3 7637 7446 7447
3 7637 7636 7446
3 7638 7447 7448
3 7638 7637 7447
3 7639 7448 7449
3 7639 7638 7448
3 7640 7449 7450
3 7640 7639 7449
3 7450 7426 7617
3 7641 7450 7617
3 7640 7450 7641
3 7641 7617 7618
3 7642 7634 7444
3 7642 7444 7451
3 7643 7451 7452
3 7643 7642 7451
3 7452 7453 7643
3 7643 7453 7644
3 7646 7645 7455
3 7455 7645 7454
3 7647 7455 7456
3 7647 7646 7455
3 7456 7445 7635
3 7456 7635 7647
3 7648 7644 7453
3 7648 7453 7457
3 7457 7458 7648
3 7648 7458 7649
3 7651 7650 7460
3 7460 7650 7459
3 7652 7460 7461
3 7652 7651 7460
3 7461 7454 7645
3 7461 7645 7652
3 7653 7649 7458
3 7653 7458 7462
3 7462 7463 7653
3 7653 7463 7654
3 7656 7655 7465
3 7465 7655 7464
3 7657 7465 7466
3 7657 7656 7465
3 7466 7459 7650
3 7466 7650 7657
3 7658 7654 7463
3 7658 7463 7467
3 7467 7468 7658
3 7658 7468 7659
3 7661 7660 7470
3 7470 7660 7469
3 7662 7470 7471
3 7662 7661 7470
3 7471 7464 7655
3 7471 7655 7662
3 7663 7659 7468
3 7663 7468 7472
3 7665 7663 7664
3 7663 7473 7664
3 7663 7472 7473
3 7475 7664 7473
3 7668 7667 7666
3 7477 7478 7666
3 7478 7668 7666
3 7478 7669 7668
3 7670 7478 7479
3 7670 7669 7478
3 7479 7469 7660
3 7479 7660 7670
3 7671 7665 7664
3 7664 7475 7671
3 7475 7672 7671
3 7475 7480 7672
3 7674 7673 7482
3 7482 7673 7481
3 7483 7666 7667
3 7674 7483 7667
3 7482 7483 7674
3 7666 7483 7477
3 7480 7484 7675
3 7676 7480 7675
3 7672 7480 7676
3 7485 7675 7484
3 7673 7486 7481
3 7677 7486 7673
3 7676 7675 7678
3 7676 7678 7679
3 7488 7678 7485
3 7485 7678 7675
3 7677 7489 7486
3 7680 7489 7677
3 7679 7678 7681
3 7679 7681 7682
3 7491 7681 7488
3 7488 7681 7678
3 7680 7492 7489
3 7683 7492 7680
3 7684 7682 7681
3 7681 7491 7684
3 7491 7685 7684
3 7491 7494 7685
3 7683 7495 7492
3 7686 7495 7683
3 7497 7685 7494
3 7497 7687 7685
3 7686 7498 7495
3 7688 7498 7686
3 7500 7687 7497
3 7500 7689 7687
3 7688 7501 7498
3 7690 7501 7688
3 7500 7502 7691
3 7692 7500 7691
3 7689 7500 7692
3 7503 7691 7502
3 7690 7504 7501
3 7693 7504 7690
3 7692 7691 7694
3 7692 7694 7695
3 7505 7694 7503
3 7503 7694 7691
3 7693 7506 7504
3 7696 7506 7693
3 7695 7694 7697
3 7695 7697 7698
3 7507 7697 7505
3 7505 7697 7694
3 7696 7508 7506
3 7699 7508 7696
3 7698 7697 7700
3 7698 7700 7701
3 7509 7700 7507
3 7507 7700 7697
3 7699 7510 7508
3 7702 7510 7699
3 7701 7700 7703
3 7701 7703 7704
3 7512 7703 7509
3 7509 7703 7700
3 7702 7513 7510
3 7705 7513 7702
3 7704 7703 7706
3 7704 7706 7707
3 7515 7706 7512
3 7512 7706 7703
3 7705 7516 7513
3 7708 7516 7705
3 7707 7706 7709
3 7707 7709 7710
3 7518 7709 7515
3 7515 7709 7706
3 7708 7519 7516
3 7711 7519 7708
3 7710 7709 7712
3 7710 7712 7713
3 7521 7712 7518
3 7518 7712 7709
3 7711 7522 7519
3 7714 7522 7711
3 7713 7712 7715
3 7713 7715 7716
3 7524 7715 7521
3 7521 7715 7712
3 7714 7525 7522
3 7717 7525 7714
3 7716 7715 7718
3 7716 7718 7719
3 7527 7718 7524
3 7524 7718 7715
3 7717 7528 7525
3 7720 7528 7717
3 7719 7718 7721
3 7719 7721 7722
3 7530 7721 7527
3 7527 7721 7718
3 7720 7531 7528
3 7723 7531 7720
3 7722 7721 7724
3 7722 7724 7725
3 7533 7724 7530
3 7530 7724 7721
3 7723 7534 7531
3 7726 7534 7723
3 7729 7728 7727
3 7727 7728 7725
3 7724 7727 7725
3 7730 7727 7724
3 7536 7730 7533
3 7533 7730 7724
3 7726 7537 7534
3 7731 7537 7726
3 7732 7729 7727
3 7734 7733 7732
3 7727 7734 7732
3 7730 7734 7727
3 7539 7734 7536
3 7536 7734 7730
3 7731 7540 7537
3 7735 7540 7731
3 7733 7734 7736
3 7733 7736 7737
3 7542 7736 7539
3 7539 7736 7734
3 7735 7543 7540
3 7738 7543 7735
3 7737 7736 7739
3 7737 7739 7740
3 7545 7739 7542
3 7542 7739 7736
3 7738 7546 7543
3 7741 7546 7738
3 7740 7739 7742
3 7740 7742 7743
3 7548 7742 7545
3 7545 7742 7739
3 7741 7549 7546
3 7744 7549 7741
3 7743 7742 7745
3 7743 7745 7746
3 7550 7745 7548
3 7548 7745 7742
3 7744 7551 7549
3 7747 7551 7744
3 7746 7745 7552
3 7553 7746 7552
3 7748 7746 7553
3 7552 7745 7550
3 7747 7554 7551
3 7749 7554 7747
3 7556 7750 7555
3 7750 7751 7555
3 7751 7553 7555
3 7751 7748 7553
3 7749 7557 7554
3 7752 7557 7749
3 7754 7753 7559
3 7754 7559 7560
3 7556 7559 7750
3 7559 7755 7750
3 7559 7753 7755
3 7750 7755 7751
3 7752 7756 7557
3 7557 7756 7561
3 7561 7757 7562
3 7756 7757 7561
3 7562 7758 7563
3 7757 7758 7562
3 7564 7563 7758
3 7564 7758 7759
3 7762 7761 7760
3 7761 7754 7760
3 7754 7565 7760
3 7754 7560 7565
3 7759 7763 7564
3 7564 7763 7566
3 7566 7764 7567
3 7763 7764 7566
3 7568 7567 7764
3 7568 7764 7765
3 7768 7767 7766
3 7766 7767 7762
3 7766 7762 7760
3 7570 7766 7760
3 7569 7570 7760
3 7569 7760 7565
3 7765 7769 7568
3 7568 7769 7571
3 7571 7770 7572
3 7769 7770 7571
3 7573 7572 7770
3 7573 7770 7771
3 7768 7766 7574
3 7575 7768 7574
3 7772 7768 7575
3 7574 7766 7570
3 7771 7773 7573
3 7573 7773 7576
3 7576 7774 7577
3 7773 7774 7576
3 7577 7775 7578
3 7774 7775 7577
3 7579 7578 7775
3 7579 7775 7776
3 7778 7777 7580
3 7778 7580 7581
3 7575 7580 7772
3 7772 7580 7777
3 7776 7779 7579
3 7579 7779 7582
3 7582 7780 7583
3 7779 7780 7582
3 7584 7583 7780
3 7584 7780 7781
3 7783 7782 7585
3 7783 7585 7586
3 7581 7585 7778
3 7778 7585 7782
3 7781 7784 7584
3 7584 7784 7587
3 7587 7785 7588
3 7784 7785 7587
3 7588 7786 7589
3 7785 7786 7588
3 7589 7787 7590
3 7786 7787 7589
3 7590 7788 7591
3 7787 7788 7590
3 7790 7789 7593
3 7591 7790 7593
3 7788 7790 7591
3 7792 7791 7789
3 7792 7789 7790
3 7793 7595 7596
3 7794 7791 7792
3 7793 7597 7595
3 7797 7796 7795
3 7600 7599 7795
3 7796 7600 7795
3 7798 7600 7796
3 7600 7799 7601
3 7798 7799 7600
3 7586 7601 7783
3 7783 7601 7799
3 7789 7602 7593
3 7602 7789 7603
3 7603 7789 7791
3 7791 7794 7603
3 7794 7800 7603
3 7793 7596 7603
3 7793 7603 7800
3 7793 7800 7597
3 7800 7604 7597
3 7800 7801 7604
3 7604 7802 7605
3 7801 7802 7604
3 7605 7803 7606
3 7802 7803 7605
3 7606 7804 7607
3 7803 7804 7606
3 7607 7805 7608
3 7804 7805 7607
3 7608 7806 7609
3 7805 7806 7608
3 7609 7807 7610
3 7806 7807 7609
3 7610 7808 7611
3 7807 7808 7610
3 7611 7809 7612
3 7808 7809 7611
3 7612 7810 7613
3 7809 7810 7612
3 7613 7811 7614
3 7810 7811 7613
3 7614 7812 7615
3 7811 7812 7614
3 7795 7616 7797
3 7616 7812 7797
3 7616 7615 7812
3 7616 7795 7599
3 7815 7814 7813
3 7618 7619 7813
3 7619 7815 7813
3 7619 7816 7815
3 7817 7619 7620
3 7817 7816 7619
3 7818 7620 7621
3 7818 7817 7620
3 7819 7621 7622
3 7819 7818 7621
3 7820 7622 7623
3 7820 7819 7622
3 7821 7623 7624
3 7821 7820 7623
3 7822 7624 7625
3 7822 7821 7624
3 7823 7625 7626
3 7823 7822 7625
3 7824 7626 7627
3 7824 7823 7626
3 7825 7627 7628
3 7825 7824 7627
3 7826 7628 7629
3 7826 7825 7628
3 7827 7629 7630
3 7827 7826 7629
3 7828 7630 7631
3 7828 7827 7630
3 7829 7631 7632
3 7829 7828 7631
3 7831 7829 7830
3 7829 7633 7830
3 7829 7632 7633
3 7634 7830 7633
3 7833 7832 7636
3 7636 7832 7635
3 7834 7636 7637
3 7834 7833 7636
3 7835 7637 7638
3 7835 7834 7637
3 7836 7638 7639
3 7836 7835 7638
3 7837 7639 7640
3 7837 7836 7639
3 7641 7813 7814
3 7837 7641 7814
3 7640 7641 7837
3 7813 7641 7618
3 7838 7831 7830
3 7838 7830 7634
3 7642 7838 7634
3 7839 7838 7642
3 7841 7839 7840
3 7839 7643 7840
3 7839 7642 7643
3 7644 7840 7643
3 7843 7842 7646
3 7646 7842 7645
3 7844 7646 7647
3 7844 7843 7646
3 7647 7635 7832
3 7647 7832 7844
3 7845 7841 7840
3 7845 7840 7644
3 7648 7845 7644
3 7846 7845 7648
3 7648 7649 7846
3 7846 7649 7847
3 7849 7848 7651
3 7651 7848 7650
3 7850 7651 7652
3 7850 7849 7651
3 7652 7645 7842
3 7652 7842 7850
3 7851 7847 7649
3 7851 7649 7653
3 7653 7654 7851
3 7851 7654 7852
3 7854 7853 7656
3 7656 7853 7655
3 7855 7656 7657
3 7855 7854 7656
3 7657 7650 7848
3 7657 7848 7855
3 7856 7852 7654
3 7856 7654 7658
3 7658 7659 7856
3 7856 7659 7857
3 7860 7859 7858
3 7660 7661 7858
3 7661 7860 7858
3 7661 7861 7860
3 7862 7661 7662
3 7862 7861 7661
3 7662 7655 7853
3 7662 7853 7862
3 7863 7857 7659
3 7863 7659 7663
3 7663 7665 7863
3 7863 7665 7864
3 7865 7667 7668
3 7865 7668 7866
3 7668 7867 7866
3 7668 7669 7867
3 7670 7858 7859
3 7867 7670 7859
3 7669 7670 7867
3 7858 7670 7660
3 7665 7671 7868
3 7869 7665 7868
3 7864 7665 7869
3 7672 7868 7671
3 7871 7870 7674
3 7674 7870 7673
3 7674 7667 7865
3 7872 7674 7865
3 7871 7674 7872
3 7872 7865 7866
3 7873 7869 7868
3 7868 7672 7873
3 7672 7874 7873
3 7672 7676 7874
3 7870 7677 7673
3 7875 7677 7870
3 7679 7874 7676
3 7679 7876 7874
3 7875 7680 7677
3 7877 7680 7875
3 7682 7876 7679
3 7682 7878 7876
3 7877 7683 7680
3 7879 7683 7877
3 7682 7684 7880
3 7881 7682 7880
3 7878 7682 7881
3 7685 7880 7684
3 7879 7686 7683
3 7882 7686 7879
3 7881 7880 7883
3 7881 7883 7884
3 7687 7883 7685
3 7685 7883 7880
3 7882 7688 7686
3 7885 7688 7882
3 7884 7883 7886
3 7884 7886 7887
3 7689 7886 7687
3 7687 7886 7883
3 7885 7690 7688
3 7888 7690 7885
3 7887 7886 7889
3 7887 7889 7890
3 7692 7889 7689
3 7689 7889 7886
3 7888 7693 7690
3 7891 7693 7888
3 7890 7889 7892
3 7890 7892 7893
3 7695 7892 7692
3 7692 7892 7889
3 7891 7696 7693
3 7894 7696 7891
3 7893 7892 7895
3 7893 7895 7896
3 7698 7895 7695
3 7695 7895 7892
3 7894 7699 7696
3 7897 7699 7894
3 7896 7895 7898
3 7896 7898 7899
3 7701 7898 7698
3 7698 7898 7895
3 7897 7702 7699
3 7900 7702 7897
3 7899 7898 7901
3 7899 7901 7902
3 7704 7901 7701
3 7701 7901 7898
3 7900 7705 7702
3 7903 7705 7900
3 7902 7901 7904
3 7902 7904 7905
3 7707 7904 7704
3 7704 7904 7901
3 7903 7708 7705
3 7906 7708 7903
3 7905 7904 7907
3 7905 7907 7908
3 7710 7907 7707
3 7707 7907 7904
3 7906 7711 7708
3 7909 7711 7906
3 7908 7907 7910
3 7908 7910 7911
3 7713 7910 7710
3 7710 7910 7907
3 7909 7714 7711
3 7912 7714 7909
3 7911 7910 7913
3 7911 7913 7914
3 7716 7913 7713
3 7713 7913 7910
3 7912 7717 7714
3 7915 7717 7912
3 7914 7913 7916
3 7914 7916 7917
3 7719 7916 7716
3 7716 7916 7913
3 7915 7720 7717
3 7918 7720 7915
3 7917 7916 7919
3 7917 7919 7920
3 7722 7919 7719
3 7719 7919 7916
3 7918 7723 7720
3 7921 7723 7918
3 7920 7919 7922
3 7920 7922 7923
3 7725 7922 7722
3 7722 7922 7919
3 7921 7726 7723
3 7924 7726 7921
3 7923 7922 7728
3 7729 7923 7728
3 7925 7923 7729
3 7728 7922 7725
3 7924 7731 7726
3 7926 7731 7924
3 7729 7732 7927
3 7928 7729 7927
3 7925 7729 7928
3 7733 7927 7732
3 7926 7735 7731
3 7929 7735 7926
3 7928 7927 7930
3 7928 7930 7931
3 7737 7930 7733
3 7733 7930 7927
3 7929 7738 7735
3 7932 7738 7929
3 7931 7930 7933
3 7931 7933 7934
3 7740 7933 7737
3 7737 7933 7930
3 7932 7741 7738
3 7935 7741 7932
3 7934 7933 7936
3 7934 7936 7937
3 7743 7936 7740
3 7740 7936 7933
3 7935 7744 7741
3 7938 7744 7935
3 7937 7936 7939
3 7937 7939 7940
3 7746 7939 7743
3 7743 7939 7936
3 7938 7747 7744
3 7941 7747 7938
3 7940 7939 7942
3 7940 7942 7943
3 7748 7942 7746
3 7746 7942 7939
3 7941 7749 7747
3 7944 7749 7941
3 7943 7942 7945
3 7943 7945 7946
3 7751 7945 7748
3 7748 7945 7942
3 7944 7752 7749
3 7947 7752 7944
3 7754 7948 7753
3 7949 7946 7945
3 7753 7949 7945
3 7755 7753 7945
3 7949 7753 7948
3 7755 7945 7751
3 7947 7950 7752
3 7752 7950 7756
3 7756 7951 7757
3 7950 7951 7756
3 7757 7952 7758
3 7951 7952 7757
3 7759 7758 7952
3 7759 7952 7953
3 7762 7954 7761
3 7954 7955 7761
3 7761 7955 7754
3 7955 7956 7754
3 7956 7948 7754
3 7948 7956 7949
3 7953 7957 7759
3 7759 7957 7763
3 7763 7958 7764
3 7957 7958 7763
3 7765 7764 7958
3 7765 7958 7959
3 7961 7960 7767
3 7961 7767 7768
3 7762 7767 7954
3 7767 7962 7954
3 7767 7960 7962
3 7954 7962 7955
3 7959 7963 7765
3 7765 7963 7769
3 7769 7964 7770
3 7963 7964 7769
3 7771 7770 7964
3 7771 7964 7965
3 7968 7967 7966
3 7967 7961 7966
3 7961 7772 7966
3 7961 7768 7772
3 7965 7969 7771
3 7771 7969 7773
3 7773 7970 7774
3 7969 7970 7773
3 7774 7971 7775
3 7970 7971 7774
3 7776 7775 7971
3 7776 7971 7972
3 7968 7966 7777
3 7778 7968 7777
3 7973 7968 7778
3 7777 7966 7772
3 7972 7974 7776
3 7776 7974 7779
3 7779 7975 7780
3 7974 7975 7779
3 7781 7780 7975
3 7781 7975 7976
3 7978 7977 7782
3 7978 7782 7783
3 7778 7782 7973
3 7973 7782 7977
3 7976 7979 7781
3 7781 7979 7784
3 7784 7980 7785
3 7979 7980 7784
3 7785 7981 7786
3 7980 7981 7785
3 7786 7982 7787
3 7981 7982 7786
3 7787 7983 7788
3 7982 7983 7787
3 7788 7984 7790
3 7983 7984 7788
3 7790 7985 7792
3 7984 7985 7790
3 7794 7792 7985
3 7794 7985 7986
3 7988 7987 7796
3 7988 7796 7797
3 7796 7989 7798
3 7987 7989 7796
3 7798 7990 7799
3 7989 7990 7798
3 7783 7799 7978
3 7978 7799 7990
3 7986 7991 7794
3 7794 7991 7800
3 7800 7992 7801
3 7991 7992 7800
3 7801 7993 7802
3 7992 7993 7801
3 7802 7994 7803
3 7993 7994 7802
3 7803 7995 7804
3 7994 7995 7803
3 7804 7996 7805
3 7995 7996 7804
3 7805 7997 7806
3 7996 7997 7805
3 7806 7998 7807
3 7997 7998 7806
3 7807 7999 7808
3 7998 7999 7807
3 7808 8000 7809
3 7999 8000 7808
3 7809 8001 7810
3 8000 8001 7809
3 7810 8002 7811
3 8001 8002 7810
3 7811 8003 7812
3 8002 8003 7811
3 7797 7812 7988
3 7988 7812 8003
3 8006 8005 8004
3 7814 7815 8004
3 7815 8006 8004
3 7815 8007 8006
3 8009 8007 8008
3 8007 7816 8008
3 8007 7815 7816
3 7817 8010 7816
3 7816 8010 8008
3 8010 7817 8011
3 7817 8012 8011
3 7817 7818 8012
3 8013 7818 7819
3 8013 8012 7818
3 8014 7819 7820
3 8014 8013 7819
3 8015 7820 7821
3 8015 8014 7820
3 8016 7821 7822
3 8016 8015 7821
3 8017 7822 7823
3 8017 8016 7822
3 8018 7823 7824
3 8018 8017 7823
3 8020 8018 8019
3 8018 7825 8019
3 8018 7824 7825
3 8019 7825 8021
3 7825 8022 8021
3 7825 7826 8022
3 8023 7826 7827
3 8023 8022 7826
3 8024 7827 7828
3 8024 8023 7827
3 8025 7828 7829
3 8025 8024 7828
3 7829 7831 8025
3 8025 7831 8026
3 8028 8027 7833
3 7833 8027 7832
3 8029 7833 7834
3 8029 8028 7833
3 8030 7834 7835
3 8030 8029 7834
3 8031 7835 7836
3 8031 8030 7835
3 7837 8004 8005
3 8031 7837 8005
3 7836 7837 8031
3 8004 7837 7814
3 8032 8009 8008
3 8032 8008 8010
3 8032 8010 8033
3 8033 8010 8011
3 8034 8020 8019
3 8034 8019 8021
3 8035 8026 7831
3 8035 7831 7838
3 8036 7838 7839
3 8036 8035 7838
3 8038 8037 7841
3 8037 7839 7841
3 8037 8036 7839
3 8038 8039 8037
3 8040 7842 7843
3 8040 7843 8041
3 7843 8042 8041
3 7843 7844 8042
3 7844 7832 8027
3 7844 8027 8042
3 7845 8038 7841
3 8043 8039 8038
3 7845 8043 8038
3 7846 8043 7845
3 7846 7847 8043
3 8043 7847 8044
3 8046 8045 7849
3 7849 8045 7848
3 8047 7849 7850
3 8047 8046 7849
3 7850 7842 8040
3 8048 7850 8040
3 8047 7850 8048
3 8048 8040 8041
3 8049 8044 7847
3 8049 7847 7851
3 7851 7852 8049
3 8049 7852 8050
3 8053 8052 8051
3 7853 7854 8051
3 7854 8053 8051
3 7854 8054 8053
3 8055 7854 7855
3 8055 8054 7854
3 7855 7848 8045
3 7855 8045 8055
3 8056 8050 7852
3 8056 7852 7856
3 7856 7857 8056
3 8056 7857 8057
3 8058 7859 7860
3 8058 7860 8059
3 7860 8060 8059
3 7860 7861 8060
3 7862 8051 8052
3 8060 7862 8052
3 7861 7862 8060
3 8051 7862 7853
3 8061 8057 7857
3 8061 7857 7863
3 7863 7864 8061
3 8061 7864 8062
3 8063 7866 7867
3 8064 8063 7867
3 8064 7867 7859
3 8065 8064 7859
3 8058 8065 7859
3 8065 8058 8059
3 7869 8062 7864
3 7869 8066 8062
3 8067 7870 7871
3 7872 8068 7871
3 7871 8068 8067
3 8069 8068 7872
3 8069 7872 7866
3 8070 8069 7866
3 8063 8070 7866
3 8070 8063 8064
3 7869 7873 8071
3 8072 7869 8071
3 8066 7869 8072
3 7874 8071 7873
3 8073 7875 8067
3 8067 7875 7870
3 8074 8067 8068
3 8073 8067 8074
3 8068 8069 8075
3 8068 8075 8074
3 8072 8071 8076
3 8072 8076 8077
3 7876 8076 7874
3 7874 8076 8071
3 8078 7877 8073
3 8073 7877 7875
3 8079 8073 8074
3 8078 8073 8079
3 8074 8075 8080
3 8074 8080 8079
3 8077 8076 8081
3 8077 8081 8082
3 7878 8081 7876
3 7876 8081 8076
3 8083 7879 8078
3 8078 7879 7877
3 8084 8078 8079
3 8083 8078 8084
3 8079 8080 8085
3 8079 8085 8084
3 8082 8081 8086
3 8082 8086 8087
3 7881 8086 7878
3 7878 8086 8081
3 8088 7882 8083
3 8083 7882 7879
3 8089 8083 8084
3 8088 8083 8089
3 8084 8085 8090
3 8084 8090 8089
3 8087 8086 8091
3 8087 8091 8092
3 7884 8091 7881
3 7881 8091 8086
3 8093 7885 8088
3 8088 7885 7882
3 8094 8088 8089
3 8093 8088 8094
3 8089 8090 8095
3 8089 8095 8094
3 8092 8091 8096
3 8092 8096 8097
3 7887 8096 7884
3 7884 8096 8091
3 8098 7888 8093
3 8093 7888 7885
3 8099 8093 8094
3 8098 8093 8099
3 8094 8095 8100
3 8094 8100 8099
3 8097 8096 8101
3 8097 8101 8102
3 7890 8101 7887
3 7887 8101 8096
3 8103 7891 8098
3 8098 7891 7888
3 8104 8098 8099
3 8103 8098 8104
3 8099 8100 8105
3 8099 8105 8104
3 8102 8101 8106
3 8102 8106 8107
3 7893 8106 7890
3 7890 8106 8101
3 8108 7894 8103
3 8103 7894 7891
3 8109 8103 8104
3 8108 8103 8109
3 8104 8105 8110
3 8104 8110 8109
3 8107 8106 8111
3 8107 8111 8112
3 7896 8111 7893
3 7893 8111 8106
3 8113 7897 8108
3 8108 7897 7894
3 8114 8108 8109
3 8113 8108 8114
3 8109 8110 8115
3 8109 8115 8114
3 8112 8111 8116
3 8112 8116 8117
3 7899 8116 7896
3 7896 8116 8111
3 8118 7900 8113
3 8113 7900 7897
3 8119 8113 8114
3 8118 8113 8119
3 8114 8115 8120
3 8114 8120 8119
3 8117 8116 8121
3 8117 8121 8122
3 7902 8121 7899
3 7899 8121 8116
3 8123 7903 8118
3 8118 7903 7900
3 8124 8118 8119
3 8123 8118 8124
3 8119 8120 8125
3 8119 8125 8124
3 8122 8121 8126
3 8122 8126 8127
3 7905 8126 7902
3 7902 8126 8121
3 8128 7906 8123
3 8123 7906 7903
3 8129 8123 8124
3 8128 8123 8129
3 8124 8125 8130
3 8124 8130 8129
3 8127 8126 8131
3 8127 8131 8132
3 7908 8131 7905
3 7905 8131 8126
3 8133 7909 8128
3 8128 7909 7906
3 8134 8128 8129
3 8133 8128 8134
3 8129 8130 8135
3 8129 8135 8134
3 8132 8131 8136
3 8132 8136 8137
3 7911 8136 7908
3 7908 8136 8131
3 8138 7912 8133
3 8133 7912 7909
3 8139 8133 8134
3 8138 8133 8139
3 8134 8135 8140
3 8134 8140 8139
3 8137 8136 8141
3 8137 8141 8142
3 7914 8141 7911
3 7911 8141 8136
3 8143 7915 8138
3 8138 7915 7912
3 8144 8138 8139
3 8143 8138 8144
3 8139 8140 8145
3 8139 8145 8144
3 8142 8141 8146
3 8142 8146 8147
3 7917 8146 7914
3 7914 8146 8141
3 8148 7918 8143
3 8143 7918 7915
3 8149 8143 8144
3 8148 8143 8149
3 8144 8145 8150
3 8144 8150 8149
3 8147 8146 8151
3 8147 8151 8152
3 7920 8151 7917
3 7917 8151 8146
3 8153 7921 8148
3 8148 7921 7918
3 8154 8148 8149
3 8153 8148 8154
3 8149 8150 8155
3 8149 8155 8154
3 8152 8151 8156
3 8152 8156 8157
3 7923 8156 7920
3 7920 8156 8151
3 8158 7924 8153
3 8153 7924 7921
3 8159 8153 8154
3 8158 8153 8159
3 8154 8155 8160
3 8154 8160 8159
3 8157 8156 8161
3 8157 8161 8162
3 7925 8161 7923
3 7923 8161 8156
3 8163 7926 8158
3 8158 7926 7924
3 8164 8158 8159
3 8163 8158 8164
3 8159 8160 8165
3 8159 8165 8164
3 8162 8161 8166
3 8162 8166 8167
3 7928 8166 7925
3 7925 8166 8161
3 8168 7929 8163
3 8163 7929 7926
3 8169 8163 8164
3 8168 8163 8169
3 8164 8165 8170
3 8164 8170 8169
3 8167 8166 8171
3 8167 8171 8172
3 7931 8171 7928
3 7928 8171 8166
3 8173 7932 8168
3 8168 7932 7929
3 8174 8168 8169
3 8173 8168 8174
3 8169 8170 8175
3 8169 8175 8174
3 8172 8171 8176
3 8172 8176 8177
3 7934 8176 7931
3 7931 8176 8171
3 8178 7935 8173
3 8173 7935 7932
3 8179 8173 8174
3 8178 8173 8179
3 8174 8175 8180
3 8174 8180 8179
3 8177 8176 8181
3 8177 8181 8182
3 7937 8181 7934
3 7934 8181 8176
3 8183 7938 8178
3 8178 7938 7935
3 8184 8178 8179
3 8183 8178 8184
3 8179 8180 8185
3 8179 8185 8184
3 8182 8181 8186
3 8182 8186 8187
3 7940 8186 7937
3 7937 8186 8181
3 8188 7941 8183
3 8183 7941 7938
3 8189 8183 8184
3 8188 8183 8189
3 8184 8185 8190
3 8184 8190 8189
3 8187 8186 8191
3 8187 8191 8192
3 7943 8191 7940
3 7940 8191 8186
3 8193 7944 8188
3 8188 7944 7941
3 8194 8188 8189
3 8193 8188 8194
3 8189 8190 8195
3 8189 8195 8194
3 8192 8191 8196
3 8192 8196 8197
3 7946 8196 7943
3 7943 8196 8191
3 8198 7947 8193
3 8193 7947 7944
3 8199 8193 8194
3 8198 8193 8199
3 8194 8195 8200
3 8194 8200 8199
3 8197 8196 8201
3 8197 8201 8202
3 7949 8201 7946
3 7946 8201 8196
3 8198 7950 7947
3 7950 8198 7951
3 7951 8198 8199
3 8200 8203 8199
3 8203 7951 8199
3 8203 7952 7951
3 7953 7952 8203
3 7953 8203 8204
3 8207 8206 8205
3 8205 8206 8202
3 8205 8202 8201
3 7955 8205 8201
3 7956 7955 8201
3 7956 8201 7949
3 8204 8208 7953
3 7953 8208 7957
3 7957 8209 7958
3 8208 8209 7957
3 7959 7958 8209
3 7959 8209 8210
3 7961 8211 7960
3 8212 8207 8205
3 7960 8212 8205
3 7962 7960 8205
3 8212 7960 8211
3 7962 8205 7955
3 8210 8213 7959
3 7959 8213 7963
3 7963 8214 7964
3 8213 8214 7963
3 7965 7964 8214
3 7965 8214 8215
3 7968 8216 7967
3 8216 8217 7967
3 7967 8217 7961
3 8217 8218 7961
3 8218 8211 7961
3 8211 8218 8212
3 8215 8219 7965
3 7965 8219 7969
3 7969 8220 7970
3 8219 8220 7969
3 7970 8221 7971
3 8220 8221 7970
3 7972 7971 8221
3 7972 8221 8222
3 8225 8224 8223
3 8224 8226 8216
3 7973 8224 8216
3 7968 7973 8216
3 8223 8224 7973
3 8216 8226 8217
3 8222 8227 7972
3 7972 8227 7974
3 7974 8228 7975
3 8227 8228 7974
3 7976 7975 8228
3 7976 8228 8229
3 8225 8223 7977
3 7978 8225 7977
3 8230 8225 7978
3 7977 8223 7973
3 8229 8231 7976
3 7976 8231 7979
3 7979 8232 7980
3 8231 8232 7979
3 7980 8233 7981
3 8232 8233 7980
3 7981 8234 7982
3 8233 8234 7981
3 7982 8235 7983
3 8234 8235 7982
3 7983 8236 7984
3 8235 8236 7983
3 7984 8237 7985
3 8236 8237 7984
3 7986 7985 8237
3 7986 8237 8238
3 8241 8240 8239
3 8242 8239 8240
3 8244 8243 7987
3 8244 7987 7988
3 7987 8245 7989
3 8243 8245 7987
3 7989 8246 7990
3 8245 8246 7989
3 7978 7990 8230
3 8230 7990 8246
3 8238 8247 7986
3 7986 8247 7991
3 7991 8248 7992
3 8247 8248 7991
3 7992 8249 7993
3 8248 8249 7992
3 7993 8250 7994
3 8249 8250 7993
3 7994 8251 7995
3 8250 8251 7994
3 7995 8252 7996
3 8251 8252 7995
3 8239 7997 8241
3 7997 8252 8241
3 7997 7996 8252
3 8242 8253 8239
3 8253 7997 8239
3 8253 7998 7997
3 7998 8254 7999
3 8253 8254 7998
3 7999 8255 8000
3 8254 8255 7999
3 8000 8256 8001
3 8255 8256 8000
3 8001 8257 8002
3 8256 8257 8001
3 8002 8258 8003
3 8257 8258 8002
3 7988 8003 8244
3 8244 8003 8258
3 8259 8005 8006
3 8007 8260 8006
3 8006 8260 8259
3 8262 8260 8261
3 8260 8007 8261
3 8009 8263 8261
3 8009 8261 8007
3 8265 8264 8263
3 8263 8264 8261
3 8011 8012 8265
3 8012 8264 8265
3 8012 8266 8264
3 8267 8012 8013
3 8267 8266 8012
3 8268 8013 8014
3 8268 8267 8013
3 8270 8268 8269
3 8268 8015 8269
3 8268 8014 8015
3 8016 8271 8015
3 8015 8271 8269
3 8017 8272 8016
3 8016 8272 8271
3 8018 8273 8017
3 8017 8273 8272
3 8275 8273 8274
3 8273 8018 8274
3 8020 8276 8274
3 8020 8274 8018
3 8021 8022 8276
3 8022 8274 8276
3 8022 8277 8274
3 8278 8022 8023
3 8278 8277 8022
3 8279 8023 8024
3 8279 8278 8023
3 8280 8024 8025
3 8280 8279 8024
3 8025 8026 8280
3 8280 8026 8281
3 8282 8027 8028
3 8282 8028 8283
3 8028 8284 8283
3 8028 8029 8284
3 8285 8029 8030
3 8285 8284 8029
3 8286 8030 8031
3 8286 8285 8030
3 8031 8005 8259
3 8287 8031 8259
3 8286 8031 8287
3 8287 8259 8260
3 8287 8260 8288
3 8009 8032 8263
3 8260 8262 8288
3 8263 8032 8033
3 8263 8033 8265
3 8265 8033 8011
3 8289 8270 8269
3 8289 8269 8271
3 8289 8271 8290
3 8290 8271 8272
3 8290 8272 8291
3 8291 8272 8273
3 8291 8273 8292
3 8020 8034 8276
3 8273 8275 8292
3 8276 8034 8021
3 8293 8281 8026
3 8293 8026 8035
3 8294 8035 8036
3 8294 8293 8035
3 8295 8036 8037
3 8295 8294 8036
3 8037 8039 8295
3 8295 8039 8296
3 8299 8298 8297
3 8041 8042 8297
3 8042 8299 8297
3 8042 8300 8299
3 8042 8027 8282
3 8301 8042 8282
3 8300 8042 8301
3 8301 8282 8283
3 8302 8296 8039
3 8302 8039 8043
3 8043 8044 8302
3 8302 8044 8303
3 8305 8304 8046
3 8046 8304 8045
3 8306 8046 8047
3 8306 8305 8046
3 8048 8297 8298
3 8306 8048 8298
3 8047 8048 8306
3 8297 8048 8041
3 8307 8303 8044
3 8307 8044 8049
3 8049 8050 8307
3 8307 8050 8308
3 8309 8052 8053
3 8309 8053 8310
3 8053 8311 8310
3 8053 8054 8311
3 8312 8054 8055
3 8312 8311 8054
3 8055 8045 8304
3 8055 8304 8312
3 8313 8308 8050
3 8313 8050 8056
3 8056 8057 8313
3 8313 8057 8314
3 8315 8059 8060
3 8316 8315 8060
3 8316 8060 8052
3 8317 8316 8052
3 8309 8317 8052
3 8317 8309 8310
3 8057 8061 8318
3 8319 8057 8318
3 8314 8057 8319
3 8062 8318 8061
3 8320 8064 8065
3 8059 8315 8065
3 8315 8320 8065
3 8315 8321 8320
3 8315 8316 8322
3 8315 8322 8321
3 8319 8318 8323
3 8319 8323 8324
3 8066 8323 8062
3 8062 8323 8318
3 8325 8069 8070
3 8064 8320 8070
3 8320 8325 8070
3 8320 8326 8325
3 8321 8328 8327
3 8326 8321 8327
3 8320 8321 8326
3 8328 8321 8322
3 8324 8323 8329
3 8324 8329 8330
3 8072 8329 8066
3 8066 8329 8323
3 8331 8075 8325
3 8325 8075 8069
3 8332 8325 8326
3 8331 8325 8332
3 8326 8327 8333
3 8326 8333 8332
3 8330 8329 8334
3 8330 8334 8335
3 8077 8334 8072
3 8072 8334 8329
3 8336 8080 8331
3 8331 8080 8075
3 8337 8331 8332
3 8336 8331 8337
3 8332 8333 8338
3 8332 8338 8337
3 8335 8334 8339
3 8335 8339 8340
3 8082 8339 8077
3 8077 8339 8334
3 8341 8085 8336
3 8336 8085 8080
3 8342 8336 8337
3 8341 8336 8342
3 8337 8338 8343
3 8337 8343 8342
3 8340 8339 8344
3 8340 8344 8345
3 8087 8344 8082
3 8082 8344 8339
3 8346 8090 8341
3 8341 8090 8085
3 8347 8341 8342
3 8346 8341 8347
3 8342 8343 8348
3 8342 8348 8347
3 8345 8344 8349
3 8345 8349 8350
3 8092 8349 8087
3 8087 8349 8344
3 8351 8095 8346
3 8346 8095 8090
3 8352 8346 8347
3 8351 8346 8352
3 8347 8348 8353
3 8354 8347 8353
3 8352 8347 8354
3 8355 8354 8353
3 8350 8349 8356
3 8350 8356 8357
3 8097 8356 8092
3 8092 8356 8349
3 8358 8100 8351
3 8351 8100 8095
3 8359 8351 8352
3 8358 8351 8359
3 8354 8361 8360
3 8359 8354 8360
3 8352 8354 8359
3 8361 8354 8355
3 8357 8356 8362
3 8357 8362 8363
3 8102 8362 8097
3 8097 8362 8356
3 8364 8105 8358
3 8358 8105 8100
3 8365 8358 8359
3 8364 8358 8365
3 8359 8360 8366
3 8359 8366 8365
3 8363 8362 8367
3 8363 8367 8368
3 8107 8367 8102
3 8102 8367 8362
3 8369 8110 8364
3 8364 8110 8105
3 8370 8364 8365
3 8369 8364 8370
3 8365 8366 8371
3 8365 8371 8370
3 8368 8367 8372
3 8368 8372 8373
3 8112 8372 8107
3 8107 8372 8367
3 8374 8115 8369
3 8369 8115 8110
3 8375 8369 8370
3 8374 8369 8375
3 8370 8371 8376
3 8370 8376 8375
3 8373 8372 8377
3 8373 8377 8378
3 8117 8377 8112
3 8112 8377 8372
3 8379 8120 8374
3 8374 8120 8115
3 8380 8374 8375
3 8379 8374 8380
3 8375 8376 8381
3 8375 8381 8380
3 8378 8377 8382
3 8378 8382 8383
3 8122 8382 8117
3 8117 8382 8377
3 8384 8125 8379
3 8379 8125 8120
3 8385 8379 8380
3 8384 8379 8385
3 8380 8381 8386
3 8380 8386 8385
3 8383 8382 8387
3 8383 8387 8388
3 8127 8387 8122
3 8122 8387 8382
3 8389 8130 8384
3 8384 8130 8125
3 8390 8384 8385
3 8389 8384 8390
3 8385 8386 8391
3 8385 8391 8390
3 8388 8387 8392
3 8388 8392 8393
3 8132 8392 8127
3 8127 8392 8387
3 8394 8135 8389
3 8389 8135 8130
3 8395 8389 8390
3 8394 8389 8395
3 8390 8391 8396
3 8390 8396 8395
3 8393 8392 8397
3 8393 8397 8398
3 8137 8397 8132
3 8132 8397 8392
3 8399 8140 8394
3 8394 8140 8135
3 8400 8394 8395
3 8399 8394 8400
3 8395 8396 8401
3 8395 8401 8400
3 8398 8397 8402
3 8398 8402 8403
3 8142 8402 8137
3 8137 8402 8397
3 8404 8145 8399
3 8399 8145 8140
3 8405 8399 8400
3 8404 8399 8405
3 8400 8401 8406
3 8400 8406 8405
3 8403 8402 8407
3 8403 8407 8408
3 8147 8407 8142
3 8142 8407 8402
3 8409 8150 8404
3 8404 8150 8145
3 8410 8404 8405
3 8409 8404 8410
3 8405 8406 8411
3 8405 8411 8410
3 8408 8407 8412
3 8408 8412 8413
3 8152 8412 8147
3 8147 8412 8407
3 8414 8155 8409
3 8409 8155 8150
3 8415 8409 8410
3 8414 8409 8415
3 8410 8411 8416
3 8410 8416 8415
3 8413 8412 8417
3 8413 8417 8418
3 8157 8417 8152
3 8152 8417 8412
3 8419 8160 8414
3 8414 8160 8155
3 8420 8414 8415
3 8419 8414 8420
3 8415 8416 8421
3 8415 8421 8420
3 8418 8417 8422
3 8418 8422 8423
3 8162 8422 8157
3 8157 8422 8417
3 8424 8165 8419
3 8419 8165 8160
3 8425 8419 8420
3 8424 8419 8425
3 8420 8421 8426
3 8427 8420 8426
3 8425 8420 8427
3 8428 8427 8426
3 8423 8422 8429
3 8423 8429 8430
3 8167 8429 8162
3 8162 8429 8422
3 8431 8170 8424
3 8424 8170 8165
3 8432 8424 8425
3 8431 8424 8432
3 8433 8425 8427
3 8432 8425 8433
3 8427 8428 8434
3 8427 8434 8433
3 8430 8429 8435
3 8430 8435 8436
3 8172 8435 8167
3 8167 8435 8429
3 8437 8175 8431
3 8431 8175 8170
3 8438 8431 8432
3 8437 8431 8438
3 8439 8432 8433
3 8438 8432 8439
3 8433 8434 8440
3 8433 8440 8439
3 8436 8435 8441
3 8436 8441 8442
3 8177 8441 8172
3 8172 8441 8435
3 8443 8180 8437
3 8437 8180 8175
3 8444 8437 8438
3 8443 8437 8444
3 8445 8438 8439
3 8444 8438 8445
3 8439 8440 8446
3 8439 8446 8445
3 8442 8441 8447
3 8442 8447 8448
3 8182 8447 8177
3 8177 8447 8441
3 8449 8185 8443
3 8443 8185 8180
3 8450 8443 8444
3 8449 8443 8450
3 8451 8444 8445
3 8450 8444 8451
3 8445 8446 8452
3 8445 8452 8451
3 8448 8447 8453
3 8448 8453 8454
3 8187 8453 8182
3 8182 8453 8447
3 8455 8190 8449
3 8449 8190 8185
3 8456 8449 8450
3 8455 8449 8456
3 8457 8450 8451
3 8456 8450 8457
3 8451 8452 8458
3 8451 8458 8457
3 8454 8453 8459
3 8454 8459 8460
3 8192 8459 8187
3 8187 8459 8453
3 8461 8195 8455
3 8455 8195 8190
3 8462 8455 8456
3 8461 8455 8462
3 8463 8456 8457
3 8462 8456 8463
3 8457 8458 8464
3 8457 8464 8463
3 8460 8459 8465
3 8460 8465 8466
3 8197 8465 8192
3 8192 8465 8459
3 8467 8200 8461
3 8461 8200 8195
3 8468 8461 8462
3 8467 8461 8468
3 8469 8462 8463
3 8468 8462 8469
3 8463 8464 8470
3 8463 8470 8469
3 8466 8465 8471
3 8466 8471 8472
3 8202 8471 8197
3 8197 8471 8465
3 8467 8203 8200
3 8203 8467 8204
3 8467 8473 8204
3 8467 8468 8473
3 8474 8468 8469
3 8473 8468 8474
3 8469 8470 8475
3 8469 8475 8474
3 8472 8471 8206
3 8207 8472 8206
3 8476 8472 8207
3 8206 8471 8202
3 8473 8208 8204
3 8208 8473 8209
3 8209 8473 8474
3 8210 8209 8474
3 8475 8210 8474
3 8477 8210 8475
3 8480 8479 8478
3 8479 8476 8478
3 8476 8212 8478
3 8476 8207 8212
3 8477 8481 8210
3 8210 8481 8213
3 8213 8482 8214
3 8481 8482 8213
3 8215 8214 8482
3 8215 8482 8483
3 8480 8478 8218
3 8217 8480 8218
3 8484 8480 8217
3 8218 8478 8212
3 8483 8485 8215
3 8215 8485 8219
3 8219 8486 8220
3 8485 8486 8219
3 8220 8487 8221
3 8486 8487 8220
3 8222 8221 8487
3 8222 8487 8488
3 8225 8489 8224
3 8224 8489 8490
3 8491 8224 8490
3 8226 8224 8491
3 8217 8226 8484
3 8484 8226 8491
3 8488 8492 8222
3 8222 8492 8227
3 8227 8493 8228
3 8492 8493 8227
3 8229 8228 8493
3 8229 8493 8494
3 8230 8495 8489
3 8230 8489 8225
3 8490 8489 8496
3 8496 8489 8495
3 8494 8497 8229
3 8229 8497 8231
3 8231 8498 8232
3 8497 8498 8231
3 8232 8499 8233
3 8498 8499 8232
3 8233 8500 8234
3 8499 8500 8233
3 8234 8501 8235
3 8500 8501 8234
3 8235 8502 8236
3 8501 8502 8235
3 8502 8504 8503
3 8237 8502 8503
3 8236 8502 8237
3 8503 8238 8237
3 8507 8506 8505
3 8509 8508 8505
3 8509 8505 8506
3 8511 8510 8508
3 8511 8508 8509
3 8513 8512 8510
3 8513 8510 8511
3 8514 8240 8241
3 8515 8512 8513
3 8514 8242 8240
3 8518 8517 8516
3 8520 8519 8516
3 8520 8516 8517
3 8522 8521 8519
3 8522 8519 8520
3 8243 8244 8521
3 8522 8243 8521
3 8523 8243 8522
3 8243 8524 8245
3 8523 8524 8243
3 8245 8525 8246
3 8524 8525 8245
3 8230 8246 8495
3 8246 8526 8495
3 8246 8525 8526
3 8495 8526 8496
3 8504 8527 8503
3 8503 8527 8238
3 8527 8247 8238
3 8527 8528 8247
3 8247 8529 8248
3 8528 8529 8247
3 8505 8249 8507
3 8249 8529 8507
3 8249 8248 8529
3 8249 8505 8250
3 8250 8505 8508
3 8250 8508 8251
3 8251 8508 8510
3 8251 8510 8252
3 8252 8510 8512
3 8512 8515 8252
3 8515 8530 8252
3 8514 8241 8252
3 8514 8252 8530
3 8514 8530 8242
3 8530 8253 8242
3 8530 8531 8253
3 8253 8532 8254
3 8531 8532 8253
3 8254 8533 8255
3 8532 8533 8254
3 8516 8256 8518
3 8256 8533 8518
3 8256 8255 8533
3 8256 8516 8257
3 8257 8516 8519
3 8257 8519 8258
3 8258 8519 8521
3 8258 8521 8244
3 8536 8535 8534
3 8262 8261 8534
3 8261 8536 8534
3 8261 8537 8536
3 8538 8261 8264
3 8538 8537 8261
3 8540 8538 8539
3 8538 8266 8539
3 8538 8264 8266
3 8267 8541 8266
3 8266 8541 8539
3 8268 8542 8267
3 8267 8542 8541
3 8270 8542 8268
3 8545 8544 8543
3 8275 8274 8543
3 8274 8545 8543
3 8274 8546 8545
3 8547 8274 8277
3 8547 8546 8274
3 8549 8547 8548
3 8547 8278 8548
3 8547 8277 8278
3 8279 8550 8278
3 8278 8550 8548
3 8280 8551 8279
3 8279 8551 8550
3 8281 8551 8280
3 8554 8553 8552
3 8283 8284 8552
3 8284 8554 8552
3 8284 8555 8554
3 8556 8284 8285
3 8556 8555 8284
3 8557 8285 8286
3 8557 8556 8285
3 8558 8286 8287
3 8558 8557 8286
3 8288 8534 8535
3 8558 8288 8535
3 8287 8288 8558
3 8534 8288 8262
3 8559 8540 8539
3 8559 8539 8541
3 8559 8541 8560
3 8560 8541 8542
3 8560 8542 8561
3 8561 8542 8270
3 8289 8561 8270
3 8562 8561 8289
3 8563 8289 8290
3 8563 8562 8289
3 8564 8290 8291
3 8564 8563 8290
3 8292 8543 8544
3 8564 8292 8544
3 8291 8292 8564
3 8543 8292 8275
3 8565 8549 8548
3 8565 8548 8550
3 8565 8550 8566
3 8566 8550 8551
3 8566 8551 8567
3 8567 8551 8281
3 8293 8567 8281
3 8568 8567 8293
3 8569 8293 8294
3 8569 8568 8293
3 8571 8569 8570
3 8569 8295 8570
3 8569 8294 8295
3 8296 8570 8295
3 8573 8572 8299
3 8299 8572 8298
3 8574 8299 8300
3 8574 8573 8299
3 8301 8552 8553
3 8574 8301 8553
3 8300 8301 8574
3 8552 8301 8283
3 8575 8571 8570
3 8575 8570 8296
3 8302 8575 8296
3 8576 8575 8302
3 8302 8303 8576
3 8576 8303 8577
3 8579 8578 8305
3 8305 8578 8304
3 8580 8305 8306
3 8580 8579 8305
3 8306 8298 8572
3 8306 8572 8580
3 8581 8577 8303
3 8581 8303 8307
3 8307 8308 8581
3 8581 8308 8582
3 8583 8310 8311
3 8583 8311 8584
3 8311 8585 8584
3 8311 8312 8585
3 8312 8304 8578
3 8312 8578 8585
3 8308 8313 8586
3 8587 8308 8586
3 8582 8308 8587
3 8314 8586 8313
3 8588 8316 8317
3 8310 8583 8317
3 8583 8588 8317
3 8583 8589 8588
3 8583 8584 8590
3 8583 8590 8589
3 8587 8586 8591
3 8587 8591 8592
3 8319 8591 8314
3 8314 8591 8586
3 8593 8322 8588
3 8588 8322 8316
3 8594 8588 8589
3 8593 8588 8594
3 8589 8590 8595
3 8589 8595 8594
3 8592 8591 8596
3 8592 8596 8597
3 8324 8596 8319
3 8319 8596 8591
3 8598 8327 8328
3 8322 8593 8328
3 8593 8598 8328
3 8593 8599 8598
3 8600 8593 8594
3 8599 8593 8600
3 8594 8595 8601
3 8602 8594 8601
3 8600 8594 8602
3 8603 8602 8601
3 8597 8596 8604
3 8597 8604 8605
3 8330 8604 8324
3 8324 8604 8596
3 8606 8333 8598
3 8598 8333 8327
3 8607 8598 8599
3 8606 8598 8607
3 8608 8599 8600
3 8607 8599 8608
3 8602 8610 8609
3 8608 8602 8609
3 8600 8602 8608
3 8610 8602 8603
3 8605 8604 8611
3 8605 8611 8612
3 8335 8611 8330
3 8330 8611 8604
3 8613 8338 8606
3 8606 8338 8333
3 8614 8606 8607
3 8613 8606 8614
3 8608 8616 8615
3 8614 8608 8615
3 8607 8608 8614
3 8616 8608 8609
3 8612 8611 8617
3 8612 8617 8618
3 8340 8617 8335
3 8335 8617 8611
3 8619 8343 8613
3 8613 8343 8338
3 8620 8613 8614
3 8619 8613 8620
3 8614 8615 8621
3 8614 8621 8620
3 8618 8617 8622
3 8618 8622 8623
3 8345 8622 8340
3 8340 8622 8617
3 8624 8348 8619
3 8619 8348 8343
3 8625 8619 8620
3 8624 8619 8625
3 8620 8621 8626
3 8627 8620 8626
3 8625 8620 8627
3 8628 8627 8626
3 8623 8622 8629
3 8623 8629 8630
3 8350 8629 8345
3 8345 8629 8622
3 8624 8353 8348
3 8353 8624 8355
3 8624 8631 8355
3 8624 8625 8631
3 8632 8625 8627
3 8631 8625 8632
3 8627 8628 8633
3 8627 8633 8632
3 8630 8629 8634
3 8630 8634 8635
3 8357 8634 8350
3 8350 8634 8629
3 8636 8360 8361
3 8355 8631 8361
3 8631 8636 8361
3 8631 8637 8636
3 8638 8631 8632
3 8637 8631 8638
3 8632 8633 8639
3 8632 8639 8638
3 8635 8634 8640
3 8635 8640 8641
3 8363 8640 8357
3 8357 8640 8634
3 8642 8366 8636
3 8636 8366 8360
3 8643 8636 8637
3 8642 8636 8643
3 8644 8637 8638
3 8643 8637 8644
3 8638 8639 8645
3 8638 8645 8644
3 8641 8640 8646
3 8641 8646 8647
3 8368 8646 8363
3 8363 8646 8640
3 8648 8371 8642
3 8642 8371 8366
3 8649 8642 8643
3 8648 8642 8649
3 8650 8643 8644
3 8649 8643 8650
3 8644 8645 8651
3 8644 8651 8650
3 8647 8646 8652
3 8647 8652 8653
3 8373 8652 8368
3 8368 8652 8646
3 8654 8376 8648
3 8648 8376 8371
3 8655 8648 8649
3 8654 8648 8655
3 8656 8649 8650
3 8655 8649 8656
3 8650 8651 8657
3 8650 8657 8656
3 8653 8652 8658
3 8653 8658 8659
3 8378 8658 8373
3 8373 8658 8652
3 8660 8381 8654
3 8654 8381 8376
3 8661 8654 8655
3 8660 8654 8661
3 8662 8655 8656
3 8661 8655 8662
3 8656 8657 8663
3 8656 8663 8662
3 8659 8658 8664
3 8659 8664 8665
3 8383 8664 8378
3 8378 8664 8658
3 8666 8386 8660
3 8660 8386 8381
3 8667 8660 8661
3 8666 8660 8667
3 8668 8661 8662
3 8667 8661 8668
3 8662 8663 8669
3 8662 8669 8668
3 8665 8664 8670
3 8665 8670 8671
3 8388 8670 8383
3 8383 8670 8664
3 8672 8391 8666
3 8666 8391 8386
3 8673 8666 8667
3 8672 8666 8673
3 8674 8667 8668
3 8673 8667 8674
3 8668 8669 8675
3 8668 8675 8674
3 8671 8670 8676
3 8671 8676 8677
3 8393 8676 8388
3 8388 8676 8670
3 8678 8396 8672
3 8672 8396 8391
3 8679 8672 8673
3 8678 8672 8679
3 8680 8673 8674
3 8679 8673 8680
3 8674 8675 8681
3 8674 8681 8680
3 8684 8683 8682
3 8682 8683 8677
3 8676 8682 8677
3 8685 8682 8676
3 8398 8685 8393
3 8393 8685 8676
3 8686 8401 8678
3 8678 8401 8396
3 8687 8678 8679
3 8686 8678 8687
3 8688 8679 8680
3 8687 8679 8688
3 8680 8681 8689
3 8680 8689 8688
3 8690 8684 8682
3 8692 8691 8690
3 8682 8692 8690
3 8685 8692 8682
3 8403 8692 8398
3 8398 8692 8685
3 8693 8406 8686
3 8686 8406 8401
3 8694 8686 8687
3 8693 8686 8694
3 8695 8687 8688
3 8694 8687 8695
3 8688 8689 8696
3 8688 8696 8695
3 8691 8692 8697
3 8691 8697 8698
3 8408 8697 8403
3 8403 8697 8692
3 8699 8411 8693
3 8693 8411 8406
3 8700 8693 8694
3 8699 8693 8700
3 8701 8694 8695
3 8700 8694 8701
3 8695 8696 8702
3 8695 8702 8701
3 8698 8697 8703
3 8698 8703 8704
3 8413 8703 8408
3 8408 8703 8697
3 8705 8416 8699
3 8699 8416 8411
3 8706 8699 8700
3 8705 8699 8706
3 8707 8700 8701
3 8706 8700 8707
3 8701 8702 8708
3 8701 8708 8707
3 8704 8703 8709
3 8704 8709 8710
3 8418 8709 8413
3 8413 8709 8703
3 8711 8421 8705
3 8705 8421 8416
3 8712 8705 8706
3 8711 8705 8712
3 8713 8706 8707
3 8712 8706 8713
3 8707 8708 8714
3 8707 8714 8713
3 8710 8709 8715
3 8710 8715 8716
3 8423 8715 8418
3 8418 8715 8709
3 8711 8426 8421
3 8426 8711 8428
3 8711 8717 8428
3 8711 8712 8717
3 8718 8712 8713
3 8717 8712 8718
3 8713 8714 8719
3 8713 8719 8718
3 8716 8715 8720
3 8716 8720 8721
3 8430 8720 8423
3 8423 8720 8715
3 8722 8434 8717
3 8717 8434 8428
3 8723 8717 8718
3 8722 8717 8723
3 8718 8719 8724
3 8718 8724 8723
3 8721 8720 8725
3 8721 8725 8726
3 8436 8725 8430
3 8430 8725 8720
3 8727 8440 8722
3 8722 8440 8434
3 8728 8722 8723
3 8727 8722 8728
3 8723 8724 8729
3 8723 8729 8728
3 8726 8725 8730
3 8726 8730 8731
3 8442 8730 8436
3 8436 8730 8725
3 8732 8446 8727
3 8727 8446 8440
3 8733 8727 8728
3 8732 8727 8733
3 8728 8729 8734
3 8728 8734 8733
3 8731 8730 8735
3 8731 8735 8736
3 8448 8735 8442
3 8442 8735 8730
3 8737 8452 8732
3 8732 8452 8446
3 8738 8732 8733
3 8737 8732 8738
3 8733 8734 8739
3 8733 8739 8738
3 8736 8735 8740
3 8736 8740 8741
3 8454 8740 8448
3 8448 8740 8735
3 8742 8458 8737
3 8737 8458 8452
3 8743 8737 8738
3 8742 8737 8743
3 8738 8739 8744
3 8738 8744 8743
3 8741 8740 8745
3 8741 8745 8746
3 8460 8745 8454
3 8454 8745 8740
3 8747 8464 8742
3 8742 8464 8458
3 8748 8742 8743
3 8747 8742 8748
3 8743 8744 8749
3 8743 8749 8748
3 8746 8745 8750
3 8746 8750 8751
3 8466 8750 8460
3 8460 8750 8745
3 8752 8470 8747
3 8747 8470 8464
3 8753 8747 8748
3 8752 8747 8753
3 8748 8749 8754
3 8748 8754 8753
3 8751 8750 8755
3 8751 8755 8756
3 8472 8755 8466
3 8466 8755 8750
3 8757 8475 8752
3 8752 8475 8470
3 8758 8752 8753
3 8757 8752 8758
3 8753 8754 8759
3 8753 8759 8758
3 8756 8755 8760
3 8756 8760 8761
3 8476 8760 8472
3 8472 8760 8755
3 8762 8477 8757
3 8757 8477 8475
3 8763 8757 8758
3 8762 8757 8763
3 8758 8759 8764
3 8758 8764 8763
3 8767 8766 8765
3 8765 8766 8761
3 8765 8761 8760
3 8480 8765 8760
3 8479 8480 8760
3 8479 8760 8476
3 8762 8481 8477
3 8481 8762 8482
3 8482 8762 8763
3 8483 8482 8763
3 8764 8483 8763
3 8768 8483 8764
3 8767 8765 8769
3 8767 8769 8770
3 8484 8769 8480
3 8480 8769 8765
3 8768 8771 8483
3 8483 8771 8485
3 8485 8772 8486
3 8771 8772 8485
3 8486 8773 8487
3 8772 8773 8486
3 8488 8487 8773
3 8488 8773 8774
3 8770 8769 8491
3 8490 8770 8491
3 8775 8770 8490
3 8491 8769 8484
3 8774 8776 8488
3 8488 8776 8492
3 8492 8777 8493
3 8776 8777 8492
3 8494 8493 8777
3 8494 8777 8778
3 8781 8780 8779
3 8780 8775 8779
3 8775 8496 8779
3 8775 8490 8496
3 8778 8782 8494
3 8494 8782 8497
3 8497 8783 8498
3 8782 8783 8497
3 8498 8784 8499
3 8783 8784 8498
3 8499 8785 8500
3 8784 8785 8499
3 8500 8786 8501
3 8785 8786 8500
3 8501 8787 8502
3 8786 8787 8501
3 8789 8788 8504
3 8502 8789 8504
3 8787 8789 8502
3 8791 8790 8788
3 8791 8788 8789
3 8793 8792 8790
3 8793 8790 8791
3 8506 8507 8792
3 8793 8506 8792
3 8794 8506 8793
3 8506 8795 8509
3 8794 8795 8506
3 8795 8797 8796
3 8511 8795 8796
3 8509 8795 8511
3 8798 8513 8511
3 8798 8511 8796
3 8798 8515 8513
3 8801 8800 8799
3 8803 8802 8799
3 8803 8799 8800
3 8805 8804 8802
3 8805 8802 8803
3 8517 8518 8804
3 8805 8517 8804
3 8806 8517 8805
3 8517 8807 8520
3 8806 8807 8517
3 8807 8809 8808
3 8522 8807 8808
3 8520 8807 8522
3 8522 8808 8810
3 8811 8522 8810
3 8523 8522 8811
3 8523 8812 8524
3 8811 8812 8523
3 8524 8813 8525
3 8812 8813 8524
3 8779 8526 8781
3 8526 8813 8781
3 8526 8525 8813
3 8526 8779 8496
3 8788 8527 8504
3 8527 8788 8528
3 8528 8788 8790
3 8528 8790 8529
3 8529 8790 8792
3 8529 8792 8507
3 8797 8814 8796
3 8796 8814 8798
3 8798 8814 8815
3 8798 8815 8515
3 8815 8530 8515
3 8815 8816 8530
3 8799 8531 8801
3 8531 8816 8801
3 8531 8530 8816
3 8531 8799 8532
3 8532 8799 8802
3 8532 8802 8533
3 8533 8802 8804
3 8533 8804 8518
3 8809 8817 8808
3 8808 8817 8810
3 8820 8819 8818
3 8818 8535 8820
3 8535 8536 8820
3 8822 8821 8820
3 8822 8820 8536
3 8537 8823 8536
3 8536 8823 8822
3 8538 8824 8537
3 8537 8824 8823
3 8540 8824 8538
3 8827 8826 8825
3 8825 8828 8827
3 8829 8544 8545
3 8546 8830 8545
3 8545 8830 8829
3 8547 8831 8546
3 8546 8831 8830
3 8549 8831 8547
3 8833 8832 8554
3 8554 8832 8553
3 8834 8554 8555
3 8834 8833 8554
3 8835 8555 8556
3 8835 8834 8555
3 8836 8556 8557
3 8836 8835 8556
3 8558 8818 8819
3 8836 8558 8819
3 8557 8558 8836
3 8822 8837 8821
3 8535 8818 8558
3 8837 8822 8823
3 8837 8823 8838
3 8838 8823 8824
3 8838 8824 8839
3 8839 8824 8540
3 8559 8839 8540
3 8840 8839 8559
3 8841 8559 8560
3 8841 8840 8559
3 8842 8560 8561
3 8842 8841 8560
3 8843 8561 8562
3 8843 8842 8561
3 8563 8825 8826
3 8843 8563 8826
3 8562 8563 8843
3 8844 8828 8825
3 8563 8844 8825
3 8564 8844 8563
3 8564 8544 8829
3 8845 8564 8829
3 8844 8564 8845
3 8845 8829 8830
3 8845 8830 8846
3 8846 8830 8831
3 8846 8831 8847
3 8847 8831 8549
3 8565 8847 8549
3 8848 8847 8565
3 8849 8565 8566
3 8849 8848 8565
3 8850 8566 8567
3 8850 8849 8566
3 8851 8567 8568
3 8851 8850 8567
3 8852 8568 8569
3 8852 8851 8568
3 8854 8853 8571
3 8853 8569 8571
3 8853 8852 8569
3 8854 8855 8853
3 8857 8856 8573
3 8573 8856 8572
3 8858 8573 8574
3 8858 8857 8573
3 8574 8553 8832
3 8574 8832 8858
3 8575 8854 8571
3 8859 8855 8854
3 8575 8859 8854
3 8576 8859 8575
3 8576 8577 8859
3 8859 8577 8860
3 8861 8578 8579
3 8580 8862 8579
3 8579 8862 8861
3 8863 8862 8580
3 8572 8863 8580
3 8856 8863 8572
3 8577 8581 8864
3 8865 8577 8864
3 8860 8577 8865
3 8582 8864 8581
3 8866 8584 8585
3 8578 8861 8585
3 8861 8866 8585
3 8861 8867 8866
3 8868 8861 8862
3 8867 8861 8868
3 8862 8863 8869
3 8862 8869 8868
3 8865 8864 8870
3 8865 8870 8871
3 8587 8870 8582
3 8582 8870 8864
3 8872 8590 8866
3 8866 8590 8584
3 8873 8866 8867
3 8872 8866 8873
3 8874 8867 8868
3 8873 8867 8874
3 8868 8869 8875
3 8868 8875 8874
3 8871 8870 8876
3 8871 8876 8877
3 8592 8876 8587
3 8587 8876 8870
3 8878 8595 8872
3 8872 8595 8590
3 8879 8872 8873
3 8878 8872 8879
3 8880 8873 8874
3 8879 8873 8880
3 8874 8875 8881
3 8874 8881 8880
3 8877 8876 8882
3 8877 8882 8883
3 8597 8882 8592
3 8592 8882 8876
3 8878 8601 8595
3 8601 8878 8603
3 8878 8884 8603
3 8878 8879 8884
3 8885 8879 8880
3 8884 8879 8885
3 8880 8881 8886
3 8880 8886 8885
3 8883 8882 8887
3 8883 8887 8888
3 8605 8887 8597
3 8597 8887 8882
3 8889 8609 8610
3 8603 8884 8610
3 8884 8889 8610
3 8884 8890 8889
3 8885 8892 8891
3 8890 8885 8891
3 8884 8885 8890
3 8892 8885 8886
3 8888 8887 8893
3 8888 8893 8894
3 8612 8893 8605
3 8605 8893 8887
3 8895 8615 8616
3 8609 8889 8616
3 8889 8895 8616
3 8889 8896 8895
3 8897 8889 8890
3 8896 8889 8897
3 8890 8891 8898
3 8890 8898 8897
3 8894 8893 8899
3 8894 8899 8900
3 8618 8899 8612
3 8612 8899 8893
3 8901 8621 8895
3 8895 8621 8615
3 8902 8895 8896
3 8901 8895 8902
3 8903 8896 8897
3 8902 8896 8903
3 8897 8898 8904
3 8897 8904 8903
3 8900 8899 8905
3 8900 8905 8906
3 8623 8905 8618
3 8618 8905 8899
3 8901 8626 8621
3 8626 8901 8628
3 8901 8907 8628
3 8901 8902 8907
3 8908 8902 8903
3 8907 8902 8908
3 8903 8904 8909
3 8903 8909 8908
3 8906 8905 8910
3 8906 8910 8911
3 8630 8910 8623
3 8623 8910 8905
3 8912 8633 8907
3 8907 8633 8628
3 8913 8907 8908
3 8912 8907 8913
3 8908 8909 8914
3 8915 8908 8914
3 8913 8908 8915
3 8916 8915 8914
3 8911 8910 8917
3 8911 8917 8918
3 8635 8917 8630
3 8630 8917 8910
3 8919 8639 8912
3 8912 8639 8633
3 8920 8912 8913
3 8919 8912 8920
3 8915 8922 8921
3 8920 8915 8921
3 8913 8915 8920
3 8922 8915 8916
3 8918 8917 8923
3 8918 8923 8924
3 8641 8923 8635
3 8635 8923 8917
3 8925 8645 8919
3 8919 8645 8639
3 8926 8919 8920
3 8925 8919 8926
3 8920 8921 8927
3 8920 8927 8926
3 8924 8923 8928
3 8924 8928 8929
3 8647 8928 8641
3 8641 8928 8923
3 8930 8651 8925
3 8925 8651 8645
3 8931 8925 8926
3 8930 8925 8931
3 8926 8927 8932
3 8926 8932 8931
3 8929 8928 8933
3 8929 8933 8934
3 8653 8933 8647
3 8647 8933 8928
3 8935 8657 8930
3 8930 8657 8651
3 8936 8930 8931
3 8935 8930 8936
3 8931 8932 8937
3 8938 8931 8937
3 8936 8931 8938
3 8939 8938 8937
3 8934 8933 8940
3 8934 8940 8941
3 8659 8940 8653
3 8653 8940 8933
3 8942 8663 8935
3 8935 8663 8657
3 8943 8935 8936
3 8942 8935 8943
3 8944 8936 8938
3 8943 8936 8944
3 8938 8939 8945
3 8938 8945 8944
3 8941 8940 8946
3 8941 8946 8947
3 8665 8946 8659
3 8659 8946 8940
3 8948 8669 8942
3 8942 8669 8663
3 8949 8942 8943
3 8948 8942 8949
3 8944 8951 8950
3 8949 8944 8950
3 8943 8944 8949
3 8951 8944 8945
3 8947 8946 8952
3 8947 8952 8953
3 8671 8952 8665
3 8665 8952 8946
3 8954 8675 8948
3 8948 8675 8669
3 8955 8948 8949
3 8954 8948 8955
3 8949 8950 8956
3 8949 8956 8955
3 8953 8952 8957
3 8953 8957 8958
3 8677 8957 8671
3 8671 8957 8952
3 8959 8681 8954
3 8954 8681 8675
3 8960 8954 8955
3 8959 8954 8960
3 8955 8956 8961
3 8955 8961 8960
3 8958 8957 8683
3 8684 8958 8683
3 8962 8958 8684
3 8683 8957 8677
3 8963 8689 8959
3 8959 8689 8681
3 8964 8959 8960
3 8963 8959 8964
3 8960 8961 8965
3 8960 8965 8964
3 8684 8690 8966
3 8967 8684 8966
3 8962 8684 8967
3 8691 8966 8690
3 8968 8696 8963
3 8963 8696 8689
3 8969 8963 8964
3 8968 8963 8969
3 8964 8965 8970
3 8971 8964 8970
3 8969 8964 8971
3 8972 8971 8970
3 8967 8966 8973
3 8967 8973 8974
3 8698 8973 8691
3 8691 8973 8966
3 8975 8702 8968
3 8968 8702 8696
3 8976 8968 8969
3 8975 8968 8976
3 8971 8978 8977
3 8976 8971 8977
3 8969 8971 8976
3 8978 8971 8972
3 8974 8973 8979
3 8974 8979 8980
3 8704 8979 8698
3 8698 8979 8973
3 8981 8708 8975
3 8975 8708 8702
3 8982 8975 8976
3 8981 8975 8982
3 8976 8977 8983
3 8976 8983 8982
3 8980 8979 8984
3 8980 8984 8985
3 8710 8984 8704
3 8704 8984 8979
3 8986 8714 8981
3 8981 8714 8708
3 8987 8981 8982
3 8986 8981 8987
3 8982 8983 8988
3 8982 8988 8987
3 8985 8984 8989
3 8985 8989 8990
3 8716 8989 8710
3 8710 8989 8984
3 8991 8719 8986
3 8986 8719 8714
3 8992 8986 8987
3 8991 8986 8992
3 8987 8988 8993
3 8987 8993 8992
3 8990 8989 8994
3 8990 8994 8995
3 8721 8994 8716
3 8716 8994 8989
3 8996 8724 8991
3 8991 8724 8719
3 8997 8991 8992
3 8996 8991 8997
3 8992 8993 8998
3 8992 8998 8997
3 9001 9000 8999
3 8999 9000 8995
3 8994 8999 8995
3 9002 8999 8994
3 8726 9002 8721
3 8721 9002 8994
3 9003 8729 8996
3 8996 8729 8724
3 9004 8996 8997
3 9003 8996 9004
3 8997 8998 9005
3 9006 8997 9005
3 9004 8997 9006
3 9007 9006 9005
3 9008 9001 8999
3 9010 9009 9008
3 8999 9010 9008
3 9002 9010 8999
3 8731 9010 8726
3 8726 9010 9002
3 9011 8734 9003
3 9003 8734 8729
3 9012 9003 9004
3 9011 9003 9012
3 9013 9004 9006
3 9012 9004 9013
3 9006 9007 9014
3 9006 9014 9013
3 9009 9010 9015
3 9009 9015 9016
3 8736 9015 8731
3 8731 9015 9010
3 9017 8739 9011
3 9011 8739 8734
3 9018 9011 9012
3 9017 9011 9018
3 9019 9012 9013
3 9018 9012 9019
3 9013 9014 9020
3 9013 9020 9019
3 9016 9015 9021
3 9016 9021 9022
3 8741 9021 8736
3 8736 9021 9015
3 9023 8744 9017
3 9017 8744 8739
3 9024 9017 9018
3 9023 9017 9024
3 9025 9018 9019
3 9024 9018 9025
3 9019 9020 9026
3 9019 9026 9025
3 9022 9021 9027
3 9022 9027 9028
3 8746 9027 8741
3 8741 9027 9021
3 9029 8749 9023
3 9023 8749 8744
3 9030 9023 9024
3 9029 9023 9030
3 9031 9024 9025
3 9030 9024 9031
3 9025 9026 9032
3 9025 9032 9031
3 9028 9027 9033
3 9028 9033 9034
3 8751 9033 8746
3 8746 9033 9027
3 9035 8754 9029
3 9029 8754 8749
3 9036 9029 9030
3 9035 9029 9036
3 9037 9030 9031
3 9036 9030 9037
3 9031 9032 9038
3 9031 9038 9037
3 9034 9033 9039
3 9034 9039 9040
3 8756 9039 8751
3 8751 9039 9033
3 9041 8759 9035
3 9035 8759 8754
3 9042 9035 9036
3 9041 9035 9042
3 9043 9036 9037
3 9042 9036 9043
3 9037 9038 9044
3 9037 9044 9043
3 9047 9046 9045
3 9045 9046 9040
3 9039 9045 9040
3 9048 9045 9039
3 8761 9048 8756
3 8756 9048 9039
3 9049 8764 9041
3 9041 8764 8759
3 9050 9041 9042
3 9049 9041 9050
3 9051 9042 9043
3 9050 9042 9051
3 9043 9044 9052
3 9043 9052 9051
3 9047 9045 9053
3 9047 9053 9054
3 8767 9053 8766
3 9053 9048 8766
3 9053 9045 9048
3 8766 9048 8761
3 9055 8768 9049
3 9049 8768 8764
3 9056 9049 9050
3 9055 9049 9056
3 9057 9050 9051
3 9056 9050 9057
3 9051 9052 9058
3 9051 9058 9057
3 9054 9053 9059
3 9054 9059 9060
3 8770 9059 8767
3 8767 9059 9053
3 9055 8771 8768
3 8771 9055 8772
3 8772 9055 9056
3 8772 9056 8773
3 8773 9056 9057
3 8774 8773 9057
3 9058 8774 9057
3 9061 8774 9058
3 9060 9059 9062
3 9060 9062 9063
3 8775 9062 8770
3 8770 9062 9059
3 9061 9064 8774
3 8774 9064 8776
3 8776 9065 8777
3 9064 9065 8776
3 8778 8777 9065
3 8778 9065 9066
3 9063 9062 8780
3 8781 9063 8780
3 9067 9063 8781
3 8780 9062 8775
3 9066 9068 8778
3 8778 9068 8782
3 8782 9069 8783
3 9068 9069 8782
3 8783 9070 8784
3 9069 9070 8783
3 8784 9071 8785
3 9070 9071 8784
3 8785 9072 8786
3 9071 9072 8785
3 8786 9073 8787
3 9072 9073 8786
3 8787 9074 8789
3 9073 9074 8787
3 8789 9075 8791
3 9074 9075 8789
3 8791 9076 8793
3 9075 9076 8791
3 8793 9077 8794
3 9076 9077 8793
3 9077 9079 9078
3 8795 9077 9078
3 8794 9077 8795
3 8797 8795 9078
3 9082 9081 9080
3 9084 9083 9082
3 9084 9082 9080
3 9086 9085 9083
3 9086 9083 9084
3 8800 8801 9085
3 9086 8800 9085
3 9087 8800 9086
3 8800 9088 8803
3 9087 9088 8800
3 8803 9089 8805
3 9088 9089 8803
3 9089 9091 9090
3 8806 9089 9090
3 8805 9089 8806
3 9092 8807 8806
3 9092 8806 9090
3 8809 8807 9092
3 9095 9094 9093
3 8811 8810 9095
3 9093 8811 9095
3 9096 8811 9093
3 8811 9097 8812
3 9096 9097 8811
3 8812 9098 8813
3 9097 9098 8812
3 8781 8813 9067
3 9067 8813 9098
3 9079 9099 9078
3 9081 9082 9099
3 9082 8814 9099
3 8797 9078 9099
3 8797 9099 8814
3 8814 9082 8815
3 8815 9082 9083
3 8815 9083 8816
3 8816 9083 9085
3 8816 9085 8801
3 9091 9100 9090
3 9090 9100 9092
3 9092 9100 9101
3 9094 9095 9101
3 9095 8817 9101
3 8809 9092 9101
3 8809 9101 8817
3 8817 9095 8810
3 9102 8819 8820
3 8821 9102 8820
3 9103 8826 8827
3 8828 9103 8827
3 9105 9104 8833
3 8833 9104 8832
3 9106 8833 8834
3 9106 9105 8833
3 9107 8834 8835
3 9107 9106 8834
3 9108 8835 8836
3 9108 9107 8835
3 8836 8819 9102
3 9109 8836 9102
3 9108 8836 9109
3 9109 9102 8821
3 8837 9109 8821
3 9110 9109 8837
3 9111 8837 8838
3 9111 9110 8837
3 9112 8838 8839
3 9112 9111 8838
3 9113 8839 8840
3 9113 9112 8839
3 9114 8840 8841
3 9114 9113 8840
3 9115 8841 8842
3 9115 9114 8841
3 9116 8842 8843
3 9116 9115 8842
3 8843 8826 9103
3 9117 8843 9103
3 9116 8843 9117
3 9117 9103 8828
3 8844 9117 8828
3 9118 9117 8844
3 9119 8844 8845
3 9119 9118 8844
3 9120 8845 8846
3 9120 9119 8845
3 9121 8846 8847
3 9121 9120 8846
3 9122 8847 8848
3 9122 9121 8847
3 9123 8848 8849
3 9123 9122 8848
3 9124 8849 8850
3 9124 9123 8849
3 9125 8850 8851
3 9125 9124 8850
3 9126 8851 8852
3 9126 9125 8851
3 9127 8852 8853
3 9127 9126 8852
3 8853 8855 9127
3 9127 8855 9128
3 9129 8856 8857
3 8858 9130 8857
3 8857 9130 9129
3 9131 9130 8858
3 8832 9131 8858
3 9104 9131 8832
3 8855 8859 9132
3 9133 8855 9132
3 9128 8855 9133
3 8860 9132 8859
3 9134 8863 9129
3 9129 8863 8856
3 9135 9129 9130
3 9134 9129 9135
3 9130 9131 9136
3 9130 9136 9135
3 9139 9138 9137
3 9137 9138 9133
3 9132 9137 9133
3 9140 9137 9132
3 8865 9140 8860
3 8860 9140 9132
3 9141 8869 9134
3 9134 8869 8863
3 9142 9134 9135
3 9141 9134 9142
3 9135 9136 9143
3 9135 9143 9142
3 9144 9139 9137
3 9146 9145 9144
3 9137 9146 9144
3 9140 9146 9137
3 8871 9146 8865
3 8865 9146 9140
3 9147 8875 9141
3 9141 8875 8869
3 9148 9141 9142
3 9147 9141 9148
3 9142 9143 9149
3 9142 9149 9148
3 9145 9146 9150
3 9145 9150 9151
3 8877 9150 8871
3 8871 9150 9146
3 9152 8881 9147
3 9147 8881 8875
3 9153 9147 9148
3 9152 9147 9153
3 9148 9149 9154
3 9148 9154 9153
3 9151 9150 9155
3 9151 9155 9156
3 8883 9155 8877
3 8877 9155 9150
3 9157 8886 9152
3 9152 8886 8881
3 9158 9152 9153
3 9157 9152 9158
3 9153 9154 9159
3 9153 9159 9158
3 9156 9155 9160
3 9156 9160 9161
3 8888 9160 8883
3 8883 9160 9155
3 9162 8891 8892
3 8886 9157 8892
3 9157 9162 8892
3 9157 9163 9162
3 9164 9157 9158
3 9163 9157 9164
3 9158 9159 9165
3 9158 9165 9164
3 9161 9160 9166
3 9161 9166 9167
3 8894 9166 8888
3 8888 9166 9160
3 9168 8898 9162
3 9162 8898 8891
3 9169 9162 9163
3 9168 9162 9169
3 9164 9171 9170
3 9169 9164 9170
3 9163 9164 9169
3 9171 9164 9165
3 9167 9166 9172
3 9167 9172 9173
3 8900 9172 8894
3 8894 9172 9166
3 9174 8904 9168
3 9168 8904 8898
3 9175 9168 9169
3 9174 9168 9175
3 9169 9170 9176
3 9177 9169 9176
3 9175 9169 9177
3 9178 9177 9176
3 9173 9172 9179
3 9173 9179 9180
3 8906 9179 8900
3 8900 9179 9172
3 9181 8909 9174
3 9174 8909 8904
3 9182 9174 9175
3 9181 9174 9182
3 9183 9175 9177
3 9182 9175 9183
3 9177 9178 9184
3 9177 9184 9183
3 9180 9179 9185
3 9180 9185 9186
3 8911 9185 8906
3 8906 9185 9179
3 9181 8914 8909
3 8914 9181 8916
3 9181 9187 8916
3 9181 9182 9187
3 9188 9182 9183
3 9187 9182 9188
3 9183 9184 9189
3 9183 9189 9188
3 9186 9185 9190
3 9186 9190 9191
3 8918 9190 8911
3 8911 9190 9185
3 9192 8921 8922
3 8916 9187 8922
3 9187 9192 8922
3 9187 9193 9192
3 9194 9187 9188
3 9193 9187 9194
3 9188 9189 9195
3 9188 9195 9194
3 9191 9190 9196
3 9191 9196 9197
3 8924 9196 8918
3 8918 9196 9190
3 9198 8927 9192
3 9192 8927 8921
3 9199 9192 9193
3 9198 9192 9199
3 9200 9193 9194
3 9199 9193 9200
3 9194 9195 9201
3 9194 9201 9200
3 9197 9196 9202
3 9197 9202 9203
3 8929 9202 8924
3 8924 9202 9196
3 9204 8932 9198
3 9198 8932 8927
3 9205 9198 9199
3 9204 9198 9205
3 9206 9199 9200
3 9205 9199 9206
3 9200 9201 9207
3 9200 9207 9206
3 9203 9202 9208
3 9203 9208 9209
3 8934 9208 8929
3 8929 9208 9202
3 9204 8937 8932
3 8937 9204 8939
3 9204 9210 8939
3 9204 9205 9210
3 9211 9205 9206
3 9210 9205 9211
3 9206 9207 9212
3 9206 9212 9211
3 9209 9208 9213
3 9209 9213 9214
3 8941 9213 8934
3 8934 9213 9208
3 9215 8945 9210
3 9210 8945 8939
3 9216 9210 9211
3 9215 9210 9216
3 9211 9212 9217
3 9211 9217 9216
3 9214 9213 9218
3 9214 9218 9219
3 8947 9218 8941
3 8941 9218 9213
3 9220 8950 8951
3 8945 9215 8951
3 9215 9220 8951
3 9215 9221 9220
3 9222 9215 9216
3 9221 9215 9222
3 9216 9217 9223
3 9216 9223 9222
3 9219 9218 9224
3 9219 9224 9225
3 8953 9224 8947
3 8947 9224 9218
3 9226 8956 9220
3 9220 8956 8950
3 9227 9220 9221
3 9226 9220 9227
3 9228 9221 9222
3 9227 9221 9228
3 9222 9223 9229
3 9222 9229 9228
3 9225 9224 9230
3 9225 9230 9231
3 8958 9230 8953
3 8953 9230 9224
3 9232 8961 9226
3 9226 8961 8956
3 9233 9226 9227
3 9232 9226 9233
3 9234 9227 9228
3 9233 9227 9234
3 9228 9229 9235
3 9228 9235 9234
3 9231 9230 9236
3 9231 9236 9237
3 8962 9236 8958
3 8958 9236 9230
3 9238 8965 9232
3 9232 8965 8961
3 9239 9232 9233
3 9238 9232 9239
3 9240 9233 9234
3 9239 9233 9240
3 9234 9235 9241
3 9234 9241 9240
3 9237 9236 9242
3 9237 9242 9243
3 8967 9242 8962
3 8962 9242 9236
3 9238 8970 8965
3 8970 9238 8972
3 9238 9244 8972
3 9238 9239 9244
3 9245 9239 9240
3 9244 9239 9245
3 9240 9241 9246
3 9240 9246 9245
3 9243 9242 9247
3 9243 9247 9248
3 8974 9247 8967
3 8967 9247 9242
3 9249 8977 8978
3 8972 9244 8978
3 9244 9249 8978
3 9244 9250 9249
3 9251 9244 9245
3 9250 9244 9251
3 9245 9246 9252
3 9245 9252 9251
3 9248 9247 9253
3 9248 9253 9254
3 8980 9253 8974
3 8974 9253 9247
3 9255 8983 9249
3 9249 8983 8977
3 9256 9249 9250
3 9255 9249 9256
3 9257 9250 9251
3 9256 9250 9257
3 9251 9252 9258
3 9251 9258 9257
3 9254 9253 9259
3 9254 9259 9260
3 8985 9259 8980
3 8980 9259 9253
3 9261 8988 9255
3 9255 8988 8983
3 9262 9255 9256
3 9261 9255 9262
3 9263 9256 9257
3 9262 9256 9263
3 9257 9258 9264
3 9257 9264 9263
3 9260 9259 9265
3 9260 9265 9266
3 8990 9265 8985
3 8985 9265 9259
3 9267 8993 9261
3 9261 8993 8988
3 9268 9261 9262
3 9267 9261 9268
3 9269 9262 9263
3 9268 9262 9269
3 9263 9264 9270
3 9263 9270 9269
3 9266 9265 9271
3 9266 9271 9272
3 8995 9271 8990
3 8990 9271 9265
3 9273 8998 9267
3 9267 8998 8993
3 9274 9267 9268
3 9273 9267 9274
3 9275 9268 9269
3 9274 9268 9275
3 9269 9270 9276
3 9269 9276 9275
3 9272 9271 9000
3 9001 9272 9000
3 9277 9272 9001
3 9000 9271 8995
3 9273 9005 8998
3 9005 9273 9007
3 9273 9278 9007
3 9273 9274 9278
3 9279 9274 9275
3 9278 9274 9279
3 9275 9276 9280
3 9275 9280 9279
3 9001 9008 9281
3 9282 9001 9281
3 9277 9001 9282
3 9009 9281 9008
3 9283 9014 9278
3 9278 9014 9007
3 9284 9278 9279
3 9283 9278 9284
3 9279 9280 9285
3 9279 9285 9284
3 9282 9281 9286
3 9282 9286 9287
3 9016 9286 9009
3 9009 9286 9281
3 9288 9020 9283
3 9283 9020 9014
3 9289 9283 9284
3 9288 9283 9289
3 9284 9285 9290
3 9284 9290 9289
3 9287 9286 9291
3 9287 9291 9292
3 9022 9291 9016
3 9016 9291 9286
3 9293 9026 9288
3 9288 9026 9020
3 9294 9288 9289
3 9293 9288 9294
3 9289 9290 9295
3 9289 9295 9294
3 9292 9291 9296
3 9292 9296 9297
3 9028 9296 9022
3 9022 9296 9291
3 9298 9032 9293
3 9293 9032 9026
3 9299 9293 9294
3 9298 9293 9299
3 9294 9295 9300
3 9294 9300 9299
3 9297 9296 9301
3 9297 9301 9302
3 9034 9301 9028
3 9028 9301 9296
3 9303 9038 9298
3 9298 9038 9032
3 9304 9298 9299
3 9303 9298 9304
3 9299 9300 9305
3 9299 9305 9304
3 9302 9301 9306
3 9302 9306 9307
3 9040 9306 9034
3 9034 9306 9301
3 9308 9044 9303
3 9303 9044 9038
3 9309 9303 9304
3 9308 9303 9309
3 9304 9305 9310
3 9304 9310 9309
3 9307 9306 9046
3 9047 9307 9046
3 9311 9307 9047
3 9046 9306 9040
3 9312 9052 9308
3 9308 9052 9044
3 9313 9308 9309
3 9312 9308 9313
3 9309 9310 9314
3 9309 9314 9313
3 9317 9316 9315
3 9316 9311 9315
3 9311 9054 9315
3 9311 9047 9054
3 9318 9058 9312
3 9312 9058 9052
3 9319 9312 9313
3 9318 9312 9319
3 9313 9314 9320
3 9313 9320 9319
3 9317 9315 9321
3 9317 9321 9322
3 9060 9321 9054
3 9054 9321 9315
3 9323 9061 9318
3 9318 9061 9058
3 9324 9318 9319
3 9323 9318 9324
3 9319 9320 9325
3 9319 9325 9324
3 9322 9321 9326
3 9322 9326 9327
3 9063 9326 9060
3 9060 9326 9321
3 9323 9064 9061
3 9064 9323 9065
3 9065 9323 9324
3 9066 9065 9324
3 9325 9066 9324
3 9328 9066 9325
3 9327 9326 9329
3 9327 9329 9330
3 9067 9329 9063
3 9063 9329 9326
3 9328 9331 9066
3 9066 9331 9068
3 9068 9332 9069
3 9331 9332 9068
3 9069 9333 9070
3 9332 9333 9069
3 9070 9334 9071
3 9333 9334 9070
3 9071 9335 9072
3 9334 9335 9071
3 9072 9336 9073
3 9335 9336 9072
3 9073 9337 9074
3 9336 9337 9073
3 9074 9338 9075
3 9337 9338 9074
3 9075 9339 9076
3 9338 9339 9075
3 9076 9340 9077
3 9339 9340 9076
3 9342 9341 9079
3 9077 9342 9079
3 9340 9342 9077
3 9080 9081 9341
3 9342 9080 9341
3 9343 9080 9342
3 9080 9344 9084
3 9343 9344 9080
3 9084 9345 9086
3 9344 9345 9084
3 9086 9346 9087
3 9345 9346 9086
3 9087 9347 9088
3 9346 9347 9087
3 9088 9348 9089
3 9347 9348 9088
3 9350 9349 9091
3 9089 9350 9091
3 9348 9350 9089
3 9352 9351 9349
3 9352 9349 9350
3 9093 9094 9351
3 9352 9093 9351
3 9353 9093 9352
3 9093 9354 9096
3 9353 9354 9093
3 9096 9355 9097
3 9354 9355 9096
3 9329 9098 9330
3 9098 9355 9330
3 9098 9097 9355
3 9098 9329 9067
3 9341 9099 9079
3 9099 9341 9081
3 9349 9100 9091
3 9100 9349 9101
3 9101 9349 9351
3 9101 9351 9094
3 9356 9104 9105
3 9106 9357 9105
3 9105 9357 9356
3 9107 9358 9106
3 9106 9358 9357
3 9108 9359 9107
3 9107 9359 9358
3 9109 9360 9108
3 9108 9360 9359
3 9110 9361 9109
3 9109 9361 9360
3 9111 9362 9110
3 9110 9362 9361
3 9112 9363 9111
3 9111 9363 9362
3 9113 9364 9112
3 9112 9364 9363
3 9114 9365 9113
3 9113 9365 9364
3 9115 9366 9114
3 9114 9366 9365
3 9116 9367 9115
3 9115 9367 9366
3 9117 9368 9116
3 9116 9368 9367
3 9118 9369 9117
3 9117 9369 9368
3 9119 9370 9118
3 9118 9370 9369
3 9120 9371 9119
3 9119 9371 9370
3 9121 9372 9120
3 9120 9372 9371
3 9122 9373 9121
3 9121 9373 9372
3 9123 9374 9122
3 9122 9374 9373
3 9124 9375 9123
3 9123 9375 9374
3 9125 9376 9124
3 9124 9376 9375
3 9126 9377 9125
3 9125 9377 9376
3 9127 9378 9126
3 9126 9378 9377
3 9128 9378 9127
3 9379 9131 9356
3 9356 9131 9104
3 9380 9356 9357
3 9379 9356 9380
3 9381 9357 9358
3 9380 9357 9381
3 9382 9358 9359
3 9381 9358 9382
3 9383 9359 9360
3 9382 9359 9383
3 9384 9360 9361
3 9383 9360 9384
3 9385 9361 9362
3 9384 9361 9385
3 9386 9362 9363
3 9385 9362 9386
3 9387 9363 9364
3 9386 9363 9387
3 9388 9364 9365
3 9387 9364 9388
3 9389 9365 9366
3 9388 9365 9389
3 9367 9391 9390
3 9389 9367 9390
3 9366 9367 9389
3 9393 9392 9391
3 9367 9393 9391
3 9368 9393 9367
3 9394 9368 9369
3 9393 9368 9394
3 9395 9369 9370
3 9394 9369 9395
3 9396 9370 9371
3 9395 9370 9396
3 9397 9371 9372
3 9396 9371 9397
3 9398 9372 9373
3 9397 9372 9398
3 9399 9373 9374
3 9398 9373 9399
3 9400 9374 9375
3 9399 9374 9400
3 9401 9375 9376
3 9400 9375 9401
3 9402 9376 9377
3 9401 9376 9402
3 9403 9377 9378
3 9402 9377 9403
3 9133 9403 9128
3 9128 9403 9378
3 9404 9136 9379
3 9379 9136 9131
3 9405 9379 9380
3 9404 9379 9405
3 9406 9380 9381
3 9405 9380 9406
3 9407 9381 9382
3 9406 9381 9407
3 9408 9382 9383
3 9407 9382 9408
3 9384 9410 9409
3 9408 9384 9409
3 9383 9384 9408
3 9412 9411 9410
3 9384 9412 9410
3 9385 9412 9384
3 9413 9385 9386
3 9412 9385 9413
3 9414 9386 9387
3 9413 9386 9414
3 9415 9387 9388
3 9414 9387 9415
3 9416 9388 9389
3 9415 9388 9416
3 9389 9390 9417
3 9418 9389 9417
3 9416 9389 9418
3 9392 9393 9419
3 9417 9420 9418
3 9419 9393 9394
3 9419 9394 9421
3 9423 9422 9421
3 9394 9423 9421
3 9395 9423 9394
3 9424 9395 9396
3 9423 9395 9424
3 9425 9396 9397
3 9424 9396 9425
3 9426 9397 9398
3 9425 9397 9426
3 9427 9398 9399
3 9426 9398 9427
3 9428 9399 9400
3 9427 9399 9428
3 9429 9400 9401
3 9428 9400 9429
3 9402 9431 9430
3 9429 9402 9430
3 9401 9402 9429
3 9139 9432 9138
3 9432 9402 9138
3 9402 9403 9138
3 9432 9431 9402
3 9138 9403 9133
3 9433 9143 9404
3 9404 9143 9136
3 9434 9404 9405
3 9433 9404 9434
3 9435 9405 9406
3 9434 9405 9435
3 9436 9406 9407
3 9435 9406 9436
3 9437 9407 9408
3 9436 9407 9437
3 9408 9409 9438
3 9439 9408 9438
3 9437 9408 9439
3 9411 9412 9440
3 9438 9441 9439
3 9440 9412 9413
3 9440 9413 9442
3 9442 9413 9414
3 9442 9414 9443
3 9445 9444 9443
3 9414 9445 9443
3 9415 9445 9414
3 9446 9415 9416
3 9445 9415 9446
3 9447 9416 9418
3 9446 9416 9447
3 9418 9420 9448
3 9449 9418 9448
3 9447 9418 9449
3 9451 9450 9449
3 9451 9449 9448
3 9422 9423 9452
3 9451 9453 9450
3 9452 9423 9424
3 9452 9424 9454
3 9454 9424 9425
3 9454 9425 9455
3 9457 9456 9455
3 9425 9457 9455
3 9426 9457 9425
3 9458 9426 9427
3 9457 9426 9458
3 9459 9427 9428
3 9458 9427 9459
3 9460 9428 9429
3 9459 9428 9460
3 9429 9430 9461
3 9462 9429 9461
3 9460 9429 9462
3 9463 9462 9144
3 9462 9432 9144
3 9432 9139 9144
3 9432 9462 9461
3 9145 9463 9144
3 9464 9149 9433
3 9433 9149 9143
3 9465 9433 9434
3 9464 9433 9465
3 9466 9434 9435
3 9465 9434 9466
3 9467 9435 9436
3 9466 9435 9467
3 9468 9436 9437
3 9467 9436 9468
3 9469 9437 9439
3 9468 9437 9469
3 9439 9441 9470
3 9471 9439 9470
3 9469 9439 9471
3 9473 9472 9471
3 9473 9471 9470
3 9474 9472 9473
3 9475 9444 9445
3 9475 9445 9446
3 9475 9446 9476
3 9476 9446 9447
3 9476 9447 9477
3 9479 9478 9477
3 9447 9479 9477
3 9449 9479 9447
3 9480 9449 9450
3 9479 9449 9480
3 9450 9453 9481
3 9482 9450 9481
3 9480 9450 9482
3 9483 9482 9481
3 9484 9456 9457
3 9484 9457 9458
3 9484 9458 9485
3 9485 9458 9459
3 9485 9459 9486
3 9488 9487 9486
3 9459 9488 9486
3 9460 9488 9459
3 9489 9460 9462
3 9488 9460 9489
3 9490 9462 9463
3 9489 9462 9490
3 9151 9490 9145
3 9145 9490 9463
3 9491 9154 9464
3 9464 9154 9149
3 9492 9464 9465
3 9491 9464 9492
3 9493 9465 9466
3 9492 9465 9493
3 9494 9466 9467
3 9493 9466 9494
3 9495 9467 9468
3 9494 9467 9495
3 9469 9497 9496
3 9495 9469 9496
3 9468 9469 9495
3 9499 9498 9497
3 9469 9499 9497
3 9471 9499 9469
3 9500 9471 9472
3 9499 9471 9500
3 9472 9474 9501
3 9502 9472 9501
3 9500 9472 9502
3 9503 9502 9501
3 9504 9478 9479
3 9504 9479 9480
3 9504 9480 9505
3 9505 9480 9482
3 9505 9482 9506
3 9509 9508 9507
3 9483 9506 9482
3 9510 9508 9509
3 9487 9488 9511
3 9487 9511 9512
3 9513 9488 9489
3 9511 9488 9513
3 9514 9489 9490
3 9513 9489 9514
3 9156 9514 9151
3 9151 9514 9490
3 9515 9159 9491
3 9491 9159 9154
3 9516 9491 9492
3 9515 9491 9516
3 9517 9492 9493
3 9516 9492 9517
3 9518 9493 9494
3 9517 9493 9518
3 9519 9494 9495
3 9518 9494 9519
3 9495 9496 9520
3 9521 9495 9520
3 9519 9495 9521
3 9521 9520 9498
3 9499 9521 9498
3 9522 9521 9499
3 9500 9524 9523
3 9522 9500 9523
3 9499 9500 9522
3 9524 9500 9502
3 9524 9502 9525
3 9528 9527 9526
3 9503 9525 9502
3 9529 9527 9528
3 9530 9507 9508
3 9530 9508 9510
3 9531 9512 9511
3 9533 9532 9531
3 9511 9533 9531
3 9513 9533 9511
3 9534 9513 9514
3 9533 9513 9534
3 9161 9534 9156
3 9156 9534 9514
3 9535 9165 9515
3 9515 9165 9159
3 9536 9515 9516
3 9535 9515 9536
3 9537 9516 9517
3 9536 9516 9537
3 9538 9517 9518
3 9537 9517 9538
3 9539 9518 9519
3 9538 9518 9539
3 9540 9519 9521
3 9539 9519 9540
3 9541 9521 9522
3 9540 9521 9541
3 9522 9523 9542
3 9543 9522 9542
3 9541 9522 9543
3 9544 9543 9542
3 9545 9526 9527
3 9545 9527 9529
3 9548 9547 9546
3 9546 9547 9532
3 9533 9546 9532
3 9549 9546 9533
3 9550 9533 9534
3 9549 9533 9550
3 9167 9550 9161
3 9161 9550 9534
3 9551 9170 9171
3 9165 9535 9171
3 9535 9551 9171
3 9535 9552 9551
3 9553 9535 9536
3 9552 9535 9553
3 9554 9536 9537
3 9553 9536 9554
3 9555 9537 9538
3 9554 9537 9555
3 9556 9538 9539
3 9555 9538 9556
3 9557 9539 9540
3 9556 9539 9557
3 9541 9559 9558
3 9557 9541 9558
3 9540 9541 9557
3 9561 9560 9559
3 9541 9561 9559
3 9543 9561 9541
3 9543 9544 9562
3 9563 9543 9562
3 9561 9543 9563
3 9564 9563 9562
3 9565 9548 9546
3 9567 9566 9565
3 9546 9567 9565
3 9549 9567 9546
3 9568 9549 9550
3 9567 9549 9568
3 9173 9568 9167
3 9167 9568 9550
3 9551 9176 9170
3 9176 9551 9178
3 9551 9569 9178
3 9551 9552 9569
3 9570 9552 9553
3 9569 9552 9570
3 9571 9553 9554
3 9570 9553 9571
3 9572 9554 9555
3 9571 9554 9572
3 9573 9555 9556
3 9572 9555 9573
3 9574 9556 9557
3 9573 9556 9574
3 9557 9558 9575
3 9576 9557 9575
3 9574 9557 9576
3 9560 9561 9577
3 9575 9578 9576
3 9577 9561 9563
3 9577 9563 9579
3 9579 9563 9564
3 9582 9581 9580
3 9580 9581 9566
3 9567 9580 9566
3 9583 9580 9567
3 9584 9567 9568
3 9583 9567 9584
3 9180 9584 9173
3 9173 9584 9568
3 9585 9184 9569
3 9569 9184 9178
3 9586 9569 9570
3 9585 9569 9586
3 9587 9570 9571
3 9586 9570 9587
3 9588 9571 9572
3 9587 9571 9588
3 9589 9572 9573
3 9588 9572 9589
3 9590 9573 9574
3 9589 9573 9590
3 9591 9574 9576
3 9590 9574 9591
3 9576 9578 9592
3 9593 9576 9592
3 9591 9576 9593
3 9594 9593 9592
3 9595 9582 9580
3 9597 9596 9595
3 9580 9597 9595
3 9583 9597 9580
3 9598 9583 9584
3 9597 9583 9598
3 9186 9598 9180
3 9180 9598 9584
3 9599 9189 9585
3 9585 9189 9184
3 9600 9585 9586
3 9599 9585 9600
3 9601 9586 9587
3 9600 9586 9601
3 9602 9587 9588
3 9601 9587 9602
3 9603 9588 9589
3 9602 9588 9603
3 9604 9589 9590
3 9603 9589 9604
3 9591 9606 9605
3 9604 9591 9605
3 9590 9591 9604
3 9606 9591 9593
3 9606 9593 9607
3 9607 9593 9594
3 9610 9609 9608
3 9611 9608 9609
3 9614 9613 9612
3 9612 9613 9596
3 9597 9612 9596
3 9615 9612 9597
3 9616 9597 9598
3 9615 9597 9616
3 9191 9616 9186
3 9186 9616 9598
3 9617 9195 9599
3 9599 9195 9189
3 9618 9599 9600
3 9617 9599 9618
3 9619 9600 9601
3 9618 9600 9619
3 9620 9601 9602
3 9619 9601 9620
3 9621 9602 9603
3 9620 9602 9621
3 9622 9603 9604
3 9621 9603 9622
3 9604 9605 9623
3 9624 9604 9623
3 9622 9604 9624
3 9626 9625 9624
3 9626 9624 9623
3 9627 9625 9626
3 9628 9610 9608
3 9628 9608 9611
3 9629 9614 9612
3 9631 9630 9629
3 9612 9631 9629
3 9615 9631 9612
3 9632 9615 9616
3 9631 9615 9632
3 9197 9632 9191
3 9191 9632 9616
3 9633 9201 9617
3 9617 9201 9195
3 9634 9617 9618
3 9633 9617 9634
3 9635 9618 9619
3 9634 9618 9635
3 9636 9619 9620
3 9635 9619 9636
3 9637 9620 9621
3 9636 9620 9637
3 9638 9621 9622
3 9637 9621 9638
3 9624 9640 9639
3 9638 9624 9639
3 9622 9624 9638
3 9642 9641 9640
3 9624 9642 9640
3 9625 9642 9624
3 9625 9627 9643
3 9644 9625 9643
3 9642 9625 9644
3 9645 9644 9643
3 9648 9647 9646
3 9646 9647 9630
3 9631 9646 9630
3 9649 9646 9631
3 9650 9631 9632
3 9649 9631 9650
3 9203 9650 9197
3 9197 9650 9632
3 9651 9207 9633
3 9633 9207 9201
3 9652 9633 9634
3 9651 9633 9652
3 9653 9634 9635
3 9652 9634 9653
3 9654 9635 9636
3 9653 9635 9654
3 9655 9636 9637
3 9654 9636 9655
3 9656 9637 9638
3 9655 9637 9656
3 9638 9639 9657
3 9658 9638 9657
3 9656 9638 9658
3 9641 9642 9659
3 9657 9660 9658
3 9659 9642 9644
3 9659 9644 9661
3 9661 9644 9645
3 9662 9648 9646
3 9664 9663 9662
3 9646 9664 9662
3 9649 9664 9646
3 9665 9649 9650
3 9664 9649 9665
3 9209 9665 9203
3 9203 9665 9650
3 9666 9212 9651
3 9651 9212 9207
3 9667 9651 9652
3 9666 9651 9667
3 9668 9652 9653
3 9667 9652 9668
3 9669 9653 9654
3 9668 9653 9669
3 9670 9654 9655
3 9669 9654 9670
3 9656 9672 9671
3 9670 9656 9671
3 9655 9656 9670
3 9674 9673 9672
3 9656 9674 9672
3 9658 9674 9656
3 9658 9660 9675
3 9676 9658 9675
3 9674 9658 9676
3 9678 9677 9676
3 9678 9676 9675
3 9679 9677 9678
3 9663 9664 9680
3 9663 9680 9681
3 9682 9664 9665
3 9680 9664 9682
3 9214 9682 9209
3 9209 9682 9665
3 9683 9217 9666
3 9666 9217 9212
3 9684 9666 9667
3 9683 9666 9684
3 9685 9667 9668
3 9684 9667 9685
3 9686 9668 9669
3 9685 9668 9686
3 9687 9669 9670
3 9686 9669 9687
3 9670 9671 9688
3 9689 9670 9688
3 9687 9670 9689
3 9689 9688 9673
3 9674 9689 9673
3 9690 9689 9674
3 9676 9692 9691
3 9690 9676 9691
3 9674 9676 9690
3 9692 9676 9677
3 9692 9677 9693
3 9693 9677 9679
3 9681 9680 9694
3 9681 9694 9695
3 9696 9680 9682
3 9694 9680 9696
3 9219 9696 9214
3 9214 9696 9682
3 9697 9223 9683
3 9683 9223 9217
3 9698 9683 9684
3 9697 9683 9698
3 9699 9684 9685
3 9698 9684 9699
3 9700 9685 9686
3 9699 9685 9700
3 9701 9686 9687
3 9700 9686 9701
3 9689 9703 9702
3 9701 9689 9702
3 9687 9689 9701
3 9705 9704 9703
3 9689 9705 9703
3 9690 9705 9689
3 9690 9691 9706
3 9707 9690 9706
3 9705 9690 9707
3 9708 9707 9706
3 9695 9694 9709
3 9695 9709 9710
3 9711 9694 9696
3 9709 9694 9711
3 9225 9711 9219
3 9219 9711 9696
3 9712 9229 9697
3 9697 9229 9223
3 9713 9697 9698
3 9712 9697 9713
3 9714 9698 9699
3 9713 9698 9714
3 9715 9699 9700
3 9714 9699 9715
3 9716 9700 9701
3 9715 9700 9716
3 9701 9702 9717
3 9718 9701 9717
3 9716 9701 9718
3 9718 9717 9704
3 9705 9718 9704
3 9719 9718 9705
3 9707 9721 9720
3 9719 9707 9720
3 9705 9707 9719
3 9721 9707 9708
3 9724 9723 9722
3 9722 9723 9710
3 9709 9722 9710
3 9725 9722 9709
3 9726 9709 9711
3 9725 9709 9726
3 9231 9726 9225
3 9225 9726 9711
3 9727 9235 9712
3 9712 9235 9229
3 9728 9712 9713
3 9727 9712 9728
3 9729 9713 9714
3 9728 9713 9729
3 9730 9714 9715
3 9729 9714 9730
3 9731 9715 9716
3 9730 9715 9731
3 9732 9716 9718
3 9731 9716 9732
3 9733 9718 9719
3 9732 9718 9733
3 9719 9720 9734
3 9735 9719 9734
3 9733 9719 9735
3 9736 9735 9734
3 9737 9724 9722
3 9737 9722 9725
3 9737 9725 9738
3 9740 9739 9738
3 9725 9740 9738
3 9726 9740 9725
3 9237 9740 9231
3 9231 9740 9726
3 9741 9241 9727
3 9727 9241 9235
3 9742 9727 9728
3 9741 9727 9742
3 9743 9728 9729
3 9742 9728 9743
3 9744 9729 9730
3 9743 9729 9744
3 9745 9730 9731
3 9744 9730 9745
3 9746 9731 9732
3 9745 9731 9746
3 9747 9732 9733
3 9746 9732 9747
3 9735 9749 9748
3 9747 9735 9748
3 9733 9735 9747
3 9749 9735 9736
3 9752 9751 9750
3 9753 9750 9751
3 9756 9755 9754
3 9754 9755 9739
3 9740 9754 9739
3 9757 9754 9740
3 9243 9757 9237
3 9237 9757 9740
3 9758 9246 9741
3 9741 9246 9241
3 9759 9741 9742
3 9758 9741 9759
3 9760 9742 9743
3 9759 9742 9760
3 9761 9743 9744
3 9760 9743 9761
3 9762 9744 9745
3 9761 9744 9762
3 9763 9745 9746
3 9762 9745 9763
3 9764 9746 9747
3 9763 9746 9764
3 9747 9748 9765
3 9766 9747 9765
3 9764 9747 9766
3 9767 9766 9765
3 9768 9752 9750
3 9768 9750 9753
3 9771 9770 9769
3 9769 9770 9756
3 9754 9769 9756
3 9772 9769 9754
3 9773 9754 9757
3 9772 9754 9773
3 9248 9773 9243
3 9243 9773 9757
3 9774 9252 9758
3 9758 9252 9246
3 9775 9758 9759
3 9774 9758 9775
3 9776 9759 9760
3 9775 9759 9776
3 9777 9760 9761
3 9776 9760 9777
3 9778 9761 9762
3 9777 9761 9778
3 9779 9762 9763
3 9778 9762 9779
3 9780 9763 9764
3 9779 9763 9780
3 9766 9782 9781
3 9780 9766 9781
3 9764 9766 9780
3 9782 9766 9767
3 9785 9784 9783
3 9786 9783 9784
3 9787 9771 9769
3 9787 9769 9772
3 9787 9772 9788
3 9790 9789 9788
3 9772 9790 9788
3 9773 9790 9772
3 9254 9790 9248
3 9248 9790 9773
3 9791 9258 9774
3 9774 9258 9252
3 9792 9774 9775
3 9791 9774 9792
3 9793 9775 9776
3 9792 9775 9793
3 9794 9776 9777
3 9793 9776 9794
3 9795 9777 9778
3 9794 9777 9795
3 9779 9797 9796
3 9795 9779 9796
3 9778 9779 9795
3 9799 9798 9797
3 9779 9799 9797
3 9780 9799 9779
3 9780 9781 9800
3 9801 9780 9800
3 9799 9780 9801
3 9802 9801 9800
3 9803 9785 9783
3 9803 9783 9786
3 9806 9805 9804
3 9804 9805 9789
3 9790 9804 9789
3 9807 9804 9790
3 9260 9807 9254
3 9254 9807 9790
3 9808 9264 9791
3 9791 9264 9258
3 9809 9791 9792
3 9808 9791 9809
3 9810 9792 9793
3 9809 9792 9810
3 9811 9793 9794
3 9810 9793 9811
3 9812 9794 9795
3 9811 9794 9812
3 9795 9796 9813
3 9814 9795 9813
3 9812 9795 9814
3 9814 9813 9798
3 9799 9814 9798
3 9815 9814 9799
3 9801 9817 9816
3 9815 9801 9816
3 9799 9801 9815
3 9817 9801 9802
3 9820 9819 9818
3 9818 9819 9806
3 9804 9818 9806
3 9821 9818 9804
3 9822 9804 9807
3 9821 9804 9822
3 9266 9822 9260
3 9260 9822 9807
3 9823 9270 9808
3 9808 9270 9264
3 9824 9808 9809
3 9823 9808 9824
3 9825 9809 9810
3 9824 9809 9825
3 9826 9810 9811
3 9825 9810 9826
3 9827 9811 9812
3 9826 9811 9827
3 9828 9812 9814
3 9827 9812 9828
3 9815 9830 9829
3 9828 9815 9829
3 9814 9815 9828
3 9833 9832 9831
3 9816 9830 9815
3 9835 9834 9832
3 9835 9832 9833
3 9836 9834 9835
3 9837 9820 9818
3 9839 9838 9837
3 9818 9839 9837
3 9821 9839 9818
3 9840 9821 9822
3 9839 9821 9840
3 9272 9840 9266
3 9266 9840 9822
3 9841 9276 9823
3 9823 9276 9270
3 9842 9823 9824
3 9841 9823 9842
3 9843 9824 9825
3 9842 9824 9843
3 9844 9825 9826
3 9843 9825 9844
3 9845 9826 9827
3 9844 9826 9845
3 9846 9827 9828
3 9845 9827 9846
3 9828 9829 9847
3 9848 9828 9847
3 9846 9828 9848
3 9831 9832 9849
3 9847 9850 9848
3 9849 9832 9834
3 9849 9834 9851
3 9851 9834 9836
3 9838 9839 9852
3 9838 9852 9853
3 9854 9839 9840
3 9852 9839 9854
3 9277 9854 9272
3 9272 9854 9840
3 9855 9280 9841
3 9841 9280 9276
3 9856 9841 9842
3 9855 9841 9856
3 9857 9842 9843
3 9856 9842 9857
3 9858 9843 9844
3 9857 9843 9858
3 9859 9844 9845
3 9858 9844 9859
3 9860 9845 9846
3 9859 9845 9860
3 9848 9862 9861
3 9860 9848 9861
3 9846 9848 9860
3 9862 9848 9850
3 9865 9864 9863
3 9866 9863 9864
3 9853 9852 9867
3 9853 9867 9868
3 9869 9852 9854
3 9867 9852 9869
3 9282 9869 9277
3 9277 9869 9854
3 9870 9285 9855
3 9855 9285 9280
3 9871 9855 9856
3 9870 9855 9871
3 9872 9856 9857
3 9871 9856 9872
3 9873 9857 9858
3 9872 9857 9873
3 9874 9858 9859
3 9873 9858 9874
3 9875 9859 9860
3 9874 9859 9875
3 9860 9861 9876
3 9877 9860 9876
3 9875 9860 9877
3 9879 9878 9877
3 9879 9877 9876
3 9865 9863 9880
3 9879 9881 9878
3 9880 9863 9866
3 9884 9883 9882
3 9882 9883 9868
3 9867 9882 9868
3 9885 9882 9867
3 9886 9867 9869
3 9885 9867 9886
3 9287 9886 9282
3 9282 9886 9869
3 9887 9290 9870
3 9870 9290 9285
3 9888 9870 9871
3 9887 9870 9888
3 9889 9871 9872
3 9888 9871 9889
3 9890 9872 9873
3 9889 9872 9890
3 9891 9873 9874
3 9890 9873 9891
3 9892 9874 9875
3 9891 9874 9892
3 9893 9875 9877
3 9892 9875 9893
3 9878 9895 9894
3 9893 9878 9894
3 9877 9878 9893
3 9895 9878 9881
3 9896 9884 9882
3 9898 9897 9896
3 9882 9898 9896
3 9885 9898 9882
3 9899 9885 9886
3 9898 9885 9899
3 9292 9899 9287
3 9287 9899 9886
3 9900 9295 9887
3 9887 9295 9290
3 9901 9887 9888
3 9900 9887 9901
3 9902 9888 9889
3 9901 9888 9902
3 9903 9889 9890
3 9902 9889 9903
3 9904 9890 9891
3 9903 9890 9904
3 9905 9891 9892
3 9904 9891 9905
3 9893 9907 9906
3 9905 9893 9906
3 9892 9893 9905
3 9910 9909 9908
3 9894 9907 9893
3 9912 9911 9909
3 9912 9909 9910
3 9913 9911 9912
3 9897 9898 9914
3 9897 9914 9915
3 9916 9898 9899
3 9914 9898 9916
3 9297 9916 9292
3 9292 9916 9899
3 9917 9300 9900
3 9900 9300 9295
3 9918 9900 9901
3 9917 9900 9918
3 9919 9901 9902
3 9918 9901 9919
3 9920 9902 9903
3 9919 9902 9920
3 9921 9903 9904
3 9920 9903 9921
3 9922 9904 9905
3 9921 9904 9922
3 9905 9906 9923
3 9924 9905 9923
3 9922 9905 9924
3 9924 9923 9908
3 9909 9924 9908
3 9925 9924 9909
3 9911 9927 9926
3 9925 9911 9926
3 9909 9911 9925
3 9927 9911 9913
3 9915 9914 9928
3 9915 9928 9929
3 9930 9914 9916
3 9928 9914 9930
3 9302 9930 9297
3 9297 9930 9916
3 9931 9305 9917
3 9917 9305 9300
3 9932 9917 9918
3 9931 9917 9932
3 9933 9918 9919
3 9932 9918 9933
3 9934 9919 9920
3 9933 9919 9934
3 9935 9920 9921
3 9934 9920 9935
3 9936 9921 9922
3 9935 9921 9936
3 9937 9922 9924
3 9936 9922 9937
3 9925 9939 9938
3 9937 9925 9938
3 9924 9925 9937
3 9939 9925 9926
3 9942 9941 9940
3 9943 9940 9941
3 9929 9928 9944
3 9929 9944 9945
3 9946 9928 9930
3 9944 9928 9946
3 9307 9946 9302
3 9302 9946 9930
3 9947 9310 9931
3 9931 9310 9305
3 9948 9931 9932
3 9947 9931 9948
3 9949 9932 9933
3 9948 9932 9949
3 9950 9933 9934
3 9949 9933 9950
3 9951 9934 9935
3 9950 9934 9951
3 9952 9935 9936
3 9951 9935 9952
3 9937 9954 9953
3 9952 9937 9953
3 9936 9937 9952
3 9957 9956 9955
3 9938 9954 9937
3 9959 9958 9956
3 9959 9956 9957
3 9942 9940 9960
3 9959 9961 9958
3 9960 9940 9943
3 9945 9944 9962
3 9945 9962 9963
3 9964 9944 9946
3 9962 9944 9964
3 9311 9964 9307
3 9307 9964 9946
3 9965 9314 9947
3 9947 9314 9310
3 9966 9947 9948
3 9965 9947 9966
3 9967 9948 9949
3 9966 9948 9967
3 9968 9949 9950
3 9967 9949 9968
3 9969 9950 9951
3 9968 9950 9969
3 9970 9951 9952
3 9969 9951 9970
3 9952 9953 9971
3 9972 9952 9971
3 9970 9952 9972
3 9972 9971 9955
3 9956 9972 9955
3 9973 9972 9956
3 9958 9975 9974
3 9973 9958 9974
3 9956 9958 9973
3 9975 9958 9961
3 9963 9962 9976
3 9963 9976 9977
3 9317 9976 9316
3 9976 9964 9316
3 9976 9962 9964
3 9316 9964 9311
3 9978 9320 9965
3 9965 9320 9314
3 9979 9965 9966
3 9978 9965 9979
3 9980 9966 9967
3 9979 9966 9980
3 9981 9967 9968
3 9980 9967 9981
3 9982 9968 9969
3 9981 9968 9982
3 9983 9969 9970
3 9982 9969 9983
3 9984 9970 9972
3 9983 9970 9984
3 9973 9986 9985
3 9984 9973 9985
3 9972 9973 9984
3 9986 9973 9974
3 9977 9976 9987
3 9977 9987 9988
3 9322 9987 9317
3 9317 9987 9976
3 9989 9325 9978
3 9978 9325 9320
3 9990 9978 9979
3 9989 9978 9990
3 9991 9979 9980
3 9990 9979 9991
3 9992 9980 9981
3 9991 9980 9992
3 9993 9981 9982
3 9992 9981 9993
3 9994 9982 9983
3 9993 9982 9994
3 9984 9996 9995
3 9994 9984 9995
3 9983 9984 9994
3 9996 9984 9985
3 9999 9998 9997
3 10000 9997 9998
3 9988 9987 10001
3 9988 10001 10002
3 9327 10001 9322
3 9322 10001 9987
3 10003 9328 9989
3 9989 9328 9325
3 10004 9989 9990
3 10003 9989 10004
3 10005 9990 9991
3 10004 9990 10005
3 10006 9991 9992
3 10005 9991 10006
3 10007 9992 9993
3 10006 9992 10007
3 10008 9993 9994
3 10007 9993 10008
3 9994 9995 10009
3 10010 9994 10009
3 10008 9994 10010
3 10012 10011 10010
3 10012 10010 10009
3 10011 10012 9999
3 9997 10011 9999
3 10013 10011 9997
3 9997 10000 10014
3 10015 9997 10014
3 10013 9997 10015
3 10017 10016 10015
3 10017 10015 10014
3 10019 10018 10016
3 10019 10016 10017
3 10020 10018 10019
3 10023 10022 10021
3 10025 10024 10021
3 10025 10021 10022
3 10027 10026 10024
3 10027 10024 10025
3 10028 10026 10027
3 10031 10030 10029
3 10033 10032 10029
3 10033 10029 10030
3 10035 10034 10032
3 10035 10032 10033
3 10034 10035 10002
3 10001 10034 10002
3 10036 10034 10001
3 9330 10036 9327
3 9327 10036 10001
3 10003 9331 9328
3 9331 10003 9332
3 9332 10003 10004
3 9332 10004 9333
3 9333 10004 10005
3 9333 10005 9334
3 9334 10005 10006
3 9334 10006 9335
3 9335 10006 10007
3 9335 10007 9336
3 9336 10007 10008
3 9336 10008 9337
3 9337 10008 10010
3 9337 10010 9338
3 9338 10010 10011
3 9338 10011 9339
3 9339 10011 10013
3 9339 10013 9340
3 9340 10013 10015
3 9340 10015 9342
3 9342 10015 10016
3 9342 10016 9343
3 9343 10016 10018
3 10020 10037 10018
3 10037 9343 10018
3 10037 9344 9343
3 9344 10038 9345
3 10037 10038 9344
3 10021 9346 10023
3 9346 10038 10023
3 9346 9345 10038
3 9346 10021 9347
3 9347 10021 10024
3 9347 10024 9348
3 9348 10024 10026
3 10028 10039 10026
3 10039 9348 10026
3 10039 9350 9348
3 10029 9352 10031
3 9352 10039 10031
3 9352 9350 10039
3 9352 10029 9353
3 9353 10029 10032
3 9353 10032 9354
3 9354 10032 10034
3 9354 10034 9355
3 9355 10034 10036
3 9355 10036 9330
3 10040 9390 9391
3 9392 10040 9391
3 10041 9409 9410
3 9411 10041 9410
3 10040 9417 9390
3 9420 9417 10042
3 9417 10040 10042
3 9392 9419 10042
3 9392 10042 10040
3 9421 10043 9419
3 9419 10043 10042
3 9422 10043 9421
3 10044 9430 9431
3 9432 10044 9431
3 10041 9438 9409
3 9441 9438 10045
3 9438 10041 10045
3 9411 9440 10045
3 9411 10045 10041
3 9442 10046 9440
3 9440 10046 10045
3 9443 10047 9442
3 9442 10047 10046
3 9444 10047 9443
3 10042 9448 9420
3 9448 10042 9451
3 9451 10042 10043
3 9453 9451 10048
3 9451 10043 10048
3 9422 9452 10048
3 9422 10048 10043
3 9454 10049 9452
3 9452 10049 10048
3 9455 10050 9454
3 9454 10050 10049
3 9456 10050 9455
3 10044 9461 9430
3 9461 10044 9432
3 10045 9470 9441
3 9470 10045 9473
3 9473 10045 10046
3 9473 10046 9474
3 10046 10051 9474
3 10046 10047 10051
3 9475 10052 9444
3 10052 10047 9444
3 10052 10051 10047
3 9476 10053 9475
3 9475 10053 10052
3 9477 10054 9476
3 9476 10054 10053
3 9478 10054 9477
3 10048 9481 9453
3 9481 10048 9483
3 10048 10055 9483
3 10048 10049 10055
3 10056 10049 10050
3 10055 10049 10056
3 9484 10057 9456
3 10057 10050 9456
3 10057 10056 10050
3 9485 10058 9484
3 9484 10058 10057
3 9486 10059 9485
3 9485 10059 10058
3 9487 10059 9486
3 10060 9496 9497
3 9498 10060 9497
3 10051 9501 9474
3 9501 10051 9503
3 10051 10061 9503
3 10051 10052 10061
3 10062 10052 10053
3 10061 10052 10062
3 10063 10053 10054
3 10062 10053 10063
3 9504 10064 9478
3 10064 10054 9478
3 10064 10063 10054
3 9505 10065 9504
3 9504 10065 10064
3 9506 10066 9505
3 9505 10066 10065
3 9506 9483 10066
3 9483 10055 10066
3 9509 9507 10066
3 9509 10066 10055
3 9509 10055 9510
3 10055 10067 9510
3 10055 10056 10067
3 10068 10056 10057
3 10067 10056 10068
3 10069 10057 10058
3 10068 10057 10069
3 10070 10058 10059
3 10069 10058 10070
3 9512 10070 9487
3 9487 10070 10059
3 10060 9520 9496
3 9520 10060 9498
3 10071 9523 9524
3 9525 10072 9524
3 9524 10072 10071
3 9525 9503 10072
3 9503 10061 10072
3 9528 9526 10072
3 9528 10072 10061
3 9528 10061 9529
3 10061 10073 9529
3 10061 10062 10073
3 10074 10062 10063
3 10073 10062 10074
3 10075 10063 10064
3 10074 10063 10075
3 10076 10064 10065
3 10075 10064 10076
3 10077 10065 10066
3 10076 10065 10077
3 9530 10078 9507
3 10078 10066 9507
3 10078 10077 10066
3 9510 10067 9530
3 10067 10078 9530
3 10067 10079 10078
3 10080 10067 10068
3 10079 10067 10080
3 10081 10068 10069
3 10080 10068 10081
3 10082 10069 10070
3 10081 10069 10082
3 9531 10083 9512
3 10083 10070 9512
3 10083 10082 10070
3 9532 10083 9531
3 10071 9542 9523
3 9542 10071 9544
3 10071 10084 9544
3 10071 10072 10084
3 9545 10085 9526
3 10085 10072 9526
3 10085 10084 10072
3 9529 10073 9545
3 10073 10085 9545
3 10073 10086 10085
3 10087 10073 10074
3 10086 10073 10087
3 10088 10074 10075
3 10087 10074 10088
3 10089 10075 10076
3 10088 10075 10089
3 10090 10076 10077
3 10089 10076 10090
3 10091 10077 10078
3 10090 10077 10091
3 10092 10078 10079
3 10091 10078 10092
3 10093 10079 10080
3 10092 10079 10093
3 10094 10080 10081
3 10093 10080 10094
3 10095 10081 10082
3 10094 10081 10095
3 9548 10095 9547
3 10095 10083 9547
3 10095 10082 10083
3 9547 10083 9532
3 10096 9558 9559
3 9560 10096 9559
3 10084 9562 9544
3 9562 10084 9564
3 10084 10097 9564
3 10084 10085 10097
3 10098 10085 10086
3 10097 10085 10098
3 10099 10086 10087
3 10098 10086 10099
3 10100 10087 10088
3 10099 10087 10100
3 10101 10088 10089
3 10100 10088 10101
3 10102 10089 10090
3 10101 10089 10102
3 10103 10090 10091
3 10102 10090 10103
3 10104 10091 10092
3 10103 10091 10104
3 10105 10092 10093
3 10104 10092 10105
3 10106 10093 10094
3 10105 10093 10106
3 10107 10094 10095
3 10106 10094 10107
3 9565 10108 9548
3 10108 10095 9548
3 10108 10107 10095
3 9566 10108 9565
3 10096 9575 9558
3 9578 9575 10109
3 9575 10096 10109
3 9560 9577 10109
3 9560 10109 10096
3 9579 10110 9577
3 9577 10110 10109
3 9564 10097 9579
3 10097 10110 9579
3 10097 10111 10110
3 10112 10097 10098
3 10111 10097 10112
3 10113 10098 10099
3 10112 10098 10113
3 10114 10099 10100
3 10113 10099 10114
3 10115 10100 10101
3 10114 10100 10115
3 10116 10101 10102
3 10115 10101 10116
3 10117 10102 10103
3 10116 10102 10117
3 10118 10103 10104
3 10117 10103 10118
3 10119 10104 10105
3 10118 10104 10119
3 10120 10105 10106
3 10119 10105 10120
3 10121 10106 10107
3 10120 10106 10121
3 9582 10121 9581
3 10121 10108 9581
3 10121 10107 10108
3 9581 10108 9566
3 10109 9592 9578
3 9592 10109 9594
3 10109 10122 9594
3 10109 10110 10122
3 10123 10110 10111
3 10122 10110 10123
3 10124 10111 10112
3 10123 10111 10124
3 10125 10112 10113
3 10124 10112 10125
3 10126 10113 10114
3 10125 10113 10126
3 10127 10114 10115
3 10126 10114 10127
3 10128 10115 10116
3 10127 10115 10128
3 10129 10116 10117
3 10128 10116 10129
3 10130 10117 10118
3 10129 10117 10130
3 10131 10118 10119
3 10130 10118 10131
3 10132 10119 10120
3 10131 10119 10132
3 10133 10120 10121
3 10132 10120 10133
3 9595 10134 9582
3 10134 10121 9582
3 10134 10133 10121
3 9596 10134 9595
3 10135 9605 9606
3 9607 10136 9606
3 9606 10136 10135
3 9594 10122 9607
3 10122 10136 9607
3 10122 10137 10136
3 9610 10137 9609
3 10137 10123 9609
3 10137 10122 10123
3 9609 10123 9611
3 10123 10138 9611
3 10123 10124 10138
3 10139 10124 10125
3 10138 10124 10139
3 10140 10125 10126
3 10139 10125 10140
3 10141 10126 10127
3 10140 10126 10141
3 10142 10127 10128
3 10141 10127 10142
3 10143 10128 10129
3 10142 10128 10143
3 10144 10129 10130
3 10143 10129 10144
3 10145 10130 10131
3 10144 10130 10145
3 10146 10131 10132
3 10145 10131 10146
3 10147 10132 10133
3 10146 10132 10147
3 9614 10147 9613
3 10147 10134 9613
3 10147 10133 10134
3 9613 10134 9596
3 10135 9623 9605
3 9623 10135 9626
3 9626 10135 10136
3 9626 10136 9627
3 10136 10148 9627
3 10136 10137 10148
3 9628 10149 9610
3 10149 10137 9610
3 10149 10148 10137
3 9611 10138 9628
3 10138 10149 9628
3 10138 10150 10149
3 10151 10138 10139
3 10150 10138 10151
3 10152 10139 10140
3 10151 10139 10152
3 10153 10140 10141
3 10152 10140 10153
3 10154 10141 10142
3 10153 10141 10154
3 10155 10142 10143
3 10154 10142 10155
3 10156 10143 10144
3 10155 10143 10156
3 10157 10144 10145
3 10156 10144 10157
3 10158 10145 10146
3 10157 10145 10158
3 10159 10146 10147
3 10158 10146 10159
3 9629 10160 9614
3 10160 10147 9614
3 10160 10159 10147
3 9630 10160 9629
3 10161 9639 9640
3 9641 10161 9640
3 10148 9643 9627
3 9643 10148 9645
3 10148 10162 9645
3 10148 10149 10162
3 10163 10149 10150
3 10162 10149 10163
3 10164 10150 10151
3 10163 10150 10164
3 10165 10151 10152
3 10164 10151 10165
3 10166 10152 10153
3 10165 10152 10166
3 10167 10153 10154
3 10166 10153 10167
3 10168 10154 10155
3 10167 10154 10168
3 10169 10155 10156
3 10168 10155 10169
3 10170 10156 10157
3 10169 10156 10170
3 10171 10157 10158
3 10170 10157 10171
3 10172 10158 10159
3 10171 10158 10172
3 9648 10172 9647
3 10172 10160 9647
3 10172 10159 10160
3 9647 10160 9630
3 10161 9657 9639
3 9660 9657 10173
3 9657 10161 10173
3 9641 9659 10173
3 9641 10173 10161
3 9661 10174 9659
3 9659 10174 10173
3 9645 10162 9661
3 10162 10174 9661
3 10162 10175 10174
3 10176 10162 10163
3 10175 10162 10176
3 10177 10163 10164
3 10176 10163 10177
3 10178 10164 10165
3 10177 10164 10178
3 10179 10165 10166
3 10178 10165 10179
3 10180 10166 10167
3 10179 10166 10180
3 10181 10167 10168
3 10180 10167 10181
3 10182 10168 10169
3 10181 10168 10182
3 10183 10169 10170
3 10182 10169 10183
3 10184 10170 10171
3 10183 10170 10184
3 10185 10171 10172
3 10184 10171 10185
3 9662 10186 9648
3 10186 10172 9648
3 10186 10185 10172
3 9663 10186 9662
3 10187 9671 9672
3 9673 10187 9672
3 10173 9675 9660
3 9675 10173 9678
3 9678 10173 10174
3 9678 10174 9679
3 10174 10188 9679
3 10174 10175 10188
3 10189 10175 10176
3 10188 10175 10189
3 10190 10176 10177
3 10189 10176 10190
3 10191 10177 10178
3 10190 10177 10191
3 10192 10178 10179
3 10191 10178 10192
3 10193 10179 10180
3 10192 10179 10193
3 10194 10180 10181
3 10193 10180 10194
3 10195 10181 10182
3 10194 10181 10195
3 10196 10182 10183
3 10195 10182 10196
3 10197 10183 10184
3 10196 10183 10197
3 10198 10184 10185
3 10197 10184 10198
3 10199 10185 10186
3 10198 10185 10199
3 9681 10199 9663
3 9663 10199 10186
3 10187 9688 9671
3 9688 10187 9673
3 10200 9691 9692
3 9693 10201 9692
3 9692 10201 10200
3 9679 10188 9693
3 10188 10201 9693
3 10188 10202 10201
3 10203 10188 10189
3 10202 10188 10203
3 10204 10189 10190
3 10203 10189 10204
3 10205 10190 10191
3 10204 10190 10205
3 10206 10191 10192
3 10205 10191 10206
3 10207 10192 10193
3 10206 10192 10207
3 10208 10193 10194
3 10207 10193 10208
3 10209 10194 10195
3 10208 10194 10209
3 10210 10195 10196
3 10209 10195 10210
3 10211 10196 10197
3 10210 10196 10211
3 10212 10197 10198
3 10211 10197 10212
3 10213 10198 10199
3 10212 10198 10213
3 9695 10213 9681
3 9681 10213 10199
3 10214 9702 9703
3 9704 10214 9703
3 10200 9706 9691
3 9706 10200 9708
3 10200 10215 9708
3 10200 10201 10215
3 10216 10201 10202
3 10215 10201 10216
3 10217 10202 10203
3 10216 10202 10217
3 10218 10203 10204
3 10217 10203 10218
3 10219 10204 10205
3 10218 10204 10219
3 10220 10205 10206
3 10219 10205 10220
3 10221 10206 10207
3 10220 10206 10221
3 10222 10207 10208
3 10221 10207 10222
3 10223 10208 10209
3 10222 10208 10223
3 10224 10209 10210
3 10223 10209 10224
3 10225 10210 10211
3 10224 10210 10225
3 10226 10211 10212
3 10225 10211 10226
3 10227 10212 10213
3 10226 10212 10227
3 9710 10227 9695
3 9695 10227 10213
3 10214 9717 9702
3 9717 10214 9704
3 10228 9720 9721
3 9708 10215 9721
3 10215 10228 9721
3 10215 10229 10228
3 10230 10215 10216
3 10229 10215 10230
3 10231 10216 10217
3 10230 10216 10231
3 10232 10217 10218
3 10231 10217 10232
3 10233 10218 10219
3 10232 10218 10233
3 10234 10219 10220
3 10233 10219 10234
3 10235 10220 10221
3 10234 10220 10235
3 10236 10221 10222
3 10235 10221 10236
3 10237 10222 10223
3 10236 10222 10237
3 10238 10223 10224
3 10237 10223 10238
3 10239 10224 10225
3 10238 10224 10239
3 10240 10225 10226
3 10239 10225 10240
3 9724 10240 9723
3 10240 10227 9723
3 10240 10226 10227
3 9723 10227 9710
3 10228 9734 9720
3 9734 10228 9736
3 10228 10241 9736
3 10228 10229 10241
3 10242 10229 10230
3 10241 10229 10242
3 10243 10230 10231
3 10242 10230 10243
3 10244 10231 10232
3 10243 10231 10244
3 10245 10232 10233
3 10244 10232 10245
3 10246 10233 10234
3 10245 10233 10246
3 10247 10234 10235
3 10246 10234 10247
3 10248 10235 10236
3 10247 10235 10248
3 10249 10236 10237
3 10248 10236 10249
3 10250 10237 10238
3 10249 10237 10250
3 10251 10238 10239
3 10250 10238 10251
3 10252 10239 10240
3 10251 10239 10252
3 9737 10253 9724
3 10253 10240 9724
3 10253 10252 10240
3 9738 10254 9737
3 9737 10254 10253
3 9739 10254 9738
3 10255 9748 9749
3 9736 10241 9749
3 10241 10255 9749
3 10241 10256 10255
3 9752 10256 9751
3 10256 10242 9751
3 10256 10241 10242
3 9751 10242 9753
3 10242 10257 9753
3 10242 10243 10257
3 10258 10243 10244
3 10257 10243 10258
3 10259 10244 10245
3 10258 10244 10259
3 10260 10245 10246
3 10259 10245 10260
3 10261 10246 10247
3 10260 10246 10261
3 10262 10247 10248
3 10261 10247 10262
3 10263 10248 10249
3 10262 10248 10263
3 10264 10249 10250
3 10263 10249 10264
3 10265 10250 10251
3 10264 10250 10265
3 10266 10251 10252
3 10265 10251 10266
3 10267 10252 10253
3 10266 10252 10267
3 9756 10267 9755
3 10267 10254 9755
3 10267 10253 10254
3 9755 10254 9739
3 10255 9765 9748
3 9765 10255 9767
3 10255 10268 9767
3 10255 10256 10268
3 9768 10269 9752
3 10269 10256 9752
3 10269 10268 10256
3 9753 10257 9768
3 10257 10269 9768
3 10257 10270 10269
3 10271 10257 10258
3 10270 10257 10271
3 10272 10258 10259
3 10271 10258 10272
3 10273 10259 10260
3 10272 10259 10273
3 10274 10260 10261
3 10273 10260 10274
3 10275 10261 10262
3 10274 10261 10275
3 10276 10262 10263
3 10275 10262 10276
3 10277 10263 10264
3 10276 10263 10277
3 10278 10264 10265
3 10277 10264 10278
3 10279 10265 10266
3 10278 10265 10279
3 9771 10279 9770
3 10279 10267 9770
3 10279 10266 10267
3 9770 10267 9756
3 10280 9781 9782
3 9767 10268 9782
3 10268 10280 9782
3 10268 10281 10280
3 9785 10281 9784
3 10281 10269 9784
3 10281 10268 10269
3 9784 10269 9786
3 10269 10282 9786
3 10269 10270 10282
3 10283 10270 10271
3 10282 10270 10283
3 10284 10271 10272
3 10283 10271 10284
3 10285 10272 10273
3 10284 10272 10285
3 10286 10273 10274
3 10285 10273 10286
3 10287 10274 10275
3 10286 10274 10287
3 10288 10275 10276
3 10287 10275 10288
3 10289 10276 10277
3 10288 10276 10289
3 10290 10277 10278
3 10289 10277 10290
3 10291 10278 10279
3 10290 10278 10291
3 9787 10292 9771
3 10292 10279 9771
3 10292 10291 10279
3 9788 10293 9787
3 9787 10293 10292
3 9789 10293 9788
3 10294 9796 9797
3 9798 10294 9797
3 10280 9800 9781
3 9800 10280 9802
3 10280 10295 9802
3 10280 10281 10295
3 9803 10296 9785
3 10296 10281 9785
3 10296 10295 10281
3 9786 10282 9803
3 10282 10296 9803
3 10282 10297 10296
3 10298 10282 10283
3 10297 10282 10298
3 10299 10283 10284
3 10298 10283 10299
3 10300 10284 10285
3 10299 10284 10300
3 10301 10285 10286
3 10300 10285 10301
3 10302 10286 10287
3 10301 10286 10302
3 10303 10287 10288
3 10302 10287 10303
3 10304 10288 10289
3 10303 10288 10304
3 10305 10289 10290
3 10304 10289 10305
3 10306 10290 10291
3 10305 10290 10306
3 10307 10291 10292
3 10306 10291 10307
3 9806 10307 9805
3 10307 10293 9805
3 10307 10292 10293
3 9805 10293 9789
3 10294 9813 9796
3 9813 10294 9798
3 10308 9816 9817
3 9802 10295 9817
3 10295 10308 9817
3 10295 10309 10308
3 10310 10295 10296
3 10309 10295 10310
3 10311 10296 10297
3 10310 10296 10311
3 10312 10297 10298
3 10311 10297 10312
3 10313 10298 10299
3 10312 10298 10313
3 10314 10299 10300
3 10313 10299 10314
3 10315 10300 10301
3 10314 10300 10315
3 10316 10301 10302
3 10315 10301 10316
3 10317 10302 10303
3 10316 10302 10317
3 10318 10303 10304
3 10317 10303 10318
3 10319 10304 10305
3 10318 10304 10319
3 10320 10305 10306
3 10319 10305 10320
3 9820 10320 9819
3 10320 10307 9819
3 10320 10306 10307
3 9819 10307 9806
3 10321 9829 9830
3 9830 9816 10321
3 9816 10308 10321
3 9833 9831 10321
3 9833 10321 10308
3 9833 10308 9835
3 9835 10308 10309
3 9835 10309 9836
3 10309 10322 9836
3 10309 10310 10322
3 10323 10310 10311
3 10322 10310 10323
3 10324 10311 10312
3 10323 10311 10324
3 10325 10312 10313
3 10324 10312 10325
3 10326 10313 10314
3 10325 10313 10326
3 10327 10314 10315
3 10326 10314 10327
3 10328 10315 10316
3 10327 10315 10328
3 10329 10316 10317
3 10328 10316 10329
3 10330 10317 10318
3 10329 10317 10330
3 10331 10318 10319
3 10330 10318 10331
3 10332 10319 10320
3 10331 10319 10332
3 9837 10333 9820
3 10333 10320 9820
3 10333 10332 10320
3 9838 10333 9837
3 10321 9847 9829
3 9850 9847 10334
3 9847 10321 10334
3 9831 9849 10334
3 9831 10334 10321
3 9851 10335 9849
3 9849 10335 10334
3 9836 10322 9851
3 10322 10335 9851
3 10322 10336 10335
3 10337 10322 10323
3 10336 10322 10337
3 10338 10323 10324
3 10337 10323 10338
3 10339 10324 10325
3 10338 10324 10339
3 10340 10325 10326
3 10339 10325 10340
3 10341 10326 10327
3 10340 10326 10341
3 10342 10327 10328
3 10341 10327 10342
3 10343 10328 10329
3 10342 10328 10343
3 10344 10329 10330
3 10343 10329 10344
3 10345 10330 10331
3 10344 10330 10345
3 10346 10331 10332
3 10345 10331 10346
3 10347 10332 10333
3 10346 10332 10347
3 9853 10347 9838
3 9838 10347 10333
3 10348 9861 9862
3 9850 10334 9862
3 10334 10348 9862
3 10334 10349 10348
3 9865 10349 9864
3 10349 10335 9864
3 10349 10334 10335
3 9864 10335 9866
3 10335 10350 9866
3 10335 10336 10350
3 10351 10336 10337
3 10350 10336 10351
3 10352 10337 10338
3 10351 10337 10352
3 10353 10338 10339
3 10352 10338 10353
3 10354 10339 10340
3 10353 10339 10354
3 10355 10340 10341
3 10354 10340 10355
3 10356 10341 10342
3 10355 10341 10356
3 10357 10342 10343
3 10356 10342 10357
3 10358 10343 10344
3 10357 10343 10358
3 10359 10344 10345
3 10358 10344 10359
3 10360 10345 10346
3 10359 10345 10360
3 10361 10346 10347
3 10360 10346 10361
3 9868 10361 9853
3 9853 10361 10347
3 10348 9876 9861
3 9876 10348 9879
3 9879 10348 10349
3 9881 9879 10362
3 9879 10349 10362
3 9865 9880 10362
3 9865 10362 10349
3 9866 10350 9880
3 10350 10362 9880
3 10350 10363 10362
3 10364 10350 10351
3 10363 10350 10364
3 10365 10351 10352
3 10364 10351 10365
3 10366 10352 10353
3 10365 10352 10366
3 10367 10353 10354
3 10366 10353 10367
3 10368 10354 10355
3 10367 10354 10368
3 10369 10355 10356
3 10368 10355 10369
3 10370 10356 10357
3 10369 10356 10370
3 10371 10357 10358
3 10370 10357 10371
3 10372 10358 10359
3 10371 10358 10372
3 10373 10359 10360
3 10372 10359 10373
3 9884 10373 9883
3 10373 10361 9883
3 10373 10360 10361
3 9883 10361 9868
3 10374 9894 9895
3 9881 10362 9895
3 10362 10374 9895
3 10362 10375 10374
3 10376 10362 10363
3 10375 10362 10376
3 10377 10363 10364
3 10376 10363 10377
3 10378 10364 10365
3 10377 10364 10378
3 10379 10365 10366
3 10378 10365 10379
3 10380 10366 10367
3 10379 10366 10380
3 10381 10367 10368
3 10380 10367 10381
3 10382 10368 10369
3 10381 10368 10382
3 10383 10369 10370
3 10382 10369 10383
3 10384 10370 10371
3 10383 10370 10384
3 10385 10371 10372
3 10384 10371 10385
3 10386 10372 10373
3 10385 10372 10386
3 9896 10387 9884
3 10387 10373 9884
3 10387 10386 10373
3 9897 10387 9896
3 10388 9906 9907
3 9907 9894 10388
3 9894 10374 10388
3 9910 9908 10388
3 9910 10388 10374
3 9910 10374 9912
3 9912 10374 10375
3 9912 10375 9913
3 10375 10389 9913
3 10375 10376 10389
3 10390 10376 10377
3 10389 10376 10390
3 10391 10377 10378
3 10390 10377 10391
3 10392 10378 10379
3 10391 10378 10392
3 10393 10379 10380
3 10392 10379 10393
3 10394 10380 10381
3 10393 10380 10394
3 10395 10381 10382
3 10394 10381 10395
3 10396 10382 10383
3 10395 10382 10396
3 10397 10383 10384
3 10396 10383 10397
3 10398 10384 10385
3 10397 10384 10398
3 10399 10385 10386
3 10398 10385 10399
3 10400 10386 10387
3 10399 10386 10400
3 9915 10400 9897
3 9897 10400 10387
3 10388 9923 9906
3 9923 10388 9908
3 10401 9926 9927
3 9913 10389 9927
3 10389 10401 9927
3 10389 10402 10401
3 10403 10389 10390
3 10402 10389 10403
3 10404 10390 10391
3 10403 10390 10404
3 10405 10391 10392
3 10404 10391 10405
3 10406 10392 10393
3 10405 10392 10406
3 10407 10393 10394
3 10406 10393 10407
3 10408 10394 10395
3 10407 10394 10408
3 10409 10395 10396
3 10408 10395 10409
3 10410 10396 10397
3 10409 10396 10410
3 10411 10397 10398
3 10410 10397 10411
3 10412 10398 10399
3 10411 10398 10412
3 10413 10399 10400
3 10412 10399 10413
3 9929 10413 9915
3 9915 10413 10400
3 10414 9938 9939
3 9926 10401 9939
3 10401 10414 9939
3 10401 10415 10414
3 9942 10415 9941
3 10415 10402 9941
3 10415 10401 10402
3 9941 10402 9943
3 10402 10416 9943
3 10402 10403 10416
3 10417 10403 10404
3 10416 10403 10417
3 10418 10404 10405
3 10417 10404 10418
3 10419 10405 10406
3 10418 10405 10419
3 10420 10406 10407
3 10419 10406 10420
3 10421 10407 10408
3 10420 10407 10421
3 10422 10408 10409
3 10421 10408 10422
3 10423 10409 10410
3 10422 10409 10423
3 10424 10410 10411
3 10423 10410 10424
3 10425 10411 10412
3 10424 10411 10425
3 10426 10412 10413
3 10425 10412 10426
3 9945 10426 9929
3 9929 10426 10413
3 10427 9953 9954
3 9954 9938 10427
3 9938 10414 10427
3 9957 9955 10427
3 9957 10427 10414
3 9957 10414 9959
3 9959 10414 10415
3 9961 9959 10428
3 9959 10415 10428
3 9942 9960 10428
3 9942 10428 10415
3 9943 10416 9960
3 10416 10428 9960
3 10416 10429 10428
3 10430 10416 10417
3 10429 10416 10430
3 10431 10417 10418
3 10430 10417 10431
3 10432 10418 10419
3 10431 10418 10432
3 10433 10419 10420
3 10432 10419 10433
3 10434 10420 10421
3 10433 10420 10434
3 10435 10421 10422
3 10434 10421 10435
3 10436 10422 10423
3 10435 10422 10436
3 10437 10423 10424
3 10436 10423 10437
3 10438 10424 10425
3 10437 10424 10438
3 10439 10425 10426
3 10438 10425 10439
3 9963 10439 9945
3 9945 10439 10426
3 10427 9971 9953
3 9971 10427 9955
3 10440 9974 9975
3 9961 10428 9975
3 10428 10440 9975
3 10428 10441 10440
3 10442 10428 10429
3 10441 10428 10442
3 10443 10429 10430
3 10442 10429 10443
3 10444 10430 10431
3 10443 10430 10444
3 10445 10431 10432
3 10444 10431 10445
3 10446 10432 10433
3 10445 10432 10446
3 10447 10433 10434
3 10446 10433 10447
3 10448 10434 10435
3 10447 10434 10448
3 10449 10435 10436
3 10448 10435 10449
3 10450 10436 10437
3 10449 10436 10450
3 10451 10437 10438
3 10450 10437 10451
3 10452 10438 10439
3 10451 10438 10452
3 9977 10452 9963
3 9963 10452 10439
3 10453 9985 9986
3 9974 10440 9986
3 10440 10453 9986
3 10440 10454 10453
3 10455 10440 10441
3 10454 10440 10455
3 10456 10441 10442
3 10455 10441 10456
3 10457 10442 10443
3 10456 10442 10457
3 10458 10443 10444
3 10457 10443 10458
3 10459 10444 10445
3 10458 10444 10459
3 10460 10445 10446
3 10459 10445 10460
3 10461 10446 10447
3 10460 10446 10461
3 10462 10447 10448
3 10461 10447 10462
3 10463 10448 10449
3 10462 10448 10463
3 10464 10449 10450
3 10463 10449 10464
3 10465 10450 10451
3 10464 10450 10465
3 10466 10451 10452
3 10465 10451 10466
3 9988 10466 9977
3 9977 10466 10452
3 10467 9995 9996
3 9985 10453 9996
3 10453 10467 9996
3 10453 10468 10467
3 9999 10468 9998
3 10468 10454 9998
3 10468 10453 10454
3 9998 10454 10000
3 10454 10469 10000
3 10454 10455 10469
3 10470 10455 10456
3 10469 10455 10470
3 10471 10456 10457
3 10470 10456 10471
3 10472 10457 10458
3 10471 10457 10472
3 10473 10458 10459
3 10472 10458 10473
3 10474 10459 10460
3 10473 10459 10474
3 10475 10460 10461
3 10474 10460 10475
3 10476 10461 10462
3 10475 10461 10476
3 10477 10462 10463
3 10476 10462 10477
3 10478 10463 10464
3 10477 10463 10478
3 10479 10464 10465
3 10478 10464 10479
3 10480 10465 10466
3 10479 10465 10480
3 10002 10480 9988
3 9988 10480 10466
3 10467 10009 9995
3 10009 10467 10012
3 10012 10467 10468
3 10012 10468 9999
3 10469 10014 10000
3 10014 10469 10017
3 10017 10469 10470
3 10017 10470 10019
3 10019 10470 10471
3 10019 10471 10020
3 10471 10481 10020
3 10471 10472 10481
3 10482 10472 10473
3 10481 10472 10482
3 10023 10482 10022
3 10482 10474 10022
3 10482 10473 10474
3 10022 10474 10025
3 10025 10474 10475
3 10025 10475 10027
3 10027 10475 10476
3 10027 10476 10028
3 10476 10483 10028
3 10476 10477 10483
3 10031 10483 10030
3 10483 10478 10030
3 10483 10477 10478
3 10030 10478 10033
3 10033 10478 10479
3 10033 10479 10035
3 10035 10479 10480
3 10035 10480 10002
3 10481 10037 10020
3 10037 10481 10038
3 10038 10481 10482
3 10038 10482 10023
3 10483 10039 10028
3 10039 10483 10031
