ply
format ascii 1.0
comment VisionMCP reconstruction mesh
element vertex 9844
property float x
property float y
property float z
element face 19684
property list uchar int vertex_indices
end_header
-0.155729167 -0.0145833333 0.0529166667
-0.151875 -0.0145833333 0.0489583333
-0.151875 -0.0182291667 0.0529166667
-0.151875 -0.0145833333 0.056875
-0.155729167 -0.0145833333 0.0766666667
-0.151875 -0.0145833333 0.0727083333
-0.151875 -0.0182291667 0.0766666667
-0.151875 -0.0182291667 0.0845833333
-0.155729167 -0.0145833333 0.0845833333
-0.151875 -0.0145833333 0.0885416667
-0.155729167 -0.0145833333 0.11625
-0.151875 -0.0145833333 0.112291667
-0.151875 -0.0182291667 0.11625
-0.151875 -0.0182291667 0.124166667
-0.155729167 -0.0145833333 0.124166667
-0.151875 -0.0145833333 0.128125
-0.155729167 -0.0145833333 0.147916667
-0.151875 -0.0145833333 0.143958333
-0.151875 -0.0182291667 0.147916667
-0.151875 -0.0182291667 0.155833333
-0.155729167 -0.0145833333 0.155833333
-0.151875 -0.0145833333 0.159791667
-0.155729167 -0.0145833333 0.179583333
-0.151875 -0.0145833333 0.175625
-0.151875 -0.0182291667 0.179583333
-0.151875 -0.0182291667 0.1875
-0.155729167 -0.0145833333 0.1875
-0.151875 -0.0145833333 0.191458333
-0.155729167 -0.0145833333 0.219166667
-0.151875 -0.0145833333 0.215208333
-0.151875 -0.0182291667 0.219166667
-0.151875 -0.0145833333 0.223125
-0.155729167 -0.0145833333 0.242916667
-0.151875 -0.0145833333 0.238958333
-0.151875 -0.0182291667 0.242916667
-0.151875 -0.0182291667 0.250833333
-0.155729167 -0.0145833333 0.250833333
-0.151875 -0.0145833333 0.254791667
-0.151875 -0.0109375 0.0529166667
-0.155729167 -0.00729166667 0.06875
-0.151875 -0.00729166667 0.0647916667
-0.151875 -0.0109375 0.06875
-0.155729167 -0.00729166667 0.0766666667
-0.155729167 -0.00729166667 0.0845833333
-0.151875 -0.00729166667 0.0885416667
-0.155729167 -0.00729166667 0.11625
-0.151875 -0.00729166667 0.112291667
-0.155729167 -0.00729166667 0.124166667
-0.151875 -0.0109375 0.132083333
-0.155729167 -0.00729166667 0.132083333
-0.151875 -0.00729166667 0.136041667
-0.151875 -0.0109375 0.147916667
-0.155729167 -0.00729166667 0.155833333
-0.151875 -0.00729166667 0.151875
-0.151875 -0.0109375 0.16375
-0.155729167 -0.00729166667 0.16375
-0.151875 -0.0109375 0.171666667
-0.155729167 -0.00729166667 0.171666667
-0.151875 -0.0109375 0.179583333
-0.151875 -0.00729166667 0.175625
-0.151875 -0.0109375 0.1875
-0.151875 -0.00729166667 0.191458333
-0.155729167 -0.00729166667 0.195416667
-0.151875 -0.0109375 0.195416667
-0.151875 -0.0109375 0.203333333
-0.155729167 -0.00729166667 0.203333333
-0.151875 -0.0109375 0.21125
-0.155729167 -0.00729166667 0.21125
-0.151875 -0.0109375 0.219166667
-0.151875 -0.00729166667 0.215208333
-0.155729167 -0.00729166667 0.235
-0.151875 -0.00729166667 0.231041667
-0.151875 -0.0109375 0.235
-0.155729167 -0.00729166667 0.242916667
-0.151875 -0.00729166667 0.246875
-0.151875 -0.0109375 0.250833333
-0.155729167 0 0.06875
-0.151875 0 0.0647916667
-0.151875 0 0.0727083333
-0.151875 -0.00364583333 0.0766666667
-0.151875 -0.00364583333 0.0845833333
-0.151875 -0.00364583333 0.11625
-0.151875 -0.00364583333 0.124166667
-0.151875 -0.00364583333 0.132083333
-0.151875 -0.00364583333 0.155833333
-0.151875 -0.00364583333 0.16375
-0.151875 -0.00364583333 0.171666667
-0.151875 -0.00364583333 0.195416667
-0.151875 -0.00364583333 0.203333333
-0.151875 -0.00364583333 0.21125
-0.151875 -0.00364583333 0.235
-0.151875 -0.00364583333 0.242916667
-0.151875 0.00364583333 0.06875
-0.148020833 -0.0583333333 0.0608333333
-0.144166667 -0.0583333333 0.056875
-0.144166667 -0.0619791667 0.0608333333
-0.144166667 -0.0583333333 0.0647916667
-0.148020833 -0.0583333333 0.132083333
-0.144166667 -0.0583333333 0.128125
-0.144166667 -0.0619791667 0.132083333
-0.144166667 -0.0583333333 0.136041667
-0.148020833 -0.0583333333 0.171666667
-0.144166667 -0.0583333333 0.167708333
-0.144166667 -0.0619791667 0.171666667
-0.144166667 -0.0583333333 0.175625
-0.148020833 -0.0583333333 0.203333333
-0.144166667 -0.0583333333 0.199375
-0.144166667 -0.0619791667 0.203333333
-0.144166667 -0.0583333333 0.207291667
-0.148020833 -0.0583333333 0.235
-0.144166667 -0.0583333333 0.231041667
-0.144166667 -0.0619791667 0.235
-0.144166667 -0.0583333333 0.238958333
-0.148020833 -0.0510416667 0.0291666667
-0.144166667 -0.0510416667 0.0252083333
-0.144166667 -0.0546875 0.0291666667
-0.144166667 -0.0546875 0.0370833333
-0.148020833 -0.0510416667 0.0370833333
-0.144166667 -0.0510416667 0.0410416667
-0.148020833 -0.0510416667 0.0608333333
-0.144166667 -0.0510416667 0.056875
-0.144166667 -0.0546875 0.06875
-0.148020833 -0.0510416667 0.06875
-0.144166667 -0.0546875 0.0766666667
-0.148020833 -0.0510416667 0.0766666667
-0.144166667 -0.0510416667 0.080625
-0.148020833 -0.0510416667 0.100416667
-0.144166667 -0.0510416667 0.0964583333
-0.144166667 -0.0546875 0.100416667
-0.144166667 -0.0546875 0.108333333
-0.148020833 -0.0510416667 0.108333333
-0.144166667 -0.0546875 0.11625
-0.148020833 -0.0510416667 0.11625
-0.144166667 -0.0510416667 0.120208333
-0.144166667 -0.0546875 0.132083333
-0.144166667 -0.0510416667 0.136041667
-0.148020833 -0.0510416667 0.14
-0.144166667 -0.0546875 0.14
-0.144166667 -0.0546875 0.147916667
-0.148020833 -0.0510416667 0.147916667
-0.144166667 -0.0510416667 0.151875
-0.148020833 -0.0510416667 0.171666667
-0.144166667 -0.0510416667 0.167708333
-0.144166667 -0.0546875 0.179583333
-0.148020833 -0.0510416667 0.179583333
-0.144166667 -0.0546875 0.1875
-0.148020833 -0.0510416667 0.1875
-0.144166667 -0.0510416667 0.191458333
-0.148020833 -0.0510416667 0.203333333
-0.144166667 -0.0510416667 0.199375
-0.144166667 -0.0546875 0.21125
-0.148020833 -0.0510416667 0.21125
-0.144166667 -0.0546875 0.219166667
-0.148020833 -0.0510416667 0.219166667
-0.144166667 -0.0510416667 0.223125
-0.148020833 -0.0510416667 0.235
-0.144166667 -0.0510416667 0.231041667
-0.144166667 -0.0546875 0.242916667
-0.148020833 -0.0510416667 0.242916667
-0.144166667 -0.0546875 0.250833333
-0.148020833 -0.0510416667 0.250833333
-0.144166667 -0.0510416667 0.254791667
-0.144166667 -0.0473958333 0.0291666667
-0.148020833 -0.04375 0.0370833333
-0.144166667 -0.04375 0.033125
-0.144166667 -0.0473958333 0.045
-0.148020833 -0.04375 0.045
-0.144166667 -0.0473958333 0.0529166667
-0.148020833 -0.04375 0.0529166667
-0.148020833 -0.04375 0.0608333333
-0.148020833 -0.04375 0.06875
-0.148020833 -0.04375 0.0766666667
-0.144166667 -0.0473958333 0.0845833333
-0.148020833 -0.04375 0.0845833333
-0.144166667 -0.0473958333 0.0925
-0.148020833 -0.04375 0.0925
-0.148020833 -0.04375 0.100416667
-0.148020833 -0.04375 0.108333333
-0.148020833 -0.04375 0.11625
-0.144166667 -0.0473958333 0.124166667
-0.148020833 -0.04375 0.124166667
-0.144166667 -0.0473958333 0.132083333
-0.148020833 -0.04375 0.132083333
-0.148020833 -0.04375 0.14
-0.148020833 -0.04375 0.147916667
-0.144166667 -0.0473958333 0.155833333
-0.148020833 -0.04375 0.155833333
-0.144166667 -0.0473958333 0.16375
-0.148020833 -0.04375 0.16375
-0.148020833 -0.04375 0.171666667
-0.148020833 -0.04375 0.179583333
-0.148020833 -0.04375 0.1875
-0.144166667 -0.0473958333 0.195416667
-0.148020833 -0.04375 0.195416667
-0.148020833 -0.04375 0.203333333
-0.148020833 -0.04375 0.21125
-0.148020833 -0.04375 0.219166667
-0.144166667 -0.0473958333 0.227083333
-0.148020833 -0.04375 0.227083333
-0.148020833 -0.04375 0.235
-0.148020833 -0.04375 0.242916667
-0.148020833 -0.04375 0.250833333
-0.144166667 -0.04375 0.254791667
-0.148020833 -0.0364583333 0.0370833333
-0.144166667 -0.0364583333 0.033125
-0.148020833 -0.0364583333 0.045
-0.148020833 -0.0364583333 0.0529166667
-0.148020833 -0.0364583333 0.0608333333
-0.148020833 -0.0364583333 0.06875
-0.148020833 -0.0364583333 0.0766666667
-0.148020833 -0.0364583333 0.0845833333
-0.148020833 -0.0364583333 0.0925
-0.148020833 -0.0364583333 0.100416667
-0.148020833 -0.0364583333 0.108333333
-0.148020833 -0.0364583333 0.11625
-0.148020833 -0.0364583333 0.124166667
-0.148020833 -0.0364583333 0.132083333
-0.148020833 -0.0364583333 0.14
-0.148020833 -0.0364583333 0.147916667
-0.148020833 -0.0364583333 0.155833333
-0.148020833 -0.0364583333 0.16375
-0.148020833 -0.0364583333 0.171666667
-0.148020833 -0.0364583333 0.179583333
-0.148020833 -0.0364583333 0.1875
-0.148020833 -0.0364583333 0.195416667
-0.148020833 -0.0364583333 0.203333333
-0.148020833 -0.0364583333 0.21125
-0.148020833 -0.0364583333 0.219166667
-0.148020833 -0.0364583333 0.227083333
-0.148020833 -0.0364583333 0.235
-0.148020833 -0.0364583333 0.242916667
-0.148020833 -0.0364583333 0.250833333
-0.144166667 -0.0364583333 0.254791667
-0.148020833 -0.0291666667 0.0370833333
-0.144166667 -0.0291666667 0.033125
-0.148020833 -0.0291666667 0.045
-0.148020833 -0.0291666667 0.0529166667
-0.148020833 -0.0291666667 0.0608333333
-0.148020833 -0.0291666667 0.06875
-0.148020833 -0.0291666667 0.0766666667
-0.148020833 -0.0291666667 0.0845833333
-0.148020833 -0.0291666667 0.0925
-0.148020833 -0.0291666667 0.100416667
-0.148020833 -0.0291666667 0.108333333
-0.148020833 -0.0291666667 0.11625
-0.148020833 -0.0291666667 0.124166667
-0.148020833 -0.0291666667 0.132083333
-0.148020833 -0.0291666667 0.14
-0.148020833 -0.0291666667 0.147916667
-0.148020833 -0.0291666667 0.155833333
-0.148020833 -0.0291666667 0.16375
-0.148020833 -0.0291666667 0.171666667
-0.148020833 -0.0291666667 0.179583333
-0.148020833 -0.0291666667 0.1875
-0.148020833 -0.0291666667 0.195416667
-0.148020833 -0.0291666667 0.203333333
-0.148020833 -0.0291666667 0.21125
-0.148020833 -0.0291666667 0.219166667
-0.148020833 -0.0291666667 0.227083333
-0.148020833 -0.0291666667 0.235
-0.148020833 -0.0291666667 0.242916667
-0.148020833 -0.0291666667 0.250833333
-0.144166667 -0.0291666667 0.254791667
-0.148020833 -0.021875 0.0370833333
-0.144166667 -0.021875 0.033125
-0.148020833 -0.021875 0.045
-0.148020833 -0.021875 0.0529166667
-0.148020833 -0.021875 0.0608333333
-0.148020833 -0.021875 0.06875
-0.148020833 -0.021875 0.0766666667
-0.148020833 -0.021875 0.0845833333
-0.148020833 -0.021875 0.0925
-0.148020833 -0.021875 0.100416667
-0.148020833 -0.021875 0.108333333
-0.148020833 -0.021875 0.11625
-0.148020833 -0.021875 0.124166667
-0.148020833 -0.021875 0.132083333
-0.148020833 -0.021875 0.14
-0.148020833 -0.021875 0.147916667
-0.148020833 -0.021875 0.155833333
-0.148020833 -0.021875 0.16375
-0.148020833 -0.021875 0.171666667
-0.148020833 -0.021875 0.179583333
-0.148020833 -0.021875 0.1875
-0.148020833 -0.021875 0.195416667
-0.148020833 -0.021875 0.203333333
-0.148020833 -0.021875 0.21125
-0.148020833 -0.021875 0.219166667
-0.148020833 -0.021875 0.227083333
-0.148020833 -0.021875 0.235
-0.148020833 -0.021875 0.242916667
-0.148020833 -0.021875 0.250833333
-0.144166667 -0.021875 0.254791667
-0.148020833 -0.0145833333 0.0370833333
-0.144166667 -0.0145833333 0.033125
-0.148020833 -0.0145833333 0.045
-0.148020833 -0.0145833333 0.0608333333
-0.148020833 -0.0145833333 0.06875
-0.148020833 -0.0145833333 0.0925
-0.148020833 -0.0145833333 0.100416667
-0.148020833 -0.0145833333 0.108333333
-0.148020833 -0.0145833333 0.132083333
-0.148020833 -0.0145833333 0.14
-0.148020833 -0.0145833333 0.16375
-0.148020833 -0.0145833333 0.171666667
-0.148020833 -0.0145833333 0.195416667
-0.148020833 -0.0145833333 0.203333333
-0.148020833 -0.0145833333 0.21125
-0.148020833 -0.0145833333 0.227083333
-0.148020833 -0.0145833333 0.235
-0.144166667 -0.0145833333 0.254791667
-0.148020833 -0.00729166667 0.0370833333
-0.144166667 -0.00729166667 0.033125
-0.148020833 -0.00729166667 0.045
-0.148020833 -0.00729166667 0.0529166667
-0.148020833 -0.00729166667 0.0608333333
-0.148020833 -0.00729166667 0.0925
-0.148020833 -0.00729166667 0.100416667
-0.148020833 -0.00729166667 0.108333333
-0.148020833 -0.00729166667 0.14
-0.148020833 -0.00729166667 0.147916667
-0.148020833 -0.00729166667 0.179583333
-0.148020833 -0.00729166667 0.1875
-0.148020833 -0.00729166667 0.219166667
-0.148020833 -0.00729166667 0.227083333
-0.148020833 -0.00729166667 0.250833333
-0.144166667 -0.00729166667 0.254791667
-0.148020833 0 0.0370833333
-0.144166667 0 0.033125
-0.148020833 0 0.045
-0.148020833 0 0.0529166667
-0.148020833 0 0.0608333333
-0.148020833 0 0.0766666667
-0.148020833 0 0.0845833333
-0.148020833 0 0.0925
-0.148020833 0 0.100416667
-0.148020833 0 0.108333333
-0.148020833 0 0.11625
-0.148020833 0 0.124166667
-0.148020833 0 0.132083333
-0.148020833 0 0.14
-0.148020833 0 0.147916667
-0.148020833 0 0.155833333
-0.148020833 0 0.16375
-0.148020833 0 0.171666667
-0.148020833 0 0.179583333
-0.148020833 0 0.1875
-0.148020833 0 0.195416667
-0.148020833 0 0.203333333
-0.148020833 0 0.21125
-0.148020833 0 0.219166667
-0.148020833 0 0.227083333
-0.148020833 0 0.235
-0.148020833 0 0.242916667
-0.148020833 0 0.250833333
-0.144166667 0 0.254791667
-0.148020833 0.00729166667 0.0370833333
-0.144166667 0.00729166667 0.033125
-0.148020833 0.00729166667 0.045
-0.148020833 0.00729166667 0.0529166667
-0.148020833 0.00729166667 0.0608333333
-0.148020833 0.00729166667 0.06875
-0.148020833 0.00729166667 0.0766666667
-0.148020833 0.00729166667 0.0845833333
-0.148020833 0.00729166667 0.0925
-0.148020833 0.00729166667 0.100416667
-0.148020833 0.00729166667 0.108333333
-0.148020833 0.00729166667 0.11625
-0.148020833 0.00729166667 0.124166667
-0.148020833 0.00729166667 0.132083333
-0.148020833 0.00729166667 0.14
-0.148020833 0.00729166667 0.147916667
-0.148020833 0.00729166667 0.155833333
-0.148020833 0.00729166667 0.16375
-0.148020833 0.00729166667 0.171666667
-0.148020833 0.00729166667 0.179583333
-0.148020833 0.00729166667 0.1875
-0.148020833 0.00729166667 0.195416667
-0.148020833 0.00729166667 0.203333333
-0.148020833 0.00729166667 0.21125
-0.148020833 0.00729166667 0.219166667
-0.148020833 0.00729166667 0.227083333
-0.148020833 0.00729166667 0.235
-0.148020833 0.00729166667 0.242916667
-0.148020833 0.00729166667 0.250833333
-0.144166667 0.00729166667 0.254791667
-0.148020833 0.0145833333 0.0291666667
-0.144166667 0.0145833333 0.0252083333
-0.144166667 0.0109375 0.0291666667
-0.148020833 0.0145833333 0.0370833333
-0.148020833 0.0145833333 0.045
-0.148020833 0.0145833333 0.0529166667
-0.148020833 0.0145833333 0.0608333333
-0.148020833 0.0145833333 0.06875
-0.148020833 0.0145833333 0.0766666667
-0.148020833 0.0145833333 0.0845833333
-0.148020833 0.0145833333 0.0925
-0.148020833 0.0145833333 0.100416667
-0.148020833 0.0145833333 0.108333333
-0.148020833 0.0145833333 0.11625
-0.148020833 0.0145833333 0.124166667
-0.148020833 0.0145833333 0.132083333
-0.148020833 0.0145833333 0.14
-0.148020833 0.0145833333 0.147916667
-0.148020833 0.0145833333 0.155833333
-0.148020833 0.0145833333 0.16375
-0.148020833 0.0145833333 0.171666667
-0.148020833 0.0145833333 0.179583333
-0.148020833 0.0145833333 0.1875
-0.148020833 0.0145833333 0.195416667
-0.148020833 0.0145833333 0.203333333
-0.148020833 0.0145833333 0.21125
-0.148020833 0.0145833333 0.219166667
-0.148020833 0.0145833333 0.227083333
-0.148020833 0.0145833333 0.235
-0.148020833 0.0145833333 0.242916667
-0.148020833 0.0145833333 0.250833333
-0.144166667 0.0145833333 0.254791667
-0.144166667 0.0182291667 0.0291666667
-0.148020833 0.021875 0.0370833333
-0.144166667 0.021875 0.033125
-0.148020833 0.021875 0.045
-0.148020833 0.021875 0.0529166667
-0.148020833 0.021875 0.0608333333
-0.148020833 0.021875 0.06875
-0.148020833 0.021875 0.0766666667
-0.148020833 0.021875 0.0845833333
-0.148020833 0.021875 0.0925
-0.148020833 0.021875 0.100416667
-0.148020833 0.021875 0.108333333
-0.148020833 0.021875 0.11625
-0.148020833 0.021875 0.124166667
-0.148020833 0.021875 0.132083333
-0.148020833 0.021875 0.14
-0.148020833 0.021875 0.147916667
-0.148020833 0.021875 0.155833333
-0.148020833 0.021875 0.16375
-0.148020833 0.021875 0.171666667
-0.148020833 0.021875 0.179583333
-0.148020833 0.021875 0.1875
-0.148020833 0.021875 0.195416667
-0.148020833 0.021875 0.203333333
-0.148020833 0.021875 0.21125
-0.148020833 0.021875 0.219166667
-0.148020833 0.021875 0.227083333
-0.148020833 0.021875 0.235
-0.148020833 0.021875 0.242916667
-0.148020833 0.021875 0.250833333
-0.144166667 0.021875 0.254791667
-0.148020833 0.0291666667 0.0370833333
-0.144166667 0.0291666667 0.033125
-0.148020833 0.0291666667 0.045
-0.148020833 0.0291666667 0.0529166667
-0.148020833 0.0291666667 0.0608333333
-0.148020833 0.0291666667 0.06875
-0.148020833 0.0291666667 0.0766666667
-0.148020833 0.0291666667 0.0845833333
-0.148020833 0.0291666667 0.0925
-0.148020833 0.0291666667 0.100416667
-0.148020833 0.0291666667 0.108333333
-0.148020833 0.0291666667 0.11625
-0.148020833 0.0291666667 0.124166667
-0.148020833 0.0291666667 0.132083333
-0.144166667 0.0291666667 0.136041667
-0.144166667 0.0255208333 0.14
-0.148020833 0.0291666667 0.147916667
-0.144166667 0.0291666667 0.143958333
-0.148020833 0.0291666667 0.155833333
-0.148020833 0.0291666667 0.16375
-0.148020833 0.0291666667 0.171666667
-0.148020833 0.0291666667 0.179583333
-0.148020833 0.0291666667 0.1875
-0.148020833 0.0291666667 0.195416667
-0.148020833 0.0291666667 0.203333333
-0.148020833 0.0291666667 0.21125
-0.148020833 0.0291666667 0.219166667
-0.148020833 0.0291666667 0.227083333
-0.148020833 0.0291666667 0.235
-0.148020833 0.0291666667 0.242916667
-0.148020833 0.0291666667 0.250833333
-0.144166667 0.0291666667 0.254791667
-0.144166667 0.0328125 0.0370833333
-0.144166667 0.0328125 0.045
-0.148020833 0.0364583333 0.0529166667
-0.144166667 0.0364583333 0.0489583333
-0.148020833 0.0364583333 0.0608333333
-0.148020833 0.0364583333 0.06875
-0.144166667 0.0364583333 0.0727083333
-0.144166667 0.0328125 0.0766666667
-0.144166667 0.0328125 0.0845833333
-0.144166667 0.0328125 0.0925
-0.148020833 0.0364583333 0.100416667
-0.144166667 0.0364583333 0.0964583333
-0.148020833 0.0364583333 0.108333333
-0.148020833 0.0364583333 0.11625
-0.144166667 0.0364583333 0.120208333
-0.144166667 0.0328125 0.124166667
-0.144166667 0.0328125 0.132083333
-0.148020833 0.0364583333 0.147916667
-0.144166667 0.0364583333 0.143958333
-0.148020833 0.0364583333 0.155833333
-0.144166667 0.0364583333 0.159791667
-0.144166667 0.0328125 0.16375
-0.144166667 0.0328125 0.171666667
-0.144166667 0.0328125 0.179583333
-0.148020833 0.0364583333 0.1875
-0.144166667 0.0364583333 0.183541667
-0.148020833 0.0364583333 0.195416667
-0.148020833 0.0364583333 0.203333333
-0.144166667 0.0364583333 0.207291667
-0.144166667 0.0328125 0.21125
-0.144166667 0.0328125 0.219166667
-0.148020833 0.0364583333 0.227083333
-0.144166667 0.0364583333 0.223125
-0.148020833 0.0364583333 0.235
-0.148020833 0.0364583333 0.242916667
-0.144166667 0.0364583333 0.246875
-0.144166667 0.0328125 0.250833333
-0.148020833 0.04375 0.0529166667
-0.144166667 0.04375 0.0489583333
-0.144166667 0.04375 0.056875
-0.144166667 0.0401041667 0.0608333333
-0.144166667 0.0401041667 0.06875
-0.148020833 0.04375 0.100416667
-0.144166667 0.04375 0.0964583333
-0.144166667 0.04375 0.104375
-0.144166667 0.0401041667 0.108333333
-0.144166667 0.0401041667 0.11625
-0.148020833 0.04375 0.14
-0.144166667 0.04375 0.136041667
-0.144166667 0.0401041667 0.14
-0.144166667 0.0401041667 0.147916667
-0.144166667 0.04375 0.143958333
-0.144166667 0.0401041667 0.155833333
-0.144166667 0.0401041667 0.1875
-0.144166667 0.0401041667 0.195416667
-0.144166667 0.0401041667 0.203333333
-0.144166667 0.0401041667 0.227083333
-0.144166667 0.0401041667 0.235
-0.144166667 0.0401041667 0.242916667
-0.144166667 0.0473958333 0.0529166667
-0.144166667 0.0473958333 0.100416667
-0.144166667 0.0473958333 0.14
-0.1403125 -0.0947916667 0.0370833333
-0.136458333 -0.0947916667 0.033125
-0.136458333 -0.0984375 0.0370833333
-0.136458333 -0.0984375 0.045
-0.1403125 -0.0947916667 0.045
-0.136458333 -0.0947916667 0.0489583333
-0.1403125 -0.0947916667 0.0845833333
-0.136458333 -0.0947916667 0.080625
-0.136458333 -0.0984375 0.0845833333
-0.136458333 -0.0947916667 0.0885416667
-0.1403125 -0.0947916667 0.124166667
-0.136458333 -0.0947916667 0.120208333
-0.136458333 -0.0984375 0.124166667
-0.136458333 -0.0947916667 0.128125
-0.1403125 -0.0947916667 0.155833333
-0.136458333 -0.0947916667 0.151875
-0.136458333 -0.0984375 0.155833333
-0.136458333 -0.0984375 0.16375
-0.1403125 -0.0947916667 0.16375
-0.136458333 -0.0947916667 0.167708333
-0.1403125 -0.0947916667 0.195416667
-0.136458333 -0.0947916667 0.191458333
-0.136458333 -0.0984375 0.195416667
-0.136458333 -0.0947916667 0.199375
-0.1403125 -0.0947916667 0.227083333
-0.136458333 -0.0947916667 0.223125
-0.136458333 -0.0984375 0.227083333
-0.136458333 -0.0984375 0.235
-0.1403125 -0.0947916667 0.235
-0.136458333 -0.0947916667 0.238958333
-0.1403125 -0.0875 0.02125
-0.136458333 -0.0875 0.0172916667
-0.136458333 -0.0911458333 0.02125
-0.136458333 -0.0875 0.0252083333
-0.136458333 -0.0911458333 0.0370833333
-0.1403125 -0.0875 0.045
-0.136458333 -0.0875 0.0410416667
-0.136458333 -0.0911458333 0.0529166667
-0.1403125 -0.0875 0.0529166667
-0.136458333 -0.0911458333 0.0608333333
-0.1403125 -0.0875 0.0608333333
-0.136458333 -0.0911458333 0.06875
-0.1403125 -0.0875 0.06875
-0.136458333 -0.0875 0.0727083333
-0.1403125 -0.0875 0.0845833333
-0.136458333 -0.0875 0.080625
-0.136458333 -0.0911458333 0.0925
-0.1403125 -0.0875 0.0925
-0.136458333 -0.0911458333 0.100416667
-0.1403125 -0.0875 0.100416667
-0.136458333 -0.0911458333 0.108333333
-0.1403125 -0.0875 0.108333333
-0.136458333 -0.0875 0.112291667
-0.1403125 -0.0875 0.124166667
-0.136458333 -0.0875 0.120208333
-0.136458333 -0.0911458333 0.132083333
-0.1403125 -0.0875 0.132083333
-0.136458333 -0.0911458333 0.14
-0.1403125 -0.0875 0.14
-0.136458333 -0.0875 0.143958333
-0.136458333 -0.0911458333 0.155833333
-0.1403125 -0.0875 0.16375
-0.136458333 -0.0875 0.159791667
-0.136458333 -0.0911458333 0.171666667
-0.1403125 -0.0875 0.171666667
-0.136458333 -0.0911458333 0.179583333
-0.1403125 -0.0875 0.179583333
-0.136458333 -0.0875 0.183541667
-0.1403125 -0.0875 0.195416667
-0.136458333 -0.0875 0.191458333
-0.136458333 -0.0911458333 0.203333333
-0.1403125 -0.0875 0.203333333
-0.136458333 -0.0911458333 0.21125
-0.1403125 -0.0875 0.21125
-0.136458333 -0.0875 0.215208333
-0.136458333 -0.0911458333 0.227083333
-0.1403125 -0.0875 0.235
-0.136458333 -0.0875 0.231041667
-0.136458333 -0.0911458333 0.242916667
-0.1403125 -0.0875 0.242916667
-0.136458333 -0.0875 0.246875
-0.1403125 -0.0802083333 0.02125
-0.136458333 -0.0802083333 0.0172916667
-0.136458333 -0.0838541667 0.0291666667
-0.1403125 -0.0802083333 0.0291666667
-0.136458333 -0.0838541667 0.0370833333
-0.1403125 -0.0802083333 0.0370833333
-0.1403125 -0.0802083333 0.045
-0.1403125 -0.0802083333 0.0529166667
-0.1403125 -0.0802083333 0.0608333333
-0.1403125 -0.0802083333 0.06875
-0.136458333 -0.0838541667 0.0766666667
-0.1403125 -0.0802083333 0.0766666667
-0.1403125 -0.0802083333 0.0845833333
-0.1403125 -0.0802083333 0.0925
-0.1403125 -0.0802083333 0.100416667
-0.1403125 -0.0802083333 0.108333333
-0.136458333 -0.0838541667 0.11625
-0.1403125 -0.0802083333 0.11625
-0.1403125 -0.0802083333 0.124166667
-0.1403125 -0.0802083333 0.132083333
-0.1403125 -0.0802083333 0.14
-0.136458333 -0.0838541667 0.147916667
-0.1403125 -0.0802083333 0.147916667
-0.136458333 -0.0838541667 0.155833333
-0.1403125 -0.0802083333 0.155833333
-0.1403125 -0.0802083333 0.16375
-0.1403125 -0.0802083333 0.171666667
-0.1403125 -0.0802083333 0.179583333
-0.136458333 -0.0838541667 0.1875
-0.1403125 -0.0802083333 0.1875
-0.1403125 -0.0802083333 0.195416667
-0.1403125 -0.0802083333 0.203333333
-0.1403125 -0.0802083333 0.21125
-0.136458333 -0.0838541667 0.219166667
-0.1403125 -0.0802083333 0.219166667
-0.136458333 -0.0838541667 0.227083333
-0.1403125 -0.0802083333 0.227083333
-0.1403125 -0.0802083333 0.235
-0.1403125 -0.0802083333 0.242916667
-0.136458333 -0.0838541667 0.250833333
-0.1403125 -0.0802083333 0.250833333
-0.136458333 -0.0802083333 0.254791667
-0.1403125 -0.0729166667 0.02125
-0.136458333 -0.0729166667 0.0172916667
-0.1403125 -0.0729166667 0.0291666667
-0.1403125 -0.0729166667 0.0370833333
-0.1403125 -0.0729166667 0.045
-0.1403125 -0.0729166667 0.0529166667
-0.1403125 -0.0729166667 0.0608333333
-0.1403125 -0.0729166667 0.06875
-0.1403125 -0.0729166667 0.0766666667
-0.1403125 -0.0729166667 0.0845833333
-0.1403125 -0.0729166667 0.0925
-0.1403125 -0.0729166667 0.100416667
-0.1403125 -0.0729166667 0.108333333
-0.1403125 -0.0729166667 0.11625
-0.1403125 -0.0729166667 0.124166667
-0.1403125 -0.0729166667 0.132083333
-0.1403125 -0.0729166667 0.14
-0.1403125 -0.0729166667 0.147916667
-0.1403125 -0.0729166667 0.155833333
-0.1403125 -0.0729166667 0.16375
-0.1403125 -0.0729166667 0.171666667
-0.1403125 -0.0729166667 0.179583333
-0.1403125 -0.0729166667 0.1875
-0.1403125 -0.0729166667 0.195416667
-0.1403125 -0.0729166667 0.203333333
-0.1403125 -0.0729166667 0.21125
-0.1403125 -0.0729166667 0.219166667
-0.1403125 -0.0729166667 0.227083333
-0.1403125 -0.0729166667 0.235
-0.1403125 -0.0729166667 0.242916667
-0.1403125 -0.0729166667 0.250833333
-0.136458333 -0.0729166667 0.254791667
-0.1403125 -0.065625 0.02125
-0.136458333 -0.065625 0.0172916667
-0.1403125 -0.065625 0.0291666667
-0.1403125 -0.065625 0.0370833333
-0.1403125 -0.065625 0.045
-0.1403125 -0.065625 0.0529166667
-0.1403125 -0.065625 0.0608333333
-0.1403125 -0.065625 0.06875
-0.1403125 -0.065625 0.0766666667
-0.1403125 -0.065625 0.0845833333
-0.1403125 -0.065625 0.0925
-0.1403125 -0.065625 0.100416667
-0.1403125 -0.065625 0.108333333
-0.1403125 -0.065625 0.11625
-0.1403125 -0.065625 0.124166667
-0.1403125 -0.065625 0.132083333
-0.1403125 -0.065625 0.14
-0.1403125 -0.065625 0.147916667
-0.1403125 -0.065625 0.155833333
-0.1403125 -0.065625 0.16375
-0.1403125 -0.065625 0.171666667
-0.1403125 -0.065625 0.179583333
-0.1403125 -0.065625 0.1875
-0.1403125 -0.065625 0.195416667
-0.1403125 -0.065625 0.203333333
-0.1403125 -0.065625 0.21125
-0.1403125 -0.065625 0.219166667
-0.1403125 -0.065625 0.227083333
-0.1403125 -0.065625 0.235
-0.1403125 -0.065625 0.242916667
-0.1403125 -0.065625 0.250833333
-0.136458333 -0.065625 0.254791667
-0.1403125 -0.0583333333 0.0133333333
-0.136458333 -0.0583333333 0.009375
-0.136458333 -0.0619791667 0.0133333333
-0.1403125 -0.0583333333 0.02125
-0.1403125 -0.0583333333 0.0291666667
-0.1403125 -0.0583333333 0.0370833333
-0.1403125 -0.0583333333 0.045
-0.1403125 -0.0583333333 0.0529166667
-0.1403125 -0.0583333333 0.06875
-0.1403125 -0.0583333333 0.0766666667
-0.1403125 -0.0583333333 0.0845833333
-0.1403125 -0.0583333333 0.0925
-0.1403125 -0.0583333333 0.100416667
-0.1403125 -0.0583333333 0.108333333
-0.1403125 -0.0583333333 0.11625
-0.1403125 -0.0583333333 0.124166667
-0.1403125 -0.0583333333 0.14
-0.1403125 -0.0583333333 0.147916667
-0.1403125 -0.0583333333 0.155833333
-0.1403125 -0.0583333333 0.16375
-0.1403125 -0.0583333333 0.179583333
-0.1403125 -0.0583333333 0.1875
-0.1403125 -0.0583333333 0.195416667
-0.1403125 -0.0583333333 0.21125
-0.1403125 -0.0583333333 0.219166667
-0.1403125 -0.0583333333 0.227083333
-0.1403125 -0.0583333333 0.242916667
-0.1403125 -0.0583333333 0.250833333
-0.136458333 -0.0583333333 0.254791667
-0.136458333 -0.0546875 0.0133333333
-0.1403125 -0.0510416667 0.02125
-0.136458333 -0.0510416667 0.0172916667
-0.1403125 -0.0510416667 0.045
-0.1403125 -0.0510416667 0.0529166667
-0.1403125 -0.0510416667 0.0845833333
-0.1403125 -0.0510416667 0.0925
-0.1403125 -0.0510416667 0.124166667
-0.1403125 -0.0510416667 0.132083333
-0.1403125 -0.0510416667 0.155833333
-0.1403125 -0.0510416667 0.16375
-0.1403125 -0.0510416667 0.195416667
-0.1403125 -0.0510416667 0.227083333
-0.136458333 -0.0510416667 0.254791667
-0.1403125 -0.04375 0.02125
-0.136458333 -0.04375 0.0172916667
-0.1403125 -0.04375 0.0291666667
-0.136458333 -0.04375 0.254791667
-0.1403125 -0.0364583333 0.02125
-0.136458333 -0.0364583333 0.0172916667
-0.1403125 -0.0364583333 0.0291666667
-0.136458333 -0.0364583333 0.254791667
-0.1403125 -0.0291666667 0.02125
-0.136458333 -0.0291666667 0.0172916667
-0.1403125 -0.0291666667 0.0291666667
-0.136458333 -0.0291666667 0.254791667
-0.1403125 -0.021875 0.02125
-0.136458333 -0.021875 0.0172916667
-0.1403125 -0.021875 0.0291666667
-0.136458333 -0.021875 0.254791667
-0.1403125 -0.0145833333 0.0133333333
-0.136458333 -0.0145833333 0.009375
-0.136458333 -0.0182291667 0.0133333333
-0.1403125 -0.0145833333 0.02125
-0.1403125 -0.0145833333 0.0291666667
-0.136458333 -0.0145833333 0.254791667
-0.136458333 -0.0109375 0.0133333333
-0.1403125 -0.00729166667 0.02125
-0.136458333 -0.00729166667 0.0172916667
-0.1403125 -0.00729166667 0.0291666667
-0.136458333 -0.00729166667 0.254791667
-0.1403125 0 0.02125
-0.136458333 0 0.0172916667
-0.1403125 0 0.0291666667
-0.136458333 0 0.254791667
-0.1403125 0.00729166667 0.0133333333
-0.136458333 0.00729166667 0.009375
-0.136458333 0.00364583333 0.0133333333
-0.1403125 0.00729166667 0.02125
-0.1403125 0.00729166667 0.0291666667
-0.136458333 0.00729166667 0.254791667
-0.136458333 0.0109375 0.0133333333
-0.1403125 0.0145833333 0.02125
-0.136458333 0.0145833333 0.0172916667
-0.136458333 0.0145833333 0.254791667
-0.1403125 0.021875 0.0133333333
-0.136458333 0.021875 0.009375
-0.136458333 0.0182291667 0.0133333333
-0.1403125 0.021875 0.02125
-0.1403125 0.021875 0.0291666667
-0.136458333 0.021875 0.254791667
-0.136458333 0.0255208333 0.0133333333
-0.1403125 0.0291666667 0.02125
-0.136458333 0.0291666667 0.0172916667
-0.1403125 0.0291666667 0.0291666667
-0.1403125 0.0291666667 0.14
-0.136458333 0.0291666667 0.254791667
-0.1403125 0.0364583333 0.02125
-0.136458333 0.0364583333 0.0172916667
-0.1403125 0.0364583333 0.0291666667
-0.1403125 0.0364583333 0.0370833333
-0.1403125 0.0364583333 0.045
-0.1403125 0.0364583333 0.0766666667
-0.1403125 0.0364583333 0.0845833333
-0.1403125 0.0364583333 0.0925
-0.1403125 0.0364583333 0.124166667
-0.1403125 0.0364583333 0.132083333
-0.1403125 0.0364583333 0.14
-0.1403125 0.0364583333 0.16375
-0.1403125 0.0364583333 0.171666667
-0.1403125 0.0364583333 0.179583333
-0.1403125 0.0364583333 0.21125
-0.1403125 0.0364583333 0.219166667
-0.1403125 0.0364583333 0.250833333
-0.136458333 0.0364583333 0.254791667
-0.1403125 0.04375 0.02125
-0.136458333 0.04375 0.0172916667
-0.1403125 0.04375 0.0291666667
-0.1403125 0.04375 0.0370833333
-0.1403125 0.04375 0.045
-0.1403125 0.04375 0.0608333333
-0.1403125 0.04375 0.06875
-0.1403125 0.04375 0.0766666667
-0.1403125 0.04375 0.0845833333
-0.1403125 0.04375 0.0925
-0.1403125 0.04375 0.108333333
-0.1403125 0.04375 0.11625
-0.1403125 0.04375 0.124166667
-0.1403125 0.04375 0.132083333
-0.1403125 0.04375 0.147916667
-0.1403125 0.04375 0.155833333
-0.1403125 0.04375 0.16375
-0.1403125 0.04375 0.171666667
-0.1403125 0.04375 0.179583333
-0.1403125 0.04375 0.1875
-0.1403125 0.04375 0.195416667
-0.1403125 0.04375 0.203333333
-0.1403125 0.04375 0.21125
-0.1403125 0.04375 0.219166667
-0.1403125 0.04375 0.227083333
-0.1403125 0.04375 0.235
-0.1403125 0.04375 0.242916667
-0.1403125 0.04375 0.250833333
-0.136458333 0.04375 0.254791667
-0.1403125 0.0510416667 0.02125
-0.136458333 0.0510416667 0.0172916667
-0.1403125 0.0510416667 0.0291666667
-0.1403125 0.0510416667 0.0370833333
-0.1403125 0.0510416667 0.045
-0.1403125 0.0510416667 0.0529166667
-0.1403125 0.0510416667 0.0608333333
-0.1403125 0.0510416667 0.06875
-0.1403125 0.0510416667 0.0766666667
-0.1403125 0.0510416667 0.0845833333
-0.1403125 0.0510416667 0.0925
-0.1403125 0.0510416667 0.100416667
-0.1403125 0.0510416667 0.108333333
-0.1403125 0.0510416667 0.11625
-0.1403125 0.0510416667 0.124166667
-0.1403125 0.0510416667 0.132083333
-0.1403125 0.0510416667 0.14
-0.1403125 0.0510416667 0.147916667
-0.1403125 0.0510416667 0.155833333
-0.1403125 0.0510416667 0.16375
-0.1403125 0.0510416667 0.171666667
-0.1403125 0.0510416667 0.179583333
-0.1403125 0.0510416667 0.1875
-0.1403125 0.0510416667 0.195416667
-0.1403125 0.0510416667 0.203333333
-0.1403125 0.0510416667 0.21125
-0.1403125 0.0510416667 0.219166667
-0.1403125 0.0510416667 0.227083333
-0.1403125 0.0510416667 0.235
-0.1403125 0.0510416667 0.242916667
-0.1403125 0.0510416667 0.250833333
-0.136458333 0.0510416667 0.254791667
-0.1403125 0.0583333333 0.0133333333
-0.136458333 0.0583333333 0.009375
-0.136458333 0.0546875 0.0133333333
-0.1403125 0.0583333333 0.02125
-0.1403125 0.0583333333 0.0291666667
-0.1403125 0.0583333333 0.0370833333
-0.1403125 0.0583333333 0.045
-0.1403125 0.0583333333 0.0529166667
-0.1403125 0.0583333333 0.0608333333
-0.1403125 0.0583333333 0.06875
-0.1403125 0.0583333333 0.0766666667
-0.1403125 0.0583333333 0.0845833333
-0.1403125 0.0583333333 0.0925
-0.1403125 0.0583333333 0.100416667
-0.1403125 0.0583333333 0.108333333
-0.1403125 0.0583333333 0.11625
-0.1403125 0.0583333333 0.124166667
-0.1403125 0.0583333333 0.132083333
-0.1403125 0.0583333333 0.14
-0.1403125 0.0583333333 0.147916667
-0.1403125 0.0583333333 0.155833333
-0.1403125 0.0583333333 0.16375
-0.1403125 0.0583333333 0.171666667
-0.1403125 0.0583333333 0.179583333
-0.1403125 0.0583333333 0.1875
-0.1403125 0.0583333333 0.195416667
-0.1403125 0.0583333333 0.203333333
-0.1403125 0.0583333333 0.21125
-0.1403125 0.0583333333 0.219166667
-0.1403125 0.0583333333 0.227083333
-0.1403125 0.0583333333 0.235
-0.1403125 0.0583333333 0.242916667
-0.1403125 0.0583333333 0.250833333
-0.136458333 0.0583333333 0.254791667
-0.136458333 0.0619791667 0.0133333333
-0.1403125 0.065625 0.02125
-0.136458333 0.065625 0.0172916667
-0.1403125 0.065625 0.0291666667
-0.1403125 0.065625 0.0370833333
-0.1403125 0.065625 0.045
-0.1403125 0.065625 0.0529166667
-0.1403125 0.065625 0.0608333333
-0.1403125 0.065625 0.06875
-0.1403125 0.065625 0.0766666667
-0.1403125 0.065625 0.0845833333
-0.1403125 0.065625 0.0925
-0.1403125 0.065625 0.100416667
-0.1403125 0.065625 0.108333333
-0.1403125 0.065625 0.11625
-0.1403125 0.065625 0.124166667
-0.1403125 0.065625 0.132083333
-0.1403125 0.065625 0.14
-0.1403125 0.065625 0.147916667
-0.1403125 0.065625 0.155833333
-0.1403125 0.065625 0.16375
-0.1403125 0.065625 0.171666667
-0.1403125 0.065625 0.179583333
-0.1403125 0.065625 0.1875
-0.1403125 0.065625 0.195416667
-0.1403125 0.065625 0.203333333
-0.1403125 0.065625 0.21125
-0.1403125 0.065625 0.219166667
-0.1403125 0.065625 0.227083333
-0.1403125 0.065625 0.235
-0.1403125 0.065625 0.242916667
-0.1403125 0.065625 0.250833333
-0.136458333 0.065625 0.254791667
-0.1403125 0.0729166667 0.02125
-0.136458333 0.0729166667 0.0172916667
-0.136458333 0.0729166667 0.0252083333
-0.136458333 0.0692708333 0.0291666667
-0.136458333 0.0692708333 0.0370833333
-0.1403125 0.0729166667 0.045
-0.136458333 0.0729166667 0.0410416667
-0.1403125 0.0729166667 0.0529166667
-0.1403125 0.0729166667 0.0608333333
-0.1403125 0.0729166667 0.06875
-0.1403125 0.0729166667 0.0766666667
-0.136458333 0.0729166667 0.080625
-0.136458333 0.0692708333 0.0845833333
-0.1403125 0.0729166667 0.0925
-0.136458333 0.0729166667 0.0885416667
-0.1403125 0.0729166667 0.100416667
-0.1403125 0.0729166667 0.108333333
-0.1403125 0.0729166667 0.11625
-0.1403125 0.0729166667 0.124166667
-0.1403125 0.0729166667 0.132083333
-0.1403125 0.0729166667 0.14
-0.1403125 0.0729166667 0.147916667
-0.1403125 0.0729166667 0.155833333
-0.1403125 0.0729166667 0.16375
-0.136458333 0.0729166667 0.167708333
-0.136458333 0.0692708333 0.171666667
-0.1403125 0.0729166667 0.179583333
-0.136458333 0.0729166667 0.175625
-0.1403125 0.0729166667 0.1875
-0.1403125 0.0729166667 0.195416667
-0.1403125 0.0729166667 0.203333333
-0.1403125 0.0729166667 0.21125
-0.136458333 0.0729166667 0.215208333
-0.136458333 0.0692708333 0.219166667
-0.1403125 0.0729166667 0.227083333
-0.136458333 0.0729166667 0.223125
-0.1403125 0.0729166667 0.235
-0.1403125 0.0729166667 0.242916667
-0.1403125 0.0729166667 0.250833333
-0.136458333 0.0729166667 0.254791667
-0.136458333 0.0765625 0.02125
-0.1403125 0.0802083333 0.0370833333
-0.136458333 0.0802083333 0.033125
-0.136458333 0.0765625 0.0370833333
-0.1403125 0.0802083333 0.045
-0.1403125 0.0802083333 0.0529166667
-0.136458333 0.0802083333 0.056875
-0.136458333 0.0765625 0.0608333333
-0.136458333 0.0765625 0.06875
-0.136458333 0.0765625 0.0766666667
-0.1403125 0.0802083333 0.0925
-0.136458333 0.0802083333 0.0885416667
-0.1403125 0.0802083333 0.100416667
-0.136458333 0.0802083333 0.104375
-0.136458333 0.0765625 0.108333333
-0.136458333 0.0765625 0.11625
-0.136458333 0.0765625 0.124166667
-0.1403125 0.0802083333 0.132083333
-0.136458333 0.0802083333 0.128125
-0.1403125 0.0802083333 0.14
-0.1403125 0.0802083333 0.147916667
-0.136458333 0.0802083333 0.151875
-0.136458333 0.0765625 0.155833333
-0.136458333 0.0765625 0.16375
-0.1403125 0.0802083333 0.179583333
-0.136458333 0.0802083333 0.175625
-0.1403125 0.0802083333 0.1875
-0.136458333 0.0802083333 0.191458333
-0.136458333 0.0765625 0.195416667
-0.136458333 0.0765625 0.203333333
-0.136458333 0.0765625 0.21125
-0.1403125 0.0802083333 0.227083333
-0.136458333 0.0802083333 0.223125
-0.1403125 0.0802083333 0.235
-0.136458333 0.0802083333 0.238958333
-0.136458333 0.0765625 0.242916667
-0.136458333 0.0765625 0.250833333
-0.1403125 0.0875 0.0370833333
-0.136458333 0.0875 0.033125
-0.136458333 0.0875 0.0410416667
-0.136458333 0.0838541667 0.045
-0.136458333 0.0838541667 0.0529166667
-0.1403125 0.0875 0.0845833333
-0.136458333 0.0875 0.080625
-0.136458333 0.0838541667 0.0845833333
-0.136458333 0.0838541667 0.0925
-0.136458333 0.0875 0.0885416667
-0.136458333 0.0838541667 0.100416667
-0.136458333 0.0838541667 0.132083333
-0.136458333 0.0838541667 0.14
-0.136458333 0.0838541667 0.147916667
-0.136458333 0.0838541667 0.179583333
-0.136458333 0.0838541667 0.1875
-0.136458333 0.0838541667 0.227083333
-0.136458333 0.0838541667 0.235
-0.136458333 0.0911458333 0.0370833333
-0.136458333 0.0911458333 0.0845833333
-0.132604167 -0.123958333 0.00541666667
-0.12875 -0.123958333 0.00145833333
-0.12875 -0.127604167 0.00541666667
-0.12875 -0.127604167 0.0133333333
-0.132604167 -0.123958333 0.0133333333
-0.12875 -0.123958333 0.0172916667
-0.132604167 -0.123958333 0.0291666667
-0.12875 -0.123958333 0.0252083333
-0.12875 -0.127604167 0.0291666667
-0.12875 -0.127604167 0.0370833333
-0.132604167 -0.123958333 0.0370833333
-0.12875 -0.127604167 0.045
-0.132604167 -0.123958333 0.045
-0.12875 -0.127604167 0.0529166667
-0.132604167 -0.123958333 0.0529166667
-0.12875 -0.123958333 0.056875
-0.132604167 -0.123958333 0.0766666667
-0.12875 -0.123958333 0.0727083333
-0.12875 -0.127604167 0.0766666667
-0.12875 -0.127604167 0.0845833333
-0.132604167 -0.123958333 0.0845833333
-0.12875 -0.127604167 0.0925
-0.132604167 -0.123958333 0.0925
-0.12875 -0.123958333 0.0964583333
-0.132604167 -0.123958333 0.11625
-0.12875 -0.123958333 0.112291667
-0.12875 -0.127604167 0.11625
-0.12875 -0.127604167 0.124166667
-0.132604167 -0.123958333 0.124166667
-0.12875 -0.127604167 0.132083333
-0.132604167 -0.123958333 0.132083333
-0.12875 -0.123958333 0.136041667
-0.132604167 -0.123958333 0.147916667
-0.12875 -0.123958333 0.143958333
-0.12875 -0.127604167 0.147916667
-0.12875 -0.127604167 0.155833333
-0.132604167 -0.123958333 0.155833333
-0.12875 -0.127604167 0.16375
-0.132604167 -0.123958333 0.16375
-0.12875 -0.127604167 0.171666667
-0.132604167 -0.123958333 0.171666667
-0.12875 -0.123958333 0.175625
-0.132604167 -0.123958333 0.1875
-0.12875 -0.123958333 0.183541667
-0.12875 -0.127604167 0.1875
-0.12875 -0.127604167 0.195416667
-0.132604167 -0.123958333 0.195416667
-0.12875 -0.127604167 0.203333333
-0.132604167 -0.123958333 0.203333333
-0.12875 -0.127604167 0.21125
-0.132604167 -0.123958333 0.21125
-0.12875 -0.123958333 0.215208333
-0.132604167 -0.123958333 0.227083333
-0.12875 -0.123958333 0.223125
-0.12875 -0.127604167 0.227083333
-0.12875 -0.127604167 0.235
-0.132604167 -0.123958333 0.235
-0.12875 -0.127604167 0.242916667
-0.132604167 -0.123958333 0.242916667
-0.12875 -0.123958333 0.246875
-0.132604167 -0.116666667 -0.0025
-0.12875 -0.116666667 -0.00645833333
-0.12875 -0.1203125 -0.0025
-0.132604167 -0.116666667 0.00541666667
-0.132604167 -0.116666667 0.0133333333
-0.12875 -0.1203125 0.02125
-0.132604167 -0.116666667 0.02125
-0.132604167 -0.116666667 0.0291666667
-0.132604167 -0.116666667 0.0370833333
-0.132604167 -0.116666667 0.045
-0.132604167 -0.116666667 0.0529166667
-0.12875 -0.1203125 0.0608333333
-0.132604167 -0.116666667 0.0608333333
-0.12875 -0.1203125 0.06875
-0.132604167 -0.116666667 0.06875
-0.132604167 -0.116666667 0.0766666667
-0.132604167 -0.116666667 0.0845833333
-0.132604167 -0.116666667 0.0925
-0.12875 -0.1203125 0.100416667
-0.132604167 -0.116666667 0.100416667
-0.12875 -0.1203125 0.108333333
-0.132604167 -0.116666667 0.108333333
-0.132604167 -0.116666667 0.11625
-0.132604167 -0.116666667 0.124166667
-0.132604167 -0.116666667 0.132083333
-0.12875 -0.1203125 0.14
-0.132604167 -0.116666667 0.14
-0.132604167 -0.116666667 0.147916667
-0.132604167 -0.116666667 0.155833333
-0.132604167 -0.116666667 0.16375
-0.132604167 -0.116666667 0.171666667
-0.12875 -0.1203125 0.179583333
-0.132604167 -0.116666667 0.179583333
-0.132604167 -0.116666667 0.1875
-0.132604167 -0.116666667 0.195416667
-0.132604167 -0.116666667 0.203333333
-0.132604167 -0.116666667 0.21125
-0.12875 -0.1203125 0.219166667
-0.132604167 -0.116666667 0.219166667
-0.132604167 -0.116666667 0.227083333
-0.132604167 -0.116666667 0.235
-0.132604167 -0.116666667 0.242916667
-0.12875 -0.1203125 0.250833333
-0.132604167 -0.116666667 0.250833333
-0.12875 -0.116666667 0.254791667
-0.132604167 -0.109375 -0.0025
-0.12875 -0.109375 -0.00645833333
-0.132604167 -0.109375 0.00541666667
-0.132604167 -0.109375 0.0133333333
-0.132604167 -0.109375 0.02125
-0.132604167 -0.109375 0.0291666667
-0.132604167 -0.109375 0.0370833333
-0.132604167 -0.109375 0.045
-0.132604167 -0.109375 0.0529166667
-0.132604167 -0.109375 0.0608333333
-0.132604167 -0.109375 0.06875
-0.132604167 -0.109375 0.0766666667
-0.132604167 -0.109375 0.0845833333
-0.132604167 -0.109375 0.0925
-0.132604167 -0.109375 0.100416667
-0.132604167 -0.109375 0.108333333
-0.132604167 -0.109375 0.11625
-0.132604167 -0.109375 0.124166667
-0.132604167 -0.109375 0.132083333
-0.132604167 -0.109375 0.14
-0.132604167 -0.109375 0.147916667
-0.132604167 -0.109375 0.155833333
-0.132604167 -0.109375 0.16375
-0.132604167 -0.109375 0.171666667
-0.132604167 -0.109375 0.179583333
-0.132604167 -0.109375 0.1875
-0.132604167 -0.109375 0.195416667
-0.132604167 -0.109375 0.203333333
-0.132604167 -0.109375 0.21125
-0.132604167 -0.109375 0.219166667
-0.132604167 -0.109375 0.227083333
-0.132604167 -0.109375 0.235
-0.132604167 -0.109375 0.242916667
-0.132604167 -0.109375 0.250833333
-0.12875 -0.109375 0.254791667
-0.12875 -0.105729167 -0.0025
-0.132604167 -0.102083333 0.00541666667
-0.12875 -0.102083333 0.00145833333
-0.132604167 -0.102083333 0.0133333333
-0.132604167 -0.102083333 0.02125
-0.132604167 -0.102083333 0.0291666667
-0.132604167 -0.102083333 0.0370833333
-0.132604167 -0.102083333 0.045
-0.132604167 -0.102083333 0.0529166667
-0.132604167 -0.102083333 0.0608333333
-0.132604167 -0.102083333 0.06875
-0.132604167 -0.102083333 0.0766666667
-0.132604167 -0.102083333 0.0845833333
-0.132604167 -0.102083333 0.0925
-0.132604167 -0.102083333 0.100416667
-0.132604167 -0.102083333 0.108333333
-0.132604167 -0.102083333 0.11625
-0.132604167 -0.102083333 0.124166667
-0.132604167 -0.102083333 0.132083333
-0.132604167 -0.102083333 0.14
-0.132604167 -0.102083333 0.147916667
-0.132604167 -0.102083333 0.155833333
-0.132604167 -0.102083333 0.16375
-0.132604167 -0.102083333 0.171666667
-0.132604167 -0.102083333 0.179583333
-0.132604167 -0.102083333 0.1875
-0.132604167 -0.102083333 0.195416667
-0.132604167 -0.102083333 0.203333333
-0.132604167 -0.102083333 0.21125
-0.132604167 -0.102083333 0.219166667
-0.132604167 -0.102083333 0.227083333
-0.132604167 -0.102083333 0.235
-0.132604167 -0.102083333 0.242916667
-0.132604167 -0.102083333 0.250833333
-0.12875 -0.102083333 0.254791667
-0.132604167 -0.0947916667 -0.0025
-0.12875 -0.0947916667 -0.00645833333
-0.12875 -0.0984375 -0.0025
-0.132604167 -0.0947916667 0.00541666667
-0.132604167 -0.0947916667 0.0133333333
-0.132604167 -0.0947916667 0.02125
-0.132604167 -0.0947916667 0.0291666667
-0.132604167 -0.0947916667 0.0529166667
-0.132604167 -0.0947916667 0.0608333333
-0.132604167 -0.0947916667 0.06875
-0.132604167 -0.0947916667 0.0766666667
-0.132604167 -0.0947916667 0.0925
-0.132604167 -0.0947916667 0.100416667
-0.132604167 -0.0947916667 0.108333333
-0.132604167 -0.0947916667 0.11625
-0.132604167 -0.0947916667 0.132083333
-0.132604167 -0.0947916667 0.14
-0.132604167 -0.0947916667 0.147916667
-0.132604167 -0.0947916667 0.171666667
-0.132604167 -0.0947916667 0.179583333
-0.132604167 -0.0947916667 0.1875
-0.132604167 -0.0947916667 0.203333333
-0.132604167 -0.0947916667 0.21125
-0.132604167 -0.0947916667 0.219166667
-0.132604167 -0.0947916667 0.242916667
-0.132604167 -0.0947916667 0.250833333
-0.12875 -0.0947916667 0.254791667
-0.132604167 -0.0875 -0.0025
-0.12875 -0.0875 -0.00645833333
-0.132604167 -0.0875 0.00541666667
-0.132604167 -0.0875 0.0133333333
-0.132604167 -0.0875 0.0291666667
-0.132604167 -0.0875 0.0370833333
-0.132604167 -0.0875 0.0766666667
-0.132604167 -0.0875 0.11625
-0.132604167 -0.0875 0.147916667
-0.132604167 -0.0875 0.155833333
-0.132604167 -0.0875 0.1875
-0.132604167 -0.0875 0.219166667
-0.132604167 -0.0875 0.227083333
-0.132604167 -0.0875 0.250833333
-0.12875 -0.0875 0.254791667
-0.12875 -0.0838541667 -0.0025
-0.132604167 -0.0802083333 0.00541666667
-0.12875 -0.0802083333 0.00145833333
-0.132604167 -0.0802083333 0.0133333333
-0.12875 -0.0802083333 0.254791667
-0.132604167 -0.0729166667 0.00541666667
-0.12875 -0.0729166667 0.00145833333
-0.132604167 -0.0729166667 0.0133333333
-0.12875 -0.0765625 0.25875
-0.132604167 -0.0729166667 0.25875
-0.12875 -0.0729166667 0.262708333
-0.132604167 -0.065625 0.00541666667
-0.12875 -0.065625 0.00145833333
-0.132604167 -0.065625 0.0133333333
-0.132604167 -0.065625 0.25875
-0.12875 -0.065625 0.262708333
-0.132604167 -0.0583333333 0.00541666667
-0.12875 -0.0583333333 0.00145833333
-0.132604167 -0.0583333333 0.25875
-0.12875 -0.0583333333 0.262708333
-0.132604167 -0.0510416667 0.00541666667
-0.12875 -0.0510416667 0.00145833333
-0.132604167 -0.0510416667 0.0133333333
-0.132604167 -0.0510416667 0.25875
-0.12875 -0.0510416667 0.262708333
-0.132604167 -0.04375 -0.0025
-0.12875 -0.04375 -0.00645833333
-0.12875 -0.0473958333 -0.0025
-0.132604167 -0.04375 0.00541666667
-0.132604167 -0.04375 0.0133333333
-0.132604167 -0.04375 0.25875
-0.12875 -0.04375 0.262708333
-0.12875 -0.0401041667 -0.0025
-0.132604167 -0.0364583333 0.00541666667
-0.12875 -0.0364583333 0.00145833333
-0.132604167 -0.0364583333 0.0133333333
-0.132604167 -0.0364583333 0.25875
-0.12875 -0.0364583333 0.262708333
-0.132604167 -0.0291666667 0.00541666667
-0.12875 -0.0291666667 0.00145833333
-0.132604167 -0.0291666667 0.0133333333
-0.132604167 -0.0291666667 0.25875
-0.12875 -0.0291666667 0.262708333
-0.132604167 -0.021875 -0.0025
-0.12875 -0.021875 -0.00645833333
-0.12875 -0.0255208333 -0.0025
-0.132604167 -0.021875 0.00541666667
-0.132604167 -0.021875 0.0133333333
-0.132604167 -0.021875 0.25875
-0.12875 -0.021875 0.262708333
-0.12875 -0.0182291667 -0.0025
-0.132604167 -0.0145833333 0.00541666667
-0.12875 -0.0145833333 0.00145833333
-0.132604167 -0.0145833333 0.25875
-0.12875 -0.0145833333 0.262708333
-0.132604167 -0.00729166667 0.00541666667
-0.12875 -0.00729166667 0.00145833333
-0.132604167 -0.00729166667 0.0133333333
-0.132604167 -0.00729166667 0.25875
-0.12875 -0.00729166667 0.262708333
-0.132604167 0 0.00541666667
-0.12875 0 0.00145833333
-0.132604167 0 0.0133333333
-0.132604167 0 0.25875
-0.12875 0 0.262708333
-0.132604167 0.00729166667 0.00541666667
-0.12875 0.00729166667 0.00145833333
-0.132604167 0.00729166667 0.25875
-0.12875 0.00729166667 0.262708333
-0.132604167 0.0145833333 -0.0025
-0.12875 0.0145833333 -0.00645833333
-0.12875 0.0109375 -0.0025
-0.132604167 0.0145833333 0.00541666667
-0.132604167 0.0145833333 0.0133333333
-0.132604167 0.0145833333 0.25875
-0.12875 0.0145833333 0.262708333
-0.132604167 0.021875 -0.0025
-0.12875 0.021875 -0.00645833333
-0.132604167 0.021875 0.00541666667
-0.132604167 0.021875 0.25875
-0.12875 0.021875 0.262708333
-0.132604167 0.0291666667 -0.0025
-0.12875 0.0291666667 -0.00645833333
-0.132604167 0.0291666667 0.00541666667
-0.132604167 0.0291666667 0.0133333333
-0.132604167 0.0291666667 0.25875
-0.12875 0.0291666667 0.262708333
-0.12875 0.0328125 -0.0025
-0.132604167 0.0364583333 0.00541666667
-0.12875 0.0364583333 0.00145833333
-0.132604167 0.0364583333 0.0133333333
-0.132604167 0.0364583333 0.25875
-0.12875 0.0364583333 0.262708333
-0.132604167 0.04375 -0.0025
-0.12875 0.04375 -0.00645833333
-0.12875 0.0401041667 -0.0025
-0.132604167 0.04375 0.00541666667
-0.132604167 0.04375 0.0133333333
-0.132604167 0.04375 0.25875
-0.12875 0.04375 0.262708333
-0.12875 0.0473958333 -0.0025
-0.132604167 0.0510416667 0.00541666667
-0.12875 0.0510416667 0.00145833333
-0.132604167 0.0510416667 0.0133333333
-0.132604167 0.0510416667 0.25875
-0.12875 0.0510416667 0.262708333
-0.132604167 0.0583333333 0.00541666667
-0.12875 0.0583333333 0.00145833333
-0.132604167 0.0583333333 0.25875
-0.12875 0.0583333333 0.262708333
-0.132604167 0.065625 0.00541666667
-0.12875 0.065625 0.00145833333
-0.132604167 0.065625 0.0133333333
-0.132604167 0.065625 0.25875
-0.12875 0.065625 0.262708333
-0.132604167 0.0729166667 0.00541666667
-0.12875 0.0729166667 0.00145833333
-0.132604167 0.0729166667 0.0133333333
-0.132604167 0.0729166667 0.0291666667
-0.132604167 0.0729166667 0.0370833333
-0.132604167 0.0729166667 0.0845833333
-0.132604167 0.0729166667 0.171666667
-0.132604167 0.0729166667 0.219166667
-0.132604167 0.0729166667 0.25875
-0.12875 0.0729166667 0.262708333
-0.132604167 0.0802083333 0.00541666667
-0.12875 0.0802083333 0.00145833333
-0.132604167 0.0802083333 0.0133333333
-0.132604167 0.0802083333 0.02125
-0.132604167 0.0802083333 0.0291666667
-0.132604167 0.0802083333 0.0608333333
-0.132604167 0.0802083333 0.06875
-0.132604167 0.0802083333 0.0766666667
-0.132604167 0.0802083333 0.0845833333
-0.132604167 0.0802083333 0.108333333
-0.132604167 0.0802083333 0.11625
-0.132604167 0.0802083333 0.124166667
-0.132604167 0.0802083333 0.155833333
-0.132604167 0.0802083333 0.16375
-0.132604167 0.0802083333 0.171666667
-0.132604167 0.0802083333 0.195416667
-0.132604167 0.0802083333 0.203333333
-0.132604167 0.0802083333 0.21125
-0.132604167 0.0802083333 0.219166667
-0.132604167 0.0802083333 0.242916667
-0.132604167 0.0802083333 0.250833333
-0.132604167 0.0802083333 0.25875
-0.12875 0.0802083333 0.262708333
-0.132604167 0.0875 0.00541666667
-0.12875 0.0875 0.00145833333
-0.132604167 0.0875 0.0133333333
-0.132604167 0.0875 0.02125
-0.132604167 0.0875 0.0291666667
-0.132604167 0.0875 0.045
-0.132604167 0.0875 0.0529166667
-0.132604167 0.0875 0.0608333333
-0.132604167 0.0875 0.06875
-0.132604167 0.0875 0.0766666667
-0.132604167 0.0875 0.0925
-0.132604167 0.0875 0.100416667
-0.132604167 0.0875 0.108333333
-0.132604167 0.0875 0.11625
-0.132604167 0.0875 0.124166667
-0.132604167 0.0875 0.132083333
-0.132604167 0.0875 0.14
-0.132604167 0.0875 0.147916667
-0.132604167 0.0875 0.155833333
-0.132604167 0.0875 0.16375
-0.132604167 0.0875 0.171666667
-0.132604167 0.0875 0.179583333
-0.132604167 0.0875 0.1875
-0.132604167 0.0875 0.195416667
-0.132604167 0.0875 0.203333333
-0.132604167 0.0875 0.21125
-0.132604167 0.0875 0.219166667
-0.132604167 0.0875 0.227083333
-0.132604167 0.0875 0.235
-0.132604167 0.0875 0.242916667
-0.132604167 0.0875 0.250833333
-0.132604167 0.0875 0.25875
-0.12875 0.0875 0.262708333
-0.132604167 0.0947916667 0.00541666667
-0.12875 0.0947916667 0.00145833333
-0.132604167 0.0947916667 0.0133333333
-0.132604167 0.0947916667 0.02125
-0.132604167 0.0947916667 0.0291666667
-0.132604167 0.0947916667 0.0370833333
-0.132604167 0.0947916667 0.045
-0.132604167 0.0947916667 0.0529166667
-0.132604167 0.0947916667 0.0608333333
-0.132604167 0.0947916667 0.06875
-0.132604167 0.0947916667 0.0766666667
-0.132604167 0.0947916667 0.0845833333
-0.132604167 0.0947916667 0.0925
-0.132604167 0.0947916667 0.100416667
-0.132604167 0.0947916667 0.108333333
-0.132604167 0.0947916667 0.11625
-0.132604167 0.0947916667 0.124166667
-0.132604167 0.0947916667 0.132083333
-0.132604167 0.0947916667 0.14
-0.132604167 0.0947916667 0.147916667
-0.132604167 0.0947916667 0.155833333
-0.132604167 0.0947916667 0.16375
-0.132604167 0.0947916667 0.171666667
-0.132604167 0.0947916667 0.179583333
-0.132604167 0.0947916667 0.1875
-0.132604167 0.0947916667 0.195416667
-0.132604167 0.0947916667 0.203333333
-0.132604167 0.0947916667 0.21125
-0.132604167 0.0947916667 0.219166667
-0.132604167 0.0947916667 0.227083333
-0.132604167 0.0947916667 0.235
-0.132604167 0.0947916667 0.242916667
-0.132604167 0.0947916667 0.250833333
-0.132604167 0.0947916667 0.25875
-0.12875 0.0947916667 0.262708333
-0.132604167 0.102083333 0.00541666667
-0.12875 0.102083333 0.00145833333
-0.132604167 0.102083333 0.0133333333
-0.132604167 0.102083333 0.02125
-0.132604167 0.102083333 0.0291666667
-0.132604167 0.102083333 0.0370833333
-0.132604167 0.102083333 0.045
-0.132604167 0.102083333 0.0529166667
-0.132604167 0.102083333 0.0608333333
-0.132604167 0.102083333 0.06875
-0.132604167 0.102083333 0.0766666667
-0.132604167 0.102083333 0.0845833333
-0.132604167 0.102083333 0.0925
-0.132604167 0.102083333 0.100416667
-0.132604167 0.102083333 0.108333333
-0.132604167 0.102083333 0.11625
-0.132604167 0.102083333 0.124166667
-0.132604167 0.102083333 0.132083333
-0.132604167 0.102083333 0.14
-0.132604167 0.102083333 0.147916667
-0.132604167 0.102083333 0.155833333
-0.132604167 0.102083333 0.16375
-0.132604167 0.102083333 0.171666667
-0.132604167 0.102083333 0.179583333
-0.132604167 0.102083333 0.1875
-0.132604167 0.102083333 0.195416667
-0.132604167 0.102083333 0.203333333
-0.132604167 0.102083333 0.21125
-0.132604167 0.102083333 0.219166667
-0.132604167 0.102083333 0.227083333
-0.132604167 0.102083333 0.235
-0.132604167 0.102083333 0.242916667
-0.132604167 0.102083333 0.250833333
-0.132604167 0.102083333 0.25875
-0.12875 0.102083333 0.262708333
-0.132604167 0.109375 0.00541666667
-0.12875 0.109375 0.00145833333
-0.132604167 0.109375 0.0133333333
-0.132604167 0.109375 0.02125
-0.132604167 0.109375 0.0291666667
-0.132604167 0.109375 0.0370833333
-0.132604167 0.109375 0.045
-0.132604167 0.109375 0.0529166667
-0.132604167 0.109375 0.0608333333
-0.132604167 0.109375 0.06875
-0.132604167 0.109375 0.0766666667
-0.132604167 0.109375 0.0845833333
-0.132604167 0.109375 0.0925
-0.132604167 0.109375 0.100416667
-0.132604167 0.109375 0.108333333
-0.132604167 0.109375 0.11625
-0.132604167 0.109375 0.124166667
-0.132604167 0.109375 0.132083333
-0.132604167 0.109375 0.14
-0.132604167 0.109375 0.147916667
-0.132604167 0.109375 0.155833333
-0.132604167 0.109375 0.16375
-0.132604167 0.109375 0.171666667
-0.132604167 0.109375 0.179583333
-0.132604167 0.109375 0.1875
-0.132604167 0.109375 0.195416667
-0.132604167 0.109375 0.203333333
-0.132604167 0.109375 0.21125
-0.132604167 0.109375 0.219166667
-0.132604167 0.109375 0.227083333
-0.132604167 0.109375 0.235
-0.132604167 0.109375 0.242916667
-0.132604167 0.109375 0.250833333
-0.132604167 0.109375 0.25875
-0.12875 0.109375 0.262708333
-0.132604167 0.116666667 -0.0025
-0.12875 0.116666667 -0.00645833333
-0.12875 0.113020833 -0.0025
-0.132604167 0.116666667 0.00541666667
-0.12875 0.116666667 0.009375
-0.12875 0.113020833 0.0133333333
-0.12875 0.113020833 0.02125
-0.132604167 0.116666667 0.0291666667
-0.12875 0.116666667 0.0252083333
-0.132604167 0.116666667 0.0370833333
-0.12875 0.116666667 0.0410416667
-0.12875 0.113020833 0.045
-0.132604167 0.116666667 0.0529166667
-0.12875 0.116666667 0.0489583333
-0.132604167 0.116666667 0.0608333333
-0.12875 0.116666667 0.0647916667
-0.12875 0.113020833 0.06875
-0.132604167 0.116666667 0.0766666667
-0.12875 0.116666667 0.0727083333
-0.132604167 0.116666667 0.0845833333
-0.132604167 0.116666667 0.0925
-0.132604167 0.116666667 0.100416667
-0.132604167 0.116666667 0.108333333
-0.12875 0.116666667 0.112291667
-0.12875 0.113020833 0.11625
-0.132604167 0.116666667 0.124166667
-0.12875 0.116666667 0.120208333
-0.132604167 0.116666667 0.132083333
-0.132604167 0.116666667 0.14
-0.132604167 0.116666667 0.147916667
-0.132604167 0.116666667 0.155833333
-0.12875 0.116666667 0.159791667
-0.12875 0.113020833 0.16375
-0.132604167 0.116666667 0.171666667
-0.12875 0.116666667 0.167708333
-0.132604167 0.116666667 0.179583333
-0.132604167 0.116666667 0.1875
-0.132604167 0.116666667 0.195416667
-0.132604167 0.116666667 0.203333333
-0.12875 0.116666667 0.207291667
-0.12875 0.113020833 0.21125
-0.132604167 0.116666667 0.219166667
-0.12875 0.116666667 0.215208333
-0.132604167 0.116666667 0.227083333
-0.132604167 0.116666667 0.235
-0.132604167 0.116666667 0.242916667
-0.12875 0.116666667 0.246875
-0.12875 0.113020833 0.250833333
-0.132604167 0.116666667 0.25875
-0.12875 0.116666667 0.254791667
-0.12875 0.116666667 0.262708333
-0.12875 0.1203125 -0.0025
-0.12875 0.1203125 0.00541666667
-0.12875 0.1203125 0.0291666667
-0.12875 0.1203125 0.0370833333
-0.12875 0.1203125 0.0529166667
-0.12875 0.1203125 0.0608333333
-0.12875 0.1203125 0.0766666667
-0.12875 0.1203125 0.0845833333
-0.12875 0.1203125 0.0925
-0.12875 0.1203125 0.100416667
-0.12875 0.1203125 0.108333333
-0.12875 0.1203125 0.124166667
-0.12875 0.1203125 0.132083333
-0.12875 0.1203125 0.14
-0.12875 0.1203125 0.147916667
-0.12875 0.1203125 0.155833333
-0.12875 0.1203125 0.171666667
-0.12875 0.1203125 0.179583333
-0.12875 0.1203125 0.1875
-0.12875 0.1203125 0.195416667
-0.12875 0.1203125 0.203333333
-0.12875 0.1203125 0.219166667
-0.12875 0.1203125 0.227083333
-0.12875 0.1203125 0.235
-0.12875 0.1203125 0.242916667
-0.12875 0.1203125 0.25875
-0.124895833 -0.13125 0.0291666667
-0.121041667 -0.13125 0.0252083333
-0.121041667 -0.134895833 0.0291666667
-0.121041667 -0.13125 0.033125
-0.124895833 -0.13125 0.0608333333
-0.121041667 -0.13125 0.056875
-0.121041667 -0.134895833 0.0608333333
-0.121041667 -0.134895833 0.06875
-0.124895833 -0.13125 0.06875
-0.121041667 -0.13125 0.0727083333
-0.124895833 -0.13125 0.100416667
-0.121041667 -0.13125 0.0964583333
-0.121041667 -0.134895833 0.100416667
-0.121041667 -0.13125 0.104375
-0.124895833 -0.13125 0.14
-0.121041667 -0.13125 0.136041667
-0.121041667 -0.134895833 0.14
-0.121041667 -0.13125 0.143958333
-0.124895833 -0.13125 0.171666667
-0.121041667 -0.13125 0.167708333
-0.121041667 -0.134895833 0.171666667
-0.121041667 -0.13125 0.175625
-0.124895833 -0.13125 0.203333333
-0.121041667 -0.13125 0.199375
-0.121041667 -0.134895833 0.203333333
-0.121041667 -0.13125 0.207291667
-0.124895833 -0.13125 0.235
-0.121041667 -0.13125 0.231041667
-0.121041667 -0.134895833 0.235
-0.121041667 -0.13125 0.238958333
-0.124895833 -0.123958333 -0.0025
-0.121041667 -0.123958333 -0.00645833333
-0.121041667 -0.127604167 -0.0025
-0.121041667 -0.127604167 0.00541666667
-0.121041667 -0.127604167 0.0133333333
-0.121041667 -0.127604167 0.02125
-0.124895833 -0.123958333 0.02125
-0.121041667 -0.127604167 0.0370833333
-0.121041667 -0.127604167 0.045
-0.121041667 -0.127604167 0.0529166667
-0.124895833 -0.123958333 0.0608333333
-0.124895833 -0.123958333 0.06875
-0.121041667 -0.127604167 0.0766666667
-0.121041667 -0.127604167 0.0845833333
-0.121041667 -0.127604167 0.0925
-0.124895833 -0.123958333 0.100416667
-0.121041667 -0.127604167 0.108333333
-0.124895833 -0.123958333 0.108333333
-0.121041667 -0.127604167 0.11625
-0.121041667 -0.127604167 0.124166667
-0.121041667 -0.127604167 0.132083333
-0.124895833 -0.123958333 0.14
-0.121041667 -0.127604167 0.147916667
-0.121041667 -0.127604167 0.155833333
-0.121041667 -0.127604167 0.16375
-0.121041667 -0.127604167 0.179583333
-0.124895833 -0.123958333 0.179583333
-0.121041667 -0.127604167 0.1875
-0.121041667 -0.127604167 0.195416667
-0.121041667 -0.127604167 0.21125
-0.121041667 -0.127604167 0.219166667
-0.124895833 -0.123958333 0.219166667
-0.121041667 -0.127604167 0.227083333
-0.121041667 -0.127604167 0.242916667
-0.121041667 -0.127604167 0.250833333
-0.124895833 -0.123958333 0.250833333
-0.121041667 -0.123958333 0.254791667
-0.121041667 -0.116666667 -0.00645833333
-0.121041667 -0.116666667 0.254791667
-0.121041667 -0.109375 -0.00645833333
-0.121041667 -0.109375 0.254791667
-0.124895833 -0.102083333 -0.0025
-0.121041667 -0.102083333 -0.00645833333
-0.121041667 -0.102083333 0.254791667
-0.121041667 -0.0947916667 -0.00645833333
-0.121041667 -0.0947916667 0.254791667
-0.121041667 -0.0875 -0.00645833333
-0.121041667 -0.0911458333 0.25875
-0.124895833 -0.0875 0.25875
-0.121041667 -0.0875 0.262708333
-0.124895833 -0.0802083333 -0.0025
-0.121041667 -0.0802083333 -0.00645833333
-0.124895833 -0.0802083333 0.25875
-0.121041667 -0.0802083333 0.262708333
-0.124895833 -0.0729166667 -0.0025
-0.121041667 -0.0729166667 -0.00645833333
-0.121041667 -0.0729166667 0.262708333
-0.124895833 -0.065625 -0.0025
-0.121041667 -0.065625 -0.00645833333
-0.121041667 -0.065625 0.262708333
-0.124895833 -0.0583333333 -0.0025
-0.121041667 -0.0583333333 -0.00645833333
-0.121041667 -0.0583333333 0.262708333
-0.124895833 -0.0510416667 -0.0025
-0.121041667 -0.0510416667 -0.00645833333
-0.121041667 -0.0510416667 0.262708333
-0.121041667 -0.04375 -0.00645833333
-0.121041667 -0.04375 0.262708333
-0.124895833 -0.0364583333 -0.0025
-0.121041667 -0.0364583333 -0.00645833333
-0.121041667 -0.0364583333 0.262708333
-0.124895833 -0.0291666667 -0.0025
-0.121041667 -0.0291666667 -0.00645833333
-0.121041667 -0.0291666667 0.262708333
-0.121041667 -0.021875 -0.00645833333
-0.121041667 -0.021875 0.262708333
-0.124895833 -0.0145833333 -0.0025
-0.121041667 -0.0145833333 -0.00645833333
-0.121041667 -0.0145833333 0.262708333
-0.124895833 -0.00729166667 -0.0025
-0.121041667 -0.00729166667 -0.00645833333
-0.121041667 -0.00729166667 0.262708333
-0.124895833 0 -0.0025
-0.121041667 0 -0.00645833333
-0.121041667 0 0.262708333
-0.124895833 0.00729166667 -0.0025
-0.121041667 0.00729166667 -0.00645833333
-0.121041667 0.00729166667 0.262708333
-0.121041667 0.0145833333 -0.00645833333
-0.121041667 0.0145833333 0.262708333
-0.121041667 0.021875 -0.00645833333
-0.121041667 0.021875 0.262708333
-0.121041667 0.0291666667 -0.00645833333
-0.121041667 0.0291666667 0.262708333
-0.124895833 0.0364583333 -0.0025
-0.121041667 0.0364583333 -0.00645833333
-0.121041667 0.0364583333 0.262708333
-0.121041667 0.04375 -0.00645833333
-0.121041667 0.04375 0.262708333
-0.124895833 0.0510416667 -0.0025
-0.121041667 0.0510416667 -0.00645833333
-0.121041667 0.0510416667 0.262708333
-0.124895833 0.0583333333 -0.0025
-0.121041667 0.0583333333 -0.00645833333
-0.121041667 0.0583333333 0.262708333
-0.124895833 0.065625 -0.0025
-0.121041667 0.065625 -0.00645833333
-0.121041667 0.065625 0.262708333
-0.124895833 0.0729166667 -0.0025
-0.121041667 0.0729166667 -0.00645833333
-0.121041667 0.0729166667 0.262708333
-0.124895833 0.0802083333 -0.0025
-0.121041667 0.0802083333 -0.00645833333
-0.121041667 0.0802083333 0.262708333
-0.124895833 0.0875 -0.0025
-0.121041667 0.0875 -0.00645833333
-0.121041667 0.0875 0.262708333
-0.124895833 0.0947916667 -0.0025
-0.121041667 0.0947916667 -0.00645833333
-0.121041667 0.0947916667 0.262708333
-0.124895833 0.102083333 -0.0025
-0.121041667 0.102083333 -0.00645833333
-0.121041667 0.102083333 0.262708333
-0.124895833 0.109375 -0.0025
-0.121041667 0.109375 -0.00645833333
-0.121041667 0.109375 0.262708333
-0.121041667 0.116666667 -0.00645833333
-0.124895833 0.116666667 0.0133333333
-0.124895833 0.116666667 0.02125
-0.124895833 0.116666667 0.045
-0.124895833 0.116666667 0.06875
-0.124895833 0.116666667 0.11625
-0.124895833 0.116666667 0.16375
-0.124895833 0.116666667 0.21125
-0.124895833 0.116666667 0.250833333
-0.121041667 0.116666667 0.262708333
-0.121041667 0.1203125 -0.0025
-0.121041667 0.1203125 0.00541666667
-0.121041667 0.1203125 0.0133333333
-0.121041667 0.1203125 0.02125
-0.121041667 0.1203125 0.0291666667
-0.121041667 0.1203125 0.0370833333
-0.121041667 0.1203125 0.045
-0.121041667 0.1203125 0.0529166667
-0.121041667 0.1203125 0.0608333333
-0.121041667 0.1203125 0.06875
-0.121041667 0.1203125 0.0766666667
-0.121041667 0.1203125 0.0845833333
-0.121041667 0.1203125 0.0925
-0.121041667 0.1203125 0.100416667
-0.121041667 0.1203125 0.108333333
-0.121041667 0.1203125 0.11625
-0.121041667 0.1203125 0.124166667
-0.121041667 0.1203125 0.132083333
-0.121041667 0.1203125 0.14
-0.121041667 0.1203125 0.147916667
-0.121041667 0.1203125 0.155833333
-0.121041667 0.1203125 0.16375
-0.121041667 0.1203125 0.171666667
-0.121041667 0.1203125 0.179583333
-0.121041667 0.1203125 0.1875
-0.121041667 0.1203125 0.195416667
-0.121041667 0.1203125 0.203333333
-0.121041667 0.1203125 0.21125
-0.121041667 0.1203125 0.219166667
-0.121041667 0.1203125 0.227083333
-0.121041667 0.1203125 0.235
-0.121041667 0.1203125 0.242916667
-0.121041667 0.1203125 0.250833333
-0.121041667 0.1203125 0.25875
-0.1171875 -0.13125 0.00541666667
-0.113333333 -0.13125 0.00145833333
-0.113333333 -0.134895833 0.00541666667
-0.113333333 -0.13125 0.009375
-0.1171875 -0.13125 0.02125
-0.113333333 -0.13125 0.0172916667
-0.113333333 -0.134895833 0.02125
-0.113333333 -0.134895833 0.0291666667
-0.113333333 -0.134895833 0.0370833333
-0.1171875 -0.13125 0.0370833333
-0.113333333 -0.134895833 0.045
-0.1171875 -0.13125 0.045
-0.113333333 -0.134895833 0.0529166667
-0.1171875 -0.13125 0.0529166667
-0.113333333 -0.134895833 0.0608333333
-0.113333333 -0.134895833 0.06875
-0.113333333 -0.134895833 0.0766666667
-0.1171875 -0.13125 0.0766666667
-0.113333333 -0.134895833 0.0845833333
-0.1171875 -0.13125 0.0845833333
-0.113333333 -0.13125 0.0885416667
-0.113333333 -0.13125 0.0964583333
-0.113333333 -0.134895833 0.100416667
-0.113333333 -0.134895833 0.108333333
-0.1171875 -0.13125 0.108333333
-0.113333333 -0.134895833 0.11625
-0.1171875 -0.13125 0.11625
-0.113333333 -0.134895833 0.124166667
-0.1171875 -0.13125 0.124166667
-0.113333333 -0.13125 0.128125
-0.113333333 -0.13125 0.136041667
-0.113333333 -0.134895833 0.14
-0.113333333 -0.134895833 0.147916667
-0.1171875 -0.13125 0.147916667
-0.113333333 -0.134895833 0.155833333
-0.1171875 -0.13125 0.155833333
-0.113333333 -0.13125 0.159791667
-0.113333333 -0.13125 0.167708333
-0.113333333 -0.134895833 0.171666667
-0.113333333 -0.134895833 0.179583333
-0.1171875 -0.13125 0.179583333
-0.113333333 -0.134895833 0.1875
-0.1171875 -0.13125 0.1875
-0.113333333 -0.13125 0.191458333
-0.113333333 -0.13125 0.199375
-0.113333333 -0.134895833 0.203333333
-0.113333333 -0.134895833 0.21125
-0.1171875 -0.13125 0.21125
-0.113333333 -0.134895833 0.219166667
-0.1171875 -0.13125 0.219166667
-0.113333333 -0.13125 0.223125
-0.113333333 -0.13125 0.231041667
-0.113333333 -0.134895833 0.235
-0.113333333 -0.134895833 0.242916667
-0.1171875 -0.13125 0.242916667
-0.113333333 -0.134895833 0.250833333
-0.1171875 -0.13125 0.250833333
-0.113333333 -0.13125 0.254791667
-0.113333333 -0.123958333 -0.00645833333
-0.113333333 -0.127604167 -0.0025
-0.113333333 -0.127604167 0.0133333333
-0.113333333 -0.127604167 0.0925
-0.113333333 -0.127604167 0.132083333
-0.113333333 -0.127604167 0.16375
-0.113333333 -0.127604167 0.195416667
-0.113333333 -0.127604167 0.227083333
-0.113333333 -0.123958333 0.254791667
-0.1171875 -0.116666667 -0.0104166667
-0.113333333 -0.116666667 -0.014375
-0.113333333 -0.1203125 -0.0104166667
-0.113333333 -0.116666667 0.254791667
-0.1171875 -0.109375 -0.0104166667
-0.113333333 -0.109375 -0.014375
-0.113333333 -0.113020833 0.25875
-0.1171875 -0.109375 0.25875
-0.113333333 -0.109375 0.262708333
-0.1171875 -0.102083333 -0.0104166667
-0.113333333 -0.102083333 -0.014375
-0.1171875 -0.102083333 0.25875
-0.113333333 -0.102083333 0.262708333
-0.1171875 -0.0947916667 -0.0104166667
-0.113333333 -0.0947916667 -0.014375
-0.1171875 -0.0947916667 0.25875
-0.113333333 -0.0947916667 0.262708333
-0.1171875 -0.0875 -0.0104166667
-0.113333333 -0.0875 -0.014375
-0.113333333 -0.0875 0.262708333
-0.1171875 -0.0802083333 -0.0104166667
-0.113333333 -0.0802083333 -0.014375
-0.113333333 -0.0802083333 0.262708333
-0.1171875 -0.0729166667 -0.0104166667
-0.113333333 -0.0729166667 -0.014375
-0.113333333 -0.0729166667 0.262708333
-0.1171875 -0.065625 -0.0104166667
-0.113333333 -0.065625 -0.014375
-0.113333333 -0.065625 0.262708333
-0.1171875 -0.0583333333 -0.0104166667
-0.113333333 -0.0583333333 -0.014375
-0.113333333 -0.0583333333 0.262708333
-0.1171875 -0.0510416667 -0.0104166667
-0.113333333 -0.0510416667 -0.014375
-0.113333333 -0.0510416667 0.262708333
-0.1171875 -0.04375 -0.0104166667
-0.113333333 -0.04375 -0.014375
-0.113333333 -0.04375 0.262708333
-0.1171875 -0.0364583333 -0.0104166667
-0.113333333 -0.0364583333 -0.014375
-0.113333333 -0.0364583333 0.262708333
-0.1171875 -0.0291666667 -0.0104166667
-0.113333333 -0.0291666667 -0.014375
-0.113333333 -0.0291666667 0.262708333
-0.1171875 -0.021875 -0.0104166667
-0.113333333 -0.021875 -0.014375
-0.113333333 -0.021875 0.262708333
-0.1171875 -0.0145833333 -0.0104166667
-0.113333333 -0.0145833333 -0.014375
-0.113333333 -0.0145833333 0.262708333
-0.1171875 -0.00729166667 -0.0104166667
-0.113333333 -0.00729166667 -0.014375
-0.113333333 -0.00729166667 0.262708333
-0.1171875 0 -0.0104166667
-0.113333333 0 -0.014375
-0.113333333 0 0.262708333
-0.1171875 0.00729166667 -0.0104166667
-0.113333333 0.00729166667 -0.014375
-0.113333333 0.00729166667 0.262708333
-0.1171875 0.0145833333 -0.0104166667
-0.113333333 0.0145833333 -0.014375
-0.113333333 0.0145833333 0.262708333
-0.1171875 0.021875 -0.0104166667
-0.113333333 0.021875 -0.014375
-0.113333333 0.021875 0.262708333
-0.1171875 0.0291666667 -0.0104166667
-0.113333333 0.0291666667 -0.014375
-0.113333333 0.0291666667 0.262708333
-0.1171875 0.0364583333 -0.0104166667
-0.113333333 0.0364583333 -0.014375
-0.113333333 0.0364583333 0.262708333
-0.1171875 0.04375 -0.0104166667
-0.113333333 0.04375 -0.014375
-0.113333333 0.04375 0.262708333
-0.1171875 0.0510416667 -0.0104166667
-0.113333333 0.0510416667 -0.014375
-0.113333333 0.0510416667 0.262708333
-0.1171875 0.0583333333 -0.0104166667
-0.113333333 0.0583333333 -0.014375
-0.113333333 0.0583333333 0.262708333
-0.1171875 0.065625 -0.0104166667
-0.113333333 0.065625 -0.014375
-0.113333333 0.065625 0.262708333
-0.1171875 0.0729166667 -0.0104166667
-0.113333333 0.0729166667 -0.014375
-0.113333333 0.0729166667 0.262708333
-0.1171875 0.0802083333 -0.0104166667
-0.113333333 0.0802083333 -0.014375
-0.113333333 0.0802083333 0.262708333
-0.1171875 0.0875 -0.0104166667
-0.113333333 0.0875 -0.014375
-0.113333333 0.0875 0.262708333
-0.1171875 0.0947916667 -0.0104166667
-0.113333333 0.0947916667 -0.014375
-0.113333333 0.0947916667 0.262708333
-0.1171875 0.102083333 -0.0104166667
-0.113333333 0.102083333 -0.014375
-0.113333333 0.102083333 0.262708333
-0.1171875 0.109375 -0.0104166667
-0.113333333 0.109375 -0.014375
-0.113333333 0.109375 0.262708333
-0.113333333 0.113020833 -0.0104166667
-0.113333333 0.116666667 -0.00645833333
-0.113333333 0.116666667 0.262708333
-0.113333333 0.1203125 -0.0025
-0.113333333 0.1203125 0.00541666667
-0.113333333 0.1203125 0.0133333333
-0.1171875 0.123958333 0.02125
-0.113333333 0.123958333 0.0172916667
-0.113333333 0.123958333 0.0252083333
-0.113333333 0.1203125 0.0291666667
-0.113333333 0.1203125 0.0370833333
-0.113333333 0.1203125 0.045
-0.113333333 0.1203125 0.0529166667
-0.1171875 0.123958333 0.0608333333
-0.113333333 0.123958333 0.056875
-0.113333333 0.123958333 0.0647916667
-0.113333333 0.1203125 0.06875
-0.113333333 0.1203125 0.0766666667
-0.113333333 0.1203125 0.0845833333
-0.113333333 0.1203125 0.0925
-0.1171875 0.123958333 0.100416667
-0.113333333 0.123958333 0.0964583333
-0.113333333 0.123958333 0.104375
-0.113333333 0.1203125 0.108333333
-0.113333333 0.1203125 0.11625
-0.113333333 0.1203125 0.124166667
-0.1171875 0.123958333 0.132083333
-0.113333333 0.123958333 0.128125
-0.1171875 0.123958333 0.14
-0.113333333 0.123958333 0.143958333
-0.113333333 0.1203125 0.147916667
-0.113333333 0.1203125 0.155833333
-0.113333333 0.1203125 0.16375
-0.1171875 0.123958333 0.171666667
-0.113333333 0.123958333 0.167708333
-0.113333333 0.123958333 0.175625
-0.113333333 0.1203125 0.179583333
-0.113333333 0.1203125 0.1875
-0.113333333 0.1203125 0.195416667
-0.1171875 0.123958333 0.203333333
-0.113333333 0.123958333 0.199375
-0.1171875 0.123958333 0.21125
-0.113333333 0.123958333 0.215208333
-0.113333333 0.1203125 0.219166667
-0.113333333 0.1203125 0.227083333
-0.1171875 0.123958333 0.235
-0.113333333 0.123958333 0.231041667
-0.1171875 0.123958333 0.242916667
-0.113333333 0.123958333 0.246875
-0.113333333 0.1203125 0.250833333
-0.113333333 0.1203125 0.25875
-0.113333333 0.127604167 0.02125
-0.113333333 0.127604167 0.0608333333
-0.113333333 0.127604167 0.100416667
-0.113333333 0.127604167 0.132083333
-0.113333333 0.127604167 0.14
-0.113333333 0.127604167 0.171666667
-0.113333333 0.127604167 0.203333333
-0.113333333 0.127604167 0.21125
-0.113333333 0.127604167 0.235
-0.113333333 0.127604167 0.242916667
-0.105625 -0.13125 0.00145833333
-0.105625 -0.134895833 0.00541666667
-0.105625 -0.134895833 0.0133333333
-0.109479167 -0.13125 0.0133333333
-0.105625 -0.134895833 0.02125
-0.105625 -0.134895833 0.0291666667
-0.105625 -0.134895833 0.0370833333
-0.105625 -0.134895833 0.045
-0.105625 -0.134895833 0.0529166667
-0.105625 -0.134895833 0.0608333333
-0.105625 -0.134895833 0.06875
-0.105625 -0.134895833 0.0766666667
-0.105625 -0.134895833 0.0845833333
-0.105625 -0.134895833 0.0925
-0.109479167 -0.13125 0.0925
-0.105625 -0.134895833 0.100416667
-0.105625 -0.134895833 0.108333333
-0.105625 -0.134895833 0.11625
-0.105625 -0.134895833 0.124166667
-0.105625 -0.134895833 0.132083333
-0.109479167 -0.13125 0.132083333
-0.105625 -0.134895833 0.14
-0.105625 -0.134895833 0.147916667
-0.105625 -0.134895833 0.155833333
-0.105625 -0.134895833 0.16375
-0.109479167 -0.13125 0.16375
-0.105625 -0.134895833 0.171666667
-0.105625 -0.134895833 0.179583333
-0.105625 -0.134895833 0.1875
-0.105625 -0.134895833 0.195416667
-0.109479167 -0.13125 0.195416667
-0.105625 -0.134895833 0.203333333
-0.105625 -0.134895833 0.21125
-0.105625 -0.134895833 0.219166667
-0.105625 -0.134895833 0.227083333
-0.109479167 -0.13125 0.227083333
-0.105625 -0.134895833 0.235
-0.105625 -0.134895833 0.242916667
-0.105625 -0.134895833 0.250833333
-0.105625 -0.13125 0.254791667
-0.105625 -0.123958333 -0.00645833333
-0.105625 -0.127604167 -0.0025
-0.105625 -0.127604167 0.25875
-0.109479167 -0.123958333 0.25875
-0.105625 -0.123958333 0.262708333
-0.105625 -0.116666667 -0.014375
-0.105625 -0.1203125 -0.0104166667
-0.109479167 -0.116666667 0.25875
-0.105625 -0.116666667 0.262708333
-0.105625 -0.109375 -0.014375
-0.105625 -0.109375 0.262708333
-0.109479167 -0.102083333 -0.0183333333
-0.105625 -0.102083333 -0.0222916667
-0.105625 -0.105729167 -0.0183333333
-0.105625 -0.102083333 0.262708333
-0.105625 -0.0984375 -0.0183333333
-0.105625 -0.0947916667 -0.014375
-0.105625 -0.0947916667 0.262708333
-0.105625 -0.0875 -0.014375
-0.105625 -0.0875 0.262708333
-0.105625 -0.0802083333 -0.014375
-0.105625 -0.0802083333 0.262708333
-0.105625 -0.0729166667 -0.014375
-0.105625 -0.0729166667 0.262708333
-0.105625 -0.065625 -0.014375
-0.105625 -0.065625 0.262708333
-0.105625 -0.0583333333 -0.014375
-0.105625 -0.0583333333 0.262708333
-0.105625 -0.0510416667 -0.014375
-0.105625 -0.0510416667 0.262708333
-0.105625 -0.04375 -0.014375
-0.105625 -0.04375 0.262708333
-0.105625 -0.0364583333 -0.014375
-0.105625 -0.0364583333 0.262708333
-0.105625 -0.0291666667 -0.014375
-0.105625 -0.0291666667 0.262708333
-0.105625 -0.021875 -0.014375
-0.105625 -0.021875 0.262708333
-0.105625 -0.0145833333 -0.014375
-0.105625 -0.0145833333 0.262708333
-0.105625 -0.00729166667 -0.014375
-0.105625 -0.00729166667 0.262708333
-0.105625 0 -0.014375
-0.105625 0 0.262708333
-0.105625 0.00729166667 -0.014375
-0.105625 0.00729166667 0.262708333
-0.105625 0.0145833333 -0.014375
-0.105625 0.0145833333 0.262708333
-0.105625 0.021875 -0.014375
-0.105625 0.021875 0.262708333
-0.105625 0.0291666667 -0.014375
-0.105625 0.0291666667 0.262708333
-0.105625 0.0364583333 -0.014375
-0.105625 0.0364583333 0.262708333
-0.105625 0.04375 -0.014375
-0.105625 0.04375 0.262708333
-0.105625 0.0510416667 -0.014375
-0.105625 0.0510416667 0.262708333
-0.105625 0.0583333333 -0.014375
-0.105625 0.0583333333 0.262708333
-0.105625 0.065625 -0.014375
-0.105625 0.065625 0.262708333
-0.105625 0.0729166667 -0.014375
-0.105625 0.0729166667 0.262708333
-0.105625 0.0802083333 -0.014375
-0.105625 0.0802083333 0.262708333
-0.105625 0.0875 -0.014375
-0.105625 0.0875 0.262708333
-0.105625 0.0947916667 -0.014375
-0.105625 0.0947916667 0.262708333
-0.105625 0.102083333 -0.014375
-0.105625 0.102083333 0.262708333
-0.105625 0.105729167 -0.0104166667
-0.109479167 0.109375 -0.0104166667
-0.105625 0.109375 -0.00645833333
-0.105625 0.109375 0.262708333
-0.105625 0.116666667 -0.00645833333
-0.105625 0.116666667 0.262708333
-0.105625 0.1203125 -0.0025
-0.109479167 0.123958333 0.00541666667
-0.105625 0.123958333 0.00145833333
-0.109479167 0.123958333 0.0133333333
-0.109479167 0.123958333 0.0291666667
-0.109479167 0.123958333 0.0370833333
-0.109479167 0.123958333 0.045
-0.109479167 0.123958333 0.0529166667
-0.109479167 0.123958333 0.06875
-0.109479167 0.123958333 0.0766666667
-0.109479167 0.123958333 0.0845833333
-0.109479167 0.123958333 0.0925
-0.109479167 0.123958333 0.108333333
-0.109479167 0.123958333 0.11625
-0.109479167 0.123958333 0.124166667
-0.109479167 0.123958333 0.147916667
-0.109479167 0.123958333 0.155833333
-0.109479167 0.123958333 0.16375
-0.109479167 0.123958333 0.179583333
-0.109479167 0.123958333 0.1875
-0.109479167 0.123958333 0.195416667
-0.109479167 0.123958333 0.219166667
-0.109479167 0.123958333 0.227083333
-0.109479167 0.123958333 0.250833333
-0.109479167 0.123958333 0.25875
-0.105625 0.123958333 0.262708333
-0.105625 0.127604167 0.00541666667
-0.105625 0.127604167 0.0133333333
-0.105625 0.127604167 0.02125
-0.105625 0.127604167 0.0291666667
-0.105625 0.127604167 0.0370833333
-0.105625 0.127604167 0.045
-0.105625 0.127604167 0.0529166667
-0.105625 0.127604167 0.0608333333
-0.105625 0.127604167 0.06875
-0.105625 0.127604167 0.0766666667
-0.105625 0.127604167 0.0845833333
-0.105625 0.127604167 0.0925
-0.105625 0.127604167 0.100416667
-0.105625 0.127604167 0.108333333
-0.105625 0.127604167 0.11625
-0.105625 0.127604167 0.124166667
-0.105625 0.127604167 0.132083333
-0.105625 0.127604167 0.14
-0.105625 0.127604167 0.147916667
-0.105625 0.127604167 0.155833333
-0.105625 0.127604167 0.16375
-0.105625 0.127604167 0.171666667
-0.105625 0.127604167 0.179583333
-0.105625 0.127604167 0.1875
-0.105625 0.127604167 0.195416667
-0.105625 0.127604167 0.203333333
-0.105625 0.127604167 0.21125
-0.105625 0.127604167 0.219166667
-0.105625 0.127604167 0.227083333
-0.105625 0.127604167 0.235
-0.105625 0.127604167 0.242916667
-0.105625 0.127604167 0.250833333
-0.105625 0.127604167 0.25875
-0.0979166667 -0.13125 0.00145833333
-0.0979166667 -0.134895833 0.00541666667
-0.0979166667 -0.134895833 0.0133333333
-0.0979166667 -0.134895833 0.02125
-0.0979166667 -0.134895833 0.0291666667
-0.0979166667 -0.134895833 0.0370833333
-0.0979166667 -0.134895833 0.045
-0.0979166667 -0.134895833 0.0529166667
-0.0979166667 -0.134895833 0.0608333333
-0.0979166667 -0.134895833 0.06875
-0.0979166667 -0.134895833 0.0766666667
-0.0979166667 -0.134895833 0.0845833333
-0.0979166667 -0.134895833 0.0925
-0.0979166667 -0.134895833 0.100416667
-0.0979166667 -0.134895833 0.108333333
-0.0979166667 -0.134895833 0.11625
-0.0979166667 -0.134895833 0.124166667
-0.0979166667 -0.134895833 0.132083333
-0.0979166667 -0.134895833 0.14
-0.0979166667 -0.134895833 0.147916667
-0.0979166667 -0.134895833 0.155833333
-0.0979166667 -0.134895833 0.16375
-0.0979166667 -0.134895833 0.171666667
-0.0979166667 -0.134895833 0.179583333
-0.0979166667 -0.134895833 0.1875
-0.0979166667 -0.134895833 0.195416667
-0.0979166667 -0.134895833 0.203333333
-0.0979166667 -0.134895833 0.21125
-0.0979166667 -0.134895833 0.219166667
-0.0979166667 -0.134895833 0.227083333
-0.0979166667 -0.134895833 0.235
-0.0979166667 -0.134895833 0.242916667
-0.0979166667 -0.134895833 0.250833333
-0.0979166667 -0.134895833 0.25875
-0.101770833 -0.13125 0.25875
-0.0979166667 -0.13125 0.262708333
-0.0979166667 -0.123958333 -0.00645833333
-0.0979166667 -0.127604167 -0.0025
-0.0979166667 -0.123958333 0.262708333
-0.101770833 -0.116666667 -0.0104166667
-0.0979166667 -0.116666667 -0.00645833333
-0.0979166667 -0.116666667 0.262708333
-0.0979166667 -0.109375 -0.014375
-0.0979166667 -0.113020833 -0.0104166667
-0.0979166667 -0.109375 0.262708333
-0.101770833 -0.102083333 -0.0183333333
-0.0979166667 -0.102083333 -0.014375
-0.0979166667 -0.102083333 0.262708333
-0.0979166667 -0.0947916667 -0.0222916667
-0.101770833 -0.0947916667 -0.0183333333
-0.0979166667 -0.0984375 -0.0183333333
-0.0979166667 -0.0947916667 0.262708333
-0.101770833 -0.0875 -0.0183333333
-0.0979166667 -0.0875 -0.0222916667
-0.0979166667 -0.0875 0.262708333
-0.101770833 -0.0802083333 -0.0183333333
-0.0979166667 -0.0802083333 -0.0222916667
-0.0979166667 -0.0802083333 0.262708333
-0.101770833 -0.0729166667 -0.0183333333
-0.0979166667 -0.0729166667 -0.0222916667
-0.0979166667 -0.0729166667 0.262708333
-0.101770833 -0.065625 -0.0183333333
-0.0979166667 -0.065625 -0.0222916667
-0.0979166667 -0.065625 0.262708333
-0.101770833 -0.0583333333 -0.0183333333
-0.0979166667 -0.0583333333 -0.0222916667
-0.0979166667 -0.0583333333 0.262708333
-0.101770833 -0.0510416667 -0.0183333333
-0.0979166667 -0.0510416667 -0.0222916667
-0.0979166667 -0.0510416667 0.262708333
-0.101770833 -0.04375 -0.0183333333
-0.0979166667 -0.04375 -0.0222916667
-0.0979166667 -0.04375 0.262708333
-0.101770833 -0.0364583333 -0.0183333333
-0.0979166667 -0.0364583333 -0.0222916667
-0.0979166667 -0.0364583333 0.262708333
-0.101770833 -0.0291666667 -0.0183333333
-0.0979166667 -0.0291666667 -0.0222916667
-0.0979166667 -0.0291666667 0.262708333
-0.101770833 -0.021875 -0.0183333333
-0.0979166667 -0.021875 -0.0222916667
-0.0979166667 -0.021875 0.262708333
-0.101770833 -0.0145833333 -0.0183333333
-0.0979166667 -0.0145833333 -0.0222916667
-0.0979166667 -0.0145833333 0.262708333
-0.101770833 -0.00729166667 -0.0183333333
-0.0979166667 -0.00729166667 -0.0222916667
-0.0979166667 -0.00729166667 0.262708333
-0.101770833 0 -0.0183333333
-0.0979166667 0 -0.0222916667
-0.0979166667 0 0.262708333
-0.101770833 0.00729166667 -0.0183333333
-0.0979166667 0.00729166667 -0.0222916667
-0.0979166667 0.00729166667 0.262708333
-0.101770833 0.0145833333 -0.0183333333
-0.0979166667 0.0145833333 -0.0222916667
-0.0979166667 0.0145833333 0.262708333
-0.101770833 0.021875 -0.0183333333
-0.0979166667 0.021875 -0.0222916667
-0.0979166667 0.021875 0.262708333
-0.101770833 0.0291666667 -0.0183333333
-0.0979166667 0.0291666667 -0.0222916667
-0.0979166667 0.0291666667 0.262708333
-0.101770833 0.0364583333 -0.0183333333
-0.0979166667 0.0364583333 -0.0222916667
-0.0979166667 0.0364583333 0.262708333
-0.101770833 0.04375 -0.0183333333
-0.0979166667 0.04375 -0.0222916667
-0.0979166667 0.04375 0.262708333
-0.101770833 0.0510416667 -0.0183333333
-0.0979166667 0.0510416667 -0.0222916667
-0.0979166667 0.0510416667 0.262708333
-0.101770833 0.0583333333 -0.0183333333
-0.0979166667 0.0583333333 -0.0222916667
-0.0979166667 0.0583333333 0.262708333
-0.101770833 0.065625 -0.0183333333
-0.0979166667 0.065625 -0.0222916667
-0.0979166667 0.065625 0.262708333
-0.101770833 0.0729166667 -0.0183333333
-0.0979166667 0.0729166667 -0.0222916667
-0.0979166667 0.0729166667 0.262708333
-0.101770833 0.0802083333 -0.0183333333
-0.0979166667 0.0802083333 -0.0222916667
-0.0979166667 0.0802083333 0.262708333
-0.101770833 0.0875 -0.0183333333
-0.0979166667 0.0875 -0.0222916667
-0.0979166667 0.0875 0.262708333
-0.101770833 0.0947916667 -0.0183333333
-0.0979166667 0.0947916667 -0.0222916667
-0.0979166667 0.0947916667 0.262708333
-0.0979166667 0.0984375 -0.0183333333
-0.0979166667 0.102083333 -0.014375
-0.0979166667 0.102083333 0.262708333
-0.101770833 0.109375 -0.0104166667
-0.0979166667 0.109375 -0.014375
-0.0979166667 0.109375 0.262708333
-0.0979166667 0.113020833 -0.0104166667
-0.0979166667 0.116666667 -0.00645833333
-0.0979166667 0.116666667 0.262708333
-0.0979166667 0.1203125 -0.0025
-0.0979166667 0.123958333 0.00145833333
-0.0979166667 0.123958333 0.262708333
-0.0979166667 0.127604167 0.00541666667
-0.0979166667 0.127604167 0.0133333333
-0.0979166667 0.127604167 0.02125
-0.0979166667 0.127604167 0.0291666667
-0.0979166667 0.127604167 0.0370833333
-0.0979166667 0.127604167 0.045
-0.0979166667 0.127604167 0.0529166667
-0.0979166667 0.127604167 0.0608333333
-0.0979166667 0.127604167 0.06875
-0.0979166667 0.127604167 0.0766666667
-0.0979166667 0.127604167 0.0845833333
-0.0979166667 0.127604167 0.0925
-0.0979166667 0.127604167 0.100416667
-0.0979166667 0.127604167 0.108333333
-0.0979166667 0.127604167 0.11625
-0.0979166667 0.127604167 0.124166667
-0.0979166667 0.127604167 0.132083333
-0.0979166667 0.127604167 0.14
-0.0979166667 0.127604167 0.147916667
-0.0979166667 0.127604167 0.155833333
-0.0979166667 0.127604167 0.16375
-0.0979166667 0.127604167 0.171666667
-0.0979166667 0.127604167 0.179583333
-0.0979166667 0.127604167 0.1875
-0.0979166667 0.127604167 0.195416667
-0.0979166667 0.127604167 0.203333333
-0.0979166667 0.127604167 0.21125
-0.0979166667 0.127604167 0.219166667
-0.0979166667 0.127604167 0.227083333
-0.0979166667 0.127604167 0.235
-0.0979166667 0.127604167 0.242916667
-0.0979166667 0.127604167 0.250833333
-0.0979166667 0.127604167 0.25875
-0.0940625 -0.138541667 0.0529166667
-0.0902083333 -0.138541667 0.0489583333
-0.0902083333 -0.1421875 0.0529166667
-0.0902083333 -0.1421875 0.0608333333
-0.0940625 -0.138541667 0.0608333333
-0.0902083333 -0.138541667 0.0647916667
-0.0940625 -0.138541667 0.0925
-0.0902083333 -0.138541667 0.0885416667
-0.0902083333 -0.1421875 0.0925
-0.0902083333 -0.138541667 0.0964583333
-0.0940625 -0.138541667 0.132083333
-0.0902083333 -0.138541667 0.128125
-0.0902083333 -0.1421875 0.132083333
-0.0902083333 -0.138541667 0.136041667
-0.0940625 -0.138541667 0.16375
-0.0902083333 -0.138541667 0.159791667
-0.0902083333 -0.1421875 0.16375
-0.0902083333 -0.138541667 0.167708333
-0.0940625 -0.138541667 0.195416667
-0.0902083333 -0.138541667 0.191458333
-0.0902083333 -0.1421875 0.195416667
-0.0902083333 -0.1421875 0.203333333
-0.0940625 -0.138541667 0.203333333
-0.0902083333 -0.138541667 0.207291667
-0.0940625 -0.138541667 0.227083333
-0.0902083333 -0.138541667 0.223125
-0.0902083333 -0.1421875 0.227083333
-0.0902083333 -0.1421875 0.235
-0.0940625 -0.138541667 0.235
-0.0902083333 -0.138541667 0.238958333
-0.0940625 -0.138541667 0.25875
-0.0902083333 -0.138541667 0.254791667
-0.0902083333 -0.1421875 0.25875
-0.0902083333 -0.138541667 0.262708333
-0.0902083333 -0.13125 0.00145833333
-0.0902083333 -0.134895833 0.00541666667
-0.0902083333 -0.134895833 0.0133333333
-0.0902083333 -0.134895833 0.02125
-0.0902083333 -0.134895833 0.0291666667
-0.0902083333 -0.134895833 0.0370833333
-0.0902083333 -0.134895833 0.045
-0.0902083333 -0.134895833 0.06875
-0.0902083333 -0.134895833 0.0766666667
-0.0902083333 -0.134895833 0.0845833333
-0.0902083333 -0.134895833 0.100416667
-0.0902083333 -0.134895833 0.108333333
-0.0902083333 -0.134895833 0.11625
-0.0902083333 -0.134895833 0.124166667
-0.0902083333 -0.134895833 0.14
-0.0902083333 -0.134895833 0.147916667
-0.0902083333 -0.134895833 0.155833333
-0.0902083333 -0.134895833 0.171666667
-0.0902083333 -0.134895833 0.179583333
-0.0902083333 -0.134895833 0.1875
-0.0902083333 -0.134895833 0.21125
-0.0902083333 -0.134895833 0.219166667
-0.0902083333 -0.134895833 0.242916667
-0.0902083333 -0.134895833 0.250833333
-0.0902083333 -0.13125 0.262708333
-0.0902083333 -0.123958333 -0.00645833333
-0.0902083333 -0.127604167 -0.0025
-0.0902083333 -0.123958333 0.262708333
-0.0940625 -0.116666667 -0.0104166667
-0.0902083333 -0.116666667 -0.014375
-0.0902083333 -0.1203125 -0.0104166667
-0.0902083333 -0.116666667 0.262708333
-0.0902083333 -0.109375 -0.014375
-0.0902083333 -0.109375 0.262708333
-0.0940625 -0.102083333 -0.0183333333
-0.0902083333 -0.102083333 -0.0222916667
-0.0902083333 -0.105729167 -0.0183333333
-0.0902083333 -0.102083333 0.262708333
-0.0902083333 -0.0947916667 -0.0222916667
-0.0902083333 -0.0947916667 0.262708333
-0.0940625 -0.0875 -0.02625
-0.0902083333 -0.0875 -0.0302083333
-0.0902083333 -0.0911458333 -0.02625
-0.0902083333 -0.0875 0.262708333
-0.0940625 -0.0802083333 -0.02625
-0.0902083333 -0.0802083333 -0.0302083333
-0.0902083333 -0.0802083333 0.262708333
-0.0940625 -0.0729166667 -0.02625
-0.0902083333 -0.0729166667 -0.0302083333
-0.0902083333 -0.0729166667 0.262708333
-0.0940625 -0.065625 -0.02625
-0.0902083333 -0.065625 -0.0302083333
-0.0902083333 -0.065625 0.262708333
-0.0940625 -0.0583333333 -0.02625
-0.0902083333 -0.0583333333 -0.0302083333
-0.0902083333 -0.0583333333 0.262708333
-0.0902083333 -0.0546875 -0.02625
-0.0902083333 -0.0510416667 -0.0222916667
-0.0902083333 -0.0510416667 0.262708333
-0.0902083333 -0.04375 -0.0222916667
-0.0902083333 -0.04375 0.262708333
-0.0902083333 -0.0364583333 -0.0222916667
-0.0902083333 -0.0364583333 0.262708333
-0.0902083333 -0.0291666667 -0.0222916667
-0.0902083333 -0.0291666667 0.262708333
-0.0902083333 -0.021875 -0.0222916667
-0.0902083333 -0.021875 0.262708333
-0.0902083333 -0.0145833333 -0.0222916667
-0.0902083333 -0.0145833333 0.262708333
-0.0902083333 -0.00729166667 -0.0222916667
-0.0902083333 -0.00729166667 0.262708333
-0.0902083333 0 -0.0222916667
-0.0902083333 0 0.262708333
-0.0902083333 0.00729166667 -0.0222916667
-0.0902083333 0.00729166667 0.262708333
-0.0902083333 0.0145833333 -0.0222916667
-0.0902083333 0.0145833333 0.262708333
-0.0902083333 0.021875 -0.0222916667
-0.0902083333 0.021875 0.262708333
-0.0902083333 0.0291666667 -0.0222916667
-0.0902083333 0.0291666667 0.262708333
-0.0902083333 0.0364583333 -0.0222916667
-0.0902083333 0.0364583333 0.262708333
-0.0902083333 0.04375 -0.0222916667
-0.0902083333 0.04375 0.262708333
-0.0902083333 0.0510416667 -0.0222916667
-0.0902083333 0.0510416667 0.262708333
-0.0902083333 0.0583333333 -0.0222916667
-0.0902083333 0.0583333333 0.262708333
-0.0902083333 0.065625 -0.0222916667
-0.0902083333 0.065625 0.262708333
-0.0902083333 0.0729166667 -0.0222916667
-0.0902083333 0.0729166667 0.262708333
-0.0902083333 0.0802083333 -0.0222916667
-0.0902083333 0.0802083333 0.262708333
-0.0902083333 0.0875 -0.0222916667
-0.0902083333 0.0875 0.262708333
-0.0902083333 0.0947916667 -0.0222916667
-0.0902083333 0.0947916667 0.262708333
-0.0902083333 0.0984375 -0.0183333333
-0.0902083333 0.102083333 -0.014375
-0.0902083333 0.102083333 0.262708333
-0.0902083333 0.109375 -0.014375
-0.0902083333 0.109375 0.262708333
-0.0902083333 0.113020833 -0.0104166667
-0.0902083333 0.116666667 -0.00645833333
-0.0902083333 0.116666667 0.262708333
-0.0902083333 0.1203125 -0.0025
-0.0902083333 0.123958333 0.00145833333
-0.0902083333 0.123958333 0.262708333
-0.0902083333 0.127604167 0.00541666667
-0.0902083333 0.127604167 0.0133333333
-0.0902083333 0.127604167 0.02125
-0.0902083333 0.127604167 0.0291666667
-0.0902083333 0.127604167 0.0370833333
-0.0902083333 0.127604167 0.045
-0.0902083333 0.127604167 0.0529166667
-0.0902083333 0.127604167 0.0608333333
-0.0902083333 0.127604167 0.06875
-0.0902083333 0.127604167 0.0766666667
-0.0902083333 0.127604167 0.0845833333
-0.0902083333 0.127604167 0.0925
-0.0902083333 0.127604167 0.100416667
-0.0902083333 0.127604167 0.108333333
-0.0902083333 0.127604167 0.11625
-0.0902083333 0.127604167 0.124166667
-0.0902083333 0.127604167 0.132083333
-0.0902083333 0.127604167 0.14
-0.0902083333 0.127604167 0.147916667
-0.0902083333 0.127604167 0.155833333
-0.0902083333 0.127604167 0.16375
-0.0902083333 0.127604167 0.171666667
-0.0902083333 0.127604167 0.179583333
-0.0902083333 0.127604167 0.1875
-0.0902083333 0.127604167 0.195416667
-0.0902083333 0.127604167 0.203333333
-0.0902083333 0.127604167 0.21125
-0.0902083333 0.127604167 0.219166667
-0.0902083333 0.127604167 0.227083333
-0.0902083333 0.127604167 0.235
-0.0902083333 0.127604167 0.242916667
-0.0902083333 0.127604167 0.250833333
-0.0902083333 0.127604167 0.25875
-0.0863541667 -0.138541667 0.02125
-0.0825 -0.138541667 0.0172916667
-0.0825 -0.1421875 0.02125
-0.0825 -0.1421875 0.0291666667
-0.0863541667 -0.138541667 0.0291666667
-0.0825 -0.1421875 0.0370833333
-0.0863541667 -0.138541667 0.0370833333
-0.0825 -0.1421875 0.045
-0.0863541667 -0.138541667 0.045
-0.0825 -0.1421875 0.0529166667
-0.0825 -0.1421875 0.0608333333
-0.0825 -0.1421875 0.06875
-0.0863541667 -0.138541667 0.06875
-0.0825 -0.1421875 0.0766666667
-0.0863541667 -0.138541667 0.0766666667
-0.0825 -0.138541667 0.080625
-0.0825 -0.138541667 0.0885416667
-0.0825 -0.1421875 0.0925
-0.0825 -0.1421875 0.100416667
-0.0863541667 -0.138541667 0.100416667
-0.0825 -0.1421875 0.108333333
-0.0863541667 -0.138541667 0.108333333
-0.0825 -0.1421875 0.11625
-0.0863541667 -0.138541667 0.11625
-0.0825 -0.1421875 0.124166667
-0.0863541667 -0.138541667 0.124166667
-0.0825 -0.1421875 0.132083333
-0.0825 -0.1421875 0.14
-0.0863541667 -0.138541667 0.14
-0.0825 -0.1421875 0.147916667
-0.0863541667 -0.138541667 0.147916667
-0.0825 -0.138541667 0.151875
-0.0825 -0.138541667 0.159791667
-0.0825 -0.1421875 0.16375
-0.0825 -0.1421875 0.171666667
-0.0863541667 -0.138541667 0.171666667
-0.0825 -0.1421875 0.179583333
-0.0863541667 -0.138541667 0.179583333
-0.0825 -0.1421875 0.1875
-0.0863541667 -0.138541667 0.1875
-0.0825 -0.1421875 0.195416667
-0.0825 -0.1421875 0.203333333
-0.0825 -0.1421875 0.21125
-0.0863541667 -0.138541667 0.21125
-0.0825 -0.1421875 0.219166667
-0.0863541667 -0.138541667 0.219166667
-0.0825 -0.1421875 0.227083333
-0.0825 -0.1421875 0.235
-0.0825 -0.1421875 0.242916667
-0.0863541667 -0.138541667 0.242916667
-0.0825 -0.1421875 0.250833333
-0.0863541667 -0.138541667 0.250833333
-0.0825 -0.1421875 0.25875
-0.0825 -0.138541667 0.262708333
-0.0825 -0.13125 0.00145833333
-0.0825 -0.134895833 0.00541666667
-0.0825 -0.134895833 0.0133333333
-0.0825 -0.134895833 0.0845833333
-0.0825 -0.134895833 0.155833333
-0.0825 -0.13125 0.262708333
-0.0825 -0.123958333 -0.00645833333
-0.0825 -0.127604167 -0.0025
-0.0825 -0.123958333 0.262708333
-0.0863541667 -0.116666667 -0.0104166667
-0.0825 -0.116666667 -0.00645833333
-0.0825 -0.116666667 0.262708333
-0.0825 -0.109375 -0.014375
-0.0825 -0.113020833 -0.0104166667
-0.0825 -0.109375 0.262708333
-0.0863541667 -0.102083333 -0.0183333333
-0.0825 -0.102083333 -0.014375
-0.0825 -0.102083333 0.262708333
-0.0825 -0.0947916667 -0.0222916667
-0.0825 -0.0984375 -0.0183333333
-0.0825 -0.0947916667 0.262708333
-0.0825 -0.0875 -0.0302083333
-0.0825 -0.0911458333 -0.02625
-0.0825 -0.0875 0.262708333
-0.0825 -0.0802083333 -0.0302083333
-0.0825 -0.0802083333 0.262708333
-0.0825 -0.0729166667 -0.0302083333
-0.0825 -0.0729166667 0.262708333
-0.0825 -0.065625 -0.0302083333
-0.0825 -0.065625 0.262708333
-0.0825 -0.0583333333 -0.0302083333
-0.0825 -0.0583333333 0.262708333
-0.0863541667 -0.0510416667 -0.02625
-0.0825 -0.0510416667 -0.0302083333
-0.0825 -0.0510416667 0.262708333
-0.0863541667 -0.04375 -0.02625
-0.0825 -0.04375 -0.0302083333
-0.0825 -0.04375 0.262708333
-0.0863541667 -0.0364583333 -0.02625
-0.0825 -0.0364583333 -0.0302083333
-0.0825 -0.0364583333 0.262708333
-0.0863541667 -0.0291666667 -0.02625
-0.0825 -0.0291666667 -0.0302083333
-0.0825 -0.0291666667 0.262708333
-0.0863541667 -0.021875 -0.02625
-0.0825 -0.021875 -0.0302083333
-0.0825 -0.021875 0.262708333
-0.0863541667 -0.0145833333 -0.02625
-0.0825 -0.0145833333 -0.0302083333
-0.0825 -0.0145833333 0.262708333
-0.0863541667 -0.00729166667 -0.02625
-0.0825 -0.00729166667 -0.0302083333
-0.0825 -0.00729166667 0.262708333
-0.0863541667 0 -0.02625
-0.0825 0 -0.0302083333
-0.0825 0 0.262708333
-0.0863541667 0.00729166667 -0.02625
-0.0825 0.00729166667 -0.0302083333
-0.0825 0.00729166667 0.262708333
-0.0863541667 0.0145833333 -0.02625
-0.0825 0.0145833333 -0.0302083333
-0.0825 0.0145833333 0.262708333
-0.0863541667 0.021875 -0.02625
-0.0825 0.021875 -0.0302083333
-0.0825 0.021875 0.262708333
-0.0863541667 0.0291666667 -0.02625
-0.0825 0.0291666667 -0.0302083333
-0.0825 0.0291666667 0.262708333
-0.0863541667 0.0364583333 -0.02625
-0.0825 0.0364583333 -0.0302083333
-0.0825 0.0364583333 0.262708333
-0.0863541667 0.04375 -0.02625
-0.0825 0.04375 -0.0302083333
-0.0825 0.04375 0.262708333
-0.0863541667 0.0510416667 -0.02625
-0.0825 0.0510416667 -0.0302083333
-0.0825 0.0510416667 0.262708333
-0.0863541667 0.0583333333 -0.02625
-0.0825 0.0583333333 -0.0302083333
-0.0825 0.0583333333 0.262708333
-0.0863541667 0.065625 -0.02625
-0.0825 0.065625 -0.0302083333
-0.0825 0.065625 0.262708333
-0.0863541667 0.0729166667 -0.02625
-0.0825 0.0729166667 -0.0302083333
-0.0825 0.0729166667 0.262708333
-0.0863541667 0.0802083333 -0.02625
-0.0825 0.0802083333 -0.0302083333
-0.0825 0.0802083333 0.262708333
-0.0825 0.0838541667 -0.02625
-0.0825 0.0875 -0.0222916667
-0.0825 0.0875 0.262708333
-0.0825 0.0947916667 -0.0222916667
-0.0825 0.0911458333 0.266666667
-0.0863541667 0.0947916667 0.266666667
-0.0825 0.0947916667 0.270625
-0.0825 0.0984375 -0.0183333333
-0.0825 0.102083333 -0.014375
-0.0863541667 0.102083333 0.266666667
-0.0825 0.102083333 0.270625
-0.0825 0.109375 -0.014375
-0.0863541667 0.109375 0.266666667
-0.0825 0.109375 0.270625
-0.0825 0.113020833 -0.0104166667
-0.0825 0.116666667 -0.00645833333
-0.0863541667 0.116666667 0.266666667
-0.0825 0.116666667 0.270625
-0.0825 0.1203125 -0.0025
-0.0825 0.123958333 0.00145833333
-0.0863541667 0.123958333 0.266666667
-0.0825 0.123958333 0.270625
-0.0825 0.127604167 0.00541666667
-0.0825 0.127604167 0.0133333333
-0.0825 0.127604167 0.02125
-0.0825 0.127604167 0.0291666667
-0.0825 0.127604167 0.0370833333
-0.0825 0.127604167 0.045
-0.0825 0.127604167 0.0529166667
-0.0825 0.127604167 0.0608333333
-0.0825 0.127604167 0.06875
-0.0825 0.127604167 0.0766666667
-0.0825 0.127604167 0.0845833333
-0.0825 0.127604167 0.0925
-0.0825 0.127604167 0.100416667
-0.0825 0.127604167 0.108333333
-0.0825 0.127604167 0.11625
-0.0825 0.127604167 0.124166667
-0.0825 0.127604167 0.132083333
-0.0825 0.127604167 0.14
-0.0825 0.127604167 0.147916667
-0.0825 0.127604167 0.155833333
-0.0825 0.127604167 0.16375
-0.0825 0.127604167 0.171666667
-0.0825 0.127604167 0.179583333
-0.0825 0.127604167 0.1875
-0.0825 0.127604167 0.195416667
-0.0825 0.127604167 0.203333333
-0.0825 0.127604167 0.21125
-0.0825 0.127604167 0.219166667
-0.0825 0.127604167 0.227083333
-0.0825 0.127604167 0.235
-0.0825 0.127604167 0.242916667
-0.0825 0.127604167 0.250833333
-0.0825 0.127604167 0.25875
-0.0825 0.127604167 0.266666667
-0.0747916667 -0.138541667 0.0172916667
-0.0747916667 -0.1421875 0.02125
-0.0747916667 -0.1421875 0.0291666667
-0.0747916667 -0.1421875 0.0370833333
-0.0747916667 -0.1421875 0.045
-0.0747916667 -0.1421875 0.0529166667
-0.0747916667 -0.1421875 0.0608333333
-0.0747916667 -0.1421875 0.06875
-0.0747916667 -0.1421875 0.0766666667
-0.0747916667 -0.1421875 0.0845833333
-0.0786458333 -0.138541667 0.0845833333
-0.0747916667 -0.1421875 0.0925
-0.0747916667 -0.1421875 0.100416667
-0.0747916667 -0.1421875 0.108333333
-0.0747916667 -0.1421875 0.11625
-0.0747916667 -0.1421875 0.124166667
-0.0747916667 -0.1421875 0.132083333
-0.0747916667 -0.1421875 0.14
-0.0747916667 -0.1421875 0.147916667
-0.0747916667 -0.1421875 0.155833333
-0.0786458333 -0.138541667 0.155833333
-0.0747916667 -0.1421875 0.16375
-0.0747916667 -0.1421875 0.171666667
-0.0747916667 -0.1421875 0.179583333
-0.0747916667 -0.1421875 0.1875
-0.0747916667 -0.1421875 0.195416667
-0.0747916667 -0.1421875 0.203333333
-0.0747916667 -0.1421875 0.21125
-0.0747916667 -0.1421875 0.219166667
-0.0747916667 -0.1421875 0.227083333
-0.0747916667 -0.1421875 0.235
-0.0747916667 -0.1421875 0.242916667
-0.0747916667 -0.1421875 0.250833333
-0.0747916667 -0.1421875 0.25875
-0.0747916667 -0.138541667 0.262708333
-0.0747916667 -0.13125 0.00145833333
-0.0747916667 -0.134895833 0.00541666667
-0.0747916667 -0.134895833 0.0133333333
-0.0747916667 -0.13125 0.262708333
-0.0747916667 -0.123958333 -0.00645833333
-0.0747916667 -0.127604167 -0.0025
-0.0747916667 -0.123958333 0.262708333
-0.0786458333 -0.116666667 -0.0104166667
-0.0747916667 -0.116666667 -0.014375
-0.0747916667 -0.1203125 -0.0104166667
-0.0747916667 -0.116666667 0.262708333
-0.0747916667 -0.109375 -0.014375
-0.0747916667 -0.109375 0.262708333
-0.0786458333 -0.102083333 -0.0183333333
-0.0747916667 -0.102083333 -0.0222916667
-0.0747916667 -0.105729167 -0.0183333333
-0.0747916667 -0.102083333 0.262708333
-0.0747916667 -0.0947916667 -0.0222916667
-0.0747916667 -0.0947916667 0.262708333
-0.0786458333 -0.0875 -0.02625
-0.0747916667 -0.0875 -0.0222916667
-0.0747916667 -0.0875 0.262708333
-0.0747916667 -0.0802083333 -0.0302083333
-0.0747916667 -0.0838541667 -0.02625
-0.0747916667 -0.0802083333 0.262708333
-0.0786458333 -0.0729166667 -0.0341666667
-0.0747916667 -0.0729166667 -0.038125
-0.0747916667 -0.0765625 -0.0341666667
-0.0747916667 -0.0729166667 0.262708333
-0.0786458333 -0.065625 -0.0341666667
-0.0747916667 -0.065625 -0.038125
-0.0747916667 -0.065625 0.262708333
-0.0786458333 -0.0583333333 -0.0341666667
-0.0747916667 -0.0583333333 -0.038125
-0.0747916667 -0.0583333333 0.262708333
-0.0786458333 -0.0510416667 -0.0341666667
-0.0747916667 -0.0510416667 -0.038125
-0.0747916667 -0.0546875 0.266666667
-0.0786458333 -0.0510416667 0.266666667
-0.0747916667 -0.0510416667 0.270625
-0.0786458333 -0.04375 -0.0341666667
-0.0747916667 -0.04375 -0.038125
-0.0786458333 -0.04375 0.266666667
-0.0747916667 -0.04375 0.270625
-0.0786458333 -0.0364583333 -0.0341666667
-0.0747916667 -0.0364583333 -0.038125
-0.0786458333 -0.0364583333 0.266666667
-0.0747916667 -0.0364583333 0.270625
-0.0786458333 -0.0291666667 -0.0341666667
-0.0747916667 -0.0291666667 -0.038125
-0.0786458333 -0.0291666667 0.266666667
-0.0747916667 -0.0291666667 0.270625
-0.0786458333 -0.021875 -0.0341666667
-0.0747916667 -0.021875 -0.038125
-0.0786458333 -0.021875 0.266666667
-0.0747916667 -0.021875 0.270625
-0.0786458333 -0.0145833333 -0.0341666667
-0.0747916667 -0.0145833333 -0.038125
-0.0786458333 -0.0145833333 0.266666667
-0.0747916667 -0.0145833333 0.270625
-0.0786458333 -0.00729166667 -0.0341666667
-0.0747916667 -0.00729166667 -0.038125
-0.0786458333 -0.00729166667 0.266666667
-0.0747916667 -0.00729166667 0.270625
-0.0747916667 -0.00364583333 -0.0341666667
-0.0747916667 0 -0.0302083333
-0.0786458333 0 0.266666667
-0.0747916667 0 0.270625
-0.0747916667 0.00729166667 -0.0302083333
-0.0786458333 0.00729166667 0.266666667
-0.0747916667 0.00729166667 0.270625
-0.0747916667 0.0145833333 -0.0302083333
-0.0786458333 0.0145833333 0.266666667
-0.0747916667 0.0145833333 0.270625
-0.0747916667 0.021875 -0.0302083333
-0.0786458333 0.021875 0.266666667
-0.0747916667 0.021875 0.270625
-0.0747916667 0.0291666667 -0.0302083333
-0.0786458333 0.0291666667 0.266666667
-0.0747916667 0.0291666667 0.270625
-0.0747916667 0.0364583333 -0.0302083333
-0.0786458333 0.0364583333 0.266666667
-0.0747916667 0.0364583333 0.270625
-0.0747916667 0.04375 -0.0302083333
-0.0786458333 0.04375 0.266666667
-0.0747916667 0.04375 0.270625
-0.0747916667 0.0510416667 -0.0302083333
-0.0786458333 0.0510416667 0.266666667
-0.0747916667 0.0510416667 0.270625
-0.0747916667 0.0583333333 -0.0302083333
-0.0786458333 0.0583333333 0.266666667
-0.0747916667 0.0583333333 0.270625
-0.0747916667 0.065625 -0.0302083333
-0.0786458333 0.065625 0.266666667
-0.0747916667 0.065625 0.270625
-0.0747916667 0.0729166667 -0.0302083333
-0.0786458333 0.0729166667 0.266666667
-0.0747916667 0.0729166667 0.270625
-0.0747916667 0.0802083333 -0.0302083333
-0.0786458333 0.0802083333 0.266666667
-0.0747916667 0.0802083333 0.270625
-0.0747916667 0.0838541667 -0.02625
-0.0747916667 0.0875 -0.0222916667
-0.0786458333 0.0875 0.266666667
-0.0747916667 0.0875 0.270625
-0.0747916667 0.0947916667 -0.0222916667
-0.0747916667 0.0947916667 0.270625
-0.0747916667 0.0984375 -0.0183333333
-0.0747916667 0.102083333 -0.014375
-0.0747916667 0.102083333 0.270625
-0.0747916667 0.109375 -0.014375
-0.0747916667 0.109375 0.270625
-0.0747916667 0.113020833 -0.0104166667
-0.0747916667 0.116666667 -0.00645833333
-0.0747916667 0.116666667 0.270625
-0.0747916667 0.1203125 -0.0025
-0.0786458333 0.123958333 0.00541666667
-0.0747916667 0.1203125 0.00541666667
-0.0747916667 0.123958333 0.009375
-0.0747916667 0.123958333 0.270625
-0.0747916667 0.127604167 0.0133333333
-0.0747916667 0.127604167 0.02125
-0.0747916667 0.127604167 0.0291666667
-0.0786458333 0.13125 0.0370833333
-0.0747916667 0.13125 0.033125
-0.0747916667 0.13125 0.0410416667
-0.0747916667 0.127604167 0.045
-0.0747916667 0.127604167 0.0529166667
-0.0747916667 0.127604167 0.0608333333
-0.0747916667 0.127604167 0.06875
-0.0747916667 0.127604167 0.0766666667
-0.0747916667 0.127604167 0.0845833333
-0.0747916667 0.127604167 0.0925
-0.0747916667 0.127604167 0.100416667
-0.0747916667 0.127604167 0.108333333
-0.0747916667 0.127604167 0.11625
-0.0747916667 0.127604167 0.124166667
-0.0747916667 0.127604167 0.132083333
-0.0747916667 0.127604167 0.14
-0.0747916667 0.127604167 0.147916667
-0.0747916667 0.127604167 0.155833333
-0.0747916667 0.127604167 0.16375
-0.0747916667 0.127604167 0.171666667
-0.0747916667 0.127604167 0.179583333
-0.0747916667 0.127604167 0.1875
-0.0747916667 0.127604167 0.195416667
-0.0786458333 0.13125 0.203333333
-0.0747916667 0.13125 0.199375
-0.0747916667 0.13125 0.207291667
-0.0747916667 0.127604167 0.21125
-0.0747916667 0.127604167 0.219166667
-0.0747916667 0.127604167 0.227083333
-0.0786458333 0.13125 0.235
-0.0747916667 0.13125 0.231041667
-0.0747916667 0.13125 0.238958333
-0.0747916667 0.127604167 0.242916667
-0.0747916667 0.127604167 0.250833333
-0.0747916667 0.127604167 0.25875
-0.0786458333 0.13125 0.266666667
-0.0747916667 0.13125 0.262708333
-0.0747916667 0.13125 0.270625
-0.0747916667 0.134895833 0.0370833333
-0.0747916667 0.134895833 0.203333333
-0.0747916667 0.134895833 0.235
-0.0747916667 0.134895833 0.266666667
-0.0670833333 -0.138541667 0.0172916667
-0.0670833333 -0.1421875 0.02125
-0.0670833333 -0.1421875 0.0291666667
-0.0670833333 -0.1421875 0.0370833333
-0.0670833333 -0.1421875 0.045
-0.0670833333 -0.1421875 0.0529166667
-0.0670833333 -0.1421875 0.0608333333
-0.0670833333 -0.1421875 0.06875
-0.0670833333 -0.1421875 0.0766666667
-0.0670833333 -0.1421875 0.0845833333
-0.0670833333 -0.1421875 0.0925
-0.0670833333 -0.1421875 0.100416667
-0.0670833333 -0.1421875 0.108333333
-0.0670833333 -0.1421875 0.11625
-0.0670833333 -0.1421875 0.124166667
-0.0670833333 -0.1421875 0.132083333
-0.0670833333 -0.1421875 0.14
-0.0670833333 -0.1421875 0.147916667
-0.0670833333 -0.1421875 0.155833333
-0.0670833333 -0.1421875 0.16375
-0.0670833333 -0.1421875 0.171666667
-0.0670833333 -0.1421875 0.179583333
-0.0670833333 -0.1421875 0.1875
-0.0670833333 -0.1421875 0.195416667
-0.0670833333 -0.1421875 0.203333333
-0.0670833333 -0.1421875 0.21125
-0.0670833333 -0.1421875 0.219166667
-0.0670833333 -0.1421875 0.227083333
-0.0670833333 -0.1421875 0.235
-0.0670833333 -0.1421875 0.242916667
-0.0670833333 -0.1421875 0.250833333
-0.0670833333 -0.1421875 0.25875
-0.0670833333 -0.138541667 0.262708333
-0.0670833333 -0.13125 0.00145833333
-0.0670833333 -0.134895833 0.00541666667
-0.0670833333 -0.134895833 0.0133333333
-0.0670833333 -0.13125 0.262708333
-0.0670833333 -0.123958333 -0.00645833333
-0.0670833333 -0.127604167 -0.0025
-0.0670833333 -0.123958333 0.262708333
-0.0709375 -0.116666667 -0.0104166667
-0.0670833333 -0.116666667 -0.00645833333
-0.0670833333 -0.116666667 0.262708333
-0.0670833333 -0.109375 -0.014375
-0.0670833333 -0.113020833 -0.0104166667
-0.0670833333 -0.109375 0.262708333
-0.0670833333 -0.102083333 -0.0222916667
-0.0670833333 -0.105729167 -0.0183333333
-0.0670833333 -0.102083333 0.262708333
-0.0670833333 -0.0947916667 -0.0222916667
-0.0670833333 -0.0947916667 0.262708333
-0.0709375 -0.0875 -0.02625
-0.0670833333 -0.0875 -0.0302083333
-0.0670833333 -0.0911458333 -0.02625
-0.0670833333 -0.0875 0.262708333
-0.0670833333 -0.0802083333 -0.0302083333
-0.0670833333 -0.0802083333 0.262708333
-0.0670833333 -0.0729166667 -0.038125
-0.0670833333 -0.0765625 -0.0341666667
-0.0670833333 -0.0729166667 0.262708333
-0.0670833333 -0.065625 -0.038125
-0.0670833333 -0.0692708333 0.266666667
-0.0709375 -0.065625 0.266666667
-0.0670833333 -0.065625 0.270625
-0.0670833333 -0.0583333333 -0.038125
-0.0709375 -0.0583333333 0.266666667
-0.0670833333 -0.0583333333 0.270625
-0.0670833333 -0.0510416667 -0.038125
-0.0670833333 -0.0510416667 0.270625
-0.0670833333 -0.04375 -0.038125
-0.0670833333 -0.04375 0.270625
-0.0670833333 -0.0364583333 -0.038125
-0.0670833333 -0.0364583333 0.270625
-0.0670833333 -0.0291666667 -0.038125
-0.0670833333 -0.0291666667 0.270625
-0.0670833333 -0.021875 -0.038125
-0.0670833333 -0.021875 0.270625
-0.0670833333 -0.0145833333 -0.038125
-0.0670833333 -0.0145833333 0.270625
-0.0670833333 -0.00729166667 -0.038125
-0.0670833333 -0.00729166667 0.270625
-0.0709375 0 -0.0341666667
-0.0670833333 0 -0.038125
-0.0670833333 0 0.270625
-0.0709375 0.00729166667 -0.0341666667
-0.0670833333 0.00729166667 -0.038125
-0.0670833333 0.00729166667 0.270625
-0.0709375 0.0145833333 -0.0341666667
-0.0670833333 0.0145833333 -0.038125
-0.0670833333 0.0145833333 0.270625
-0.0709375 0.021875 -0.0341666667
-0.0670833333 0.021875 -0.038125
-0.0670833333 0.021875 0.270625
-0.0709375 0.0291666667 -0.0341666667
-0.0670833333 0.0291666667 -0.038125
-0.0670833333 0.0291666667 0.270625
-0.0709375 0.0364583333 -0.0341666667
-0.0670833333 0.0364583333 -0.038125
-0.0670833333 0.0364583333 0.270625
-0.0709375 0.04375 -0.0341666667
-0.0670833333 0.04375 -0.038125
-0.0670833333 0.04375 0.270625
-0.0709375 0.0510416667 -0.0341666667
-0.0670833333 0.0510416667 -0.038125
-0.0670833333 0.0510416667 0.270625
-0.0709375 0.0583333333 -0.0341666667
-0.0670833333 0.0583333333 -0.038125
-0.0670833333 0.0583333333 0.270625
-0.0709375 0.065625 -0.0341666667
-0.0670833333 0.065625 -0.038125
-0.0670833333 0.065625 0.270625
-0.0709375 0.0729166667 -0.0341666667
-0.0670833333 0.0729166667 -0.038125
-0.0670833333 0.0729166667 0.270625
-0.0670833333 0.0765625 -0.0341666667
-0.0670833333 0.0802083333 -0.0302083333
-0.0670833333 0.0802083333 0.270625
-0.0670833333 0.0838541667 -0.02625
-0.0670833333 0.0875 -0.0222916667
-0.0670833333 0.0875 0.270625
-0.0670833333 0.0947916667 -0.0222916667
-0.0670833333 0.0947916667 0.270625
-0.0670833333 0.0984375 -0.0183333333
-0.0670833333 0.102083333 -0.014375
-0.0670833333 0.102083333 0.270625
-0.0670833333 0.105729167 -0.0104166667
-0.0709375 0.109375 -0.0104166667
-0.0670833333 0.109375 -0.00645833333
-0.0670833333 0.109375 0.270625
-0.0670833333 0.116666667 -0.00645833333
-0.0670833333 0.116666667 0.270625
-0.0670833333 0.1203125 -0.0025
-0.0709375 0.123958333 0.00541666667
-0.0670833333 0.123958333 0.00145833333
-0.0670833333 0.123958333 0.270625
-0.0670833333 0.127604167 0.00541666667
-0.0670833333 0.127604167 0.0133333333
-0.0670833333 0.127604167 0.02125
-0.0670833333 0.127604167 0.0291666667
-0.0670833333 0.13125 0.033125
-0.0709375 0.13125 0.045
-0.0709375 0.13125 0.0529166667
-0.0709375 0.13125 0.0608333333
-0.0670833333 0.13125 0.0647916667
-0.0670833333 0.127604167 0.06875
-0.0709375 0.13125 0.0766666667
-0.0670833333 0.13125 0.0727083333
-0.0709375 0.13125 0.0845833333
-0.0709375 0.13125 0.0925
-0.0709375 0.13125 0.100416667
-0.0670833333 0.13125 0.104375
-0.0670833333 0.127604167 0.108333333
-0.0670833333 0.127604167 0.11625
-0.0709375 0.13125 0.124166667
-0.0670833333 0.13125 0.120208333
-0.0709375 0.13125 0.132083333
-0.0709375 0.13125 0.14
-0.0670833333 0.13125 0.143958333
-0.0670833333 0.127604167 0.147916667
-0.0709375 0.13125 0.155833333
-0.0670833333 0.13125 0.151875
-0.0709375 0.13125 0.16375
-0.0709375 0.13125 0.171666667
-0.0709375 0.13125 0.179583333
-0.0670833333 0.13125 0.183541667
-0.0670833333 0.127604167 0.1875
-0.0709375 0.13125 0.195416667
-0.0670833333 0.13125 0.191458333
-0.0709375 0.13125 0.21125
-0.0670833333 0.13125 0.215208333
-0.0670833333 0.127604167 0.219166667
-0.0709375 0.13125 0.227083333
-0.0670833333 0.13125 0.223125
-0.0709375 0.13125 0.242916667
-0.0709375 0.13125 0.250833333
-0.0670833333 0.13125 0.254791667
-0.0670833333 0.127604167 0.25875
-0.0709375 0.13125 0.266666667
-0.0670833333 0.127604167 0.266666667
-0.0670833333 0.134895833 0.0370833333
-0.0670833333 0.134895833 0.045
-0.0670833333 0.134895833 0.0529166667
-0.0670833333 0.134895833 0.0608333333
-0.0670833333 0.134895833 0.0766666667
-0.0670833333 0.134895833 0.0845833333
-0.0670833333 0.134895833 0.0925
-0.0670833333 0.134895833 0.100416667
-0.0670833333 0.134895833 0.124166667
-0.0670833333 0.134895833 0.132083333
-0.0670833333 0.134895833 0.14
-0.0670833333 0.134895833 0.155833333
-0.0670833333 0.134895833 0.16375
-0.0670833333 0.134895833 0.171666667
-0.0670833333 0.134895833 0.179583333
-0.0670833333 0.134895833 0.195416667
-0.0670833333 0.134895833 0.203333333
-0.0670833333 0.134895833 0.21125
-0.0670833333 0.134895833 0.227083333
-0.0670833333 0.134895833 0.235
-0.0670833333 0.134895833 0.242916667
-0.0670833333 0.134895833 0.250833333
-0.0632291667 -0.145833333 0.0370833333
-0.059375 -0.145833333 0.033125
-0.059375 -0.149479167 0.0370833333
-0.059375 -0.149479167 0.045
-0.0632291667 -0.145833333 0.045
-0.059375 -0.145833333 0.0489583333
-0.0632291667 -0.145833333 0.0845833333
-0.059375 -0.145833333 0.080625
-0.059375 -0.149479167 0.0845833333
-0.059375 -0.145833333 0.0885416667
-0.0632291667 -0.145833333 0.11625
-0.059375 -0.145833333 0.112291667
-0.059375 -0.149479167 0.11625
-0.059375 -0.149479167 0.124166667
-0.0632291667 -0.145833333 0.124166667
-0.059375 -0.145833333 0.128125
-0.0632291667 -0.145833333 0.155833333
-0.059375 -0.145833333 0.151875
-0.059375 -0.149479167 0.155833333
-0.059375 -0.149479167 0.16375
-0.0632291667 -0.145833333 0.16375
-0.059375 -0.145833333 0.167708333
-0.0632291667 -0.145833333 0.1875
-0.059375 -0.145833333 0.183541667
-0.059375 -0.149479167 0.1875
-0.059375 -0.149479167 0.195416667
-0.0632291667 -0.145833333 0.195416667
-0.059375 -0.145833333 0.199375
-0.0632291667 -0.145833333 0.227083333
-0.059375 -0.145833333 0.223125
-0.059375 -0.149479167 0.227083333
-0.059375 -0.145833333 0.231041667
-0.0632291667 -0.145833333 0.25875
-0.059375 -0.145833333 0.254791667
-0.059375 -0.149479167 0.25875
-0.059375 -0.145833333 0.262708333
-0.059375 -0.138541667 0.0172916667
-0.059375 -0.1421875 0.02125
-0.059375 -0.1421875 0.0291666667
-0.059375 -0.1421875 0.0529166667
-0.059375 -0.1421875 0.0608333333
-0.059375 -0.1421875 0.06875
-0.059375 -0.1421875 0.0766666667
-0.059375 -0.1421875 0.0925
-0.059375 -0.1421875 0.100416667
-0.059375 -0.1421875 0.108333333
-0.059375 -0.1421875 0.132083333
-0.059375 -0.1421875 0.14
-0.059375 -0.1421875 0.147916667
-0.059375 -0.1421875 0.171666667
-0.059375 -0.1421875 0.179583333
-0.059375 -0.1421875 0.203333333
-0.059375 -0.1421875 0.21125
-0.059375 -0.1421875 0.219166667
-0.059375 -0.1421875 0.235
-0.059375 -0.1421875 0.242916667
-0.059375 -0.1421875 0.250833333
-0.059375 -0.138541667 0.262708333
-0.059375 -0.13125 0.00145833333
-0.059375 -0.134895833 0.00541666667
-0.059375 -0.134895833 0.0133333333
-0.059375 -0.13125 0.262708333
-0.059375 -0.123958333 -0.00645833333
-0.059375 -0.127604167 -0.0025
-0.059375 -0.123958333 0.262708333
-0.0632291667 -0.116666667 -0.0104166667
-0.059375 -0.116666667 -0.014375
-0.059375 -0.1203125 -0.0104166667
-0.059375 -0.116666667 0.262708333
-0.059375 -0.109375 -0.014375
-0.059375 -0.109375 0.262708333
-0.0632291667 -0.102083333 -0.0183333333
-0.059375 -0.102083333 -0.014375
-0.059375 -0.102083333 0.262708333
-0.059375 -0.0947916667 -0.0222916667
-0.059375 -0.0984375 -0.0183333333
-0.059375 -0.0947916667 0.262708333
-0.059375 -0.0875 -0.0302083333
-0.059375 -0.0911458333 -0.02625
-0.059375 -0.0875 0.262708333
-0.059375 -0.0802083333 -0.0302083333
-0.059375 -0.0838541667 0.266666667
-0.0632291667 -0.0802083333 0.266666667
-0.059375 -0.0802083333 0.270625
-0.059375 -0.0729166667 -0.038125
-0.059375 -0.0765625 -0.0341666667
-0.0632291667 -0.0729166667 0.266666667
-0.059375 -0.0729166667 0.270625
-0.059375 -0.065625 -0.038125
-0.059375 -0.065625 0.270625
-0.0632291667 -0.0583333333 -0.0420833333
-0.059375 -0.0583333333 -0.0460416667
-0.059375 -0.0619791667 -0.0420833333
-0.059375 -0.0583333333 0.270625
-0.0632291667 -0.0510416667 -0.0420833333
-0.059375 -0.0510416667 -0.0460416667
-0.059375 -0.0510416667 0.270625
-0.0632291667 -0.04375 -0.0420833333
-0.059375 -0.04375 -0.0460416667
-0.059375 -0.04375 0.270625
-0.0632291667 -0.0364583333 -0.0420833333
-0.059375 -0.0364583333 -0.0460416667
-0.059375 -0.0364583333 0.270625
-0.0632291667 -0.0291666667 -0.0420833333
-0.059375 -0.0291666667 -0.0460416667
-0.059375 -0.0291666667 0.270625
-0.0632291667 -0.021875 -0.0420833333
-0.059375 -0.021875 -0.0460416667
-0.059375 -0.021875 0.270625
-0.0632291667 -0.0145833333 -0.0420833333
-0.059375 -0.0145833333 -0.0460416667
-0.059375 -0.0145833333 0.270625
-0.0632291667 -0.00729166667 -0.0420833333
-0.059375 -0.00729166667 -0.0460416667
-0.059375 -0.00729166667 0.270625
-0.0632291667 0 -0.0420833333
-0.059375 0 -0.0460416667
-0.059375 0 0.270625
-0.0632291667 0.00729166667 -0.0420833333
-0.059375 0.00729166667 -0.0460416667
-0.059375 0.00729166667 0.270625
-0.0632291667 0.0145833333 -0.0420833333
-0.059375 0.0145833333 -0.0460416667
-0.059375 0.0145833333 0.270625
-0.0632291667 0.021875 -0.0420833333
-0.059375 0.021875 -0.0460416667
-0.059375 0.021875 0.270625
-0.0632291667 0.0291666667 -0.0420833333
-0.059375 0.0291666667 -0.0460416667
-0.059375 0.0291666667 0.270625
-0.0632291667 0.0364583333 -0.0420833333
-0.059375 0.0364583333 -0.0460416667
-0.059375 0.0364583333 0.270625
-0.059375 0.0401041667 -0.0420833333
-0.059375 0.04375 -0.038125
-0.059375 0.04375 0.270625
-0.059375 0.0510416667 -0.038125
-0.059375 0.0510416667 0.270625
-0.059375 0.0583333333 -0.038125
-0.059375 0.0583333333 0.270625
-0.059375 0.065625 -0.038125
-0.059375 0.065625 0.270625
-0.059375 0.0729166667 -0.038125
-0.059375 0.0729166667 0.270625
-0.059375 0.0765625 -0.0341666667
-0.059375 0.0802083333 -0.0302083333
-0.059375 0.0802083333 0.270625
-0.059375 0.0838541667 -0.02625
-0.059375 0.0875 -0.0222916667
-0.059375 0.0875 0.270625
-0.059375 0.0947916667 -0.0222916667
-0.059375 0.0947916667 0.270625
-0.059375 0.0984375 -0.0183333333
-0.059375 0.102083333 -0.014375
-0.059375 0.102083333 0.270625
-0.0632291667 0.109375 -0.0104166667
-0.059375 0.109375 -0.014375
-0.059375 0.109375 0.270625
-0.059375 0.113020833 -0.0104166667
-0.059375 0.116666667 -0.00645833333
-0.059375 0.116666667 0.270625
-0.059375 0.1203125 -0.0025
-0.0632291667 0.123958333 0.00541666667
-0.059375 0.1203125 0.00541666667
-0.059375 0.123958333 0.009375
-0.059375 0.123958333 0.270625
-0.059375 0.127604167 0.0133333333
-0.0632291667 0.13125 0.02125
-0.059375 0.13125 0.0172916667
-0.0632291667 0.13125 0.0291666667
-0.0632291667 0.13125 0.06875
-0.0632291667 0.13125 0.108333333
-0.0632291667 0.13125 0.11625
-0.0632291667 0.13125 0.147916667
-0.0632291667 0.13125 0.1875
-0.0632291667 0.13125 0.219166667
-0.0632291667 0.13125 0.25875
-0.0632291667 0.13125 0.266666667
-0.059375 0.13125 0.270625
-0.059375 0.134895833 0.02125
-0.059375 0.134895833 0.0291666667
-0.059375 0.134895833 0.0370833333
-0.059375 0.134895833 0.045
-0.059375 0.134895833 0.0529166667
-0.059375 0.134895833 0.0608333333
-0.059375 0.134895833 0.06875
-0.059375 0.134895833 0.0766666667
-0.059375 0.134895833 0.0845833333
-0.059375 0.134895833 0.0925
-0.059375 0.134895833 0.100416667
-0.059375 0.134895833 0.108333333
-0.059375 0.134895833 0.11625
-0.059375 0.134895833 0.124166667
-0.059375 0.134895833 0.132083333
-0.059375 0.134895833 0.14
-0.059375 0.134895833 0.147916667
-0.059375 0.134895833 0.155833333
-0.059375 0.134895833 0.16375
-0.059375 0.134895833 0.171666667
-0.059375 0.134895833 0.179583333
-0.059375 0.134895833 0.1875
-0.059375 0.134895833 0.195416667
-0.059375 0.134895833 0.203333333
-0.059375 0.134895833 0.21125
-0.059375 0.134895833 0.219166667
-0.059375 0.134895833 0.227083333
-0.059375 0.134895833 0.235
-0.059375 0.134895833 0.242916667
-0.059375 0.134895833 0.250833333
-0.059375 0.134895833 0.25875
-0.059375 0.134895833 0.266666667
-0.0516666667 -0.145833333 0.033125
-0.0516666667 -0.149479167 0.0370833333
-0.0516666667 -0.149479167 0.045
-0.0516666667 -0.149479167 0.0529166667
-0.0555208333 -0.145833333 0.0529166667
-0.0516666667 -0.149479167 0.0608333333
-0.0555208333 -0.145833333 0.0608333333
-0.0516666667 -0.149479167 0.06875
-0.0555208333 -0.145833333 0.06875
-0.0516666667 -0.149479167 0.0766666667
-0.0555208333 -0.145833333 0.0766666667
-0.0516666667 -0.149479167 0.0845833333
-0.0516666667 -0.149479167 0.0925
-0.0555208333 -0.145833333 0.0925
-0.0516666667 -0.149479167 0.100416667
-0.0555208333 -0.145833333 0.100416667
-0.0516666667 -0.149479167 0.108333333
-0.0555208333 -0.145833333 0.108333333
-0.0516666667 -0.149479167 0.11625
-0.0516666667 -0.149479167 0.124166667
-0.0516666667 -0.149479167 0.132083333
-0.0555208333 -0.145833333 0.132083333
-0.0516666667 -0.149479167 0.14
-0.0555208333 -0.145833333 0.14
-0.0516666667 -0.145833333 0.143958333
-0.0516666667 -0.145833333 0.151875
-0.0516666667 -0.149479167 0.155833333
-0.0516666667 -0.149479167 0.16375
-0.0516666667 -0.149479167 0.171666667
-0.0555208333 -0.145833333 0.171666667
-0.0516666667 -0.149479167 0.179583333
-0.0555208333 -0.145833333 0.179583333
-0.0516666667 -0.149479167 0.1875
-0.0516666667 -0.149479167 0.195416667
-0.0516666667 -0.149479167 0.203333333
-0.0555208333 -0.145833333 0.203333333
-0.0516666667 -0.149479167 0.21125
-0.0555208333 -0.145833333 0.21125
-0.0516666667 -0.149479167 0.219166667
-0.0555208333 -0.145833333 0.219166667
-0.0516666667 -0.149479167 0.227083333
-0.0516666667 -0.149479167 0.235
-0.0555208333 -0.145833333 0.235
-0.0516666667 -0.149479167 0.242916667
-0.0555208333 -0.145833333 0.242916667
-0.0516666667 -0.149479167 0.250833333
-0.0555208333 -0.145833333 0.250833333
-0.0516666667 -0.149479167 0.25875
-0.0516666667 -0.145833333 0.262708333
-0.0516666667 -0.138541667 0.0172916667
-0.0516666667 -0.1421875 0.02125
-0.0516666667 -0.1421875 0.0291666667
-0.0516666667 -0.1421875 0.147916667
-0.0516666667 -0.138541667 0.262708333
-0.0516666667 -0.13125 0.00145833333
-0.0516666667 -0.134895833 0.00541666667
-0.0516666667 -0.134895833 0.0133333333
-0.0516666667 -0.13125 0.262708333
-0.0516666667 -0.123958333 -0.00645833333
-0.0516666667 -0.127604167 -0.0025
-0.0516666667 -0.123958333 0.262708333
-0.0516666667 -0.116666667 -0.014375
-0.0516666667 -0.1203125 -0.0104166667
-0.0516666667 -0.116666667 0.262708333
-0.0516666667 -0.109375 -0.014375
-0.0516666667 -0.109375 0.262708333
-0.0555208333 -0.102083333 -0.0183333333
-0.0516666667 -0.102083333 -0.0222916667
-0.0516666667 -0.105729167 -0.0183333333
-0.0516666667 -0.102083333 0.262708333
-0.0516666667 -0.0947916667 -0.0222916667
-0.0516666667 -0.0947916667 0.262708333
-0.0516666667 -0.0875 -0.0302083333
-0.0516666667 -0.0911458333 -0.02625
-0.0516666667 -0.0875 0.262708333
-0.0516666667 -0.0802083333 -0.0302083333
-0.0516666667 -0.0838541667 0.266666667
-0.0516666667 -0.0802083333 0.270625
-0.0516666667 -0.0729166667 -0.038125
-0.0516666667 -0.0765625 -0.0341666667
-0.0516666667 -0.0729166667 0.270625
-0.0516666667 -0.065625 -0.038125
-0.0516666667 -0.065625 0.270625
-0.0516666667 -0.0583333333 -0.0460416667
-0.0516666667 -0.0619791667 -0.0420833333
-0.0516666667 -0.0583333333 0.270625
-0.0516666667 -0.0510416667 -0.0460416667
-0.0516666667 -0.0510416667 0.270625
-0.0516666667 -0.04375 -0.0460416667
-0.0516666667 -0.04375 0.270625
-0.0516666667 -0.0364583333 -0.0460416667
-0.0516666667 -0.0364583333 0.270625
-0.0516666667 -0.0291666667 -0.0460416667
-0.0516666667 -0.0291666667 0.270625
-0.0516666667 -0.021875 -0.0460416667
-0.0516666667 -0.021875 0.270625
-0.0516666667 -0.0145833333 -0.0460416667
-0.0516666667 -0.0145833333 0.270625
-0.0516666667 -0.00729166667 -0.0460416667
-0.0516666667 -0.00729166667 0.270625
-0.0516666667 0 -0.0460416667
-0.0516666667 0 0.270625
-0.0516666667 0.00729166667 -0.0460416667
-0.0516666667 0.00729166667 0.270625
-0.0516666667 0.0145833333 -0.0460416667
-0.0516666667 0.0145833333 0.270625
-0.0516666667 0.021875 -0.0460416667
-0.0516666667 0.021875 0.270625
-0.0516666667 0.0291666667 -0.0460416667
-0.0516666667 0.0291666667 0.270625
-0.0516666667 0.0364583333 -0.0460416667
-0.0516666667 0.0364583333 0.270625
-0.0555208333 0.04375 -0.0420833333
-0.0516666667 0.04375 -0.0460416667
-0.0516666667 0.04375 0.270625
-0.0555208333 0.0510416667 -0.0420833333
-0.0516666667 0.0510416667 -0.0460416667
-0.0516666667 0.0510416667 0.270625
-0.0555208333 0.0583333333 -0.0420833333
-0.0516666667 0.0583333333 -0.0460416667
-0.0516666667 0.0583333333 0.270625
-0.0516666667 0.0619791667 -0.0420833333
-0.0516666667 0.065625 -0.038125
-0.0516666667 0.065625 0.270625
-0.0516666667 0.0729166667 -0.038125
-0.0516666667 0.0729166667 0.270625
-0.0516666667 0.0765625 -0.0341666667
-0.0516666667 0.0802083333 -0.0302083333
-0.0516666667 0.0802083333 0.270625
-0.0555208333 0.0875 -0.02625
-0.0516666667 0.0875 -0.0302083333
-0.0516666667 0.0875 0.270625
-0.0516666667 0.0911458333 -0.02625
-0.0516666667 0.0947916667 -0.0222916667
-0.0516666667 0.0947916667 0.270625
-0.0516666667 0.0984375 -0.0183333333
-0.0516666667 0.102083333 -0.014375
-0.0516666667 0.102083333 0.270625
-0.0516666667 0.105729167 -0.0104166667
-0.0555208333 0.109375 -0.0104166667
-0.0516666667 0.109375 -0.00645833333
-0.0516666667 0.109375 0.270625
-0.0516666667 0.116666667 -0.00645833333
-0.0516666667 0.116666667 0.270625
-0.0516666667 0.1203125 -0.0025
-0.0555208333 0.123958333 0.00541666667
-0.0516666667 0.123958333 0.00145833333
-0.0516666667 0.123958333 0.270625
-0.0516666667 0.127604167 0.00541666667
-0.0516666667 0.127604167 0.0133333333
-0.0555208333 0.13125 0.02125
-0.0516666667 0.127604167 0.02125
-0.0516666667 0.13125 0.0252083333
-0.0516666667 0.13125 0.270625
-0.0516666667 0.134895833 0.0291666667
-0.0516666667 0.134895833 0.0370833333
-0.0516666667 0.134895833 0.045
-0.0516666667 0.134895833 0.0529166667
-0.0516666667 0.134895833 0.0608333333
-0.0516666667 0.134895833 0.06875
-0.0516666667 0.134895833 0.0766666667
-0.0516666667 0.134895833 0.0845833333
-0.0516666667 0.134895833 0.0925
-0.0516666667 0.134895833 0.100416667
-0.0516666667 0.134895833 0.108333333
-0.0516666667 0.134895833 0.11625
-0.0516666667 0.134895833 0.124166667
-0.0516666667 0.134895833 0.132083333
-0.0516666667 0.134895833 0.14
-0.0516666667 0.134895833 0.147916667
-0.0516666667 0.134895833 0.155833333
-0.0516666667 0.134895833 0.16375
-0.0516666667 0.134895833 0.171666667
-0.0516666667 0.134895833 0.179583333
-0.0516666667 0.134895833 0.1875
-0.0516666667 0.134895833 0.195416667
-0.0516666667 0.134895833 0.203333333
-0.0516666667 0.134895833 0.21125
-0.0516666667 0.134895833 0.219166667
-0.0516666667 0.134895833 0.227083333
-0.0516666667 0.134895833 0.235
-0.0516666667 0.134895833 0.242916667
-0.0516666667 0.134895833 0.250833333
-0.0516666667 0.134895833 0.25875
-0.0516666667 0.134895833 0.266666667
-0.0439583333 -0.145833333 0.033125
-0.0439583333 -0.149479167 0.0370833333
-0.0439583333 -0.149479167 0.045
-0.0439583333 -0.149479167 0.0529166667
-0.0439583333 -0.149479167 0.0608333333
-0.0439583333 -0.149479167 0.06875
-0.0439583333 -0.149479167 0.0766666667
-0.0439583333 -0.149479167 0.0845833333
-0.0439583333 -0.149479167 0.0925
-0.0439583333 -0.149479167 0.100416667
-0.0439583333 -0.149479167 0.108333333
-0.0439583333 -0.149479167 0.11625
-0.0439583333 -0.149479167 0.124166667
-0.0439583333 -0.149479167 0.132083333
-0.0439583333 -0.149479167 0.14
-0.0439583333 -0.149479167 0.147916667
-0.0478125 -0.145833333 0.147916667
-0.0439583333 -0.149479167 0.155833333
-0.0439583333 -0.149479167 0.16375
-0.0439583333 -0.149479167 0.171666667
-0.0439583333 -0.149479167 0.179583333
-0.0439583333 -0.149479167 0.1875
-0.0439583333 -0.149479167 0.195416667
-0.0439583333 -0.149479167 0.203333333
-0.0439583333 -0.149479167 0.21125
-0.0439583333 -0.149479167 0.219166667
-0.0439583333 -0.149479167 0.227083333
-0.0439583333 -0.149479167 0.235
-0.0439583333 -0.149479167 0.242916667
-0.0439583333 -0.149479167 0.250833333
-0.0439583333 -0.149479167 0.25875
-0.0439583333 -0.145833333 0.262708333
-0.0439583333 -0.138541667 0.0172916667
-0.0439583333 -0.1421875 0.02125
-0.0439583333 -0.1421875 0.0291666667
-0.0439583333 -0.138541667 0.262708333
-0.0439583333 -0.13125 0.00145833333
-0.0439583333 -0.134895833 0.00541666667
-0.0439583333 -0.134895833 0.0133333333
-0.0439583333 -0.13125 0.262708333
-0.0439583333 -0.123958333 -0.00645833333
-0.0439583333 -0.127604167 -0.0025
-0.0439583333 -0.123958333 0.262708333
-0.0478125 -0.116666667 -0.0104166667
-0.0439583333 -0.116666667 -0.00645833333
-0.0439583333 -0.116666667 0.262708333
-0.0439583333 -0.109375 -0.014375
-0.0439583333 -0.113020833 -0.0104166667
-0.0439583333 -0.109375 0.262708333
-0.0478125 -0.102083333 -0.0183333333
-0.0439583333 -0.102083333 -0.014375
-0.0439583333 -0.102083333 0.262708333
-0.0439583333 -0.0947916667 -0.0222916667
-0.0439583333 -0.0984375 -0.0183333333
-0.0439583333 -0.0947916667 0.262708333
-0.0439583333 -0.0875 -0.0302083333
-0.0439583333 -0.0911458333 -0.02625
-0.0439583333 -0.0875 0.262708333
-0.0439583333 -0.0802083333 -0.0302083333
-0.0439583333 -0.0838541667 0.266666667
-0.0439583333 -0.0802083333 0.270625
-0.0439583333 -0.0729166667 -0.038125
-0.0439583333 -0.0765625 -0.0341666667
-0.0439583333 -0.0729166667 0.270625
-0.0439583333 -0.065625 -0.038125
-0.0439583333 -0.065625 0.270625
-0.0439583333 -0.0583333333 -0.0460416667
-0.0439583333 -0.0619791667 -0.0420833333
-0.0439583333 -0.0583333333 0.270625
-0.0439583333 -0.0510416667 -0.0460416667
-0.0439583333 -0.0510416667 0.270625
-0.0478125 -0.04375 -0.05
-0.0439583333 -0.04375 -0.0539583333
-0.0439583333 -0.0473958333 -0.05
-0.0439583333 -0.04375 0.270625
-0.0478125 -0.0364583333 -0.05
-0.0439583333 -0.0364583333 -0.0539583333
-0.0439583333 -0.0364583333 0.270625
-0.0478125 -0.0291666667 -0.05
-0.0439583333 -0.0291666667 -0.0539583333
-0.0439583333 -0.0291666667 0.270625
-0.0478125 -0.021875 -0.05
-0.0439583333 -0.021875 -0.0539583333
-0.0439583333 -0.021875 0.270625
-0.0478125 -0.0145833333 -0.05
-0.0439583333 -0.0145833333 -0.0539583333
-0.0439583333 -0.0145833333 0.270625
-0.0478125 -0.00729166667 -0.05
-0.0439583333 -0.00729166667 -0.0539583333
-0.0439583333 -0.00729166667 0.270625
-0.0478125 0 -0.05
-0.0439583333 0 -0.0539583333
-0.0439583333 0 0.270625
-0.0478125 0.00729166667 -0.05
-0.0439583333 0.00729166667 -0.0539583333
-0.0439583333 0.00729166667 0.270625
-0.0478125 0.0145833333 -0.05
-0.0439583333 0.0145833333 -0.0539583333
-0.0439583333 0.0145833333 0.270625
-0.0478125 0.021875 -0.05
-0.0439583333 0.021875 -0.0539583333
-0.0439583333 0.021875 0.270625
-0.0478125 0.0291666667 -0.05
-0.0439583333 0.0291666667 -0.0539583333
-0.0439583333 0.0291666667 0.270625
-0.0478125 0.0364583333 -0.05
-0.0439583333 0.0364583333 -0.0539583333
-0.0439583333 0.0364583333 0.270625
-0.0478125 0.04375 -0.05
-0.0439583333 0.04375 -0.0539583333
-0.0439583333 0.04375 0.270625
-0.0439583333 0.0473958333 -0.05
-0.0439583333 0.0510416667 -0.0460416667
-0.0439583333 0.0510416667 0.270625
-0.0439583333 0.0583333333 -0.0460416667
-0.0439583333 0.0583333333 0.270625
-0.0439583333 0.0619791667 -0.0420833333
-0.0439583333 0.065625 -0.038125
-0.0439583333 0.065625 0.270625
-0.0439583333 0.0729166667 -0.038125
-0.0439583333 0.0729166667 0.270625
-0.0439583333 0.0765625 -0.0341666667
-0.0439583333 0.0802083333 -0.0302083333
-0.0439583333 0.0802083333 0.270625
-0.0439583333 0.0838541667 -0.02625
-0.0478125 0.0875 -0.02625
-0.0439583333 0.0875 -0.0222916667
-0.0439583333 0.0875 0.270625
-0.0439583333 0.0947916667 -0.0222916667
-0.0439583333 0.0947916667 0.270625
-0.0439583333 0.0984375 -0.0183333333
-0.0439583333 0.102083333 -0.014375
-0.0439583333 0.102083333 0.270625
-0.0478125 0.109375 -0.0104166667
-0.0439583333 0.109375 -0.014375
-0.0439583333 0.109375 0.270625
-0.0439583333 0.113020833 -0.0104166667
-0.0439583333 0.116666667 -0.00645833333
-0.0439583333 0.116666667 0.270625
-0.0439583333 0.1203125 -0.0025
-0.0439583333 0.123958333 0.00145833333
-0.0439583333 0.123958333 0.270625
-0.0439583333 0.127604167 0.00541666667
-0.0439583333 0.127604167 0.0133333333
-0.0439583333 0.127604167 0.02125
-0.0439583333 0.13125 0.0252083333
-0.0478125 0.13125 0.266666667
-0.0439583333 0.127604167 0.266666667
-0.0439583333 0.13125 0.262708333
-0.0439583333 0.134895833 0.0291666667
-0.0439583333 0.134895833 0.0370833333
-0.0439583333 0.134895833 0.045
-0.0439583333 0.134895833 0.0529166667
-0.0439583333 0.134895833 0.0608333333
-0.0439583333 0.134895833 0.06875
-0.0439583333 0.134895833 0.0766666667
-0.0439583333 0.134895833 0.0845833333
-0.0439583333 0.134895833 0.0925
-0.0439583333 0.134895833 0.100416667
-0.0439583333 0.134895833 0.108333333
-0.0439583333 0.134895833 0.11625
-0.0439583333 0.134895833 0.124166667
-0.0439583333 0.134895833 0.132083333
-0.0439583333 0.134895833 0.14
-0.0439583333 0.134895833 0.147916667
-0.0439583333 0.134895833 0.155833333
-0.0439583333 0.134895833 0.16375
-0.0439583333 0.134895833 0.171666667
-0.0439583333 0.134895833 0.179583333
-0.0439583333 0.134895833 0.1875
-0.0439583333 0.134895833 0.195416667
-0.0439583333 0.134895833 0.203333333
-0.0439583333 0.134895833 0.21125
-0.0439583333 0.134895833 0.219166667
-0.0439583333 0.134895833 0.227083333
-0.0439583333 0.134895833 0.235
-0.0439583333 0.134895833 0.242916667
-0.0439583333 0.134895833 0.250833333
-0.0439583333 0.134895833 0.25875
-0.03625 -0.145833333 0.033125
-0.03625 -0.149479167 0.0370833333
-0.03625 -0.149479167 0.045
-0.03625 -0.149479167 0.0529166667
-0.03625 -0.149479167 0.0608333333
-0.03625 -0.149479167 0.06875
-0.03625 -0.149479167 0.0766666667
-0.03625 -0.149479167 0.0845833333
-0.03625 -0.149479167 0.0925
-0.03625 -0.149479167 0.100416667
-0.03625 -0.149479167 0.108333333
-0.03625 -0.149479167 0.11625
-0.03625 -0.149479167 0.124166667
-0.03625 -0.149479167 0.132083333
-0.03625 -0.149479167 0.14
-0.03625 -0.149479167 0.147916667
-0.03625 -0.149479167 0.155833333
-0.03625 -0.149479167 0.16375
-0.03625 -0.149479167 0.171666667
-0.03625 -0.149479167 0.179583333
-0.03625 -0.149479167 0.1875
-0.03625 -0.149479167 0.195416667
-0.03625 -0.149479167 0.203333333
-0.03625 -0.149479167 0.21125
-0.03625 -0.149479167 0.219166667
-0.03625 -0.149479167 0.227083333
-0.03625 -0.149479167 0.235
-0.03625 -0.149479167 0.242916667
-0.03625 -0.149479167 0.250833333
-0.03625 -0.149479167 0.25875
-0.03625 -0.145833333 0.262708333
-0.03625 -0.138541667 0.0172916667
-0.03625 -0.1421875 0.02125
-0.03625 -0.1421875 0.0291666667
-0.03625 -0.138541667 0.262708333
-0.03625 -0.13125 0.00145833333
-0.03625 -0.134895833 0.00541666667
-0.03625 -0.134895833 0.0133333333
-0.03625 -0.13125 0.262708333
-0.03625 -0.123958333 -0.00645833333
-0.03625 -0.127604167 -0.0025
-0.03625 -0.123958333 0.262708333
-0.0401041667 -0.116666667 -0.0104166667
-0.03625 -0.116666667 -0.014375
-0.03625 -0.1203125 -0.0104166667
-0.03625 -0.116666667 0.262708333
-0.03625 -0.109375 -0.014375
-0.03625 -0.109375 0.262708333
-0.0401041667 -0.102083333 -0.0183333333
-0.03625 -0.102083333 -0.0222916667
-0.03625 -0.105729167 -0.0183333333
-0.03625 -0.102083333 0.262708333
-0.03625 -0.0947916667 -0.0222916667
-0.03625 -0.0947916667 0.262708333
-0.0401041667 -0.0875 -0.02625
-0.03625 -0.0875 -0.0222916667
-0.03625 -0.0911458333 0.266666667
-0.0401041667 -0.0875 0.266666667
-0.03625 -0.0875 0.270625
-0.03625 -0.0802083333 -0.0302083333
-0.03625 -0.0838541667 -0.02625
-0.03625 -0.0802083333 0.270625
-0.03625 -0.0729166667 -0.038125
-0.03625 -0.0765625 -0.0341666667
-0.03625 -0.0729166667 0.270625
-0.03625 -0.065625 -0.038125
-0.03625 -0.065625 0.270625
-0.03625 -0.0583333333 -0.0460416667
-0.03625 -0.0619791667 -0.0420833333
-0.03625 -0.0583333333 0.270625
-0.03625 -0.0510416667 -0.0460416667
-0.03625 -0.0510416667 0.270625
-0.03625 -0.04375 -0.0539583333
-0.03625 -0.0473958333 -0.05
-0.03625 -0.04375 0.270625
-0.03625 -0.0364583333 -0.0539583333
-0.03625 -0.0364583333 0.270625
-0.03625 -0.0291666667 -0.0539583333
-0.03625 -0.0291666667 0.270625
-0.03625 -0.021875 -0.0539583333
-0.03625 -0.021875 0.270625
-0.03625 -0.0145833333 -0.0539583333
-0.03625 -0.0145833333 0.270625
-0.03625 -0.00729166667 -0.0539583333
-0.03625 -0.00729166667 0.270625
-0.03625 0 -0.0539583333
-0.03625 0 0.270625
-0.03625 0.00729166667 -0.0539583333
-0.03625 0.00729166667 0.270625
-0.03625 0.0145833333 -0.0539583333
-0.03625 0.0145833333 0.270625
-0.03625 0.021875 -0.0539583333
-0.03625 0.021875 0.270625
-0.03625 0.0291666667 -0.0539583333
-0.03625 0.0291666667 0.270625
-0.03625 0.0364583333 -0.0539583333
-0.03625 0.0364583333 0.270625
-0.03625 0.04375 -0.0539583333
-0.03625 0.04375 0.270625
-0.0401041667 0.0510416667 -0.05
-0.03625 0.0510416667 -0.0539583333
-0.03625 0.0510416667 0.270625
-0.03625 0.0546875 -0.05
-0.03625 0.0583333333 -0.0460416667
-0.03625 0.0583333333 0.270625
-0.03625 0.0619791667 -0.0420833333
-0.03625 0.065625 -0.038125
-0.03625 0.065625 0.270625
-0.03625 0.0729166667 -0.038125
-0.03625 0.0729166667 0.270625
-0.03625 0.0765625 -0.0341666667
-0.03625 0.0802083333 -0.0302083333
-0.03625 0.0802083333 0.270625
-0.0401041667 0.0875 -0.02625
-0.03625 0.0875 -0.0302083333
-0.03625 0.0875 0.270625
-0.03625 0.0911458333 -0.02625
-0.03625 0.0947916667 -0.0222916667
-0.03625 0.0947916667 0.270625
-0.03625 0.0984375 -0.0183333333
-0.03625 0.102083333 -0.014375
-0.03625 0.102083333 0.270625
-0.03625 0.109375 -0.014375
-0.03625 0.109375 0.270625
-0.03625 0.113020833 -0.0104166667
-0.03625 0.116666667 -0.00645833333
-0.03625 0.116666667 0.270625
-0.03625 0.1203125 -0.0025
-0.03625 0.123958333 0.00145833333
-0.03625 0.123958333 0.270625
-0.03625 0.127604167 0.00541666667
-0.03625 0.127604167 0.0133333333
-0.03625 0.127604167 0.02125
-0.03625 0.13125 0.0252083333
-0.0401041667 0.13125 0.266666667
-0.03625 0.13125 0.270625
-0.03625 0.134895833 0.0291666667
-0.03625 0.134895833 0.0370833333
-0.03625 0.134895833 0.045
-0.03625 0.134895833 0.0529166667
-0.03625 0.134895833 0.0608333333
-0.03625 0.134895833 0.06875
-0.03625 0.134895833 0.0766666667
-0.03625 0.134895833 0.0845833333
-0.03625 0.134895833 0.0925
-0.03625 0.134895833 0.100416667
-0.03625 0.134895833 0.108333333
-0.03625 0.134895833 0.11625
-0.03625 0.134895833 0.124166667
-0.03625 0.134895833 0.132083333
-0.03625 0.134895833 0.14
-0.0401041667 0.138541667 0.147916667
-0.03625 0.138541667 0.143958333
-0.03625 0.138541667 0.151875
-0.03625 0.134895833 0.155833333
-0.03625 0.134895833 0.16375
-0.03625 0.134895833 0.171666667
-0.03625 0.134895833 0.179583333
-0.0401041667 0.138541667 0.1875
-0.03625 0.138541667 0.183541667
-0.03625 0.138541667 0.191458333
-0.03625 0.134895833 0.195416667
-0.03625 0.134895833 0.203333333
-0.03625 0.134895833 0.21125
-0.03625 0.134895833 0.219166667
-0.03625 0.134895833 0.227083333
-0.03625 0.134895833 0.235
-0.03625 0.134895833 0.242916667
-0.03625 0.134895833 0.250833333
-0.03625 0.134895833 0.25875
-0.03625 0.134895833 0.266666667
-0.03625 0.1421875 0.147916667
-0.03625 0.1421875 0.1875
-0.0323958333 -0.153125 0.06875
-0.0285416667 -0.153125 0.0647916667
-0.0285416667 -0.156770833 0.06875
-0.0285416667 -0.156770833 0.0766666667
-0.0323958333 -0.153125 0.0766666667
-0.0285416667 -0.153125 0.080625
-0.0323958333 -0.153125 0.108333333
-0.0285416667 -0.153125 0.104375
-0.0285416667 -0.156770833 0.108333333
-0.0285416667 -0.156770833 0.11625
-0.0323958333 -0.153125 0.11625
-0.0285416667 -0.153125 0.120208333
-0.0323958333 -0.153125 0.147916667
-0.0285416667 -0.153125 0.143958333
-0.0285416667 -0.156770833 0.147916667
-0.0285416667 -0.156770833 0.155833333
-0.0323958333 -0.153125 0.155833333
-0.0285416667 -0.153125 0.159791667
-0.0323958333 -0.153125 0.1875
-0.0285416667 -0.153125 0.183541667
-0.0285416667 -0.156770833 0.1875
-0.0285416667 -0.156770833 0.195416667
-0.0323958333 -0.153125 0.195416667
-0.0285416667 -0.153125 0.199375
-0.0323958333 -0.153125 0.219166667
-0.0285416667 -0.153125 0.215208333
-0.0285416667 -0.156770833 0.219166667
-0.0285416667 -0.156770833 0.227083333
-0.0323958333 -0.153125 0.227083333
-0.0285416667 -0.153125 0.231041667
-0.0323958333 -0.153125 0.250833333
-0.0285416667 -0.153125 0.246875
-0.0285416667 -0.156770833 0.250833333
-0.0285416667 -0.153125 0.254791667
-0.0285416667 -0.145833333 0.033125
-0.0285416667 -0.149479167 0.0370833333
-0.0285416667 -0.149479167 0.045
-0.0285416667 -0.149479167 0.0529166667
-0.0285416667 -0.149479167 0.0608333333
-0.0285416667 -0.149479167 0.0845833333
-0.0285416667 -0.149479167 0.0925
-0.0285416667 -0.149479167 0.100416667
-0.0285416667 -0.149479167 0.124166667
-0.0285416667 -0.149479167 0.132083333
-0.0285416667 -0.149479167 0.14
-0.0285416667 -0.149479167 0.16375
-0.0285416667 -0.149479167 0.171666667
-0.0285416667 -0.149479167 0.179583333
-0.0285416667 -0.149479167 0.203333333
-0.0285416667 -0.149479167 0.21125
-0.0285416667 -0.149479167 0.235
-0.0285416667 -0.149479167 0.242916667
-0.0285416667 -0.149479167 0.25875
-0.0285416667 -0.145833333 0.262708333
-0.0285416667 -0.138541667 0.0172916667
-0.0285416667 -0.1421875 0.02125
-0.0285416667 -0.1421875 0.0291666667
-0.0285416667 -0.138541667 0.262708333
-0.0285416667 -0.13125 0.00145833333
-0.0285416667 -0.134895833 0.00541666667
-0.0285416667 -0.134895833 0.0133333333
-0.0285416667 -0.13125 0.262708333
-0.0285416667 -0.123958333 -0.00645833333
-0.0285416667 -0.127604167 -0.0025
-0.0285416667 -0.123958333 0.262708333
-0.0323958333 -0.116666667 -0.0104166667
-0.0285416667 -0.116666667 -0.00645833333
-0.0285416667 -0.116666667 0.262708333
-0.0285416667 -0.109375 -0.014375
-0.0285416667 -0.113020833 -0.0104166667
-0.0285416667 -0.109375 0.262708333
-0.0285416667 -0.102083333 -0.0222916667
-0.0285416667 -0.105729167 -0.0183333333
-0.0285416667 -0.102083333 0.262708333
-0.0285416667 -0.0947916667 -0.0222916667
-0.0285416667 -0.0947916667 0.262708333
-0.0323958333 -0.0875 -0.02625
-0.0285416667 -0.0875 -0.0302083333
-0.0285416667 -0.0911458333 -0.02625
-0.0285416667 -0.0911458333 0.266666667
-0.0285416667 -0.0875 0.270625
-0.0285416667 -0.0802083333 -0.0302083333
-0.0285416667 -0.0802083333 0.270625
-0.0285416667 -0.0729166667 -0.038125
-0.0285416667 -0.0765625 -0.0341666667
-0.0285416667 -0.0729166667 0.270625
-0.0285416667 -0.065625 -0.038125
-0.0285416667 -0.065625 0.270625
-0.0285416667 -0.0583333333 -0.0460416667
-0.0285416667 -0.0619791667 -0.0420833333
-0.0285416667 -0.0583333333 0.270625
-0.0285416667 -0.0510416667 -0.0460416667
-0.0285416667 -0.0510416667 0.270625
-0.0285416667 -0.04375 -0.0539583333
-0.0285416667 -0.0473958333 -0.05
-0.0285416667 -0.04375 0.270625
-0.0285416667 -0.0364583333 -0.0539583333
-0.0285416667 -0.0364583333 0.270625
-0.0285416667 -0.0291666667 -0.0539583333
-0.0285416667 -0.0291666667 0.270625
-0.0285416667 -0.021875 -0.0539583333
-0.0285416667 -0.021875 0.270625
-0.0285416667 -0.0145833333 -0.0539583333
-0.0285416667 -0.0145833333 0.270625
-0.0285416667 -0.00729166667 -0.0539583333
-0.0285416667 -0.0109375 0.274583333
-0.0323958333 -0.00729166667 0.274583333
-0.0285416667 -0.00729166667 0.278541667
-0.0285416667 0 -0.0539583333
-0.0323958333 0 0.274583333
-0.0285416667 0 0.278541667
-0.0285416667 0.00729166667 -0.0539583333
-0.0323958333 0.00729166667 0.274583333
-0.0285416667 0.00729166667 0.278541667
-0.0285416667 0.0145833333 -0.0539583333
-0.0323958333 0.0145833333 0.274583333
-0.0285416667 0.0145833333 0.278541667
-0.0285416667 0.021875 -0.0539583333
-0.0323958333 0.021875 0.274583333
-0.0285416667 0.021875 0.278541667
-0.0285416667 0.0291666667 -0.0539583333
-0.0323958333 0.0291666667 0.274583333
-0.0285416667 0.0291666667 0.278541667
-0.0285416667 0.0364583333 -0.0539583333
-0.0285416667 0.0328125 0.274583333
-0.0285416667 0.0364583333 0.270625
-0.0285416667 0.04375 -0.0539583333
-0.0285416667 0.04375 0.270625
-0.0285416667 0.0473958333 -0.05
-0.0323958333 0.0510416667 -0.05
-0.0285416667 0.0510416667 -0.0460416667
-0.0285416667 0.0510416667 0.270625
-0.0285416667 0.0583333333 -0.0460416667
-0.0285416667 0.0583333333 0.270625
-0.0285416667 0.0619791667 -0.0420833333
-0.0285416667 0.065625 -0.038125
-0.0285416667 0.065625 0.270625
-0.0285416667 0.0729166667 -0.038125
-0.0285416667 0.0729166667 0.270625
-0.0285416667 0.0765625 -0.0341666667
-0.0285416667 0.0802083333 -0.0302083333
-0.0285416667 0.0802083333 0.270625
-0.0285416667 0.0838541667 -0.02625
-0.0323958333 0.0875 -0.02625
-0.0285416667 0.0875 -0.0222916667
-0.0285416667 0.0875 0.270625
-0.0285416667 0.0947916667 -0.0222916667
-0.0285416667 0.0947916667 0.270625
-0.0285416667 0.0984375 -0.0183333333
-0.0285416667 0.102083333 -0.014375
-0.0285416667 0.102083333 0.270625
-0.0285416667 0.109375 -0.014375
-0.0285416667 0.109375 0.270625
-0.0285416667 0.113020833 -0.0104166667
-0.0285416667 0.116666667 -0.00645833333
-0.0285416667 0.116666667 0.270625
-0.0285416667 0.1203125 -0.0025
-0.0285416667 0.123958333 0.00145833333
-0.0285416667 0.123958333 0.270625
-0.0285416667 0.127604167 0.00541666667
-0.0285416667 0.127604167 0.0133333333
-0.0285416667 0.127604167 0.02125
-0.0285416667 0.13125 0.0252083333
-0.0285416667 0.13125 0.270625
-0.0285416667 0.134895833 0.0291666667
-0.0285416667 0.134895833 0.0370833333
-0.0285416667 0.134895833 0.045
-0.0285416667 0.134895833 0.0529166667
-0.0323958333 0.138541667 0.0608333333
-0.0285416667 0.138541667 0.056875
-0.0323958333 0.138541667 0.06875
-0.0323958333 0.138541667 0.0766666667
-0.0323958333 0.138541667 0.0845833333
-0.0285416667 0.138541667 0.0885416667
-0.0285416667 0.134895833 0.0925
-0.0285416667 0.134895833 0.100416667
-0.0323958333 0.138541667 0.108333333
-0.0285416667 0.138541667 0.104375
-0.0323958333 0.138541667 0.11625
-0.0323958333 0.138541667 0.124166667
-0.0285416667 0.138541667 0.128125
-0.0285416667 0.134895833 0.132083333
-0.0285416667 0.134895833 0.14
-0.0285416667 0.138541667 0.143958333
-0.0323958333 0.138541667 0.155833333
-0.0323958333 0.138541667 0.16375
-0.0285416667 0.138541667 0.167708333
-0.0285416667 0.134895833 0.171666667
-0.0285416667 0.134895833 0.179583333
-0.0285416667 0.138541667 0.183541667
-0.0323958333 0.138541667 0.195416667
-0.0323958333 0.138541667 0.203333333
-0.0285416667 0.138541667 0.207291667
-0.0285416667 0.134895833 0.21125
-0.0285416667 0.134895833 0.219166667
-0.0323958333 0.138541667 0.227083333
-0.0285416667 0.138541667 0.223125
-0.0323958333 0.138541667 0.235
-0.0285416667 0.138541667 0.238958333
-0.0285416667 0.134895833 0.242916667
-0.0285416667 0.134895833 0.250833333
-0.0285416667 0.134895833 0.25875
-0.0285416667 0.134895833 0.266666667
-0.0285416667 0.1421875 0.0608333333
-0.0285416667 0.1421875 0.06875
-0.0285416667 0.1421875 0.0766666667
-0.0285416667 0.1421875 0.0845833333
-0.0285416667 0.1421875 0.108333333
-0.0285416667 0.1421875 0.11625
-0.0285416667 0.1421875 0.124166667
-0.0285416667 0.1421875 0.147916667
-0.0285416667 0.1421875 0.155833333
-0.0285416667 0.1421875 0.16375
-0.0285416667 0.1421875 0.1875
-0.0285416667 0.1421875 0.195416667
-0.0285416667 0.1421875 0.203333333
-0.0285416667 0.1421875 0.227083333
-0.0285416667 0.1421875 0.235
-0.0246875 -0.153125 0.0529166667
-0.0208333333 -0.153125 0.0489583333
-0.0208333333 -0.156770833 0.0529166667
-0.0208333333 -0.153125 0.056875
-0.0208333333 -0.153125 0.0647916667
-0.0208333333 -0.156770833 0.06875
-0.0208333333 -0.156770833 0.0766666667
-0.0208333333 -0.156770833 0.0845833333
-0.0246875 -0.153125 0.0845833333
-0.0208333333 -0.156770833 0.0925
-0.0246875 -0.153125 0.0925
-0.0208333333 -0.156770833 0.100416667
-0.0246875 -0.153125 0.100416667
-0.0208333333 -0.156770833 0.108333333
-0.0208333333 -0.156770833 0.11625
-0.0208333333 -0.156770833 0.124166667
-0.0246875 -0.153125 0.124166667
-0.0208333333 -0.156770833 0.132083333
-0.0246875 -0.153125 0.132083333
-0.0208333333 -0.156770833 0.14
-0.0246875 -0.153125 0.14
-0.0208333333 -0.156770833 0.147916667
-0.0208333333 -0.156770833 0.155833333
-0.0208333333 -0.156770833 0.16375
-0.0246875 -0.153125 0.16375
-0.0208333333 -0.156770833 0.171666667
-0.0246875 -0.153125 0.171666667
-0.0208333333 -0.156770833 0.179583333
-0.0246875 -0.153125 0.179583333
-0.0208333333 -0.156770833 0.1875
-0.0208333333 -0.156770833 0.195416667
-0.0208333333 -0.156770833 0.203333333
-0.0246875 -0.153125 0.203333333
-0.0208333333 -0.156770833 0.21125
-0.0246875 -0.153125 0.21125
-0.0208333333 -0.156770833 0.219166667
-0.0208333333 -0.156770833 0.227083333
-0.0208333333 -0.156770833 0.235
-0.0246875 -0.153125 0.235
-0.0208333333 -0.156770833 0.242916667
-0.0246875 -0.153125 0.242916667
-0.0208333333 -0.156770833 0.250833333
-0.0208333333 -0.153125 0.254791667
-0.0208333333 -0.145833333 0.033125
-0.0208333333 -0.149479167 0.0370833333
-0.0208333333 -0.149479167 0.045
-0.0208333333 -0.149479167 0.0608333333
-0.0208333333 -0.149479167 0.25875
-0.0208333333 -0.145833333 0.262708333
-0.0208333333 -0.138541667 0.0172916667
-0.0208333333 -0.1421875 0.02125
-0.0208333333 -0.1421875 0.0291666667
-0.0208333333 -0.138541667 0.262708333
-0.0208333333 -0.13125 0.00145833333
-0.0208333333 -0.134895833 0.00541666667
-0.0208333333 -0.134895833 0.0133333333
-0.0208333333 -0.13125 0.262708333
-0.0208333333 -0.123958333 -0.00645833333
-0.0208333333 -0.127604167 -0.0025
-0.0208333333 -0.123958333 0.262708333
-0.0246875 -0.116666667 -0.0104166667
-0.0208333333 -0.116666667 -0.014375
-0.0208333333 -0.1203125 -0.0104166667
-0.0208333333 -0.116666667 0.262708333
-0.0208333333 -0.109375 -0.014375
-0.0208333333 -0.109375 0.262708333
-0.0246875 -0.102083333 -0.0183333333
-0.0208333333 -0.102083333 -0.014375
-0.0208333333 -0.102083333 0.262708333
-0.0208333333 -0.0947916667 -0.0222916667
-0.0208333333 -0.0984375 -0.0183333333
-0.0208333333 -0.0947916667 0.262708333
-0.0208333333 -0.0875 -0.0302083333
-0.0208333333 -0.0911458333 -0.02625
-0.0208333333 -0.0911458333 0.266666667
-0.0208333333 -0.0875 0.270625
-0.0208333333 -0.0802083333 -0.0302083333
-0.0208333333 -0.0802083333 0.270625
-0.0208333333 -0.0729166667 -0.038125
-0.0208333333 -0.0765625 -0.0341666667
-0.0208333333 -0.0729166667 0.270625
-0.0208333333 -0.065625 -0.038125
-0.0208333333 -0.065625 0.270625
-0.0208333333 -0.0583333333 -0.0460416667
-0.0208333333 -0.0619791667 -0.0420833333
-0.0208333333 -0.0583333333 0.270625
-0.0208333333 -0.0510416667 -0.0460416667
-0.0208333333 -0.0510416667 0.270625
-0.0246875 -0.04375 -0.05
-0.0208333333 -0.04375 -0.0460416667
-0.0208333333 -0.04375 0.270625
-0.0208333333 -0.0364583333 -0.0539583333
-0.0208333333 -0.0401041667 -0.05
-0.0208333333 -0.0364583333 0.270625
-0.0208333333 -0.0291666667 -0.0539583333
-0.0208333333 -0.0291666667 0.270625
-0.0208333333 -0.021875 -0.0539583333
-0.0208333333 -0.021875 0.270625
-0.0208333333 -0.0145833333 -0.0539583333
-0.0208333333 -0.0182291667 0.274583333
-0.0246875 -0.0145833333 0.274583333
-0.0208333333 -0.0145833333 0.278541667
-0.0208333333 -0.00729166667 -0.0539583333
-0.0208333333 -0.00729166667 0.278541667
-0.0208333333 0 -0.0539583333
-0.0208333333 0 0.278541667
-0.0208333333 0.00729166667 -0.0539583333
-0.0208333333 0.00729166667 0.278541667
-0.0208333333 0.0145833333 -0.0539583333
-0.0208333333 0.0145833333 0.278541667
-0.0208333333 0.021875 -0.0539583333
-0.0208333333 0.021875 0.278541667
-0.0208333333 0.0291666667 -0.0539583333
-0.0246875 0.0291666667 0.274583333
-0.0208333333 0.0255208333 0.274583333
-0.0208333333 0.0291666667 0.270625
-0.0208333333 0.0364583333 -0.0539583333
-0.0208333333 0.0364583333 0.270625
-0.0208333333 0.04375 -0.0539583333
-0.0208333333 0.04375 0.270625
-0.0246875 0.0510416667 -0.05
-0.0208333333 0.0510416667 -0.0539583333
-0.0208333333 0.0510416667 0.270625
-0.0208333333 0.0546875 -0.05
-0.0208333333 0.0583333333 -0.0460416667
-0.0208333333 0.0583333333 0.270625
-0.0208333333 0.0619791667 -0.0420833333
-0.0208333333 0.065625 -0.038125
-0.0208333333 0.065625 0.270625
-0.0208333333 0.0729166667 -0.038125
-0.0208333333 0.0729166667 0.270625
-0.0208333333 0.0765625 -0.0341666667
-0.0208333333 0.0802083333 -0.0302083333
-0.0208333333 0.0802083333 0.270625
-0.0246875 0.0875 -0.02625
-0.0208333333 0.0875 -0.0302083333
-0.0208333333 0.0875 0.270625
-0.0208333333 0.0911458333 -0.02625
-0.0208333333 0.0947916667 -0.0222916667
-0.0208333333 0.0947916667 0.270625
-0.0208333333 0.0984375 -0.0183333333
-0.0208333333 0.102083333 -0.014375
-0.0208333333 0.102083333 0.270625
-0.0208333333 0.109375 -0.014375
-0.0208333333 0.109375 0.270625
-0.0208333333 0.113020833 -0.0104166667
-0.0208333333 0.116666667 -0.00645833333
-0.0208333333 0.116666667 0.270625
-0.0208333333 0.1203125 -0.0025
-0.0208333333 0.123958333 0.00145833333
-0.0208333333 0.123958333 0.270625
-0.0208333333 0.127604167 0.00541666667
-0.0208333333 0.127604167 0.0133333333
-0.0208333333 0.127604167 0.02125
-0.0208333333 0.13125 0.0252083333
-0.0208333333 0.13125 0.270625
-0.0208333333 0.134895833 0.0291666667
-0.0208333333 0.134895833 0.0370833333
-0.0246875 0.138541667 0.045
-0.0208333333 0.138541667 0.0410416667
-0.0246875 0.138541667 0.0529166667
-0.0246875 0.138541667 0.0925
-0.0208333333 0.138541667 0.0964583333
-0.0208333333 0.134895833 0.100416667
-0.0208333333 0.138541667 0.104375
-0.0246875 0.138541667 0.132083333
-0.0246875 0.138541667 0.14
-0.0246875 0.138541667 0.171666667
-0.0246875 0.138541667 0.179583333
-0.0246875 0.138541667 0.21125
-0.0246875 0.138541667 0.219166667
-0.0246875 0.138541667 0.242916667
-0.0246875 0.138541667 0.250833333
-0.0208333333 0.138541667 0.254791667
-0.0208333333 0.134895833 0.25875
-0.0208333333 0.134895833 0.266666667
-0.0208333333 0.1421875 0.045
-0.0208333333 0.1421875 0.0529166667
-0.0208333333 0.1421875 0.0608333333
-0.0208333333 0.1421875 0.06875
-0.0208333333 0.1421875 0.0766666667
-0.0208333333 0.1421875 0.0845833333
-0.0208333333 0.1421875 0.0925
-0.0208333333 0.1421875 0.108333333
-0.0208333333 0.1421875 0.11625
-0.0208333333 0.1421875 0.124166667
-0.0208333333 0.1421875 0.132083333
-0.0208333333 0.1421875 0.14
-0.0208333333 0.1421875 0.147916667
-0.0208333333 0.1421875 0.155833333
-0.0208333333 0.1421875 0.16375
-0.0208333333 0.1421875 0.171666667
-0.0208333333 0.1421875 0.179583333
-0.0208333333 0.1421875 0.1875
-0.0208333333 0.1421875 0.195416667
-0.0208333333 0.1421875 0.203333333
-0.0208333333 0.1421875 0.21125
-0.0208333333 0.1421875 0.219166667
-0.0208333333 0.1421875 0.227083333
-0.0208333333 0.1421875 0.235
-0.0208333333 0.1421875 0.242916667
-0.0208333333 0.1421875 0.250833333
-0.013125 -0.153125 0.0489583333
-0.013125 -0.156770833 0.0529166667
-0.013125 -0.156770833 0.0608333333
-0.0169791667 -0.153125 0.0608333333
-0.013125 -0.156770833 0.06875
-0.013125 -0.156770833 0.0766666667
-0.013125 -0.156770833 0.0845833333
-0.013125 -0.156770833 0.0925
-0.013125 -0.156770833 0.100416667
-0.013125 -0.156770833 0.108333333
-0.013125 -0.156770833 0.11625
-0.013125 -0.156770833 0.124166667
-0.013125 -0.156770833 0.132083333
-0.013125 -0.156770833 0.14
-0.013125 -0.156770833 0.147916667
-0.013125 -0.156770833 0.155833333
-0.013125 -0.156770833 0.16375
-0.013125 -0.156770833 0.171666667
-0.013125 -0.156770833 0.179583333
-0.013125 -0.156770833 0.1875
-0.013125 -0.156770833 0.195416667
-0.013125 -0.156770833 0.203333333
-0.013125 -0.156770833 0.21125
-0.013125 -0.156770833 0.219166667
-0.013125 -0.156770833 0.227083333
-0.013125 -0.156770833 0.235
-0.013125 -0.156770833 0.242916667
-0.013125 -0.156770833 0.250833333
-0.013125 -0.153125 0.254791667
-0.013125 -0.145833333 0.033125
-0.013125 -0.149479167 0.0370833333
-0.013125 -0.149479167 0.045
-0.013125 -0.149479167 0.25875
-0.013125 -0.145833333 0.262708333
-0.013125 -0.138541667 0.0172916667
-0.013125 -0.1421875 0.02125
-0.013125 -0.1421875 0.0291666667
-0.013125 -0.138541667 0.262708333
-0.013125 -0.13125 0.00145833333
-0.013125 -0.134895833 0.00541666667
-0.013125 -0.134895833 0.0133333333
-0.013125 -0.13125 0.262708333
-0.013125 -0.123958333 -0.00645833333
-0.013125 -0.127604167 -0.0025
-0.013125 -0.123958333 0.262708333
-0.013125 -0.116666667 -0.014375
-0.013125 -0.1203125 -0.0104166667
-0.013125 -0.116666667 0.262708333
-0.013125 -0.109375 -0.014375
-0.013125 -0.109375 0.262708333
-0.0169791667 -0.102083333 -0.0183333333
-0.013125 -0.102083333 -0.0222916667
-0.013125 -0.105729167 -0.0183333333
-0.013125 -0.102083333 0.262708333
-0.013125 -0.0947916667 -0.0222916667
-0.013125 -0.0947916667 0.262708333
-0.013125 -0.0875 -0.0302083333
-0.013125 -0.0911458333 -0.02625
-0.013125 -0.0911458333 0.266666667
-0.013125 -0.0875 0.270625
-0.013125 -0.0802083333 -0.0302083333
-0.013125 -0.0802083333 0.270625
-0.013125 -0.0729166667 -0.038125
-0.013125 -0.0765625 -0.0341666667
-0.013125 -0.0729166667 0.270625
-0.013125 -0.065625 -0.038125
-0.013125 -0.065625 0.270625
-0.013125 -0.0583333333 -0.0460416667
-0.013125 -0.0619791667 -0.0420833333
-0.013125 -0.0583333333 0.270625
-0.013125 -0.0510416667 -0.0460416667
-0.013125 -0.0510416667 0.270625
-0.0169791667 -0.04375 -0.05
-0.013125 -0.04375 -0.0539583333
-0.013125 -0.0473958333 -0.05
-0.013125 -0.04375 0.270625
-0.013125 -0.0364583333 -0.0539583333
-0.013125 -0.0364583333 0.270625
-0.013125 -0.0291666667 -0.0539583333
-0.013125 -0.0291666667 0.270625
-0.013125 -0.021875 -0.0539583333
-0.013125 -0.0255208333 0.274583333
-0.0169791667 -0.021875 0.274583333
-0.013125 -0.021875 0.278541667
-0.013125 -0.0145833333 -0.0539583333
-0.013125 -0.0145833333 0.278541667
-0.013125 -0.00729166667 -0.0539583333
-0.013125 -0.00729166667 0.278541667
-0.013125 0 -0.0539583333
-0.013125 0 0.278541667
-0.013125 0.00729166667 -0.0539583333
-0.013125 0.00729166667 0.278541667
-0.013125 0.0145833333 -0.0539583333
-0.013125 0.0145833333 0.278541667
-0.013125 0.021875 -0.0539583333
-0.013125 0.021875 0.278541667
-0.013125 0.0291666667 -0.0539583333
-0.013125 0.0255208333 0.274583333
-0.013125 0.0291666667 0.270625
-0.013125 0.0364583333 -0.0539583333
-0.013125 0.0364583333 0.270625
-0.013125 0.04375 -0.0539583333
-0.013125 0.04375 0.270625
-0.013125 0.0473958333 -0.05
-0.0169791667 0.0510416667 -0.05
-0.013125 0.0510416667 -0.0460416667
-0.013125 0.0510416667 0.270625
-0.013125 0.0583333333 -0.0460416667
-0.013125 0.0583333333 0.270625
-0.013125 0.0619791667 -0.0420833333
-0.013125 0.065625 -0.038125
-0.013125 0.065625 0.270625
-0.013125 0.0729166667 -0.038125
-0.013125 0.0729166667 0.270625
-0.013125 0.0765625 -0.0341666667
-0.013125 0.0802083333 -0.0302083333
-0.013125 0.0802083333 0.270625
-0.013125 0.0838541667 -0.02625
-0.0169791667 0.0875 -0.02625
-0.013125 0.0875 -0.0222916667
-0.013125 0.0875 0.270625
-0.013125 0.0947916667 -0.0222916667
-0.013125 0.0947916667 0.270625
-0.013125 0.0984375 -0.0183333333
-0.013125 0.102083333 -0.014375
-0.013125 0.102083333 0.270625
-0.013125 0.109375 -0.014375
-0.013125 0.109375 0.270625
-0.013125 0.113020833 -0.0104166667
-0.013125 0.116666667 -0.00645833333
-0.013125 0.116666667 0.270625
-0.013125 0.1203125 -0.0025
-0.013125 0.123958333 0.00145833333
-0.013125 0.123958333 0.270625
-0.013125 0.127604167 0.00541666667
-0.013125 0.127604167 0.0133333333
-0.013125 0.127604167 0.02125
-0.013125 0.13125 0.0252083333
-0.0169791667 0.13125 0.266666667
-0.013125 0.127604167 0.266666667
-0.013125 0.13125 0.262708333
-0.013125 0.134895833 0.0291666667
-0.013125 0.134895833 0.0370833333
-0.013125 0.138541667 0.0410416667
-0.0169791667 0.138541667 0.100416667
-0.0169791667 0.138541667 0.25875
-0.013125 0.138541667 0.262708333
-0.013125 0.1421875 0.045
-0.013125 0.1421875 0.0529166667
-0.013125 0.1421875 0.0608333333
-0.013125 0.1421875 0.06875
-0.013125 0.1421875 0.0766666667
-0.013125 0.1421875 0.0845833333
-0.013125 0.1421875 0.0925
-0.013125 0.1421875 0.100416667
-0.013125 0.1421875 0.108333333
-0.013125 0.1421875 0.11625
-0.013125 0.1421875 0.124166667
-0.013125 0.1421875 0.132083333
-0.013125 0.1421875 0.14
-0.013125 0.1421875 0.147916667
-0.013125 0.1421875 0.155833333
-0.013125 0.1421875 0.16375
-0.013125 0.1421875 0.171666667
-0.013125 0.1421875 0.179583333
-0.013125 0.1421875 0.1875
-0.013125 0.1421875 0.195416667
-0.013125 0.1421875 0.203333333
-0.013125 0.1421875 0.21125
-0.013125 0.1421875 0.219166667
-0.013125 0.1421875 0.227083333
-0.013125 0.1421875 0.235
-0.013125 0.1421875 0.242916667
-0.013125 0.1421875 0.250833333
-0.013125 0.1421875 0.25875
-0.00541666667 -0.153125 0.0489583333
-0.00541666667 -0.156770833 0.0529166667
-0.00541666667 -0.156770833 0.0608333333
-0.00541666667 -0.156770833 0.06875
-0.00541666667 -0.156770833 0.0766666667
-0.00541666667 -0.156770833 0.0845833333
-0.00541666667 -0.156770833 0.0925
-0.00541666667 -0.156770833 0.100416667
-0.00541666667 -0.156770833 0.108333333
-0.00541666667 -0.156770833 0.11625
-0.00541666667 -0.156770833 0.124166667
-0.00541666667 -0.156770833 0.132083333
-0.00541666667 -0.156770833 0.14
-0.00541666667 -0.156770833 0.147916667
-0.00541666667 -0.156770833 0.155833333
-0.00541666667 -0.156770833 0.16375
-0.00541666667 -0.156770833 0.171666667
-0.00541666667 -0.156770833 0.179583333
-0.00541666667 -0.156770833 0.1875
-0.00541666667 -0.156770833 0.195416667
-0.00541666667 -0.156770833 0.203333333
-0.00541666667 -0.156770833 0.21125
-0.00541666667 -0.156770833 0.219166667
-0.00541666667 -0.156770833 0.227083333
-0.00541666667 -0.156770833 0.235
-0.00541666667 -0.156770833 0.242916667
-0.00541666667 -0.156770833 0.250833333
-0.00541666667 -0.153125 0.254791667
-0.00541666667 -0.145833333 0.033125
-0.00541666667 -0.149479167 0.0370833333
-0.00541666667 -0.149479167 0.045
-0.00541666667 -0.149479167 0.25875
-0.00541666667 -0.145833333 0.262708333
-0.00541666667 -0.138541667 0.0172916667
-0.00541666667 -0.1421875 0.02125
-0.00541666667 -0.1421875 0.0291666667
-0.00541666667 -0.138541667 0.262708333
-0.00541666667 -0.13125 0.00145833333
-0.00541666667 -0.134895833 0.00541666667
-0.00541666667 -0.134895833 0.0133333333
-0.00541666667 -0.13125 0.262708333
-0.00541666667 -0.123958333 -0.00645833333
-0.00541666667 -0.127604167 -0.0025
-0.00541666667 -0.123958333 0.262708333
-0.00927083333 -0.116666667 -0.0104166667
-0.00541666667 -0.116666667 -0.00645833333
-0.00541666667 -0.116666667 0.262708333
-0.00541666667 -0.109375 -0.014375
-0.00541666667 -0.113020833 -0.0104166667
-0.00541666667 -0.109375 0.262708333
-0.00541666667 -0.102083333 -0.0222916667
-0.00541666667 -0.105729167 -0.0183333333
-0.00541666667 -0.102083333 0.262708333
-0.00541666667 -0.0947916667 -0.0222916667
-0.00541666667 -0.0947916667 0.262708333
-0.00541666667 -0.0875 -0.0302083333
-0.00541666667 -0.0911458333 -0.02625
-0.00541666667 -0.0911458333 0.266666667
-0.00541666667 -0.0875 0.270625
-0.00541666667 -0.0802083333 -0.0302083333
-0.00541666667 -0.0802083333 0.270625
-0.00541666667 -0.0729166667 -0.038125
-0.00541666667 -0.0765625 -0.0341666667
-0.00541666667 -0.0729166667 0.270625
-0.00541666667 -0.065625 -0.038125
-0.00541666667 -0.065625 0.270625
-0.00541666667 -0.0583333333 -0.0460416667
-0.00541666667 -0.0619791667 -0.0420833333
-0.00541666667 -0.0583333333 0.270625
-0.00541666667 -0.0510416667 -0.0460416667
-0.00541666667 -0.0510416667 0.270625
-0.00541666667 -0.04375 -0.0539583333
-0.00541666667 -0.0473958333 -0.05
-0.00541666667 -0.04375 0.270625
-0.00541666667 -0.0364583333 -0.0539583333
-0.00541666667 -0.0364583333 0.270625
-0.00541666667 -0.0291666667 -0.0539583333
-0.00541666667 -0.0291666667 0.270625
-0.00541666667 -0.021875 -0.0539583333
-0.00541666667 -0.0255208333 0.274583333
-0.00541666667 -0.021875 0.278541667
-0.00541666667 -0.0145833333 -0.0539583333
-0.00541666667 -0.0145833333 0.278541667
-0.00541666667 -0.00729166667 -0.0539583333
-0.00541666667 -0.00729166667 0.278541667
-0.00541666667 0 -0.0539583333
-0.00541666667 0 0.278541667
-0.00541666667 0.00729166667 -0.0539583333
-0.00541666667 0.00729166667 0.278541667
-0.00541666667 0.0145833333 -0.0539583333
-0.00541666667 0.0145833333 0.278541667
-0.00541666667 0.021875 -0.0539583333
-0.00541666667 0.021875 0.278541667
-0.00541666667 0.0291666667 -0.0539583333
-0.00541666667 0.0255208333 0.274583333
-0.00541666667 0.0291666667 0.270625
-0.00541666667 0.0364583333 -0.0539583333
-0.00541666667 0.0364583333 0.270625
-0.00541666667 0.04375 -0.0539583333
-0.00541666667 0.04375 0.270625
-0.00541666667 0.0473958333 -0.05
-0.00541666667 0.0510416667 -0.0460416667
-0.00541666667 0.0510416667 0.270625
-0.00541666667 0.0583333333 -0.0460416667
-0.00541666667 0.0583333333 0.270625
-0.00541666667 0.0619791667 -0.0420833333
-0.00541666667 0.065625 -0.038125
-0.00541666667 0.065625 0.270625
-0.00541666667 0.0729166667 -0.038125
-0.00541666667 0.0729166667 0.270625
-0.00541666667 0.0765625 -0.0341666667
-0.00541666667 0.0802083333 -0.0302083333
-0.00541666667 0.0802083333 0.270625
-0.00927083333 0.0875 -0.02625
-0.00541666667 0.0875 -0.0302083333
-0.00541666667 0.0875 0.270625
-0.00541666667 0.0911458333 -0.02625
-0.00541666667 0.0947916667 -0.0222916667
-0.00541666667 0.0947916667 0.270625
-0.00541666667 0.0984375 -0.0183333333
-0.00541666667 0.102083333 -0.014375
-0.00541666667 0.102083333 0.270625
-0.00541666667 0.109375 -0.014375
-0.00541666667 0.109375 0.270625
-0.00541666667 0.113020833 -0.0104166667
-0.00541666667 0.116666667 -0.00645833333
-0.00541666667 0.116666667 0.270625
-0.00541666667 0.1203125 -0.0025
-0.00927083333 0.123958333 0.00541666667
-0.00541666667 0.1203125 0.00541666667
-0.00541666667 0.123958333 0.009375
-0.00927083333 0.123958333 0.266666667
-0.00541666667 0.1203125 0.266666667
-0.00541666667 0.123958333 0.262708333
-0.00541666667 0.127604167 0.0133333333
-0.00927083333 0.13125 0.02125
-0.00541666667 0.13125 0.0172916667
-0.00541666667 0.13125 0.262708333
-0.00541666667 0.134895833 0.02125
-0.00541666667 0.134895833 0.0291666667
-0.00541666667 0.134895833 0.0370833333
-0.00541666667 0.138541667 0.0410416667
-0.00927083333 0.138541667 0.25875
-0.00541666667 0.134895833 0.25875
-0.00541666667 0.138541667 0.254791667
-0.00541666667 0.1421875 0.045
-0.00541666667 0.1421875 0.0529166667
-0.00541666667 0.1421875 0.0608333333
-0.00541666667 0.1421875 0.06875
-0.00541666667 0.1421875 0.0766666667
-0.00541666667 0.1421875 0.0845833333
-0.00541666667 0.1421875 0.0925
-0.00541666667 0.1421875 0.100416667
-0.00541666667 0.1421875 0.108333333
-0.00541666667 0.1421875 0.11625
-0.00541666667 0.1421875 0.124166667
-0.00541666667 0.1421875 0.132083333
-0.00541666667 0.1421875 0.14
-0.00541666667 0.1421875 0.147916667
-0.00541666667 0.1421875 0.155833333
-0.00541666667 0.1421875 0.16375
-0.00541666667 0.1421875 0.171666667
-0.00541666667 0.1421875 0.179583333
-0.00541666667 0.1421875 0.1875
-0.00541666667 0.1421875 0.195416667
-0.00541666667 0.1421875 0.203333333
-0.00541666667 0.1421875 0.21125
-0.00541666667 0.1421875 0.219166667
-0.00541666667 0.1421875 0.227083333
-0.00541666667 0.1421875 0.235
-0.00541666667 0.1421875 0.242916667
-0.00541666667 0.1421875 0.250833333
-0.0015625 -0.153125 0.0529166667
0.00229166667 -0.153125 0.056875
0.00229166667 -0.156770833 0.0608333333
0.00229166667 -0.156770833 0.06875
0.00229166667 -0.156770833 0.0766666667
0.00229166667 -0.156770833 0.0845833333
0.00229166667 -0.156770833 0.0925
0.00229166667 -0.156770833 0.100416667
0.00229166667 -0.156770833 0.108333333
0.00229166667 -0.156770833 0.11625
0.00229166667 -0.156770833 0.124166667
0.00229166667 -0.156770833 0.132083333
0.00229166667 -0.156770833 0.14
0.00229166667 -0.156770833 0.147916667
0.00229166667 -0.156770833 0.155833333
0.00229166667 -0.156770833 0.16375
0.00229166667 -0.156770833 0.171666667
0.00229166667 -0.156770833 0.179583333
0.00229166667 -0.156770833 0.1875
0.00229166667 -0.156770833 0.195416667
0.00229166667 -0.156770833 0.203333333
0.00229166667 -0.156770833 0.21125
0.00229166667 -0.156770833 0.219166667
0.00229166667 -0.156770833 0.227083333
0.00229166667 -0.156770833 0.235
0.00229166667 -0.156770833 0.242916667
0.00229166667 -0.156770833 0.250833333
0.00229166667 -0.153125 0.254791667
0.00229166667 -0.145833333 0.033125
0.00229166667 -0.149479167 0.0370833333
0.00229166667 -0.149479167 0.045
0.00229166667 -0.149479167 0.0529166667
0.00229166667 -0.149479167 0.25875
0.00229166667 -0.145833333 0.262708333
-0.0015625 -0.138541667 0.0133333333
0.00229166667 -0.138541667 0.009375
0.00229166667 -0.1421875 0.0133333333
0.00229166667 -0.1421875 0.02125
0.00229166667 -0.1421875 0.0291666667
0.00229166667 -0.138541667 0.262708333
0.00229166667 -0.13125 0.00145833333
0.00229166667 -0.134895833 0.00541666667
0.00229166667 -0.13125 0.262708333
0.00229166667 -0.123958333 -0.00645833333
0.00229166667 -0.127604167 -0.0025
0.00229166667 -0.123958333 0.262708333
-0.0015625 -0.116666667 -0.0104166667
0.00229166667 -0.116666667 -0.014375
0.00229166667 -0.1203125 -0.0104166667
0.00229166667 -0.116666667 0.262708333
0.00229166667 -0.109375 -0.014375
0.00229166667 -0.109375 0.262708333
0.00229166667 -0.102083333 -0.0222916667
0.00229166667 -0.105729167 -0.0183333333
0.00229166667 -0.102083333 0.262708333
0.00229166667 -0.0947916667 -0.0222916667
0.00229166667 -0.0947916667 0.262708333
-0.0015625 -0.0875 -0.02625
0.00229166667 -0.0875 -0.0222916667
0.00229166667 -0.0911458333 0.266666667
0.00229166667 -0.0875 0.270625
0.00229166667 -0.0802083333 -0.0302083333
0.00229166667 -0.0838541667 -0.02625
0.00229166667 -0.0802083333 0.270625
0.00229166667 -0.0729166667 -0.038125
0.00229166667 -0.0765625 -0.0341666667
0.00229166667 -0.0729166667 0.270625
0.00229166667 -0.065625 -0.038125
0.00229166667 -0.065625 0.270625
0.00229166667 -0.0583333333 -0.0460416667
0.00229166667 -0.0619791667 -0.0420833333
0.00229166667 -0.0583333333 0.270625
0.00229166667 -0.0510416667 -0.0460416667
0.00229166667 -0.0510416667 0.270625
0.00229166667 -0.04375 -0.0539583333
0.00229166667 -0.0473958333 -0.05
0.00229166667 -0.04375 0.270625
0.00229166667 -0.0364583333 -0.0539583333
0.00229166667 -0.0364583333 0.270625
0.00229166667 -0.0291666667 -0.0539583333
0.00229166667 -0.0291666667 0.270625
0.00229166667 -0.021875 -0.0539583333
0.00229166667 -0.0255208333 0.274583333
0.00229166667 -0.021875 0.278541667
0.00229166667 -0.0145833333 -0.0539583333
0.00229166667 -0.0145833333 0.278541667
0.00229166667 -0.00729166667 -0.0539583333
0.00229166667 -0.00729166667 0.278541667
0.00229166667 0 -0.0539583333
0.00229166667 0 0.278541667
0.00229166667 0.00729166667 -0.0539583333
0.00229166667 0.00729166667 0.278541667
0.00229166667 0.0145833333 -0.0539583333
0.00229166667 0.0145833333 0.278541667
0.00229166667 0.021875 -0.0539583333
-0.0015625 0.021875 0.274583333
0.00229166667 0.0182291667 0.274583333
0.00229166667 0.021875 0.270625
0.00229166667 0.0291666667 -0.0539583333
0.00229166667 0.0291666667 0.270625
0.00229166667 0.0364583333 -0.0539583333
0.00229166667 0.0364583333 0.270625
0.00229166667 0.04375 -0.0539583333
0.00229166667 0.04375 0.270625
0.00229166667 0.0473958333 -0.05
0.00229166667 0.0510416667 -0.0460416667
0.00229166667 0.0510416667 0.270625
0.00229166667 0.0583333333 -0.0460416667
0.00229166667 0.0583333333 0.270625
0.00229166667 0.0619791667 -0.0420833333
0.00229166667 0.065625 -0.038125
0.00229166667 0.065625 0.270625
0.00229166667 0.0729166667 -0.038125
0.00229166667 0.0729166667 0.270625
0.00229166667 0.0765625 -0.0341666667
0.00229166667 0.0802083333 -0.0302083333
0.00229166667 0.0802083333 0.270625
0.00229166667 0.0875 -0.0302083333
0.00229166667 0.0875 0.270625
0.00229166667 0.0911458333 -0.02625
0.00229166667 0.0947916667 -0.0222916667
0.00229166667 0.0947916667 0.270625
0.00229166667 0.0984375 -0.0183333333
0.00229166667 0.102083333 -0.014375
0.00229166667 0.102083333 0.270625
0.00229166667 0.109375 -0.014375
-0.0015625 0.109375 0.266666667
0.00229166667 0.105729167 0.266666667
0.00229166667 0.109375 0.262708333
0.00229166667 0.113020833 -0.0104166667
0.00229166667 0.116666667 -0.00645833333
-0.0015625 0.116666667 0.266666667
0.00229166667 0.116666667 0.262708333
0.00229166667 0.1203125 -0.0025
-0.0015625 0.123958333 0.00541666667
0.00229166667 0.123958333 0.00145833333
0.00229166667 0.123958333 0.262708333
0.00229166667 0.127604167 0.00541666667
0.00229166667 0.127604167 0.0133333333
-0.0015625 0.13125 0.02125
0.00229166667 0.127604167 0.02125
0.00229166667 0.13125 0.0252083333
0.00229166667 0.13125 0.262708333
0.00229166667 0.134895833 0.0291666667
0.00229166667 0.134895833 0.0370833333
0.00229166667 0.138541667 0.0410416667
-0.0015625 0.138541667 0.25875
0.00229166667 0.138541667 0.262708333
0.00229166667 0.1421875 0.045
0.00229166667 0.1421875 0.0529166667
0.00229166667 0.1421875 0.0608333333
0.00229166667 0.1421875 0.06875
0.00229166667 0.1421875 0.0766666667
0.00229166667 0.1421875 0.0845833333
0.00229166667 0.1421875 0.0925
0.00229166667 0.1421875 0.100416667
0.00229166667 0.1421875 0.108333333
0.00229166667 0.1421875 0.11625
0.00229166667 0.1421875 0.124166667
0.00229166667 0.1421875 0.132083333
0.00229166667 0.1421875 0.14
0.00229166667 0.1421875 0.147916667
0.00229166667 0.1421875 0.155833333
0.00229166667 0.1421875 0.16375
0.00229166667 0.1421875 0.171666667
0.00229166667 0.1421875 0.179583333
0.00229166667 0.1421875 0.1875
0.00229166667 0.1421875 0.195416667
0.00229166667 0.1421875 0.203333333
0.00229166667 0.1421875 0.21125
0.00229166667 0.1421875 0.219166667
0.00229166667 0.1421875 0.227083333
0.00229166667 0.1421875 0.235
0.00229166667 0.1421875 0.242916667
0.00229166667 0.1421875 0.250833333
0.00229166667 0.1421875 0.25875
0.00614583333 -0.153125 0.0529166667
0.01 -0.153125 0.0489583333
0.01 -0.156770833 0.0529166667
0.01 -0.156770833 0.0608333333
0.01 -0.156770833 0.06875
0.00614583333 -0.153125 0.0766666667
0.01 -0.153125 0.0727083333
0.01 -0.153125 0.080625
0.01 -0.156770833 0.0845833333
0.01 -0.156770833 0.0925
0.01 -0.156770833 0.100416667
0.01 -0.156770833 0.108333333
0.00614583333 -0.153125 0.11625
0.01 -0.153125 0.112291667
0.01 -0.153125 0.120208333
0.01 -0.156770833 0.124166667
0.01 -0.156770833 0.132083333
0.01 -0.156770833 0.14
0.00614583333 -0.153125 0.147916667
0.01 -0.153125 0.143958333
0.01 -0.153125 0.151875
0.01 -0.156770833 0.155833333
0.01 -0.156770833 0.16375
0.01 -0.156770833 0.171666667
0.01 -0.156770833 0.179583333
0.00614583333 -0.153125 0.1875
0.01 -0.153125 0.183541667
0.01 -0.153125 0.191458333
0.01 -0.156770833 0.195416667
0.01 -0.156770833 0.203333333
0.01 -0.156770833 0.21125
0.00614583333 -0.153125 0.219166667
0.01 -0.153125 0.215208333
0.01 -0.153125 0.223125
0.01 -0.156770833 0.227083333
0.01 -0.156770833 0.235
0.01 -0.156770833 0.242916667
0.00614583333 -0.153125 0.250833333
0.01 -0.153125 0.246875
0.00614583333 -0.145833333 0.0370833333
0.01 -0.145833333 0.0410416667
0.01 -0.149479167 0.045
0.01 -0.149479167 0.0766666667
0.01 -0.149479167 0.11625
0.01 -0.149479167 0.147916667
0.01 -0.149479167 0.1875
0.01 -0.149479167 0.219166667
0.01 -0.149479167 0.250833333
0.01 -0.149479167 0.25875
0.01 -0.145833333 0.262708333
0.00614583333 -0.138541667 0.0133333333
0.01 -0.138541667 0.0172916667
0.01 -0.1421875 0.02125
0.01 -0.1421875 0.0291666667
0.01 -0.1421875 0.0370833333
0.01 -0.138541667 0.262708333
0.01 -0.13125 0.00145833333
0.01 -0.134895833 0.00541666667
0.01 -0.134895833 0.0133333333
0.01 -0.13125 0.262708333
0.01 -0.123958333 -0.00645833333
0.01 -0.127604167 -0.0025
0.01 -0.123958333 0.262708333
0.00614583333 -0.116666667 -0.0104166667
0.01 -0.116666667 -0.00645833333
0.01 -0.116666667 0.262708333
0.01 -0.109375 -0.014375
0.01 -0.113020833 -0.0104166667
0.01 -0.109375 0.262708333
0.01 -0.102083333 -0.0222916667
0.01 -0.105729167 -0.0183333333
0.01 -0.102083333 0.262708333
0.01 -0.0947916667 -0.0222916667
0.01 -0.0947916667 0.262708333
0.00614583333 -0.0875 -0.02625
0.01 -0.0875 -0.0302083333
0.01 -0.0911458333 -0.02625
0.01 -0.0911458333 0.266666667
0.01 -0.0875 0.270625
0.01 -0.0802083333 -0.0302083333
0.01 -0.0802083333 0.270625
0.00614583333 -0.0729166667 -0.0341666667
0.01 -0.0729166667 -0.0302083333
0.01 -0.0729166667 0.270625
0.01 -0.065625 -0.038125
0.01 -0.0692708333 -0.0341666667
0.01 -0.065625 0.270625
0.01 -0.0583333333 -0.0460416667
0.01 -0.0619791667 -0.0420833333
0.01 -0.0583333333 0.270625
0.01 -0.0510416667 -0.0460416667
0.01 -0.0510416667 0.270625
0.01 -0.04375 -0.0539583333
0.01 -0.0473958333 -0.05
0.01 -0.04375 0.270625
0.01 -0.0364583333 -0.0539583333
0.01 -0.0364583333 0.270625
0.01 -0.0291666667 -0.0539583333
0.01 -0.0291666667 0.270625
0.01 -0.021875 -0.0539583333
0.00614583333 -0.021875 0.274583333
0.01 -0.021875 0.270625
0.01 -0.0145833333 -0.0539583333
0.01 -0.0182291667 0.274583333
0.01 -0.0145833333 0.278541667
0.01 -0.00729166667 -0.0539583333
0.01 -0.00729166667 0.278541667
0.01 0 -0.0539583333
0.01 0 0.278541667
0.01 0.00729166667 -0.0539583333
0.01 0.00729166667 0.278541667
0.01 0.0145833333 -0.0539583333
0.01 0.0145833333 0.278541667
0.01 0.021875 -0.0539583333
0.01 0.0182291667 0.274583333
0.01 0.021875 0.270625
0.01 0.0291666667 -0.0539583333
0.01 0.0291666667 0.270625
0.01 0.0364583333 -0.0539583333
0.01 0.0364583333 0.270625
0.01 0.04375 -0.0539583333
0.01 0.04375 0.270625
0.01 0.0473958333 -0.05
0.01 0.0510416667 -0.0460416667
0.01 0.0510416667 0.270625
0.01 0.0583333333 -0.0460416667
0.01 0.0583333333 0.270625
0.01 0.0619791667 -0.0420833333
0.01 0.065625 -0.038125
0.01 0.065625 0.270625
0.01 0.0729166667 -0.038125
0.01 0.0729166667 0.270625
0.01 0.0765625 -0.0341666667
0.01 0.0802083333 -0.0302083333
0.01 0.0802083333 0.270625
0.01 0.0875 -0.0302083333
0.01 0.0875 0.270625
0.01 0.0911458333 -0.02625
0.01 0.0947916667 -0.0222916667
0.01 0.0947916667 0.270625
0.01 0.0984375 -0.0183333333
0.01 0.102083333 -0.014375
0.00614583333 0.102083333 0.266666667
0.01 0.0984375 0.266666667
0.01 0.102083333 0.262708333
0.01 0.109375 -0.014375
0.01 0.109375 0.262708333
0.01 0.113020833 -0.0104166667
0.01 0.116666667 -0.00645833333
0.01 0.116666667 0.262708333
0.01 0.1203125 -0.0025
0.00614583333 0.123958333 0.00541666667
0.01 0.1203125 0.00541666667
0.01 0.123958333 0.009375
0.01 0.123958333 0.262708333
0.01 0.127604167 0.0133333333
0.00614583333 0.13125 0.02125
0.01 0.13125 0.0172916667
0.01 0.13125 0.262708333
0.01 0.134895833 0.02125
0.01 0.134895833 0.0291666667
0.01 0.134895833 0.0370833333
0.01 0.138541667 0.0410416667
0.00614583333 0.138541667 0.25875
0.01 0.134895833 0.25875
0.01 0.138541667 0.254791667
0.01 0.1421875 0.045
0.01 0.1421875 0.0529166667
0.00614583333 0.145833333 0.0608333333
0.01 0.145833333 0.056875
0.01 0.145833333 0.0647916667
0.01 0.1421875 0.06875
0.01 0.1421875 0.0766666667
0.01 0.1421875 0.0845833333
0.00614583333 0.145833333 0.0925
0.01 0.145833333 0.0885416667
0.00614583333 0.145833333 0.100416667
0.01 0.145833333 0.104375
0.01 0.1421875 0.108333333
0.01 0.1421875 0.11625
0.01 0.1421875 0.124166667
0.01 0.1421875 0.132083333
0.01 0.1421875 0.14
0.00614583333 0.145833333 0.147916667
0.01 0.145833333 0.143958333
0.01 0.145833333 0.151875
0.01 0.1421875 0.155833333
0.01 0.1421875 0.16375
0.01 0.1421875 0.171666667
0.00614583333 0.145833333 0.179583333
0.01 0.145833333 0.175625
0.00614583333 0.145833333 0.1875
0.01 0.145833333 0.191458333
0.01 0.1421875 0.195416667
0.01 0.1421875 0.203333333
0.01 0.1421875 0.21125
0.00614583333 0.145833333 0.219166667
0.01 0.145833333 0.215208333
0.01 0.145833333 0.223125
0.01 0.1421875 0.227083333
0.01 0.1421875 0.235
0.01 0.1421875 0.242916667
0.01 0.1421875 0.250833333
0.01 0.149479167 0.0608333333
0.01 0.149479167 0.0925
0.01 0.149479167 0.100416667
0.01 0.149479167 0.147916667
0.01 0.149479167 0.179583333
0.01 0.149479167 0.1875
0.01 0.149479167 0.219166667
0.0138541667 -0.153125 0.0529166667
0.0138541667 -0.153125 0.0608333333
0.0138541667 -0.153125 0.06875
0.0177083333 -0.156770833 0.0766666667
0.0177083333 -0.153125 0.0727083333
0.0138541667 -0.153125 0.0766666667
0.0177083333 -0.156770833 0.0845833333
0.0138541667 -0.153125 0.0925
0.0177083333 -0.153125 0.0885416667
0.0138541667 -0.153125 0.100416667
0.0138541667 -0.153125 0.108333333
0.0177083333 -0.156770833 0.11625
0.0177083333 -0.153125 0.112291667
0.0138541667 -0.153125 0.11625
0.0177083333 -0.156770833 0.124166667
0.0138541667 -0.153125 0.132083333
0.0177083333 -0.153125 0.128125
0.0138541667 -0.153125 0.14
0.0177083333 -0.153125 0.151875
0.0177083333 -0.156770833 0.155833333
0.0138541667 -0.153125 0.16375
0.0177083333 -0.153125 0.159791667
0.0138541667 -0.153125 0.171666667
0.0138541667 -0.153125 0.179583333
0.0177083333 -0.153125 0.191458333
0.0177083333 -0.156770833 0.195416667
0.0138541667 -0.153125 0.203333333
0.0177083333 -0.153125 0.199375
0.0138541667 -0.153125 0.21125
0.0177083333 -0.153125 0.223125
0.0177083333 -0.156770833 0.227083333
0.0138541667 -0.153125 0.235
0.0177083333 -0.153125 0.231041667
0.0138541667 -0.153125 0.242916667
0.0138541667 -0.145833333 0.0370833333
0.0177083333 -0.145833333 0.033125
0.0177083333 -0.149479167 0.0370833333
0.0177083333 -0.149479167 0.045
0.0177083333 -0.149479167 0.0529166667
0.0177083333 -0.149479167 0.0608333333
0.0177083333 -0.149479167 0.06875
0.0177083333 -0.149479167 0.0925
0.0177083333 -0.149479167 0.100416667
0.0177083333 -0.149479167 0.108333333
0.0177083333 -0.149479167 0.132083333
0.0177083333 -0.149479167 0.14
0.0177083333 -0.149479167 0.147916667
0.0177083333 -0.149479167 0.16375
0.0177083333 -0.149479167 0.171666667
0.0177083333 -0.149479167 0.179583333
0.0177083333 -0.149479167 0.1875
0.0177083333 -0.149479167 0.203333333
0.0177083333 -0.149479167 0.21125
0.0177083333 -0.149479167 0.219166667
0.0177083333 -0.149479167 0.235
0.0177083333 -0.149479167 0.242916667
0.0177083333 -0.149479167 0.250833333
0.0177083333 -0.149479167 0.25875
0.0177083333 -0.145833333 0.262708333
0.0138541667 -0.138541667 0.02125
0.0177083333 -0.138541667 0.0252083333
0.0177083333 -0.1421875 0.0291666667
0.0177083333 -0.138541667 0.262708333
0.0177083333 -0.13125 0.00145833333
0.0177083333 -0.134895833 0.00541666667
0.0177083333 -0.134895833 0.0133333333
0.0177083333 -0.134895833 0.02125
0.0177083333 -0.13125 0.262708333
0.0177083333 -0.123958333 -0.00645833333
0.0177083333 -0.127604167 -0.0025
0.0177083333 -0.123958333 0.262708333
0.0138541667 -0.116666667 -0.0104166667
0.0177083333 -0.116666667 -0.014375
0.0177083333 -0.1203125 -0.0104166667
0.0177083333 -0.116666667 0.262708333
0.0177083333 -0.109375 -0.014375
0.0177083333 -0.109375 0.262708333
0.0138541667 -0.102083333 -0.0183333333
0.0177083333 -0.102083333 -0.014375
0.0177083333 -0.102083333 0.262708333
0.0177083333 -0.0947916667 -0.0222916667
0.0177083333 -0.0984375 -0.0183333333
0.0177083333 -0.0947916667 0.262708333
0.0177083333 -0.0875 -0.0302083333
0.0177083333 -0.0911458333 -0.02625
0.0177083333 -0.0911458333 0.266666667
0.0177083333 -0.0875 0.270625
0.0177083333 -0.0802083333 -0.0302083333
0.0177083333 -0.0802083333 0.270625
0.0138541667 -0.0729166667 -0.0341666667
0.0177083333 -0.0729166667 -0.038125
0.0177083333 -0.0765625 -0.0341666667
0.0177083333 -0.0729166667 0.270625
0.0177083333 -0.065625 -0.038125
0.0177083333 -0.065625 0.270625
0.0177083333 -0.0583333333 -0.0460416667
0.0177083333 -0.0619791667 -0.0420833333
0.0177083333 -0.0583333333 0.270625
0.0177083333 -0.0510416667 -0.0460416667
0.0177083333 -0.0510416667 0.270625
0.0177083333 -0.04375 -0.0539583333
0.0177083333 -0.0473958333 -0.05
0.0177083333 -0.04375 0.270625
0.0177083333 -0.0364583333 -0.0539583333
0.0177083333 -0.0364583333 0.270625
0.0177083333 -0.0291666667 -0.0539583333
0.0177083333 -0.0291666667 0.270625
0.0177083333 -0.021875 -0.0539583333
0.0177083333 -0.021875 0.270625
0.0177083333 -0.0145833333 -0.0539583333
0.0138541667 -0.0145833333 0.274583333
0.0177083333 -0.0145833333 0.270625
0.0177083333 -0.00729166667 -0.0539583333
0.0138541667 -0.00729166667 0.274583333
0.0177083333 -0.00729166667 0.270625
0.0177083333 0 -0.0539583333
0.0177083333 -0.00364583333 0.274583333
0.0177083333 0 0.278541667
0.0177083333 0.00729166667 -0.0539583333
0.0138541667 0.00729166667 0.274583333
0.0177083333 0.00364583333 0.274583333
0.0177083333 0.00729166667 0.270625
0.0177083333 0.0145833333 -0.0539583333
0.0138541667 0.0145833333 0.274583333
0.0177083333 0.0145833333 0.270625
0.0177083333 0.021875 -0.0539583333
0.0177083333 0.021875 0.270625
0.0177083333 0.0291666667 -0.0539583333
0.0177083333 0.0291666667 0.270625
0.0177083333 0.0364583333 -0.0539583333
0.0177083333 0.0364583333 0.270625
0.0177083333 0.04375 -0.0539583333
0.0177083333 0.04375 0.270625
0.0177083333 0.0473958333 -0.05
0.0177083333 0.0510416667 -0.0460416667
0.0177083333 0.0510416667 0.270625
0.0177083333 0.0583333333 -0.0460416667
0.0177083333 0.0583333333 0.270625
0.0177083333 0.0619791667 -0.0420833333
0.0177083333 0.065625 -0.038125
0.0177083333 0.065625 0.270625
0.0177083333 0.0729166667 -0.038125
0.0177083333 0.0729166667 0.270625
0.0177083333 0.0765625 -0.0341666667
0.0177083333 0.0802083333 -0.0302083333
0.0177083333 0.0802083333 0.270625
0.0177083333 0.0838541667 -0.02625
0.0138541667 0.0875 -0.02625
0.0177083333 0.0875 -0.0222916667
0.0177083333 0.0875 0.270625
0.0177083333 0.0947916667 -0.0222916667
0.0138541667 0.0947916667 0.266666667
0.0177083333 0.0911458333 0.266666667
0.0177083333 0.0947916667 0.262708333
0.0177083333 0.0984375 -0.0183333333
0.0177083333 0.102083333 -0.014375
0.0177083333 0.102083333 0.262708333
0.0177083333 0.105729167 -0.0104166667
0.0138541667 0.109375 -0.0104166667
0.0177083333 0.109375 -0.00645833333
0.0177083333 0.109375 0.262708333
0.0177083333 0.116666667 -0.00645833333
0.0177083333 0.116666667 0.262708333
0.0177083333 0.1203125 -0.0025
0.0138541667 0.123958333 0.00541666667
0.0177083333 0.123958333 0.00145833333
0.0177083333 0.123958333 0.262708333
0.0177083333 0.127604167 0.00541666667
0.0177083333 0.127604167 0.0133333333
0.0138541667 0.13125 0.02125
0.0177083333 0.127604167 0.02125
0.0177083333 0.13125 0.0252083333
0.0177083333 0.13125 0.262708333
0.0177083333 0.134895833 0.0291666667
0.0177083333 0.134895833 0.0370833333
0.0177083333 0.138541667 0.0410416667
0.0138541667 0.138541667 0.25875
0.0177083333 0.138541667 0.262708333
0.0177083333 0.1421875 0.045
0.0177083333 0.1421875 0.0529166667
0.0138541667 0.145833333 0.0608333333
0.0177083333 0.1421875 0.0608333333
0.0177083333 0.1421875 0.06875
0.0177083333 0.1421875 0.0766666667
0.0177083333 0.1421875 0.0845833333
0.0138541667 0.145833333 0.0925
0.0177083333 0.1421875 0.0925
0.0138541667 0.145833333 0.100416667
0.0177083333 0.1421875 0.100416667
0.0177083333 0.1421875 0.108333333
0.0138541667 0.145833333 0.11625
0.0177083333 0.145833333 0.112291667
0.0177083333 0.145833333 0.120208333
0.0177083333 0.1421875 0.124166667
0.0177083333 0.1421875 0.132083333
0.0177083333 0.1421875 0.14
0.0177083333 0.145833333 0.143958333
0.0177083333 0.1421875 0.155833333
0.0177083333 0.145833333 0.151875
0.0177083333 0.1421875 0.16375
0.0177083333 0.1421875 0.171666667
0.0177083333 0.145833333 0.175625
0.0138541667 0.145833333 0.1875
0.0177083333 0.1421875 0.1875
0.0177083333 0.145833333 0.183541667
0.0177083333 0.1421875 0.195416667
0.0138541667 0.145833333 0.203333333
0.0177083333 0.145833333 0.199375
0.0177083333 0.145833333 0.207291667
0.0177083333 0.1421875 0.21125
0.0138541667 0.145833333 0.219166667
0.0177083333 0.1421875 0.219166667
0.0177083333 0.1421875 0.227083333
0.0138541667 0.145833333 0.235
0.0177083333 0.145833333 0.231041667
0.0177083333 0.145833333 0.238958333
0.0177083333 0.1421875 0.242916667
0.0177083333 0.1421875 0.250833333
0.0177083333 0.1421875 0.25875
0.0177083333 0.149479167 0.11625
0.0177083333 0.149479167 0.147916667
0.0177083333 0.149479167 0.179583333
0.0177083333 0.149479167 0.203333333
0.0177083333 0.149479167 0.235
0.0215625 -0.153125 0.0766666667
0.0215625 -0.153125 0.0845833333
0.0215625 -0.153125 0.11625
0.0215625 -0.153125 0.124166667
0.0215625 -0.153125 0.155833333
0.0215625 -0.153125 0.195416667
0.0215625 -0.153125 0.227083333
0.0254166667 -0.145833333 0.033125
0.0254166667 -0.149479167 0.0370833333
0.0254166667 -0.149479167 0.045
0.0254166667 -0.149479167 0.0529166667
0.0254166667 -0.149479167 0.0608333333
0.0254166667 -0.149479167 0.06875
0.0254166667 -0.149479167 0.0766666667
0.0254166667 -0.149479167 0.0845833333
0.0254166667 -0.149479167 0.0925
0.0254166667 -0.149479167 0.100416667
0.0254166667 -0.149479167 0.108333333
0.0254166667 -0.149479167 0.11625
0.0254166667 -0.149479167 0.124166667
0.0254166667 -0.149479167 0.132083333
0.0254166667 -0.149479167 0.14
0.0254166667 -0.149479167 0.147916667
0.0254166667 -0.149479167 0.155833333
0.0254166667 -0.149479167 0.16375
0.0254166667 -0.149479167 0.171666667
0.0254166667 -0.149479167 0.179583333
0.0254166667 -0.149479167 0.1875
0.0254166667 -0.149479167 0.195416667
0.0254166667 -0.149479167 0.203333333
0.0254166667 -0.149479167 0.21125
0.0254166667 -0.149479167 0.219166667
0.0254166667 -0.149479167 0.227083333
0.0254166667 -0.149479167 0.235
0.0254166667 -0.149479167 0.242916667
0.0254166667 -0.149479167 0.250833333
0.0254166667 -0.149479167 0.25875
0.0254166667 -0.145833333 0.262708333
0.0215625 -0.138541667 0.02125
0.0254166667 -0.138541667 0.0172916667
0.0254166667 -0.1421875 0.02125
0.0254166667 -0.1421875 0.0291666667
0.0254166667 -0.138541667 0.262708333
0.0254166667 -0.13125 0.00145833333
0.0254166667 -0.134895833 0.00541666667
0.0254166667 -0.134895833 0.0133333333
0.0254166667 -0.13125 0.262708333
0.0254166667 -0.123958333 -0.00645833333
0.0254166667 -0.127604167 -0.0025
0.0254166667 -0.123958333 0.262708333
0.0254166667 -0.116666667 -0.014375
0.0254166667 -0.1203125 -0.0104166667
0.0254166667 -0.116666667 0.262708333
0.0254166667 -0.109375 -0.014375
0.0254166667 -0.109375 0.262708333
0.0215625 -0.102083333 -0.0183333333
0.0254166667 -0.102083333 -0.0222916667
0.0254166667 -0.105729167 -0.0183333333
0.0254166667 -0.102083333 0.262708333
0.0254166667 -0.0947916667 -0.0222916667
0.0254166667 -0.0947916667 0.262708333
0.0215625 -0.0875 -0.02625
0.0254166667 -0.0875 -0.0222916667
0.0254166667 -0.0911458333 0.266666667
0.0254166667 -0.0875 0.270625
0.0254166667 -0.0802083333 -0.0302083333
0.0254166667 -0.0838541667 -0.02625
0.0254166667 -0.0802083333 0.270625
0.0254166667 -0.0729166667 -0.038125
0.0254166667 -0.0765625 -0.0341666667
0.0254166667 -0.0729166667 0.270625
0.0254166667 -0.065625 -0.038125
0.0254166667 -0.065625 0.270625
0.0254166667 -0.0583333333 -0.0460416667
0.0254166667 -0.0619791667 -0.0420833333
0.0254166667 -0.0583333333 0.270625
0.0254166667 -0.0510416667 -0.0460416667
0.0254166667 -0.0510416667 0.270625
0.0254166667 -0.04375 -0.0539583333
0.0254166667 -0.0473958333 -0.05
0.0254166667 -0.04375 0.270625
0.0254166667 -0.0364583333 -0.0539583333
0.0254166667 -0.0364583333 0.270625
0.0254166667 -0.0291666667 -0.0539583333
0.0254166667 -0.0291666667 0.270625
0.0254166667 -0.021875 -0.0539583333
0.0254166667 -0.021875 0.270625
0.0254166667 -0.0145833333 -0.0539583333
0.0254166667 -0.0145833333 0.270625
0.0254166667 -0.00729166667 -0.0539583333
0.0254166667 -0.00729166667 0.270625
0.0254166667 0 -0.0539583333
0.0215625 0 0.274583333
0.0254166667 0 0.270625
0.0254166667 0.00729166667 -0.0539583333
0.0254166667 0.00729166667 0.270625
0.0254166667 0.0145833333 -0.0539583333
0.0254166667 0.0145833333 0.270625
0.0254166667 0.021875 -0.0539583333
0.0254166667 0.021875 0.270625
0.0254166667 0.0291666667 -0.0539583333
0.0254166667 0.0291666667 0.270625
0.0254166667 0.0364583333 -0.0539583333
0.0254166667 0.0364583333 0.270625
0.0254166667 0.04375 -0.0539583333
0.0254166667 0.04375 0.270625
0.0254166667 0.0473958333 -0.05
0.0254166667 0.0510416667 -0.0460416667
0.0254166667 0.0510416667 0.270625
0.0254166667 0.0583333333 -0.0460416667
0.0254166667 0.0583333333 0.270625
0.0254166667 0.0619791667 -0.0420833333
0.0254166667 0.065625 -0.038125
0.0254166667 0.065625 0.270625
0.0254166667 0.0729166667 -0.038125
0.0254166667 0.0729166667 0.270625
0.0254166667 0.0765625 -0.0341666667
0.0254166667 0.0802083333 -0.0302083333
0.0254166667 0.0802083333 0.270625
0.0254166667 0.0838541667 -0.02625
0.0254166667 0.0875 -0.0222916667
0.0215625 0.0875 0.266666667
0.0254166667 0.0838541667 0.266666667
0.0254166667 0.0875 0.262708333
0.0254166667 0.0947916667 -0.0222916667
0.0254166667 0.0947916667 0.262708333
0.0254166667 0.0984375 -0.0183333333
0.0254166667 0.102083333 -0.014375
0.0254166667 0.102083333 0.262708333
0.0215625 0.109375 -0.0104166667
0.0254166667 0.109375 -0.014375
0.0254166667 0.109375 0.262708333
0.0254166667 0.113020833 -0.0104166667
0.0254166667 0.116666667 -0.00645833333
0.0254166667 0.116666667 0.262708333
0.0254166667 0.1203125 -0.0025
0.0254166667 0.123958333 0.00145833333
0.0254166667 0.123958333 0.262708333
0.0254166667 0.127604167 0.00541666667
0.0254166667 0.127604167 0.0133333333
0.0254166667 0.127604167 0.02125
0.0254166667 0.13125 0.0252083333
0.0254166667 0.13125 0.262708333
0.0254166667 0.134895833 0.0291666667
0.0254166667 0.134895833 0.0370833333
0.0254166667 0.138541667 0.0410416667
0.0215625 0.138541667 0.25875
0.0254166667 0.134895833 0.25875
0.0254166667 0.138541667 0.254791667
0.0254166667 0.1421875 0.045
0.0254166667 0.1421875 0.0529166667
0.0254166667 0.1421875 0.0608333333
0.0254166667 0.1421875 0.06875
0.0254166667 0.1421875 0.0766666667
0.0254166667 0.1421875 0.0845833333
0.0254166667 0.1421875 0.0925
0.0254166667 0.1421875 0.100416667
0.0254166667 0.1421875 0.108333333
0.0215625 0.145833333 0.11625
0.0254166667 0.1421875 0.11625
0.0254166667 0.1421875 0.124166667
0.0254166667 0.1421875 0.132083333
0.0254166667 0.1421875 0.14
0.0215625 0.145833333 0.147916667
0.0254166667 0.1421875 0.147916667
0.0254166667 0.1421875 0.155833333
0.0254166667 0.1421875 0.16375
0.0254166667 0.1421875 0.171666667
0.0215625 0.145833333 0.179583333
0.0254166667 0.1421875 0.179583333
0.0254166667 0.1421875 0.1875
0.0254166667 0.1421875 0.195416667
0.0215625 0.145833333 0.203333333
0.0254166667 0.1421875 0.203333333
0.0254166667 0.1421875 0.21125
0.0254166667 0.1421875 0.219166667
0.0254166667 0.1421875 0.227083333
0.0215625 0.145833333 0.235
0.0254166667 0.1421875 0.235
0.0254166667 0.1421875 0.242916667
0.0254166667 0.1421875 0.250833333
0.033125 -0.145833333 0.033125
0.033125 -0.149479167 0.0370833333
0.033125 -0.149479167 0.045
0.033125 -0.149479167 0.0529166667
0.033125 -0.149479167 0.0608333333
0.033125 -0.149479167 0.06875
0.033125 -0.149479167 0.0766666667
0.033125 -0.149479167 0.0845833333
0.033125 -0.149479167 0.0925
0.033125 -0.149479167 0.100416667
0.033125 -0.149479167 0.108333333
0.033125 -0.149479167 0.11625
0.033125 -0.149479167 0.124166667
0.033125 -0.149479167 0.132083333
0.033125 -0.149479167 0.14
0.033125 -0.149479167 0.147916667
0.033125 -0.149479167 0.155833333
0.033125 -0.149479167 0.16375
0.033125 -0.149479167 0.171666667
0.033125 -0.149479167 0.179583333
0.033125 -0.149479167 0.1875
0.033125 -0.149479167 0.195416667
0.033125 -0.149479167 0.203333333
0.033125 -0.149479167 0.21125
0.033125 -0.149479167 0.219166667
0.033125 -0.149479167 0.227083333
0.033125 -0.149479167 0.235
0.033125 -0.149479167 0.242916667
0.033125 -0.149479167 0.250833333
0.033125 -0.149479167 0.25875
0.033125 -0.145833333 0.262708333
0.033125 -0.138541667 0.0172916667
0.033125 -0.1421875 0.02125
0.033125 -0.1421875 0.0291666667
0.033125 -0.138541667 0.262708333
0.033125 -0.13125 0.00145833333
0.033125 -0.134895833 0.00541666667
0.033125 -0.134895833 0.0133333333
0.033125 -0.13125 0.262708333
0.033125 -0.123958333 -0.00645833333
0.033125 -0.127604167 -0.0025
0.033125 -0.123958333 0.262708333
0.0292708333 -0.116666667 -0.0104166667
0.033125 -0.116666667 -0.00645833333
0.033125 -0.116666667 0.262708333
0.033125 -0.109375 -0.014375
0.033125 -0.113020833 -0.0104166667
0.033125 -0.109375 0.262708333
0.033125 -0.102083333 -0.0222916667
0.033125 -0.105729167 -0.0183333333
0.033125 -0.102083333 0.262708333
0.033125 -0.0947916667 -0.0222916667
0.033125 -0.0947916667 0.262708333
0.0292708333 -0.0875 -0.02625
0.033125 -0.0875 -0.0302083333
0.033125 -0.0911458333 -0.02625
0.0292708333 -0.0875 0.266666667
0.033125 -0.0875 0.262708333
0.033125 -0.0802083333 -0.0302083333
0.033125 -0.0838541667 0.266666667
0.033125 -0.0802083333 0.270625
0.033125 -0.0729166667 -0.038125
0.033125 -0.0765625 -0.0341666667
0.033125 -0.0729166667 0.270625
0.033125 -0.065625 -0.038125
0.033125 -0.065625 0.270625
0.033125 -0.0583333333 -0.0460416667
0.033125 -0.0619791667 -0.0420833333
0.033125 -0.0583333333 0.270625
0.033125 -0.0510416667 -0.0460416667
0.033125 -0.0510416667 0.270625
0.033125 -0.04375 -0.0539583333
0.033125 -0.0473958333 -0.05
0.033125 -0.04375 0.270625
0.033125 -0.0364583333 -0.0539583333
0.033125 -0.0364583333 0.270625
0.033125 -0.0291666667 -0.0539583333
0.033125 -0.0291666667 0.270625
0.033125 -0.021875 -0.0539583333
0.033125 -0.021875 0.270625
0.033125 -0.0145833333 -0.0539583333
0.033125 -0.0145833333 0.270625
0.033125 -0.00729166667 -0.0539583333
0.033125 -0.00729166667 0.270625
0.033125 0 -0.0539583333
0.033125 0 0.270625
0.033125 0.00729166667 -0.0539583333
0.033125 0.00729166667 0.270625
0.033125 0.0145833333 -0.0539583333
0.033125 0.0145833333 0.270625
0.033125 0.021875 -0.0539583333
0.033125 0.021875 0.270625
0.033125 0.0291666667 -0.0539583333
0.033125 0.0291666667 0.270625
0.033125 0.0364583333 -0.0539583333
0.033125 0.0364583333 0.270625
0.033125 0.04375 -0.0539583333
0.033125 0.04375 0.270625
0.033125 0.0473958333 -0.05
0.033125 0.0510416667 -0.0460416667
0.033125 0.0510416667 0.270625
0.033125 0.0583333333 -0.0460416667
0.033125 0.0583333333 0.270625
0.033125 0.0619791667 -0.0420833333
0.033125 0.065625 -0.038125
0.033125 0.065625 0.270625
0.033125 0.0729166667 -0.038125
0.033125 0.0729166667 0.270625
0.033125 0.0765625 -0.0341666667
0.033125 0.0802083333 -0.0302083333
0.0292708333 0.0802083333 0.266666667
0.033125 0.0765625 0.266666667
0.033125 0.0802083333 0.262708333
0.033125 0.0838541667 -0.02625
0.033125 0.0875 -0.0222916667
0.033125 0.0875 0.262708333
0.033125 0.0947916667 -0.0222916667
0.033125 0.0947916667 0.262708333
0.033125 0.0984375 -0.0183333333
0.033125 0.102083333 -0.014375
0.033125 0.102083333 0.262708333
0.033125 0.109375 -0.014375
0.033125 0.109375 0.262708333
0.033125 0.113020833 -0.0104166667
0.033125 0.116666667 -0.00645833333
0.033125 0.116666667 0.262708333
0.033125 0.1203125 -0.0025
0.033125 0.123958333 0.00145833333
0.033125 0.123958333 0.262708333
0.033125 0.127604167 0.00541666667
0.033125 0.127604167 0.0133333333
0.0292708333 0.13125 0.02125
0.033125 0.13125 0.0172916667
0.033125 0.13125 0.262708333
0.033125 0.134895833 0.02125
0.033125 0.134895833 0.0291666667
0.033125 0.134895833 0.0370833333
0.033125 0.138541667 0.0410416667
0.0292708333 0.138541667 0.25875
0.033125 0.138541667 0.262708333
0.033125 0.1421875 0.045
0.033125 0.1421875 0.0529166667
0.033125 0.1421875 0.0608333333
0.033125 0.1421875 0.06875
0.033125 0.1421875 0.0766666667
0.033125 0.1421875 0.0845833333
0.033125 0.1421875 0.0925
0.033125 0.1421875 0.100416667
0.033125 0.1421875 0.108333333
0.033125 0.1421875 0.11625
0.033125 0.1421875 0.124166667
0.033125 0.1421875 0.132083333
0.033125 0.1421875 0.14
0.033125 0.1421875 0.147916667
0.033125 0.1421875 0.155833333
0.033125 0.1421875 0.16375
0.033125 0.1421875 0.171666667
0.033125 0.1421875 0.179583333
0.033125 0.1421875 0.1875
0.033125 0.1421875 0.195416667
0.033125 0.1421875 0.203333333
0.033125 0.1421875 0.21125
0.033125 0.1421875 0.219166667
0.033125 0.1421875 0.227083333
0.033125 0.1421875 0.235
0.033125 0.1421875 0.242916667
0.033125 0.1421875 0.250833333
0.033125 0.1421875 0.25875
0.0369791667 -0.145833333 0.0291666667
0.0408333333 -0.145833333 0.0252083333
0.0408333333 -0.149479167 0.0291666667
0.0408333333 -0.149479167 0.0370833333
0.0408333333 -0.149479167 0.045
0.0408333333 -0.149479167 0.0529166667
0.0408333333 -0.149479167 0.0608333333
0.0408333333 -0.149479167 0.06875
0.0408333333 -0.149479167 0.0766666667
0.0408333333 -0.149479167 0.0845833333
0.0408333333 -0.149479167 0.0925
0.0408333333 -0.149479167 0.100416667
0.0408333333 -0.149479167 0.108333333
0.0408333333 -0.149479167 0.11625
0.0408333333 -0.149479167 0.124166667
0.0408333333 -0.149479167 0.132083333
0.0408333333 -0.149479167 0.14
0.0408333333 -0.149479167 0.147916667
0.0408333333 -0.149479167 0.155833333
0.0408333333 -0.149479167 0.16375
0.0408333333 -0.149479167 0.171666667
0.0408333333 -0.149479167 0.179583333
0.0408333333 -0.149479167 0.1875
0.0408333333 -0.149479167 0.195416667
0.0408333333 -0.149479167 0.203333333
0.0408333333 -0.149479167 0.21125
0.0408333333 -0.149479167 0.219166667
0.0408333333 -0.149479167 0.227083333
0.0408333333 -0.149479167 0.235
0.0408333333 -0.149479167 0.242916667
0.0408333333 -0.149479167 0.250833333
0.0408333333 -0.149479167 0.25875
0.0408333333 -0.145833333 0.262708333
0.0408333333 -0.138541667 0.0172916667
0.0408333333 -0.1421875 0.02125
0.0408333333 -0.138541667 0.262708333
0.0408333333 -0.13125 0.00145833333
0.0408333333 -0.134895833 0.00541666667
0.0408333333 -0.134895833 0.0133333333
0.0408333333 -0.13125 0.262708333
0.0408333333 -0.123958333 -0.00645833333
0.0408333333 -0.127604167 -0.0025
0.0408333333 -0.123958333 0.262708333
0.0369791667 -0.116666667 -0.0104166667
0.0408333333 -0.116666667 -0.014375
0.0408333333 -0.1203125 -0.0104166667
0.0408333333 -0.116666667 0.262708333
0.0408333333 -0.109375 -0.014375
0.0408333333 -0.109375 0.262708333
0.0369791667 -0.102083333 -0.0183333333
0.0408333333 -0.102083333 -0.014375
0.0408333333 -0.102083333 0.262708333
0.0408333333 -0.0947916667 -0.0222916667
0.0408333333 -0.0984375 -0.0183333333
0.0408333333 -0.0947916667 0.262708333
0.0408333333 -0.0875 -0.0302083333
0.0408333333 -0.0911458333 -0.02625
0.0408333333 -0.0875 0.262708333
0.0408333333 -0.0802083333 -0.0302083333
0.0408333333 -0.0838541667 0.266666667
0.0408333333 -0.0802083333 0.270625
0.0408333333 -0.0729166667 -0.038125
0.0408333333 -0.0765625 -0.0341666667
0.0408333333 -0.0729166667 0.270625
0.0408333333 -0.065625 -0.038125
0.0408333333 -0.065625 0.270625
0.0408333333 -0.0583333333 -0.0460416667
0.0408333333 -0.0619791667 -0.0420833333
0.0408333333 -0.0583333333 0.270625
0.0408333333 -0.0510416667 -0.0460416667
0.0408333333 -0.0510416667 0.270625
0.0408333333 -0.04375 -0.0539583333
0.0408333333 -0.0473958333 -0.05
0.0408333333 -0.04375 0.270625
0.0408333333 -0.0364583333 -0.0539583333
0.0408333333 -0.0364583333 0.270625
0.0408333333 -0.0291666667 -0.0539583333
0.0408333333 -0.0291666667 0.270625
0.0408333333 -0.021875 -0.0539583333
0.0408333333 -0.021875 0.270625
0.0408333333 -0.0145833333 -0.0539583333
0.0408333333 -0.0145833333 0.270625
0.0408333333 -0.00729166667 -0.0539583333
0.0408333333 -0.00729166667 0.270625
0.0408333333 0 -0.0539583333
0.0408333333 0 0.270625
0.0408333333 0.00729166667 -0.0539583333
0.0408333333 0.00729166667 0.270625
0.0408333333 0.0145833333 -0.0539583333
0.0408333333 0.0145833333 0.270625
0.0408333333 0.021875 -0.0539583333
0.0408333333 0.021875 0.270625
0.0408333333 0.0291666667 -0.0539583333
0.0408333333 0.0291666667 0.270625
0.0408333333 0.0364583333 -0.0539583333
0.0408333333 0.0364583333 0.270625
0.0408333333 0.04375 -0.0539583333
0.0408333333 0.04375 0.270625
0.0408333333 0.0473958333 -0.05
0.0408333333 0.0510416667 -0.0460416667
0.0408333333 0.0510416667 0.270625
0.0408333333 0.0583333333 -0.0460416667
0.0408333333 0.0583333333 0.270625
0.0408333333 0.0619791667 -0.0420833333
0.0408333333 0.065625 -0.038125
0.0408333333 0.065625 0.270625
0.0408333333 0.0729166667 -0.038125
0.0369791667 0.0729166667 0.266666667
0.0408333333 0.0692708333 0.266666667
0.0408333333 0.0729166667 0.262708333
0.0408333333 0.0765625 -0.0341666667
0.0408333333 0.0802083333 -0.0302083333
0.0408333333 0.0802083333 0.262708333
0.0408333333 0.0838541667 -0.02625
0.0408333333 0.0875 -0.0222916667
0.0408333333 0.0875 0.262708333
0.0408333333 0.0947916667 -0.0222916667
0.0408333333 0.0947916667 0.262708333
0.0408333333 0.0984375 -0.0183333333
0.0408333333 0.102083333 -0.014375
0.0408333333 0.102083333 0.262708333
0.0408333333 0.109375 -0.014375
0.0408333333 0.109375 0.262708333
0.0408333333 0.113020833 -0.0104166667
0.0408333333 0.116666667 -0.00645833333
0.0408333333 0.116666667 0.262708333
0.0408333333 0.1203125 -0.0025
0.0408333333 0.123958333 0.00145833333
0.0408333333 0.123958333 0.262708333
0.0408333333 0.127604167 0.00541666667
0.0408333333 0.127604167 0.0133333333
0.0369791667 0.13125 0.02125
0.0408333333 0.127604167 0.02125
0.0408333333 0.13125 0.0252083333
0.0408333333 0.13125 0.262708333
0.0408333333 0.134895833 0.0291666667
0.0408333333 0.134895833 0.0370833333
0.0408333333 0.138541667 0.0410416667
0.0369791667 0.138541667 0.25875
0.0408333333 0.134895833 0.25875
0.0408333333 0.138541667 0.254791667
0.0408333333 0.1421875 0.045
0.0408333333 0.1421875 0.0529166667
0.0408333333 0.1421875 0.0608333333
0.0408333333 0.1421875 0.06875
0.0408333333 0.1421875 0.0766666667
0.0408333333 0.1421875 0.0845833333
0.0408333333 0.1421875 0.0925
0.0408333333 0.1421875 0.100416667
0.0408333333 0.1421875 0.108333333
0.0408333333 0.1421875 0.11625
0.0408333333 0.1421875 0.124166667
0.0408333333 0.1421875 0.132083333
0.0408333333 0.1421875 0.14
0.0408333333 0.1421875 0.147916667
0.0408333333 0.1421875 0.155833333
0.0408333333 0.1421875 0.16375
0.0408333333 0.1421875 0.171666667
0.0408333333 0.1421875 0.179583333
0.0408333333 0.1421875 0.1875
0.0408333333 0.1421875 0.195416667
0.0408333333 0.1421875 0.203333333
0.0408333333 0.1421875 0.21125
0.0408333333 0.1421875 0.219166667
0.0408333333 0.1421875 0.227083333
0.0408333333 0.1421875 0.235
0.0408333333 0.1421875 0.242916667
0.0408333333 0.1421875 0.250833333
0.0446875 -0.145833333 0.0291666667
0.0485416667 -0.145833333 0.033125
0.0485416667 -0.149479167 0.0370833333
0.0485416667 -0.149479167 0.045
0.0446875 -0.145833333 0.0529166667
0.0485416667 -0.145833333 0.0489583333
0.0446875 -0.145833333 0.0608333333
0.0485416667 -0.145833333 0.0647916667
0.0485416667 -0.149479167 0.06875
0.0485416667 -0.149479167 0.0766666667
0.0485416667 -0.149479167 0.0845833333
0.0485416667 -0.149479167 0.0925
0.0446875 -0.145833333 0.100416667
0.0485416667 -0.145833333 0.0964583333
0.0485416667 -0.145833333 0.104375
0.0485416667 -0.149479167 0.108333333
0.0485416667 -0.149479167 0.11625
0.0485416667 -0.149479167 0.124166667
0.0485416667 -0.149479167 0.132083333
0.0446875 -0.145833333 0.14
0.0485416667 -0.145833333 0.136041667
0.0485416667 -0.145833333 0.143958333
0.0485416667 -0.149479167 0.147916667
0.0485416667 -0.149479167 0.155833333
0.0485416667 -0.149479167 0.16375
0.0446875 -0.145833333 0.171666667
0.0485416667 -0.145833333 0.167708333
0.0446875 -0.145833333 0.179583333
0.0485416667 -0.145833333 0.183541667
0.0485416667 -0.149479167 0.1875
0.0485416667 -0.149479167 0.195416667
0.0485416667 -0.149479167 0.203333333
0.0446875 -0.145833333 0.21125
0.0485416667 -0.145833333 0.207291667
0.0485416667 -0.145833333 0.215208333
0.0485416667 -0.149479167 0.219166667
0.0485416667 -0.149479167 0.227083333
0.0485416667 -0.149479167 0.235
0.0446875 -0.145833333 0.242916667
0.0485416667 -0.145833333 0.238958333
0.0485416667 -0.145833333 0.246875
0.0485416667 -0.149479167 0.250833333
0.0485416667 -0.149479167 0.25875
0.0485416667 -0.145833333 0.262708333
0.0485416667 -0.138541667 0.0172916667
0.0485416667 -0.1421875 0.02125
0.0485416667 -0.1421875 0.0291666667
0.0485416667 -0.1421875 0.0529166667
0.0485416667 -0.1421875 0.0608333333
0.0485416667 -0.1421875 0.100416667
0.0485416667 -0.1421875 0.14
0.0485416667 -0.1421875 0.171666667
0.0485416667 -0.1421875 0.179583333
0.0485416667 -0.1421875 0.21125
0.0485416667 -0.1421875 0.242916667
0.0485416667 -0.138541667 0.262708333
0.0485416667 -0.13125 0.00145833333
0.0485416667 -0.134895833 0.00541666667
0.0485416667 -0.134895833 0.0133333333
0.0485416667 -0.13125 0.262708333
0.0485416667 -0.123958333 -0.00645833333
0.0485416667 -0.127604167 -0.0025
0.0485416667 -0.123958333 0.262708333
0.0446875 -0.116666667 -0.0104166667
0.0485416667 -0.116666667 -0.00645833333
0.0485416667 -0.116666667 0.262708333
0.0485416667 -0.109375 -0.014375
0.0485416667 -0.113020833 -0.0104166667
0.0485416667 -0.109375 0.262708333
0.0446875 -0.102083333 -0.0183333333
0.0485416667 -0.102083333 -0.0222916667
0.0485416667 -0.105729167 -0.0183333333
0.0485416667 -0.102083333 0.262708333
0.0485416667 -0.0947916667 -0.0222916667
0.0485416667 -0.0947916667 0.262708333
0.0485416667 -0.0875 -0.0302083333
0.0485416667 -0.0911458333 -0.02625
0.0485416667 -0.0875 0.262708333
0.0485416667 -0.0802083333 -0.0302083333
0.0446875 -0.0802083333 0.266666667
0.0485416667 -0.0802083333 0.262708333
0.0485416667 -0.0729166667 -0.038125
0.0485416667 -0.0765625 -0.0341666667
0.0485416667 -0.0765625 0.266666667
0.0485416667 -0.0729166667 0.270625
0.0485416667 -0.065625 -0.038125
0.0485416667 -0.065625 0.270625
0.0485416667 -0.0583333333 -0.0460416667
0.0485416667 -0.0619791667 -0.0420833333
0.0485416667 -0.0583333333 0.270625
0.0485416667 -0.0510416667 -0.0460416667
0.0485416667 -0.0510416667 0.270625
0.0485416667 -0.04375 -0.0539583333
0.0485416667 -0.0473958333 -0.05
0.0485416667 -0.04375 0.270625
0.0485416667 -0.0364583333 -0.0539583333
0.0485416667 -0.0364583333 0.270625
0.0485416667 -0.0291666667 -0.0539583333
0.0485416667 -0.0291666667 0.270625
0.0485416667 -0.021875 -0.0539583333
0.0485416667 -0.021875 0.270625
0.0485416667 -0.0145833333 -0.0539583333
0.0485416667 -0.0145833333 0.270625
0.0485416667 -0.00729166667 -0.0539583333
0.0485416667 -0.00729166667 0.270625
0.0485416667 0 -0.0539583333
0.0485416667 0 0.270625
0.0485416667 0.00729166667 -0.0539583333
0.0485416667 0.00729166667 0.270625
0.0485416667 0.0145833333 -0.0539583333
0.0485416667 0.0145833333 0.270625
0.0485416667 0.021875 -0.0539583333
0.0485416667 0.021875 0.270625
0.0485416667 0.0291666667 -0.0539583333
0.0485416667 0.0291666667 0.270625
0.0485416667 0.0364583333 -0.0539583333
0.0485416667 0.0364583333 0.270625
0.0485416667 0.04375 -0.0539583333
0.0485416667 0.04375 0.270625
0.0485416667 0.0473958333 -0.05
0.0485416667 0.0510416667 -0.0460416667
0.0485416667 0.0510416667 0.270625
0.0485416667 0.0583333333 -0.0460416667
0.0485416667 0.0583333333 0.270625
0.0485416667 0.0619791667 -0.0420833333
0.0485416667 0.065625 -0.038125
0.0446875 0.065625 0.266666667
0.0485416667 0.0619791667 0.266666667
0.0485416667 0.065625 0.262708333
0.0485416667 0.0729166667 -0.038125
0.0485416667 0.0729166667 0.262708333
0.0485416667 0.0765625 -0.0341666667
0.0485416667 0.0802083333 -0.0302083333
0.0485416667 0.0802083333 0.262708333
0.0485416667 0.0838541667 -0.02625
0.0485416667 0.0875 -0.0222916667
0.0485416667 0.0875 0.262708333
0.0485416667 0.0947916667 -0.0222916667
0.0485416667 0.0947916667 0.262708333
0.0485416667 0.0984375 -0.0183333333
0.0485416667 0.102083333 -0.014375
0.0485416667 0.102083333 0.262708333
0.0485416667 0.109375 -0.014375
0.0485416667 0.109375 0.262708333
0.0485416667 0.113020833 -0.0104166667
0.0485416667 0.116666667 -0.00645833333
0.0485416667 0.116666667 0.262708333
0.0485416667 0.1203125 -0.0025
0.0446875 0.123958333 0.00541666667
0.0485416667 0.1203125 0.00541666667
0.0485416667 0.123958333 0.009375
0.0485416667 0.123958333 0.262708333
0.0485416667 0.127604167 0.0133333333
0.0485416667 0.127604167 0.02125
0.0485416667 0.13125 0.0252083333
0.0485416667 0.13125 0.262708333
0.0485416667 0.134895833 0.0291666667
0.0485416667 0.134895833 0.0370833333
0.0485416667 0.138541667 0.0410416667
0.0446875 0.138541667 0.0529166667
0.0485416667 0.134895833 0.0529166667
0.0485416667 0.138541667 0.0489583333
0.0485416667 0.138541667 0.056875
0.0446875 0.138541667 0.0845833333
0.0485416667 0.134895833 0.0845833333
0.0485416667 0.138541667 0.080625
0.0446875 0.138541667 0.0925
0.0485416667 0.134895833 0.0925
0.0485416667 0.138541667 0.0964583333
0.0446875 0.138541667 0.124166667
0.0485416667 0.134895833 0.124166667
0.0485416667 0.138541667 0.120208333
0.0485416667 0.138541667 0.128125
0.0446875 0.138541667 0.155833333
0.0485416667 0.134895833 0.155833333
0.0485416667 0.138541667 0.151875
0.0485416667 0.138541667 0.159791667
0.0446875 0.138541667 0.1875
0.0485416667 0.134895833 0.1875
0.0485416667 0.138541667 0.183541667
0.0485416667 0.138541667 0.191458333
0.0446875 0.138541667 0.219166667
0.0485416667 0.134895833 0.219166667
0.0485416667 0.138541667 0.215208333
0.0485416667 0.138541667 0.223125
0.0446875 0.138541667 0.250833333
0.0485416667 0.134895833 0.250833333
0.0485416667 0.138541667 0.246875
0.0446875 0.138541667 0.25875
0.0485416667 0.138541667 0.254791667
0.0485416667 0.138541667 0.262708333
0.0485416667 0.1421875 0.045
0.0485416667 0.1421875 0.0608333333
0.0485416667 0.1421875 0.06875
0.0485416667 0.1421875 0.0766666667
0.0485416667 0.1421875 0.100416667
0.0485416667 0.1421875 0.108333333
0.0485416667 0.1421875 0.11625
0.0485416667 0.1421875 0.132083333
0.0485416667 0.1421875 0.14
0.0485416667 0.1421875 0.147916667
0.0485416667 0.1421875 0.16375
0.0485416667 0.1421875 0.171666667
0.0485416667 0.1421875 0.179583333
0.0485416667 0.1421875 0.195416667
0.0485416667 0.1421875 0.203333333
0.0485416667 0.1421875 0.21125
0.0485416667 0.1421875 0.227083333
0.0485416667 0.1421875 0.235
0.0485416667 0.1421875 0.242916667
0.0485416667 0.1421875 0.25875
0.0523958333 -0.145833333 0.0370833333
0.0523958333 -0.145833333 0.045
0.05625 -0.145833333 0.0647916667
0.05625 -0.149479167 0.06875
0.0523958333 -0.145833333 0.0766666667
0.05625 -0.145833333 0.0727083333
0.0523958333 -0.145833333 0.0845833333
0.0523958333 -0.145833333 0.0925
0.05625 -0.145833333 0.104375
0.05625 -0.149479167 0.108333333
0.0523958333 -0.145833333 0.11625
0.05625 -0.145833333 0.112291667
0.0523958333 -0.145833333 0.124166667
0.0523958333 -0.145833333 0.132083333
0.05625 -0.145833333 0.143958333
0.05625 -0.149479167 0.147916667
0.0523958333 -0.145833333 0.155833333
0.05625 -0.145833333 0.151875
0.0523958333 -0.145833333 0.16375
0.0523958333 -0.145833333 0.179583333
0.05625 -0.145833333 0.175625
0.05625 -0.149479167 0.179583333
0.05625 -0.149479167 0.1875
0.0523958333 -0.145833333 0.195416667
0.05625 -0.145833333 0.191458333
0.0523958333 -0.145833333 0.203333333
0.05625 -0.145833333 0.215208333
0.05625 -0.149479167 0.219166667
0.0523958333 -0.145833333 0.227083333
0.05625 -0.145833333 0.223125
0.0523958333 -0.145833333 0.235
0.05625 -0.145833333 0.246875
0.05625 -0.149479167 0.250833333
0.0523958333 -0.145833333 0.25875
0.05625 -0.145833333 0.254791667
0.05625 -0.138541667 0.0172916667
0.05625 -0.1421875 0.02125
0.05625 -0.1421875 0.0291666667
0.05625 -0.1421875 0.0370833333
0.05625 -0.1421875 0.045
0.05625 -0.1421875 0.0529166667
0.05625 -0.1421875 0.0608333333
0.05625 -0.1421875 0.0766666667
0.05625 -0.1421875 0.0845833333
0.05625 -0.1421875 0.0925
0.05625 -0.1421875 0.100416667
0.05625 -0.1421875 0.11625
0.05625 -0.1421875 0.124166667
0.05625 -0.1421875 0.132083333
0.05625 -0.1421875 0.14
0.05625 -0.1421875 0.155833333
0.05625 -0.1421875 0.16375
0.05625 -0.1421875 0.171666667
0.05625 -0.1421875 0.195416667
0.05625 -0.1421875 0.203333333
0.05625 -0.1421875 0.21125
0.05625 -0.1421875 0.227083333
0.05625 -0.1421875 0.235
0.05625 -0.1421875 0.242916667
0.05625 -0.1421875 0.25875
0.05625 -0.138541667 0.262708333
0.05625 -0.13125 0.00145833333
0.05625 -0.134895833 0.00541666667
0.05625 -0.134895833 0.0133333333
0.05625 -0.13125 0.262708333
0.05625 -0.123958333 -0.00645833333
0.05625 -0.127604167 -0.0025
0.05625 -0.123958333 0.262708333
0.0523958333 -0.116666667 -0.0104166667
0.05625 -0.116666667 -0.014375
0.05625 -0.1203125 -0.0104166667
0.05625 -0.116666667 0.262708333
0.05625 -0.109375 -0.014375
0.05625 -0.109375 0.262708333
0.0523958333 -0.102083333 -0.0183333333
0.05625 -0.102083333 -0.014375
0.05625 -0.102083333 0.262708333
0.05625 -0.0947916667 -0.0222916667
0.05625 -0.0984375 -0.0183333333
0.05625 -0.0947916667 0.262708333
0.05625 -0.0875 -0.0302083333
0.05625 -0.0911458333 -0.02625
0.05625 -0.0875 0.262708333
0.05625 -0.0802083333 -0.0302083333
0.05625 -0.0802083333 0.262708333
0.05625 -0.0729166667 -0.038125
0.05625 -0.0765625 -0.0341666667
0.0523958333 -0.0729166667 0.266666667
0.05625 -0.0729166667 0.262708333
0.05625 -0.065625 -0.038125
0.05625 -0.0692708333 0.266666667
0.05625 -0.065625 0.270625
0.05625 -0.0583333333 -0.0460416667
0.05625 -0.0619791667 -0.0420833333
0.05625 -0.0583333333 0.270625
0.05625 -0.0510416667 -0.0460416667
0.05625 -0.0510416667 0.270625
0.05625 -0.04375 -0.0539583333
0.05625 -0.0473958333 -0.05
0.05625 -0.04375 0.270625
0.05625 -0.0364583333 -0.0539583333
0.05625 -0.0364583333 0.270625
0.05625 -0.0291666667 -0.0539583333
0.05625 -0.0291666667 0.270625
0.05625 -0.021875 -0.0539583333
0.05625 -0.021875 0.270625
0.05625 -0.0145833333 -0.0539583333
0.05625 -0.0145833333 0.270625
0.05625 -0.00729166667 -0.0539583333
0.05625 -0.00729166667 0.270625
0.05625 0 -0.0539583333
0.05625 0 0.270625
0.05625 0.00729166667 -0.0539583333
0.05625 0.00729166667 0.270625
0.05625 0.0145833333 -0.0539583333
0.05625 0.0145833333 0.270625
0.05625 0.021875 -0.0539583333
0.05625 0.021875 0.270625
0.05625 0.0291666667 -0.0539583333
0.05625 0.0291666667 0.270625
0.05625 0.0364583333 -0.0539583333
0.05625 0.0364583333 0.270625
0.05625 0.04375 -0.0539583333
0.05625 0.04375 0.270625
0.05625 0.0473958333 -0.05
0.05625 0.0510416667 -0.0460416667
0.05625 0.0510416667 0.270625
0.05625 0.0583333333 -0.0460416667
0.0523958333 0.0583333333 0.266666667
0.05625 0.0546875 0.266666667
0.05625 0.0583333333 0.262708333
0.05625 0.0619791667 -0.0420833333
0.05625 0.065625 -0.038125
0.05625 0.065625 0.262708333
0.05625 0.0729166667 -0.038125
0.05625 0.0729166667 0.262708333
0.05625 0.0765625 -0.0341666667
0.05625 0.0802083333 -0.0302083333
0.05625 0.0802083333 0.262708333
0.05625 0.0838541667 -0.02625
0.05625 0.0875 -0.0222916667
0.05625 0.0875 0.262708333
0.05625 0.0947916667 -0.0222916667
0.05625 0.0947916667 0.262708333
0.05625 0.0984375 -0.0183333333
0.05625 0.102083333 -0.014375
0.05625 0.102083333 0.262708333
0.05625 0.105729167 -0.0104166667
0.0523958333 0.109375 -0.0104166667
0.05625 0.109375 -0.00645833333
0.05625 0.109375 0.262708333
0.05625 0.116666667 -0.00645833333
0.05625 0.116666667 0.262708333
0.05625 0.1203125 -0.0025
0.0523958333 0.123958333 0.00541666667
0.05625 0.123958333 0.00145833333
0.05625 0.123958333 0.262708333
0.05625 0.127604167 0.00541666667
0.05625 0.127604167 0.0133333333
0.0523958333 0.13125 0.02125
0.05625 0.13125 0.0172916667
0.05625 0.13125 0.262708333
0.05625 0.134895833 0.02125
0.05625 0.134895833 0.0291666667
0.05625 0.134895833 0.0370833333
0.0523958333 0.138541667 0.045
0.05625 0.134895833 0.045
0.05625 0.134895833 0.0529166667
0.0523958333 0.138541667 0.0608333333
0.05625 0.134895833 0.0608333333
0.0523958333 0.138541667 0.06875
0.05625 0.134895833 0.06875
0.0523958333 0.138541667 0.0766666667
0.05625 0.134895833 0.0766666667
0.05625 0.134895833 0.0845833333
0.05625 0.134895833 0.0925
0.05625 0.138541667 0.0964583333
0.0523958333 0.138541667 0.108333333
0.05625 0.134895833 0.108333333
0.05625 0.138541667 0.104375
0.0523958333 0.138541667 0.11625
0.05625 0.134895833 0.11625
0.05625 0.134895833 0.124166667
0.05625 0.138541667 0.128125
0.0523958333 0.138541667 0.14
0.05625 0.134895833 0.14
0.05625 0.138541667 0.136041667
0.0523958333 0.138541667 0.147916667
0.05625 0.134895833 0.147916667
0.05625 0.134895833 0.155833333
0.05625 0.138541667 0.159791667
0.0523958333 0.138541667 0.171666667
0.05625 0.134895833 0.171666667
0.05625 0.138541667 0.167708333
0.0523958333 0.138541667 0.179583333
0.05625 0.134895833 0.179583333
0.05625 0.134895833 0.1875
0.05625 0.138541667 0.191458333
0.0523958333 0.138541667 0.203333333
0.05625 0.134895833 0.203333333
0.05625 0.138541667 0.199375
0.0523958333 0.138541667 0.21125
0.05625 0.134895833 0.21125
0.05625 0.134895833 0.219166667
0.05625 0.138541667 0.223125
0.0523958333 0.138541667 0.235
0.05625 0.134895833 0.235
0.05625 0.138541667 0.231041667
0.0523958333 0.138541667 0.242916667
0.05625 0.134895833 0.242916667
0.05625 0.134895833 0.250833333
0.0523958333 0.138541667 0.25875
0.05625 0.134895833 0.25875
0.05625 0.1421875 0.100416667
0.05625 0.1421875 0.132083333
0.05625 0.1421875 0.16375
0.05625 0.1421875 0.195416667
0.05625 0.1421875 0.227083333
0.0601041667 -0.145833333 0.06875
0.0601041667 -0.145833333 0.108333333
0.0601041667 -0.145833333 0.147916667
0.0601041667 -0.145833333 0.179583333
0.0601041667 -0.145833333 0.1875
0.0601041667 -0.145833333 0.219166667
0.0601041667 -0.145833333 0.250833333
0.0639583333 -0.138541667 0.0172916667
0.0639583333 -0.1421875 0.02125
0.0639583333 -0.1421875 0.0291666667
0.0639583333 -0.1421875 0.0370833333
0.0639583333 -0.1421875 0.045
0.0639583333 -0.1421875 0.0529166667
0.0639583333 -0.1421875 0.0608333333
0.0639583333 -0.1421875 0.06875
0.0639583333 -0.1421875 0.0766666667
0.0639583333 -0.1421875 0.0845833333
0.0639583333 -0.1421875 0.0925
0.0639583333 -0.1421875 0.100416667
0.0639583333 -0.1421875 0.108333333
0.0639583333 -0.1421875 0.11625
0.0639583333 -0.1421875 0.124166667
0.0639583333 -0.1421875 0.132083333
0.0639583333 -0.1421875 0.14
0.0639583333 -0.1421875 0.147916667
0.0639583333 -0.1421875 0.155833333
0.0639583333 -0.1421875 0.16375
0.0639583333 -0.1421875 0.171666667
0.0639583333 -0.1421875 0.179583333
0.0639583333 -0.1421875 0.1875
0.0639583333 -0.1421875 0.195416667
0.0639583333 -0.1421875 0.203333333
0.0639583333 -0.1421875 0.21125
0.0639583333 -0.1421875 0.219166667
0.0639583333 -0.1421875 0.227083333
0.0639583333 -0.1421875 0.235
0.0639583333 -0.1421875 0.242916667
0.0639583333 -0.1421875 0.250833333
0.0639583333 -0.1421875 0.25875
0.0639583333 -0.138541667 0.262708333
0.0639583333 -0.13125 0.00145833333
0.0639583333 -0.134895833 0.00541666667
0.0639583333 -0.134895833 0.0133333333
0.0639583333 -0.13125 0.262708333
0.0639583333 -0.123958333 -0.00645833333
0.0639583333 -0.127604167 -0.0025
0.0639583333 -0.123958333 0.262708333
0.0639583333 -0.116666667 -0.014375
0.0639583333 -0.1203125 -0.0104166667
0.0639583333 -0.116666667 0.262708333
0.0639583333 -0.109375 -0.014375
0.0639583333 -0.109375 0.262708333
0.0601041667 -0.102083333 -0.0183333333
0.0639583333 -0.102083333 -0.0222916667
0.0639583333 -0.105729167 -0.0183333333
0.0639583333 -0.102083333 0.262708333
0.0639583333 -0.0947916667 -0.0222916667
0.0639583333 -0.0947916667 0.262708333
0.0601041667 -0.0875 -0.02625
0.0639583333 -0.0875 -0.0222916667
0.0639583333 -0.0875 0.262708333
0.0639583333 -0.0802083333 -0.0302083333
0.0639583333 -0.0838541667 -0.02625
0.0639583333 -0.0802083333 0.262708333
0.0639583333 -0.0729166667 -0.038125
0.0639583333 -0.0765625 -0.0341666667
0.0639583333 -0.0729166667 0.262708333
0.0639583333 -0.065625 -0.038125
0.0601041667 -0.065625 0.266666667
0.0639583333 -0.065625 0.262708333
0.0639583333 -0.0583333333 -0.0460416667
0.0639583333 -0.0619791667 -0.0420833333
0.0601041667 -0.0583333333 0.266666667
0.0639583333 -0.0583333333 0.262708333
0.0639583333 -0.0510416667 -0.0460416667
0.0639583333 -0.0546875 0.266666667
0.0639583333 -0.0510416667 0.270625
0.0639583333 -0.04375 -0.0539583333
0.0639583333 -0.0473958333 -0.05
0.0639583333 -0.04375 0.270625
0.0639583333 -0.0364583333 -0.0539583333
0.0639583333 -0.0364583333 0.270625
0.0639583333 -0.0291666667 -0.0539583333
0.0639583333 -0.0291666667 0.270625
0.0639583333 -0.021875 -0.0539583333
0.0639583333 -0.021875 0.270625
0.0639583333 -0.0145833333 -0.0539583333
0.0639583333 -0.0145833333 0.270625
0.0639583333 -0.00729166667 -0.0539583333
0.0639583333 -0.00729166667 0.270625
0.0639583333 0 -0.0539583333
0.0639583333 0 0.270625
0.0639583333 0.00729166667 -0.0539583333
0.0639583333 0.00729166667 0.270625
0.0639583333 0.0145833333 -0.0539583333
0.0639583333 0.0145833333 0.270625
0.0639583333 0.021875 -0.0539583333
0.0639583333 0.021875 0.270625
0.0639583333 0.0291666667 -0.0539583333
0.0639583333 0.0291666667 0.270625
0.0639583333 0.0364583333 -0.0539583333
0.0639583333 0.0364583333 0.270625
0.0639583333 0.04375 -0.0539583333
0.0639583333 0.04375 0.270625
0.0639583333 0.0473958333 -0.05
0.0639583333 0.0510416667 -0.0460416667
0.0601041667 0.0510416667 0.266666667
0.0639583333 0.0473958333 0.266666667
0.0639583333 0.0510416667 0.262708333
0.0639583333 0.0583333333 -0.0460416667
0.0639583333 0.0583333333 0.262708333
0.0639583333 0.0619791667 -0.0420833333
0.0639583333 0.065625 -0.038125
0.0639583333 0.065625 0.262708333
0.0639583333 0.0729166667 -0.038125
0.0639583333 0.0729166667 0.262708333
0.0639583333 0.0765625 -0.0341666667
0.0639583333 0.0802083333 -0.0302083333
0.0639583333 0.0802083333 0.262708333
0.0639583333 0.0838541667 -0.02625
0.0639583333 0.0875 -0.0222916667
0.0639583333 0.0875 0.262708333
0.0639583333 0.0947916667 -0.0222916667
0.0639583333 0.0947916667 0.262708333
0.0639583333 0.0984375 -0.0183333333
0.0639583333 0.102083333 -0.014375
0.0639583333 0.102083333 0.262708333
0.0601041667 0.109375 -0.0104166667
0.0639583333 0.109375 -0.014375
0.0639583333 0.109375 0.262708333
0.0639583333 0.113020833 -0.0104166667
0.0639583333 0.116666667 -0.00645833333
0.0639583333 0.116666667 0.262708333
0.0639583333 0.1203125 -0.0025
0.0639583333 0.123958333 0.00145833333
0.0639583333 0.123958333 0.262708333
0.0639583333 0.127604167 0.00541666667
0.0639583333 0.127604167 0.0133333333
0.0601041667 0.13125 0.02125
0.0639583333 0.127604167 0.02125
0.0639583333 0.13125 0.0252083333
0.0601041667 0.13125 0.25875
0.0639583333 0.127604167 0.25875
0.0639583333 0.13125 0.254791667
0.0639583333 0.134895833 0.0291666667
0.0639583333 0.134895833 0.0370833333
0.0639583333 0.134895833 0.045
0.0639583333 0.134895833 0.0529166667
0.0639583333 0.134895833 0.0608333333
0.0639583333 0.134895833 0.06875
0.0639583333 0.134895833 0.0766666667
0.0639583333 0.134895833 0.0845833333
0.0639583333 0.134895833 0.0925
0.0601041667 0.138541667 0.100416667
0.0639583333 0.134895833 0.100416667
0.0639583333 0.134895833 0.108333333
0.0639583333 0.134895833 0.11625
0.0639583333 0.134895833 0.124166667
0.0601041667 0.138541667 0.132083333
0.0639583333 0.134895833 0.132083333
0.0639583333 0.134895833 0.14
0.0639583333 0.134895833 0.147916667
0.0639583333 0.134895833 0.155833333
0.0601041667 0.138541667 0.16375
0.0639583333 0.134895833 0.16375
0.0639583333 0.134895833 0.171666667
0.0639583333 0.134895833 0.179583333
0.0639583333 0.134895833 0.1875
0.0601041667 0.138541667 0.195416667
0.0639583333 0.134895833 0.195416667
0.0639583333 0.134895833 0.203333333
0.0639583333 0.134895833 0.21125
0.0639583333 0.134895833 0.219166667
0.0601041667 0.138541667 0.227083333
0.0639583333 0.134895833 0.227083333
0.0639583333 0.134895833 0.235
0.0639583333 0.134895833 0.242916667
0.0639583333 0.134895833 0.250833333
0.0716666667 -0.138541667 0.0172916667
0.0716666667 -0.1421875 0.02125
0.0716666667 -0.1421875 0.0291666667
0.0716666667 -0.1421875 0.0370833333
0.0716666667 -0.1421875 0.045
0.0716666667 -0.1421875 0.0529166667
0.0716666667 -0.1421875 0.0608333333
0.0716666667 -0.1421875 0.06875
0.0716666667 -0.1421875 0.0766666667
0.0716666667 -0.1421875 0.0845833333
0.0716666667 -0.1421875 0.0925
0.0716666667 -0.1421875 0.100416667
0.0716666667 -0.1421875 0.108333333
0.0716666667 -0.1421875 0.11625
0.0716666667 -0.1421875 0.124166667
0.0716666667 -0.1421875 0.132083333
0.0716666667 -0.1421875 0.14
0.0716666667 -0.1421875 0.147916667
0.0716666667 -0.1421875 0.155833333
0.0716666667 -0.1421875 0.16375
0.0716666667 -0.1421875 0.171666667
0.0716666667 -0.1421875 0.179583333
0.0716666667 -0.1421875 0.1875
0.0716666667 -0.1421875 0.195416667
0.0716666667 -0.1421875 0.203333333
0.0716666667 -0.1421875 0.21125
0.0716666667 -0.1421875 0.219166667
0.0716666667 -0.1421875 0.227083333
0.0716666667 -0.1421875 0.235
0.0716666667 -0.1421875 0.242916667
0.0716666667 -0.1421875 0.250833333
0.0716666667 -0.1421875 0.25875
0.0716666667 -0.138541667 0.262708333
0.0716666667 -0.13125 0.00145833333
0.0716666667 -0.134895833 0.00541666667
0.0716666667 -0.134895833 0.0133333333
0.0716666667 -0.13125 0.262708333
0.0716666667 -0.123958333 -0.00645833333
0.0716666667 -0.127604167 -0.0025
0.0716666667 -0.123958333 0.262708333
0.0678125 -0.116666667 -0.0104166667
0.0716666667 -0.116666667 -0.00645833333
0.0716666667 -0.116666667 0.262708333
0.0716666667 -0.109375 -0.014375
0.0716666667 -0.113020833 -0.0104166667
0.0716666667 -0.109375 0.262708333
0.0716666667 -0.102083333 -0.0222916667
0.0716666667 -0.105729167 -0.0183333333
0.0716666667 -0.102083333 0.262708333
0.0716666667 -0.0947916667 -0.0222916667
0.0716666667 -0.0947916667 0.262708333
0.0678125 -0.0875 -0.02625
0.0716666667 -0.0875 -0.0302083333
0.0716666667 -0.0911458333 -0.02625
0.0716666667 -0.0875 0.262708333
0.0716666667 -0.0802083333 -0.0302083333
0.0716666667 -0.0802083333 0.262708333
0.0678125 -0.0729166667 -0.0341666667
0.0716666667 -0.0729166667 -0.0302083333
0.0716666667 -0.0729166667 0.262708333
0.0716666667 -0.065625 -0.038125
0.0716666667 -0.0692708333 -0.0341666667
0.0716666667 -0.065625 0.262708333
0.0716666667 -0.0583333333 -0.0460416667
0.0716666667 -0.0619791667 -0.0420833333
0.0716666667 -0.0583333333 0.262708333
0.0716666667 -0.0510416667 -0.0460416667
0.0678125 -0.0510416667 0.266666667
0.0716666667 -0.0510416667 0.262708333
0.0716666667 -0.04375 -0.0539583333
0.0716666667 -0.0473958333 -0.05
0.0678125 -0.04375 0.266666667
0.0716666667 -0.04375 0.262708333
0.0716666667 -0.0364583333 -0.0539583333
0.0678125 -0.0364583333 0.266666667
0.0716666667 -0.0364583333 0.262708333
0.0716666667 -0.0291666667 -0.0539583333
0.0716666667 -0.0328125 0.266666667
0.0716666667 -0.0291666667 0.270625
0.0716666667 -0.021875 -0.0539583333
0.0716666667 -0.021875 0.270625
0.0716666667 -0.0145833333 -0.0539583333
0.0716666667 -0.0145833333 0.270625
0.0716666667 -0.00729166667 -0.0539583333
0.0716666667 -0.00729166667 0.270625
0.0716666667 0 -0.0539583333
0.0716666667 0 0.270625
0.0716666667 0.00729166667 -0.0539583333
0.0716666667 0.00729166667 0.270625
0.0716666667 0.0145833333 -0.0539583333
0.0716666667 0.0145833333 0.270625
0.0716666667 0.021875 -0.0539583333
0.0716666667 0.021875 0.270625
0.0716666667 0.0291666667 -0.0539583333
0.0716666667 0.0291666667 0.270625
0.0716666667 0.0364583333 -0.0539583333
0.0716666667 0.0364583333 0.270625
0.0716666667 0.04375 -0.0539583333
0.0678125 0.04375 0.266666667
0.0716666667 0.0401041667 0.266666667
0.0716666667 0.04375 0.262708333
0.0716666667 0.0473958333 -0.05
0.0716666667 0.0510416667 -0.0460416667
0.0716666667 0.0510416667 0.262708333
0.0716666667 0.0583333333 -0.0460416667
0.0716666667 0.0583333333 0.262708333
0.0716666667 0.0619791667 -0.0420833333
0.0716666667 0.065625 -0.038125
0.0716666667 0.065625 0.262708333
0.0716666667 0.0729166667 -0.038125
0.0716666667 0.0729166667 0.262708333
0.0716666667 0.0765625 -0.0341666667
0.0716666667 0.0802083333 -0.0302083333
0.0716666667 0.0802083333 0.262708333
0.0716666667 0.0838541667 -0.02625
0.0716666667 0.0875 -0.0222916667
0.0716666667 0.0875 0.262708333
0.0716666667 0.0947916667 -0.0222916667
0.0716666667 0.0947916667 0.262708333
0.0716666667 0.0984375 -0.0183333333
0.0716666667 0.102083333 -0.014375
0.0716666667 0.102083333 0.262708333
0.0716666667 0.109375 -0.014375
0.0716666667 0.109375 0.262708333
0.0716666667 0.113020833 -0.0104166667
0.0716666667 0.116666667 -0.00645833333
0.0716666667 0.116666667 0.262708333
0.0716666667 0.1203125 -0.0025
0.0678125 0.123958333 0.00541666667
0.0716666667 0.1203125 0.00541666667
0.0716666667 0.123958333 0.009375
0.0678125 0.123958333 0.25875
0.0716666667 0.1203125 0.25875
0.0716666667 0.123958333 0.254791667
0.0716666667 0.127604167 0.0133333333
0.0678125 0.13125 0.02125
0.0716666667 0.13125 0.0172916667
0.0716666667 0.13125 0.254791667
0.0716666667 0.134895833 0.02125
0.0716666667 0.134895833 0.0291666667
0.0716666667 0.134895833 0.0370833333
0.0716666667 0.134895833 0.045
0.0716666667 0.134895833 0.0529166667
0.0716666667 0.134895833 0.0608333333
0.0716666667 0.134895833 0.06875
0.0716666667 0.134895833 0.0766666667
0.0716666667 0.134895833 0.0845833333
0.0716666667 0.134895833 0.0925
0.0716666667 0.134895833 0.100416667
0.0716666667 0.134895833 0.108333333
0.0716666667 0.134895833 0.11625
0.0716666667 0.134895833 0.124166667
0.0716666667 0.134895833 0.132083333
0.0716666667 0.134895833 0.14
0.0716666667 0.134895833 0.147916667
0.0716666667 0.134895833 0.155833333
0.0716666667 0.134895833 0.16375
0.0716666667 0.134895833 0.171666667
0.0716666667 0.134895833 0.179583333
0.0716666667 0.134895833 0.1875
0.0716666667 0.134895833 0.195416667
0.0716666667 0.134895833 0.203333333
0.0716666667 0.134895833 0.21125
0.0716666667 0.134895833 0.219166667
0.0716666667 0.134895833 0.227083333
0.0716666667 0.134895833 0.235
0.0716666667 0.134895833 0.242916667
0.0716666667 0.134895833 0.250833333
0.079375 -0.138541667 0.0172916667
0.079375 -0.1421875 0.02125
0.079375 -0.1421875 0.0291666667
0.079375 -0.1421875 0.0370833333
0.079375 -0.1421875 0.045
0.079375 -0.1421875 0.0529166667
0.079375 -0.1421875 0.0608333333
0.079375 -0.1421875 0.06875
0.079375 -0.1421875 0.0766666667
0.079375 -0.1421875 0.0845833333
0.079375 -0.1421875 0.0925
0.079375 -0.1421875 0.100416667
0.079375 -0.1421875 0.108333333
0.079375 -0.1421875 0.11625
0.079375 -0.1421875 0.124166667
0.079375 -0.1421875 0.132083333
0.079375 -0.1421875 0.14
0.079375 -0.1421875 0.147916667
0.079375 -0.1421875 0.155833333
0.079375 -0.1421875 0.16375
0.079375 -0.1421875 0.171666667
0.079375 -0.1421875 0.179583333
0.079375 -0.1421875 0.1875
0.079375 -0.1421875 0.195416667
0.079375 -0.1421875 0.203333333
0.079375 -0.1421875 0.21125
0.079375 -0.1421875 0.219166667
0.079375 -0.1421875 0.227083333
0.079375 -0.1421875 0.235
0.079375 -0.1421875 0.242916667
0.079375 -0.1421875 0.250833333
0.0755208333 -0.138541667 0.25875
0.079375 -0.138541667 0.254791667
0.079375 -0.13125 0.00145833333
0.079375 -0.134895833 0.00541666667
0.079375 -0.134895833 0.0133333333
0.079375 -0.134895833 0.25875
0.079375 -0.13125 0.262708333
0.079375 -0.123958333 -0.00645833333
0.079375 -0.127604167 -0.0025
0.079375 -0.123958333 0.262708333
0.0755208333 -0.116666667 -0.0104166667
0.079375 -0.116666667 -0.014375
0.079375 -0.1203125 -0.0104166667
0.079375 -0.116666667 0.262708333
0.079375 -0.109375 -0.014375
0.079375 -0.109375 0.262708333
0.0755208333 -0.102083333 -0.0183333333
0.079375 -0.102083333 -0.014375
0.079375 -0.102083333 0.262708333
0.079375 -0.0947916667 -0.0222916667
0.079375 -0.0984375 -0.0183333333
0.079375 -0.0947916667 0.262708333
0.079375 -0.0875 -0.0302083333
0.079375 -0.0911458333 -0.02625
0.079375 -0.0875 0.262708333
0.079375 -0.0802083333 -0.0302083333
0.079375 -0.0802083333 0.262708333
0.0755208333 -0.0729166667 -0.0341666667
0.079375 -0.0729166667 -0.038125
0.079375 -0.0765625 -0.0341666667
0.079375 -0.0729166667 0.262708333
0.079375 -0.065625 -0.038125
0.079375 -0.065625 0.262708333
0.079375 -0.0583333333 -0.0460416667
0.079375 -0.0619791667 -0.0420833333
0.079375 -0.0583333333 0.262708333
0.079375 -0.0510416667 -0.0460416667
0.079375 -0.0510416667 0.262708333
0.0755208333 -0.04375 -0.05
0.079375 -0.04375 -0.0460416667
0.079375 -0.04375 0.262708333
0.0755208333 -0.0364583333 -0.05
0.079375 -0.0364583333 -0.0460416667
0.079375 -0.0364583333 0.262708333
0.0755208333 -0.0291666667 -0.05
0.079375 -0.0291666667 -0.0460416667
0.0755208333 -0.0291666667 0.266666667
0.079375 -0.0291666667 0.262708333
0.0755208333 -0.021875 -0.05
0.079375 -0.021875 -0.0460416667
0.0755208333 -0.021875 0.266666667
0.079375 -0.021875 0.262708333
0.0755208333 -0.0145833333 -0.05
0.079375 -0.0145833333 -0.0460416667
0.079375 -0.0182291667 0.266666667
0.079375 -0.0145833333 0.270625
0.0755208333 -0.00729166667 -0.05
0.079375 -0.00729166667 -0.0460416667
0.079375 -0.00729166667 0.270625
0.0755208333 0 -0.05
0.079375 0 -0.0460416667
0.079375 0 0.270625
0.0755208333 0.00729166667 -0.05
0.079375 0.00729166667 -0.0460416667
0.079375 0.00729166667 0.270625
0.0755208333 0.0145833333 -0.05
0.079375 0.0145833333 -0.0460416667
0.079375 0.0145833333 0.270625
0.0755208333 0.021875 -0.05
0.079375 0.021875 -0.0460416667
0.079375 0.021875 0.270625
0.0755208333 0.0291666667 -0.05
0.079375 0.0291666667 -0.0460416667
0.079375 0.0291666667 0.270625
0.0755208333 0.0364583333 -0.05
0.079375 0.0364583333 -0.0460416667
0.0755208333 0.0364583333 0.266666667
0.079375 0.0328125 0.266666667
0.079375 0.0364583333 0.262708333
0.0755208333 0.04375 -0.05
0.079375 0.04375 -0.0460416667
0.079375 0.04375 0.262708333
0.079375 0.0510416667 -0.0460416667
0.079375 0.0510416667 0.262708333
0.079375 0.0583333333 -0.0460416667
0.079375 0.0583333333 0.262708333
0.079375 0.0619791667 -0.0420833333
0.079375 0.065625 -0.038125
0.079375 0.065625 0.262708333
0.079375 0.0729166667 -0.038125
0.079375 0.0729166667 0.262708333
0.079375 0.0765625 -0.0341666667
0.079375 0.0802083333 -0.0302083333
0.079375 0.0802083333 0.262708333
0.079375 0.0838541667 -0.02625
0.079375 0.0875 -0.0222916667
0.079375 0.0875 0.262708333
0.079375 0.0947916667 -0.0222916667
0.079375 0.0947916667 0.262708333
0.079375 0.0984375 -0.0183333333
0.079375 0.102083333 -0.014375
0.079375 0.102083333 0.262708333
0.079375 0.109375 -0.014375
0.079375 0.109375 0.262708333
0.079375 0.113020833 -0.0104166667
0.079375 0.116666667 -0.00645833333
0.0755208333 0.116666667 0.25875
0.079375 0.113020833 0.25875
0.079375 0.116666667 0.254791667
0.079375 0.1203125 -0.0025
0.079375 0.1203125 0.00541666667
0.079375 0.123958333 0.009375
0.079375 0.123958333 0.254791667
0.079375 0.127604167 0.0133333333
0.0755208333 0.13125 0.02125
0.079375 0.127604167 0.02125
0.079375 0.13125 0.0252083333
0.079375 0.13125 0.254791667
0.079375 0.134895833 0.0291666667
0.079375 0.134895833 0.0370833333
0.079375 0.134895833 0.045
0.079375 0.134895833 0.0529166667
0.079375 0.134895833 0.0608333333
0.079375 0.134895833 0.06875
0.079375 0.134895833 0.0766666667
0.079375 0.134895833 0.0845833333
0.079375 0.134895833 0.0925
0.079375 0.134895833 0.100416667
0.079375 0.134895833 0.108333333
0.079375 0.134895833 0.11625
0.079375 0.134895833 0.124166667
0.079375 0.134895833 0.132083333
0.079375 0.134895833 0.14
0.079375 0.134895833 0.147916667
0.079375 0.134895833 0.155833333
0.079375 0.134895833 0.16375
0.079375 0.134895833 0.171666667
0.079375 0.134895833 0.179583333
0.079375 0.134895833 0.1875
0.079375 0.134895833 0.195416667
0.079375 0.134895833 0.203333333
0.079375 0.134895833 0.21125
0.079375 0.134895833 0.219166667
0.079375 0.134895833 0.227083333
0.079375 0.134895833 0.235
0.079375 0.134895833 0.242916667
0.079375 0.134895833 0.250833333
0.0870833333 -0.138541667 0.0172916667
0.0870833333 -0.1421875 0.02125
0.0870833333 -0.1421875 0.0291666667
0.0832291667 -0.138541667 0.0370833333
0.0870833333 -0.138541667 0.033125
0.0832291667 -0.138541667 0.045
0.0870833333 -0.138541667 0.0489583333
0.0870833333 -0.1421875 0.0529166667
0.0870833333 -0.1421875 0.0608333333
0.0870833333 -0.1421875 0.06875
0.0870833333 -0.1421875 0.0766666667
0.0832291667 -0.138541667 0.0845833333
0.0870833333 -0.138541667 0.080625
0.0870833333 -0.138541667 0.0885416667
0.0870833333 -0.1421875 0.0925
0.0870833333 -0.1421875 0.100416667
0.0870833333 -0.1421875 0.108333333
0.0870833333 -0.1421875 0.11625
0.0832291667 -0.138541667 0.124166667
0.0870833333 -0.138541667 0.120208333
0.0832291667 -0.138541667 0.132083333
0.0870833333 -0.138541667 0.136041667
0.0870833333 -0.1421875 0.14
0.0870833333 -0.1421875 0.147916667
0.0870833333 -0.1421875 0.155833333
0.0832291667 -0.138541667 0.16375
0.0870833333 -0.138541667 0.159791667
0.0832291667 -0.138541667 0.171666667
0.0870833333 -0.138541667 0.175625
0.0870833333 -0.1421875 0.179583333
0.0870833333 -0.1421875 0.1875
0.0870833333 -0.1421875 0.195416667
0.0832291667 -0.138541667 0.203333333
0.0870833333 -0.138541667 0.199375
0.0870833333 -0.138541667 0.207291667
0.0870833333 -0.1421875 0.21125
0.0870833333 -0.1421875 0.219166667
0.0870833333 -0.1421875 0.227083333
0.0832291667 -0.138541667 0.235
0.0870833333 -0.138541667 0.231041667
0.0832291667 -0.138541667 0.242916667
0.0870833333 -0.138541667 0.246875
0.0870833333 -0.1421875 0.250833333
0.0870833333 -0.138541667 0.254791667
0.0870833333 -0.13125 0.00145833333
0.0870833333 -0.134895833 0.00541666667
0.0870833333 -0.134895833 0.0133333333
0.0870833333 -0.134895833 0.0370833333
0.0870833333 -0.134895833 0.045
0.0870833333 -0.134895833 0.0845833333
0.0870833333 -0.134895833 0.124166667
0.0870833333 -0.134895833 0.132083333
0.0870833333 -0.134895833 0.16375
0.0870833333 -0.134895833 0.171666667
0.0870833333 -0.134895833 0.203333333
0.0870833333 -0.134895833 0.235
0.0870833333 -0.134895833 0.242916667
0.0870833333 -0.134895833 0.25875
0.0870833333 -0.13125 0.262708333
0.0870833333 -0.123958333 -0.00645833333
0.0870833333 -0.127604167 -0.0025
0.0870833333 -0.123958333 0.262708333
0.0870833333 -0.116666667 -0.014375
0.0870833333 -0.1203125 -0.0104166667
0.0870833333 -0.116666667 0.262708333
0.0870833333 -0.109375 -0.014375
0.0870833333 -0.109375 0.262708333
0.0832291667 -0.102083333 -0.0183333333
0.0870833333 -0.102083333 -0.0222916667
0.0870833333 -0.105729167 -0.0183333333
0.0870833333 -0.102083333 0.262708333
0.0870833333 -0.0947916667 -0.0222916667
0.0870833333 -0.0947916667 0.262708333
0.0870833333 -0.0875 -0.0302083333
0.0870833333 -0.0911458333 -0.02625
0.0870833333 -0.0875 0.262708333
0.0870833333 -0.0802083333 -0.0302083333
0.0870833333 -0.0802083333 0.262708333
0.0870833333 -0.0729166667 -0.038125
0.0870833333 -0.0765625 -0.0341666667
0.0870833333 -0.0729166667 0.262708333
0.0870833333 -0.065625 -0.038125
0.0870833333 -0.065625 0.262708333
0.0832291667 -0.0583333333 -0.0420833333
0.0870833333 -0.0583333333 -0.038125
0.0870833333 -0.0583333333 0.262708333
0.0832291667 -0.0510416667 -0.0420833333
0.0870833333 -0.0510416667 -0.038125
0.0870833333 -0.0510416667 0.262708333
0.0832291667 -0.04375 -0.0420833333
0.0870833333 -0.04375 -0.038125
0.0870833333 -0.04375 0.262708333
0.0832291667 -0.0364583333 -0.0420833333
0.0870833333 -0.0364583333 -0.038125
0.0870833333 -0.0364583333 0.262708333
0.0832291667 -0.0291666667 -0.0420833333
0.0870833333 -0.0291666667 -0.038125
0.0870833333 -0.0291666667 0.262708333
0.0832291667 -0.021875 -0.0420833333
0.0870833333 -0.021875 -0.038125
0.0870833333 -0.021875 0.262708333
0.0832291667 -0.0145833333 -0.0420833333
0.0870833333 -0.0145833333 -0.038125
0.0832291667 -0.0145833333 0.266666667
0.0870833333 -0.0145833333 0.262708333
0.0832291667 -0.00729166667 -0.0420833333
0.0870833333 -0.00729166667 -0.038125
0.0832291667 -0.00729166667 0.266666667
0.0870833333 -0.00729166667 0.262708333
0.0832291667 0 -0.0420833333
0.0870833333 0 -0.038125
0.0832291667 0 0.266666667
0.0870833333 0 0.262708333
0.0832291667 0.00729166667 -0.0420833333
0.0870833333 0.00729166667 -0.038125
0.0870833333 0.00364583333 0.266666667
0.0870833333 0.00729166667 0.270625
0.0832291667 0.0145833333 -0.0420833333
0.0870833333 0.0145833333 -0.038125
0.0870833333 0.0145833333 0.270625
0.0832291667 0.021875 -0.0420833333
0.0870833333 0.021875 -0.038125
0.0870833333 0.021875 0.270625
0.0832291667 0.0291666667 -0.0420833333
0.0870833333 0.0291666667 -0.038125
0.0832291667 0.0291666667 0.266666667
0.0870833333 0.0255208333 0.266666667
0.0870833333 0.0291666667 0.262708333
0.0832291667 0.0364583333 -0.0420833333
0.0870833333 0.0364583333 -0.038125
0.0870833333 0.0364583333 0.262708333
0.0832291667 0.04375 -0.0420833333
0.0870833333 0.04375 -0.038125
0.0870833333 0.04375 0.262708333
0.0832291667 0.0510416667 -0.0420833333
0.0870833333 0.0510416667 -0.038125
0.0870833333 0.0510416667 0.262708333
0.0832291667 0.0583333333 -0.0420833333
0.0870833333 0.0583333333 -0.038125
0.0870833333 0.0583333333 0.262708333
0.0870833333 0.065625 -0.038125
0.0870833333 0.065625 0.262708333
0.0870833333 0.0729166667 -0.038125
0.0870833333 0.0729166667 0.262708333
0.0870833333 0.0765625 -0.0341666667
0.0870833333 0.0802083333 -0.0302083333
0.0870833333 0.0802083333 0.262708333
0.0870833333 0.0838541667 -0.02625
0.0870833333 0.0875 -0.0222916667
0.0870833333 0.0875 0.262708333
0.0870833333 0.0947916667 -0.0222916667
0.0870833333 0.0947916667 0.262708333
0.0870833333 0.0984375 -0.0183333333
0.0870833333 0.102083333 -0.014375
0.0870833333 0.102083333 0.262708333
0.0870833333 0.109375 -0.014375
0.0832291667 0.109375 0.25875
0.0870833333 0.105729167 0.25875
0.0870833333 0.109375 0.254791667
0.0870833333 0.113020833 -0.0104166667
0.0870833333 0.116666667 -0.00645833333
0.0870833333 0.116666667 0.254791667
0.0870833333 0.1203125 -0.0025
0.0832291667 0.123958333 0.00541666667
0.0870833333 0.123958333 0.00145833333
0.0870833333 0.123958333 0.254791667
0.0870833333 0.127604167 0.00541666667
0.0870833333 0.127604167 0.0133333333
0.0870833333 0.127604167 0.02125
0.0832291667 0.13125 0.0291666667
0.0870833333 0.127604167 0.0291666667
0.0832291667 0.13125 0.0370833333
0.0870833333 0.127604167 0.0370833333
0.0870833333 0.13125 0.0410416667
0.0832291667 0.13125 0.06875
0.0870833333 0.127604167 0.06875
0.0870833333 0.13125 0.0647916667
0.0832291667 0.13125 0.0766666667
0.0870833333 0.127604167 0.0766666667
0.0870833333 0.13125 0.080625
0.0832291667 0.13125 0.108333333
0.0870833333 0.127604167 0.108333333
0.0870833333 0.13125 0.104375
0.0870833333 0.13125 0.112291667
0.0832291667 0.13125 0.14
0.0870833333 0.127604167 0.14
0.0870833333 0.13125 0.136041667
0.0832291667 0.13125 0.147916667
0.0870833333 0.127604167 0.147916667
0.0870833333 0.13125 0.151875
0.0832291667 0.13125 0.179583333
0.0870833333 0.127604167 0.179583333
0.0870833333 0.13125 0.175625
0.0870833333 0.13125 0.183541667
0.0832291667 0.13125 0.21125
0.0870833333 0.127604167 0.21125
0.0870833333 0.13125 0.207291667
0.0870833333 0.13125 0.215208333
0.0832291667 0.13125 0.242916667
0.0870833333 0.127604167 0.242916667
0.0870833333 0.13125 0.238958333
0.0870833333 0.13125 0.246875
0.0870833333 0.13125 0.254791667
0.0870833333 0.134895833 0.045
0.0870833333 0.134895833 0.0529166667
0.0870833333 0.134895833 0.0608333333
0.0870833333 0.134895833 0.0845833333
0.0870833333 0.134895833 0.0925
0.0870833333 0.134895833 0.100416667
0.0870833333 0.134895833 0.11625
0.0870833333 0.134895833 0.124166667
0.0870833333 0.134895833 0.132083333
0.0870833333 0.134895833 0.155833333
0.0870833333 0.134895833 0.16375
0.0870833333 0.134895833 0.171666667
0.0870833333 0.134895833 0.1875
0.0870833333 0.134895833 0.195416667
0.0870833333 0.134895833 0.203333333
0.0870833333 0.134895833 0.219166667
0.0870833333 0.134895833 0.227083333
0.0870833333 0.134895833 0.235
0.0870833333 0.134895833 0.250833333
0.0909375 -0.138541667 0.02125
0.0909375 -0.138541667 0.0291666667
0.0947916667 -0.138541667 0.0489583333
0.0947916667 -0.1421875 0.0529166667
0.0909375 -0.138541667 0.0608333333
0.0947916667 -0.138541667 0.056875
0.0909375 -0.138541667 0.06875
0.0909375 -0.138541667 0.0766666667
0.0947916667 -0.138541667 0.0885416667
0.0947916667 -0.1421875 0.0925
0.0909375 -0.138541667 0.100416667
0.0947916667 -0.138541667 0.0964583333
0.0909375 -0.138541667 0.108333333
0.0909375 -0.138541667 0.11625
0.0909375 -0.138541667 0.132083333
0.0947916667 -0.138541667 0.128125
0.0947916667 -0.1421875 0.132083333
0.0947916667 -0.1421875 0.14
0.0909375 -0.138541667 0.147916667
0.0947916667 -0.138541667 0.143958333
0.0909375 -0.138541667 0.155833333
0.0909375 -0.138541667 0.171666667
0.0947916667 -0.138541667 0.167708333
0.0947916667 -0.1421875 0.171666667
0.0947916667 -0.138541667 0.175625
0.0909375 -0.138541667 0.179583333
0.0909375 -0.138541667 0.1875
0.0909375 -0.138541667 0.195416667
0.0947916667 -0.138541667 0.207291667
0.0947916667 -0.1421875 0.21125
0.0909375 -0.138541667 0.219166667
0.0947916667 -0.138541667 0.215208333
0.0909375 -0.138541667 0.227083333
0.0947916667 -0.138541667 0.246875
0.0947916667 -0.1421875 0.250833333
0.0947916667 -0.138541667 0.254791667
0.0947916667 -0.13125 0.00145833333
0.0947916667 -0.134895833 0.00541666667
0.0947916667 -0.134895833 0.0133333333
0.0947916667 -0.134895833 0.02125
0.0947916667 -0.134895833 0.0291666667
0.0947916667 -0.134895833 0.0370833333
0.0947916667 -0.134895833 0.045
0.0947916667 -0.134895833 0.0608333333
0.0947916667 -0.134895833 0.06875
0.0947916667 -0.134895833 0.0766666667
0.0947916667 -0.134895833 0.0845833333
0.0947916667 -0.134895833 0.100416667
0.0947916667 -0.134895833 0.108333333
0.0947916667 -0.134895833 0.11625
0.0947916667 -0.134895833 0.124166667
0.0947916667 -0.134895833 0.147916667
0.0947916667 -0.134895833 0.155833333
0.0947916667 -0.134895833 0.16375
0.0947916667 -0.134895833 0.179583333
0.0947916667 -0.134895833 0.1875
0.0947916667 -0.134895833 0.195416667
0.0947916667 -0.134895833 0.203333333
0.0947916667 -0.134895833 0.219166667
0.0947916667 -0.134895833 0.227083333
0.0947916667 -0.134895833 0.235
0.0947916667 -0.134895833 0.242916667
0.0909375 -0.13125 0.25875
0.0947916667 -0.13125 0.254791667
0.0947916667 -0.123958333 -0.00645833333
0.0947916667 -0.127604167 -0.0025
0.0947916667 -0.127604167 0.25875
0.0947916667 -0.123958333 0.262708333
0.0909375 -0.116666667 -0.0104166667
0.0947916667 -0.116666667 -0.00645833333
0.0947916667 -0.116666667 0.262708333
0.0947916667 -0.109375 -0.014375
0.0947916667 -0.113020833 -0.0104166667
0.0947916667 -0.109375 0.262708333
0.0947916667 -0.102083333 -0.0222916667
0.0947916667 -0.105729167 -0.0183333333
0.0947916667 -0.102083333 0.262708333
0.0947916667 -0.0947916667 -0.0222916667
0.0947916667 -0.0947916667 0.262708333
0.0947916667 -0.0875 -0.0302083333
0.0947916667 -0.0911458333 -0.02625
0.0947916667 -0.0875 0.262708333
0.0947916667 -0.0802083333 -0.0302083333
0.0947916667 -0.0802083333 0.262708333
0.0947916667 -0.0729166667 -0.038125
0.0947916667 -0.0765625 -0.0341666667
0.0947916667 -0.0729166667 0.262708333
0.0947916667 -0.065625 -0.038125
0.0947916667 -0.065625 0.262708333
0.0947916667 -0.0583333333 -0.038125
0.0947916667 -0.0583333333 0.262708333
0.0947916667 -0.0510416667 -0.038125
0.0947916667 -0.0510416667 0.262708333
0.0947916667 -0.04375 -0.038125
0.0947916667 -0.04375 0.262708333
0.0947916667 -0.0364583333 -0.038125
0.0947916667 -0.0364583333 0.262708333
0.0947916667 -0.0291666667 -0.038125
0.0947916667 -0.0291666667 0.262708333
0.0947916667 -0.021875 -0.038125
0.0947916667 -0.021875 0.262708333
0.0947916667 -0.0145833333 -0.038125
0.0947916667 -0.0145833333 0.262708333
0.0947916667 -0.00729166667 -0.038125
0.0947916667 -0.00729166667 0.262708333
0.0947916667 0 -0.038125
0.0947916667 0 0.262708333
0.0947916667 0.00729166667 -0.038125
0.0909375 0.00729166667 0.266666667
0.0947916667 0.00729166667 0.262708333
0.0947916667 0.0145833333 -0.038125
0.0909375 0.0145833333 0.266666667
0.0947916667 0.0145833333 0.262708333
0.0947916667 0.021875 -0.038125
0.0909375 0.021875 0.266666667
0.0947916667 0.021875 0.262708333
0.0947916667 0.0291666667 -0.038125
0.0947916667 0.0291666667 0.262708333
0.0947916667 0.0364583333 -0.038125
0.0947916667 0.0364583333 0.262708333
0.0947916667 0.04375 -0.038125
0.0947916667 0.04375 0.262708333
0.0947916667 0.0510416667 -0.038125
0.0947916667 0.0510416667 0.262708333
0.0947916667 0.0583333333 -0.038125
0.0947916667 0.0583333333 0.262708333
0.0947916667 0.065625 -0.038125
0.0947916667 0.065625 0.262708333
0.0947916667 0.0729166667 -0.038125
0.0947916667 0.0729166667 0.262708333
0.0947916667 0.0765625 -0.0341666667
0.0947916667 0.0802083333 -0.0302083333
0.0947916667 0.0802083333 0.262708333
0.0947916667 0.0838541667 -0.02625
0.0947916667 0.0875 -0.0222916667
0.0947916667 0.0875 0.262708333
0.0947916667 0.0947916667 -0.0222916667
0.0947916667 0.0947916667 0.262708333
0.0947916667 0.0984375 -0.0183333333
0.0947916667 0.102083333 -0.014375
0.0909375 0.102083333 0.25875
0.0947916667 0.0984375 0.25875
0.0947916667 0.102083333 0.254791667
0.0947916667 0.109375 -0.014375
0.0947916667 0.109375 0.254791667
0.0947916667 0.113020833 -0.0104166667
0.0947916667 0.116666667 -0.00645833333
0.0947916667 0.116666667 0.254791667
0.0947916667 0.1203125 -0.0025
0.0909375 0.123958333 0.00541666667
0.0947916667 0.1203125 0.00541666667
0.0947916667 0.123958333 0.009375
0.0947916667 0.123958333 0.254791667
0.0947916667 0.127604167 0.0133333333
0.0947916667 0.127604167 0.02125
0.0947916667 0.127604167 0.0291666667
0.0947916667 0.127604167 0.0370833333
0.0909375 0.13125 0.045
0.0947916667 0.127604167 0.045
0.0909375 0.13125 0.0529166667
0.0947916667 0.127604167 0.0529166667
0.0909375 0.13125 0.0608333333
0.0947916667 0.127604167 0.0608333333
0.0947916667 0.127604167 0.06875
0.0947916667 0.127604167 0.0766666667
0.0947916667 0.13125 0.080625
0.0909375 0.13125 0.0925
0.0947916667 0.127604167 0.0925
0.0947916667 0.13125 0.0885416667
0.0909375 0.13125 0.100416667
0.0947916667 0.127604167 0.100416667
0.0947916667 0.127604167 0.108333333
0.0947916667 0.13125 0.112291667
0.0909375 0.13125 0.124166667
0.0947916667 0.127604167 0.124166667
0.0947916667 0.13125 0.120208333
0.0909375 0.13125 0.132083333
0.0947916667 0.127604167 0.132083333
0.0947916667 0.127604167 0.14
0.0947916667 0.127604167 0.147916667
0.0909375 0.13125 0.155833333
0.0947916667 0.127604167 0.155833333
0.0909375 0.13125 0.16375
0.0947916667 0.127604167 0.16375
0.0909375 0.13125 0.171666667
0.0947916667 0.127604167 0.171666667
0.0947916667 0.127604167 0.179583333
0.0909375 0.13125 0.1875
0.0947916667 0.127604167 0.1875
0.0909375 0.13125 0.195416667
0.0947916667 0.127604167 0.195416667
0.0909375 0.13125 0.203333333
0.0947916667 0.127604167 0.203333333
0.0947916667 0.127604167 0.21125
0.0909375 0.13125 0.219166667
0.0947916667 0.127604167 0.219166667
0.0909375 0.13125 0.227083333
0.0947916667 0.127604167 0.227083333
0.0909375 0.13125 0.235
0.0947916667 0.127604167 0.235
0.0947916667 0.127604167 0.242916667
0.0947916667 0.13125 0.246875
0.0947916667 0.13125 0.254791667
0.0947916667 0.134895833 0.0845833333
0.0947916667 0.134895833 0.11625
0.0947916667 0.134895833 0.250833333
0.0986458333 -0.138541667 0.0529166667
0.0986458333 -0.138541667 0.0925
0.0986458333 -0.138541667 0.132083333
0.0986458333 -0.138541667 0.14
0.0986458333 -0.138541667 0.171666667
0.0986458333 -0.138541667 0.21125
0.0986458333 -0.138541667 0.250833333
0.1025 -0.13125 0.00145833333
0.1025 -0.134895833 0.00541666667
0.1025 -0.134895833 0.0133333333
0.1025 -0.134895833 0.02125
0.1025 -0.134895833 0.0291666667
0.1025 -0.134895833 0.0370833333
0.1025 -0.134895833 0.045
0.1025 -0.134895833 0.0529166667
0.1025 -0.134895833 0.0608333333
0.1025 -0.134895833 0.06875
0.1025 -0.134895833 0.0766666667
0.1025 -0.134895833 0.0845833333
0.1025 -0.134895833 0.0925
0.1025 -0.134895833 0.100416667
0.1025 -0.134895833 0.108333333
0.1025 -0.134895833 0.11625
0.1025 -0.134895833 0.124166667
0.1025 -0.134895833 0.132083333
0.1025 -0.134895833 0.14
0.1025 -0.134895833 0.147916667
0.1025 -0.134895833 0.155833333
0.1025 -0.134895833 0.16375
0.1025 -0.134895833 0.171666667
0.1025 -0.134895833 0.179583333
0.1025 -0.134895833 0.1875
0.1025 -0.134895833 0.195416667
0.1025 -0.134895833 0.203333333
0.1025 -0.134895833 0.21125
0.1025 -0.134895833 0.219166667
0.1025 -0.134895833 0.227083333
0.1025 -0.134895833 0.235
0.1025 -0.134895833 0.242916667
0.1025 -0.134895833 0.250833333
0.1025 -0.13125 0.254791667
0.1025 -0.123958333 -0.00645833333
0.1025 -0.127604167 -0.0025
0.0986458333 -0.123958333 0.25875
0.1025 -0.123958333 0.254791667
0.0986458333 -0.116666667 -0.0104166667
0.1025 -0.116666667 -0.014375
0.1025 -0.1203125 -0.0104166667
0.0986458333 -0.116666667 0.25875
0.1025 -0.116666667 0.254791667
0.1025 -0.109375 -0.014375
0.0986458333 -0.109375 0.25875
0.1025 -0.109375 0.254791667
0.0986458333 -0.102083333 -0.0183333333
0.1025 -0.102083333 -0.014375
0.1025 -0.105729167 0.25875
0.1025 -0.102083333 0.262708333
0.1025 -0.0947916667 -0.0222916667
0.1025 -0.0984375 -0.0183333333
0.1025 -0.0947916667 0.262708333
0.1025 -0.0875 -0.0302083333
0.1025 -0.0911458333 -0.02625
0.1025 -0.0875 0.262708333
0.1025 -0.0802083333 -0.0302083333
0.1025 -0.0802083333 0.262708333
0.0986458333 -0.0729166667 -0.0341666667
0.1025 -0.0729166667 -0.0302083333
0.1025 -0.0729166667 0.262708333
0.0986458333 -0.065625 -0.0341666667
0.1025 -0.065625 -0.0302083333
0.1025 -0.065625 0.262708333
0.0986458333 -0.0583333333 -0.0341666667
0.1025 -0.0583333333 -0.0302083333
0.1025 -0.0583333333 0.262708333
0.0986458333 -0.0510416667 -0.0341666667
0.1025 -0.0510416667 -0.0302083333
0.1025 -0.0510416667 0.262708333
0.0986458333 -0.04375 -0.0341666667
0.1025 -0.04375 -0.0302083333
0.1025 -0.04375 0.262708333
0.0986458333 -0.0364583333 -0.0341666667
0.1025 -0.0364583333 -0.0302083333
0.1025 -0.0364583333 0.262708333
0.0986458333 -0.0291666667 -0.0341666667
0.1025 -0.0291666667 -0.0302083333
0.1025 -0.0291666667 0.262708333
0.0986458333 -0.021875 -0.0341666667
0.1025 -0.021875 -0.0302083333
0.1025 -0.021875 0.262708333
0.0986458333 -0.0145833333 -0.0341666667
0.1025 -0.0145833333 -0.0302083333
0.1025 -0.0145833333 0.262708333
0.0986458333 -0.00729166667 -0.0341666667
0.1025 -0.00729166667 -0.0302083333
0.1025 -0.00729166667 0.262708333
0.0986458333 0 -0.0341666667
0.1025 0 -0.0302083333
0.1025 0 0.262708333
0.0986458333 0.00729166667 -0.0341666667
0.1025 0.00729166667 -0.0302083333
0.1025 0.00729166667 0.262708333
0.0986458333 0.0145833333 -0.0341666667
0.1025 0.0145833333 -0.0302083333
0.1025 0.0145833333 0.262708333
0.0986458333 0.021875 -0.0341666667
0.1025 0.021875 -0.0302083333
0.1025 0.021875 0.262708333
0.0986458333 0.0291666667 -0.0341666667
0.1025 0.0291666667 -0.0302083333
0.1025 0.0291666667 0.262708333
0.0986458333 0.0364583333 -0.0341666667
0.1025 0.0364583333 -0.0302083333
0.1025 0.0364583333 0.262708333
0.0986458333 0.04375 -0.0341666667
0.1025 0.04375 -0.0302083333
0.1025 0.04375 0.262708333
0.0986458333 0.0510416667 -0.0341666667
0.1025 0.0510416667 -0.0302083333
0.1025 0.0510416667 0.262708333
0.0986458333 0.0583333333 -0.0341666667
0.1025 0.0583333333 -0.0302083333
0.1025 0.0583333333 0.262708333
0.0986458333 0.065625 -0.0341666667
0.1025 0.065625 -0.0302083333
0.1025 0.065625 0.262708333
0.0986458333 0.0729166667 -0.0341666667
0.1025 0.0729166667 -0.0302083333
0.1025 0.0729166667 0.262708333
0.1025 0.0802083333 -0.0302083333
0.1025 0.0802083333 0.262708333
0.1025 0.0838541667 -0.02625
0.1025 0.0875 -0.0222916667
0.1025 0.0875 0.262708333
0.1025 0.0947916667 -0.0222916667
0.0986458333 0.0947916667 0.25875
0.1025 0.0911458333 0.25875
0.1025 0.0947916667 0.254791667
0.1025 0.0984375 -0.0183333333
0.1025 0.102083333 -0.014375
0.1025 0.102083333 0.254791667
0.1025 0.109375 -0.014375
0.1025 0.109375 0.254791667
0.1025 0.113020833 -0.0104166667
0.1025 0.116666667 -0.00645833333
0.1025 0.116666667 0.254791667
0.1025 0.1203125 -0.0025
0.0986458333 0.123958333 0.00541666667
0.1025 0.123958333 0.00145833333
0.1025 0.123958333 0.254791667
0.1025 0.127604167 0.00541666667
0.1025 0.127604167 0.0133333333
0.1025 0.127604167 0.02125
0.1025 0.127604167 0.0291666667
0.1025 0.127604167 0.0370833333
0.1025 0.127604167 0.045
0.1025 0.127604167 0.0529166667
0.1025 0.127604167 0.0608333333
0.1025 0.127604167 0.06875
0.1025 0.127604167 0.0766666667
0.0986458333 0.13125 0.0845833333
0.1025 0.127604167 0.0845833333
0.1025 0.127604167 0.0925
0.1025 0.127604167 0.100416667
0.1025 0.127604167 0.108333333
0.0986458333 0.13125 0.11625
0.1025 0.127604167 0.11625
0.1025 0.127604167 0.124166667
0.1025 0.127604167 0.132083333
0.1025 0.127604167 0.14
0.1025 0.127604167 0.147916667
0.1025 0.127604167 0.155833333
0.1025 0.127604167 0.16375
0.1025 0.127604167 0.171666667
0.1025 0.127604167 0.179583333
0.1025 0.127604167 0.1875
0.1025 0.127604167 0.195416667
0.1025 0.127604167 0.203333333
0.1025 0.127604167 0.21125
0.1025 0.127604167 0.219166667
0.1025 0.127604167 0.227083333
0.1025 0.127604167 0.235
0.1025 0.127604167 0.242916667
0.0986458333 0.13125 0.250833333
0.1025 0.127604167 0.250833333
0.110208333 -0.13125 0.00145833333
0.110208333 -0.134895833 0.00541666667
0.110208333 -0.134895833 0.0133333333
0.110208333 -0.134895833 0.02125
0.110208333 -0.134895833 0.0291666667
0.110208333 -0.134895833 0.0370833333
0.110208333 -0.134895833 0.045
0.110208333 -0.134895833 0.0529166667
0.110208333 -0.134895833 0.0608333333
0.110208333 -0.134895833 0.06875
0.110208333 -0.134895833 0.0766666667
0.110208333 -0.134895833 0.0845833333
0.110208333 -0.134895833 0.0925
0.110208333 -0.134895833 0.100416667
0.110208333 -0.134895833 0.108333333
0.110208333 -0.134895833 0.11625
0.110208333 -0.134895833 0.124166667
0.110208333 -0.134895833 0.132083333
0.110208333 -0.134895833 0.14
0.110208333 -0.134895833 0.147916667
0.110208333 -0.134895833 0.155833333
0.110208333 -0.134895833 0.16375
0.110208333 -0.134895833 0.171666667
0.110208333 -0.134895833 0.179583333
0.110208333 -0.134895833 0.1875
0.110208333 -0.134895833 0.195416667
0.110208333 -0.134895833 0.203333333
0.110208333 -0.134895833 0.21125
0.110208333 -0.134895833 0.219166667
0.110208333 -0.134895833 0.227083333
0.110208333 -0.134895833 0.235
0.110208333 -0.134895833 0.242916667
0.110208333 -0.134895833 0.250833333
0.110208333 -0.13125 0.254791667
0.110208333 -0.123958333 -0.00645833333
0.110208333 -0.127604167 -0.0025
0.110208333 -0.123958333 0.254791667
0.106354167 -0.116666667 -0.0104166667
0.110208333 -0.116666667 -0.00645833333
0.110208333 -0.116666667 0.254791667
0.110208333 -0.109375 -0.014375
0.110208333 -0.113020833 -0.0104166667
0.110208333 -0.109375 0.254791667
0.106354167 -0.102083333 -0.0183333333
0.110208333 -0.102083333 -0.0222916667
0.110208333 -0.105729167 -0.0183333333
0.106354167 -0.102083333 0.25875
0.110208333 -0.102083333 0.254791667
0.110208333 -0.0947916667 -0.0222916667
0.106354167 -0.0947916667 0.25875
0.110208333 -0.0947916667 0.254791667
0.106354167 -0.0875 -0.02625
0.110208333 -0.0875 -0.0222916667
0.110208333 -0.0911458333 0.25875
0.110208333 -0.0875 0.262708333
0.106354167 -0.0802083333 -0.02625
0.110208333 -0.0802083333 -0.0222916667
0.110208333 -0.0802083333 0.262708333
0.106354167 -0.0729166667 -0.02625
0.110208333 -0.0729166667 -0.0222916667
0.110208333 -0.0729166667 0.262708333
0.106354167 -0.065625 -0.02625
0.110208333 -0.065625 -0.0222916667
0.110208333 -0.065625 0.262708333
0.106354167 -0.0583333333 -0.02625
0.110208333 -0.0583333333 -0.0222916667
0.110208333 -0.0583333333 0.262708333
0.106354167 -0.0510416667 -0.02625
0.110208333 -0.0510416667 -0.0222916667
0.110208333 -0.0510416667 0.262708333
0.106354167 -0.04375 -0.02625
0.110208333 -0.04375 -0.0222916667
0.110208333 -0.04375 0.262708333
0.106354167 -0.0364583333 -0.02625
0.110208333 -0.0364583333 -0.0222916667
0.110208333 -0.0364583333 0.262708333
0.106354167 -0.0291666667 -0.02625
0.110208333 -0.0291666667 -0.0222916667
0.110208333 -0.0291666667 0.262708333
0.106354167 -0.021875 -0.02625
0.110208333 -0.021875 -0.0222916667
0.110208333 -0.021875 0.262708333
0.106354167 -0.0145833333 -0.02625
0.110208333 -0.0145833333 -0.0222916667
0.110208333 -0.0145833333 0.262708333
0.106354167 -0.00729166667 -0.02625
0.110208333 -0.00729166667 -0.0222916667
0.110208333 -0.00729166667 0.262708333
0.106354167 0 -0.02625
0.110208333 0 -0.0222916667
0.110208333 0 0.262708333
0.106354167 0.00729166667 -0.02625
0.110208333 0.00729166667 -0.0222916667
0.110208333 0.00729166667 0.262708333
0.106354167 0.0145833333 -0.02625
0.110208333 0.0145833333 -0.0222916667
0.110208333 0.0145833333 0.262708333
0.106354167 0.021875 -0.02625
0.110208333 0.021875 -0.0222916667
0.110208333 0.021875 0.262708333
0.106354167 0.0291666667 -0.02625
0.110208333 0.0291666667 -0.0222916667
0.110208333 0.0291666667 0.262708333
0.106354167 0.0364583333 -0.02625
0.110208333 0.0364583333 -0.0222916667
0.110208333 0.0364583333 0.262708333
0.106354167 0.04375 -0.02625
0.110208333 0.04375 -0.0222916667
0.110208333 0.04375 0.262708333
0.106354167 0.0510416667 -0.02625
0.110208333 0.0510416667 -0.0222916667
0.110208333 0.0510416667 0.262708333
0.106354167 0.0583333333 -0.02625
0.110208333 0.0583333333 -0.0222916667
0.110208333 0.0583333333 0.262708333
0.106354167 0.065625 -0.02625
0.110208333 0.065625 -0.0222916667
0.110208333 0.065625 0.262708333
0.106354167 0.0729166667 -0.02625
0.110208333 0.0729166667 -0.0222916667
0.110208333 0.0729166667 0.262708333
0.110208333 0.0802083333 -0.0302083333
0.110208333 0.0765625 -0.02625
0.110208333 0.0802083333 0.262708333
0.110208333 0.0838541667 -0.02625
0.110208333 0.0875 -0.0222916667
0.106354167 0.0875 0.25875
0.110208333 0.0838541667 0.25875
0.110208333 0.0875 0.254791667
0.110208333 0.0947916667 -0.0222916667
0.110208333 0.0947916667 0.254791667
0.110208333 0.0984375 -0.0183333333
0.110208333 0.102083333 -0.014375
0.110208333 0.102083333 0.254791667
0.110208333 0.109375 -0.014375
0.110208333 0.109375 0.254791667
0.110208333 0.113020833 -0.0104166667
0.110208333 0.116666667 -0.00645833333
0.110208333 0.116666667 0.254791667
0.110208333 0.1203125 -0.0025
0.110208333 0.123958333 0.00145833333
0.110208333 0.123958333 0.254791667
0.110208333 0.127604167 0.00541666667
0.110208333 0.127604167 0.0133333333
0.110208333 0.127604167 0.02125
0.110208333 0.127604167 0.0291666667
0.110208333 0.127604167 0.0370833333
0.110208333 0.127604167 0.045
0.110208333 0.127604167 0.0529166667
0.110208333 0.127604167 0.0608333333
0.110208333 0.127604167 0.06875
0.110208333 0.127604167 0.0766666667
0.110208333 0.127604167 0.0845833333
0.110208333 0.127604167 0.0925
0.110208333 0.127604167 0.100416667
0.110208333 0.127604167 0.108333333
0.110208333 0.127604167 0.11625
0.110208333 0.127604167 0.124166667
0.110208333 0.127604167 0.132083333
0.110208333 0.127604167 0.14
0.110208333 0.127604167 0.147916667
0.110208333 0.127604167 0.155833333
0.110208333 0.127604167 0.16375
0.110208333 0.127604167 0.171666667
0.110208333 0.127604167 0.179583333
0.110208333 0.127604167 0.1875
0.110208333 0.127604167 0.195416667
0.110208333 0.127604167 0.203333333
0.110208333 0.127604167 0.21125
0.110208333 0.127604167 0.219166667
0.110208333 0.127604167 0.227083333
0.110208333 0.127604167 0.235
0.110208333 0.127604167 0.242916667
0.110208333 0.127604167 0.250833333
0.117916667 -0.13125 0.00145833333
0.117916667 -0.134895833 0.00541666667
0.117916667 -0.134895833 0.0133333333
0.117916667 -0.134895833 0.02125
0.117916667 -0.134895833 0.0291666667
0.1140625 -0.13125 0.0370833333
0.117916667 -0.13125 0.033125
0.117916667 -0.13125 0.0410416667
0.117916667 -0.134895833 0.045
0.117916667 -0.134895833 0.0529166667
0.117916667 -0.134895833 0.0608333333
0.117916667 -0.134895833 0.06875
0.117916667 -0.134895833 0.0766666667
0.117916667 -0.134895833 0.0845833333
0.117916667 -0.134895833 0.0925
0.117916667 -0.134895833 0.100416667
0.117916667 -0.134895833 0.108333333
0.117916667 -0.134895833 0.11625
0.117916667 -0.134895833 0.124166667
0.117916667 -0.134895833 0.132083333
0.117916667 -0.134895833 0.14
0.117916667 -0.134895833 0.147916667
0.117916667 -0.134895833 0.155833333
0.117916667 -0.134895833 0.16375
0.117916667 -0.134895833 0.171666667
0.117916667 -0.134895833 0.179583333
0.117916667 -0.134895833 0.1875
0.117916667 -0.134895833 0.195416667
0.117916667 -0.134895833 0.203333333
0.117916667 -0.134895833 0.21125
0.117916667 -0.134895833 0.219166667
0.117916667 -0.134895833 0.227083333
0.117916667 -0.134895833 0.235
0.117916667 -0.134895833 0.242916667
0.117916667 -0.134895833 0.250833333
0.117916667 -0.13125 0.254791667
0.117916667 -0.123958333 -0.00645833333
0.117916667 -0.127604167 -0.0025
0.117916667 -0.127604167 0.0370833333
0.117916667 -0.123958333 0.254791667
0.117916667 -0.116666667 -0.00645833333
0.117916667 -0.116666667 0.254791667
0.117916667 -0.109375 -0.014375
0.117916667 -0.113020833 -0.0104166667
0.117916667 -0.109375 0.254791667
0.117916667 -0.102083333 -0.0222916667
0.117916667 -0.105729167 -0.0183333333
0.117916667 -0.102083333 0.254791667
0.117916667 -0.0947916667 -0.0222916667
0.117916667 -0.0947916667 0.254791667
0.117916667 -0.0875 -0.0222916667
0.1140625 -0.0875 0.25875
0.117916667 -0.0875 0.254791667
0.117916667 -0.0802083333 -0.0222916667
0.1140625 -0.0802083333 0.25875
0.117916667 -0.0802083333 0.254791667
0.117916667 -0.0729166667 -0.0222916667
0.1140625 -0.0729166667 0.25875
0.117916667 -0.0729166667 0.254791667
0.117916667 -0.065625 -0.0222916667
0.117916667 -0.0692708333 0.25875
0.117916667 -0.065625 0.262708333
0.117916667 -0.0583333333 -0.0222916667
0.117916667 -0.0583333333 0.262708333
0.117916667 -0.0510416667 -0.0222916667
0.117916667 -0.0510416667 0.262708333
0.117916667 -0.04375 -0.0222916667
0.117916667 -0.04375 0.262708333
0.117916667 -0.0364583333 -0.0222916667
0.117916667 -0.0364583333 0.262708333
0.117916667 -0.0291666667 -0.0222916667
0.117916667 -0.0291666667 0.262708333
0.117916667 -0.021875 -0.0222916667
0.117916667 -0.021875 0.262708333
0.117916667 -0.0145833333 -0.0222916667
0.117916667 -0.0145833333 0.262708333
0.117916667 -0.00729166667 -0.0222916667
0.117916667 -0.00729166667 0.262708333
0.117916667 0 -0.0222916667
0.117916667 0 0.262708333
0.117916667 0.00729166667 -0.0222916667
0.117916667 0.00729166667 0.262708333
0.117916667 0.0145833333 -0.0222916667
0.117916667 0.0145833333 0.262708333
0.117916667 0.021875 -0.0222916667
0.117916667 0.021875 0.262708333
0.117916667 0.0291666667 -0.0222916667
0.117916667 0.0291666667 0.262708333
0.117916667 0.0364583333 -0.0222916667
0.117916667 0.0364583333 0.262708333
0.117916667 0.04375 -0.0222916667
0.117916667 0.04375 0.262708333
0.117916667 0.0510416667 -0.0222916667
0.117916667 0.0510416667 0.262708333
0.117916667 0.0583333333 -0.0222916667
0.117916667 0.0583333333 0.262708333
0.117916667 0.065625 -0.0222916667
0.117916667 0.065625 0.262708333
0.117916667 0.0729166667 -0.0222916667
0.117916667 0.0729166667 0.262708333
0.1140625 0.0802083333 -0.02625
0.117916667 0.0802083333 -0.0222916667
0.1140625 0.0802083333 0.25875
0.117916667 0.0765625 0.25875
0.117916667 0.0802083333 0.254791667
0.117916667 0.0875 -0.0222916667
0.117916667 0.0875 0.254791667
0.117916667 0.0947916667 -0.0222916667
0.117916667 0.0947916667 0.254791667
0.117916667 0.0984375 -0.0183333333
0.117916667 0.102083333 -0.014375
0.117916667 0.102083333 0.254791667
0.117916667 0.109375 -0.014375
0.117916667 0.109375 0.254791667
0.117916667 0.113020833 -0.0104166667
0.117916667 0.116666667 -0.00645833333
0.117916667 0.116666667 0.254791667
0.117916667 0.1203125 -0.0025
0.117916667 0.123958333 0.00145833333
0.117916667 0.123958333 0.254791667
0.117916667 0.127604167 0.00541666667
0.117916667 0.127604167 0.0133333333
0.117916667 0.127604167 0.02125
0.117916667 0.127604167 0.0291666667
0.117916667 0.127604167 0.0370833333
0.117916667 0.127604167 0.045
0.117916667 0.127604167 0.0529166667
0.117916667 0.127604167 0.0608333333
0.117916667 0.127604167 0.06875
0.117916667 0.127604167 0.0766666667
0.117916667 0.127604167 0.0845833333
0.117916667 0.127604167 0.0925
0.117916667 0.127604167 0.100416667
0.117916667 0.127604167 0.108333333
0.117916667 0.127604167 0.11625
0.117916667 0.127604167 0.124166667
0.117916667 0.127604167 0.132083333
0.117916667 0.127604167 0.14
0.117916667 0.127604167 0.147916667
0.117916667 0.127604167 0.155833333
0.117916667 0.127604167 0.16375
0.117916667 0.127604167 0.171666667
0.117916667 0.127604167 0.179583333
0.117916667 0.127604167 0.1875
0.117916667 0.127604167 0.195416667
0.117916667 0.127604167 0.203333333
0.117916667 0.127604167 0.21125
0.117916667 0.127604167 0.219166667
0.117916667 0.127604167 0.227083333
0.117916667 0.127604167 0.235
0.117916667 0.127604167 0.242916667
0.117916667 0.127604167 0.250833333
0.125625 -0.13125 0.00145833333
0.125625 -0.134895833 0.00541666667
0.125625 -0.134895833 0.0133333333
0.121770833 -0.13125 0.02125
0.125625 -0.13125 0.0172916667
0.121770833 -0.13125 0.0291666667
0.125625 -0.134895833 0.0370833333
0.125625 -0.13125 0.033125
0.121770833 -0.13125 0.0370833333
0.125625 -0.134895833 0.045
0.125625 -0.134895833 0.0529166667
0.125625 -0.134895833 0.0608333333
0.121770833 -0.13125 0.06875
0.125625 -0.13125 0.0647916667
0.121770833 -0.13125 0.0766666667
0.125625 -0.13125 0.080625
0.125625 -0.134895833 0.0845833333
0.121770833 -0.13125 0.0925
0.125625 -0.13125 0.0885416667
0.125625 -0.13125 0.0964583333
0.125625 -0.134895833 0.100416667
0.121770833 -0.13125 0.108333333
0.125625 -0.13125 0.104375
0.121770833 -0.13125 0.11625
0.125625 -0.13125 0.120208333
0.125625 -0.134895833 0.124166667
0.125625 -0.134895833 0.132083333
0.125625 -0.134895833 0.14
0.121770833 -0.13125 0.147916667
0.125625 -0.13125 0.143958333
0.121770833 -0.13125 0.155833333
0.125625 -0.13125 0.159791667
0.125625 -0.134895833 0.16375
0.125625 -0.134895833 0.171666667
0.125625 -0.134895833 0.179583333
0.121770833 -0.13125 0.1875
0.125625 -0.13125 0.183541667
0.121770833 -0.13125 0.195416667
0.121770833 -0.13125 0.203333333
0.125625 -0.13125 0.207291667
0.125625 -0.134895833 0.21125
0.125625 -0.134895833 0.219166667
0.121770833 -0.13125 0.227083333
0.125625 -0.13125 0.223125
0.121770833 -0.13125 0.235
0.125625 -0.13125 0.238958333
0.125625 -0.134895833 0.242916667
0.121770833 -0.13125 0.250833333
0.125625 -0.13125 0.246875
0.125625 -0.123958333 -0.00645833333
0.125625 -0.127604167 -0.0025
0.125625 -0.127604167 0.02125
0.125625 -0.127604167 0.0291666667
0.125625 -0.127604167 0.06875
0.125625 -0.127604167 0.0766666667
0.125625 -0.127604167 0.0925
0.125625 -0.127604167 0.108333333
0.125625 -0.127604167 0.11625
0.125625 -0.127604167 0.147916667
0.125625 -0.127604167 0.155833333
0.125625 -0.127604167 0.1875
0.125625 -0.127604167 0.195416667
0.125625 -0.127604167 0.203333333
0.125625 -0.127604167 0.227083333
0.125625 -0.127604167 0.235
0.125625 -0.127604167 0.250833333
0.125625 -0.123958333 0.254791667
0.121770833 -0.116666667 -0.0104166667
0.125625 -0.116666667 -0.014375
0.125625 -0.1203125 -0.0104166667
0.125625 -0.116666667 0.254791667
0.125625 -0.109375 -0.014375
0.125625 -0.109375 0.254791667
0.121770833 -0.102083333 -0.0183333333
0.125625 -0.102083333 -0.014375
0.125625 -0.102083333 0.254791667
0.121770833 -0.0947916667 -0.0183333333
0.125625 -0.0947916667 -0.014375
0.125625 -0.0947916667 0.254791667
0.121770833 -0.0875 -0.0183333333
0.125625 -0.0875 -0.014375
0.125625 -0.0875 0.254791667
0.121770833 -0.0802083333 -0.0183333333
0.125625 -0.0802083333 -0.014375
0.125625 -0.0802083333 0.254791667
0.121770833 -0.0729166667 -0.0183333333
0.125625 -0.0729166667 -0.014375
0.125625 -0.0729166667 0.254791667
0.121770833 -0.065625 -0.0183333333
0.125625 -0.065625 -0.014375
0.121770833 -0.065625 0.25875
0.125625 -0.065625 0.254791667
0.121770833 -0.0583333333 -0.0183333333
0.125625 -0.0583333333 -0.014375
0.121770833 -0.0583333333 0.25875
0.125625 -0.0583333333 0.254791667
0.121770833 -0.0510416667 -0.0183333333
0.125625 -0.0510416667 -0.014375
0.125625 -0.0546875 0.25875
0.125625 -0.0510416667 0.262708333
0.121770833 -0.04375 -0.0183333333
0.125625 -0.04375 -0.014375
0.125625 -0.04375 0.262708333
0.121770833 -0.0364583333 -0.0183333333
0.125625 -0.0364583333 -0.014375
0.125625 -0.0364583333 0.262708333
0.121770833 -0.0291666667 -0.0183333333
0.125625 -0.0291666667 -0.014375
0.125625 -0.0291666667 0.262708333
0.121770833 -0.021875 -0.0183333333
0.125625 -0.021875 -0.014375
0.125625 -0.021875 0.262708333
0.121770833 -0.0145833333 -0.0183333333
0.125625 -0.0145833333 -0.014375
0.125625 -0.0145833333 0.262708333
0.121770833 -0.00729166667 -0.0183333333
0.125625 -0.00729166667 -0.014375
0.125625 -0.00729166667 0.262708333
0.121770833 0 -0.0183333333
0.125625 0 -0.014375
0.125625 0 0.262708333
0.121770833 0.00729166667 -0.0183333333
0.125625 0.00729166667 -0.014375
0.125625 0.00729166667 0.262708333
0.121770833 0.0145833333 -0.0183333333
0.125625 0.0145833333 -0.014375
0.125625 0.0145833333 0.262708333
0.121770833 0.021875 -0.0183333333
0.125625 0.021875 -0.014375
0.125625 0.021875 0.262708333
0.121770833 0.0291666667 -0.0183333333
0.125625 0.0291666667 -0.014375
0.125625 0.0291666667 0.262708333
0.121770833 0.0364583333 -0.0183333333
0.125625 0.0364583333 -0.014375
0.125625 0.0364583333 0.262708333
0.121770833 0.04375 -0.0183333333
0.125625 0.04375 -0.014375
0.125625 0.04375 0.262708333
0.121770833 0.0510416667 -0.0183333333
0.125625 0.0510416667 -0.014375
0.125625 0.0510416667 0.262708333
0.121770833 0.0583333333 -0.0183333333
0.125625 0.0583333333 -0.014375
0.125625 0.0583333333 0.262708333
0.121770833 0.065625 -0.0183333333
0.125625 0.065625 -0.014375
0.125625 0.065625 0.262708333
0.121770833 0.0729166667 -0.0183333333
0.125625 0.0729166667 -0.014375
0.121770833 0.0729166667 0.25875
0.125625 0.0692708333 0.25875
0.125625 0.0729166667 0.254791667
0.121770833 0.0802083333 -0.0183333333
0.125625 0.0802083333 -0.014375
0.125625 0.0802083333 0.254791667
0.121770833 0.0875 -0.0183333333
0.125625 0.0875 -0.014375
0.125625 0.0875 0.254791667
0.121770833 0.0947916667 -0.0183333333
0.125625 0.0947916667 -0.014375
0.125625 0.0947916667 0.254791667
0.125625 0.102083333 -0.014375
0.125625 0.102083333 0.254791667
0.125625 0.105729167 -0.0104166667
0.121770833 0.109375 -0.0104166667
0.125625 0.109375 -0.00645833333
0.125625 0.109375 0.254791667
0.125625 0.116666667 -0.00645833333
0.125625 0.116666667 0.254791667
0.125625 0.1203125 -0.0025
0.121770833 0.123958333 0.00541666667
0.125625 0.1203125 0.00541666667
0.121770833 0.123958333 0.0133333333
0.125625 0.1203125 0.0133333333
0.121770833 0.123958333 0.02125
0.125625 0.1203125 0.02125
0.121770833 0.123958333 0.0291666667
0.125625 0.1203125 0.0291666667
0.125625 0.123958333 0.033125
0.121770833 0.123958333 0.0529166667
0.125625 0.1203125 0.0529166667
0.125625 0.123958333 0.0489583333
0.121770833 0.123958333 0.0608333333
0.125625 0.1203125 0.0608333333
0.125625 0.123958333 0.0647916667
0.121770833 0.123958333 0.0925
0.125625 0.1203125 0.0925
0.125625 0.123958333 0.0885416667
0.121770833 0.123958333 0.100416667
0.125625 0.1203125 0.100416667
0.125625 0.123958333 0.104375
0.121770833 0.123958333 0.124166667
0.125625 0.1203125 0.124166667
0.125625 0.123958333 0.120208333
0.121770833 0.123958333 0.132083333
0.125625 0.1203125 0.132083333
0.121770833 0.123958333 0.14
0.125625 0.1203125 0.14
0.121770833 0.123958333 0.147916667
0.125625 0.1203125 0.147916667
0.125625 0.123958333 0.151875
0.121770833 0.123958333 0.16375
0.125625 0.1203125 0.16375
0.125625 0.123958333 0.159791667
0.121770833 0.123958333 0.171666667
0.125625 0.1203125 0.171666667
0.121770833 0.123958333 0.179583333
0.125625 0.1203125 0.179583333
0.125625 0.123958333 0.183541667
0.121770833 0.123958333 0.203333333
0.125625 0.1203125 0.203333333
0.125625 0.123958333 0.199375
0.125625 0.123958333 0.207291667
0.121770833 0.123958333 0.227083333
0.125625 0.1203125 0.227083333
0.125625 0.123958333 0.223125
0.121770833 0.123958333 0.235
0.125625 0.1203125 0.235
0.125625 0.123958333 0.238958333
0.121770833 0.123958333 0.250833333
0.125625 0.1203125 0.250833333
0.125625 0.123958333 0.246875
0.125625 0.127604167 0.0370833333
0.125625 0.127604167 0.045
0.125625 0.127604167 0.06875
0.125625 0.127604167 0.0766666667
0.125625 0.127604167 0.0845833333
0.125625 0.127604167 0.108333333
0.125625 0.127604167 0.11625
0.125625 0.127604167 0.155833333
0.125625 0.127604167 0.1875
0.125625 0.127604167 0.195416667
0.125625 0.127604167 0.21125
0.125625 0.127604167 0.219166667
0.125625 0.127604167 0.242916667
0.129479167 -0.13125 0.00541666667
0.129479167 -0.13125 0.0133333333
0.129479167 -0.13125 0.0370833333
0.129479167 -0.13125 0.045
0.129479167 -0.13125 0.0529166667
0.129479167 -0.13125 0.0608333333
0.129479167 -0.13125 0.0845833333
0.129479167 -0.13125 0.100416667
0.129479167 -0.13125 0.124166667
0.129479167 -0.13125 0.132083333
0.129479167 -0.13125 0.14
0.129479167 -0.13125 0.16375
0.129479167 -0.13125 0.171666667
0.129479167 -0.13125 0.179583333
0.129479167 -0.13125 0.21125
0.129479167 -0.13125 0.219166667
0.129479167 -0.13125 0.242916667
0.133333333 -0.123958333 -0.00645833333
0.133333333 -0.127604167 -0.0025
0.133333333 -0.127604167 0.00541666667
0.133333333 -0.127604167 0.0133333333
0.133333333 -0.127604167 0.02125
0.133333333 -0.127604167 0.0291666667
0.133333333 -0.127604167 0.0370833333
0.133333333 -0.127604167 0.045
0.133333333 -0.127604167 0.0529166667
0.133333333 -0.127604167 0.0608333333
0.133333333 -0.127604167 0.06875
0.133333333 -0.127604167 0.0766666667
0.133333333 -0.127604167 0.0845833333
0.133333333 -0.127604167 0.0925
0.133333333 -0.127604167 0.100416667
0.133333333 -0.127604167 0.108333333
0.133333333 -0.127604167 0.11625
0.133333333 -0.127604167 0.124166667
0.133333333 -0.127604167 0.132083333
0.133333333 -0.127604167 0.14
0.133333333 -0.127604167 0.147916667
0.133333333 -0.127604167 0.155833333
0.133333333 -0.127604167 0.16375
0.133333333 -0.127604167 0.171666667
0.133333333 -0.127604167 0.179583333
0.133333333 -0.127604167 0.1875
0.133333333 -0.127604167 0.195416667
0.133333333 -0.127604167 0.203333333
0.133333333 -0.127604167 0.21125
0.133333333 -0.127604167 0.219166667
0.133333333 -0.127604167 0.227083333
0.133333333 -0.127604167 0.235
0.133333333 -0.127604167 0.242916667
0.133333333 -0.127604167 0.250833333
0.133333333 -0.123958333 0.254791667
0.129479167 -0.116666667 -0.0104166667
0.133333333 -0.116666667 -0.00645833333
0.133333333 -0.116666667 0.254791667
0.129479167 -0.109375 -0.0104166667
0.133333333 -0.109375 -0.00645833333
0.133333333 -0.109375 0.254791667
0.129479167 -0.102083333 -0.0104166667
0.133333333 -0.102083333 -0.00645833333
0.133333333 -0.102083333 0.254791667
0.129479167 -0.0947916667 -0.0104166667
0.133333333 -0.0947916667 -0.00645833333
0.133333333 -0.0947916667 0.254791667
0.129479167 -0.0875 -0.0104166667
0.133333333 -0.0875 -0.00645833333
0.133333333 -0.0875 0.254791667
0.129479167 -0.0802083333 -0.0104166667
0.133333333 -0.0802083333 -0.00645833333
0.133333333 -0.0802083333 0.254791667
0.129479167 -0.0729166667 -0.0104166667
0.133333333 -0.0729166667 -0.00645833333
0.133333333 -0.0729166667 0.254791667
0.129479167 -0.065625 -0.0104166667
0.133333333 -0.065625 -0.00645833333
0.133333333 -0.065625 0.254791667
0.129479167 -0.0583333333 -0.0104166667
0.133333333 -0.0583333333 -0.00645833333
0.133333333 -0.0583333333 0.254791667
0.129479167 -0.0510416667 -0.0104166667
0.133333333 -0.0510416667 -0.00645833333
0.129479167 -0.0510416667 0.25875
0.133333333 -0.0510416667 0.254791667
0.129479167 -0.04375 -0.0104166667
0.133333333 -0.04375 -0.00645833333
0.129479167 -0.04375 0.25875
0.133333333 -0.04375 0.254791667
0.129479167 -0.0364583333 -0.0104166667
0.133333333 -0.0364583333 -0.00645833333
0.129479167 -0.0364583333 0.25875
0.133333333 -0.0364583333 0.254791667
0.129479167 -0.0291666667 -0.0104166667
0.133333333 -0.0291666667 -0.00645833333
0.133333333 -0.0328125 0.25875
0.133333333 -0.0291666667 0.262708333
0.129479167 -0.021875 -0.0104166667
0.133333333 -0.021875 -0.00645833333
0.133333333 -0.021875 0.262708333
0.129479167 -0.0145833333 -0.0104166667
0.133333333 -0.0145833333 -0.00645833333
0.133333333 -0.0145833333 0.262708333
0.129479167 -0.00729166667 -0.0104166667
0.133333333 -0.00729166667 -0.00645833333
0.133333333 -0.00729166667 0.262708333
0.129479167 0 -0.0104166667
0.133333333 0 -0.00645833333
0.133333333 0 0.262708333
0.129479167 0.00729166667 -0.0104166667
0.133333333 0.00729166667 -0.00645833333
0.133333333 0.00729166667 0.262708333
0.129479167 0.0145833333 -0.0104166667
0.133333333 0.0145833333 -0.00645833333
0.133333333 0.0145833333 0.262708333
0.129479167 0.021875 -0.0104166667
0.133333333 0.021875 -0.00645833333
0.133333333 0.021875 0.262708333
0.129479167 0.0291666667 -0.0104166667
0.133333333 0.0291666667 -0.00645833333
0.133333333 0.0291666667 0.262708333
0.129479167 0.0364583333 -0.0104166667
0.133333333 0.0364583333 -0.00645833333
0.133333333 0.0364583333 0.262708333
0.129479167 0.04375 -0.0104166667
0.133333333 0.04375 -0.00645833333
0.133333333 0.04375 0.262708333
0.129479167 0.0510416667 -0.0104166667
0.133333333 0.0510416667 -0.00645833333
0.133333333 0.0510416667 0.262708333
0.129479167 0.0583333333 -0.0104166667
0.133333333 0.0583333333 -0.00645833333
0.133333333 0.0583333333 0.262708333
0.129479167 0.065625 -0.0104166667
0.133333333 0.065625 -0.00645833333
0.129479167 0.065625 0.25875
0.133333333 0.0619791667 0.25875
0.133333333 0.065625 0.254791667
0.129479167 0.0729166667 -0.0104166667
0.133333333 0.0729166667 -0.00645833333
0.133333333 0.0729166667 0.254791667
0.133333333 0.0802083333 -0.014375
0.133333333 0.0765625 -0.0104166667
0.133333333 0.0802083333 0.254791667
0.133333333 0.0838541667 -0.0104166667
0.129479167 0.0875 -0.0104166667
0.133333333 0.0875 -0.00645833333
0.133333333 0.0875 0.254791667
0.133333333 0.0947916667 -0.014375
0.133333333 0.0911458333 -0.0104166667
0.133333333 0.0947916667 0.254791667
0.133333333 0.0984375 -0.0104166667
0.129479167 0.102083333 -0.0104166667
0.133333333 0.102083333 -0.00645833333
0.133333333 0.102083333 0.254791667
0.133333333 0.109375 -0.014375
0.129479167 0.109375 -0.0104166667
0.133333333 0.105729167 -0.0104166667
0.133333333 0.109375 0.254791667
0.133333333 0.113020833 -0.0104166667
0.133333333 0.116666667 -0.00645833333
0.133333333 0.116666667 0.254791667
0.133333333 0.1203125 -0.0025
0.133333333 0.1203125 0.00541666667
0.133333333 0.1203125 0.0133333333
0.133333333 0.1203125 0.02125
0.133333333 0.1203125 0.0291666667
0.129479167 0.123958333 0.0370833333
0.133333333 0.1203125 0.0370833333
0.129479167 0.123958333 0.045
0.133333333 0.1203125 0.045
0.133333333 0.1203125 0.0529166667
0.133333333 0.1203125 0.0608333333
0.129479167 0.123958333 0.06875
0.133333333 0.1203125 0.06875
0.129479167 0.123958333 0.0766666667
0.133333333 0.1203125 0.0766666667
0.129479167 0.123958333 0.0845833333
0.133333333 0.1203125 0.0845833333
0.133333333 0.1203125 0.0925
0.133333333 0.1203125 0.100416667
0.129479167 0.123958333 0.108333333
0.133333333 0.1203125 0.108333333
0.129479167 0.123958333 0.11625
0.133333333 0.1203125 0.11625
0.133333333 0.1203125 0.124166667
0.133333333 0.1203125 0.132083333
0.133333333 0.1203125 0.14
0.133333333 0.1203125 0.147916667
0.129479167 0.123958333 0.155833333
0.133333333 0.1203125 0.155833333
0.133333333 0.1203125 0.16375
0.133333333 0.1203125 0.171666667
0.133333333 0.1203125 0.179583333
0.129479167 0.123958333 0.1875
0.133333333 0.1203125 0.1875
0.129479167 0.123958333 0.195416667
0.133333333 0.1203125 0.195416667
0.133333333 0.1203125 0.203333333
0.133333333 0.123958333 0.207291667
0.129479167 0.123958333 0.219166667
0.133333333 0.1203125 0.219166667
0.133333333 0.123958333 0.215208333
0.133333333 0.1203125 0.227083333
0.133333333 0.1203125 0.235
0.129479167 0.123958333 0.242916667
0.133333333 0.1203125 0.242916667
0.133333333 0.1203125 0.250833333
0.133333333 0.127604167 0.21125
0.141041667 -0.123958333 -0.00645833333
0.141041667 -0.127604167 -0.0025
0.1371875 -0.123958333 0.00541666667
0.141041667 -0.123958333 0.00145833333
0.141041667 -0.123958333 0.009375
0.141041667 -0.127604167 0.0133333333
0.141041667 -0.127604167 0.02125
0.141041667 -0.127604167 0.0291666667
0.141041667 -0.127604167 0.0370833333
0.1371875 -0.123958333 0.045
0.141041667 -0.123958333 0.0410416667
0.141041667 -0.123958333 0.0489583333
0.141041667 -0.127604167 0.0529166667
0.141041667 -0.127604167 0.0608333333
0.141041667 -0.127604167 0.06875
0.141041667 -0.127604167 0.0766666667
0.1371875 -0.123958333 0.0845833333
0.141041667 -0.123958333 0.080625
0.141041667 -0.123958333 0.0885416667
0.141041667 -0.127604167 0.0925
0.141041667 -0.127604167 0.100416667
0.141041667 -0.127604167 0.108333333
0.1371875 -0.123958333 0.11625
0.141041667 -0.123958333 0.112291667
0.1371875 -0.123958333 0.124166667
0.141041667 -0.123958333 0.128125
0.141041667 -0.127604167 0.132083333
0.141041667 -0.127604167 0.14
0.141041667 -0.127604167 0.147916667
0.1371875 -0.123958333 0.155833333
0.141041667 -0.123958333 0.151875
0.141041667 -0.123958333 0.159791667
0.141041667 -0.127604167 0.16375
0.141041667 -0.127604167 0.171666667
0.141041667 -0.127604167 0.179583333
0.1371875 -0.123958333 0.1875
0.141041667 -0.123958333 0.183541667
0.141041667 -0.123958333 0.191458333
0.141041667 -0.127604167 0.195416667
0.141041667 -0.127604167 0.203333333
0.141041667 -0.127604167 0.21125
0.1371875 -0.123958333 0.219166667
0.141041667 -0.123958333 0.215208333
0.1371875 -0.123958333 0.227083333
0.141041667 -0.123958333 0.231041667
0.141041667 -0.127604167 0.235
0.141041667 -0.127604167 0.242916667
0.1371875 -0.123958333 0.250833333
0.141041667 -0.123958333 0.246875
0.141041667 -0.116666667 -0.00645833333
0.141041667 -0.1203125 0.00541666667
0.141041667 -0.1203125 0.045
0.141041667 -0.1203125 0.0845833333
0.141041667 -0.116666667 0.0885416667
0.1371875 -0.116666667 0.0925
0.141041667 -0.1203125 0.0925
0.141041667 -0.116666667 0.0964583333
0.141041667 -0.1203125 0.11625
0.141041667 -0.1203125 0.124166667
0.141041667 -0.1203125 0.155833333
0.141041667 -0.1203125 0.1875
0.141041667 -0.1203125 0.219166667
0.141041667 -0.1203125 0.227083333
0.141041667 -0.1203125 0.250833333
0.141041667 -0.116666667 0.254791667
0.141041667 -0.109375 -0.00645833333
0.141041667 -0.113020833 0.0925
0.141041667 -0.109375 0.254791667
0.141041667 -0.102083333 -0.00645833333
0.141041667 -0.102083333 0.254791667
0.141041667 -0.0947916667 -0.00645833333
0.141041667 -0.0947916667 0.254791667
0.141041667 -0.0911458333 -0.0025
0.1371875 -0.0875 -0.0025
0.141041667 -0.0875 0.00145833333
0.141041667 -0.0875 0.254791667
0.1371875 -0.0802083333 -0.0025
0.141041667 -0.0802083333 0.00145833333
0.141041667 -0.0802083333 0.254791667
0.141041667 -0.0729166667 -0.00645833333
0.141041667 -0.0765625 -0.0025
0.141041667 -0.0729166667 0.254791667
0.141041667 -0.065625 -0.00645833333
0.141041667 -0.065625 0.254791667
0.141041667 -0.0583333333 -0.00645833333
0.141041667 -0.0583333333 0.254791667
0.141041667 -0.0546875 -0.0025
0.1371875 -0.0510416667 -0.0025
0.141041667 -0.0510416667 0.00145833333
0.141041667 -0.0510416667 0.254791667
0.141041667 -0.04375 -0.00645833333
0.141041667 -0.0473958333 -0.0025
0.141041667 -0.04375 0.254791667
0.141041667 -0.0401041667 -0.0025
0.1371875 -0.0364583333 -0.0025
0.141041667 -0.0364583333 0.00145833333
0.141041667 -0.0364583333 0.254791667
0.141041667 -0.0291666667 -0.00645833333
0.141041667 -0.0328125 -0.0025
0.1371875 -0.0291666667 0.25875
0.141041667 -0.0291666667 0.254791667
0.141041667 -0.021875 -0.00645833333
0.1371875 -0.021875 0.25875
0.141041667 -0.021875 0.254791667
0.141041667 -0.0145833333 -0.00645833333
0.141041667 -0.0182291667 0.25875
0.141041667 -0.0145833333 0.262708333
0.141041667 -0.00729166667 -0.00645833333
0.141041667 -0.00729166667 0.262708333
0.141041667 -0.00364583333 -0.0025
0.1371875 0 -0.0025
0.141041667 0 0.00145833333
0.141041667 0 0.262708333
0.141041667 0.00729166667 -0.00645833333
0.141041667 0.00364583333 -0.0025
0.141041667 0.00729166667 0.262708333
0.141041667 0.0109375 -0.0025
0.1371875 0.0145833333 -0.0025
0.141041667 0.0145833333 0.00145833333
0.141041667 0.0145833333 0.262708333
0.141041667 0.021875 -0.00645833333
0.141041667 0.0182291667 -0.0025
0.141041667 0.021875 0.262708333
0.141041667 0.0255208333 -0.0025
0.1371875 0.0291666667 -0.0025
0.141041667 0.0291666667 0.00145833333
0.141041667 0.0291666667 0.262708333
0.1371875 0.0364583333 -0.0025
0.141041667 0.0364583333 0.00145833333
0.141041667 0.0364583333 0.262708333
0.1371875 0.04375 -0.0025
0.141041667 0.04375 0.00145833333
0.141041667 0.04375 0.262708333
0.1371875 0.0510416667 -0.0025
0.141041667 0.0510416667 0.00145833333
0.141041667 0.0510416667 0.262708333
0.1371875 0.0583333333 -0.0025
0.141041667 0.0583333333 0.00145833333
0.1371875 0.0583333333 0.25875
0.141041667 0.0546875 0.25875
0.141041667 0.0583333333 0.254791667
0.1371875 0.065625 -0.0025
0.141041667 0.065625 0.00145833333
0.141041667 0.065625 0.254791667
0.1371875 0.0729166667 -0.0025
0.141041667 0.0729166667 0.00145833333
0.141041667 0.0729166667 0.254791667
0.1371875 0.0802083333 -0.0104166667
0.141041667 0.0802083333 -0.00645833333
0.141041667 0.0765625 -0.0025
0.141041667 0.0802083333 0.254791667
0.141041667 0.0875 -0.00645833333
0.141041667 0.0875 0.254791667
0.1371875 0.0947916667 -0.0104166667
0.141041667 0.0911458333 -0.0025
0.1371875 0.0947916667 -0.0025
0.141041667 0.0947916667 0.00145833333
0.141041667 0.0947916667 0.254791667
0.141041667 0.0984375 -0.0025
0.141041667 0.102083333 -0.00645833333
0.141041667 0.102083333 0.254791667
0.1371875 0.109375 -0.0104166667
0.141041667 0.109375 -0.00645833333
0.141041667 0.109375 0.254791667
0.141041667 0.116666667 -0.00645833333
0.1371875 0.116666667 0.02125
0.141041667 0.113020833 0.02125
0.141041667 0.116666667 0.0172916667
0.141041667 0.116666667 0.0252083333
0.1371875 0.116666667 0.16375
0.141041667 0.113020833 0.16375
0.141041667 0.116666667 0.159791667
0.141041667 0.116666667 0.167708333
0.141041667 0.116666667 0.254791667
0.141041667 0.1203125 -0.0025
0.141041667 0.1203125 0.00541666667
0.141041667 0.1203125 0.0133333333
0.141041667 0.1203125 0.0291666667
0.141041667 0.1203125 0.0370833333
0.141041667 0.1203125 0.045
0.141041667 0.1203125 0.0529166667
0.141041667 0.1203125 0.0608333333
0.141041667 0.1203125 0.06875
0.141041667 0.1203125 0.0766666667
0.141041667 0.1203125 0.0845833333
0.141041667 0.1203125 0.0925
0.141041667 0.1203125 0.100416667
0.141041667 0.1203125 0.108333333
0.141041667 0.1203125 0.11625
0.141041667 0.1203125 0.124166667
0.141041667 0.1203125 0.132083333
0.141041667 0.1203125 0.14
0.141041667 0.1203125 0.147916667
0.141041667 0.1203125 0.155833333
0.141041667 0.1203125 0.171666667
0.141041667 0.1203125 0.179583333
0.141041667 0.1203125 0.1875
0.141041667 0.1203125 0.195416667
0.141041667 0.1203125 0.203333333
0.1371875 0.123958333 0.21125
0.141041667 0.1203125 0.21125
0.141041667 0.1203125 0.219166667
0.141041667 0.1203125 0.227083333
0.141041667 0.1203125 0.235
0.141041667 0.1203125 0.242916667
0.141041667 0.1203125 0.250833333
0.144895833 -0.123958333 -0.0025
0.144895833 -0.123958333 0.0133333333
0.144895833 -0.123958333 0.02125
0.144895833 -0.123958333 0.0291666667
0.144895833 -0.123958333 0.0370833333
0.144895833 -0.123958333 0.0529166667
0.144895833 -0.123958333 0.0608333333
0.144895833 -0.123958333 0.06875
0.144895833 -0.123958333 0.0766666667
0.144895833 -0.123958333 0.0925
0.144895833 -0.123958333 0.100416667
0.144895833 -0.123958333 0.108333333
0.144895833 -0.123958333 0.132083333
0.144895833 -0.123958333 0.14
0.144895833 -0.123958333 0.147916667
0.144895833 -0.123958333 0.16375
0.144895833 -0.123958333 0.171666667
0.144895833 -0.123958333 0.179583333
0.144895833 -0.123958333 0.195416667
0.144895833 -0.123958333 0.203333333
0.144895833 -0.123958333 0.21125
0.144895833 -0.123958333 0.235
0.144895833 -0.123958333 0.242916667
0.144895833 -0.116666667 -0.0025
0.144895833 -0.116666667 0.00541666667
0.144895833 -0.116666667 0.0133333333
0.144895833 -0.116666667 0.02125
0.144895833 -0.116666667 0.0291666667
0.144895833 -0.116666667 0.0370833333
0.144895833 -0.116666667 0.045
0.144895833 -0.116666667 0.0529166667
0.144895833 -0.116666667 0.0608333333
0.144895833 -0.116666667 0.06875
0.144895833 -0.116666667 0.0766666667
0.144895833 -0.116666667 0.0845833333
0.144895833 -0.116666667 0.100416667
0.144895833 -0.116666667 0.108333333
0.144895833 -0.116666667 0.11625
0.144895833 -0.116666667 0.124166667
0.144895833 -0.116666667 0.132083333
0.144895833 -0.116666667 0.14
0.144895833 -0.116666667 0.147916667
0.144895833 -0.116666667 0.155833333
0.144895833 -0.116666667 0.16375
0.144895833 -0.116666667 0.171666667
0.144895833 -0.116666667 0.179583333
0.144895833 -0.116666667 0.1875
0.144895833 -0.116666667 0.195416667
0.144895833 -0.116666667 0.203333333
0.144895833 -0.116666667 0.21125
0.144895833 -0.116666667 0.219166667
0.144895833 -0.116666667 0.227083333
0.144895833 -0.116666667 0.235
0.144895833 -0.116666667 0.242916667
0.144895833 -0.116666667 0.250833333
0.144895833 -0.109375 -0.0025
0.144895833 -0.109375 0.00541666667
0.144895833 -0.109375 0.0133333333
0.144895833 -0.109375 0.02125
0.144895833 -0.109375 0.0291666667
0.144895833 -0.109375 0.0370833333
0.144895833 -0.109375 0.045
0.144895833 -0.109375 0.0529166667
0.144895833 -0.109375 0.0608333333
0.144895833 -0.109375 0.06875
0.144895833 -0.109375 0.0766666667
0.144895833 -0.109375 0.0845833333
0.144895833 -0.109375 0.0925
0.144895833 -0.109375 0.100416667
0.144895833 -0.109375 0.108333333
0.144895833 -0.109375 0.11625
0.144895833 -0.109375 0.124166667
0.144895833 -0.109375 0.132083333
0.144895833 -0.109375 0.14
0.144895833 -0.109375 0.147916667
0.144895833 -0.109375 0.155833333
0.144895833 -0.109375 0.16375
0.144895833 -0.109375 0.171666667
0.144895833 -0.109375 0.179583333
0.144895833 -0.109375 0.1875
0.144895833 -0.109375 0.195416667
0.144895833 -0.109375 0.203333333
0.144895833 -0.109375 0.21125
0.144895833 -0.109375 0.219166667
0.144895833 -0.109375 0.227083333
0.144895833 -0.109375 0.235
0.144895833 -0.109375 0.242916667
0.144895833 -0.109375 0.250833333
0.144895833 -0.102083333 -0.0025
0.144895833 -0.102083333 0.00541666667
0.144895833 -0.102083333 0.0133333333
0.144895833 -0.102083333 0.02125
0.144895833 -0.102083333 0.0291666667
0.144895833 -0.102083333 0.0370833333
0.144895833 -0.102083333 0.045
0.144895833 -0.102083333 0.0529166667
0.144895833 -0.102083333 0.0608333333
0.144895833 -0.102083333 0.06875
0.144895833 -0.102083333 0.0766666667
0.144895833 -0.102083333 0.0845833333
0.144895833 -0.102083333 0.0925
0.144895833 -0.102083333 0.100416667
0.144895833 -0.102083333 0.108333333
0.144895833 -0.102083333 0.11625
0.144895833 -0.102083333 0.124166667
0.144895833 -0.102083333 0.132083333
0.144895833 -0.102083333 0.14
0.144895833 -0.102083333 0.147916667
0.144895833 -0.102083333 0.155833333
0.144895833 -0.102083333 0.16375
0.144895833 -0.102083333 0.171666667
0.144895833 -0.102083333 0.179583333
0.144895833 -0.102083333 0.1875
0.144895833 -0.102083333 0.195416667
0.144895833 -0.102083333 0.203333333
0.144895833 -0.102083333 0.21125
0.144895833 -0.102083333 0.219166667
0.144895833 -0.102083333 0.227083333
0.144895833 -0.102083333 0.235
0.144895833 -0.102083333 0.242916667
0.144895833 -0.102083333 0.250833333
0.144895833 -0.0947916667 -0.0025
0.144895833 -0.0947916667 0.00541666667
0.144895833 -0.0947916667 0.0133333333
0.144895833 -0.0947916667 0.02125
0.144895833 -0.0947916667 0.0291666667
0.144895833 -0.0947916667 0.0370833333
0.144895833 -0.0947916667 0.045
0.144895833 -0.0947916667 0.0529166667
0.144895833 -0.0947916667 0.0608333333
0.144895833 -0.0947916667 0.06875
0.144895833 -0.0947916667 0.0766666667
0.144895833 -0.0947916667 0.0845833333
0.144895833 -0.0947916667 0.0925
0.144895833 -0.0947916667 0.100416667
0.144895833 -0.0947916667 0.108333333
0.144895833 -0.0947916667 0.11625
0.144895833 -0.0947916667 0.124166667
0.144895833 -0.0947916667 0.132083333
0.144895833 -0.0947916667 0.14
0.144895833 -0.0947916667 0.147916667
0.144895833 -0.0947916667 0.155833333
0.144895833 -0.0947916667 0.16375
0.144895833 -0.0947916667 0.171666667
0.144895833 -0.0947916667 0.179583333
0.144895833 -0.0947916667 0.1875
0.144895833 -0.0947916667 0.195416667
0.144895833 -0.0947916667 0.203333333
0.144895833 -0.0947916667 0.21125
0.144895833 -0.0947916667 0.219166667
0.144895833 -0.0947916667 0.227083333
0.144895833 -0.0947916667 0.235
0.144895833 -0.0947916667 0.242916667
0.144895833 -0.0947916667 0.250833333
0.144895833 -0.0875 0.00541666667
0.144895833 -0.0875 0.0133333333
0.144895833 -0.0875 0.02125
0.14875 -0.0875 0.0252083333
0.14875 -0.0911458333 0.0291666667
0.14875 -0.0875 0.033125
0.144895833 -0.0875 0.0370833333
0.144895833 -0.0875 0.045
0.144895833 -0.0875 0.0529166667
0.144895833 -0.0875 0.0608333333
0.14875 -0.0875 0.0647916667
0.14875 -0.0911458333 0.06875
0.14875 -0.0875 0.0727083333
0.144895833 -0.0875 0.0766666667
0.144895833 -0.0875 0.0845833333
0.144895833 -0.0875 0.0925
0.144895833 -0.0875 0.100416667
0.144895833 -0.0875 0.108333333
0.144895833 -0.0875 0.11625
0.144895833 -0.0875 0.124166667
0.144895833 -0.0875 0.132083333
0.144895833 -0.0875 0.14
0.144895833 -0.0875 0.147916667
0.144895833 -0.0875 0.155833333
0.144895833 -0.0875 0.16375
0.14875 -0.0875 0.167708333
0.14875 -0.0911458333 0.171666667
0.14875 -0.0875 0.175625
0.144895833 -0.0875 0.179583333
0.144895833 -0.0875 0.1875
0.144895833 -0.0875 0.195416667
0.14875 -0.0875 0.199375
0.14875 -0.0911458333 0.203333333
0.14875 -0.0875 0.207291667
0.144895833 -0.0875 0.21125
0.144895833 -0.0875 0.219166667
0.144895833 -0.0875 0.227083333
0.144895833 -0.0875 0.235
0.144895833 -0.0875 0.242916667
0.144895833 -0.0875 0.250833333
0.144895833 -0.0802083333 0.00541666667
0.144895833 -0.0802083333 0.0133333333
0.144895833 -0.0802083333 0.02125
0.14875 -0.0838541667 0.0291666667
0.144895833 -0.0802083333 0.0291666667
0.14875 -0.0838541667 0.0370833333
0.14875 -0.0802083333 0.033125
0.14875 -0.0838541667 0.045
0.14875 -0.0802083333 0.0489583333
0.144895833 -0.0802083333 0.0529166667
0.144895833 -0.0802083333 0.0608333333
0.14875 -0.0802083333 0.0647916667
0.14875 -0.0838541667 0.0766666667
0.14875 -0.0802083333 0.080625
0.144895833 -0.0802083333 0.0845833333
0.144895833 -0.0802083333 0.0925
0.144895833 -0.0802083333 0.100416667
0.14875 -0.0802083333 0.104375
0.14875 -0.0838541667 0.108333333
0.14875 -0.0838541667 0.11625
0.14875 -0.0802083333 0.120208333
0.144895833 -0.0802083333 0.124166667
0.144895833 -0.0802083333 0.132083333
0.14875 -0.0802083333 0.136041667
0.14875 -0.0838541667 0.14
0.14875 -0.0838541667 0.147916667
0.14875 -0.0802083333 0.151875
0.144895833 -0.0802083333 0.155833333
0.144895833 -0.0802083333 0.16375
0.14875 -0.0838541667 0.171666667
0.144895833 -0.0802083333 0.171666667
0.14875 -0.0838541667 0.179583333
0.14875 -0.0802083333 0.175625
0.14875 -0.0802083333 0.183541667
0.144895833 -0.0802083333 0.1875
0.144895833 -0.0802083333 0.195416667
0.14875 -0.0802083333 0.199375
0.14875 -0.0838541667 0.21125
0.14875 -0.0802083333 0.215208333
0.144895833 -0.0802083333 0.219166667
0.144895833 -0.0802083333 0.227083333
0.144895833 -0.0802083333 0.235
0.14875 -0.0802083333 0.238958333
0.14875 -0.0838541667 0.242916667
0.14875 -0.0802083333 0.246875
0.144895833 -0.0802083333 0.250833333
0.144895833 -0.0729166667 -0.0025
0.144895833 -0.0729166667 0.00541666667
0.144895833 -0.0729166667 0.0133333333
0.14875 -0.0729166667 0.0172916667
0.14875 -0.0765625 0.02125
0.14875 -0.0729166667 0.0252083333
0.144895833 -0.0729166667 0.0291666667
0.14875 -0.0729166667 0.033125
0.14875 -0.0765625 0.0529166667
0.14875 -0.0765625 0.0608333333
0.14875 -0.0729166667 0.0647916667
0.144895833 -0.0729166667 0.06875
0.14875 -0.0765625 0.06875
0.14875 -0.0729166667 0.0727083333
0.14875 -0.0765625 0.0845833333
0.14875 -0.0765625 0.0925
0.14875 -0.0729166667 0.0964583333
0.144895833 -0.0729166667 0.100416667
0.14875 -0.0729166667 0.104375
0.14875 -0.0765625 0.124166667
0.14875 -0.0729166667 0.128125
0.144895833 -0.0729166667 0.132083333
0.14875 -0.0765625 0.14
0.144895833 -0.0729166667 0.14
0.14875 -0.0729166667 0.143958333
0.14875 -0.0765625 0.155833333
0.14875 -0.0765625 0.16375
0.14875 -0.0729166667 0.167708333
0.144895833 -0.0729166667 0.171666667
0.14875 -0.0729166667 0.175625
0.14875 -0.0765625 0.1875
0.14875 -0.0765625 0.195416667
0.14875 -0.0729166667 0.199375
0.144895833 -0.0729166667 0.203333333
0.14875 -0.0765625 0.203333333
0.14875 -0.0729166667 0.207291667
0.14875 -0.0765625 0.219166667
0.14875 -0.0765625 0.227083333
0.14875 -0.0729166667 0.231041667
0.144895833 -0.0729166667 0.235
0.14875 -0.0729166667 0.238958333
0.14875 -0.0765625 0.250833333
0.14875 -0.0729166667 0.254791667
0.144895833 -0.065625 -0.0025
0.144895833 -0.065625 0.00541666667
0.144895833 -0.065625 0.0133333333
0.14875 -0.065625 0.0172916667
0.14875 -0.0692708333 0.0291666667
0.14875 -0.0692708333 0.06875
0.14875 -0.0692708333 0.100416667
0.14875 -0.0692708333 0.132083333
0.14875 -0.0692708333 0.14
0.14875 -0.0692708333 0.171666667
0.14875 -0.0692708333 0.203333333
0.14875 -0.0692708333 0.235
0.14875 -0.065625 0.254791667
0.144895833 -0.0583333333 -0.0025
0.144895833 -0.0583333333 0.00541666667
0.14875 -0.0583333333 0.009375
0.14875 -0.0619791667 0.0133333333
0.14875 -0.0583333333 0.0172916667
0.144895833 -0.0583333333 0.02125
0.14875 -0.0619791667 0.02125
0.14875 -0.0583333333 0.0252083333
0.14875 -0.0583333333 0.254791667
0.144895833 -0.0510416667 0.00541666667
0.14875 -0.0546875 0.0133333333
0.144895833 -0.0510416667 0.0133333333
0.14875 -0.0546875 0.02125
0.14875 -0.0510416667 0.0172916667
0.14875 -0.0510416667 0.254791667
0.144895833 -0.04375 -0.0025
0.144895833 -0.04375 0.00541666667
0.144895833 -0.04375 0.0133333333
0.14875 -0.04375 0.0172916667
0.14875 -0.04375 0.254791667
0.144895833 -0.0364583333 0.00541666667
0.144895833 -0.0364583333 0.0133333333
0.14875 -0.0364583333 0.0172916667
0.14875 -0.0364583333 0.254791667
0.144895833 -0.0291666667 -0.0025
0.144895833 -0.0291666667 0.00541666667
0.144895833 -0.0291666667 0.0133333333
0.14875 -0.0291666667 0.0172916667
0.14875 -0.0291666667 0.254791667
0.144895833 -0.021875 -0.0025
0.144895833 -0.021875 0.00541666667
0.144895833 -0.021875 0.0133333333
0.14875 -0.0255208333 0.02125
0.144895833 -0.021875 0.02125
0.14875 -0.021875 0.0252083333
0.14875 -0.021875 0.254791667
0.144895833 -0.0145833333 -0.0025
0.144895833 -0.0145833333 0.00541666667
0.144895833 -0.0145833333 0.0133333333
0.14875 -0.0145833333 0.0172916667
0.14875 -0.0182291667 0.02125
0.144895833 -0.0145833333 0.25875
0.14875 -0.0145833333 0.254791667
0.144895833 -0.00729166667 -0.0025
0.144895833 -0.00729166667 0.00541666667
0.144895833 -0.00729166667 0.0133333333
0.14875 -0.00729166667 0.0172916667
0.144895833 -0.00729166667 0.25875
0.14875 -0.00729166667 0.254791667
0.144895833 0 0.00541666667
0.144895833 0 0.0133333333
0.14875 0 0.0172916667
0.144895833 0 0.25875
0.14875 0 0.254791667
0.144895833 0.00729166667 -0.0025
0.144895833 0.00729166667 0.00541666667
0.144895833 0.00729166667 0.0133333333
0.14875 0.00729166667 0.0172916667
0.14875 0.00364583333 0.25875
0.14875 0.00729166667 0.262708333
0.144895833 0.0145833333 0.00541666667
0.144895833 0.0145833333 0.0133333333
0.14875 0.0145833333 0.0172916667
0.14875 0.0145833333 0.262708333
0.144895833 0.021875 -0.0025
0.144895833 0.021875 0.00541666667
0.144895833 0.021875 0.0133333333
0.14875 0.021875 0.0172916667
0.14875 0.021875 0.262708333
0.144895833 0.0291666667 0.00541666667
0.144895833 0.0291666667 0.0133333333
0.14875 0.0291666667 0.0172916667
0.14875 0.0291666667 0.262708333
0.144895833 0.0364583333 0.00541666667
0.144895833 0.0364583333 0.0133333333
0.14875 0.0364583333 0.0172916667
0.14875 0.0364583333 0.262708333
0.144895833 0.04375 0.00541666667
0.144895833 0.04375 0.0133333333
0.14875 0.04375 0.0172916667
0.14875 0.04375 0.262708333
0.144895833 0.0510416667 0.00541666667
0.144895833 0.0510416667 0.0133333333
0.14875 0.0510416667 0.0172916667
0.144895833 0.0510416667 0.25875
0.14875 0.0473958333 0.25875
0.14875 0.0510416667 0.254791667
0.144895833 0.0583333333 0.00541666667
0.144895833 0.0583333333 0.0133333333
0.14875 0.0583333333 0.0172916667
0.14875 0.0583333333 0.254791667
0.144895833 0.065625 0.00541666667
0.144895833 0.065625 0.0133333333
0.14875 0.065625 0.0172916667
0.14875 0.065625 0.254791667
0.144895833 0.0729166667 0.00541666667
0.144895833 0.0729166667 0.0133333333
0.14875 0.0729166667 0.0172916667
0.14875 0.0729166667 0.254791667
0.144895833 0.0802083333 -0.0025
0.144895833 0.0802083333 0.00541666667
0.144895833 0.0802083333 0.0133333333
0.14875 0.0802083333 0.0172916667
0.14875 0.0802083333 0.254791667
0.144895833 0.0875 -0.0025
0.144895833 0.0875 0.00541666667
0.144895833 0.0875 0.0133333333
0.14875 0.0875 0.0172916667
0.144895833 0.0875 0.0291666667
0.14875 0.0838541667 0.0291666667
0.14875 0.0875 0.0252083333
0.14875 0.0875 0.033125
0.144895833 0.0875 0.0608333333
0.14875 0.0838541667 0.0608333333
0.14875 0.0875 0.056875
0.14875 0.0875 0.0647916667
0.144895833 0.0875 0.0925
0.14875 0.0838541667 0.0925
0.14875 0.0875 0.0885416667
0.14875 0.0875 0.0964583333
0.144895833 0.0875 0.124166667
0.14875 0.0838541667 0.124166667
0.14875 0.0875 0.120208333
0.14875 0.0875 0.128125
0.144895833 0.0875 0.147916667
0.14875 0.0838541667 0.147916667
0.14875 0.0875 0.143958333
0.14875 0.0875 0.151875
0.144895833 0.0875 0.171666667
0.14875 0.0838541667 0.171666667
0.14875 0.0875 0.167708333
0.14875 0.0875 0.175625
0.144895833 0.0875 0.203333333
0.14875 0.0838541667 0.203333333
0.14875 0.0875 0.199375
0.14875 0.0875 0.207291667
0.144895833 0.0875 0.227083333
0.14875 0.0838541667 0.227083333
0.14875 0.0875 0.223125
0.14875 0.0875 0.231041667
0.144895833 0.0875 0.250833333
0.14875 0.0838541667 0.250833333
0.14875 0.0875 0.246875
0.144895833 0.0947916667 0.00541666667
0.144895833 0.0947916667 0.0133333333
0.14875 0.0911458333 0.02125
0.144895833 0.0947916667 0.02125
0.144895833 0.0947916667 0.0291666667
0.14875 0.0911458333 0.0370833333
0.144895833 0.0947916667 0.0370833333
0.144895833 0.0947916667 0.045
0.14875 0.0911458333 0.045
0.144895833 0.0947916667 0.0529166667
0.14875 0.0911458333 0.0529166667
0.144895833 0.0947916667 0.0608333333
0.14875 0.0911458333 0.06875
0.144895833 0.0947916667 0.06875
0.144895833 0.0947916667 0.0766666667
0.14875 0.0911458333 0.0766666667
0.144895833 0.0947916667 0.0845833333
0.14875 0.0911458333 0.0845833333
0.144895833 0.0947916667 0.0925
0.14875 0.0911458333 0.100416667
0.144895833 0.0947916667 0.100416667
0.144895833 0.0947916667 0.108333333
0.14875 0.0911458333 0.108333333
0.144895833 0.0947916667 0.11625
0.14875 0.0911458333 0.11625
0.144895833 0.0947916667 0.124166667
0.14875 0.0911458333 0.132083333
0.144895833 0.0947916667 0.132083333
0.144895833 0.0947916667 0.14
0.14875 0.0911458333 0.14
0.144895833 0.0947916667 0.147916667
0.14875 0.0911458333 0.155833333
0.144895833 0.0947916667 0.155833333
0.144895833 0.0947916667 0.16375
0.14875 0.0911458333 0.16375
0.144895833 0.0947916667 0.171666667
0.14875 0.0911458333 0.179583333
0.144895833 0.0947916667 0.179583333
0.144895833 0.0947916667 0.1875
0.14875 0.0911458333 0.1875
0.144895833 0.0947916667 0.195416667
0.14875 0.0911458333 0.195416667
0.144895833 0.0947916667 0.203333333
0.14875 0.0911458333 0.21125
0.144895833 0.0947916667 0.21125
0.144895833 0.0947916667 0.219166667
0.14875 0.0911458333 0.219166667
0.144895833 0.0947916667 0.227083333
0.14875 0.0911458333 0.235
0.144895833 0.0947916667 0.235
0.144895833 0.0947916667 0.242916667
0.14875 0.0911458333 0.242916667
0.144895833 0.0947916667 0.250833333
0.144895833 0.102083333 -0.0025
0.144895833 0.102083333 0.00541666667
0.144895833 0.102083333 0.0133333333
0.144895833 0.102083333 0.02125
0.144895833 0.102083333 0.0291666667
0.144895833 0.102083333 0.0370833333
0.144895833 0.102083333 0.045
0.144895833 0.102083333 0.0529166667
0.144895833 0.102083333 0.0608333333
0.144895833 0.102083333 0.06875
0.144895833 0.102083333 0.0766666667
0.144895833 0.102083333 0.0845833333
0.144895833 0.102083333 0.0925
0.144895833 0.102083333 0.100416667
0.144895833 0.102083333 0.108333333
0.144895833 0.102083333 0.11625
0.144895833 0.102083333 0.124166667
0.144895833 0.102083333 0.132083333
0.144895833 0.102083333 0.14
0.144895833 0.102083333 0.147916667
0.144895833 0.102083333 0.155833333
0.144895833 0.102083333 0.16375
0.144895833 0.102083333 0.171666667
0.144895833 0.102083333 0.179583333
0.144895833 0.102083333 0.1875
0.144895833 0.102083333 0.195416667
0.144895833 0.102083333 0.203333333
0.144895833 0.102083333 0.21125
0.144895833 0.102083333 0.219166667
0.144895833 0.102083333 0.227083333
0.144895833 0.102083333 0.235
0.144895833 0.102083333 0.242916667
0.144895833 0.102083333 0.250833333
0.144895833 0.109375 -0.0025
0.144895833 0.109375 0.00541666667
0.144895833 0.109375 0.0133333333
0.144895833 0.109375 0.02125
0.144895833 0.109375 0.0291666667
0.144895833 0.109375 0.0370833333
0.144895833 0.109375 0.045
0.144895833 0.109375 0.0529166667
0.144895833 0.109375 0.0608333333
0.144895833 0.109375 0.06875
0.144895833 0.109375 0.0766666667
0.144895833 0.109375 0.0845833333
0.144895833 0.109375 0.0925
0.144895833 0.109375 0.100416667
0.144895833 0.109375 0.108333333
0.144895833 0.109375 0.11625
0.144895833 0.109375 0.124166667
0.144895833 0.109375 0.132083333
0.144895833 0.109375 0.14
0.144895833 0.109375 0.147916667
0.144895833 0.109375 0.155833333
0.144895833 0.109375 0.16375
0.144895833 0.109375 0.171666667
0.144895833 0.109375 0.179583333
0.144895833 0.109375 0.1875
0.144895833 0.109375 0.195416667
0.144895833 0.109375 0.203333333
0.144895833 0.109375 0.21125
0.144895833 0.109375 0.219166667
0.144895833 0.109375 0.227083333
0.144895833 0.109375 0.235
0.144895833 0.109375 0.242916667
0.144895833 0.109375 0.250833333
0.144895833 0.116666667 -0.0025
0.144895833 0.116666667 0.00541666667
0.144895833 0.116666667 0.0133333333
0.144895833 0.116666667 0.0291666667
0.144895833 0.116666667 0.0370833333
0.144895833 0.116666667 0.045
0.144895833 0.116666667 0.0529166667
0.144895833 0.116666667 0.0608333333
0.144895833 0.116666667 0.06875
0.144895833 0.116666667 0.0766666667
0.144895833 0.116666667 0.0845833333
0.144895833 0.116666667 0.0925
0.144895833 0.116666667 0.100416667
0.144895833 0.116666667 0.108333333
0.144895833 0.116666667 0.11625
0.144895833 0.116666667 0.124166667
0.144895833 0.116666667 0.132083333
0.144895833 0.116666667 0.14
0.144895833 0.116666667 0.147916667
0.144895833 0.116666667 0.155833333
0.144895833 0.116666667 0.171666667
0.144895833 0.116666667 0.179583333
0.144895833 0.116666667 0.1875
0.144895833 0.116666667 0.195416667
0.144895833 0.116666667 0.203333333
0.144895833 0.116666667 0.21125
0.144895833 0.116666667 0.219166667
0.144895833 0.116666667 0.227083333
0.144895833 0.116666667 0.235
0.144895833 0.116666667 0.242916667
0.144895833 0.116666667 0.250833333
0.152604167 -0.0875 0.0291666667
0.152604167 -0.0875 0.06875
0.152604167 -0.0875 0.171666667
0.152604167 -0.0875 0.203333333
0.152604167 -0.0802083333 0.0370833333
0.152604167 -0.0802083333 0.045
0.152604167 -0.0802083333 0.06875
0.152604167 -0.0802083333 0.0766666667
0.152604167 -0.0802083333 0.108333333
0.152604167 -0.0802083333 0.11625
0.152604167 -0.0802083333 0.14
0.152604167 -0.0802083333 0.147916667
0.152604167 -0.0802083333 0.179583333
0.152604167 -0.0802083333 0.203333333
0.152604167 -0.0802083333 0.21125
0.152604167 -0.0802083333 0.242916667
0.152604167 -0.0729166667 0.02125
0.152604167 -0.0729166667 0.0370833333
0.152604167 -0.0729166667 0.045
0.152604167 -0.0729166667 0.0529166667
0.152604167 -0.0729166667 0.0608333333
0.152604167 -0.0729166667 0.0766666667
0.152604167 -0.0729166667 0.0845833333
0.152604167 -0.0729166667 0.0925
0.152604167 -0.0729166667 0.108333333
0.152604167 -0.0729166667 0.11625
0.152604167 -0.0729166667 0.124166667
0.152604167 -0.0729166667 0.147916667
0.152604167 -0.0729166667 0.155833333
0.152604167 -0.0729166667 0.16375
0.152604167 -0.0729166667 0.179583333
0.152604167 -0.0729166667 0.1875
0.152604167 -0.0729166667 0.195416667
0.152604167 -0.0729166667 0.21125
0.152604167 -0.0729166667 0.219166667
0.152604167 -0.0729166667 0.227083333
0.152604167 -0.0729166667 0.242916667
0.152604167 -0.0729166667 0.250833333
0.152604167 -0.065625 0.02125
0.152604167 -0.065625 0.0291666667
0.152604167 -0.065625 0.0370833333
0.152604167 -0.065625 0.045
0.152604167 -0.065625 0.0529166667
0.152604167 -0.065625 0.0608333333
0.152604167 -0.065625 0.06875
0.152604167 -0.065625 0.0766666667
0.152604167 -0.065625 0.0845833333
0.152604167 -0.065625 0.0925
0.152604167 -0.065625 0.100416667
0.152604167 -0.065625 0.108333333
0.152604167 -0.065625 0.11625
0.152604167 -0.065625 0.124166667
0.152604167 -0.065625 0.132083333
0.152604167 -0.065625 0.14
0.152604167 -0.065625 0.147916667
0.152604167 -0.065625 0.155833333
0.152604167 -0.065625 0.16375
0.152604167 -0.065625 0.171666667
0.152604167 -0.065625 0.179583333
0.152604167 -0.065625 0.1875
0.152604167 -0.065625 0.195416667
0.152604167 -0.065625 0.203333333
0.152604167 -0.065625 0.21125
0.152604167 -0.065625 0.219166667
0.152604167 -0.065625 0.227083333
0.152604167 -0.065625 0.235
0.152604167 -0.065625 0.242916667
0.152604167 -0.065625 0.250833333
0.152604167 -0.0583333333 0.0133333333
0.152604167 -0.0583333333 0.0291666667
0.152604167 -0.0583333333 0.0370833333
0.152604167 -0.0583333333 0.045
0.152604167 -0.0583333333 0.0529166667
0.152604167 -0.0583333333 0.0608333333
0.152604167 -0.0583333333 0.06875
0.152604167 -0.0583333333 0.0766666667
0.152604167 -0.0583333333 0.0845833333
0.152604167 -0.0583333333 0.0925
0.152604167 -0.0583333333 0.100416667
0.152604167 -0.0583333333 0.108333333
0.152604167 -0.0583333333 0.11625
0.152604167 -0.0583333333 0.124166667
0.152604167 -0.0583333333 0.132083333
0.152604167 -0.0583333333 0.14
0.152604167 -0.0583333333 0.147916667
0.152604167 -0.0583333333 0.155833333
0.152604167 -0.0583333333 0.16375
0.152604167 -0.0583333333 0.171666667
0.152604167 -0.0583333333 0.179583333
0.152604167 -0.0583333333 0.1875
0.152604167 -0.0583333333 0.195416667
0.152604167 -0.0583333333 0.203333333
0.152604167 -0.0583333333 0.21125
0.152604167 -0.0583333333 0.219166667
0.152604167 -0.0583333333 0.227083333
0.152604167 -0.0583333333 0.235
0.152604167 -0.0583333333 0.242916667
0.152604167 -0.0583333333 0.250833333
0.152604167 -0.0510416667 0.02125
0.152604167 -0.0510416667 0.0291666667
0.152604167 -0.0510416667 0.0370833333
0.152604167 -0.0510416667 0.045
0.152604167 -0.0510416667 0.0529166667
0.152604167 -0.0510416667 0.0608333333
0.152604167 -0.0510416667 0.06875
0.152604167 -0.0510416667 0.0766666667
0.152604167 -0.0510416667 0.0845833333
0.152604167 -0.0510416667 0.0925
0.152604167 -0.0510416667 0.100416667
0.152604167 -0.0510416667 0.108333333
0.152604167 -0.0510416667 0.11625
0.152604167 -0.0510416667 0.124166667
0.152604167 -0.0510416667 0.132083333
0.152604167 -0.0510416667 0.14
0.152604167 -0.0510416667 0.147916667
0.152604167 -0.0510416667 0.155833333
0.152604167 -0.0510416667 0.16375
0.152604167 -0.0510416667 0.171666667
0.152604167 -0.0510416667 0.179583333
0.152604167 -0.0510416667 0.1875
0.152604167 -0.0510416667 0.195416667
0.152604167 -0.0510416667 0.203333333
0.152604167 -0.0510416667 0.21125
0.152604167 -0.0510416667 0.219166667
0.152604167 -0.0510416667 0.227083333
0.152604167 -0.0510416667 0.235
0.152604167 -0.0510416667 0.242916667
0.152604167 -0.0510416667 0.250833333
0.152604167 -0.04375 0.02125
0.152604167 -0.04375 0.0291666667
0.152604167 -0.04375 0.0370833333
0.152604167 -0.04375 0.045
0.152604167 -0.04375 0.0529166667
0.152604167 -0.04375 0.0608333333
0.152604167 -0.04375 0.06875
0.152604167 -0.04375 0.0766666667
0.152604167 -0.04375 0.0845833333
0.152604167 -0.04375 0.0925
0.152604167 -0.04375 0.100416667
0.152604167 -0.04375 0.108333333
0.152604167 -0.04375 0.11625
0.152604167 -0.04375 0.124166667
0.152604167 -0.04375 0.132083333
0.152604167 -0.04375 0.14
0.152604167 -0.04375 0.147916667
0.152604167 -0.04375 0.155833333
0.152604167 -0.04375 0.16375
0.152604167 -0.04375 0.171666667
0.152604167 -0.04375 0.179583333
0.152604167 -0.04375 0.1875
0.152604167 -0.04375 0.195416667
0.152604167 -0.04375 0.203333333
0.152604167 -0.04375 0.21125
0.152604167 -0.04375 0.219166667
0.152604167 -0.04375 0.227083333
0.152604167 -0.04375 0.235
0.152604167 -0.04375 0.242916667
0.152604167 -0.04375 0.250833333
0.152604167 -0.0364583333 0.02125
0.152604167 -0.0364583333 0.0291666667
0.152604167 -0.0364583333 0.0370833333
0.152604167 -0.0364583333 0.045
0.156458333 -0.0364583333 0.0489583333
0.156458333 -0.0401041667 0.0529166667
0.156458333 -0.0364583333 0.056875
0.152604167 -0.0364583333 0.0608333333
0.152604167 -0.0364583333 0.06875
0.152604167 -0.0364583333 0.0766666667
0.152604167 -0.0364583333 0.0845833333
0.152604167 -0.0364583333 0.0925
0.152604167 -0.0364583333 0.100416667
0.152604167 -0.0364583333 0.108333333
0.152604167 -0.0364583333 0.11625
0.152604167 -0.0364583333 0.124166667
0.152604167 -0.0364583333 0.132083333
0.152604167 -0.0364583333 0.14
0.152604167 -0.0364583333 0.147916667
0.152604167 -0.0364583333 0.155833333
0.152604167 -0.0364583333 0.16375
0.152604167 -0.0364583333 0.171666667
0.152604167 -0.0364583333 0.179583333
0.152604167 -0.0364583333 0.1875
0.152604167 -0.0364583333 0.195416667
0.152604167 -0.0364583333 0.203333333
0.152604167 -0.0364583333 0.21125
0.152604167 -0.0364583333 0.219166667
0.152604167 -0.0364583333 0.227083333
0.152604167 -0.0364583333 0.235
0.152604167 -0.0364583333 0.242916667
0.152604167 -0.0364583333 0.250833333
0.152604167 -0.0291666667 0.02125
0.152604167 -0.0291666667 0.0291666667
0.152604167 -0.0291666667 0.0370833333
0.152604167 -0.0291666667 0.045
0.156458333 -0.0328125 0.0529166667
0.152604167 -0.0291666667 0.0529166667
0.156458333 -0.0328125 0.0608333333
0.156458333 -0.0291666667 0.056875
0.156458333 -0.0291666667 0.0647916667
0.152604167 -0.0291666667 0.06875
0.152604167 -0.0291666667 0.0766666667
0.152604167 -0.0291666667 0.0845833333
0.156458333 -0.0291666667 0.0885416667
0.156458333 -0.0328125 0.0925
0.156458333 -0.0328125 0.100416667
0.156458333 -0.0291666667 0.104375
0.152604167 -0.0291666667 0.108333333
0.152604167 -0.0291666667 0.11625
0.156458333 -0.0291666667 0.120208333
0.156458333 -0.0328125 0.124166667
0.156458333 -0.0328125 0.132083333
0.156458333 -0.0291666667 0.136041667
0.152604167 -0.0291666667 0.14
0.152604167 -0.0291666667 0.147916667
0.156458333 -0.0291666667 0.151875
0.156458333 -0.0328125 0.155833333
0.156458333 -0.0328125 0.16375
0.156458333 -0.0291666667 0.167708333
0.152604167 -0.0291666667 0.171666667
0.152604167 -0.0291666667 0.179583333
0.156458333 -0.0291666667 0.183541667
0.156458333 -0.0328125 0.1875
0.156458333 -0.0328125 0.195416667
0.156458333 -0.0291666667 0.199375
0.152604167 -0.0291666667 0.203333333
0.152604167 -0.0291666667 0.21125
0.156458333 -0.0291666667 0.215208333
0.156458333 -0.0328125 0.219166667
0.156458333 -0.0291666667 0.223125
0.152604167 -0.0291666667 0.227083333
0.152604167 -0.0291666667 0.235
0.152604167 -0.0291666667 0.242916667
0.156458333 -0.0291666667 0.246875
0.156458333 -0.0328125 0.250833333
0.156458333 -0.0291666667 0.254791667
0.152604167 -0.021875 0.0291666667
0.152604167 -0.021875 0.0370833333
0.156458333 -0.021875 0.0410416667
0.156458333 -0.0255208333 0.045
0.156458333 -0.021875 0.0489583333
0.152604167 -0.021875 0.0529166667
0.156458333 -0.021875 0.056875
0.156458333 -0.0255208333 0.06875
0.156458333 -0.0255208333 0.0766666667
0.156458333 -0.021875 0.080625
0.152604167 -0.021875 0.0845833333
0.156458333 -0.021875 0.0885416667
0.156458333 -0.0255208333 0.108333333
0.156458333 -0.021875 0.112291667
0.152604167 -0.021875 0.11625
0.156458333 -0.0255208333 0.124166667
0.152604167 -0.021875 0.124166667
0.156458333 -0.021875 0.128125
0.156458333 -0.0255208333 0.14
0.156458333 -0.0255208333 0.147916667
0.156458333 -0.0255208333 0.171666667
0.156458333 -0.021875 0.175625
0.152604167 -0.021875 0.179583333
0.156458333 -0.0255208333 0.1875
0.152604167 -0.021875 0.1875
0.156458333 -0.021875 0.191458333
0.156458333 -0.0255208333 0.203333333
0.156458333 -0.021875 0.207291667
0.152604167 -0.021875 0.21125
0.156458333 -0.021875 0.215208333
0.156458333 -0.0255208333 0.227083333
0.156458333 -0.0255208333 0.235
0.156458333 -0.021875 0.238958333
0.152604167 -0.021875 0.242916667
0.156458333 -0.021875 0.246875
0.156458333 -0.021875 0.254791667
0.152604167 -0.0145833333 0.02125
0.152604167 -0.0145833333 0.0291666667
0.152604167 -0.0145833333 0.0370833333
0.156458333 -0.0145833333 0.0410416667
0.156458333 -0.0182291667 0.0529166667
0.156458333 -0.0182291667 0.0845833333
0.156458333 -0.0182291667 0.11625
0.156458333 -0.0182291667 0.124166667
0.156458333 -0.0182291667 0.179583333
0.156458333 -0.0182291667 0.1875
0.156458333 -0.0182291667 0.21125
0.156458333 -0.0182291667 0.242916667
0.156458333 -0.0145833333 0.254791667
0.152604167 -0.00729166667 0.02125
0.152604167 -0.00729166667 0.0291666667
0.152604167 -0.00729166667 0.0370833333
0.156458333 -0.0109375 0.045
0.152604167 -0.00729166667 0.045
0.156458333 -0.00729166667 0.0489583333
0.156458333 -0.00729166667 0.254791667
0.152604167 0 0.02125
0.152604167 0 0.0291666667
0.152604167 0 0.0370833333
0.156458333 0 0.0410416667
0.156458333 -0.00364583333 0.045
0.156458333 0 0.254791667
0.152604167 0.00729166667 0.02125
0.152604167 0.00729166667 0.0291666667
0.152604167 0.00729166667 0.0370833333
0.156458333 0.00729166667 0.0410416667
0.152604167 0.00729166667 0.25875
0.156458333 0.00729166667 0.254791667
0.152604167 0.0145833333 0.02125
0.152604167 0.0145833333 0.0291666667
0.152604167 0.0145833333 0.0370833333
0.156458333 0.0145833333 0.0410416667
0.152604167 0.0145833333 0.25875
0.156458333 0.0145833333 0.254791667
0.152604167 0.021875 0.02125
0.152604167 0.021875 0.0291666667
0.152604167 0.021875 0.0370833333
0.156458333 0.021875 0.0410416667
0.156458333 0.0182291667 0.25875
0.156458333 0.021875 0.262708333
0.152604167 0.0291666667 0.02125
0.152604167 0.0291666667 0.0291666667
0.152604167 0.0291666667 0.0370833333
0.156458333 0.0291666667 0.0410416667
0.156458333 0.0291666667 0.262708333
0.152604167 0.0364583333 0.02125
0.152604167 0.0364583333 0.0291666667
0.152604167 0.0364583333 0.0370833333
0.156458333 0.0364583333 0.0410416667
0.156458333 0.0364583333 0.262708333
0.152604167 0.04375 0.02125
0.152604167 0.04375 0.0291666667
0.152604167 0.04375 0.0370833333
0.156458333 0.04375 0.0410416667
0.152604167 0.04375 0.25875
0.156458333 0.0401041667 0.25875
0.156458333 0.04375 0.254791667
0.152604167 0.0510416667 0.02125
0.152604167 0.0510416667 0.0291666667
0.152604167 0.0510416667 0.0370833333
0.156458333 0.0510416667 0.0410416667
0.152604167 0.0510416667 0.14
0.156458333 0.0473958333 0.14
0.156458333 0.0510416667 0.136041667
0.156458333 0.0510416667 0.143958333
0.152604167 0.0510416667 0.195416667
0.156458333 0.0473958333 0.195416667
0.156458333 0.0510416667 0.191458333
0.156458333 0.0510416667 0.199375
0.156458333 0.0510416667 0.254791667
0.152604167 0.0583333333 0.02125
0.152604167 0.0583333333 0.0291666667
0.152604167 0.0583333333 0.0370833333
0.156458333 0.0546875 0.045
0.152604167 0.0583333333 0.045
0.152604167 0.0583333333 0.0529166667
0.156458333 0.0546875 0.0529166667
0.156458333 0.0583333333 0.056875
0.152604167 0.0583333333 0.06875
0.156458333 0.0546875 0.06875
0.156458333 0.0583333333 0.0647916667
0.152604167 0.0583333333 0.0766666667
0.156458333 0.0546875 0.0766666667
0.152604167 0.0583333333 0.0845833333
0.156458333 0.0546875 0.0845833333
0.156458333 0.0583333333 0.0885416667
0.152604167 0.0583333333 0.100416667
0.156458333 0.0546875 0.100416667
0.156458333 0.0583333333 0.0964583333
0.152604167 0.0583333333 0.108333333
0.156458333 0.0546875 0.108333333
0.156458333 0.0583333333 0.112291667
0.152604167 0.0583333333 0.132083333
0.156458333 0.0546875 0.132083333
0.156458333 0.0583333333 0.128125
0.152604167 0.0583333333 0.14
0.156458333 0.0583333333 0.143958333
0.152604167 0.0583333333 0.155833333
0.156458333 0.0546875 0.155833333
0.156458333 0.0583333333 0.151875
0.152604167 0.0583333333 0.16375
0.156458333 0.0546875 0.16375
0.156458333 0.0583333333 0.167708333
0.152604167 0.0583333333 0.1875
0.156458333 0.0546875 0.1875
0.156458333 0.0583333333 0.183541667
0.152604167 0.0583333333 0.195416667
0.156458333 0.0583333333 0.199375
0.152604167 0.0583333333 0.21125
0.156458333 0.0546875 0.21125
0.156458333 0.0583333333 0.207291667
0.152604167 0.0583333333 0.219166667
0.156458333 0.0546875 0.219166667
0.156458333 0.0583333333 0.223125
0.152604167 0.0583333333 0.235
0.156458333 0.0546875 0.235
0.156458333 0.0583333333 0.231041667
0.152604167 0.0583333333 0.242916667
0.156458333 0.0546875 0.242916667
0.156458333 0.0583333333 0.246875
0.156458333 0.0583333333 0.254791667
0.152604167 0.065625 0.02125
0.152604167 0.065625 0.0291666667
0.152604167 0.065625 0.0370833333
0.152604167 0.065625 0.045
0.152604167 0.065625 0.0529166667
0.156458333 0.0619791667 0.0608333333
0.152604167 0.065625 0.0608333333
0.152604167 0.065625 0.06875
0.152604167 0.065625 0.0766666667
0.152604167 0.065625 0.0845833333
0.156458333 0.0619791667 0.0925
0.152604167 0.065625 0.0925
0.152604167 0.065625 0.100416667
0.152604167 0.065625 0.108333333
0.156458333 0.0619791667 0.11625
0.152604167 0.065625 0.11625
0.152604167 0.065625 0.124166667
0.156458333 0.0619791667 0.124166667
0.152604167 0.065625 0.132083333
0.152604167 0.065625 0.14
0.156458333 0.0619791667 0.147916667
0.152604167 0.065625 0.147916667
0.152604167 0.065625 0.155833333
0.152604167 0.065625 0.16375
0.156458333 0.0619791667 0.171666667
0.152604167 0.065625 0.171666667
0.152604167 0.065625 0.179583333
0.156458333 0.0619791667 0.179583333
0.152604167 0.065625 0.1875
0.152604167 0.065625 0.195416667
0.156458333 0.0619791667 0.203333333
0.152604167 0.065625 0.203333333
0.152604167 0.065625 0.21125
0.152604167 0.065625 0.219166667
0.156458333 0.0619791667 0.227083333
0.152604167 0.065625 0.227083333
0.152604167 0.065625 0.235
0.152604167 0.065625 0.242916667
0.156458333 0.0619791667 0.250833333
0.152604167 0.065625 0.250833333
0.152604167 0.0729166667 0.02125
0.152604167 0.0729166667 0.0291666667
0.152604167 0.0729166667 0.0370833333
0.152604167 0.0729166667 0.045
0.152604167 0.0729166667 0.0529166667
0.152604167 0.0729166667 0.0608333333
0.152604167 0.0729166667 0.06875
0.152604167 0.0729166667 0.0766666667
0.152604167 0.0729166667 0.0845833333
0.152604167 0.0729166667 0.0925
0.152604167 0.0729166667 0.100416667
0.152604167 0.0729166667 0.108333333
0.152604167 0.0729166667 0.11625
0.152604167 0.0729166667 0.124166667
0.152604167 0.0729166667 0.132083333
0.152604167 0.0729166667 0.14
0.152604167 0.0729166667 0.147916667
0.152604167 0.0729166667 0.155833333
0.152604167 0.0729166667 0.16375
0.152604167 0.0729166667 0.171666667
0.152604167 0.0729166667 0.179583333
0.152604167 0.0729166667 0.1875
0.152604167 0.0729166667 0.195416667
0.152604167 0.0729166667 0.203333333
0.152604167 0.0729166667 0.21125
0.152604167 0.0729166667 0.219166667
0.152604167 0.0729166667 0.227083333
0.152604167 0.0729166667 0.235
0.152604167 0.0729166667 0.242916667
0.152604167 0.0729166667 0.250833333
0.152604167 0.0802083333 0.02125
0.152604167 0.0802083333 0.0291666667
0.152604167 0.0802083333 0.0370833333
0.152604167 0.0802083333 0.045
0.152604167 0.0802083333 0.0529166667
0.152604167 0.0802083333 0.0608333333
0.152604167 0.0802083333 0.06875
0.152604167 0.0802083333 0.0766666667
0.152604167 0.0802083333 0.0845833333
0.152604167 0.0802083333 0.0925
0.152604167 0.0802083333 0.100416667
0.152604167 0.0802083333 0.108333333
0.152604167 0.0802083333 0.11625
0.152604167 0.0802083333 0.124166667
0.152604167 0.0802083333 0.132083333
0.152604167 0.0802083333 0.14
0.152604167 0.0802083333 0.147916667
0.152604167 0.0802083333 0.155833333
0.152604167 0.0802083333 0.16375
0.152604167 0.0802083333 0.171666667
0.152604167 0.0802083333 0.179583333
0.152604167 0.0802083333 0.1875
0.152604167 0.0802083333 0.195416667
0.152604167 0.0802083333 0.203333333
0.152604167 0.0802083333 0.21125
0.152604167 0.0802083333 0.219166667
0.152604167 0.0802083333 0.227083333
0.152604167 0.0802083333 0.235
0.152604167 0.0802083333 0.242916667
0.152604167 0.0802083333 0.250833333
0.152604167 0.0875 0.02125
0.152604167 0.0875 0.0370833333
0.152604167 0.0875 0.045
0.152604167 0.0875 0.0529166667
0.152604167 0.0875 0.06875
0.152604167 0.0875 0.0766666667
0.152604167 0.0875 0.0845833333
0.152604167 0.0875 0.100416667
0.152604167 0.0875 0.108333333
0.152604167 0.0875 0.11625
0.152604167 0.0875 0.132083333
0.152604167 0.0875 0.14
0.152604167 0.0875 0.155833333
0.152604167 0.0875 0.16375
0.152604167 0.0875 0.179583333
0.152604167 0.0875 0.1875
0.152604167 0.0875 0.195416667
0.152604167 0.0875 0.21125
0.152604167 0.0875 0.219166667
0.152604167 0.0875 0.235
0.152604167 0.0875 0.242916667
0.1603125 -0.0364583333 0.0529166667
0.1603125 -0.0291666667 0.0608333333
0.1603125 -0.0291666667 0.0925
0.1603125 -0.0291666667 0.100416667
0.1603125 -0.0291666667 0.124166667
0.1603125 -0.0291666667 0.132083333
0.1603125 -0.0291666667 0.155833333
0.1603125 -0.0291666667 0.16375
0.1603125 -0.0291666667 0.1875
0.1603125 -0.0291666667 0.195416667
0.1603125 -0.0291666667 0.219166667
0.1603125 -0.0291666667 0.250833333
0.1603125 -0.021875 0.045
0.1603125 -0.021875 0.0608333333
0.1603125 -0.021875 0.06875
0.1603125 -0.021875 0.0766666667
0.1603125 -0.021875 0.0925
0.1603125 -0.021875 0.100416667
0.1603125 -0.021875 0.108333333
0.1603125 -0.021875 0.132083333
0.1603125 -0.021875 0.14
0.1603125 -0.021875 0.147916667
0.1603125 -0.021875 0.155833333
0.1603125 -0.021875 0.16375
0.1603125 -0.021875 0.171666667
0.1603125 -0.021875 0.195416667
0.1603125 -0.021875 0.203333333
0.1603125 -0.021875 0.219166667
0.1603125 -0.021875 0.227083333
0.1603125 -0.021875 0.235
0.1603125 -0.021875 0.250833333
0.1603125 -0.0145833333 0.045
0.1603125 -0.0145833333 0.0529166667
0.1603125 -0.0145833333 0.0608333333
0.1603125 -0.0145833333 0.06875
0.1603125 -0.0145833333 0.0766666667
0.1603125 -0.0145833333 0.0845833333
0.1603125 -0.0145833333 0.0925
0.1603125 -0.0145833333 0.100416667
0.1603125 -0.0145833333 0.108333333
0.1603125 -0.0145833333 0.11625
0.1603125 -0.0145833333 0.124166667
0.1603125 -0.0145833333 0.132083333
0.1603125 -0.0145833333 0.14
0.1603125 -0.0145833333 0.147916667
0.1603125 -0.0145833333 0.155833333
0.1603125 -0.0145833333 0.16375
0.1603125 -0.0145833333 0.171666667
0.1603125 -0.0145833333 0.179583333
0.1603125 -0.0145833333 0.1875
0.1603125 -0.0145833333 0.195416667
0.1603125 -0.0145833333 0.203333333
0.1603125 -0.0145833333 0.21125
0.1603125 -0.0145833333 0.219166667
0.1603125 -0.0145833333 0.227083333
0.1603125 -0.0145833333 0.235
0.1603125 -0.0145833333 0.242916667
0.1603125 -0.0145833333 0.250833333
0.1603125 -0.00729166667 0.0529166667
0.1603125 -0.00729166667 0.0608333333
0.1603125 -0.00729166667 0.06875
0.1603125 -0.00729166667 0.0766666667
0.1603125 -0.00729166667 0.0845833333
0.1603125 -0.00729166667 0.0925
0.1603125 -0.00729166667 0.100416667
0.1603125 -0.00729166667 0.108333333
0.1603125 -0.00729166667 0.11625
0.1603125 -0.00729166667 0.124166667
0.1603125 -0.00729166667 0.132083333
0.1603125 -0.00729166667 0.14
0.1603125 -0.00729166667 0.147916667
0.1603125 -0.00729166667 0.155833333
0.1603125 -0.00729166667 0.16375
0.1603125 -0.00729166667 0.171666667
0.1603125 -0.00729166667 0.179583333
0.1603125 -0.00729166667 0.1875
0.1603125 -0.00729166667 0.195416667
0.1603125 -0.00729166667 0.203333333
0.1603125 -0.00729166667 0.21125
0.1603125 -0.00729166667 0.219166667
0.1603125 -0.00729166667 0.227083333
0.1603125 -0.00729166667 0.235
0.1603125 -0.00729166667 0.242916667
0.1603125 -0.00729166667 0.250833333
0.1603125 0 0.045
0.1603125 0 0.0529166667
0.1603125 0 0.0608333333
0.1603125 0 0.06875
0.1603125 0 0.0766666667
0.1603125 0 0.0845833333
0.1603125 0 0.0925
0.1603125 0 0.100416667
0.1603125 0 0.108333333
0.1603125 0 0.11625
0.1603125 0 0.124166667
0.1603125 0 0.132083333
0.1603125 0 0.14
0.1603125 0 0.147916667
0.1603125 0 0.155833333
0.1603125 0 0.16375
0.1603125 0 0.171666667
0.1603125 0 0.179583333
0.1603125 0 0.1875
0.1603125 0 0.195416667
0.1603125 0 0.203333333
0.1603125 0 0.21125
0.1603125 0 0.219166667
0.1603125 0 0.227083333
0.1603125 0 0.235
0.1603125 0 0.242916667
0.1603125 0 0.250833333
0.1603125 0.00729166667 0.045
0.1603125 0.00729166667 0.0529166667
0.1603125 0.00729166667 0.0608333333
0.1603125 0.00729166667 0.06875
0.1603125 0.00729166667 0.0766666667
0.1603125 0.00729166667 0.0845833333
0.1603125 0.00729166667 0.0925
0.1603125 0.00729166667 0.100416667
0.1603125 0.00729166667 0.108333333
0.1603125 0.00729166667 0.11625
0.1603125 0.00729166667 0.124166667
0.1603125 0.00729166667 0.132083333
0.1603125 0.00729166667 0.14
0.1603125 0.00729166667 0.147916667
0.1603125 0.00729166667 0.155833333
0.1603125 0.00729166667 0.16375
0.1603125 0.00729166667 0.171666667
0.1603125 0.00729166667 0.179583333
0.1603125 0.00729166667 0.1875
0.1603125 0.00729166667 0.195416667
0.1603125 0.00729166667 0.203333333
0.1603125 0.00729166667 0.21125
0.1603125 0.00729166667 0.219166667
0.1603125 0.00729166667 0.227083333
0.1603125 0.00729166667 0.235
0.1603125 0.00729166667 0.242916667
0.1603125 0.00729166667 0.250833333
0.1603125 0.0145833333 0.045
0.1603125 0.0145833333 0.0529166667
0.1603125 0.0145833333 0.0608333333
0.1603125 0.0145833333 0.06875
0.1603125 0.0145833333 0.0766666667
0.1603125 0.0145833333 0.0845833333
0.1603125 0.0145833333 0.0925
0.1603125 0.0145833333 0.100416667
0.1603125 0.0145833333 0.108333333
0.1603125 0.0145833333 0.11625
0.1603125 0.0145833333 0.124166667
0.1603125 0.0145833333 0.132083333
0.1603125 0.0145833333 0.14
0.1603125 0.0145833333 0.147916667
0.1603125 0.0145833333 0.155833333
0.1603125 0.0145833333 0.16375
0.1603125 0.0145833333 0.171666667
0.1603125 0.0145833333 0.179583333
0.1603125 0.0145833333 0.1875
0.1603125 0.0145833333 0.195416667
0.1603125 0.0145833333 0.203333333
0.1603125 0.0145833333 0.21125
0.1603125 0.0145833333 0.219166667
0.1603125 0.0145833333 0.227083333
0.1603125 0.0145833333 0.235
0.1603125 0.0145833333 0.242916667
0.1603125 0.0145833333 0.250833333
0.1603125 0.021875 0.045
0.1603125 0.021875 0.0529166667
0.1603125 0.021875 0.0608333333
0.1603125 0.021875 0.06875
0.1603125 0.021875 0.0766666667
0.164166667 0.021875 0.080625
0.164166667 0.0182291667 0.0845833333
0.164166667 0.021875 0.0885416667
0.1603125 0.021875 0.0925
0.1603125 0.021875 0.100416667
0.164166667 0.021875 0.104375
0.164166667 0.0182291667 0.108333333
0.164166667 0.0182291667 0.11625
0.164166667 0.021875 0.120208333
0.1603125 0.021875 0.124166667
0.1603125 0.021875 0.132083333
0.1603125 0.021875 0.14
0.164166667 0.021875 0.143958333
0.164166667 0.0182291667 0.147916667
0.164166667 0.021875 0.151875
0.1603125 0.021875 0.155833333
0.1603125 0.021875 0.16375
0.164166667 0.021875 0.167708333
0.164166667 0.0182291667 0.171666667
0.164166667 0.021875 0.175625
0.1603125 0.021875 0.179583333
0.1603125 0.021875 0.1875
0.1603125 0.021875 0.195416667
0.164166667 0.021875 0.199375
0.164166667 0.0182291667 0.203333333
0.164166667 0.021875 0.207291667
0.1603125 0.021875 0.21125
0.1603125 0.021875 0.219166667
0.164166667 0.021875 0.223125
0.164166667 0.0182291667 0.227083333
0.164166667 0.021875 0.231041667
0.1603125 0.021875 0.235
0.1603125 0.021875 0.242916667
0.1603125 0.021875 0.250833333
0.1603125 0.021875 0.25875
0.1603125 0.0291666667 0.045
0.1603125 0.0291666667 0.0529166667
0.1603125 0.0291666667 0.0608333333
0.1603125 0.0291666667 0.06875
0.1603125 0.0291666667 0.0766666667
0.164166667 0.0255208333 0.0845833333
0.1603125 0.0291666667 0.0845833333
0.1603125 0.0291666667 0.0925
0.1603125 0.0291666667 0.100416667
0.164166667 0.0255208333 0.108333333
0.1603125 0.0291666667 0.108333333
0.1603125 0.0291666667 0.11625
0.164166667 0.0255208333 0.11625
0.1603125 0.0291666667 0.124166667
0.1603125 0.0291666667 0.132083333
0.1603125 0.0291666667 0.14
0.164166667 0.0255208333 0.147916667
0.1603125 0.0291666667 0.147916667
0.1603125 0.0291666667 0.155833333
0.164166667 0.0291666667 0.159791667
0.164166667 0.0255208333 0.16375
0.164166667 0.0291666667 0.167708333
0.1603125 0.0291666667 0.171666667
0.164166667 0.0255208333 0.171666667
0.1603125 0.0291666667 0.179583333
0.1603125 0.0291666667 0.1875
0.1603125 0.0291666667 0.195416667
0.164166667 0.0255208333 0.203333333
0.1603125 0.0291666667 0.203333333
0.1603125 0.0291666667 0.21125
0.164166667 0.0291666667 0.215208333
0.164166667 0.0255208333 0.219166667
0.164166667 0.0291666667 0.223125
0.1603125 0.0291666667 0.227083333
0.164166667 0.0255208333 0.227083333
0.1603125 0.0291666667 0.235
0.164166667 0.0291666667 0.238958333
0.164166667 0.0255208333 0.242916667
0.164166667 0.0291666667 0.246875
0.1603125 0.0291666667 0.250833333
0.1603125 0.0291666667 0.25875
0.1603125 0.0364583333 0.045
0.1603125 0.0364583333 0.0529166667
0.1603125 0.0364583333 0.0608333333
0.1603125 0.0364583333 0.06875
0.1603125 0.0364583333 0.0766666667
0.1603125 0.0364583333 0.0845833333
0.1603125 0.0364583333 0.0925
0.1603125 0.0364583333 0.100416667
0.1603125 0.0364583333 0.108333333
0.1603125 0.0364583333 0.11625
0.1603125 0.0364583333 0.124166667
0.1603125 0.0364583333 0.132083333
0.1603125 0.0364583333 0.14
0.1603125 0.0364583333 0.147916667
0.1603125 0.0364583333 0.155833333
0.164166667 0.0328125 0.16375
0.1603125 0.0364583333 0.16375
0.1603125 0.0364583333 0.171666667
0.1603125 0.0364583333 0.179583333
0.1603125 0.0364583333 0.1875
0.1603125 0.0364583333 0.195416667
0.1603125 0.0364583333 0.203333333
0.1603125 0.0364583333 0.21125
0.164166667 0.0328125 0.219166667
0.1603125 0.0364583333 0.219166667
0.1603125 0.0364583333 0.227083333
0.1603125 0.0364583333 0.235
0.164166667 0.0328125 0.242916667
0.1603125 0.0364583333 0.242916667
0.1603125 0.0364583333 0.250833333
0.1603125 0.0364583333 0.25875
0.1603125 0.04375 0.045
0.1603125 0.04375 0.0529166667
0.1603125 0.04375 0.0608333333
0.1603125 0.04375 0.06875
0.1603125 0.04375 0.0766666667
0.1603125 0.04375 0.0845833333
0.1603125 0.04375 0.0925
0.1603125 0.04375 0.100416667
0.1603125 0.04375 0.108333333
0.1603125 0.04375 0.11625
0.1603125 0.04375 0.124166667
0.1603125 0.04375 0.132083333
0.1603125 0.04375 0.14
0.1603125 0.04375 0.147916667
0.1603125 0.04375 0.155833333
0.1603125 0.04375 0.16375
0.1603125 0.04375 0.171666667
0.1603125 0.04375 0.179583333
0.1603125 0.04375 0.1875
0.1603125 0.04375 0.195416667
0.1603125 0.04375 0.203333333
0.1603125 0.04375 0.21125
0.1603125 0.04375 0.219166667
0.1603125 0.04375 0.227083333
0.1603125 0.04375 0.235
0.1603125 0.04375 0.242916667
0.1603125 0.04375 0.250833333
0.1603125 0.0510416667 0.045
0.1603125 0.0510416667 0.0529166667
0.1603125 0.0510416667 0.0608333333
0.1603125 0.0510416667 0.06875
0.1603125 0.0510416667 0.0766666667
0.1603125 0.0510416667 0.0845833333
0.1603125 0.0510416667 0.0925
0.1603125 0.0510416667 0.100416667
0.1603125 0.0510416667 0.108333333
0.1603125 0.0510416667 0.11625
0.1603125 0.0510416667 0.124166667
0.1603125 0.0510416667 0.132083333
0.1603125 0.0510416667 0.147916667
0.1603125 0.0510416667 0.155833333
0.1603125 0.0510416667 0.16375
0.1603125 0.0510416667 0.171666667
0.1603125 0.0510416667 0.179583333
0.1603125 0.0510416667 0.1875
0.1603125 0.0510416667 0.203333333
0.1603125 0.0510416667 0.21125
0.1603125 0.0510416667 0.219166667
0.1603125 0.0510416667 0.227083333
0.1603125 0.0510416667 0.235
0.1603125 0.0510416667 0.242916667
0.1603125 0.0510416667 0.250833333
0.1603125 0.0583333333 0.0608333333
0.1603125 0.0583333333 0.0925
0.1603125 0.0583333333 0.11625
0.1603125 0.0583333333 0.124166667
0.1603125 0.0583333333 0.147916667
0.1603125 0.0583333333 0.171666667
0.1603125 0.0583333333 0.179583333
0.1603125 0.0583333333 0.203333333
0.1603125 0.0583333333 0.227083333
0.1603125 0.0583333333 0.250833333
0.168020833 0.021875 0.0845833333
0.168020833 0.021875 0.108333333
0.168020833 0.021875 0.11625
0.168020833 0.021875 0.147916667
0.168020833 0.021875 0.171666667
0.168020833 0.021875 0.203333333
0.168020833 0.021875 0.227083333
0.168020833 0.0291666667 0.16375
0.168020833 0.0291666667 0.219166667
0.168020833 0.0291666667 0.242916667
3 2 1 0
3 0 3 2
3 6 5 4
3 8 7 4
3 4 7 6
3 8 9 7
3 12 11 10
3 14 13 10
3 10 13 12
3 14 15 13
3 18 17 16
3 20 19 16
3 16 19 18
3 20 21 19
3 24 23 22
3 26 25 22
3 22 25 24
3 26 27 25
3 30 29 28
3 28 31 30
3 34 33 32
3 36 35 32
3 32 35 34
3 36 37 35
3 1 38 0
3 0 38 3
3 41 40 39
3 41 39 5
3 39 4 5
3 39 42 4
3 4 43 8
3 4 42 43
3 9 8 44
3 44 8 43
3 10 11 45
3 45 11 46
3 10 47 14
3 10 45 47
3 15 14 48
3 14 49 48
3 14 47 49
3 49 50 48
3 17 51 16
3 53 52 51
3 52 16 51
3 52 20 16
3 21 20 54
3 20 55 54
3 20 52 55
3 57 56 55
3 55 56 54
3 59 58 57
3 58 22 57
3 23 56 57
3 23 57 22
3 22 58 26
3 26 58 60
3 60 61 26
3 61 62 26
3 63 27 26
3 63 26 62
3 65 64 62
3 62 64 63
3 67 66 65
3 65 66 64
3 69 68 67
3 68 28 67
3 29 66 67
3 29 67 28
3 28 68 31
3 72 71 70
3 72 70 33
3 70 32 33
3 70 73 32
3 75 36 74
3 36 73 74
3 36 32 73
3 36 75 37
3 39 40 76
3 76 40 77
3 79 42 78
3 42 76 78
3 42 39 76
3 42 79 43
3 43 79 80
3 43 80 44
3 46 81 45
3 45 81 47
3 47 81 82
3 47 82 49
3 49 82 83
3 49 83 50
3 53 84 52
3 52 84 55
3 55 84 85
3 55 85 57
3 57 85 86
3 57 86 59
3 61 87 62
3 62 87 65
3 65 87 88
3 65 88 67
3 67 88 89
3 67 89 69
3 71 90 70
3 70 90 73
3 73 90 91
3 73 91 74
3 77 92 76
3 76 92 78
3 95 94 93
3 93 96 95
3 99 98 97
3 97 100 99
3 103 102 101
3 101 104 103
3 107 106 105
3 105 108 107
3 111 110 109
3 109 112 111
3 115 114 113
3 117 116 113
3 113 116 115
3 117 118 116
3 93 94 119
3 119 94 120
3 96 93 121
3 93 122 121
3 93 119 122
3 124 123 122
3 122 123 121
3 124 125 123
3 128 127 126
3 130 129 126
3 126 129 128
3 132 131 130
3 130 131 129
3 132 133 131
3 98 134 97
3 134 135 97
3 135 136 97
3 137 100 97
3 137 97 136
3 139 138 136
3 136 138 137
3 139 140 138
3 101 102 141
3 141 102 142
3 104 101 143
3 101 144 143
3 101 141 144
3 146 145 144
3 144 145 143
3 146 147 145
3 105 106 148
3 148 106 149
3 108 105 150
3 105 151 150
3 105 148 151
3 153 152 151
3 151 152 150
3 153 154 152
3 109 110 155
3 155 110 156
3 112 109 157
3 109 158 157
3 109 155 158
3 160 159 158
3 158 159 157
3 160 161 159
3 114 162 113
3 164 163 162
3 163 113 162
3 163 117 113
3 118 117 165
3 117 166 165
3 117 163 166
3 168 167 166
3 166 167 165
3 167 168 120
3 168 119 120
3 168 169 119
3 119 170 122
3 119 169 170
3 122 171 124
3 122 170 171
3 125 124 172
3 124 173 172
3 124 171 173
3 175 174 173
3 173 174 172
3 174 175 127
3 175 126 127
3 175 176 126
3 126 177 130
3 126 176 177
3 130 178 132
3 130 177 178
3 133 132 179
3 132 180 179
3 132 178 180
3 182 181 180
3 180 181 179
3 181 182 135
3 182 136 135
3 182 183 136
3 136 184 139
3 136 183 184
3 140 139 185
3 139 186 185
3 139 184 186
3 188 187 186
3 186 187 185
3 187 188 142
3 188 141 142
3 188 189 141
3 141 190 144
3 141 189 190
3 144 191 146
3 144 190 191
3 147 146 192
3 146 193 192
3 146 191 193
3 192 193 149
3 193 148 149
3 193 194 148
3 148 195 151
3 148 194 195
3 151 196 153
3 151 195 196
3 154 153 197
3 153 198 197
3 153 196 198
3 197 198 156
3 198 155 156
3 198 199 155
3 155 200 158
3 155 199 200
3 158 201 160
3 158 200 201
3 161 160 202
3 202 160 201
3 163 164 203
3 203 164 204
3 163 205 166
3 163 203 205
3 166 206 168
3 166 205 206
3 168 207 169
3 168 206 207
3 169 208 170
3 169 207 208
3 170 209 171
3 170 208 209
3 171 210 173
3 171 209 210
3 173 211 175
3 173 210 211
3 175 212 176
3 175 211 212
3 176 213 177
3 176 212 213
3 177 214 178
3 177 213 214
3 178 215 180
3 178 214 215
3 180 216 182
3 180 215 216
3 182 217 183
3 182 216 217
3 183 218 184
3 183 217 218
3 184 219 186
3 184 218 219
3 186 220 188
3 186 219 220
3 188 221 189
3 188 220 221
3 189 222 190
3 189 221 222
3 190 223 191
3 190 222 223
3 191 224 193
3 191 223 224
3 193 225 194
3 193 224 225
3 194 226 195
3 194 225 226
3 195 227 196
3 195 226 227
3 196 228 198
3 196 227 228
3 198 229 199
3 198 228 229
3 199 230 200
3 199 229 230
3 200 231 201
3 200 230 231
3 202 201 232
3 232 201 231
3 203 204 233
3 233 204 234
3 203 235 205
3 203 233 235
3 205 236 206
3 205 235 236
3 206 237 207
3 206 236 237
3 207 238 208
3 207 237 238
3 208 239 209
3 208 238 239
3 209 240 210
3 209 239 240
3 210 241 211
3 210 240 241
3 211 242 212
3 211 241 242
3 212 243 213
3 212 242 243
3 213 244 214
3 213 243 244
3 214 245 215
3 214 244 245
3 215 246 216
3 215 245 246
3 216 247 217
3 216 246 247
3 217 248 218
3 217 247 248
3 218 249 219
3 218 248 249
3 219 250 220
3 219 249 250
3 220 251 221
3 220 250 251
3 221 252 222
3 221 251 252
3 222 253 223
3 222 252 253
3 223 254 224
3 223 253 254
3 224 255 225
3 224 254 255
3 225 256 226
3 225 255 256
3 226 257 227
3 226 256 257
3 227 258 228
3 227 257 258
3 228 259 229
3 228 258 259
3 229 260 230
3 229 259 260
3 230 261 231
3 230 260 261
3 232 231 262
3 262 231 261
3 233 234 263
3 263 234 264
3 233 265 235
3 233 263 265
3 235 266 236
3 235 265 266
3 236 267 237
3 236 266 267
3 237 268 238
3 237 267 268
3 238 269 239
3 238 268 269
3 239 270 240
3 239 269 270
3 240 271 241
3 240 270 271
3 241 272 242
3 241 271 272
3 242 273 243
3 242 272 273
3 243 274 244
3 243 273 274
3 244 275 245
3 244 274 275
3 245 276 246
3 245 275 276
3 246 277 247
3 246 276 277
3 247 278 248
3 247 277 278
3 248 279 249
3 248 278 279
3 249 280 250
3 249 279 280
3 250 281 251
3 250 280 281
3 251 282 252
3 251 281 282
3 252 283 253
3 252 282 283
3 253 284 254
3 253 283 284
3 254 285 255
3 254 284 285
3 255 286 256
3 255 285 286
3 256 287 257
3 256 286 287
3 257 288 258
3 257 287 288
3 258 289 259
3 258 288 289
3 259 290 260
3 259 289 290
3 260 291 261
3 260 290 291
3 262 261 292
3 292 261 291
3 263 264 293
3 293 264 294
3 263 295 265
3 263 293 295
3 295 1 2
3 266 295 2
3 265 295 266
3 266 2 3
3 296 266 3
3 267 266 296
3 267 297 268
3 267 296 297
3 297 5 6
3 269 297 6
3 268 297 269
3 269 6 7
3 269 7 270
3 270 7 9
3 298 270 9
3 271 270 298
3 271 299 272
3 271 298 299
3 272 300 273
3 272 299 300
3 300 11 12
3 274 300 12
3 273 300 274
3 274 12 13
3 274 13 275
3 275 13 15
3 301 275 15
3 276 275 301
3 276 302 277
3 276 301 302
3 302 17 18
3 278 302 18
3 277 302 278
3 278 18 19
3 278 19 279
3 279 19 21
3 303 279 21
3 280 279 303
3 280 304 281
3 280 303 304
3 304 23 24
3 282 304 24
3 281 304 282
3 282 24 25
3 282 25 283
3 283 25 27
3 305 283 27
3 284 283 305
3 284 306 285
3 284 305 306
3 285 307 286
3 285 306 307
3 307 29 30
3 287 307 30
3 286 307 287
3 287 30 31
3 308 287 31
3 288 287 308
3 288 309 289
3 288 308 309
3 309 33 34
3 290 309 34
3 289 309 290
3 290 34 35
3 290 35 291
3 35 37 291
3 37 292 291
3 37 310 292
3 293 294 311
3 311 294 312
3 293 313 295
3 293 311 313
3 314 38 1
3 295 314 1
3 313 314 295
3 296 3 38
3 314 296 38
3 315 296 314
3 315 40 41
3 297 315 41
3 296 315 297
3 297 41 5
3 44 316 298
3 44 298 9
3 298 317 299
3 298 316 317
3 299 318 300
3 299 317 318
3 318 46 11
3 318 11 300
3 48 301 15
3 301 48 50
3 319 301 50
3 302 301 319
3 320 51 17
3 302 320 17
3 319 320 302
3 320 53 51
3 54 303 21
3 303 54 56
3 303 56 304
3 23 304 56
3 58 59 321
3 322 60 58
3 322 58 321
3 63 305 27
3 61 60 322
3 305 63 64
3 305 64 306
3 306 64 66
3 306 66 307
3 29 307 66
3 68 69 323
3 308 31 68
3 323 308 68
3 324 308 323
3 324 71 72
3 309 324 72
3 308 324 309
3 309 72 33
3 74 325 75
3 325 326 75
3 326 37 75
3 326 310 37
3 311 312 327
3 327 312 328
3 311 329 313
3 311 327 329
3 313 330 314
3 313 329 330
3 314 331 315
3 314 330 331
3 331 77 40
3 331 40 315
3 78 332 79
3 333 80 79
3 333 79 332
3 316 44 80
3 333 316 80
3 334 316 333
3 316 335 317
3 316 334 335
3 317 336 318
3 317 335 336
3 337 81 46
3 318 337 46
3 336 337 318
3 338 82 81
3 338 81 337
3 339 83 82
3 339 82 338
3 319 50 83
3 339 319 83
3 340 319 339
3 319 341 320
3 319 340 341
3 342 84 53
3 320 342 53
3 341 342 320
3 343 85 84
3 343 84 342
3 344 86 85
3 344 85 343
3 321 59 86
3 344 321 86
3 345 321 344
3 321 346 322
3 321 345 346
3 347 87 61
3 322 347 61
3 346 347 322
3 348 88 87
3 348 87 347
3 349 89 88
3 349 88 348
3 323 69 89
3 349 323 89
3 350 323 349
3 323 351 324
3 323 350 351
3 352 90 71
3 324 352 71
3 351 352 324
3 353 91 90
3 353 90 352
3 325 74 91
3 353 325 91
3 354 325 353
3 326 325 355
3 355 325 354
3 327 328 356
3 356 328 357
3 327 358 329
3 327 356 358
3 329 359 330
3 329 358 359
3 330 360 331
3 330 359 360
3 361 92 77
3 331 361 77
3 360 361 331
3 332 78 92
3 361 332 92
3 362 332 361
3 332 363 333
3 332 362 363
3 333 364 334
3 333 363 364
3 334 365 335
3 334 364 365
3 335 366 336
3 335 365 366
3 336 367 337
3 336 366 367
3 337 368 338
3 337 367 368
3 338 369 339
3 338 368 369
3 339 370 340
3 339 369 370
3 340 371 341
3 340 370 371
3 341 372 342
3 341 371 372
3 342 373 343
3 342 372 373
3 343 374 344
3 343 373 374
3 344 375 345
3 344 374 375
3 345 376 346
3 345 375 376
3 346 377 347
3 346 376 377
3 347 378 348
3 347 377 378
3 348 379 349
3 348 378 379
3 349 380 350
3 349 379 380
3 350 381 351
3 350 380 381
3 351 382 352
3 351 381 382
3 352 383 353
3 352 382 383
3 353 384 354
3 353 383 384
3 355 354 385
3 385 354 384
3 388 387 386
3 388 386 357
3 386 356 357
3 386 389 356
3 356 390 358
3 356 389 390
3 358 391 359
3 358 390 391
3 359 392 360
3 359 391 392
3 360 393 361
3 360 392 393
3 361 394 362
3 361 393 394
3 362 395 363
3 362 394 395
3 363 396 364
3 363 395 396
3 364 397 365
3 364 396 397
3 365 398 366
3 365 397 398
3 366 399 367
3 366 398 399
3 367 400 368
3 367 399 400
3 368 401 369
3 368 400 401
3 369 402 370
3 369 401 402
3 370 403 371
3 370 402 403
3 371 404 372
3 371 403 404
3 372 405 373
3 372 404 405
3 373 406 374
3 373 405 406
3 374 407 375
3 374 406 407
3 375 408 376
3 375 407 408
3 376 409 377
3 376 408 409
3 377 410 378
3 377 409 410
3 378 411 379
3 378 410 411
3 379 412 380
3 379 411 412
3 380 413 381
3 380 412 413
3 381 414 382
3 381 413 414
3 382 415 383
3 382 414 415
3 383 416 384
3 383 415 416
3 385 384 417
3 417 384 416
3 387 418 386
3 420 419 418
3 419 386 418
3 419 389 386
3 389 421 390
3 389 419 421
3 390 422 391
3 390 421 422
3 391 423 392
3 391 422 423
3 392 424 393
3 392 423 424
3 393 425 394
3 393 424 425
3 394 426 395
3 394 425 426
3 395 427 396
3 395 426 427
3 396 428 397
3 396 427 428
3 397 429 398
3 397 428 429
3 398 430 399
3 398 429 430
3 399 431 400
3 399 430 431
3 400 432 401
3 400 431 432
3 401 433 402
3 401 432 433
3 402 434 403
3 402 433 434
3 403 435 404
3 403 434 435
3 404 436 405
3 404 435 436
3 405 437 406
3 405 436 437
3 406 438 407
3 406 437 438
3 407 439 408
3 407 438 439
3 408 440 409
3 408 439 440
3 409 441 410
3 409 440 441
3 410 442 411
3 410 441 442
3 411 443 412
3 411 442 443
3 412 444 413
3 412 443 444
3 413 445 414
3 413 444 445
3 414 446 415
3 414 445 446
3 415 447 416
3 415 446 447
3 417 416 448
3 448 416 447
3 419 420 449
3 449 420 450
3 419 451 421
3 419 449 451
3 421 452 422
3 421 451 452
3 422 453 423
3 422 452 453
3 423 454 424
3 423 453 454
3 424 455 425
3 424 454 455
3 425 456 426
3 425 455 456
3 426 457 427
3 426 456 457
3 427 458 428
3 427 457 458
3 428 459 429
3 428 458 459
3 429 460 430
3 429 459 460
3 430 461 431
3 430 460 461
3 431 462 432
3 431 461 462
3 464 433 463
3 433 462 463
3 433 432 462
3 466 465 464
3 465 433 464
3 465 434 433
3 434 467 435
3 434 465 467
3 435 468 436
3 435 467 468
3 436 469 437
3 436 468 469
3 437 470 438
3 437 469 470
3 438 471 439
3 438 470 471
3 439 472 440
3 439 471 472
3 440 473 441
3 440 472 473
3 441 474 442
3 441 473 474
3 442 475 443
3 442 474 475
3 443 476 444
3 443 475 476
3 444 477 445
3 444 476 477
3 445 478 446
3 445 477 478
3 446 479 447
3 446 478 479
3 448 447 480
3 480 447 479
3 450 481 449
3 449 481 451
3 451 481 482
3 484 483 482
3 483 451 482
3 483 452 451
3 452 485 453
3 452 483 485
3 453 486 454
3 453 485 486
3 488 455 487
3 455 486 487
3 455 454 486
3 455 488 456
3 456 488 489
3 456 489 457
3 457 489 490
3 492 491 490
3 491 457 490
3 491 458 457
3 458 493 459
3 458 491 493
3 459 494 460
3 459 493 494
3 496 461 495
3 461 494 495
3 461 460 494
3 461 496 462
3 462 496 497
3 462 497 463
3 465 466 498
3 498 466 499
3 465 500 467
3 465 498 500
3 502 468 501
3 468 500 501
3 468 467 500
3 468 502 469
3 469 502 503
3 469 503 470
3 470 503 504
3 506 505 504
3 505 470 504
3 505 471 470
3 471 507 472
3 471 505 507
3 472 508 473
3 472 507 508
3 510 474 509
3 474 508 509
3 474 473 508
3 474 510 475
3 475 510 511
3 513 512 511
3 512 475 511
3 512 476 475
3 476 514 477
3 476 512 514
3 477 515 478
3 477 514 515
3 517 479 516
3 479 515 516
3 479 478 515
3 479 517 480
3 483 484 518
3 518 484 519
3 521 485 520
3 485 518 520
3 485 483 518
3 485 521 486
3 486 521 522
3 486 522 487
3 491 492 523
3 523 492 524
3 526 493 525
3 493 523 525
3 493 491 523
3 493 526 494
3 494 526 527
3 494 527 495
3 530 529 528
3 532 531 528
3 531 498 528
3 499 530 528
3 499 528 498
3 498 531 500
3 500 531 533
3 500 533 501
3 506 534 505
3 505 534 507
3 507 534 535
3 507 535 508
3 508 535 536
3 508 536 509
3 513 537 512
3 512 537 514
3 514 537 538
3 514 538 515
3 515 538 539
3 515 539 516
3 519 540 518
3 518 540 520
3 524 541 523
3 523 541 525
3 529 542 528
3 528 542 532
3 545 544 543
3 547 546 543
3 543 546 545
3 547 548 546
3 551 550 549
3 549 552 551
3 555 554 553
3 553 556 555
3 559 558 557
3 561 560 557
3 557 560 559
3 561 562 560
3 565 564 563
3 563 566 565
3 569 568 567
3 571 570 567
3 567 570 569
3 571 572 570
3 575 574 573
3 573 576 575
3 544 577 543
3 579 578 577
3 578 543 577
3 578 547 543
3 548 547 580
3 547 581 580
3 547 578 581
3 583 582 581
3 581 582 580
3 585 584 583
3 583 584 582
3 585 586 584
3 549 550 587
3 587 550 588
3 552 549 589
3 549 590 589
3 549 587 590
3 592 591 590
3 590 591 589
3 594 593 592
3 592 593 591
3 594 595 593
3 553 554 596
3 596 554 597
3 556 553 598
3 553 599 598
3 553 596 599
3 601 600 599
3 599 600 598
3 601 602 600
3 558 603 557
3 605 604 603
3 604 557 603
3 604 561 557
3 562 561 606
3 561 607 606
3 561 604 607
3 609 608 607
3 607 608 606
3 609 610 608
3 563 564 611
3 611 564 612
3 566 563 613
3 563 614 613
3 563 611 614
3 616 615 614
3 614 615 613
3 616 617 615
3 568 618 567
3 620 619 618
3 619 567 618
3 619 571 567
3 572 571 621
3 571 622 621
3 571 619 622
3 622 623 621
3 573 574 624
3 624 574 625
3 576 573 626
3 573 627 626
3 573 624 627
3 629 628 627
3 627 628 626
3 628 629 579
3 629 578 579
3 629 630 578
3 578 631 581
3 578 630 631
3 581 632 583
3 581 631 632
3 583 633 585
3 583 632 633
3 586 585 634
3 585 635 634
3 585 633 635
3 634 635 588
3 635 587 588
3 635 636 587
3 587 637 590
3 587 636 637
3 590 638 592
3 590 637 638
3 592 639 594
3 592 638 639
3 595 594 640
3 594 641 640
3 594 639 641
3 640 641 597
3 641 596 597
3 641 642 596
3 596 643 599
3 596 642 643
3 599 644 601
3 599 643 644
3 602 601 645
3 601 646 645
3 601 644 646
3 648 647 646
3 646 647 645
3 647 648 605
3 648 604 605
3 648 649 604
3 604 650 607
3 604 649 650
3 607 651 609
3 607 650 651
3 610 609 652
3 609 653 652
3 609 651 653
3 652 653 612
3 653 611 612
3 653 654 611
3 611 655 614
3 611 654 655
3 614 656 616
3 614 655 656
3 617 616 657
3 616 658 657
3 616 656 658
3 660 659 658
3 658 659 657
3 659 660 620
3 660 619 620
3 660 661 619
3 619 662 622
3 619 661 662
3 623 622 663
3 622 664 663
3 622 662 664
3 664 665 663
3 624 625 666
3 666 625 667
3 624 668 627
3 624 666 668
3 627 669 629
3 627 668 669
3 629 670 630
3 629 669 670
3 630 671 631
3 630 670 671
3 631 672 632
3 631 671 672
3 632 673 633
3 632 672 673
3 633 674 635
3 633 673 674
3 635 675 636
3 635 674 675
3 636 676 637
3 636 675 676
3 637 677 638
3 637 676 677
3 638 678 639
3 638 677 678
3 639 679 641
3 639 678 679
3 641 680 642
3 641 679 680
3 642 681 643
3 642 680 681
3 643 682 644
3 643 681 682
3 644 683 646
3 644 682 683
3 646 684 648
3 646 683 684
3 648 685 649
3 648 684 685
3 649 686 650
3 649 685 686
3 650 687 651
3 650 686 687
3 651 688 653
3 651 687 688
3 653 689 654
3 653 688 689
3 654 690 655
3 654 689 690
3 655 691 656
3 655 690 691
3 656 692 658
3 656 691 692
3 658 693 660
3 658 692 693
3 660 694 661
3 660 693 694
3 661 695 662
3 661 694 695
3 662 696 664
3 662 695 696
3 665 664 697
3 697 664 696
3 666 667 698
3 698 667 699
3 666 700 668
3 666 698 700
3 668 701 669
3 668 700 701
3 669 702 670
3 669 701 702
3 670 703 671
3 670 702 703
3 671 704 672
3 671 703 704
3 672 705 673
3 672 704 705
3 673 706 674
3 673 705 706
3 674 707 675
3 674 706 707
3 675 708 676
3 675 707 708
3 676 709 677
3 676 708 709
3 677 710 678
3 677 709 710
3 678 711 679
3 678 710 711
3 679 712 680
3 679 711 712
3 680 713 681
3 680 712 713
3 681 714 682
3 681 713 714
3 682 715 683
3 682 714 715
3 683 716 684
3 683 715 716
3 684 717 685
3 684 716 717
3 685 718 686
3 685 717 718
3 686 719 687
3 686 718 719
3 687 720 688
3 687 719 720
3 688 721 689
3 688 720 721
3 689 722 690
3 689 721 722
3 690 723 691
3 690 722 723
3 691 724 692
3 691 723 724
3 692 725 693
3 692 724 725
3 693 726 694
3 693 725 726
3 694 727 695
3 694 726 727
3 695 728 696
3 695 727 728
3 697 696 729
3 729 696 728
3 732 731 730
3 732 730 699
3 730 698 699
3 730 733 698
3 698 734 700
3 698 733 734
3 700 735 701
3 700 734 735
3 701 736 702
3 701 735 736
3 702 737 703
3 702 736 737
3 737 94 95
3 704 737 95
3 703 737 704
3 704 95 96
3 738 704 96
3 705 704 738
3 705 739 706
3 705 738 739
3 706 740 707
3 706 739 740
3 707 741 708
3 707 740 741
3 708 742 709
3 708 741 742
3 709 743 710
3 709 742 743
3 710 744 711
3 710 743 744
3 711 745 712
3 711 744 745
3 745 98 99
3 713 745 99
3 712 745 713
3 713 99 100
3 746 713 100
3 714 713 746
3 714 747 715
3 714 746 747
3 715 748 716
3 715 747 748
3 716 749 717
3 716 748 749
3 749 102 103
3 718 749 103
3 717 749 718
3 718 103 104
3 750 718 104
3 719 718 750
3 719 751 720
3 719 750 751
3 720 752 721
3 720 751 752
3 752 106 107
3 722 752 107
3 721 752 722
3 722 107 108
3 753 722 108
3 723 722 753
3 723 754 724
3 723 753 754
3 724 755 725
3 724 754 755
3 755 110 111
3 726 755 111
3 725 755 726
3 726 111 112
3 756 726 112
3 727 726 756
3 727 757 728
3 727 756 757
3 729 728 758
3 758 728 757
3 731 759 730
3 761 760 759
3 760 730 759
3 760 733 730
3 760 114 115
3 734 760 115
3 733 760 734
3 734 115 116
3 734 116 735
3 735 116 118
3 762 735 118
3 736 735 762
3 736 763 737
3 736 762 763
3 763 120 94
3 763 94 737
3 121 738 96
3 738 121 123
3 738 123 739
3 739 123 125
3 764 739 125
3 740 739 764
3 740 765 741
3 740 764 765
3 765 127 128
3 742 765 128
3 741 765 742
3 742 128 129
3 742 129 743
3 743 129 131
3 743 131 744
3 744 131 133
3 766 744 133
3 745 744 766
3 767 134 98
3 745 767 98
3 766 767 745
3 137 746 100
3 135 134 767
3 746 137 138
3 746 138 747
3 747 138 140
3 768 747 140
3 748 747 768
3 748 769 749
3 748 768 769
3 769 142 102
3 769 102 749
3 143 750 104
3 750 143 145
3 750 145 751
3 751 145 147
3 770 751 147
3 752 751 770
3 770 149 106
3 770 106 752
3 150 753 108
3 753 150 152
3 753 152 754
3 754 152 154
3 771 754 154
3 755 754 771
3 771 156 110
3 771 110 755
3 157 756 112
3 756 157 159
3 756 159 757
3 159 161 757
3 161 758 757
3 161 772 758
3 760 761 773
3 773 761 774
3 775 162 114
3 760 775 114
3 773 775 760
3 775 164 162
3 165 762 118
3 762 165 167
3 762 167 763
3 763 167 120
3 172 764 125
3 764 172 174
3 764 174 765
3 765 174 127
3 179 766 133
3 766 179 181
3 766 181 767
3 767 181 135
3 185 768 140
3 768 185 187
3 768 187 769
3 769 187 142
3 192 770 147
3 770 192 149
3 197 771 154
3 771 197 156
3 202 772 161
3 202 776 772
3 773 774 777
3 777 774 778
3 773 779 775
3 773 777 779
3 779 204 164
3 779 164 775
3 232 776 202
3 232 780 776
3 777 778 781
3 781 778 782
3 777 783 779
3 777 781 783
3 783 234 204
3 783 204 779
3 262 780 232
3 262 784 780
3 781 782 785
3 785 782 786
3 781 787 783
3 781 785 787
3 787 264 234
3 787 234 783
3 292 784 262
3 292 788 784
3 791 790 789
3 791 789 786
3 789 785 786
3 789 792 785
3 785 793 787
3 785 792 793
3 793 294 264
3 793 264 787
3 310 788 292
3 310 794 788
3 790 795 789
3 797 796 795
3 796 789 795
3 796 792 789
3 792 798 793
3 792 796 798
3 798 312 294
3 798 294 793
3 326 794 310
3 326 799 794
3 796 797 800
3 800 797 801
3 796 802 798
3 796 800 802
3 802 328 312
3 802 312 798
3 355 799 326
3 355 803 799
3 806 805 804
3 806 804 801
3 804 800 801
3 804 807 800
3 800 808 802
3 800 807 808
3 808 357 328
3 808 328 802
3 385 803 355
3 385 809 803
3 805 810 804
3 812 811 810
3 811 804 810
3 811 807 804
3 811 387 388
3 808 811 388
3 807 811 808
3 808 388 357
3 417 809 385
3 417 813 809
3 816 815 814
3 816 814 812
3 814 811 812
3 814 817 811
3 818 418 387
3 811 818 387
3 817 818 811
3 818 420 418
3 448 813 417
3 448 819 813
3 815 820 814
3 822 821 820
3 821 814 820
3 821 817 814
3 817 823 818
3 817 821 823
3 823 450 420
3 823 420 818
3 463 824 464
3 824 466 464
3 480 819 448
3 480 825 819
3 821 822 826
3 826 822 827
3 821 828 823
3 821 826 828
3 829 481 450
3 823 829 450
3 828 829 823
3 830 482 481
3 830 481 829
3 830 484 482
3 487 831 488
3 832 489 488
3 832 488 831
3 833 490 489
3 833 489 832
3 833 492 490
3 495 834 496
3 835 497 496
3 835 496 834
3 824 463 497
3 835 824 497
3 836 824 835
3 836 499 466
3 836 466 824
3 501 837 502
3 838 503 502
3 838 502 837
3 839 504 503
3 839 503 838
3 839 506 504
3 509 840 510
3 841 511 510
3 841 510 840
3 841 513 511
3 516 842 517
3 842 843 517
3 843 480 517
3 843 825 480
3 826 827 844
3 844 827 845
3 826 846 828
3 826 844 846
3 828 847 829
3 828 846 847
3 829 848 830
3 829 847 848
3 848 519 484
3 848 484 830
3 520 849 521
3 850 522 521
3 850 521 849
3 831 487 522
3 850 831 522
3 851 831 850
3 831 852 832
3 831 851 852
3 832 853 833
3 832 852 853
3 853 524 492
3 853 492 833
3 525 854 526
3 855 527 526
3 855 526 854
3 834 495 527
3 855 834 527
3 856 834 855
3 834 857 835
3 834 856 857
3 857 529 530
3 836 857 530
3 835 857 836
3 499 836 530
3 531 532 858
3 859 533 531
3 859 531 858
3 837 501 533
3 859 837 533
3 860 837 859
3 837 861 838
3 837 860 861
3 838 862 839
3 838 861 862
3 863 534 506
3 839 863 506
3 862 863 839
3 864 535 534
3 864 534 863
3 865 536 535
3 865 535 864
3 840 509 536
3 865 840 536
3 866 840 865
3 840 867 841
3 840 866 867
3 868 537 513
3 841 868 513
3 867 868 841
3 869 538 537
3 869 537 868
3 870 539 538
3 870 538 869
3 842 516 539
3 870 842 539
3 871 842 870
3 843 842 872
3 872 842 871
3 844 845 873
3 873 845 874
3 844 875 846
3 844 873 875
3 846 876 847
3 846 875 876
3 847 877 848
3 847 876 877
3 878 540 519
3 848 878 519
3 877 878 848
3 849 520 540
3 878 849 540
3 879 849 878
3 849 880 850
3 849 879 880
3 850 881 851
3 850 880 881
3 851 882 852
3 851 881 882
3 852 883 853
3 852 882 883
3 884 541 524
3 853 884 524
3 883 884 853
3 854 525 541
3 884 854 541
3 885 854 884
3 854 886 855
3 854 885 886
3 855 887 856
3 855 886 887
3 856 888 857
3 856 887 888
3 889 542 529
3 857 889 529
3 888 889 857
3 858 532 542
3 889 858 542
3 890 858 889
3 858 891 859
3 858 890 891
3 859 892 860
3 859 891 892
3 860 893 861
3 860 892 893
3 861 894 862
3 861 893 894
3 862 895 863
3 862 894 895
3 863 896 864
3 863 895 896
3 864 897 865
3 864 896 897
3 865 898 866
3 865 897 898
3 866 899 867
3 866 898 899
3 867 900 868
3 867 899 900
3 868 901 869
3 868 900 901
3 869 902 870
3 869 901 902
3 870 903 871
3 870 902 903
3 872 871 904
3 904 871 903
3 907 906 905
3 907 905 874
3 905 873 874
3 905 908 873
3 873 909 875
3 873 908 909
3 875 910 876
3 875 909 910
3 876 911 877
3 876 910 911
3 877 912 878
3 877 911 912
3 878 913 879
3 878 912 913
3 879 914 880
3 879 913 914
3 880 915 881
3 880 914 915
3 881 916 882
3 881 915 916
3 882 917 883
3 882 916 917
3 883 918 884
3 883 917 918
3 884 919 885
3 884 918 919
3 885 920 886
3 885 919 920
3 886 921 887
3 886 920 921
3 887 922 888
3 887 921 922
3 888 923 889
3 888 922 923
3 889 924 890
3 889 923 924
3 890 925 891
3 890 924 925
3 891 926 892
3 891 925 926
3 892 927 893
3 892 926 927
3 893 928 894
3 893 927 928
3 894 929 895
3 894 928 929
3 895 930 896
3 895 929 930
3 896 931 897
3 896 930 931
3 897 932 898
3 897 931 932
3 898 933 899
3 898 932 933
3 899 934 900
3 899 933 934
3 900 935 901
3 900 934 935
3 901 936 902
3 901 935 936
3 902 937 903
3 902 936 937
3 904 903 938
3 938 903 937
3 906 939 905
3 941 940 939
3 940 905 939
3 940 908 905
3 908 942 909
3 908 940 942
3 909 943 910
3 909 942 943
3 910 944 911
3 910 943 944
3 911 945 912
3 911 944 945
3 912 946 913
3 912 945 946
3 913 947 914
3 913 946 947
3 914 948 915
3 914 947 948
3 915 949 916
3 915 948 949
3 916 950 917
3 916 949 950
3 917 951 918
3 917 950 951
3 918 952 919
3 918 951 952
3 919 953 920
3 919 952 953
3 920 954 921
3 920 953 954
3 921 955 922
3 921 954 955
3 922 956 923
3 922 955 956
3 923 957 924
3 923 956 957
3 924 958 925
3 924 957 958
3 925 959 926
3 925 958 959
3 926 960 927
3 926 959 960
3 927 961 928
3 927 960 961
3 928 962 929
3 928 961 962
3 929 963 930
3 929 962 963
3 930 964 931
3 930 963 964
3 931 965 932
3 931 964 965
3 932 966 933
3 932 965 966
3 933 967 934
3 933 966 967
3 934 968 935
3 934 967 968
3 935 969 936
3 935 968 969
3 936 970 937
3 936 969 970
3 938 937 971
3 971 937 970
3 940 941 972
3 972 941 973
3 975 942 974
3 942 972 974
3 942 940 972
3 942 975 943
3 943 975 976
3 978 977 976
3 977 943 976
3 977 944 943
3 944 979 945
3 944 977 979
3 945 980 946
3 945 979 980
3 946 981 947
3 946 980 981
3 947 982 948
3 947 981 982
3 984 949 983
3 949 982 983
3 949 948 982
3 986 985 984
3 985 949 984
3 985 950 949
3 950 987 951
3 950 985 987
3 951 988 952
3 951 987 988
3 952 989 953
3 952 988 989
3 953 990 954
3 953 989 990
3 954 991 955
3 954 990 991
3 955 992 956
3 955 991 992
3 956 993 957
3 956 992 993
3 957 994 958
3 957 993 994
3 958 995 959
3 958 994 995
3 997 960 996
3 960 995 996
3 960 959 995
3 999 998 997
3 998 960 997
3 998 961 960
3 961 1000 962
3 961 998 1000
3 962 1001 963
3 962 1000 1001
3 963 1002 964
3 963 1001 1002
3 964 1003 965
3 964 1002 1003
3 1005 966 1004
3 966 1003 1004
3 966 965 1003
3 1007 1006 1005
3 1006 966 1005
3 1006 967 966
3 967 1008 968
3 967 1006 1008
3 968 1009 969
3 968 1008 1009
3 969 1010 970
3 969 1009 1010
3 971 970 1011
3 1011 970 1010
3 973 1012 972
3 972 1012 974
3 1015 1014 1013
3 1015 1013 978
3 1013 977 978
3 1013 1016 977
3 977 1017 979
3 977 1016 1017
3 1019 980 1018
3 980 1017 1018
3 980 979 1017
3 980 1019 981
3 981 1019 1020
3 981 1020 982
3 982 1020 1021
3 982 1021 983
3 985 986 1022
3 1022 986 1023
3 985 1024 987
3 985 1022 1024
3 1026 988 1025
3 988 1024 1025
3 988 987 1024
3 988 1026 989
3 989 1026 1027
3 989 1027 990
3 990 1027 1028
3 1030 1029 1028
3 1029 990 1028
3 1029 991 990
3 991 1031 992
3 991 1029 1031
3 992 1032 993
3 992 1031 1032
3 1034 994 1033
3 994 1032 1033
3 994 993 1032
3 994 1034 995
3 995 1034 1035
3 995 1035 996
3 998 999 1036
3 1036 999 1037
3 998 1038 1000
3 998 1036 1038
3 1040 1001 1039
3 1001 1038 1039
3 1001 1000 1038
3 1001 1040 1002
3 1002 1040 1041
3 1002 1041 1003
3 1003 1041 1042
3 1003 1042 1004
3 1006 1007 1043
3 1043 1007 1044
3 1006 1045 1008
3 1006 1043 1045
3 1047 1009 1046
3 1009 1045 1046
3 1009 1008 1045
3 1009 1047 1010
3 1010 1047 1048
3 1010 1048 1011
3 1013 1014 1049
3 1049 1014 1050
3 1052 1016 1051
3 1016 1049 1051
3 1016 1013 1049
3 1016 1052 1017
3 1017 1052 1053
3 1017 1053 1018
3 1056 1055 1054
3 1058 1057 1054
3 1057 1022 1054
3 1023 1056 1054
3 1023 1054 1022
3 1022 1057 1024
3 1024 1057 1059
3 1024 1059 1025
3 1030 1060 1029
3 1029 1060 1031
3 1031 1060 1061
3 1031 1061 1032
3 1032 1061 1062
3 1032 1062 1033
3 1037 1063 1036
3 1036 1063 1038
3 1038 1063 1064
3 1038 1064 1039
3 1044 1065 1043
3 1043 1065 1045
3 1045 1065 1066
3 1045 1066 1046
3 1050 1067 1049
3 1049 1067 1051
3 1055 1068 1054
3 1054 1068 1058
3 1071 1070 1069
3 1073 1072 1069
3 1069 1072 1071
3 1073 1074 1072
3 1077 1076 1075
3 1079 1078 1075
3 1075 1078 1077
3 1081 1080 1079
3 1079 1080 1078
3 1083 1082 1081
3 1081 1082 1080
3 1083 1084 1082
3 1087 1086 1085
3 1089 1088 1085
3 1085 1088 1087
3 1091 1090 1089
3 1089 1090 1088
3 1091 1092 1090
3 1095 1094 1093
3 1097 1096 1093
3 1093 1096 1095
3 1099 1098 1097
3 1097 1098 1096
3 1099 1100 1098
3 1103 1102 1101
3 1105 1104 1101
3 1101 1104 1103
3 1107 1106 1105
3 1105 1106 1104
3 1109 1108 1107
3 1107 1108 1106
3 1109 1110 1108
3 1113 1112 1111
3 1115 1114 1111
3 1111 1114 1113
3 1117 1116 1115
3 1115 1116 1114
3 1119 1118 1117
3 1117 1118 1116
3 1119 1120 1118
3 1123 1122 1121
3 1125 1124 1121
3 1121 1124 1123
3 1127 1126 1125
3 1125 1126 1124
3 1127 1128 1126
3 1131 1130 1129
3 1131 1129 1070
3 1129 1069 1070
3 1129 1132 1069
3 1069 1133 1073
3 1069 1132 1133
3 1074 1073 1134
3 1073 1135 1134
3 1073 1133 1135
3 1134 1135 1076
3 1135 1075 1076
3 1135 1136 1075
3 1075 1137 1079
3 1075 1136 1137
3 1079 1138 1081
3 1079 1137 1138
3 1081 1139 1083
3 1081 1138 1139
3 1084 1083 1140
3 1083 1141 1140
3 1083 1139 1141
3 1143 1142 1141
3 1141 1142 1140
3 1142 1143 1086
3 1143 1085 1086
3 1143 1144 1085
3 1085 1145 1089
3 1085 1144 1145
3 1089 1146 1091
3 1089 1145 1146
3 1092 1091 1147
3 1091 1148 1147
3 1091 1146 1148
3 1150 1149 1148
3 1148 1149 1147
3 1149 1150 1094
3 1150 1093 1094
3 1150 1151 1093
3 1093 1152 1097
3 1093 1151 1152
3 1097 1153 1099
3 1097 1152 1153
3 1100 1099 1154
3 1099 1155 1154
3 1099 1153 1155
3 1154 1155 1102
3 1155 1101 1102
3 1155 1156 1101
3 1101 1157 1105
3 1101 1156 1157
3 1105 1158 1107
3 1105 1157 1158
3 1107 1159 1109
3 1107 1158 1159
3 1110 1109 1160
3 1109 1161 1160
3 1109 1159 1161
3 1160 1161 1112
3 1161 1111 1112
3 1161 1162 1111
3 1111 1163 1115
3 1111 1162 1163
3 1115 1164 1117
3 1115 1163 1164
3 1117 1165 1119
3 1117 1164 1165
3 1120 1119 1166
3 1119 1167 1166
3 1119 1165 1167
3 1166 1167 1122
3 1167 1121 1122
3 1167 1168 1121
3 1121 1169 1125
3 1121 1168 1169
3 1125 1170 1127
3 1125 1169 1170
3 1128 1127 1171
3 1127 1172 1171
3 1127 1170 1172
3 1172 1173 1171
3 1129 1130 1174
3 1174 1130 1175
3 1129 1176 1132
3 1129 1174 1176
3 1132 1177 1133
3 1132 1176 1177
3 1133 1178 1135
3 1133 1177 1178
3 1135 1179 1136
3 1135 1178 1179
3 1136 1180 1137
3 1136 1179 1180
3 1137 1181 1138
3 1137 1180 1181
3 1138 1182 1139
3 1138 1181 1182
3 1139 1183 1141
3 1139 1182 1183
3 1141 1184 1143
3 1141 1183 1184
3 1143 1185 1144
3 1143 1184 1185
3 1144 1186 1145
3 1144 1185 1186
3 1145 1187 1146
3 1145 1186 1187
3 1146 1188 1148
3 1146 1187 1188
3 1148 1189 1150
3 1148 1188 1189
3 1150 1190 1151
3 1150 1189 1190
3 1151 1191 1152
3 1151 1190 1191
3 1152 1192 1153
3 1152 1191 1192
3 1153 1193 1155
3 1153 1192 1193
3 1155 1194 1156
3 1155 1193 1194
3 1156 1195 1157
3 1156 1194 1195
3 1157 1196 1158
3 1157 1195 1196
3 1158 1197 1159
3 1158 1196 1197
3 1159 1198 1161
3 1159 1197 1198
3 1161 1199 1162
3 1161 1198 1199
3 1162 1200 1163
3 1162 1199 1200
3 1163 1201 1164
3 1163 1200 1201
3 1164 1202 1165
3 1164 1201 1202
3 1165 1203 1167
3 1165 1202 1203
3 1167 1204 1168
3 1167 1203 1204
3 1168 1205 1169
3 1168 1204 1205
3 1169 1206 1170
3 1169 1205 1206
3 1170 1207 1172
3 1170 1206 1207
3 1173 1172 1208
3 1208 1172 1207
3 1175 1209 1174
3 1211 1210 1209
3 1210 1174 1209
3 1210 1176 1174
3 1176 1212 1177
3 1176 1210 1212
3 1177 1213 1178
3 1177 1212 1213
3 1178 1214 1179
3 1178 1213 1214
3 1179 1215 1180
3 1179 1214 1215
3 1180 1216 1181
3 1180 1215 1216
3 1181 1217 1182
3 1181 1216 1217
3 1182 1218 1183
3 1182 1217 1218
3 1183 1219 1184
3 1183 1218 1219
3 1184 1220 1185
3 1184 1219 1220
3 1185 1221 1186
3 1185 1220 1221
3 1186 1222 1187
3 1186 1221 1222
3 1187 1223 1188
3 1187 1222 1223
3 1188 1224 1189
3 1188 1223 1224
3 1189 1225 1190
3 1189 1224 1225
3 1190 1226 1191
3 1190 1225 1226
3 1191 1227 1192
3 1191 1226 1227
3 1192 1228 1193
3 1192 1227 1228
3 1193 1229 1194
3 1193 1228 1229
3 1194 1230 1195
3 1194 1229 1230
3 1195 1231 1196
3 1195 1230 1231
3 1196 1232 1197
3 1196 1231 1232
3 1197 1233 1198
3 1197 1232 1233
3 1198 1234 1199
3 1198 1233 1234
3 1199 1235 1200
3 1199 1234 1235
3 1200 1236 1201
3 1200 1235 1236
3 1201 1237 1202
3 1201 1236 1237
3 1202 1238 1203
3 1202 1237 1238
3 1203 1239 1204
3 1203 1238 1239
3 1204 1240 1205
3 1204 1239 1240
3 1205 1241 1206
3 1205 1240 1241
3 1206 1242 1207
3 1206 1241 1242
3 1208 1207 1243
3 1243 1207 1242
3 1246 1245 1244
3 1246 1244 1211
3 1244 1210 1211
3 1244 1247 1210
3 1210 1248 1212
3 1210 1247 1248
3 1212 1249 1213
3 1212 1248 1249
3 1213 1250 1214
3 1213 1249 1250
3 1250 544 545
3 1215 1250 545
3 1214 1250 1215
3 1215 545 546
3 1215 546 1216
3 1216 546 548
3 1251 1216 548
3 1217 1216 1251
3 1217 1252 1218
3 1217 1251 1252
3 1218 1253 1219
3 1218 1252 1253
3 1219 1254 1220
3 1219 1253 1254
3 1254 550 551
3 1221 1254 551
3 1220 1254 1221
3 1221 551 552
3 1255 1221 552
3 1222 1221 1255
3 1222 1256 1223
3 1222 1255 1256
3 1223 1257 1224
3 1223 1256 1257
3 1224 1258 1225
3 1224 1257 1258
3 1258 554 555
3 1226 1258 555
3 1225 1258 1226
3 1226 555 556
3 1259 1226 556
3 1227 1226 1259
3 1227 1260 1228
3 1227 1259 1260
3 1228 1261 1229
3 1228 1260 1261
3 1261 558 559
3 1230 1261 559
3 1229 1261 1230
3 1230 559 560
3 1230 560 1231
3 1231 560 562
3 1262 1231 562
3 1232 1231 1262
3 1232 1263 1233
3 1232 1262 1263
3 1233 1264 1234
3 1233 1263 1264
3 1264 564 565
3 1235 1264 565
3 1234 1264 1235
3 1235 565 566
3 1265 1235 566
3 1236 1235 1265
3 1236 1266 1237
3 1236 1265 1266
3 1237 1267 1238
3 1237 1266 1267
3 1267 568 569
3 1239 1267 569
3 1238 1267 1239
3 1239 569 570
3 1239 570 1240
3 1240 570 572
3 1268 1240 572
3 1241 1240 1268
3 1241 1269 1242
3 1241 1268 1269
3 1243 1242 1270
3 1270 1242 1269
3 1244 1245 1271
3 1271 1245 1272
3 1244 1273 1247
3 1244 1271 1273
3 1247 1274 1248
3 1247 1273 1274
3 1274 574 575
3 1249 1274 575
3 1248 1274 1249
3 1249 575 576
3 1275 1249 576
3 1250 1249 1275
3 1276 577 544
3 1250 1276 544
3 1275 1276 1250
3 1276 579 577
3 580 1251 548
3 1251 580 582
3 1251 582 1252
3 1252 582 584
3 1252 584 1253
3 1253 584 586
3 1277 1253 586
3 1254 1253 1277
3 1277 588 550
3 1277 550 1254
3 589 1255 552
3 1255 589 591
3 1255 591 1256
3 1256 591 593
3 1256 593 1257
3 1257 593 595
3 1278 1257 595
3 1258 1257 1278
3 1278 597 554
3 1278 554 1258
3 598 1259 556
3 1259 598 600
3 1259 600 1260
3 1260 600 602
3 1279 1260 602
3 1261 1260 1279
3 1280 603 558
3 1261 1280 558
3 1279 1280 1261
3 1280 605 603
3 606 1262 562
3 1262 606 608
3 1262 608 1263
3 1263 608 610
3 1281 1263 610
3 1264 1263 1281
3 1281 612 564
3 1281 564 1264
3 613 1265 566
3 1265 613 615
3 1265 615 1266
3 1266 615 617
3 1282 1266 617
3 1267 1266 1282
3 1283 618 568
3 1267 1283 568
3 1282 1283 1267
3 1283 620 618
3 621 1268 572
3 1268 621 623
3 1284 1268 623
3 1269 1268 1284
3 1270 1269 1285
3 1285 1269 1284
3 1272 1286 1271
3 1288 1287 1286
3 1287 1271 1286
3 1287 1273 1271
3 1273 1289 1274
3 1273 1287 1289
3 1289 625 574
3 1289 574 1274
3 626 1275 576
3 1275 626 628
3 1275 628 1276
3 1276 628 579
3 634 1277 586
3 1277 634 588
3 640 1278 595
3 1278 640 597
3 645 1279 602
3 1279 645 647
3 1279 647 1280
3 1280 647 605
3 652 1281 610
3 1281 652 612
3 657 1282 617
3 1282 657 659
3 1282 659 1283
3 1283 659 620
3 663 1284 623
3 663 665 1284
3 665 1285 1284
3 665 1290 1285
3 1287 1288 1291
3 1291 1288 1292
3 1287 1293 1289
3 1287 1291 1293
3 1293 667 625
3 1293 625 1289
3 697 1295 1294
3 1290 697 1294
3 665 697 1290
3 1295 1296 1294
3 1291 1292 1297
3 1297 1292 1298
3 1291 1299 1293
3 1291 1297 1299
3 1299 699 667
3 1299 667 1293
3 729 1300 1295
3 729 1295 697
3 1296 1295 1301
3 1301 1295 1300
3 1297 1298 1302
3 1302 1298 1303
3 1302 731 732
3 1299 1302 732
3 1297 1302 1299
3 1299 732 699
3 758 1304 1300
3 758 1300 729
3 1301 1300 1305
3 1305 1300 1304
3 1302 1303 1306
3 1306 1303 1307
3 1308 759 731
3 1302 1308 731
3 1306 1308 1302
3 1308 761 759
3 772 1309 1304
3 772 1304 758
3 1305 1304 1310
3 1310 1304 1309
3 1313 1312 1311
3 1313 1311 1307
3 1311 1306 1307
3 1311 1314 1306
3 1306 1315 1308
3 1306 1314 1315
3 1315 774 761
3 1315 761 1308
3 776 1316 1309
3 776 1309 772
3 1310 1309 1317
3 1317 1309 1316
3 1312 1318 1311
3 1320 1319 1318
3 1319 1311 1318
3 1319 1314 1311
3 1314 1321 1315
3 1314 1319 1321
3 1321 778 774
3 1321 774 1315
3 780 1322 1316
3 780 1316 776
3 1317 1316 1323
3 1323 1316 1322
3 1319 1320 1324
3 1324 1320 1325
3 1319 1326 1321
3 1319 1324 1326
3 1326 782 778
3 1326 778 1321
3 784 1327 1322
3 784 1322 780
3 1323 1322 1328
3 1328 1322 1327
3 1331 1330 1329
3 1331 1329 1325
3 1329 1324 1325
3 1329 1332 1324
3 1324 1333 1326
3 1324 1332 1333
3 1333 786 782
3 1333 782 1326
3 788 1334 1327
3 788 1327 784
3 1328 1327 1335
3 1335 1327 1334
3 1330 1336 1329
3 1338 1337 1336
3 1337 1329 1336
3 1337 1332 1329
3 1337 790 791
3 1333 1337 791
3 1332 1337 1333
3 1333 791 786
3 794 1339 1334
3 794 1334 788
3 1335 1334 1340
3 1340 1334 1339
3 1337 1338 1341
3 1341 1338 1342
3 1343 795 790
3 1337 1343 790
3 1341 1343 1337
3 1343 797 795
3 799 1344 1339
3 799 1339 794
3 1340 1339 1345
3 1345 1339 1344
3 1341 1342 1346
3 1346 1342 1347
3 1341 1348 1343
3 1341 1346 1348
3 1348 801 797
3 1348 797 1343
3 803 1349 1344
3 803 1344 799
3 1345 1344 1350
3 1350 1344 1349
3 1346 1347 1351
3 1351 1347 1352
3 1351 805 806
3 1348 1351 806
3 1346 1351 1348
3 1348 806 801
3 809 1353 1349
3 809 1349 803
3 1350 1349 1354
3 1354 1349 1353
3 1357 1356 1355
3 1357 1355 1352
3 1355 1351 1352
3 1355 1358 1351
3 1359 810 805
3 1351 1359 805
3 1358 1359 1351
3 1359 812 810
3 813 1360 1353
3 813 1353 809
3 1354 1353 1361
3 1361 1353 1360
3 1355 1356 1362
3 1362 1356 1363
3 1355 1364 1358
3 1355 1362 1364
3 1364 815 816
3 1359 1364 816
3 1358 1364 1359
3 1359 816 812
3 819 1365 1360
3 819 1360 813
3 1361 1360 1366
3 1366 1360 1365
3 1362 1363 1367
3 1367 1363 1368
3 1362 1369 1364
3 1362 1367 1369
3 1370 820 815
3 1364 1370 815
3 1369 1370 1364
3 1370 822 820
3 825 1371 1365
3 825 1365 819
3 1366 1365 1372
3 1372 1365 1371
3 1368 1373 1367
3 1375 1374 1373
3 1374 1367 1373
3 1374 1369 1367
3 1369 1376 1370
3 1369 1374 1376
3 1376 827 822
3 1376 822 1370
3 843 1377 1371
3 843 1371 825
3 1372 1371 1378
3 1378 1371 1377
3 1381 1380 1379
3 1381 1379 1375
3 1379 1374 1375
3 1379 1382 1374
3 1374 1383 1376
3 1374 1382 1383
3 1383 845 827
3 1383 827 1376
3 872 1384 1377
3 872 1377 843
3 1378 1377 1385
3 1385 1377 1384
3 1380 1386 1379
3 1388 1387 1386
3 1387 1379 1386
3 1387 1382 1379
3 1382 1389 1383
3 1382 1387 1389
3 1389 874 845
3 1389 845 1383
3 904 1390 1384
3 904 1384 872
3 1385 1384 1391
3 1391 1384 1390
3 1387 1388 1392
3 1392 1388 1393
3 1392 906 907
3 1389 1392 907
3 1387 1392 1389
3 1389 907 874
3 938 1394 1390
3 938 1390 904
3 1391 1390 1395
3 1395 1390 1394
3 1392 1393 1396
3 1396 1393 1397
3 1398 939 906
3 1392 1398 906
3 1396 1398 1392
3 1398 941 939
3 971 1399 1394
3 971 1394 938
3 1395 1394 1400
3 1400 1394 1399
3 1396 1397 1401
3 1401 1397 1402
3 1396 1403 1398
3 1396 1401 1403
3 1403 973 941
3 1403 941 1398
3 974 1404 975
3 1405 976 975
3 1405 975 1404
3 1405 978 976
3 983 1406 984
3 1406 986 984
3 996 1407 997
3 1407 999 997
3 1004 1408 1005
3 1408 1007 1005
3 1011 1409 1399
3 1011 1399 971
3 1400 1399 1410
3 1410 1399 1409
3 1401 1402 1411
3 1411 1402 1412
3 1401 1413 1403
3 1401 1411 1413
3 1414 1012 973
3 1403 1414 973
3 1413 1414 1403
3 1404 974 1012
3 1414 1404 1012
3 1415 1404 1414
3 1415 1014 1015
3 1405 1415 1015
3 1404 1415 1405
3 1405 1015 978
3 1018 1416 1019
3 1417 1020 1019
3 1417 1019 1416
3 1418 1021 1020
3 1418 1020 1417
3 1406 983 1021
3 1418 1406 1021
3 1419 1406 1418
3 1419 1023 986
3 1419 986 1406
3 1025 1420 1026
3 1421 1027 1026
3 1421 1026 1420
3 1422 1028 1027
3 1422 1027 1421
3 1422 1030 1028
3 1033 1423 1034
3 1424 1035 1034
3 1424 1034 1423
3 1407 996 1035
3 1424 1407 1035
3 1425 1407 1424
3 1425 1037 999
3 1425 999 1407
3 1039 1426 1040
3 1427 1041 1040
3 1427 1040 1426
3 1428 1042 1041
3 1428 1041 1427
3 1408 1004 1042
3 1428 1408 1042
3 1429 1408 1428
3 1429 1044 1007
3 1429 1007 1408
3 1046 1430 1047
3 1431 1048 1047
3 1431 1047 1430
3 1409 1011 1048
3 1431 1409 1048
3 1432 1409 1431
3 1410 1409 1433
3 1433 1409 1432
3 1411 1412 1434
3 1434 1412 1435
3 1411 1436 1413
3 1411 1434 1436
3 1413 1437 1414
3 1413 1436 1437
3 1414 1438 1415
3 1414 1437 1438
3 1438 1050 1014
3 1438 1014 1415
3 1051 1439 1052
3 1440 1053 1052
3 1440 1052 1439
3 1416 1018 1053
3 1440 1416 1053
3 1441 1416 1440
3 1416 1442 1417
3 1416 1441 1442
3 1417 1443 1418
3 1417 1442 1443
3 1443 1055 1056
3 1419 1443 1056
3 1418 1443 1419
3 1023 1419 1056
3 1057 1058 1444
3 1445 1059 1057
3 1445 1057 1444
3 1420 1025 1059
3 1445 1420 1059
3 1446 1420 1445
3 1420 1447 1421
3 1420 1446 1447
3 1421 1448 1422
3 1421 1447 1448
3 1449 1060 1030
3 1422 1449 1030
3 1448 1449 1422
3 1450 1061 1060
3 1450 1060 1449
3 1451 1062 1061
3 1451 1061 1450
3 1423 1033 1062
3 1451 1423 1062
3 1452 1423 1451
3 1423 1453 1424
3 1423 1452 1453
3 1424 1454 1425
3 1424 1453 1454
3 1455 1063 1037
3 1425 1455 1037
3 1454 1455 1425
3 1456 1064 1063
3 1456 1063 1455
3 1426 1039 1064
3 1456 1426 1064
3 1457 1426 1456
3 1426 1458 1427
3 1426 1457 1458
3 1427 1459 1428
3 1427 1458 1459
3 1428 1460 1429
3 1428 1459 1460
3 1461 1065 1044
3 1429 1461 1044
3 1460 1461 1429
3 1462 1066 1065
3 1462 1065 1461
3 1430 1046 1066
3 1462 1430 1066
3 1463 1430 1462
3 1430 1464 1431
3 1430 1463 1464
3 1431 1465 1432
3 1431 1464 1465
3 1433 1432 1466
3 1466 1432 1465
3 1434 1435 1467
3 1467 1435 1468
3 1434 1469 1436
3 1434 1467 1469
3 1436 1470 1437
3 1436 1469 1470
3 1437 1471 1438
3 1437 1470 1471
3 1472 1067 1050
3 1438 1472 1050
3 1471 1472 1438
3 1439 1051 1067
3 1472 1439 1067
3 1473 1439 1472
3 1439 1474 1440
3 1439 1473 1474
3 1440 1475 1441
3 1440 1474 1475
3 1441 1476 1442
3 1441 1475 1476
3 1442 1477 1443
3 1442 1476 1477
3 1478 1068 1055
3 1443 1478 1055
3 1477 1478 1443
3 1444 1058 1068
3 1478 1444 1068
3 1479 1444 1478
3 1444 1480 1445
3 1444 1479 1480
3 1445 1481 1446
3 1445 1480 1481
3 1446 1482 1447
3 1446 1481 1482
3 1447 1483 1448
3 1447 1482 1483
3 1448 1484 1449
3 1448 1483 1484
3 1449 1485 1450
3 1449 1484 1485
3 1450 1486 1451
3 1450 1485 1486
3 1451 1487 1452
3 1451 1486 1487
3 1452 1488 1453
3 1452 1487 1488
3 1453 1489 1454
3 1453 1488 1489
3 1454 1490 1455
3 1454 1489 1490
3 1455 1491 1456
3 1455 1490 1491
3 1456 1492 1457
3 1456 1491 1492
3 1457 1493 1458
3 1457 1492 1493
3 1458 1494 1459
3 1458 1493 1494
3 1459 1495 1460
3 1459 1494 1495
3 1460 1496 1461
3 1460 1495 1496
3 1461 1497 1462
3 1461 1496 1497
3 1462 1498 1463
3 1462 1497 1498
3 1463 1499 1464
3 1463 1498 1499
3 1464 1500 1465
3 1464 1499 1500
3 1466 1465 1501
3 1501 1465 1500
3 1467 1468 1502
3 1502 1468 1503
3 1467 1504 1469
3 1467 1502 1504
3 1469 1505 1470
3 1469 1504 1505
3 1470 1506 1471
3 1470 1505 1506
3 1471 1507 1472
3 1471 1506 1507
3 1472 1508 1473
3 1472 1507 1508
3 1473 1509 1474
3 1473 1508 1509
3 1474 1510 1475
3 1474 1509 1510
3 1475 1511 1476
3 1475 1510 1511
3 1476 1512 1477
3 1476 1511 1512
3 1477 1513 1478
3 1477 1512 1513
3 1478 1514 1479
3 1478 1513 1514
3 1479 1515 1480
3 1479 1514 1515
3 1480 1516 1481
3 1480 1515 1516
3 1481 1517 1482
3 1481 1516 1517
3 1482 1518 1483
3 1482 1517 1518
3 1483 1519 1484
3 1483 1518 1519
3 1484 1520 1485
3 1484 1519 1520
3 1485 1521 1486
3 1485 1520 1521
3 1486 1522 1487
3 1486 1521 1522
3 1487 1523 1488
3 1487 1522 1523
3 1488 1524 1489
3 1488 1523 1524
3 1489 1525 1490
3 1489 1524 1525
3 1490 1526 1491
3 1490 1525 1526
3 1491 1527 1492
3 1491 1526 1527
3 1492 1528 1493
3 1492 1527 1528
3 1493 1529 1494
3 1493 1528 1529
3 1494 1530 1495
3 1494 1529 1530
3 1495 1531 1496
3 1495 1530 1531
3 1496 1532 1497
3 1496 1531 1532
3 1497 1533 1498
3 1497 1532 1533
3 1498 1534 1499
3 1498 1533 1534
3 1499 1535 1500
3 1499 1534 1535
3 1501 1500 1536
3 1536 1500 1535
3 1502 1503 1537
3 1537 1503 1538
3 1502 1539 1504
3 1502 1537 1539
3 1504 1540 1505
3 1504 1539 1540
3 1505 1541 1506
3 1505 1540 1541
3 1506 1542 1507
3 1506 1541 1542
3 1507 1543 1508
3 1507 1542 1543
3 1508 1544 1509
3 1508 1543 1544
3 1509 1545 1510
3 1509 1544 1545
3 1510 1546 1511
3 1510 1545 1546
3 1511 1547 1512
3 1511 1546 1547
3 1512 1548 1513
3 1512 1547 1548
3 1513 1549 1514
3 1513 1548 1549
3 1514 1550 1515
3 1514 1549 1550
3 1515 1551 1516
3 1515 1550 1551
3 1516 1552 1517
3 1516 1551 1552
3 1517 1553 1518
3 1517 1552 1553
3 1518 1554 1519
3 1518 1553 1554
3 1519 1555 1520
3 1519 1554 1555
3 1520 1556 1521
3 1520 1555 1556
3 1521 1557 1522
3 1521 1556 1557
3 1522 1558 1523
3 1522 1557 1558
3 1523 1559 1524
3 1523 1558 1559
3 1524 1560 1525
3 1524 1559 1560
3 1525 1561 1526
3 1525 1560 1561
3 1526 1562 1527
3 1526 1561 1562
3 1527 1563 1528
3 1527 1562 1563
3 1528 1564 1529
3 1528 1563 1564
3 1529 1565 1530
3 1529 1564 1565
3 1530 1566 1531
3 1530 1565 1566
3 1531 1567 1532
3 1531 1566 1567
3 1532 1568 1533
3 1532 1567 1568
3 1533 1569 1534
3 1533 1568 1569
3 1534 1570 1535
3 1534 1569 1570
3 1536 1535 1571
3 1571 1535 1570
3 1574 1573 1572
3 1574 1572 1538
3 1572 1537 1538
3 1572 1575 1537
3 1577 1539 1576
3 1539 1575 1576
3 1539 1537 1575
3 1539 1577 1540
3 1540 1577 1578
3 1580 1579 1578
3 1579 1540 1578
3 1579 1541 1540
3 1541 1581 1542
3 1541 1579 1581
3 1583 1543 1582
3 1543 1581 1582
3 1543 1542 1581
3 1585 1584 1583
3 1584 1543 1583
3 1584 1544 1543
3 1544 1586 1545
3 1544 1584 1586
3 1588 1546 1587
3 1546 1586 1587
3 1546 1545 1586
3 1590 1589 1588
3 1589 1546 1588
3 1589 1547 1546
3 1547 1591 1548
3 1547 1589 1591
3 1548 1592 1549
3 1548 1591 1592
3 1549 1593 1550
3 1549 1592 1593
3 1550 1594 1551
3 1550 1593 1594
3 1596 1552 1595
3 1552 1594 1595
3 1552 1551 1594
3 1598 1597 1596
3 1597 1552 1596
3 1597 1553 1552
3 1553 1599 1554
3 1553 1597 1599
3 1554 1600 1555
3 1554 1599 1600
3 1555 1601 1556
3 1555 1600 1601
3 1556 1602 1557
3 1556 1601 1602
3 1604 1558 1603
3 1558 1602 1603
3 1558 1557 1602
3 1606 1605 1604
3 1605 1558 1604
3 1605 1559 1558
3 1559 1607 1560
3 1559 1605 1607
3 1560 1608 1561
3 1560 1607 1608
3 1561 1609 1562
3 1561 1608 1609
3 1562 1610 1563
3 1562 1609 1610
3 1612 1564 1611
3 1564 1610 1611
3 1564 1563 1610
3 1614 1613 1612
3 1613 1564 1612
3 1613 1565 1564
3 1565 1615 1566
3 1565 1613 1615
3 1566 1616 1567
3 1566 1615 1616
3 1567 1617 1568
3 1567 1616 1617
3 1619 1569 1618
3 1569 1617 1618
3 1569 1568 1617
3 1621 1620 1619
3 1620 1569 1619
3 1620 1570 1569
3 1571 1570 1622
3 1622 1570 1620
3 1573 1623 1572
3 1572 1623 1575
3 1575 1623 1624
3 1575 1624 1576
3 1580 1625 1579
3 1579 1625 1581
3 1581 1625 1626
3 1581 1626 1582
3 1585 1627 1584
3 1584 1627 1586
3 1586 1627 1628
3 1586 1628 1587
3 1590 1629 1589
3 1589 1629 1591
3 1591 1629 1630
3 1591 1630 1592
3 1592 1630 1631
3 1592 1631 1593
3 1593 1631 1632
3 1593 1632 1594
3 1594 1632 1633
3 1594 1633 1595
3 1598 1634 1597
3 1597 1634 1599
3 1599 1634 1635
3 1599 1635 1600
3 1600 1635 1636
3 1600 1636 1601
3 1601 1636 1637
3 1601 1637 1602
3 1602 1637 1638
3 1602 1638 1603
3 1606 1639 1605
3 1605 1639 1607
3 1607 1639 1640
3 1607 1640 1608
3 1608 1640 1641
3 1608 1641 1609
3 1609 1641 1642
3 1609 1642 1610
3 1610 1642 1643
3 1610 1643 1611
3 1614 1644 1613
3 1613 1644 1615
3 1615 1644 1645
3 1615 1645 1616
3 1616 1645 1646
3 1616 1646 1617
3 1617 1646 1647
3 1617 1647 1618
3 1621 1648 1620
3 1620 1648 1622
3 1651 1650 1649
3 1649 1652 1651
3 1655 1654 1653
3 1657 1656 1653
3 1653 1656 1655
3 1657 1658 1656
3 1661 1660 1659
3 1659 1662 1661
3 1665 1664 1663
3 1663 1666 1665
3 1669 1668 1667
3 1667 1670 1669
3 1673 1672 1671
3 1671 1674 1673
3 1677 1676 1675
3 1675 1678 1677
3 1681 1680 1679
3 1070 1071 1679
3 1071 1681 1679
3 1071 1682 1681
3 1683 1071 1072
3 1683 1682 1071
3 1685 1684 1074
3 1684 1072 1074
3 1684 1683 1072
3 1684 1685 1650
3 1650 1685 1649
3 1685 1076 1649
3 1076 1077 1649
3 1686 1652 1649
3 1077 1686 1649
3 1078 1686 1077
3 1687 1078 1080
3 1687 1686 1078
3 1688 1080 1082
3 1688 1687 1080
3 1689 1653 1084
3 1653 1688 1084
3 1688 1082 1084
3 1653 1654 1688
3 1653 1690 1657
3 1653 1689 1690
3 1087 1691 1086
3 1691 1657 1086
3 1657 1690 1086
3 1657 1691 1658
3 1692 1087 1088
3 1692 1691 1087
3 1693 1088 1090
3 1693 1692 1088
3 1694 1659 1092
3 1659 1693 1092
3 1693 1090 1092
3 1659 1660 1693
3 1662 1659 1695
3 1659 1696 1695
3 1659 1694 1696
3 1094 1095 1696
3 1095 1695 1696
3 1095 1697 1695
3 1698 1095 1096
3 1698 1697 1095
3 1699 1096 1098
3 1699 1698 1096
3 1700 1663 1100
3 1663 1699 1100
3 1699 1098 1100
3 1663 1664 1699
3 1103 1701 1102
3 1701 1663 1102
3 1663 1700 1102
3 1663 1701 1666
3 1702 1103 1104
3 1702 1701 1103
3 1703 1104 1106
3 1703 1702 1104
3 1108 1667 1668
3 1703 1108 1668
3 1106 1108 1703
3 1705 1704 1110
3 1110 1704 1108
3 1704 1670 1108
3 1670 1667 1108
3 1112 1113 1705
3 1113 1704 1705
3 1113 1706 1704
3 1707 1113 1114
3 1707 1706 1113
3 1116 1671 1672
3 1707 1116 1672
3 1114 1116 1707
3 1708 1674 1671
3 1116 1708 1671
3 1118 1708 1116
3 1710 1709 1120
3 1709 1118 1120
3 1709 1708 1118
3 1122 1123 1710
3 1123 1709 1710
3 1123 1711 1709
3 1124 1675 1676
3 1711 1124 1676
3 1123 1124 1711
3 1712 1678 1675
3 1124 1712 1675
3 1126 1712 1124
3 1714 1713 1128
3 1713 1126 1128
3 1713 1712 1126
3 1714 1715 1713
3 1679 1680 1131
3 1680 1130 1131
3 1680 1716 1130
3 1679 1131 1070
3 1134 1685 1074
3 1685 1134 1076
3 1140 1689 1084
3 1689 1140 1142
3 1689 1142 1690
3 1690 1142 1086
3 1147 1694 1092
3 1694 1147 1149
3 1694 1149 1696
3 1696 1149 1094
3 1154 1700 1100
3 1700 1154 1102
3 1160 1705 1110
3 1705 1160 1112
3 1166 1710 1120
3 1710 1166 1122
3 1171 1714 1128
3 1171 1173 1714
3 1173 1715 1714
3 1173 1717 1715
3 1716 1175 1130
3 1718 1175 1716
3 1208 1717 1173
3 1208 1719 1717
3 1209 1175 1720
3 1175 1721 1720
3 1175 1718 1721
3 1720 1211 1209
3 1243 1719 1208
3 1243 1722 1719
3 1720 1721 1246
3 1721 1245 1246
3 1721 1723 1245
3 1720 1246 1211
3 1270 1722 1243
3 1270 1724 1722
3 1723 1272 1245
3 1725 1272 1723
3 1285 1727 1726
3 1724 1285 1726
3 1270 1285 1724
3 1727 1728 1726
3 1286 1272 1729
3 1272 1730 1729
3 1272 1725 1730
3 1729 1288 1286
3 1290 1731 1727
3 1290 1727 1285
3 1728 1727 1732
3 1732 1727 1731
3 1729 1730 1733
3 1733 1730 1734
3 1733 1292 1288
3 1733 1288 1729
3 1294 1731 1290
3 1294 1296 1731
3 1296 1732 1731
3 1296 1735 1732
3 1733 1734 1736
3 1736 1734 1737
3 1736 1298 1292
3 1736 1292 1733
3 1301 1735 1296
3 1301 1738 1735
3 1736 1737 1739
3 1739 1737 1740
3 1739 1303 1298
3 1739 1298 1736
3 1305 1738 1301
3 1305 1741 1738
3 1739 1740 1742
3 1742 1740 1743
3 1742 1307 1303
3 1742 1303 1739
3 1310 1741 1305
3 1310 1744 1741
3 1742 1743 1313
3 1743 1312 1313
3 1743 1745 1312
3 1742 1313 1307
3 1317 1744 1310
3 1317 1746 1744
3 1318 1312 1747
3 1312 1748 1747
3 1312 1745 1748
3 1747 1320 1318
3 1323 1746 1317
3 1323 1749 1746
3 1747 1748 1750
3 1750 1748 1751
3 1750 1325 1320
3 1750 1320 1747
3 1328 1749 1323
3 1328 1752 1749
3 1750 1751 1331
3 1751 1330 1331
3 1751 1753 1330
3 1750 1331 1325
3 1335 1752 1328
3 1335 1754 1752
3 1336 1330 1755
3 1330 1756 1755
3 1330 1753 1756
3 1755 1338 1336
3 1340 1754 1335
3 1340 1757 1754
3 1755 1756 1758
3 1758 1756 1759
3 1758 1342 1338
3 1758 1338 1755
3 1345 1757 1340
3 1345 1760 1757
3 1758 1759 1761
3 1761 1759 1762
3 1761 1347 1342
3 1761 1342 1758
3 1350 1760 1345
3 1350 1763 1760
3 1761 1762 1764
3 1764 1762 1765
3 1764 1352 1347
3 1764 1347 1761
3 1354 1763 1350
3 1354 1766 1763
3 1764 1765 1357
3 1765 1356 1357
3 1765 1767 1356
3 1764 1357 1352
3 1361 1766 1354
3 1361 1768 1766
3 1767 1363 1356
3 1769 1363 1767
3 1366 1768 1361
3 1366 1770 1768
3 1769 1368 1363
3 1771 1368 1769
3 1372 1770 1366
3 1372 1772 1770
3 1373 1368 1773
3 1368 1774 1773
3 1368 1771 1774
3 1773 1375 1373
3 1378 1772 1372
3 1378 1775 1772
3 1773 1774 1381
3 1774 1380 1381
3 1774 1776 1380
3 1773 1381 1375
3 1385 1775 1378
3 1385 1777 1775
3 1386 1380 1778
3 1380 1779 1778
3 1380 1776 1779
3 1778 1388 1386
3 1391 1777 1385
3 1391 1780 1777
3 1778 1779 1781
3 1781 1779 1782
3 1781 1393 1388
3 1781 1388 1778
3 1395 1780 1391
3 1395 1783 1780
3 1781 1782 1784
3 1784 1782 1785
3 1784 1397 1393
3 1784 1393 1781
3 1400 1783 1395
3 1400 1786 1783
3 1784 1785 1787
3 1787 1785 1788
3 1787 1402 1397
3 1787 1397 1784
3 1410 1786 1400
3 1410 1789 1786
3 1787 1788 1790
3 1790 1788 1791
3 1790 1412 1402
3 1790 1402 1787
3 1433 1789 1410
3 1433 1792 1789
3 1790 1791 1793
3 1793 1791 1794
3 1793 1435 1412
3 1793 1412 1790
3 1466 1792 1433
3 1466 1795 1792
3 1793 1794 1796
3 1796 1794 1797
3 1796 1468 1435
3 1796 1435 1793
3 1501 1795 1466
3 1501 1798 1795
3 1796 1797 1799
3 1799 1797 1800
3 1799 1503 1468
3 1799 1468 1796
3 1536 1798 1501
3 1536 1801 1798
3 1799 1800 1802
3 1802 1800 1803
3 1802 1538 1503
3 1802 1503 1799
3 1571 1801 1536
3 1571 1804 1801
3 1802 1803 1574
3 1803 1573 1574
3 1803 1805 1573
3 1802 1574 1538
3 1576 1806 1577
3 1807 1578 1577
3 1807 1577 1806
3 1807 1580 1578
3 1582 1808 1583
3 1808 1585 1583
3 1587 1809 1588
3 1809 1590 1588
3 1595 1810 1596
3 1810 1598 1596
3 1603 1811 1604
3 1811 1606 1604
3 1611 1812 1612
3 1812 1614 1612
3 1618 1813 1619
3 1813 1621 1619
3 1622 1804 1571
3 1622 1814 1804
3 1805 1815 1573
3 1573 1815 1623
3 1623 1816 1624
3 1815 1816 1623
3 1576 1624 1806
3 1624 1817 1806
3 1624 1816 1817
3 1806 1817 1807
3 1807 1817 1818
3 1807 1818 1580
3 1818 1625 1580
3 1818 1819 1625
3 1625 1820 1626
3 1819 1820 1625
3 1582 1626 1808
3 1626 1821 1808
3 1626 1820 1821
3 1808 1821 1585
3 1821 1627 1585
3 1821 1822 1627
3 1627 1823 1628
3 1822 1823 1627
3 1587 1628 1809
3 1628 1824 1809
3 1628 1823 1824
3 1809 1824 1590
3 1824 1629 1590
3 1824 1825 1629
3 1629 1826 1630
3 1825 1826 1629
3 1630 1827 1631
3 1826 1827 1630
3 1631 1828 1632
3 1827 1828 1631
3 1632 1829 1633
3 1828 1829 1632
3 1595 1633 1810
3 1633 1830 1810
3 1633 1829 1830
3 1810 1830 1598
3 1830 1634 1598
3 1830 1831 1634
3 1634 1832 1635
3 1831 1832 1634
3 1635 1833 1636
3 1832 1833 1635
3 1636 1834 1637
3 1833 1834 1636
3 1637 1835 1638
3 1834 1835 1637
3 1603 1638 1811
3 1638 1836 1811
3 1638 1835 1836
3 1811 1836 1606
3 1836 1639 1606
3 1836 1837 1639
3 1639 1838 1640
3 1837 1838 1639
3 1640 1839 1641
3 1838 1839 1640
3 1641 1840 1642
3 1839 1840 1641
3 1642 1841 1643
3 1840 1841 1642
3 1611 1643 1812
3 1643 1842 1812
3 1643 1841 1842
3 1812 1842 1614
3 1842 1644 1614
3 1842 1843 1644
3 1644 1844 1645
3 1843 1844 1644
3 1645 1845 1646
3 1844 1845 1645
3 1646 1846 1647
3 1845 1846 1646
3 1618 1647 1813
3 1647 1847 1813
3 1647 1846 1847
3 1813 1847 1621
3 1847 1648 1621
3 1847 1848 1648
3 1622 1648 1814
3 1814 1648 1848
3 1851 1850 1849
3 1849 1852 1851
3 1855 1854 1853
3 1650 1651 1853
3 1651 1855 1853
3 1651 1856 1855
3 1858 1857 1652
3 1857 1651 1652
3 1857 1856 1651
3 1860 1859 1858
3 1858 1859 1857
3 1862 1861 1860
3 1860 1861 1859
3 1654 1655 1862
3 1655 1861 1862
3 1655 1863 1861
3 1864 1655 1656
3 1864 1863 1655
3 1866 1865 1658
3 1865 1656 1658
3 1865 1864 1656
3 1868 1867 1866
3 1866 1867 1865
3 1868 1869 1867
3 1871 1870 1661
3 1661 1870 1660
3 1873 1872 1662
3 1872 1661 1662
3 1872 1871 1661
3 1875 1874 1873
3 1873 1874 1872
3 1877 1876 1875
3 1875 1876 1874
3 1877 1878 1876
3 1880 1879 1665
3 1665 1879 1664
3 1882 1881 1666
3 1881 1665 1666
3 1881 1880 1665
3 1884 1883 1882
3 1882 1883 1881
3 1884 1885 1883
3 1887 1886 1669
3 1669 1886 1668
3 1889 1888 1670
3 1888 1669 1670
3 1888 1887 1669
3 1891 1890 1889
3 1889 1890 1888
3 1891 1892 1890
3 1894 1893 1673
3 1673 1893 1672
3 1896 1895 1674
3 1895 1673 1674
3 1895 1894 1673
3 1898 1897 1896
3 1896 1897 1895
3 1898 1899 1897
3 1901 1900 1677
3 1677 1900 1676
3 1903 1902 1678
3 1902 1677 1678
3 1902 1901 1677
3 1905 1904 1903
3 1903 1904 1902
3 1905 1906 1904
3 1908 1907 1681
3 1681 1907 1680
3 1682 1849 1850
3 1908 1682 1850
3 1681 1682 1908
3 1909 1852 1849
3 1682 1909 1849
3 1683 1909 1682
3 1684 1853 1854
3 1909 1684 1854
3 1683 1684 1909
3 1853 1684 1650
3 1686 1858 1652
3 1858 1686 1687
3 1858 1687 1860
3 1860 1687 1688
3 1860 1688 1862
3 1862 1688 1654
3 1691 1866 1658
3 1866 1691 1692
3 1866 1692 1868
3 1910 1869 1868
3 1692 1910 1868
3 1693 1910 1692
3 1693 1660 1870
3 1693 1870 1910
3 1695 1873 1662
3 1873 1695 1697
3 1873 1697 1875
3 1875 1697 1698
3 1875 1698 1877
3 1911 1878 1877
3 1698 1911 1877
3 1699 1911 1698
3 1699 1664 1879
3 1699 1879 1911
3 1701 1882 1666
3 1882 1701 1702
3 1882 1702 1884
3 1912 1885 1884
3 1702 1912 1884
3 1703 1912 1702
3 1703 1668 1886
3 1703 1886 1912
3 1704 1889 1670
3 1889 1704 1706
3 1889 1706 1891
3 1913 1892 1891
3 1706 1913 1891
3 1707 1913 1706
3 1707 1672 1893
3 1707 1893 1913
3 1708 1896 1674
3 1896 1708 1709
3 1896 1709 1898
3 1914 1899 1898
3 1709 1914 1898
3 1711 1914 1709
3 1711 1676 1900
3 1711 1900 1914
3 1712 1903 1678
3 1903 1712 1713
3 1903 1713 1905
3 1713 1715 1905
3 1715 1906 1905
3 1715 1915 1906
3 1918 1917 1916
3 1907 1918 1916
3 1716 1907 1916
3 1680 1907 1716
3 1717 1915 1715
3 1717 1919 1915
3 1916 1917 1920
3 1920 1917 1921
3 1920 1718 1716
3 1920 1716 1916
3 1719 1923 1922
3 1919 1719 1922
3 1717 1719 1919
3 1923 1924 1922
3 1920 1921 1925
3 1925 1921 1926
3 1925 1721 1718
3 1925 1718 1920
3 1722 1927 1923
3 1722 1923 1719
3 1924 1923 1928
3 1928 1923 1927
3 1925 1926 1929
3 1929 1926 1930
3 1929 1723 1721
3 1929 1721 1925
3 1724 1931 1927
3 1724 1927 1722
3 1928 1927 1932
3 1932 1927 1931
3 1929 1930 1933
3 1933 1930 1934
3 1933 1725 1723
3 1933 1723 1929
3 1726 1931 1724
3 1726 1728 1931
3 1728 1932 1931
3 1728 1935 1932
3 1933 1934 1936
3 1936 1934 1937
3 1936 1730 1725
3 1936 1725 1933
3 1732 1935 1728
3 1732 1938 1935
3 1936 1937 1939
3 1939 1937 1940
3 1939 1734 1730
3 1939 1730 1936
3 1735 1938 1732
3 1735 1941 1938
3 1939 1940 1942
3 1942 1940 1943
3 1942 1737 1734
3 1942 1734 1939
3 1738 1941 1735
3 1738 1944 1941
3 1942 1943 1945
3 1945 1943 1946
3 1945 1740 1737
3 1945 1737 1942
3 1741 1944 1738
3 1741 1947 1944
3 1945 1946 1948
3 1948 1946 1949
3 1948 1743 1740
3 1948 1740 1945
3 1744 1947 1741
3 1744 1950 1947
3 1948 1949 1951
3 1951 1949 1952
3 1951 1745 1743
3 1951 1743 1948
3 1746 1950 1744
3 1746 1953 1950
3 1951 1952 1954
3 1954 1952 1955
3 1954 1748 1745
3 1954 1745 1951
3 1749 1953 1746
3 1749 1956 1953
3 1954 1955 1957
3 1957 1955 1958
3 1957 1751 1748
3 1957 1748 1954
3 1752 1956 1749
3 1752 1959 1956
3 1957 1958 1960
3 1960 1958 1961
3 1960 1753 1751
3 1960 1751 1957
3 1754 1959 1752
3 1754 1962 1959
3 1960 1961 1963
3 1963 1961 1964
3 1963 1756 1753
3 1963 1753 1960
3 1757 1962 1754
3 1757 1965 1962
3 1963 1964 1966
3 1966 1964 1967
3 1966 1759 1756
3 1966 1756 1963
3 1760 1965 1757
3 1760 1968 1965
3 1966 1967 1969
3 1969 1967 1970
3 1969 1762 1759
3 1969 1759 1966
3 1763 1968 1760
3 1763 1971 1968
3 1969 1970 1972
3 1972 1970 1973
3 1972 1765 1762
3 1972 1762 1969
3 1766 1971 1763
3 1766 1974 1971
3 1972 1973 1975
3 1975 1973 1976
3 1975 1767 1765
3 1975 1765 1972
3 1768 1974 1766
3 1768 1977 1974
3 1975 1976 1978
3 1978 1976 1979
3 1978 1769 1767
3 1978 1767 1975
3 1770 1977 1768
3 1770 1980 1977
3 1978 1979 1981
3 1981 1979 1982
3 1981 1771 1769
3 1981 1769 1978
3 1772 1980 1770
3 1772 1983 1980
3 1981 1982 1984
3 1984 1982 1985
3 1984 1774 1771
3 1984 1771 1981
3 1775 1983 1772
3 1775 1986 1983
3 1984 1985 1987
3 1987 1985 1988
3 1987 1776 1774
3 1987 1774 1984
3 1777 1986 1775
3 1777 1989 1986
3 1987 1988 1990
3 1990 1988 1991
3 1990 1779 1776
3 1990 1776 1987
3 1780 1989 1777
3 1780 1992 1989
3 1990 1991 1993
3 1993 1991 1994
3 1993 1782 1779
3 1993 1779 1990
3 1783 1992 1780
3 1783 1995 1992
3 1993 1994 1996
3 1996 1994 1997
3 1996 1785 1782
3 1996 1782 1993
3 1786 1995 1783
3 1786 1998 1995
3 1996 1997 1999
3 1999 1997 2000
3 1999 1788 1785
3 1999 1785 1996
3 1789 1998 1786
3 1789 2001 1998
3 1999 2000 2002
3 2002 2000 2003
3 2002 1791 1788
3 2002 1788 1999
3 1792 2001 1789
3 1792 2004 2001
3 2002 2003 2005
3 2005 2003 2006
3 2005 1794 1791
3 2005 1791 2002
3 1795 2004 1792
3 1795 2007 2004
3 2005 2006 2008
3 2008 2006 2009
3 2008 1797 1794
3 2008 1794 2005
3 1798 2007 1795
3 1798 2010 2007
3 2008 2009 2011
3 2011 2009 2012
3 2011 1800 1797
3 2011 1797 2008
3 1801 2010 1798
3 1801 2013 2010
3 2011 2012 2014
3 2014 2012 2015
3 2014 1803 1800
3 2014 1800 2011
3 1804 2013 1801
3 1804 2016 2013
3 2015 2017 2014
3 1803 2014 2017
3 2018 1803 2017
3 1805 1803 2018
3 1814 2016 1804
3 1814 2019 2016
3 2018 2020 1805
3 1805 2020 1815
3 1815 2021 1816
3 2020 2021 1815
3 1816 2022 1817
3 2021 2022 1816
3 2022 2024 2023
3 1818 2022 2023
3 1817 2022 1818
3 1818 2023 2025
3 2026 1818 2025
3 1819 1818 2026
3 1819 2027 1820
3 2026 2027 1819
3 1820 2028 1821
3 2027 2028 1820
3 1821 2029 1822
3 2028 2029 1821
3 2029 2031 2030
3 1823 2029 2030
3 1822 2029 1823
3 1823 2030 2032
3 2033 1823 2032
3 1824 1823 2033
3 1824 2034 1825
3 2033 2034 1824
3 1825 2035 1826
3 2034 2035 1825
3 1826 2036 1827
3 2035 2036 1826
3 2036 2038 2037
3 1828 2036 2037
3 1827 2036 1828
3 1828 2037 2039
3 2040 1828 2039
3 1829 1828 2040
3 1829 2041 1830
3 2040 2041 1829
3 1830 2042 1831
3 2041 2042 1830
3 2042 2044 2043
3 1832 2042 2043
3 1831 2042 1832
3 2045 1833 1832
3 2045 1832 2043
3 1833 2045 2046
3 2047 1833 2046
3 1834 1833 2047
3 1834 2048 1835
3 2047 2048 1834
3 1835 2049 1836
3 2048 2049 1835
3 2049 2051 2050
3 1837 2049 2050
3 1836 2049 1837
3 1837 2050 2052
3 2053 1837 2052
3 1838 1837 2053
3 1838 2054 1839
3 2053 2054 1838
3 1839 2055 1840
3 2054 2055 1839
3 2055 2057 2056
3 1841 2055 2056
3 1840 2055 1841
3 2058 1842 1841
3 2058 1841 2056
3 1842 2058 2059
3 2060 1842 2059
3 1843 1842 2060
3 1843 2061 1844
3 2060 2061 1843
3 2061 2063 2062
3 1845 2061 2062
3 1844 2061 1845
3 2064 1846 1845
3 2064 1845 2062
3 1846 2064 2065
3 2066 1846 2065
3 1847 1846 2066
3 1847 2067 1848
3 2066 2067 1847
3 1814 1848 2019
3 2019 1848 2067
3 2024 2068 2023
3 2023 2068 2025
3 2031 2069 2030
3 2030 2069 2032
3 2038 2070 2037
3 2037 2070 2039
3 2044 2071 2043
3 2043 2071 2045
3 2045 2071 2072
3 2045 2072 2046
3 2051 2073 2050
3 2050 2073 2052
3 2057 2074 2056
3 2056 2074 2058
3 2058 2074 2075
3 2058 2075 2059
3 2063 2076 2062
3 2062 2076 2064
3 2064 2076 2077
3 2064 2077 2065
3 2079 2078 1851
3 1851 2078 1850
3 2081 2080 1852
3 2080 1851 1852
3 2080 2079 1851
3 1854 1855 2081
3 1855 2080 2081
3 1855 2082 2080
3 2083 1855 1856
3 2083 2082 1855
3 2084 1856 1857
3 2084 2083 1856
3 2085 1857 1859
3 2085 2084 1857
3 2086 1859 1861
3 2086 2085 1859
3 2087 1861 1863
3 2087 2086 1861
3 2088 1863 1864
3 2088 2087 1863
3 2089 1864 1865
3 2089 2088 1864
3 2090 1865 1867
3 2090 2089 1865
3 2092 2091 1869
3 2091 1867 1869
3 2091 2090 1867
3 1870 1871 2092
3 1871 2091 2092
3 1871 2093 2091
3 2094 1871 1872
3 2094 2093 1871
3 2095 1872 1874
3 2095 2094 1872
3 2096 1874 1876
3 2096 2095 1874
3 2098 2097 1878
3 2097 1876 1878
3 2097 2096 1876
3 1879 1880 2098
3 1880 2097 2098
3 1880 2099 2097
3 2100 1880 1881
3 2100 2099 1880
3 2101 1881 1883
3 2101 2100 1881
3 2103 2102 1885
3 2102 1883 1885
3 2102 2101 1883
3 1886 1887 2103
3 1887 2102 2103
3 1887 2104 2102
3 2105 1887 1888
3 2105 2104 1887
3 2106 1888 1890
3 2106 2105 1888
3 2108 2107 1892
3 2107 1890 1892
3 2107 2106 1890
3 1893 1894 2108
3 1894 2107 2108
3 1894 2109 2107
3 2110 1894 1895
3 2110 2109 1894
3 2111 1895 1897
3 2111 2110 1895
3 2113 2112 1899
3 2112 1897 1899
3 2112 2111 1897
3 1900 1901 2113
3 1901 2112 2113
3 1901 2114 2112
3 2115 1901 1902
3 2115 2114 1901
3 2116 1902 1904
3 2116 2115 1902
3 1904 1906 2116
3 2116 1906 2117
3 2119 2118 1908
3 1908 2118 1907
3 1908 1850 2078
3 1908 2078 2119
3 1909 2081 1852
3 2081 1909 1854
3 1910 2092 1869
3 2092 1910 1870
3 1911 2098 1878
3 2098 1911 1879
3 1912 2103 1885
3 2103 1912 1886
3 1913 2108 1892
3 2108 1913 1893
3 1914 2113 1899
3 2113 1914 1900
3 1915 2121 2120
3 2117 1915 2120
3 1906 1915 2117
3 2121 2122 2120
3 2124 2123 1918
3 1918 2123 1917
3 1918 1907 2118
3 1918 2118 2124
3 1919 2125 2121
3 1919 2121 1915
3 2122 2121 2126
3 2126 2121 2125
3 2123 1921 1917
3 2127 1921 2123
3 1922 2125 1919
3 1922 1924 2125
3 1924 2126 2125
3 1924 2128 2126
3 2131 2130 2129
3 2127 2131 2129
3 1926 2127 2129
3 1921 2127 1926
3 1928 2128 1924
3 1928 2132 2128
3 2130 2133 2129
3 1926 2129 2133
3 2134 1926 2133
3 1930 1926 2134
3 1932 2132 1928
3 1932 2135 2132
3 2134 1934 1930
3 2136 1934 2134
3 1935 2135 1932
3 1935 2137 2135
3 2136 1937 1934
3 2138 1937 2136
3 1938 2137 1935
3 1938 2139 2137
3 2138 1940 1937
3 2140 1940 2138
3 1941 2139 1938
3 1941 2141 2139
3 2140 1943 1940
3 2142 1943 2140
3 1944 2141 1941
3 1944 2143 2141
3 2142 1946 1943
3 2144 1946 2142
3 1947 2143 1944
3 1947 2145 2143
3 2144 1949 1946
3 2146 1949 2144
3 1950 2145 1947
3 1950 2147 2145
3 2146 1952 1949
3 2148 1952 2146
3 1953 2147 1950
3 1953 2149 2147
3 2148 1955 1952
3 2150 1955 2148
3 1956 2149 1953
3 1956 2151 2149
3 2150 1958 1955
3 2152 1958 2150
3 1959 2151 1956
3 1959 2153 2151
3 2152 1961 1958
3 2154 1961 2152
3 1962 2153 1959
3 1962 2155 2153
3 2154 1964 1961
3 2156 1964 2154
3 1965 2155 1962
3 1965 2157 2155
3 2156 1967 1964
3 2158 1967 2156
3 1968 2157 1965
3 1968 2159 2157
3 2158 1970 1967
3 2160 1970 2158
3 1971 2159 1968
3 1971 2161 2159
3 2160 1973 1970
3 2162 1973 2160
3 1974 2161 1971
3 1974 2163 2161
3 2162 1976 1973
3 2164 1976 2162
3 1977 2163 1974
3 1977 2165 2163
3 2164 1979 1976
3 2166 1979 2164
3 1980 2165 1977
3 1980 2167 2165
3 2166 1982 1979
3 2168 1982 2166
3 1983 2167 1980
3 1983 2169 2167
3 2168 1985 1982
3 2170 1985 2168
3 1986 2169 1983
3 1986 2171 2169
3 2170 1988 1985
3 2172 1988 2170
3 1989 2171 1986
3 1989 2173 2171
3 2172 1991 1988
3 2174 1991 2172
3 1992 2173 1989
3 1992 2175 2173
3 2174 1994 1991
3 2176 1994 2174
3 1995 2175 1992
3 1995 2177 2175
3 2176 1997 1994
3 2178 1997 2176
3 1998 2177 1995
3 1998 2179 2177
3 2178 2000 1997
3 2180 2000 2178
3 2001 2179 1998
3 2001 2181 2179
3 2180 2003 2000
3 2182 2003 2180
3 2004 2181 2001
3 2004 2183 2181
3 2182 2006 2003
3 2184 2006 2182
3 2007 2183 2004
3 2007 2185 2183
3 2184 2009 2006
3 2186 2009 2184
3 2010 2185 2007
3 2010 2187 2185
3 2186 2012 2009
3 2188 2012 2186
3 2013 2187 2010
3 2013 2189 2187
3 2191 2015 2190
3 2015 2188 2190
3 2015 2012 2188
3 2192 2191 2190
3 2016 2189 2013
3 2016 2193 2189
3 2191 2017 2015
3 2018 2017 2191
3 2192 2018 2191
3 2194 2018 2192
3 2019 2193 2016
3 2019 2195 2193
3 2194 2196 2018
3 2018 2196 2020
3 2196 2198 2197
3 2021 2196 2197
3 2020 2196 2021
3 2199 2022 2021
3 2199 2021 2197
3 2199 2024 2022
3 2025 2200 2026
3 2201 2027 2026
3 2201 2026 2200
3 2202 2028 2027
3 2202 2027 2201
3 2203 2029 2028
3 2203 2028 2202
3 2203 2031 2029
3 2032 2204 2033
3 2205 2034 2033
3 2205 2033 2204
3 2206 2035 2034
3 2206 2034 2205
3 2207 2036 2035
3 2207 2035 2206
3 2207 2038 2036
3 2039 2208 2040
3 2209 2041 2040
3 2209 2040 2208
3 2210 2042 2041
3 2210 2041 2209
3 2210 2044 2042
3 2046 2211 2047
3 2212 2048 2047
3 2212 2047 2211
3 2213 2049 2048
3 2213 2048 2212
3 2213 2051 2049
3 2052 2214 2053
3 2215 2054 2053
3 2215 2053 2214
3 2216 2055 2054
3 2216 2054 2215
3 2216 2057 2055
3 2059 2217 2060
3 2218 2061 2060
3 2218 2060 2217
3 2218 2063 2061
3 2065 2219 2066
3 2220 2067 2066
3 2220 2066 2219
3 2220 2221 2067
3 2221 2019 2067
3 2221 2195 2019
3 2198 2222 2197
3 2197 2222 2199
3 2199 2222 2223
3 2199 2223 2024
3 2223 2068 2024
3 2223 2224 2068
3 2025 2068 2200
3 2068 2225 2200
3 2068 2224 2225
3 2200 2225 2201
3 2201 2225 2226
3 2201 2226 2202
3 2202 2226 2227
3 2202 2227 2203
3 2203 2227 2228
3 2203 2228 2031
3 2228 2069 2031
3 2228 2229 2069
3 2032 2069 2204
3 2069 2230 2204
3 2069 2229 2230
3 2204 2230 2205
3 2205 2230 2231
3 2205 2231 2206
3 2206 2231 2232
3 2206 2232 2207
3 2207 2232 2233
3 2207 2233 2038
3 2233 2070 2038
3 2233 2234 2070
3 2039 2070 2208
3 2070 2235 2208
3 2070 2234 2235
3 2208 2235 2209
3 2209 2235 2236
3 2209 2236 2210
3 2210 2236 2237
3 2210 2237 2044
3 2237 2071 2044
3 2237 2238 2071
3 2071 2239 2072
3 2238 2239 2071
3 2046 2072 2211
3 2072 2240 2211
3 2072 2239 2240
3 2211 2240 2212
3 2212 2240 2241
3 2212 2241 2213
3 2213 2241 2242
3 2213 2242 2051
3 2242 2073 2051
3 2242 2243 2073
3 2052 2073 2214
3 2073 2244 2214
3 2073 2243 2244
3 2214 2244 2215
3 2215 2244 2245
3 2215 2245 2216
3 2216 2245 2246
3 2216 2246 2057
3 2246 2074 2057
3 2246 2247 2074
3 2074 2248 2075
3 2247 2248 2074
3 2059 2075 2217
3 2075 2249 2217
3 2075 2248 2249
3 2217 2249 2218
3 2218 2249 2250
3 2218 2250 2063
3 2250 2076 2063
3 2250 2251 2076
3 2076 2252 2077
3 2251 2252 2076
3 2065 2077 2219
3 2077 2253 2219
3 2077 2252 2253
3 2219 2253 2220
3 2220 2253 2254
3 2220 2254 2221
3 2256 2255 2079
3 2079 2255 2078
3 2257 2079 2080
3 2257 2256 2079
3 2258 2080 2082
3 2258 2257 2080
3 2259 2082 2083
3 2259 2258 2082
3 2260 2083 2084
3 2260 2259 2083
3 2261 2084 2085
3 2261 2260 2084
3 2262 2085 2086
3 2262 2261 2085
3 2263 2086 2087
3 2263 2262 2086
3 2264 2087 2088
3 2264 2263 2087
3 2265 2088 2089
3 2265 2264 2088
3 2266 2089 2090
3 2266 2265 2089
3 2267 2090 2091
3 2267 2266 2090
3 2268 2091 2093
3 2268 2267 2091
3 2269 2093 2094
3 2269 2268 2093
3 2270 2094 2095
3 2270 2269 2094
3 2271 2095 2096
3 2271 2270 2095
3 2272 2096 2097
3 2272 2271 2096
3 2273 2097 2099
3 2273 2272 2097
3 2274 2099 2100
3 2274 2273 2099
3 2275 2100 2101
3 2275 2274 2100
3 2276 2101 2102
3 2276 2275 2101
3 2277 2102 2104
3 2277 2276 2102
3 2278 2104 2105
3 2278 2277 2104
3 2279 2105 2106
3 2279 2278 2105
3 2280 2106 2107
3 2280 2279 2106
3 2281 2107 2109
3 2281 2280 2107
3 2282 2109 2110
3 2282 2281 2109
3 2283 2110 2111
3 2283 2282 2110
3 2284 2111 2112
3 2284 2283 2111
3 2285 2112 2114
3 2285 2284 2112
3 2286 2114 2115
3 2286 2285 2114
3 2287 2115 2116
3 2287 2286 2115
3 2289 2288 2117
3 2288 2116 2117
3 2288 2287 2116
3 2289 2290 2288
3 2292 2291 2119
3 2119 2291 2118
3 2119 2078 2255
3 2119 2255 2292
3 2120 2289 2117
3 2120 2122 2289
3 2122 2290 2289
3 2122 2293 2290
3 2294 2123 2124
3 2295 2294 2124
3 2118 2295 2124
3 2291 2295 2118
3 2126 2293 2122
3 2126 2296 2293
3 2298 2297 2294
3 2297 2123 2294
3 2297 2127 2123
3 2298 2294 2295
3 2128 2296 2126
3 2128 2299 2296
3 2300 2130 2131
3 2301 2300 2131
3 2127 2301 2131
3 2297 2301 2127
3 2132 2299 2128
3 2132 2302 2299
3 2304 2133 2303
3 2133 2130 2303
3 2303 2130 2300
3 2305 2303 2300
3 2300 2301 2305
3 2133 2304 2134
3 2135 2302 2132
3 2135 2306 2302
3 2304 2303 2307
3 2307 2303 2308
3 2307 2136 2134
3 2307 2134 2304
3 2137 2306 2135
3 2137 2309 2306
3 2307 2308 2310
3 2310 2308 2311
3 2310 2138 2136
3 2310 2136 2307
3 2139 2309 2137
3 2139 2312 2309
3 2310 2311 2313
3 2313 2311 2314
3 2313 2140 2138
3 2313 2138 2310
3 2141 2312 2139
3 2141 2315 2312
3 2313 2314 2316
3 2316 2314 2317
3 2316 2142 2140
3 2316 2140 2313
3 2143 2315 2141
3 2143 2318 2315
3 2316 2317 2319
3 2319 2317 2320
3 2319 2144 2142
3 2319 2142 2316
3 2145 2318 2143
3 2145 2321 2318
3 2319 2320 2322
3 2322 2320 2323
3 2322 2146 2144
3 2322 2144 2319
3 2147 2321 2145
3 2147 2324 2321
3 2322 2323 2325
3 2325 2323 2326
3 2325 2148 2146
3 2325 2146 2322
3 2149 2324 2147
3 2149 2327 2324
3 2325 2326 2328
3 2328 2326 2329
3 2328 2150 2148
3 2328 2148 2325
3 2151 2327 2149
3 2151 2330 2327
3 2328 2329 2331
3 2331 2329 2332
3 2331 2152 2150
3 2331 2150 2328
3 2153 2330 2151
3 2153 2333 2330
3 2331 2332 2334
3 2334 2332 2335
3 2334 2154 2152
3 2334 2152 2331
3 2155 2333 2153
3 2155 2336 2333
3 2334 2335 2337
3 2337 2335 2338
3 2337 2156 2154
3 2337 2154 2334
3 2157 2336 2155
3 2157 2339 2336
3 2337 2338 2340
3 2340 2338 2341
3 2340 2158 2156
3 2340 2156 2337
3 2159 2339 2157
3 2159 2342 2339
3 2340 2341 2343
3 2343 2341 2344
3 2343 2160 2158
3 2343 2158 2340
3 2161 2342 2159
3 2161 2345 2342
3 2343 2344 2346
3 2346 2344 2347
3 2346 2162 2160
3 2346 2160 2343
3 2163 2345 2161
3 2163 2348 2345
3 2346 2347 2349
3 2349 2347 2350
3 2349 2164 2162
3 2349 2162 2346
3 2165 2348 2163
3 2165 2351 2348
3 2349 2350 2352
3 2352 2350 2353
3 2352 2166 2164
3 2352 2164 2349
3 2167 2351 2165
3 2167 2354 2351
3 2352 2353 2355
3 2355 2353 2356
3 2355 2168 2166
3 2355 2166 2352
3 2169 2354 2167
3 2169 2357 2354
3 2355 2356 2358
3 2358 2356 2359
3 2358 2170 2168
3 2358 2168 2355
3 2171 2357 2169
3 2171 2360 2357
3 2358 2359 2361
3 2361 2359 2362
3 2361 2172 2170
3 2361 2170 2358
3 2173 2360 2171
3 2173 2363 2360
3 2361 2362 2364
3 2364 2362 2365
3 2364 2174 2172
3 2364 2172 2361
3 2175 2363 2173
3 2175 2366 2363
3 2364 2365 2367
3 2367 2365 2368
3 2367 2176 2174
3 2367 2174 2364
3 2177 2366 2175
3 2177 2369 2366
3 2367 2368 2370
3 2370 2368 2371
3 2370 2178 2176
3 2370 2176 2367
3 2179 2369 2177
3 2179 2372 2369
3 2370 2371 2373
3 2373 2371 2374
3 2373 2180 2178
3 2373 2178 2370
3 2181 2372 2179
3 2181 2375 2372
3 2373 2374 2376
3 2376 2374 2377
3 2376 2182 2180
3 2376 2180 2373
3 2183 2375 2181
3 2183 2378 2375
3 2376 2377 2379
3 2379 2377 2380
3 2379 2184 2182
3 2379 2182 2376
3 2185 2378 2183
3 2185 2381 2378
3 2379 2380 2382
3 2382 2380 2383
3 2382 2186 2184
3 2382 2184 2379
3 2187 2381 2185
3 2187 2384 2381
3 2383 2385 2382
3 2186 2382 2385
3 2386 2186 2385
3 2188 2186 2386
3 2189 2384 2187
3 2189 2387 2384
3 2190 2188 2388
3 2188 2389 2388
3 2188 2386 2389
3 2388 2192 2190
3 2193 2387 2189
3 2193 2390 2387
3 2389 2391 2388
3 2192 2388 2391
3 2392 2192 2391
3 2194 2192 2392
3 2195 2390 2193
3 2195 2393 2390
3 2392 2394 2194
3 2194 2394 2196
3 2198 2196 2394
3 2198 2394 2395
3 2221 2393 2195
3 2221 2396 2393
3 2395 2397 2198
3 2198 2397 2222
3 2222 2398 2223
3 2397 2398 2222
3 2223 2399 2224
3 2398 2399 2223
3 2224 2400 2225
3 2399 2400 2224
3 2225 2401 2226
3 2400 2401 2225
3 2226 2402 2227
3 2401 2402 2226
3 2227 2403 2228
3 2402 2403 2227
3 2228 2404 2229
3 2403 2404 2228
3 2229 2405 2230
3 2404 2405 2229
3 2230 2406 2231
3 2405 2406 2230
3 2231 2407 2232
3 2406 2407 2231
3 2232 2408 2233
3 2407 2408 2232
3 2233 2409 2234
3 2408 2409 2233
3 2234 2410 2235
3 2409 2410 2234
3 2235 2411 2236
3 2410 2411 2235
3 2236 2412 2237
3 2411 2412 2236
3 2237 2413 2238
3 2412 2413 2237
3 2238 2414 2239
3 2413 2414 2238
3 2239 2415 2240
3 2414 2415 2239
3 2240 2416 2241
3 2415 2416 2240
3 2241 2417 2242
3 2416 2417 2241
3 2242 2418 2243
3 2417 2418 2242
3 2243 2419 2244
3 2418 2419 2243
3 2244 2420 2245
3 2419 2420 2244
3 2245 2421 2246
3 2420 2421 2245
3 2246 2422 2247
3 2421 2422 2246
3 2247 2423 2248
3 2422 2423 2247
3 2248 2424 2249
3 2423 2424 2248
3 2249 2425 2250
3 2424 2425 2249
3 2250 2426 2251
3 2425 2426 2250
3 2251 2427 2252
3 2426 2427 2251
3 2252 2428 2253
3 2427 2428 2252
3 2253 2429 2254
3 2428 2429 2253
3 2221 2254 2396
3 2396 2254 2429
3 2432 2431 2430
3 2434 2433 2430
3 2430 2433 2432
3 2434 2435 2433
3 2438 2437 2436
3 2436 2439 2438
3 2442 2441 2440
3 2440 2443 2442
3 2446 2445 2444
3 2444 2447 2446
3 2450 2449 2448
3 2452 2451 2448
3 2448 2451 2450
3 2452 2453 2451
3 2456 2455 2454
3 2458 2457 2454
3 2454 2457 2456
3 2458 2459 2457
3 2462 2461 2460
3 2460 2463 2462
3 2465 2464 2256
3 2256 2464 2255
3 2466 2256 2257
3 2466 2465 2256
3 2467 2257 2258
3 2467 2466 2257
3 2468 2258 2259
3 2468 2467 2258
3 2469 2259 2260
3 2469 2468 2259
3 2470 2260 2261
3 2470 2469 2260
3 2262 2430 2431
3 2470 2262 2431
3 2261 2262 2470
3 2430 2262 2263
3 2430 2263 2434
3 2471 2435 2434
3 2263 2471 2434
3 2264 2471 2263
3 2472 2264 2265
3 2472 2471 2264
3 2473 2265 2266
3 2473 2472 2265
3 2267 2436 2437
3 2473 2267 2437
3 2266 2267 2473
3 2474 2439 2436
3 2267 2474 2436
3 2268 2474 2267
3 2475 2268 2269
3 2475 2474 2268
3 2476 2269 2270
3 2476 2475 2269
3 2477 2270 2271
3 2477 2476 2270
3 2272 2440 2441
3 2477 2272 2441
3 2271 2272 2477
3 2478 2443 2440
3 2272 2478 2440
3 2273 2478 2272
3 2479 2273 2274
3 2479 2478 2273
3 2480 2274 2275
3 2480 2479 2274
3 2276 2444 2445
3 2480 2276 2445
3 2275 2276 2480
3 2481 2447 2444
3 2276 2481 2444
3 2277 2481 2276
3 2482 2277 2278
3 2482 2481 2277
3 2483 2278 2279
3 2483 2482 2278
3 2280 2448 2449
3 2483 2280 2449
3 2279 2280 2483
3 2448 2280 2281
3 2448 2281 2452
3 2484 2453 2452
3 2281 2484 2452
3 2282 2484 2281
3 2485 2282 2283
3 2485 2484 2282
3 2284 2454 2455
3 2485 2284 2455
3 2283 2284 2485
3 2454 2284 2285
3 2454 2285 2458
3 2486 2459 2458
3 2285 2486 2458
3 2286 2486 2285
3 2487 2286 2287
3 2487 2486 2286
3 2288 2460 2461
3 2487 2288 2461
3 2287 2288 2487
3 2288 2290 2460
3 2290 2463 2460
3 2290 2488 2463
3 2490 2489 2292
3 2292 2489 2291
3 2292 2255 2464
3 2292 2464 2490
3 2293 2488 2290
3 2293 2491 2488
3 2494 2493 2492
3 2489 2494 2492
3 2295 2489 2492
3 2291 2489 2295
3 2296 2491 2293
3 2296 2495 2491
3 2492 2493 2298
3 2493 2297 2298
3 2493 2496 2297
3 2492 2298 2295
3 2299 2495 2296
3 2299 2497 2495
3 2500 2499 2498
3 2496 2500 2498
3 2301 2496 2498
3 2297 2496 2301
3 2302 2497 2299
3 2302 2501 2497
3 2498 2499 2305
3 2499 2303 2305
3 2499 2502 2303
3 2498 2305 2301
3 2306 2501 2302
3 2306 2503 2501
3 2506 2505 2504
3 2502 2506 2504
3 2308 2502 2504
3 2303 2502 2308
3 2309 2503 2306
3 2309 2507 2503
3 2504 2505 2508
3 2508 2505 2509
3 2508 2311 2308
3 2508 2308 2504
3 2312 2507 2309
3 2312 2510 2507
3 2508 2509 2511
3 2511 2509 2512
3 2511 2314 2311
3 2511 2311 2508
3 2315 2510 2312
3 2315 2513 2510
3 2511 2512 2514
3 2514 2512 2515
3 2514 2317 2314
3 2514 2314 2511
3 2318 2513 2315
3 2318 2516 2513
3 2514 2515 2517
3 2517 2515 2518
3 2517 2320 2317
3 2517 2317 2514
3 2321 2516 2318
3 2321 2519 2516
3 2518 2520 2517
3 2320 2517 2520
3 2521 2320 2520
3 2323 2320 2521
3 2324 2519 2321
3 2324 2522 2519
3 2521 2326 2323
3 2523 2326 2521
3 2327 2522 2324
3 2327 2524 2522
3 2523 2329 2326
3 2525 2329 2523
3 2330 2524 2327
3 2330 2526 2524
3 2525 2332 2329
3 2527 2332 2525
3 2333 2526 2330
3 2333 2528 2526
3 2527 2335 2332
3 2529 2335 2527
3 2336 2528 2333
3 2336 2530 2528
3 2529 2338 2335
3 2531 2338 2529
3 2339 2530 2336
3 2339 2532 2530
3 2531 2341 2338
3 2533 2341 2531
3 2342 2532 2339
3 2342 2534 2532
3 2533 2344 2341
3 2535 2344 2533
3 2345 2534 2342
3 2345 2536 2534
3 2535 2347 2344
3 2537 2347 2535
3 2348 2536 2345
3 2348 2538 2536
3 2537 2350 2347
3 2539 2350 2537
3 2351 2538 2348
3 2351 2540 2538
3 2539 2353 2350
3 2541 2353 2539
3 2354 2540 2351
3 2354 2542 2540
3 2541 2356 2353
3 2543 2356 2541
3 2357 2542 2354
3 2357 2544 2542
3 2543 2359 2356
3 2545 2359 2543
3 2360 2544 2357
3 2360 2546 2544
3 2545 2362 2359
3 2547 2362 2545
3 2363 2546 2360
3 2363 2548 2546
3 2547 2365 2362
3 2549 2365 2547
3 2366 2548 2363
3 2366 2550 2548
3 2549 2368 2365
3 2551 2368 2549
3 2369 2550 2366
3 2369 2552 2550
3 2551 2371 2368
3 2553 2371 2551
3 2372 2552 2369
3 2372 2554 2552
3 2553 2374 2371
3 2555 2374 2553
3 2375 2554 2372
3 2375 2556 2554
3 2555 2377 2374
3 2557 2377 2555
3 2378 2556 2375
3 2378 2558 2556
3 2557 2380 2377
3 2559 2380 2557
3 2381 2558 2378
3 2381 2560 2558
3 2559 2383 2380
3 2561 2383 2559
3 2384 2560 2381
3 2384 2562 2560
3 2561 2563 2383
3 2383 2563 2385
3 2386 2385 2563
3 2386 2563 2564
3 2387 2562 2384
3 2387 2565 2562
3 2564 2389 2386
3 2566 2389 2564
3 2390 2565 2387
3 2390 2567 2565
3 2566 2568 2389
3 2389 2568 2391
3 2392 2391 2568
3 2392 2568 2569
3 2393 2567 2390
3 2393 2570 2567
3 2569 2571 2392
3 2392 2571 2394
3 2395 2394 2571
3 2395 2571 2572
3 2396 2570 2393
3 2396 2573 2570
3 2572 2574 2395
3 2395 2574 2397
3 2397 2575 2398
3 2574 2575 2397
3 2398 2576 2399
3 2575 2576 2398
3 2399 2577 2400
3 2576 2577 2399
3 2400 2578 2401
3 2577 2578 2400
3 2401 2579 2402
3 2578 2579 2401
3 2402 2580 2403
3 2579 2580 2402
3 2403 2581 2404
3 2580 2581 2403
3 2404 2582 2405
3 2581 2582 2404
3 2405 2583 2406
3 2582 2583 2405
3 2406 2584 2407
3 2583 2584 2406
3 2407 2585 2408
3 2584 2585 2407
3 2408 2586 2409
3 2585 2586 2408
3 2409 2587 2410
3 2586 2587 2409
3 2410 2588 2411
3 2587 2588 2410
3 2411 2589 2412
3 2588 2589 2411
3 2412 2590 2413
3 2589 2590 2412
3 2413 2591 2414
3 2590 2591 2413
3 2414 2592 2415
3 2591 2592 2414
3 2415 2593 2416
3 2592 2593 2415
3 2416 2594 2417
3 2593 2594 2416
3 2417 2595 2418
3 2594 2595 2417
3 2418 2596 2419
3 2595 2596 2418
3 2419 2597 2420
3 2596 2597 2419
3 2420 2598 2421
3 2597 2598 2420
3 2421 2599 2422
3 2598 2599 2421
3 2422 2600 2423
3 2599 2600 2422
3 2423 2601 2424
3 2600 2601 2423
3 2424 2602 2425
3 2601 2602 2424
3 2425 2603 2426
3 2602 2603 2425
3 2426 2604 2427
3 2603 2604 2426
3 2427 2605 2428
3 2604 2605 2427
3 2428 2606 2429
3 2605 2606 2428
3 2396 2429 2573
3 2573 2429 2606
3 2609 2608 2607
3 2611 2610 2607
3 2607 2610 2609
3 2613 2612 2611
3 2611 2612 2610
3 2615 2614 2613
3 2613 2614 2612
3 2431 2432 2615
3 2432 2614 2615
3 2432 2616 2614
3 2617 2432 2433
3 2617 2616 2432
3 2619 2618 2435
3 2618 2433 2435
3 2618 2617 2433
3 2621 2620 2619
3 2619 2620 2618
3 2621 2622 2620
3 2624 2623 2438
3 2438 2623 2437
3 2626 2625 2439
3 2625 2438 2439
3 2625 2624 2438
3 2628 2627 2626
3 2626 2627 2625
3 2630 2629 2628
3 2628 2629 2627
3 2632 2631 2630
3 2630 2631 2629
3 2441 2442 2632
3 2442 2631 2632
3 2442 2633 2631
3 2635 2634 2443
3 2634 2442 2443
3 2634 2633 2442
3 2637 2636 2635
3 2635 2636 2634
3 2637 2638 2636
3 2640 2639 2446
3 2446 2639 2445
3 2642 2641 2447
3 2641 2446 2447
3 2641 2640 2446
3 2644 2643 2642
3 2642 2643 2641
3 2646 2645 2644
3 2644 2645 2643
3 2449 2450 2646
3 2450 2645 2646
3 2450 2647 2645
3 2648 2450 2451
3 2648 2647 2450
3 2650 2649 2453
3 2649 2451 2453
3 2649 2648 2451
3 2652 2651 2650
3 2650 2651 2649
3 2455 2456 2652
3 2456 2651 2652
3 2456 2653 2651
3 2654 2456 2457
3 2654 2653 2456
3 2656 2655 2459
3 2655 2457 2459
3 2655 2654 2457
3 2658 2657 2656
3 2656 2657 2655
3 2461 2462 2658
3 2462 2657 2658
3 2462 2659 2657
3 2462 2463 2659
3 2659 2463 2660
3 2662 2661 2465
3 2465 2661 2464
3 2663 2465 2466
3 2663 2662 2465
3 2467 2607 2608
3 2663 2467 2608
3 2466 2467 2663
3 2607 2467 2468
3 2607 2468 2611
3 2611 2468 2469
3 2611 2469 2613
3 2613 2469 2470
3 2613 2470 2615
3 2615 2470 2431
3 2471 2619 2435
3 2619 2471 2472
3 2619 2472 2621
3 2664 2622 2621
3 2472 2664 2621
3 2473 2664 2472
3 2473 2437 2623
3 2473 2623 2664
3 2474 2626 2439
3 2626 2474 2475
3 2626 2475 2628
3 2628 2475 2476
3 2628 2476 2630
3 2630 2476 2477
3 2630 2477 2632
3 2632 2477 2441
3 2478 2635 2443
3 2635 2478 2479
3 2635 2479 2637
3 2665 2638 2637
3 2479 2665 2637
3 2480 2665 2479
3 2480 2445 2639
3 2480 2639 2665
3 2481 2642 2447
3 2642 2481 2482
3 2642 2482 2644
3 2644 2482 2483
3 2644 2483 2646
3 2646 2483 2449
3 2484 2650 2453
3 2650 2484 2485
3 2650 2485 2652
3 2652 2485 2455
3 2486 2656 2459
3 2656 2486 2487
3 2656 2487 2658
3 2658 2487 2461
3 2488 2660 2463
3 2488 2666 2660
3 2668 2667 2490
3 2490 2667 2489
3 2490 2464 2661
3 2490 2661 2668
3 2491 2666 2488
3 2491 2669 2666
3 2670 2493 2494
3 2671 2670 2494
3 2489 2671 2494
3 2667 2671 2489
3 2495 2669 2491
3 2495 2672 2669
3 2674 2673 2670
3 2673 2493 2670
3 2673 2496 2493
3 2674 2670 2671
3 2497 2672 2495
3 2497 2675 2672
3 2676 2499 2500
3 2677 2676 2500
3 2496 2677 2500
3 2673 2677 2496
3 2501 2675 2497
3 2501 2678 2675
3 2680 2679 2676
3 2679 2499 2676
3 2679 2502 2499
3 2680 2676 2677
3 2503 2678 2501
3 2503 2681 2678
3 2683 2682 2506
3 2506 2682 2505
3 2506 2502 2679
3 2506 2679 2683
3 2507 2681 2503
3 2507 2684 2681
3 2682 2509 2505
3 2685 2509 2682
3 2510 2684 2507
3 2510 2686 2684
3 2685 2512 2509
3 2687 2512 2685
3 2513 2686 2510
3 2513 2688 2686
3 2687 2515 2512
3 2689 2515 2687
3 2516 2688 2513
3 2516 2690 2688
3 2689 2518 2515
3 2691 2518 2689
3 2519 2690 2516
3 2519 2692 2690
3 2520 2518 2693
3 2518 2694 2693
3 2518 2691 2694
3 2693 2521 2520
3 2522 2692 2519
3 2522 2695 2692
3 2693 2694 2696
3 2696 2694 2697
3 2696 2523 2521
3 2696 2521 2693
3 2524 2695 2522
3 2524 2698 2695
3 2696 2697 2699
3 2699 2697 2700
3 2699 2525 2523
3 2699 2523 2696
3 2526 2698 2524
3 2526 2701 2698
3 2699 2700 2702
3 2702 2700 2703
3 2702 2527 2525
3 2702 2525 2699
3 2528 2701 2526
3 2528 2704 2701
3 2702 2703 2705
3 2705 2703 2706
3 2705 2529 2527
3 2705 2527 2702
3 2530 2704 2528
3 2530 2707 2704
3 2705 2706 2708
3 2708 2706 2709
3 2708 2531 2529
3 2708 2529 2705
3 2532 2707 2530
3 2532 2710 2707
3 2708 2709 2711
3 2711 2709 2712
3 2711 2533 2531
3 2711 2531 2708
3 2534 2710 2532
3 2534 2713 2710
3 2711 2712 2714
3 2714 2712 2715
3 2714 2535 2533
3 2714 2533 2711
3 2536 2713 2534
3 2536 2716 2713
3 2714 2715 2717
3 2717 2715 2718
3 2717 2537 2535
3 2717 2535 2714
3 2538 2716 2536
3 2538 2719 2716
3 2717 2718 2720
3 2720 2718 2721
3 2720 2539 2537
3 2720 2537 2717
3 2540 2719 2538
3 2540 2722 2719
3 2720 2721 2723
3 2723 2721 2724
3 2723 2541 2539
3 2723 2539 2720
3 2542 2722 2540
3 2542 2725 2722
3 2723 2724 2726
3 2726 2724 2727
3 2726 2543 2541
3 2726 2541 2723
3 2544 2725 2542
3 2544 2728 2725
3 2726 2727 2729
3 2729 2727 2730
3 2729 2545 2543
3 2729 2543 2726
3 2546 2728 2544
3 2546 2731 2728
3 2729 2730 2732
3 2732 2730 2733
3 2732 2547 2545
3 2732 2545 2729
3 2548 2731 2546
3 2548 2734 2731
3 2732 2733 2735
3 2735 2733 2736
3 2735 2549 2547
3 2735 2547 2732
3 2550 2734 2548
3 2550 2737 2734
3 2735 2736 2738
3 2738 2736 2739
3 2738 2551 2549
3 2738 2549 2735
3 2552 2737 2550
3 2552 2740 2737
3 2738 2739 2741
3 2741 2739 2742
3 2741 2553 2551
3 2741 2551 2738
3 2554 2740 2552
3 2554 2743 2740
3 2741 2742 2744
3 2744 2742 2745
3 2744 2555 2553
3 2744 2553 2741
3 2556 2743 2554
3 2556 2746 2743
3 2744 2745 2747
3 2747 2745 2748
3 2747 2557 2555
3 2747 2555 2744
3 2558 2746 2556
3 2558 2749 2746
3 2748 2750 2747
3 2557 2747 2750
3 2751 2557 2750
3 2559 2557 2751
3 2560 2749 2558
3 2560 2752 2749
3 2751 2561 2559
3 2753 2561 2751
3 2562 2755 2754
3 2752 2562 2754
3 2560 2562 2752
3 2755 2756 2754
3 2753 2757 2561
3 2561 2757 2563
3 2564 2563 2757
3 2564 2757 2758
3 2565 2759 2755
3 2565 2755 2562
3 2756 2755 2760
3 2760 2755 2759
3 2758 2566 2564
3 2761 2566 2758
3 2567 2762 2759
3 2567 2759 2565
3 2760 2759 2763
3 2763 2759 2762
3 2761 2764 2566
3 2566 2764 2568
3 2569 2568 2764
3 2569 2764 2765
3 2570 2766 2762
3 2570 2762 2567
3 2763 2762 2767
3 2767 2762 2766
3 2765 2768 2569
3 2569 2768 2571
3 2572 2571 2768
3 2572 2768 2769
3 2573 2770 2766
3 2573 2766 2570
3 2767 2766 2771
3 2771 2766 2770
3 2769 2772 2572
3 2572 2772 2574
3 2574 2773 2575
3 2772 2773 2574
3 2575 2774 2576
3 2773 2774 2575
3 2576 2775 2577
3 2774 2775 2576
3 2577 2776 2578
3 2775 2776 2577
3 2578 2777 2579
3 2776 2777 2578
3 2579 2778 2580
3 2777 2778 2579
3 2580 2779 2581
3 2778 2779 2580
3 2581 2780 2582
3 2779 2780 2581
3 2582 2781 2583
3 2780 2781 2582
3 2583 2782 2584
3 2781 2782 2583
3 2584 2783 2585
3 2782 2783 2584
3 2585 2784 2586
3 2783 2784 2585
3 2586 2785 2587
3 2784 2785 2586
3 2587 2786 2588
3 2785 2786 2587
3 2588 2787 2589
3 2786 2787 2588
3 2589 2788 2590
3 2787 2788 2589
3 2590 2789 2591
3 2788 2789 2590
3 2591 2790 2592
3 2789 2790 2591
3 2592 2791 2593
3 2790 2791 2592
3 2593 2792 2594
3 2791 2792 2593
3 2594 2793 2595
3 2792 2793 2594
3 2595 2794 2596
3 2793 2794 2595
3 2596 2795 2597
3 2794 2795 2596
3 2597 2796 2598
3 2795 2796 2597
3 2598 2797 2599
3 2796 2797 2598
3 2599 2798 2600
3 2797 2798 2599
3 2600 2799 2601
3 2798 2799 2600
3 2601 2800 2602
3 2799 2800 2601
3 2602 2801 2603
3 2800 2801 2602
3 2603 2802 2604
3 2801 2802 2603
3 2604 2803 2605
3 2802 2803 2604
3 2605 2804 2606
3 2803 2804 2605
3 2573 2606 2770
3 2606 2805 2770
3 2606 2804 2805
3 2770 2805 2771
3 2807 2806 2609
3 2609 2806 2608
3 2808 2609 2610
3 2808 2807 2609
3 2809 2610 2612
3 2809 2808 2610
3 2810 2612 2614
3 2810 2809 2612
3 2811 2614 2616
3 2811 2810 2614
3 2812 2616 2617
3 2812 2811 2616
3 2813 2617 2618
3 2813 2812 2617
3 2814 2618 2620
3 2814 2813 2618
3 2816 2815 2622
3 2815 2620 2622
3 2815 2814 2620
3 2623 2624 2816
3 2624 2815 2816
3 2624 2817 2815
3 2818 2624 2625
3 2818 2817 2624
3 2819 2625 2627
3 2819 2818 2625
3 2820 2627 2629
3 2820 2819 2627
3 2821 2629 2631
3 2821 2820 2629
3 2822 2631 2633
3 2822 2821 2631
3 2823 2633 2634
3 2823 2822 2633
3 2824 2634 2636
3 2824 2823 2634
3 2826 2825 2638
3 2825 2636 2638
3 2825 2824 2636
3 2639 2640 2826
3 2640 2825 2826
3 2640 2827 2825
3 2828 2640 2641
3 2828 2827 2640
3 2829 2641 2643
3 2829 2828 2641
3 2830 2643 2645
3 2830 2829 2643
3 2831 2645 2647
3 2831 2830 2645
3 2832 2647 2648
3 2832 2831 2647
3 2833 2648 2649
3 2833 2832 2648
3 2834 2649 2651
3 2834 2833 2649
3 2835 2651 2653
3 2835 2834 2651
3 2836 2653 2654
3 2836 2835 2653
3 2837 2654 2655
3 2837 2836 2654
3 2838 2655 2657
3 2838 2837 2655
3 2839 2657 2659
3 2839 2838 2657
3 2659 2660 2839
3 2839 2660 2840
3 2842 2841 2662
3 2662 2841 2661
3 2843 2662 2663
3 2843 2842 2662
3 2663 2608 2806
3 2663 2806 2843
3 2664 2816 2622
3 2816 2664 2623
3 2665 2826 2638
3 2826 2665 2639
3 2666 2840 2660
3 2666 2844 2840
3 2846 2845 2668
3 2668 2845 2667
3 2668 2661 2841
3 2668 2841 2846
3 2669 2844 2666
3 2669 2847 2844
3 2850 2849 2848
3 2845 2850 2848
3 2671 2845 2848
3 2667 2845 2671
3 2672 2847 2669
3 2672 2851 2847
3 2848 2849 2674
3 2849 2673 2674
3 2849 2852 2673
3 2848 2674 2671
3 2675 2851 2672
3 2675 2853 2851
3 2856 2855 2854
3 2852 2856 2854
3 2677 2852 2854
3 2673 2852 2677
3 2678 2853 2675
3 2678 2857 2853
3 2854 2855 2680
3 2855 2679 2680
3 2855 2858 2679
3 2854 2680 2677
3 2681 2857 2678
3 2681 2859 2857
3 2860 2682 2683
3 2861 2860 2683
3 2679 2861 2683
3 2858 2861 2679
3 2684 2859 2681
3 2684 2862 2859
3 2864 2863 2860
3 2863 2682 2860
3 2863 2685 2682
3 2864 2860 2861
3 2686 2862 2684
3 2686 2865 2862
3 2868 2867 2866
3 2863 2868 2866
3 2687 2863 2866
3 2685 2863 2687
3 2688 2865 2686
3 2688 2869 2865
3 2866 2867 2870
3 2870 2867 2871
3 2870 2689 2687
3 2870 2687 2866
3 2690 2869 2688
3 2690 2872 2869
3 2870 2871 2873
3 2873 2871 2874
3 2873 2691 2689
3 2873 2689 2870
3 2692 2872 2690
3 2692 2875 2872
3 2873 2874 2876
3 2876 2874 2877
3 2876 2694 2691
3 2876 2691 2873
3 2695 2879 2878
3 2875 2695 2878
3 2692 2695 2875
3 2879 2880 2878
3 2876 2877 2881
3 2881 2877 2882
3 2881 2697 2694
3 2881 2694 2876
3 2698 2883 2879
3 2698 2879 2695
3 2880 2879 2884
3 2884 2879 2883
3 2881 2882 2885
3 2885 2882 2886
3 2885 2700 2697
3 2885 2697 2881
3 2701 2887 2883
3 2701 2883 2698
3 2884 2883 2888
3 2888 2883 2887
3 2885 2886 2889
3 2889 2886 2890
3 2889 2703 2700
3 2889 2700 2885
3 2704 2891 2887
3 2704 2887 2701
3 2888 2887 2892
3 2892 2887 2891
3 2889 2890 2893
3 2893 2890 2894
3 2893 2706 2703
3 2893 2703 2889
3 2707 2895 2891
3 2707 2891 2704
3 2892 2891 2896
3 2896 2891 2895
3 2893 2894 2897
3 2897 2894 2898
3 2897 2709 2706
3 2897 2706 2893
3 2710 2899 2895
3 2710 2895 2707
3 2896 2895 2900
3 2900 2895 2899
3 2897 2898 2901
3 2901 2898 2902
3 2901 2712 2709
3 2901 2709 2897
3 2713 2903 2899
3 2713 2899 2710
3 2900 2899 2904
3 2904 2899 2903
3 2902 2905 2901
3 2712 2901 2905
3 2906 2712 2905
3 2715 2712 2906
3 2716 2907 2903
3 2716 2903 2713
3 2904 2903 2908
3 2908 2903 2907
3 2906 2718 2715
3 2909 2718 2906
3 2719 2910 2907
3 2719 2907 2716
3 2908 2907 2911
3 2911 2907 2910
3 2909 2721 2718
3 2912 2721 2909
3 2722 2913 2910
3 2722 2910 2719
3 2911 2910 2914
3 2914 2910 2913
3 2912 2724 2721
3 2915 2724 2912
3 2725 2916 2913
3 2725 2913 2722
3 2914 2913 2917
3 2917 2913 2916
3 2915 2727 2724
3 2918 2727 2915
3 2728 2919 2916
3 2728 2916 2725
3 2917 2916 2920
3 2920 2916 2919
3 2918 2730 2727
3 2921 2730 2918
3 2731 2922 2919
3 2731 2919 2728
3 2920 2919 2923
3 2923 2919 2922
3 2921 2733 2730
3 2924 2733 2921
3 2734 2925 2922
3 2734 2922 2731
3 2923 2922 2926
3 2926 2922 2925
3 2924 2736 2733
3 2927 2736 2924
3 2737 2928 2925
3 2737 2925 2734
3 2926 2925 2929
3 2929 2925 2928
3 2927 2739 2736
3 2930 2739 2927
3 2740 2931 2928
3 2740 2928 2737
3 2929 2928 2932
3 2932 2928 2931
3 2930 2742 2739
3 2933 2742 2930
3 2743 2934 2931
3 2743 2931 2740
3 2932 2931 2935
3 2935 2931 2934
3 2933 2745 2742
3 2936 2745 2933
3 2746 2937 2934
3 2746 2934 2743
3 2935 2934 2938
3 2938 2934 2937
3 2936 2748 2745
3 2939 2748 2936
3 2749 2940 2937
3 2749 2937 2746
3 2938 2937 2941
3 2941 2937 2940
3 2939 2942 2748
3 2748 2942 2750
3 2751 2750 2942
3 2751 2942 2943
3 2752 2944 2940
3 2752 2940 2749
3 2941 2940 2945
3 2945 2940 2944
3 2943 2753 2751
3 2946 2753 2943
3 2754 2944 2752
3 2754 2756 2944
3 2756 2945 2944
3 2756 2947 2945
3 2946 2948 2753
3 2753 2948 2757
3 2758 2757 2948
3 2758 2948 2949
3 2760 2947 2756
3 2760 2950 2947
3 2949 2761 2758
3 2951 2761 2949
3 2763 2950 2760
3 2763 2952 2950
3 2951 2953 2761
3 2761 2953 2764
3 2765 2764 2953
3 2765 2953 2954
3 2767 2952 2763
3 2767 2955 2952
3 2954 2956 2765
3 2765 2956 2768
3 2958 2957 2769
3 2768 2958 2769
3 2956 2958 2768
3 2959 2957 2958
3 2771 2955 2767
3 2771 2960 2955
3 2957 2772 2769
3 2959 2961 2957
3 2961 2772 2957
3 2961 2773 2772
3 2773 2962 2774
3 2961 2962 2773
3 2774 2963 2775
3 2962 2963 2774
3 2963 2965 2964
3 2776 2963 2964
3 2775 2963 2776
3 2776 2964 2966
3 2967 2776 2966
3 2777 2776 2967
3 2777 2968 2778
3 2967 2968 2777
3 2778 2969 2779
3 2968 2969 2778
3 2779 2970 2780
3 2969 2970 2779
3 2780 2971 2781
3 2970 2971 2780
3 2781 2972 2782
3 2971 2972 2781
3 2782 2973 2783
3 2972 2973 2782
3 2783 2974 2784
3 2973 2974 2783
3 2784 2975 2785
3 2974 2975 2784
3 2785 2976 2786
3 2975 2976 2785
3 2786 2977 2787
3 2976 2977 2786
3 2787 2978 2788
3 2977 2978 2787
3 2788 2979 2789
3 2978 2979 2788
3 2789 2980 2790
3 2979 2980 2789
3 2790 2981 2791
3 2980 2981 2790
3 2791 2982 2792
3 2981 2982 2791
3 2792 2983 2793
3 2982 2983 2792
3 2793 2984 2794
3 2983 2984 2793
3 2794 2985 2795
3 2984 2985 2794
3 2795 2986 2796
3 2985 2986 2795
3 2986 2988 2987
3 2797 2986 2987
3 2796 2986 2797
3 2797 2987 2989
3 2990 2797 2989
3 2798 2797 2990
3 2798 2991 2799
3 2990 2991 2798
3 2799 2992 2800
3 2991 2992 2799
3 2992 2994 2993
3 2801 2992 2993
3 2800 2992 2801
3 2801 2993 2995
3 2996 2801 2995
3 2802 2801 2996
3 2802 2997 2803
3 2996 2997 2802
3 2803 2998 2804
3 2997 2998 2803
3 2998 3000 2999
3 2805 2998 2999
3 2804 2998 2805
3 2999 3001 2805
3 3001 2771 2805
3 3001 2960 2771
3 2965 3002 2964
3 2964 3002 2966
3 2988 3003 2987
3 2987 3003 2989
3 2994 3004 2993
3 2993 3004 2995
3 3000 3005 2999
3 2999 3005 3001
3 3007 3006 2807
3 2807 3006 2806
3 3008 2807 2808
3 3008 3007 2807
3 3009 2808 2809
3 3009 3008 2808
3 3010 2809 2810
3 3010 3009 2809
3 3011 2810 2811
3 3011 3010 2810
3 3012 2811 2812
3 3012 3011 2811
3 3013 2812 2813
3 3013 3012 2812
3 3014 2813 2814
3 3014 3013 2813
3 3015 2814 2815
3 3015 3014 2814
3 3016 2815 2817
3 3016 3015 2815
3 3017 2817 2818
3 3017 3016 2817
3 3018 2818 2819
3 3018 3017 2818
3 3019 2819 2820
3 3019 3018 2819
3 3020 2820 2821
3 3020 3019 2820
3 3021 2821 2822
3 3021 3020 2821
3 3022 2822 2823
3 3022 3021 2822
3 3023 2823 2824
3 3023 3022 2823
3 3024 2824 2825
3 3024 3023 2824
3 3025 2825 2827
3 3025 3024 2825
3 3026 2827 2828
3 3026 3025 2827
3 3027 2828 2829
3 3027 3026 2828
3 3028 2829 2830
3 3028 3027 2829
3 3029 2830 2831
3 3029 3028 2830
3 3030 2831 2832
3 3030 3029 2831
3 3031 2832 2833
3 3031 3030 2832
3 3032 2833 2834
3 3032 3031 2833
3 3033 2834 2835
3 3033 3032 2834
3 3034 2835 2836
3 3034 3033 2835
3 3035 2836 2837
3 3035 3034 2836
3 3036 2837 2838
3 3036 3035 2837
3 3037 2838 2839
3 3037 3036 2838
3 2839 2840 3037
3 3037 2840 3038
3 3040 3039 2842
3 2842 3039 2841
3 3041 2842 2843
3 3041 3040 2842
3 2843 2806 3006
3 2843 3006 3041
3 2844 3038 2840
3 2844 3042 3038
3 3044 3043 2846
3 2846 3043 2845
3 2846 2841 3039
3 2846 3039 3044
3 2847 3042 2844
3 2847 3045 3042
3 3046 2849 2850
3 3047 3046 2850
3 2845 3047 2850
3 3043 3047 2845
3 2851 3045 2847
3 2851 3048 3045
3 3050 3049 3046
3 3049 2849 3046
3 3049 2852 2849
3 3050 3046 3047
3 2853 3048 2851
3 2853 3051 3048
3 3053 3052 2856
3 2856 3052 2855
3 2856 2852 3049
3 2856 3049 3053
3 2857 3051 2853
3 2857 3054 3051
3 3052 2858 2855
3 3055 2858 3052
3 2859 3054 2857
3 2859 3056 3054
3 3059 3058 3057
3 3055 3059 3057
3 2861 3055 3057
3 2858 3055 2861
3 2862 3056 2859
3 2862 3060 3056
3 3057 3058 2864
3 3058 2863 2864
3 3058 3061 2863
3 3057 2864 2861
3 2865 3060 2862
3 2865 3062 3060
3 3064 3063 2868
3 2868 3063 2867
3 2868 2863 3061
3 2868 3061 3064
3 2869 3062 2865
3 2869 3065 3062
3 3063 2871 2867
3 3066 2871 3063
3 2872 3068 3067
3 3065 2872 3067
3 2869 2872 3065
3 3068 3069 3067
3 3066 2874 2871
3 3070 2874 3066
3 2875 3071 3068
3 2875 3068 2872
3 3069 3068 3072
3 3072 3068 3071
3 3070 2877 2874
3 3073 2877 3070
3 2878 3071 2875
3 2878 2880 3071
3 2880 3072 3071
3 2880 3074 3072
3 3073 2882 2877
3 3075 2882 3073
3 2884 3074 2880
3 2884 3076 3074
3 3075 2886 2882
3 3077 2886 3075
3 2888 3076 2884
3 2888 3078 3076
3 3077 2890 2886
3 3079 2890 3077
3 2892 3078 2888
3 2892 3080 3078
3 3079 2894 2890
3 3081 2894 3079
3 2896 3080 2892
3 2896 3082 3080
3 3081 2898 2894
3 3083 2898 3081
3 2900 3082 2896
3 2900 3084 3082
3 3083 2902 2898
3 3085 2902 3083
3 2904 3084 2900
3 2904 3086 3084
3 2905 2902 3087
3 2902 3088 3087
3 2902 3085 3088
3 3087 2906 2905
3 2908 3086 2904
3 2908 3089 3086
3 3087 3088 3090
3 3090 3088 3091
3 3090 2909 2906
3 3090 2906 3087
3 2911 3089 2908
3 2911 3092 3089
3 3090 3091 3093
3 3093 3091 3094
3 3093 2912 2909
3 3093 2909 3090
3 2914 3092 2911
3 2914 3095 3092
3 3093 3094 3096
3 3096 3094 3097
3 3096 2915 2912
3 3096 2912 3093
3 2917 3095 2914
3 2917 3098 3095
3 3096 3097 3099
3 3099 3097 3100
3 3099 2918 2915
3 3099 2915 3096
3 2920 3098 2917
3 2920 3101 3098
3 3099 3100 3102
3 3102 3100 3103
3 3102 2921 2918
3 3102 2918 3099
3 2923 3101 2920
3 2923 3104 3101
3 3102 3103 3105
3 3105 3103 3106
3 3105 2924 2921
3 3105 2921 3102
3 2926 3104 2923
3 2926 3107 3104
3 3105 3106 3108
3 3108 3106 3109
3 3108 2927 2924
3 3108 2924 3105
3 2929 3107 2926
3 2929 3110 3107
3 3108 3109 3111
3 3111 3109 3112
3 3111 2930 2927
3 3111 2927 3108
3 2932 3110 2929
3 2932 3113 3110
3 3111 3112 3114
3 3114 3112 3115
3 3114 2933 2930
3 3114 2930 3111
3 2935 3113 2932
3 2935 3116 3113
3 3114 3115 3117
3 3117 3115 3118
3 3117 2936 2933
3 3117 2933 3114
3 2938 3116 2935
3 2938 3119 3116
3 3118 3120 3117
3 2936 3117 3120
3 3121 2936 3120
3 2939 2936 3121
3 2941 3119 2938
3 2941 3122 3119
3 3121 3123 2939
3 2939 3123 2942
3 2943 2942 3123
3 2943 3123 3124
3 2945 3122 2941
3 2945 3125 3122
3 3124 2946 2943
3 3126 2946 3124
3 2947 3125 2945
3 2947 3127 3125
3 3126 3128 2946
3 2946 3128 2948
3 2949 2948 3128
3 2949 3128 3129
3 2950 3127 2947
3 2950 3130 3127
3 3132 2951 3131
3 2951 3129 3131
3 2951 2949 3129
3 3133 3132 3131
3 2952 3130 2950
3 2952 3134 3130
3 3132 2953 2951
3 2954 2953 3132
3 3133 2954 3132
3 3135 2954 3133
3 2955 3134 2952
3 2955 3136 3134
3 3135 3137 2954
3 2954 3137 2956
3 3137 3139 3138
3 2958 3137 3138
3 2956 3137 2958
3 3138 2959 2958
3 2960 3136 2955
3 2960 3140 3136
3 3139 3141 3138
3 3138 3141 2959
3 3141 2961 2959
3 3141 3142 2961
3 2961 3143 2962
3 3142 3143 2961
3 2962 3144 2963
3 3143 3144 2962
3 2965 2963 3144
3 2965 3144 3145
3 2966 3146 2967
3 3147 2968 2967
3 3147 2967 3146
3 3148 2969 2968
3 3148 2968 3147
3 2969 3148 3149
3 3150 2969 3149
3 2970 2969 3150
3 3150 3152 3151
3 2971 3150 3151
3 2970 3150 2971
3 3153 2972 2971
3 3153 2971 3151
3 3154 2973 2972
3 3154 2972 3153
3 3155 2974 2973
3 3155 2973 3154
3 2974 3155 3156
3 3157 2974 3156
3 2975 2974 3157
3 2975 3158 2976
3 3157 3158 2975
3 3158 3160 3159
3 2977 3158 3159
3 2976 3158 2977
3 3161 2978 2977
3 3161 2977 3159
3 3162 2979 2978
3 3162 2978 3161
3 2979 3162 3163
3 3164 2979 3163
3 2980 2979 3164
3 3164 3166 3165
3 2981 3164 3165
3 2980 3164 2981
3 3167 2982 2981
3 3167 2981 3165
3 3168 2983 2982
3 3168 2982 3167
3 3169 2984 2983
3 3169 2983 3168
3 2984 3169 3170
3 3171 2984 3170
3 2985 2984 3171
3 3171 3173 3172
3 2986 3171 3172
3 2985 3171 2986
3 3172 2988 2986
3 2989 3174 2990
3 2990 3174 3175
3 3176 2990 3175
3 2991 2990 3176
3 3176 3178 3177
3 2992 3176 3177
3 2991 3176 2992
3 3177 2994 2992
3 2995 3179 2996
3 3180 2997 2996
3 3180 2996 3179
3 2997 3180 3181
3 3182 2997 3181
3 2998 2997 3182
3 3184 3183 3000
3 2998 3184 3000
3 3182 3184 2998
3 3184 3140 3183
3 3140 3001 3183
3 3140 2960 3001
3 3145 3185 2965
3 2965 3185 3002
3 2966 3002 3146
3 3002 3186 3146
3 3002 3185 3186
3 3146 3186 3147
3 3147 3186 3187
3 3147 3187 3148
3 3148 3187 3188
3 3148 3188 3149
3 3152 3189 3151
3 3151 3189 3153
3 3153 3189 3190
3 3153 3190 3154
3 3154 3190 3191
3 3154 3191 3155
3 3155 3191 3192
3 3155 3192 3156
3 3160 3193 3159
3 3159 3193 3161
3 3161 3193 3194
3 3161 3194 3162
3 3162 3194 3195
3 3162 3195 3163
3 3166 3196 3165
3 3165 3196 3167
3 3167 3196 3197
3 3167 3197 3168
3 3168 3197 3198
3 3168 3198 3169
3 3169 3198 3199
3 3169 3199 3170
3 3173 3200 3172
3 3172 3200 2988
3 3200 3003 2988
3 3200 3201 3003
3 2989 3003 3174
3 3003 3202 3174
3 3003 3201 3202
3 3174 3202 3175
3 3178 3203 3177
3 3177 3203 2994
3 3203 3004 2994
3 3203 3204 3004
3 2995 3004 3179
3 3004 3205 3179
3 3004 3204 3205
3 3179 3205 3180
3 3180 3205 3206
3 3180 3206 3181
3 3183 3005 3000
3 3005 3183 3001
3 3209 3208 3207
3 3211 3210 3207
3 3207 3210 3209
3 3211 3212 3210
3 3215 3214 3213
3 3213 3216 3215
3 3219 3218 3217
3 3221 3220 3217
3 3217 3220 3219
3 3221 3222 3220
3 3225 3224 3223
3 3227 3226 3223
3 3223 3226 3225
3 3227 3228 3226
3 3231 3230 3229
3 3233 3232 3229
3 3229 3232 3231
3 3233 3234 3232
3 3237 3236 3235
3 3235 3238 3237
3 3241 3240 3239
3 3239 3242 3241
3 3244 3243 3007
3 3007 3243 3006
3 3245 3007 3008
3 3245 3244 3007
3 3009 3207 3208
3 3245 3009 3208
3 3008 3009 3245
3 3207 3009 3010
3 3207 3010 3211
3 3246 3212 3211
3 3010 3246 3211
3 3011 3246 3010
3 3247 3011 3012
3 3247 3246 3011
3 3248 3012 3013
3 3248 3247 3012
3 3249 3013 3014
3 3249 3248 3013
3 3015 3213 3214
3 3249 3015 3214
3 3014 3015 3249
3 3250 3216 3213
3 3015 3250 3213
3 3016 3250 3015
3 3251 3016 3017
3 3251 3250 3016
3 3252 3017 3018
3 3252 3251 3017
3 3019 3217 3218
3 3252 3019 3218
3 3018 3019 3252
3 3217 3019 3020
3 3217 3020 3221
3 3253 3222 3221
3 3020 3253 3221
3 3021 3253 3020
3 3254 3021 3022
3 3254 3253 3021
3 3255 3022 3023
3 3255 3254 3022
3 3024 3223 3224
3 3255 3024 3224
3 3023 3024 3255
3 3223 3024 3025
3 3223 3025 3227
3 3256 3228 3227
3 3025 3256 3227
3 3026 3256 3025
3 3257 3026 3027
3 3257 3256 3026
3 3028 3229 3230
3 3257 3028 3230
3 3027 3028 3257
3 3229 3028 3029
3 3229 3029 3233
3 3258 3234 3233
3 3029 3258 3233
3 3030 3258 3029
3 3259 3030 3031
3 3259 3258 3030
3 3260 3031 3032
3 3260 3259 3031
3 3033 3235 3236
3 3260 3033 3236
3 3032 3033 3260
3 3261 3238 3235
3 3033 3261 3235
3 3034 3261 3033
3 3262 3034 3035
3 3262 3261 3034
3 3263 3035 3036
3 3263 3262 3035
3 3037 3239 3240
3 3263 3037 3240
3 3036 3037 3263
3 3037 3038 3239
3 3038 3242 3239
3 3038 3264 3242
3 3266 3265 3040
3 3040 3265 3039
3 3267 3040 3041
3 3267 3266 3040
3 3041 3006 3243
3 3041 3243 3267
3 3042 3264 3038
3 3042 3268 3264
3 3270 3269 3044
3 3044 3269 3043
3 3044 3039 3265
3 3044 3265 3270
3 3045 3268 3042
3 3045 3271 3268
3 3274 3273 3272
3 3269 3274 3272
3 3047 3269 3272
3 3043 3269 3047
3 3048 3271 3045
3 3048 3275 3271
3 3272 3273 3050
3 3273 3049 3050
3 3273 3276 3049
3 3272 3050 3047
3 3051 3275 3048
3 3051 3277 3275
3 3278 3052 3053
3 3279 3278 3053
3 3049 3279 3053
3 3276 3279 3049
3 3054 3277 3051
3 3054 3280 3277
3 3282 3281 3278
3 3281 3052 3278
3 3281 3055 3052
3 3282 3278 3279
3 3056 3280 3054
3 3056 3283 3280
3 3285 3284 3059
3 3059 3284 3058
3 3059 3055 3281
3 3059 3281 3285
3 3060 3283 3056
3 3060 3286 3283
3 3284 3061 3058
3 3287 3061 3284
3 3062 3289 3288
3 3286 3062 3288
3 3060 3062 3286
3 3289 3290 3288
3 3292 3291 3064
3 3064 3291 3063
3 3064 3061 3287
3 3064 3287 3292
3 3065 3293 3289
3 3065 3289 3062
3 3290 3289 3294
3 3294 3289 3293
3 3291 3066 3063
3 3295 3066 3291
3 3067 3293 3065
3 3067 3069 3293
3 3069 3294 3293
3 3069 3296 3294
3 3299 3298 3297
3 3295 3299 3297
3 3070 3295 3297
3 3066 3295 3070
3 3072 3296 3069
3 3072 3300 3296
3 3297 3298 3301
3 3301 3298 3302
3 3301 3073 3070
3 3301 3070 3297
3 3074 3300 3072
3 3074 3303 3300
3 3301 3302 3304
3 3304 3302 3305
3 3304 3075 3073
3 3304 3073 3301
3 3076 3303 3074
3 3076 3306 3303
3 3304 3305 3307
3 3307 3305 3308
3 3307 3077 3075
3 3307 3075 3304
3 3078 3306 3076
3 3078 3309 3306
3 3307 3308 3310
3 3310 3308 3311
3 3310 3079 3077
3 3310 3077 3307
3 3080 3309 3078
3 3080 3312 3309
3 3310 3311 3313
3 3313 3311 3314
3 3313 3081 3079
3 3313 3079 3310
3 3082 3312 3080
3 3082 3315 3312
3 3313 3314 3316
3 3316 3314 3317
3 3316 3083 3081
3 3316 3081 3313
3 3084 3315 3082
3 3084 3318 3315
3 3316 3317 3319
3 3319 3317 3320
3 3319 3085 3083
3 3319 3083 3316
3 3086 3318 3084
3 3086 3321 3318
3 3319 3320 3322
3 3322 3320 3323
3 3322 3088 3085
3 3322 3085 3319
3 3089 3321 3086
3 3089 3324 3321
3 3322 3323 3325
3 3325 3323 3326
3 3325 3091 3088
3 3325 3088 3322
3 3092 3324 3089
3 3092 3327 3324
3 3325 3326 3328
3 3328 3326 3329
3 3328 3094 3091
3 3328 3091 3325
3 3095 3327 3092
3 3095 3330 3327
3 3328 3329 3331
3 3331 3329 3332
3 3331 3097 3094
3 3331 3094 3328
3 3098 3330 3095
3 3098 3333 3330
3 3331 3332 3334
3 3334 3332 3335
3 3334 3100 3097
3 3334 3097 3331
3 3101 3333 3098
3 3101 3336 3333
3 3334 3335 3337
3 3337 3335 3338
3 3337 3103 3100
3 3337 3100 3334
3 3104 3336 3101
3 3104 3339 3336
3 3338 3340 3337
3 3103 3337 3340
3 3341 3103 3340
3 3106 3103 3341
3 3107 3339 3104
3 3107 3342 3339
3 3341 3109 3106
3 3343 3109 3341
3 3110 3342 3107
3 3110 3344 3342
3 3343 3112 3109
3 3345 3112 3343
3 3113 3344 3110
3 3113 3346 3344
3 3345 3115 3112
3 3347 3115 3345
3 3116 3346 3113
3 3116 3348 3346
3 3347 3118 3115
3 3349 3118 3347
3 3119 3348 3116
3 3119 3350 3348
3 3349 3351 3118
3 3118 3351 3120
3 3121 3120 3351
3 3121 3351 3352
3 3122 3350 3119
3 3122 3353 3350
3 3352 3354 3121
3 3121 3354 3123
3 3124 3123 3354
3 3124 3354 3355
3 3125 3353 3122
3 3125 3356 3353
3 3355 3126 3124
3 3357 3126 3355
3 3127 3356 3125
3 3127 3358 3356
3 3357 3359 3126
3 3126 3359 3128
3 3129 3128 3359
3 3129 3359 3360
3 3130 3358 3127
3 3130 3361 3358
3 3131 3129 3362
3 3129 3363 3362
3 3129 3360 3363
3 3362 3133 3131
3 3134 3361 3130
3 3134 3364 3361
3 3363 3365 3362
3 3133 3362 3365
3 3366 3133 3365
3 3135 3133 3366
3 3136 3364 3134
3 3136 3367 3364
3 3366 3368 3135
3 3135 3368 3137
3 3370 3369 3139
3 3137 3370 3139
3 3368 3370 3137
3 3371 3369 3370
3 3140 3367 3136
3 3140 3372 3367
3 3369 3141 3139
3 3371 3373 3369
3 3373 3141 3369
3 3373 3142 3141
3 3373 3375 3374
3 3143 3373 3374
3 3142 3373 3143
3 3376 3144 3143
3 3376 3143 3374
3 3376 3145 3144
3 3149 3377 3150
3 3377 3152 3150
3 3156 3378 3157
3 3379 3158 3157
3 3379 3157 3378
3 3379 3160 3158
3 3163 3380 3164
3 3380 3166 3164
3 3170 3381 3171
3 3381 3173 3171
3 3175 3382 3176
3 3382 3178 3176
3 3181 3383 3182
3 3384 3184 3182
3 3384 3182 3383
3 3384 3385 3184
3 3385 3140 3184
3 3385 3372 3140
3 3375 3386 3374
3 3374 3386 3376
3 3376 3386 3387
3 3376 3387 3145
3 3387 3185 3145
3 3387 3388 3185
3 3185 3389 3186
3 3388 3389 3185
3 3186 3390 3187
3 3389 3390 3186
3 3187 3391 3188
3 3390 3391 3187
3 3149 3188 3377
3 3188 3392 3377
3 3188 3391 3392
3 3377 3392 3152
3 3392 3189 3152
3 3392 3393 3189
3 3189 3394 3190
3 3393 3394 3189
3 3190 3395 3191
3 3394 3395 3190
3 3191 3396 3192
3 3395 3396 3191
3 3156 3192 3378
3 3192 3397 3378
3 3192 3396 3397
3 3378 3397 3379
3 3379 3397 3398
3 3379 3398 3160
3 3398 3193 3160
3 3398 3399 3193
3 3193 3400 3194
3 3399 3400 3193
3 3194 3401 3195
3 3400 3401 3194
3 3163 3195 3380
3 3195 3402 3380
3 3195 3401 3402
3 3380 3402 3166
3 3402 3196 3166
3 3402 3403 3196
3 3196 3404 3197
3 3403 3404 3196
3 3197 3405 3198
3 3404 3405 3197
3 3198 3406 3199
3 3405 3406 3198
3 3170 3199 3381
3 3199 3407 3381
3 3199 3406 3407
3 3381 3407 3173
3 3407 3200 3173
3 3407 3408 3200
3 3200 3409 3201
3 3408 3409 3200
3 3201 3410 3202
3 3409 3410 3201
3 3175 3202 3382
3 3202 3411 3382
3 3202 3410 3411
3 3382 3411 3178
3 3411 3203 3178
3 3411 3412 3203
3 3203 3413 3204
3 3412 3413 3203
3 3204 3414 3205
3 3413 3414 3204
3 3205 3415 3206
3 3414 3415 3205
3 3181 3206 3383
3 3206 3416 3383
3 3206 3415 3416
3 3383 3416 3384
3 3384 3416 3417
3 3384 3417 3385
3 3419 3418 3209
3 3209 3418 3208
3 3420 3209 3210
3 3420 3419 3209
3 3422 3421 3212
3 3421 3210 3212
3 3421 3420 3210
3 3424 3423 3422
3 3422 3423 3421
3 3426 3425 3424
3 3424 3425 3423
3 3428 3427 3426
3 3426 3427 3425
3 3214 3215 3428
3 3215 3427 3428
3 3215 3429 3427
3 3431 3430 3216
3 3430 3215 3216
3 3430 3429 3215
3 3433 3432 3431
3 3431 3432 3430
3 3435 3434 3433
3 3433 3434 3432
3 3218 3219 3435
3 3219 3434 3435
3 3219 3436 3434
3 3437 3219 3220
3 3437 3436 3219
3 3439 3438 3222
3 3438 3220 3222
3 3438 3437 3220
3 3441 3440 3439
3 3439 3440 3438
3 3441 3442 3440
3 3444 3443 3225
3 3225 3443 3224
3 3445 3225 3226
3 3445 3444 3225
3 3447 3446 3228
3 3446 3226 3228
3 3446 3445 3226
3 3449 3448 3447
3 3447 3448 3446
3 3230 3231 3449
3 3231 3448 3449
3 3231 3450 3448
3 3451 3231 3232
3 3451 3450 3231
3 3453 3452 3234
3 3452 3232 3234
3 3452 3451 3232
3 3455 3454 3453
3 3453 3454 3452
3 3457 3456 3455
3 3455 3456 3454
3 3236 3237 3457
3 3237 3456 3457
3 3237 3458 3456
3 3460 3459 3238
3 3459 3237 3238
3 3459 3458 3237
3 3462 3461 3460
3 3460 3461 3459
3 3464 3463 3462
3 3462 3463 3461
3 3240 3241 3464
3 3241 3463 3464
3 3241 3465 3463
3 3241 3242 3465
3 3465 3242 3466
3 3468 3467 3244
3 3244 3467 3243
3 3469 3244 3245
3 3469 3468 3244
3 3245 3208 3418
3 3245 3418 3469
3 3246 3422 3212
3 3422 3246 3247
3 3422 3247 3424
3 3424 3247 3248
3 3424 3248 3426
3 3426 3248 3249
3 3426 3249 3428
3 3428 3249 3214
3 3250 3431 3216
3 3431 3250 3251
3 3431 3251 3433
3 3433 3251 3252
3 3433 3252 3435
3 3435 3252 3218
3 3253 3439 3222
3 3439 3253 3254
3 3439 3254 3441
3 3470 3442 3441
3 3254 3470 3441
3 3255 3470 3254
3 3255 3224 3443
3 3255 3443 3470
3 3256 3447 3228
3 3447 3256 3257
3 3447 3257 3449
3 3449 3257 3230
3 3258 3453 3234
3 3453 3258 3259
3 3453 3259 3455
3 3455 3259 3260
3 3455 3260 3457
3 3457 3260 3236
3 3261 3460 3238
3 3460 3261 3262
3 3460 3262 3462
3 3462 3262 3263
3 3462 3263 3464
3 3464 3263 3240
3 3264 3466 3242
3 3264 3471 3466
3 3473 3472 3266
3 3266 3472 3265
3 3474 3266 3267
3 3474 3473 3266
3 3267 3243 3467
3 3267 3467 3474
3 3268 3471 3264
3 3268 3475 3471
3 3477 3476 3270
3 3270 3476 3269
3 3270 3265 3472
3 3270 3472 3477
3 3271 3475 3268
3 3271 3478 3475
3 3480 3479 3274
3 3274 3479 3273
3 3274 3269 3476
3 3274 3476 3480
3 3275 3478 3271
3 3275 3481 3478
3 3479 3276 3273
3 3482 3276 3479
3 3277 3481 3275
3 3277 3483 3481
3 3486 3485 3484
3 3482 3486 3484
3 3279 3482 3484
3 3276 3482 3279
3 3280 3483 3277
3 3280 3487 3483
3 3484 3485 3282
3 3485 3281 3282
3 3485 3488 3281
3 3484 3282 3279
3 3283 3487 3280
3 3283 3489 3487
3 3491 3490 3285
3 3285 3490 3284
3 3285 3281 3488
3 3285 3488 3491
3 3286 3489 3283
3 3286 3492 3489
3 3490 3287 3284
3 3493 3287 3490
3 3494 3492 3286
3 3494 3286 3288
3 3288 3290 3494
3 3494 3290 3495
3 3497 3496 3292
3 3292 3496 3291
3 3292 3287 3493
3 3292 3493 3497
3 3294 3495 3290
3 3294 3498 3495
3 3496 3295 3291
3 3499 3295 3496
3 3296 3498 3294
3 3296 3500 3498
3 3502 3501 3299
3 3299 3501 3298
3 3299 3295 3499
3 3299 3499 3502
3 3300 3500 3296
3 3300 3503 3500
3 3501 3302 3298
3 3504 3302 3501
3 3303 3503 3300
3 3303 3505 3503
3 3504 3305 3302
3 3506 3305 3504
3 3306 3505 3303
3 3306 3507 3505
3 3506 3308 3305
3 3508 3308 3506
3 3309 3507 3306
3 3309 3509 3507
3 3508 3311 3308
3 3510 3311 3508
3 3312 3509 3309
3 3312 3511 3509
3 3510 3314 3311
3 3512 3314 3510
3 3315 3511 3312
3 3315 3513 3511
3 3512 3317 3314
3 3514 3317 3512
3 3318 3513 3315
3 3318 3515 3513
3 3514 3320 3317
3 3516 3320 3514
3 3321 3515 3318
3 3321 3517 3515
3 3516 3323 3320
3 3518 3323 3516
3 3324 3517 3321
3 3324 3519 3517
3 3518 3326 3323
3 3520 3326 3518
3 3327 3519 3324
3 3327 3521 3519
3 3520 3329 3326
3 3522 3329 3520
3 3330 3521 3327
3 3330 3523 3521
3 3522 3332 3329
3 3524 3332 3522
3 3333 3523 3330
3 3333 3525 3523
3 3524 3335 3332
3 3526 3335 3524
3 3336 3525 3333
3 3336 3527 3525
3 3526 3338 3335
3 3528 3338 3526
3 3339 3527 3336
3 3339 3529 3527
3 3340 3338 3530
3 3338 3531 3530
3 3338 3528 3531
3 3530 3341 3340
3 3342 3529 3339
3 3342 3532 3529
3 3530 3531 3533
3 3533 3531 3534
3 3533 3343 3341
3 3533 3341 3530
3 3344 3532 3342
3 3344 3535 3532
3 3533 3534 3536
3 3536 3534 3537
3 3536 3345 3343
3 3536 3343 3533
3 3346 3535 3344
3 3346 3538 3535
3 3537 3539 3536
3 3345 3536 3539
3 3540 3345 3539
3 3347 3345 3540
3 3348 3538 3346
3 3348 3541 3538
3 3540 3349 3347
3 3542 3349 3540
3 3350 3541 3348
3 3350 3543 3541
3 3542 3544 3349
3 3349 3544 3351
3 3352 3351 3544
3 3352 3544 3545
3 3353 3543 3350
3 3353 3546 3543
3 3354 3352 3547
3 3352 3548 3547
3 3352 3545 3548
3 3547 3355 3354
3 3356 3546 3353
3 3356 3549 3546
3 3548 3550 3547
3 3355 3547 3550
3 3551 3355 3550
3 3357 3355 3551
3 3358 3549 3356
3 3358 3552 3549
3 3551 3553 3357
3 3357 3553 3359
3 3360 3359 3553
3 3360 3553 3554
3 3361 3552 3358
3 3361 3555 3552
3 3557 3363 3556
3 3363 3554 3556
3 3363 3360 3554
3 3558 3557 3556
3 3364 3555 3361
3 3364 3559 3555
3 3557 3365 3363
3 3366 3365 3557
3 3558 3366 3557
3 3560 3366 3558
3 3367 3559 3364
3 3367 3561 3559
3 3560 3562 3366
3 3366 3562 3368
3 3562 3564 3563
3 3370 3562 3563
3 3368 3562 3370
3 3563 3371 3370
3 3372 3561 3367
3 3372 3565 3561
3 3564 3566 3563
3 3563 3566 3371
3 3566 3373 3371
3 3566 3567 3373
3 3569 3568 3375
3 3373 3569 3375
3 3567 3569 3373
3 3570 3568 3569
3 3385 3565 3372
3 3385 3571 3565
3 3568 3386 3375
3 3570 3572 3568
3 3572 3386 3568
3 3572 3387 3386
3 3387 3573 3388
3 3572 3573 3387
3 3388 3574 3389
3 3573 3574 3388
3 3389 3575 3390
3 3574 3575 3389
3 3390 3576 3391
3 3575 3576 3390
3 3391 3577 3392
3 3576 3577 3391
3 3392 3578 3393
3 3577 3578 3392
3 3393 3579 3394
3 3578 3579 3393
3 3394 3580 3395
3 3579 3580 3394
3 3395 3581 3396
3 3580 3581 3395
3 3396 3582 3397
3 3581 3582 3396
3 3397 3583 3398
3 3582 3583 3397
3 3398 3584 3399
3 3583 3584 3398
3 3399 3585 3400
3 3584 3585 3399
3 3400 3586 3401
3 3585 3586 3400
3 3401 3587 3402
3 3586 3587 3401
3 3402 3588 3403
3 3587 3588 3402
3 3403 3589 3404
3 3588 3589 3403
3 3404 3590 3405
3 3589 3590 3404
3 3405 3591 3406
3 3590 3591 3405
3 3406 3592 3407
3 3591 3592 3406
3 3407 3593 3408
3 3592 3593 3407
3 3408 3594 3409
3 3593 3594 3408
3 3409 3595 3410
3 3594 3595 3409
3 3410 3596 3411
3 3595 3596 3410
3 3411 3597 3412
3 3596 3597 3411
3 3412 3598 3413
3 3597 3598 3412
3 3413 3599 3414
3 3598 3599 3413
3 3414 3600 3415
3 3599 3600 3414
3 3415 3601 3416
3 3600 3601 3415
3 3416 3602 3417
3 3601 3602 3416
3 3385 3417 3571
3 3571 3417 3602
3 3604 3603 3419
3 3419 3603 3418
3 3605 3419 3420
3 3605 3604 3419
3 3606 3420 3421
3 3606 3605 3420
3 3607 3421 3423
3 3607 3606 3421
3 3608 3423 3425
3 3608 3607 3423
3 3609 3425 3427
3 3609 3608 3425
3 3610 3427 3429
3 3610 3609 3427
3 3611 3429 3430
3 3611 3610 3429
3 3612 3430 3432
3 3612 3611 3430
3 3613 3432 3434
3 3613 3612 3432
3 3614 3434 3436
3 3614 3613 3434
3 3615 3436 3437
3 3615 3614 3436
3 3616 3437 3438
3 3616 3615 3437
3 3617 3438 3440
3 3617 3616 3438
3 3619 3618 3442
3 3618 3440 3442
3 3618 3617 3440
3 3443 3444 3619
3 3444 3618 3619
3 3444 3620 3618
3 3621 3444 3445
3 3621 3620 3444
3 3622 3445 3446
3 3622 3621 3445
3 3623 3446 3448
3 3623 3622 3446
3 3624 3448 3450
3 3624 3623 3448
3 3625 3450 3451
3 3625 3624 3450
3 3626 3451 3452
3 3626 3625 3451
3 3627 3452 3454
3 3627 3626 3452
3 3628 3454 3456
3 3628 3627 3454
3 3629 3456 3458
3 3629 3628 3456
3 3630 3458 3459
3 3630 3629 3458
3 3631 3459 3461
3 3631 3630 3459
3 3632 3461 3463
3 3632 3631 3461
3 3633 3463 3465
3 3633 3632 3463
3 3465 3466 3633
3 3633 3466 3634
3 3636 3635 3468
3 3468 3635 3467
3 3637 3468 3469
3 3637 3636 3468
3 3469 3418 3603
3 3469 3603 3637
3 3470 3619 3442
3 3619 3470 3443
3 3471 3634 3466
3 3471 3638 3634
3 3640 3639 3473
3 3473 3639 3472
3 3641 3473 3474
3 3641 3640 3473
3 3474 3467 3635
3 3474 3635 3641
3 3475 3638 3471
3 3475 3642 3638
3 3644 3643 3477
3 3477 3643 3476
3 3477 3472 3639
3 3477 3639 3644
3 3478 3642 3475
3 3478 3645 3642
3 3646 3479 3480
3 3647 3646 3480
3 3476 3647 3480
3 3643 3647 3476
3 3481 3645 3478
3 3481 3648 3645
3 3650 3649 3646
3 3649 3479 3646
3 3649 3482 3479
3 3650 3646 3647
3 3483 3648 3481
3 3483 3651 3648
3 3652 3485 3486
3 3653 3652 3486
3 3482 3653 3486
3 3649 3653 3482
3 3487 3651 3483
3 3487 3654 3651
3 3656 3655 3652
3 3655 3485 3652
3 3655 3488 3485
3 3656 3652 3653
3 3489 3654 3487
3 3489 3657 3654
3 3659 3658 3491
3 3491 3658 3490
3 3491 3488 3655
3 3491 3655 3659
3 3492 3657 3489
3 3492 3660 3657
3 3658 3493 3490
3 3661 3493 3658
3 3662 3660 3492
3 3662 3492 3494
3 3494 3495 3662
3 3662 3495 3663
3 3665 3664 3497
3 3497 3664 3496
3 3497 3493 3661
3 3497 3661 3665
3 3498 3663 3495
3 3498 3666 3663
3 3664 3499 3496
3 3667 3499 3664
3 3500 3666 3498
3 3500 3668 3666
3 3670 3669 3502
3 3502 3669 3501
3 3502 3499 3667
3 3502 3667 3670
3 3503 3668 3500
3 3503 3671 3668
3 3669 3504 3501
3 3672 3504 3669
3 3505 3671 3503
3 3505 3673 3671
3 3676 3675 3674
3 3672 3676 3674
3 3506 3672 3674
3 3504 3672 3506
3 3507 3673 3505
3 3507 3677 3673
3 3674 3675 3678
3 3678 3675 3679
3 3678 3508 3506
3 3678 3506 3674
3 3509 3677 3507
3 3509 3680 3677
3 3678 3679 3681
3 3681 3679 3682
3 3681 3510 3508
3 3681 3508 3678
3 3511 3680 3509
3 3511 3683 3680
3 3681 3682 3684
3 3684 3682 3685
3 3684 3512 3510
3 3684 3510 3681
3 3513 3683 3511
3 3513 3686 3683
3 3684 3685 3687
3 3687 3685 3688
3 3687 3514 3512
3 3687 3512 3684
3 3515 3686 3513
3 3515 3689 3686
3 3687 3688 3690
3 3690 3688 3691
3 3690 3516 3514
3 3690 3514 3687
3 3517 3689 3515
3 3517 3692 3689
3 3690 3691 3693
3 3693 3691 3694
3 3693 3518 3516
3 3693 3516 3690
3 3519 3692 3517
3 3519 3695 3692
3 3693 3694 3696
3 3696 3694 3697
3 3696 3520 3518
3 3696 3518 3693
3 3521 3695 3519
3 3521 3698 3695
3 3696 3697 3699
3 3699 3697 3700
3 3699 3522 3520
3 3699 3520 3696
3 3523 3698 3521
3 3523 3701 3698
3 3699 3700 3702
3 3702 3700 3703
3 3702 3524 3522
3 3702 3522 3699
3 3525 3701 3523
3 3525 3704 3701
3 3702 3703 3705
3 3705 3703 3706
3 3705 3526 3524
3 3705 3524 3702
3 3527 3704 3525
3 3527 3707 3704
3 3705 3706 3708
3 3708 3706 3709
3 3708 3528 3526
3 3708 3526 3705
3 3529 3707 3527
3 3529 3710 3707
3 3708 3709 3711
3 3711 3709 3712
3 3711 3531 3528
3 3711 3528 3708
3 3532 3710 3529
3 3532 3713 3710
3 3712 3714 3711
3 3531 3711 3714
3 3715 3531 3714
3 3534 3531 3715
3 3535 3713 3532
3 3535 3716 3713
3 3715 3537 3534
3 3717 3537 3715
3 3538 3716 3535
3 3538 3718 3716
3 3717 3719 3537
3 3537 3719 3539
3 3540 3539 3719
3 3540 3719 3720
3 3541 3718 3538
3 3541 3721 3718
3 3720 3542 3540
3 3722 3542 3720
3 3543 3721 3541
3 3543 3723 3721
3 3722 3724 3542
3 3542 3724 3544
3 3545 3544 3724
3 3545 3724 3725
3 3546 3723 3543
3 3546 3726 3723
3 3728 3548 3727
3 3548 3725 3727
3 3548 3545 3725
3 3729 3728 3727
3 3549 3726 3546
3 3549 3730 3726
3 3728 3550 3548
3 3551 3550 3728
3 3729 3551 3728
3 3731 3551 3729
3 3552 3730 3549
3 3552 3732 3730
3 3731 3733 3551
3 3551 3733 3553
3 3554 3553 3733
3 3554 3733 3734
3 3555 3732 3552
3 3555 3735 3732
3 3556 3554 3736
3 3554 3737 3736
3 3554 3734 3737
3 3736 3558 3556
3 3559 3735 3555
3 3559 3738 3735
3 3737 3739 3736
3 3558 3736 3739
3 3740 3558 3739
3 3560 3558 3740
3 3561 3738 3559
3 3561 3741 3738
3 3740 3742 3560
3 3560 3742 3562
3 3564 3562 3742
3 3564 3742 3743
3 3565 3741 3561
3 3565 3744 3741
3 3743 3745 3564
3 3564 3745 3566
3 3566 3746 3567
3 3745 3746 3566
3 3567 3747 3569
3 3746 3747 3567
3 3570 3569 3747
3 3570 3747 3748
3 3751 3750 3749
3 3750 3744 3749
3 3744 3571 3749
3 3744 3565 3571
3 3748 3752 3570
3 3570 3752 3572
3 3572 3753 3573
3 3752 3753 3572
3 3573 3754 3574
3 3753 3754 3573
3 3574 3755 3575
3 3754 3755 3574
3 3575 3756 3576
3 3755 3756 3575
3 3576 3757 3577
3 3756 3757 3576
3 3577 3758 3578
3 3757 3758 3577
3 3578 3759 3579
3 3758 3759 3578
3 3579 3760 3580
3 3759 3760 3579
3 3580 3761 3581
3 3760 3761 3580
3 3581 3762 3582
3 3761 3762 3581
3 3582 3763 3583
3 3762 3763 3582
3 3583 3764 3584
3 3763 3764 3583
3 3584 3765 3585
3 3764 3765 3584
3 3585 3766 3586
3 3765 3766 3585
3 3586 3767 3587
3 3766 3767 3586
3 3587 3768 3588
3 3767 3768 3587
3 3588 3769 3589
3 3768 3769 3588
3 3589 3770 3590
3 3769 3770 3589
3 3590 3771 3591
3 3770 3771 3590
3 3591 3772 3592
3 3771 3772 3591
3 3592 3773 3593
3 3772 3773 3592
3 3593 3774 3594
3 3773 3774 3593
3 3594 3775 3595
3 3774 3775 3594
3 3595 3776 3596
3 3775 3776 3595
3 3596 3777 3597
3 3776 3777 3596
3 3597 3778 3598
3 3777 3778 3597
3 3598 3779 3599
3 3778 3779 3598
3 3599 3780 3600
3 3779 3780 3599
3 3600 3781 3601
3 3780 3781 3600
3 3749 3602 3751
3 3602 3781 3751
3 3602 3601 3781
3 3602 3749 3571
3 3783 3782 3604
3 3604 3782 3603
3 3784 3604 3605
3 3784 3783 3604
3 3785 3605 3606
3 3785 3784 3605
3 3786 3606 3607
3 3786 3785 3606
3 3787 3607 3608
3 3787 3786 3607
3 3788 3608 3609
3 3788 3787 3608
3 3789 3609 3610
3 3789 3788 3609
3 3790 3610 3611
3 3790 3789 3610
3 3791 3611 3612
3 3791 3790 3611
3 3792 3612 3613
3 3792 3791 3612
3 3793 3613 3614
3 3793 3792 3613
3 3794 3614 3615
3 3794 3793 3614
3 3795 3615 3616
3 3795 3794 3615
3 3796 3616 3617
3 3796 3795 3616
3 3797 3617 3618
3 3797 3796 3617
3 3798 3618 3620
3 3798 3797 3618
3 3799 3620 3621
3 3799 3798 3620
3 3800 3621 3622
3 3800 3799 3621
3 3801 3622 3623
3 3801 3800 3622
3 3802 3623 3624
3 3802 3801 3623
3 3803 3624 3625
3 3803 3802 3624
3 3804 3625 3626
3 3804 3803 3625
3 3805 3626 3627
3 3805 3804 3626
3 3806 3627 3628
3 3806 3805 3627
3 3807 3628 3629
3 3807 3806 3628
3 3808 3629 3630
3 3808 3807 3629
3 3809 3630 3631
3 3809 3808 3630
3 3810 3631 3632
3 3810 3809 3631
3 3811 3632 3633
3 3811 3810 3632
3 3633 3634 3811
3 3811 3634 3812
3 3814 3813 3636
3 3636 3813 3635
3 3815 3636 3637
3 3815 3814 3636
3 3637 3603 3782
3 3637 3782 3815
3 3638 3812 3634
3 3638 3816 3812
3 3818 3817 3640
3 3640 3817 3639
3 3819 3640 3641
3 3819 3818 3640
3 3641 3635 3813
3 3641 3813 3819
3 3642 3816 3638
3 3642 3820 3816
3 3822 3821 3644
3 3644 3821 3643
3 3644 3639 3817
3 3644 3817 3822
3 3645 3820 3642
3 3645 3823 3820
3 3826 3825 3824
3 3821 3826 3824
3 3647 3821 3824
3 3643 3821 3647
3 3648 3823 3645
3 3648 3827 3823
3 3824 3825 3650
3 3825 3649 3650
3 3825 3828 3649
3 3824 3650 3647
3 3651 3827 3648
3 3651 3829 3827
3 3832 3831 3830
3 3828 3832 3830
3 3653 3828 3830
3 3649 3828 3653
3 3654 3829 3651
3 3654 3833 3829
3 3830 3831 3656
3 3831 3655 3656
3 3831 3834 3655
3 3830 3656 3653
3 3657 3833 3654
3 3657 3835 3833
3 3836 3658 3659
3 3837 3836 3659
3 3655 3837 3659
3 3834 3837 3655
3 3660 3839 3838
3 3835 3660 3838
3 3657 3660 3835
3 3839 3840 3838
3 3842 3841 3836
3 3841 3658 3836
3 3841 3661 3658
3 3842 3836 3837
3 3662 3839 3660
3 3662 3663 3839
3 3663 3840 3839
3 3663 3843 3840
3 3845 3844 3665
3 3665 3844 3664
3 3665 3661 3841
3 3665 3841 3845
3 3666 3843 3663
3 3666 3846 3843
3 3844 3667 3664
3 3847 3667 3844
3 3668 3846 3666
3 3668 3848 3846
3 3850 3849 3670
3 3670 3849 3669
3 3670 3667 3847
3 3670 3847 3850
3 3671 3848 3668
3 3671 3851 3848
3 3849 3672 3669
3 3852 3672 3849
3 3673 3851 3671
3 3673 3853 3851
3 3855 3854 3676
3 3676 3854 3675
3 3676 3672 3852
3 3676 3852 3855
3 3677 3853 3673
3 3677 3856 3853
3 3854 3679 3675
3 3857 3679 3854
3 3680 3856 3677
3 3680 3858 3856
3 3857 3682 3679
3 3859 3682 3857
3 3683 3858 3680
3 3683 3860 3858
3 3859 3685 3682
3 3861 3685 3859
3 3686 3860 3683
3 3686 3862 3860
3 3861 3688 3685
3 3863 3688 3861
3 3689 3862 3686
3 3689 3864 3862
3 3863 3691 3688
3 3865 3691 3863
3 3692 3864 3689
3 3692 3866 3864
3 3865 3694 3691
3 3867 3694 3865
3 3695 3866 3692
3 3695 3868 3866
3 3867 3697 3694
3 3869 3697 3867
3 3698 3868 3695
3 3698 3870 3868
3 3869 3700 3697
3 3871 3700 3869
3 3701 3870 3698
3 3701 3872 3870
3 3871 3703 3700
3 3873 3703 3871
3 3704 3872 3701
3 3704 3874 3872
3 3873 3706 3703
3 3875 3706 3873
3 3707 3874 3704
3 3707 3876 3874
3 3875 3709 3706
3 3877 3709 3875
3 3710 3876 3707
3 3710 3878 3876
3 3877 3712 3709
3 3879 3712 3877
3 3713 3878 3710
3 3713 3880 3878
3 3714 3712 3881
3 3712 3882 3881
3 3712 3879 3882
3 3881 3715 3714
3 3716 3880 3713
3 3716 3883 3880
3 3882 3884 3881
3 3715 3881 3884
3 3885 3715 3884
3 3717 3715 3885
3 3718 3883 3716
3 3718 3886 3883
3 3885 3887 3717
3 3717 3887 3719
3 3720 3719 3887
3 3720 3887 3888
3 3721 3886 3718
3 3721 3889 3886
3 3888 3722 3720
3 3890 3722 3888
3 3723 3889 3721
3 3723 3891 3889
3 3890 3892 3722
3 3722 3892 3724
3 3725 3724 3892
3 3725 3892 3893
3 3726 3891 3723
3 3726 3894 3891
3 3727 3725 3895
3 3725 3896 3895
3 3725 3893 3896
3 3895 3729 3727
3 3730 3894 3726
3 3730 3897 3894
3 3896 3898 3895
3 3729 3895 3898
3 3899 3729 3898
3 3731 3729 3899
3 3732 3897 3730
3 3732 3900 3897
3 3899 3901 3731
3 3731 3901 3733
3 3734 3733 3901
3 3734 3901 3902
3 3735 3900 3732
3 3735 3903 3900
3 3902 3737 3734
3 3904 3737 3902
3 3738 3903 3735
3 3738 3905 3903
3 3904 3906 3737
3 3737 3906 3739
3 3740 3739 3906
3 3740 3906 3907
3 3741 3905 3738
3 3741 3908 3905
3 3907 3909 3740
3 3740 3909 3742
3 3743 3742 3909
3 3743 3909 3910
3 3744 3908 3741
3 3744 3911 3908
3 3910 3912 3743
3 3743 3912 3745
3 3745 3913 3746
3 3912 3913 3745
3 3746 3914 3747
3 3913 3914 3746
3 3748 3747 3914
3 3748 3914 3915
3 3751 3916 3750
3 3916 3917 3750
3 3917 3744 3750
3 3917 3911 3744
3 3915 3918 3748
3 3748 3918 3752
3 3752 3919 3753
3 3918 3919 3752
3 3753 3920 3754
3 3919 3920 3753
3 3754 3921 3755
3 3920 3921 3754
3 3755 3922 3756
3 3921 3922 3755
3 3756 3923 3757
3 3922 3923 3756
3 3757 3924 3758
3 3923 3924 3757
3 3758 3925 3759
3 3924 3925 3758
3 3759 3926 3760
3 3925 3926 3759
3 3760 3927 3761
3 3926 3927 3760
3 3761 3928 3762
3 3927 3928 3761
3 3762 3929 3763
3 3928 3929 3762
3 3763 3930 3764
3 3929 3930 3763
3 3764 3931 3765
3 3930 3931 3764
3 3765 3932 3766
3 3931 3932 3765
3 3932 3934 3933
3 3767 3932 3933
3 3766 3932 3767
3 3767 3933 3935
3 3936 3767 3935
3 3768 3767 3936
3 3768 3937 3769
3 3936 3937 3768
3 3769 3938 3770
3 3937 3938 3769
3 3770 3939 3771
3 3938 3939 3770
3 3939 3941 3940
3 3772 3939 3940
3 3771 3939 3772
3 3772 3940 3942
3 3943 3772 3942
3 3773 3772 3943
3 3773 3944 3774
3 3943 3944 3773
3 3774 3945 3775
3 3944 3945 3774
3 3775 3946 3776
3 3945 3946 3775
3 3776 3947 3777
3 3946 3947 3776
3 3777 3948 3778
3 3947 3948 3777
3 3778 3949 3779
3 3948 3949 3778
3 3779 3950 3780
3 3949 3950 3779
3 3780 3951 3781
3 3950 3951 3780
3 3751 3781 3916
3 3781 3952 3916
3 3781 3951 3952
3 3916 3952 3917
3 3934 3953 3933
3 3933 3953 3935
3 3941 3954 3940
3 3940 3954 3942
3 3957 3956 3955
3 3959 3958 3955
3 3955 3958 3957
3 3959 3960 3958
3 3963 3962 3961
3 3965 3964 3961
3 3961 3964 3963
3 3965 3966 3964
3 3969 3968 3967
3 3971 3970 3967
3 3967 3970 3969
3 3971 3972 3970
3 3975 3974 3973
3 3977 3976 3973
3 3973 3976 3975
3 3977 3978 3976
3 3981 3980 3979
3 3983 3982 3979
3 3979 3982 3981
3 3983 3984 3982
3 3987 3986 3985
3 3985 3988 3987
3 3990 3989 3783
3 3783 3989 3782
3 3991 3783 3784
3 3991 3990 3783
3 3992 3784 3785
3 3992 3991 3784
3 3993 3785 3786
3 3993 3992 3785
3 3787 3955 3956
3 3993 3787 3956
3 3786 3787 3993
3 3955 3787 3788
3 3955 3788 3959
3 3994 3960 3959
3 3788 3994 3959
3 3789 3994 3788
3 3995 3789 3790
3 3995 3994 3789
3 3996 3790 3791
3 3996 3995 3790
3 3792 3961 3962
3 3996 3792 3962
3 3791 3792 3996
3 3961 3792 3793
3 3961 3793 3965
3 3997 3966 3965
3 3793 3997 3965
3 3794 3997 3793
3 3998 3794 3795
3 3998 3997 3794
3 3999 3795 3796
3 3999 3998 3795
3 3797 3967 3968
3 3999 3797 3968
3 3796 3797 3999
3 3967 3797 3798
3 3967 3798 3971
3 4000 3972 3971
3 3798 4000 3971
3 3799 4000 3798
3 4001 3799 3800
3 4001 4000 3799
3 4002 3800 3801
3 4002 4001 3800
3 3802 3973 3974
3 4002 3802 3974
3 3801 3802 4002
3 3973 3802 3803
3 3973 3803 3977
3 4003 3978 3977
3 3803 4003 3977
3 3804 4003 3803
3 4004 3804 3805
3 4004 4003 3804
3 3806 3979 3980
3 4004 3806 3980
3 3805 3806 4004
3 3979 3806 3807
3 3979 3807 3983
3 4005 3984 3983
3 3807 4005 3983
3 3808 4005 3807
3 4006 3808 3809
3 4006 4005 3808
3 3810 3985 3986
3 4006 3810 3986
3 3809 3810 4006
3 4007 3988 3985
3 3810 4007 3985
3 3811 4007 3810
3 3811 3812 4007
3 4007 3812 4008
3 4010 4009 3814
3 3814 4009 3813
3 4011 3814 3815
3 4011 4010 3814
3 3815 3782 3989
3 3815 3989 4011
3 3816 4008 3812
3 3816 4012 4008
3 4014 4013 3818
3 3818 4013 3817
3 4015 3818 3819
3 4015 4014 3818
3 3819 3813 4009
3 3819 4009 4015
3 3820 4012 3816
3 3820 4016 4012
3 4018 4017 3822
3 3822 4017 3821
3 3822 3817 4013
3 3822 4013 4018
3 3823 4016 3820
3 3823 4019 4016
3 4020 3825 3826
3 4021 4020 3826
3 3821 4021 3826
3 4017 4021 3821
3 3827 4019 3823
3 3827 4022 4019
3 4024 4023 4020
3 4023 3825 4020
3 4023 3828 3825
3 4024 4020 4021
3 3829 4022 3827
3 3829 4025 4022
3 4027 4026 3832
3 3832 4026 3831
3 3832 3828 4023
3 3832 4023 4027
3 3833 4025 3829
3 3833 4028 4025
3 4026 3834 3831
3 4029 3834 4026
3 3835 4028 3833
3 3835 4030 4028
3 4033 4032 4031
3 4029 4033 4031
3 3837 4029 4031
3 3834 4029 3837
3 4034 4030 3835
3 4034 3835 3838
3 3838 3840 4034
3 4034 3840 4035
3 4031 4032 3842
3 4032 3841 3842
3 4032 4036 3841
3 4031 3842 3837
3 3843 4035 3840
3 3843 4037 4035
3 4039 4038 3845
3 3845 4038 3844
3 3845 3841 4036
3 3845 4036 4039
3 3846 4037 3843
3 3846 4040 4037
3 4038 3847 3844
3 4041 3847 4038
3 3848 4040 3846
3 3848 4042 4040
3 4044 4043 3850
3 3850 4043 3849
3 3850 3847 4041
3 3850 4041 4044
3 3851 4042 3848
3 3851 4045 4042
3 4043 3852 3849
3 4046 3852 4043
3 3853 4045 3851
3 3853 4047 4045
3 4049 4048 3855
3 3855 4048 3854
3 3855 3852 4046
3 3855 4046 4049
3 3856 4047 3853
3 3856 4050 4047
3 4048 3857 3854
3 4051 3857 4048
3 3858 4050 3856
3 3858 4052 4050
3 4051 3859 3857
3 4053 3859 4051
3 3860 4052 3858
3 3860 4054 4052
3 4053 3861 3859
3 4055 3861 4053
3 3862 4054 3860
3 3862 4056 4054
3 4055 3863 3861
3 4057 3863 4055
3 3864 4056 3862
3 3864 4058 4056
3 4057 3865 3863
3 4059 3865 4057
3 3866 4061 4060
3 4058 3866 4060
3 3864 3866 4058
3 4061 4062 4060
3 4059 3867 3865
3 4063 3867 4059
3 3868 4064 4061
3 3868 4061 3866
3 4062 4061 4065
3 4065 4061 4064
3 4063 3869 3867
3 4066 3869 4063
3 3870 4067 4064
3 3870 4064 3868
3 4065 4064 4068
3 4068 4064 4067
3 4066 3871 3869
3 4069 3871 4066
3 3872 4070 4067
3 3872 4067 3870
3 4068 4067 4071
3 4071 4067 4070
3 4069 3873 3871
3 4072 3873 4069
3 3874 4073 4070
3 3874 4070 3872
3 4071 4070 4074
3 4074 4070 4073
3 4072 3875 3873
3 4075 3875 4072
3 3876 4076 4073
3 3876 4073 3874
3 4074 4073 4077
3 4077 4073 4076
3 4075 3877 3875
3 4078 3877 4075
3 4080 4079 4076
3 3876 4080 4076
3 3878 4080 3876
3 4076 4079 4077
3 4078 3879 3877
3 4081 3879 4078
3 3880 4080 3878
3 3880 4082 4080
3 4084 3882 4083
3 3882 4081 4083
3 3882 3879 4081
3 4085 4084 4083
3 3883 4082 3880
3 3883 4086 4082
3 4084 3884 3882
3 3885 3884 4084
3 4085 3885 4084
3 4087 3885 4085
3 3886 4086 3883
3 3886 4088 4086
3 4087 4089 3885
3 3885 4089 3887
3 3888 3887 4089
3 3888 4089 4090
3 3889 4088 3886
3 3889 4091 4088
3 4090 3890 3888
3 4092 3890 4090
3 3891 4091 3889
3 3891 4093 4091
3 4092 4094 3890
3 3890 4094 3892
3 3893 3892 4094
3 3893 4094 4095
3 3894 4093 3891
3 3894 4096 4093
3 4098 3896 4097
3 3896 4095 4097
3 3896 3893 4095
3 4099 4098 4097
3 3897 4096 3894
3 3897 4100 4096
3 4098 3898 3896
3 3899 3898 4098
3 4099 3899 4098
3 4101 3899 4099
3 3900 4100 3897
3 3900 4102 4100
3 4101 4103 3899
3 3899 4103 3901
3 3902 3901 4103
3 3902 4103 4104
3 3903 4102 3900
3 3903 4105 4102
3 4104 3904 3902
3 4106 3904 4104
3 3905 4105 3903
3 3905 4107 4105
3 4106 4108 3904
3 3904 4108 3906
3 3907 3906 4108
3 3907 4108 4109
3 3908 4107 3905
3 3908 4110 4107
3 4109 4111 3907
3 3907 4111 3909
3 3910 3909 4111
3 3910 4111 4112
3 3911 4110 3908
3 3911 4113 4110
3 4112 4114 3910
3 3910 4114 3912
3 3912 4115 3913
3 4114 4115 3912
3 3913 4116 3914
3 4115 4116 3913
3 3915 3914 4116
3 3915 4116 4117
3 3917 4113 3911
3 3917 4118 4113
3 4117 4119 3915
3 3915 4119 3918
3 3918 4120 3919
3 4119 4120 3918
3 3919 4121 3920
3 4120 4121 3919
3 3920 4122 3921
3 4121 4122 3920
3 4122 4124 4123
3 3922 4122 4123
3 3921 4122 3922
3 4125 3923 3922
3 4125 3922 4123
3 4126 3924 3923
3 4126 3923 4125
3 4127 3925 3924
3 4127 3924 4126
3 3925 4127 4128
3 4129 3925 4128
3 3926 3925 4129
3 3926 4130 3927
3 4129 4130 3926
3 4130 4132 4131
3 3928 4130 4131
3 3927 4130 3928
3 4133 3929 3928
3 4133 3928 4131
3 4134 3930 3929
3 4134 3929 4133
3 3930 4134 4135
3 4136 3930 4135
3 3931 3930 4136
3 3931 4137 3932
3 4136 4137 3931
3 3934 3932 4137
3 3934 4137 4138
3 3935 4139 3936
3 4140 3937 3936
3 4140 3936 4139
3 3937 4140 4141
3 4142 3937 4141
3 3938 3937 4142
3 3938 4143 3939
3 4142 4143 3938
3 3941 3939 4143
3 3941 4143 4144
3 3942 4145 3943
3 4146 3944 3943
3 4146 3943 4145
3 3944 4146 4147
3 4148 3944 4147
3 3945 3944 4148
3 3945 4149 3946
3 4148 4149 3945
3 4149 4151 4150
3 3947 4149 4150
3 3946 4149 3947
3 4152 3948 3947
3 4152 3947 4150
3 3948 4152 4153
3 4154 3948 4153
3 3949 3948 4154
3 3949 4155 3950
3 4154 4155 3949
3 3950 4156 3951
3 4155 4156 3950
3 3951 4157 3952
3 4156 4157 3951
3 3917 3952 4118
3 4118 3952 4157
3 4124 4158 4123
3 4123 4158 4125
3 4125 4158 4159
3 4125 4159 4126
3 4126 4159 4160
3 4126 4160 4127
3 4127 4160 4161
3 4127 4161 4128
3 4132 4162 4131
3 4131 4162 4133
3 4133 4162 4163
3 4133 4163 4134
3 4134 4163 4164
3 4134 4164 4135
3 4138 4165 3934
3 3934 4165 3953
3 3935 3953 4139
3 3953 4166 4139
3 3953 4165 4166
3 4139 4166 4140
3 4140 4166 4167
3 4140 4167 4141
3 4144 4168 3941
3 3941 4168 3954
3 3942 3954 4145
3 3954 4169 4145
3 3954 4168 4169
3 4145 4169 4146
3 4146 4169 4170
3 4146 4170 4147
3 4151 4171 4150
3 4150 4171 4152
3 4152 4171 4172
3 4152 4172 4153
3 4175 4174 4173
3 4173 4176 4175
3 4178 4177 3957
3 3957 4177 3956
3 4179 3957 3958
3 4179 4178 3957
3 4181 4180 3960
3 4180 3958 3960
3 4180 4179 3958
3 4183 4182 4181
3 4181 4182 4180
3 4185 4184 4183
3 4183 4184 4182
3 3962 3963 4185
3 3963 4184 4185
3 3963 4186 4184
3 4187 3963 3964
3 4187 4186 3963
3 4189 4188 3966
3 4188 3964 3966
3 4188 4187 3964
3 4191 4190 4189
3 4189 4190 4188
3 4193 4192 4191
3 4191 4192 4190
3 3968 3969 4193
3 3969 4192 4193
3 3969 4194 4192
3 4195 3969 3970
3 4195 4194 3969
3 4197 4196 3972
3 4196 3970 3972
3 4196 4195 3970
3 4199 4198 4197
3 4197 4198 4196
3 4201 4200 4199
3 4199 4200 4198
3 3974 3975 4201
3 3975 4200 4201
3 3975 4202 4200
3 4203 3975 3976
3 4203 4202 3975
3 4205 4204 3978
3 4204 3976 3978
3 4204 4203 3976
3 4207 4206 4205
3 4205 4206 4204
3 3980 3981 4207
3 3981 4206 4207
3 3981 4208 4206
3 4209 3981 3982
3 4209 4208 3981
3 4211 4210 3984
3 4210 3982 3984
3 4210 4209 3982
3 4213 4212 4211
3 4211 4212 4210
3 3986 3987 4213
3 3987 4212 4213
3 3987 4214 4212
3 3987 3988 4214
3 4214 3988 4215
3 4217 4216 3990
3 3990 4216 3989
3 4218 3990 3991
3 4218 4217 3990
3 3992 4173 4174
3 4218 3992 4174
3 3991 3992 4218
3 4219 4176 4173
3 3992 4219 4173
3 3993 4219 3992
3 3993 3956 4177
3 3993 4177 4219
3 3994 4181 3960
3 4181 3994 3995
3 4181 3995 4183
3 4183 3995 3996
3 4183 3996 4185
3 4185 3996 3962
3 3997 4189 3966
3 4189 3997 3998
3 4189 3998 4191
3 4191 3998 3999
3 4191 3999 4193
3 4193 3999 3968
3 4000 4197 3972
3 4197 4000 4001
3 4197 4001 4199
3 4199 4001 4002
3 4199 4002 4201
3 4201 4002 3974
3 4003 4205 3978
3 4205 4003 4004
3 4205 4004 4207
3 4207 4004 3980
3 4005 4211 3984
3 4211 4005 4006
3 4211 4006 4213
3 4213 4006 3986
3 4220 4215 3988
3 4220 3988 4007
3 4007 4008 4220
3 4220 4008 4221
3 4223 4222 4010
3 4010 4222 4009
3 4224 4010 4011
3 4224 4223 4010
3 4011 3989 4216
3 4011 4216 4224
3 4012 4221 4008
3 4012 4225 4221
3 4227 4226 4014
3 4014 4226 4013
3 4228 4014 4015
3 4228 4227 4014
3 4015 4009 4222
3 4015 4222 4228
3 4016 4225 4012
3 4016 4229 4225
3 4231 4230 4018
3 4018 4230 4017
3 4018 4013 4226
3 4018 4226 4231
3 4019 4229 4016
3 4019 4232 4229
3 4235 4234 4233
3 4230 4235 4233
3 4021 4230 4233
3 4017 4230 4021
3 4022 4232 4019
3 4022 4236 4232
3 4233 4234 4024
3 4234 4023 4024
3 4234 4237 4023
3 4233 4024 4021
3 4025 4236 4022
3 4025 4238 4236
3 4239 4026 4027
3 4240 4239 4027
3 4023 4240 4027
3 4237 4240 4023
3 4028 4238 4025
3 4028 4241 4238
3 4243 4242 4239
3 4242 4026 4239
3 4242 4029 4026
3 4243 4239 4240
3 4030 4241 4028
3 4030 4244 4241
3 4246 4245 4033
3 4033 4245 4032
3 4033 4029 4242
3 4033 4242 4246
3 4247 4244 4030
3 4247 4030 4034
3 4034 4035 4247
3 4247 4035 4248
3 4245 4036 4032
3 4249 4036 4245
3 4037 4248 4035
3 4037 4250 4248
3 4252 4251 4039
3 4039 4251 4038
3 4039 4036 4249
3 4039 4249 4252
3 4040 4250 4037
3 4040 4253 4250
3 4251 4041 4038
3 4254 4041 4251
3 4042 4253 4040
3 4042 4255 4253
3 4257 4256 4044
3 4044 4256 4043
3 4044 4041 4254
3 4044 4254 4257
3 4045 4255 4042
3 4045 4258 4255
3 4256 4046 4043
3 4259 4046 4256
3 4047 4258 4045
3 4047 4260 4258
3 4261 4048 4049
3 4262 4261 4049
3 4046 4262 4049
3 4259 4262 4046
3 4050 4260 4047
3 4050 4263 4260
3 4265 4264 4261
3 4264 4048 4261
3 4264 4051 4048
3 4265 4261 4262
3 4052 4263 4050
3 4052 4266 4263
3 4264 4053 4051
3 4267 4053 4264
3 4054 4266 4052
3 4054 4268 4266
3 4267 4055 4053
3 4269 4055 4267
3 4056 4268 4054
3 4056 4270 4268
3 4269 4057 4055
3 4271 4057 4269
3 4058 4273 4272
3 4270 4058 4272
3 4056 4058 4270
3 4273 4274 4272
3 4271 4059 4057
3 4275 4059 4271
3 4060 4273 4058
3 4060 4062 4273
3 4062 4274 4273
3 4062 4276 4274
3 4275 4063 4059
3 4277 4063 4275
3 4065 4276 4062
3 4065 4278 4276
3 4277 4066 4063
3 4279 4066 4277
3 4068 4278 4065
3 4068 4280 4278
3 4279 4069 4066
3 4281 4069 4279
3 4071 4280 4068
3 4071 4282 4280
3 4281 4072 4069
3 4283 4072 4281
3 4074 4282 4071
3 4074 4284 4282
3 4283 4075 4072
3 4285 4075 4283
3 4288 4287 4286
3 4287 4284 4286
3 4284 4077 4286
3 4284 4074 4077
3 4285 4078 4075
3 4289 4078 4285
3 4288 4286 4079
3 4080 4288 4079
3 4290 4288 4080
3 4079 4286 4077
3 4289 4081 4078
3 4291 4081 4289
3 4082 4290 4080
3 4082 4292 4290
3 4083 4081 4293
3 4081 4294 4293
3 4081 4291 4294
3 4293 4085 4083
3 4086 4292 4082
3 4086 4295 4292
3 4294 4296 4293
3 4085 4293 4296
3 4297 4085 4296
3 4087 4085 4297
3 4088 4295 4086
3 4088 4298 4295
3 4297 4299 4087
3 4087 4299 4089
3 4090 4089 4299
3 4090 4299 4300
3 4091 4298 4088
3 4091 4301 4298
3 4300 4092 4090
3 4302 4092 4300
3 4093 4301 4091
3 4093 4303 4301
3 4302 4304 4092
3 4092 4304 4094
3 4095 4094 4304
3 4095 4304 4305
3 4096 4303 4093
3 4096 4306 4303
3 4097 4095 4307
3 4095 4308 4307
3 4095 4305 4308
3 4307 4099 4097
3 4100 4306 4096
3 4100 4309 4306
3 4308 4310 4307
3 4099 4307 4310
3 4311 4099 4310
3 4101 4099 4311
3 4102 4309 4100
3 4102 4312 4309
3 4311 4313 4101
3 4101 4313 4103
3 4104 4103 4313
3 4104 4313 4314
3 4105 4312 4102
3 4105 4315 4312
3 4314 4106 4104
3 4316 4106 4314
3 4107 4315 4105
3 4107 4317 4315
3 4316 4318 4106
3 4106 4318 4108
3 4109 4108 4318
3 4109 4318 4319
3 4110 4317 4107
3 4110 4320 4317
3 4319 4321 4109
3 4109 4321 4111
3 4112 4111 4321
3 4112 4321 4322
3 4113 4320 4110
3 4113 4323 4320
3 4322 4324 4112
3 4112 4324 4114
3 4114 4325 4115
3 4324 4325 4114
3 4115 4326 4116
3 4325 4326 4115
3 4117 4116 4326
3 4117 4326 4327
3 4118 4323 4113
3 4118 4328 4323
3 4327 4329 4117
3 4117 4329 4119
3 4119 4330 4120
3 4329 4330 4119
3 4330 4332 4331
3 4121 4330 4331
3 4120 4330 4121
3 4333 4122 4121
3 4333 4121 4331
3 4333 4124 4122
3 4128 4334 4129
3 4129 4334 4335
3 4336 4129 4335
3 4130 4129 4336
3 4132 4130 4336
3 4132 4336 4337
3 4135 4338 4136
3 4339 4137 4136
3 4339 4136 4338
3 4339 4138 4137
3 4141 4340 4142
3 4341 4143 4142
3 4341 4142 4340
3 4341 4144 4143
3 4147 4342 4148
3 4343 4149 4148
3 4343 4148 4342
3 4343 4151 4149
3 4153 4344 4154
3 4345 4155 4154
3 4345 4154 4344
3 4155 4345 4346
3 4347 4155 4346
3 4156 4155 4347
3 4156 4348 4157
3 4347 4348 4156
3 4118 4157 4328
3 4328 4157 4348
3 4332 4349 4331
3 4331 4349 4333
3 4333 4349 4350
3 4333 4350 4124
3 4350 4158 4124
3 4350 4351 4158
3 4158 4352 4159
3 4351 4352 4158
3 4159 4353 4160
3 4352 4353 4159
3 4160 4354 4161
3 4353 4354 4160
3 4128 4161 4334
3 4161 4355 4334
3 4161 4354 4355
3 4334 4355 4335
3 4337 4356 4132
3 4132 4356 4162
3 4162 4357 4163
3 4356 4357 4162
3 4163 4358 4164
3 4357 4358 4163
3 4135 4164 4338
3 4164 4359 4338
3 4164 4358 4359
3 4338 4359 4339
3 4339 4359 4360
3 4339 4360 4138
3 4360 4165 4138
3 4360 4361 4165
3 4165 4362 4166
3 4361 4362 4165
3 4166 4363 4167
3 4362 4363 4166
3 4141 4167 4340
3 4167 4364 4340
3 4167 4363 4364
3 4340 4364 4341
3 4341 4364 4365
3 4341 4365 4144
3 4365 4168 4144
3 4365 4366 4168
3 4168 4367 4169
3 4366 4367 4168
3 4169 4368 4170
3 4367 4368 4169
3 4147 4170 4342
3 4170 4369 4342
3 4170 4368 4369
3 4342 4369 4343
3 4343 4369 4370
3 4343 4370 4151
3 4370 4171 4151
3 4370 4371 4171
3 4171 4372 4172
3 4371 4372 4171
3 4153 4172 4344
3 4172 4373 4344
3 4172 4372 4373
3 4344 4373 4345
3 4345 4373 4374
3 4345 4374 4346
3 4376 4375 4175
3 4175 4375 4174
3 4378 4377 4176
3 4377 4175 4176
3 4377 4376 4175
3 4177 4178 4378
3 4178 4377 4378
3 4178 4379 4377
3 4380 4178 4179
3 4380 4379 4178
3 4381 4179 4180
3 4381 4380 4179
3 4382 4180 4182
3 4382 4381 4180
3 4383 4182 4184
3 4383 4382 4182
3 4384 4184 4186
3 4384 4383 4184
3 4385 4186 4187
3 4385 4384 4186
3 4386 4187 4188
3 4386 4385 4187
3 4387 4188 4190
3 4387 4386 4188
3 4388 4190 4192
3 4388 4387 4190
3 4389 4192 4194
3 4389 4388 4192
3 4390 4194 4195
3 4390 4389 4194
3 4391 4195 4196
3 4391 4390 4195
3 4392 4196 4198
3 4392 4391 4196
3 4393 4198 4200
3 4393 4392 4198
3 4394 4200 4202
3 4394 4393 4200
3 4395 4202 4203
3 4395 4394 4202
3 4396 4203 4204
3 4396 4395 4203
3 4397 4204 4206
3 4397 4396 4204
3 4398 4206 4208
3 4398 4397 4206
3 4399 4208 4209
3 4399 4398 4208
3 4400 4209 4210
3 4400 4399 4209
3 4401 4210 4212
3 4401 4400 4210
3 4402 4212 4214
3 4402 4401 4212
3 4214 4215 4402
3 4402 4215 4403
3 4405 4404 4217
3 4217 4404 4216
3 4406 4217 4218
3 4406 4405 4217
3 4218 4174 4375
3 4218 4375 4406
3 4219 4378 4176
3 4378 4219 4177
3 4407 4403 4215
3 4407 4215 4220
3 4220 4221 4407
3 4407 4221 4408
3 4410 4409 4223
3 4223 4409 4222
3 4411 4223 4224
3 4411 4410 4223
3 4224 4216 4404
3 4224 4404 4411
3 4225 4408 4221
3 4225 4412 4408
3 4414 4413 4227
3 4227 4413 4226
3 4415 4227 4228
3 4415 4414 4227
3 4228 4222 4409
3 4228 4409 4415
3 4229 4412 4225
3 4229 4416 4412
3 4418 4417 4231
3 4231 4417 4230
3 4231 4226 4413
3 4231 4413 4418
3 4232 4416 4229
3 4232 4419 4416
3 4421 4420 4235
3 4235 4420 4234
3 4235 4230 4417
3 4235 4417 4421
3 4236 4419 4232
3 4236 4422 4419
3 4420 4237 4234
3 4423 4237 4420
3 4238 4422 4236
3 4238 4424 4422
3 4427 4426 4425
3 4423 4427 4425
3 4240 4423 4425
3 4237 4423 4240
3 4241 4424 4238
3 4241 4428 4424
3 4425 4426 4243
3 4426 4242 4243
3 4426 4429 4242
3 4425 4243 4240
3 4244 4428 4241
3 4244 4430 4428
3 4432 4431 4246
3 4246 4431 4245
3 4246 4242 4429
3 4246 4429 4432
3 4433 4430 4244
3 4433 4244 4247
3 4247 4248 4433
3 4433 4248 4434
3 4431 4249 4245
3 4435 4249 4431
3 4250 4434 4248
3 4250 4436 4434
3 4438 4437 4252
3 4252 4437 4251
3 4252 4249 4435
3 4252 4435 4438
3 4253 4436 4250
3 4253 4439 4436
3 4437 4254 4251
3 4440 4254 4437
3 4255 4439 4253
3 4255 4441 4439
3 4443 4442 4257
3 4257 4442 4256
3 4257 4254 4440
3 4257 4440 4443
3 4258 4441 4255
3 4258 4444 4441
3 4442 4259 4256
3 4445 4259 4442
3 4260 4444 4258
3 4260 4446 4444
3 4449 4448 4447
3 4445 4449 4447
3 4262 4445 4447
3 4259 4445 4262
3 4263 4446 4260
3 4263 4450 4446
3 4447 4448 4265
3 4448 4264 4265
3 4448 4451 4264
3 4447 4265 4262
3 4266 4450 4263
3 4266 4452 4450
3 4451 4267 4264
3 4453 4267 4451
3 4268 4452 4266
3 4268 4454 4452
3 4453 4269 4267
3 4455 4269 4453
3 4270 4457 4456
3 4454 4270 4456
3 4268 4270 4454
3 4457 4458 4456
3 4455 4271 4269
3 4459 4271 4455
3 4272 4457 4270
3 4272 4274 4457
3 4274 4458 4457
3 4274 4460 4458
3 4459 4275 4271
3 4461 4275 4459
3 4276 4460 4274
3 4276 4462 4460
3 4461 4277 4275
3 4463 4277 4461
3 4278 4462 4276
3 4278 4464 4462
3 4463 4279 4277
3 4465 4279 4463
3 4280 4464 4278
3 4280 4466 4464
3 4465 4281 4279
3 4467 4281 4465
3 4282 4466 4280
3 4282 4468 4466
3 4467 4283 4281
3 4469 4283 4467
3 4284 4468 4282
3 4284 4470 4468
3 4469 4285 4283
3 4471 4285 4469
3 4473 4472 4287
3 4473 4287 4288
3 4284 4287 4470
3 4470 4287 4472
3 4471 4289 4285
3 4474 4289 4471
3 4290 4473 4288
3 4290 4475 4473
3 4474 4291 4289
3 4476 4291 4474
3 4292 4475 4290
3 4292 4477 4475
3 4479 4294 4478
3 4294 4476 4478
3 4294 4291 4476
3 4480 4479 4478
3 4295 4477 4292
3 4295 4481 4477
3 4479 4296 4294
3 4297 4296 4479
3 4480 4297 4479
3 4482 4297 4480
3 4298 4481 4295
3 4298 4483 4481
3 4482 4484 4297
3 4297 4484 4299
3 4300 4299 4484
3 4300 4484 4485
3 4301 4483 4298
3 4301 4486 4483
3 4485 4302 4300
3 4487 4302 4485
3 4303 4486 4301
3 4303 4488 4486
3 4487 4489 4302
3 4302 4489 4304
3 4305 4304 4489
3 4305 4489 4490
3 4306 4488 4303
3 4306 4491 4488
3 4493 4308 4492
3 4308 4490 4492
3 4308 4305 4490
3 4494 4493 4492
3 4309 4491 4306
3 4309 4495 4491
3 4493 4310 4308
3 4311 4310 4493
3 4494 4311 4493
3 4496 4311 4494
3 4312 4495 4309
3 4312 4497 4495
3 4496 4498 4311
3 4311 4498 4313
3 4314 4313 4498
3 4314 4498 4499
3 4315 4497 4312
3 4315 4500 4497
3 4499 4316 4314
3 4501 4316 4499
3 4317 4500 4315
3 4317 4502 4500
3 4501 4503 4316
3 4316 4503 4318
3 4319 4318 4503
3 4319 4503 4504
3 4320 4502 4317
3 4320 4505 4502
3 4504 4506 4319
3 4319 4506 4321
3 4322 4321 4506
3 4322 4506 4507
3 4323 4505 4320
3 4323 4508 4505
3 4507 4509 4322
3 4322 4509 4324
3 4324 4510 4325
3 4509 4510 4324
3 4325 4511 4326
3 4510 4511 4325
3 4327 4326 4511
3 4327 4511 4512
3 4515 4514 4513
3 4514 4508 4513
3 4508 4328 4513
3 4508 4323 4328
3 4512 4516 4327
3 4327 4516 4329
3 4329 4517 4330
3 4516 4517 4329
3 4332 4330 4517
3 4332 4517 4518
3 4335 4519 4336
3 4519 4337 4336
3 4346 4520 4347
3 4521 4515 4513
3 4347 4521 4513
3 4348 4347 4513
3 4521 4347 4520
3 4348 4513 4328
3 4518 4522 4332
3 4332 4522 4349
3 4349 4523 4350
3 4522 4523 4349
3 4350 4524 4351
3 4523 4524 4350
3 4351 4525 4352
3 4524 4525 4351
3 4352 4526 4353
3 4525 4526 4352
3 4353 4527 4354
3 4526 4527 4353
3 4354 4528 4355
3 4527 4528 4354
3 4335 4355 4519
3 4355 4529 4519
3 4355 4528 4529
3 4519 4529 4337
3 4529 4356 4337
3 4529 4530 4356
3 4356 4531 4357
3 4530 4531 4356
3 4357 4532 4358
3 4531 4532 4357
3 4358 4533 4359
3 4532 4533 4358
3 4359 4534 4360
3 4533 4534 4359
3 4360 4535 4361
3 4534 4535 4360
3 4361 4536 4362
3 4535 4536 4361
3 4362 4537 4363
3 4536 4537 4362
3 4363 4538 4364
3 4537 4538 4363
3 4364 4539 4365
3 4538 4539 4364
3 4365 4540 4366
3 4539 4540 4365
3 4366 4541 4367
3 4540 4541 4366
3 4367 4542 4368
3 4541 4542 4367
3 4368 4543 4369
3 4542 4543 4368
3 4369 4544 4370
3 4543 4544 4369
3 4370 4545 4371
3 4544 4545 4370
3 4371 4546 4372
3 4545 4546 4371
3 4372 4547 4373
3 4546 4547 4372
3 4373 4548 4374
3 4547 4548 4373
3 4346 4374 4520
3 4374 4549 4520
3 4374 4548 4549
3 4520 4549 4521
3 4551 4550 4376
3 4376 4550 4375
3 4552 4376 4377
3 4552 4551 4376
3 4553 4377 4379
3 4553 4552 4377
3 4554 4379 4380
3 4554 4553 4379
3 4555 4380 4381
3 4555 4554 4380
3 4556 4381 4382
3 4556 4555 4381
3 4557 4382 4383
3 4557 4556 4382
3 4558 4383 4384
3 4558 4557 4383
3 4559 4384 4385
3 4559 4558 4384
3 4560 4385 4386
3 4560 4559 4385
3 4561 4386 4387
3 4561 4560 4386
3 4562 4387 4388
3 4562 4561 4387
3 4563 4388 4389
3 4563 4562 4388
3 4564 4389 4390
3 4564 4563 4389
3 4565 4390 4391
3 4565 4564 4390
3 4566 4391 4392
3 4566 4565 4391
3 4567 4392 4393
3 4567 4566 4392
3 4568 4393 4394
3 4568 4567 4393
3 4569 4394 4395
3 4569 4568 4394
3 4570 4395 4396
3 4570 4569 4395
3 4571 4396 4397
3 4571 4570 4396
3 4572 4397 4398
3 4572 4571 4397
3 4573 4398 4399
3 4573 4572 4398
3 4574 4399 4400
3 4574 4573 4399
3 4575 4400 4401
3 4575 4574 4400
3 4576 4401 4402
3 4576 4575 4401
3 4402 4403 4576
3 4576 4403 4577
3 4579 4578 4405
3 4405 4578 4404
3 4580 4405 4406
3 4580 4579 4405
3 4406 4375 4550
3 4406 4550 4580
3 4581 4577 4403
3 4581 4403 4407
3 4407 4408 4581
3 4581 4408 4582
3 4584 4583 4410
3 4410 4583 4409
3 4585 4410 4411
3 4585 4584 4410
3 4411 4404 4578
3 4411 4578 4585
3 4412 4582 4408
3 4412 4586 4582
3 4588 4587 4414
3 4414 4587 4413
3 4589 4414 4415
3 4589 4588 4414
3 4415 4409 4583
3 4415 4583 4589
3 4416 4586 4412
3 4416 4590 4586
3 4592 4591 4418
3 4418 4591 4417
3 4418 4413 4587
3 4418 4587 4592
3 4419 4590 4416
3 4419 4593 4590
3 4594 4420 4421
3 4595 4594 4421
3 4417 4595 4421
3 4591 4595 4417
3 4422 4593 4419
3 4422 4596 4593
3 4598 4597 4594
3 4597 4420 4594
3 4597 4423 4420
3 4598 4594 4595
3 4424 4596 4422
3 4424 4599 4596
3 4601 4600 4427
3 4427 4600 4426
3 4427 4423 4597
3 4427 4597 4601
3 4428 4599 4424
3 4428 4602 4599
3 4600 4429 4426
3 4603 4429 4600
3 4430 4602 4428
3 4430 4604 4602
3 4606 4605 4432
3 4432 4605 4431
3 4432 4429 4603
3 4432 4603 4606
3 4607 4604 4430
3 4607 4430 4433
3 4433 4434 4607
3 4607 4434 4608
3 4605 4435 4431
3 4609 4435 4605
3 4436 4608 4434
3 4436 4610 4608
3 4612 4611 4438
3 4438 4611 4437
3 4438 4435 4609
3 4438 4609 4612
3 4439 4610 4436
3 4439 4613 4610
3 4611 4440 4437
3 4614 4440 4611
3 4441 4613 4439
3 4441 4615 4613
3 4617 4616 4443
3 4443 4616 4442
3 4443 4440 4614
3 4443 4614 4617
3 4444 4615 4441
3 4444 4618 4615
3 4616 4445 4442
3 4619 4445 4616
3 4446 4618 4444
3 4446 4620 4618
3 4622 4621 4449
3 4449 4621 4448
3 4449 4445 4619
3 4449 4619 4622
3 4450 4620 4446
3 4450 4623 4620
3 4621 4451 4448
3 4624 4451 4621
3 4452 4623 4450
3 4452 4625 4623
3 4624 4453 4451
3 4626 4453 4624
3 4454 4625 4452
3 4454 4627 4625
3 4626 4455 4453
3 4628 4455 4626
3 4629 4627 4454
3 4629 4454 4456
3 4456 4458 4629
3 4629 4458 4630
3 4628 4459 4455
3 4631 4459 4628
3 4460 4630 4458
3 4460 4632 4630
3 4631 4461 4459
3 4633 4461 4631
3 4462 4632 4460
3 4462 4634 4632
3 4633 4463 4461
3 4635 4463 4633
3 4464 4634 4462
3 4464 4636 4634
3 4635 4465 4463
3 4637 4465 4635
3 4466 4636 4464
3 4466 4638 4636
3 4637 4467 4465
3 4639 4467 4637
3 4468 4638 4466
3 4468 4640 4638
3 4639 4469 4467
3 4641 4469 4639
3 4470 4640 4468
3 4470 4642 4640
3 4641 4471 4469
3 4643 4471 4641
3 4645 4644 4472
3 4645 4472 4473
3 4470 4472 4642
3 4642 4472 4644
3 4643 4474 4471
3 4646 4474 4643
3 4475 4645 4473
3 4475 4647 4645
3 4646 4476 4474
3 4648 4476 4646
3 4477 4647 4475
3 4477 4649 4647
3 4648 4650 4476
3 4476 4650 4478
3 4480 4478 4650
3 4480 4650 4651
3 4481 4649 4477
3 4481 4652 4649
3 4651 4482 4480
3 4653 4482 4651
3 4483 4652 4481
3 4483 4654 4652
3 4653 4655 4482
3 4482 4655 4484
3 4485 4484 4655
3 4485 4655 4656
3 4486 4654 4483
3 4486 4657 4654
3 4656 4487 4485
3 4658 4487 4656
3 4488 4657 4486
3 4488 4659 4657
3 4658 4660 4487
3 4487 4660 4489
3 4490 4489 4660
3 4490 4660 4661
3 4491 4659 4488
3 4491 4662 4659
3 4492 4490 4663
3 4490 4664 4663
3 4490 4661 4664
3 4663 4494 4492
3 4495 4662 4491
3 4495 4665 4662
3 4664 4666 4663
3 4494 4663 4666
3 4667 4494 4666
3 4496 4494 4667
3 4497 4665 4495
3 4497 4668 4665
3 4667 4669 4496
3 4496 4669 4498
3 4499 4498 4669
3 4499 4669 4670
3 4500 4668 4497
3 4500 4671 4668
3 4670 4501 4499
3 4672 4501 4670
3 4502 4671 4500
3 4502 4673 4671
3 4672 4674 4501
3 4501 4674 4503
3 4504 4503 4674
3 4504 4674 4675
3 4505 4673 4502
3 4505 4676 4673
3 4675 4677 4504
3 4504 4677 4506
3 4679 4678 4507
3 4506 4679 4507
3 4677 4679 4506
3 4680 4678 4679
3 4683 4682 4681
3 4682 4676 4681
3 4676 4508 4681
3 4676 4505 4508
3 4678 4509 4507
3 4680 4684 4678
3 4684 4509 4678
3 4684 4510 4509
3 4684 4686 4685
3 4511 4684 4685
3 4510 4684 4511
3 4685 4512 4511
3 4683 4681 4514
3 4515 4683 4514
3 4687 4683 4515
3 4514 4681 4508
3 4686 4688 4685
3 4685 4688 4512
3 4688 4516 4512
3 4688 4689 4516
3 4516 4690 4517
3 4689 4690 4516
3 4518 4517 4690
3 4518 4690 4691
3 4694 4693 4692
3 4693 4687 4692
3 4687 4521 4692
3 4687 4515 4521
3 4691 4695 4518
3 4518 4695 4522
3 4522 4696 4523
3 4695 4696 4522
3 4523 4697 4524
3 4696 4697 4523
3 4524 4698 4525
3 4697 4698 4524
3 4525 4699 4526
3 4698 4699 4525
3 4526 4700 4527
3 4699 4700 4526
3 4527 4701 4528
3 4700 4701 4527
3 4528 4702 4529
3 4701 4702 4528
3 4529 4703 4530
3 4702 4703 4529
3 4530 4704 4531
3 4703 4704 4530
3 4531 4705 4532
3 4704 4705 4531
3 4532 4706 4533
3 4705 4706 4532
3 4533 4707 4534
3 4706 4707 4533
3 4534 4708 4535
3 4707 4708 4534
3 4535 4709 4536
3 4708 4709 4535
3 4536 4710 4537
3 4709 4710 4536
3 4537 4711 4538
3 4710 4711 4537
3 4538 4712 4539
3 4711 4712 4538
3 4539 4713 4540
3 4712 4713 4539
3 4540 4714 4541
3 4713 4714 4540
3 4541 4715 4542
3 4714 4715 4541
3 4542 4716 4543
3 4715 4716 4542
3 4543 4717 4544
3 4716 4717 4543
3 4544 4718 4545
3 4717 4718 4544
3 4545 4719 4546
3 4718 4719 4545
3 4546 4720 4547
3 4719 4720 4546
3 4547 4721 4548
3 4720 4721 4547
3 4692 4549 4694
3 4549 4721 4694
3 4549 4548 4721
3 4549 4692 4521
3 4722 4550 4551
3 4722 4551 4723
3 4551 4724 4723
3 4551 4552 4724
3 4725 4552 4553
3 4725 4724 4552
3 4726 4553 4554
3 4726 4725 4553
3 4727 4554 4555
3 4727 4726 4554
3 4728 4555 4556
3 4728 4727 4555
3 4729 4556 4557
3 4729 4728 4556
3 4730 4557 4558
3 4730 4729 4557
3 4731 4558 4559
3 4731 4730 4558
3 4732 4559 4560
3 4732 4731 4559
3 4733 4560 4561
3 4733 4732 4560
3 4734 4561 4562
3 4734 4733 4561
3 4735 4562 4563
3 4735 4734 4562
3 4736 4563 4564
3 4736 4735 4563
3 4737 4564 4565
3 4737 4736 4564
3 4738 4565 4566
3 4738 4737 4565
3 4739 4566 4567
3 4739 4738 4566
3 4740 4567 4568
3 4740 4739 4567
3 4741 4568 4569
3 4741 4740 4568
3 4742 4569 4570
3 4742 4741 4569
3 4743 4570 4571
3 4743 4742 4570
3 4744 4571 4572
3 4744 4743 4571
3 4745 4572 4573
3 4745 4744 4572
3 4746 4573 4574
3 4746 4745 4573
3 4747 4574 4575
3 4747 4746 4574
3 4748 4575 4576
3 4748 4747 4575
3 4576 4577 4748
3 4748 4577 4749
3 4751 4750 4579
3 4579 4750 4578
3 4752 4579 4580
3 4752 4751 4579
3 4580 4550 4722
3 4753 4580 4722
3 4752 4580 4753
3 4753 4722 4723
3 4754 4749 4577
3 4754 4577 4581
3 4581 4582 4754
3 4754 4582 4755
3 4758 4757 4756
3 4583 4584 4756
3 4584 4758 4756
3 4584 4759 4758
3 4760 4584 4585
3 4760 4759 4584
3 4585 4578 4750
3 4585 4750 4760
3 4586 4755 4582
3 4586 4761 4755
3 4763 4762 4588
3 4588 4762 4587
3 4589 4756 4757
3 4763 4589 4757
3 4588 4589 4763
3 4756 4589 4583
3 4590 4761 4586
3 4590 4764 4761
3 4766 4765 4592
3 4592 4765 4591
3 4592 4587 4762
3 4592 4762 4766
3 4593 4764 4590
3 4593 4767 4764
3 4770 4769 4768
3 4765 4770 4768
3 4595 4765 4768
3 4591 4765 4595
3 4596 4767 4593
3 4596 4771 4767
3 4768 4769 4598
3 4769 4597 4598
3 4769 4772 4597
3 4768 4598 4595
3 4599 4771 4596
3 4599 4773 4771
3 4775 4774 4601
3 4601 4774 4600
3 4601 4597 4772
3 4601 4772 4775
3 4602 4773 4599
3 4602 4776 4773
3 4774 4603 4600
3 4777 4603 4774
3 4604 4776 4602
3 4604 4778 4776
3 4779 4605 4606
3 4780 4779 4606
3 4603 4780 4606
3 4777 4780 4603
3 4781 4778 4604
3 4781 4604 4607
3 4607 4608 4781
3 4781 4608 4782
3 4784 4783 4779
3 4783 4605 4779
3 4783 4609 4605
3 4784 4779 4780
3 4610 4782 4608
3 4610 4785 4782
3 4787 4786 4612
3 4612 4786 4611
3 4612 4609 4783
3 4612 4783 4787
3 4613 4785 4610
3 4613 4788 4785
3 4786 4614 4611
3 4789 4614 4786
3 4615 4788 4613
3 4615 4790 4788
3 4792 4791 4617
3 4617 4791 4616
3 4617 4614 4789
3 4617 4789 4792
3 4618 4790 4615
3 4618 4793 4790
3 4791 4619 4616
3 4794 4619 4791
3 4620 4793 4618
3 4620 4795 4793
3 4797 4796 4622
3 4622 4796 4621
3 4622 4619 4794
3 4622 4794 4797
3 4623 4795 4620
3 4623 4798 4795
3 4796 4624 4621
3 4799 4624 4796
3 4625 4798 4623
3 4625 4800 4798
3 4799 4626 4624
3 4801 4626 4799
3 4627 4800 4625
3 4627 4802 4800
3 4801 4628 4626
3 4803 4628 4801
3 4804 4802 4627
3 4804 4627 4629
3 4629 4630 4804
3 4804 4630 4805
3 4803 4631 4628
3 4806 4631 4803
3 4632 4805 4630
3 4632 4807 4805
3 4806 4633 4631
3 4808 4633 4806
3 4634 4807 4632
3 4634 4809 4807
3 4808 4635 4633
3 4810 4635 4808
3 4636 4809 4634
3 4636 4811 4809
3 4810 4637 4635
3 4812 4637 4810
3 4638 4811 4636
3 4638 4813 4811
3 4812 4639 4637
3 4814 4639 4812
3 4640 4813 4638
3 4640 4815 4813
3 4814 4641 4639
3 4816 4641 4814
3 4819 4818 4817
3 4818 4815 4817
3 4815 4642 4817
3 4815 4640 4642
3 4816 4643 4641
3 4820 4643 4816
3 4819 4817 4644
3 4645 4819 4644
3 4821 4819 4645
3 4644 4817 4642
3 4820 4646 4643
3 4822 4646 4820
3 4647 4821 4645
3 4647 4823 4821
3 4822 4648 4646
3 4824 4648 4822
3 4649 4823 4647
3 4649 4825 4823
3 4824 4826 4648
3 4648 4826 4650
3 4651 4650 4826
3 4651 4826 4827
3 4652 4825 4649
3 4652 4828 4825
3 4827 4653 4651
3 4829 4653 4827
3 4654 4828 4652
3 4654 4830 4828
3 4829 4831 4653
3 4653 4831 4655
3 4656 4655 4831
3 4656 4831 4832
3 4657 4830 4654
3 4657 4833 4830
3 4832 4658 4656
3 4834 4658 4832
3 4659 4833 4657
3 4659 4835 4833
3 4834 4836 4658
3 4658 4836 4660
3 4661 4660 4836
3 4661 4836 4837
3 4662 4835 4659
3 4662 4838 4835
3 4837 4664 4661
3 4839 4664 4837
3 4665 4838 4662
3 4665 4840 4838
3 4839 4841 4664
3 4664 4841 4666
3 4667 4666 4841
3 4667 4841 4842
3 4668 4840 4665
3 4668 4843 4840
3 4842 4844 4667
3 4667 4844 4669
3 4670 4669 4844
3 4670 4844 4845
3 4671 4843 4668
3 4671 4846 4843
3 4845 4672 4670
3 4847 4672 4845
3 4850 4849 4848
3 4849 4846 4848
3 4846 4673 4848
3 4846 4671 4673
3 4847 4851 4672
3 4672 4851 4674
3 4675 4674 4851
3 4675 4851 4852
3 4850 4848 4853
3 4850 4853 4854
3 4676 4853 4673
3 4673 4853 4848
3 4852 4855 4675
3 4675 4855 4677
3 4855 4857 4856
3 4679 4855 4856
3 4677 4855 4679
3 4856 4680 4679
3 4854 4853 4682
3 4683 4854 4682
3 4858 4854 4683
3 4682 4853 4676
3 4857 4859 4856
3 4856 4859 4680
3 4859 4684 4680
3 4859 4860 4684
3 4862 4861 4686
3 4684 4862 4686
3 4860 4862 4684
3 4863 4861 4862
3 4687 4858 4683
3 4687 4864 4858
3 4861 4688 4686
3 4863 4865 4861
3 4865 4688 4861
3 4865 4689 4688
3 4689 4866 4690
3 4865 4866 4689
3 4691 4690 4866
3 4691 4866 4867
3 4694 4868 4693
3 4868 4869 4693
3 4869 4687 4693
3 4869 4864 4687
3 4867 4870 4691
3 4691 4870 4695
3 4695 4871 4696
3 4870 4871 4695
3 4696 4872 4697
3 4871 4872 4696
3 4697 4873 4698
3 4872 4873 4697
3 4698 4874 4699
3 4873 4874 4698
3 4699 4875 4700
3 4874 4875 4699
3 4700 4876 4701
3 4875 4876 4700
3 4701 4877 4702
3 4876 4877 4701
3 4702 4878 4703
3 4877 4878 4702
3 4703 4879 4704
3 4878 4879 4703
3 4704 4880 4705
3 4879 4880 4704
3 4705 4881 4706
3 4880 4881 4705
3 4706 4882 4707
3 4881 4882 4706
3 4707 4883 4708
3 4882 4883 4707
3 4708 4884 4709
3 4883 4884 4708
3 4709 4885 4710
3 4884 4885 4709
3 4710 4886 4711
3 4885 4886 4710
3 4711 4887 4712
3 4886 4887 4711
3 4712 4888 4713
3 4887 4888 4712
3 4713 4889 4714
3 4888 4889 4713
3 4714 4890 4715
3 4889 4890 4714
3 4715 4891 4716
3 4890 4891 4715
3 4716 4892 4717
3 4891 4892 4716
3 4717 4893 4718
3 4892 4893 4717
3 4718 4894 4719
3 4893 4894 4718
3 4719 4895 4720
3 4894 4895 4719
3 4720 4896 4721
3 4895 4896 4720
3 4694 4721 4868
3 4721 4897 4868
3 4721 4896 4897
3 4868 4897 4869
3 4900 4899 4898
3 4723 4724 4898
3 4724 4900 4898
3 4724 4901 4900
3 4902 4724 4725
3 4902 4901 4724
3 4904 4902 4903
3 4902 4726 4903
3 4902 4725 4726
3 4903 4726 4905
3 4726 4906 4905
3 4726 4727 4906
3 4907 4727 4728
3 4907 4906 4727
3 4908 4728 4729
3 4908 4907 4728
3 4909 4729 4730
3 4909 4908 4729
3 4911 4909 4910
3 4909 4731 4910
3 4909 4730 4731
3 4910 4731 4912
3 4731 4913 4912
3 4731 4732 4913
3 4914 4732 4733
3 4914 4913 4732
3 4915 4733 4734
3 4915 4914 4733
3 4917 4915 4916
3 4915 4735 4916
3 4915 4734 4735
3 4916 4735 4918
3 4735 4919 4918
3 4735 4736 4919
3 4920 4736 4737
3 4920 4919 4736
3 4921 4737 4738
3 4921 4920 4737
3 4922 4738 4739
3 4922 4921 4738
3 4924 4922 4923
3 4922 4740 4923
3 4922 4739 4740
3 4923 4740 4925
3 4740 4926 4925
3 4740 4741 4926
3 4927 4741 4742
3 4927 4926 4741
3 4928 4742 4743
3 4928 4927 4742
3 4930 4928 4929
3 4928 4744 4929
3 4928 4743 4744
3 4929 4744 4931
3 4744 4932 4931
3 4744 4745 4932
3 4933 4745 4746
3 4933 4932 4745
3 4934 4746 4747
3 4934 4933 4746
3 4936 4934 4935
3 4934 4748 4935
3 4934 4747 4748
3 4749 4935 4748
3 4937 4750 4751
3 4937 4751 4938
3 4751 4939 4938
3 4751 4752 4939
3 4753 4898 4899
3 4939 4753 4899
3 4752 4753 4939
3 4898 4753 4723
3 4940 4904 4903
3 4940 4903 4905
3 4941 4911 4910
3 4941 4910 4912
3 4942 4917 4916
3 4942 4916 4918
3 4943 4924 4923
3 4943 4923 4925
3 4944 4930 4929
3 4944 4929 4931
3 4945 4936 4935
3 4945 4935 4749
3 4754 4945 4749
3 4946 4945 4754
3 4754 4755 4946
3 4946 4755 4947
3 4948 4757 4758
3 4948 4758 4949
3 4758 4950 4949
3 4758 4759 4950
3 4951 4759 4760
3 4951 4950 4759
3 4760 4750 4937
3 4952 4760 4937
3 4951 4760 4952
3 4952 4937 4938
3 4761 4947 4755
3 4761 4953 4947
3 4955 4954 4763
3 4763 4954 4762
3 4763 4757 4948
3 4956 4763 4948
3 4955 4763 4956
3 4956 4948 4949
3 4764 4953 4761
3 4764 4957 4953
3 4959 4958 4766
3 4766 4958 4765
3 4766 4762 4954
3 4766 4954 4959
3 4767 4957 4764
3 4767 4960 4957
3 4961 4769 4770
3 4962 4961 4770
3 4765 4962 4770
3 4958 4962 4765
3 4771 4960 4767
3 4771 4963 4960
3 4965 4964 4961
3 4964 4769 4961
3 4964 4772 4769
3 4965 4961 4962
3 4773 4963 4771
3 4773 4966 4963
3 4968 4967 4775
3 4775 4967 4774
3 4775 4772 4964
3 4775 4964 4968
3 4776 4966 4773
3 4776 4969 4966
3 4967 4777 4774
3 4970 4777 4967
3 4778 4969 4776
3 4778 4971 4969
3 4974 4973 4972
3 4970 4974 4972
3 4780 4970 4972
3 4777 4970 4780
3 4975 4971 4778
3 4975 4778 4781
3 4781 4782 4975
3 4975 4782 4976
3 4972 4973 4784
3 4973 4783 4784
3 4973 4977 4783
3 4972 4784 4780
3 4785 4976 4782
3 4785 4978 4976
3 4979 4786 4787
3 4980 4979 4787
3 4783 4980 4787
3 4977 4980 4783
3 4788 4978 4785
3 4788 4981 4978
3 4983 4982 4979
3 4982 4786 4979
3 4982 4789 4786
3 4983 4979 4980
3 4790 4981 4788
3 4790 4984 4981
3 4986 4985 4792
3 4792 4985 4791
3 4792 4789 4982
3 4792 4982 4986
3 4793 4984 4790
3 4793 4987 4984
3 4985 4794 4791
3 4988 4794 4985
3 4795 4987 4793
3 4795 4989 4987
3 4991 4990 4797
3 4797 4990 4796
3 4797 4794 4988
3 4797 4988 4991
3 4798 4989 4795
3 4798 4992 4989
3 4990 4799 4796
3 4993 4799 4990
3 4800 4992 4798
3 4800 4994 4992
3 4993 4801 4799
3 4995 4801 4993
3 4802 4994 4800
3 4802 4996 4994
3 4995 4803 4801
3 4997 4803 4995
3 4802 4804 4998
3 4999 4802 4998
3 4996 4802 4999
3 4805 4998 4804
3 4997 4806 4803
3 5000 4806 4997
3 5001 4999 4998
3 4998 4805 5001
3 4805 5002 5001
3 4805 4807 5002
3 5000 4808 4806
3 5003 4808 5000
3 4809 5002 4807
3 4809 5004 5002
3 5003 4810 4808
3 5005 4810 5003
3 4811 5004 4809
3 4811 5006 5004
3 5005 4812 4810
3 5007 4812 5005
3 4813 5006 4811
3 4813 5008 5006
3 5007 4814 4812
3 5009 4814 5007
3 4815 5008 4813
3 4815 5010 5008
3 5009 4816 4814
3 5011 4816 5009
3 5013 5012 4818
3 5013 4818 4819
3 4815 4818 5010
3 5010 4818 5012
3 5011 4820 4816
3 5014 4820 5011
3 4821 5013 4819
3 4821 5015 5013
3 5014 4822 4820
3 5016 4822 5014
3 4823 5015 4821
3 4823 5017 5015
3 5016 4824 4822
3 5018 4824 5016
3 4825 5017 4823
3 4825 5019 5017
3 5018 5020 4824
3 4824 5020 4826
3 4827 4826 5020
3 4827 5020 5021
3 4828 5019 4825
3 4828 5022 5019
3 5021 4829 4827
3 5023 4829 5021
3 4830 5022 4828
3 4830 5024 5022
3 5023 5025 4829
3 4829 5025 4831
3 4832 4831 5025
3 4832 5025 5026
3 4833 5024 4830
3 4833 5027 5024
3 5026 4834 4832
3 5028 4834 5026
3 4835 5027 4833
3 4835 5029 5027
3 5028 5030 4834
3 4834 5030 4836
3 4837 4836 5030
3 4837 5030 5031
3 4838 5029 4835
3 4838 5032 5029
3 5031 4839 4837
3 5033 4839 5031
3 4840 5032 4838
3 4840 5034 5032
3 5033 5035 4839
3 4839 5035 4841
3 4842 4841 5035
3 4842 5035 5036
3 4843 5034 4840
3 4843 5037 5034
3 5036 5038 4842
3 4842 5038 4844
3 4845 4844 5038
3 4845 5038 5039
3 5042 5041 5040
3 5041 5037 5040
3 5037 4846 5040
3 5037 4843 4846
3 5039 4847 4845
3 5043 4847 5039
3 5042 5040 4849
3 4850 5042 4849
3 5044 5042 4850
3 4849 5040 4846
3 5043 5045 4847
3 4847 5045 4851
3 4852 4851 5045
3 4852 5045 5046
3 4854 5044 4850
3 4854 5047 5044
3 5046 5048 4852
3 4852 5048 4855
3 5050 5049 4857
3 4855 5050 4857
3 5048 5050 4855
3 5051 5049 5050
3 4858 5047 4854
3 4858 5052 5047
3 5049 4859 4857
3 5051 5053 5049
3 5053 4859 5049
3 5053 4860 4859
3 5053 5055 5054
3 4862 5053 5054
3 4860 5053 4862
3 5054 4863 4862
3 4864 5052 4858
3 4864 5056 5052
3 5055 5057 5054
3 5054 5057 4863
3 5057 4865 4863
3 5057 5058 4865
3 4865 5059 4866
3 5058 5059 4865
3 4867 4866 5059
3 4867 5059 5060
3 5063 5062 5061
3 5062 5056 5061
3 5056 4869 5061
3 5056 4864 4869
3 5060 5064 4867
3 4867 5064 4870
3 4870 5065 4871
3 5064 5065 4870
3 5065 5067 5066
3 4872 5065 5066
3 4871 5065 4872
3 4872 5066 5068
3 5069 4872 5068
3 4873 4872 5069
3 4873 5070 4874
3 5069 5070 4873
3 4874 5071 4875
3 5070 5071 4874
3 5071 5073 5072
3 4876 5071 5072
3 4875 5071 4876
3 5074 4877 4876
3 5074 4876 5072
3 4877 5074 5075
3 5076 4877 5075
3 4878 4877 5076
3 4878 5077 4879
3 5076 5077 4878
3 4879 5078 4880
3 5077 5078 4879
3 4880 5079 4881
3 5078 5079 4880
3 4881 5080 4882
3 5079 5080 4881
3 5080 5082 5081
3 4883 5080 5081
3 4882 5080 4883
3 4883 5081 5083
3 5084 4883 5083
3 4884 4883 5084
3 4884 5085 4885
3 5084 5085 4884
3 4885 5086 4886
3 5085 5086 4885
3 5086 5088 5087
3 4887 5086 5087
3 4886 5086 4887
3 5089 4888 4887
3 5089 4887 5087
3 4888 5089 5090
3 5091 4888 5090
3 4889 4888 5091
3 4889 5092 4890
3 5091 5092 4889
3 4890 5093 4891
3 5092 5093 4890
3 5093 5095 5094
3 4892 5093 5094
3 4891 5093 4892
3 4892 5094 5096
3 5097 4892 5096
3 4893 4892 5097
3 4893 5098 4894
3 5097 5098 4893
3 4894 5099 4895
3 5098 5099 4894
3 4895 5100 4896
3 5099 5100 4895
3 5061 4897 5063
3 4897 5100 5063
3 4897 4896 5100
3 4897 5061 4869
3 5067 5101 5066
3 5066 5101 5068
3 5073 5102 5072
3 5072 5102 5074
3 5074 5102 5103
3 5074 5103 5075
3 5082 5104 5081
3 5081 5104 5083
3 5088 5105 5087
3 5087 5105 5089
3 5089 5105 5106
3 5089 5106 5090
3 5095 5107 5094
3 5094 5107 5096
3 5108 4899 4900
3 4901 5109 4900
3 4900 5109 5108
3 4902 5110 4901
3 4901 5110 5109
3 5112 5110 5111
3 5110 4902 5111
3 4904 5113 5111
3 4904 5111 4902
3 4905 4906 5113
3 4906 5111 5113
3 4906 5114 5111
3 5116 5114 5115
3 5114 4907 5115
3 5114 4906 4907
3 4908 5117 4907
3 4907 5117 5115
3 4909 5118 4908
3 4908 5118 5117
3 5120 5118 5119
3 5118 4909 5119
3 4911 5121 5119
3 4911 5119 4909
3 4912 4913 5121
3 4913 5119 5121
3 4913 5122 5119
3 5124 5122 5123
3 5122 4914 5123
3 5122 4913 4914
3 4915 5125 4914
3 4914 5125 5123
3 4917 5125 4915
3 5127 5126 4919
3 4919 5126 4918
3 5129 5127 5128
3 5127 4920 5128
3 5127 4919 4920
3 4921 5130 4920
3 4920 5130 5128
3 4922 5131 4921
3 4921 5131 5130
3 4924 5131 4922
3 5133 5132 4926
3 4926 5132 4925
3 5135 5133 5134
3 5133 4927 5134
3 5133 4926 4927
3 4928 5136 4927
3 4927 5136 5134
3 4930 5136 4928
3 5138 5137 4932
3 4932 5137 4931
3 5140 5138 5139
3 5138 4933 5139
3 5138 4932 4933
3 4934 5141 4933
3 4933 5141 5139
3 4936 5141 4934
3 5144 5143 5142
3 4938 4939 5142
3 4939 5144 5142
3 4939 5145 5144
3 4939 4899 5108
3 5146 4939 5108
3 5145 4939 5146
3 5146 5108 5109
3 5146 5109 5147
3 5147 5109 5110
3 5147 5110 5148
3 4904 4940 5113
3 5110 5112 5148
3 5113 4940 4905
3 5149 5116 5115
3 5149 5115 5117
3 5149 5117 5150
3 5150 5117 5118
3 5150 5118 5151
3 4911 4941 5121
3 5118 5120 5151
3 5121 4941 4912
3 5152 5124 5123
3 5152 5123 5125
3 5152 5125 5153
3 5153 5125 4917
3 4942 5153 4917
3 5154 5153 4942
3 4942 4918 5126
3 4942 5126 5154
3 5155 5129 5128
3 5155 5128 5130
3 5155 5130 5156
3 5156 5130 5131
3 5156 5131 5157
3 5157 5131 4924
3 4943 5157 4924
3 5158 5157 4943
3 4943 4925 5132
3 4943 5132 5158
3 5159 5135 5134
3 5159 5134 5136
3 5159 5136 5160
3 5160 5136 4930
3 4944 5160 4930
3 5161 5160 4944
3 4944 4931 5137
3 4944 5137 5161
3 5162 5140 5139
3 5162 5139 5141
3 5162 5141 5163
3 5163 5141 4936
3 4945 5163 4936
3 5164 5163 4945
3 5165 4945 4946
3 5165 5164 4945
3 4946 4947 5165
3 5165 4947 5166
3 5167 4949 4950
3 5167 4950 5168
3 4950 5169 5168
3 4950 4951 5169
3 4952 5142 5143
3 5169 4952 5143
3 4951 4952 5169
3 5142 4952 4938
3 4953 5166 4947
3 4953 5170 5166
3 5172 5171 4955
3 4955 5171 4954
3 5173 4955 4956
3 5173 5172 4955
3 4956 4949 5167
3 5174 4956 5167
3 5173 4956 5174
3 5174 5167 5168
3 4957 5170 4953
3 4957 5175 5170
3 5177 5176 4959
3 4959 5176 4958
3 4959 4954 5171
3 4959 5171 5177
3 4960 5175 4957
3 4960 5178 5175
3 5181 5180 5179
3 5176 5181 5179
3 4962 5176 5179
3 4958 5176 4962
3 4963 5178 4960
3 4963 5182 5178
3 5179 5180 4965
3 5180 4964 4965
3 5180 5183 4964
3 5179 4965 4962
3 4966 5182 4963
3 4966 5184 5182
3 5185 4967 4968
3 5186 5185 4968
3 4964 5186 4968
3 5183 5186 4964
3 4969 5184 4966
3 4969 5187 5184
3 5189 5188 5185
3 5188 4967 5185
3 5188 4970 4967
3 5189 5185 5186
3 4971 5187 4969
3 4971 5190 5187
3 5192 5191 4974
3 4974 5191 4973
3 4974 4970 5188
3 4974 5188 5192
3 5193 5190 4971
3 5193 4971 4975
3 4975 4976 5193
3 5193 4976 5194
3 5191 4977 4973
3 5195 4977 5191
3 4978 5194 4976
3 4978 5196 5194
3 5199 5198 5197
3 5195 5199 5197
3 4980 5195 5197
3 4977 5195 4980
3 4981 5196 4978
3 4981 5200 5196
3 5197 5198 4983
3 5198 4982 4983
3 5198 5201 4982
3 5197 4983 4980
3 4984 5200 4981
3 4984 5202 5200
3 5204 5203 4986
3 4986 5203 4985
3 4986 4982 5201
3 4986 5201 5204
3 4987 5202 4984
3 4987 5205 5202
3 5203 4988 4985
3 5206 4988 5203
3 4989 5205 4987
3 4989 5207 5205
3 5209 5208 4991
3 4991 5208 4990
3 4991 4988 5206
3 4991 5206 5209
3 4992 5207 4989
3 4992 5210 5207
3 5208 4993 4990
3 5211 4993 5208
3 4994 5210 4992
3 4994 5212 5210
3 5211 4995 4993
3 5213 4995 5211
3 4996 5212 4994
3 4996 5214 5212
3 5213 4997 4995
3 5215 4997 5213
3 4999 5214 4996
3 4999 5216 5214
3 5215 5000 4997
3 5217 5000 5215
3 4999 5001 5218
3 5219 4999 5218
3 5216 4999 5219
3 5002 5218 5001
3 5217 5003 5000
3 5220 5003 5217
3 5219 5218 5221
3 5219 5221 5222
3 5004 5221 5002
3 5002 5221 5218
3 5220 5005 5003
3 5223 5005 5220
3 5224 5222 5221
3 5221 5004 5224
3 5004 5225 5224
3 5004 5006 5225
3 5223 5007 5005
3 5226 5007 5223
3 5229 5228 5227
3 5228 5225 5227
3 5225 5008 5227
3 5225 5006 5008
3 5226 5009 5007
3 5230 5009 5226
3 5229 5227 5231
3 5229 5231 5232
3 5010 5231 5008
3 5008 5231 5227
3 5230 5011 5009
3 5233 5011 5230
3 5232 5231 5012
3 5013 5232 5012
3 5234 5232 5013
3 5012 5231 5010
3 5233 5014 5011
3 5235 5014 5233
3 5015 5234 5013
3 5015 5236 5234
3 5235 5016 5014
3 5237 5016 5235
3 5017 5236 5015
3 5017 5238 5236
3 5237 5018 5016
3 5239 5018 5237
3 5019 5238 5017
3 5019 5240 5238
3 5239 5241 5018
3 5018 5241 5020
3 5021 5020 5241
3 5021 5241 5242
3 5022 5240 5019
3 5022 5243 5240
3 5242 5023 5021
3 5244 5023 5242
3 5024 5243 5022
3 5024 5245 5243
3 5244 5246 5023
3 5023 5246 5025
3 5026 5025 5246
3 5026 5246 5247
3 5027 5245 5024
3 5027 5248 5245
3 5247 5028 5026
3 5249 5028 5247
3 5029 5248 5027
3 5029 5250 5248
3 5249 5251 5028
3 5028 5251 5030
3 5031 5030 5251
3 5031 5251 5252
3 5032 5250 5029
3 5032 5253 5250
3 5255 5033 5254
3 5033 5252 5254
3 5033 5031 5252
3 5256 5255 5254
3 5034 5253 5032
3 5034 5257 5253
3 5255 5035 5033
3 5036 5035 5255
3 5256 5036 5255
3 5258 5036 5256
3 5261 5260 5259
3 5260 5257 5259
3 5257 5037 5259
3 5257 5034 5037
3 5258 5262 5036
3 5036 5262 5038
3 5039 5038 5262
3 5039 5262 5263
3 5261 5259 5041
3 5042 5261 5041
3 5264 5261 5042
3 5041 5259 5037
3 5266 5043 5265
3 5043 5263 5265
3 5043 5039 5263
3 5267 5266 5265
3 5044 5264 5042
3 5044 5268 5264
3 5266 5045 5043
3 5046 5045 5266
3 5267 5046 5266
3 5269 5046 5267
3 5047 5268 5044
3 5047 5270 5268
3 5269 5271 5046
3 5046 5271 5048
3 5271 5273 5272
3 5050 5271 5272
3 5048 5271 5050
3 5272 5051 5050
3 5052 5270 5047
3 5052 5274 5270
3 5273 5275 5272
3 5272 5275 5051
3 5275 5053 5051
3 5275 5276 5053
3 5278 5277 5055
3 5053 5278 5055
3 5276 5278 5053
3 5279 5277 5278
3 5056 5274 5052
3 5056 5280 5274
3 5277 5057 5055
3 5279 5281 5277
3 5281 5057 5277
3 5281 5058 5057
3 5058 5282 5059
3 5281 5282 5058
3 5060 5059 5282
3 5060 5282 5283
3 5063 5284 5062
3 5284 5285 5062
3 5285 5056 5062
3 5285 5280 5056
3 5283 5286 5060
3 5060 5286 5064
3 5064 5287 5065
3 5286 5287 5064
3 5289 5288 5067
3 5065 5289 5067
3 5287 5289 5065
3 5069 5068 5288
3 5289 5069 5288
3 5290 5069 5289
3 5069 5291 5070
3 5290 5291 5069
3 5070 5292 5071
3 5291 5292 5070
3 5294 5293 5073
3 5071 5294 5073
3 5292 5294 5071
3 5296 5295 5293
3 5296 5293 5294
3 5076 5075 5295
3 5296 5076 5295
3 5297 5076 5296
3 5297 5299 5298
3 5077 5297 5298
3 5076 5297 5077
3 5077 5298 5300
3 5301 5077 5300
3 5078 5077 5301
3 5078 5302 5079
3 5301 5302 5078
3 5079 5303 5080
3 5302 5303 5079
3 5082 5080 5303
3 5082 5303 5304
3 5306 5305 5084
3 5306 5084 5083
3 5084 5307 5085
3 5305 5307 5084
3 5085 5308 5086
3 5307 5308 5085
3 5088 5086 5308
3 5088 5308 5309
3 5312 5311 5310
3 5091 5090 5310
3 5311 5091 5310
3 5313 5091 5311
3 5313 5315 5314
3 5092 5313 5314
3 5091 5313 5092
3 5092 5314 5316
3 5317 5092 5316
3 5093 5092 5317
3 5319 5318 5095
3 5093 5319 5095
3 5317 5319 5093
3 5097 5096 5318
3 5319 5097 5318
3 5320 5097 5319
3 5320 5322 5321
3 5098 5320 5321
3 5097 5320 5098
3 5098 5321 5323
3 5324 5098 5323
3 5099 5098 5324
3 5099 5325 5100
3 5324 5325 5099
3 5063 5100 5284
3 5100 5326 5284
3 5100 5325 5326
3 5284 5326 5285
3 5288 5101 5067
3 5101 5288 5068
3 5293 5102 5073
3 5102 5293 5103
3 5103 5293 5295
3 5103 5295 5075
3 5299 5327 5298
3 5298 5327 5300
3 5304 5328 5082
3 5082 5328 5104
3 5083 5104 5306
3 5306 5104 5328
3 5309 5329 5088
3 5088 5329 5105
3 5310 5106 5312
3 5106 5329 5312
3 5106 5105 5329
3 5106 5310 5090
3 5315 5330 5314
3 5314 5330 5316
3 5318 5107 5095
3 5107 5318 5096
3 5322 5331 5321
3 5321 5331 5323
3 5332 5112 5111
3 5114 5333 5111
3 5111 5333 5332
3 5116 5333 5114
3 5334 5120 5119
3 5122 5335 5119
3 5119 5335 5334
3 5124 5335 5122
3 5336 5126 5127
3 5129 5336 5127
3 5337 5132 5133
3 5135 5337 5133
3 5338 5137 5138
3 5140 5338 5138
3 5340 5339 5144
3 5144 5339 5143
3 5341 5144 5145
3 5341 5340 5144
3 5342 5145 5146
3 5342 5341 5145
3 5343 5146 5147
3 5343 5342 5146
3 5344 5147 5148
3 5344 5343 5147
3 5148 5112 5332
3 5345 5148 5332
3 5344 5148 5345
3 5345 5332 5333
3 5345 5333 5346
3 5346 5333 5116
3 5149 5346 5116
3 5347 5346 5149
3 5348 5149 5150
3 5348 5347 5149
3 5349 5150 5151
3 5349 5348 5150
3 5151 5120 5334
3 5350 5151 5334
3 5349 5151 5350
3 5350 5334 5335
3 5350 5335 5351
3 5351 5335 5124
3 5152 5351 5124
3 5352 5351 5152
3 5353 5152 5153
3 5353 5352 5152
3 5354 5153 5154
3 5354 5353 5153
3 5154 5126 5336
3 5355 5154 5336
3 5354 5154 5355
3 5355 5336 5129
3 5155 5355 5129
3 5356 5355 5155
3 5357 5155 5156
3 5357 5356 5155
3 5358 5156 5157
3 5358 5357 5156
3 5359 5157 5158
3 5359 5358 5157
3 5158 5132 5337
3 5360 5158 5337
3 5359 5158 5360
3 5360 5337 5135
3 5159 5360 5135
3 5361 5360 5159
3 5362 5159 5160
3 5362 5361 5159
3 5363 5160 5161
3 5363 5362 5160
3 5161 5137 5338
3 5364 5161 5338
3 5363 5161 5364
3 5364 5338 5140
3 5162 5364 5140
3 5365 5364 5162
3 5366 5162 5163
3 5366 5365 5162
3 5367 5163 5164
3 5367 5366 5163
3 5368 5164 5165
3 5368 5367 5164
3 5165 5166 5368
3 5368 5166 5369
3 5372 5371 5370
3 5168 5169 5370
3 5169 5372 5370
3 5169 5373 5372
3 5169 5143 5339
3 5169 5339 5373
3 5170 5369 5166
3 5170 5374 5369
3 5376 5375 5172
3 5172 5375 5171
3 5377 5172 5173
3 5377 5376 5172
3 5174 5370 5371
3 5377 5174 5371
3 5173 5174 5377
3 5370 5174 5168
3 5175 5374 5170
3 5175 5378 5374
3 5380 5379 5177
3 5177 5379 5176
3 5177 5171 5375
3 5177 5375 5380
3 5178 5378 5175
3 5178 5381 5378
3 5383 5382 5181
3 5181 5382 5180
3 5181 5176 5379
3 5181 5379 5383
3 5182 5381 5178
3 5182 5384 5381
3 5382 5183 5180
3 5385 5183 5382
3 5184 5384 5182
3 5184 5386 5384
3 5389 5388 5387
3 5385 5389 5387
3 5186 5385 5387
3 5183 5385 5186
3 5187 5386 5184
3 5187 5390 5386
3 5387 5388 5189
3 5388 5188 5189
3 5388 5391 5188
3 5387 5189 5186
3 5190 5390 5187
3 5190 5392 5390
3 5393 5191 5192
3 5394 5393 5192
3 5188 5394 5192
3 5391 5394 5188
3 5395 5392 5190
3 5395 5190 5193
3 5193 5194 5395
3 5395 5194 5396
3 5398 5397 5393
3 5397 5191 5393
3 5397 5195 5191
3 5398 5393 5394
3 5196 5396 5194
3 5196 5399 5396
3 5401 5400 5199
3 5199 5400 5198
3 5199 5195 5397
3 5199 5397 5401
3 5200 5399 5196
3 5200 5402 5399
3 5400 5201 5198
3 5403 5201 5400
3 5202 5402 5200
3 5202 5404 5402
3 5406 5405 5204
3 5204 5405 5203
3 5204 5201 5403
3 5204 5403 5406
3 5205 5404 5202
3 5205 5407 5404
3 5405 5206 5203
3 5408 5206 5405
3 5207 5407 5205
3 5207 5409 5407
3 5411 5410 5209
3 5209 5410 5208
3 5209 5206 5408
3 5209 5408 5411
3 5210 5409 5207
3 5210 5412 5409
3 5410 5211 5208
3 5413 5211 5410
3 5212 5412 5210
3 5212 5414 5412
3 5413 5213 5211
3 5415 5213 5413
3 5214 5414 5212
3 5214 5416 5414
3 5415 5215 5213
3 5417 5215 5415
3 5216 5416 5214
3 5216 5418 5416
3 5417 5217 5215
3 5419 5217 5417
3 5219 5418 5216
3 5219 5420 5418
3 5419 5220 5217
3 5421 5220 5419
3 5222 5420 5219
3 5222 5422 5420
3 5421 5223 5220
3 5423 5223 5421
3 5222 5224 5424
3 5425 5222 5424
3 5422 5222 5425
3 5225 5424 5224
3 5423 5226 5223
3 5426 5226 5423
3 5425 5424 5228
3 5229 5425 5228
3 5427 5425 5229
3 5228 5424 5225
3 5426 5230 5226
3 5428 5230 5426
3 5232 5427 5229
3 5232 5429 5427
3 5428 5233 5230
3 5430 5233 5428
3 5234 5429 5232
3 5234 5431 5429
3 5430 5235 5233
3 5432 5235 5430
3 5236 5431 5234
3 5236 5433 5431
3 5432 5237 5235
3 5434 5237 5432
3 5238 5433 5236
3 5238 5435 5433
3 5434 5239 5237
3 5436 5239 5434
3 5240 5435 5238
3 5240 5437 5435
3 5436 5438 5239
3 5239 5438 5241
3 5242 5241 5438
3 5242 5438 5439
3 5243 5437 5240
3 5243 5440 5437
3 5439 5244 5242
3 5441 5244 5439
3 5245 5440 5243
3 5245 5442 5440
3 5441 5443 5244
3 5244 5443 5246
3 5247 5246 5443
3 5247 5443 5444
3 5248 5442 5245
3 5248 5445 5442
3 5444 5249 5247
3 5446 5249 5444
3 5250 5445 5248
3 5250 5447 5445
3 5446 5448 5249
3 5249 5448 5251
3 5252 5251 5448
3 5252 5448 5449
3 5253 5447 5250
3 5253 5450 5447
3 5449 5451 5252
3 5252 5451 5254
3 5256 5254 5451
3 5256 5451 5452
3 5455 5454 5453
3 5454 5450 5453
3 5450 5257 5453
3 5450 5253 5257
3 5452 5258 5256
3 5456 5258 5452
3 5455 5453 5260
3 5261 5455 5260
3 5457 5455 5261
3 5260 5453 5257
3 5456 5458 5258
3 5258 5458 5262
3 5263 5262 5458
3 5263 5458 5459
3 5264 5457 5261
3 5264 5460 5457
3 5265 5263 5461
3 5263 5462 5461
3 5263 5459 5462
3 5461 5267 5265
3 5268 5460 5264
3 5268 5463 5460
3 5462 5464 5461
3 5267 5461 5464
3 5465 5267 5464
3 5269 5267 5465
3 5270 5463 5268
3 5270 5466 5463
3 5465 5467 5269
3 5269 5467 5271
3 5273 5271 5467
3 5273 5467 5468
3 5274 5466 5270
3 5274 5469 5466
3 5468 5470 5273
3 5273 5470 5275
3 5275 5471 5276
3 5470 5471 5275
3 5276 5472 5278
3 5471 5472 5276
3 5279 5278 5472
3 5279 5472 5473
3 5280 5469 5274
3 5280 5474 5469
3 5473 5475 5279
3 5279 5475 5281
3 5281 5476 5282
3 5475 5476 5281
3 5283 5282 5476
3 5283 5476 5477
3 5480 5479 5478
3 5479 5474 5478
3 5474 5285 5478
3 5474 5280 5285
3 5477 5481 5283
3 5283 5481 5286
3 5286 5482 5287
3 5481 5482 5286
3 5287 5483 5289
3 5482 5483 5287
3 5289 5484 5290
3 5483 5484 5289
3 5290 5485 5291
3 5484 5485 5290
3 5291 5486 5292
3 5485 5486 5291
3 5292 5487 5294
3 5486 5487 5292
3 5294 5488 5296
3 5487 5488 5294
3 5296 5489 5297
3 5488 5489 5296
3 5491 5490 5299
3 5297 5491 5299
3 5489 5491 5297
3 5301 5300 5490
3 5491 5301 5490
3 5492 5301 5491
3 5301 5493 5302
3 5492 5493 5301
3 5302 5494 5303
3 5493 5494 5302
3 5496 5495 5304
3 5303 5496 5304
3 5494 5496 5303
3 5305 5306 5495
3 5496 5305 5495
3 5497 5305 5496
3 5305 5498 5307
3 5497 5498 5305
3 5307 5499 5308
3 5498 5499 5307
3 5501 5500 5309
3 5308 5501 5309
3 5499 5501 5308
3 5311 5312 5500
3 5501 5311 5500
3 5502 5311 5501
3 5311 5503 5313
3 5502 5503 5311
3 5505 5504 5315
3 5313 5505 5315
3 5503 5505 5313
3 5317 5316 5504
3 5505 5317 5504
3 5506 5317 5505
3 5317 5507 5319
3 5506 5507 5317
3 5319 5508 5320
3 5507 5508 5319
3 5510 5509 5322
3 5320 5510 5322
3 5508 5510 5320
3 5324 5323 5509
3 5510 5324 5509
3 5511 5324 5510
3 5324 5512 5325
3 5511 5512 5324
3 5478 5326 5480
3 5326 5512 5480
3 5326 5325 5512
3 5326 5478 5285
3 5490 5327 5299
3 5327 5490 5300
3 5495 5328 5304
3 5328 5495 5306
3 5500 5329 5309
3 5329 5500 5312
3 5504 5330 5315
3 5330 5504 5316
3 5509 5331 5322
3 5331 5509 5323
3 5514 5513 5340
3 5340 5513 5339
3 5515 5340 5341
3 5515 5514 5340
3 5516 5341 5342
3 5516 5515 5341
3 5517 5342 5343
3 5517 5516 5342
3 5518 5343 5344
3 5518 5517 5343
3 5519 5344 5345
3 5519 5518 5344
3 5520 5345 5346
3 5520 5519 5345
3 5521 5346 5347
3 5521 5520 5346
3 5522 5347 5348
3 5522 5521 5347
3 5523 5348 5349
3 5523 5522 5348
3 5524 5349 5350
3 5524 5523 5349
3 5525 5350 5351
3 5525 5524 5350
3 5526 5351 5352
3 5526 5525 5351
3 5527 5352 5353
3 5527 5526 5352
3 5528 5353 5354
3 5528 5527 5353
3 5529 5354 5355
3 5529 5528 5354
3 5530 5355 5356
3 5530 5529 5355
3 5531 5356 5357
3 5531 5530 5356
3 5532 5357 5358
3 5532 5531 5357
3 5533 5358 5359
3 5533 5532 5358
3 5534 5359 5360
3 5534 5533 5359
3 5535 5360 5361
3 5535 5534 5360
3 5536 5361 5362
3 5536 5535 5361
3 5537 5362 5363
3 5537 5536 5362
3 5538 5363 5364
3 5538 5537 5363
3 5539 5364 5365
3 5539 5538 5364
3 5540 5365 5366
3 5540 5539 5365
3 5541 5366 5367
3 5541 5540 5366
3 5542 5367 5368
3 5542 5541 5367
3 5368 5369 5542
3 5542 5369 5543
3 5545 5544 5372
3 5372 5544 5371
3 5546 5372 5373
3 5546 5545 5372
3 5373 5339 5513
3 5373 5513 5546
3 5374 5543 5369
3 5374 5547 5543
3 5549 5548 5376
3 5376 5548 5375
3 5550 5376 5377
3 5550 5549 5376
3 5377 5371 5544
3 5377 5544 5550
3 5378 5547 5374
3 5378 5551 5547
3 5553 5552 5380
3 5380 5552 5379
3 5380 5375 5548
3 5380 5548 5553
3 5381 5551 5378
3 5381 5554 5551
3 5555 5382 5383
3 5556 5555 5383
3 5379 5556 5383
3 5552 5556 5379
3 5384 5554 5381
3 5384 5557 5554
3 5559 5558 5555
3 5558 5382 5555
3 5558 5385 5382
3 5559 5555 5556
3 5386 5557 5384
3 5386 5560 5557
3 5562 5561 5389
3 5389 5561 5388
3 5389 5385 5558
3 5389 5558 5562
3 5390 5560 5386
3 5390 5563 5560
3 5561 5391 5388
3 5564 5391 5561
3 5392 5563 5390
3 5392 5565 5563
3 5568 5567 5566
3 5564 5568 5566
3 5394 5564 5566
3 5391 5564 5394
3 5392 5395 5569
3 5570 5392 5569
3 5565 5392 5570
3 5396 5569 5395
3 5566 5567 5398
3 5567 5397 5398
3 5567 5571 5397
3 5566 5398 5394
3 5572 5570 5569
3 5569 5396 5572
3 5396 5573 5572
3 5396 5399 5573
3 5575 5574 5401
3 5401 5574 5400
3 5401 5397 5571
3 5401 5571 5575
3 5402 5573 5399
3 5402 5576 5573
3 5574 5403 5400
3 5577 5403 5574
3 5404 5576 5402
3 5404 5578 5576
3 5580 5579 5406
3 5406 5579 5405
3 5406 5403 5577
3 5406 5577 5580
3 5407 5578 5404
3 5407 5581 5578
3 5579 5408 5405
3 5582 5408 5579
3 5409 5581 5407
3 5409 5583 5581
3 5585 5584 5411
3 5411 5584 5410
3 5411 5408 5582
3 5411 5582 5585
3 5412 5583 5409
3 5412 5586 5583
3 5584 5413 5410
3 5587 5413 5584
3 5414 5586 5412
3 5414 5588 5586
3 5587 5415 5413
3 5589 5415 5587
3 5416 5588 5414
3 5416 5590 5588
3 5589 5417 5415
3 5591 5417 5589
3 5418 5590 5416
3 5418 5592 5590
3 5591 5419 5417
3 5593 5419 5591
3 5420 5592 5418
3 5420 5594 5592
3 5593 5421 5419
3 5595 5421 5593
3 5422 5594 5420
3 5422 5596 5594
3 5595 5423 5421
3 5597 5423 5595
3 5425 5596 5422
3 5425 5598 5596
3 5597 5426 5423
3 5599 5426 5597
3 5427 5598 5425
3 5427 5600 5598
3 5599 5428 5426
3 5601 5428 5599
3 5429 5600 5427
3 5429 5602 5600
3 5601 5430 5428
3 5603 5430 5601
3 5431 5602 5429
3 5431 5604 5602
3 5603 5432 5430
3 5605 5432 5603
3 5433 5604 5431
3 5433 5606 5604
3 5605 5434 5432
3 5607 5434 5605
3 5435 5606 5433
3 5435 5608 5606
3 5607 5436 5434
3 5609 5436 5607
3 5437 5608 5435
3 5437 5610 5608
3 5609 5611 5436
3 5436 5611 5438
3 5439 5438 5611
3 5439 5611 5612
3 5440 5610 5437
3 5440 5613 5610
3 5612 5441 5439
3 5614 5441 5612
3 5442 5613 5440
3 5442 5615 5613
3 5614 5616 5441
3 5441 5616 5443
3 5444 5443 5616
3 5444 5616 5617
3 5445 5615 5442
3 5445 5618 5615
3 5617 5446 5444
3 5619 5446 5617
3 5447 5618 5445
3 5447 5620 5618
3 5619 5621 5446
3 5446 5621 5448
3 5449 5448 5621
3 5449 5621 5622
3 5625 5624 5623
3 5624 5620 5623
3 5620 5450 5623
3 5620 5447 5450
3 5622 5626 5449
3 5449 5626 5451
3 5452 5451 5626
3 5452 5626 5627
3 5625 5623 5454
3 5455 5625 5454
3 5628 5625 5455
3 5454 5623 5450
3 5627 5456 5452
3 5629 5456 5627
3 5457 5628 5455
3 5457 5630 5628
3 5629 5631 5456
3 5456 5631 5458
3 5459 5458 5631
3 5459 5631 5632
3 5460 5630 5457
3 5460 5633 5630
3 5632 5462 5459
3 5634 5462 5632
3 5463 5633 5460
3 5463 5635 5633
3 5634 5636 5462
3 5462 5636 5464
3 5465 5464 5636
3 5465 5636 5637
3 5466 5635 5463
3 5466 5638 5635
3 5637 5639 5465
3 5465 5639 5467
3 5468 5467 5639
3 5468 5639 5640
3 5469 5638 5466
3 5469 5641 5638
3 5640 5642 5468
3 5468 5642 5470
3 5470 5643 5471
3 5642 5643 5470
3 5643 5645 5644
3 5472 5643 5644
3 5471 5643 5472
3 5644 5473 5472
3 5474 5641 5469
3 5474 5646 5641
3 5645 5647 5644
3 5644 5647 5473
3 5647 5475 5473
3 5647 5648 5475
3 5475 5649 5476
3 5648 5649 5475
3 5477 5476 5649
3 5477 5649 5650
3 5480 5651 5479
3 5651 5652 5479
3 5652 5474 5479
3 5652 5646 5474
3 5650 5653 5477
3 5477 5653 5481
3 5481 5654 5482
3 5653 5654 5481
3 5482 5655 5483
3 5654 5655 5482
3 5483 5656 5484
3 5655 5656 5483
3 5484 5657 5485
3 5656 5657 5484
3 5485 5658 5486
3 5657 5658 5485
3 5486 5659 5487
3 5658 5659 5486
3 5487 5660 5488
3 5659 5660 5487
3 5488 5661 5489
3 5660 5661 5488
3 5489 5662 5491
3 5661 5662 5489
3 5491 5663 5492
3 5662 5663 5491
3 5492 5664 5493
3 5663 5664 5492
3 5493 5665 5494
3 5664 5665 5493
3 5494 5666 5496
3 5665 5666 5494
3 5496 5667 5497
3 5666 5667 5496
3 5497 5668 5498
3 5667 5668 5497
3 5498 5669 5499
3 5668 5669 5498
3 5499 5670 5501
3 5669 5670 5499
3 5501 5671 5502
3 5670 5671 5501
3 5502 5672 5503
3 5671 5672 5502
3 5503 5673 5505
3 5672 5673 5503
3 5505 5674 5506
3 5673 5674 5505
3 5506 5675 5507
3 5674 5675 5506
3 5507 5676 5508
3 5675 5676 5507
3 5508 5677 5510
3 5676 5677 5508
3 5510 5678 5511
3 5677 5678 5510
3 5511 5679 5512
3 5678 5679 5511
3 5480 5512 5651
3 5512 5680 5651
3 5512 5679 5680
3 5651 5680 5652
3 5683 5682 5681
3 5513 5514 5681
3 5514 5683 5681
3 5514 5684 5683
3 5685 5514 5515
3 5685 5684 5514
3 5686 5515 5516
3 5686 5685 5515
3 5687 5516 5517
3 5687 5686 5516
3 5688 5517 5518
3 5688 5687 5517
3 5689 5518 5519
3 5689 5688 5518
3 5690 5519 5520
3 5690 5689 5519
3 5691 5520 5521
3 5691 5690 5520
3 5692 5521 5522
3 5692 5691 5521
3 5693 5522 5523
3 5693 5692 5522
3 5694 5523 5524
3 5694 5693 5523
3 5695 5524 5525
3 5695 5694 5524
3 5696 5525 5526
3 5696 5695 5525
3 5697 5526 5527
3 5697 5696 5526
3 5698 5527 5528
3 5698 5697 5527
3 5699 5528 5529
3 5699 5698 5528
3 5700 5529 5530
3 5700 5699 5529
3 5701 5530 5531
3 5701 5700 5530
3 5702 5531 5532
3 5702 5701 5531
3 5703 5532 5533
3 5703 5702 5532
3 5704 5533 5534
3 5704 5703 5533
3 5705 5534 5535
3 5705 5704 5534
3 5706 5535 5536
3 5706 5705 5535
3 5707 5536 5537
3 5707 5706 5536
3 5708 5537 5538
3 5708 5707 5537
3 5709 5538 5539
3 5709 5708 5538
3 5710 5539 5540
3 5710 5709 5539
3 5711 5540 5541
3 5711 5710 5540
3 5712 5541 5542
3 5712 5711 5541
3 5542 5543 5712
3 5712 5543 5713
3 5715 5714 5545
3 5545 5714 5544
3 5546 5681 5682
3 5715 5546 5682
3 5545 5546 5715
3 5681 5546 5513
3 5547 5713 5543
3 5547 5716 5713
3 5718 5717 5549
3 5549 5717 5548
3 5719 5549 5550
3 5719 5718 5549
3 5550 5544 5714
3 5550 5714 5719
3 5551 5716 5547
3 5551 5720 5716
3 5722 5721 5553
3 5553 5721 5552
3 5553 5548 5717
3 5553 5717 5722
3 5554 5720 5551
3 5554 5723 5720
3 5726 5725 5724
3 5721 5726 5724
3 5556 5721 5724
3 5552 5721 5556
3 5557 5723 5554
3 5557 5727 5723
3 5724 5725 5559
3 5725 5558 5559
3 5725 5728 5558
3 5724 5559 5556
3 5560 5727 5557
3 5560 5729 5727
3 5730 5561 5562
3 5731 5730 5562
3 5558 5731 5562
3 5728 5731 5558
3 5563 5729 5560
3 5563 5732 5729
3 5734 5733 5730
3 5733 5561 5730
3 5733 5564 5561
3 5734 5730 5731
3 5565 5732 5563
3 5565 5735 5732
3 5737 5736 5568
3 5568 5736 5567
3 5568 5564 5733
3 5568 5733 5737
3 5570 5735 5565
3 5570 5738 5735
3 5736 5571 5567
3 5739 5571 5736
3 5740 5738 5570
3 5740 5570 5572
3 5572 5573 5740
3 5740 5573 5741
3 5743 5742 5575
3 5575 5742 5574
3 5575 5571 5739
3 5575 5739 5743
3 5576 5741 5573
3 5576 5744 5741
3 5742 5577 5574
3 5745 5577 5742
3 5578 5744 5576
3 5578 5746 5744
3 5748 5747 5580
3 5580 5747 5579
3 5580 5577 5745
3 5580 5745 5748
3 5581 5746 5578
3 5581 5749 5746
3 5747 5582 5579
3 5750 5582 5747
3 5583 5749 5581
3 5583 5751 5749
3 5753 5752 5585
3 5585 5752 5584
3 5585 5582 5750
3 5585 5750 5753
3 5586 5751 5583
3 5586 5754 5751
3 5752 5587 5584
3 5755 5587 5752
3 5588 5754 5586
3 5588 5756 5754
3 5755 5589 5587
3 5757 5589 5755
3 5590 5756 5588
3 5590 5758 5756
3 5757 5591 5589
3 5759 5591 5757
3 5592 5758 5590
3 5592 5760 5758
3 5759 5593 5591
3 5761 5593 5759
3 5594 5760 5592
3 5594 5762 5760
3 5761 5595 5593
3 5763 5595 5761
3 5596 5762 5594
3 5596 5764 5762
3 5763 5597 5595
3 5765 5597 5763
3 5598 5764 5596
3 5598 5766 5764
3 5765 5599 5597
3 5767 5599 5765
3 5600 5766 5598
3 5600 5768 5766
3 5767 5601 5599
3 5769 5601 5767
3 5602 5768 5600
3 5602 5770 5768
3 5769 5603 5601
3 5771 5603 5769
3 5604 5770 5602
3 5604 5772 5770
3 5771 5605 5603
3 5773 5605 5771
3 5606 5772 5604
3 5606 5774 5772
3 5773 5607 5605
3 5775 5607 5773
3 5608 5774 5606
3 5608 5776 5774
3 5775 5609 5607
3 5777 5609 5775
3 5610 5776 5608
3 5610 5778 5776
3 5777 5779 5609
3 5609 5779 5611
3 5612 5611 5779
3 5612 5779 5780
3 5613 5778 5610
3 5613 5781 5778
3 5780 5614 5612
3 5782 5614 5780
3 5615 5781 5613
3 5615 5783 5781
3 5782 5784 5614
3 5614 5784 5616
3 5617 5616 5784
3 5617 5784 5785
3 5618 5783 5615
3 5618 5786 5783
3 5785 5619 5617
3 5787 5619 5785
3 5790 5789 5788
3 5789 5786 5788
3 5786 5620 5788
3 5786 5618 5620
3 5787 5791 5619
3 5619 5791 5621
3 5622 5621 5791
3 5622 5791 5792
3 5790 5788 5624
3 5625 5790 5624
3 5793 5790 5625
3 5624 5788 5620
3 5792 5794 5622
3 5622 5794 5626
3 5627 5626 5794
3 5627 5794 5795
3 5628 5793 5625
3 5628 5796 5793
3 5795 5629 5627
3 5797 5629 5795
3 5630 5796 5628
3 5630 5798 5796
3 5797 5799 5629
3 5629 5799 5631
3 5632 5631 5799
3 5632 5799 5800
3 5633 5798 5630
3 5633 5801 5798
3 5800 5634 5632
3 5802 5634 5800
3 5635 5801 5633
3 5635 5803 5801
3 5802 5804 5634
3 5634 5804 5636
3 5637 5636 5804
3 5637 5804 5805
3 5638 5803 5635
3 5638 5806 5803
3 5805 5807 5637
3 5637 5807 5639
3 5640 5639 5807
3 5640 5807 5808
3 5641 5806 5638
3 5641 5809 5806
3 5808 5810 5640
3 5640 5810 5642
3 5642 5811 5643
3 5810 5811 5642
3 5813 5812 5645
3 5643 5813 5645
3 5811 5813 5643
3 5814 5812 5813
3 5646 5809 5641
3 5646 5815 5809
3 5812 5647 5645
3 5814 5816 5812
3 5816 5647 5812
3 5816 5648 5647
3 5648 5817 5649
3 5816 5817 5648
3 5650 5649 5817
3 5650 5817 5818
3 5821 5820 5819
3 5820 5815 5819
3 5815 5652 5819
3 5815 5646 5652
3 5818 5822 5650
3 5650 5822 5653
3 5653 5823 5654
3 5822 5823 5653
3 5654 5824 5655
3 5823 5824 5654
3 5655 5825 5656
3 5824 5825 5655
3 5656 5826 5657
3 5825 5826 5656
3 5657 5827 5658
3 5826 5827 5657
3 5658 5828 5659
3 5827 5828 5658
3 5659 5829 5660
3 5828 5829 5659
3 5660 5830 5661
3 5829 5830 5660
3 5661 5831 5662
3 5830 5831 5661
3 5662 5832 5663
3 5831 5832 5662
3 5663 5833 5664
3 5832 5833 5663
3 5664 5834 5665
3 5833 5834 5664
3 5665 5835 5666
3 5834 5835 5665
3 5666 5836 5667
3 5835 5836 5666
3 5667 5837 5668
3 5836 5837 5667
3 5668 5838 5669
3 5837 5838 5668
3 5669 5839 5670
3 5838 5839 5669
3 5670 5840 5671
3 5839 5840 5670
3 5671 5841 5672
3 5840 5841 5671
3 5672 5842 5673
3 5841 5842 5672
3 5673 5843 5674
3 5842 5843 5673
3 5674 5844 5675
3 5843 5844 5674
3 5675 5845 5676
3 5844 5845 5675
3 5676 5846 5677
3 5845 5846 5676
3 5677 5847 5678
3 5846 5847 5677
3 5678 5848 5679
3 5847 5848 5678
3 5819 5680 5821
3 5680 5848 5821
3 5680 5679 5848
3 5680 5819 5652
3 5849 5682 5683
3 5849 5683 5850
3 5683 5851 5850
3 5683 5684 5851
3 5852 5684 5685
3 5852 5851 5684
3 5854 5852 5853
3 5852 5686 5853
3 5852 5685 5686
3 5687 5855 5686
3 5686 5855 5853
3 5855 5687 5856
3 5687 5857 5856
3 5687 5688 5857
3 5858 5688 5689
3 5858 5857 5688
3 5859 5689 5690
3 5859 5858 5689
3 5860 5690 5691
3 5860 5859 5690
3 5862 5860 5861
3 5860 5692 5861
3 5860 5691 5692
3 5861 5692 5863
3 5692 5864 5863
3 5692 5693 5864
3 5865 5693 5694
3 5865 5864 5693
3 5866 5694 5695
3 5866 5865 5694
3 5867 5695 5696
3 5867 5866 5695
3 5869 5867 5868
3 5867 5697 5868
3 5867 5696 5697
3 5868 5697 5870
3 5697 5871 5870
3 5697 5698 5871
3 5872 5698 5699
3 5872 5871 5698
3 5873 5699 5700
3 5873 5872 5699
3 5875 5873 5874
3 5873 5701 5874
3 5873 5700 5701
3 5702 5876 5701
3 5701 5876 5874
3 5876 5702 5877
3 5702 5878 5877
3 5702 5703 5878
3 5879 5703 5704
3 5879 5878 5703
3 5880 5704 5705
3 5880 5879 5704
3 5882 5880 5881
3 5880 5706 5881
3 5880 5705 5706
3 5881 5706 5883
3 5706 5884 5883
3 5706 5707 5884
3 5885 5707 5708
3 5885 5884 5707
3 5886 5708 5709
3 5886 5885 5708
3 5888 5886 5887
3 5886 5710 5887
3 5886 5709 5710
3 5887 5710 5889
3 5710 5890 5889
3 5710 5711 5890
3 5891 5711 5712
3 5891 5890 5711
3 5712 5713 5891
3 5891 5713 5892
3 5894 5893 5715
3 5715 5893 5714
3 5715 5682 5849
3 5895 5715 5849
3 5894 5715 5895
3 5895 5849 5850
3 5896 5854 5853
3 5896 5853 5855
3 5896 5855 5897
3 5897 5855 5856
3 5898 5862 5861
3 5898 5861 5863
3 5899 5869 5868
3 5899 5868 5870
3 5900 5875 5874
3 5900 5874 5876
3 5900 5876 5901
3 5901 5876 5877
3 5902 5882 5881
3 5902 5881 5883
3 5903 5888 5887
3 5903 5887 5889
3 5716 5892 5713
3 5716 5904 5892
3 5906 5905 5718
3 5718 5905 5717
3 5907 5718 5719
3 5907 5906 5718
3 5719 5714 5893
3 5719 5893 5907
3 5720 5904 5716
3 5720 5908 5904
3 5910 5909 5722
3 5722 5909 5721
3 5722 5717 5905
3 5722 5905 5910
3 5723 5908 5720
3 5723 5911 5908
3 5912 5725 5726
3 5913 5912 5726
3 5721 5913 5726
3 5909 5913 5721
3 5727 5911 5723
3 5727 5914 5911
3 5916 5915 5912
3 5915 5725 5912
3 5915 5728 5725
3 5916 5912 5913
3 5729 5914 5727
3 5729 5917 5914
3 5920 5919 5918
3 5915 5920 5918
3 5731 5915 5918
3 5728 5915 5731
3 5732 5917 5729
3 5732 5921 5917
3 5918 5919 5734
3 5919 5733 5734
3 5919 5922 5733
3 5918 5734 5731
3 5735 5921 5732
3 5735 5923 5921
3 5925 5924 5737
3 5737 5924 5736
3 5737 5733 5922
3 5737 5922 5925
3 5738 5923 5735
3 5738 5926 5923
3 5924 5739 5736
3 5927 5739 5924
3 5738 5740 5928
3 5929 5738 5928
3 5926 5738 5929
3 5741 5928 5740
3 5931 5930 5743
3 5743 5930 5742
3 5743 5739 5927
3 5743 5927 5931
3 5932 5929 5928
3 5928 5741 5932
3 5741 5933 5932
3 5741 5744 5933
3 5930 5745 5742
3 5934 5745 5930
3 5746 5933 5744
3 5746 5935 5933
3 5937 5936 5748
3 5748 5936 5747
3 5748 5745 5934
3 5748 5934 5937
3 5749 5935 5746
3 5749 5938 5935
3 5936 5750 5747
3 5939 5750 5936
3 5751 5938 5749
3 5751 5940 5938
3 5942 5941 5753
3 5753 5941 5752
3 5753 5750 5939
3 5753 5939 5942
3 5754 5940 5751
3 5754 5943 5940
3 5941 5755 5752
3 5944 5755 5941
3 5756 5943 5754
3 5756 5945 5943
3 5944 5757 5755
3 5946 5757 5944
3 5758 5945 5756
3 5758 5947 5945
3 5946 5759 5757
3 5948 5759 5946
3 5760 5947 5758
3 5760 5949 5947
3 5948 5761 5759
3 5950 5761 5948
3 5762 5949 5760
3 5762 5951 5949
3 5950 5763 5761
3 5952 5763 5950
3 5764 5951 5762
3 5764 5953 5951
3 5952 5765 5763
3 5954 5765 5952
3 5766 5953 5764
3 5766 5955 5953
3 5954 5767 5765
3 5956 5767 5954
3 5768 5955 5766
3 5768 5957 5955
3 5956 5769 5767
3 5958 5769 5956
3 5770 5957 5768
3 5770 5959 5957
3 5958 5771 5769
3 5960 5771 5958
3 5772 5959 5770
3 5772 5961 5959
3 5960 5773 5771
3 5962 5773 5960
3 5774 5961 5772
3 5774 5963 5961
3 5962 5775 5773
3 5964 5775 5962
3 5776 5963 5774
3 5776 5965 5963
3 5964 5777 5775
3 5966 5777 5964
3 5778 5965 5776
3 5778 5967 5965
3 5966 5968 5777
3 5777 5968 5779
3 5780 5779 5968
3 5780 5968 5969
3 5781 5967 5778
3 5781 5970 5967
3 5969 5782 5780
3 5971 5782 5969
3 5783 5970 5781
3 5783 5972 5970
3 5971 5973 5782
3 5782 5973 5784
3 5785 5784 5973
3 5785 5973 5974
3 5977 5976 5975
3 5976 5972 5975
3 5972 5786 5975
3 5972 5783 5786
3 5974 5787 5785
3 5978 5787 5974
3 5977 5975 5789
3 5790 5977 5789
3 5979 5977 5790
3 5789 5975 5786
3 5978 5980 5787
3 5787 5980 5791
3 5792 5791 5980
3 5792 5980 5981
3 5793 5979 5790
3 5793 5982 5979
3 5981 5983 5792
3 5792 5983 5794
3 5795 5794 5983
3 5795 5983 5984
3 5796 5982 5793
3 5796 5985 5982
3 5984 5797 5795
3 5986 5797 5984
3 5798 5985 5796
3 5798 5987 5985
3 5986 5988 5797
3 5797 5988 5799
3 5800 5799 5988
3 5800 5988 5989
3 5801 5987 5798
3 5801 5990 5987
3 5989 5802 5800
3 5991 5802 5989
3 5803 5990 5801
3 5803 5992 5990
3 5991 5993 5802
3 5802 5993 5804
3 5805 5804 5993
3 5805 5993 5994
3 5806 5992 5803
3 5806 5995 5992
3 5994 5996 5805
3 5805 5996 5807
3 5998 5997 5808
3 5807 5998 5808
3 5996 5998 5807
3 5999 5997 5998
3 5809 5995 5806
3 5809 6000 5995
3 5997 5810 5808
3 5999 6001 5997
3 6001 5810 5997
3 6001 5811 5810
3 5811 6002 5813
3 6001 6002 5811
3 5814 5813 6002
3 5814 6002 6003
3 5815 6000 5809
3 5815 6004 6000
3 6003 6005 5814
3 5814 6005 5816
3 5816 6006 5817
3 6005 6006 5816
3 5818 5817 6006
3 5818 6006 6007
3 6010 6009 6008
3 6011 6008 6009
3 6014 6013 6012
3 6016 6015 6012
3 6016 6012 6013
3 6017 6015 6016
3 6020 6019 6018
3 6021 6018 6019
3 6024 6023 6022
3 6025 6022 6023
3 6028 6027 6026
3 6029 6026 6027
3 6032 6031 6030
3 6033 6030 6031
3 6036 6035 6034
3 6037 5820 5821
3 6038 6034 6035
3 6037 6039 5820
3 6039 5815 5820
3 6039 6004 5815
3 6007 6040 5818
3 5818 6040 5822
3 6008 5823 6010
3 5823 6040 6010
3 5823 5822 6040
3 6011 6041 6008
3 6041 5823 6008
3 6041 5824 5823
3 5824 6042 5825
3 6041 6042 5824
3 5825 6043 5826
3 6042 6043 5825
3 6012 5827 6014
3 5827 6043 6014
3 5827 5826 6043
3 5827 6012 5828
3 5828 6012 6015
3 6017 6044 6015
3 6044 5828 6015
3 6044 5829 5828
3 5829 6045 5830
3 6044 6045 5829
3 5830 6046 5831
3 6045 6046 5830
3 6018 5832 6020
3 5832 6046 6020
3 5832 5831 6046
3 6021 6047 6018
3 6047 5832 6018
3 6047 5833 5832
3 5833 6048 5834
3 6047 6048 5833
3 5834 6049 5835
3 6048 6049 5834
3 6022 5836 6024
3 5836 6049 6024
3 5836 5835 6049
3 6025 6050 6022
3 6050 5836 6022
3 6050 5837 5836
3 5837 6051 5838
3 6050 6051 5837
3 5838 6052 5839
3 6051 6052 5838
3 6026 5840 6028
3 5840 6052 6028
3 5840 5839 6052
3 6029 6053 6026
3 6053 5840 6026
3 6053 5841 5840
3 5841 6054 5842
3 6053 6054 5841
3 5842 6055 5843
3 6054 6055 5842
3 6030 5844 6032
3 5844 6055 6032
3 5844 5843 6055
3 6033 6056 6030
3 6056 5844 6030
3 6056 5845 5844
3 5845 6057 5846
3 6056 6057 5845
3 5846 6058 5847
3 6057 6058 5846
3 6034 5848 6036
3 5848 6058 6036
3 5848 5847 6058
3 6034 6038 5848
3 6038 6059 5848
3 6037 5821 5848
3 6037 5848 6059
3 6037 6059 6039
3 6060 5850 5851
3 5852 6061 5851
3 5851 6061 6060
3 5854 6061 5852
3 6063 6062 5857
3 5857 6062 5856
3 6065 6063 6064
3 6063 5858 6064
3 6063 5857 5858
3 5859 6066 5858
3 5858 6066 6064
3 5860 6067 5859
3 5859 6067 6066
3 5862 6067 5860
3 6069 6068 5864
3 5864 6068 5863
3 6071 6069 6070
3 6069 5865 6070
3 6069 5864 5865
3 5866 6072 5865
3 5865 6072 6070
3 5867 6073 5866
3 5866 6073 6072
3 5869 6073 5867
3 6075 6074 5871
3 5871 6074 5870
3 6077 6075 6076
3 6075 5872 6076
3 6075 5871 5872
3 5873 6078 5872
3 5872 6078 6076
3 5875 6078 5873
3 6081 6080 6079
3 5877 5878 6079
3 5878 6081 6079
3 5878 6082 6081
3 6084 6082 6083
3 6082 5879 6083
3 6082 5878 5879
3 5880 6085 5879
3 5879 6085 6083
3 5882 6085 5880
3 6087 6086 5884
3 5884 6086 5883
3 6089 6087 6088
3 6087 5885 6088
3 6087 5884 5885
3 5886 6090 5885
3 5885 6090 6088
3 5888 6090 5886
3 6092 6091 5890
3 5890 6091 5889
3 6094 6092 6093
3 6092 5891 6093
3 6092 5890 5891
3 5892 6093 5891
3 6096 6095 5894
3 5894 6095 5893
3 6097 5894 5895
3 6097 6096 5894
3 5895 5850 6060
3 6098 5895 6060
3 6097 5895 6098
3 6098 6060 6061
3 6098 6061 6099
3 6099 6061 5854
3 5896 6099 5854
3 6100 6099 5896
3 6101 5896 5897
3 6101 6100 5896
3 5897 5856 6062
3 5897 6062 6101
3 6102 6065 6064
3 6102 6064 6066
3 6102 6066 6103
3 6103 6066 6067
3 6103 6067 6104
3 6104 6067 5862
3 5898 6104 5862
3 6105 6104 5898
3 5898 5863 6068
3 5898 6068 6105
3 6106 6071 6070
3 6106 6070 6072
3 6106 6072 6107
3 6107 6072 6073
3 6107 6073 6108
3 6108 6073 5869
3 5899 6108 5869
3 6109 6108 5899
3 5899 5870 6074
3 5899 6074 6109
3 6110 6077 6076
3 6110 6076 6078
3 6110 6078 6111
3 6111 6078 5875
3 5900 6111 5875
3 6112 6111 5900
3 5901 6079 6080
3 6112 5901 6080
3 5900 5901 6112
3 6079 5901 5877
3 6113 6084 6083
3 6113 6083 6085
3 6113 6085 6114
3 6114 6085 5882
3 5902 6114 5882
3 6115 6114 5902
3 5902 5883 6086
3 5902 6086 6115
3 6116 6089 6088
3 6116 6088 6090
3 6116 6090 6117
3 6117 6090 5888
3 5903 6117 5888
3 6118 6117 5903
3 5903 5889 6091
3 5903 6091 6118
3 6119 6094 6093
3 6093 5892 6119
3 5892 6120 6119
3 5892 5904 6120
3 6122 6121 5906
3 5906 6121 5905
3 6123 5906 5907
3 6123 6122 5906
3 5907 5893 6095
3 5907 6095 6123
3 5908 6120 5904
3 5908 6124 6120
3 6126 6125 5910
3 5910 6125 5909
3 5910 5905 6121
3 5910 6121 6126
3 5911 6124 5908
3 5911 6127 6124
3 6130 6129 6128
3 6125 6130 6128
3 5913 6125 6128
3 5909 6125 5913
3 5914 6127 5911
3 5914 6131 6127
3 6128 6129 5916
3 6129 5915 5916
3 6129 6132 5915
3 6128 5916 5913
3 5917 6131 5914
3 5917 6133 6131
3 6134 5919 5920
3 6135 6134 5920
3 5915 6135 5920
3 6132 6135 5915
3 5921 6133 5917
3 5921 6136 6133
3 6138 6137 6134
3 6137 5919 6134
3 6137 5922 5919
3 6138 6134 6135
3 5923 6136 5921
3 5923 6139 6136
3 6141 6140 5925
3 5925 6140 5924
3 5925 5922 6137
3 5925 6137 6141
3 5926 6139 5923
3 5926 6142 6139
3 6140 5927 5924
3 6143 5927 6140
3 5929 6142 5926
3 5929 6144 6142
3 6146 6145 5931
3 5931 6145 5930
3 5931 5927 6143
3 5931 6143 6146
3 5929 5932 6147
3 6148 5929 6147
3 6144 5929 6148
3 5933 6147 5932
3 6145 5934 5930
3 6149 5934 6145
3 6150 6148 6147
3 6147 5933 6150
3 5933 6151 6150
3 5933 5935 6151
3 6153 6152 5937
3 5937 6152 5936
3 5937 5934 6149
3 5937 6149 6153
3 5938 6151 5935
3 5938 6154 6151
3 6152 5939 5936
3 6155 5939 6152
3 5940 6154 5938
3 5940 6156 6154
3 6158 6157 5942
3 5942 6157 5941
3 5942 5939 6155
3 5942 6155 6158
3 5943 6156 5940
3 5943 6159 6156
3 6157 5944 5941
3 6160 5944 6157
3 5945 6159 5943
3 5945 6161 6159
3 6160 5946 5944
3 6162 5946 6160
3 5947 6161 5945
3 5947 6163 6161
3 6162 5948 5946
3 6164 5948 6162
3 5949 6163 5947
3 5949 6165 6163
3 6164 5950 5948
3 6166 5950 6164
3 5951 6165 5949
3 5951 6167 6165
3 6166 5952 5950
3 6168 5952 6166
3 5953 6167 5951
3 5953 6169 6167
3 6168 5954 5952
3 6170 5954 6168
3 5955 6169 5953
3 5955 6171 6169
3 6170 5956 5954
3 6172 5956 6170
3 5957 6171 5955
3 5957 6173 6171
3 6172 5958 5956
3 6174 5958 6172
3 5959 6173 5957
3 5959 6175 6173
3 6174 5960 5958
3 6176 5960 6174
3 5961 6175 5959
3 5961 6177 6175
3 6176 5962 5960
3 6178 5962 6176
3 5963 6177 5961
3 5963 6179 6177
3 6178 5964 5962
3 6180 5964 6178
3 5965 6179 5963
3 5965 6181 6179
3 6180 5966 5964
3 6182 5966 6180
3 5967 6181 5965
3 5967 6183 6181
3 6182 6184 5966
3 5966 6184 5968
3 5969 5968 6184
3 5969 6184 6185
3 5970 6183 5967
3 5970 6186 6183
3 6185 5971 5969
3 6187 5971 6185
3 6190 6189 6188
3 6189 6186 6188
3 6186 5972 6188
3 6186 5970 5972
3 6187 6191 5971
3 5971 6191 5973
3 5974 5973 6191
3 5974 6191 6192
3 6190 6188 5976
3 5977 6190 5976
3 6193 6190 5977
3 5976 6188 5972
3 6192 5978 5974
3 6194 5978 6192
3 5979 6193 5977
3 5979 6195 6193
3 6194 6196 5978
3 5978 6196 5980
3 5981 5980 6196
3 5981 6196 6197
3 5982 6195 5979
3 5982 6198 6195
3 6197 6199 5981
3 5981 6199 5983
3 5984 5983 6199
3 5984 6199 6200
3 5985 6198 5982
3 5985 6201 6198
3 6200 5986 5984
3 6202 5986 6200
3 5987 6201 5985
3 5987 6203 6201
3 6202 6204 5986
3 5986 6204 5988
3 5989 5988 6204
3 5989 6204 6205
3 5990 6203 5987
3 5990 6206 6203
3 6208 5991 6207
3 5991 6205 6207
3 5991 5989 6205
3 6209 6208 6207
3 5992 6206 5990
3 5992 6210 6206
3 6208 5993 5991
3 5994 5993 6208
3 6209 5994 6208
3 6211 5994 6209
3 5995 6210 5992
3 5995 6212 6210
3 6211 6213 5994
3 5994 6213 5996
3 6213 6215 6214
3 5998 6213 6214
3 5996 6213 5998
3 6214 5999 5998
3 6000 6212 5995
3 6000 6216 6212
3 6215 6217 6214
3 6214 6217 5999
3 6217 6001 5999
3 6217 6218 6001
3 6218 6220 6219
3 6002 6218 6219
3 6001 6218 6002
3 6219 6003 6002
3 6004 6216 6000
3 6004 6221 6216
3 6220 6222 6219
3 6219 6222 6003
3 6222 6005 6003
3 6222 6223 6005
3 6005 6224 6006
3 6223 6224 6005
3 6226 6225 6007
3 6006 6226 6007
3 6224 6226 6006
3 6009 6010 6225
3 6226 6009 6225
3 6227 6009 6226
3 6229 6228 6011
3 6009 6229 6011
3 6227 6229 6009
3 6231 6230 6228
3 6231 6228 6229
3 6233 6232 6230
3 6233 6230 6231
3 6013 6014 6232
3 6233 6013 6232
3 6234 6013 6233
3 6013 6235 6016
3 6234 6235 6013
3 6017 6016 6235
3 6017 6235 6236
3 6239 6238 6237
3 6241 6240 6237
3 6241 6237 6238
3 6019 6020 6240
3 6241 6019 6240
3 6242 6019 6241
3 6021 6019 6242
3 6021 6242 6243
3 6246 6245 6244
3 6248 6247 6244
3 6248 6244 6245
3 6023 6024 6247
3 6248 6023 6247
3 6249 6023 6248
3 6025 6023 6249
3 6025 6249 6250
3 6253 6252 6251
3 6255 6254 6251
3 6255 6251 6252
3 6027 6028 6254
3 6255 6027 6254
3 6256 6027 6255
3 6029 6027 6256
3 6029 6256 6257
3 6260 6259 6258
3 6262 6261 6258
3 6262 6258 6259
3 6031 6032 6261
3 6262 6031 6261
3 6263 6031 6262
3 6033 6031 6263
3 6033 6263 6264
3 6267 6266 6265
3 6269 6268 6265
3 6269 6265 6266
3 6035 6036 6268
3 6269 6035 6268
3 6270 6035 6269
3 6272 6271 6038
3 6035 6272 6038
3 6270 6272 6035
3 6272 6221 6271
3 6221 6039 6271
3 6221 6004 6039
3 6225 6040 6007
3 6040 6225 6010
3 6228 6041 6011
3 6041 6228 6042
3 6042 6228 6230
3 6042 6230 6043
3 6043 6230 6232
3 6043 6232 6014
3 6236 6273 6017
3 6017 6273 6044
3 6237 6045 6239
3 6045 6273 6239
3 6045 6044 6273
3 6045 6237 6046
3 6046 6237 6240
3 6046 6240 6020
3 6243 6274 6021
3 6021 6274 6047
3 6244 6048 6246
3 6048 6274 6246
3 6048 6047 6274
3 6048 6244 6049
3 6049 6244 6247
3 6049 6247 6024
3 6250 6275 6025
3 6025 6275 6050
3 6251 6051 6253
3 6051 6275 6253
3 6051 6050 6275
3 6051 6251 6052
3 6052 6251 6254
3 6052 6254 6028
3 6257 6276 6029
3 6029 6276 6053
3 6258 6054 6260
3 6054 6276 6260
3 6054 6053 6276
3 6054 6258 6055
3 6055 6258 6261
3 6055 6261 6032
3 6264 6277 6033
3 6033 6277 6056
3 6265 6057 6267
3 6057 6277 6267
3 6057 6056 6277
3 6057 6265 6058
3 6058 6265 6268
3 6058 6268 6036
3 6271 6059 6038
3 6059 6271 6039
3 6278 6062 6063
3 6065 6278 6063
3 6279 6068 6069
3 6071 6279 6069
3 6280 6074 6075
3 6077 6280 6075
3 6281 6080 6081
3 6082 6282 6081
3 6081 6282 6281
3 6084 6282 6082
3 6283 6086 6087
3 6089 6283 6087
3 6284 6091 6092
3 6094 6284 6092
3 6286 6285 6096
3 6096 6285 6095
3 6287 6096 6097
3 6287 6286 6096
3 6288 6097 6098
3 6288 6287 6097
3 6289 6098 6099
3 6289 6288 6098
3 6290 6099 6100
3 6290 6289 6099
3 6291 6100 6101
3 6291 6290 6100
3 6101 6062 6278
3 6292 6101 6278
3 6291 6101 6292
3 6292 6278 6065
3 6102 6292 6065
3 6293 6292 6102
3 6294 6102 6103
3 6294 6293 6102
3 6295 6103 6104
3 6295 6294 6103
3 6296 6104 6105
3 6296 6295 6104
3 6105 6068 6279
3 6297 6105 6279
3 6296 6105 6297
3 6297 6279 6071
3 6106 6297 6071
3 6298 6297 6106
3 6299 6106 6107
3 6299 6298 6106
3 6300 6107 6108
3 6300 6299 6107
3 6301 6108 6109
3 6301 6300 6108
3 6109 6074 6280
3 6302 6109 6280
3 6301 6109 6302
3 6302 6280 6077
3 6110 6302 6077
3 6303 6302 6110
3 6304 6110 6111
3 6304 6303 6110
3 6305 6111 6112
3 6305 6304 6111
3 6112 6080 6281
3 6306 6112 6281
3 6305 6112 6306
3 6306 6281 6282
3 6306 6282 6307
3 6307 6282 6084
3 6113 6307 6084
3 6308 6307 6113
3 6309 6113 6114
3 6309 6308 6113
3 6310 6114 6115
3 6310 6309 6114
3 6115 6086 6283
3 6311 6115 6283
3 6310 6115 6311
3 6311 6283 6089
3 6116 6311 6089
3 6312 6311 6116
3 6313 6116 6117
3 6313 6312 6116
3 6314 6117 6118
3 6314 6313 6117
3 6118 6091 6284
3 6315 6118 6284
3 6314 6118 6315
3 6315 6284 6094
3 6119 6315 6094
3 6316 6315 6119
3 6119 6120 6316
3 6316 6120 6317
3 6319 6318 6122
3 6122 6318 6121
3 6320 6122 6123
3 6320 6319 6122
3 6123 6095 6285
3 6123 6285 6320
3 6124 6317 6120
3 6124 6321 6317
3 6323 6322 6126
3 6126 6322 6125
3 6126 6121 6318
3 6126 6318 6323
3 6127 6321 6124
3 6127 6324 6321
3 6326 6325 6130
3 6130 6325 6129
3 6130 6125 6322
3 6130 6322 6326
3 6131 6324 6127
3 6131 6327 6324
3 6325 6132 6129
3 6328 6132 6325
3 6133 6327 6131
3 6133 6329 6327
3 6332 6331 6330
3 6328 6332 6330
3 6135 6328 6330
3 6132 6328 6135
3 6136 6329 6133
3 6136 6333 6329
3 6330 6331 6138
3 6331 6137 6138
3 6331 6334 6137
3 6330 6138 6135
3 6139 6333 6136
3 6139 6335 6333
3 6336 6140 6141
3 6337 6336 6141
3 6137 6337 6141
3 6334 6337 6137
3 6142 6335 6139
3 6142 6338 6335
3 6340 6339 6336
3 6339 6140 6336
3 6339 6143 6140
3 6340 6336 6337
3 6144 6338 6142
3 6144 6341 6338
3 6343 6342 6146
3 6146 6342 6145
3 6146 6143 6339
3 6146 6339 6343
3 6148 6341 6144
3 6148 6344 6341
3 6342 6149 6145
3 6345 6149 6342
3 6148 6150 6346
3 6347 6148 6346
3 6344 6148 6347
3 6151 6346 6150
3 6349 6348 6153
3 6153 6348 6152
3 6153 6149 6345
3 6153 6345 6349
3 6347 6346 6350
3 6347 6350 6351
3 6154 6350 6151
3 6151 6350 6346
3 6348 6155 6152
3 6352 6155 6348
3 6353 6351 6350
3 6350 6154 6353
3 6154 6354 6353
3 6154 6156 6354
3 6356 6355 6158
3 6158 6355 6157
3 6158 6155 6352
3 6158 6352 6356
3 6159 6354 6156
3 6159 6357 6354
3 6355 6160 6157
3 6358 6160 6355
3 6161 6357 6159
3 6161 6359 6357
3 6358 6162 6160
3 6360 6162 6358
3 6163 6359 6161
3 6163 6361 6359
3 6360 6164 6162
3 6362 6164 6360
3 6165 6361 6163
3 6165 6363 6361
3 6362 6166 6164
3 6364 6166 6362
3 6167 6363 6165
3 6167 6365 6363
3 6364 6168 6166
3 6366 6168 6364
3 6169 6365 6167
3 6169 6367 6365
3 6366 6170 6168
3 6368 6170 6366
3 6171 6367 6169
3 6171 6369 6367
3 6368 6172 6170
3 6370 6172 6368
3 6173 6369 6171
3 6173 6371 6369
3 6370 6174 6172
3 6372 6174 6370
3 6175 6371 6173
3 6175 6373 6371
3 6372 6176 6174
3 6374 6176 6372
3 6177 6373 6175
3 6177 6375 6373
3 6374 6178 6176
3 6376 6178 6374
3 6179 6375 6177
3 6179 6377 6375
3 6376 6180 6178
3 6378 6180 6376
3 6181 6377 6179
3 6181 6379 6377
3 6378 6182 6180
3 6380 6182 6378
3 6183 6379 6181
3 6183 6381 6379
3 6380 6382 6182
3 6182 6382 6184
3 6185 6184 6382
3 6185 6382 6383
3 6386 6385 6384
3 6385 6381 6384
3 6381 6186 6384
3 6381 6183 6186
3 6383 6187 6185
3 6387 6187 6383
3 6386 6384 6189
3 6190 6386 6189
3 6388 6386 6190
3 6189 6384 6186
3 6387 6389 6187
3 6187 6389 6191
3 6192 6191 6389
3 6192 6389 6390
3 6193 6388 6190
3 6193 6391 6388
3 6390 6194 6192
3 6392 6194 6390
3 6195 6391 6193
3 6195 6393 6391
3 6392 6394 6194
3 6194 6394 6196
3 6197 6196 6394
3 6197 6394 6395
3 6198 6393 6195
3 6198 6396 6393
3 6395 6397 6197
3 6197 6397 6199
3 6200 6199 6397
3 6200 6397 6398
3 6201 6396 6198
3 6201 6399 6396
3 6398 6202 6200
3 6400 6202 6398
3 6203 6399 6201
3 6203 6401 6399
3 6400 6402 6202
3 6202 6402 6204
3 6205 6204 6402
3 6205 6402 6403
3 6206 6401 6203
3 6206 6404 6401
3 6207 6205 6405
3 6205 6406 6405
3 6205 6403 6406
3 6405 6209 6207
3 6210 6404 6206
3 6210 6407 6404
3 6406 6408 6405
3 6209 6405 6408
3 6409 6209 6408
3 6211 6209 6409
3 6212 6407 6210
3 6212 6410 6407
3 6409 6411 6211
3 6211 6411 6213
3 6215 6213 6411
3 6215 6411 6412
3 6216 6410 6212
3 6216 6413 6410
3 6412 6414 6215
3 6215 6414 6217
3 6217 6415 6218
3 6414 6415 6217
3 6417 6416 6220
3 6218 6417 6220
3 6415 6417 6218
3 6418 6416 6417
3 6421 6420 6419
3 6420 6413 6419
3 6413 6221 6419
3 6413 6216 6221
3 6416 6222 6220
3 6418 6422 6416
3 6422 6222 6416
3 6422 6223 6222
3 6223 6423 6224
3 6422 6423 6223
3 6224 6424 6226
3 6423 6424 6224
3 6226 6425 6227
3 6424 6425 6226
3 6227 6426 6229
3 6425 6426 6227
3 6229 6427 6231
3 6426 6427 6229
3 6231 6428 6233
3 6427 6428 6231
3 6233 6429 6234
3 6428 6429 6233
3 6234 6430 6235
3 6429 6430 6234
3 6432 6431 6236
3 6235 6432 6236
3 6430 6432 6235
3 6238 6239 6431
3 6432 6238 6431
3 6433 6238 6432
3 6238 6434 6241
3 6433 6434 6238
3 6241 6435 6242
3 6434 6435 6241
3 6437 6436 6243
3 6242 6437 6243
3 6435 6437 6242
3 6245 6246 6436
3 6437 6245 6436
3 6438 6245 6437
3 6245 6439 6248
3 6438 6439 6245
3 6248 6440 6249
3 6439 6440 6248
3 6442 6441 6250
3 6249 6442 6250
3 6440 6442 6249
3 6252 6253 6441
3 6442 6252 6441
3 6443 6252 6442
3 6252 6444 6255
3 6443 6444 6252
3 6255 6445 6256
3 6444 6445 6255
3 6447 6446 6257
3 6256 6447 6257
3 6445 6447 6256
3 6259 6260 6446
3 6447 6259 6446
3 6448 6259 6447
3 6259 6449 6262
3 6448 6449 6259
3 6262 6450 6263
3 6449 6450 6262
3 6452 6451 6264
3 6263 6452 6264
3 6450 6452 6263
3 6266 6267 6451
3 6452 6266 6451
3 6453 6266 6452
3 6266 6454 6269
3 6453 6454 6266
3 6269 6455 6270
3 6454 6455 6269
3 6419 6272 6421
3 6272 6455 6421
3 6272 6270 6455
3 6272 6419 6221
3 6431 6273 6236
3 6273 6431 6239
3 6436 6274 6243
3 6274 6436 6246
3 6441 6275 6250
3 6275 6441 6253
3 6446 6276 6257
3 6276 6446 6260
3 6451 6277 6264
3 6277 6451 6267
3 6457 6456 6286
3 6286 6456 6285
3 6458 6286 6287
3 6458 6457 6286
3 6459 6287 6288
3 6459 6458 6287
3 6460 6288 6289
3 6460 6459 6288
3 6461 6289 6290
3 6461 6460 6289
3 6462 6290 6291
3 6462 6461 6290
3 6463 6291 6292
3 6463 6462 6291
3 6464 6292 6293
3 6464 6463 6292
3 6465 6293 6294
3 6465 6464 6293
3 6466 6294 6295
3 6466 6465 6294
3 6467 6295 6296
3 6467 6466 6295
3 6468 6296 6297
3 6468 6467 6296
3 6469 6297 6298
3 6469 6468 6297
3 6470 6298 6299
3 6470 6469 6298
3 6471 6299 6300
3 6471 6470 6299
3 6472 6300 6301
3 6472 6471 6300
3 6473 6301 6302
3 6473 6472 6301
3 6474 6302 6303
3 6474 6473 6302
3 6475 6303 6304
3 6475 6474 6303
3 6476 6304 6305
3 6476 6475 6304
3 6477 6305 6306
3 6477 6476 6305
3 6478 6306 6307
3 6478 6477 6306
3 6479 6307 6308
3 6479 6478 6307
3 6480 6308 6309
3 6480 6479 6308
3 6481 6309 6310
3 6481 6480 6309
3 6482 6310 6311
3 6482 6481 6310
3 6483 6311 6312
3 6483 6482 6311
3 6484 6312 6313
3 6484 6483 6312
3 6485 6313 6314
3 6485 6484 6313
3 6486 6314 6315
3 6486 6485 6314
3 6487 6315 6316
3 6487 6486 6315
3 6316 6317 6487
3 6487 6317 6488
3 6490 6489 6319
3 6319 6489 6318
3 6491 6319 6320
3 6491 6490 6319
3 6320 6285 6456
3 6320 6456 6491
3 6321 6488 6317
3 6321 6492 6488
3 6494 6493 6323
3 6323 6493 6322
3 6323 6318 6489
3 6323 6489 6494
3 6324 6492 6321
3 6324 6495 6492
3 6496 6325 6326
3 6497 6496 6326
3 6322 6497 6326
3 6493 6497 6322
3 6327 6495 6324
3 6327 6498 6495
3 6500 6499 6496
3 6499 6325 6496
3 6499 6328 6325
3 6500 6496 6497
3 6329 6498 6327
3 6329 6501 6498
3 6503 6502 6332
3 6332 6502 6331
3 6332 6328 6499
3 6332 6499 6503
3 6333 6501 6329
3 6333 6504 6501
3 6502 6334 6331
3 6505 6334 6502
3 6335 6504 6333
3 6335 6506 6504
3 6509 6508 6507
3 6505 6509 6507
3 6337 6505 6507
3 6334 6505 6337
3 6338 6506 6335
3 6338 6510 6506
3 6507 6508 6340
3 6508 6339 6340
3 6508 6511 6339
3 6507 6340 6337
3 6341 6510 6338
3 6341 6512 6510
3 6513 6342 6343
3 6514 6513 6343
3 6339 6514 6343
3 6511 6514 6339
3 6344 6512 6341
3 6344 6515 6512
3 6517 6516 6513
3 6516 6342 6513
3 6516 6345 6342
3 6517 6513 6514
3 6347 6515 6344
3 6347 6518 6515
3 6520 6519 6349
3 6349 6519 6348
3 6349 6345 6516
3 6349 6516 6520
3 6351 6518 6347
3 6351 6521 6518
3 6519 6352 6348
3 6522 6352 6519
3 6351 6353 6523
3 6524 6351 6523
3 6521 6351 6524
3 6354 6523 6353
3 6526 6525 6356
3 6356 6525 6355
3 6356 6352 6522
3 6356 6522 6526
3 6524 6523 6527
3 6524 6527 6528
3 6357 6527 6354
3 6354 6527 6523
3 6525 6358 6355
3 6529 6358 6525
3 6528 6527 6530
3 6528 6530 6531
3 6359 6530 6357
3 6357 6530 6527
3 6529 6360 6358
3 6532 6360 6529
3 6533 6531 6530
3 6530 6359 6533
3 6359 6534 6533
3 6359 6361 6534
3 6532 6362 6360
3 6535 6362 6532
3 6363 6534 6361
3 6363 6536 6534
3 6535 6364 6362
3 6537 6364 6535
3 6365 6536 6363
3 6365 6538 6536
3 6537 6366 6364
3 6539 6366 6537
3 6367 6538 6365
3 6367 6540 6538
3 6539 6368 6366
3 6541 6368 6539
3 6369 6540 6367
3 6369 6542 6540
3 6541 6370 6368
3 6543 6370 6541
3 6371 6542 6369
3 6371 6544 6542
3 6543 6372 6370
3 6545 6372 6543
3 6373 6544 6371
3 6373 6546 6544
3 6545 6374 6372
3 6547 6374 6545
3 6375 6546 6373
3 6375 6548 6546
3 6547 6376 6374
3 6549 6376 6547
3 6377 6548 6375
3 6377 6550 6548
3 6549 6378 6376
3 6551 6378 6549
3 6379 6550 6377
3 6379 6552 6550
3 6551 6380 6378
3 6553 6380 6551
3 6556 6555 6554
3 6555 6552 6554
3 6552 6381 6554
3 6552 6379 6381
3 6553 6557 6380
3 6380 6557 6382
3 6383 6382 6557
3 6383 6557 6558
3 6556 6554 6385
3 6386 6556 6385
3 6559 6556 6386
3 6385 6554 6381
3 6558 6387 6383
3 6560 6387 6558
3 6388 6559 6386
3 6388 6561 6559
3 6560 6562 6387
3 6387 6562 6389
3 6390 6389 6562
3 6390 6562 6563
3 6391 6561 6388
3 6391 6564 6561
3 6563 6392 6390
3 6565 6392 6563
3 6393 6564 6391
3 6393 6566 6564
3 6565 6567 6392
3 6392 6567 6394
3 6395 6394 6567
3 6395 6567 6568
3 6396 6566 6393
3 6396 6569 6566
3 6568 6570 6395
3 6395 6570 6397
3 6398 6397 6570
3 6398 6570 6571
3 6399 6569 6396
3 6399 6572 6569
3 6571 6400 6398
3 6573 6400 6571
3 6401 6572 6399
3 6401 6574 6572
3 6573 6575 6400
3 6400 6575 6402
3 6403 6402 6575
3 6403 6575 6576
3 6404 6574 6401
3 6404 6577 6574
3 6576 6406 6403
3 6578 6406 6576
3 6407 6577 6404
3 6407 6579 6577
3 6578 6580 6406
3 6406 6580 6408
3 6409 6408 6580
3 6409 6580 6581
3 6410 6579 6407
3 6410 6582 6579
3 6581 6583 6409
3 6409 6583 6411
3 6585 6584 6412
3 6411 6585 6412
3 6583 6585 6411
3 6586 6584 6585
3 6589 6588 6587
3 6588 6582 6587
3 6582 6413 6587
3 6582 6410 6413
3 6584 6414 6412
3 6586 6590 6584
3 6590 6414 6584
3 6590 6415 6414
3 6590 6592 6591
3 6417 6590 6591
3 6415 6590 6417
3 6591 6418 6417
3 6589 6587 6420
3 6421 6589 6420
3 6593 6589 6421
3 6420 6587 6413
3 6592 6594 6591
3 6591 6594 6418
3 6594 6422 6418
3 6594 6595 6422
3 6422 6596 6423
3 6595 6596 6422
3 6423 6597 6424
3 6596 6597 6423
3 6424 6598 6425
3 6597 6598 6424
3 6425 6599 6426
3 6598 6599 6425
3 6426 6600 6427
3 6599 6600 6426
3 6427 6601 6428
3 6600 6601 6427
3 6428 6602 6429
3 6601 6602 6428
3 6429 6603 6430
3 6602 6603 6429
3 6430 6604 6432
3 6603 6604 6430
3 6432 6605 6433
3 6604 6605 6432
3 6433 6606 6434
3 6605 6606 6433
3 6434 6607 6435
3 6606 6607 6434
3 6435 6608 6437
3 6607 6608 6435
3 6437 6609 6438
3 6608 6609 6437
3 6438 6610 6439
3 6609 6610 6438
3 6439 6611 6440
3 6610 6611 6439
3 6440 6612 6442
3 6611 6612 6440
3 6442 6613 6443
3 6612 6613 6442
3 6443 6614 6444
3 6613 6614 6443
3 6444 6615 6445
3 6614 6615 6444
3 6445 6616 6447
3 6615 6616 6445
3 6447 6617 6448
3 6616 6617 6447
3 6448 6618 6449
3 6617 6618 6448
3 6449 6619 6450
3 6618 6619 6449
3 6450 6620 6452
3 6619 6620 6450
3 6452 6621 6453
3 6620 6621 6452
3 6453 6622 6454
3 6621 6622 6453
3 6454 6623 6455
3 6622 6623 6454
3 6421 6455 6593
3 6593 6455 6623
3 6625 6624 6457
3 6457 6624 6456
3 6626 6457 6458
3 6626 6625 6457
3 6627 6458 6459
3 6627 6626 6458
3 6628 6459 6460
3 6628 6627 6459
3 6629 6460 6461
3 6629 6628 6460
3 6630 6461 6462
3 6630 6629 6461
3 6631 6462 6463
3 6631 6630 6462
3 6632 6463 6464
3 6632 6631 6463
3 6633 6464 6465
3 6633 6632 6464
3 6634 6465 6466
3 6634 6633 6465
3 6635 6466 6467
3 6635 6634 6466
3 6636 6467 6468
3 6636 6635 6467
3 6637 6468 6469
3 6637 6636 6468
3 6638 6469 6470
3 6638 6637 6469
3 6639 6470 6471
3 6639 6638 6470
3 6640 6471 6472
3 6640 6639 6471
3 6641 6472 6473
3 6641 6640 6472
3 6642 6473 6474
3 6642 6641 6473
3 6643 6474 6475
3 6643 6642 6474
3 6644 6475 6476
3 6644 6643 6475
3 6645 6476 6477
3 6645 6644 6476
3 6646 6477 6478
3 6646 6645 6477
3 6647 6478 6479
3 6647 6646 6478
3 6648 6479 6480
3 6648 6647 6479
3 6649 6480 6481
3 6649 6648 6480
3 6650 6481 6482
3 6650 6649 6481
3 6651 6482 6483
3 6651 6650 6482
3 6652 6483 6484
3 6652 6651 6483
3 6653 6484 6485
3 6653 6652 6484
3 6654 6485 6486
3 6654 6653 6485
3 6656 6654 6655
3 6654 6487 6655
3 6654 6486 6487
3 6488 6655 6487
3 6658 6657 6490
3 6490 6657 6489
3 6659 6490 6491
3 6659 6658 6490
3 6491 6456 6624
3 6491 6624 6659
3 6660 6656 6655
3 6655 6488 6660
3 6488 6661 6660
3 6488 6492 6661
3 6663 6662 6494
3 6494 6662 6493
3 6494 6489 6657
3 6494 6657 6663
3 6495 6661 6492
3 6495 6664 6661
3 6667 6666 6665
3 6662 6667 6665
3 6497 6662 6665
3 6493 6662 6497
3 6498 6664 6495
3 6498 6668 6664
3 6665 6666 6500
3 6666 6499 6500
3 6666 6669 6499
3 6665 6500 6497
3 6501 6668 6498
3 6501 6670 6668
3 6671 6502 6503
3 6672 6671 6503
3 6499 6672 6503
3 6669 6672 6499
3 6504 6670 6501
3 6504 6673 6670
3 6675 6674 6671
3 6674 6502 6671
3 6674 6505 6502
3 6675 6671 6672
3 6506 6673 6504
3 6506 6676 6673
3 6678 6677 6509
3 6509 6677 6508
3 6509 6505 6674
3 6509 6674 6678
3 6510 6676 6506
3 6510 6679 6676
3 6677 6511 6508
3 6680 6511 6677
3 6512 6679 6510
3 6512 6681 6679
3 6684 6683 6682
3 6680 6684 6682
3 6514 6680 6682
3 6511 6680 6514
3 6515 6681 6512
3 6515 6685 6681
3 6682 6683 6517
3 6683 6516 6517
3 6683 6686 6516
3 6682 6517 6514
3 6518 6685 6515
3 6518 6687 6685
3 6689 6688 6520
3 6520 6688 6519
3 6520 6516 6686
3 6520 6686 6689
3 6521 6687 6518
3 6521 6690 6687
3 6688 6522 6519
3 6691 6522 6688
3 6524 6690 6521
3 6524 6692 6690
3 6693 6525 6526
3 6694 6693 6526
3 6522 6694 6526
3 6691 6694 6522
3 6528 6692 6524
3 6528 6695 6692
3 6696 6529 6693
3 6693 6529 6525
3 6693 6694 6697
3 6693 6697 6696
3 6531 6695 6528
3 6531 6698 6695
3 6699 6532 6696
3 6696 6532 6529
3 6696 6697 6700
3 6696 6700 6699
3 6531 6533 6701
3 6702 6531 6701
3 6698 6531 6702
3 6534 6701 6533
3 6703 6535 6699
3 6699 6535 6532
3 6699 6700 6704
3 6699 6704 6703
3 6702 6701 6705
3 6702 6705 6706
3 6536 6705 6534
3 6534 6705 6701
3 6707 6537 6703
3 6703 6537 6535
3 6703 6704 6708
3 6703 6708 6707
3 6709 6706 6705
3 6705 6536 6709
3 6536 6710 6709
3 6536 6538 6710
3 6711 6539 6707
3 6707 6539 6537
3 6707 6708 6712
3 6707 6712 6711
3 6540 6710 6538
3 6540 6713 6710
3 6714 6541 6711
3 6711 6541 6539
3 6711 6712 6715
3 6711 6715 6714
3 6542 6713 6540
3 6542 6716 6713
3 6717 6543 6714
3 6714 6543 6541
3 6714 6715 6718
3 6714 6718 6717
3 6544 6716 6542
3 6544 6719 6716
3 6720 6545 6717
3 6717 6545 6543
3 6717 6718 6721
3 6717 6721 6720
3 6546 6719 6544
3 6546 6722 6719
3 6723 6547 6720
3 6720 6547 6545
3 6720 6721 6724
3 6720 6724 6723
3 6548 6722 6546
3 6548 6725 6722
3 6726 6549 6723
3 6723 6549 6547
3 6723 6724 6727
3 6723 6727 6726
3 6550 6725 6548
3 6550 6728 6725
3 6729 6551 6726
3 6726 6551 6549
3 6726 6727 6730
3 6726 6730 6729
3 6733 6732 6731
3 6732 6728 6731
3 6728 6552 6731
3 6728 6550 6552
3 6734 6553 6729
3 6729 6553 6551
3 6729 6730 6735
3 6729 6735 6734
3 6733 6731 6555
3 6556 6733 6555
3 6736 6733 6556
3 6555 6731 6552
3 6734 6557 6553
3 6558 6557 6734
3 6735 6558 6734
3 6737 6558 6735
3 6559 6736 6556
3 6559 6738 6736
3 6737 6560 6558
3 6739 6560 6737
3 6561 6738 6559
3 6561 6740 6738
3 6739 6741 6560
3 6560 6741 6562
3 6563 6562 6741
3 6563 6741 6742
3 6564 6740 6561
3 6564 6743 6740
3 6742 6565 6563
3 6744 6565 6742
3 6566 6743 6564
3 6566 6745 6743
3 6744 6746 6565
3 6565 6746 6567
3 6568 6567 6746
3 6568 6746 6747
3 6569 6745 6566
3 6569 6748 6745
3 6747 6749 6568
3 6568 6749 6570
3 6571 6570 6749
3 6571 6749 6750
3 6572 6748 6569
3 6572 6751 6748
3 6750 6573 6571
3 6752 6573 6750
3 6574 6751 6572
3 6574 6753 6751
3 6752 6754 6573
3 6573 6754 6575
3 6576 6575 6754
3 6576 6754 6755
3 6577 6753 6574
3 6577 6756 6753
3 6755 6578 6576
3 6757 6578 6755
3 6579 6756 6577
3 6579 6758 6756
3 6757 6759 6578
3 6578 6759 6580
3 6581 6580 6759
3 6581 6759 6760
3 6763 6762 6761
3 6762 6758 6761
3 6758 6582 6761
3 6758 6579 6582
3 6760 6764 6581
3 6581 6764 6583
3 6583 6765 6585
3 6764 6765 6583
3 6586 6585 6765
3 6586 6765 6766
3 6763 6761 6588
3 6589 6763 6588
3 6767 6763 6589
3 6588 6761 6582
3 6766 6768 6586
3 6586 6768 6590
3 6770 6769 6592
3 6590 6770 6592
3 6768 6770 6590
3 6771 6769 6770
3 6593 6767 6589
3 6593 6772 6767
3 6769 6594 6592
3 6771 6773 6769
3 6773 6594 6769
3 6773 6595 6594
3 6595 6774 6596
3 6773 6774 6595
3 6596 6775 6597
3 6774 6775 6596
3 6597 6776 6598
3 6775 6776 6597
3 6598 6777 6599
3 6776 6777 6598
3 6599 6778 6600
3 6777 6778 6599
3 6600 6779 6601
3 6778 6779 6600
3 6601 6780 6602
3 6779 6780 6601
3 6602 6781 6603
3 6780 6781 6602
3 6603 6782 6604
3 6781 6782 6603
3 6604 6783 6605
3 6782 6783 6604
3 6605 6784 6606
3 6783 6784 6605
3 6606 6785 6607
3 6784 6785 6606
3 6607 6786 6608
3 6785 6786 6607
3 6608 6787 6609
3 6786 6787 6608
3 6609 6788 6610
3 6787 6788 6609
3 6610 6789 6611
3 6788 6789 6610
3 6611 6790 6612
3 6789 6790 6611
3 6612 6791 6613
3 6790 6791 6612
3 6613 6792 6614
3 6791 6792 6613
3 6614 6793 6615
3 6792 6793 6614
3 6615 6794 6616
3 6793 6794 6615
3 6616 6795 6617
3 6794 6795 6616
3 6617 6796 6618
3 6795 6796 6617
3 6618 6797 6619
3 6796 6797 6618
3 6619 6798 6620
3 6797 6798 6619
3 6620 6799 6621
3 6798 6799 6620
3 6621 6800 6622
3 6799 6800 6621
3 6622 6801 6623
3 6800 6801 6622
3 6593 6623 6772
3 6772 6623 6801
3 6803 6802 6625
3 6625 6802 6624
3 6804 6625 6626
3 6804 6803 6625
3 6806 6804 6805
3 6804 6627 6805
3 6804 6626 6627
3 6628 6807 6627
3 6627 6807 6805
3 6807 6628 6808
3 6628 6809 6808
3 6628 6629 6809
3 6810 6629 6630
3 6810 6809 6629
3 6811 6630 6631
3 6811 6810 6630
3 6812 6631 6632
3 6812 6811 6631
3 6814 6812 6813
3 6812 6633 6813
3 6812 6632 6633
3 6813 6633 6815
3 6633 6816 6815
3 6633 6634 6816
3 6817 6634 6635
3 6817 6816 6634
3 6818 6635 6636
3 6818 6817 6635
3 6819 6636 6637
3 6819 6818 6636
3 6821 6819 6820
3 6819 6638 6820
3 6819 6637 6638
3 6639 6822 6638
3 6638 6822 6820
3 6822 6639 6823
3 6639 6824 6823
3 6639 6640 6824
3 6825 6640 6641
3 6825 6824 6640
3 6826 6641 6642
3 6826 6825 6641
3 6828 6826 6827
3 6826 6643 6827
3 6826 6642 6643
3 6644 6829 6643
3 6643 6829 6827
3 6829 6644 6830
3 6644 6831 6830
3 6644 6645 6831
3 6832 6645 6646
3 6832 6831 6645
3 6833 6646 6647
3 6833 6832 6646
3 6835 6833 6834
3 6833 6648 6834
3 6833 6647 6648
3 6834 6648 6836
3 6648 6837 6836
3 6648 6649 6837
3 6838 6649 6650
3 6838 6837 6649
3 6839 6650 6651
3 6839 6838 6650
3 6841 6839 6840
3 6839 6652 6840
3 6839 6651 6652
3 6653 6842 6652
3 6652 6842 6840
3 6842 6653 6843
3 6653 6844 6843
3 6653 6654 6844
3 6654 6656 6844
3 6844 6656 6845
3 6847 6846 6658
3 6658 6846 6657
3 6848 6658 6659
3 6848 6847 6658
3 6659 6624 6802
3 6659 6802 6848
3 6849 6806 6805
3 6849 6805 6807
3 6849 6807 6850
3 6850 6807 6808
3 6851 6814 6813
3 6851 6813 6815
3 6852 6821 6820
3 6852 6820 6822
3 6852 6822 6853
3 6853 6822 6823
3 6854 6828 6827
3 6854 6827 6829
3 6854 6829 6855
3 6855 6829 6830
3 6856 6835 6834
3 6856 6834 6836
3 6857 6841 6840
3 6857 6840 6842
3 6857 6842 6858
3 6858 6842 6843
3 6859 6845 6656
3 6859 6656 6660
3 6660 6661 6859
3 6859 6661 6860
3 6862 6861 6663
3 6663 6861 6662
3 6663 6657 6846
3 6663 6846 6862
3 6664 6860 6661
3 6664 6863 6860
3 6865 6864 6667
3 6667 6864 6666
3 6667 6662 6861
3 6667 6861 6865
3 6668 6863 6664
3 6668 6866 6863
3 6864 6669 6666
3 6867 6669 6864
3 6670 6866 6668
3 6670 6868 6866
3 6871 6870 6869
3 6867 6871 6869
3 6672 6867 6869
3 6669 6867 6672
3 6673 6868 6670
3 6673 6872 6868
3 6869 6870 6675
3 6870 6674 6675
3 6870 6873 6674
3 6869 6675 6672
3 6676 6872 6673
3 6676 6874 6872
3 6876 6875 6678
3 6678 6875 6677
3 6678 6674 6873
3 6678 6873 6876
3 6679 6874 6676
3 6679 6877 6874
3 6875 6680 6677
3 6878 6680 6875
3 6681 6877 6679
3 6681 6879 6877
3 6881 6880 6684
3 6684 6880 6683
3 6684 6680 6878
3 6684 6878 6881
3 6685 6879 6681
3 6685 6882 6879
3 6880 6686 6683
3 6883 6686 6880
3 6687 6882 6685
3 6687 6884 6882
3 6885 6688 6689
3 6886 6885 6689
3 6686 6886 6689
3 6883 6886 6686
3 6690 6884 6687
3 6690 6887 6884
3 6888 6691 6885
3 6885 6691 6688
3 6885 6886 6889
3 6885 6889 6888
3 6692 6887 6690
3 6692 6890 6887
3 6891 6694 6888
3 6888 6694 6691
3 6888 6889 6892
3 6888 6892 6891
3 6695 6890 6692
3 6695 6893 6890
3 6894 6697 6891
3 6891 6697 6694
3 6891 6892 6895
3 6891 6895 6894
3 6698 6893 6695
3 6698 6896 6893
3 6897 6700 6894
3 6894 6700 6697
3 6894 6895 6898
3 6894 6898 6897
3 6702 6896 6698
3 6702 6899 6896
3 6900 6704 6897
3 6897 6704 6700
3 6897 6898 6901
3 6897 6901 6900
3 6706 6899 6702
3 6706 6902 6899
3 6903 6708 6900
3 6900 6708 6704
3 6900 6901 6904
3 6900 6904 6903
3 6706 6709 6905
3 6906 6706 6905
3 6902 6706 6906
3 6710 6905 6709
3 6907 6712 6903
3 6903 6712 6708
3 6903 6904 6908
3 6903 6908 6907
3 6906 6905 6909
3 6906 6909 6910
3 6713 6909 6710
3 6710 6909 6905
3 6911 6715 6907
3 6907 6715 6712
3 6907 6908 6912
3 6907 6912 6911
3 6910 6909 6913
3 6910 6913 6914
3 6716 6913 6713
3 6713 6913 6909
3 6915 6718 6911
3 6911 6718 6715
3 6911 6912 6916
3 6911 6916 6915
3 6917 6914 6913
3 6913 6716 6917
3 6716 6918 6917
3 6716 6719 6918
3 6919 6721 6915
3 6915 6721 6718
3 6915 6916 6920
3 6915 6920 6919
3 6722 6918 6719
3 6722 6921 6918
3 6922 6724 6919
3 6919 6724 6721
3 6919 6920 6923
3 6919 6923 6922
3 6725 6921 6722
3 6725 6924 6921
3 6925 6727 6922
3 6922 6727 6724
3 6922 6923 6926
3 6922 6926 6925
3 6929 6928 6927
3 6928 6924 6927
3 6924 6728 6927
3 6924 6725 6728
3 6930 6730 6925
3 6925 6730 6727
3 6925 6926 6931
3 6925 6931 6930
3 6929 6927 6732
3 6733 6929 6732
3 6932 6929 6733
3 6732 6927 6728
3 6933 6735 6930
3 6930 6735 6730
3 6930 6931 6934
3 6930 6934 6933
3 6736 6932 6733
3 6736 6935 6932
3 6936 6737 6933
3 6933 6737 6735
3 6933 6934 6937
3 6933 6937 6936
3 6738 6935 6736
3 6738 6938 6935
3 6939 6739 6936
3 6936 6739 6737
3 6936 6937 6940
3 6936 6940 6939
3 6740 6938 6738
3 6740 6941 6938
3 6939 6741 6739
3 6742 6741 6939
3 6940 6742 6939
3 6942 6742 6940
3 6743 6941 6740
3 6743 6943 6941
3 6942 6744 6742
3 6944 6744 6942
3 6745 6943 6743
3 6745 6945 6943
3 6944 6946 6744
3 6744 6946 6746
3 6747 6746 6946
3 6747 6946 6947
3 6748 6945 6745
3 6748 6948 6945
3 6947 6949 6747
3 6747 6949 6749
3 6750 6749 6949
3 6750 6949 6950
3 6751 6948 6748
3 6751 6951 6948
3 6950 6752 6750
3 6952 6752 6950
3 6753 6951 6751
3 6753 6953 6951
3 6952 6954 6752
3 6752 6954 6754
3 6755 6754 6954
3 6755 6954 6955
3 6756 6953 6753
3 6756 6956 6953
3 6955 6757 6755
3 6957 6757 6955
3 6960 6959 6958
3 6959 6956 6958
3 6956 6758 6958
3 6956 6756 6758
3 6957 6961 6757
3 6757 6961 6759
3 6760 6759 6961
3 6760 6961 6962
3 6960 6958 6762
3 6763 6960 6762
3 6963 6960 6763
3 6762 6958 6758
3 6962 6964 6760
3 6760 6964 6764
3 6964 6966 6965
3 6765 6964 6965
3 6764 6964 6765
3 6965 6766 6765
3 6767 6963 6763
3 6767 6967 6963
3 6966 6968 6965
3 6965 6968 6766
3 6968 6768 6766
3 6968 6969 6768
3 6768 6970 6770
3 6969 6970 6768
3 6972 6971 6771
3 6770 6972 6771
3 6970 6972 6770
3 6974 6973 6971
3 6974 6971 6972
3 6975 6973 6974
3 6978 6977 6976
3 6980 6979 6976
3 6980 6976 6977
3 6981 6979 6980
3 6984 6983 6982
3 6985 6982 6983
3 6988 6987 6986
3 6990 6989 6986
3 6990 6986 6987
3 6991 6989 6990
3 6994 6993 6992
3 6995 6992 6993
3 6998 6997 6996
3 6999 6996 6997
3 7002 7001 7000
3 7003 7000 7001
3 6772 6967 6767
3 6772 7004 6967
3 6971 6773 6771
3 6773 6971 6774
3 6774 6971 6973
3 6975 7005 6973
3 7005 6774 6973
3 7005 6775 6774
3 6775 7006 6776
3 7005 7006 6775
3 6776 7007 6777
3 7006 7007 6776
3 6976 6778 6978
3 6778 7007 6978
3 6778 6777 7007
3 6778 6976 6779
3 6779 6976 6979
3 6981 7008 6979
3 7008 6779 6979
3 7008 6780 6779
3 6780 7009 6781
3 7008 7009 6780
3 6781 7010 6782
3 7009 7010 6781
3 6982 6783 6984
3 6783 7010 6984
3 6783 6782 7010
3 6985 7011 6982
3 7011 6783 6982
3 7011 6784 6783
3 6784 7012 6785
3 7011 7012 6784
3 6785 7013 6786
3 7012 7013 6785
3 6986 6787 6988
3 6787 7013 6988
3 6787 6786 7013
3 6787 6986 6788
3 6788 6986 6989
3 6991 7014 6989
3 7014 6788 6989
3 7014 6789 6788
3 6789 7015 6790
3 7014 7015 6789
3 6790 7016 6791
3 7015 7016 6790
3 6992 6792 6994
3 6792 7016 6994
3 6792 6791 7016
3 6995 7017 6992
3 7017 6792 6992
3 7017 6793 6792
3 6793 7018 6794
3 7017 7018 6793
3 6794 7019 6795
3 7018 7019 6794
3 6996 6796 6998
3 6796 7019 6998
3 6796 6795 7019
3 6999 7020 6996
3 7020 6796 6996
3 7020 6797 6796
3 6797 7021 6798
3 7020 7021 6797
3 6798 7022 6799
3 7021 7022 6798
3 7000 6800 7002
3 6800 7022 7002
3 6800 6799 7022
3 7003 7023 7000
3 7023 6800 7000
3 7023 6801 6800
3 6772 6801 7004
3 7004 6801 7023
3 7024 6802 6803
3 6804 7025 6803
3 6803 7025 7024
3 6806 7025 6804
3 7027 7026 6809
3 6809 7026 6808
3 7029 7027 7028
3 7027 6810 7028
3 7027 6809 6810
3 6811 7030 6810
3 6810 7030 7028
3 6812 7031 6811
3 6811 7031 7030
3 6814 7031 6812
3 7033 7032 6816
3 6816 7032 6815
3 7035 7033 7034
3 7033 6817 7034
3 7033 6816 6817
3 6818 7036 6817
3 6817 7036 7034
3 6819 7037 6818
3 6818 7037 7036
3 6821 7037 6819
3 7040 7039 7038
3 6823 6824 7038
3 6824 7040 7038
3 6824 7041 7040
3 7043 7041 7042
3 7041 6825 7042
3 7041 6824 6825
3 6826 7044 6825
3 6825 7044 7042
3 6828 7044 6826
3 7047 7046 7045
3 7045 6830 7047
3 6830 6831 7047
3 7049 7048 7047
3 7049 7047 6831
3 6832 7050 6831
3 6831 7050 7049
3 6833 7051 6832
3 6832 7051 7050
3 6835 7051 6833
3 7053 7052 6837
3 6837 7052 6836
3 7055 7053 7054
3 7053 6838 7054
3 7053 6837 6838
3 6839 7056 6838
3 6838 7056 7054
3 6841 7056 6839
3 7058 7057 6844
3 6844 7057 6843
3 6844 6845 7058
3 7058 6845 7059
3 7061 7060 6847
3 6847 7060 6846
3 7062 6847 6848
3 7062 7061 6847
3 6848 6802 7024
3 7063 6848 7024
3 7062 6848 7063
3 7063 7024 7025
3 7063 7025 7064
3 7064 7025 6806
3 6849 7064 6806
3 7065 7064 6849
3 7066 6849 6850
3 7066 7065 6849
3 6850 6808 7026
3 6850 7026 7066
3 7067 7029 7028
3 7067 7028 7030
3 7067 7030 7068
3 7068 7030 7031
3 7068 7031 7069
3 7069 7031 6814
3 6851 7069 6814
3 7070 7069 6851
3 6851 6815 7032
3 6851 7032 7070
3 7071 7035 7034
3 7071 7034 7036
3 7071 7036 7072
3 7072 7036 7037
3 7072 7037 7073
3 7073 7037 6821
3 6852 7073 6821
3 7074 7073 6852
3 6853 7038 7039
3 7074 6853 7039
3 6852 6853 7074
3 7038 6853 6823
3 7075 7043 7042
3 7075 7042 7044
3 7075 7044 7076
3 7076 7044 6828
3 6854 7076 6828
3 7077 7076 6854
3 6855 7045 7046
3 7077 6855 7046
3 6854 6855 7077
3 7049 7078 7048
3 6830 7045 6855
3 7078 7049 7050
3 7078 7050 7079
3 7079 7050 7051
3 7079 7051 7080
3 7080 7051 6835
3 6856 7080 6835
3 7081 7080 6856
3 6856 6836 7052
3 6856 7052 7081
3 7082 7055 7054
3 7082 7054 7056
3 7082 7056 7083
3 7083 7056 6841
3 6857 7083 6841
3 7084 7083 6857
3 7085 6857 6858
3 7085 7084 6857
3 6858 6843 7057
3 6858 7057 7085
3 6845 6859 7086
3 7087 6845 7086
3 7059 6845 7087
3 6860 7086 6859
3 7089 7088 6862
3 6862 7088 6861
3 6862 6846 7060
3 6862 7060 7089
3 7090 7087 7086
3 7086 6860 7090
3 6860 7091 7090
3 6860 6863 7091
3 7092 6864 6865
3 7093 7092 6865
3 6861 7093 6865
3 7088 7093 6861
3 6866 7091 6863
3 6866 7094 7091
3 7096 7095 7092
3 7095 6864 7092
3 7095 6867 6864
3 7096 7092 7093
3 6868 7094 6866
3 6868 7097 7094
3 7099 7098 6871
3 6871 7098 6870
3 6871 6867 7095
3 6871 7095 7099
3 6872 7097 6868
3 6872 7100 7097
3 7098 6873 6870
3 7101 6873 7098
3 6874 7100 6872
3 6874 7102 7100
3 7104 7103 6876
3 6876 7103 6875
3 6876 6873 7101
3 6876 7101 7104
3 6877 7102 6874
3 6877 7105 7102
3 7103 6878 6875
3 7106 6878 7103
3 6879 7105 6877
3 6879 7107 7105
3 7109 7108 6881
3 6881 7108 6880
3 6881 6878 7106
3 6881 7106 7109
3 6882 7107 6879
3 6882 7110 7107
3 7108 6883 6880
3 7111 6883 7108
3 6884 7110 6882
3 6884 7112 7110
3 7111 6886 6883
3 7113 6886 7111
3 6887 7112 6884
3 6887 7114 7112
3 7113 6889 6886
3 7115 6889 7113
3 6890 7114 6887
3 6890 7116 7114
3 7115 6892 6889
3 7117 6892 7115
3 6893 7116 6890
3 6893 7118 7116
3 7117 6895 6892
3 7119 6895 7117
3 6896 7118 6893
3 6896 7120 7118
3 7119 6898 6895
3 7121 6898 7119
3 6899 7120 6896
3 6899 7122 7120
3 7121 6901 6898
3 7123 6901 7121
3 6902 7122 6899
3 6902 7124 7122
3 7123 6904 6901
3 7125 6904 7123
3 6906 7124 6902
3 6906 7126 7124
3 7125 6908 6904
3 7127 6908 7125
3 6910 7126 6906
3 6910 7128 7126
3 7127 6912 6908
3 7129 6912 7127
3 6914 7128 6910
3 6914 7130 7128
3 7129 6916 6912
3 7131 6916 7129
3 6914 6917 7132
3 7133 6914 7132
3 7130 6914 7133
3 6918 7132 6917
3 7131 6920 6916
3 7134 6920 7131
3 7133 7132 7135
3 7133 7135 7136
3 6921 7135 6918
3 6918 7135 7132
3 7134 6923 6920
3 7137 6923 7134
3 7136 7135 7138
3 7136 7138 7139
3 6924 7138 6921
3 6921 7138 7135
3 7137 6926 6923
3 7140 6926 7137
3 7139 7138 6928
3 6929 7139 6928
3 7141 7139 6929
3 6928 7138 6924
3 7140 6931 6926
3 7142 6931 7140
3 6932 7141 6929
3 6932 7143 7141
3 7142 6934 6931
3 7144 6934 7142
3 6935 7143 6932
3 6935 7145 7143
3 7144 6937 6934
3 7146 6937 7144
3 6938 7145 6935
3 6938 7147 7145
3 7146 6940 6937
3 7148 6940 7146
3 6941 7147 6938
3 6941 7149 7147
3 7148 6942 6940
3 7150 6942 7148
3 6943 7149 6941
3 6943 7151 7149
3 7150 6944 6942
3 7152 6944 7150
3 6945 7151 6943
3 6945 7153 7151
3 7152 7154 6944
3 6944 7154 6946
3 6947 6946 7154
3 6947 7154 7155
3 6948 7153 6945
3 6948 7156 7153
3 7155 7157 6947
3 6947 7157 6949
3 6950 6949 7157
3 6950 7157 7158
3 6951 7156 6948
3 6951 7159 7156
3 7158 6952 6950
3 7160 6952 7158
3 6953 7159 6951
3 6953 7161 7159
3 7160 7162 6952
3 6952 7162 6954
3 6955 6954 7162
3 6955 7162 7163
3 7166 7165 7164
3 7165 7161 7164
3 7161 6956 7164
3 7161 6953 6956
3 7163 6957 6955
3 7167 6957 7163
3 7166 7164 6959
3 6960 7166 6959
3 7168 7166 6960
3 6959 7164 6956
3 7167 7169 6957
3 6957 7169 6961
3 6962 6961 7169
3 6962 7169 7170
3 6963 7168 6960
3 6963 7171 7168
3 7170 7172 6962
3 6962 7172 6964
3 7174 7173 6966
3 6964 7174 6966
3 7172 7174 6964
3 7175 7173 7174
3 6967 7171 6963
3 6967 7176 7171
3 7173 6968 6966
3 7175 7177 7173
3 7177 6968 7173
3 7177 6969 6968
3 6969 7178 6970
3 7177 7178 6969
3 6970 7179 6972
3 7178 7179 6970
3 6972 7180 6974
3 7179 7180 6972
3 7182 7181 6975
3 6974 7182 6975
3 7180 7182 6974
3 7184 7183 7181
3 7184 7181 7182
3 7186 7185 7183
3 7186 7183 7184
3 6977 6978 7185
3 7186 6977 7185
3 7187 6977 7186
3 6977 7188 6980
3 7187 7188 6977
3 6981 6980 7188
3 6981 7188 7189
3 7192 7191 7190
3 7194 7193 7190
3 7194 7190 7191
3 6983 6984 7193
3 7194 6983 7193
3 7195 6983 7194
3 6985 6983 7195
3 6985 7195 7196
3 7199 7198 7197
3 7201 7200 7197
3 7201 7197 7198
3 6987 6988 7200
3 7201 6987 7200
3 7202 6987 7201
3 6987 7203 6990
3 7202 7203 6987
3 7205 7204 6991
3 6990 7205 6991
3 7203 7205 6990
3 7207 7206 7204
3 7207 7204 7205
3 7209 7208 7206
3 7209 7206 7207
3 6993 6994 7208
3 7209 6993 7208
3 7210 6993 7209
3 7212 7211 6995
3 6993 7212 6995
3 7210 7212 6993
3 7214 7213 7211
3 7214 7211 7212
3 7216 7215 7213
3 7216 7213 7214
3 6997 6998 7215
3 7216 6997 7215
3 7217 6997 7216
3 7219 7218 6999
3 6997 7219 6999
3 7217 7219 6997
3 7221 7220 7218
3 7221 7218 7219
3 7223 7222 7220
3 7223 7220 7221
3 7001 7002 7222
3 7223 7001 7222
3 7224 7001 7223
3 7003 7001 7224
3 7003 7224 7225
3 7004 7176 6967
3 7004 7226 7176
3 7181 7005 6975
3 7005 7181 7006
3 7006 7181 7183
3 7006 7183 7007
3 7007 7183 7185
3 7007 7185 6978
3 7189 7227 6981
3 6981 7227 7008
3 7190 7009 7192
3 7009 7227 7192
3 7009 7008 7227
3 7009 7190 7010
3 7010 7190 7193
3 7010 7193 6984
3 7196 7228 6985
3 6985 7228 7011
3 7197 7012 7199
3 7012 7228 7199
3 7012 7011 7228
3 7012 7197 7013
3 7013 7197 7200
3 7013 7200 6988
3 7204 7014 6991
3 7014 7204 7015
3 7015 7204 7206
3 7015 7206 7016
3 7016 7206 7208
3 7016 7208 6994
3 7211 7017 6995
3 7017 7211 7018
3 7018 7211 7213
3 7018 7213 7019
3 7019 7213 7215
3 7019 7215 6998
3 7218 7020 6999
3 7020 7218 7021
3 7021 7218 7220
3 7021 7220 7022
3 7022 7220 7222
3 7022 7222 7002
3 7225 7229 7003
3 7003 7229 7023
3 7004 7023 7226
3 7226 7023 7229
3 7230 7026 7027
3 7029 7230 7027
3 7231 7032 7033
3 7035 7231 7033
3 7232 7039 7040
3 7041 7233 7040
3 7040 7233 7232
3 7043 7233 7041
3 7234 7046 7047
3 7048 7234 7047
3 7235 7052 7053
3 7055 7235 7053
3 7236 7057 7058
3 7059 7236 7058
3 7238 7237 7061
3 7061 7237 7060
3 7239 7061 7062
3 7239 7238 7061
3 7240 7062 7063
3 7240 7239 7062
3 7241 7063 7064
3 7241 7240 7063
3 7242 7064 7065
3 7242 7241 7064
3 7243 7065 7066
3 7243 7242 7065
3 7066 7026 7230
3 7244 7066 7230
3 7243 7066 7244
3 7244 7230 7029
3 7067 7244 7029
3 7245 7244 7067
3 7246 7067 7068
3 7246 7245 7067
3 7247 7068 7069
3 7247 7246 7068
3 7248 7069 7070
3 7248 7247 7069
3 7070 7032 7231
3 7249 7070 7231
3 7248 7070 7249
3 7249 7231 7035
3 7071 7249 7035
3 7250 7249 7071
3 7251 7071 7072
3 7251 7250 7071
3 7252 7072 7073
3 7252 7251 7072
3 7253 7073 7074
3 7253 7252 7073
3 7074 7039 7232
3 7254 7074 7232
3 7253 7074 7254
3 7254 7232 7233
3 7254 7233 7255
3 7255 7233 7043
3 7075 7255 7043
3 7256 7255 7075
3 7257 7075 7076
3 7257 7256 7075
3 7258 7076 7077
3 7258 7257 7076
3 7077 7046 7234
3 7259 7077 7234
3 7258 7077 7259
3 7259 7234 7048
3 7078 7259 7048
3 7260 7259 7078
3 7261 7078 7079
3 7261 7260 7078
3 7262 7079 7080
3 7262 7261 7079
3 7263 7080 7081
3 7263 7262 7080
3 7081 7052 7235
3 7264 7081 7235
3 7263 7081 7264
3 7264 7235 7055
3 7082 7264 7055
3 7265 7264 7082
3 7266 7082 7083
3 7266 7265 7082
3 7267 7083 7084
3 7267 7266 7083
3 7268 7084 7085
3 7268 7267 7084
3 7085 7057 7236
3 7269 7085 7236
3 7268 7085 7269
3 7236 7059 7269
3 7059 7270 7269
3 7059 7087 7270
3 7272 7271 7089
3 7089 7271 7088
3 7089 7060 7237
3 7089 7237 7272
3 7087 7090 7273
3 7274 7087 7273
3 7270 7087 7274
3 7091 7273 7090
3 7277 7276 7275
3 7271 7277 7275
3 7093 7271 7275
3 7088 7271 7093
3 7274 7273 7278
3 7274 7278 7279
3 7094 7278 7091
3 7091 7278 7273
3 7275 7276 7096
3 7276 7095 7096
3 7276 7280 7095
3 7275 7096 7093
3 7279 7278 7281
3 7279 7281 7282
3 7097 7281 7094
3 7094 7281 7278
3 7283 7098 7099
3 7284 7283 7099
3 7095 7284 7099
3 7280 7284 7095
3 7285 7282 7281
3 7281 7097 7285
3 7097 7286 7285
3 7097 7100 7286
3 7288 7287 7283
3 7287 7098 7283
3 7287 7101 7098
3 7288 7283 7284
3 7102 7286 7100
3 7102 7289 7286
3 7291 7290 7104
3 7104 7290 7103
3 7104 7101 7287
3 7104 7287 7291
3 7105 7289 7102
3 7105 7292 7289
3 7290 7106 7103
3 7293 7106 7290
3 7107 7292 7105
3 7107 7294 7292
3 7295 7108 7109
3 7296 7295 7109
3 7106 7296 7109
3 7293 7296 7106
3 7110 7294 7107
3 7110 7297 7294
3 7298 7111 7295
3 7295 7111 7108
3 7295 7296 7299
3 7295 7299 7298
3 7112 7297 7110
3 7112 7300 7297
3 7301 7113 7298
3 7298 7113 7111
3 7298 7299 7302
3 7298 7302 7301
3 7114 7300 7112
3 7114 7303 7300
3 7304 7115 7301
3 7301 7115 7113
3 7301 7302 7305
3 7301 7305 7304
3 7116 7303 7114
3 7116 7306 7303
3 7307 7117 7304
3 7304 7117 7115
3 7304 7305 7308
3 7304 7308 7307
3 7118 7306 7116
3 7118 7309 7306
3 7310 7119 7307
3 7307 7119 7117
3 7307 7308 7311
3 7307 7311 7310
3 7120 7309 7118
3 7120 7312 7309
3 7313 7121 7310
3 7310 7121 7119
3 7310 7311 7314
3 7310 7314 7313
3 7122 7312 7120
3 7122 7315 7312
3 7316 7123 7313
3 7313 7123 7121
3 7313 7314 7317
3 7313 7317 7316
3 7124 7315 7122
3 7124 7318 7315
3 7319 7125 7316
3 7316 7125 7123
3 7316 7317 7320
3 7316 7320 7319
3 7126 7318 7124
3 7126 7321 7318
3 7322 7127 7319
3 7319 7127 7125
3 7319 7320 7323
3 7319 7323 7322
3 7128 7321 7126
3 7128 7324 7321
3 7325 7129 7322
3 7322 7129 7127
3 7322 7323 7326
3 7322 7326 7325
3 7130 7324 7128
3 7130 7327 7324
3 7328 7131 7325
3 7325 7131 7129
3 7325 7326 7329
3 7325 7329 7328
3 7133 7327 7130
3 7133 7330 7327
3 7331 7134 7328
3 7328 7134 7131
3 7328 7329 7332
3 7328 7332 7331
3 7136 7330 7133
3 7136 7333 7330
3 7334 7137 7331
3 7331 7137 7134
3 7331 7332 7335
3 7331 7335 7334
3 7139 7333 7136
3 7139 7336 7333
3 7337 7140 7334
3 7334 7140 7137
3 7334 7335 7338
3 7334 7338 7337
3 7141 7336 7139
3 7141 7339 7336
3 7340 7142 7337
3 7337 7142 7140
3 7337 7338 7341
3 7337 7341 7340
3 7143 7339 7141
3 7143 7342 7339
3 7343 7144 7340
3 7340 7144 7142
3 7340 7341 7344
3 7340 7344 7343
3 7145 7342 7143
3 7145 7345 7342
3 7346 7146 7343
3 7343 7146 7144
3 7343 7344 7347
3 7343 7347 7346
3 7147 7345 7145
3 7147 7348 7345
3 7349 7148 7346
3 7346 7148 7146
3 7346 7347 7350
3 7346 7350 7349
3 7149 7348 7147
3 7149 7351 7348
3 7352 7150 7349
3 7349 7150 7148
3 7349 7350 7353
3 7349 7353 7352
3 7151 7351 7149
3 7151 7354 7351
3 7355 7152 7352
3 7352 7152 7150
3 7352 7353 7356
3 7352 7356 7355
3 7153 7354 7151
3 7153 7357 7354
3 7355 7154 7152
3 7155 7154 7355
3 7356 7155 7355
3 7358 7155 7356
3 7156 7357 7153
3 7156 7359 7357
3 7358 7360 7155
3 7155 7360 7157
3 7158 7157 7360
3 7158 7360 7361
3 7159 7359 7156
3 7159 7362 7359
3 7361 7160 7158
3 7363 7160 7361
3 7366 7365 7364
3 7365 7362 7364
3 7362 7161 7364
3 7362 7159 7161
3 7363 7367 7160
3 7160 7367 7162
3 7163 7162 7367
3 7163 7367 7368
3 7366 7364 7165
3 7166 7366 7165
3 7369 7366 7166
3 7165 7364 7161
3 7368 7167 7163
3 7370 7167 7368
3 7168 7369 7166
3 7168 7371 7369
3 7370 7372 7167
3 7167 7372 7169
3 7170 7169 7372
3 7170 7372 7373
3 7171 7371 7168
3 7171 7374 7371
3 7373 7375 7170
3 7170 7375 7172
3 7375 7377 7376
3 7174 7375 7376
3 7172 7375 7174
3 7376 7175 7174
3 7176 7374 7171
3 7176 7378 7374
3 7377 7379 7376
3 7376 7379 7175
3 7379 7177 7175
3 7379 7380 7177
3 7177 7381 7178
3 7380 7381 7177
3 7178 7382 7179
3 7381 7382 7178
3 7179 7383 7180
3 7382 7383 7179
3 7180 7384 7182
3 7383 7384 7180
3 7182 7385 7184
3 7384 7385 7182
3 7184 7386 7186
3 7385 7386 7184
3 7186 7387 7187
3 7386 7387 7186
3 7187 7388 7188
3 7387 7388 7187
3 7390 7389 7189
3 7188 7390 7189
3 7388 7390 7188
3 7191 7192 7389
3 7390 7191 7389
3 7391 7191 7390
3 7191 7392 7194
3 7391 7392 7191
3 7194 7393 7195
3 7392 7393 7194
3 7395 7394 7196
3 7195 7395 7196
3 7393 7395 7195
3 7198 7199 7394
3 7395 7198 7394
3 7396 7198 7395
3 7198 7397 7201
3 7396 7397 7198
3 7201 7398 7202
3 7397 7398 7201
3 7202 7399 7203
3 7398 7399 7202
3 7203 7400 7205
3 7399 7400 7203
3 7205 7401 7207
3 7400 7401 7205
3 7207 7402 7209
3 7401 7402 7207
3 7209 7403 7210
3 7402 7403 7209
3 7210 7404 7212
3 7403 7404 7210
3 7212 7405 7214
3 7404 7405 7212
3 7214 7406 7216
3 7405 7406 7214
3 7216 7407 7217
3 7406 7407 7216
3 7217 7408 7219
3 7407 7408 7217
3 7219 7409 7221
3 7408 7409 7219
3 7221 7410 7223
3 7409 7410 7221
3 7223 7411 7224
3 7410 7411 7223
3 7413 7412 7225
3 7224 7413 7225
3 7411 7413 7224
3 7413 7378 7412
3 7378 7226 7412
3 7378 7176 7226
3 7389 7227 7189
3 7227 7389 7192
3 7394 7228 7196
3 7228 7394 7199
3 7412 7229 7225
3 7229 7412 7226
3 7415 7414 7238
3 7238 7414 7237
3 7416 7238 7239
3 7416 7415 7238
3 7417 7239 7240
3 7417 7416 7239
3 7418 7240 7241
3 7418 7417 7240
3 7419 7241 7242
3 7419 7418 7241
3 7420 7242 7243
3 7420 7419 7242
3 7421 7243 7244
3 7421 7420 7243
3 7422 7244 7245
3 7422 7421 7244
3 7423 7245 7246
3 7423 7422 7245
3 7424 7246 7247
3 7424 7423 7246
3 7425 7247 7248
3 7425 7424 7247
3 7426 7248 7249
3 7426 7425 7248
3 7427 7249 7250
3 7427 7426 7249
3 7428 7250 7251
3 7428 7427 7250
3 7429 7251 7252
3 7429 7428 7251
3 7430 7252 7253
3 7430 7429 7252
3 7431 7253 7254
3 7431 7430 7253
3 7432 7254 7255
3 7432 7431 7254
3 7433 7255 7256
3 7433 7432 7255
3 7434 7256 7257
3 7434 7433 7256
3 7435 7257 7258
3 7435 7434 7257
3 7436 7258 7259
3 7436 7435 7258
3 7437 7259 7260
3 7437 7436 7259
3 7438 7260 7261
3 7438 7437 7260
3 7439 7261 7262
3 7439 7438 7261
3 7440 7262 7263
3 7440 7439 7262
3 7441 7263 7264
3 7441 7440 7263
3 7442 7264 7265
3 7442 7441 7264
3 7443 7265 7266
3 7443 7442 7265
3 7444 7266 7267
3 7444 7443 7266
3 7445 7267 7268
3 7445 7444 7267
3 7446 7268 7269
3 7446 7445 7268
3 7269 7270 7446
3 7446 7270 7447
3 7449 7448 7272
3 7272 7448 7271
3 7272 7237 7414
3 7272 7414 7449
3 7274 7447 7270
3 7274 7450 7447
3 7451 7276 7277
3 7452 7451 7277
3 7271 7452 7277
3 7448 7452 7271
3 7279 7450 7274
3 7279 7453 7450
3 7455 7454 7451
3 7454 7276 7451
3 7454 7280 7276
3 7455 7451 7452
3 7282 7453 7279
3 7282 7456 7453
3 7459 7458 7457
3 7454 7459 7457
3 7284 7454 7457
3 7280 7454 7284
3 7282 7285 7460
3 7461 7282 7460
3 7456 7282 7461
3 7286 7460 7285
3 7457 7458 7288
3 7458 7287 7288
3 7458 7462 7287
3 7457 7288 7284
3 7461 7460 7463
3 7461 7463 7464
3 7289 7463 7286
3 7286 7463 7460
3 7465 7290 7291
3 7466 7465 7291
3 7287 7466 7291
3 7462 7466 7287
3 7467 7464 7463
3 7463 7289 7467
3 7289 7468 7467
3 7289 7292 7468
3 7469 7293 7465
3 7465 7293 7290
3 7465 7466 7470
3 7465 7470 7469
3 7294 7468 7292
3 7294 7471 7468
3 7472 7296 7469
3 7469 7296 7293
3 7469 7470 7473
3 7469 7473 7472
3 7297 7471 7294
3 7297 7474 7471
3 7475 7299 7472
3 7472 7299 7296
3 7472 7473 7476
3 7472 7476 7475
3 7300 7474 7297
3 7300 7477 7474
3 7478 7302 7475
3 7475 7302 7299
3 7475 7476 7479
3 7475 7479 7478
3 7303 7477 7300
3 7303 7480 7477
3 7481 7305 7478
3 7478 7305 7302
3 7478 7479 7482
3 7478 7482 7481
3 7306 7480 7303
3 7306 7483 7480
3 7484 7308 7481
3 7481 7308 7305
3 7481 7482 7485
3 7481 7485 7484
3 7309 7483 7306
3 7309 7486 7483
3 7487 7311 7484
3 7484 7311 7308
3 7484 7485 7488
3 7484 7488 7487
3 7312 7486 7309
3 7312 7489 7486
3 7490 7314 7487
3 7487 7314 7311
3 7487 7488 7491
3 7487 7491 7490
3 7315 7489 7312
3 7315 7492 7489
3 7493 7317 7490
3 7490 7317 7314
3 7490 7491 7494
3 7490 7494 7493
3 7318 7492 7315
3 7318 7495 7492
3 7496 7320 7493
3 7493 7320 7317
3 7493 7494 7497
3 7493 7497 7496
3 7321 7495 7318
3 7321 7498 7495
3 7499 7323 7496
3 7496 7323 7320
3 7496 7497 7500
3 7496 7500 7499
3 7324 7498 7321
3 7324 7501 7498
3 7502 7326 7499
3 7499 7326 7323
3 7499 7500 7503
3 7499 7503 7502
3 7327 7501 7324
3 7327 7504 7501
3 7505 7329 7502
3 7502 7329 7326
3 7502 7503 7506
3 7502 7506 7505
3 7330 7504 7327
3 7330 7507 7504
3 7508 7332 7505
3 7505 7332 7329
3 7505 7506 7509
3 7505 7509 7508
3 7333 7507 7330
3 7333 7510 7507
3 7511 7335 7508
3 7508 7335 7332
3 7508 7509 7512
3 7508 7512 7511
3 7336 7510 7333
3 7336 7513 7510
3 7514 7338 7511
3 7511 7338 7335
3 7511 7512 7515
3 7511 7515 7514
3 7339 7513 7336
3 7339 7516 7513
3 7517 7341 7514
3 7514 7341 7338
3 7514 7515 7518
3 7514 7518 7517
3 7342 7516 7339
3 7342 7519 7516
3 7520 7344 7517
3 7517 7344 7341
3 7517 7518 7521
3 7517 7521 7520
3 7345 7519 7342
3 7345 7522 7519
3 7523 7347 7520
3 7520 7347 7344
3 7520 7521 7524
3 7520 7524 7523
3 7348 7522 7345
3 7348 7525 7522
3 7526 7350 7523
3 7523 7350 7347
3 7523 7524 7527
3 7523 7527 7526
3 7351 7525 7348
3 7351 7528 7525
3 7529 7353 7526
3 7526 7353 7350
3 7526 7527 7530
3 7526 7530 7529
3 7354 7528 7351
3 7354 7531 7528
3 7532 7356 7529
3 7529 7356 7353
3 7529 7530 7533
3 7529 7533 7532
3 7357 7531 7354
3 7357 7534 7531
3 7536 7535 7532
3 7535 7356 7532
3 7535 7358 7356
3 7536 7532 7533
3 7359 7534 7357
3 7359 7537 7534
3 7535 7538 7358
3 7358 7538 7360
3 7361 7360 7538
3 7361 7538 7539
3 7542 7541 7540
3 7541 7537 7540
3 7537 7362 7540
3 7537 7359 7362
3 7539 7363 7361
3 7543 7363 7539
3 7542 7540 7365
3 7366 7542 7365
3 7544 7542 7366
3 7365 7540 7362
3 7543 7545 7363
3 7363 7545 7367
3 7368 7367 7545
3 7368 7545 7546
3 7369 7544 7366
3 7369 7547 7544
3 7546 7370 7368
3 7548 7370 7546
3 7371 7547 7369
3 7371 7549 7547
3 7548 7550 7370
3 7370 7550 7372
3 7373 7372 7550
3 7373 7550 7551
3 7374 7549 7371
3 7374 7552 7549
3 7551 7553 7373
3 7373 7553 7375
3 7377 7375 7553
3 7377 7553 7554
3 7378 7552 7374
3 7378 7555 7552
3 7554 7556 7377
3 7377 7556 7379
3 7379 7557 7380
3 7556 7557 7379
3 7380 7558 7381
3 7557 7558 7380
3 7381 7559 7382
3 7558 7559 7381
3 7382 7560 7383
3 7559 7560 7382
3 7383 7561 7384
3 7560 7561 7383
3 7384 7562 7385
3 7561 7562 7384
3 7385 7563 7386
3 7562 7563 7385
3 7386 7564 7387
3 7563 7564 7386
3 7387 7565 7388
3 7564 7565 7387
3 7388 7566 7390
3 7565 7566 7388
3 7390 7567 7391
3 7566 7567 7390
3 7391 7568 7392
3 7567 7568 7391
3 7392 7569 7393
3 7568 7569 7392
3 7393 7570 7395
3 7569 7570 7393
3 7395 7571 7396
3 7570 7571 7395
3 7396 7572 7397
3 7571 7572 7396
3 7397 7573 7398
3 7572 7573 7397
3 7398 7574 7399
3 7573 7574 7398
3 7399 7575 7400
3 7574 7575 7399
3 7400 7576 7401
3 7575 7576 7400
3 7401 7577 7402
3 7576 7577 7401
3 7402 7578 7403
3 7577 7578 7402
3 7403 7579 7404
3 7578 7579 7403
3 7404 7580 7405
3 7579 7580 7404
3 7405 7581 7406
3 7580 7581 7405
3 7406 7582 7407
3 7581 7582 7406
3 7407 7583 7408
3 7582 7583 7407
3 7408 7584 7409
3 7583 7584 7408
3 7409 7585 7410
3 7584 7585 7409
3 7410 7586 7411
3 7585 7586 7410
3 7411 7587 7413
3 7586 7587 7411
3 7378 7413 7555
3 7555 7413 7587
3 7589 7588 7415
3 7415 7588 7414
3 7590 7415 7416
3 7590 7589 7415
3 7591 7416 7417
3 7591 7590 7416
3 7592 7417 7418
3 7592 7591 7417
3 7594 7592 7593
3 7592 7419 7593
3 7592 7418 7419
3 7593 7419 7595
3 7419 7596 7595
3 7419 7420 7596
3 7597 7420 7421
3 7597 7596 7420
3 7598 7421 7422
3 7598 7597 7421
3 7599 7422 7423
3 7599 7598 7422
3 7600 7423 7424
3 7600 7599 7423
3 7601 7424 7425
3 7601 7600 7424
3 7602 7425 7426
3 7602 7601 7425
3 7603 7426 7427
3 7603 7602 7426
3 7604 7427 7428
3 7604 7603 7427
3 7605 7428 7429
3 7605 7604 7428
3 7606 7429 7430
3 7606 7605 7429
3 7607 7430 7431
3 7607 7606 7430
3 7608 7431 7432
3 7608 7607 7431
3 7609 7432 7433
3 7609 7608 7432
3 7610 7433 7434
3 7610 7609 7433
3 7611 7434 7435
3 7611 7610 7434
3 7612 7435 7436
3 7612 7611 7435
3 7613 7436 7437
3 7613 7612 7436
3 7614 7437 7438
3 7614 7613 7437
3 7615 7438 7439
3 7615 7614 7438
3 7616 7439 7440
3 7616 7615 7439
3 7617 7440 7441
3 7617 7616 7440
3 7618 7441 7442
3 7618 7617 7441
3 7619 7442 7443
3 7619 7618 7442
3 7620 7443 7444
3 7620 7619 7443
3 7621 7444 7445
3 7621 7620 7444
3 7622 7445 7446
3 7622 7621 7445
3 7446 7447 7622
3 7622 7447 7623
3 7625 7624 7449
3 7449 7624 7448
3 7449 7414 7588
3 7449 7588 7625
3 7626 7594 7593
3 7626 7593 7595
3 7450 7623 7447
3 7450 7627 7623
3 7624 7452 7448
3 7628 7452 7624
3 7453 7627 7450
3 7453 7629 7627
3 7631 7630 7455
3 7455 7630 7454
3 7455 7452 7628
3 7455 7628 7631
3 7456 7629 7453
3 7456 7632 7629
3 7634 7633 7459
3 7459 7633 7458
3 7459 7454 7630
3 7459 7630 7634
3 7461 7632 7456
3 7461 7635 7632
3 7633 7462 7458
3 7636 7462 7633
3 7464 7635 7461
3 7464 7637 7635
3 7636 7466 7462
3 7638 7466 7636
3 7464 7467 7639
3 7640 7464 7639
3 7637 7464 7640
3 7468 7639 7467
3 7638 7470 7466
3 7641 7470 7638
3 7640 7639 7642
3 7640 7642 7643
3 7471 7642 7468
3 7468 7642 7639
3 7641 7473 7470
3 7644 7473 7641
3 7643 7642 7645
3 7643 7645 7646
3 7474 7645 7471
3 7471 7645 7642
3 7644 7476 7473
3 7647 7476 7644
3 7648 7646 7645
3 7645 7474 7648
3 7474 7649 7648
3 7474 7477 7649
3 7647 7479 7476
3 7650 7479 7647
3 7480 7649 7477
3 7480 7651 7649
3 7650 7482 7479
3 7652 7482 7650
3 7483 7651 7480
3 7483 7653 7651
3 7652 7485 7482
3 7654 7485 7652
3 7486 7653 7483
3 7486 7655 7653
3 7654 7488 7485
3 7656 7488 7654
3 7489 7655 7486
3 7489 7657 7655
3 7656 7491 7488
3 7658 7491 7656
3 7492 7657 7489
3 7492 7659 7657
3 7658 7494 7491
3 7660 7494 7658
3 7495 7659 7492
3 7495 7661 7659
3 7660 7497 7494
3 7662 7497 7660
3 7498 7661 7495
3 7498 7663 7661
3 7662 7500 7497
3 7664 7500 7662
3 7501 7663 7498
3 7501 7665 7663
3 7664 7503 7500
3 7666 7503 7664
3 7504 7665 7501
3 7504 7667 7665
3 7666 7506 7503
3 7668 7506 7666
3 7507 7667 7504
3 7507 7669 7667
3 7668 7509 7506
3 7670 7509 7668
3 7510 7669 7507
3 7510 7671 7669
3 7670 7512 7509
3 7672 7512 7670
3 7513 7671 7510
3 7513 7673 7671
3 7672 7515 7512
3 7674 7515 7672
3 7516 7673 7513
3 7516 7675 7673
3 7674 7518 7515
3 7676 7518 7674
3 7519 7675 7516
3 7519 7677 7675
3 7676 7521 7518
3 7678 7521 7676
3 7522 7677 7519
3 7522 7679 7677
3 7678 7524 7521
3 7680 7524 7678
3 7525 7679 7522
3 7525 7681 7679
3 7680 7527 7524
3 7682 7527 7680
3 7528 7681 7525
3 7528 7683 7681
3 7682 7530 7527
3 7684 7530 7682
3 7531 7683 7528
3 7531 7685 7683
3 7684 7533 7530
3 7686 7533 7684
3 7534 7685 7531
3 7534 7687 7685
3 7688 7535 7536
3 7689 7688 7536
3 7533 7689 7536
3 7686 7689 7533
3 7692 7691 7690
3 7691 7687 7690
3 7687 7537 7690
3 7687 7534 7537
3 7688 7538 7535
3 7539 7538 7688
3 7689 7539 7688
3 7693 7539 7689
3 7692 7690 7541
3 7542 7692 7541
3 7694 7692 7542
3 7541 7690 7537
3 7693 7543 7539
3 7695 7543 7693
3 7544 7694 7542
3 7544 7696 7694
3 7695 7697 7543
3 7543 7697 7545
3 7546 7545 7697
3 7546 7697 7698
3 7547 7696 7544
3 7547 7699 7696
3 7698 7548 7546
3 7700 7548 7698
3 7549 7699 7547
3 7549 7701 7699
3 7700 7702 7548
3 7548 7702 7550
3 7551 7550 7702
3 7551 7702 7703
3 7552 7701 7549
3 7552 7704 7701
3 7703 7705 7551
3 7551 7705 7553
3 7554 7553 7705
3 7554 7705 7706
3 7555 7704 7552
3 7555 7707 7704
3 7706 7708 7554
3 7554 7708 7556
3 7556 7709 7557
3 7708 7709 7556
3 7557 7710 7558
3 7709 7710 7557
3 7558 7711 7559
3 7710 7711 7558
3 7559 7712 7560
3 7711 7712 7559
3 7560 7713 7561
3 7712 7713 7560
3 7561 7714 7562
3 7713 7714 7561
3 7562 7715 7563
3 7714 7715 7562
3 7563 7716 7564
3 7715 7716 7563
3 7564 7717 7565
3 7716 7717 7564
3 7565 7718 7566
3 7717 7718 7565
3 7566 7719 7567
3 7718 7719 7566
3 7567 7720 7568
3 7719 7720 7567
3 7568 7721 7569
3 7720 7721 7568
3 7569 7722 7570
3 7721 7722 7569
3 7570 7723 7571
3 7722 7723 7570
3 7571 7724 7572
3 7723 7724 7571
3 7572 7725 7573
3 7724 7725 7572
3 7573 7726 7574
3 7725 7726 7573
3 7574 7727 7575
3 7726 7727 7574
3 7575 7728 7576
3 7727 7728 7575
3 7576 7729 7577
3 7728 7729 7576
3 7577 7730 7578
3 7729 7730 7577
3 7578 7731 7579
3 7730 7731 7578
3 7579 7732 7580
3 7731 7732 7579
3 7580 7733 7581
3 7732 7733 7580
3 7581 7734 7582
3 7733 7734 7581
3 7582 7735 7583
3 7734 7735 7582
3 7583 7736 7584
3 7735 7736 7583
3 7584 7737 7585
3 7736 7737 7584
3 7585 7738 7586
3 7737 7738 7585
3 7586 7739 7587
3 7738 7739 7586
3 7555 7587 7707
3 7707 7587 7739
3 7741 7740 7589
3 7589 7740 7588
3 7742 7589 7590
3 7742 7741 7589
3 7744 7742 7743
3 7742 7591 7743
3 7742 7590 7591
3 7592 7745 7591
3 7591 7745 7743
3 7747 7745 7746
3 7745 7592 7746
3 7594 7748 7746
3 7594 7746 7592
3 7595 7596 7748
3 7596 7746 7748
3 7596 7749 7746
3 7750 7596 7597
3 7750 7749 7596
3 7751 7597 7598
3 7751 7750 7597
3 7753 7751 7752
3 7751 7599 7752
3 7751 7598 7599
3 7600 7754 7599
3 7599 7754 7752
3 7754 7600 7755
3 7600 7756 7755
3 7600 7601 7756
3 7758 7756 7757
3 7756 7602 7757
3 7756 7601 7602
3 7757 7602 7759
3 7602 7760 7759
3 7602 7603 7760
3 7762 7760 7761
3 7760 7604 7761
3 7760 7603 7604
3 7605 7763 7604
3 7604 7763 7761
3 7763 7605 7764
3 7605 7765 7764
3 7605 7606 7765
3 7766 7606 7607
3 7766 7765 7606
3 7767 7607 7608
3 7767 7766 7607
3 7769 7767 7768
3 7767 7609 7768
3 7767 7608 7609
3 7610 7770 7609
3 7609 7770 7768
3 7770 7610 7771
3 7610 7772 7771
3 7610 7611 7772
3 7773 7611 7612
3 7773 7772 7611
3 7774 7612 7613
3 7774 7773 7612
3 7776 7774 7775
3 7774 7614 7775
3 7774 7613 7614
3 7615 7777 7614
3 7614 7777 7775
3 7616 7778 7615
3 7615 7778 7777
3 7778 7616 7779
3 7616 7780 7779
3 7616 7617 7780
3 7781 7617 7618
3 7781 7780 7617
3 7783 7781 7782
3 7781 7619 7782
3 7781 7618 7619
3 7620 7784 7619
3 7619 7784 7782
3 7784 7620 7785
3 7620 7786 7785
3 7620 7621 7786
3 7788 7786 7787
3 7786 7622 7787
3 7786 7621 7622
3 7623 7787 7622
3 7790 7789 7625
3 7625 7789 7624
3 7625 7588 7740
3 7625 7740 7790
3 7791 7744 7743
3 7791 7743 7745
3 7791 7745 7792
3 7594 7626 7748
3 7745 7747 7792
3 7748 7626 7595
3 7793 7753 7752
3 7793 7752 7754
3 7793 7754 7794
3 7794 7754 7755
3 7795 7758 7757
3 7795 7757 7759
3 7796 7762 7761
3 7796 7761 7763
3 7796 7763 7797
3 7797 7763 7764
3 7798 7769 7768
3 7798 7768 7770
3 7798 7770 7799
3 7799 7770 7771
3 7800 7776 7775
3 7800 7775 7777
3 7800 7777 7801
3 7801 7777 7778
3 7801 7778 7802
3 7802 7778 7779
3 7803 7783 7782
3 7803 7782 7784
3 7803 7784 7804
3 7804 7784 7785
3 7805 7788 7787
3 7787 7623 7805
3 7623 7806 7805
3 7623 7627 7806
3 7809 7808 7807
3 7789 7809 7807
3 7628 7789 7807
3 7624 7789 7628
3 7629 7806 7627
3 7629 7810 7806
3 7807 7808 7631
3 7808 7630 7631
3 7808 7811 7630
3 7807 7631 7628
3 7632 7810 7629
3 7632 7812 7810
3 7813 7633 7634
3 7814 7813 7634
3 7630 7814 7634
3 7811 7814 7630
3 7635 7812 7632
3 7635 7815 7812
3 7816 7636 7813
3 7813 7636 7633
3 7813 7814 7817
3 7813 7817 7816
3 7637 7815 7635
3 7637 7818 7815
3 7819 7638 7816
3 7816 7638 7636
3 7816 7817 7820
3 7816 7820 7819
3 7640 7818 7637
3 7640 7821 7818
3 7822 7641 7819
3 7819 7641 7638
3 7819 7820 7823
3 7819 7823 7822
3 7643 7821 7640
3 7643 7824 7821
3 7825 7644 7822
3 7822 7644 7641
3 7822 7823 7826
3 7822 7826 7825
3 7646 7824 7643
3 7646 7827 7824
3 7828 7647 7825
3 7825 7647 7644
3 7825 7826 7829
3 7825 7829 7828
3 7646 7648 7830
3 7831 7646 7830
3 7827 7646 7831
3 7649 7830 7648
3 7832 7650 7828
3 7828 7650 7647
3 7828 7829 7833
3 7828 7833 7832
3 7831 7830 7834
3 7831 7834 7835
3 7651 7834 7649
3 7649 7834 7830
3 7836 7652 7832
3 7832 7652 7650
3 7832 7833 7837
3 7832 7837 7836
3 7838 7835 7834
3 7834 7651 7838
3 7651 7839 7838
3 7651 7653 7839
3 7840 7654 7836
3 7836 7654 7652
3 7836 7837 7841
3 7836 7841 7840
3 7655 7839 7653
3 7655 7842 7839
3 7843 7656 7840
3 7840 7656 7654
3 7840 7841 7844
3 7840 7844 7843
3 7657 7842 7655
3 7657 7845 7842
3 7846 7658 7843
3 7843 7658 7656
3 7843 7844 7847
3 7843 7847 7846
3 7659 7845 7657
3 7659 7848 7845
3 7849 7660 7846
3 7846 7660 7658
3 7846 7847 7850
3 7846 7850 7849
3 7661 7848 7659
3 7661 7851 7848
3 7852 7662 7849
3 7849 7662 7660
3 7849 7850 7853
3 7849 7853 7852
3 7663 7851 7661
3 7663 7854 7851
3 7855 7664 7852
3 7852 7664 7662
3 7852 7853 7856
3 7852 7856 7855
3 7665 7854 7663
3 7665 7857 7854
3 7858 7666 7855
3 7855 7666 7664
3 7855 7856 7859
3 7855 7859 7858
3 7667 7857 7665
3 7667 7860 7857
3 7861 7668 7858
3 7858 7668 7666
3 7858 7859 7862
3 7858 7862 7861
3 7669 7860 7667
3 7669 7863 7860
3 7864 7670 7861
3 7861 7670 7668
3 7861 7862 7865
3 7861 7865 7864
3 7671 7863 7669
3 7671 7866 7863
3 7867 7672 7864
3 7864 7672 7670
3 7864 7865 7868
3 7864 7868 7867
3 7673 7866 7671
3 7673 7869 7866
3 7870 7674 7867
3 7867 7674 7672
3 7867 7868 7871
3 7867 7871 7870
3 7675 7869 7673
3 7675 7872 7869
3 7873 7676 7870
3 7870 7676 7674
3 7870 7871 7874
3 7870 7874 7873
3 7677 7872 7675
3 7677 7875 7872
3 7876 7678 7873
3 7873 7678 7676
3 7873 7874 7877
3 7873 7877 7876
3 7679 7875 7677
3 7679 7878 7875
3 7879 7680 7876
3 7876 7680 7678
3 7876 7877 7880
3 7876 7880 7879
3 7681 7878 7679
3 7681 7881 7878
3 7882 7682 7879
3 7879 7682 7680
3 7879 7880 7883
3 7879 7883 7882
3 7683 7881 7681
3 7683 7884 7881
3 7885 7684 7882
3 7882 7684 7682
3 7882 7883 7886
3 7882 7886 7885
3 7685 7884 7683
3 7685 7887 7884
3 7888 7686 7885
3 7885 7686 7684
3 7885 7886 7889
3 7885 7889 7888
3 7892 7891 7890
3 7891 7887 7890
3 7887 7687 7890
3 7887 7685 7687
3 7893 7689 7888
3 7888 7689 7686
3 7888 7889 7894
3 7888 7894 7893
3 7892 7890 7691
3 7692 7892 7691
3 7895 7892 7692
3 7691 7890 7687
3 7896 7693 7893
3 7893 7693 7689
3 7893 7894 7897
3 7893 7897 7896
3 7694 7895 7692
3 7694 7898 7895
3 7899 7695 7896
3 7896 7695 7693
3 7896 7897 7900
3 7896 7900 7899
3 7696 7898 7694
3 7696 7901 7898
3 7899 7697 7695
3 7698 7697 7899
3 7900 7698 7899
3 7902 7698 7900
3 7699 7901 7696
3 7699 7903 7901
3 7905 7700 7904
3 7700 7902 7904
3 7700 7698 7902
3 7906 7905 7904
3 7701 7903 7699
3 7701 7907 7903
3 7905 7702 7700
3 7703 7702 7905
3 7906 7703 7905
3 7908 7703 7906
3 7704 7907 7701
3 7704 7909 7907
3 7908 7910 7703
3 7703 7910 7705
3 7912 7911 7706
3 7705 7912 7706
3 7910 7912 7705
3 7914 7913 7911
3 7914 7911 7912
3 7916 7915 7913
3 7916 7913 7914
3 7918 7917 7915
3 7918 7915 7916
3 7919 7917 7918
3 7922 7921 7920
3 7924 7923 7920
3 7924 7920 7921
3 7925 7923 7924
3 7928 7927 7926
3 7930 7929 7926
3 7930 7926 7927
3 7931 7929 7930
3 7934 7933 7932
3 7936 7935 7932
3 7936 7932 7933
3 7938 7937 7935
3 7938 7935 7936
3 7940 7939 7937
3 7940 7937 7938
3 7941 7939 7940
3 7944 7943 7942
3 7946 7945 7942
3 7946 7942 7943
3 7948 7947 7945
3 7948 7945 7946
3 7949 7947 7948
3 7952 7951 7950
3 7953 7950 7951
3 7956 7955 7954
3 7958 7957 7954
3 7958 7954 7955
3 7959 7957 7958
3 7962 7961 7960
3 7961 7909 7960
3 7909 7707 7960
3 7909 7704 7707
3 7911 7708 7706
3 7708 7911 7709
3 7709 7911 7913
3 7709 7913 7710
3 7710 7913 7915
3 7710 7915 7711
3 7711 7915 7917
3 7919 7963 7917
3 7963 7711 7917
3 7963 7712 7711
3 7712 7964 7713
3 7963 7964 7712
3 7920 7714 7922
3 7714 7964 7922
3 7714 7713 7964
3 7714 7920 7715
3 7715 7920 7923
3 7925 7965 7923
3 7965 7715 7923
3 7965 7716 7715
3 7716 7966 7717
3 7965 7966 7716
3 7717 7967 7718
3 7966 7967 7717
3 7926 7719 7928
3 7719 7967 7928
3 7719 7718 7967
3 7719 7926 7720
3 7720 7926 7929
3 7931 7968 7929
3 7968 7720 7929
3 7968 7721 7720
3 7721 7969 7722
3 7968 7969 7721
3 7932 7723 7934
3 7723 7969 7934
3 7723 7722 7969
3 7723 7932 7724
3 7724 7932 7935
3 7724 7935 7725
3 7725 7935 7937
3 7725 7937 7726
3 7726 7937 7939
3 7941 7970 7939
3 7970 7726 7939
3 7970 7727 7726
3 7942 7728 7944
3 7728 7970 7944
3 7728 7727 7970
3 7728 7942 7729
3 7729 7942 7945
3 7729 7945 7730
3 7730 7945 7947
3 7949 7971 7947
3 7971 7730 7947
3 7971 7731 7730
3 7731 7972 7732
3 7971 7972 7731
3 7950 7733 7952
3 7733 7972 7952
3 7733 7732 7972
3 7953 7973 7950
3 7973 7733 7950
3 7973 7734 7733
3 7734 7974 7735
3 7973 7974 7734
3 7954 7736 7956
3 7736 7974 7956
3 7736 7735 7974
3 7736 7954 7737
3 7737 7954 7957
3 7959 7975 7957
3 7975 7737 7957
3 7975 7738 7737
3 7960 7739 7962
3 7739 7975 7962
3 7739 7738 7975
3 7739 7960 7707
3 7976 7740 7741
3 7742 7977 7741
3 7741 7977 7976
3 7744 7977 7742
3 7978 7747 7746
3 7749 7979 7746
3 7746 7979 7978
3 7750 7980 7749
3 7749 7980 7979
3 7751 7981 7750
3 7750 7981 7980
3 7753 7981 7751
3 7982 7755 7756
3 7758 7982 7756
3 7983 7759 7760
3 7762 7983 7760
3 7984 7764 7765
3 7766 7985 7765
3 7765 7985 7984
3 7767 7986 7766
3 7766 7986 7985
3 7769 7986 7767
3 7987 7771 7772
3 7773 7988 7772
3 7772 7988 7987
3 7774 7989 7773
3 7773 7989 7988
3 7776 7989 7774
3 7990 7779 7780
3 7781 7991 7780
3 7780 7991 7990
3 7783 7991 7781
3 7992 7785 7786
3 7788 7992 7786
3 7994 7993 7790
3 7790 7993 7789
3 7790 7740 7976
3 7995 7790 7976
3 7994 7790 7995
3 7995 7976 7977
3 7995 7977 7996
3 7996 7977 7744
3 7791 7996 7744
3 7997 7996 7791
3 7998 7791 7792
3 7998 7997 7791
3 7792 7747 7978
3 7999 7792 7978
3 7998 7792 7999
3 7999 7978 7979
3 7999 7979 8000
3 8000 7979 7980
3 8000 7980 8001
3 8001 7980 7981
3 8001 7981 8002
3 8002 7981 7753
3 7793 8002 7753
3 8003 8002 7793
3 8004 7793 7794
3 8004 8003 7793
3 7794 7755 7982
3 8005 7794 7982
3 8004 7794 8005
3 8005 7982 7758
3 7795 8005 7758
3 8006 8005 7795
3 7795 7759 7983
3 8007 7795 7983
3 8006 7795 8007
3 8007 7983 7762
3 7796 8007 7762
3 8008 8007 7796
3 8009 7796 7797
3 8009 8008 7796
3 7797 7764 7984
3 8010 7797 7984
3 8009 7797 8010
3 8010 7984 7985
3 8010 7985 8011
3 8011 7985 7986
3 8011 7986 8012
3 8012 7986 7769
3 7798 8012 7769
3 8013 8012 7798
3 8014 7798 7799
3 8014 8013 7798
3 7799 7771 7987
3 8015 7799 7987
3 8014 7799 8015
3 8015 7987 7988
3 8015 7988 8016
3 8016 7988 7989
3 8016 7989 8017
3 8017 7989 7776
3 7800 8017 7776
3 8018 8017 7800
3 8019 7800 7801
3 8019 8018 7800
3 8020 7801 7802
3 8020 8019 7801
3 7802 7779 7990
3 8021 7802 7990
3 8020 7802 8021
3 8021 7990 7991
3 8021 7991 8022
3 8022 7991 7783
3 7803 8022 7783
3 8023 8022 7803
3 8024 7803 7804
3 8024 8023 7803
3 7804 7785 7992
3 8025 7804 7992
3 8024 7804 8025
3 8025 7992 7788
3 7805 8025 7788
3 8026 8025 7805
3 7805 7806 8026
3 8026 7806 8027
3 8028 7808 7809
3 8029 8028 7809
3 7789 8029 7809
3 7993 8029 7789
3 7810 8027 7806
3 7810 8030 8027
3 8031 7811 8028
3 8028 7811 7808
3 8028 8029 8032
3 8028 8032 8031
3 7812 8030 7810
3 7812 8033 8030
3 8034 7814 8031
3 8031 7814 7811
3 8031 8032 8035
3 8031 8035 8034
3 7815 8033 7812
3 7815 8036 8033
3 8037 7817 8034
3 8034 7817 7814
3 8034 8035 8038
3 8034 8038 8037
3 7818 8036 7815
3 7818 8039 8036
3 8040 7820 8037
3 8037 7820 7817
3 8037 8038 8041
3 8037 8041 8040
3 7821 8039 7818
3 7821 8042 8039
3 8043 7823 8040
3 8040 7823 7820
3 8040 8041 8044
3 8040 8044 8043
3 7824 8042 7821
3 7824 8045 8042
3 8046 7826 8043
3 8043 7826 7823
3 8043 8044 8047
3 8043 8047 8046
3 7827 8045 7824
3 7827 8048 8045
3 8049 7829 8046
3 8046 7829 7826
3 8046 8047 8050
3 8046 8050 8049
3 7831 8048 7827
3 7831 8051 8048
3 8052 7833 8049
3 8049 7833 7829
3 8049 8050 8053
3 8049 8053 8052
3 7835 8051 7831
3 7835 8054 8051
3 8055 7837 8052
3 8052 7837 7833
3 8052 8053 8056
3 8052 8056 8055
3 7835 7838 8057
3 8058 7835 8057
3 8054 7835 8058
3 7839 8057 7838
3 8059 7841 8055
3 8055 7841 7837
3 8055 8056 8060
3 8055 8060 8059
3 8058 8057 8061
3 8058 8061 8062
3 7842 8061 7839
3 7839 8061 8057
3 8063 7844 8059
3 8059 7844 7841
3 8059 8060 8064
3 8059 8064 8063
3 8062 8061 8065
3 8062 8065 8066
3 7845 8065 7842
3 7842 8065 8061
3 8067 7847 8063
3 8063 7847 7844
3 8063 8064 8068
3 8063 8068 8067
3 8069 8066 8065
3 8065 7845 8069
3 7845 8070 8069
3 7845 7848 8070
3 8071 7850 8067
3 8067 7850 7847
3 8067 8068 8072
3 8067 8072 8071
3 7851 8070 7848
3 7851 8073 8070
3 8074 7853 8071
3 8071 7853 7850
3 8071 8072 8075
3 8071 8075 8074
3 7854 8073 7851
3 7854 8076 8073
3 8077 7856 8074
3 8074 7856 7853
3 8074 8075 8078
3 8074 8078 8077
3 7857 8076 7854
3 7857 8079 8076
3 8080 7859 8077
3 8077 7859 7856
3 8077 8078 8081
3 8077 8081 8080
3 7860 8079 7857
3 7860 8082 8079
3 8083 7862 8080
3 8080 7862 7859
3 8080 8081 8084
3 8080 8084 8083
3 7863 8082 7860
3 7863 8085 8082
3 8086 7865 8083
3 8083 7865 7862
3 8083 8084 8087
3 8083 8087 8086
3 7866 8085 7863
3 7866 8088 8085
3 8089 7868 8086
3 8086 7868 7865
3 8086 8087 8090
3 8086 8090 8089
3 7869 8088 7866
3 7869 8091 8088
3 8092 7871 8089
3 8089 7871 7868
3 8089 8090 8093
3 8089 8093 8092
3 7872 8091 7869
3 7872 8094 8091
3 8095 7874 8092
3 8092 7874 7871
3 8092 8093 8096
3 8092 8096 8095
3 7875 8094 7872
3 7875 8097 8094
3 8098 7877 8095
3 8095 7877 7874
3 8095 8096 8099
3 8095 8099 8098
3 7878 8097 7875
3 7878 8100 8097
3 8101 7880 8098
3 8098 7880 7877
3 8098 8099 8102
3 8098 8102 8101
3 7881 8100 7878
3 7881 8103 8100
3 8104 7883 8101
3 8101 7883 7880
3 8101 8102 8105
3 8101 8105 8104
3 7884 8103 7881
3 7884 8106 8103
3 8107 7886 8104
3 8104 7886 7883
3 8104 8105 8108
3 8104 8108 8107
3 8111 8110 8109
3 8110 8106 8109
3 8106 7887 8109
3 8106 7884 7887
3 8112 7889 8107
3 8107 7889 7886
3 8107 8108 8113
3 8107 8113 8112
3 8111 8109 7891
3 7892 8111 7891
3 8114 8111 7892
3 7891 8109 7887
3 8116 8115 8112
3 8115 7889 8112
3 8115 7894 7889
3 8116 8112 8113
3 7895 8114 7892
3 7895 8117 8114
3 8119 7897 8118
3 7897 8115 8118
3 7897 7894 8115
3 8120 8119 8118
3 7898 8117 7895
3 7898 8121 8117
3 8123 8122 8119
3 8122 7897 8119
3 8122 7900 7897
3 8123 8119 8120
3 7901 8121 7898
3 7901 8124 8121
3 8126 7902 8125
3 7902 8122 8125
3 7902 7900 8122
3 8127 8126 8125
3 7903 8124 7901
3 7903 8128 8124
3 8130 7904 8129
3 7904 7902 8129
3 8129 7902 8126
3 8131 8129 8126
3 8126 8127 8131
3 7904 8130 7906
3 7907 8128 7903
3 7907 8132 8128
3 8129 8133 8130
3 7906 8130 8133
3 8134 7906 8133
3 7908 7906 8134
3 7909 8132 7907
3 7909 8135 8132
3 8134 8136 7908
3 7908 8136 7910
3 7910 8137 7912
3 8136 8137 7910
3 7912 8138 7914
3 8137 8138 7912
3 7914 8139 7916
3 8138 8139 7914
3 7916 8140 7918
3 8139 8140 7916
3 8142 8141 7919
3 7918 8142 7919
3 8140 8142 7918
3 8144 8143 8141
3 8144 8141 8142
3 7921 7922 8143
3 8144 7921 8143
3 8145 7921 8144
3 7921 8146 7924
3 8145 8146 7921
3 8148 8147 7925
3 7924 8148 7925
3 8146 8148 7924
3 8150 8149 8147
3 8150 8147 8148
3 8152 8151 8149
3 8152 8149 8150
3 7927 7928 8151
3 8152 7927 8151
3 8153 7927 8152
3 7927 8154 7930
3 8153 8154 7927
3 8156 8155 7931
3 7930 8156 7931
3 8154 8156 7930
3 8158 8157 8155
3 8158 8155 8156
3 7933 7934 8157
3 8158 7933 8157
3 8159 7933 8158
3 7933 8160 7936
3 8159 8160 7933
3 7936 8161 7938
3 8160 8161 7936
3 7938 8162 7940
3 8161 8162 7938
3 8164 8163 7941
3 7940 8164 7941
3 8162 8164 7940
3 7943 7944 8163
3 8164 7943 8163
3 8165 7943 8164
3 7943 8166 7946
3 8165 8166 7943
3 7946 8167 7948
3 8166 8167 7946
3 8169 8168 7949
3 7948 8169 7949
3 8167 8169 7948
3 8171 8170 8168
3 8171 8168 8169
3 7951 7952 8170
3 8171 7951 8170
3 8172 7951 8171
3 7953 7951 8172
3 7953 8172 8173
3 8176 8175 8174
3 7955 7956 8174
3 8175 7955 8174
3 8177 7955 8175
3 7955 8178 7958
3 8177 8178 7955
3 8180 8179 7959
3 7958 8180 7959
3 8178 8180 7958
3 7961 7962 8179
3 8180 7961 8179
3 8181 7961 8180
3 7909 7961 8135
3 8135 7961 8181
3 8141 7963 7919
3 7963 8141 7964
3 7964 8141 8143
3 7964 8143 7922
3 8147 7965 7925
3 7965 8147 7966
3 7966 8147 8149
3 7966 8149 7967
3 7967 8149 8151
3 7967 8151 7928
3 8155 7968 7931
3 7968 8155 7969
3 7969 8155 8157
3 7969 8157 7934
3 8163 7970 7941
3 7970 8163 7944
3 8168 7971 7949
3 7971 8168 7972
3 7972 8168 8170
3 7972 8170 7952
3 8173 8182 7953
3 7953 8182 7973
3 8174 7974 8176
3 7974 8182 8176
3 7974 7973 8182
3 7974 8174 7956
3 8179 7975 7959
3 7975 8179 7962
3 8184 8183 7994
3 7994 8183 7993
3 8186 8184 8185
3 8184 7995 8185
3 8184 7994 7995
3 8185 7995 8187
3 7995 8188 8187
3 7995 7996 8188
3 8189 7996 7997
3 8189 8188 7996
3 8190 7997 7998
3 8190 8189 7997
3 8191 7998 7999
3 8191 8190 7998
3 8193 8191 8192
3 8191 8000 8192
3 8191 7999 8000
3 8192 8000 8194
3 8000 8195 8194
3 8000 8001 8195
3 8196 8001 8002
3 8196 8195 8001
3 8197 8002 8003
3 8197 8196 8002
3 8198 8003 8004
3 8198 8197 8003
3 8200 8198 8199
3 8198 8005 8199
3 8198 8004 8005
3 8199 8005 8201
3 8005 8202 8201
3 8005 8006 8202
3 8203 8006 8007
3 8203 8202 8006
3 8204 8007 8008
3 8204 8203 8007
3 8206 8204 8205
3 8204 8009 8205
3 8204 8008 8009
3 8010 8207 8009
3 8009 8207 8205
3 8207 8010 8208
3 8010 8209 8208
3 8010 8011 8209
3 8210 8011 8012
3 8210 8209 8011
3 8211 8012 8013
3 8211 8210 8012
3 8213 8211 8212
3 8211 8014 8212
3 8211 8013 8014
3 8212 8014 8214
3 8014 8215 8214
3 8014 8015 8215
3 8216 8015 8016
3 8216 8215 8015
3 8217 8016 8017
3 8217 8216 8016
3 8219 8217 8218
3 8217 8018 8218
3 8217 8017 8018
3 8218 8018 8220
3 8018 8221 8220
3 8018 8019 8221
3 8222 8019 8020
3 8222 8221 8019
3 8223 8020 8021
3 8223 8222 8020
3 8225 8223 8224
3 8223 8022 8224
3 8223 8021 8022
3 8023 8226 8022
3 8022 8226 8224
3 8226 8023 8227
3 8023 8228 8227
3 8023 8024 8228
3 8229 8024 8025
3 8229 8228 8024
3 8231 8229 8230
3 8229 8026 8230
3 8229 8025 8026
3 8027 8230 8026
3 8183 8029 7993
3 8232 8029 8183
3 8233 8186 8185
3 8233 8185 8187
3 8234 8193 8192
3 8234 8192 8194
3 8235 8200 8199
3 8238 8237 8236
3 8201 8235 8199
3 8239 8237 8238
3 8240 8206 8205
3 8240 8205 8207
3 8240 8207 8241
3 8241 8207 8208
3 8242 8213 8212
3 8242 8212 8214
3 8243 8219 8218
3 8243 8218 8220
3 8244 8225 8224
3 8244 8224 8226
3 8244 8226 8245
3 8245 8226 8227
3 8246 8231 8230
3 8230 8027 8246
3 8027 8247 8246
3 8027 8030 8247
3 8232 8032 8029
3 8248 8032 8232
3 8249 8236 8237
3 8249 8237 8239
3 8033 8247 8030
3 8033 8250 8247
3 8248 8035 8032
3 8251 8035 8248
3 8036 8250 8033
3 8036 8252 8250
3 8251 8038 8035
3 8253 8038 8251
3 8039 8252 8036
3 8039 8254 8252
3 8256 8041 8255
3 8041 8253 8255
3 8041 8038 8253
3 8257 8256 8255
3 8042 8254 8039
3 8042 8258 8254
3 8259 8044 8256
3 8256 8044 8041
3 8256 8257 8260
3 8256 8260 8259
3 8045 8258 8042
3 8045 8261 8258
3 8263 8262 8259
3 8262 8044 8259
3 8262 8047 8044
3 8263 8259 8260
3 8048 8261 8045
3 8048 8264 8261
3 8262 8050 8047
3 8265 8050 8262
3 8051 8264 8048
3 8051 8266 8264
3 8265 8053 8050
3 8267 8053 8265
3 8054 8266 8051
3 8054 8268 8266
3 8270 8056 8269
3 8056 8267 8269
3 8056 8053 8267
3 8271 8270 8269
3 8058 8268 8054
3 8058 8272 8268
3 8274 8273 8270
3 8273 8056 8270
3 8273 8060 8056
3 8274 8270 8271
3 8062 8272 8058
3 8062 8275 8272
3 8277 8064 8276
3 8064 8273 8276
3 8064 8060 8273
3 8278 8277 8276
3 8066 8275 8062
3 8066 8279 8275
3 8281 8280 8277
3 8280 8064 8277
3 8280 8068 8064
3 8281 8277 8278
3 8066 8069 8282
3 8283 8066 8282
3 8279 8066 8283
3 8070 8282 8069
3 8280 8072 8068
3 8284 8072 8280
3 8283 8282 8285
3 8283 8285 8286
3 8073 8285 8070
3 8070 8285 8282
3 8284 8075 8072
3 8287 8075 8284
3 8288 8286 8285
3 8285 8073 8288
3 8073 8289 8288
3 8073 8076 8289
3 8287 8078 8075
3 8290 8078 8287
3 8079 8289 8076
3 8079 8291 8289
3 8293 8081 8292
3 8081 8290 8292
3 8081 8078 8290
3 8294 8293 8292
3 8082 8291 8079
3 8082 8295 8291
3 8297 8296 8293
3 8296 8081 8293
3 8296 8084 8081
3 8297 8293 8294
3 8085 8295 8082
3 8085 8298 8295
3 8300 8087 8299
3 8087 8296 8299
3 8087 8084 8296
3 8301 8300 8299
3 8088 8298 8085
3 8088 8302 8298
3 8304 8303 8300
3 8303 8087 8300
3 8303 8090 8087
3 8304 8300 8301
3 8091 8302 8088
3 8091 8305 8302
3 8307 8093 8306
3 8093 8303 8306
3 8093 8090 8303
3 8308 8307 8306
3 8094 8305 8091
3 8094 8309 8305
3 8310 8096 8307
3 8307 8096 8093
3 8307 8308 8311
3 8307 8311 8310
3 8097 8309 8094
3 8097 8312 8309
3 8313 8099 8310
3 8310 8099 8096
3 8310 8311 8314
3 8310 8314 8313
3 8100 8312 8097
3 8100 8315 8312
3 8316 8102 8313
3 8313 8102 8099
3 8313 8314 8317
3 8313 8317 8316
3 8103 8315 8100
3 8103 8318 8315
3 8319 8105 8316
3 8316 8105 8102
3 8316 8317 8320
3 8316 8320 8319
3 8323 8322 8321
3 8322 8318 8321
3 8318 8106 8321
3 8318 8103 8106
3 8324 8108 8319
3 8319 8108 8105
3 8319 8320 8325
3 8319 8325 8324
3 8323 8321 8110
3 8111 8323 8110
3 8326 8323 8111
3 8110 8321 8106
3 8327 8113 8324
3 8324 8113 8108
3 8324 8325 8328
3 8324 8328 8327
3 8114 8326 8111
3 8114 8329 8326
3 8330 8115 8116
3 8331 8330 8116
3 8331 8116 8113
3 8332 8331 8113
3 8327 8332 8113
3 8332 8327 8328
3 8117 8329 8114
3 8117 8333 8329
3 8330 8118 8115
3 8120 8118 8330
3 8331 8120 8330
3 8334 8120 8331
3 8121 8333 8117
3 8121 8335 8333
3 8336 8122 8123
3 8120 8334 8337
3 8336 8120 8337
3 8338 8336 8337
3 8123 8120 8336
3 8339 8338 8337
3 8124 8335 8121
3 8124 8340 8335
3 8336 8125 8122
3 8336 8338 8341
3 8127 8336 8341
3 8342 8127 8341
3 8336 8127 8125
3 8341 8338 8339
3 8128 8340 8124
3 8128 8343 8340
3 8344 8129 8131
3 8345 8344 8131
3 8127 8345 8131
3 8342 8345 8127
3 8132 8343 8128
3 8132 8346 8343
3 8344 8133 8129
3 8134 8133 8344
3 8345 8134 8344
3 8347 8134 8345
3 8350 8349 8348
3 8351 8348 8349
3 8354 8353 8352
3 8355 8352 8353
3 8135 8346 8132
3 8135 8356 8346
3 8347 8357 8134
3 8134 8357 8136
3 8136 8358 8137
3 8357 8358 8136
3 8137 8359 8138
3 8358 8359 8137
3 8348 8139 8350
3 8139 8359 8350
3 8139 8138 8359
3 8351 8360 8348
3 8360 8139 8348
3 8360 8140 8139
3 8140 8361 8142
3 8360 8361 8140
3 8142 8362 8144
3 8361 8362 8142
3 8144 8363 8145
3 8362 8363 8144
3 8145 8364 8146
3 8363 8364 8145
3 8146 8365 8148
3 8364 8365 8146
3 8148 8366 8150
3 8365 8366 8148
3 8150 8367 8152
3 8366 8367 8150
3 8152 8368 8153
3 8367 8368 8152
3 8153 8369 8154
3 8368 8369 8153
3 8154 8370 8156
3 8369 8370 8154
3 8156 8371 8158
3 8370 8371 8156
3 8158 8372 8159
3 8371 8372 8158
3 8159 8373 8160
3 8372 8373 8159
3 8160 8374 8161
3 8373 8374 8160
3 8161 8375 8162
3 8374 8375 8161
3 8162 8376 8164
3 8375 8376 8162
3 8352 8165 8354
3 8165 8376 8354
3 8165 8164 8376
3 8355 8377 8352
3 8377 8165 8352
3 8377 8166 8165
3 8166 8378 8167
3 8377 8378 8166
3 8167 8379 8169
3 8378 8379 8167
3 8169 8380 8171
3 8379 8380 8169
3 8171 8381 8172
3 8380 8381 8171
3 8383 8382 8173
3 8172 8383 8173
3 8381 8383 8172
3 8175 8176 8382
3 8383 8175 8382
3 8384 8175 8383
3 8175 8385 8177
3 8384 8385 8175
3 8177 8386 8178
3 8385 8386 8177
3 8178 8387 8180
3 8386 8387 8178
3 8180 8388 8181
3 8387 8388 8180
3 8135 8181 8356
3 8356 8181 8388
3 8382 8182 8173
3 8182 8382 8176
3 8389 8183 8184
3 8186 8389 8184
3 8390 8187 8188
3 8189 8391 8188
3 8188 8391 8390
3 8190 8392 8189
3 8189 8392 8391
3 8191 8393 8190
3 8190 8393 8392
3 8193 8393 8191
3 8394 8194 8195
3 8196 8395 8195
3 8195 8395 8394
3 8197 8396 8196
3 8196 8396 8395
3 8198 8397 8197
3 8197 8397 8396
3 8200 8397 8198
3 8398 8201 8202
3 8203 8399 8202
3 8202 8399 8398
3 8204 8400 8203
3 8203 8400 8399
3 8206 8400 8204
3 8401 8208 8209
3 8210 8402 8209
3 8209 8402 8401
3 8211 8403 8210
3 8210 8403 8402
3 8213 8403 8211
3 8404 8214 8215
3 8216 8405 8215
3 8215 8405 8404
3 8217 8406 8216
3 8216 8406 8405
3 8219 8406 8217
3 8407 8220 8221
3 8222 8408 8221
3 8221 8408 8407
3 8223 8409 8222
3 8222 8409 8408
3 8225 8409 8223
3 8410 8227 8228
3 8229 8411 8228
3 8228 8411 8410
3 8231 8411 8229
3 8412 8232 8389
3 8389 8232 8183
3 8233 8413 8186
3 8413 8389 8186
3 8413 8412 8389
3 8187 8390 8233
3 8390 8413 8233
3 8390 8414 8413
3 8415 8390 8391
3 8414 8390 8415
3 8416 8391 8392
3 8415 8391 8416
3 8417 8392 8393
3 8416 8392 8417
3 8234 8418 8193
3 8418 8393 8193
3 8418 8417 8393
3 8194 8394 8234
3 8394 8418 8234
3 8394 8419 8418
3 8420 8394 8395
3 8419 8394 8420
3 8421 8395 8396
3 8420 8395 8421
3 8422 8396 8397
3 8421 8396 8422
3 8235 8423 8200
3 8423 8397 8200
3 8423 8422 8397
3 8235 8201 8423
3 8201 8398 8423
3 8238 8236 8423
3 8238 8423 8398
3 8238 8398 8239
3 8398 8424 8239
3 8398 8399 8424
3 8425 8399 8400
3 8424 8399 8425
3 8240 8426 8206
3 8426 8400 8206
3 8426 8425 8400
3 8241 8427 8240
3 8240 8427 8426
3 8208 8401 8241
3 8401 8427 8241
3 8401 8428 8427
3 8429 8401 8402
3 8428 8401 8429
3 8430 8402 8403
3 8429 8402 8430
3 8242 8431 8213
3 8431 8403 8213
3 8431 8430 8403
3 8214 8404 8242
3 8404 8431 8242
3 8404 8432 8431
3 8433 8404 8405
3 8432 8404 8433
3 8434 8405 8406
3 8433 8405 8434
3 8243 8435 8219
3 8435 8406 8219
3 8435 8434 8406
3 8220 8407 8243
3 8407 8435 8243
3 8407 8436 8435
3 8437 8407 8408
3 8436 8407 8437
3 8438 8408 8409
3 8437 8408 8438
3 8244 8439 8225
3 8439 8409 8225
3 8439 8438 8409
3 8245 8440 8244
3 8244 8440 8439
3 8227 8410 8245
3 8410 8440 8245
3 8410 8441 8440
3 8442 8410 8411
3 8441 8410 8442
3 8246 8443 8231
3 8443 8411 8231
3 8443 8442 8411
3 8247 8443 8246
3 8444 8248 8412
3 8412 8248 8232
3 8445 8412 8413
3 8444 8412 8445
3 8446 8413 8414
3 8445 8413 8446
3 8447 8414 8415
3 8446 8414 8447
3 8448 8415 8416
3 8447 8415 8448
3 8449 8416 8417
3 8448 8416 8449
3 8450 8417 8418
3 8449 8417 8450
3 8451 8418 8419
3 8450 8418 8451
3 8452 8419 8420
3 8451 8419 8452
3 8453 8420 8421
3 8452 8420 8453
3 8454 8421 8422
3 8453 8421 8454
3 8455 8422 8423
3 8454 8422 8455
3 8249 8456 8236
3 8456 8423 8236
3 8456 8455 8423
3 8239 8424 8249
3 8424 8456 8249
3 8424 8457 8456
3 8458 8424 8425
3 8457 8424 8458
3 8459 8425 8426
3 8458 8425 8459
3 8460 8426 8427
3 8459 8426 8460
3 8461 8427 8428
3 8460 8427 8461
3 8462 8428 8429
3 8461 8428 8462
3 8463 8429 8430
3 8462 8429 8463
3 8464 8430 8431
3 8463 8430 8464
3 8465 8431 8432
3 8464 8431 8465
3 8466 8432 8433
3 8465 8432 8466
3 8467 8433 8434
3 8466 8433 8467
3 8468 8434 8435
3 8467 8434 8468
3 8469 8435 8436
3 8468 8435 8469
3 8470 8436 8437
3 8469 8436 8470
3 8471 8437 8438
3 8470 8437 8471
3 8472 8438 8439
3 8471 8438 8472
3 8473 8439 8440
3 8472 8439 8473
3 8474 8440 8441
3 8473 8440 8474
3 8475 8441 8442
3 8474 8441 8475
3 8476 8442 8443
3 8475 8442 8476
3 8250 8476 8247
3 8247 8476 8443
3 8477 8251 8444
3 8444 8251 8248
3 8478 8444 8445
3 8477 8444 8478
3 8479 8445 8446
3 8478 8445 8479
3 8480 8446 8447
3 8479 8446 8480
3 8481 8447 8448
3 8480 8447 8481
3 8482 8448 8449
3 8481 8448 8482
3 8483 8449 8450
3 8482 8449 8483
3 8484 8450 8451
3 8483 8450 8484
3 8485 8451 8452
3 8484 8451 8485
3 8486 8452 8453
3 8485 8452 8486
3 8487 8453 8454
3 8486 8453 8487
3 8488 8454 8455
3 8487 8454 8488
3 8489 8455 8456
3 8488 8455 8489
3 8490 8456 8457
3 8489 8456 8490
3 8491 8457 8458
3 8490 8457 8491
3 8492 8458 8459
3 8491 8458 8492
3 8493 8459 8460
3 8492 8459 8493
3 8494 8460 8461
3 8493 8460 8494
3 8495 8461 8462
3 8494 8461 8495
3 8496 8462 8463
3 8495 8462 8496
3 8497 8463 8464
3 8496 8463 8497
3 8498 8464 8465
3 8497 8464 8498
3 8499 8465 8466
3 8498 8465 8499
3 8500 8466 8467
3 8499 8466 8500
3 8501 8467 8468
3 8500 8467 8501
3 8502 8468 8469
3 8501 8468 8502
3 8503 8469 8470
3 8502 8469 8503
3 8504 8470 8471
3 8503 8470 8504
3 8505 8471 8472
3 8504 8471 8505
3 8506 8472 8473
3 8505 8472 8506
3 8507 8473 8474
3 8506 8473 8507
3 8508 8474 8475
3 8507 8474 8508
3 8509 8475 8476
3 8508 8475 8509
3 8252 8509 8250
3 8250 8509 8476
3 8510 8253 8477
3 8477 8253 8251
3 8511 8477 8478
3 8510 8477 8511
3 8512 8478 8479
3 8511 8478 8512
3 8513 8479 8480
3 8512 8479 8513
3 8514 8480 8481
3 8513 8480 8514
3 8515 8481 8482
3 8514 8481 8515
3 8516 8482 8483
3 8515 8482 8516
3 8517 8483 8484
3 8516 8483 8517
3 8518 8484 8485
3 8517 8484 8518
3 8519 8485 8486
3 8518 8485 8519
3 8520 8486 8487
3 8519 8486 8520
3 8521 8487 8488
3 8520 8487 8521
3 8522 8488 8489
3 8521 8488 8522
3 8523 8489 8490
3 8522 8489 8523
3 8524 8490 8491
3 8523 8490 8524
3 8525 8491 8492
3 8524 8491 8525
3 8526 8492 8493
3 8525 8492 8526
3 8527 8493 8494
3 8526 8493 8527
3 8528 8494 8495
3 8527 8494 8528
3 8529 8495 8496
3 8528 8495 8529
3 8530 8496 8497
3 8529 8496 8530
3 8531 8497 8498
3 8530 8497 8531
3 8532 8498 8499
3 8531 8498 8532
3 8533 8499 8500
3 8532 8499 8533
3 8534 8500 8501
3 8533 8500 8534
3 8535 8501 8502
3 8534 8501 8535
3 8536 8502 8503
3 8535 8502 8536
3 8537 8503 8504
3 8536 8503 8537
3 8538 8504 8505
3 8537 8504 8538
3 8539 8505 8506
3 8538 8505 8539
3 8540 8506 8507
3 8539 8506 8540
3 8541 8507 8508
3 8540 8507 8541
3 8542 8508 8509
3 8541 8508 8542
3 8254 8542 8252
3 8252 8542 8509
3 8510 8255 8253
3 8255 8510 8257
3 8510 8543 8257
3 8510 8511 8543
3 8544 8511 8512
3 8543 8511 8544
3 8545 8512 8513
3 8544 8512 8545
3 8514 8547 8546
3 8545 8514 8546
3 8513 8514 8545
3 8549 8548 8547
3 8514 8549 8547
3 8515 8549 8514
3 8550 8515 8516
3 8549 8515 8550
3 8551 8516 8517
3 8550 8516 8551
3 8552 8517 8518
3 8551 8517 8552
3 8519 8554 8553
3 8552 8519 8553
3 8518 8519 8552
3 8556 8555 8554
3 8519 8556 8554
3 8520 8556 8519
3 8557 8520 8521
3 8556 8520 8557
3 8558 8521 8522
3 8557 8521 8558
3 8559 8522 8523
3 8558 8522 8559
3 8560 8523 8524
3 8559 8523 8560
3 8561 8524 8525
3 8560 8524 8561
3 8562 8525 8526
3 8561 8525 8562
3 8563 8526 8527
3 8562 8526 8563
3 8564 8527 8528
3 8563 8527 8564
3 8565 8528 8529
3 8564 8528 8565
3 8566 8529 8530
3 8565 8529 8566
3 8567 8530 8531
3 8566 8530 8567
3 8532 8569 8568
3 8567 8532 8568
3 8531 8532 8567
3 8571 8570 8569
3 8532 8571 8569
3 8533 8571 8532
3 8572 8533 8534
3 8571 8533 8572
3 8573 8534 8535
3 8572 8534 8573
3 8536 8575 8574
3 8573 8536 8574
3 8535 8536 8573
3 8577 8576 8575
3 8536 8577 8575
3 8537 8577 8536
3 8578 8537 8538
3 8577 8537 8578
3 8579 8538 8539
3 8578 8538 8579
3 8580 8539 8540
3 8579 8539 8580
3 8581 8540 8541
3 8580 8540 8581
3 8582 8541 8542
3 8581 8541 8582
3 8258 8582 8254
3 8254 8582 8542
3 8583 8260 8543
3 8543 8260 8257
3 8584 8543 8544
3 8583 8543 8584
3 8585 8544 8545
3 8584 8544 8585
3 8545 8546 8586
3 8587 8545 8586
3 8585 8545 8587
3 8548 8549 8588
3 8586 8589 8587
3 8588 8549 8550
3 8588 8550 8590
3 8592 8591 8590
3 8550 8592 8590
3 8551 8592 8550
3 8593 8551 8552
3 8592 8551 8593
3 8552 8553 8594
3 8552 8594 8593
3 8595 8555 8556
3 8597 8596 8595
3 8556 8597 8595
3 8557 8597 8556
3 8598 8557 8558
3 8597 8557 8598
3 8599 8558 8559
3 8598 8558 8599
3 8560 8601 8600
3 8599 8560 8600
3 8559 8560 8599
3 8601 8560 8561
3 8601 8561 8602
3 8604 8603 8602
3 8561 8604 8602
3 8562 8604 8561
3 8605 8562 8563
3 8604 8562 8605
3 8564 8607 8606
3 8605 8564 8606
3 8563 8564 8605
3 8607 8564 8565
3 8607 8565 8608
3 8610 8609 8608
3 8565 8610 8608
3 8566 8610 8565
3 8611 8566 8567
3 8610 8566 8611
3 8567 8568 8612
3 8613 8567 8612
3 8611 8567 8613
3 8570 8571 8614
3 8612 8615 8613
3 8617 8616 8614
3 8571 8617 8614
3 8572 8617 8571
3 8618 8572 8573
3 8617 8572 8618
3 8573 8574 8619
3 8573 8619 8618
3 8620 8576 8577
3 8622 8621 8620
3 8577 8622 8620
3 8578 8622 8577
3 8623 8578 8579
3 8622 8578 8623
3 8624 8579 8580
3 8623 8579 8624
3 8581 8626 8625
3 8624 8581 8625
3 8580 8581 8624
3 8628 8627 8626
3 8581 8628 8626
3 8582 8628 8581
3 8261 8628 8258
3 8258 8628 8582
3 8629 8262 8263
3 8260 8583 8263
3 8583 8629 8263
3 8583 8630 8629
3 8631 8583 8584
3 8630 8583 8631
3 8585 8633 8632
3 8631 8585 8632
3 8584 8585 8631
3 8635 8634 8633
3 8585 8635 8633
3 8587 8635 8585
3 8587 8589 8636
3 8587 8636 8635
3 8637 8591 8592
3 8637 8592 8593
3 8637 8593 8638
3 8641 8640 8639
3 8594 8638 8593
3 8642 8640 8641
3 8643 8596 8597
3 8643 8597 8598
3 8643 8598 8644
3 8646 8645 8644
3 8598 8646 8644
3 8599 8646 8598
3 8599 8600 8647
3 8599 8647 8646
3 8648 8603 8604
3 8650 8649 8648
3 8604 8650 8648
3 8605 8650 8604
3 8605 8606 8651
3 8652 8605 8651
3 8650 8605 8652
3 8653 8652 8651
3 8654 8609 8610
3 8654 8610 8611
3 8654 8611 8655
3 8657 8656 8655
3 8611 8657 8655
3 8613 8657 8611
3 8613 8615 8658
3 8613 8658 8657
3 8659 8616 8617
3 8659 8617 8618
3 8659 8618 8660
3 8663 8662 8661
3 8619 8660 8618
3 8664 8662 8663
3 8665 8621 8622
3 8665 8622 8623
3 8665 8623 8666
3 8668 8667 8666
3 8623 8668 8666
3 8624 8668 8623
3 8624 8625 8669
3 8624 8669 8668
3 8670 8627 8628
3 8628 8261 8670
3 8261 8671 8670
3 8261 8264 8671
3 8672 8265 8629
3 8629 8265 8262
3 8673 8629 8630
3 8672 8629 8673
3 8674 8630 8631
3 8673 8630 8674
3 8631 8632 8675
3 8631 8675 8674
3 8676 8634 8635
3 8676 8635 8636
3 8677 8639 8640
3 8677 8640 8642
3 8678 8645 8646
3 8678 8646 8647
3 8679 8649 8650
3 8679 8650 8652
3 8679 8652 8680
3 8680 8652 8653
3 8681 8656 8657
3 8681 8657 8658
3 8682 8661 8662
3 8682 8662 8664
3 8683 8667 8668
3 8683 8668 8669
3 8266 8671 8264
3 8266 8684 8671
3 8685 8267 8672
3 8672 8267 8265
3 8686 8672 8673
3 8685 8672 8686
3 8674 8688 8687
3 8686 8674 8687
3 8673 8674 8686
3 8691 8690 8689
3 8675 8688 8674
3 8692 8690 8691
3 8268 8684 8266
3 8268 8693 8684
3 8685 8269 8267
3 8269 8685 8271
3 8685 8694 8271
3 8685 8686 8694
3 8686 8687 8695
3 8696 8686 8695
3 8694 8686 8696
3 8689 8690 8697
3 8695 8698 8696
3 8697 8690 8692
3 8272 8693 8268
3 8272 8699 8693
3 8700 8273 8274
3 8271 8694 8274
3 8694 8700 8274
3 8694 8701 8700
3 8702 8694 8696
3 8701 8694 8702
3 8696 8698 8703
3 8696 8703 8702
3 8275 8699 8272
3 8275 8704 8699
3 8700 8276 8273
3 8276 8700 8278
3 8700 8705 8278
3 8700 8701 8705
3 8706 8701 8702
3 8705 8701 8706
3 8702 8703 8707
3 8702 8707 8706
3 8279 8704 8275
3 8279 8708 8704
3 8709 8280 8281
3 8278 8705 8281
3 8705 8709 8281
3 8705 8710 8709
3 8711 8705 8706
3 8710 8705 8711
3 8706 8707 8712
3 8706 8712 8711
3 8283 8708 8279
3 8283 8713 8708
3 8714 8284 8709
3 8709 8284 8280
3 8715 8709 8710
3 8714 8709 8715
3 8716 8710 8711
3 8715 8710 8716
3 8711 8712 8717
3 8718 8711 8717
3 8716 8711 8718
3 8719 8718 8717
3 8286 8713 8283
3 8286 8720 8713
3 8721 8287 8714
3 8714 8287 8284
3 8722 8714 8715
3 8721 8714 8722
3 8723 8715 8716
3 8722 8715 8723
3 8718 8725 8724
3 8723 8718 8724
3 8716 8718 8723
3 8725 8718 8719
3 8286 8288 8726
3 8727 8286 8726
3 8720 8286 8727
3 8289 8726 8288
3 8728 8290 8721
3 8721 8290 8287
3 8729 8721 8722
3 8728 8721 8729
3 8730 8722 8723
3 8729 8722 8730
3 8723 8724 8731
3 8723 8731 8730
3 8727 8726 8732
3 8727 8732 8733
3 8291 8732 8289
3 8289 8732 8726
3 8728 8292 8290
3 8292 8728 8294
3 8728 8734 8294
3 8728 8729 8734
3 8735 8729 8730
3 8734 8729 8735
3 8730 8731 8736
3 8730 8736 8735
3 8733 8732 8737
3 8733 8737 8738
3 8295 8737 8291
3 8291 8737 8732
3 8739 8296 8297
3 8294 8734 8297
3 8734 8739 8297
3 8734 8740 8739
3 8741 8734 8735
3 8740 8734 8741
3 8735 8736 8742
3 8735 8742 8741
3 8743 8738 8737
3 8737 8295 8743
3 8295 8744 8743
3 8295 8298 8744
3 8739 8299 8296
3 8299 8739 8301
3 8739 8745 8301
3 8739 8740 8745
3 8746 8740 8741
3 8745 8740 8746
3 8741 8742 8747
3 8741 8747 8746
3 8302 8744 8298
3 8302 8748 8744
3 8749 8303 8304
3 8301 8745 8304
3 8745 8749 8304
3 8745 8750 8749
3 8751 8745 8746
3 8750 8745 8751
3 8746 8747 8752
3 8746 8752 8751
3 8305 8748 8302
3 8305 8753 8748
3 8749 8306 8303
3 8306 8749 8308
3 8749 8754 8308
3 8749 8750 8754
3 8755 8750 8751
3 8754 8750 8755
3 8751 8752 8756
3 8751 8756 8755
3 8309 8753 8305
3 8309 8757 8753
3 8758 8311 8754
3 8754 8311 8308
3 8759 8754 8755
3 8758 8754 8759
3 8755 8756 8760
3 8755 8760 8759
3 8312 8757 8309
3 8312 8761 8757
3 8762 8314 8758
3 8758 8314 8311
3 8763 8758 8759
3 8762 8758 8763
3 8759 8760 8764
3 8759 8764 8763
3 8315 8761 8312
3 8315 8765 8761
3 8766 8317 8762
3 8762 8317 8314
3 8767 8762 8763
3 8766 8762 8767
3 8763 8764 8768
3 8763 8768 8767
3 8771 8770 8769
3 8770 8765 8769
3 8765 8318 8769
3 8765 8315 8318
3 8772 8320 8766
3 8766 8320 8317
3 8773 8766 8767
3 8772 8766 8773
3 8767 8768 8774
3 8767 8774 8773
3 8771 8769 8322
3 8323 8771 8322
3 8775 8771 8323
3 8322 8769 8318
3 8776 8325 8772
3 8772 8325 8320
3 8777 8772 8773
3 8776 8772 8777
3 8773 8774 8778
3 8773 8778 8777
3 8326 8775 8323
3 8326 8779 8775
3 8780 8328 8776
3 8776 8328 8325
3 8781 8776 8777
3 8780 8776 8781
3 8777 8778 8782
3 8777 8782 8781
3 8329 8779 8326
3 8329 8783 8779
3 8784 8331 8332
3 8328 8780 8332
3 8780 8784 8332
3 8780 8785 8784
3 8786 8780 8781
3 8785 8780 8786
3 8781 8782 8787
3 8781 8787 8786
3 8333 8783 8329
3 8333 8788 8783
3 8789 8334 8784
3 8784 8334 8331
3 8790 8784 8785
3 8789 8784 8790
3 8791 8785 8786
3 8790 8785 8791
3 8786 8787 8792
3 8786 8792 8791
3 8795 8794 8793
3 8796 8793 8794
3 8799 8798 8797
3 8800 8797 8798
3 8803 8802 8801
3 8804 8801 8802
3 8807 8806 8805
3 8808 8805 8806
3 8811 8810 8809
3 8812 8809 8810
3 8815 8814 8813
3 8816 8813 8814
3 8819 8818 8817
3 8820 8817 8818
3 8823 8822 8821
3 8824 8821 8822
3 8827 8826 8825
3 8826 8788 8825
3 8788 8335 8825
3 8788 8333 8335
3 8789 8337 8334
3 8337 8789 8339
3 8789 8828 8339
3 8789 8790 8828
3 8829 8790 8791
3 8828 8790 8829
3 8791 8792 8830
3 8831 8791 8830
3 8829 8791 8831
3 8831 8830 8795
3 8793 8831 8795
3 8832 8831 8793
3 8793 8796 8833
3 8834 8793 8833
3 8832 8793 8834
3 8836 8835 8834
3 8836 8834 8833
3 8838 8837 8835
3 8838 8835 8836
3 8837 8838 8799
3 8797 8837 8799
3 8839 8837 8797
3 8797 8800 8840
3 8841 8797 8840
3 8839 8797 8841
3 8843 8842 8841
3 8843 8841 8840
3 8845 8844 8842
3 8845 8842 8843
3 8844 8845 8803
3 8801 8844 8803
3 8846 8844 8801
3 8801 8804 8847
3 8848 8801 8847
3 8846 8801 8848
3 8850 8849 8848
3 8850 8848 8847
3 8852 8851 8849
3 8852 8849 8850
3 8851 8852 8807
3 8805 8851 8807
3 8853 8851 8805
3 8805 8808 8854
3 8855 8805 8854
3 8853 8805 8855
3 8857 8856 8855
3 8857 8855 8854
3 8856 8857 8811
3 8809 8856 8811
3 8858 8856 8809
3 8809 8812 8859
3 8860 8809 8859
3 8858 8809 8860
3 8862 8861 8860
3 8862 8860 8859
3 8861 8862 8815
3 8813 8861 8815
3 8863 8861 8813
3 8813 8816 8864
3 8865 8813 8864
3 8863 8813 8865
3 8867 8866 8865
3 8867 8865 8864
3 8869 8868 8866
3 8869 8866 8867
3 8868 8869 8819
3 8817 8868 8819
3 8870 8868 8817
3 8817 8820 8871
3 8872 8817 8871
3 8870 8817 8872
3 8874 8873 8872
3 8874 8872 8871
3 8873 8874 8823
3 8821 8873 8823
3 8875 8873 8821
3 8821 8824 8876
3 8877 8821 8876
3 8875 8821 8877
3 8879 8878 8877
3 8879 8877 8876
3 8878 8879 8827
3 8825 8878 8827
3 8880 8878 8825
3 8340 8880 8335
3 8335 8880 8825
3 8881 8342 8341
3 8339 8828 8341
3 8828 8881 8341
3 8828 8882 8881
3 8883 8828 8829
3 8882 8828 8883
3 8884 8829 8831
3 8883 8829 8884
3 8885 8831 8832
3 8884 8831 8885
3 8886 8832 8834
3 8885 8832 8886
3 8887 8834 8835
3 8886 8834 8887
3 8888 8835 8837
3 8887 8835 8888
3 8889 8837 8839
3 8888 8837 8889
3 8890 8839 8841
3 8889 8839 8890
3 8891 8841 8842
3 8890 8841 8891
3 8892 8842 8844
3 8891 8842 8892
3 8893 8844 8846
3 8892 8844 8893
3 8894 8846 8848
3 8893 8846 8894
3 8895 8848 8849
3 8894 8848 8895
3 8896 8849 8851
3 8895 8849 8896
3 8897 8851 8853
3 8896 8851 8897
3 8898 8853 8855
3 8897 8853 8898
3 8899 8855 8856
3 8898 8855 8899
3 8900 8856 8858
3 8899 8856 8900
3 8901 8858 8860
3 8900 8858 8901
3 8902 8860 8861
3 8901 8860 8902
3 8903 8861 8863
3 8902 8861 8903
3 8904 8863 8865
3 8903 8863 8904
3 8905 8865 8866
3 8904 8865 8905
3 8906 8866 8868
3 8905 8866 8906
3 8907 8868 8870
3 8906 8868 8907
3 8908 8870 8872
3 8907 8870 8908
3 8909 8872 8873
3 8908 8872 8909
3 8910 8873 8875
3 8909 8873 8910
3 8911 8875 8877
3 8910 8875 8911
3 8912 8877 8878
3 8911 8877 8912
3 8913 8878 8880
3 8912 8878 8913
3 8343 8913 8340
3 8340 8913 8880
3 8914 8345 8881
3 8881 8345 8342
3 8915 8881 8882
3 8914 8881 8915
3 8916 8882 8883
3 8915 8882 8916
3 8917 8883 8884
3 8916 8883 8917
3 8918 8884 8885
3 8917 8884 8918
3 8919 8885 8886
3 8918 8885 8919
3 8920 8886 8887
3 8919 8886 8920
3 8921 8887 8888
3 8920 8887 8921
3 8922 8888 8889
3 8921 8888 8922
3 8923 8889 8890
3 8922 8889 8923
3 8924 8890 8891
3 8923 8890 8924
3 8925 8891 8892
3 8924 8891 8925
3 8926 8892 8893
3 8925 8892 8926
3 8927 8893 8894
3 8926 8893 8927
3 8928 8894 8895
3 8927 8894 8928
3 8929 8895 8896
3 8928 8895 8929
3 8930 8896 8897
3 8929 8896 8930
3 8931 8897 8898
3 8930 8897 8931
3 8932 8898 8899
3 8931 8898 8932
3 8933 8899 8900
3 8932 8899 8933
3 8934 8900 8901
3 8933 8900 8934
3 8935 8901 8902
3 8934 8901 8935
3 8936 8902 8903
3 8935 8902 8936
3 8937 8903 8904
3 8936 8903 8937
3 8938 8904 8905
3 8937 8904 8938
3 8939 8905 8906
3 8938 8905 8939
3 8940 8906 8907
3 8939 8906 8940
3 8941 8907 8908
3 8940 8907 8941
3 8942 8908 8909
3 8941 8908 8942
3 8943 8909 8910
3 8942 8909 8943
3 8944 8910 8911
3 8943 8910 8944
3 8945 8911 8912
3 8944 8911 8945
3 8946 8912 8913
3 8945 8912 8946
3 8346 8946 8343
3 8343 8946 8913
3 8947 8347 8914
3 8914 8347 8345
3 8948 8914 8915
3 8947 8914 8948
3 8949 8915 8916
3 8948 8915 8949
3 8350 8949 8349
3 8949 8917 8349
3 8949 8916 8917
3 8349 8917 8351
3 8917 8950 8351
3 8917 8918 8950
3 8951 8918 8919
3 8950 8918 8951
3 8952 8919 8920
3 8951 8919 8952
3 8953 8920 8921
3 8952 8920 8953
3 8954 8921 8922
3 8953 8921 8954
3 8955 8922 8923
3 8954 8922 8955
3 8956 8923 8924
3 8955 8923 8956
3 8957 8924 8925
3 8956 8924 8957
3 8958 8925 8926
3 8957 8925 8958
3 8959 8926 8927
3 8958 8926 8959
3 8960 8927 8928
3 8959 8927 8960
3 8961 8928 8929
3 8960 8928 8961
3 8962 8929 8930
3 8961 8929 8962
3 8963 8930 8931
3 8962 8930 8963
3 8964 8931 8932
3 8963 8931 8964
3 8965 8932 8933
3 8964 8932 8965
3 8966 8933 8934
3 8965 8933 8966
3 8354 8966 8353
3 8966 8935 8353
3 8966 8934 8935
3 8353 8935 8355
3 8935 8967 8355
3 8935 8936 8967
3 8968 8936 8937
3 8967 8936 8968
3 8969 8937 8938
3 8968 8937 8969
3 8970 8938 8939
3 8969 8938 8970
3 8971 8939 8940
3 8970 8939 8971
3 8972 8940 8941
3 8971 8940 8972
3 8973 8941 8942
3 8972 8941 8973
3 8974 8942 8943
3 8973 8942 8974
3 8975 8943 8944
3 8974 8943 8975
3 8976 8944 8945
3 8975 8944 8976
3 8977 8945 8946
3 8976 8945 8977
3 8356 8977 8346
3 8346 8977 8946
3 8947 8357 8347
3 8357 8947 8358
3 8358 8947 8948
3 8358 8948 8359
3 8359 8948 8949
3 8359 8949 8350
3 8950 8360 8351
3 8360 8950 8361
3 8361 8950 8951
3 8361 8951 8362
3 8362 8951 8952
3 8362 8952 8363
3 8363 8952 8953
3 8363 8953 8364
3 8364 8953 8954
3 8364 8954 8365
3 8365 8954 8955
3 8365 8955 8366
3 8366 8955 8956
3 8366 8956 8367
3 8367 8956 8957
3 8367 8957 8368
3 8368 8957 8958
3 8368 8958 8369
3 8369 8958 8959
3 8369 8959 8370
3 8370 8959 8960
3 8370 8960 8371
3 8371 8960 8961
3 8371 8961 8372
3 8372 8961 8962
3 8372 8962 8373
3 8373 8962 8963
3 8373 8963 8374
3 8374 8963 8964
3 8374 8964 8375
3 8375 8964 8965
3 8375 8965 8376
3 8376 8965 8966
3 8376 8966 8354
3 8967 8377 8355
3 8377 8967 8378
3 8378 8967 8968
3 8378 8968 8379
3 8379 8968 8969
3 8379 8969 8380
3 8380 8969 8970
3 8380 8970 8381
3 8381 8970 8971
3 8381 8971 8383
3 8383 8971 8972
3 8383 8972 8384
3 8384 8972 8973
3 8384 8973 8385
3 8385 8973 8974
3 8385 8974 8386
3 8386 8974 8975
3 8386 8975 8387
3 8387 8975 8976
3 8387 8976 8388
3 8388 8976 8977
3 8388 8977 8356
3 8978 8546 8547
3 8548 8978 8547
3 8979 8553 8554
3 8555 8979 8554
3 8980 8568 8569
3 8570 8980 8569
3 8981 8574 8575
3 8576 8981 8575
3 8978 8586 8546
3 8589 8586 8982
3 8586 8978 8982
3 8548 8588 8982
3 8548 8982 8978
3 8590 8983 8588
3 8588 8983 8982
3 8591 8983 8590
3 8984 8594 8979
3 8979 8594 8553
3 8595 8985 8555
3 8985 8979 8555
3 8985 8984 8979
3 8596 8985 8595
3 8986 8600 8601
3 8602 8987 8601
3 8601 8987 8986
3 8603 8987 8602
3 8988 8606 8607
3 8608 8989 8607
3 8607 8989 8988
3 8609 8989 8608
3 8980 8612 8568
3 8615 8612 8990
3 8612 8980 8990
3 8570 8614 8990
3 8570 8990 8980
3 8616 8990 8614
3 8991 8619 8981
3 8981 8619 8574
3 8620 8992 8576
3 8992 8981 8576
3 8992 8991 8981
3 8621 8992 8620
3 8993 8625 8626
3 8627 8993 8626
3 8994 8632 8633
3 8634 8994 8633
3 8995 8636 8982
3 8982 8636 8589
3 8996 8982 8983
3 8995 8982 8996
3 8637 8997 8591
3 8997 8983 8591
3 8997 8996 8983
3 8638 8998 8637
3 8637 8998 8997
3 8638 8594 8998
3 8594 8984 8998
3 8641 8639 8998
3 8641 8998 8984
3 8641 8984 8642
3 8984 8999 8642
3 8984 8985 8999
3 8643 9000 8596
3 9000 8985 8596
3 9000 8999 8985
3 8644 9001 8643
3 8643 9001 9000
3 8645 9001 8644
3 9002 8647 8986
3 8986 8647 8600
3 9003 8986 8987
3 9002 8986 9003
3 8648 9004 8603
3 9004 8987 8603
3 9004 9003 8987
3 8649 9004 8648
3 8988 8651 8606
3 8651 8988 8653
3 8988 9005 8653
3 8988 8989 9005
3 8654 9006 8609
3 9006 8989 8609
3 9006 9005 8989
3 8655 9007 8654
3 8654 9007 9006
3 8656 9007 8655
3 9008 8658 8990
3 8990 8658 8615
3 8659 9009 8616
3 9009 8990 8616
3 9009 9008 8990
3 8660 9010 8659
3 8659 9010 9009
3 8660 8619 9010
3 8619 8991 9010
3 8663 8661 9010
3 8663 9010 8991
3 8663 8991 8664
3 8991 9011 8664
3 8991 8992 9011
3 8665 9012 8621
3 9012 8992 8621
3 9012 9011 8992
3 8666 9013 8665
3 8665 9013 9012
3 8667 9013 8666
3 9014 8669 8993
3 8993 8669 8625
3 8670 9015 8627
3 9015 8993 8627
3 9015 9014 8993
3 8671 9015 8670
3 9016 8675 8994
3 8994 8675 8632
3 8676 9017 8634
3 9017 8994 8634
3 9017 9016 8994
3 8636 8995 8676
3 8995 9017 8676
3 8995 9018 9017
3 9019 8995 8996
3 9018 8995 9019
3 9020 8996 8997
3 9019 8996 9020
3 9021 8997 8998
3 9020 8997 9021
3 8677 9022 8639
3 9022 8998 8639
3 9022 9021 8998
3 8642 8999 8677
3 8999 9022 8677
3 8999 9023 9022
3 9024 8999 9000
3 9023 8999 9024
3 9025 9000 9001
3 9024 9000 9025
3 8678 9026 8645
3 9026 9001 8645
3 9026 9025 9001
3 8647 9002 8678
3 9002 9026 8678
3 9002 9027 9026
3 9028 9002 9003
3 9027 9002 9028
3 9029 9003 9004
3 9028 9003 9029
3 8679 9030 8649
3 9030 9004 8649
3 9030 9029 9004
3 8680 9031 8679
3 8679 9031 9030
3 8653 9005 8680
3 9005 9031 8680
3 9005 9032 9031
3 9033 9005 9006
3 9032 9005 9033
3 9034 9006 9007
3 9033 9006 9034
3 8681 9035 8656
3 9035 9007 8656
3 9035 9034 9007
3 8658 9008 8681
3 9008 9035 8681
3 9008 9036 9035
3 9037 9008 9009
3 9036 9008 9037
3 9038 9009 9010
3 9037 9009 9038
3 8682 9039 8661
3 9039 9010 8661
3 9039 9038 9010
3 8664 9011 8682
3 9011 9039 8682
3 9011 9040 9039
3 9041 9011 9012
3 9040 9011 9041
3 9042 9012 9013
3 9041 9012 9042
3 8683 9043 8667
3 9043 9013 8667
3 9043 9042 9013
3 8669 9014 8683
3 9014 9043 8683
3 9014 9044 9043
3 9045 9014 9015
3 9044 9014 9045
3 8684 9045 8671
3 8671 9045 9015
3 9046 8687 8688
3 8688 8675 9046
3 8675 9016 9046
3 8691 8689 9046
3 8691 9046 9016
3 8691 9016 8692
3 9016 9047 8692
3 9016 9017 9047
3 9048 9017 9018
3 9047 9017 9048
3 9049 9018 9019
3 9048 9018 9049
3 9050 9019 9020
3 9049 9019 9050
3 9051 9020 9021
3 9050 9020 9051
3 9052 9021 9022
3 9051 9021 9052
3 9053 9022 9023
3 9052 9022 9053
3 9054 9023 9024
3 9053 9023 9054
3 9055 9024 9025
3 9054 9024 9055
3 9056 9025 9026
3 9055 9025 9056
3 9057 9026 9027
3 9056 9026 9057
3 9058 9027 9028
3 9057 9027 9058
3 9059 9028 9029
3 9058 9028 9059
3 9060 9029 9030
3 9059 9029 9060
3 9061 9030 9031
3 9060 9030 9061
3 9062 9031 9032
3 9061 9031 9062
3 9063 9032 9033
3 9062 9032 9063
3 9064 9033 9034
3 9063 9033 9064
3 9065 9034 9035
3 9064 9034 9065
3 9066 9035 9036
3 9065 9035 9066
3 9067 9036 9037
3 9066 9036 9067
3 9068 9037 9038
3 9067 9037 9068
3 9069 9038 9039
3 9068 9038 9069
3 9070 9039 9040
3 9069 9039 9070
3 9071 9040 9041
3 9070 9040 9071
3 9072 9041 9042
3 9071 9041 9072
3 9073 9042 9043
3 9072 9042 9073
3 9074 9043 9044
3 9073 9043 9074
3 9075 9044 9045
3 9074 9044 9075
3 8693 9075 8684
3 8684 9075 9045
3 9046 8695 8687
3 8698 8695 9076
3 8695 9046 9076
3 8689 8697 9076
3 8689 9076 9046
3 8692 9047 8697
3 9047 9076 8697
3 9047 9077 9076
3 9078 9047 9048
3 9077 9047 9078
3 9079 9048 9049
3 9078 9048 9079
3 9080 9049 9050
3 9079 9049 9080
3 9081 9050 9051
3 9080 9050 9081
3 9082 9051 9052
3 9081 9051 9082
3 9083 9052 9053
3 9082 9052 9083
3 9084 9053 9054
3 9083 9053 9084
3 9085 9054 9055
3 9084 9054 9085
3 9086 9055 9056
3 9085 9055 9086
3 9087 9056 9057
3 9086 9056 9087
3 9088 9057 9058
3 9087 9057 9088
3 9089 9058 9059
3 9088 9058 9089
3 9090 9059 9060
3 9089 9059 9090
3 9091 9060 9061
3 9090 9060 9091
3 9092 9061 9062
3 9091 9061 9092
3 9093 9062 9063
3 9092 9062 9093
3 9094 9063 9064
3 9093 9063 9094
3 9095 9064 9065
3 9094 9064 9095
3 9096 9065 9066
3 9095 9065 9096
3 9097 9066 9067
3 9096 9066 9097
3 9098 9067 9068
3 9097 9067 9098
3 9099 9068 9069
3 9098 9068 9099
3 9100 9069 9070
3 9099 9069 9100
3 9101 9070 9071
3 9100 9070 9101
3 9102 9071 9072
3 9101 9071 9102
3 9103 9072 9073
3 9102 9072 9103
3 9104 9073 9074
3 9103 9073 9104
3 9105 9074 9075
3 9104 9074 9105
3 8699 9105 8693
3 8693 9105 9075
3 9106 8703 9076
3 9076 8703 8698
3 9107 9076 9077
3 9106 9076 9107
3 9108 9077 9078
3 9107 9077 9108
3 9109 9078 9079
3 9108 9078 9109
3 9110 9079 9080
3 9109 9079 9110
3 9111 9080 9081
3 9110 9080 9111
3 9112 9081 9082
3 9111 9081 9112
3 9113 9082 9083
3 9112 9082 9113
3 9114 9083 9084
3 9113 9083 9114
3 9115 9084 9085
3 9114 9084 9115
3 9116 9085 9086
3 9115 9085 9116
3 9117 9086 9087
3 9116 9086 9117
3 9118 9087 9088
3 9117 9087 9118
3 9119 9088 9089
3 9118 9088 9119
3 9120 9089 9090
3 9119 9089 9120
3 9121 9090 9091
3 9120 9090 9121
3 9122 9091 9092
3 9121 9091 9122
3 9123 9092 9093
3 9122 9092 9123
3 9124 9093 9094
3 9123 9093 9124
3 9125 9094 9095
3 9124 9094 9125
3 9126 9095 9096
3 9125 9095 9126
3 9127 9096 9097
3 9126 9096 9127
3 9128 9097 9098
3 9127 9097 9128
3 9129 9098 9099
3 9128 9098 9129
3 9130 9099 9100
3 9129 9099 9130
3 9131 9100 9101
3 9130 9100 9131
3 9132 9101 9102
3 9131 9101 9132
3 9133 9102 9103
3 9132 9102 9133
3 9134 9103 9104
3 9133 9103 9134
3 9135 9104 9105
3 9134 9104 9135
3 8704 9135 8699
3 8699 9135 9105
3 9136 8707 9106
3 9106 8707 8703
3 9137 9106 9107
3 9136 9106 9137
3 9138 9107 9108
3 9137 9107 9138
3 9139 9108 9109
3 9138 9108 9139
3 9110 9141 9140
3 9139 9110 9140
3 9109 9110 9139
3 9143 9142 9141
3 9110 9143 9141
3 9111 9143 9110
3 9144 9111 9112
3 9143 9111 9144
3 9145 9112 9113
3 9144 9112 9145
3 9146 9113 9114
3 9145 9113 9146
3 9147 9114 9115
3 9146 9114 9147
3 9148 9115 9116
3 9147 9115 9148
3 9149 9116 9117
3 9148 9116 9149
3 9150 9117 9118
3 9149 9117 9150
3 9151 9118 9119
3 9150 9118 9151
3 9152 9119 9120
3 9151 9119 9152
3 9153 9120 9121
3 9152 9120 9153
3 9154 9121 9122
3 9153 9121 9154
3 9155 9122 9123
3 9154 9122 9155
3 9156 9123 9124
3 9155 9123 9156
3 9157 9124 9125
3 9156 9124 9157
3 9158 9125 9126
3 9157 9125 9158
3 9159 9126 9127
3 9158 9126 9159
3 9160 9127 9128
3 9159 9127 9160
3 9161 9128 9129
3 9160 9128 9161
3 9162 9129 9130
3 9161 9129 9162
3 9163 9130 9131
3 9162 9130 9163
3 9164 9131 9132
3 9163 9131 9164
3 9165 9132 9133
3 9164 9132 9165
3 9166 9133 9134
3 9165 9133 9166
3 9167 9134 9135
3 9166 9134 9167
3 8708 9167 8704
3 8704 9167 9135
3 9168 8712 9136
3 9136 8712 8707
3 9169 9136 9137
3 9168 9136 9169
3 9170 9137 9138
3 9169 9137 9170
3 9171 9138 9139
3 9170 9138 9171
3 9139 9140 9172
3 9173 9139 9172
3 9171 9139 9173
3 9142 9143 9174
3 9172 9175 9173
3 9177 9176 9174
3 9143 9177 9174
3 9144 9177 9143
3 9178 9144 9145
3 9177 9144 9178
3 9179 9145 9146
3 9178 9145 9179
3 9147 9181 9180
3 9179 9147 9180
3 9146 9147 9179
3 9181 9147 9148
3 9181 9148 9182
3 9184 9183 9182
3 9148 9184 9182
3 9149 9184 9148
3 9185 9149 9150
3 9184 9149 9185
3 9151 9187 9186
3 9185 9151 9186
3 9150 9151 9185
3 9187 9151 9152
3 9187 9152 9188
3 9190 9189 9188
3 9152 9190 9188
3 9153 9190 9152
3 9191 9153 9154
3 9190 9153 9191
3 9155 9193 9192
3 9191 9155 9192
3 9154 9155 9191
3 9193 9155 9156
3 9193 9156 9194
3 9196 9195 9194
3 9156 9196 9194
3 9157 9196 9156
3 9197 9157 9158
3 9196 9157 9197
3 9159 9199 9198
3 9197 9159 9198
3 9158 9159 9197
3 9199 9159 9160
3 9199 9160 9200
3 9202 9201 9200
3 9160 9202 9200
3 9161 9202 9160
3 9203 9161 9162
3 9202 9161 9203
3 9163 9205 9204
3 9203 9163 9204
3 9162 9163 9203
3 9207 9206 9205
3 9163 9207 9205
3 9164 9207 9163
3 9208 9164 9165
3 9207 9164 9208
3 9209 9165 9166
3 9208 9165 9209
3 9167 9211 9210
3 9209 9167 9210
3 9166 9167 9209
3 9167 8708 9211
3 8708 9212 9211
3 8708 8713 9212
3 9168 8717 8712
3 8717 9168 8719
3 9168 9213 8719
3 9168 9169 9213
3 9214 9169 9170
3 9213 9169 9214
3 9171 9216 9215
3 9214 9171 9215
3 9170 9171 9214
3 9218 9217 9216
3 9171 9218 9216
3 9173 9218 9171
3 9173 9175 9219
3 9173 9219 9218
3 9220 9176 9177
3 9220 9177 9178
3 9220 9178 9221
3 9223 9222 9221
3 9178 9223 9221
3 9179 9223 9178
3 9179 9180 9224
3 9179 9224 9223
3 9225 9183 9184
3 9227 9226 9225
3 9184 9227 9225
3 9185 9227 9184
3 9185 9186 9228
3 9229 9185 9228
3 9227 9185 9229
3 9230 9229 9228
3 9231 9189 9190
3 9231 9190 9191
3 9231 9191 9232
3 9232 9191 9192
3 9233 9195 9196
3 9235 9234 9233
3 9196 9235 9233
3 9197 9235 9196
3 9197 9198 9236
3 9237 9197 9236
3 9235 9197 9237
3 9238 9237 9236
3 9239 9201 9202
3 9241 9240 9239
3 9202 9241 9239
3 9203 9241 9202
3 9203 9204 9242
3 9203 9242 9241
3 9243 9206 9207
3 9243 9207 9208
3 9243 9208 9244
3 9246 9245 9244
3 9208 9246 9244
3 9209 9246 9208
3 9209 9210 9247
3 9209 9247 9246
3 8720 9212 8713
3 8720 9248 9212
3 9249 8724 8725
3 8719 9213 8725
3 9213 9249 8725
3 9213 9250 9249
3 9251 9213 9214
3 9250 9213 9251
3 9214 9215 9252
3 9214 9252 9251
3 9253 9217 9218
3 9253 9218 9219
3 9254 9222 9223
3 9254 9223 9224
3 9255 9226 9227
3 9255 9227 9229
3 9255 9229 9256
3 9256 9229 9230
3 9257 9234 9235
3 9257 9235 9237
3 9257 9237 9258
3 9258 9237 9238
3 9259 9240 9241
3 9259 9241 9242
3 9260 9245 9246
3 9260 9246 9247
3 8727 9248 8720
3 8727 9261 9248
3 9262 8731 9249
3 9249 8731 8724
3 9263 9249 9250
3 9262 9249 9263
3 9264 9250 9251
3 9263 9250 9264
3 9251 9252 9265
3 9266 9251 9265
3 9264 9251 9266
3 9267 9266 9265
3 8733 9261 8727
3 8733 9268 9261
3 9269 8736 9262
3 9262 8736 8731
3 9270 9262 9263
3 9269 9262 9270
3 9271 9263 9264
3 9270 9263 9271
3 9266 9273 9272
3 9271 9266 9272
3 9264 9266 9271
3 9273 9266 9267
3 8738 9268 8733
3 8738 9274 9268
3 9275 8742 9269
3 9269 8742 8736
3 9276 9269 9270
3 9275 9269 9276
3 9277 9270 9271
3 9276 9270 9277
3 9271 9272 9278
3 9271 9278 9277
3 8738 8743 9279
3 9280 8738 9279
3 9274 8738 9280
3 8744 9279 8743
3 9281 8747 9275
3 9275 8747 8742
3 9282 9275 9276
3 9281 9275 9282
3 9283 9276 9277
3 9282 9276 9283
3 9277 9278 9284
3 9277 9284 9283
3 9280 9279 9285
3 9280 9285 9286
3 8748 9285 8744
3 8744 9285 9279
3 9287 8752 9281
3 9281 8752 8747
3 9288 9281 9282
3 9287 9281 9288
3 9289 9282 9283
3 9288 9282 9289
3 9283 9284 9290
3 9283 9290 9289
3 9291 9286 9285
3 9285 8748 9291
3 8748 9292 9291
3 8748 8753 9292
3 9293 8756 9287
3 9287 8756 8752
3 9294 9287 9288
3 9293 9287 9294
3 9295 9288 9289
3 9294 9288 9295
3 9289 9290 9296
3 9289 9296 9295
3 8757 9292 8753
3 8757 9297 9292
3 9298 8760 9293
3 9293 8760 8756
3 9299 9293 9294
3 9298 9293 9299
3 9300 9294 9295
3 9299 9294 9300
3 9295 9296 9301
3 9295 9301 9300
3 8761 9297 8757
3 8761 9302 9297
3 9303 8764 9298
3 9298 8764 8760
3 9304 9298 9299
3 9303 9298 9304
3 9305 9299 9300
3 9304 9299 9305
3 9300 9301 9306
3 9300 9306 9305
3 9309 9308 9307
3 9308 9302 9307
3 9302 8765 9307
3 9302 8761 8765
3 9310 8768 9303
3 9303 8768 8764
3 9311 9303 9304
3 9310 9303 9311
3 9312 9304 9305
3 9311 9304 9312
3 9305 9306 9313
3 9305 9313 9312
3 9316 9315 9314
3 9317 9314 9315
3 9320 9319 9318
3 9321 9318 9319
3 9309 9307 8770
3 8771 9309 8770
3 9322 9309 8771
3 8770 9307 8765
3 9323 8774 9310
3 9310 8774 8768
3 9324 9310 9311
3 9323 9310 9324
3 9325 9311 9312
3 9324 9311 9325
3 9312 9313 9326
3 9327 9312 9326
3 9325 9312 9327
3 9329 9328 9327
3 9329 9327 9326
3 9330 9328 9329
3 9333 9332 9331
3 9335 9334 9331
3 9335 9331 9332
3 9337 9336 9334
3 9337 9334 9335
3 9338 9336 9337
3 9341 9340 9339
3 9343 9342 9339
3 9343 9339 9340
3 9344 9342 9343
3 9347 9346 9345
3 9345 9346 9316
3 9314 9345 9316
3 9348 9345 9314
3 9314 9317 9349
3 9314 9349 9348
3 9352 9351 9350
3 9354 9353 9350
3 9354 9350 9351
3 9355 9353 9354
3 9358 9357 9356
3 9356 9357 9320
3 9318 9356 9320
3 9359 9356 9318
3 9318 9321 9360
3 9318 9360 9359
3 9363 9362 9361
3 9365 9364 9361
3 9365 9361 9362
3 9366 9364 9365
3 9369 9368 9367
3 9371 9370 9367
3 9371 9367 9368
3 9372 9370 9371
3 8775 9322 8771
3 8775 9373 9322
3 9374 8778 9323
3 9323 8778 8774
3 9375 9323 9324
3 9374 9323 9375
3 9376 9324 9325
3 9375 9324 9376
3 9377 9325 9327
3 9376 9325 9377
3 9378 9327 9328
3 9377 9327 9378
3 9328 9330 9379
3 9380 9328 9379
3 9378 9328 9380
3 9380 9379 9333
3 9331 9380 9333
3 9381 9380 9331
3 9382 9331 9334
3 9381 9331 9382
3 9383 9334 9336
3 9382 9334 9383
3 9336 9338 9384
3 9385 9336 9384
3 9383 9336 9385
3 9385 9384 9341
3 9339 9385 9341
3 9386 9385 9339
3 9387 9339 9342
3 9386 9339 9387
3 9342 9344 9388
3 9389 9342 9388
3 9387 9342 9389
3 9391 9390 9389
3 9391 9389 9388
3 9390 9391 9347
3 9345 9390 9347
3 9392 9390 9345
3 9393 9345 9348
3 9392 9345 9393
3 9348 9349 9394
3 9395 9348 9394
3 9393 9348 9395
3 9395 9394 9352
3 9350 9395 9352
3 9396 9395 9350
3 9397 9350 9353
3 9396 9350 9397
3 9353 9355 9398
3 9399 9353 9398
3 9397 9353 9399
3 9401 9400 9399
3 9401 9399 9398
3 9400 9401 9358
3 9356 9400 9358
3 9402 9400 9356
3 9403 9356 9359
3 9402 9356 9403
3 9359 9360 9404
3 9405 9359 9404
3 9403 9359 9405
3 9405 9404 9363
3 9361 9405 9363
3 9406 9405 9361
3 9407 9361 9364
3 9406 9361 9407
3 9364 9366 9408
3 9409 9364 9408
3 9407 9364 9409
3 9409 9408 9369
3 9367 9409 9369
3 9410 9409 9367
3 9411 9367 9370
3 9410 9367 9411
3 9370 9372 9412
3 9413 9370 9412
3 9411 9370 9413
3 9412 9373 9413
3 9373 8779 9413
3 9373 8775 8779
3 9414 8782 9374
3 9374 8782 8778
3 9415 9374 9375
3 9414 9374 9415
3 9416 9375 9376
3 9415 9375 9416
3 9417 9376 9377
3 9416 9376 9417
3 9418 9377 9378
3 9417 9377 9418
3 9419 9378 9380
3 9418 9378 9419
3 9420 9380 9381
3 9419 9380 9420
3 9421 9381 9382
3 9420 9381 9421
3 9422 9382 9383
3 9421 9382 9422
3 9423 9383 9385
3 9422 9383 9423
3 9424 9385 9386
3 9423 9385 9424
3 9425 9386 9387
3 9424 9386 9425
3 9426 9387 9389
3 9425 9387 9426
3 9427 9389 9390
3 9426 9389 9427
3 9428 9390 9392
3 9427 9390 9428
3 9429 9392 9393
3 9428 9392 9429
3 9430 9393 9395
3 9429 9393 9430
3 9431 9395 9396
3 9430 9395 9431
3 9432 9396 9397
3 9431 9396 9432
3 9433 9397 9399
3 9432 9397 9433
3 9434 9399 9400
3 9433 9399 9434
3 9435 9400 9402
3 9434 9400 9435
3 9436 9402 9403
3 9435 9402 9436
3 9437 9403 9405
3 9436 9403 9437
3 9438 9405 9406
3 9437 9405 9438
3 9439 9406 9407
3 9438 9406 9439
3 9440 9407 9409
3 9439 9407 9440
3 9441 9409 9410
3 9440 9409 9441
3 9442 9410 9411
3 9441 9410 9442
3 9443 9411 9413
3 9442 9411 9443
3 8783 9443 8779
3 8779 9443 9413
3 9444 8787 9414
3 9414 8787 8782
3 9445 9414 9415
3 9444 9414 9445
3 9446 9415 9416
3 9445 9415 9446
3 9447 9416 9417
3 9446 9416 9447
3 9448 9417 9418
3 9447 9417 9448
3 9449 9418 9419
3 9448 9418 9449
3 9450 9419 9420
3 9449 9419 9450
3 9451 9420 9421
3 9450 9420 9451
3 9452 9421 9422
3 9451 9421 9452
3 9453 9422 9423
3 9452 9422 9453
3 9454 9423 9424
3 9453 9423 9454
3 9455 9424 9425
3 9454 9424 9455
3 9456 9425 9426
3 9455 9425 9456
3 9457 9426 9427
3 9456 9426 9457
3 9458 9427 9428
3 9457 9427 9458
3 9459 9428 9429
3 9458 9428 9459
3 9460 9429 9430
3 9459 9429 9460
3 9461 9430 9431
3 9460 9430 9461
3 9462 9431 9432
3 9461 9431 9462
3 9463 9432 9433
3 9462 9432 9463
3 9464 9433 9434
3 9463 9433 9464
3 9465 9434 9435
3 9464 9434 9465
3 9466 9435 9436
3 9465 9435 9466
3 9467 9436 9437
3 9466 9436 9467
3 9468 9437 9438
3 9467 9437 9468
3 9469 9438 9439
3 9468 9438 9469
3 9470 9439 9440
3 9469 9439 9470
3 9471 9440 9441
3 9470 9440 9471
3 9472 9441 9442
3 9471 9441 9472
3 9473 9442 9443
3 9472 9442 9473
3 8788 9473 8783
3 8783 9473 9443
3 9474 8792 9444
3 9444 8792 8787
3 8795 9474 8794
3 9474 9445 8794
3 9474 9444 9445
3 8794 9445 8796
3 9445 9475 8796
3 9445 9446 9475
3 9476 9446 9447
3 9475 9446 9476
3 9477 9447 9448
3 9476 9447 9477
3 8799 9477 8798
3 9477 9449 8798
3 9477 9448 9449
3 8798 9449 8800
3 9449 9478 8800
3 9449 9450 9478
3 9479 9450 9451
3 9478 9450 9479
3 9480 9451 9452
3 9479 9451 9480
3 8803 9480 8802
3 9480 9453 8802
3 9480 9452 9453
3 8802 9453 8804
3 9453 9481 8804
3 9453 9454 9481
3 9482 9454 9455
3 9481 9454 9482
3 9483 9455 9456
3 9482 9455 9483
3 8807 9483 8806
3 9483 9457 8806
3 9483 9456 9457
3 8806 9457 8808
3 9457 9484 8808
3 9457 9458 9484
3 9485 9458 9459
3 9484 9458 9485
3 8811 9485 8810
3 9485 9460 8810
3 9485 9459 9460
3 8810 9460 8812
3 9460 9486 8812
3 9460 9461 9486
3 9487 9461 9462
3 9486 9461 9487
3 8815 9487 8814
3 9487 9463 8814
3 9487 9462 9463
3 8814 9463 8816
3 9463 9488 8816
3 9463 9464 9488
3 9489 9464 9465
3 9488 9464 9489
3 9490 9465 9466
3 9489 9465 9490
3 8819 9490 8818
3 9490 9467 8818
3 9490 9466 9467
3 8818 9467 8820
3 9467 9491 8820
3 9467 9468 9491
3 9492 9468 9469
3 9491 9468 9492
3 8823 9492 8822
3 9492 9470 8822
3 9492 9469 9470
3 8822 9470 8824
3 9470 9493 8824
3 9470 9471 9493
3 9494 9471 9472
3 9493 9471 9494
3 8827 9494 8826
3 9494 9473 8826
3 9494 9472 9473
3 8826 9473 8788
3 9474 8830 8792
3 8830 9474 8795
3 9475 8833 8796
3 8833 9475 8836
3 8836 9475 9476
3 8836 9476 8838
3 8838 9476 9477
3 8838 9477 8799
3 9478 8840 8800
3 8840 9478 8843
3 8843 9478 9479
3 8843 9479 8845
3 8845 9479 9480
3 8845 9480 8803
3 9481 8847 8804
3 8847 9481 8850
3 8850 9481 9482
3 8850 9482 8852
3 8852 9482 9483
3 8852 9483 8807
3 9484 8854 8808
3 8854 9484 8857
3 8857 9484 9485
3 8857 9485 8811
3 9486 8859 8812
3 8859 9486 8862
3 8862 9486 9487
3 8862 9487 8815
3 9488 8864 8816
3 8864 9488 8867
3 8867 9488 9489
3 8867 9489 8869
3 8869 9489 9490
3 8869 9490 8819
3 9491 8871 8820
3 8871 9491 8874
3 8874 9491 9492
3 8874 9492 8823
3 9493 8876 8824
3 8876 9493 8879
3 8879 9493 9494
3 8879 9494 8827
3 9495 9140 9141
3 9142 9495 9141
3 9495 9172 9140
3 9175 9172 9496
3 9172 9495 9496
3 9142 9174 9496
3 9142 9496 9495
3 9176 9496 9174
3 9497 9180 9181
3 9182 9498 9181
3 9181 9498 9497
3 9183 9498 9182
3 9499 9186 9187
3 9188 9500 9187
3 9187 9500 9499
3 9189 9500 9188
3 9501 9192 9193
3 9194 9502 9193
3 9193 9502 9501
3 9195 9502 9194
3 9503 9198 9199
3 9200 9504 9199
3 9199 9504 9503
3 9201 9504 9200
3 9505 9204 9205
3 9206 9505 9205
3 9506 9210 9211
3 9212 9506 9211
3 9507 9215 9216
3 9217 9507 9216
3 9508 9219 9496
3 9496 9219 9175
3 9220 9509 9176
3 9509 9496 9176
3 9509 9508 9496
3 9221 9510 9220
3 9220 9510 9509
3 9222 9510 9221
3 9511 9224 9497
3 9497 9224 9180
3 9512 9497 9498
3 9511 9497 9512
3 9225 9513 9183
3 9513 9498 9183
3 9513 9512 9498
3 9226 9513 9225
3 9499 9228 9186
3 9228 9499 9230
3 9499 9514 9230
3 9499 9500 9514
3 9231 9515 9189
3 9515 9500 9189
3 9515 9514 9500
3 9232 9516 9231
3 9231 9516 9515
3 9192 9501 9232
3 9501 9516 9232
3 9501 9517 9516
3 9518 9501 9502
3 9517 9501 9518
3 9233 9519 9195
3 9519 9502 9195
3 9519 9518 9502
3 9234 9519 9233
3 9503 9236 9198
3 9236 9503 9238
3 9503 9520 9238
3 9503 9504 9520
3 9239 9521 9201
3 9521 9504 9201
3 9521 9520 9504
3 9240 9521 9239
3 9522 9242 9505
3 9505 9242 9204
3 9243 9523 9206
3 9523 9505 9206
3 9523 9522 9505
3 9244 9524 9243
3 9243 9524 9523
3 9245 9524 9244
3 9525 9247 9506
3 9506 9247 9210
3 9248 9525 9212
3 9212 9525 9506
3 9526 9252 9507
3 9507 9252 9215
3 9253 9527 9217
3 9527 9507 9217
3 9527 9526 9507
3 9219 9508 9253
3 9508 9527 9253
3 9508 9528 9527
3 9529 9508 9509
3 9528 9508 9529
3 9530 9509 9510
3 9529 9509 9530
3 9254 9531 9222
3 9531 9510 9222
3 9531 9530 9510
3 9224 9511 9254
3 9511 9531 9254
3 9511 9532 9531
3 9533 9511 9512
3 9532 9511 9533
3 9534 9512 9513
3 9533 9512 9534
3 9255 9535 9226
3 9535 9513 9226
3 9535 9534 9513
3 9256 9536 9255
3 9255 9536 9535
3 9230 9514 9256
3 9514 9536 9256
3 9514 9537 9536
3 9538 9514 9515
3 9537 9514 9538
3 9539 9515 9516
3 9538 9515 9539
3 9540 9516 9517
3 9539 9516 9540
3 9541 9517 9518
3 9540 9517 9541
3 9542 9518 9519
3 9541 9518 9542
3 9257 9543 9234
3 9543 9519 9234
3 9543 9542 9519
3 9258 9544 9257
3 9257 9544 9543
3 9238 9520 9258
3 9520 9544 9258
3 9520 9545 9544
3 9546 9520 9521
3 9545 9520 9546
3 9259 9547 9240
3 9547 9521 9240
3 9547 9546 9521
3 9242 9522 9259
3 9522 9547 9259
3 9522 9548 9547
3 9549 9522 9523
3 9548 9522 9549
3 9550 9523 9524
3 9549 9523 9550
3 9260 9551 9245
3 9551 9524 9245
3 9551 9550 9524
3 9247 9525 9260
3 9525 9551 9260
3 9525 9552 9551
3 9261 9552 9248
3 9248 9552 9525
3 9526 9265 9252
3 9265 9526 9267
3 9526 9553 9267
3 9526 9527 9553
3 9554 9527 9528
3 9553 9527 9554
3 9555 9528 9529
3 9554 9528 9555
3 9556 9529 9530
3 9555 9529 9556
3 9557 9530 9531
3 9556 9530 9557
3 9558 9531 9532
3 9557 9531 9558
3 9559 9532 9533
3 9558 9532 9559
3 9560 9533 9534
3 9559 9533 9560
3 9561 9534 9535
3 9560 9534 9561
3 9562 9535 9536
3 9561 9535 9562
3 9563 9536 9537
3 9562 9536 9563
3 9564 9537 9538
3 9563 9537 9564
3 9565 9538 9539
3 9564 9538 9565
3 9566 9539 9540
3 9565 9539 9566
3 9567 9540 9541
3 9566 9540 9567
3 9568 9541 9542
3 9567 9541 9568
3 9569 9542 9543
3 9568 9542 9569
3 9570 9543 9544
3 9569 9543 9570
3 9571 9544 9545
3 9570 9544 9571
3 9572 9545 9546
3 9571 9545 9572
3 9573 9546 9547
3 9572 9546 9573
3 9574 9547 9548
3 9573 9547 9574
3 9575 9548 9549
3 9574 9548 9575
3 9576 9549 9550
3 9575 9549 9576
3 9577 9550 9551
3 9576 9550 9577
3 9578 9551 9552
3 9577 9551 9578
3 9268 9578 9261
3 9261 9578 9552
3 9579 9272 9273
3 9267 9553 9273
3 9553 9579 9273
3 9553 9580 9579
3 9581 9553 9554
3 9580 9553 9581
3 9582 9554 9555
3 9581 9554 9582
3 9583 9555 9556
3 9582 9555 9583
3 9584 9556 9557
3 9583 9556 9584
3 9585 9557 9558
3 9584 9557 9585
3 9586 9558 9559
3 9585 9558 9586
3 9587 9559 9560
3 9586 9559 9587
3 9588 9560 9561
3 9587 9560 9588
3 9589 9561 9562
3 9588 9561 9589
3 9590 9562 9563
3 9589 9562 9590
3 9591 9563 9564
3 9590 9563 9591
3 9592 9564 9565
3 9591 9564 9592
3 9593 9565 9566
3 9592 9565 9593
3 9594 9566 9567
3 9593 9566 9594
3 9595 9567 9568
3 9594 9567 9595
3 9596 9568 9569
3 9595 9568 9596
3 9597 9569 9570
3 9596 9569 9597
3 9598 9570 9571
3 9597 9570 9598
3 9599 9571 9572
3 9598 9571 9599
3 9600 9572 9573
3 9599 9572 9600
3 9601 9573 9574
3 9600 9573 9601
3 9602 9574 9575
3 9601 9574 9602
3 9603 9575 9576
3 9602 9575 9603
3 9604 9576 9577
3 9603 9576 9604
3 9605 9577 9578
3 9604 9577 9605
3 9274 9605 9268
3 9268 9605 9578
3 9606 9278 9579
3 9579 9278 9272
3 9607 9579 9580
3 9606 9579 9607
3 9608 9580 9581
3 9607 9580 9608
3 9609 9581 9582
3 9608 9581 9609
3 9610 9582 9583
3 9609 9582 9610
3 9611 9583 9584
3 9610 9583 9611
3 9612 9584 9585
3 9611 9584 9612
3 9613 9585 9586
3 9612 9585 9613
3 9614 9586 9587
3 9613 9586 9614
3 9615 9587 9588
3 9614 9587 9615
3 9616 9588 9589
3 9615 9588 9616
3 9617 9589 9590
3 9616 9589 9617
3 9618 9590 9591
3 9617 9590 9618
3 9619 9591 9592
3 9618 9591 9619
3 9620 9592 9593
3 9619 9592 9620
3 9621 9593 9594
3 9620 9593 9621
3 9622 9594 9595
3 9621 9594 9622
3 9623 9595 9596
3 9622 9595 9623
3 9624 9596 9597
3 9623 9596 9624
3 9625 9597 9598
3 9624 9597 9625
3 9626 9598 9599
3 9625 9598 9626
3 9627 9599 9600
3 9626 9599 9627
3 9628 9600 9601
3 9627 9600 9628
3 9629 9601 9602
3 9628 9601 9629
3 9630 9602 9603
3 9629 9602 9630
3 9631 9603 9604
3 9630 9603 9631
3 9632 9604 9605
3 9631 9604 9632
3 9280 9632 9274
3 9274 9632 9605
3 9633 9284 9606
3 9606 9284 9278
3 9634 9606 9607
3 9633 9606 9634
3 9635 9607 9608
3 9634 9607 9635
3 9636 9608 9609
3 9635 9608 9636
3 9637 9609 9610
3 9636 9609 9637
3 9638 9610 9611
3 9637 9610 9638
3 9639 9611 9612
3 9638 9611 9639
3 9640 9612 9613
3 9639 9612 9640
3 9641 9613 9614
3 9640 9613 9641
3 9642 9614 9615
3 9641 9614 9642
3 9643 9615 9616
3 9642 9615 9643
3 9644 9616 9617
3 9643 9616 9644
3 9645 9617 9618
3 9644 9617 9645
3 9646 9618 9619
3 9645 9618 9646
3 9647 9619 9620
3 9646 9619 9647
3 9648 9620 9621
3 9647 9620 9648
3 9649 9621 9622
3 9648 9621 9649
3 9650 9622 9623
3 9649 9622 9650
3 9651 9623 9624
3 9650 9623 9651
3 9652 9624 9625
3 9651 9624 9652
3 9653 9625 9626
3 9652 9625 9653
3 9654 9626 9627
3 9653 9626 9654
3 9655 9627 9628
3 9654 9627 9655
3 9656 9628 9629
3 9655 9628 9656
3 9657 9629 9630
3 9656 9629 9657
3 9658 9630 9631
3 9657 9630 9658
3 9659 9631 9632
3 9658 9631 9659
3 9286 9659 9280
3 9280 9659 9632
3 9660 9290 9633
3 9633 9290 9284
3 9661 9633 9634
3 9660 9633 9661
3 9662 9634 9635
3 9661 9634 9662
3 9663 9635 9636
3 9662 9635 9663
3 9664 9636 9637
3 9663 9636 9664
3 9638 9666 9665
3 9664 9638 9665
3 9637 9638 9664
3 9668 9667 9666
3 9638 9668 9666
3 9639 9668 9638
3 9669 9639 9640
3 9668 9639 9669
3 9641 9671 9670
3 9669 9641 9670
3 9640 9641 9669
3 9671 9641 9642
3 9671 9642 9672
3 9674 9673 9672
3 9642 9674 9672
3 9643 9674 9642
3 9675 9643 9644
3 9674 9643 9675
3 9676 9644 9645
3 9675 9644 9676
3 9646 9678 9677
3 9676 9646 9677
3 9645 9646 9676
3 9680 9679 9678
3 9646 9680 9678
3 9647 9680 9646
3 9681 9647 9648
3 9680 9647 9681
3 9649 9683 9682
3 9681 9649 9682
3 9648 9649 9681
3 9685 9684 9683
3 9649 9685 9683
3 9650 9685 9649
3 9686 9650 9651
3 9685 9650 9686
3 9687 9651 9652
3 9686 9651 9687
3 9653 9689 9688
3 9687 9653 9688
3 9652 9653 9687
3 9691 9690 9689
3 9653 9691 9689
3 9654 9691 9653
3 9692 9654 9655
3 9691 9654 9692
3 9656 9694 9693
3 9692 9656 9693
3 9655 9656 9692
3 9696 9695 9694
3 9656 9696 9694
3 9657 9696 9656
3 9697 9657 9658
3 9696 9657 9697
3 9698 9658 9659
3 9697 9658 9698
3 9291 9699 9286
3 9699 9659 9286
3 9699 9698 9659
3 9292 9699 9291
3 9700 9296 9660
3 9660 9296 9290
3 9701 9660 9661
3 9700 9660 9701
3 9702 9661 9662
3 9701 9661 9702
3 9703 9662 9663
3 9702 9662 9703
3 9704 9663 9664
3 9703 9663 9704
3 9664 9665 9705
3 9706 9664 9705
3 9704 9664 9706
3 9706 9705 9667
3 9668 9706 9667
3 9707 9706 9668
3 9708 9668 9669
3 9707 9668 9708
3 9669 9670 9709
3 9710 9669 9709
3 9708 9669 9710
3 9712 9711 9710
3 9712 9710 9709
3 9711 9712 9673
3 9674 9711 9673
3 9713 9711 9674
3 9714 9674 9675
3 9713 9674 9714
3 9715 9675 9676
3 9714 9675 9715
3 9676 9677 9716
3 9717 9676 9716
3 9715 9676 9717
3 9717 9716 9679
3 9680 9717 9679
3 9718 9717 9680
3 9681 9720 9719
3 9718 9681 9719
3 9680 9681 9718
3 9723 9722 9721
3 9682 9720 9681
3 9722 9723 9684
3 9685 9722 9684
3 9724 9722 9685
3 9725 9685 9686
3 9724 9685 9725
3 9726 9686 9687
3 9725 9686 9726
3 9687 9688 9727
3 9728 9687 9727
3 9726 9687 9728
3 9728 9727 9690
3 9691 9728 9690
3 9729 9728 9691
3 9692 9731 9730
3 9729 9692 9730
3 9691 9692 9729
3 9734 9733 9732
3 9693 9731 9692
3 9733 9734 9695
3 9696 9733 9695
3 9735 9733 9696
3 9697 9737 9736
3 9735 9697 9736
3 9696 9697 9735
3 9739 9738 9737
3 9697 9739 9737
3 9698 9739 9697
3 9740 9698 9699
3 9739 9698 9740
3 9297 9740 9292
3 9292 9740 9699
3 9741 9301 9700
3 9700 9301 9296
3 9742 9700 9701
3 9741 9700 9742
3 9743 9701 9702
3 9742 9701 9743
3 9744 9702 9703
3 9743 9702 9744
3 9745 9703 9704
3 9744 9703 9745
3 9746 9704 9706
3 9745 9704 9746
3 9747 9706 9707
3 9746 9706 9747
3 9748 9707 9708
3 9747 9707 9748
3 9749 9708 9710
3 9748 9708 9749
3 9750 9710 9711
3 9749 9710 9750
3 9751 9711 9713
3 9750 9711 9751
3 9752 9713 9714
3 9751 9713 9752
3 9753 9714 9715
3 9752 9714 9753
3 9754 9715 9717
3 9753 9715 9754
3 9755 9717 9718
3 9754 9717 9755
3 9718 9719 9756
3 9757 9718 9756
3 9755 9718 9757
3 9757 9756 9721
3 9722 9757 9721
3 9758 9757 9722
3 9759 9722 9724
3 9758 9722 9759
3 9760 9724 9725
3 9759 9724 9760
3 9761 9725 9726
3 9760 9725 9761
3 9762 9726 9728
3 9761 9726 9762
3 9763 9728 9729
3 9762 9728 9763
3 9729 9730 9764
3 9765 9729 9764
3 9763 9729 9765
3 9765 9764 9732
3 9733 9765 9732
3 9766 9765 9733
3 9767 9733 9735
3 9766 9733 9767
3 9735 9736 9768
3 9769 9735 9768
3 9767 9735 9769
3 9769 9768 9738
3 9739 9769 9738
3 9770 9769 9739
3 9771 9739 9740
3 9770 9739 9771
3 9302 9771 9297
3 9297 9771 9740
3 9772 9306 9741
3 9741 9306 9301
3 9773 9741 9742
3 9772 9741 9773
3 9774 9742 9743
3 9773 9742 9774
3 9775 9743 9744
3 9774 9743 9775
3 9776 9744 9745
3 9775 9744 9776
3 9777 9745 9746
3 9776 9745 9777
3 9778 9746 9747
3 9777 9746 9778
3 9779 9747 9748
3 9778 9747 9779
3 9780 9748 9749
3 9779 9748 9780
3 9781 9749 9750
3 9780 9749 9781
3 9782 9750 9751
3 9781 9750 9782
3 9783 9751 9752
3 9782 9751 9783
3 9784 9752 9753
3 9783 9752 9784
3 9785 9753 9754
3 9784 9753 9785
3 9786 9754 9755
3 9785 9754 9786
3 9787 9755 9757
3 9786 9755 9787
3 9788 9757 9758
3 9787 9757 9788
3 9789 9758 9759
3 9788 9758 9789
3 9790 9759 9760
3 9789 9759 9790
3 9791 9760 9761
3 9790 9760 9791
3 9792 9761 9762
3 9791 9761 9792
3 9793 9762 9763
3 9792 9762 9793
3 9794 9763 9765
3 9793 9763 9794
3 9795 9765 9766
3 9794 9765 9795
3 9796 9766 9767
3 9795 9766 9796
3 9797 9767 9769
3 9796 9767 9797
3 9798 9769 9770
3 9797 9769 9798
3 9309 9798 9308
3 9798 9771 9308
3 9798 9770 9771
3 9308 9771 9302
3 9799 9313 9772
3 9772 9313 9306
3 9800 9772 9773
3 9799 9772 9800
3 9801 9773 9774
3 9800 9773 9801
3 9802 9774 9775
3 9801 9774 9802
3 9803 9775 9776
3 9802 9775 9803
3 9804 9776 9777
3 9803 9776 9804
3 9805 9777 9778
3 9804 9777 9805
3 9806 9778 9779
3 9805 9778 9806
3 9807 9779 9780
3 9806 9779 9807
3 9808 9780 9781
3 9807 9780 9808
3 9809 9781 9782
3 9808 9781 9809
3 9810 9782 9783
3 9809 9782 9810
3 9316 9810 9315
3 9810 9784 9315
3 9810 9783 9784
3 9315 9784 9317
3 9784 9811 9317
3 9784 9785 9811
3 9812 9785 9786
3 9811 9785 9812
3 9813 9786 9787
3 9812 9786 9813
3 9814 9787 9788
3 9813 9787 9814
3 9815 9788 9789
3 9814 9788 9815
3 9816 9789 9790
3 9815 9789 9816
3 9320 9816 9319
3 9816 9791 9319
3 9816 9790 9791
3 9319 9791 9321
3 9791 9817 9321
3 9791 9792 9817
3 9818 9792 9793
3 9817 9792 9818
3 9819 9793 9794
3 9818 9793 9819
3 9820 9794 9795
3 9819 9794 9820
3 9821 9795 9796
3 9820 9795 9821
3 9822 9796 9797
3 9821 9796 9822
3 9823 9797 9798
3 9822 9797 9823
3 9322 9823 9309
3 9309 9823 9798
3 9799 9326 9313
3 9326 9799 9329
3 9329 9799 9800
3 9329 9800 9330
3 9800 9824 9330
3 9800 9801 9824
3 9333 9824 9332
3 9824 9802 9332
3 9824 9801 9802
3 9332 9802 9335
3 9335 9802 9803
3 9335 9803 9337
3 9337 9803 9804
3 9337 9804 9338
3 9804 9825 9338
3 9804 9805 9825
3 9341 9825 9340
3 9825 9806 9340
3 9825 9805 9806
3 9340 9806 9343
3 9343 9806 9807
3 9343 9807 9344
3 9807 9826 9344
3 9807 9808 9826
3 9827 9808 9809
3 9826 9808 9827
3 9347 9827 9346
3 9827 9810 9346
3 9827 9809 9810
3 9346 9810 9316
3 9828 9349 9811
3 9811 9349 9317
3 9352 9828 9351
3 9828 9812 9351
3 9828 9811 9812
3 9351 9812 9354
3 9354 9812 9813
3 9354 9813 9355
3 9813 9829 9355
3 9813 9814 9829
3 9830 9814 9815
3 9829 9814 9830
3 9358 9830 9357
3 9830 9816 9357
3 9830 9815 9816
3 9357 9816 9320
3 9831 9360 9817
3 9817 9360 9321
3 9363 9831 9362
3 9831 9818 9362
3 9831 9817 9818
3 9362 9818 9365
3 9365 9818 9819
3 9365 9819 9366
3 9819 9832 9366
3 9819 9820 9832
3 9369 9832 9368
3 9832 9821 9368
3 9832 9820 9821
3 9368 9821 9371
3 9371 9821 9822
3 9371 9822 9372
3 9822 9833 9372
3 9822 9823 9833
3 9373 9833 9322
3 9322 9833 9823
3 9824 9379 9330
3 9379 9824 9333
3 9825 9384 9338
3 9384 9825 9341
3 9826 9388 9344
3 9388 9826 9391
3 9391 9826 9827
3 9391 9827 9347
3 9828 9394 9349
3 9394 9828 9352
3 9829 9398 9355
3 9398 9829 9401
3 9401 9829 9830
3 9401 9830 9358
3 9831 9404 9360
3 9404 9831 9363
3 9832 9408 9366
3 9408 9832 9369
3 9833 9412 9372
3 9412 9833 9373
3 9834 9665 9666
3 9667 9834 9666
3 9835 9670 9671
3 9672 9836 9671
3 9671 9836 9835
3 9673 9836 9672
3 9837 9677 9678
3 9679 9837 9678
3 9838 9682 9683
3 9684 9838 9683
3 9839 9688 9689
3 9690 9839 9689
3 9840 9693 9694
3 9695 9840 9694
3 9834 9705 9665
3 9705 9834 9667
3 9835 9709 9670
3 9709 9835 9712
3 9712 9835 9836
3 9712 9836 9673
3 9837 9716 9677
3 9716 9837 9679
3 9841 9719 9720
3 9720 9682 9841
3 9682 9838 9841
3 9723 9721 9841
3 9723 9841 9838
3 9723 9838 9684
3 9839 9727 9688
3 9727 9839 9690
3 9842 9730 9731
3 9731 9693 9842
3 9693 9840 9842
3 9734 9732 9842
3 9734 9842 9840
3 9734 9840 9695
3 9843 9736 9737
3 9738 9843 9737
3 9841 9756 9719
3 9756 9841 9721
3 9842 9764 9730
3 9764 9842 9732
3 9843 9768 9736
3 9768 9843 9738
