ply
format ascii 1.0
comment VisionMCP oriented point archive (not a trained radiance field)
element vertex 2200
property float x
property float y
property float z
property uchar red
property uchar green
property uchar blue
end_header
-0.0514712685 0.0566464258 0.00515476587 178 178 178
0.0700684011 0.154938305 0.0188840319 178 178 178
0.121603796 0.0958179706 0.00402460197 178 178 178
-0.0729927581 -0.10758538 0.00518876514 178 178 178
-0.17269852 -0.0723335413 -0.013520873 178 178 178
-0.160383864 0.163127408 -0.00530655243 178 178 178
-0.164097872 -0.197444091 -0.020940253 178 178 178
0.13608687 0.12512587 0.0133127786 178 178 178
-0.0647581572 0.121106152 -0.00075924629 178 178 178
0.151700064 -0.0255796951 0.0129166449 178 178 178
-0.15638791 -0.068831442 -0.0249404076 178 178 178
0.0426450507 -0.0898667521 0.00191148113 178 178 178
-0.174766295 -0.0783101837 -0.0158987206 178 178 178
-0.0488236376 -0.0100500678 -0.00922327774 178 178 178
0.0854251185 -0.00741315038 0.00722356545 178 178 178
0.104068685 0.0238984456 0.0223542198 178 178 178
0.159503745 0.18739298 0.014538018 178 178 178
-0.125180991 0.120227673 -0.0102748029 178 178 178
-0.0662007187 0.0546584638 0.00138058925 178 178 178
0.079213943 0.199315942 0.00769693102 178 178 178
-0.131537084 -0.112281365 8.61859376e-05 178 178 178
0.106534392 -0.14260188 0.0102080281 178 178 178
-0.144489468 0.0478556282 -0.0158621379 178 178 178
-0.18349609 -0.177061683 -0.01033909 178 178 178
0.129823254 -0.182728364 0.00773663153 178 178 178
0.15926696 0.00374118892 0.0253814242 178 178 178
0.138689333 -0.0258102501 0.0182736475 178 178 178
-0.13661294 0.178042141 -0.00807321278 178 178 178
-0.0209971512 0.0579900883 -0.00892910586 178 178 178
0.159902808 -0.00774956247 0.0129872744 178 178 178
0.00987318186 0.00163056958 -0.00855588868 178 178 178
0.15648312 -0.106095292 0.0133987394 178 178 178
-0.106119051 -0.190524371 -0.00906782182 178 178 178
0.0125774867 -0.127750443 -0.0142588968 178 178 178
0.148248149 0.0696530207 0.0279818334 178 178 178
0.112631023 -0.128461038 0.0182589395 178 178 178
0.0450432424 -0.0599930667 0.0118419035 178 178 178
-0.150384042 -0.193094202 0.00324069408 178 178 178
-0.154563877 0.145881874 -0.00934942297 178 178 178
0.0545420562 -0.144640312 0.00565848415 178 178 178
-0.0660037467 -0.082234461 -0.0156397275 178 178 178
-0.0874785845 0.153115067 -0.00571978801 178 178 178
0.127258093 -0.00588510197 0.00564028942 178 178 178
0.0059360663 0.136620047 -0.00396186168 178 178 178
0.0793324463 0.0583838198 0.00853945803 178 178 178
0.194804041 0.0825080757 0.0185794459 178 178 178
-0.136110752 -0.148085271 -0.0112851048 178 178 178
0.00749149077 0.0237897951 0.0114604943 178 178 178
0.108810601 -0.00101675485 0.0179714971 178 178 178
-0.168242566 0.156022189 -0.00672661217 178 178 178
-0.0189977619 -0.051753032 -0.00434849363 178 178 178
0.147328785 0.0369196788 0.0253712986 178 178 178
-0.0469007398 -0.177312101 0.00086237526 178 178 178
-0.166156448 -0.0345314792 -0.0234849621 178 178 178
0.0317146183 -0.0689176036 0.00699156799 178 178 178
0.00714452511 -0.13058867 -0.0147864726 178 178 178
0.0963429257 0.118690806 0.000831765261 178 178 178
0.134338612 -0.0482043356 0.0179294606 178 178 178
-0.0258455268 0.188389111 0.0155936696 178 178 178
0.0487327415 0.0336634161 0.0139880221 178 178 178
-0.184797267 0.0477569445 -0.0165288568 178 178 178
0.064734262 0.0479493833 0.00192900104 178 178 178
0.0161654574 0.0716284495 0.00960967029 178 178 178
0.016309302 -0.145350968 0.00417928593 178 178 178
-0.0999570071 -0.0100504066 -0.0221976977 178 178 178
0.064540352 -0.108051977 0.0112015675 178 178 178
-0.0537465663 -0.0333886526 -0.00685841143 178 178 178
-0.0795594015 -0.151410342 -0.0107054733 178 178 178
-0.0876709011 0.197022656 0.00185705967 178 178 178
-0.162589216 -0.0984583196 -0.0267650703 178 178 178
-0.0096340531 0.0781840768 0.00437296958 178 178 178
-0.179947164 -0.0777592731 -0.00775167797 178 178 178
-0.164547059 0.162006328 -0.00350400203 178 178 178
-0.0980328828 0.0616247084 -0.0142633196 178 178 178
-0.168610609 -0.132783122 -0.0215613943 178 178 178
-0.0113913408 0.138046827 -0.00271291883 178 178 178
0.0815797995 0.169890849 0.014264003 178 178 178
0.135473415 0.148804545 0.0173755402 178 178 178
-0.132537538 0.0353937084 -0.0147501412 178 178 178
-0.0555523048 -0.134223347 0.00351139509 178 178 178
0.0176089987 -0.128758487 -0.0119961486 178 178 178
-0.0600969107 0.166893682 -0.019850681 178 178 178
0.08518613 0.0213979493 0.0225471573 178 178 178
-0.112240847 -0.125205122 -0.00865836491 178 178 178
-0.0458245111 0.148855778 0.0048532191 178 178 178
0.123195024 0.0458447271 0.0155091968 178 178 178
-0.132198293 0.0349174639 -0.0153783254 178 178 178
0.118419494 -0.0606900898 0.0213718535 178 178 178
0.0105817601 -0.0312550554 0.00600396722 178 178 178
0.0610441548 -0.107550331 0.013475731 178 178 178
0.163189216 -0.194956427 0.0093592399 178 178 178
-0.117420518 0.157909145 0.000819150015 178 178 178
0.156251228 -0.023988401 0.00942846854 178 178 178
0.026973758 0.0257608825 0.00642231393 178 178 178
0.0200172719 -0.0638986111 -0.00207914732 178 178 178
-0.120348694 0.0957117437 -0.0139587965 178 178 178
0.0421711622 -0.198901769 0.000328528796 178 178 178
0.0715900355 -0.0559524746 0.00545802184 178 178 178
0.0771054987 -0.183116411 0.00382786326 178 178 178
0.157305796 -0.155923639 0.00897352883 178 178 178
-0.0783973951 0.193499227 0.0108824266 178 178 178
-0.126087546 0.0633424386 -0.0198511369 178 178 178
0.170788354 -0.0285726773 0.0078058578 178 178 178
-0.155829293 0.0126217377 -0.00169080076 178 178 178
-0.153894301 0.157855549 -0.0114739297 178 178 178
-0.151345872 -0.0509815465 -0.00875638566 178 178 178
0.0455991845 0.0298100804 0.0181969992 178 178 178
0.0841476734 0.0690921693 0.0117509438 178 178 178
-0.0734616825 -0.0552605838 -0.0207962275 178 178 178
0.192851634 0.00626133033 0.0196025918 178 178 178
-0.00340425227 0.103832406 -0.000554386057 178 178 178
0.19488568 0.148813761 0.0166337815 178 178 178
0.0186636677 -0.138606147 -0.00121818342 178 178 178
-0.0198163422 0.173668148 -0.00339040499 178 178 178
-0.157481566 -0.18318181 -0.0108626437 178 178 178
-0.100654148 0.0964715144 -0.00460494115 178 178 178
0.0748959534 0.120786467 0.0105084477 178 178 178
-0.115838691 -0.138396788 -0.00484891777 178 178 178
0.0927636618 -0.0277187136 0.0133275519 178 178 178
0.104574765 0.121748514 0.0121679305 178 178 178
-0.0733852605 -0.199204587 0.00305322241 178 178 178
-0.0141990649 0.04660363 -0.00504890887 178 178 178
-0.10587273 0.118324765 -0.00509409125 178 178 178
0.132083574 -0.00620973518 0.0013984245 178 178 178
0.077547856 0.092882851 0.018045981 178 178 178
-0.0471031 -0.109764145 -0.00553519662 178 178 178
0.0685496677 -0.119239797 0.0029025267 178 178 178
-0.00671900662 -0.0544454827 0.00644055964 178 178 178
-0.128310708 -0.115260946 0.00019894496 178 178 178
-0.146350924 -0.0481726594 -0.00769018451 178 178 178
0.120304109 0.167309162 0.00945714799 178 178 178
-0.104959108 0.0433234135 -0.0087288884 178 178 178
-0.183041786 -0.0539016308 -0.0204350518 178 178 178
-0.0267324927 -0.084331126 -0.00124607268 178 178 178
0.160042325 0.181029609 0.0165994162 178 178 178
-0.0481895985 -0.0154474555 -0.00765605 178 178 178
0.0182284125 0.189408336 0.00276743818 178 178 178
0.159410324 0.00534407843 0.0250296566 178 178 178
-0.19535887 0.0154614834 -0.0125972214 178 178 178
0.0525455871 0.161484769 0.0124991096 178 178 178
-0.195529812 0.0998095183 -0.0177148973 178 178 178
-0.0423757392 0.0281140165 0.00244638957 178 178 178
0.153471098 -0.0287672711 0.0137190342 178 178 178
-0.102862348 0.157301712 -0.0148031227 178 178 178
0.040608966 -0.0377184042 -0.00855572643 178 178 178
-0.0802931131 0.179749331 0.000584797275 178 178 178
0.0199473345 -0.166713922 0.0010401212 178 178 178
0.196082616 -0.0298304706 0.0181345463 178 178 178
-0.183996812 0.0103380893 -0.0278018233 178 178 178
0.161942747 0.174990575 0.0110499471 178 178 178
0.199355722 -0.106657333 0.0166721424 178 178 178
0.0251655917 0.126771673 -0.00596090427 178 178 178
0.0103854332 0.0644877004 0.00908639843 178 178 178
-0.0170896231 0.0844299334 0.00845910796 178 178 178
0.00214885627 0.0473016419 0.00281143675 178 178 178
-0.074656195 0.191342509 0.00210162897 178 178 178
0.115251955 -0.0709463567 0.0144629732 178 178 178
-0.10291371 -0.0272243829 -0.0273159893 178 178 178
0.114443785 -0.127684893 0.0195311522 178 178 178
-0.123018264 -0.176352023 -0.0142730106 178 178 178
-0.181535554 -0.0978796664 -0.0280078884 178 178 178
-0.159878164 0.173435788 -0.00484078928 178 178 178
-0.0700137774 0.139274513 -0.00156085015 178 178 178
0.0605843718 -0.150811337 -0.000565529098 178 178 178
0.191003601 0.0412747746 0.0177244566 178 178 178
-0.136176962 0.00259576496 -0.0129903436 178 178 178
0.102070527 0.0309829683 0.0218183775 178 178 178
-0.124734236 0.0698903827 -0.0155124029 178 178 178
-0.095816752 -0.063613003 -0.00346957952 178 178 178
-0.132357814 0.191082211 -0.00946043611 178 178 178
0.135032106 -0.0228072178 0.0196463581 178 178 178
-0.0114654017 0.0564175225 -0.0110471526 178 178 178
0.0541428414 0.0496656008 0.00453649845 178 178 178
-0.0635048363 -0.11645533 -0.0131547714 178 178 178
-0.0340252252 -0.178843003 -0.00245192318 178 178 178
0.0323614592 -0.0411017247 0.00327831548 178 178 178
-0.00625467334 0.0972149201 0.00303260626 178 178 178
0.105109042 0.116873115 0.00342474456 178 178 178
0.100371341 0.094392128 0.000390572646 178 178 178
0.0511744801 -0.148799126 0.00876174301 178 178 178
-0.168234046 0.175889024 -0.00373118957 178 178 178
-0.0408580984 0.128083552 -0.0167009171 178 178 178
-0.127116056 0.155498564 -0.00227640549 178 178 178
-0.1548661 0.0181609583 -0.00526294119 178 178 178
-0.161607673 0.181709202 -0.00520773258 178 178 178
-0.147945802 -0.167805946 -0.0141908431 178 178 178
0.072220069 -0.188423936 0.00863029244 178 178 178
-0.010767057 -0.199763487 0.00399879483 178 178 178
-0.183197383 -0.0849889421 -0.0143395203 178 178 178
0.159409632 -0.0956782608 0.0102504386 178 178 178
-0.0340202662 -0.122178394 -0.00218999646 178 178 178
-0.151152238 0.0315971703 -0.0077934133 178 178 178
0.176077973 -0.191920982 0.00673691993 178 178 178
0.0524204074 0.0379473109 0.00916253363 178 178 178
0.177037321 -0.140385569 0.0196411715 178 178 178
0.0269991095 0.0700477478 -0.0020487388 178 178 178
-0.0257558068 -0.197598677 -0.00333839576 178 178 178
-0.0630344721 -0.0726812501 -0.0168103673 178 178 178
0.0405955944 0.172207714 -0.00221378624 178 178 178
-0.0101418987 0.017232792 -0.0171947095 178 178 178
0.0676789701 0.115389529 0.011530935 178 178 178
-0.121967593 0.0649672497 -0.0135374896 178 178 178
-0.164741429 0.0569059922 -0.0250789404 178 178 178
0.00813556149 -0.115626426 0.0054936712 178 178 178
-0.0837068084 0.0298442474 -0.00617662504 178 178 178
0.17301109 -0.194669695 0.00586923625 178 178 178
-0.0427868102 0.126454987 -0.0175270887 178 178 178
-0.148199624 0.188771209 -0.0138043837 178 178 178
0.0459332663 0.14663836 0.00919693 178 178 178
-0.113945509 -0.169460861 -0.00869241728 178 178 178
0.193751651 -0.0683798897 0.0190116563 178 178 178
0.000211255044 -0.0775094517 0.00186233022 178 178 178
0.0597052258 -0.150240632 -0.000701865421 178 178 178
-0.0280392572 0.0586244727 -0.00581405899 178 178 178
-0.0660868368 0.129090453 0.00299239094 178 178 178
-0.0568780978 -0.0673829334 -0.0156278718 178 178 178
0.121508474 0.139738041 0.0213864948 178 178 178
-0.0697355897 0.118178548 -0.00605188949 178 178 178
-0.195270468 -0.131598776 -0.0169774259 178 178 178
0.012937969 0.112328089 0.00208691379 178 178 178
-0.0677227685 0.156855774 -0.00896273365 178 178 178
0.0771333772 -0.125662478 0.00545487747 178 178 178
-0.103548417 0.0368273051 -0.00812617124 178 178 178
0.0899001723 0.0529872143 0.0172733384 178 178 178
-0.152127832 0.0438147427 -0.0105289693 178 178 178
-0.0874708429 -0.163310193 -0.0159726527 178 178 178
-0.104049475 0.0630001668 -0.00319599168 178 178 178
0.0176762216 0.0504394848 -0.00380783854 178 178 178
0.174086455 0.116964404 0.0220469156 178 178 178
-0.02406136 0.125530396 -0.00799212068 178 178 178
0.0627005475 -0.0727474741 0.00726852623 178 178 178
0.0414502756 0.0912105369 0.0107341906 178 178 178
0.166772685 0.137705891 0.0189288547 178 178 178
0.0100854298 0.159414061 0.00326014828 178 178 178
0.126976316 -0.143978905 0.00868875001 178 178 178
0.049939399 -0.19770333 0.00396928174 178 178 178
-0.195866249 0.0719944549 -0.0212414324 178 178 178
-0.159773844 -0.0999923288 -0.0250011339 178 178 178
-0.187098647 0.0361211206 -0.0150143913 178 178 178
0.0814056499 0.181647563 0.0180731225 178 178 178
0.141144386 -0.0454607445 0.0258735235 178 178 178
-0.193952684 -0.0949206029 -0.0287027408 178 178 178
0.0649761747 -0.010211986 0.0146613458 178 178 178
-0.143792227 0.073764881 -0.0090250494 178 178 178
-0.0679047139 -0.150895535 -0.00241743539 178 178 178
0.154782093 -0.060473423 0.0175732369 178 178 178
-0.153545756 -0.135878112 -0.0273802486 178 178 178
-0.10210568 0.0754192993 -0.0103709618 178 178 178
-0.132295616 0.134682682 -0.018695863 178 178 178
0.12865513 -0.0576323191 0.0158766183 178 178 178
0.051172422 -0.0527656769 0.00871623941 178 178 178
-0.0129206312 0.0245658796 -0.0171093745 178 178 178
-0.156693624 -0.0999314585 -0.0225973857 178 178 178
0.162047536 -0.111731369 0.0148133629 178 178 178
0.111700799 -0.0749456256 0.0109456712 178 178 178
0.0670924335 -0.0150128051 0.00728528643 178 178 178
0.164503954 -0.168464551 0.0127886602 178 178 178
-0.0967173593 0.109881038 0.000551229782 178 178 178
-0.0515703041 0.0417173272 -0.00630293951 178 178 178
-0.171888801 -0.0769110438 -0.0188401584 178 178 178
0.104889243 -0.169969073 0.00240588625 178 178 178
-0.0237338309 0.102888268 -0.00193894239 178 178 178
-0.173626706 -0.132670943 -0.0140493184 178 178 178
-0.148801855 -0.138463921 -0.019393791 178 178 178
-0.175633841 -0.142686868 -0.018638895 178 178 178
0.162834563 -0.172721115 0.013022713 178 178 178
0.14986256 0.162315982 0.0146470069 178 178 178
-0.057830668 -0.092328597 0.00914844174 178 178 178
-0.0963902113 -0.0733165635 -0.0161501201 178 178 178
-0.118396429 0.130845187 -0.0107626384 178 178 178
-0.0866291334 0.0481804236 -0.00101238422 178 178 178
-0.0597053539 -0.127413169 5.59887125e-05 178 178 178
-0.153744981 -0.0107092233 -0.0153647319 178 178 178
-0.0507617495 0.148386991 0.00276321951 178 178 178
0.10811452 -0.0550889311 0.0168833598 178 178 178
-0.0879775188 0.0795479153 -0.0149095644 178 178 178
-0.0821025958 -0.162581481 -0.0237100535 178 178 178
0.0892220187 0.0824406394 0.0121499652 178 178 178
0.113901474 0.111271467 -0.00144324414 178 178 178
0.191693871 0.127239843 0.0150558641 178 178 178
-0.00439978963 0.0756442843 0.00457237946 178 178 178
0.0489476104 -0.0521539114 0.00391084949 178 178 178
-0.0234733123 -0.178214108 -0.0148667766 178 178 178
0.196637083 0.00761846035 0.0230828034 178 178 178
-0.0645437363 0.112474611 -0.00435310492 178 178 178
0.0052554066 -0.119683582 0.00177306168 178 178 178
-0.0615637645 -0.0884848811 -0.00286270494 178 178 178
-0.0504233379 0.0233115354 0.000513179873 178 178 178
-0.13428964 0.109013464 -0.00913712631 178 178 178
0.0448499731 0.159084193 0.00239392799 178 178 178
0.192979672 -0.162476068 0.0025966475 178 178 178
-0.0660910866 -0.125149882 -0.00803950704 178 178 178
-0.0573173986 0.121245799 -0.00243827924 178 178 178
0.159199496 0.0453679825 0.0241886439 178 178 178
0.015792438 0.0906519942 0.0145327979 178 178 178
0.168289912 0.18348138 0.0141563221 178 178 178
0.0281566089 0.176128242 0.00695288114 178 178 178
-0.0342027109 0.13131179 -0.0141007324 178 178 178
0.113162239 0.109501629 -0.00158408875 178 178 178
-0.114765423 -0.0397872328 -0.00656204854 178 178 178
0.104770176 0.0571106621 0.0168734384 178 178 178
-0.0651614297 -0.11626385 -0.0129207177 178 178 178
-0.0596820501 0.109278589 -0.00511113284 178 178 178
-0.0520660278 0.102942457 -0.0143570551 178 178 178
0.0186425765 0.088929213 0.0145957447 178 178 178
-0.0533301956 -0.0101077706 -0.00951540064 178 178 178
0.14735022 -0.0542628456 0.0217984175 178 178 178
0.103055265 -0.0389914861 0.010336857 178 178 178
0.0968399038 -0.198211497 0.00886168534 178 178 178
-0.0427324187 0.14748767 0.00570924553 178 178 178
0.0039136191 0.024820014 0.00589810546 178 178 178
-0.169052468 -0.0323594312 -0.028833065 178 178 178
0.0591971299 0.012902933 0.0185559687 178 178 178
0.0394936108 0.0869679966 0.00832944002 178 178 178
0.157292016 -0.0443266748 0.0204779741 178 178 178
-0.139246945 0.134946335 -0.0102924969 178 178 178
-0.124894979 0.176807511 -0.00105217743 178 178 178
-0.168367163 -0.0345633796 -0.0243217746 178 178 178
-0.122908094 -0.13975025 -0.0106914014 178 178 178
-0.0287744466 0.0965262536 0.000244058775 178 178 178
0.113302872 0.191516947 0.0041001364 178 178 178
-0.0151409729 -0.133171688 -0.00110372668 178 178 178
-0.0626646792 0.0838251995 -0.00813583192 178 178 178
0.193935458 0.115758798 0.00989072501 178 178 178
-0.0957383759 0.17639055 -0.0091709616 178 178 178
0.148048437 -0.151398493 0.0142740795 178 178 178
-0.138790785 -0.150090129 -0.0112838883 178 178 178
0.0807566942 0.183410684 0.0192650251 178 178 178
0.0820606658 -0.159376097 0.013022597 178 178 178
-0.133554171 -0.115765274 -0.00318565194 178 178 178
-0.0787627596 0.0276045183 -0.00121381317 178 178 178
-0.0303560755 -0.0123024536 -0.00161271351 178 178 178
-0.113818634 0.101034336 -0.00719803426 178 178 178
-0.0044650439 -0.126270287 -0.000713763618 178 178 178
-0.148795269 0.167537003 -0.0110318471 178 178 178
-0.140477889 -0.0967539014 -0.0115187413 178 178 178
0.0572697723 0.0985093283 0.00699573314 178 178 178
0.00228238957 -0.171211443 -0.000306981702 178 178 178
-0.185398056 0.00352626289 -0.0271007264 178 178 178
0.104241386 -0.198907015 0.00327780588 178 178 178
-0.0485794736 -0.0640505017 -0.0168311696 178 178 178
-0.0463787452 -0.0664187995 -0.0140768125 178 178 178
0.000968413519 0.0910396609 0.00944212018 178 178 178
0.0505832279 -0.0172178208 0.0110507283 178 178 178
-0.077462587 -0.181855764 0.00289955861 178 178 178
0.155521189 0.184104105 0.0180174752 178 178 178
-0.0234135325 0.163706315 -0.00670269953 178 178 178
-0.139813349 0.167675407 -0.0119406361 178 178 178
0.132494203 -0.108301965 0.0236137005 178 178 178
-0.121797856 -0.040792128 -0.00901890286 178 178 178
-0.052589208 -0.100512409 -0.00266586736 178 178 178
0.166119114 -0.151901128 0.0139471141 178 178 178
0.0971547897 -0.183711976 -0.00139216273 178 178 178
0.0769483537 -0.00588452841 -0.00305262577 178 178 178
0.1525431 -0.148100071 0.0157807237 178 178 178
-0.131472081 -0.128152426 -0.00462707217 178 178 178
0.103828709 0.142104563 0.00267021974 178 178 178
-0.0891014218 -0.00823171269 -0.0201429431 178 178 178
-0.061258431 -0.11941915 -0.00817433693 178 178 178
-0.035160158 0.0669125179 0.0107149401 178 178 178
-0.064543554 -0.0854146677 -0.0100462307 178 178 178
-0.145808195 0.0176393612 0.00339538923 178 178 178
0.0703823942 -0.0799341968 0.0036826777 178 178 178
0.173010056 -0.00731482898 0.0103929498 178 178 178
-0.0148055813 0.0435268436 -0.00301686972 178 178 178
-0.0563065435 0.0168473318 0.00102589494 178 178 178
-0.12935853 -0.027344925 -0.0147830299 178 178 178
-0.140280861 0.12673103 -0.0170690406 178 178 178
-0.15991082 0.161638999 -0.00653169786 178 178 178
-0.129622747 -0.120681729 -0.000853310236 178 178 178
-0.146821666 -0.14051984 -0.0140474917 178 178 178
0.0476684593 -0.149114344 0.0126218587 178 178 178
0.00651155084 0.191616503 -0.00206163097 178 178 178
0.0757738764 0.168672481 0.0202381357 178 178 178
-0.021722666 -0.0956770715 -0.013116381 178 178 178
-0.0652518419 0.188041621 -0.00537684669 178 178 178
0.167375918 -0.123085916 0.0100250021 178 178 178
0.0888055645 0.00488227696 0.00483864952 178 178 178
0.0354087085 7.32624521e-05 0.0188925637 178 178 178
-0.15276178 0.167260718 -0.00863318771 178 178 178
0.167683621 -0.188213322 0.0133394466 178 178 178
-0.0420467855 -0.0652054834 -0.0100578066 178 178 178
0.164519712 0.0286249326 0.0261975729 178 178 178
0.00695846164 -0.169067222 0.00376325287 178 178 178
0.0546838435 -0.105822989 0.0140526636 178 178 178
0.119276742 -0.010364095 0.0136937556 178 178 178
-0.0836174313 0.163959013 -0.0068828008 178 178 178
-0.0332023122 0.110952344 -0.00502411534 178 178 178
-0.172730754 0.14334879 -0.0128597327 178 178 178
-0.0342651935 0.112145012 -0.00787697603 178 178 178
-0.12613954 0.0904591174 -0.0111627761 178 178 178
0.0102313734 0.136095789 -0.00622781685 178 178 178
0.0635392272 0.0699418419 -0.000771892273 178 178 178
0.161928204 0.0831517254 0.00775315387 178 178 178
-0.154509002 -0.0746613379 -0.026451928 178 178 178
0.193917316 -0.139192234 0.0148952415 178 178 178
-0.0672313147 0.106393472 -0.00806411838 178 178 178
0.172838605 -0.146137077 0.0199231863 178 178 178
-0.127311612 0.170536175 -0.00784672542 178 178 178
0.116896382 0.0271509403 0.0231054295 178 178 178
0.109914183 -0.06436072 0.0182076507 178 178 178
0.0185966366 0.16538019 0.00393165266 178 178 178
0.0552332579 -0.137336176 0.00529039095 178 178 178
0.164644416 0.00421184777 0.0238687199 178 178 178
-0.138627533 -0.151450054 -0.0122724919 178 178 178
-0.0973849862 0.193263588 -0.00662226837 178 178 178
-0.0860805598 0.0412715572 -0.00709303009 178 178 178
-0.0199190112 0.130027494 -0.0102504021 178 178 178
0.0653651613 -0.0937399629 0.0219649989 178 178 178
-0.0425622902 0.123822465 -0.0178265833 178 178 178
-0.130878603 0.0860162368 -0.00846057797 178 178 178
0.132659287 0.0553303207 0.0191266884 178 178 178
0.137609203 0.1821487 0.0158735131 178 178 178
-0.177916165 -0.0186094767 -0.0282437426 178 178 178
0.0477469562 -0.0393515587 -0.013986619 178 178 178
0.161067817 0.0773267968 0.0018702085 178 178 178
-0.12941062 0.141587655 -0.00949650725 178 178 178
0.160224942 -0.0660939147 0.022382319 178 178 178
-0.0266502015 0.075157973 0.0111707707 178 178 178
0.185782609 -0.122288124 0.0126247023 178 178 178
0.0847219149 0.0258081747 0.0253698915 178 178 178
0.054429951 0.105820067 0.0104409078 178 178 178
-0.0211830338 -0.173958059 -0.0119507741 178 178 178
0.0866683414 0.0851917136 0.00998919047 178 178 178
-0.075438651 -0.187477671 5.25688279e-05 178 178 178
-0.170724363 0.192813594 -0.00470979145 178 178 178
0.15698228 -0.00971601595 0.0135870891 178 178 178
-0.00733364333 -0.0395583786 0.000669284409 178 178 178
0.0123426805 0.0785973686 0.0150038939 178 178 178
-0.158419532 0.00918569009 -0.00244625548 178 178 178
0.107732292 0.0917955551 0.00602305564 178 178 178
0.186676843 -0.167235878 0.00928987525 178 178 178
0.190377648 0.0207427382 0.0222254407 178 178 178
0.13168329 0.0223204441 0.0226852099 178 178 178
-0.012146187 0.166321756 0.00876900375 178 178 178
0.167633156 -0.199583513 0.0042225798 178 178 178
0.0347176084 -0.0188692248 -0.000117900042 178 178 178
0.00140687112 0.0608500594 -0.000619303494 178 178 178
0.0882633294 0.0108997724 0.0124250446 178 178 178
0.0951816972 -0.169393885 0.00757947603 178 178 178
0.0904630247 0.028947566 0.0252739637 178 178 178
-0.087447672 -0.105056771 -0.00926881555 178 178 178
0.0267066715 -0.129580087 -0.00776783815 178 178 178
-0.111896007 0.155937792 -0.00419667624 178 178 178
0.0707306507 -0.125705431 0.00266448557 178 178 178
0.0550051989 -0.0153057093 0.0155084034 178 178 178
-0.118805062 0.0990976086 -0.0135486144 178 178 178
-0.129470391 0.0911391809 -0.0176192693 178 178 178
0.104002208 0.0206710354 0.0187447259 178 178 178
0.0104354367 0.11619624 -0.00180237818 178 178 178
0.139420673 -0.0204026275 0.0192040835 178 178 178
-0.078594336 0.0529368342 -0.00553159936 178 178 178
0.113991324 0.115923035 0.000672154016 178 178 178
0.0306168585 0.0757699491 0.00279710903 178 178 178
0.125046913 0.0466928818 0.0164788478 178 178 178
-0.0114645743 -0.0433502542 -0.0039949916 178 178 178
0.157854424 0.0159510316 0.02208546 178 178 178
-0.102462789 -0.0371270138 -0.0143397803 178 178 178
-0.170106538 0.102695754 -0.0195730377 178 178 178
0.16441322 -0.0526471379 0.0169785675 178 178 178
0.131148145 -0.0161208386 0.00907747802 178 178 178
-0.092069673 0.100748266 -0.00702584901 178 178 178
0.0611688502 -0.0052940335 0.0220306288 178 178 178
0.17880426 -0.0619318509 0.0198021439 178 178 178
-0.190258763 0.137200126 -0.0110932889 178 178 178
0.148177749 -0.0548569569 0.0206366173 178 178 178
-0.0126559305 0.132506013 -0.00739362718 178 178 178
-0.196325492 0.12902925 -0.0116157976 178 178 178
-0.0126207927 -0.0224099877 0.00585385643 178 178 178
-0.0718868062 0.0850348144 -0.0141535032 178 178 178
0.124121242 -0.195223148 0.0063709367 178 178 178
-0.156239547 -0.0372029825 -0.0114449312 178 178 178
0.0972564109 0.132673607 0.00672948581 178 178 178
-0.0263879497 0.0423272176 -0.00964648796 178 178 178
0.142193357 0.0204809635 0.0153669217 178 178 178
-0.0909781349 0.067252953 -0.0171732997 178 178 178
0.0424468561 0.0664582521 0.00108293865 178 178 178
0.00856586262 0.0324889772 0.0103238454 178 178 178
0.106654242 -0.0277681675 0.00707367396 178 178 178
-0.0695020398 -0.13024762 -0.0070008037 178 178 178
0.155417603 -0.0940582997 0.00709053603 178 178 178
0.157131295 -0.0830496291 0.00911040721 178 178 178
-0.186715308 -0.0171531393 -0.0232638821 178 178 178
0.192758284 0.198908361 0.00657498504 178 178 178
-0.0785480852 -0.0485138887 -0.021196194 178 178 178
-0.00949318232 -0.0187444206 0.00645097946 178 178 178
0.0501843384 -0.0506978181 0.00303066857 178 178 178
-0.0127783547 0.0282027113 -0.0160052322 178 178 178
0.119164042 0.166614973 0.00894742004 178 178 178
-0.0248529493 0.16035358 -0.00822277215 178 178 178
0.11556426 -0.0562430205 0.0206381452 178 178 178
-0.0724589259 -0.0938331342 0.000820754175 178 178 178
-0.0547964718 0.149152102 0.00018421642 178 178 178
0.000852670653 -0.000325477552 -0.00258980242 178 178 178
0.0985150079 0.0705476288 0.0201722509 178 178 178
0.0754724663 -0.172467304 0.00840843022 178 178 178
0.170012907 0.134293295 0.0216608466 178 178 178
-0.0550716028 -0.0768617916 -0.0138448408 178 178 178
-0.00490601356 0.0053936725 -0.0115568032 178 178 178
0.0741156379 -0.116169789 0.00315655395 178 178 178
0.100564272 -0.0288195791 0.0115873407 178 178 178
-0.167850258 0.135190269 -0.0111968751 178 178 178
-0.195211635 0.14459481 -0.0103809208 178 178 178
-0.190001654 0.00423245911 -0.0214248136 178 178 178
0.0357678059 0.110626503 0.00335368066 178 178 178
0.0832266226 -0.02275873 0.00843098847 178 178 178
0.0862648615 -0.0533498149 0.00837818677 178 178 178
0.041062206 0.0137977941 0.0218074875 178 178 178
0.101992887 -0.122803346 0.00789699064 178 178 178
-0.0134169122 -0.0766821619 0.000513088146 178 178 178
-0.121561784 0.0842177714 0.000859643171 178 178 178
0.0722907013 0.105866421 0.0161283118 178 178 178
-0.0623768104 -0.182339206 -0.0135594457 178 178 178
0.144570394 0.0831363806 0.0280699276 178 178 178
0.124647383 0.115003863 0.00956634865 178 178 178
-0.0604568794 -0.016991291 -0.00996731422 178 178 178
-0.0278742924 -0.180544461 -0.0120720934 178 178 178
0.0923577264 0.0618366882 0.0201860745 178 178 178
0.133110661 -0.101508063 0.0216591914 178 178 178
0.146649526 0.0596762622 0.0208912047 178 178 178
0.127515515 -0.0496710519 0.0147329292 178 178 178
0.0780911475 0.0454519587 0.00568061268 178 178 178
-0.133650452 -0.0898703773 -0.012812648 178 178 178
-0.148719455 -0.000116293933 0.00208971201 178 178 178
-0.163910833 0.0215981862 -0.011906696 178 178 178
-0.00508101873 0.0581324472 -0.00634094726 178 178 178
0.12804781 -0.114472335 0.0253717896 178 178 178
-0.144965142 0.18783932 -0.0127023709 178 178 178
0.115694515 -0.0836758484 0.00782178688 178 178 178
-0.0995094825 -0.0709097374 -0.012522957 178 178 178
-0.181215592 -0.091471617 -0.0261278681 178 178 178
-0.00819209125 -0.167158559 -0.0177447786 178 178 178
0.145146079 -0.0290811148 0.0159546456 178 178 178
0.0636143112 0.112479875 0.0111010301 178 178 178
-0.108502549 0.0888686665 -0.00861715048 178 178 178
0.0343351772 -0.118522611 -0.00266040617 178 178 178
-0.113827275 -0.145174051 0.00171274764 178 178 178
0.0179832805 -0.0671047748 -0.00162695653 178 178 178
0.0317979088 0.111537889 0.0041149338 178 178 178
-0.0495798238 3.03146207e-05 -0.00999401837 178 178 178
-0.0942239578 0.175324689 -0.00982432345 178 178 178
-0.147038948 0.0700269446 -0.0127771499 178 178 178
-0.0899296249 0.0515139835 -1.20613335e-05 178 178 178
0.0375101566 0.0994729337 0.0102898917 178 178 178
-0.123443969 0.0970239715 -0.0193047931 178 178 178
-0.1493924 -0.0522619869 -0.0109771742 178 178 178
-0.148049871 -0.0794008042 -0.0253155222 178 178 178
-0.146510122 -0.0206582062 -0.0192362625 178 178 178
-0.039406346 -0.00691701229 -0.00663909934 178 178 178
-0.0947580326 -0.146762847 -0.0237476378 178 178 178
-0.0788620133 -0.0119362652 -0.0183003482 178 178 178
0.0787511848 0.0482029488 0.0065658153 178 178 178
-0.144499463 -0.133482952 -0.0205043228 178 178 178
-0.12364904 -0.138239761 -0.00968952233 178 178 178
-0.177887405 -0.122691828 -0.010459875 178 178 178
0.0644640958 -0.0870204813 0.0148979379 178 178 178
-0.133383328 0.195865396 -0.0113420426 178 178 178
0.0278528065 -0.197667919 0.00602955732 178 178 178
-0.0620877291 -0.123646687 -0.00524405743 178 178 178
0.16014236 -0.134721284 0.0105260196 178 178 178
-0.191584871 -0.000254272612 -0.0200163792 178 178 178
-0.0722546242 -0.192061892 -0.00391945505 178 178 178
0.0923331381 -0.0147023404 0.0257744627 178 178 178
0.144231368 -0.138508467 0.0132298265 178 178 178
-0.055737042 -0.085843174 0.000656798267 178 178 178
-0.124500506 0.123094683 -0.012159764 178 178 178
-0.0664214801 -0.12729837 -0.00645607093 178 178 178
-0.0964489288 0.0561908867 -0.0135749748 178 178 178
-0.0133270497 -0.0372549313 -0.00536071699 178 178 178
0.075693405 -0.0275382022 0.00138345992 178 178 178
0.100842677 0.126965776 0.0114920688 178 178 178
0.0957415083 -0.134787097 0.00728513904 178 178 178
-0.0843685736 0.177387079 -0.00396007618 178 178 178
0.0404348209 0.162132164 -0.00142762162 178 178 178
-0.0498898996 0.0730624447 0.00662242664 178 178 178
-0.13300796 -0.178049018 -0.0134500999 178 178 178
-0.112868901 0.0682902377 0.000463171868 178 178 178
0.148101439 0.0359604829 0.0244529238 178 178 178
0.0945120034 0.098652726 -0.00151721621 178 178 178
-0.154283995 -0.105167955 -0.0247584618 178 178 178
0.181185909 0.175000491 0.011648154 178 178 178
-0.02663511 0.154530218 -0.00850475143 178 178 178
0.0740968897 -0.154851492 0.0143225072 178 178 178
-0.0414501579 -0.0727102376 0.000210578604 178 178 178
0.110782929 -0.196593892 3.04779232e-05 178 178 178
-0.133634708 0.13739104 -0.0125092119 178 178 178
-0.155839171 0.17187133 -0.00689061863 178 178 178
0.111808112 0.192650143 0.00130016093 178 178 178
-0.135742929 0.0500390605 -0.0179064667 178 178 178
-0.0741087326 0.063931946 -6.94275126e-05 178 178 178
0.0300102185 0.0654038684 -0.00871857261 178 178 178
-0.139872498 0.0343972556 -0.00727683619 178 178 178
0.160961253 0.178798572 0.0155791743 178 178 178
-0.166906558 0.0532221747 -0.0199129969 178 178 178
0.15329927 -0.0758830178 0.0192515458 178 178 178
0.133032321 -0.00652460151 0.0019144271 178 178 178
-0.029756722 -0.186669431 -0.0147599479 178 178 178
0.0533604888 0.0893894599 0.00333398241 178 178 178
0.172396002 0.0724269872 0.0150868236 178 178 178
0.128798727 -0.0368688716 0.0149338843 178 178 178
0.0427591913 0.139545568 0.00515115131 178 178 178
-0.0941041501 0.112756236 0.000116686094 178 178 178
0.180568678 -0.0690504355 0.0177445751 178 178 178
0.0963429673 -0.181614997 -0.00290174288 178 178 178
-0.180334896 -0.141079109 -0.012105811 178 178 178
-0.0649332384 -0.126048991 -0.00603570261 178 178 178
-0.14026562 -0.0612628357 -0.025074194 178 178 178
-0.0211236773 -0.0255973344 0.00730566536 178 178 178
-0.0309984369 0.172255847 0.00584083351 178 178 178
0.0370376187 -0.0904115483 0.00217524403 178 178 178
0.0893536341 0.154985924 0.00614274164 178 178 178
0.069882179 0.0659768017 0.00674176383 178 178 178
0.0525276929 0.135617894 0.0059606772 178 178 178
-0.0349873818 -0.0372182527 -0.00189662473 178 178 178
-0.177768263 -0.194414139 -0.014465534 178 178 178
-0.179392989 0.12598885 -0.0162151785 178 178 178
0.142048575 -0.105799032 0.0132207359 178 178 178
-0.063576437 -0.137714259 0.00240850042 178 178 178
-0.0525162094 0.126955828 -0.00641805282 178 178 178
0.13001937 0.0623153302 0.0175689866 178 178 178
-0.181818734 -0.102908369 -0.0230988936 178 178 178
-0.0754333915 -0.0793146094 -0.0159342122 178 178 178
0.0263449584 0.17600517 0.00835077274 178 178 178
-0.046733447 -0.0891446845 0.00280818767 178 178 178
-0.163419302 0.093864451 -0.0254312135 178 178 178
-0.198592516 -0.136871226 -0.0196310741 178 178 178
0.107268703 0.119431506 0.00806969529 178 178 178
0.109469807 -0.152774413 0.00573437903 178 178 178
0.171005878 -0.00398001189 0.00868674247 178 178 178
0.12442339 -0.187317925 0.00456293862 178 178 178
0.0655113178 0.0140543567 0.0188886683 178 178 178
-0.000448615528 0.133794522 -0.00603348733 178 178 178
0.196336353 -0.175293406 0.000221254949 178 178 178
0.00845189322 -0.0844609591 0.0060979271 178 178 178
-0.00112148223 0.113037929 -0.00686349602 178 178 178
-0.173729137 0.0512572505 -0.0206015659 178 178 178
-0.0542171231 -0.0729341579 -0.017654768 178 178 178
-0.0148465444 0.0560022865 -0.0115273098 178 178 178
0.0511128956 -0.0145328611 0.0124347312 178 178 178
0.114244478 0.141147522 0.00999854775 178 178 178
0.151559257 -0.0804065307 0.0162275896 178 178 178
-0.0462185996 0.0958825449 0.00122906045 178 178 178
0.0565139251 0.0516484319 0.00265288647 178 178 178
0.177195525 0.0919709012 0.012752409 178 178 178
0.143700761 -0.0541917846 0.022160247 178 178 178
0.0751778058 0.092485451 0.0143093835 178 178 178
-0.184508212 0.0950126483 -0.00898334091 178 178 178
-0.165687499 -0.0295425509 -0.0328761676 178 178 178
0.0606903414 -0.191674567 0.00745758067 178 178 178
-0.114309381 0.198392111 -0.00280392519 178 178 178
-0.0552410682 0.0830988848 -0.00134794415 178 178 178
0.141364449 -0.118746675 0.0130621658 178 178 178
0.101136305 0.093636018 0.00146852113 178 178 178
0.0274050885 -0.0862169573 0.00611852402 178 178 178
0.157589854 -0.0125404439 0.0126232056 178 178 178
0.0968589931 0.134522331 0.00715282925 178 178 178
-0.0202347228 -0.0182389966 0.00810597741 178 178 178
0.124045735 -0.093393675 0.0152286982 178 178 178
-0.127357861 -0.073653213 -0.0249595045 178 178 178
0.103660905 -0.171279926 0.00193864026 178 178 178
-0.130121203 -0.104700884 -0.00104139209 178 178 178
-0.0273335967 -0.0918581106 -0.00788191272 178 178 178
-0.172788968 -0.126265828 -0.015189369 178 178 178
-0.0379606685 -0.17187774 0.00709696445 178 178 178
0.146009755 -0.0153219134 0.0188349364 178 178 178
-0.164826721 -0.100032877 -0.0289281504 178 178 178
0.169109588 0.0806504097 -0.000899195486 178 178 178
-0.0875399673 0.172198848 -0.00964459436 178 178 178
-0.012494211 -0.0938657268 -0.013979317 178 178 178
-0.105278216 0.0312228409 -0.0136073533 178 178 178
0.0854328494 -2.93982698e-05 -0.000368055705 178 178 178
0.0800275744 -0.1688824 0.0115180124 178 178 178
0.17016406 -0.152986652 0.018179297 178 178 178
-0.0530765688 0.156847818 -0.00529049967 178 178 178
-0.19805065 0.00430950579 -0.0108375708 178 178 178
0.00514926677 0.120312011 -0.0087280808 178 178 178
-0.0052447834 -0.180932952 -0.00545815273 178 178 178
0.10475311 0.0268257058 0.0241058368 178 178 178
0.157473332 0.139184204 0.0145432635 178 178 178
0.18152002 0.138812439 0.015810276 178 178 178
-0.16468382 -0.196060048 -0.0216127214 178 178 178
-0.17236207 0.00946671622 -0.0197054458 178 178 178
0.028544099 -0.0531986333 -0.00513531164 178 178 178
-0.028978246 0.10109653 0.000499993824 178 178 178
0.0765336593 -0.17420352 0.00787475651 178 178 178
-0.0940862881 -0.0914841627 -0.00504336312 178 178 178
0.0944198336 0.12638728 0.00693641206 178 178 178
0.179725955 -0.0126917103 0.0119064375 178 178 178
0.0328373066 -0.0179859151 0.000155436959 178 178 178
-0.0933151757 0.199252026 -0.00839553807 178 178 178
0.0181101536 -0.0771611553 0.00662708337 178 178 178
0.198051401 -0.199833071 0.00525077732 178 178 178
-0.143064565 -0.0420439436 -0.00427555554 178 178 178
0.0378315474 -0.144482645 0.0100015019 178 178 178
0.150656949 -0.170240613 0.00584099221 178 178 178
-0.157977481 0.0425544708 -0.00684607704 178 178 178
0.174949259 0.181123787 0.0132840218 178 178 178
-0.058178395 0.0389422277 -0.0113356174 178 178 178
0.165470851 0.0474263584 0.0208907565 178 178 178
0.0301775958 -0.0668569266 0.00242958655 178 178 178
-0.119780673 0.0330446603 -0.0216322926 178 178 178
-0.128034357 0.113004255 -0.0110247733 178 178 178
0.0578270768 0.0302877387 0.0157583431 178 178 178
-0.0150184324 0.124066382 -0.0051749291 178 178 178
0.0695229864 0.0192000014 0.0210176084 178 178 178
0.0754162389 -0.115197982 0.00333928132 178 178 178
-0.0251350532 0.0314692709 -0.0102724803 178 178 178
-0.0103671238 -0.00595449423 0.00501283013 178 178 178
0.179462351 -0.143047046 0.0244091114 178 178 178
-0.107456505 0.0549525436 -0.00869328942 178 178 178
0.108680435 0.127701062 0.0210955842 178 178 178
-0.136856951 -0.143177609 -0.00807334048 178 178 178
0.0129475508 0.0152762059 -0.00600791016 178 178 178
0.141664502 0.0792235012 0.0269936437 178 178 178
-0.059304687 -0.0395366545 -0.0135763478 178 178 178
-0.0580517253 -0.0905190909 0.00553793226 178 178 178
0.0723927733 -0.0590291964 0.00533624159 178 178 178
0.00710149758 0.0211442386 0.00669902574 178 178 178
0.117673767 0.0687182586 0.0138344683 178 178 178
0.159816763 0.0210032013 0.0232735015 178 178 178
-0.0240115707 -0.148010118 0.00171528568 178 178 178
0.128863367 0.119516698 0.0114427066 178 178 178
-0.0806533127 0.181733866 0.00187812618 178 178 178
-0.068100462 -0.150929315 -0.00265163149 178 178 178
0.175161157 -0.0996954737 0.015545033 178 178 178
-0.169925562 -0.11716892 -0.0240309985 178 178 178
0.0221807658 0.134897145 -0.00539589535 178 178 178
0.192467357 0.159685052 0.000731829078 178 178 178
-0.191786958 -0.172164849 -0.0202444629 178 178 178
0.115811301 -0.0697642096 0.0151889954 178 178 178
0.0131399936 -0.129731025 -0.0139419173 178 178 178
0.17578371 -0.0258600429 0.0117136044 178 178 178
-0.100508215 0.180477209 0.00121821892 178 178 178
0.0390161516 -0.17878865 -0.00246429712 178 178 178
-0.194119584 -0.123392103 -0.0204779394 178 178 178
-0.0719408122 0.00699707774 -0.00561818166 178 178 178
-0.161676073 0.0118105647 -0.00967520439 178 178 178
-0.179765778 0.112433902 -0.0213461401 178 178 178
-0.140391516 -0.0120461823 -0.0166696215 178 178 178
-0.082682984 -0.137637983 -0.0166703366 178 178 178
-0.093311665 -0.0496983303 -0.0117195645 178 178 178
0.0418836902 0.192634842 0.000975844071 178 178 178
-0.129002528 0.0968018123 -0.0274654296 178 178 178
0.0804547531 -0.164386707 0.0134502666 178 178 178
0.0292493794 0.125588321 -0.00262720384 178 178 178
-0.0687818953 -0.0733061844 -0.0156358791 178 178 178
0.176237933 0.103792522 0.0156774126 178 178 178
-0.0923289477 -0.187260369 -0.000932655763 178 178 178
-0.178970067 0.14806616 -0.0112116556 178 178 178
0.115911733 -0.130582708 0.018443689 178 178 178
0.0751859047 -0.025570231 0.00184391454 178 178 178
-0.107574385 0.0632070728 0.00314594679 178 178 178
0.110598684 0.0001380786 0.0154325083 178 178 178
0.15006769 -0.135130426 0.0135477672 178 178 178
-0.0986291742 -0.146996583 -0.0187104839 178 178 178
0.0931982588 -0.0856209316 0.0033608507 178 178 178
-0.0957274167 -0.176634902 -0.00512325138 178 178 178
-0.141841856 -0.112798244 -0.0215231324 178 178 178
-0.188410621 -0.130467711 -0.00727599177 178 178 178
0.117359844 -0.0140774059 0.0116776735 178 178 178
-0.0537195782 -0.0530736349 -0.00769588387 178 178 178
0.010308507 0.0367171439 0.00716382948 178 178 178
0.0535243679 -0.0851549911 0.00404804374 178 178 178
0.12949966 -0.196065375 0.013340359 178 178 178
0.125636143 -0.0741101058 0.0070612056 178 178 178
-0.0914485408 0.100144276 -0.00788977698 178 178 178
-0.181513152 -0.0809477732 -0.00992551723 178 178 178
-0.0312081509 -0.0316213965 0.00424941009 178 178 178
-0.094160025 0.111348767 -0.000434180224 178 178 178
-0.023083801 -0.0397297215 -0.0175583036 178 178 178
-0.0407797567 0.164000975 -0.0061895773 178 178 178
-0.114001502 0.170767844 0.00705709373 178 178 178
-0.0766827223 -0.0778051442 -0.0163395035 178 178 178
0.159836424 0.0865479491 0.0182033395 178 178 178
-0.193936024 -0.0951345729 -0.0290240634 178 178 178
-0.100389348 -0.147757498 -0.0164768443 178 178 178
-0.125240825 -0.0212518752 -0.0166558993 178 178 178
0.198988357 0.0318842316 0.0217573792 178 178 178
-0.00716747505 0.172670178 0.00729385336 178 178 178
-0.0292620423 -0.14177309 0.00301555733 178 178 178
-0.0642010652 0.0795645751 -0.00685012097 178 178 178
-0.177432362 0.0011549272 -0.0246270003 178 178 178
-0.175931418 -0.139772018 -0.0173696805 178 178 178
-0.0455767525 0.199246643 -0.0145217212 178 178 178
0.1860781 0.0609353361 0.0128800379 178 178 178
-0.191232973 -0.144312153 -0.0127245947 178 178 178
0.157766769 0.150396457 0.0114164738 178 178 178
-0.0520435273 -0.151925039 0.000940835318 178 178 178
-0.119867636 -0.155055037 -0.00183506483 178 178 178
0.118847156 -0.0734485796 0.0106822206 178 178 178
0.0392209669 0.174488777 -0.00136723395 178 178 178
0.106839335 -0.185201185 0.00730561162 178 178 178
-0.115834549 0.176165909 0.010264306 178 178 178
-0.16154087 0.0556470676 -0.0188021807 178 178 178
-0.00414815334 -0.172974854 -0.00821440276 178 178 178
-0.163876287 0.0278489853 -0.0127117234 178 178 178
0.0909553161 -0.0234486863 0.0144840789 178 178 178
-0.186212057 0.0318707034 -0.0175662903 178 178 178
0.156184151 0.0898134351 0.0250935125 178 178 178
0.0280494409 0.0779025243 0.00640528399 178 178 178
0.173038356 0.186251591 0.011643797 178 178 178
0.0765613546 -0.137191811 0.00919057363 178 178 178
0.0930053649 0.126270803 0.00899980188 178 178 178
0.0149451029 -0.0269856029 0.00198155516 178 178 178
0.199331081 0.0983408156 0.0133141977 178 178 178
0.0171571749 0.150528448 0.0114128207 178 178 178
0.114335634 0.199306241 -0.00229309352 178 178 178
-0.0672173466 -0.0951441306 0.0060669836 178 178 178
0.037241525 -0.0117554249 0.00539049029 178 178 178
0.0673540495 0.182194158 0.00724401409 178 178 178
0.0802170504 0.178636427 0.0192377573 178 178 178
0.0632539836 -0.0475913441 0.00624945204 178 178 178
0.0481076103 0.168600792 -0.00186706777 178 178 178
-0.0126533643 -0.0340449084 -0.00387684124 178 178 178
0.104191917 -0.0576791661 0.0166877073 178 178 178
-0.0674243091 0.0963174218 -0.0150206835 178 178 178
0.193299144 -0.0192904686 0.0176928574 178 178 178
-0.0101743846 -0.00892893282 0.00974151347 178 178 178
-0.197199657 -0.0295892019 -0.00848445475 178 178 178
-0.167800888 -0.0241451177 -0.036312625 178 178 178
-0.105992238 -0.140597391 -0.00130766201 178 178 178
-0.0608620696 -0.173015304 -0.0139031703 178 178 178
-0.0994789697 0.111943138 -0.000828864966 178 178 178
-0.197478763 0.0321175073 -0.0140194208 178 178 178
-0.0101532361 0.077848304 0.00428032952 178 178 178
-0.0147171517 0.124194975 -0.00536307625 178 178 178
-0.0152268271 -0.11286313 -0.00187033378 178 178 178
0.0211719182 -0.104461052 0.000808957275 178 178 178
0.0376656441 -0.0858833356 0.0043745619 178 178 178
-0.139430958 -0.0663312421 -0.0268453452 178 178 178
-0.0322436278 0.106976382 0.00153821821 178 178 178
0.0922899913 -0.0463006637 0.0118095543 178 178 178
0.0346713908 -0.0691193683 0.0110915823 178 178 178
0.0452208478 0.0505745439 0.00835797894 178 178 178
-0.055463893 -0.118970533 -0.00508946634 178 178 178
-0.0255521143 -0.160049529 0.00826138547 178 178 178
0.186883657 0.0725019525 0.0214121502 178 178 178
-0.0660331919 0.102916259 -0.0100209742 178 178 178
0.1949024 -0.0802499391 0.0172063032 178 178 178
0.0479368849 0.0492212139 0.00842903568 178 178 178
0.123999688 -0.189278663 0.0032505169 178 178 178
-0.0281132036 -0.0288457788 0.00592872378 178 178 178
-0.050754831 0.0305149569 -0.00249920696 178 178 178
-0.196739877 -0.0797486785 -0.011790353 178 178 178
-0.115694261 -0.0502544548 -0.0101468735 178 178 178
-0.161665073 0.0444647137 -0.00331970535 178 178 178
0.0542731848 0.0282452865 0.0183677043 178 178 178
0.0299115978 -0.132601317 -0.00529439222 178 178 178
-0.117815123 0.0904093131 -1.90533129e-05 178 178 178
0.13066829 -0.168342744 0.0166135176 178 178 178
-0.0609565056 0.188789762 -0.00712952809 178 178 178
0.127334592 -0.129498092 0.0144173289 178 178 178
-0.191250451 -0.0828008475 -0.0126064199 178 178 178
0.11164949 -0.129316116 0.0180904588 178 178 178
0.12445051 0.193875366 0.0158207214 178 178 178
0.0968818866 -0.0938773128 0.0147278191 178 178 178
-0.190921887 0.051172275 -0.0180026054 178 178 178
0.105758895 0.196020614 -0.00626851349 178 178 178
0.131113663 0.182152698 0.0119199341 178 178 178
0.189531509 -0.186448887 0.00382664014 178 178 178
-0.198460676 0.0179589808 -0.0134536569 178 178 178
0.182549532 0.0364740794 0.0277084927 178 178 178
-0.162643617 0.0892622472 -0.0244474296 178 178 178
0.155521896 -0.0699602118 0.0218891603 178 178 178
0.0911927936 -0.0771276245 -0.00404246734 178 178 178
-0.155016308 -0.196355525 -0.00418786762 178 178 178
0.113754548 -0.194191092 0.000190052994 178 178 178
0.0622010588 0.0233785089 0.0201355859 178 178 178
0.11011376 -0.172332405 0.00326612345 178 178 178
0.119924318 -0.113287039 0.0161089878 178 178 178
0.136868206 -0.0779448783 0.00872594782 178 178 178
0.0272808147 -0.166013523 -0.000874042113 178 178 178
0.093788719 -0.189752894 0.00120800377 178 178 178
-0.0575089461 0.173966628 -0.0110457459 178 178 178
-0.163315338 -0.0140469794 -0.0283663703 178 178 178
0.14097644 -0.116629284 0.0151718213 178 178 178
-0.12672526 0.0880208882 -0.00668624252 178 178 178
-0.128626111 -0.194296478 -0.00663315187 178 178 178
0.116922876 -0.0971318021 0.0117747831 178 178 178
-0.158828234 0.189666554 -0.00865900703 178 178 178
0.0641795816 0.160008935 0.0209997444 178 178 178
0.0445972917 0.0549841705 0.00605521224 178 178 178
-0.124293165 -0.148690818 -0.00734031539 178 178 178
0.00430635678 -0.0760518815 0.00487465003 178 178 178
0.044399368 -0.188670202 -0.00344779649 178 178 178
-0.115001503 -0.0958550375 -0.0209417226 178 178 178
0.0364131304 -0.197621143 0.00246616687 178 178 178
0.197432057 -0.152545232 0.00216185248 178 178 178
0.0121549399 0.0518902791 0.000879129167 178 178 178
-0.068206726 -0.150083771 -0.00144852835 178 178 178
0.0464407002 -0.13275221 0.00047953798 178 178 178
0.128870092 0.158071647 0.0149486276 178 178 178
0.159934329 -0.0768304559 0.013344433 178 178 178
0.138631859 -0.0763583387 0.0101041266 178 178 178
-0.197381006 -0.151391749 -0.016519134 178 178 178
-0.0925181548 0.12963577 0.0053690701 178 178 178
0.017656678 0.0705498256 0.00829500747 178 178 178
0.0272684515 0.0111650099 0.000438665231 178 178 178
-0.110896952 0.0509584852 -0.0100266281 178 178 178
-0.0669296873 -0.14841954 0.00230264311 178 178 178
-0.129081288 -0.0955671891 -0.00587501298 178 178 178
-0.00465949722 0.0277706007 -0.0137294379 178 178 178
0.148181454 0.170670957 0.0183287394 178 178 178
0.100082153 0.129467357 0.0122465248 178 178 178
0.104122058 0.054245661 0.0168214418 178 178 178
0.184854357 0.00576750443 0.0114816557 178 178 178
-0.0734037767 -0.185388457 -0.00192511496 178 178 178
-0.000562880219 0.159283304 0.00330560985 178 178 178
0.00218998107 -0.167725328 -0.00273159417 178 178 178
-0.188188937 -0.145735092 -0.0137488597 178 178 178
0.178019145 0.066050591 0.0190008138 178 178 178
0.0670340045 0.122676663 0.00322727029 178 178 178
-0.181842567 0.113262086 -0.0217917343 178 178 178
0.0394828687 -0.0143821248 0.0035628674 178 178 178
-0.145682954 -0.121471409 -0.0274334391 178 178 178
0.117670767 -0.19087721 0.00247907177 178 178 178
0.0423903026 0.146130344 0.00665458526 178 178 178
-0.0226730185 0.193070263 0.00760516555 178 178 178
0.11860744 -0.10774706 0.0136364843 178 178 178
0.15024565 0.144242754 0.0162165736 178 178 178
-0.0562034993 -0.030716781 -0.00787993991 178 178 178
-0.0769828002 -0.074088076 -0.0168021195 178 178 178
0.0885336867 -0.000735109483 0.0044068563 178 178 178
-0.14452529 -0.186403518 0.000471203008 178 178 178
-0.0690628712 -0.0180516431 -0.0117972301 178 178 178
0.0896601418 -0.11316431 0.00726867027 178 178 178
-0.0627156547 0.0839100125 -0.00820998458 178 178 178
0.0732187632 -0.00564616311 0.00424070507 178 178 178
0.183908459 0.147075357 0.0146918165 178 178 178
0.0437901531 0.151067629 0.00614911897 178 178 178
-0.0178459867 -0.0746180487 0.00335661168 178 178 178
0.0601125011 -0.0889786873 0.017940762 178 178 178
0.0368473085 0.177621643 0.00017824043 178 178 178
0.061046936 -0.00152066678 0.0205619301 178 178 178
-0.0825209863 -0.156394602 -0.0134927677 178 178 178
-0.182067307 -0.167747209 -0.014014705 178 178 178
0.109161714 0.19114931 -9.80115152e-05 178 178 178
-0.0590589128 0.0298120831 -0.0086967165 178 178 178
-0.0923191354 -0.180112864 -0.00874211508 178 178 178
0.114297619 0.00240058928 0.0114930041 178 178 178
0.0804785748 -0.00682186059 -0.0064690872 178 178 178
-0.161919318 -0.0210440753 -0.0319770002 178 178 178
0.161766977 0.172282644 0.00856683748 178 178 178
0.113679267 0.176733155 0.0101653084 178 178 178
0.167728326 -0.160131526 0.0151831457 178 178 178
0.0119184776 -0.131544497 -0.0130117931 178 178 178
-0.0210707789 -0.0329211965 -0.00561328873 178 178 178
-0.127697437 0.146778646 -0.00147870671 178 178 178
-0.0656130477 0.0570528342 0.00410717203 178 178 178
0.109356784 0.0782778241 0.0216769882 178 178 178
-0.0853544643 0.0374117621 -0.0113147461 178 178 178
-0.18574343 -0.106828334 -0.0207927812 178 178 178
0.121625918 0.116197271 0.0049752892 178 178 178
-0.0694369961 -0.191538057 -0.00634227665 178 178 178
-0.199951115 0.0945280962 -0.0167714371 178 178 178
0.0339369162 -0.129378456 -0.0052816829 178 178 178
0.167007454 -0.0152812608 0.00579629188 178 178 178
-0.0284700601 0.190250398 0.00772091316 178 178 178
-0.0160963898 0.0171004164 -0.00945644321 178 178 178
-0.0677397747 -0.178724829 -0.00723408192 178 178 178
0.199191443 -0.0306650313 0.0198205809 178 178 178
-0.122568485 0.0687719773 -0.0208112479 178 178 178
-0.0697200027 -0.178613414 -0.00506699162 178 178 178
-0.183623232 -0.0902027097 -0.0221293479 178 178 178
-0.0343542859 -0.197700811 -0.00588376254 178 178 178
-0.0190920656 0.0186953453 -0.00814247633 178 178 178
0.157313414 -0.0445366495 0.0202151149 178 178 178
0.0658372227 0.00115974769 0.0186123485 178 178 178
0.199973704 -0.0865359733 0.0231510068 178 178 178
-0.143642484 0.076630356 -0.00954169677 178 178 178
-0.179837123 -0.114432228 -0.015185472 178 178 178
0.148144331 0.156087913 0.0165383393 178 178 178
-0.157114753 0.188030476 -0.0092637734 178 178 178
-0.0148728902 0.00639150503 -0.0103856229 178 178 178
0.119703096 -0.0102739701 0.0131864836 178 178 178
0.103893208 0.134048514 0.0107626852 178 178 178
0.138327877 -0.093796359 0.0162617557 178 178 178
-0.0203571837 0.121626347 -0.00453910684 178 178 178
0.100625223 -0.0892006972 0.012136638 178 178 178
-0.00349024026 0.0895478173 0.00657061347 178 178 178
0.141952309 -0.0659275922 0.0106884367 178 178 178
0.196392515 0.0335747032 0.0190401692 178 178 178
-0.0758542277 0.169309099 -0.000900105438 178 178 178
-0.0880278142 -0.182558653 -0.00129799264 178 178 178
0.0320375202 0.114684577 0.00365871866 178 178 178
-0.00843302793 0.0177325964 -0.0186174608 178 178 178
0.133586506 -0.0533734226 0.0180805252 178 178 178
-0.0962154458 -0.0597791007 -0.00185494669 178 178 178
0.0367133595 -0.176470059 -0.000679811999 178 178 178
-0.141344524 -0.091089257 -0.0159203312 178 178 178
-0.0659764026 0.0576758046 0.00437747172 178 178 178
-0.0854061185 -0.148063303 -0.0140552486 178 178 178
-0.0279774222 0.0641846844 -0.000491164607 178 178 178
-0.141421078 0.196610689 -0.014332772 178 178 178
0.0193904065 0.191403734 0.00337503079 178 178 178
-0.0176895717 0.158870555 0.00282275707 178 178 178
0.0169220401 0.122602889 -0.00506876072 178 178 178
-0.134382891 -0.114819162 -0.00517894233 178 178 178
-0.0722498638 0.198196379 0.00172828927 178 178 178
0.124366067 -0.118268391 0.0239312683 178 178 178
0.190255542 0.14658093 0.0168755582 178 178 178
-0.0989984639 0.159202594 -0.0167527327 178 178 178
-0.0922892285 0.0578780216 -0.0110633414 178 178 178
-0.173592396 0.0147382356 -0.0212451933 178 178 178
0.104199875 -0.130341186 0.0133340794 178 178 178
-0.191700707 0.0122789556 -0.0166814948 178 178 178
0.1470479 -0.0916088141 0.00799097506 178 178 178
0.198166358 -0.157202301 -0.00140169426 178 178 178
0.196596151 -0.14872533 0.00642210343 178 178 178
-0.0277034848 0.115176766 -0.00310111842 178 178 178
-0.0800491747 0.180061298 0.000946937529 178 178 178
-0.0942810583 -0.136341816 -0.0148717489 178 178 178
-0.0819215591 -0.184782686 0.00296316947 178 178 178
-0.111820496 -0.0885526207 -0.0221121921 178 178 178
-0.13374262 -0.146896647 -0.0117618214 178 178 178
-0.0411008265 -0.126838416 0.0003015822 178 178 178
0.0083954495 0.0430745446 0.00153533487 178 178 178
0.114012851 -0.0271688768 0.00390173881 178 178 178
0.189672144 -0.0401762145 0.0177847748 178 178 178
0.163074107 -0.11973104 0.0132538417 178 178 178
-0.0798686781 0.0669095658 -0.00672890395 178 178 178
0.133999195 -0.09262704 0.0227930163 178 178 178
-0.0867037308 -0.0303929884 -0.0182996272 178 178 178
0.124315685 -0.0237615519 0.011047051 178 178 178
0.144114871 0.149802275 0.017038345 178 178 178
0.136481055 -0.096670075 0.0166960456 178 178 178
0.00609160396 0.0865091982 0.0136726353 178 178 178
-0.094875034 -0.0702693092 -0.0132662426 178 178 178
0.037137993 0.160778927 0.00105971613 178 178 178
-0.117400069 -0.0329913498 -0.020391222 178 178 178
0.0801168515 -0.00694392357 -0.0072025648 178 178 178
-0.128836385 0.154141201 -0.00273229234 178 178 178
-0.0168589414 0.0712968174 0.000433937657 178 178 178
-0.105705778 -0.164091297 -0.00874283162 178 178 178
-0.121963535 -0.147081731 -0.00555930925 178 178 178
0.105178458 0.196908873 -0.00673120599 178 178 178
0.0779210218 -0.187058003 0.0039855318 178 178 178
-0.172543728 -0.0664904059 -0.0120516904 178 178 178
-0.174906115 0.196587543 -0.00785671714 178 178 178
-0.06375921 -0.184824576 -0.0123420261 178 178 178
0.127310271 -0.138149655 0.00996846504 178 178 178
-0.151120638 -0.111652944 -0.0322829849 178 178 178
-0.199404425 -0.164745059 -0.0160507187 178 178 178
0.188891497 -0.00986620077 0.0147496381 178 178 178
0.066522659 0.0330708965 0.0140054596 178 178 178
-0.0013070384 -0.0731007266 0.00597453863 178 178 178
-0.000614077233 -0.15279983 -0.00320088461 178 178 178
0.07419255 0.120020824 0.0109024876 178 178 178
0.00642152125 0.121457141 -0.00881200414 178 178 178
0.192021298 0.0112523373 0.0184518891 178 178 178
-0.120578708 -0.130918223 -0.00605164014 178 178 178
-0.00575012095 0.0224802318 -0.0139453838 178 178 178
-0.0239216388 0.0594568987 -0.00759612188 178 178 178
0.167035386 -0.031466724 0.00546558379 178 178 178
0.135073628 0.133070581 0.00855235768 178 178 178
-0.163303545 -0.0418085366 -0.00750284124 178 178 178
0.125005505 0.0052201607 0.0112710611 178 178 178
0.0722224624 -0.154048363 0.0135793731 178 178 178
-0.188457662 0.0266070326 -0.0200453368 178 178 178
0.00969647905 0.105581807 0.00659834169 178 178 178
0.120386985 0.0840745622 0.0157334999 178 178 178
-0.15324795 -0.0909826522 -0.0218018455 178 178 178
0.12182213 0.189547297 0.0144571747 178 178 178
-0.00799893679 0.09469315 0.00318729513 178 178 178
0.137787407 -0.0422717644 0.0200335775 178 178 178
0.0605861915 -0.0323686239 0.0087894589 178 178 178
0.146493662 0.111782863 0.0120278856 178 178 178
-0.137054225 -0.12327848 -0.0110101834 178 178 178
0.0926098716 0.058767353 0.020607519 178 178 178
0.00455729332 0.0871108039 0.012447033 178 178 178
0.176769094 0.00317551097 0.00864764663 178 178 178
-0.149545978 0.154147431 -0.00974283107 178 178 178
0.163677873 -0.0123469423 0.00808725147 178 178 178
0.118458139 -0.0182800884 0.00461065436 178 178 178
0.0787707167 -0.0790983328 -0.00185386626 178 178 178
-0.128787942 0.168332469 -0.0111476676 178 178 178
-0.0247944701 -0.0780256698 0.00371042697 178 178 178
0.194703807 0.0721933943 0.0123977613 178 178 178
-0.000632729928 -0.0339314984 0.00309562175 178 178 178
-0.0041054188 0.176524007 0.0033089946 178 178 178
0.125080099 0.176564818 0.00977804343 178 178 178
0.0615759077 -0.188098324 0.00320113334 178 178 178
0.137798156 0.19917926 0.0118861563 178 178 178
-0.183335185 0.047013726 -0.016275524 178 178 178
0.065980208 -0.17237581 0.00388325353 178 178 178
0.015299022 0.0006311918 -0.00348436703 178 178 178
-0.13376171 -0.178187804 -0.0126122406 178 178 178
0.0487654384 0.0164424726 0.02459934 178 178 178
-0.0694759388 -0.119428971 -0.0122749202 178 178 178
0.0402516425 -0.0461335073 -0.0191514325 178 178 178
-0.129122945 -0.077276042 -0.0240743533 178 178 178
0.180299453 0.0413658491 0.0283740217 178 178 178
0.162724259 0.121582928 0.0246913331 178 178 178
0.0195183425 0.169191234 0.00430904636 178 178 178
0.0812909333 -0.0696028849 0.00234939218 178 178 178
-0.135045644 0.0335070376 -0.0128285517 178 178 178
-0.160291095 -0.190543839 -0.0152504969 178 178 178
0.0766284835 -0.0486187807 0.00380042921 178 178 178
-0.159497133 0.195974117 -0.00716028412 178 178 178
0.122675357 -0.156563543 0.0064071165 178 178 178
-0.184370243 0.156972875 -0.00914785041 178 178 178
-0.180932957 0.0744257314 -0.0240862751 178 178 178
0.148684734 -0.0893345019 0.00883033419 178 178 178
0.141624908 0.103560715 0.01124183 178 178 178
0.121206557 -0.0834815661 0.00533398697 178 178 178
0.0347652662 0.164730062 0.002804322 178 178 178
0.175065623 -0.18183064 0.0153005568 178 178 178
0.124690687 -0.156770675 0.00844044989 178 178 178
-0.141744289 0.112840505 -0.00964756572 178 178 178
0.00265747549 -0.0167959487 0.00124635906 178 178 178
-0.0102703501 -0.146491062 -0.00245883456 178 178 178
0.135154336 -0.00328012678 0.00400657345 178 178 178
-0.189086138 -0.071209078 -0.0154395624 178 178 178
0.0683256462 0.0141547476 0.0187414849 178 178 178
-0.184854135 0.112003571 -0.0216491458 178 178 178
0.0911892571 0.130832059 0.00609775326 178 178 178
-0.0727709542 -0.174478458 -0.00728044382 178 178 178
0.0643572918 0.0313670715 0.0153337312 178 178 178
0.0547612825 0.183196223 -0.0039063163 178 178 178
0.083133863 -0.0206871206 0.00984428618 178 178 178
0.0531222448 0.107766874 0.00907459005 178 178 178
-0.0808053796 -0.165007621 -0.0295867799 178 178 178
-0.15696046 0.157515188 -0.0109148966 178 178 178
-0.0189696471 0.0262692886 -0.0150027342 178 178 178
-0.0156300886 0.151694287 0.00243963702 178 178 178
-0.180826844 0.120132617 -0.0188126403 178 178 178
0.188017762 0.146410559 0.0161495975 178 178 178
-0.072868877 -0.179349504 -0.00174678164 178 178 178
-0.0285081722 0.0852640488 0.00720939108 178 178 178
0.0516427662 -0.120386292 0.00287626284 178 178 178
-0.0634182672 -0.0949359547 0.00777625983 178 178 178
0.0587485793 -0.0754278483 0.00761929399 178 178 178
0.0672608511 0.0321405273 0.0152838866 178 178 178
-0.0406639525 0.0586047653 0.00798110229 178 178 178
-0.00917512509 0.174856149 0.00422545184 178 178 178
-0.0905878211 -0.186903844 -0.000251058511 178 178 178
0.0122543987 -0.11646821 0.000317118024 178 178 178
0.00118202476 -0.0527508793 0.0104864807 178 178 178
0.120308009 0.114797903 0.00438043076 178 178 178
0.0758744074 0.0207338696 0.0216411153 178 178 178
0.146187751 0.0015170265 0.0148947426 178 178 178
-0.0355821025 0.0978473268 0.00219684035 178 178 178
-0.141968541 0.0625545458 -0.012853582 178 178 178
0.140757063 -0.0938832535 0.0132088314 178 178 178
-0.168847749 -0.157685041 -0.0177374081 178 178 178
0.0959817973 -0.0155790097 0.027504038 178 178 178
-0.0785766729 0.161311493 -0.000163238174 178 178 178
0.145906936 0.0286625484 0.0210977277 178 178 178
-0.0983913142 -0.165962112 -0.00578969942 178 178 178
-0.10337027 -0.0126197277 -0.0235221334 178 178 178
0.195242473 -0.0457505806 0.0221113814 178 178 178
-0.0115425 0.0430467063 -0.0010431796 178 178 178
0.00957595623 0.0293694375 0.013045256 178 178 178
0.161012672 0.169366319 0.00651244059 178 178 178
0.168485724 -0.0707383864 0.0139834319 178 178 178
0.00681201192 -0.0385896127 0.00765692217 178 178 178
-0.122046527 0.0517372299 -0.0010574995 178 178 178
-0.0285013974 0.156694412 -0.00736625174 178 178 178
-0.120404663 0.0796611176 -0.00406153599 178 178 178
0.168343184 -0.012049213 0.00776844814 178 178 178
0.0884393566 0.127373745 0.00880835834 178 178 178
-0.0866175207 0.00788382399 -0.0179599104 178 178 178
-0.114191082 0.187275318 0.0115946882 178 178 178
0.0723768137 -0.0900176174 0.014088167 178 178 178
0.192607306 -0.150781365 0.011397692 178 178 178
-0.160171578 0.137862203 -0.00948876018 178 178 178
-0.194553649 -0.0774024935 -0.0103616345 178 178 178
0.00600039568 0.144544413 0.00892205941 178 178 178
-0.148656018 0.0469128403 -0.0127290969 178 178 178
0.106431119 0.0063319777 0.00866540787 178 178 178
-0.192627386 -0.152715438 -0.0159463214 178 178 178
-0.168809345 0.114669862 -0.0202389634 178 178 178
0.0061642869 -0.179204616 0.0043949059 178 178 178
-0.0999210632 0.187954075 -0.000460446839 178 178 178
-0.126073973 0.158305233 -0.00393317695 178 178 178
-0.157779752 -0.0622197061 -0.018414285 178 178 178
0.189280993 -0.154649131 0.0134708417 178 178 178
-0.0555224836 0.164358639 -0.0161586851 178 178 178
-0.14387051 0.0068538067 0.0048747492 178 178 178
0.17659699 -0.149730147 0.0251960384 178 178 178
0.038161647 0.0071841696 0.0197155901 178 178 178
0.136906674 -0.0957672302 0.0160175847 178 178 178
-0.0159023529 -0.0261753247 0.00514008922 178 178 178
0.107966934 0.0537025833 0.0142619149 178 178 178
-0.154639173 0.17589967 -0.00772565768 178 178 178
-0.028586834 0.121108471 -0.00820448266 178 178 178
0.106797109 -0.130715979 0.0152814409 178 178 178
-0.151412555 -0.00576381575 -0.00774692106 178 178 178
-0.0232987885 -0.00627568951 -0.004544804 178 178 178
0.099067001 0.183349631 -0.0033769573 178 178 178
-0.197495038 -0.15336876 -0.0164288946 178 178 178
0.128478715 0.00448719113 0.00926667649 178 178 178
-0.14883353 0.18106778 -0.0113408486 178 178 178
-0.0850021111 -0.0422390813 -0.0192320571 178 178 178
-0.119879686 -0.0831453072 -0.0161952927 178 178 178
0.12445365 0.0211524188 0.0202382375 178 178 178
0.0140441597 -0.0765468349 0.00419004169 178 178 178
-0.0608211614 0.165736397 -0.0212701308 178 178 178
0.187093036 -0.170023375 0.00845832756 178 178 178
0.177567462 -0.128522387 0.0134143641 178 178 178
0.198770582 -0.18090237 0.00221605022 178 178 178
-0.0937958106 0.0856737847 -0.0122481784 178 178 178
0.153875572 -0.0795942458 0.015324336 178 178 178
0.0872967526 0.156883868 0.00557522897 178 178 178
0.0388580583 0.155327445 0.0032882906 178 178 178
0.0233189972 0.167995728 0.00715345881 178 178 178
-0.177926295 -0.089023486 -0.0272989789 178 178 178
-0.18308101 -0.198292905 -0.0119275359 178 178 178
-0.165587765 -0.0266039688 -0.038479478 178 178 178
-0.113306406 0.19043382 0.00884117154 178 178 178
-0.0078720618 0.0961602491 0.00279622644 178 178 178
-0.0469192674 -0.179760461 -0.000239727301 178 178 178
-0.156313579 0.0925076823 -0.0151908659 178 178 178
-0.14206699 0.181531068 -0.0100075811 178 178 178
-0.0878458746 0.188437869 0.00389911995 178 178 178
-0.0373534365 0.0838156157 0.00445892973 178 178 178
0.124815544 0.146081488 0.0139040758 178 178 178
-0.0519727397 0.132568499 -0.00265090787 178 178 178
-0.0390093074 -0.0590680164 -0.0154286004 178 178 178
-0.0729881099 -0.16359157 -0.0256320961 178 178 178
0.0922300744 0.0897087694 0.0040494735 178 178 178
-0.117703938 -0.143098915 -0.00371326394 178 178 178
0.192031166 -0.0458293751 0.0205413346 178 178 178
0.163450412 0.190460757 0.0111995145 178 178 178
0.166122365 0.00920598735 0.028199625 178 178 178
-0.165810657 0.0146299888 -0.0130379246 178 178 178
0.129354961 0.165360029 0.0156363406 178 178 178
0.0950600232 -0.0832984531 0.00018749695 178 178 178
0.196107144 0.197856306 0.00950455298 178 178 178
-0.198430072 0.175990967 -0.00737347723 178 178 178
0.0173593071 -0.0587304915 0.00895373613 178 178 178
0.0948735035 -0.074014194 -0.00108819078 178 178 178
0.193882427 -0.15918236 0.00321860339 178 178 178
-0.164092491 0.177365268 -0.00337843631 178 178 178
-0.0463351479 -0.124903387 0.000197227267 178 178 178
-0.116005224 -0.193066933 -0.00839603573 178 178 178
0.00578651789 0.153832507 0.00626177612 178 178 178
0.144168379 0.0276266303 0.0213529412 178 178 178
-0.0172591662 0.0732727667 0.0030364396 178 178 178
0.145666078 0.0922242076 0.0221063148 178 178 178
0.183271598 -0.189058799 0.00418805714 178 178 178
-0.141189586 -0.156309343 -0.0142341071 178 178 178
0.060060048 0.006561342 0.0166492531 178 178 178
-0.132082858 -0.166612618 -0.0095843719 178 178 178
0.0929968622 0.00189424035 0.011637105 178 178 178
0.154959894 0.0784438557 0.0188208682 178 178 178
-0.126718701 0.0624527986 -0.0197906925 178 178 178
-0.0963401558 0.0503724899 -0.00564663616 178 178 178
-0.173066293 -0.165721068 -0.0139881849 178 178 178
0.0525552403 -0.104500467 0.0150103679 178 178 178
0.0746675842 0.152686503 0.0178478486 178 178 178
0.15014073 -0.162860145 0.00517687363 178 178 178
-0.0673490192 0.00989964871 -0.00210335157 178 178 178
-0.144167386 -0.168016695 -0.0124629293 178 178 178
0.0351939274 0.175667209 0.00159434158 178 178 178
-0.185292979 -0.114810483 -0.0148023448 178 178 178
0.0253113752 -0.040232201 0.00886625415 178 178 178
0.0325289714 0.014994413 0.00698771127 178 178 178
0.00573146957 0.0846755596 0.0136725499 178 178 178
0.0177805017 0.175881607 0.00270253013 178 178 178
0.155088578 0.0830430823 0.0253038923 178 178 178
-0.120157093 -0.0569881181 -0.0216992942 178 178 178
0.0836593237 -0.170536909 0.00985954885 178 178 178
-0.13036879 0.09472201 -0.026819061 178 178 178
-0.056291594 0.197823871 -0.0163462204 178 178 178
-0.0602874587 -0.198748448 0.00941387159 178 178 178
0.0997839562 0.0997770056 -0.00291614914 178 178 178
-0.130488297 -0.12166803 -0.000670354106 178 178 178
0.0853601557 -0.01311178 0.0115064541 178 178 178
-0.180579223 0.0222807625 -0.0224823844 178 178 178
-0.120105434 0.0533745031 0.00121356821 178 178 178
0.111510163 0.19401818 -0.000379200302 178 178 178
0.121282804 0.0738494297 0.0146530521 178 178 178
-0.134438208 -0.038087636 -0.0091274892 178 178 178
-0.0522595213 0.0869480718 -2.85996448e-05 178 178 178
0.142087 -0.0107598143 0.0155210444 178 178 178
0.0278823968 -0.0354298576 0.00456668523 178 178 178
0.0119886574 -0.0544264019 0.0182784973 178 178 178
0.00474613749 0.00281726931 -0.00780141704 178 178 178
0.048712532 -0.0797857588 0.00679149945 178 178 178
0.105067219 -0.107713503 0.00874757241 178 178 178
0.000863278369 -0.140123171 -0.00759960689 178 178 178
-0.109668173 -0.0193654344 -0.0269057402 178 178 178
0.152320732 -0.0821453467 0.0137732844 178 178 178
-0.105252888 0.145703261 -0.00886212328 178 178 178
-0.00470464077 0.13659886 -0.00158333888 178 178 178
-0.152494731 -0.0511365761 -0.00846456841 178 178 178
-0.101175779 0.0562549393 -0.0174684015 178 178 178
0.118725809 0.15337874 0.00294512895 178 178 178
-0.0429819209 -0.0482050286 -0.00804184017 178 178 178
0.122111639 0.0162258175 0.01416467 178 178 178
-0.0741283222 -0.0183263423 -0.01392547 178 178 178
-0.18273476 0.0686386353 -0.0284243308 178 178 178
-0.159990073 0.18471237 -0.00680079756 178 178 178
-0.102851713 -0.143145331 -0.00841728182 178 178 178
-0.0993645394 0.185641693 0.000102287771 178 178 178
-0.0671954629 0.0697120015 -0.000877074101 178 178 178
-0.0953755067 0.115369661 0.00233954805 178 178 178
0.0596647685 0.051583139 0.000400348595 178 178 178
-0.198749432 0.156332179 -0.0025802676 178 178 178
0.0720336715 -0.0750049452 0.00210238662 178 178 178
-0.128106469 0.0948377925 -0.0237012417 178 178 178
-0.0785277236 -0.0789856016 -0.0155022767 178 178 178
0.101134176 0.00793806163 0.00734969134 178 178 178
0.0612838876 0.0720191857 -0.00516157585 178 178 178
0.0997617372 -0.115432586 0.00874426183 178 178 178
-0.0274589937 -0.171500239 0.00227299324 178 178 178
-0.122711053 0.116697316 -0.00953856371 178 178 178
0.0606019937 0.114068205 0.00806173405 178 178 178
-0.0727225961 0.0615633775 0.00255736963 178 178 178
0.0111245525 -0.0641565542 0.0144356639 178 178 178
-0.121931979 0.062413736 -0.00936481789 178 178 178
0.190672749 -0.177073792 0.00480538132 178 178 178
-0.107632013 0.0673125833 0.00232322689 178 178 178
-0.0613804582 0.0388347988 -0.0135004715 178 178 178
-0.106814702 0.0494311421 -0.0192881504 178 178 178
-0.0371360537 -0.00947407401 -0.00608616056 178 178 178
-0.0714566996 -0.105963994 0.00584526199 178 178 178
0.0708486141 0.0856156687 0.00744311534 178 178 178
0.121041096 -0.0222813039 0.00600180025 178 178 178
-0.180288598 0.112938248 -0.0217785581 178 178 178
0.0139969504 -0.0600799414 0.0135252614 178 178 178
-0.166469685 -0.160687727 -0.0158628306 178 178 178
-0.00792551895 0.018228452 -0.0176515214 178 178 178
-0.0612894959 0.0576871998 0.00502783379 178 178 178
-0.111674372 0.180282079 0.0152910347 178 178 178
-0.0171538529 0.152476986 0.00169904678 178 178 178
-0.0658418142 -0.17423367 -0.00867775697 178 178 178
0.0613382384 0.102632943 0.00664605739 178 178 178
-0.126660914 -0.0845545604 -0.0160954591 178 178 178
0.185182662 0.0636900694 0.0144632498 178 178 178
0.142569786 -0.0465114345 0.0278810213 178 178 178
0.0220564318 -0.0648648084 -0.00694944198 178 178 178
-0.0528122096 0.000371440248 -0.00935216995 178 178 178
-0.111092522 0.0107011913 -0.0226045525 178 178 178
0.175585225 0.0777223265 0.0166166858 178 178 178
0.0632257746 0.0496245844 0.000971404517 178 178 178
0.0274694034 0.0708256813 -0.00138003215 178 178 178
0.185380038 -0.0597369797 0.0203211489 178 178 178
0.0368535906 0.0626014027 -0.00304065612 178 178 178
-0.136803702 -0.050851014 -0.0149234405 178 178 178
-0.169905814 0.055125933 -0.0253425695 178 178 178
0.078484106 -0.0161928585 -0.00454054023 178 178 178
0.191095515 0.0173870386 0.0188602062 178 178 178
-0.0545615341 -0.184583556 -0.00607841044 178 178 178
0.0294804946 0.000489279407 0.00962677504 178 178 178
-0.10302183 -0.107689158 -0.009687651 178 178 178
-0.190102196 -0.0312908868 -0.0189784793 178 178 178
0.0615910612 -0.173508352 0.00107096676 178 178 178
-0.140957183 0.0756938318 -0.00540680574 178 178 178
0.031127161 0.148013275 0.00896663605 178 178 178
-0.0683746891 -0.0574467004 -0.0166336949 178 178 178
-0.0148043992 -0.157011275 -0.000964334857 178 178 178
-0.0868175855 0.0452701505 -0.00300898952 178 178 178
0.186171403 -0.149279156 0.0240724115 178 178 178
0.0190445821 0.149999334 0.0110292756 178 178 178
0.159105664 -0.160336787 0.00958134676 178 178 178
0.00321206439 -0.0573876622 0.0155395257 178 178 178
0.00512701476 0.00715023058 -0.0132284134 178 178 178
0.103785266 -0.158028936 0.00779558977 178 178 178
0.00713707807 -0.0728692316 0.0092550367 178 178 178
0.0082407839 -0.0829250735 0.00518402115 178 178 178
-0.077285291 0.0872310648 -0.0166454095 178 178 178
0.0660015292 0.189764359 0.000858324809 178 178 178
0.00666376509 -0.0454242032 0.00945636767 178 178 178
-0.143207491 0.122771019 -0.0139405711 178 178 178
-0.10670265 -0.139532413 -0.00192353181 178 178 178
-0.0386192201 0.0303332781 -0.000310366818 178 178 178
-0.168983547 -0.0238417758 -0.0353659231 178 178 178
0.129877506 -0.0835087773 0.00774441783 178 178 178
0.164152314 0.113462677 0.0286755218 178 178 178
-0.151872568 0.0992694503 -0.00999750689 178 178 178
-0.155966236 -0.136308262 -0.0265884084 178 178 178
0.165010809 -0.081008852 0.00886496191 178 178 178
0.118708701 0.127175717 0.0147518448 178 178 178
0.118831429 0.199614769 0.00314636689 178 178 178
-0.151977272 0.0579059636 -0.011199868 178 178 178
-0.168091525 0.152306428 -0.00908060508 178 178 178
0.0450441908 0.197170337 0.00217081366 178 178 178
0.167602043 0.0844261568 0.0012131895 178 178 178
0.156567304 0.0501009085 0.0216304559 178 178 178
-0.110820896 -0.108582573 -0.0112047198 178 178 178
0.0568246992 -0.0440753829 0.00066899839 178 178 178
-0.0767686534 0.0608218205 0.000868320712 178 178 178
-0.047341608 0.168787173 -0.00874994778 178 178 178
-0.158348548 -0.0770931265 -0.0279835121 178 178 178
-0.128281507 -0.0373452735 -0.0130697141 178 178 178
0.00191840298 -0.1883837 0.00547556901 178 178 178
0.185167959 0.0717417084 0.0226615245 178 178 178
-0.0760458958 -0.0183942366 -0.0148641459 178 178 178
-0.0750567885 0.118238247 -0.00964820503 178 178 178
0.0226887769 -0.105835578 -0.00146271999 178 178 178
-0.12249259 0.0763497669 -0.00588883768 178 178 178
-0.0043275011 0.0611957745 -0.0074024579 178 178 178
0.122718953 -0.0253165886 0.0112622939 178 178 178
-0.0373050589 -0.120902394 -0.00231640462 178 178 178
-0.0481474593 -0.030672511 -0.00134779339 178 178 178
-0.169086755 0.0981611035 -0.0225299638 178 178 178
-0.0149445224 -0.126361377 0.000282357742 178 178 178
-0.159184143 -0.149033725 -0.0158991412 178 178 178
0.100918 -0.015215095 0.0249024745 178 178 178
0.0166111468 -0.103464627 0.00523783308 178 178 178
-0.0282499474 0.12460777 -0.010236429 178 178 178
0.0989329128 0.129001188 0.0106035049 178 178 178
0.0837541981 0.181507749 0.013955502 178 178 178
-0.0760278923 0.137590253 0.000515876586 178 178 178
0.17097943 0.0511965062 0.0192719303 178 178 178
-0.0589570148 -0.118606095 -0.00740924227 178 178 178
0.154923872 0.130150438 0.0204082354 178 178 178
0.0895278268 0.0919587582 0.00491156386 178 178 178
-0.151486406 0.105048973 -0.0115589226 178 178 178
-0.190059932 0.084497255 -0.0155664762 178 178 178
-0.157751834 0.147743199 -0.0103405418 178 178 178
-0.192568271 -0.0747606599 -0.0126742336 178 178 178
-0.0230546491 0.0738757446 0.00720841142 178 178 178
0.169074899 0.00559168527 0.0205538576 178 178 178
0.1716495 -0.0626088203 0.0204506386 178 178 178
0.0755032088 -0.0625752186 0.00440505442 178 178 178
0.05178255 -0.137013796 0.00614273383 178 178 178
-0.017033457 0.00016668044 -0.0100583503 178 178 178
0.0363728966 -0.0436551322 -0.00816619667 178 178 178
0.125975573 -0.035293096 0.0154523118 178 178 178
0.0341081582 0.139671518 0.000258007483 178 178 178
0.063641679 0.0673368653 0.000438428049 178 178 178
0.0495762726 0.0764557788 -0.00276014926 178 178 178
0.0594982807 0.194817429 0.00229557292 178 178 178
-0.117306981 -0.100323676 -0.0165054578 178 178 178
0.106429055 -0.00378121049 0.0228874617 178 178 178
-0.116309044 -0.160800537 -0.00594366598 178 178 178
-0.133359224 -0.0262608114 -0.0154110183 178 178 178
0.139239357 0.178443031 0.0179247142 178 178 178
-0.184570644 -0.158375526 -0.0153657643 178 178 178
-0.0445360194 0.111401435 -0.0184260082 178 178 178
0.162956058 0.138169852 0.0173988714 178 178 178
0.0995942772 0.00343536949 0.0150188125 178 178 178
-0.076304146 0.120387391 -0.00860900825 178 178 178
-0.0811375043 -0.0258886398 -0.0163430952 178 178 178
-0.0834878202 -0.0450110607 -0.0185094885 178 178 178
0.0953261558 0.000524764412 0.0198525576 178 178 178
0.0328735391 -0.130045782 -0.00586578313 178 178 178
-0.108063314 -0.0723972924 -0.0146983973 178 178 178
-0.12700239 -0.0643887818 -0.0279980295 178 178 178
0.0834157339 0.198425277 0.00383788082 178 178 178
0.152632533 -0.0775948933 0.0182864333 178 178 178
-0.0314580033 -0.0994156196 -0.00936529073 178 178 178
0.0524542577 0.172786642 -0.00157597845 178 178 178
-0.0956590467 -0.139613513 -0.0171774283 178 178 178
-0.102588735 0.185913558 0.00406931921 178 178 178
0.0484570952 0.134015641 0.00582067809 178 178 178
0.17031026 0.0588642631 0.0136666212 178 178 178
0.165271956 -0.0339413117 0.00507159994 178 178 178
0.0721284679 -0.129269556 0.00389514076 178 178 178
-0.0198033399 -0.16038832 0.00460296033 178 178 178
-0.0334744466 -0.160614212 0.00808856696 178 178 178
-0.125660458 -0.0545198948 -0.0194877349 178 178 178
-0.0216613536 -0.0346556328 -0.00862971483 178 178 178
-0.0826927061 0.178447605 -0.00224148613 178 178 178
-0.0525449562 0.0182048034 0.00271926402 178 178 178
0.108314746 0.196817223 -0.00552879521 178 178 178
0.0137760566 0.0947700651 0.0140660582 178 178 178
-0.0302744735 -0.138473051 0.00339845181 178 178 178
0.0978794724 0.0116408767 0.0101855013 178 178 178
0.0900648169 -0.130787916 0.00728326009 178 178 178
0.172952594 -0.194023619 0.00678439564 178 178 178
0.088493001 0.169183804 0.00452053083 178 178 178
0.173438221 -0.0656415357 0.0175266555 178 178 178
-0.025341959 -0.116753983 -0.00431554883 178 178 178
-0.0506977959 -0.159680707 -0.00171320595 178 178 178
-0.177278426 0.0724117781 -0.0277579119 178 178 178
0.10942123 -0.017680114 0.0160699529 178 178 178
-0.101769729 -0.188241547 -0.0079201242 178 178 178
-0.055305866 0.0875186277 -0.00338420994 178 178 178
-0.154071457 -0.0868619419 -0.0251234952 178 178 178
0.151588488 0.106439845 0.0201116884 178 178 178
-0.0598365015 0.000701363067 -0.00342864099 178 178 178
-0.0515755094 0.0221746761 0.000519583197 178 178 178
0.0673972884 -0.0136395952 0.00769037084 178 178 178
0.0198522574 0.0634883459 -0.00183435083 178 178 178
0.110300443 0.185325136 0.00691017162 178 178 178
-0.06401147 0.128720324 0.00371430544 178 178 178
0.0199186313 -0.168599827 0.00129824096 178 178 178
-0.000201960281 0.00146279983 -0.0046688703 178 178 178
0.0181377278 -0.096212045 0.00517332631 178 178 178
-0.0552552697 -0.162909812 -0.00642896282 178 178 178
0.0297692587 -0.114825759 -0.00607087093 178 178 178
0.150329728 -0.101755508 0.00776662957 178 178 178
-0.154263191 0.18853247 -0.010802073 178 178 178
-0.166639069 0.106138685 -0.0222215876 178 178 178
0.0575565975 0.137028961 0.00527926077 178 178 178
-0.165446081 0.0835867916 -0.0282271912 178 178 178
-0.0353879611 -0.0619647262 -0.00902402879 178 178 178
-0.163029123 -0.037548122 -0.0152567113 178 178 178
-0.112487032 -0.0137507146 -0.0243729247 178 178 178
0.150620838 -0.0804150797 0.0169382758 178 178 178
0.118040497 -0.043145545 0.0113188796 178 178 178
0.0654802382 0.108461417 0.0114545286 178 178 178
0.0940141524 -0.165280136 0.011056946 178 178 178
0.017197918 -0.0903626981 0.00902987094 178 178 178
-0.141882621 -0.00364786871 -0.0105005442 178 178 178
0.0115101438 0.0702257252 0.011346427 178 178 178
0.156812289 0.0536835278 0.0192970601 178 178 178
0.0701665902 0.0822003362 0.00634586451 178 178 178
-0.0146550557 -0.162986719 -0.00702562808 178 178 178
-0.107656166 -0.114558046 -0.0129784489 178 178 178
-0.0831427263 -0.0693720428 -0.021321855 178 178 178
0.0742196622 -0.0858146563 0.00820102331 178 178 178
-0.0919559755 0.101394886 -0.00685839867 178 178 178
0.13486205 0.185255979 0.0114597411 178 178 178
0.0952207063 0.0643993476 0.0214722107 178 178 178
0.0963707946 -0.189753945 0.00236706182 178 178 178
-0.183072877 -0.0623782322 -0.023433294 178 178 178
-0.0163174468 0.123118849 -0.00474373421 178 178 178
-0.0643524336 0.17305814 -0.00790737996 178 178 178
0.10979728 0.0362433349 0.0160391331 178 178 178
-0.126422524 -0.055652435 -0.0212793145 178 178 178
-0.0737820893 -0.0562375393 -0.0209687784 178 178 178
0.0376456152 0.0435025895 0.00884499179 178 178 178
0.132253643 0.136639435 0.00965286504 178 178 178
-0.19065671 -0.0514103988 -0.0225944939 178 178 178
-0.000999035618 -0.127460971 -0.00484262111 178 178 178
-0.180647798 -0.190271107 -0.0106330195 178 178 178
-0.118691638 -0.14720867 -0.002047353 178 178 178
0.0357908031 0.137292808 -0.000181094282 178 178 178
-0.050797 0.0478211082 -0.00320910491 178 178 178
0.103052853 0.194732435 -0.00692910957 178 178 178
0.04045694 -0.175653892 -0.000181416252 178 178 178
0.0296511285 -0.0596151345 -0.00817718499 178 178 178
-0.0932512073 0.13041311 0.0060015048 178 178 178
-0.10162856 0.0685173522 -0.00620970985 178 178 178
0.00801294022 -0.176131107 0.00562401805 178 178 178
-0.0769588291 -0.0419981785 -0.0202345371 178 178 178
0.0629366311 0.0476480607 0.00100102632 178 178 178
0.135910744 0.0663401457 0.0242124661 178 178 178
0.0104967062 -0.00947175311 0.000527732474 178 178 178
-0.0330732543 -0.119271485 -0.00366805437 178 178 178
-0.102741601 0.198608559 -0.00688021365 178 178 178
0.138122542 -0.0115922831 0.0118809126 178 178 178
-0.0209333741 0.0803506647 0.011041612 178 178 178
-0.0504101725 0.00986648656 -0.00379807841 178 178 178
0.13858225 -0.172596028 0.00713348924 178 178 178
0.0551844031 -0.106781838 0.0131255124 178 178 178
-0.0392655372 -0.167509132 0.00892223081 178 178 178
-0.00366670191 -0.126832366 -0.0020726609 178 178 178
0.112390875 -0.119186218 0.0121823086 178 178 178
0.0554845314 -0.0353890182 -0.000331857217 178 178 178
0.0191237503 -0.0677425698 -0.00445376114 178 178 178
0.0058310205 -0.0577011962 0.0178617944 178 178 178
0.101718766 0.122188399 0.00938053239 178 178 178
-0.0151688358 -0.185320345 -0.00917375409 178 178 178
-0.0540076218 -0.15400119 -0.0010254826 178 178 178
0.0381128461 0.117846426 0.00244530578 178 178 178
-0.0732675168 0.0162585274 -0.00792127488 178 178 178
-0.122676997 -0.0182476509 -0.0176884383 178 178 178
-0.0760833049 -0.0795110746 -0.0155629865 178 178 178
-0.00812586793 0.0218984213 -0.0188223872 178 178 178
-0.108700216 -0.101742092 -0.0131739443 178 178 178
0.11096212 0.134611058 0.0179693729 178 178 178
0.181826816 0.120523137 0.0152532117 178 178 178
0.00930442117 -0.0713292136 0.0102932992 178 178 178
0.0156509164 -0.182626098 0.00227124807 178 178 178
-0.0240187493 0.149267256 -0.00530734354 178 178 178
-0.195912182 -0.0646337588 -0.0271291658 178 178 178
-0.147654993 0.0697993664 -0.0136124442 178 178 178
0.0812732537 0.139167457 0.00768250811 178 178 178
-0.0486379751 0.114366623 -0.013996054 178 178 178
0.119728499 0.143953365 0.0115781491 178 178 178
-0.0599753019 0.00279913865 -0.00166239807 178 178 178
-0.0480774599 0.145129943 0.00581512362 178 178 178
0.112605704 -0.0252207407 0.00385712583 178 178 178
-0.0885053698 -0.0952921048 -0.000113908809 178 178 178
-0.139941945 -0.000218654263 -0.0103590903 178 178 178
0.161404276 -0.0760386852 0.0128997481 178 178 178
0.0372263486 0.104240184 0.00663824777 178 178 178
-0.138059255 0.136289888 -0.00934154688 178 178 178
-0.0832994784 -0.138787438 -0.0167066929 178 178 178
0.162343771 -0.139746248 0.011469299 178 178 178
0.199186805 -0.0550023837 0.0214165668 178 178 178
0.129912768 -0.0128186618 0.00383924788 178 178 178
0.195679786 0.180961411 0.014104403 178 178 178
0.0711084423 0.168901935 0.0213900053 178 178 178
-0.0793018437 0.189399574 0.00780640617 178 178 178
0.110305746 0.0882296671 0.0111290409 178 178 178
0.0333517218 0.0663980104 -0.00681601809 178 178 178
-0.0535131099 -0.0786723609 -0.0088724608 178 178 178
0.0642597877 -0.0522202531 0.00677659381 178 178 178
-0.172281339 -0.185636192 -0.0162087446 178 178 178
-0.115941146 0.139032315 -0.00933090188 178 178 178
-0.0060998681 -0.0790795899 -0.00187223008 178 178 178
0.121004283 -0.168410951 0.0113197207 178 178 178
-0.0391957153 -0.061016839 -0.0132716958 178 178 178
0.0281778935 -0.0740104819 0.00871674384 178 178 178
0.0451180306 0.081626858 0.00149666119 178 178 178
-0.162202406 -0.192308025 -0.0179658958 178 178 178
-0.0128963221 -0.111197163 -0.00244390611 178 178 178
0.0523637527 0.159149327 0.0137862703 178 178 178
0.0658651912 0.13131134 -0.00347569186 178 178 178
-0.0224530084 0.0512948573 -0.00965468438 178 178 178
0.161062317 0.0175528026 0.0245152999 178 178 178
-0.0846189804 -0.105237267 -0.00577649991 178 178 178
-0.132630449 0.150993228 -0.00256242588 178 178 178
-0.0355600727 0.107536488 -0.00301512283 178 178 178
0.144352366 0.00759784688 0.0129164405 178 178 178
0.100895084 -0.132677119 0.0110110312 178 178 178
-0.135597125 -0.107900795 -0.0103175025 178 178 178
0.138001088 -0.0504640041 0.0229945524 178 178 178
0.121085738 -0.0764519105 0.00720930481 178 178 178
-0.0603909668 -0.173209717 -0.0133225056 178 178 178
-0.0157237565 -0.0384855003 -0.00877704378 178 178 178
-0.0259941259 -0.0156342718 0.00188296585 178 178 178
0.100646748 -0.0882938773 0.0109989942 178 178 178
0.191992718 -0.0489060236 0.0213799977 178 178 178
0.114695771 -0.0724449729 0.0134701591 178 178 178
0.129251748 -0.0460855471 0.0131522677 178 178 178
-0.102255286 0.0563800599 -0.0153070199 178 178 178
0.00943597547 -0.00333264644 -0.00480182211 178 178 178
0.0708270703 -0.124585547 0.00251185997 178 178 178
-0.086865917 0.120988469 -0.000726302667 178 178 178
0.130804373 -0.00182322494 0.00323845794 178 178 178
0.0903179391 -0.0209406812 0.016806844 178 178 178
-0.0778223192 0.0857061334 -0.0164190725 178 178 178
-0.124883652 0.10242526 -0.022501296 178 178 178
0.023270017 0.13690371 -0.00288692681 178 178 178
0.0722682248 0.118096007 0.0117719048 178 178 178
-0.0292210386 0.0643644976 0.00109910172 178 178 178
0.0148483851 0.0901834078 0.0146632858 178 178 178
0.0732159233 -0.138533472 0.00624098961 178 178 178
-0.172914818 0.0793113095 -0.0245982356 178 178 178
-0.171253367 -0.0901903963 -0.0294127119 178 178 178
-0.159494964 -0.0835918535 -0.0279971089 178 178 178
0.121220159 -0.155040848 0.005575744 178 178 178
-0.0972354383 -0.0333282688 -0.0224068622 178 178 178
-0.0174562984 -0.197818564 0.000138053789 178 178 178
-0.144321184 0.0690368208 -0.00858144325 178 178 178
-0.16084712 0.105856143 -0.020968448 178 178 178
0.128454002 0.107191639 0.0132852296 178 178 178
-0.183988971 -0.132858115 -0.0011117636 178 178 178
0.0966183282 0.0565509308 0.0222713433 178 178 178
-0.0904517109 0.140879506 0.00127938403 178 178 178
0.144443256 -0.196318773 0.00798362987 178 178 178
0.0206763964 -0.114624265 -0.00556366136 178 178 178
-0.076431047 -0.0870811134 -0.00801554973 178 178 178
0.109861483 -0.0152845683 0.0188470847 178 178 178
-0.167955829 -0.118799634 -0.0259433217 178 178 178
-0.015222635 0.0177508562 -0.0107208269 178 178 178
-0.158599244 -0.0571303096 -0.0126884944 178 178 178
-0.134271551 0.0730346681 0.00186002067 178 178 178
-0.087679267 0.0139351263 -0.0164037798 178 178 178
0.123593759 0.0675308055 0.0130044818 178 178 178
0.132526212 -0.10020996 0.0221412742 178 178 178
-0.124497936 0.0953247448 -0.0193913329 178 178 178
0.131980152 0.0849179717 0.00980006015 178 178 178
0.0308080935 0.0826508261 0.00896350676 178 178 178
0.0214621194 -0.177560532 -0.000685063064 178 178 178
0.112541323 0.177902512 0.0103872169 178 178 178
-0.0745227418 0.0272027976 -0.00213244192 178 178 178
-0.036321669 -0.0817161301 0.00332931922 178 178 178
-0.162344729 -0.023577539 -0.0343695007 178 178 178
0.195518719 0.00387320396 0.0228134827 178 178 178
0.188612198 -0.00300690765 0.017915059 178 178 178
0.151248152 -0.0989241219 0.00676758704 178 178 178
-0.0940678289 -0.0852031146 -0.0131726576 178 178 178
0.0227661731 -0.048424011 0.0123096506 178 178 178
0.15127361 0.104490119 0.0208991088 178 178 178
-0.144225161 -0.0213268657 -0.0217723564 178 178 178
0.155111668 -0.192582992 0.0109406017 178 178 178
0.0351890332 -0.0191589232 2.41372308e-06 178 178 178
0.0973443235 -0.123375376 0.0079248329 178 178 178
-0.0879050535 -0.194336604 0.00360145852 178 178 178
-0.0132576358 0.190050844 0.00648543437 178 178 178
0.151762056 -0.0841470422 0.0120489585 178 178 178
-0.0390296146 0.0244949653 -0.00159137723 178 178 178
-0.0312099315 -0.0543470404 -0.0147972246 178 178 178
-0.108681906 -0.169834566 -0.00694817601 178 178 178
0.11030766 0.151113422 0.000129144719 178 178 178
-0.00121143662 0.181283549 -0.00163624467 178 178 178
-0.0559309866 -0.117136386 -0.00699961675 178 178 178
0.0815981042 -0.0415804106 0.00540458148 178 178 178
0.0900461329 -0.0578386375 0.0108629135 178 178 178
0.167945544 -0.144701947 0.0137552133 178 178 178
-0.0995175666 0.0697221706 -0.00969269096 178 178 178
0.169153624 0.100087729 0.0170493598 178 178 178
-0.0582409286 0.108427494 -0.00721247399 178 178 178
0.0154295046 0.0620956282 0.00172968562 178 178 178
-0.0572013605 -0.183913992 -0.00967602809 178 178 178
-0.0207464343 -0.111143962 -0.00634852387 178 178 178
0.161948648 0.00403332094 0.0254234419 178 178 178
-0.133235962 0.0815528239 -0.00208714486 178 178 178
-0.192314772 -0.0343550738 -0.0164131457 178 178 178
0.00469422604 -0.0170474319 0.00177863619 178 178 178
-0.050880256 0.138163041 0.0035724661 178 178 178
0.0175456069 -0.196907094 0.00223800982 178 178 178
-0.0520076058 -0.0914693709 0.00571952116 178 178 178
0.132624012 -0.094203326 0.0227730416 178 178 178
0.123098612 0.196875248 0.0113118674 178 178 178
-0.0580215841 -0.108382267 -0.00928027718 178 178 178
-0.15749811 -0.178238937 -0.015617028 178 178 178
0.0659977413 -0.0419249476 0.00491854195 178 178 178
0.19592869 0.0590750688 0.00926526314 178 178 178
0.0387418403 -0.136327804 0.000898922661 178 178 178
-0.0663715722 0.13189283 0.00318109003 178 178 178
0.0567609534 -0.117325965 0.00511248196 178 178 178
-0.132190618 0.0914653063 -0.022319009 178 178 178
0.12678245 -0.141686002 0.00911666824 178 178 178
-0.093916305 0.160285798 -0.0162642475 178 178 178
0.104758898 -0.12070239 0.00807245836 178 178 178
0.125545243 0.0852938974 0.0114811773 178 178 178
-0.0844817764 0.147714754 7.74348594e-05 178 178 178
-0.173428579 -0.0825234627 -0.0241779027 178 178 178
-0.129171044 -0.153203614 -0.0115594903 178 178 178
0.0250868195 0.0267137136 0.00615861294 178 178 178
0.0266472554 -0.00463429699 0.00833769378 178 178 178
-0.143451425 -0.00835131649 -0.010935796 178 178 178
0.180669042 0.106119723 0.015129254 178 178 178
0.107711142 -0.00920621386 0.0276636702 178 178 178
0.0105517062 -0.00477238017 -0.00274031239 178 178 178
-0.0780593702 -0.00599838601 -0.0171191543 178 178 178
0.0451960148 -0.0247172058 0.00342625591 178 178 178
-0.0128768008 -0.0421683053 -0.00565939041 178 178 178
0.100137305 -0.141370798 0.0105259703 178 178 178
0.171888443 -0.0826221418 0.0131683801 178 178 178
-0.0916397029 -0.0814828585 -0.0170750879 178 178 178
0.149982419 -0.110875005 0.0126841985 178 178 178
0.167424815 0.111874785 0.0269179083 178 178 178
0.0448606392 -0.156477113 0.011297892 178 178 178
0.160770401 -0.118057434 0.0146325848 178 178 178
-0.13957715 0.01903869 -0.00500370142 178 178 178
-0.0506801754 -0.0760881755 -0.00808519517 178 178 178
0.0627157475 -0.101998208 0.0186639929 178 178 178
0.0793203121 -0.0603242488 0.00438263535 178 178 178
0.0722576619 -0.0059028834 0.00570915629 178 178 178
0.000105268036 0.0698225716 0.0023069602 178 178 178
-0.0504724198 0.18486065 -0.00233121395 178 178 178
0.0504975258 0.135173018 0.00642331278 178 178 178
0.185297578 -0.0334142681 0.0175526143 178 178 178
0.0180877383 -0.0115422352 0.00626433642 178 178 178
0.0448990454 -0.0262285785 0.00209728499 178 178 178
0.068591166 -0.109107897 0.0090866775 178 178 178
0.164016695 0.173597077 0.0073978414 178 178 178
0.0223315502 -0.177227417 -0.00121605088 178 178 178
0.133732678 -0.12490762 0.0142074661 178 178 178
-0.110935313 0.0616263667 0.00877125452 178 178 178
0.0598300067 0.0395714526 0.00488014588 178 178 178
0.0307972086 -0.0872382861 0.00477907005 178 178 178
0.0130528205 0.170886076 -0.000369316152 178 178 178
0.0227768402 -0.0373489574 0.00528391725 178 178 178
0.127662561 0.0396178272 0.0206791549 178 178 178
-0.141885622 -0.148763832 -0.00885362487 178 178 178
0.00231376446 0.160127508 0.000730858922 178 178 178
-0.0552272989 -0.155503707 -0.00251257028 178 178 178
-0.120623662 -0.0389000247 -0.0117120933 178 178 178
-0.0531093923 0.15569571 -0.00398772367 178 178 178
0.0787954727 0.179078554 0.0218367925 178 178 178
0.147316646 0.163292801 0.0168997792 178 178 178
-0.195452919 0.135495716 -0.00974900989 178 178 178
0.0195095849 -0.107071512 0.00107652397 178 178 178
0.0853526484 -0.18968444 0.000809488948 178 178 178
0.0125775906 -0.0211617659 0.00685235085 178 178 178
-0.0337435686 -0.169195716 0.0086354665 178 178 178
-0.148897688 0.199851606 -0.0166345292 178 178 178
-0.144973898 -0.190852124 0.00366256876 178 178 178
0.052870528 -0.0634311545 0.00962846167 178 178 178
0.117998497 -0.113930636 0.0145014613 178 178 178
-0.0692132123 -0.192623246 -0.00460788537 178 178 178
0.0332114109 0.00797629665 0.0108196758 178 178 178
0.110697132 -0.17743906 0.00607953081 178 178 178
0.0902786072 0.16180035 0.00212106954 178 178 178
0.138097569 0.0658614253 0.0241013679 178 178 178
0.0464578248 -0.0517097606 -0.000991387812 178 178 178
-0.0553273946 0.134764409 0.00495424667 178 178 178
-0.0618012823 0.115309834 -0.00100844334 178 178 178
0.0765116222 -0.0775388917 -0.00145211077 178 178 178
-0.00357806404 0.134933757 -0.00293682802 178 178 178
-0.0308050846 0.172902519 0.00721796372 178 178 178
-0.087623882 0.0442343874 -0.00297503622 178 178 178
-0.10861546 -0.0456521881 -0.0070845898 178 178 178
0.108818434 0.148567128 -0.000128871675 178 178 178
0.0670905409 0.182127108 0.006929772 178 178 178
-0.115604798 -0.0526408045 -0.0139203445 178 178 178
-0.194481527 -0.161270196 -0.0158039686 178 178 178
0.174837268 0.14105318 0.0179268608 178 178 178
-0.0944453167 0.0740717753 -0.0155605811 178 178 178
-0.00770552573 -0.096436482 -0.0140471186 178 178 178
-0.154625137 0.0365168925 -0.0133449705 178 178 178
-0.111279342 -0.0707223313 -0.0202274907 178 178 178
-0.124062698 0.174474268 -0.00105844604 178 178 178
-0.17394502 -0.0523918937 -0.0156022013 178 178 178
0.0503139796 -0.126236001 0.000131020356 178 178 178
-0.189801193 -0.175281376 -0.0188413411 178 178 178
-0.179669696 -0.0521912799 -0.0178292593 178 178 178
0.108077715 0.185176406 0.00463490338 178 178 178
-0.113988676 -0.0990127844 -0.0200433866 178 178 178
0.0952503553 -0.0150975725 0.0279040165 178 178 178
-0.0539256846 0.184142508 -0.00152297851 178 178 178
-0.134702489 -0.195039526 -0.00363048463 178 178 178
0.177444322 -0.081375925 0.0157530088 178 178 178
0.134286843 0.119835338 0.015901971 178 178 178
-0.112910884 -0.152534856 0.000448385938 178 178 178
-0.0356995922 0.168202431 -0.00186596279 178 178 178
-0.124090738 0.140928413 -0.0134383195 178 178 178
-0.0683624692 -0.139877195 -0.00120542862 178 178 178
0.0752696801 0.0417868859 0.00651909723 178 178 178
0.120450962 0.0171104446 0.0146347392 178 178 178
0.168466721 0.0736506861 0.00462361164 178 178 178
-0.0997349641 -0.0765263023 -0.0198783712 178 178 178
0.18649073 -0.0508809614 0.0192029564 178 178 178
0.0950273183 -0.0993492507 0.0142465664 178 178 178
0.134814163 -0.0856293426 0.015989937 178 178 178
-0.137893371 -0.129638317 -0.014704776 178 178 178
0.144908359 0.150814039 0.0170064267 178 178 178
-0.0378957469 0.159971986 -0.00389785495 178 178 178
-0.0112808633 -0.0467428649 -0.000393575813 178 178 178
0.172017315 0.0653156878 0.0170848746 178 178 178
-0.041449725 -0.00200316266 -0.00762141825 178 178 178
0.0495146158 -0.0807315744 0.00630883761 178 178 178
-0.102202926 -0.0573359109 -0.0135007183 178 178 178
-0.0969423503 0.192393558 -0.00670835371 178 178 178
-0.191676649 -0.0524658374 -0.0238899957 178 178 178
-0.0558757929 0.0346111648 -0.0075804695 178 178 178
0.081300939 0.181375884 0.0181738102 178 178 178
-0.189540571 -0.0761223814 -0.00977003849 178 178 178
0.049241196 0.116780127 -0.00036411422 178 178 178
0.0457602726 -0.157054585 0.00989857328 178 178 178
0.145691238 0.0806484599 0.0318295508 178 178 178
0.00996971709 0.122003804 -0.00714768055 178 178 178
-0.0826868037 0.133596411 0.00198358673 178 178 178
-0.0275900565 0.197903946 -0.00664895925 178 178 178
-0.0820644246 0.082942508 -0.015825815 178 178 178
-0.010998655 0.191836586 0.00290921474 178 178 178
0.0432765622 -0.079345862 0.00710044727 178 178 178
-0.173095619 0.0164958501 -0.0208025669 178 178 178
-0.148938055 -0.105135981 -0.0251279701 178 178 178
0.175617109 -0.169698513 0.0152906393 178 178 178
-0.127428453 -0.0182818571 -0.0176899313 178 178 178
-0.00609148694 0.0845792638 0.0051907104 178 178 178
0.140393415 0.0962890849 0.0139941009 178 178 178
-0.0568850875 -0.193547413 0.00500520793 178 178 178
0.0620810553 0.180495291 0.0014954279 178 178 178
0.160810731 -0.106216757 0.014144925 178 178 178
0.151483797 -0.0949899439 0.00484861219 178 178 178
-0.142022182 0.146733487 -0.00480937083 178 178 178
0.0334194108 0.161252387 0.00386968655 178 178 178
0.159399775 0.0888369649 0.0227264999 178 178 178
0.11637294 -0.0717318754 0.0132734674 178 178 178
0.107261692 -0.0141659793 0.0222285189 178 178 178
-0.116466876 0.147091682 -0.00686998489 178 178 178
-0.049906437 -0.047574355 -0.0070237433 178 178 178
-0.00812077201 0.124828777 -0.00981910217 178 178 178
0.173906027 0.109213993 0.0188127494 178 178 178
0.156228916 -0.0131826506 0.0133846616 178 178 178
0.0438065674 0.161560076 -0.000852091819 178 178 178
0.188766825 -0.0531119432 0.0209533006 178 178 178
-0.145291362 0.102357882 -0.00549507843 178 178 178
0.0783625945 0.0454242998 0.00581909368 178 178 178
0.128905259 -0.0638272012 0.0139919837 178 178 178
-0.0948210829 0.00968547445 -0.0261875525 178 178 178
-0.195344451 0.052280005 -0.0165467616 178 178 178
-0.030172622 0.0120495059 -0.00163072884 178 178 178
0.0383820105 -0.156611374 0.010240619 178 178 178
0.129555827 0.186671708 0.0128899612 178 178 178
-0.10643401 0.190638976 0.00534114188 178 178 178
0.15369788 -0.198403362 0.00702296851 178 178 178
0.0852264254 0.166127877 0.00919525947 178 178 178
-0.0833812646 0.0174868361 -0.00991828267 178 178 178
0.191994105 -0.162594117 0.00384680598 178 178 178
0.142170968 0.117738484 0.0158370758 178 178 178
-0.168184731 -0.0221155118 -0.0345843021 178 178 178
-0.0721501671 0.0881200566 -0.0150851437 178 178 178
-0.190146044 0.144618454 -0.0106152769 178 178 178
-0.0419022831 0.0111332978 -0.0097224908 178 178 178
-0.144084929 -0.169755885 -0.0105304253 178 178 178
0.164391934 0.115923261 0.0281327658 178 178 178
0.170484125 0.0776785835 0.00484042497 178 178 178
0.191191786 0.160976825 0.00182845898 178 178 178
-0.0452394694 -0.0784085638 0.00340494183 178 178 178
-0.192572571 0.121481315 -0.0185703228 178 178 178
-0.155729722 0.156369666 -0.0115958943 178 178 178
-0.0671076146 -0.0492278547 -0.0185032735 178 178 178
0.0211021989 -0.0400506682 0.00795814624 178 178 178
0.132583337 -0.0625174622 0.0142035705 178 178 178
-0.154509255 -0.18836744 -0.00729891512 178 178 178
-0.00488336506 -0.112239135 0.00319720458 178 178 178
0.127592794 -0.0743499725 0.00597733047 178 178 178
-0.00734803874 -0.157010826 -0.0110229723 178 178 178
0.0250316052 0.0975431426 0.0123249996 178 178 178
0.173224791 -0.0359067996 0.0147769494 178 178 178
-0.156893546 0.0355446881 -0.0125531615 178 178 178
0.0847034276 -0.0920087768 0.0124695521 178 178 178
-0.0165206495 -0.0534723246 -0.000461655562 178 178 178
-0.10709252 0.109134143 -0.00560566728 178 178 178
0.174209063 -0.0215239467 0.00858338761 178 178 178
0.116871832 0.0277621296 0.0228307838 178 178 178
0.143751663 -0.0401134221 0.0253282851 178 178 178
0.145344 0.0234940111 0.0171191672 178 178 178
0.0666092737 0.150144006 0.0189407155 178 178 178
-0.0741778891 -0.0843245158 -0.0113457354 178 178 178
0.184505977 -0.00415168046 0.0143329322 178 178 178
0.11312979 0.0631325418 0.0133877276 178 178 178
-0.191954175 -0.154573998 -0.0157786977 178 178 178
-0.139959585 0.191917949 -0.0123103724 178 178 178
0.0277280881 0.00757500097 0.00183762268 178 178 178
0.132456197 -0.112014642 0.0247016918 178 178 178
-0.029495527 0.104617542 0.000797466902 178 178 178
0.110548326 0.122355805 0.0133978986 178 178 178
-0.00625135995 0.0547088624 -0.00508604804 178 178 178
-0.135519349 0.175527483 -0.00873246124 178 178 178
-0.156572034 -0.159153229 -0.0110321959 178 178 178
-0.121697729 0.00873895518 -0.0198264036 178 178 178
-0.1959963 0.0990041065 -0.0172963157 178 178 178
-0.131976974 0.181768557 -0.00659322751 178 178 178
0.115988384 0.0460040536 0.0114498458 178 178 178
0.171650058 0.0325266714 0.0276173196 178 178 178
-0.167808021 -0.0320162213 -0.0289866885 178 178 178
-0.126184605 0.0378513778 -0.0176571766 178 178 178
0.125487575 0.00901870707 0.00742064601 178 178 178
0.132758872 0.157263144 0.0169788401 178 178 178
-0.193018611 0.13448078 -0.0107674813 178 178 178
0.161490961 0.0938075312 0.0203144034 178 178 178
-0.094898272 0.171336102 -0.0141357716 178 178 178
0.000763394222 -0.177016834 -0.000664755974 178 178 178
0.051581509 0.11073216 0.00599182428 178 178 178
0.122538872 -0.017110446 0.00143790298 178 178 178
-0.11691756 0.112615149 -0.012741712 178 178 178
0.189889528 -0.0943683786 0.0208542813 178 178 178
0.131794086 -0.013454516 0.00669690499 178 178 178
0.175927363 0.125800145 0.0209104299 178 178 178
0.115287072 -0.187696458 0.00557991502 178 178 178
0.142527004 -0.0803478952 0.0180196303 178 178 178
-0.0601748478 -0.00496190958 -0.00762198394 178 178 178
0.0389365448 0.13567851 0.00152517086 178 178 178
-0.0549558544 -0.0801968092 -0.00834184834 178 178 178
0.149364207 0.11695935 0.0144104222 178 178 178
0.120823733 -0.100189128 0.0153709439 178 178 178
-0.136281369 -0.0722754031 -0.0266437876 178 178 178
0.0995305259 0.019758039 0.0188787177 178 178 178
-0.1542042 0.0736224884 -0.0218043422 178 178 178
-0.081906325 0.160415844 -0.00326731013 178 178 178
-0.110466494 0.162414012 -0.00231921201 178 178 178
0.199091463 -0.10961286 0.0131758131 178 178 178
-0.17169078 0.109744274 -0.0187900203 178 178 178
0.0366110012 0.0608604331 -0.00291190537 178 178 178
-0.196761721 -0.0292975674 -0.00905405941 178 178 178
0.122065771 0.100314992 0.00779040548 178 178 178
0.0675420775 0.149927258 0.0187572852 178 178 178
-0.143195434 -0.0051370021 -0.00994736552 178 178 178
-0.138818993 0.166978907 -0.0125109538 178 178 178
0.184358396 -0.159214762 0.0176556106 178 178 178
0.179594661 -0.136991023 0.0195588687 178 178 178
0.00574548662 0.0971248715 0.0111225495 178 178 178
-0.124584046 -0.0646548819 -0.0274448191 178 178 178
-0.00432641813 0.036847264 -0.00723294981 178 178 178
0.00903665249 0.00314963098 -0.0104643433 178 178 178
-0.0346199497 -0.145178839 0.00302724963 178 178 178
-0.0789833843 0.103319276 -0.0169050354 178 178 178
0.184799326 0.0803111806 0.030033331 178 178 178
-0.0523080153 -0.137979005 0.00493397803 178 178 178
-0.146470918 -0.0824897974 -0.0229840455 178 178 178
-0.0360863781 0.115745533 -0.0130558706 178 178 178
-0.189448046 0.18129155 -0.0119943243 178 178 178
-0.199939977 0.159880581 0.00217895247 178 178 178
0.0714563779 -0.00456239832 0.00894170211 178 178 178
0.0304458375 -0.0597917629 -0.00679336415 178 178 178
-0.0535597106 -0.0168649135 -0.0095202841 178 178 178
-0.1344716 -0.121145217 -0.00636477928 178 178 178
0.0179182854 -0.0028314253 0.000941504007 178 178 178
-0.00500038697 -0.112160279 0.00315744899 178 178 178
0.12628325 -0.14127132 0.00908638207 178 178 178
0.157413668 -0.0581221945 0.0172637865 178 178 178
-0.0100870396 -0.169212291 -0.017835363 178 178 178
0.179682438 -0.0209116481 0.0144734505 178 178 178
0.188286584 0.0756416904 0.0229490623 178 178 178
-0.166200121 0.0758601432 -0.0292699209 178 178 178
-0.027826019 0.186346151 0.0168399135 178 178 178
-0.0603927718 0.157805371 -0.0129305693 178 178 178
0.0392056359 0.0498454016 0.0063490584 178 178 178
0.0640526117 0.156674743 0.0204529315 178 178 178
-0.053062134 -0.0239631733 -0.00524881872 178 178 178
-0.0529788518 0.118523305 -0.00883642786 178 178 178
0.0840557534 -0.0914579651 0.0118397955 178 178 178
-0.144358773 0.0171987938 0.00213429576 178 178 178
-0.00756243317 0.190852594 -0.00150070978 178 178 178
0.137970784 0.0403496499 0.0251771737 178 178 178
0.0868512281 2.57183134e-05 -0.000775716426 178 178 178
-0.182283404 0.116800155 -0.0205187849 178 178 178
-0.0495772164 -0.0718476125 -0.0119205819 178 178 178
-0.140030084 0.135229297 -0.00891046921 178 178 178
-0.0290387758 -0.191356962 -0.0101913321 178 178 178
0.0513295442 -0.10485457 0.0138943896 178 178 178
-0.138579009 -0.117455588 -0.0134009672 178 178 178
-0.158576293 -0.088355538 -0.0272843137 178 178 178
0.0824897315 0.177293143 0.0148928245 178 178 178
0.0248912324 -0.186157393 -0.00279388381 178 178 178
-0.196748999 -0.0686832103 -0.0223284602 178 178 178
-0.0830246334 0.0363605396 -0.0106903801 178 178 178
-0.136308105 0.0820921333 -0.00772656228 178 178 178
0.0827178291 0.10025398 0.0133577107 178 178 178
0.166693541 -0.0583691146 0.0216855761 178 178 178
-0.0970806456 -0.110349267 -0.0149941862 178 178 178
0.033136188 0.140580837 0.00130765295 178 178 178
0.141399337 -0.150812302 0.0156764247 178 178 178
-0.0169329337 -0.171436294 -0.0153411045 178 178 178
0.00722770195 -0.102092481 0.00939360123 178 178 178
-0.0229969052 -0.00101545016 -0.00327654341 178 178 178
0.0630136959 0.177314392 0.00777228681 178 178 178
0.0784640522 0.0911397052 0.0189007026 178 178 178
-0.184507365 0.0297670778 -0.0190871897 178 178 178
-0.179624371 0.0114951665 -0.0274536954 178 178 178
0.175687533 0.0689071856 0.0214490573 178 178 178
-0.0314899199 0.0502257674 -0.00534558918 178 178 178
0.148191442 -0.0649156071 0.0161897906 178 178 178
-0.127245402 -0.158676205 -0.00845967789 178 178 178
0.108111693 -0.117612374 0.00834441671 178 178 178
0.177890891 0.110134587 0.0156080301 178 178 178
0.036319202 0.0583683222 -0.00127293059 178 178 178
-0.07002346 0.118779181 -0.0060112711 178 178 178
-0.194992275 -0.171062161 -0.0196598495 178 178 178
0.105145416 0.154311988 0.00553917001 178 178 178
0.176045379 -0.0606666214 0.021137063 178 178 178
-0.0503911595 0.167815501 -0.0117715045 178 178 178
0.0857894234 0.0429943083 0.0125840703 178 178 178
0.026782647 0.0107082594 -0.000200035998 178 178 178
0.129974123 0.120356563 0.012193017 178 178 178
-0.0583959572 0.0466422681 -0.0105179924 178 178 178
-0.00534502182 0.0657241605 -0.00568262003 178 178 178
0.0627567213 -0.139932212 -0.000558559032 178 178 178
0.185238976 0.0354012194 0.0242410248 178 178 178
-0.0487455124 -0.044762783 -0.00723676611 178 178 178
0.0790492264 -0.166658196 0.0130214577 178 178 178
-0.14840537 -0.147086876 -0.00687591132 178 178 178
-0.136969124 -0.00615068086 -0.0155990229 178 178 178
-0.110854986 -0.0946931105 -0.0214915442 178 178 178
-0.00600397952 0.109410233 -0.00730604886 178 178 178
0.164317378 -0.155895904 0.0123298304 178 178 178
-0.0725603487 -0.196149187 -0.00107811591 178 178 178
0.181040543 0.197661094 0.00157395732 178 178 178
-0.0601347335 -0.0779911533 -0.0201755476 178 178 178
0.127926164 -0.00599530583 0.00460447574 178 178 178
-0.18778534 -0.108042216 -0.0205400756 178 178 178
0.199183095 -0.121096686 0.00886093482 178 178 178
-0.0446016322 -0.0412911511 -0.0037676184 178 178 178
-0.144075905 0.113188268 -0.00966524554 178 178 178
0.177492121 -0.191088506 0.00655682913 178 178 178
-0.0870955919 0.138895177 0.0068673295 178 178 178
0.10718028 0.193345983 -0.00443270907 178 178 178
0.150619543 0.0131737385 0.0170622592 178 178 178
-0.0156441224 -0.0561269881 0.00149423152 178 178 178
0.0198115748 -0.103829487 0.002521784 178 178 178
-0.0956358049 -0.129349835 -0.00976380989 178 178 178
0.0337999148 -0.0662808121 0.00642928897 178 178 178
0.0268782966 0.146884291 0.00853541808 178 178 178
-0.181316871 -0.19571295 -0.0118781646 178 178 178
-0.165704531 0.115532736 -0.019518222 178 178 178
-0.0487041435 0.0663489544 0.00977251061 178 178 178
-0.0355217266 -0.192019046 -0.0114756269 178 178 178
0.0432074763 -0.175633067 -0.000244347823 178 178 178
0.159793483 0.0845204786 0.0153097374 178 178 178
0.00279991734 0.0700430305 0.0056018016 178 178 178
-0.0537271958 -0.0675900592 -0.0170225016 178 178 178
0.129370353 0.141039475 0.014193748 178 178 178
-0.193731272 -0.10888603 -0.0224511697 178 178 178
0.173195901 -0.0392971796 0.0139593148 178 178 178
0.0644487896 -0.155962007 0.00563890315 178 178 178
0.150172902 0.0478235737 0.0257451539 178 178 178
-0.193776961 -0.149239393 -0.0162482073 178 178 178
-0.123878684 -0.11827805 -0.00447127037 178 178 178
0.00988361312 0.109141261 0.00380029705 178 178 178
0.0598434544 -0.00684670502 0.0217475031 178 178 178
-0.100810681 0.071437592 -0.00697738242 178 178 178
0.139576323 0.0850722198 0.018973861 178 178 178
-0.187466727 0.0561540164 -0.0265853253 178 178 178
0.0731700027 -0.121591241 0.00301493377 178 178 178
-0.193941958 0.0877678126 -0.0150624967 178 178 178
0.0866334339 -0.160971728 0.0116194222 178 178 178
-0.0558519137 -0.0852493377 -0.000593330691 178 178 178
-0.0221386158 -0.0111765521 0.00191694558 178 178 178
0.0679409993 -0.161778096 0.00970956724 178 178 178
-0.00872977686 -0.154182516 -0.00896652328 178 178 178
-0.17602273 0.0693050418 -0.0312172293 178 178 178
0.191047144 0.0873419079 0.0231343527 178 178 178
0.0455007388 -0.0547733437 0.00351911342 178 178 178
-0.154330628 -0.0327163027 -0.0164633307 178 178 178
0.175000079 -0.11982958 0.0072180679 178 178 178
-0.168248307 0.0217737992 -0.0159365243 178 178 178
-0.0333442252 0.0425494256 -0.0053534609 178 178 178
-0.0230847417 0.173875871 0.00282714132 178 178 178
0.176700961 -0.184353702 0.0135808797 178 178 178
0.192264967 0.154501464 0.00637144381 178 178 178
0.101908843 0.19370004 -0.0070739285 178 178 178
-0.146548868 -0.0546407877 -0.0148278805 178 178 178
0.0773016158 0.0828122295 0.017590983 178 178 178
0.172306086 0.123669469 0.0232452972 178 178 178
-0.194545703 0.0754292168 -0.0204722277 178 178 178
0.115573202 -0.0928244765 0.00728036701 178 178 178
-0.063740225 0.0576389784 0.00531795615 178 178 178
-0.127186126 0.156099547 -0.00293420285 178 178 178
-0.0257638071 -0.153531934 0.00502364512 178 178 178
-0.136092935 0.0055799334 -0.0098034802 178 178 178
-0.00660501759 -0.19281422 0.0013084016 178 178 178
-0.0134596003 0.132979879 -0.00717974152 178 178 178
0.146333493 0.096972538 0.0200973488 178 178 178
-0.178692693 -0.175578493 -0.00957079543 178 178 178
-0.176321364 0.107544711 -0.0172310343 178 178 178
0.151123169 0.0683307146 0.0193157328 178 178 178
0.189192409 -0.162146264 0.00783524309 178 178 178
-0.135652221 0.0110774347 -0.0076176034 178 178 178
0.134170484 0.072622082 0.0189615515 178 178 178
0.161780754 -0.0745477936 0.013896915 178 178 178
0.072301395 0.00741173989 0.0149401017 178 178 178
-0.0402812519 0.19722764 -0.0114059401 178 178 178
0.0535641783 0.050354728 0.00488736053 178 178 178
0.0729948142 0.000120003877 0.0121094536 178 178 178
0.00557973917 -0.169449277 0.00259534564 178 178 178
0.146362058 -0.151638295 0.0153956308 178 178 178
0.040457176 0.13358914 0.00200129082 178 178 178
0.18290333 0.0905901052 0.0223865004 178 178 178
-0.127385014 0.136788475 -0.0188148073 178 178 178
-0.0446639658 0.0351381848 0.00105509934 178 178 178
-0.0889965717 0.0353119753 -0.00954527428 178 178 178
-0.106263595 0.0197645707 -0.0190096409 178 178 178
0.164183154 0.0873767618 0.00817547709 178 178 178
0.103305102 -0.0703418579 0.00732721292 178 178 178
0.0133473965 0.00792945002 -0.011035297 178 178 178
0.173541573 -0.0231831828 0.00836925405 178 178 178
-0.107907333 0.0644235862 0.00402880786 178 178 178
-0.135362294 -0.103919568 -0.0114613375 178 178 178
0.0415966179 -0.19040726 -0.00211527875 178 178 178
-0.15418536 -0.164393399 -0.0150143391 178 178 178
-0.12345949 -0.114469439 -0.00333426032 178 178 178
0.0892098348 0.134315386 0.00561923812 178 178 178
-0.0103856565 0.0894816463 0.0041036014 178 178 178
-0.146139176 0.10149198 -0.0051040391 178 178 178
-0.0516116882 -0.0214344571 -0.00596075801 178 178 178
-0.059234476 -0.159130867 -0.00576502598 178 178 178
0.125854251 -0.0111303477 0.00306669873 178 178 178
0.115235152 0.142352717 0.00901753764 178 178 178
0.0960853938 0.00538602596 0.01271058 178 178 178
0.0171868275 0.0511259701 -0.00430928929 178 178 178
0.0810644736 -0.0459629127 0.00496150287 178 178 178
0.00161244147 -0.130497524 -0.010893626 178 178 178
-0.038588271 0.0480385016 -0.00155890179 178 178 178
-0.0913530394 0.00112402625 -0.0204640119 178 178 178
-0.131609965 -0.0573794429 -0.0251581379 178 178 178
-0.131776732 -0.0869457398 -0.015012902 178 178 178
0.198849173 0.0746877609 0.0111487483 178 178 178
-0.000417154977 -0.0726475126 0.00677332555 178 178 178
-0.0934729604 0.0391380255 -0.00157680863 178 178 178
-0.142902521 -0.0905495634 -0.0173497876 178 178 178
-0.112699586 0.107069906 -0.00912608312 178 178 178
0.108852771 -0.0486901487 0.0124535664 178 178 178
-0.160820783 0.000147472106 -0.0126542202 178 178 178
-0.0600026755 0.176516771 -0.00762933603 178 178 178
-0.0174768855 0.088785007 0.00688456262 178 178 178
0.152885664 0.080108474 0.0266592896 178 178 178
0.186391702 -0.0737081592 0.0181883714 178 178 178
-0.0731868076 0.145805282 0.00312679999 178 178 178
-0.199922375 -0.0425372284 -0.00713033433 178 178 178
0.0794447126 0.19987906 0.00693317721 178 178 178
0.0586332196 0.164298429 0.0198803282 178 178 178
-0.113154383 0.0741487782 -0.00918315712 178 178 178
-0.132411188 0.139049671 -0.0110576813 178 178 178
0.00955960906 0.0088865117 -0.0145505396 178 178 178
0.136357303 0.0835606037 0.0154196456 178 178 178
0.169844399 -0.155399635 0.017701399 178 178 178
0.0853560046 0.19001517 0.00926758498 178 178 178
-0.0582000961 0.117320648 -0.00300141238 178 178 178
-0.061607172 -0.136462117 0.00375477207 178 178 178
0.0981263894 -0.0964510506 0.0144842243 178 178 178
-0.0804207413 0.029118001 -0.00345876372 178 178 178
-0.0225169478 0.104400752 -0.00275841466 178 178 178
0.00736045652 -0.146435156 0.00423596572 178 178 178
-0.163828006 0.19834926 -0.00274479721 178 178 178
-0.137932401 -0.0607734197 -0.0260113012 178 178 178
0.130615628 0.188822454 0.0134644055 178 178 178
-0.106639971 0.0992721453 -0.0024731702 178 178 178
-0.0928936403 0.00242608197 -0.0225393917 178 178 178
-0.003447265 -0.0450050481 0.00345643504 178 178 178
-0.0908470586 -0.162787407 -0.00959570072 178 178 178
-0.176203575 -0.153816965 -0.0179449721 178 178 178
-0.0178843411 0.0538343682 -0.0108333012 178 178 178
0.0899820422 0.112081012 0.00471323794 178 178 178
0.172018903 0.148466442 0.0118634933 178 178 178
0.0227770453 -0.0570928637 0.000881365763 178 178 178
0.035970949 0.171683004 0.00133340402 178 178 178
0.188878971 -0.0816684608 0.0171525916 178 178 178
0.0592481657 0.174166773 0.00667906405 178 178 178
-0.122994566 0.181010332 0.00391035278 178 178 178
0.0594699338 -0.132703112 0.000662998093 178 178 178
0.122451157 0.138433223 0.0213545313 178 178 178
-0.138691238 0.080672368 -0.00806832468 178 178 178
-0.162517904 0.0843519339 -0.0244133567 178 178 178
-0.0779873646 0.139222731 0.00224850772 178 178 178
-0.0374700188 0.0103034208 -0.00648113479 178 178 178
0.0828608204 0.00670327579 0.00919822856 178 178 178
0.0298700407 -0.0584192217 -0.0102567739 178 178 178
0.155440781 0.135532841 0.0166630205 178 178 178
0.10251039 0.163285395 0.000857590064 178 178 178
0.0996057135 -0.13258037 0.0100741734 178 178 178
0.0954200963 0.102093478 -0.00283658235 178 178 178
-0.00801600986 -0.0848806652 -0.0073198389 178 178 178
-0.0745673183 -0.12833984 -0.0139517414 178 178 178
0.0765040909 -0.125148535 0.00509051215 178 178 178
