ply
format ascii 1.0
comment VisionMCP reconstruction mesh
element vertex 4856
property float x
property float y
property float z
element face 8392
property list uchar int vertex_indices
end_header
-0.123906867 -0.00612816591 0.27
-0.118998382 -0.0110366513 0.27
-0.118998382 -0.00612816591 0.265091515
-0.123790367 0.00387183409 0.24
-0.118998382 -0.000920150469 0.24
-0.118998382 0.00387183409 0.235208015
-0.123514155 0.00387183409 0.25
-0.118998382 -0.000643937777 0.25
-0.123245729 0.00387183409 0.26
-0.118998382 -0.000375516604 0.26
-0.122871184 0.00387183409 0.27
-0.128998382 0.0190141986 0.22
-0.118998382 0.0189132998 0.22
-0.118998382 0.0238718341 0.215041466
-0.128998382 0.0238718341 0.215142365
-0.128998382 0.0192207358 0.23
-0.118998382 0.0191145537 0.23
-0.128998382 0.0194592879 0.24
-0.118998382 0.0197758983 0.24
-0.128998382 0.0202387164 0.25
-0.118998382 0.0200846313 0.25
-0.128998382 0.0206149219 0.26
-0.118998382 0.0204466842 0.26
-0.12340185 0.0338718341 0.17
-0.118998382 0.0294683669 0.17
-0.118998382 0.0338718341 0.165596523
-0.128998382 0.0338718341 0.175447769
-0.128998382 0.0293196033 0.18
-0.118998382 0.0296207259 0.18
-0.128998382 0.0338718341 0.184552231
-0.123069232 0.0338718341 0.19
-0.118998382 0.0298009799 0.19
-0.122857102 0.0338718341 0.2
-0.118998382 0.0300131152 0.2
-0.122607979 0.0338718341 0.21
-0.118998382 0.030262234 0.21
-0.128998382 0.0287294696 0.22
-0.122315211 0.0338718341 0.22
-0.121216819 0.0338718341 0.23
-0.128998382 0.0285229323 0.23
-0.120721362 0.0338718341 0.24
-0.128998382 0.0282843802 0.24
-0.120121796 0.0338718341 0.25
-0.128998382 0.0275049518 0.25
-0.119386816 0.0338718341 0.26
-0.128998382 0.0271287463 0.26
-0.118998382 0.0338718341 0.264463081
-0.128998382 0.0238718341 0.263256912
-0.118998382 0.0238718341 0.26342514
-0.118998382 0.0349952434 0.25
-0.118998382 0.0438718341 0.255636063
-0.123362314 0.0438718341 0.26
-0.123978013 0.0538718341 0.09
-0.118998382 0.0488922046 0.09
-0.118998382 0.0538718341 0.0850203705
-0.123927381 0.0538718341 0.1
-0.118998382 0.0489428256 0.1
-0.118998382 0.0538718341 0.146403885
-0.124340743 0.0538718341 0.14
-0.128998382 0.0492142032 0.14
-0.118998382 0.050275719 0.15
-0.128998382 0.0491621326 0.15
-0.128998382 0.0538718341 0.154709702
-0.122648275 0.0538718341 0.16
-0.118998382 0.0502219317 0.16
-0.122670975 0.0538718341 0.17
-0.118998382 0.0501992343 0.17
-0.122664259 0.0538718341 0.18
-0.118998382 0.0502059482 0.18
-0.128998382 0.0538718341 0.187003345
-0.128998382 0.0508751796 0.19
-0.118998382 0.0504447482 0.19
-0.128998382 0.0509223483 0.2
-0.118998382 0.0505029414 0.2
-0.128998382 0.0512471698 0.21
-0.118998382 0.0530907558 0.21
-0.128998382 0.0538718341 0.212624664
-0.11959919 0.0538718341 0.22
-0.118998382 0.0532710193 0.22
-0.119352085 0.0538718341 0.23
-0.118998382 0.0535181354 0.23
-0.119030117 0.0538718341 0.24
-0.118998382 0.0538400958 0.24
-0.118998382 0.0538718341 0.240805969
-0.118998382 0.0529181216 0.26
-0.108998382 -0.00108033914 0.24
-0.108998382 0.00387183409 0.235047836
-0.108998382 -0.000816896151 0.25
-0.108998382 -0.000331409167 0.26
-0.114089896 -0.00612816591 0.27
-0.108998382 -5.67216726e-06 0.27
-0.113924471 0.0138718341 0.2
-0.108998382 0.00894574385 0.2
-0.108998382 0.0138718341 0.19507391
-0.11371454 0.0138718341 0.21
-0.108998382 0.00915567618 0.21
-0.113472161 0.0138718341 0.22
-0.108998382 0.0093980525 0.22
-0.113191096 0.0138718341 0.23
-0.108998382 0.0096791194 0.23
-0.118998382 0.00866381865 0.24
-0.112715833 0.0138718341 0.24
-0.112307083 0.0138718341 0.25
-0.118998382 0.00838760595 0.25
-0.111820055 0.0138718341 0.26
-0.118998382 0.00811918478 0.26
-0.111232266 0.0138718341 0.27
-0.118998382 0.00774463873 0.27
-0.113144575 0.0238718341 0.19
-0.108998382 0.0197256396 0.19
-0.108998382 0.0238718341 0.185853806
-0.112883733 0.0238718341 0.2
-0.11403985 0.0238718341 0.22
-0.108998382 0.0238718341 0.225462055
-0.108998382 0.0183456157 0.22
-0.112222304 0.0238718341 0.27
-0.113762992 0.0338718341 0.16
-0.108998382 0.02910722 0.16
-0.108998382 0.0338718341 0.155235386
-0.108998382 0.0292331908 0.17
-0.108998382 0.0293822787 0.18
-0.108998382 0.0300017474 0.21
-0.108998382 0.0238718341 0.203885345
-0.108998382 0.0308911918 0.22
-0.108998382 0.0338718341 0.264352703
-0.108998382 0.0317725108 0.27
-0.113919485 0.0438718341 0.02
-0.108998382 0.0389298747 0.02
-0.108998382 0.0438718341 0.0150347185
-0.108998382 0.0438718341 0.0249606657
-0.109060266 0.0438718341 0.04
-0.108998382 0.0438066409 0.04
-0.108998382 0.0438718341 0.0399371338
-0.108998382 0.0438718341 0.0400645256
-0.109066329 0.0438718341 0.06
-0.108998382 0.0437990115 0.06
-0.108998382 0.0438718341 0.0599291611
-0.109122415 0.0438718341 0.07
-0.108998382 0.0437394832 0.07
-0.108998382 0.0438718341 0.0748539639
-0.113193829 0.0438718341 0.11
-0.108998382 0.0396763919 0.11
-0.108998382 0.0438718341 0.101548395
-0.113143368 0.0438718341 0.12
-0.108998382 0.0397268413 0.12
-0.112921915 0.0438718341 0.13
-0.108998382 0.0399483035 0.13
-0.112826585 0.0438718341 0.14
-0.108998382 0.0400436328 0.14
-0.112057828 0.0438718341 0.15
-0.108998382 0.0408123897 0.15
-0.111880866 0.0438718341 0.16
-0.111663321 0.0438718341 0.17
-0.118998382 0.0382753108 0.17
-0.111207708 0.0438718341 0.18
-0.118998382 0.0381229518 0.18
-0.110884976 0.0438718341 0.19
-0.118998382 0.0379426883 0.19
-0.109323124 0.0438718341 0.2
-0.118998382 0.037730553 0.2
-0.108998382 0.0438718341 0.205568199
-0.108998382 0.043465874 0.21
-0.118998382 0.0374814342 0.21
-0.118998382 0.0371886561 0.22
-0.108998382 0.0420885394 0.22
-0.118998382 0.0360902713 0.23
-0.108998382 0.0406983111 0.23
-0.118998382 0.0355948184 0.24
-0.108998382 0.0391895221 0.24
-0.110762056 0.0438718341 0.25
-0.108998382 0.0438718341 0.245263443
-0.118998382 0.0438718341 0.264363937
-0.108998382 0.0438718341 0.262016468
-0.108998382 0.043934109 0.04
-0.108998382 0.0439413569 0.06
-0.108998382 0.0439985583 0.07
-0.114017515 0.0538718341 0.09
-0.108998382 0.0480168269 0.12
-0.108998382 0.0538718341 0.125953751
-0.113044623 0.0538718341 0.13
-0.113121632 0.0538718341 0.14
-0.108998382 0.0452163432 0.21
-0.108998382 0.0477157138 0.22
-0.108998382 0.0496898768 0.23
-0.108998382 0.0513540195 0.24
-0.114068548 0.0538718341 0.25
-0.108998382 0.0467005847 0.26
-0.108998382 0.0538718341 0.250875397
-0.0989983816 0.00387183409 0.245311832
-0.104046211 0.00387183409 0.24
-0.0989983816 -0.000816323946 0.25
-0.0989983816 -0.000507705401 0.26
-0.0989983816 -0.000146758746 0.27
-0.0989983816 0.0138718341 0.205115166
-0.104072294 0.0138718341 0.2
-0.0989983816 0.00898699026 0.21
-0.0989983816 0.00938422423 0.22
-0.0989983816 0.00966745596 0.23
-0.0989983816 0.00999790411 0.24
-0.0989983816 0.0195873855 0.19
-0.0989983816 0.0238718341 0.183297329
-0.0989983816 0.0200506423 0.2
-0.108998382 0.018587992 0.21
-0.102509737 0.0238718341 0.21
-0.102246668 0.0238718341 0.22
-0.0992003531 0.0338718341 0.16
-0.0999327798 0.0338718341 0.17
-0.100546374 0.0338718341 0.18
-0.0989983816 0.0338718341 0.186973934
-0.103135869 0.0338718341 0.26
-0.0989983816 0.0338718341 0.252800655
-0.0989983816 0.0321506522 0.26
-0.0989983816 0.0286375354 0.27
-0.103345289 0.0438718341 0.02
-0.108914694 0.0438718341 0.04
-0.108903465 0.0438718341 0.06
-0.108688664 0.0438718341 0.07
-0.102959172 0.0438718341 0.11
-0.103130974 0.0438718341 0.12
-0.10363661 0.0438718341 0.13
-0.103386898 0.0438718341 0.14
-0.104418931 0.0438718341 0.15
-0.103985507 0.0438718341 0.16
-0.104573686 0.0438718341 0.17
-0.103899562 0.0438718341 0.18
-0.0989983816 0.0353004954 0.19
-0.105253887 0.0438718341 0.19
-0.0989983816 0.0438718341 0.197829494
-0.105246469 0.0438718341 0.21
-0.0989983816 0.0438718341 0.216515541
-0.0989983816 0.043044617 0.22
-0.0989983816 0.040409138 0.23
-0.0989983816 0.0374579165 0.24
-0.0989983816 0.0438718341 0.243799877
-0.0989983816 0.0363251613 0.26
-0.0989983816 0.0438718341 0.262778053
-0.102852587 0.0538718341 -0.01
-0.0989983816 0.0500176356 -0.01
-0.0989983816 0.0538718341 -0.0138542056
-0.108998382 0.0487929461 0.02
-0.108998382 0.0480672763 0.11
-0.102714853 0.0538718341 0.13
-0.102258207 0.0538718341 0.14
-0.101290683 0.0538718341 0.15
-0.101639645 0.0538718341 0.16
-0.102038688 0.0538718341 0.17
-0.100036401 0.0538718341 0.18
-0.10237195 0.0538718341 0.19
-0.0989983816 0.0506392406 0.2
-0.100782377 0.0538718341 0.2
-0.0989983816 0.0471202777 0.21
-0.102494926 0.0538718341 0.21
-0.103605029 0.0538718341 0.22
-0.0989983816 0.0538718341 0.22356535
-0.0989983816 0.0468609164 0.23
-0.106931173 0.0538718341 0.24
-0.0989983816 0.0538718341 0.23425436
-0.0989983816 0.0472636531 0.25
-0.108369238 0.0538718341 0.25
-0.0989983816 0.0464090274 0.26
-0.108998382 0.0579180835 0.13
-0.108998382 0.0579950831 0.14
-0.108998382 0.0580436061 0.15
-0.108998382 0.0578791926 0.16
-0.108998382 0.0578851626 0.17
-0.108998382 0.0578653262 0.18
-0.108998382 0.0578200458 0.19
-0.0939415498 -0.00612816591 0.26
-0.0889983816 -0.0110713365 0.26
-0.0889983816 -0.00612816591 0.255056839
-0.0936287517 -0.00612816591 0.27
-0.0889983816 -0.0107585408 0.27
-0.0890010328 0.00387183409 0.23
-0.0889983816 0.00386917334 0.23
-0.0889983816 0.00387183409 0.229997158
-0.0936926789 0.00387183409 0.24
-0.0889983816 -0.000822465609 0.24
-0.0889983816 -0.000739057253 0.25
-0.0913100214 0.0138718341 0.21
-0.0894482298 0.0138718341 0.22
-0.0889983816 0.0138718341 0.221842098
-0.0927710171 0.0238718341 0.19
-0.0924808974 0.0238718341 0.2
-0.0932872147 0.0238718341 0.21
-0.0889983816 0.0238718341 0.219037704
-0.0889983816 0.0185702632 0.22
-0.0989983816 0.0138718341 0.273971138
-0.0989983816 0.0238718341 0.271916046
-0.0889983816 0.0138718341 0.272268562
-0.0889983816 0.0238718341 0.275114441
-0.0971889539 0.0338718341 0.19
-0.092673902 0.0338718341 0.2
-0.0931308002 0.0338718341 0.21
-0.0889983816 0.0252052901 0.22
-0.094158041 0.0338718341 0.22
-0.0889983816 0.0297372935 0.23
-0.0933100552 0.0338718341 0.23
-0.0889983816 0.0256037353 0.24
-0.0959427137 0.0338718341 0.24
-0.0889983816 0.0338718341 0.247859364
-0.0889983816 0.0338718341 0.252756538
-0.0889983816 0.030150101 0.26
-0.0889983816 0.0283737681 0.27
-0.0934758253 0.0438718341 -0.02
-0.0889983816 0.0393943904 -0.02
-0.0889983816 0.0438718341 -0.0244774437
-0.0934198589 0.0438718341 -0.01
-0.0889983816 0.039450352 -0.01
-0.0889983816 0.0438718341 -0.00151428699
-0.0973104186 0.0438718341 0.2
-0.0982108326 0.0438718341 0.21
-0.0889983816 0.035097935 0.25
-0.0950266332 0.0438718341 0.25
-0.0902328129 0.0438718341 0.26
-0.0889983816 0.0538718341 -0.0129267669
-0.0889983816 0.0483492778 -0.02
-0.0989983816 0.0538718341 -0.00614579678
-0.0889983816 0.0538718341 -0.00236457825
-0.0958367724 0.0538718341 0.23
-0.091847424 0.0638718341 -0.01
-0.0989983816 0.0577260325 -0.01
-0.0889983816 0.0638718341 -0.0128490424
-0.0889983816 0.0638718341 -0.00422877789
-0.0989983816 0.0557253383 0.23
-0.0889983816 0.0667208789 -0.01
-0.082981822 -0.0961281659 -0.01
-0.0789983816 -0.100111609 -0.01
-0.0789983816 -0.0961281659 -0.0139834428
-0.0812924404 -0.0861281659 -0.01
-0.0789983816 -0.0861281659 -0.0122940612
-0.0789983816 -0.0864666178 0
-0.0789983816 -0.0961281659 -0.0060165596
-0.0793368358 -0.0861281659 0
-0.0789983816 -0.0861281659 0.00151752472
-0.081972887 -0.0761281659 -0.01
-0.0789983816 -0.0761281659 -0.0129745054
-0.0819474096 -0.0761281659 0
-0.0789983816 -0.0806629731 0.01
-0.0817627401 -0.0761281659 0.01
-0.081978528 -0.0761281659 0.02
-0.0789983816 -0.082105086 0.02
-0.0821390409 -0.0761281659 0.03
-0.0789983816 -0.0822131516 0.03
-0.0815087051 -0.0761281659 0.04
-0.0789983816 -0.0817701652 0.04
-0.0813066644 -0.0761281659 0.05
-0.0789983816 -0.0799882915 0.05
-0.0811829347 -0.0761281659 0.06
-0.0789983816 -0.0792905166 0.06
-0.0813279075 -0.0761281659 0.07
-0.0789983816 -0.07897877 0.07
-0.0807294101 -0.0761281659 0.08
-0.0789983816 -0.079182842 0.08
-0.0804758472 -0.0761281659 0.09
-0.0789983816 -0.0788944699 0.09
-0.0799515123 -0.0761281659 0.1
-0.0789983816 -0.077898915 0.1
-0.0789983816 -0.0761281659 0.105118961
-0.081751153 -0.0661281659 -0.01
-0.0789983816 -0.0661281659 -0.012752769
-0.0828403539 -0.0661281659 0
-0.0829540462 -0.0661281659 0.01
-0.0820971079 -0.0661281659 0.02
-0.0823080988 -0.0661281659 0.03
-0.0819230337 -0.0661281659 0.04
-0.0823925228 -0.0661281659 0.05
-0.0825224609 -0.0661281659 0.06
-0.0824411411 -0.0661281659 0.07
-0.0814849729 -0.0661281659 0.08
-0.0806000824 -0.0661281659 0.09
-0.0799062271 -0.0661281659 0.1
-0.0789983816 -0.0706852939 0.11
-0.0796939726 -0.0661281659 0.11
-0.0792956753 -0.0661281659 0.12
-0.0789983816 -0.0682666375 0.12
-0.0789983816 -0.0661281659 0.126468544
-0.082492959 -0.0561281659 -0.01
-0.0789983816 -0.0561281659 -0.0134945774
-0.0832951946 -0.0561281659 0
-0.0819786472 -0.0561281659 0.01
-0.0822996254 -0.0561281659 0.02
-0.0825300998 -0.0561281659 0.03
-0.082987072 -0.0561281659 0.04
-0.0830984039 -0.0561281659 0.05
-0.0825261183 -0.0561281659 0.06
-0.0825359888 -0.0561281659 0.07
-0.0818409271 -0.0561281659 0.08
-0.0804847688 -0.0561281659 0.09
-0.0805477876 -0.0561281659 0.1
-0.0802218933 -0.0561281659 0.11
-0.0797548218 -0.0561281659 0.12
-0.0789983816 -0.0625952889 0.13
-0.0792830915 -0.0561281659 0.13
-0.0789983816 -0.0561281659 0.134539032
-0.0825805778 -0.0461281659 -0.01
-0.0789983816 -0.0461281659 -0.0135821939
-0.0829121895 -0.0461281659 0
-0.082343337 -0.0461281659 0.01
-0.0827825947 -0.0461281659 0.02
-0.0831751652 -0.0461281659 0.03
-0.0826449604 -0.0461281659 0.04
-0.0828996582 -0.0461281659 0.05
-0.0828902406 -0.0461281659 0.06
-0.0822950287 -0.0461281659 0.07
-0.081879384 -0.0461281659 0.08
-0.0813651199 -0.0461281659 0.09
-0.0808770723 -0.0461281659 0.1
-0.0805578871 -0.0461281659 0.11
-0.0802291889 -0.0461281659 0.12
-0.0797201557 -0.0461281659 0.13
-0.0789983816 -0.0461281659 0.134529781
-0.0817155857 -0.0361281659 -0.01
-0.0789983816 -0.0361281659 -0.0127172065
-0.0832733507 -0.0361281659 0
-0.0830495615 -0.0361281659 0.01
-0.0825791759 -0.0361281659 0.02
-0.082829401 -0.0361281659 0.03
-0.0830194206 -0.0361281659 0.04
-0.0830077858 -0.0361281659 0.05
-0.0825424356 -0.0361281659 0.06
-0.0822817726 -0.0361281659 0.07
-0.0822293348 -0.0361281659 0.08
-0.0821008987 -0.0361281659 0.09
-0.0813478966 -0.0361281659 0.1
-0.0809244842 -0.0361281659 0.11
-0.0801346893 -0.0361281659 0.12
-0.0789983816 -0.0361281659 0.129099464
-0.0789983816 -0.0374610307 0.13
-0.0820336313 -0.0261281659 -0.01
-0.0789983816 -0.0261281659 -0.0130352521
-0.084073884 -0.0261281659 0
-0.0828527231 -0.0261281659 0.01
-0.0830105181 -0.0261281659 0.02
-0.0829681797 -0.0261281659 0.03
-0.0828875131 -0.0261281659 0.04
-0.0824798889 -0.0261281659 0.05
-0.0824187345 -0.0261281659 0.06
-0.0826683779 -0.0261281659 0.07
-0.0824113292 -0.0261281659 0.08
-0.0817945595 -0.0261281659 0.09
-0.0819595165 -0.0261281659 0.1
-0.0807119484 -0.0261281659 0.11
-0.0803727169 -0.0261281659 0.12
-0.0789983816 -0.0322133328 0.13
-0.0791960926 -0.0261281659 0.13
-0.0789983816 -0.0261281659 0.133734016
-0.0816416807 -0.0161281659 -0.01
-0.0789983816 -0.0161281659 -0.0126432991
-0.0840787573 -0.0161281659 0
-0.0833654136 -0.0161281659 0.01
-0.0834470148 -0.0161281659 0.02
-0.0831963177 -0.0161281659 0.03
-0.0833697338 -0.0161281659 0.04
-0.0822617407 -0.0161281659 0.05
-0.0824402399 -0.0161281659 0.06
-0.0826242275 -0.0161281659 0.07
-0.0819173307 -0.0161281659 0.08
-0.0818396063 -0.0161281659 0.09
-0.081609375 -0.0161281659 0.1
-0.0814546604 -0.0161281659 0.11
-0.0795891447 -0.0161281659 0.12
-0.0790682764 -0.0161281659 0.13
-0.0789983816 -0.0161281659 0.131117344
-0.0817929334 -0.00612816591 -0.01
-0.0789983816 -0.00612816591 -0.0127945518
-0.084093277 -0.00612816591 0
-0.0833551807 -0.00612816591 0.01
-0.0834170408 -0.00612816591 0.02
-0.0837175722 -0.00612816591 0.03
-0.0826749964 -0.00612816591 0.04
-0.0829356642 -0.00612816591 0.05
-0.0827274055 -0.00612816591 0.06
-0.0824744911 -0.00612816591 0.07
-0.0822494097 -0.00612816591 0.08
-0.0817628736 -0.00612816591 0.09
-0.0816639061 -0.00612816591 0.1
-0.0814214868 -0.00612816591 0.11
-0.0803926201 -0.00612816591 0.12
-0.0799682302 -0.00612816591 0.13
-0.0789983816 -0.00612816591 0.136740093
-0.0838478298 -0.00612816591 0.26
-0.0816495676 -0.00612816591 0.27
-0.0817243881 0.00387183409 -0.01
-0.0789983816 0.00387183409 -0.0127260065
-0.0839502592 0.00387183409 0
-0.0832488937 0.00387183409 0.01
-0.0831826801 0.00387183409 0.02
-0.0831186504 0.00387183409 0.03
-0.0831981535 0.00387183409 0.04
-0.0829402561 0.00387183409 0.05
-0.0824302883 0.00387183409 0.06
-0.0823579569 0.00387183409 0.07
-0.0821735925 0.00387183409 0.08
-0.0820661421 0.00387183409 0.09
-0.0819181843 0.00387183409 0.1
-0.081538145 0.00387183409 0.11
-0.0805782528 0.00387183409 0.12
-0.0799242229 0.00387183409 0.13
-0.0789983816 0.00034223776 0.14
-0.0792729873 0.00387183409 0.14
-0.0789983816 0.00387183409 0.141648083
-0.0889941616 0.00387183409 0.23
-0.0826979942 0.00387183409 0.24
-0.0823194523 0.00387183409 0.25
-0.0829747648 0.00387183409 0.26
-0.0820870418 0.00387183409 0.27
-0.0820388384 0.0138718341 -0.01
-0.0789983816 0.0138718341 -0.0130404592
-0.0841585512 0.0138718341 0
-0.0831592626 0.0138718341 0.01
-0.0835798855 0.0138718341 0.02
-0.0828473968 0.0138718341 0.03
-0.0826962967 0.0138718341 0.04
-0.0827451772 0.0138718341 0.05
-0.0826505871 0.0138718341 0.06
-0.0825940628 0.0138718341 0.07
-0.0818014498 0.0138718341 0.08
-0.0817283029 0.0138718341 0.09
-0.0817108888 0.0138718341 0.1
-0.0807779617 0.0138718341 0.11
-0.0804750986 0.0138718341 0.12
-0.0797741337 0.0138718341 0.13
-0.079181015 0.0138718341 0.14
-0.0789983816 0.0138718341 0.14315134
-0.0854525108 0.0138718341 0.23
-0.0830292482 0.0138718341 0.24
-0.0839627094 0.0138718341 0.25
-0.0847552748 0.0138718341 0.26
-0.0849790544 0.0138718341 0.27
-0.0889983816 0.00387183409 0.273915215
-0.0824576492 0.0238718341 -0.01
-0.0789983816 0.0238718341 -0.0134592676
-0.0843519563 0.0238718341 0
-0.0829990787 0.0238718341 0.01
-0.0825389023 0.0238718341 0.02
-0.0830115623 0.0238718341 0.03
-0.0830094929 0.0238718341 0.04
-0.0827731771 0.0238718341 0.05
-0.08286236 0.0238718341 0.06
-0.0822929973 0.0238718341 0.07
-0.0824073334 0.0238718341 0.08
-0.0813329 0.0238718341 0.09
-0.0811446304 0.0238718341 0.1
-0.0810646171 0.0238718341 0.11
-0.080071928 0.0238718341 0.12
-0.0795366878 0.0238718341 0.13
-0.0789983816 0.0238718341 0.139339943
-0.0789983816 0.0222229789 0.14
-0.0799262781 0.0238718341 0.16
-0.0789983816 0.0217147182 0.16
-0.0789983816 0.0238718341 0.155251122
-0.0818974132 0.0238718341 0.17
-0.0789983816 0.0205309127 0.17
-0.0789983816 0.0238718341 0.179299641
-0.0878156109 0.0238718341 0.22
-0.0847347088 0.0238718341 0.23
-0.0878114338 0.0238718341 0.24
-0.0845651693 0.0238718341 0.25
-0.0846717663 0.0238718341 0.26
-0.0849065275 0.0238718341 0.27
-0.0822668381 0.0338718341 -0.01
-0.0789983816 0.0338718341 -0.0132684541
-0.0842678709 0.0338718341 0
-0.0832121629 0.0338718341 0.01
-0.0830720777 0.0338718341 0.02
-0.0824286098 0.0338718341 0.03
-0.0824816532 0.0338718341 0.04
-0.0826352711 0.0338718341 0.05
-0.0826355953 0.0338718341 0.06
-0.0834378881 0.0338718341 0.07
-0.0832318611 0.0338718341 0.08
-0.0867234726 0.0338718341 0.09
-0.0867289133 0.0338718341 0.1
-0.0834113378 0.0338718341 0.11
-0.0824497051 0.0338718341 0.12
-0.0821811409 0.0338718341 0.13
-0.0789983816 0.0240122149 0.14
-0.0815011616 0.0338718341 0.14
-0.0813414879 0.0338718341 0.15
-0.0789983816 0.0267993377 0.15
-0.0799662037 0.0338718341 0.16
-0.0789983816 0.0338718341 0.167874966
-0.0789983816 0.0328325675 0.17
-0.0789983816 0.0338718341 0.172087498
-0.0799134559 0.0338718341 0.18
-0.0789983816 0.0253344176 0.18
-0.0789983816 0.0338718341 0.183381119
-0.0879261179 0.0338718341 0.25
-0.0789983816 0.0438718341 -0.0140010214
-0.0845209379 0.0438718341 -0.02
-0.0863470764 0.0438718341 0
-0.0855489034 0.0438718341 0.01
-0.0846393556 0.0438718341 0.02
-0.0846400518 0.0438718341 0.03
-0.0843410892 0.0438718341 0.04
-0.085796978 0.0438718341 0.05
-0.085433218 0.0438718341 0.06
-0.0853257055 0.0438718341 0.07
-0.0864526005 0.0438718341 0.08
-0.0860410852 0.0438718341 0.09
-0.0854992742 0.0438718341 0.1
-0.0849733085 0.0438718341 0.11
-0.083689887 0.0438718341 0.12
-0.0819808597 0.0438718341 0.13
-0.0811178655 0.0438718341 0.14
-0.0803063888 0.0438718341 0.15
-0.0790298958 0.0438718341 0.16
-0.0789983816 0.0438718341 0.160257359
-0.0789983816 0.036324303 0.18
-0.0789983816 0.0538718341 -0.0128979564
-0.0858304996 0.0538718341 0
-0.0851444549 0.0538718341 0.01
-0.0854326505 0.0538718341 0.02
-0.0853671665 0.0538718341 0.03
-0.0845437021 0.0538718341 0.04
-0.084441926 0.0538718341 0.05
-0.0844648094 0.0538718341 0.06
-0.0837988539 0.0538718341 0.07
-0.0835143251 0.0538718341 0.08
-0.0830237121 0.0538718341 0.09
-0.0832901163 0.0538718341 0.1
-0.0824887771 0.0538718341 0.11
-0.0832178945 0.0538718341 0.12
-0.0820962877 0.0538718341 0.13
-0.0813147182 0.0538718341 0.14
-0.0793720836 0.0538718341 0.15
-0.0789983816 0.0538718341 0.152435246
-0.0789983816 0.0441701625 0.16
-0.0789983816 0.0638718341 -0.0142464042
-0.081810853 0.0638718341 0
-0.0811222334 0.0638718341 0.01
-0.0810636349 0.0638718341 0.02
-0.0815116329 0.0638718341 0.03
-0.0812518282 0.0638718341 0.04
-0.0801726646 0.0638718341 0.05
-0.0808180637 0.0638718341 0.06
-0.0798278827 0.0638718341 0.07
-0.0795736475 0.0638718341 0.08
-0.0789983816 0.0638718341 0.0827682304
-0.0789983816 0.0615575717 0.09
-0.0789983816 0.0615550349 0.1
-0.0789983816 0.0595315478 0.11
-0.0789983816 0.0589272235 0.12
-0.0789983816 0.0579574321 0.13
-0.0789983816 0.0566677211 0.14
-0.0789983816 0.0543715785 0.15
-0.0823614378 0.0738718341 -0.01
-0.0789983816 0.0738718341 -0.0133630562
-0.081173851 0.0738718341 0
-0.0789983816 0.0738718341 0.00313392639
-0.0789983816 0.066104729 0.01
-0.0789983816 0.0655379031 0.02
-0.0789983816 0.0654224322 0.03
-0.0789983816 0.0667904399 0.04
-0.0789983816 0.0655753634 0.05
-0.0789983816 0.0659162257 0.06
-0.0789983816 0.0647987483 0.07
-0.0789983816 0.0643226359 0.08
-0.0789983816 0.0749102328 0
-0.0834466524 0.0938718341 0
-0.0789983816 0.0894235538 0
-0.0789983816 0.0938718341 -0.0044482708
-0.0739772863 -0.116128166 0.14
-0.0689983816 -0.121107072 0.14
-0.0689983816 -0.116128166 0.135021095
-0.0689983816 -0.121466852 0.16
-0.0689983816 -0.116128166 0.165091896
-0.0739064855 -0.116128166 0.17
-0.0736596937 -0.126128166 0.16
-0.0736780329 -0.126128166 0.17
-0.0736758966 -0.126128166 0.18
-0.0738948841 -0.116128166 0.18
-0.0735142393 -0.126128166 0.19
-0.0725532741 -0.116128166 0.19
-0.0734771557 -0.126128166 0.2
-0.0725019903 -0.116128166 0.2
-0.0718282861 -0.126128166 0.21
-0.0722255296 -0.116128166 0.21
-0.0717257852 -0.126128166 0.22
-0.0721178121 -0.116128166 0.22
-0.0715855713 -0.126128166 0.23
-0.0719760151 -0.116128166 0.23
-0.0714046306 -0.126128166 0.24
-0.0717971535 -0.116128166 0.24
-0.0689983816 -0.116128166 0.249267235
-0.0689983816 -0.117120986 0.25
-0.0711785431 -0.126128166 0.25
-0.0689983816 -0.126128166 0.256529903
-0.0689983816 -0.111220062 0.17
-0.0689983816 -0.106128166 0.176101894
-0.0728964777 -0.106128166 0.18
-0.0728626032 -0.106128166 0.19
-0.0728027792 -0.106128166 0.2
-0.0727163477 -0.106128166 0.21
-0.0726019735 -0.106128166 0.22
-0.0724575825 -0.106128166 0.23
-0.0700440426 -0.106128166 0.24
-0.0689983816 -0.11323769 0.25
-0.0697011299 -0.106128166 0.25
-0.0692780466 -0.106128166 0.26
-0.0689983816 -0.108965153 0.26
-0.0689983816 -0.100142915 -0.01
-0.0689983816 -0.0961281659 -0.0140147495
-0.0729758568 -0.0961281659 0
-0.0689983816 -0.100105643 0
-0.0689983816 -0.0961281659 0.00707379818
-0.0689983816 -0.0976319506 0.18
-0.0689983816 -0.0961281659 0.18282917
-0.0712258835 -0.0961281659 0.19
-0.0718458862 -0.0961281659 0.2
-0.0704926748 -0.0961281659 0.21
-0.0698801489 -0.0961281659 0.22
-0.0689983816 -0.0961281659 0.22275547
-0.0689983816 -0.0984984185 0.23
-0.0689983816 -0.102677396 0.24
-0.0689983816 -0.104026656 0.25
-0.0689983816 -0.105337019 0.26
-0.0689983816 -0.0861281659 -0.0136419559
-0.0689983816 -0.0861281659 0.00780148983
-0.0697360248 -0.0861281659 0.03
-0.0689983816 -0.0864396026 0.03
-0.0689983816 -0.0861281659 0.0254618549
-0.0689983816 -0.0861281659 0.0342563915
-0.0689983816 -0.0900212171 0.19
-0.0689983816 -0.0913021852 0.2
-0.0689983816 -0.0935703065 0.21
-0.0689983816 -0.0949339702 0.22
-0.0689983816 -0.0761281659 -0.0134642601
-0.0689983816 -0.0852008416 0.01
-0.0689983816 -0.0858555247 0.02
-0.0689983816 -0.0858139874 0.04
-0.0689983816 -0.0860474374 0.05
-0.0689983816 -0.0847027375 0.06
-0.0689983816 -0.0844715001 0.07
-0.0689983816 -0.0836906173 0.08
-0.0689983816 -0.0837345435 0.09
-0.0689983816 -0.0829132773 0.1
-0.0774113722 -0.0761281659 0.11
-0.0689983816 -0.0823004891 0.11
-0.0768529911 -0.0761281659 0.12
-0.0689983816 -0.0818548085 0.12
-0.0754449053 -0.0761281659 0.13
-0.0689983816 -0.0806280686 0.13
-0.0739201708 -0.0761281659 0.14
-0.0689983816 -0.0792793109 0.14
-0.0743822403 -0.0761281659 0.15
-0.0689983816 -0.0799994208 0.15
-0.0732115669 -0.0761281659 0.16
-0.0689983816 -0.0848741796 0.16
-0.0710056753 -0.0761281659 0.17
-0.0689983816 -0.0816502692 0.17
-0.0697088451 -0.0761281659 0.18
-0.0689983816 -0.0781355931 0.18
-0.0689983816 -0.0761281659 0.183504944
-0.0689983816 -0.0661281659 -0.0135903859
-0.0787209959 -0.0661281659 0.13
-0.0774040146 -0.0661281659 0.14
-0.0763331098 -0.0661281659 0.15
-0.0751790161 -0.0661281659 0.16
-0.0738298197 -0.0661281659 0.17
-0.0727183885 -0.0661281659 0.18
-0.0689983816 -0.0726175239 0.19
-0.0712271662 -0.0661281659 0.19
-0.0698970337 -0.0661281659 0.2
-0.0689983816 -0.0688614776 0.2
-0.0689983816 -0.0661281659 0.20351366
-0.0689983816 -0.0561281659 -0.0140409136
-0.0784691639 -0.0561281659 0.14
-0.0765779466 -0.0561281659 0.15
-0.0752850027 -0.0561281659 0.16
-0.0739828176 -0.0561281659 0.17
-0.0737635107 -0.0561281659 0.18
-0.0726643724 -0.0561281659 0.19
-0.0703722687 -0.0561281659 0.2
-0.0689983816 -0.0561281659 0.209048233
-0.0689983816 -0.0461281659 -0.0138785338
-0.0778427858 -0.0461281659 0.14
-0.0767963238 -0.0461281659 0.15
-0.0759528608 -0.0461281659 0.16
-0.0748739309 -0.0461281659 0.17
-0.0734193582 -0.0461281659 0.18
-0.0718523998 -0.0461281659 0.19
-0.0713062591 -0.0461281659 0.2
-0.0689983816 -0.0552075698 0.21
-0.0701436872 -0.0461281659 0.21
-0.0689983816 -0.0461281659 0.218578434
-0.0689983816 -0.0361281659 -0.0138280153
-0.0788230057 -0.0361281659 0.13
-0.0780722208 -0.0361281659 0.14
-0.0767912597 -0.0361281659 0.15
-0.0755914278 -0.0361281659 0.16
-0.0740592642 -0.0361281659 0.17
-0.071774313 -0.0361281659 0.18
-0.0738376922 -0.0361281659 0.19
-0.0719427986 -0.0361281659 0.2
-0.0707171316 -0.0361281659 0.21
-0.0689983816 -0.0436544492 0.22
-0.0695495386 -0.0361281659 0.22
-0.0689983816 -0.0361281659 0.224487858
-0.0689983816 -0.0261281659 -0.0138890767
-0.0784991188 -0.0261281659 0.14
-0.0768727798 -0.0261281659 0.15
-0.0758552713 -0.0261281659 0.16
-0.0744573707 -0.0261281659 0.17
-0.0722567673 -0.0261281659 0.18
-0.0725891752 -0.0261281659 0.19
-0.0708559675 -0.0261281659 0.2
-0.070915596 -0.0261281659 0.21
-0.0697631998 -0.0261281659 0.22
-0.0689983816 -0.0261281659 0.226172829
-0.0689983816 -0.0161281659 -0.0139600921
-0.078310153 -0.0161281659 0.14
-0.0769189138 -0.0161281659 0.15
-0.0758703632 -0.0161281659 0.16
-0.0745767994 -0.0161281659 0.17
-0.072452218 -0.0161281659 0.18
-0.0724125309 -0.0161281659 0.19
-0.0710413809 -0.0161281659 0.2
-0.0715870828 -0.0161281659 0.21
-0.0698650427 -0.0161281659 0.22
-0.0689983816 -0.0161281659 0.225611
-0.0689983816 -0.00612816591 -0.0139726686
-0.0782755918 -0.00612816591 0.14
-0.0769135446 -0.00612816591 0.15
-0.075997097 -0.00612816591 0.16
-0.0742697735 -0.00612816591 0.17
-0.0727007599 -0.00612816591 0.18
-0.0724419327 -0.00612816591 0.19
-0.0711822433 -0.00612816591 0.2
-0.0716041918 -0.00612816591 0.21
-0.0695404787 -0.00612816591 0.22
-0.0689983816 -0.00612816591 0.224555035
-0.0689983816 0.00387183409 -0.0140674019
-0.0770667 0.00387183409 0.15
-0.0752154274 0.00387183409 0.16
-0.0741622228 0.00387183409 0.17
-0.0726037807 0.00387183409 0.18
-0.0726115436 0.00387183409 0.19
-0.072720067 0.00387183409 0.2
-0.0714902801 0.00387183409 0.21
-0.0702713365 0.00387183409 0.22
-0.0689983816 0.00387183409 0.226027679
-0.0691580267 0.00387183409 0.24
-0.0689983816 0.00322853308 0.24
-0.0689983816 0.00387183409 0.238531628
-0.0689983816 0.00387183409 0.240951519
-0.0689983816 0.0138718341 -0.0140857339
-0.0783321495 0.0138718341 0.15
-0.0754726476 0.0138718341 0.16
-0.0741578407 0.0138718341 0.17
-0.0723269243 0.0138718341 0.18
-0.0726192779 0.0138718341 0.19
-0.0747936411 0.0138718341 0.2
-0.0735964651 0.0138718341 0.21
-0.0745063514 0.0138718341 0.22
-0.0689983816 0.00605267744 0.23
-0.0726209802 0.0138718341 0.23
-0.0699145241 0.0138718341 0.24
-0.0689983816 0.0138718341 0.244813366
-0.0689983816 0.0238718341 -0.0139955354
-0.0789380712 0.0238718341 0.14
-0.0777215786 0.0238718341 0.15
-0.0788546438 0.0238718341 0.18
-0.077617361 0.0238718341 0.19
-0.0757712192 0.0238718341 0.2
-0.0742488355 0.0238718341 0.21
-0.0723969335 0.0238718341 0.22
-0.0730019207 0.0238718341 0.23
-0.0710590524 0.0238718341 0.24
-0.0689983816 0.0238718341 0.246768322
-0.0689983816 0.0338718341 -0.0138723922
-0.0787035103 0.0338718341 0.17
-0.0770566625 0.0338718341 0.19
-0.0750645895 0.0338718341 0.2
-0.0734003277 0.0338718341 0.21
-0.071546318 0.0338718341 0.22
-0.0696001692 0.0338718341 0.23
-0.0689983816 0.0338718341 0.232796879
-0.0689983816 0.0297420714 0.24
-0.073646409 0.0438718341 -0.02
-0.0689983816 0.0392237971 -0.02
-0.0689983816 0.0438718341 -0.0246480274
-0.0772841329 0.0438718341 0.17
-0.0747323723 0.0438718341 0.18
-0.0739444275 0.0438718341 0.19
-0.0720615167 0.0438718341 0.2
-0.06950597 0.0438718341 0.21
-0.0689983816 0.0438718341 0.212659969
-0.0689983816 0.0404679606 0.22
-0.0689983816 0.0354480861 0.23
-0.0689983816 0.048519871 -0.02
-0.0689983816 0.0538718341 -0.013483398
-0.076701662 0.0538718341 0.16
-0.0731786699 0.0538718341 0.17
-0.0709081478 0.0538718341 0.18
-0.0689983816 0.0538718341 0.185286827
-0.0689983816 0.0520463298 0.19
-0.0689983816 0.0489057467 0.2
-0.0689983816 0.0453795932 0.21
-0.0689983816 0.0638718341 -0.0130564976
-0.0760112591 0.0638718341 0.09
-0.0749613352 0.0638718341 0.1
-0.072076065 0.0638718341 0.11
-0.0689983816 0.0638718341 0.118914623
-0.0689983816 0.0637237666 0.12
-0.0689983816 0.0623828433 0.13
-0.0689983816 0.0602993701 0.14
-0.0689983816 0.0595020412 0.15
-0.0689983816 0.0581077312 0.16
-0.0689983816 0.0563841746 0.17
-0.0689983816 0.0550019382 0.18
-0.0689983816 0.0738718341 -0.0136143899
-0.0697340889 0.0738718341 0
-0.0689983816 0.0738718341 -0.00015996933
-0.0689983816 0.0734780429 0
-0.0689983816 0.0685275386 0.01
-0.0689983816 0.0676555942 0.02
-0.0689983816 0.0683696292 0.03
-0.0689983816 0.0686985896 0.04
-0.0689983816 0.0687212871 0.05
-0.0689983816 0.0674451564 0.06
-0.0689983816 0.067063248 0.07
-0.0689983816 0.0661538432 0.08
-0.0689983816 0.0662823031 0.09
-0.0689983816 0.0659735988 0.1
-0.0689983816 0.0647454188 0.11
-0.0734847755 0.0838718341 -0.02
-0.0689983816 0.0793854449 -0.02
-0.0689983816 0.0838718341 -0.0244863939
-0.0689983816 0.0740165256 0
-0.0689983816 0.0838718341 -0.00385296822
-0.0728513498 0.0838718341 0
-0.0689983816 0.0774862216 -0.01
-0.0789983816 0.0772348903 -0.01
-0.0689983816 0.0838718341 0.00577828407
-0.0748124952 0.0838718341 0.19
-0.0689983816 0.0787860415 0.19
-0.0689983816 0.0838718341 0.180989952
-0.0736480732 0.0838718341 0.2
-0.0689983816 0.0802927325 0.2
-0.0705116434 0.0838718341 0.21
-0.0689983816 0.0804737399 0.21
-0.0701430387 0.0838718341 0.22
-0.0689983816 0.0804954455 0.22
-0.0698778648 0.0838718341 0.23
-0.0689983816 0.0791683696 0.23
-0.0691847725 0.0838718341 0.24
-0.0689983816 0.0824511264 0.24
-0.0689983816 0.0838718341 0.241148472
-0.0689983816 0.0856877063 0.2
-0.0689983816 0.0938718341 0.206427879
-0.0725705118 0.0938718341 0.21
-0.0724339742 0.0938718341 0.22
-0.0722666282 0.0938718341 0.23
-0.07206495 0.0938718341 0.24
-0.0689983816 0.0861860965 0.25
-0.0718242712 0.0938718341 0.25
-0.0715384884 0.0938718341 0.26
-0.0689983816 0.0891056941 0.26
-0.0711995621 0.0938718341 0.27
-0.0689983816 0.0899960063 0.27
-0.0739833183 0.103871834 0.17
-0.0689983816 0.0988869021 0.17
-0.0689983816 0.103871834 0.165015068
-0.073850028 0.103871834 0.18
-0.0689983816 0.0990201877 0.18
-0.0738050957 0.103871834 0.19
-0.0689983816 0.0990651248 0.19
-0.0737429018 0.103871834 0.2
-0.0689983816 0.0991273234 0.2
-0.0736627311 0.103871834 0.21
-0.0735635156 0.103871834 0.22
-0.0715647812 0.103871834 0.23
-0.0713457937 0.103871834 0.24
-0.0710802431 0.103871834 0.25
-0.0707607336 0.103871834 0.26
-0.0703773708 0.103871834 0.27
-0.0735211677 0.113871834 0.17
-0.0689983816 0.113871834 0.165477219
-0.0734998579 0.113871834 0.18
-0.0733378286 0.113871834 0.19
-0.0732813329 0.113871834 0.2
-0.0732036896 0.113871834 0.21
-0.0731038446 0.113871834 0.22
-0.0729802246 0.113871834 0.23
-0.0728306741 0.113871834 0.24
-0.0700527448 0.113871834 0.25
-0.0696834583 0.113871834 0.26
-0.0692335386 0.113871834 0.27
-0.0634740133 -0.116128166 0.13
-0.0589983816 -0.120603799 0.13
-0.0589983816 -0.116128166 0.125524368
-0.0589983816 -0.116128166 0.187385063
-0.0644825239 -0.126128166 0.19
-0.0589983816 -0.118743093 0.19
-0.0641018791 -0.116128166 0.18
-0.0643208666 -0.126128166 0.18
-0.0665921325 -0.126128166 0.24
-0.0613628073 -0.116128166 0.24
-0.0664111919 -0.126128166 0.23
-0.0660207481 -0.116128166 0.23
-0.0639406366 -0.106128166 0.09
-0.0589983816 -0.111044924 0.09
-0.0589983816 -0.106128166 0.0850418663
-0.0638948507 -0.106128166 0.1
-0.0589983816 -0.111024636 0.1
-0.0638577862 -0.106128166 0.11
-0.0589983816 -0.11098757 0.11
-0.0636992664 -0.106128166 0.12
-0.0589983816 -0.110829053 0.12
-0.0631582088 -0.106128166 0.13
-0.0689983816 -0.11114926 0.14
-0.0640194769 -0.116128166 0.14
-0.0589983816 -0.110188812 0.14
-0.0589983816 -0.116128166 0.134475632
-0.0630590267 -0.106128166 0.14
-0.0689983816 -0.116128166 0.144978905
-0.0589983816 -0.110064941 0.15
-0.0629351539 -0.106128166 0.15
-0.0626606865 -0.106128166 0.16
-0.0589983816 -0.10979047 0.16
-0.0640902776 -0.116128166 0.17
-0.0589983816 -0.109609764 0.17
-0.0624799795 -0.106128166 0.17
-0.0589983816 -0.109393993 0.18
-0.0654947729 -0.116128166 0.2
-0.0589983816 -0.107987277 0.2
-0.0589983816 -0.116128166 0.192614937
-0.0657712335 -0.116128166 0.21
-0.0589983816 -0.107545653 0.21
-0.0658789511 -0.116128166 0.22
-0.0589983816 -0.107012884 0.22
-0.0589983816 -0.106364443 0.23
-0.065224287 -0.106128166 0.24
-0.0589983816 -0.106128166 0.231116009
-0.06683253 -0.106128166 0.25
-0.0682555885 -0.106128166 0.26
-0.0689983816 -0.106128166 0.260279675
-0.0650209064 -0.0961281659 0
-0.0589983816 -0.100541172 0.09
-0.0589983816 -0.10068661 0.1
-0.0589983816 -0.0965181448 0.11
-0.0589983816 -0.0967877295 0.12
-0.0589983816 -0.0972889997 0.13
-0.0589983816 -0.0993932273 0.14
-0.0589983816 -0.0968996407 0.15
-0.0589983816 -0.0961281659 0.155971947
-0.0597781486 -0.0961281659 0.16
-0.0589983816 -0.0961281659 0.163889046
-0.0589983816 -0.0971004893 0.17
-0.0589983816 -0.0980650856 0.18
-0.0589983816 -0.0961281659 0.182449837
-0.0589983816 -0.0961281659 0.223579559
-0.0589983816 -0.102893474 0.23
-0.0637977905 -0.0861281659 -0.02
-0.0589983816 -0.0909275748 -0.02
-0.0589983816 -0.0861281659 -0.0247994089
-0.0649836321 -0.0961281659 -0.01
-0.0589983816 -0.0908831241 -0.01
-0.0589983816 -0.0872770168 0
-0.0589983816 -0.0861281659 0.00621068478
-0.0673183365 -0.0861281659 0.03
-0.0687275286 -0.0861281659 0.05
-0.0589983816 -0.0874951198 0.05
-0.0589983816 -0.0861281659 0.0424162769
-0.0589983816 -0.0861281659 0.0548309803
-0.0636429043 -0.0861281659 0.09
-0.0589983816 -0.0870688679 0.09
-0.0589983816 -0.0861281659 0.0862973404
-0.0624762268 -0.0861281659 0.1
-0.0589983816 -0.0869344975 0.1
-0.06128792 -0.0861281659 0.11
-0.0589983816 -0.09159503 0.11
-0.0625178737 -0.0861281659 0.12
-0.0589983816 -0.0920447423 0.12
-0.0589983816 -0.0861281659 0.128720055
-0.0605229921 -0.0861281659 0.15
-0.0589983816 -0.0912187578 0.15
-0.0589983816 -0.0861281659 0.14531086
-0.0589983816 -0.0861281659 0.156645641
-0.0589983816 -0.0904973843 0.16
-0.0589983816 -0.0898989727 0.19
-0.0589983816 -0.0910007312 0.2
-0.0589983816 -0.093867798 0.21
-0.0589983816 -0.0955704286 0.22
-0.0638900203 -0.0761281659 -0.02
-0.0589983816 -0.0761281659 -0.0248916364
-0.0589983816 -0.0848731162 0.01
-0.0589983816 -0.0852247598 0.02
-0.0589983816 -0.0853354098 0.03
-0.0589983816 -0.0855146529 0.04
-0.0589983816 -0.0841479423 0.06
-0.0589983816 -0.0840471007 0.07
-0.0589983816 -0.0838708474 0.08
-0.0589983816 -0.0858111789 0.13
-0.0589983816 -0.0846548392 0.14
-0.0589983816 -0.0848568227 0.16
-0.0589983816 -0.0818950965 0.17
-0.0589983816 -0.0813038232 0.18
-0.063034522 -0.0761281659 0.19
-0.0589983816 -0.0775953509 0.19
-0.0589983816 -0.0761281659 0.195108223
-0.0639072771 -0.0661281659 -0.02
-0.0589983816 -0.0661281659 -0.0249088955
-0.0589983816 -0.0744042422 0.2
-0.0639006777 -0.0661281659 0.21
-0.0589983816 -0.0700274446 0.21
-0.0589983816 -0.0661281659 0.219274483
-0.0589983816 -0.0612192704 -0.02
-0.0589983816 -0.0561281659 -0.0148472834
-0.0687022753 -0.0561281659 0.21
-0.0589983816 -0.0657272317 0.22
-0.0654346056 -0.0561281659 0.22
-0.0617569179 -0.0561281659 0.23
-0.0589983816 -0.0601086261 0.23
-0.0589983816 -0.0561281659 0.236471615
-0.0639727087 -0.0461281659 -0.02
-0.0589983816 -0.051102493 -0.02
-0.0589983816 -0.0461281659 -0.0249743247
-0.0685249491 -0.0461281659 0.22
-0.0646721334 -0.0461281659 0.23
-0.0589983816 -0.0514170529 0.24
-0.0606359548 -0.0461281659 0.24
-0.0589983816 -0.0461281659 0.243734226
-0.0639652891 -0.0361281659 -0.02
-0.0589983816 -0.0361281659 -0.0249669075
-0.0673126144 -0.0361281659 0.23
-0.0635836382 -0.0361281659 0.24
-0.0589983816 -0.0361281659 0.249322453
-0.0589983816 -0.0311612584 -0.02
-0.0589983816 -0.0261281659 -0.0147278547
-0.0679612942 -0.0261281659 0.23
-0.0647085972 -0.0261281659 0.24
-0.0589983816 -0.03473583 0.25
-0.060949151 -0.0261281659 0.25
-0.0589983816 -0.0261281659 0.254878922
-0.0589983816 -0.0161281659 -0.0147382474
-0.0664919157 -0.0161281659 0.23
-0.0603462238 -0.0161281659 0.24
-0.0589983816 -0.0161281659 0.241989975
-0.0589983816 -0.0221886231 0.25
-0.0589983816 -0.0161281659 0.258750839
-0.0592991276 -0.0161281659 0.26
-0.0589983816 -0.0178583314 0.26
-0.0589983816 -0.0161281659 0.26099678
-0.0589983816 -0.00612816591 -0.0147548127
-0.0668646307 -0.00612816591 0.23
-0.060701334 -0.00612816591 0.24
-0.0589983816 -0.00612816591 0.242552547
-0.0589983816 -0.015611675 0.26
-0.0589983816 0.00387183409 -0.0147584701
-0.0664093895 0.00387183409 0.23
-0.0663259048 0.00387183409 0.25
-0.0589983816 -0.00362410326 0.25
-0.0669022436 0.00387183409 0.26
-0.0589983816 -0.00145744104 0.26
-0.0625110025 0.00387183409 0.27
-0.0589983816 -0.00138032694 0.27
-0.0589983816 0.00387183409 0.272435417
-0.0589983816 0.0138718341 -0.0147492909
-0.067117507 0.0138718341 0.25
-0.0629403229 0.0138718341 0.26
-0.0589983816 0.0138718341 0.269449673
-0.0589983816 0.0133228324 0.27
-0.0589983816 0.0238718341 -0.0147271681
-0.0667952604 0.0238718341 0.25
-0.0616453857 0.0238718341 0.26
-0.0589983816 0.0238718341 0.264730682
-0.0639473314 0.0338718341 -0.02
-0.0589983816 0.0289228843 -0.02
-0.0589983816 0.0338718341 -0.0249489474
-0.0648601217 0.0338718341 0.24
-0.0589983816 0.0338718341 0.249208584
-0.0589983816 0.0333894561 0.25
-0.0589983816 0.0268784545 0.26
-0.0589983816 0.0438718341 -0.0147281003
-0.0589983816 0.0388207744 -0.02
-0.0643503542 0.0438718341 -0.02
-0.0647985191 0.0438718341 0.22
-0.0589983816 0.0438718341 0.229714165
-0.0589983816 0.0437499545 0.23
-0.0589983816 0.0383253215 0.24
-0.0589983816 0.0538718341 -0.0249725604
-0.0639709396 0.0538718341 -0.02
-0.0589983816 0.0488992808 -0.02
-0.0670399256 0.0538718341 0.19
-0.0634197111 0.0538718341 0.2
-0.0589983816 0.0538718341 0.2085285
-0.0589983816 0.0530468867 0.21
-0.0589983816 0.047786362 0.22
-0.0638940973 0.0638718341 -0.02
-0.0589983816 0.0638718341 -0.0248957133
-0.0686778803 0.0638718341 0.12
-0.0653466863 0.0638718341 0.13
-0.061644289 0.0638718341 0.14
-0.0589983816 0.0638718341 0.147124462
-0.0589983816 0.0634602664 0.15
-0.0589983816 0.0615214465 0.16
-0.0589983816 0.0602475093 0.17
-0.0589983816 0.05905246 0.18
-0.0589983816 0.0576068042 0.19
-0.0589983816 0.0558731196 0.2
-0.0589983816 0.0687675403 -0.02
-0.0589983816 0.0738718341 -0.0147472548
-0.0688950081 0.0738718341 0
-0.0589983816 0.0738718341 0.00721605778
-0.0589983816 0.0680099605 0.01
-0.0589983816 0.0681596301 0.02
-0.0589983816 0.0689892123 0.03
-0.0589983816 0.0687882541 0.04
-0.0589983816 0.0687605021 0.05
-0.0589983816 0.0683963511 0.06
-0.0589983816 0.0675818561 0.07
-0.0589983816 0.067058594 0.08
-0.0589983816 0.0660366176 0.09
-0.0589983816 0.0668922923 0.1
-0.0589983816 0.0677999614 0.11
-0.0589983816 0.0677177165 0.12
-0.0589983816 0.0662087939 0.13
-0.0589983816 0.0651082538 0.14
-0.0651454134 0.0838718341 0
-0.0589983816 0.0785553287 0
-0.0682655926 0.0838718341 0.18
-0.0589983816 0.0785996554 0.18
-0.0589983816 0.0838718341 0.173381958
-0.0589983816 0.0785339854 0.19
-0.0589983816 0.0793394778 0.2
-0.0589983816 0.0794131587 0.21
-0.0589983816 0.0816162227 0.22
-0.0589983816 0.0812843631 0.23
-0.0649872894 0.0838718341 0.24
-0.0589983816 0.0838718341 0.235205536
-0.0639981909 0.0938718341 0.09
-0.0589983816 0.0883418391 0.09
-0.0589983816 0.0938718341 0.0850001907
-0.0638612528 0.0938718341 0.11
-0.0589983816 0.0886302302 0.11
-0.0589983816 0.0938718341 0.105137129
-0.0638350839 0.0938718341 0.12
-0.0589983816 0.0860908435 0.12
-0.0633407326 0.0938718341 0.13
-0.0589983816 0.0865488933 0.13
-0.0632721634 0.0938718341 0.14
-0.0589983816 0.0868350337 0.14
-0.0630328722 0.0938718341 0.15
-0.0589983816 0.0872327731 0.15
-0.0629176111 0.0938718341 0.16
-0.0589983816 0.0876318477 0.16
-0.0627741737 0.0938718341 0.17
-0.0589983816 0.0866776202 0.17
-0.0619405193 0.0938718341 0.18
-0.0616936703 0.0938718341 0.19
-0.0689983816 0.0863710711 0.19
-0.0613963623 0.0938718341 0.2
-0.0593388386 0.0938718341 0.23
-0.0589983816 0.0938718341 0.229181881
-0.0589983816 0.089803345 0.23
-0.0606912584 0.0938718341 0.24
-0.0619889374 0.0938718341 0.25
-0.063239233 0.0938718341 0.26
-0.0642785282 0.0938718341 0.27
-0.0539833946 -0.116128166 0.17
-0.0489983816 -0.121113178 0.17
-0.0489983816 -0.116128166 0.165014992
-0.0538519544 -0.116128166 0.18
-0.0489983816 -0.120981737 0.18
-0.0489983816 -0.126128166 0.185520515
-0.0534778757 -0.126128166 0.19
-0.0535210628 -0.116128166 0.2
-0.0532937259 -0.126128166 0.2
-0.0530793066 -0.126128166 0.21
-0.0533150549 -0.116128166 0.21
-0.0528295917 -0.126128166 0.22
-0.0525425596 -0.116128166 0.22
-0.0489983816 -0.119346546 0.23
-0.0489983816 -0.126128166 0.223831215
-0.0522167606 -0.116128166 0.23
-0.0489983816 -0.126128166 0.237522545
-0.0514758367 -0.126128166 0.24
-0.0566656942 -0.116128166 0.24
-0.0509875984 -0.126128166 0.25
-0.0513771982 -0.116128166 0.25
-0.050399229 -0.126128166 0.26
-0.0508308811 -0.116128166 0.26
-0.0489983816 -0.116128166 0.269865894
-0.0489983816 -0.116527972 0.27
-0.0496807117 -0.126128166 0.27
-0.0489983816 -0.106128166 0.185182743
-0.0489983816 -0.111274594 0.18
-0.0557325573 -0.106128166 0.18
-0.0559373874 -0.106128166 0.24
-0.0546293421 -0.106128166 0.25
-0.0518865127 -0.106128166 0.26
-0.0489983816 -0.11557961 0.27
-0.0500796814 -0.106128166 0.27
-0.0540816231 -0.106128166 0.09
-0.0541019125 -0.106128166 0.1
-0.054138977 -0.106128166 0.11
-0.0542974968 -0.106128166 0.12
-0.0548385544 -0.106128166 0.13
-0.0549377365 -0.106128166 0.14
-0.0550616092 -0.106128166 0.15
-0.0553825016 -0.0961281659 0.16
-0.0553360767 -0.106128166 0.16
-0.0555167837 -0.106128166 0.17
-0.0489983816 -0.0961281659 0.182263584
-0.0577918024 -0.0961281659 0.23
-0.0558603019 -0.0961281659 0.24
-0.0518999023 -0.0961281659 0.25
-0.0490699692 -0.0961281659 0.26
-0.0489983816 -0.0961281659 0.260351582
-0.0489983816 -0.102154656 0.27
-0.05595401 -0.0861281659 0
-0.0542434234 -0.0861281659 -0.01
-0.0564827652 -0.0861281659 0.05
-0.057457716 -0.0861281659 0.09
-0.0577226228 -0.0861281659 0.1
-0.0581398029 -0.0861281659 0.11
-0.0489983816 -0.0861281659 0.118735409
-0.0489983816 -0.0884316256 0.12
-0.056568038 -0.0861281659 0.13
-0.0489983816 -0.0874648692 0.13
-0.0498440189 -0.0861281659 0.14
-0.0489983816 -0.086316662 0.14
-0.0538726539 -0.0861281659 0.15
-0.0489983816 -0.0861281659 0.140991154
-0.0555972786 -0.0861281659 0.18
-0.0489983816 -0.0906120994 0.18
-0.0489983816 -0.0861281659 0.174883232
-0.0522530432 -0.0861281659 0.19
-0.0497403831 -0.0861281659 0.2
-0.0489983816 -0.0861281659 0.202904224
-0.0489983816 -0.0870524384 0.21
-0.0489983816 -0.0893571355 0.22
-0.0489983816 -0.0871734836 0.23
-0.0489983816 -0.0861281659 0.231632042
-0.0540176315 -0.0861281659 0.24
-0.0510314674 -0.0861281659 0.25
-0.0489983816 -0.0861281659 0.256677227
-0.0489983816 -0.0953242542 0.26
-0.0489983816 -0.0761281659 -0.0134916687
-0.0489983816 -0.0796198346 -0.01
-0.0541067428 -0.0761281659 -0.02
-0.0541989727 -0.0861281659 -0.02
-0.0489983816 -0.081425431 0
-0.0489983816 -0.0804513623 0.01
-0.0489983816 -0.0808527448 0.02
-0.0489983816 -0.0813103702 0.03
-0.0489983816 -0.0804433944 0.04
-0.0489983816 -0.0806876733 0.05
-0.0489983816 -0.0798854234 0.06
-0.0489983816 -0.0800073745 0.07
-0.0489983816 -0.080039685 0.08
-0.0489983816 -0.079664314 0.09
-0.0489983816 -0.0807300069 0.1
-0.0489983816 -0.0805370357 0.11
-0.0489983816 -0.0846726396 0.15
-0.0489983816 -0.0833104255 0.16
-0.0489983816 -0.0816352727 0.17
-0.0570156355 -0.0761281659 0.2
-0.0489983816 -0.0819014527 0.21
-0.0528895397 -0.0761281659 0.21
-0.0489983816 -0.0761281659 0.219867458
-0.0489983816 -0.0808189132 0.24
-0.0489983816 -0.0844306542 0.25
-0.0489983816 -0.0661281659 -0.013859067
-0.0540894861 -0.0661281659 -0.02
-0.0587850876 -0.0661281659 0.22
-0.0489983816 -0.0760910108 0.22
-0.0555596752 -0.0661281659 0.23
-0.0489983816 -0.073088844 0.23
-0.0515957041 -0.0661281659 0.24
-0.0489983816 -0.0685935046 0.24
-0.0489983816 -0.0661281659 0.246664047
-0.0489983816 -0.0561281659 -0.0147718477
-0.057599904 -0.0561281659 0.24
-0.0489983816 -0.0637984874 0.25
-0.0533637161 -0.0561281659 0.25
-0.0493950815 -0.0561281659 0.26
-0.0489983816 -0.056819904 0.26
-0.0489983816 -0.0561281659 0.260955315
-0.0489983816 -0.0514607884 0.11
-0.0489983816 -0.0461281659 0.115082893
-0.0545597381 -0.0461281659 0.11
-0.0570012779 -0.0461281659 0.25
-0.0537854261 -0.0461281659 0.26
-0.0489983816 -0.0493782451 0.27
-0.0504366178 -0.0461281659 0.27
-0.0489983816 -0.0461281659 0.277978134
-0.0489983816 -0.0361281659 0.11503912
-0.0545060892 -0.0361281659 0.11
-0.0587654943 -0.0361281659 0.25
-0.0557008571 -0.0361281659 0.26
-0.0524352331 -0.0361281659 0.27
-0.0489983816 -0.0411175992 0.28
-0.0493007822 -0.0361281659 0.28
-0.0489983816 -0.0261281659 0.115006828
-0.054640624 -0.0261281659 0.11
-0.0575084467 -0.0261281659 0.26
-0.0542878504 -0.0261281659 0.27
-0.0510236711 -0.0261281659 0.28
-0.0489983816 -0.0211349942 0.12
-0.0489983816 -0.0161281659 0.12510582
-0.0545590849 -0.0161281659 0.12
-0.057154953 -0.0161281659 0.25
-0.0559993858 -0.0161281659 0.27
-0.0514765901 -0.0161281659 0.28
-0.0489983816 -0.00612816591 0.125095158
-0.054523489 -0.00612816591 0.12
-0.0571716947 -0.00612816591 0.25
-0.0544345827 -0.00612816591 0.26
-0.0564767618 -0.00612816591 0.27
-0.0519418783 -0.00612816591 0.28
-0.0489983816 0.00387183409 0.125095539
-0.0545616264 0.00387183409 0.12
-0.0510716743 0.00387183409 0.28
-0.0489983816 0.0138718341 0.125106983
-0.054743988 0.0138718341 0.12
-0.0587558098 0.0138718341 0.27
-0.0566787786 0.0138718341 0.28
-0.0489983816 0.0238718341 0.115007553
-0.0489983816 0.0188793967 0.12
-0.0545971079 0.0238718341 0.11
-0.0546231575 0.0138718341 0.11
-0.0564844436 0.0238718341 0.27
-0.0490084429 0.0238718341 0.28
-0.0489983816 0.0338718341 0.105146446
-0.0489983816 0.0290182803 0.11
-0.0544045181 0.0338718341 0.1
-0.0544989795 0.0238718341 0.1
-0.0586128301 0.0338718341 0.25
-0.0534466905 0.0338718341 0.26
-0.0489983816 0.0338718341 0.268148785
-0.0489983816 0.0327398513 0.27
-0.0489983816 0.0238776229 0.28
-0.0540494318 0.0338718341 -0.02
-0.0489983816 0.0438718341 -0.0247582412
-0.0537566204 0.0438718341 -0.02
-0.0489983816 0.0391135905 -0.02
-0.0489983816 0.0392963145 -0.01
-0.0541491432 0.0338718341 -0.01
-0.0541024465 0.0338718341 0
-0.0489983816 0.0391924594 0
-0.0543222494 0.0338718341 0.01
-0.0489983816 0.0392851375 0.01
-0.0541283531 0.0338718341 0.02
-0.0489983816 0.0392722438 0.02
-0.0541434593 0.0338718341 0.03
-0.0489983816 0.039333546 0.03
-0.0542585392 0.0338718341 0.04
-0.0489983816 0.0393518565 0.04
-0.0541971655 0.0338718341 0.05
-0.0489983816 0.0393882106 0.05
-0.0542613048 0.0338718341 0.06
-0.0489983816 0.0394424747 0.06
-0.0543692226 0.0338718341 0.07
-0.0489983816 0.0394628451 0.07
-0.0544576568 0.0338718341 0.08
-0.0489983816 0.0394320987 0.08
-0.0545171327 0.0338718341 0.09
-0.0489983816 0.0394806788 0.09
-0.0489983816 0.0396012805 0.1
-0.0588767166 0.0438718341 0.23
-0.052565319 0.0438718341 0.24
-0.0489983816 0.0438718341 0.247049122
-0.0489983816 0.0426833079 0.25
-0.0489983816 0.0381893466 0.26
-0.0489983816 0.0538718341 -0.0133722997
-0.0489983816 0.0486300776 -0.02
-0.0540258236 0.0538718341 -0.02
-0.0579723472 0.0538718341 0.21
-0.0519476576 0.0538718341 0.22
-0.0489983816 0.0538718341 0.224305496
-0.0489983816 0.0512247775 0.23
-0.0489983816 0.0467989085 0.24
-0.0489983816 0.0638718341 -0.0126297212
-0.0541026659 0.0638718341 -0.02
-0.0494017048 0.0638718341 0.08
-0.0489983816 0.0638718341 0.0787468147
-0.0489983816 0.0637009357 0.08
-0.0489983816 0.0633724902 0.09
-0.050633213 0.0638718341 0.09
-0.0489983816 0.0638718341 0.091703701
-0.0489983816 0.0638718341 0.145674114
-0.0489983816 0.0631547473 0.15
-0.0489983816 0.0622622035 0.16
-0.0489983816 0.0612091754 0.17
-0.0489983816 0.0600366138 0.18
-0.0489983816 0.0586364482 0.19
-0.0489983816 0.0594655726 0.2
-0.0489983816 0.0568651507 0.21
-0.0489983816 0.0550116275 0.22
-0.0542511244 0.0738718341 -0.01
-0.0489983816 0.0668182872 0
-0.0519737358 0.0738718341 0
-0.0489983816 0.0665015529 -0.01
-0.0489983816 0.0646114657 0.01
-0.0489983816 0.065234196 0.02
-0.0489983816 0.0651936458 0.03
-0.0489983816 0.065030968 0.04
-0.0489983816 0.0650500224 0.05
-0.0489983816 0.0651342891 0.06
-0.0489983816 0.064740002 0.07
-0.0489983816 0.0653682635 0.1
-0.0489983816 0.0651554034 0.11
-0.0489983816 0.0665128253 0.12
-0.0489983816 0.0657621692 0.13
-0.0489983816 0.0649483798 0.14
-0.0575633878 0.0738718341 0.23
-0.0489983816 0.0690583728 0.23
-0.0489983816 0.0738718341 0.223525238
-0.0554913921 0.0738718341 0.24
-0.0489983816 0.0698886226 0.24
-0.0535523338 0.0738718341 0.25
-0.0489983816 0.0707389567 0.25
-0.0509940214 0.0738718341 0.26
-0.0489983816 0.0719577716 0.26
-0.0489983816 0.0738718341 0.267945671
-0.0489983816 0.0786714862 0.18
-0.0489983816 0.0838718341 0.172402916
-0.0489983816 0.0770668719 0.19
-0.0489983816 0.0750424502 0.2
-0.0489983816 0.0760152553 0.21
-0.0489983816 0.0772068904 0.22
-0.0581274004 0.0838718341 0.24
-0.0549228592 0.0838718341 0.25
-0.051302783 0.0838718341 0.26
-0.0489983816 0.0838718341 0.264830551
-0.0489983816 0.0880198977 0.19
-0.0489983816 0.0938718341 0.195533867
-0.0563030929 0.0938718341 0.19
-0.0587231941 0.0938718341 0.23
-0.0575383777 0.0938718341 0.24
-0.0556664247 0.0938718341 0.25
-0.0539838905 0.0938718341 0.26
-0.0489983816 0.0866493342 0.27
-0.0523303051 0.0938718341 0.27
-0.0539054508 0.103871834 0.19
-0.0489983816 0.0989647601 0.19
-0.0489983816 0.103871834 0.185092926
-0.0560562439 0.0938718341 0.18
-0.0589983816 0.0965671275 0.19
-0.0589983816 0.0968139766 0.18
-0.0589983816 0.09626981 0.2
-0.0537530155 0.103871834 0.2
-0.053128726 0.103871834 0.21
-0.0589983816 0.0959126208 0.21
-0.0528917904 0.103871834 0.22
-0.0589983816 0.0954828952 0.22
-0.0526141376 0.103871834 0.23
-0.0522877664 0.103871834 0.24
-0.0519021005 0.103871834 0.25
-0.0505866546 0.103871834 0.26
-0.0499077339 0.103871834 0.27
-0.0489983816 0.108778908 0.19
-0.0489983816 0.113871834 0.195471153
-0.0535272331 0.113871834 0.2
-0.0533441801 0.113871834 0.21
-0.0489983816 0.107487595 0.23
-0.0489983816 0.113871834 0.237040901
-0.0519574804 0.113871834 0.24
-0.0515481443 0.113871834 0.25
-0.0454542036 -0.116128166 0.22
-0.0451671667 -0.126128166 0.22
-0.0389983816 -0.121042113 0.23
-0.0389983816 -0.116128166 0.22508606
-0.0389983816 -0.126128166 0.235094166
-0.0489490194 -0.116128166 0.27
-0.0489983816 -0.111143154 0.17
-0.0440133734 -0.116128166 0.17
-0.0389983816 -0.106128166 0.165025272
-0.0439731188 -0.106128166 0.17
-0.0389983816 -0.111102898 0.17
-0.0438159723 -0.106128166 0.18
-0.0389983816 -0.110945753 0.18
-0.0441448087 -0.116128166 0.18
-0.0389983816 -0.11076327 0.19
-0.0442979593 -0.116128166 0.19
-0.0444756956 -0.116128166 0.2
-0.0389983816 -0.110551508 0.2
-0.0446817083 -0.116128166 0.21
-0.0389983816 -0.11008573 0.21
-0.0389983816 -0.10977883 0.22
-0.0389983816 -0.101043079 0.17
-0.0389983816 -0.10131058 0.18
-0.0389983816 -0.0961281659 0.185336609
-0.0473775167 -0.0961281659 0.27
-0.0477708692 -0.0861281659 0.12
-0.0482739515 -0.0861281659 0.13
-0.0488941355 -0.0861281659 0.14
-0.0389983816 -0.087242706 0.18
-0.0389983816 -0.0861281659 0.174142761
-0.0414018411 -0.0861281659 0.2
-0.0389983816 -0.0861281659 0.198935814
-0.0389983816 -0.0862169768 0.2
-0.0389983816 -0.0873886969 0.21
-0.0389983816 -0.0883125188 0.22
-0.048177659 -0.0861281659 0.23
-0.0389983816 -0.0861281659 0.222716713
-0.0482291956 -0.0861281659 0.26
-0.0477820654 -0.0861281659 0.27
-0.0389983816 -0.0795129611 -0.01
-0.0389983816 -0.0761281659 -0.0133847952
-0.0389983816 -0.0816915109 0
-0.0389983816 -0.0809239461 0.01
-0.0389983816 -0.0810676696 0.02
-0.0389983816 -0.0812790753 0.03
-0.0389983816 -0.0804805114 0.04
-0.0389983816 -0.0806746699 0.05
-0.0389983816 -0.0800895049 0.06
-0.0389983816 -0.080114391 0.07
-0.0389983816 -0.0797874572 0.08
-0.0389983816 -0.0795178153 0.09
-0.0389983816 -0.0794010999 0.1
-0.0389983816 -0.0791939904 0.11
-0.0389983816 -0.0788957145 0.12
-0.0389983816 -0.0780445458 0.13
-0.0389983816 -0.0775339534 0.14
-0.0404735727 -0.0761281659 0.15
-0.0389983816 -0.0761281659 0.146271019
-0.0416879244 -0.0761281659 0.16
-0.0389983816 -0.0761281659 0.164039135
-0.0389983816 -0.082341273 0.17
-0.0389983816 -0.0856396272 0.2
-0.0389983816 -0.0804073359 0.21
-0.0389983816 -0.0761281659 0.218412075
-0.0389983816 -0.0776934316 0.23
-0.0389983816 -0.0798818137 0.24
-0.0389983816 -0.0779564788 0.25
-0.0389983816 -0.0797293212 0.26
-0.0389983816 -0.0801660468 0.27
-0.0389983816 -0.0861281659 0.272057114
-0.0389983816 -0.0661281659 -0.0141223884
-0.0389983816 -0.0748701741 0.15
-0.0389983816 -0.0737732102 0.16
-0.0389983816 -0.0757231166 0.22
-0.0389983816 -0.0735728909 0.23
-0.0389983816 -0.0704257133 0.24
-0.0475641031 -0.0661281659 0.25
-0.0389983816 -0.0724605586 0.25
-0.0422837133 -0.0661281659 0.26
-0.0389983816 -0.0683616712 0.26
-0.0389983816 -0.0661281659 0.266739826
-0.0389983816 -0.0561281659 -0.0149667168
-0.045054471 -0.0561281659 0.27
-0.0389983816 -0.0643312051 0.27
-0.0419841547 -0.0561281659 0.28
-0.0389983816 -0.0578411366 0.28
-0.0389983816 -0.0521286275 0.13
-0.0389983816 -0.0461281659 0.135095329
-0.0442047758 -0.0461281659 0.13
-0.048668725 -0.0461281659 0.28
-0.0389983816 -0.041781471 0.17
-0.0389983816 -0.0361281659 0.17512598
-0.0445233793 -0.0361281659 0.17
-0.0389983816 -0.0261281659 0.175095577
-0.0445634813 -0.0261281659 0.17
-0.0389983816 -0.0161281659 0.175075989
-0.0445071764 -0.0161281659 0.17
-0.0389983816 -0.00612816591 0.175066986
-0.044492013 -0.00612816591 0.17
-0.0389983816 0.00387183409 0.175068436
-0.044523427 0.00387183409 0.17
-0.0389983816 0.0138718341 0.175079288
-0.0445130987 0.0138718341 0.17
-0.0389983816 0.0238718341 0.165072784
-0.0389983816 0.018944609 0.17
-0.0443301744 0.0238718341 0.16
-0.0443190355 0.0138718341 0.16
-0.0389983816 0.0289735435 0.11
-0.0389983816 0.0338718341 0.105101709
-0.0440059442 0.0238718341 0.12
-0.0389983816 0.0290220473 0.12
-0.0441279955 0.0238718341 0.13
-0.0389983816 0.0290477012 0.13
-0.0442733164 0.0238718341 0.14
-0.0389983816 0.0291813205 0.14
-0.0442756624 0.0238718341 0.15
-0.0389983816 0.029338343 0.15
-0.0389983816 0.0295219348 0.16
-0.0477654524 0.0338718341 0.27
-0.0389983816 0.0338718341 0.276232948
-0.0389983816 0.0295900939 0.28
-0.0389983816 0.0391133616 -0.02
-0.0389983816 0.0438718341 -0.0247584677
-0.0389983816 0.0392422221 -0.01
-0.0389983816 0.0391998027 0
-0.0389983816 0.0392317126 0.01
-0.0389983816 0.039220383 0.02
-0.0389983816 0.0392797778 0.03
-0.0389983816 0.0392504046 0.04
-0.0389983816 0.0392360423 0.05
-0.0389983816 0.0393385623 0.06
-0.0389983816 0.0394654391 0.07
-0.0389983816 0.0393505595 0.08
-0.0389983816 0.0394004748 0.09
-0.0389983816 0.0395097468 0.1
-0.0439518327 0.0438718341 0.25
-0.0408256979 0.0438718341 0.26
-0.0389983816 0.0438718341 0.262572689
-0.0389983816 0.0404252742 0.27
-0.0389983816 0.0486303065 -0.02
-0.0389983816 0.0538718341 -0.0135149908
-0.0389983816 0.0538718341 0.224267178
-0.0389983816 0.0522020076 0.23
-0.0389983816 0.048779156 0.24
-0.0389983816 0.0449257777 0.25
-0.0389983816 0.0451188205 0.26
-0.0389983816 0.0638718341 -0.01270015
-0.0466604299 0.0638718341 0.08
-0.0423171873 0.0638718341 0.09
-0.0440636797 0.0638718341 0.11
-0.0389983816 0.0638718341 0.100037832
-0.0389983816 0.0617447207 0.11
-0.0389983816 0.061294472 0.12
-0.0439055128 0.0638718341 0.12
-0.0389983816 0.0615409968 0.13
-0.0453503675 0.0638718341 0.13
-0.0389983816 0.0603934024 0.14
-0.0472556371 0.0638718341 0.14
-0.0389983816 0.059833443 0.15
-0.0389983816 0.059187424 0.16
-0.0389983816 0.0606644938 0.17
-0.0389983816 0.0596993373 0.18
-0.0389983816 0.0605995868 0.19
-0.0389983816 0.0589707301 0.2
-0.0389983816 0.0561142848 0.21
-0.0389983816 0.0546216128 0.22
-0.039421813 0.0638718341 0.27
-0.0389983816 0.0634642337 0.27
-0.0389983816 0.0638718341 0.269031734
-0.0389983816 0.0667119334 0
-0.0389983816 0.0665719913 -0.01
-0.0389983816 0.0650459598 0.01
-0.0389983816 0.065171387 0.02
-0.0389983816 0.0653344462 0.03
-0.0389983816 0.0654073642 0.04
-0.0389983816 0.0654980205 0.05
-0.0389983816 0.0657162974 0.06
-0.0389983816 0.0644250796 0.07
-0.0389983816 0.0643056796 0.08
-0.0389983816 0.0640567325 0.09
-0.0389983816 0.0638778041 0.1
-0.0389983816 0.0688823054 0.23
-0.0389983816 0.0738718341 0.224554501
-0.0389983816 0.0694958995 0.24
-0.0389983816 0.0702225421 0.25
-0.0389983816 0.0657551883 0.26
-0.0485273714 0.0738718341 0.27
-0.0389983816 0.0770824168 0.18
-0.0389983816 0.0838718341 0.175084534
-0.0389983816 0.0776655124 0.19
-0.0389983816 0.0776792453 0.2
-0.0389983816 0.0773267482 0.21
-0.0389983816 0.0780310557 0.22
-0.0475955362 0.0838718341 0.27
-0.0435602827 0.0938718341 0.19
-0.0389983816 0.0887458919 0.18
-0.0389983816 0.0938718341 0.185438099
-0.0489983816 0.0874225543 0.18
-0.0389983816 0.0872788737 0.23
-0.0389983816 0.0938718341 0.237334156
-0.0452300615 0.0938718341 0.23
-0.0389983816 0.103871834 0.235080128
-0.0453826303 0.103871834 0.23
-0.0389983816 0.113871834 0.235176392
-0.0489983816 0.105460102 0.26
-0.0489983816 0.113871834 0.252549763
-0.0433234091 0.113871834 0.26
-0.0289983816 -0.116128166 0.235724125
-0.0340844316 -0.116128166 0.23
-0.0289983816 -0.120404036 0.24
-0.0340925569 -0.126128166 0.24
-0.0289983816 -0.106128166 0.21501997
-0.0350408144 -0.106128166 0.21
-0.0289983816 -0.111108201 0.22
-0.0289983816 -0.110877512 0.23
-0.0345570249 -0.116128166 0.25
-0.0289983816 -0.11009298 0.25
-0.0289983816 -0.116128166 0.244275875
-0.0348498411 -0.116128166 0.26
-0.0289983816 -0.109780525 0.26
-0.0351910181 -0.116128166 0.27
-0.0289983816 -0.109324353 0.27
-0.0340236444 -0.106128166 0.17
-0.0289983816 -0.0961281659 0.215009422
-0.0347966738 -0.0961281659 0.21
-0.0375327654 -0.0861281659 0.18
-0.0343349905 -0.0961281659 0.19
-0.0382861776 -0.0861281659 0.19
-0.034548604 -0.0961281659 0.2
-0.0289983816 -0.0869448831 0.22
-0.0289983816 -0.0861281659 0.220950985
-0.0289983816 -0.0789504697 -0.01
-0.0289983816 -0.0761281659 -0.0128223038
-0.0289983816 -0.0814218642 0
-0.0289983816 -0.0807081725 0.01
-0.0289983816 -0.0808290221 0.02
-0.0289983816 -0.0811683824 0.03
-0.0289983816 -0.0811952331 0.04
-0.0289983816 -0.080324476 0.05
-0.0289983816 -0.0798178937 0.06
-0.0289983816 -0.0796539762 0.07
-0.0289983816 -0.0794960906 0.08
-0.0289983816 -0.0793321444 0.09
-0.0289983816 -0.0792401912 0.1
-0.0289983816 -0.0786266353 0.11
-0.0289983816 -0.0783396842 0.12
-0.0289983816 -0.0779565408 0.13
-0.0308313627 -0.0761281659 0.14
-0.0289983816 -0.0761281659 0.138562946
-0.0339333792 -0.0761281659 0.17
-0.0358409948 -0.0761281659 0.18
-0.0342950125 -0.0761281659 0.19
-0.0357735891 -0.0761281659 0.2
-0.0323145456 -0.0761281659 0.21
-0.0289983816 -0.0765009191 0.23
-0.0289983816 -0.0774764945 0.24
-0.0289983816 -0.0786166789 0.25
-0.0289983816 -0.0798512389 0.26
-0.0289983816 -0.079712856 0.27
-0.0289983816 -0.0661281659 -0.0140659547
-0.0289983816 -0.0756762864 0.14
-0.0289983816 -0.0748141553 0.15
-0.0289983816 -0.0735549142 0.16
-0.0289983816 -0.0720661475 0.17
-0.0289983816 -0.0731225183 0.18
-0.0289983816 -0.0722116162 0.19
-0.0289983816 -0.0711990525 0.2
-0.0289983816 -0.0752856709 0.21
-0.0289983816 -0.0737579801 0.22
-0.0289983816 -0.0753778293 0.23
-0.0289983816 -0.0730417945 0.24
-0.0289983816 -0.0705651834 0.25
-0.0289983816 -0.0680974414 0.26
-0.0289983816 -0.0661281659 0.267300491
-0.0289983816 -0.0561281659 -0.0148935628
-0.0289983816 -0.065034044 0.27
-0.0360900755 -0.0561281659 0.28
-0.0289983816 -0.0561281659 0.276197357
-0.0289983816 -0.0520663478 0.13
-0.0289983816 -0.0461281659 0.135111809
-0.0289983816 -0.0533291556 0.28
-0.0289983816 -0.04197212 0.18
-0.0289983816 -0.0361281659 0.185070744
-0.0341243524 -0.0361281659 0.18
-0.0289983816 -0.0316900041 0.21
-0.0289983816 -0.0261281659 0.215153637
-0.0343842001 -0.0261281659 0.21
-0.0289983816 -0.0161281659 0.215135155
-0.0344042082 -0.0161281659 0.21
-0.0289983816 -0.00612816591 0.215127087
-0.0344144029 -0.00612816591 0.21
-0.0355783243 -0.0161281659 0.28
-0.0289983816 -0.00970040102 0.28
-0.0289983816 -0.0161281659 0.273927498
-0.0289983816 0.00387183409 0.215124817
-0.0343965025 0.00387183409 0.21
-0.0289983816 0.0138718341 0.20503664
-0.0289983816 0.00890848379 0.21
-0.0343443556 0.0138718341 0.2
-0.0343298502 0.00387183409 0.2
-0.0289983816 0.018910992 0.17
-0.0289983816 0.0238718341 0.165039158
-0.0340776796 0.0138718341 0.18
-0.0289983816 0.0189861701 0.18
-0.0342890043 0.0138718341 0.19
-0.0289983816 0.0191096137 0.19
-0.0289983816 0.0193203471 0.2
-0.0289983816 0.0289406608 0.11
-0.0289983816 0.0338718341 0.105068827
-0.0289983816 0.0290380404 0.12
-0.0289983816 0.0290575717 0.13
-0.0289983816 0.02911319 0.14
-0.0289983816 0.0292681716 0.15
-0.0289983816 0.0294491313 0.16
-0.0307146806 0.0338718341 0.28
-0.0289983816 0.0390558742 -0.02
-0.0289983816 0.0438718341 -0.0248159647
-0.0289983816 0.0391544078 -0.01
-0.0289983816 0.0391136668 0
-0.0289983816 0.0391457294 0.01
-0.0289983816 0.039188454 0.02
-0.0289983816 0.0392477534 0.03
-0.0289983816 0.0392664454 0.04
-0.0289983816 0.0393017314 0.05
-0.0289983816 0.0393547557 0.06
-0.0289983816 0.0393750499 0.07
-0.0289983816 0.0394619678 0.08
-0.0289983816 0.0395682452 0.09
-0.0289983816 0.0394992564 0.1
-0.0289983816 0.0438718341 0.265335751
-0.0289983816 0.0418559764 0.27
-0.0289983816 0.0344497607 0.28
-0.0289983816 0.048687794 -0.02
-0.0289983816 0.0538718341 -0.0135699296
-0.033529336 0.0538718341 0.23
-0.0289983816 0.0538718341 0.234608021
-0.0289983816 0.0524377749 0.24
-0.0289983816 0.0495646403 0.25
-0.0289983816 0.045909035 0.26
-0.0289983816 0.0638718341 -0.0125005937
-0.0289983816 0.0638718341 0.101443758
-0.0289983816 0.0623361705 0.11
-0.0289983816 0.0622422145 0.12
-0.0289983816 0.0614613078 0.13
-0.0289983816 0.0607373736 0.14
-0.0289983816 0.0601686976 0.15
-0.0289983816 0.0594468425 0.16
-0.0289983816 0.058658211 0.17
-0.0289983816 0.0578231929 0.18
-0.0289983816 0.0566214107 0.19
-0.0289983816 0.0544686816 0.2
-0.0289983816 0.0556497882 0.21
-0.0289983816 0.0540749476 0.22
-0.0289983816 0.0547107432 0.23
-0.0289983816 0.0582718204 0.27
-0.0289983816 0.0638718341 0.26450222
-0.0289983816 0.0662302135 0
-0.0289983816 0.0663724254 -0.01
-0.0289983816 0.0653807948 0.01
-0.0289983816 0.0651036952 0.02
-0.0289983816 0.0654975055 0.03
-0.0289983816 0.0657085536 0.04
-0.0289983816 0.0658407138 0.05
-0.0289983816 0.0649980472 0.06
-0.0289983816 0.0649360583 0.07
-0.0289983816 0.0646521495 0.08
-0.0289983816 0.0641378139 0.09
-0.0289983816 0.0640709231 0.1
-0.0289983816 0.0670605205 0.23
-0.0289983816 0.0738718341 0.222572308
-0.0289983816 0.0676924441 0.24
-0.0289983816 0.0681615947 0.25
-0.0289983816 0.0676694797 0.26
-0.0289983816 0.0838718341 0.215151081
-0.0349899454 0.0838718341 0.21
-0.0289983816 0.0763715861 0.22
-0.0389983816 0.0876431773 0.22
-0.0389983816 0.0878802798 0.21
-0.0289983816 0.0938718341 0.215154057
-0.0338443155 0.0938718341 0.22
-0.0335988874 0.0938718341 0.23
-0.0237391443 -0.116128166 0.26
-0.0189983816 -0.12086893 0.26
-0.0189983816 -0.116128166 0.255259228
-0.0234835787 -0.116128166 0.27
-0.0189983816 -0.120613362 0.27
-0.0189983816 -0.106128166 0.255099754
-0.0250335665 -0.106128166 0.25
-0.0189983816 -0.0961281659 0.255105209
-0.024823472 -0.0961281659 0.25
-0.0240078039 -0.0961281659 0.22
-0.0189983816 -0.0861281659 0.235200157
-0.0245101709 -0.0961281659 0.24
-0.0189983816 -0.0909280111 0.24
-0.0244241209 -0.0861281659 0.23
-0.0242408151 -0.0961281659 0.23
-0.0189983816 -0.0906621124 0.25
-0.0189983816 -0.0788022925 -0.01
-0.0189983816 -0.0761281659 -0.012674129
-0.0189983816 -0.0811377742 0
-0.0189983816 -0.0804851272 0.01
-0.0189983816 -0.0803955056 0.02
-0.0189983816 -0.080914376 0.03
-0.0189983816 -0.0809171416 0.04
-0.0189983816 -0.0801095035 0.05
-0.0189983816 -0.0801214959 0.06
-0.0189983816 -0.0793583371 0.07
-0.0189983816 -0.0792120387 0.08
-0.0189983816 -0.0790642383 0.09
-0.0189983816 -0.0785564115 0.1
-0.0189983816 -0.0783916261 0.11
-0.0189983816 -0.0781628825 0.12
-0.0189983816 -0.0778021409 0.13
-0.0271369619 -0.0761281659 0.14
-0.0189983816 -0.0774609401 0.14
-0.0189983816 -0.0761281659 0.146027279
-0.0189983816 -0.0785836246 0.24
-0.0189983816 -0.0792973449 0.25
-0.0189983816 -0.0790768554 0.26
-0.0189983816 -0.0768623855 0.27
-0.0189983816 -0.0661281659 -0.0140812635
-0.0189983816 -0.0744969298 0.15
-0.0189983816 -0.0734639861 0.16
-0.0189983816 -0.0720697953 0.17
-0.0189983816 -0.0729601027 0.18
-0.0189983816 -0.0720642783 0.19
-0.0189983816 -0.0711649873 0.2
-0.0189983816 -0.0698576095 0.21
-0.0189983816 -0.068664992 0.22
-0.0189983816 -0.0673327567 0.23
-0.0189983816 -0.0699074008 0.24
-0.0189983816 -0.0680472018 0.25
-0.0217861242 -0.0661281659 0.26
-0.0189983816 -0.0661281659 0.257595081
-0.0189983816 -0.0661281659 0.262657452
-0.0189983816 -0.0718546226 0.27
-0.0264265032 -0.0661281659 0.27
-0.0189983816 -0.0661281659 0.271109505
-0.0189983816 -0.0561281659 -0.0149400592
-0.0189983816 -0.0647470071 0.26
-0.0189983816 -0.0561281659 0.27766468
-0.0189983816 -0.0521194245 0.13
-0.0189983816 -0.0461281659 0.135077381
-0.0189983816 -0.0530836513 0.28
-0.0189983816 -0.0419975545 0.18
-0.0189983816 -0.0361281659 0.185082092
-0.0189983816 -0.0320007779 0.22
-0.0189983816 -0.0261281659 0.225055065
-0.024152009 -0.0261281659 0.22
-0.0189983816 -0.021458595 0.24
-0.0189983816 -0.0161281659 0.245082226
-0.0244055815 -0.0161281659 0.24
-0.0189983816 -0.00612816591 0.245067673
-0.0244111318 -0.00612816591 0.24
-0.0189983816 0.00387183409 0.245133228
-0.024427535 0.00387183409 0.24
-0.0189983816 0.00887926321 0.21
-0.0189983816 0.0138718341 0.205007439
-0.024123208 0.00387183409 0.22
-0.0189983816 0.00907466154 0.22
-0.0243534727 0.00387183409 0.23
-0.0189983816 0.0090723155 0.23
-0.0189983816 0.00936499815 0.24
-0.0189983816 0.0188801597 0.17
-0.0189983816 0.0238718341 0.165008316
-0.0189983816 0.0190669749 0.18
-0.0189983816 0.0190876506 0.19
-0.0189983816 0.0193192313 0.2
-0.025247056 0.0138718341 0.28
-0.0189983816 0.0214000819 0.28
-0.0189983816 0.0138718341 0.273898506
-0.0189983816 0.0289192031 0.11
-0.0189983816 0.0338718341 0.105047369
-0.0189983816 0.0290160392 0.12
-0.0189983816 0.0289871333 0.13
-0.0189983816 0.0291180442 0.14
-0.0189983816 0.029271767 0.15
-0.0189983816 0.0294546721 0.16
-0.0189983816 0.0390579722 -0.02
-0.0189983816 0.0438718341 -0.0248138523
-0.0189983816 0.0391866611 -0.01
-0.0189983816 0.0391448329 0
-0.0189983816 0.0391767428 0.01
-0.0189983816 0.0391654323 0.02
-0.0189983816 0.0392242358 0.03
-0.0189983816 0.0392428706 0.04
-0.0189983816 0.039228184 0.05
-0.0189983816 0.0393305896 0.06
-0.0189983816 0.039398453 0.07
-0.0189983816 0.0394370006 0.08
-0.0189983816 0.0394960902 0.09
-0.0189983816 0.0394975017 0.1
-0.0212640066 0.0438718341 0.24
-0.0189983816 0.0438718341 0.231781139
-0.0189983816 0.041738045 0.24
-0.0189983816 0.0438718341 0.248309364
-0.0251622553 0.0438718341 0.26
-0.0189983816 0.0438718341 0.251502495
-0.0189983816 0.0408830569 0.26
-0.0189983816 0.0438718341 0.265519943
-0.024985301 0.0438718341 0.27
-0.0189983816 0.0438718341 0.272480278
-0.0189983816 0.0373897098 0.28
-0.0189983816 0.0486856959 -0.02
-0.0189983816 0.0538718341 -0.0136055613
-0.0202529878 0.0538718341 0.21
-0.0189983816 0.0538718341 0.20782383
-0.0189983816 0.0531414531 0.21
-0.0189983816 0.0490396235 0.22
-0.0279649038 0.0538718341 0.22
-0.0189983816 0.044628136 0.23
-0.0274414892 0.0538718341 0.23
-0.0189983816 0.0445776675 0.25
-0.0189983816 0.0461004375 0.27
-0.0189983816 0.0574773906 -0.01
-0.0189983816 0.0638718341 -0.00128031731
-0.0264977903 0.0638718341 -0.01
-0.0189983816 0.0638718341 0.102904921
-0.0189983816 0.0625693439 0.11
-0.0189983816 0.0624566768 0.12
-0.0189983816 0.0609953425 0.13
-0.0189983816 0.0609126781 0.14
-0.0189983816 0.0603383372 0.15
-0.0189983816 0.0596872828 0.16
-0.0189983816 0.0588660739 0.17
-0.0189983816 0.0579757998 0.18
-0.0189983816 0.056378548 0.19
-0.0189983816 0.0546690677 0.2
-0.0189983816 0.0563995479 0.27
-0.0189983816 0.0638718341 0.260595207
-0.0189983816 0.066482117 0
-0.0189983816 0.0661335681 0.01
-0.0189983816 0.0653779338 0.02
-0.0189983816 0.0656229518 0.03
-0.0189983816 0.0661103747 0.04
-0.0189983816 0.0653559993 0.05
-0.0189983816 0.0652493022 0.06
-0.0189983816 0.0650876163 0.07
-0.0189983816 0.0652118609 0.08
-0.0189983816 0.0645739291 0.09
-0.0189983816 0.0642644618 0.1
-0.0189983816 0.0738718341 0.255121326
-0.0248399038 0.0738718341 0.25
-0.0189983816 0.0643557857 0.26
-0.0189983816 0.0838718341 0.255248127
-0.0249671716 0.0838718341 0.25
-0.0189983816 0.0938718341 0.255235786
-0.0251747389 0.0938718341 0.25
-0.0238811846 0.103871834 0.25
-0.0189983816 0.0989890216 0.25
-0.0189983816 0.103871834 0.245117188
-0.0248796434 0.0938718341 0.24
-0.0289983816 0.0976954768 0.25
-0.0289983816 0.0979905627 0.24
-0.0289983816 0.0972821353 0.26
-0.0236021204 0.103871834 0.26
-0.0233171243 0.103871834 0.27
-0.0289983816 0.0967898868 0.27
-0.00899838159 -0.0861281659 0.26521595
-0.0144008703 -0.0961281659 0.27
-0.00899838159 -0.0909122087 0.27
-0.0148126669 -0.0861281659 0.26
-0.0141036005 -0.0961281659 0.26
-0.00899838159 -0.0786031224 -0.01
-0.00899838159 -0.0761281659 -0.0124749589
-0.00899838159 -0.0812426545 0
-0.00899838159 -0.0800941684 0.01
-0.00899838159 -0.0802697541 0.02
-0.00899838159 -0.0806265141 0.03
-0.00899838159 -0.0804554822 0.04
-0.00899838159 -0.0806731202 0.05
-0.00899838159 -0.0796260049 0.06
-0.00899838159 -0.0794592883 0.07
-0.00899838159 -0.0790104272 0.08
-0.00899838159 -0.0784223773 0.09
-0.00899838159 -0.0783690192 0.1
-0.00899838159 -0.0782232739 0.11
-0.00899838159 -0.0779843118 0.12
-0.00899838159 -0.0774394919 0.13
-0.00899838159 -0.077021444 0.14
-0.00899838159 -0.0761281659 0.144110165
-0.0141985388 -0.0861281659 0.24
-0.0144644327 -0.0861281659 0.25
-0.00899838159 -0.0761281659 0.269485283
-0.0133251257 -0.0761281659 0.27
-0.00899838159 -0.0661281659 -0.0143201828
-0.00899838159 -0.0739021995 0.15
-0.00899838159 -0.0730016067 0.16
-0.00899838159 -0.0715975501 0.17
-0.00899838159 -0.072794173 0.18
-0.00899838159 -0.0715547254 0.19
-0.00899838159 -0.0706229808 0.2
-0.00899838159 -0.069726732 0.21
-0.00899838159 -0.0685901191 0.22
-0.0125441427 -0.0661281659 0.23
-0.00899838159 -0.0661281659 0.227628384
-0.0132496519 -0.0661281659 0.24
-0.0159511537 -0.0661281659 0.25
-0.00899838159 -0.071218002 0.27
-0.0127089948 -0.0661281659 0.27
-0.00899838159 -0.0761281659 0.270435257
-0.00899838159 -0.0561281659 -0.0149684954
-0.00899838159 -0.0620414426 0
-0.00899838159 -0.0561281659 0.00505079269
-0.0141310282 -0.0561281659 0
-0.00899838159 -0.0636889197 0.23
-0.00899838159 -0.0595579984 0.24
-0.0099636812 -0.0561281659 0.25
-0.00899838159 -0.0561281659 0.246956596
-0.0131348676 -0.0561281659 0.26
-0.0125910921 -0.0561281659 0.27
-0.00899838159 -0.0521945073 0.13
-0.00899838159 -0.0461281659 0.13500927
-0.00899838159 -0.0553167083 0.25
-0.00899838159 -0.0527122237 0.26
-0.00899838159 -0.0498980834 0.27
-0.00899838159 -0.0535104253 0.28
-0.00899838159 -0.0420421197 0.18
-0.00899838159 -0.0361281659 0.185001545
-0.00899838159 -0.0318470933 0.22
-0.00899838159 -0.0261281659 0.22506155
-0.00899838159 -0.0217558171 0.25
-0.00899838159 -0.0161281659 0.255025711
-0.0140806169 -0.0161281659 0.25
-0.0140660448 -0.00612816591 0.25
-0.00899838159 -0.000949838351 0.25
-0.00899838159 0.00387183409 0.245178337
-0.0143693609 -0.00612816591 0.26
-0.00899838159 -0.00094266672 0.26
-0.0143823023 -0.00612816591 0.27
-0.00899838159 -0.00063599367 0.27
-0.00899838159 0.0138718341 0.215186024
-0.0140058107 0.0138718341 0.21
-0.00899838159 0.00905784826 0.22
-0.00899838159 0.00907652121 0.23
-0.00899838159 0.00935267668 0.24
-0.00899838159 0.0238718341 0.175185604
-0.0140067072 0.0238718341 0.17
-0.00899838159 0.0190574286 0.18
-0.00899838159 0.0191641639 0.19
-0.00899838159 0.019283974 0.2
-0.00899838159 0.0195265124 0.21
-0.00914297769 0.0238718341 0.28
-0.00899838159 0.0238718341 0.279869347
-0.00899838159 0.0138718341 0.273357162
-0.00899838159 0.0289088843 0.11
-0.00899838159 0.0338718341 0.10503705
-0.00899838159 0.0290055202 0.12
-0.00899838159 0.0290519927 0.13
-0.00899838159 0.0291535304 0.14
-0.00899838159 0.029308884 0.15
-0.00899838159 0.0294904826 0.16
-0.00899838159 0.029670193 0.17
-0.00941118906 0.0338718341 0.27
-0.00899838159 0.0338718341 0.269080486
-0.00899838159 0.0336148093 0.27
-0.0158059377 0.0338718341 0.28
-0.00899838159 0.039046223 -0.02
-0.00899838159 0.0438718341 -0.0248256063
-0.00899838159 0.0391247104 -0.01
-0.00899838159 0.0390849994 0
-0.00899838159 0.0391694186 0.01
-0.00899838159 0.0391587756 0.02
-0.00899838159 0.0392167018 0.03
-0.00899838159 0.0392359088 0.04
-0.00899838159 0.0392212031 0.05
-0.00899838159 0.0393226169 0.06
-0.00899838159 0.0393427585 0.07
-0.00899838159 0.0394813655 0.08
-0.00899838159 0.0394147227 0.09
-0.00899838159 0.0393815921 0.1
-0.00899838159 0.0438718341 0.232327843
-0.00899838159 0.0419577525 0.24
-0.00899838159 0.0392757724 0.25
-0.0181189413 0.0438718341 0.25
-0.00899838159 0.0363567088 0.26
-0.00899838159 0.0414286159 0.27
-0.00899838159 0.0438718341 0.269892902
-0.00899838159 0.0438718341 0.270113831
-0.00899838159 0.0486974452 -0.02
-0.00899838159 0.0538718341 -0.0136157441
-0.00899838159 0.0538718341 0.204694958
-0.00899838159 0.0521298526 0.21
-0.00899838159 0.0488315509 0.22
-0.00899838159 0.0448979495 0.23
-0.00899838159 0.0439508555 0.27
-0.0111149282 0.0638718341 -0.01
-0.00899838159 0.0638718341 -0.0121165419
-0.00899838159 0.0638718341 0.104529629
-0.00899838159 0.0630207751 0.11
-0.00899838159 0.0626801227 0.12
-0.00899838159 0.06131366 0.13
-0.00899838159 0.0606397746 0.14
-0.00899838159 0.0604607318 0.15
-0.00899838159 0.0596159862 0.16
-0.00899838159 0.0588533519 0.17
-0.00899838159 0.0580678866 0.18
-0.00899838159 0.0564701007 0.19
-0.00899838159 0.0544645427 0.2
-0.00899838159 0.0567655681 0.27
-0.00899838159 0.0638718341 0.264974041
-0.00899838159 0.0659883807 -0.01
-0.00899838159 0.0665405581 0
-0.00899838159 0.0665769122 0.01
-0.00899838159 0.0657663463 0.02
-0.00899838159 0.0656911014 0.03
-0.00899838159 0.0647960399 0.04
-0.00899838159 0.0652351115 0.05
-0.00899838159 0.0650793574 0.06
-0.00899838159 0.0651827357 0.07
-0.00899838159 0.065224087 0.08
-0.00899838159 0.0648107265 0.09
-0.00899838159 0.0645944713 0.1
0.00100161841 -0.091109121 0.27
0.00100161841 -0.0861281659 0.265019035
0.00100161841 -0.0789853551 -0.01
0.00100161841 -0.0761281659 -0.0128571892
0.00100161841 -0.0818208196 0
0.00100161841 -0.0798427464 0.01
0.00100161841 -0.0798333861 0.02
0.00100161841 -0.080185745 0.03
0.00100161841 -0.0802430465 0.04
0.00100161841 -0.0803314187 0.05
0.00100161841 -0.0804461982 0.06
0.00100161841 -0.0789158179 0.07
0.00100161841 -0.0790722491 0.08
0.00100161841 -0.0786963298 0.09
0.00100161841 -0.077938235 0.1
0.00100161841 -0.0781379153 0.11
0.00100161841 -0.0773871924 0.12
0.00100161841 -0.0770707681 0.13
0.00100161841 -0.0766900374 0.14
0.00100161841 -0.0761281659 0.142428246
0.00100161841 -0.0808568789 0.27
-0.00851207445 -0.0761281659 0.27
0.00100161841 -0.0661281659 -0.014213748
0.00100161841 -0.0731387259 0.15
0.00100161841 -0.0720999362 0.16
0.00100161841 -0.0709303834 0.17
0.00100161841 -0.072067907 0.18
0.00100161841 -0.0713510634 0.19
0.00100161841 -0.0704031684 0.2
0.00100161841 -0.0694816758 0.21
0.00100161841 -0.0678822543 0.22
0.00100161841 -0.0661281659 0.226499882
0.00100161841 -0.0561281659 -0.0149888611
-0.00899838159 -0.0561281659 -0.00503150463
-0.00391759584 -0.0561281659 0
0.00100161841 -0.063252628 0.23
0.00100161841 -0.0591487433 0.24
0.00100161841 -0.0561281659 0.246599979
0.00100161841 -0.0520221068 0.13
0.00100161841 -0.0461281659 0.135062447
0.00100161841 -0.0553089358 0.25
0.00100161841 -0.0517836692 0.26
0.00100161841 -0.04940542 0.27
0.00100161841 -0.0520546128 0.28
0.00100161841 -0.0419526746 0.18
0.00100161841 -0.0361281659 0.185035133
0.00100161841 -0.0318808343 0.22
0.00100161841 -0.0261281659 0.225081291
0.00100161841 -0.0217743375 0.25
0.00100161841 -0.0161281659 0.25503437
0.00100161841 -0.000947969149 0.25
0.00100161841 0.00387183409 0.245180187
0.00100161841 -0.000950496386 0.26
0.00100161841 -0.000631940554 0.27
-0.00399779031 0.0138718341 0.21
0.00100161841 0.00887242537 0.21
0.00100161841 0.0138718341 0.205000591
0.00100161841 0.00905953627 0.22
0.00100161841 0.00908064108 0.23
0.00100161841 0.00935642462 0.24
-0.00399789522 0.0238718341 0.17
0.00100161841 0.0188723205 0.17
0.00100161841 0.0238718341 0.165000496
0.00100161841 0.0189669154 0.18
0.00100161841 0.0190568183 0.19
0.00100161841 0.0192871116 0.2
0.00100161841 0.0138718341 0.273368378
0.00100161841 0.0238718341 0.279848595
0.00100161841 0.0289095805 0.11
0.00100161841 0.0338718341 0.105037746
0.00100161841 0.0290063403 0.12
0.00100161841 0.0290154193 0.13
0.00100161841 0.029081776 0.14
0.00100161841 0.0292349837 0.15
0.00100161841 0.0294648288 0.16
0.00100161841 0.0338718341 0.268754444
0.00100161841 0.0335175822 0.27
0.00100161841 0.0390507434 -0.02
0.00100161841 0.0438718341 -0.0248210859
0.00100161841 0.0391823314 -0.01
0.00100161841 0.0391399501 0
0.00100161841 0.0391721461 0.01
0.00100161841 0.0391602633 0.02
0.00100161841 0.0392192767 0.03
0.00100161841 0.0392373202 0.04
0.00100161841 0.0392225192 0.05
0.00100161841 0.0393250011 0.06
0.00100161841 0.0393450473 0.07
0.00100161841 0.0394305728 0.08
0.00100161841 0.0395371364 0.09
0.00100161841 0.039390385 0.1
0.00100161841 0.0438718341 0.231434689
0.00100161841 0.0415572856 0.24
0.00100161841 0.0391401408 0.25
0.00100161841 0.0363323901 0.26
-0.00818665216 0.0438718341 0.27
0.00100161841 0.0486929248 -0.02
0.00100161841 0.0538718341 -0.0135596466
0.00100161841 0.0538718341 0.204904652
0.00100161841 0.0522531817 0.21
0.00100161841 0.0487087558 0.22
0.00100161841 0.0446735309 0.23
0.00100161841 0.0638718341 -0.0121412754
0.00100161841 0.0638718341 0.105660248
0.00100161841 0.0633234904 0.11
0.00100161841 0.0618520473 0.12
0.00100161841 0.0613439105 0.13
0.00100161841 0.0612768291 0.14
0.00100161841 0.0602632068 0.15
0.00100161841 0.059604256 0.16
0.00100161841 0.0588413165 0.17
0.00100161841 0.0576083491 0.18
0.00100161841 0.0562518046 0.19
0.00100161841 0.0544542239 0.2
0.00100161841 0.0661679957 0
0.00100161841 0.066013119 -0.01
0.00100161841 0.066552975 0.01
0.00100161841 0.0667526553 0.02
0.00100161841 0.0657549594 0.03
0.00100161841 0.0647786258 0.04
0.00100161841 0.0651291392 0.05
0.00100161841 0.0652465365 0.06
0.00100161841 0.0651880572 0.07
0.00100161841 0.0653063128 0.08
0.00100161841 0.0649690936 0.09
0.00100161841 0.0645799945 0.1
0.00606534293 -0.116128166 0.25
0.0110016184 -0.121064446 0.25
0.0110016184 -0.116128166 0.245063725
0.00651130011 -0.116128166 0.26
0.0110016184 -0.120618482 0.26
0.00684882452 -0.116128166 0.27
0.0110016184 -0.12028096 0.27
0.00605903914 -0.106128166 0.25
0.0110016184 -0.106128166 0.24505743
0.00633508017 -0.106128166 0.26
0.00665593436 -0.106128166 0.27
0.0110016184 -0.101185591 0.25
0.0110016184 -0.0961281659 0.255183487
0.00618511488 -0.0961281659 0.26
0.00649234106 -0.0961281659 0.27
0.00627617171 -0.0861281659 0.25
0.0110016184 -0.0908536102 0.25
0.0110016184 -0.0861281659 0.245274563
0.00629234602 -0.0861281659 0.26
0.00100161841 -0.0861281659 0.274980965
0.00738113692 -0.0861281659 0.28
0.0110016184 -0.089748645 0.28
0.0110016184 -0.0961281659 0.274509277
0.0110016184 -0.0785038449 -0.01
0.0110016184 -0.0761281659 -0.0123756814
0.0110016184 -0.0812131431 0
0.0110016184 -0.0799620034 0.01
0.0110016184 -0.0794747712 0.02
0.0110016184 -0.0796316316 0.03
0.0110016184 -0.0797259404 0.04
0.0110016184 -0.0798638751 0.05
0.0110016184 -0.0800258281 0.06
0.0110016184 -0.0798157575 0.07
0.0110016184 -0.078630388 0.08
0.0110016184 -0.0787391068 0.09
0.0110016184 -0.0776635196 0.1
0.0110016184 -0.0774364354 0.11
0.0110016184 -0.0771729972 0.12
0.0110016184 -0.0765490748 0.13
0.0103256254 -0.0761281659 0.14
0.0110016184 -0.0761281659 0.138856869
0.0110016184 -0.0794898297 0.25
0.0110016184 -0.0761281659 0.255975208
0.00833406737 -0.0761281659 0.26
0.00906365683 -0.0761281659 0.27
0.00726242354 -0.0761281659 0.28
0.0110016184 -0.0661281659 -0.0141743708
0.0110016184 -0.0760380437 0.14
0.0110016184 -0.0752688291 0.15
0.0110016184 -0.0733811976 0.16
0.0110016184 -0.0723101308 0.17
0.0110016184 -0.0716429879 0.18
0.0110016184 -0.0709279658 0.19
0.0110016184 -0.0700833537 0.2
0.0110016184 -0.0687530972 0.21
0.0110016184 -0.0677220275 0.22
0.0110016184 -0.0661281659 0.225681896
0.00868039419 -0.0661281659 0.25
0.0110016184 -0.0674264123 0.25
0.0110016184 -0.0661281659 0.247048435
0.00735720923 -0.0661281659 0.26
0.00945823958 -0.0661281659 0.27
0.0110016184 -0.0661281659 0.275319595
0.0110016184 -0.0671026065 0.28
0.0110016184 -0.0561281659 -0.014857142
0.0110016184 -0.0623779752 0.23
0.0110016184 -0.0586216428 0.24
0.0020523577 -0.0561281659 0.25
0.00640001585 -0.0561281659 0.26
0.00611387541 -0.0561281659 0.27
0.0110016184 -0.0638401629 0.28
0.00594081213 -0.0561281659 0.28
0.0110016184 -0.0521281983 0.13
0.0110016184 -0.0461281659 0.135131969
0.0110016184 -0.0419622209 0.18
0.0110016184 -0.0361281659 0.185083256
0.00100161841 -0.0437699105 0.28
0.00100161841 -0.0361281659 0.273368378
0.0069116049 -0.0361281659 0.28
0.0110016184 -0.0319327714 0.22
0.0110016184 -0.0261281659 0.225114784
0.00100161841 -0.0261281659 0.273565521
0.00687752058 -0.0261281659 0.28
0.0110016184 -0.0218093755 0.25
0.0110016184 -0.0161281659 0.255108643
0.00100161841 -0.0161281659 0.274676399
0.00685590079 -0.0161281659 0.28
0.00617075255 -0.00612816591 0.26
0.00100161841 -0.0111625363 0.26
0.0110016184 -0.00612816591 0.255169125
0.00623238852 -0.00612816591 0.27
0.00100161841 -0.0114517571 0.27
0.00684191038 -0.00612816591 0.28
0.0110016184 -0.000936038683 0.25
0.0110016184 0.00387183409 0.245192127
0.00100161841 0.00387183409 0.274503784
0.00684861471 0.00387183409 0.28
0.0110016184 0.00888374548 0.21
0.0110016184 0.0138718341 0.205011902
0.0110016184 0.00907166701 0.22
0.0110016184 0.00909775953 0.23
0.0110016184 0.00937476378 0.24
0.00686745932 0.0138718341 0.28
0.0110016184 0.0188837836 0.17
0.0110016184 0.0238718341 0.16501194
0.0110016184 0.0190711043 0.18
0.0110016184 0.0190945647 0.19
0.0110016184 0.0193049262 0.2
0.00110854437 0.0238718341 0.28
0.0110016184 0.0289212821 0.11
0.0110016184 0.0338718341 0.105049448
0.0110016184 0.0290184901 0.12
0.0110016184 0.0289985202 0.13
0.0110016184 0.0291296981 0.14
0.0110016184 0.0292837832 0.15
0.0110016184 0.029463837 0.16
0.00150097182 0.0338718341 0.27
0.0061619406 0.0338718341 0.28
0.0110016184 0.0390830348 -0.02
0.0110016184 0.0438718341 -0.0247888017
0.0110016184 0.0392024348 -0.01
0.0110016184 0.0391611979 0
0.0110016184 0.0391916965 0.01
0.0110016184 0.0391811107 0.02
0.0110016184 0.0392396663 0.03
0.0110016184 0.0392591784 0.04
0.0110016184 0.0392439578 0.05
0.0110016184 0.0393454669 0.06
0.0110016184 0.0394144938 0.07
0.0110016184 0.0394528125 0.08
0.0110016184 0.039559891 0.09
0.0110016184 0.0393790935 0.1
0.0110016184 0.0438718341 0.230878506
0.0110016184 0.0413422511 0.24
0.0107258921 0.0438718341 0.25
0.0110016184 0.0438718341 0.24950285
0.00996223738 0.0438718341 0.26
0.00482557585 0.0438718341 0.27
0.0110016184 0.0438718341 0.273377838
0.0110016184 0.040750954 0.28
0.0110016184 0.0486606334 -0.02
0.0110016184 0.0538718341 -0.0135775828
0.0110016184 0.0538718341 0.206682453
0.0110016184 0.0523110126 0.21
0.0110016184 0.0489554141 0.22
0.0110016184 0.0443630145 0.23
0.0110016184 0.0441523097 0.25
0.0110016184 0.0448296283 0.26
0.0110016184 0.0450965045 0.27
0.0110016184 0.0574494098 -0.01
0.0110016184 0.0638718341 -0.00127287388
0.00314289381 0.0638718341 -0.01
0.00708948424 0.0638718341 0.11
0.0110016184 0.0638718341 0.111465664
0.0110016184 0.0619990848 0.12
0.0110016184 0.0615500949 0.13
0.0110016184 0.0609984515 0.14
0.0110016184 0.0602955935 0.15
0.0110016184 0.0597421 0.16
0.0110016184 0.0589261554 0.17
0.0110016184 0.0574602244 0.18
0.0110016184 0.0560816501 0.19
0.0110016184 0.054981129 0.2
0.00678221037 0.0638718341 0.27
0.0110016184 0.057449219 0.27
0.0110016184 0.0638718341 0.263234501
0.00721402457 0.0638718341 0.28
0.0110016184 0.058300526 0.28
0.0110016184 0.0665428851 0
0.0110016184 0.0665309642 0.01
0.0110016184 0.0668902514 0.02
0.0110016184 0.065839722 0.03
0.0110016184 0.0652172015 0.04
0.0110016184 0.0649575351 0.05
0.0110016184 0.065207989 0.06
0.0110016184 0.0650383113 0.07
0.0110016184 0.0650256274 0.08
0.0110016184 0.0647580264 0.09
0.0110016184 0.0644242213 0.1
0.0110016184 0.0642105983 0.11
0.0162529879 -0.106128166 0.22
0.0210016184 -0.110876793 0.22
0.0210016184 -0.106128166 0.215251369
0.0165053301 -0.106128166 0.23
0.0210016184 -0.110624454 0.23
0.016798213 -0.106128166 0.24
0.0210016184 -0.110331574 0.24
0.0159378939 -0.116128166 0.25
0.0210016184 -0.109989364 0.25
0.0154919367 -0.116128166 0.26
0.0210016184 -0.109661865 0.26
0.0151544123 -0.116128166 0.27
0.0210016184 -0.108898511 0.27
0.0160836249 -0.0961281659 0.22
0.0210016184 -0.0961281659 0.215082016
0.0163245707 -0.0961281659 0.23
0.0166034346 -0.0961281659 0.24
0.0169282751 -0.0961281659 0.25
0.0163262968 -0.0861281659 0.22
0.0210016184 -0.0861281659 0.210169468
0.016399024 -0.0861281659 0.23
0.0167558413 -0.0861281659 0.24
0.0210016184 -0.0882243611 0.28
0.0210016184 -0.0961281659 0.273053818
0.0210016184 -0.0793228795 -0.01
0.0210016184 -0.0761281659 -0.0131947136
0.0210016184 -0.0803594138 0
0.0210016184 -0.0797109868 0.01
0.0210016184 -0.0793463256 0.02
0.0210016184 -0.0802523353 0.03
0.0210016184 -0.080357578 0.04
0.0210016184 -0.0792678477 0.05
0.0210016184 -0.0793512179 0.06
0.0210016184 -0.0795141294 0.07
0.0210016184 -0.0792388036 0.08
0.0210016184 -0.0778339746 0.09
0.0210016184 -0.0773223617 0.1
0.0210016184 -0.0771982362 0.11
0.0210016184 -0.0763760688 0.12
0.0193015509 -0.0761281659 0.13
0.0210016184 -0.0761281659 0.127427921
0.0210016184 -0.0779652621 0.22
0.0210016184 -0.0765905931 0.23
0.0210016184 -0.078377979 0.24
0.0210016184 -0.077675884 0.25
0.0210016184 -0.0761281659 0.255968704
0.0205499869 -0.0761281659 0.27
0.0210016184 -0.0761281659 0.26885973
0.0210016184 -0.0763552358 0.27
0.0210016184 -0.0761281659 0.270319366
0.0210016184 -0.0661281659 -0.0141186166
0.0210016184 -0.0759928252 0.13
0.0210016184 -0.0752494218 0.14
0.0210016184 -0.0742491319 0.15
0.0210016184 -0.0728980185 0.16
0.0210016184 -0.0718792321 0.17
0.0210016184 -0.0711967637 0.18
0.0210016184 -0.0704246308 0.19
0.0210016184 -0.0692752482 0.2
0.0210016184 -0.0683266093 0.21
0.0210016184 -0.0720528867 0.22
0.0130693274 -0.0661281659 0.23
0.0210016184 -0.0749238755 0.23
0.0152305632 -0.0661281659 0.24
0.0210016184 -0.0712016179 0.24
0.0210016184 -0.0713528754 0.25
0.0154743223 -0.0661281659 0.27
0.0210016184 -0.0661281659 0.262885323
0.0210016184 -0.0703626801 0.28
0.0210016184 -0.0561281659 -0.0148564959
0.0210016184 -0.0612612226 0.27
0.0210016184 -0.0623031356 0.28
0.0160178595 -0.0461281659 0.13
0.0210016184 -0.0520990016 0.12
0.0210016184 -0.0461281659 0.125016232
0.0110016184 -0.0519687011 0.12
0.0210016184 -0.0420568349 0.18
0.0210016184 -0.0361281659 0.185101013
0.0210016184 -0.0320041539 0.22
0.0210016184 -0.0261281659 0.225148354
0.0161473685 -0.0161281659 0.23
0.0110016184 -0.0212429502 0.23
0.0210016184 -0.0161281659 0.22514576
0.0162895518 -0.0161281659 0.24
0.0110016184 -0.0214898946 0.24
0.016603673 -0.0161281659 0.25
0.0161353998 -0.00612816591 0.23
0.0210016184 -0.00612816591 0.225133781
0.0162628775 -0.00612816591 0.24
0.0165756445 -0.00612816591 0.25
0.0161403971 0.00387183409 0.23
0.0210016184 0.00387183409 0.225138779
0.0162763148 0.00387183409 0.24
0.0210016184 0.00890502196 0.21
0.0210016184 0.0138718341 0.205033188
0.0210016184 0.00915034514 0.22
0.0210016184 0.0189056132 0.17
0.0210016184 0.0238718341 0.165033779
0.0210016184 0.0190944789 0.18
0.0210016184 0.0191249106 0.19
0.0210016184 0.0193355487 0.2
0.0210016184 0.0289441321 0.11
0.0210016184 0.0338718341 0.105072298
0.0210016184 0.0290421317 0.12
0.0210016184 0.0289981578 0.13
0.0210016184 0.0291306327 0.14
0.0210016184 0.0292861197 0.15
0.0210016184 0.0294677375 0.16
0.0210016184 0.0438718341 -0.0146925759
0.0157904177 0.0438718341 -0.02
0.0210016184 0.0391792605 -0.01
0.0210016184 0.0391363833 0
0.0210016184 0.0391692279 0.01
0.0210016184 0.0391568683 0.02
0.0210016184 0.0392164348 0.03
0.0210016184 0.0392339633 0.04
0.0210016184 0.0392799304 0.05
0.0210016184 0.039384682 0.06
0.0210016184 0.039404423 0.07
0.0210016184 0.0394905398 0.08
0.0210016184 0.0396480678 0.09
0.0210016184 0.0394914554 0.1
0.0146774321 0.0438718341 0.24
0.0187630968 0.0438718341 0.27
0.0210016184 0.0438718341 0.268468723
0.0210016184 0.0428187869 0.27
0.0210016184 0.0370717357 0.28
0.0210016184 0.0538718341 -0.0135177088
0.0210016184 0.0538718341 0.206548862
0.0210016184 0.0522433589 0.21
0.0193074541 0.0538718341 0.22
0.0210016184 0.0538718341 0.216075573
0.0210016184 0.0538718341 0.222563858
0.0210016184 0.0506828998 0.23
0.0210016184 0.0493125651 0.24
0.0210016184 0.046553509 0.25
0.0210016184 0.045870888 0.26
0.0185964041 0.0638718341 -0.01
0.0210016184 0.0638718341 -0.0124052167
0.0210016184 0.0638718341 0.110300484
0.0210016184 0.0617507861 0.12
0.0210016184 0.0615674708 0.13
0.0210016184 0.0610027812 0.14
0.0210016184 0.0604318736 0.15
0.0210016184 0.0594301723 0.16
0.0210016184 0.0586675189 0.17
0.0210016184 0.0573545192 0.18
0.0210016184 0.0560618899 0.19
0.0210016184 0.0549161075 0.2
0.0210016184 0.0543121074 0.22
0.0185134917 0.0638718341 0.27
0.0210016184 0.0638718341 0.274309273
0.0210016184 0.0601770137 0.28
0.0210016184 0.0662770579 -0.01
0.0210016184 0.0662106822 0
0.0210016184 0.066230099 0.01
0.0210016184 0.0654676555 0.02
0.0210016184 0.0658751224 0.03
0.0210016184 0.0663243602 0.04
0.0210016184 0.0651986049 0.05
0.0210016184 0.0655278323 0.06
0.0210016184 0.0648803065 0.07
0.0210016184 0.0647076915 0.08
0.0210016184 0.0644325564 0.09
0.0210016184 0.0641180347 0.1
0.0210016184 0.0639412807 0.11
0.0310016184 -0.121202868 0.23
0.0310016184 -0.116128166 0.235098495
0.0261001044 -0.116128166 0.24
0.0260763197 -0.126128166 0.23
0.0262814265 -0.126128166 0.24
0.0265178709 -0.126128166 0.25
0.0263278895 -0.116128166 0.25
0.0267915182 -0.126128166 0.26
0.0265907316 -0.116128166 0.26
0.0310016184 -0.119719926 0.27
0.0310016184 -0.126128166 0.26421011
0.0274098616 -0.116128166 0.27
0.0260909109 -0.106128166 0.17
0.0310016184 -0.11103887 0.17
0.0310016184 -0.106128166 0.165089302
0.0262539988 -0.106128166 0.18
0.0310016184 -0.110875783 0.18
0.0264433508 -0.106128166 0.19
0.0310016184 -0.110686432 0.19
0.0268689471 -0.106128166 0.2
0.0310016184 -0.110260837 0.2
0.0271414786 -0.106128166 0.21
0.0310016184 -0.109988309 0.21
0.0310016184 -0.10966915 0.22
0.0310016184 -0.109293148 0.23
0.0310016184 -0.101217461 0.17
0.0310016184 -0.0961281659 0.175223579
0.0262251883 -0.0961281659 0.18
0.0264163237 -0.0961281659 0.19
0.0266379957 -0.0961281659 0.2
0.0268956309 -0.0961281659 0.21
0.03067241 -0.0861281659 0.18
0.0310016184 -0.0861281659 0.178835983
0.0310016184 -0.0861281659 0.183713951
0.0310016184 -0.0866757133 0.19
0.0310016184 -0.0861281659 0.192054806
0.0293169146 -0.0861281659 0.2
0.0211972838 -0.0861281659 0.21
0.0297029524 -0.0861281659 0.28
0.0310016184 -0.0861281659 0.278809776
0.0310016184 -0.0961281659 0.27275589
0.0310016184 -0.0790206077 -0.01
0.0310016184 -0.0761281659 -0.0128924417
0.0310016184 -0.081006458 0
0.0310016184 -0.0790524222 0.01
0.0310016184 -0.0793464066 0.02
0.0310016184 -0.0787986304 0.03
0.0310016184 -0.0794016768 0.04
0.0310016184 -0.0796454312 0.05
0.0310016184 -0.0787934949 0.06
0.0310016184 -0.0788147666 0.07
0.0310016184 -0.0788250424 0.08
0.0310016184 -0.0785426261 0.09
0.0310016184 -0.0770549752 0.1
0.0302659159 -0.0761281659 0.11
0.0310016184 -0.0761281659 0.109325829
0.0258040266 -0.0761281659 0.12
0.0310016184 -0.0834082343 0.18
0.0310016184 -0.0761281659 0.184712658
0.0292054777 -0.0761281659 0.19
0.0310016184 -0.0825235345 0.19
0.0305917292 -0.0761281659 0.2
0.0310016184 -0.0761281659 0.203119411
0.0310016184 -0.0766551902 0.21
0.0310016184 -0.0776641633 0.22
0.0310016184 -0.0791746976 0.23
0.0310016184 -0.079957607 0.24
0.0249529295 -0.0761281659 0.25
0.0310016184 -0.0761281659 0.246746731
0.0212990122 -0.0761281659 0.27
0.0310016184 -0.0761281659 0.279746933
0.030729764 -0.0761281659 0.28
0.0310016184 -0.0661281659 -0.0140351295
0.0310016184 -0.0760270431 0.11
0.0310016184 -0.075795572 0.12
0.0310016184 -0.0748714044 0.13
0.0310016184 -0.0737948443 0.14
0.0310016184 -0.072901838 0.15
0.0310016184 -0.0736457421 0.16
0.0310016184 -0.0754591252 0.17
0.0310016184 -0.0747522141 0.18
0.0310016184 -0.0750957896 0.21
0.0310016184 -0.0734735562 0.22
0.0310016184 -0.0710779645 0.23
0.0310016184 -0.0677477767 0.24
0.0310016184 -0.0661281659 0.262668686
0.0310016184 -0.0679967429 0.27
0.0298776369 -0.0661281659 0.28
0.0310016184 -0.0661281659 0.277267227
0.0310016184 -0.073817723 0.28
0.0310016184 -0.0561281659 -0.0148346543
0.0310016184 -0.0617939164 0.27
0.0310016184 -0.0522582032 0.12
0.0310016184 -0.0461281659 0.12511776
0.0310016184 -0.0421754529 0.18
0.0310016184 -0.0361281659 0.185160503
0.0261137037 -0.0261281659 0.19
0.0210016184 -0.0312291886 0.19
0.0310016184 -0.0261281659 0.185112076
0.0262278776 -0.0261281659 0.2
0.0210016184 -0.0314515759 0.2
0.0264720755 -0.0261281659 0.21
0.0210016184 -0.0317076661 0.21
0.0267171602 -0.0261281659 0.22
0.0260944777 -0.0161281659 0.19
0.0310016184 -0.0161281659 0.18509285
0.0262140112 -0.0161281659 0.2
0.0264568358 -0.0161281659 0.21
0.0266657477 -0.0161281659 0.22
0.0260855513 -0.00612816591 0.19
0.0310016184 -0.00612816591 0.185083942
0.0261792402 -0.00612816591 0.2
0.0264208441 -0.00612816591 0.21
0.0266635065 -0.00612816591 0.22
0.026086381 0.00387183409 0.19
0.0310016184 0.00387183409 0.185084763
0.0261571436 0.00387183409 0.2
0.0263985758 0.00387183409 0.21
0.0266412382 0.00387183409 0.22
0.0261012774 0.0138718341 0.19
0.0310016184 0.0138718341 0.185099659
0.0261811953 0.0138718341 0.2
0.0310016184 0.0189380858 0.17
0.0310016184 0.0238718341 0.165066261
0.0310016184 0.0190036891 0.18
0.0260277586 0.0338718341 0.1
0.0310016184 0.0288979743 0.1
0.0310016184 0.0338718341 0.0950261402
0.0310016184 0.0289784263 0.11
0.0310016184 0.0290775702 0.12
0.0310016184 0.0290743659 0.13
0.0310016184 0.029208586 0.14
0.0310016184 0.0293664287 0.15
0.0310016184 0.029520428 0.16
0.0297795515 0.0338718341 0.28
0.0310016184 0.0338718341 0.27816597
0.0310016184 0.0331924174 0.28
0.0262969332 0.0438718341 -0.02
0.0310016184 0.0391671489 -0.02
0.0310016184 0.0438718341 -0.0247046876
0.0310016184 0.0392755435 -0.01
0.0310016184 0.0392330287 0
0.0310016184 0.0392631457 0.01
0.0310016184 0.0392078517 0.02
0.0310016184 0.0392653201 0.03
0.0310016184 0.0392854236 0.04
0.0310016184 0.0392698596 0.05
0.0310016184 0.0393756793 0.06
0.0310016184 0.0394457553 0.07
0.0310016184 0.0394842456 0.08
0.0310016184 0.0394428752 0.09
0.0296551638 0.0438718341 0.25
0.0310016184 0.0438718341 0.248593559
0.0310016184 0.0434046672 0.25
0.0310016184 0.0438718341 0.259512291
0.0310016184 0.0438718341 0.260066624
0.0310016184 0.037525513 0.27
0.0310016184 0.0485765193 -0.02
0.0310016184 0.0538718341 -0.0135770869
0.024224885 0.0538718341 0.21
0.0254694777 0.0538718341 0.22
0.0310016184 0.0538718341 0.217244186
0.0310016184 0.0528427814 0.22
0.0310016184 0.0499479983 0.23
0.0310016184 0.0468661044 0.24
0.0310016184 0.0438887523 0.26
0.0310016184 0.0638718341 -0.0126458764
0.0221377688 0.0638718341 0.11
0.0310016184 0.0638718341 0.100894775
0.0310016184 0.0632643054 0.11
0.0310016184 0.0620439075 0.12
0.0310016184 0.0611823962 0.13
0.0310016184 0.0607030795 0.14
0.0310016184 0.0600920222 0.15
0.0310016184 0.0592155192 0.16
0.0310016184 0.0584744952 0.17
0.0310016184 0.0598987315 0.18
0.0310016184 0.0582770083 0.19
0.0310016184 0.0566859363 0.2
0.0310016184 0.0551970599 0.21
0.0249587851 0.0638718341 0.28
0.0310016184 0.0659897731 0
0.0310016184 0.0665177081 -0.01
0.0310016184 0.0655325053 0.01
0.0310016184 0.0651003192 0.02
0.0310016184 0.0654436038 0.03
0.0310016184 0.0656333087 0.04
0.0310016184 0.0658456729 0.05
0.0310016184 0.0647872088 0.06
0.0310016184 0.0647289012 0.07
0.0310016184 0.0642934917 0.08
0.0310016184 0.06425647 0.09
0.0310016184 0.0639286731 0.1
0.0410016184 -0.121257725 0.18
0.0410016184 -0.116128166 0.185543137
0.036544755 -0.116128166 0.19
0.0361311846 -0.126128166 0.18
0.0363575869 -0.126128166 0.19
0.0365199785 -0.126128166 0.2
0.0367241984 -0.116128166 0.2
0.0372459345 -0.126128166 0.21
0.0369339495 -0.116128166 0.21
0.0375048952 -0.126128166 0.22
0.0371789294 -0.116128166 0.22
0.0310016184 -0.126128166 0.225074711
0.0374655276 -0.116128166 0.23
0.0409735041 -0.126128166 0.27
0.0410016184 -0.106128166 0.175153046
0.0359123163 -0.106128166 0.17
0.0410016184 -0.110975121 0.18
0.0402753763 -0.0961281659 0.1
0.0410016184 -0.0967360165 0.1
0.0410016184 -0.0961281659 0.0992821503
0.0405301409 -0.0961281659 0.11
0.0410016184 -0.096531718 0.11
0.0410016184 -0.0961281659 0.118446922
0.0368371897 -0.0961281659 0.15
0.0410016184 -0.100292595 0.15
0.0410016184 -0.0961281659 0.141012936
0.0370087748 -0.0961281659 0.16
0.0410016184 -0.100121019 0.16
0.0410016184 -0.0999176576 0.17
0.0372121172 -0.0961281659 0.17
0.0398711519 -0.0961281659 0.27
0.0410016184 -0.0961281659 0.263968525
0.0410016184 -0.0987424519 0.27
0.0410016184 -0.0952828838 0.1
0.0410016184 -0.0955570104 0.11
0.0395481043 -0.0861281659 0.13
0.0410016184 -0.0932344272 0.13
0.0410016184 -0.0861281659 0.1233815
0.0410016184 -0.0861281659 0.133640518
0.0410016184 -0.0888343265 0.15
0.0410016184 -0.0892948272 0.16
0.0410016184 -0.0876326038 0.17
0.0410016184 -0.0861281659 0.174754124
0.0329980211 -0.0861281659 0.19
0.0380569582 -0.0861281659 0.27
0.0410016184 -0.0861281659 0.264167423
0.0410016184 -0.0786395432 -0.01
0.0410016184 -0.0761281659 -0.012511375
0.0410016184 -0.0803187015 0
0.0410016184 -0.079391339 0.01
0.0410016184 -0.0799374654 0.02
0.0410016184 -0.0785818173 0.03
0.0410016184 -0.078787544 0.04
0.0410016184 -0.0782652547 0.05
0.0410016184 -0.0788522794 0.06
0.0410016184 -0.0786726644 0.07
0.0410016184 -0.0786513593 0.08
0.0410016184 -0.0784870173 0.09
0.0410016184 -0.0776639535 0.1
0.0312368708 -0.0761281659 0.11
0.0410016184 -0.078360522 0.11
0.0314143114 -0.0761281659 0.12
0.0410016184 -0.0847929503 0.12
0.032307065 -0.0761281659 0.13
0.0410016184 -0.0821324231 0.14
0.0334320193 -0.0761281659 0.14
0.0343036967 -0.0761281659 0.15
0.0410016184 -0.080764568 0.15
0.0355198031 -0.0761281659 0.16
0.0410016184 -0.0797841384 0.16
0.0328691035 -0.0761281659 0.17
0.0410016184 -0.0814780499 0.17
0.0410016184 -0.0761281659 0.178016491
0.0410016184 -0.0781789138 0.18
0.0352073412 -0.0811250474 0.183546257
0.0410016184 -0.0791840293 0.19
0.0360157328 -0.0761281659 0.19
0.0410016184 -0.0761281659 0.198506298
0.0410016184 -0.0761281659 0.202365875
0.0410016184 -0.076965449 0.21
0.0410016184 -0.0783040788 0.22
0.0410016184 -0.0802774217 0.23
0.0410016184 -0.081356342 0.24
0.0410016184 -0.0801439549 0.25
0.0369261484 -0.0761281659 0.25
0.0410016184 -0.0761281659 0.256816597
0.038959096 -0.0761281659 0.27
0.0410016184 -0.0761281659 0.26403183
0.0410016184 -0.0661281659 -0.0137994814
0.0410016184 -0.0754742171 0.18
0.0410016184 -0.0745598247 0.19
0.0410016184 -0.0747618558 0.21
0.0410016184 -0.0728961637 0.22
0.0410016184 -0.0702130296 0.23
0.0410016184 -0.0668866469 0.24
0.0377416544 -0.0661281659 0.25
0.0410016184 -0.0661281659 0.242735119
0.0410016184 -0.07385165 0.26
0.0322464876 -0.0661281659 0.26
0.0319842653 -0.0661281659 0.28
0.0410016184 -0.0561281659 -0.014814713
0.0410016184 -0.0611569192 0.25
0.0389461642 -0.0561281659 0.26
0.0410016184 -0.0561281659 0.25559557
0.0348052149 -0.0561281659 0.27
0.0327701884 -0.0561281659 0.28
0.0410016184 -0.0515858294 0.12
0.0410016184 -0.0461281659 0.125077724
0.0410016184 -0.0530808808 0.26
0.0410016184 -0.0467112996 0.27
0.0335320978 -0.0461281659 0.28
0.0410016184 -0.0461281659 0.270419006
0.0360180216 -0.0361281659 0.13
0.0310016184 -0.0412459256 0.13
0.0410016184 -0.0361281659 0.125016403
0.036140626 -0.0361281659 0.14
0.0310016184 -0.0413806798 0.14
0.0361979418 -0.0361281659 0.15
0.0310016184 -0.0415375592 0.15
0.0363582545 -0.0361281659 0.16
0.0310016184 -0.0417195966 0.16
0.0366264467 -0.0361281659 0.17
0.0310016184 -0.0419306066 0.17
0.0368498163 -0.0361281659 0.18
0.034124177 -0.0361281659 0.28
0.0410016184 -0.0361281659 0.275115356
0.0410016184 -0.0311445786 0.13
0.0410016184 -0.0261281659 0.135107098
0.036108716 -0.0261281659 0.14
0.0362411814 -0.0261281659 0.15
0.0364034968 -0.0261281659 0.16
0.0365929537 -0.0261281659 0.17
0.0367651491 -0.0261281659 0.18
0.0353664141 -0.0261281659 0.28
0.0410016184 -0.0261281659 0.274413643
0.0360879259 -0.0161281659 0.14
0.0410016184 -0.0161281659 0.135086308
0.0361784868 -0.0161281659 0.15
0.0363394861 -0.0161281659 0.16
0.036527093 -0.0161281659 0.17
0.0367454653 -0.0161281659 0.18
0.0357722216 -0.0161281659 0.28
0.0410016184 -0.0161281659 0.276098976
0.0360779505 -0.00612816591 0.14
0.0410016184 -0.00612816591 0.135076332
0.0361305361 -0.00612816591 0.15
0.036290906 -0.00612816591 0.16
0.036477521 -0.00612816591 0.17
0.03669452 -0.00612816591 0.18
0.0363699465 -0.00612816591 0.28
0.0410016184 -0.00612816591 0.276922226
0.0360781794 0.00387183409 0.14
0.0410016184 0.00387183409 0.135076561
0.0361396342 0.00387183409 0.15
0.0363003664 0.00387183409 0.16
0.0364874201 0.00387183409 0.17
0.0367049341 0.00387183409 0.18
0.0363790255 0.00387183409 0.28
0.0410016184 0.00387183409 0.277568283
0.0360932093 0.0138718341 0.14
0.0410016184 0.0138718341 0.135091591
0.0361193972 0.0138718341 0.15
0.0362809305 0.0138718341 0.16
0.0364687281 0.0138718341 0.17
0.036686986 0.0138718341 0.18
0.0410016184 0.010196173 0.28
0.0362203913 0.0238718341 0.14
0.0410016184 0.0238718341 0.135218773
0.0362036257 0.0238718341 0.15
0.0362750559 0.0238718341 0.16
0.0410016184 0.0289429687 0.1
0.0410016184 0.0338718341 0.0950711346
0.0410016184 0.0290245841 0.11
0.0410016184 0.0291252444 0.12
0.0410016184 0.0290362762 0.13
0.0363854723 0.0338718341 0.27
0.0410016184 0.0338718341 0.265227566
0.0410016184 0.0318472693 0.27
0.0410016184 0.0243442939 0.28
0.0410016184 0.0438718341 -0.0145937061
0.0357063036 0.0438718341 -0.02
0.0410016184 0.0392781375 -0.01
0.0410016184 0.0392322467 0
0.0410016184 0.0392659877 0.01
0.0410016184 0.039251797 0.02
0.0410016184 0.0393789599 0.03
0.0410016184 0.0393431018 0.04
0.0410016184 0.0393778155 0.05
0.0410016184 0.0394917415 0.06
0.0410016184 0.0394673656 0.07
0.0410016184 0.0395076297 0.08
0.0410016184 0.0395037578 0.09
0.0391440134 0.0438718341 0.24
0.0410016184 0.0438718341 0.238034515
0.0410016184 0.0432146953 0.24
0.0410016184 0.0399521754 0.25
0.0410016184 0.0379319118 0.26
0.0310856943 0.0438718341 0.26
0.0410016184 0.0538718341 -0.0134756064
0.040921834 0.0538718341 0.21
0.0410016184 0.0538718341 0.20991394
0.0410016184 0.0538484309 0.21
0.0410016184 0.0507871554 0.22
0.0410016184 0.0471714328 0.23
0.0410016184 0.0638718341 -0.0123927951
0.0366506891 0.0638718341 0.09
0.0410016184 0.0638718341 0.080867815
0.0410016184 0.0634492038 0.09
0.0410016184 0.0631150744 0.1
0.0318423395 0.0638718341 0.1
0.0410016184 0.0638718341 0.102423725
0.0333022623 0.0638718341 0.11
0.0382605677 0.0638718341 0.12
0.0410016184 0.0638718341 0.127815056
0.0410016184 0.0636815951 0.13
0.0410016184 0.0621799014 0.14
0.0410016184 0.061505215 0.15
0.0410016184 0.0607706187 0.16
0.0410016184 0.0597043536 0.17
0.0410016184 0.0587238429 0.18
0.0410016184 0.0571531604 0.19
0.0410016184 0.0552500079 0.2
0.0410016184 0.0661983989 0
0.0410016184 0.066264622 -0.01
0.0410016184 0.0650272296 0.01
0.0410016184 0.0647979281 0.02
0.0410016184 0.0650160144 0.03
0.0410016184 0.0652905581 0.04
0.0410016184 0.0653279422 0.05
0.0410016184 0.0654883121 0.06
0.0410016184 0.0639988254 0.07
0.0410016184 0.0639007304 0.08
0.0410016184 0.0652194713 0.11
0.0410016184 0.064452698 0.12
0.0463001185 -0.116128166 0.11
0.0510016184 -0.120829658 0.11
0.0510016184 -0.116128166 0.10529851
0.0473498659 -0.116128166 0.16
0.0510016184 -0.119779928 0.16
0.0510016184 -0.116128166 0.156348248
0.0459898501 -0.126128166 0.17
0.0410016184 -0.121139928 0.17
0.0410016184 -0.126128166 0.165011768
0.0510016184 -0.119622144 0.17
0.0475076418 -0.116128166 0.17
0.0510016184 -0.116128166 0.219197769
0.0444983416 -0.126128166 0.22
0.0510016184 -0.116930403 0.22
0.0450692873 -0.116128166 0.21
0.0447573023 -0.126128166 0.21
0.0418175059 -0.126128166 0.26
0.0442696123 -0.116128166 0.26
0.0434079294 -0.126128166 0.25
0.0429810267 -0.116128166 0.25
0.0464478808 -0.106128166 0.11
0.0510016184 -0.106128166 0.105446272
0.0510016184 -0.110507666 0.12
0.0510016184 -0.116128166 0.1147015
0.0466221171 -0.106128166 0.12
0.046678174 -0.106128166 0.13
0.0510016184 -0.110451604 0.13
0.0467561274 -0.106128166 0.14
0.0510016184 -0.110373665 0.14
0.0468571406 -0.106128166 0.15
0.0510016184 -0.110272647 0.15
0.0477555208 -0.106128166 0.16
0.0479336672 -0.106128166 0.17
0.0510016184 -0.1089791 0.18
0.0510016184 -0.116128166 0.173493977
0.0454584818 -0.116128166 0.19
0.0510016184 -0.108717538 0.19
0.0452790385 -0.116128166 0.2
0.0510016184 -0.108403892 0.2
0.0510016184 -0.1080281 0.21
0.050273736 -0.106128166 0.23
0.0510016184 -0.116128166 0.220802231
0.0445377093 -0.116128166 0.23
0.0510016184 -0.106128166 0.223210258
0.0442012339 -0.116128166 0.24
0.0486823015 -0.106128166 0.24
0.047139657 -0.106128166 0.25
0.0456671267 -0.106128166 0.26
0.0416883211 -0.116128166 0.27
0.0431810312 -0.106128166 0.27
0.0464634066 -0.0961281659 0
0.0510016184 -0.100666385 0
0.0510016184 -0.0961281659 -0.00453821659
0.0503557711 -0.0961281659 0.01
0.0510016184 -0.0966501405 0.01
0.0510016184 -0.0961281659 0.0106551552
0.0503920298 -0.0961281659 0.09
0.0510016184 -0.0966434218 0.09
0.0510016184 -0.0961281659 0.0893904209
0.0510016184 -0.0963305547 0.1
0.0415281039 -0.0961281659 0.12
0.0414588671 -0.0961281659 0.13
0.0419217425 -0.0961281659 0.14
0.0510016184 -0.0999191071 0.23
0.0493589144 -0.0961281659 0.24
0.0510016184 -0.0961281659 0.233725681
0.0440700655 -0.0961281659 0.25
0.0418279391 -0.0961281659 0.26
0.0462388926 -0.0861281659 -0.02
0.0510016184 -0.0908908846 -0.02
0.0510016184 -0.0861281659 -0.0247627187
0.0465012484 -0.0861281659 -0.01
0.0510016184 -0.0906285383 -0.01
0.0510016184 -0.0861281659 -0.000292634964
0.0510016184 -0.0864164927 0
0.0510016184 -0.0891005637 0.01
0.0510016184 -0.0929515244 0.09
0.0510016184 -0.0950878026 0.1
0.050128644 -0.0861281659 0.11
0.0510016184 -0.0861281659 0.107282028
0.0469434672 -0.0861281659 0.12
0.0510016184 -0.0861281659 0.125710602
0.0510016184 -0.0864273478 0.13
0.0489249163 -0.0861281659 0.13
0.0510016184 -0.0869478776 0.14
0.0510016184 -0.0876129534 0.15
0.0495213633 -0.0861281659 0.16
0.0510016184 -0.0861281659 0.156651669
0.0507737665 -0.0861281659 0.17
0.0510016184 -0.0871263053 0.18
0.0510016184 -0.0861281659 0.170447292
0.0478920679 -0.0861281659 0.18
0.0510016184 -0.0887849094 0.19
0.0465698557 -0.0861281659 0.19
0.0510016184 -0.0861281659 0.194806309
0.0509281855 -0.0861281659 0.22
0.0510016184 -0.0861281659 0.21960268
0.0510016184 -0.0864107873 0.22
0.0510016184 -0.0932148315 0.23
0.0491660242 -0.0861281659 0.23
0.047589715 -0.0861281659 0.24
0.0447934275 -0.0861281659 0.25
0.0427540713 -0.0861281659 0.26
0.046437047 -0.0761281659 -0.02
0.0510016184 -0.0761281659 -0.0245645618
0.0510016184 -0.0856320216 0
0.0510016184 -0.0856778123 0.01
0.0510016184 -0.0827052333 0.02
0.0510016184 -0.0829275205 0.03
0.0510016184 -0.0828562858 0.04
0.0510016184 -0.0822633054 0.05
0.0510016184 -0.0820833899 0.06
0.0510016184 -0.08400615 0.07
0.0510016184 -0.0836326625 0.08
0.0510016184 -0.0835755565 0.09
0.0510016184 -0.0825018908 0.1
0.0510016184 -0.0851414849 0.13
0.0510016184 -0.0834945085 0.14
0.0510016184 -0.0822146203 0.15
0.0498989039 -0.0843354012 0.171890469
0.0510016184 -0.0761281659 0.177452602
0.0510016184 -0.0816675736 0.2
0.0416763239 -0.0761281659 0.2
0.0510016184 -0.0840466001 0.21
0.0423320894 -0.0761281659 0.26
0.0463192492 -0.0661281659 -0.02
0.0510016184 -0.0661281659 -0.0246823788
0.0510016184 -0.0753879096 0.18
0.0510016184 -0.0724930646 0.19
0.0510016184 -0.0704269626 0.2
0.0510016184 -0.0686428143 0.21
0.0510016184 -0.066818979 0.22
0.0477190714 -0.0661281659 0.23
0.0510016184 -0.0661281659 0.222538567
0.0423146181 -0.0661281659 0.24
0.046245225 -0.0561281659 -0.02
0.0510016184 -0.0561281659 -0.0247563958
0.050534852 -0.0561281659 0.23
0.0510016184 -0.0561281659 0.22913168
0.0468664294 -0.0561281659 0.24
0.0434971743 -0.0561281659 0.25
0.0461845141 -0.0461281659 -0.02
0.0510016184 -0.0461281659 -0.0248170996
0.046242364 -0.0461281659 -0.01
0.0410016184 -0.0513134505 -0.01
0.0462206774 -0.0461281659 0
0.0410016184 -0.0512388875 0
0.0462108927 -0.0461281659 0.01
0.0410016184 -0.0513152101 0.01
0.0462184649 -0.0461281659 0.02
0.0410016184 -0.051269653 0.02
0.0462374239 -0.0461281659 0.03
0.0410016184 -0.0514001634 0.03
0.0461930018 -0.0461281659 0.04
0.0410016184 -0.0515133454 0.04
0.0463214808 -0.0461281659 0.05
0.0410016184 -0.0515112426 0.05
0.0463197451 -0.0461281659 0.06
0.0410016184 -0.0515270497 0.06
0.0464141779 -0.0461281659 0.07
0.0410016184 -0.051560724 0.07
0.046591218 -0.0461281659 0.08
0.0410016184 -0.0517273738 0.08
0.0466327601 -0.0461281659 0.09
0.0410016184 -0.0517949082 0.09
0.0466958742 -0.0461281659 0.1
0.0410016184 -0.0518829753 0.1
0.0467814951 -0.0461281659 0.11
0.0410016184 -0.0519930293 0.11
0.0466203051 -0.0461281659 0.12
0.0510016184 -0.0555289914 0.23
0.0510016184 -0.0508839967 0.24
0.050434659 -0.0461281659 0.25
0.0510016184 -0.0461281659 0.248612919
0.0462313967 -0.0461281659 0.26
0.041459363 -0.0461281659 0.27
0.0461407213 -0.0361281659 -0.02
0.0510016184 -0.0361281659 -0.0248608971
0.046255105 -0.0361281659 -0.01
0.0461773043 -0.0361281659 0
0.0461681681 -0.0361281659 0.01
0.0461761217 -0.0361281659 0.02
0.0461988764 -0.0361281659 0.03
0.046234067 -0.0361281659 0.04
0.0462861376 -0.0361281659 0.05
0.0463595896 -0.0361281659 0.06
0.0463658838 -0.0361281659 0.07
0.0464658861 -0.0361281659 0.08
0.0465093355 -0.0361281659 0.09
0.0466437273 -0.0361281659 0.1
0.0467282229 -0.0361281659 0.11
0.0468361979 -0.0361281659 0.12
0.0500881891 -0.0361281659 0.25
0.0510016184 -0.0361281659 0.247008705
0.0510016184 -0.0361281659 0.252439251
0.0510016184 -0.0407118394 0.26
0.0503825121 -0.0361281659 0.27
0.0510016184 -0.0361281659 0.268673763
0.0460526591 -0.0261281659 -0.02
0.0510016184 -0.0261281659 -0.0249489546
0.0461628847 -0.0261281659 -0.01
0.0462322169 -0.0261281659 0
0.0461378412 -0.0261281659 0.01
0.0462297564 -0.0261281659 0.02
0.0461688547 -0.0261281659 0.03
0.0461285143 -0.0261281659 0.04
0.046262353 -0.0261281659 0.05
0.0462528734 -0.0261281659 0.06
0.0463361292 -0.0261281659 0.07
0.0464322214 -0.0261281659 0.08
0.0464754229 -0.0261281659 0.09
0.046539033 -0.0261281659 0.1
0.0467116099 -0.0261281659 0.11
0.0468215113 -0.0261281659 0.12
0.0470297365 -0.0261281659 0.13
0.0510016184 -0.0335056188 0.25
0.0510016184 -0.0283726956 0.26
0.0501678019 -0.0261281659 0.26
0.0510016184 -0.0261281659 0.25758213
0.0463327341 -0.0261281659 0.27
0.0460411959 -0.0161281659 -0.02
0.0510016184 -0.0161281659 -0.0249604177
0.046146081 -0.0161281659 -0.01
0.0462702875 -0.0161281659 0
0.0461218958 -0.0161281659 0.01
0.0462710314 -0.0161281659 0.02
0.0462094813 -0.0161281659 0.03
0.0461958246 -0.0161281659 0.04
0.0461711245 -0.0161281659 0.05
0.0462354593 -0.0161281659 0.06
0.0463976031 -0.0161281659 0.07
0.0464231615 -0.0161281659 0.08
0.0464685755 -0.0161281659 0.09
0.0466029101 -0.0161281659 0.1
0.0466888552 -0.0161281659 0.11
0.0467980128 -0.0161281659 0.12
0.0467070322 -0.0161281659 0.13
0.0505176096 -0.0161281659 0.24
0.0510016184 -0.0161281659 0.238446178
0.0510016184 -0.0171422555 0.24
0.0510016184 -0.0217788865 0.25
0.0483378535 -0.0161281659 0.25
0.0510016184 -0.0236776711 0.26
0.0510016184 -0.0161281659 0.255694199
0.0501679545 -0.0161281659 0.27
0.0510016184 -0.0161281659 0.267723789
0.0510016184 -0.0111677434 -0.02
0.0510016184 -0.00612816591 -0.0148092294
0.0461923914 -0.00612816591 -0.01
0.0462066775 -0.00612816591 0
0.0461160021 -0.00612816591 0.01
0.0462090044 -0.00612816591 0.02
0.0461511927 -0.00612816591 0.03
0.0461914759 -0.00612816591 0.04
0.0462417727 -0.00612816591 0.05
0.0462348299 -0.00612816591 0.06
0.0463198405 -0.00612816591 0.07
0.046417058 -0.00612816591 0.08
0.0464624338 -0.00612816591 0.09
0.0465280657 -0.00612816591 0.1
0.0466149645 -0.00612816591 0.11
0.0467949801 -0.00612816591 0.12
0.0466578036 -0.00612816591 0.13
0.0510016184 -0.0122561433 0.24
0.0483750658 -0.00612816591 0.25
0.0510016184 -0.00612816591 0.242256737
0.0510016184 -0.0131854703 0.26
0.0460283785 -0.00612816591 0.26
0.0510016184 -0.00829078455 0.27
0.0510016184 -0.00612816591 0.26967205
0.0510016184 -0.00612816591 0.270137787
0.0460381632 0.00387183409 -0.02
0.0510016184 -0.00109163065 -0.02
0.0510016184 0.00387183409 -0.0249634624
0.046143239 0.00387183409 -0.01
0.0462642794 0.00387183409 0
0.046123498 0.00387183409 0.01
0.0461365252 0.00387183409 0.02
0.0461590319 0.00387183409 0.03
0.0461995058 0.00387183409 0.04
0.0461770373 0.00387183409 0.05
0.0462430887 0.00387183409 0.06
0.0463283282 0.00387183409 0.07
0.0463564234 0.00387183409 0.08
0.0464034586 0.00387183409 0.09
0.0464707117 0.00387183409 0.1
0.0466238146 0.00387183409 0.11
0.0468042307 0.00387183409 0.12
0.0469386416 0.00387183409 0.13
0.0510016184 -0.00224211473 0.25
0.0510016184 -0.00258081217 0.26
0.0510016184 0.00387183409 0.273782425
0.0510016184 0.00883529883 -0.02
0.0510016184 0.0138718341 -0.0147995329
0.0462020807 0.0138718341 -0.01
0.0461499911 0.0138718341 0
0.046180356 0.0138718341 0.01
0.0461581545 0.0138718341 0.02
0.0462161188 0.0138718341 0.03
0.0463380175 0.0138718341 0.04
0.0461989527 0.0138718341 0.05
0.0461951189 0.0138718341 0.06
0.0462817316 0.0138718341 0.07
0.0463813143 0.0138718341 0.08
0.0464289408 0.0138718341 0.09
0.0464965754 0.0138718341 0.1
0.0465852289 0.0138718341 0.11
0.0467661028 0.0138718341 0.12
0.0469017153 0.0138718341 0.13
0.0440433436 0.0138718341 0.28
0.0510016184 0.0138718341 0.273050804
0.0460796099 0.0238718341 -0.02
0.0510016184 0.0189498256 -0.02
0.0510016184 0.0238718341 -0.0249220061
0.0461836558 0.0238718341 -0.01
0.0461711054 0.0238718341 0
0.0461675196 0.0238718341 0.01
0.04618295 0.0238718341 0.02
0.0462072687 0.0238718341 0.03
0.0462505465 0.0238718341 0.04
0.0462295656 0.0238718341 0.05
0.0462982111 0.0238718341 0.06
0.0463910036 0.0238718341 0.07
0.0463529711 0.0238718341 0.08
0.0464028292 0.0238718341 0.09
0.0464725046 0.0238718341 0.1
0.0466273432 0.0238718341 0.11
0.046810544 0.0238718341 0.12
0.0469477587 0.0238718341 0.13
0.0413294535 0.0238718341 0.28
0.0510016184 0.0238718341 0.271002884
0.0461368876 0.0338718341 -0.02
0.0510016184 0.0338718341 -0.024864738
0.0461439257 0.0338718341 -0.01
0.0462187891 0.0338718341 0
0.0461333018 0.0338718341 0.01
0.0462306338 0.0338718341 0.02
0.0461775713 0.0338718341 0.03
0.0462991457 0.0338718341 0.04
0.0462774973 0.0338718341 0.05
0.0462751703 0.0338718341 0.06
0.0463720827 0.0338718341 0.07
0.0464742785 0.0338718341 0.08
0.0465250139 0.0338718341 0.09
0.0445829516 0.0338718341 0.26
0.0510016184 0.0338718341 0.252416878
0.0510016184 0.0295834659 0.26
0.0510016184 0.0249652884 0.27
0.0460358744 0.0438718341 -0.02
0.0510016184 0.0438718341 -0.0249657345
0.0479362231 0.0438718341 0.23
0.0510016184 0.0438718341 0.226651783
0.0510016184 0.0425536845 0.23
0.0510016184 0.039110596 0.24
0.0510016184 0.0351277659 0.25
0.0462525301 0.0538718341 -0.02
0.0510016184 0.0538718341 -0.0247490859
0.0483581476 0.0538718341 0.2
0.0510016184 0.0538718341 0.198083057
0.0510016184 0.0529006694 0.2
0.0510016184 0.0501638721 0.21
0.0510016184 0.0467642901 0.22
0.0510016184 0.0586209224 -0.02
0.0510016184 0.0638718341 -0.0133899903
0.0431942492 0.0638718341 0.09
0.044783185 0.0638718341 0.1
0.0482298975 0.0638718341 0.12
0.0510016184 0.0638718341 0.11494379
0.0510016184 0.063555157 0.12
0.0510016184 0.0622926448 0.13
0.0510016184 0.0608830951 0.14
0.0510016184 0.0600647662 0.15
0.0510016184 0.0592203639 0.16
0.0510016184 0.0582966731 0.17
0.0510016184 0.0571096919 0.18
0.0510016184 0.0559657214 0.19
0.0510016184 0.0662326549 0
0.0510016184 0.067261822 -0.01
0.0510016184 0.066414902 0.01
0.0510016184 0.0660431216 0.02
0.0510016184 0.0658446048 0.03
0.0510016184 0.0663541911 0.04
0.0510016184 0.0663278697 0.05
0.0510016184 0.0663288425 0.06
0.0510016184 0.0658666728 0.07
0.0510016184 0.0652869151 0.08
0.0510016184 0.0648056911 0.09
0.0510016184 0.0646199725 0.1
0.0510016184 0.0640760921 0.11
0.0561226588 -0.116128166 0.15
0.0610016184 -0.121007127 0.15
0.0610016184 -0.116128166 0.14512104
0.0610016184 -0.126128166 0.155622196
0.0566238146 -0.126128166 0.16
0.0565751581 -0.126128166 0.17
0.0561885386 -0.116128166 0.18
0.0565501719 -0.126128166 0.18
0.0567051058 -0.126128166 0.19
0.0561981325 -0.116128166 0.19
0.0567174273 -0.126128166 0.2
0.0562262469 -0.116128166 0.2
0.0567521982 -0.126128166 0.21
0.0578376131 -0.116128166 0.21
0.0588226061 -0.126128166 0.22
0.0582459574 -0.116128166 0.23
0.058929513 -0.126128166 0.23
0.0590805941 -0.126128166 0.24
0.058393796 -0.116128166 0.24
0.0592793207 -0.126128166 0.25
0.0585820894 -0.116128166 0.25
0.0595309191 -0.126128166 0.26
0.0564481669 -0.116128166 0.26
0.0538525515 -0.106128166 0.18
0.0610016184 -0.106128166 0.186250477
0.0610016184 -0.111315088 0.18
0.0518122416 -0.106128166 0.23
0.0529545145 -0.106128166 0.24
0.059217866 -0.106128166 0.25
0.0608625536 -0.106128166 0.26
0.0569746714 -0.0961281659 -0.01
0.0610016184 -0.10015512 -0.01
0.0610016184 -0.0961281659 -0.0140269542
0.0610016184 -0.100128937 0
0.0536212855 -0.0961281659 0.01
0.0610016184 -0.0961281659 0.00811255932
0.052635396 -0.0961281659 0.09
0.0516789179 -0.0961281659 0.1
0.055555356 -0.106128166 0.11
0.0545506029 -0.0961281659 0.11
0.0553811198 -0.106128166 0.12
0.0539191561 -0.0961281659 0.12
0.0610016184 -0.0961281659 0.127141285
0.0553250628 -0.106128166 0.13
0.0610016184 -0.0973191216 0.13
0.0552471094 -0.106128166 0.14
0.0610016184 -0.0971623852 0.14
0.0551460963 -0.106128166 0.15
0.0610016184 -0.0969477083 0.15
0.054247716 -0.106128166 0.16
0.0610016184 -0.0963215544 0.16
0.0540695696 -0.106128166 0.17
0.0610016184 -0.0988553431 0.17
0.0610016184 -0.0982936551 0.18
0.0610016184 -0.0963153889 0.23
0.0583857661 -0.0961281659 0.23
0.0610016184 -0.0961281659 0.229181843
0.0610016184 -0.099526477 0.24
0.0610016184 -0.104848707 0.25
0.0610016184 -0.106026008 0.26
0.0610016184 -0.106128166 0.260036678
0.0610016184 -0.0861281659 -0.0132720971
0.0557643442 -0.0861281659 -0.02
0.0520091562 -0.0861281659 0
0.0610016184 -0.0861281659 0.00641419411
0.0610016184 -0.0866101052 0.02
0.0610016184 -0.0861281659 0.0194312191
0.0607108813 -0.0861281659 0.02
0.0605663233 -0.0861281659 0.03
0.0610016184 -0.0868327786 0.03
0.0609634524 -0.0861281659 0.04
0.0610016184 -0.0861839892 0.04
0.0610016184 -0.0861281659 0.0402414036
0.053122056 -0.0861281659 0.11
0.0521925097 -0.0861281659 0.12
0.0610016184 -0.0930864717 0.13
0.0610016184 -0.0935705449 0.14
0.0610016184 -0.0941763451 0.15
0.0610016184 -0.0861281659 0.159143944
0.0514612322 -0.0861281659 0.17
0.0610016184 -0.0861281659 0.163972149
0.0610016184 -0.0873520972 0.17
0.0610016184 -0.088856075 0.18
0.0610016184 -0.0898943402 0.19
0.0610016184 -0.0861281659 0.196417904
0.0610016184 -0.0861281659 0.211390591
0.0610016184 -0.0925108459 0.22
0.0585344439 -0.0861281659 0.27
0.0610016184 -0.0876407959 0.27
0.0610016184 -0.0861281659 0.267421112
0.0610016184 -0.0761281659 -0.0131554794
0.0555661898 -0.0761281659 -0.02
0.0610016184 -0.0833682515 0.01
0.0610016184 -0.0852772643 0.05
0.0610016184 -0.0843974568 0.06
0.0610016184 -0.0812981059 0.07
0.0610016184 -0.0808253219 0.08
0.0610016184 -0.0823313786 0.09
0.0610016184 -0.0814590671 0.1
0.0610016184 -0.0798467757 0.11
0.0610016184 -0.0789476611 0.12
0.0605541353 -0.0761281659 0.13
0.0610016184 -0.0761281659 0.129003639
0.0592092638 -0.0761281659 0.14
0.057581914 -0.0761281659 0.15
0.0610016184 -0.0843014647 0.16
0.0555095034 -0.0761281659 0.16
0.0537078409 -0.0761281659 0.17
0.0610016184 -0.0835801961 0.2
0.0610016184 -0.0853107001 0.21
0.0610016184 -0.0842267777 0.27
0.0610016184 -0.0861281659 0.271427345
0.0610016184 -0.0661281659 -0.0136704254
0.0556839876 -0.0661281659 -0.02
0.0610016184 -0.0757048394 0.13
0.0610016184 -0.0744638898 0.14
0.0610016184 -0.0716695477 0.15
0.0610016184 -0.0687530686 0.16
0.0610016184 -0.0666645505 0.17
0.0610016184 -0.0683710839 0.18
0.0610016184 -0.0674485995 0.19
0.0610016184 -0.0681454112 0.2
0.0577771311 -0.0661281659 0.21
0.0610016184 -0.0661281659 0.205925217
0.0527726488 -0.0661281659 0.22
0.0610016184 -0.0561281659 -0.013836112
0.0557580118 -0.0561281659 -0.02
0.0610016184 -0.0613734271 0.21
0.0593723994 -0.0561281659 0.22
0.0610016184 -0.0561281659 0.216564541
0.0610016184 -0.0461281659 -0.0136053514
0.0558187227 -0.0461281659 -0.02
0.0610016184 -0.0546917846 0.22
0.0610016184 -0.0500259807 0.23
0.0570764857 -0.0461281659 0.24
0.0610016184 -0.0461281659 0.235177708
0.0610016184 -0.0361281659 -0.013710773
0.0558625155 -0.0361281659 -0.02
0.0601182299 -0.0361281659 0.23
0.0610016184 -0.0361281659 0.228939304
0.0610016184 -0.0378332116 0.23
0.054970067 -0.0361281659 0.24
0.0556273012 -0.0361281659 0.26
0.0610016184 -0.0261281659 -0.0137951756
0.0559505778 -0.0261281659 -0.02
0.0610016184 -0.0344605519 0.23
0.0608246927 -0.0261281659 0.24
0.0610016184 -0.0261281659 0.239592476
0.0559689455 -0.0261281659 0.25
0.0610016184 -0.0161281659 -0.0138510799
0.0559620409 -0.0161281659 -0.02
0.0598348742 -0.0161281659 0.22
0.0610016184 -0.0161281659 0.218425732
0.0610016184 -0.0175096871 0.22
0.0610016184 -0.0219609429 0.23
0.0560845881 -0.0161281659 0.23
0.0558597117 -0.0161281659 0.26
0.0610016184 -0.00612816591 -0.0136986375
0.0596228342 -0.00612816591 0.2
0.0610016184 -0.00612816591 0.194440212
0.0610016184 -0.00844898004 0.2
0.0610016184 -0.00612816591 0.204857655
0.0609973078 -0.00612816591 0.22
0.0610016184 -0.00612816591 0.219986153
0.056871274 -0.00612816591 0.23
0.0526650934 -0.00612816591 0.24
0.0514378481 -0.00612816591 0.27
0.0610016184 0.00387183409 -0.0137191796
0.0559650736 0.00387183409 -0.02
0.0607034617 0.00387183409 0.2
0.0610016184 0.00387183409 0.198289528
0.0610016184 0.00387183409 0.200886269
0.0610016184 -0.00604618807 0.22
0.0573578577 0.00387183409 0.23
0.0610016184 0.00387183409 0.221344891
0.0610016184 0.00387183409 0.234548779
0.0610016184 0.000485021879 0.24
0.0601699763 0.00387183409 0.25
0.0610016184 0.00387183409 0.248397808
0.0610016184 0.00387183409 0.251921997
0.0610016184 0.00221411925 0.26
0.0599884157 0.00387183409 0.27
0.0610016184 0.00387183409 0.266970844
0.0610016184 0.0138718341 -0.0137165499
0.0610016184 0.0041911624 0.2
0.0610016184 0.00598576765 0.23
0.0610016184 0.00602041464 0.25
0.0610016184 0.0102623675 0.26
0.0594260912 0.0138718341 0.26
0.0610016184 0.0138718341 0.256062012
0.054711793 0.0138718341 0.27
0.0610016184 0.0238718341 -0.0137078667
0.0559236269 0.0238718341 -0.02
0.0587639933 0.0238718341 0.26
0.0610016184 0.0238718341 0.2561586
0.0524901133 0.0238718341 0.27
0.0610016184 0.0338718341 -0.0136621642
0.0558663492 0.0338718341 -0.02
0.0585472422 0.0338718341 0.24
0.0610016184 0.0338718341 0.23483036
0.0610016184 0.031621506 0.24
0.0610016184 0.0268704818 0.25
0.0528167467 0.0338718341 0.25
0.0610016184 0.0438718341 -0.0140723753
0.0559673624 0.0438718341 -0.02
0.0604174357 0.0438718341 0.21
0.0610016184 0.0438718341 0.208908501
0.0610016184 0.0434367106 0.21
0.0610016184 0.0397415278 0.22
0.055323041 0.0438718341 0.22
0.0610016184 0.0357446406 0.23
0.0610016184 0.0538718341 -0.0132087469
0.0557507067 0.0538718341 -0.02
0.0609305315 0.0538718341 0.19
0.0610016184 0.0538718341 0.189869499
0.0610016184 0.0538199351 0.19
0.0610016184 0.047870724 0.2
0.0610016184 0.0638718341 -0.0124696612
0.060253747 0.0638718341 0.09
0.0610016184 0.0638718341 0.0892703724
0.0610016184 0.0637413333 0.09
0.0610016184 0.0634504817 0.1
0.0586253863 0.0638718341 0.1
0.0610016184 0.0628374026 0.11
0.0535748034 0.0638718341 0.11
0.0610016184 0.0616339229 0.12
0.0610016184 0.0614102481 0.13
0.0610016184 0.0597391818 0.14
0.0610016184 0.0583597491 0.15
0.0610016184 0.0574006007 0.16
0.0610016184 0.0562962268 0.17
0.0610016184 0.0551288341 0.18
0.0610016184 0.0665574954 0
0.0610016184 0.0663414882 -0.01
0.0610016184 0.0662476085 0.01
0.0610016184 0.0650165294 0.02
0.0610016184 0.0651506351 0.03
0.0610016184 0.0656407474 0.04
0.0610016184 0.0650439761 0.05
0.0610016184 0.0651564715 0.06
0.0610016184 0.0650147746 0.07
0.0610016184 0.0648437617 0.08
0.0710016184 -0.0998461344 -0.01
0.0710016184 -0.0961281659 -0.0137179685
0.0638728075 -0.0961281659 0.03
0.0710016184 -0.0986744143 0.03
0.0710016184 -0.0961281659 0.0274537516
0.0637870913 -0.0961281659 0.04
0.0710016184 -0.0987766959 0.04
0.0630380564 -0.0961281659 0.05
0.0710016184 -0.099256437 0.05
0.0635921984 -0.0961281659 0.06
0.0710016184 -0.0992913391 0.06
0.0683799868 -0.0961281659 0.09
0.0710016184 -0.0970276858 0.09
0.0710016184 -0.0961281659 0.0891004753
0.0685686999 -0.0961281659 0.1
0.0710016184 -0.0969657757 0.1
0.0678363352 -0.0961281659 0.11
0.0710016184 -0.0974192645 0.11
0.068208211 -0.0961281659 0.12
0.0710016184 -0.0972857406 0.12
0.0616711359 -0.0961281659 0.16
0.061821168 -0.0961281659 0.15
0.0669615107 -0.0961281659 0.17
0.0663419276 -0.0961281659 0.18
0.0645741587 -0.106128166 0.22
0.062308877 -0.0961281659 0.22
0.0646604853 -0.106128166 0.21
0.062512372 -0.0961281659 0.21
0.064458993 -0.106128166 0.23
0.064312871 -0.106128166 0.24
0.0710016184 -0.0961281659 -0.00628203392
0.0642737131 -0.0861281659 -0.01
0.0710016184 -0.0924101974 -0.01
0.0650023966 -0.0961281659 0
0.0696020251 -0.0861281659 0
0.0710016184 -0.0861516311 0.02
0.0710016184 -0.0861281659 0.0187519455
0.0634329729 -0.0861281659 0.05
0.0706741076 -0.0861281659 0.06
0.0710016184 -0.0861281659 0.0601223755
0.0710016184 -0.0961281659 0.0631631756
0.0710016184 -0.0916451981 0.09
0.0710016184 -0.092533138 0.1
0.0710016184 -0.0918235495 0.11
0.0710016184 -0.0925299694 0.12
0.0621925669 -0.0961281659 0.13
0.0710016184 -0.0961281659 0.12115757
0.0620358401 -0.0961281659 0.14
0.0616745119 -0.0861281659 0.16
0.0629991465 -0.0961281659 0.19
0.0623038798 -0.0861281659 0.2
0.0627829104 -0.0961281659 0.2
0.0615386515 -0.0861281659 0.21
0.0710016184 -0.079023154 -0.01
0.0710016184 -0.0761281659 -0.0128949857
0.0710016184 -0.0841727283 0
0.0710016184 -0.0851347377 0.01
0.0710016184 -0.0786736466 0.07
0.0710016184 -0.0769706084 0.08
0.0695204478 -0.0761281659 0.09
0.0710016184 -0.0761281659 0.0826763344
0.0670857744 -0.0761281659 0.1
0.0667295771 -0.0761281659 0.11
0.0656588297 -0.0761281659 0.12
0.0710016184 -0.0661281659 -0.0131802249
0.0710016184 -0.0736793973 0.09
0.0710016184 -0.0706262233 0.1
0.0710016184 -0.0690214707 0.11
0.0710016184 -0.0684024074 0.12
0.0703436022 -0.0661281659 0.13
0.0710016184 -0.0661281659 0.126569653
0.0689278155 -0.0661281659 0.14
0.0650131541 -0.0661281659 0.15
0.0629612665 -0.0661281659 0.16
0.0613921862 -0.0661281659 0.17
0.0628252535 -0.0661281659 0.18
0.0618017512 -0.0661281659 0.19
0.0627316027 -0.0661281659 0.2
0.0710016184 -0.0561281659 -0.0146397257
0.0710016184 -0.0646064498 0.13
0.0710016184 -0.0616560342 0.14
0.0710016184 -0.0577733685 0.15
0.0708761912 -0.0561281659 0.16
0.0710016184 -0.0561281659 0.158958817
0.0689718561 -0.0561281659 0.17
0.0673432093 -0.0561281659 0.18
0.0652132731 -0.0561281659 0.19
0.063328393 -0.0561281659 0.2
0.0620999079 -0.0561281659 0.21
0.0710016184 -0.0461281659 -0.0125870848
0.069650033 -0.0461281659 0.16
0.0710016184 -0.0461281659 0.1526231
0.0687240153 -0.0461281659 0.17
0.0666886072 -0.0461281659 0.18
0.0655956965 -0.0461281659 0.19
0.0678334742 -0.0461281659 0.2
0.0662782221 -0.0461281659 0.21
0.0645307665 -0.0461281659 0.22
0.0626488428 -0.0461281659 0.23
0.0710016184 -0.0361281659 -0.013275125
0.0705276804 -0.0361281659 0.1
0.0710016184 -0.0361281659 0.097903986
0.0710016184 -0.0396054818 0.1
0.0710016184 -0.0371393086 0.11
0.0704337244 -0.0361281659 0.11
0.0710016184 -0.0396804406 0.12
0.0697018175 -0.0361281659 0.12
0.0710016184 -0.0408871915 0.13
0.0692234354 -0.0361281659 0.13
0.0710016184 -0.042628143 0.14
0.0685184031 -0.0361281659 0.14
0.0710016184 -0.0450511529 0.15
0.0672664004 -0.0361281659 0.15
0.0675034647 -0.0361281659 0.16
0.0659346323 -0.0361281659 0.17
0.0688339739 -0.0361281659 0.18
0.0674544459 -0.0361281659 0.19
0.0663291865 -0.0361281659 0.2
0.0650533037 -0.0361281659 0.21
0.0635474329 -0.0361281659 0.22
0.0641362505 -0.0361281659 0.27
0.0710016184 -0.0452007367 0.27
0.0710016184 -0.0361281659 0.263272324
0.0710016184 -0.0261281659 -0.0137952113
0.0710016184 -0.0318733289 0.1
0.0710016184 -0.0311919858 0.11
0.0710016184 -0.0283867814 0.12
0.0705164843 -0.0261281659 0.13
0.0710016184 -0.0261281659 0.124528828
0.0694652682 -0.0261281659 0.14
0.0685275774 -0.0261281659 0.15
0.0654684 -0.0261281659 0.16
0.0645367556 -0.0261281659 0.17
0.0658084994 -0.0261281659 0.18
0.0646211558 -0.0261281659 0.19
0.0636592226 -0.0261281659 0.2
0.062834981 -0.0261281659 0.21
0.0640968638 -0.0261281659 0.22
0.0624693995 -0.0261281659 0.23
0.0710016184 -0.0314908959 0.27
0.0710016184 -0.0161281659 -0.0119967079
0.0710016184 -0.0203913762 0.13
0.0702483301 -0.0161281659 0.14
0.0710016184 -0.0161281659 0.133369808
0.0673091631 -0.0161281659 0.15
0.0656924563 -0.0161281659 0.16
0.0646651011 -0.0161281659 0.17
0.0636025744 -0.0161281659 0.18
0.0618987589 -0.0161281659 0.19
0.0643082171 -0.0161281659 0.2
0.0629484682 -0.0161281659 0.21
0.0710016184 -0.014131458 -0.01
0.0710016184 -0.00612816591 -0.00167576313
0.0647002535 -0.00612816591 -0.01
0.0692660647 -0.00612816591 0.14
0.0710016184 -0.00612816591 0.134487877
0.0682469111 -0.00612816591 0.15
0.066557744 -0.00612816591 0.16
0.0653973704 -0.00612816591 0.17
0.0641036158 -0.00612816591 0.18
0.0623305445 -0.00612816591 0.19
0.0620831042 -0.00612816591 0.21
0.0710016184 0.00111031752 -0.01
0.0710016184 0.00387183409 -0.0127615118
0.0704057627 0.00387183409 0.13
0.0710016184 0.00387183409 0.128054047
0.0710016184 0.0009547637 0.13
0.0696568804 0.00387183409 0.14
0.0686844568 0.00387183409 0.15
0.0674695902 0.00387183409 0.16
0.0658191233 0.00387183409 0.17
0.0644776087 0.00387183409 0.18
0.0626283007 0.00387183409 0.19
0.0629297571 0.00387183409 0.21
0.0611880999 0.00387183409 0.22
0.0627847605 0.00387183409 0.24
0.0635276728 0.00387183409 0.26
0.0710016184 0.00387183409 0.266022892
0.0710016184 -0.00374778528 0.27
0.0628211146 0.00387183409 0.27
0.0710016184 0.0138718341 -0.0132110572
0.0709947329 0.0138718341 0.13
0.0710016184 0.0138718341 0.129886551
0.0701949435 0.0138718341 0.14
0.0691630297 0.0138718341 0.15
0.0680470591 0.0138718341 0.16
0.0664503222 0.0138718341 0.17
0.0645228701 0.0138718341 0.18
0.0629833346 0.0138718341 0.19
0.0681784182 0.0138718341 0.2
0.0668770914 0.0138718341 0.21
0.0691962366 0.0138718341 0.22
0.0672554713 0.0138718341 0.23
0.0649532633 0.0138718341 0.24
0.0625199633 0.0138718341 0.25
0.0710016184 0.00673901777 0.27
0.0710016184 0.0238718341 -0.0135611105
0.0710016184 0.0142546103 0.13
0.0705667429 0.0238718341 0.14
0.0710016184 0.0238718341 0.133070774
0.0694318323 0.0238718341 0.15
0.0710016184 0.0238718341 0.152946472
0.0710016184 0.0182960532 0.16
0.0710016184 0.0177922748 0.17
0.0710016184 0.0194941447 0.18
0.0710016184 0.0223290656 0.19
0.0701280909 0.0238718341 0.2
0.0710016184 0.0238718341 0.195840015
0.0684175616 0.0238718341 0.21
0.0666006403 0.0238718341 0.22
0.0685900431 0.0238718341 0.23
0.0659207087 0.0238718341 0.24
0.0629659777 0.0238718341 0.25
0.0710016184 0.0338718341 -0.0135195947
0.0710016184 0.0244252799 0.14
0.0710016184 0.0258519481 0.15
0.0705942469 0.0338718341 0.2
0.0710016184 0.0338718341 0.198685493
0.0683961802 0.0338718341 0.21
0.0655281573 0.0338718341 0.22
0.0625300913 0.0338718341 0.23
0.0663608103 0.0438718341 -0.02
0.0710016184 0.039231026 -0.02
0.0710016184 0.0438718341 -0.0246408057
0.0705923586 0.0438718341 0.18
0.0710016184 0.0438718341 0.178738899
0.0710016184 0.0434138034 0.18
0.0710016184 0.0377322314 0.19
0.0664522104 0.0438718341 0.19
0.0639541178 0.0438718341 0.2
0.0710016184 0.0485126422 -0.02
0.0710016184 0.0538718341 -0.0130139089
0.0702969294 0.0538718341 0.16
0.0710016184 0.0538718341 0.158656864
0.0710016184 0.0528990672 0.16
0.0710016184 0.0491634868 0.17
0.0676745539 0.0538718341 0.17
0.064438756 0.0538718341 0.18
0.0710016184 0.0568857501 -0.01
0.0710016184 0.0638718341 -0.000252943039
0.0634712725 0.0638718341 -0.01
0.0689134531 0.0638718341 0.03
0.0710016184 0.0638718341 0.0267947388
0.0710016184 0.0632587932 0.03
0.0710016184 0.0638201831 0.04
0.0708508806 0.0638718341 0.04
0.0710016184 0.0638718341 0.0435166836
0.0686929827 0.0638718341 0.07
0.0710016184 0.0638718341 0.0628789234
0.0710016184 0.0632048533 0.07
0.0710016184 0.0623894427 0.08
0.0670092325 0.0638718341 0.08
0.0710016184 0.0618490336 0.09
0.0710016184 0.0594287417 0.1
0.0710016184 0.0588562701 0.11
0.0710016184 0.057766907 0.12
0.0710016184 0.0566284488 0.13
0.0710016184 0.0571282695 0.14
0.0710016184 0.0560657237 0.15
0.0710016184 0.064479687 0
0.0710016184 0.0643839 0.01
0.0710016184 0.0646244739 0.02
0.0710016184 0.0639429591 0.05
0.0710016184 0.0640625308 0.06
0.0810016184 -0.0796403338 -0.01
0.0810016184 -0.0761281659 -0.0135121679
0.0776833086 -0.0761281659 0
0.0810016184 -0.0761281659 -0.00119118214
0.0810016184 -0.0761281659 0.00425133228
0.0810016184 -0.0770288779 0.01
0.0761210757 -0.0761281659 0.02
0.0710250788 -0.0861281659 0.02
0.0810016184 -0.0761281659 0.0140480137
0.0713842135 -0.0861281659 0.03
0.0744336825 -0.0761281659 0.03
0.0716005068 -0.0861281659 0.04
0.0752414637 -0.0761281659 0.04
0.0718962984 -0.0861281659 0.05
0.0747209673 -0.0761281659 0.05
0.0810016184 -0.0761281659 0.0589311409
0.0710198717 -0.0861281659 0.06
0.0810016184 -0.0763076903 0.06
0.0737004023 -0.0761281659 0.07
0.0810016184 -0.0761281659 0.0611826515
0.0717666559 -0.0761281659 0.08
0.0765420847 -0.0661281659 -0.02
0.0810016184 -0.0705876996 -0.02
0.0810016184 -0.0661281659 -0.0244595313
0.0810016184 -0.0704013373 0
0.0810016184 -0.0661281659 0.00409823418
0.078610795 -0.0661281659 0.01
0.0810016184 -0.0705560662 0.01
0.0789168482 -0.0661281659 0.02
0.0795823412 -0.0661281659 0.03
0.0787714892 -0.0661281659 0.04
0.0786503153 -0.0661281659 0.05
0.0810016184 -0.0748395993 0.06
0.0776301127 -0.0661281659 0.06
0.0769179087 -0.0661281659 0.07
0.0754043131 -0.0661281659 0.08
0.0752409487 -0.0661281659 0.09
0.0739175349 -0.0661281659 0.1
0.072498601 -0.0661281659 0.11
0.0720372133 -0.0661281659 0.12
0.0810016184 -0.0616686322 -0.02
0.0810016184 -0.0561281659 -0.0145747256
0.0762203531 -0.0561281659 0.01
0.0810016184 -0.0561281659 0.00151912212
0.0779180842 -0.0561281659 0.02
0.0778010302 -0.0561281659 0.03
0.0777145701 -0.0561281659 0.04
0.0775396662 -0.0561281659 0.05
0.0765226488 -0.0561281659 0.06
0.0765426569 -0.0561281659 0.07
0.0756232004 -0.0561281659 0.08
0.0747732477 -0.0561281659 0.09
0.0745495348 -0.0561281659 0.1
0.0738631754 -0.0561281659 0.11
0.075013402 -0.0561281659 0.12
0.07575208 -0.0561281659 0.13
0.074119771 -0.0561281659 0.14
0.0771102267 -0.0561281659 0.15
0.0735887079 -0.0461281659 -0.01
0.0810016184 -0.0550240399 0
0.0739468508 -0.0461281659 0
0.0810016184 -0.0515534427 -0.01
0.0741795664 -0.0461281659 0.01
0.07414079 -0.0461281659 0.02
0.0742048197 -0.0461281659 0.03
0.072675088 -0.0461281659 0.04
0.072824872 -0.0461281659 0.05
0.0725563746 -0.0461281659 0.06
0.0730577593 -0.0461281659 0.07
0.0728801279 -0.0461281659 0.08
0.0723733263 -0.0461281659 0.09
0.071796525 -0.0461281659 0.1
0.0771101122 -0.0461281659 0.11
0.0743258982 -0.0461281659 0.12
0.0733578806 -0.0461281659 0.13
0.0723332529 -0.0461281659 0.14
0.0714406519 -0.0461281659 0.15
0.0781224184 -0.0461281659 0.21
0.0810016184 -0.0488166263 0.21
0.0810016184 -0.0461281659 0.2063134
0.0808498698 -0.0461281659 0.22
0.0810016184 -0.0462603881 0.22
0.0810016184 -0.0461281659 0.220543365
0.0768526774 -0.0461281659 0.24
0.0810016184 -0.0517564275 0.24
0.0810016184 -0.0461281659 0.232036724
0.0777796297 -0.0461281659 0.25
0.0810016184 -0.0495959355 0.25
0.0808595972 -0.0461281659 0.26
0.0810016184 -0.0462251212 0.26
0.0810016184 -0.0461281659 0.260465107
0.0742926913 -0.0361281659 0
0.0742767458 -0.0361281659 -0.01
0.0749183207 -0.0361281659 0.01
0.0738906222 -0.0361281659 0.02
0.0729523401 -0.0361281659 0.03
0.0732730608 -0.0361281659 0.04
0.0737783556 -0.0361281659 0.05
0.0739138346 -0.0361281659 0.06
0.0736818819 -0.0361281659 0.07
0.0736475306 -0.0361281659 0.08
0.0726395731 -0.0361281659 0.09
0.0810016184 -0.0444344403 0.21
0.0810016184 -0.0458883264 0.22
0.0769563608 -0.0361281659 0.24
0.0810016184 -0.0361281659 0.234151344
0.074118474 -0.0361281659 0.25
0.0738710528 -0.0361281659 0.26
0.0810016184 -0.044479263 0.27
0.0747925501 -0.0261281659 0
0.0747968226 -0.0261281659 -0.01
0.0731350832 -0.0261281659 0.01
0.0735441714 -0.0261281659 0.02
0.0743816881 -0.0261281659 0.03
0.0744493799 -0.0261281659 0.04
0.0748304301 -0.0261281659 0.05
0.0742863779 -0.0261281659 0.06
0.0743131953 -0.0261281659 0.07
0.074050725 -0.0261281659 0.08
0.0715033465 -0.0261281659 0.09
0.0716770106 -0.0261281659 0.1
0.0715430575 -0.0261281659 0.11
0.0712899142 -0.0261281659 0.12
0.0800707369 -0.0261281659 0.22
0.0810016184 -0.0278285005 0.22
0.0810016184 -0.0261281659 0.219610443
0.0810016184 -0.0261281659 0.224458389
0.0752114229 -0.0261281659 0.24
0.0810016184 -0.0261281659 0.230581207
0.0753955202 -0.0261281659 0.25
0.0754759722 -0.0261281659 0.26
0.0765692263 -0.0261281659 0.27
0.0739622812 -0.0161281659 0
0.0729983263 -0.0161281659 -0.01
0.0736070757 -0.0161281659 0.01
0.0746528368 -0.0161281659 0.02
0.0751022463 -0.0161281659 0.03
0.0752162867 -0.0161281659 0.04
0.0750181704 -0.0161281659 0.05
0.0741549616 -0.0161281659 0.06
0.0731547861 -0.0161281659 0.07
0.0725912409 -0.0161281659 0.08
0.0726206331 -0.0161281659 0.09
0.0725929957 -0.0161281659 0.1
0.0722325068 -0.0161281659 0.11
0.0716829615 -0.0161281659 0.12
0.0712474184 -0.0161281659 0.13
0.0810016184 -0.0257617738 0.22
0.0810016184 -0.0220152452 0.24
0.0810016184 -0.0161281659 0.245022888
0.0736467295 -0.0161281659 0.25
0.0743415957 -0.0161281659 0.26
0.074226697 -0.0161281659 0.27
0.0747853785 -0.00612816591 0
0.0748413782 -0.00612816591 0.01
0.0753508501 -0.00612816591 0.02
0.0753849535 -0.00612816591 0.03
0.0745255785 -0.00612816591 0.04
0.074658063 -0.00612816591 0.05
0.0736772471 -0.00612816591 0.06
0.0731633311 -0.00612816591 0.07
0.073624528 -0.00612816591 0.08
0.0734340029 -0.00612816591 0.09
0.0731381541 -0.00612816591 0.1
0.0729277544 -0.00612816591 0.11
0.0725910883 -0.00612816591 0.12
0.0720401507 -0.00612816591 0.13
0.0810016184 -0.0111510541 0.25
0.0810016184 -0.00612816591 0.255052719
0.075650609 -0.00612816591 0.26
0.0714409189 -0.00612816591 0.27
0.073763135 0.00387183409 -0.01
0.0753893976 0.00387183409 0
0.0752597361 0.00387183409 0.01
0.0757211046 0.00387183409 0.02
0.0747441988 0.00387183409 0.03
0.0748647242 0.00387183409 0.04
0.0738554507 0.00387183409 0.05
0.0741602259 0.00387183409 0.06
0.0744332056 0.00387183409 0.07
0.0740968065 0.00387183409 0.08
0.0736110811 0.00387183409 0.09
0.0735094767 0.00387183409 0.1
0.072745965 0.00387183409 0.11
0.0729209643 0.00387183409 0.12
0.0805131464 0.00387183409 0.23
0.0810016184 0.00353332739 0.23
0.0810016184 0.00387183409 0.229651108
0.0739396982 0.00387183409 0.24
0.0810016184 -0.00083004732 0.24
0.0727701502 0.00387183409 0.25
0.0810016184 -0.00107706804 0.25
0.0729860621 0.00387183409 0.26
0.0753362208 0.0138718341 0
0.074212678 0.0138718341 -0.01
0.0744955759 0.0138718341 0.01
0.0747827845 0.0138718341 0.02
0.0749563914 0.0138718341 0.03
0.0741837626 0.0138718341 0.04
0.0748314219 0.0138718341 0.05
0.0744451838 0.0138718341 0.06
0.0746835261 0.0138718341 0.07
0.0744549303 0.0138718341 0.08
0.0733959131 0.0138718341 0.09
0.0733036356 0.0138718341 0.1
0.0731489496 0.0138718341 0.11
0.0715470057 0.0138718341 0.12
0.0810016184 0.00468945723 0.23
0.0810016184 0.0138718341 0.23346077
0.0735232477 0.0138718341 0.24
0.0744443255 0.0138718341 0.25
0.0761602144 0.0138718341 0.26
0.0759588747 0.0138718341 0.27
0.0756952219 0.0238718341 0
0.0745627337 0.0238718341 -0.01
0.0749046831 0.0238718341 0.01
0.0738915949 0.0238718341 0.02
0.0742910891 0.0238718341 0.03
0.0751883059 0.0238718341 0.04
0.0751099138 0.0238718341 0.05
0.0748868304 0.0238718341 0.06
0.0739903193 0.0238718341 0.07
0.0738107233 0.0238718341 0.08
0.0737063914 0.0238718341 0.09
0.0735051279 0.0238718341 0.1
0.0719265108 0.0238718341 0.11
0.0717389803 0.0238718341 0.12
0.0711565714 0.0238718341 0.13
0.0750218897 0.0238718341 0.16
0.0758521013 0.0238718341 0.17
0.0746981554 0.0238718341 0.18
0.0722580271 0.0238718341 0.19
0.073137887 0.0238718341 0.24
0.0810016184 0.0238718341 0.231849689
0.0743918352 0.0238718341 0.25
0.0767930727 0.0238718341 0.26
0.0768588953 0.0238718341 0.27
0.0757418375 0.0338718341 0
0.0745212107 0.0338718341 -0.01
0.0739691477 0.0338718341 0.01
0.074365571 0.0338718341 0.02
0.0751520663 0.0338718341 0.03
0.0754764681 0.0338718341 0.04
0.0742759447 0.0338718341 0.05
0.0742812662 0.0338718341 0.06
0.0741617327 0.0338718341 0.07
0.0753772288 0.0338718341 0.08
0.0753711062 0.0338718341 0.09
0.0783247881 0.0338718341 0.1
0.0801161127 0.0338718341 0.11
0.0794224482 0.0338718341 0.12
0.0782710581 0.0338718341 0.13
0.077277196 0.0338718341 0.14
0.0761616259 0.0338718341 0.15
0.0748602419 0.0338718341 0.16
0.0769972544 0.0338718341 0.17
0.0769273119 0.0338718341 0.18
0.073884099 0.0338718341 0.19
0.0780201464 0.0338718341 0.24
0.0810016184 0.0338718341 0.237212601
0.0797959643 0.0338718341 0.25
0.0810016184 0.0338718341 0.25587719
0.0810016184 0.032652037 0.26
0.0810016184 0.0306096385 0.27
0.0810016184 0.0438718341 -0.0142501307
0.0756424265 0.0438718341 -0.02
0.0810016184 0.0396217082 -0.01
0.0801810961 0.0438718341 0
0.0810016184 0.0438718341 -0.000415077209
0.0778837137 0.0438718341 0.01
0.0809319811 0.0438718341 0.02
0.0797734003 0.0438718341 0.03
0.0772935038 0.0438718341 0.04
0.0800779848 0.0438718341 0.05
0.080323575 0.0438718341 0.06
0.0803890352 0.0438718341 0.07
0.0801518374 0.0438718341 0.08
0.0803021937 0.0438718341 0.09
0.0810016184 0.0438718341 0.0928536797
0.0810016184 0.0404366992 0.1
0.0810016184 0.0381327556 0.11
0.0806081896 0.0438718341 0.12
0.0810016184 0.0438718341 0.11800293
0.0794785815 0.0438718341 0.13
0.0779931383 0.0438718341 0.14
0.0766176348 0.0438718341 0.15
0.0749670344 0.0438718341 0.16
0.0731491404 0.0438718341 0.17
0.0810016184 0.037243912 0.24
0.0810016184 0.0349630282 0.25
0.0810016184 0.0538718341 -0.0129996061
0.0806407862 0.0538718341 0
0.0810016184 0.0538718341 -0.000233206749
0.0803616076 0.0538718341 0.01
0.0806392603 0.0538718341 0.02
0.0775956087 0.0538718341 0.03
0.0772015124 0.0538718341 0.04
0.0772200136 0.0538718341 0.05
0.0768268137 0.0538718341 0.06
0.0767929583 0.0538718341 0.07
0.0800859766 0.0538718341 0.08
0.0759855585 0.0538718341 0.09
0.0810016184 0.0538718341 0.0974542618
0.0754469424 0.0538718341 0.11
0.0810016184 0.0538718341 0.10302
0.0810016184 0.0460433887 0.11
0.0804717188 0.0538718341 0.12
0.073336442 0.0538718341 0.13
0.0732811098 0.0538718341 0.14
0.0731959849 0.0538718341 0.15
0.0719589739 0.0638718341 0
0.0810016184 0.056871445 -0.01
0.0721343355 0.0638718341 0.01
0.0722290926 0.0638718341 0.02
0.0710688143 0.0638718341 0.05
0.0711761599 0.0638718341 0.06
0.0810016184 0.0560885165 0.1
0.0910016184 -0.0790173556 -0.01
0.0910016184 -0.0761281659 -0.0128891921
0.0822422724 -0.0761281659 0
0.0910016184 -0.079535506 0
0.0856321268 -0.0761281659 0.01
0.0910016184 -0.0761281659 0.0081827116
0.0816785555 -0.0761281659 0.06
0.0910016184 -0.0661281659 -0.0142048359
0.0854611521 -0.0661281659 -0.02
0.0910016184 -0.0661281659 0.00722485065
0.0832240229 -0.0710133197 0.00498952866
0.0883866625 -0.0661281659 0.15
0.0910016184 -0.0673623921 0.15
0.0910016184 -0.0661281659 0.148354549
0.0884733706 -0.0661281659 0.16
0.0910016184 -0.0665730121 0.16
0.0910016184 -0.0661281659 0.167583714
0.0843460398 -0.0661281659 0.18
0.0910016184 -0.0687202098 0.18
0.0910016184 -0.0661281659 0.170213833
0.0853893213 -0.0661281659 0.19
0.0910016184 -0.0700232818 0.19
0.0842019205 -0.0661281659 0.2
0.0910016184 -0.0696768119 0.2
0.0863993578 -0.0661281659 0.21
0.0910016184 -0.0690684106 0.21
0.0910016184 -0.0661281659 0.219262753
0.0814521723 -0.0561281659 0
0.0910016184 -0.0619433095 0
0.0870378428 -0.0561281659 0.13
0.0910016184 -0.0580496766 0.13
0.0910016184 -0.0561281659 0.12793232
0.0910016184 -0.0561281659 0.136641083
0.0910016184 -0.0619888331 0.15
0.0910016184 -0.0645931746 0.16
0.0910016184 -0.0600848224 0.18
0.0910016184 -0.0561281659 0.183181877
0.0848249178 -0.0561281659 0.19
0.0865470629 -0.0561281659 0.2
0.0857950335 -0.0561281659 0.21
0.0910016184 -0.0651150968 0.22
0.087501729 -0.0561281659 0.22
0.0889457827 -0.0561281659 0.23
0.0910016184 -0.0604461696 0.23
0.0900865107 -0.0561281659 0.24
0.0910016184 -0.0571989753 0.24
0.0910016184 -0.0561281659 0.241017628
0.0910016184 -0.0542001178 0.13
0.0910016184 -0.0461281659 0.13966589
0.0906640558 -0.0461281659 0.14
0.0910016184 -0.0483528068 0.14
0.0910016184 -0.0461281659 0.141174831
0.0845994883 -0.0461281659 0.19
0.0910016184 -0.0461281659 0.182657795
0.0827659731 -0.0461281659 0.2
0.0828916674 -0.0461281659 0.23
0.0910016184 -0.0504424359 0.25
0.0910016184 -0.0471086337 0.26
0.0910016184 -0.0461281659 0.261842709
0.0910016184 -0.0460043027 0.14
0.0907959681 -0.0361281659 0.17
0.0910016184 -0.0364725949 0.17
0.0910016184 -0.0361281659 0.169921551
0.0910016184 -0.0361281659 0.171064472
0.0910016184 -0.0374656178 0.19
0.0910016184 -0.0361281659 0.191337814
0.0840079813 -0.0361281659 0.2
0.084856885 -0.0361281659 0.21
0.0834237414 -0.0361281659 0.22
0.0849124842 -0.0361281659 0.23
0.0910016184 -0.0434253766 0.27
0.0910016184 -0.0360532357 0.17
0.0910016184 -0.0320320489 0.2
0.0910016184 -0.0261281659 0.205111904
0.085724061 -0.0261281659 0.21
0.0815237742 -0.0261281659 0.23
0.0910016184 -0.022006128 0.24
0.0910016184 -0.0161281659 0.245147915
0.0910016184 0.00387183409 0.245192318
0.0857034998 0.00387183409 0.24
0.0910016184 -0.000935847949 0.25
0.0859488993 -0.00612816591 0.26
0.0910016184 -0.000643441866 0.26
0.085606225 -0.00612816591 0.27
0.0910016184 -0.000351426791 0.27
0.083111146 0.0138718341 0.21
0.0910016184 0.00903337698 0.21
0.0910016184 0.0138718341 0.205161533
0.0812749796 0.0138718341 0.22
0.0910016184 0.00926479559 0.22
0.0813096743 0.00387183409 0.23
0.0910016184 0.00953264456 0.23
0.0841788416 0.0138718341 0.23
0.0910016184 0.00977639418 0.24
0.0847738199 0.0238718341 0.2
0.0910016184 0.0198180221 0.2
0.0910016184 0.0238718341 0.191382504
0.0854903918 0.0238718341 0.21
0.0853706675 0.0238718341 0.22
0.0836178332 0.0238718341 0.23
0.0843656855 0.0338718341 0.2
0.0910016184 0.0338718341 0.192853851
0.0855274897 0.0338718341 0.21
0.0859496432 0.0338718341 0.22
0.0874966173 0.0338718341 0.23
0.0905844431 0.0338718341 0.25
0.0910016184 0.0338718341 0.249796543
0.0910016184 0.0338168834 0.25
0.0910016184 0.0318708442 0.26
0.0910016184 0.0296295856 0.27
0.0828101092 0.0438718341 0.1
0.0820509463 0.0438718341 0.11
0.0895871477 0.0438718341 0.2
0.0910016184 0.0438718341 0.198187752
0.0907473498 0.0438718341 0.21
0.0910016184 0.0438718341 0.212015724
0.0910016184 0.042199528 0.22
0.0910016184 0.0398763965 0.23
0.0910016184 0.0375126193 0.24
0.0910016184 0.036669266 0.26
0.0910016184 0.0438718341 0.255574894
0.0880702906 0.0438718341 0.26
0.0910016184 0.0438718341 0.262792034
0.083332284 0.0538718341 0.1
0.0856914072 0.0538718341 0.19
0.0910016184 0.0483280108 0.19
0.0910016184 0.0538718341 0.183600407
0.0910016184 0.0538718341 0.199812317
0.0910016184 0.0529011081 0.2
0.0910016184 0.0460003207 0.21
0.0910016184 0.0495046924 0.26
0.101001618 -0.0661281659 0.155580463
0.0916163187 -0.0661281659 0.15
0.101001618 -0.0705477073 0.16
0.091097806 -0.0661281659 0.17
0.101001618 -0.0705331065 0.17
0.101001618 -0.0704974772 0.18
0.101001618 -0.070303972 0.19
0.101001618 -0.0702286984 0.2
0.101001618 -0.0701296021 0.21
0.091290658 -0.0661281659 0.22
0.101001618 -0.0700050618 0.22
0.0947908526 -0.0661281659 0.23
0.101001618 -0.0678607966 0.23
0.0962230997 -0.0661281659 0.24
0.101001618 -0.0675740554 0.24
0.0976754122 -0.0661281659 0.25
0.101001618 -0.0672232511 0.25
0.0991440897 -0.0661281659 0.26
0.101001618 -0.0667962625 0.26
0.0927779131 -0.0561281659 0.1
0.101001618 -0.0609326245 0.1
0.101001618 -0.0561281659 0.0951955414
0.0932218104 -0.0561281659 0.11
0.101001618 -0.060782459 0.11
0.0934566622 -0.0561281659 0.12
0.101001618 -0.0607584025 0.12
0.101001618 -0.0607142474 0.13
0.0914538698 -0.0561281659 0.14
0.101001618 -0.0605130937 0.14
0.101001618 -0.060429547 0.15
0.0920957499 -0.0561281659 0.15
0.0928855448 -0.0561281659 0.16
0.0919288569 -0.0561281659 0.17
0.0943587237 -0.0561281659 0.18
0.0940846186 -0.0561281659 0.24
0.101001618 -0.0561281659 0.233091316
0.101001618 -0.0584001853 0.24
0.101001618 -0.0627587535 0.25
0.101001618 -0.0643173196 0.26
0.101001618 -0.0661281659 0.260668106
0.101001618 -0.0526494243 0.17
0.101001618 -0.0461281659 0.175017414
0.0930206804 -0.0461281659 0.18
0.101001618 -0.0551611449 0.24
0.101001618 -0.0522544982 0.25
0.101001618 -0.0509092738 0.26
0.0975246363 -0.0461281659 0.27
0.101001618 -0.047612169 0.27
0.101001618 -0.0408586385 0.17
0.101001618 -0.0361281659 0.165269527
0.0916288309 -0.0361281659 0.18
0.092233079 -0.0361281659 0.19
0.101001618 -0.0423295285 0.22
0.101001618 -0.0361281659 0.22724556
0.0944642382 -0.0361281659 0.22
0.101001618 -0.0310086228 0.21
0.0950977259 -0.0361281659 0.2
0.0948055392 -0.0361281659 0.21
0.101001618 -0.0261281659 0.205119553
0.101001618 -0.0306524159 0.22
0.0936596804 -0.0361281659 0.27
0.101001618 -0.0286696412 0.27
0.101001618 -0.0361281659 0.264350567
0.101001618 -0.022210777 0.24
0.101001618 -0.0161281659 0.245295238
0.101001618 -0.000769508074 0.25
0.101001618 0.00387183409 0.245358658
0.101001618 -0.000514810275 0.26
0.101001618 -0.000157983492 0.27
0.101001618 0.00905045729 0.21
0.101001618 0.0138718341 0.205178623
0.101001618 0.00927990179 0.22
0.101001618 0.00967869024 0.23
0.101001618 0.0100062392 0.24
0.0934824496 0.0238718341 0.17
0.101001618 0.0192132209 0.17
0.101001618 0.0238718341 0.165341396
0.0941395502 0.0238718341 0.18
0.101001618 0.019394152 0.18
0.0922828417 0.0238718341 0.19
0.101001618 0.0196048186 0.19
0.101001618 0.0186932109 0.21
0.101001618 0.0238718341 0.216888008
0.0947670679 0.0238718341 0.21
0.0919497614 0.0338718341 0.17
0.101001618 0.0338718341 0.165411568
0.0924923067 0.0338718341 0.18
0.0930933123 0.0338718341 0.19
0.101001618 0.0298307059 0.2
0.101001618 0.0238718341 0.194267006
0.0950554209 0.0238718341 0.2
0.101001618 0.0300773738 0.21
0.0911541872 0.0338718341 0.25
0.0966045504 0.0338718341 0.26
0.101001618 0.0338718341 0.267544212
0.101001618 0.0328486941 0.27
0.0952353792 0.0438718341 0.02
0.101001618 0.0389445041 0.02
0.101001618 0.0438718341 0.01507267
0.0953939371 0.0438718341 0.04
0.101001618 0.0389298556 0.04
0.101001618 0.0438718341 0.035058012
0.0953906756 0.0438718341 0.05
0.101001618 0.038876736 0.05
0.09537185 0.0438718341 0.06
0.101001618 0.0389667056 0.06
0.0935670595 0.0438718341 0.07
0.101001618 0.0389425776 0.07
0.0936375933 0.0438718341 0.08
0.101001618 0.039055302 0.08
0.0942039232 0.0438718341 0.09
0.101001618 0.0395372699 0.09
0.0942781573 0.0438718341 0.1
0.101001618 0.0395582126 0.1
0.0945434695 0.0438718341 0.11
0.101001618 0.0397357486 0.11
0.0947809916 0.0438718341 0.12
0.101001618 0.0397950671 0.12
0.09384126 0.0438718341 0.13
0.101001618 0.0398776935 0.13
0.0946737604 0.0438718341 0.14
0.101001618 0.0401184009 0.14
0.094978364 0.0438718341 0.15
0.101001618 0.0402503703 0.15
0.0962171869 0.0438718341 0.16
0.101001618 0.0411429713 0.16
0.0968635683 0.0438718341 0.17
0.0975023775 0.0438718341 0.18
0.0970352297 0.0438718341 0.19
0.101001618 0.0438718341 0.213908787
0.101001618 0.0419220088 0.22
0.101001618 0.0408420299 0.23
0.101001618 0.038538029 0.24
0.101001618 0.0370518229 0.25
0.101001618 0.0438718341 0.255686321
0.101001618 0.0438718341 0.262811604
0.101001618 0.0481854556 0.1
0.101001618 0.0538718341 0.105594578
0.0933802347 0.0538718341 0.11
0.0942251902 0.0538718341 0.12
0.09413585 0.0538718341 0.13
0.094446023 0.0538718341 0.14
0.092947381 0.0538718341 0.15
0.0938685351 0.0538718341 0.16
0.0941880923 0.0538718341 0.17
0.0949844675 0.0538718341 0.18
0.0912356119 0.0538718341 0.2
0.0923562174 0.0538718341 0.21
0.101001618 0.0472549365 0.22
0.0938055735 0.0538718341 0.22
0.0970247774 0.0538718341 0.23
0.101001618 0.0486112903 0.23
0.101001618 0.0538718341 0.235394878
0.101001618 0.0487094996 0.26
0.111001618 -0.0661281659 0.176078091
0.105406564 -0.0661281659 0.17
0.111001618 -0.0700500752 0.18
0.111001618 -0.0700041701 0.19
0.111001618 -0.0699330737 0.2
0.111001618 -0.0696779801 0.21
0.111001618 -0.0695551373 0.22
0.111001618 -0.069401014 0.23
0.111001618 -0.0666474893 0.24
0.111001618 -0.0662605359 0.25
0.107818597 -0.0661281659 0.26
0.111001618 -0.0661281659 0.25286375
0.111001618 -0.0561281659 0.105080318
0.105806077 -0.0561281659 0.1
0.111001618 -0.0610478427 0.11
0.111001618 -0.0561281659 0.156156864
0.105302995 -0.0561281659 0.15
0.111001618 -0.0599713065 0.16
0.105421155 -0.0661281659 0.16
0.111001618 -0.0622521617 0.19
0.111001618 -0.0561281659 0.197690163
0.103892949 -0.0561281659 0.19
0.111001618 -0.0654215219 0.25
0.111001618 -0.0656088426 0.24
0.111001618 -0.0509825446 0.18
0.104480355 -0.0561281659 0.17
0.104120744 -0.0561281659 0.18
0.111001618 -0.0461281659 0.175145626
0.111001618 -0.050746248 0.19
0.101819356 -0.0561281659 0.22
0.111001618 -0.0501733376 0.22
0.111001618 -0.0561281659 0.211962357
0.101219132 -0.0561281659 0.23
0.111001618 -0.0493113448 0.23
0.111001618 -0.0489512755 0.24
0.111001618 -0.0525371196 0.25
0.111001618 -0.0480087401 0.26
0.111001618 -0.0433050515 0.24
0.111001618 -0.0361281659 0.24548645
0.104813684 -0.0361281659 0.24
0.106042913 -0.0161281659 0.24
0.111001618 -0.0210868623 0.24
0.111001618 -0.0161281659 0.235041294
0.10524524 -0.0261281659 0.23
0.101001618 -0.0218845345 0.23
0.104919007 -0.0261281659 0.24
0.111001618 -0.0208283212 0.25
0.104536756 -0.0261281659 0.25
0.104084523 -0.0261281659 0.26
0.111001618 -0.020529535 0.26
0.106109365 0.00387183409 0.24
0.111001618 -0.00102042932 0.24
0.111001618 0.00387183409 0.235107746
0.111001618 -0.000809676836 0.25
0.111001618 -0.000506704043 0.26
0.111001618 7.12893501e-05 0.27
0.111001618 0.0189472793 0.22
0.105822995 0.0138718341 0.21
0.10559356 0.0138718341 0.22
0.111001618 0.0238718341 0.215075455
0.105194772 0.0138718341 0.23
0.111001618 0.019151604 0.23
0.104867223 0.0138718341 0.24
0.111001618 0.0193869422 0.24
0.104482091 0.0138718341 0.25
0.111001618 0.0196590732 0.25
0.104024919 0.0138718341 0.26
0.111001618 0.0199754737 0.26
0.10311992 0.0138718341 0.27
0.111001618 0.020976126 0.27
0.106025765 0.0338718341 0.16
0.111001618 0.0288959811 0.16
0.111001618 0.0338718341 0.155024147
0.105660222 0.0238718341 0.17
0.111001618 0.0290155719 0.17
0.105479291 0.0238718341 0.18
0.111001618 0.0292340301 0.18
0.105268624 0.0238718341 0.19
0.111001618 0.0298935817 0.19
0.111001618 0.0301151298 0.2
0.111001618 0.0303749202 0.21
0.111001618 0.0338718341 0.260531979
0.111001618 0.0321376441 0.27
0.103217881 0.0438718341 0.24
0.111001618 0.0367040561 0.23
0.111001618 0.0438718341 0.235068302
0.103692372 0.0438718341 0.25
0.111001618 0.0538718341 0.125905304
0.104995759 0.0438718341 0.13
0.111001618 0.049777138 0.13
0.105512956 0.0538718341 0.12
0.105078385 0.0438718341 0.12
0.104755052 0.0438718341 0.14
0.111001618 0.0496910022 0.14
0.104623082 0.0438718341 0.15
0.111001618 0.0496338199 0.15
0.103730481 0.0438718341 0.16
0.111001618 0.0497900508 0.16
0.103496411 0.0438718341 0.17
0.111001618 0.0497750972 0.17
0.103213609 0.0438718341 0.18
0.111001618 0.0497857211 0.18
0.10287349 0.0438718341 0.19
0.111001618 0.0520054935 0.19
0.102277406 0.0438718341 0.2
0.111001618 0.052063763 0.2
0.10177583 0.0438718341 0.21
0.111001618 0.0521701358 0.21
0.111001618 0.052326691 0.22
0.111001618 0.0525373767 0.23
0.107162049 0.0538718341 0.24
0.111001618 0.0538718341 0.242819633
0.111001618 0.0513983844 0.25
0.111001618 0.0510242579 0.26
0.116021321 -0.0661281659 0.13
0.121001618 -0.071108463 0.13
0.121001618 -0.0661281659 0.125019703
0.116062806 -0.0661281659 0.16
0.121001618 -0.0710669734 0.16
0.121001618 -0.0661281659 0.155061188
0.116065858 -0.0661281659 0.17
0.121001618 -0.0710639359 0.17
0.121001618 -0.0710434796 0.18
0.121001618 -0.0694372346 0.19
0.121001618 -0.0693774011 0.2
0.121001618 -0.0692867019 0.21
0.121001618 -0.069163654 0.22
0.121001618 -0.0690058496 0.23
0.121001618 -0.0686190583 0.24
0.121001618 -0.0683783509 0.25
0.121001618 -0.0661281659 0.25658844
0.121001618 -0.0461281659 0.185119572
0.115855992 -0.0461281659 0.18
0.121001618 -0.051008599 0.19
0.113311456 -0.0561281659 0.2
0.121001618 -0.0504151132 0.2
0.112963975 -0.0561281659 0.21
0.121001618 -0.0502191617 0.21
0.121001618 -0.0499890973 0.22
0.121001618 -0.0497190501 0.23
0.121001618 -0.0461281659 0.247902012
0.113824723 -0.0461281659 0.24
0.121001618 -0.0482261493 0.25
0.121001618 -0.0476798894 0.26
0.121001618 -0.0410675313 0.24
0.121001618 -0.0361281659 0.235060635
0.116062253 -0.0361281659 0.24
0.121001618 -0.0461281659 0.233590889
0.121001618 -0.0425372865 0.23
0.111001618 -0.0429449822 0.23
0.116065019 0.0138718341 0.27
0.121001618 0.00893524389 0.27
0.121001618 0.0138718341 0.2650634
0.115380166 0.00387183409 0.26
0.111001618 0.00767237883 0.27
0.111001618 0.00825037222 0.26
0.114802163 0.00387183409 0.27
0.121001618 0.0191372798 0.22
0.121001618 0.0238718341 0.215265446
0.121001618 0.0193498347 0.23
0.121001618 0.0195954535 0.24
0.121001618 0.0198803828 0.25
0.121001618 0.0202127479 0.26
0.121001618 0.0338718341 0.195992298
0.114979871 0.0338718341 0.19
0.121001618 0.0298641227 0.2
0.121001618 0.0278632854 0.25
0.121001618 0.0338718341 0.259278259
0.11183431 0.0338718341 0.25
0.121001618 0.0391943286 0.24
0.11383384 0.0338718341 0.23
0.113407434 0.0338718341 0.24
0.121001618 0.0438718341 0.235322495
0.121001618 0.0393279002 0.25
0.116015618 0.0538718341 0.12
0.121001618 0.048885834 0.12
0.121001618 0.0538718341 0.115014
0.121001618 0.0538718341 0.176436443
0.115098355 0.0538718341 0.17
0.121001618 0.0503082774 0.18
0.121001618 0.0503249476 0.19
0.121001618 0.0538718341 0.239979191
0.112336076 0.0538718341 0.23
0.121001618 0.0538718341 0.240583591
0.121001618 0.0534836314 0.25
3 2 1 0
3 5 4 3
3 7 6 3
3 7 3 4
3 9 8 6
3 9 6 7
3 8 9 2
3 0 8 2
3 10 8 0
3 13 12 11
3 13 11 14
3 11 16 15
3 12 16 11
3 15 18 17
3 16 18 15
3 17 20 19
3 18 20 17
3 19 22 21
3 20 22 19
3 25 24 23
3 27 26 23
3 24 27 23
3 28 27 24
3 31 30 29
3 27 31 29
3 28 31 27
3 33 32 30
3 33 30 31
3 35 34 32
3 35 32 33
3 37 34 36
3 34 13 36
3 13 14 36
3 13 34 35
3 39 38 36
3 36 38 37
3 41 40 39
3 39 40 38
3 43 42 41
3 41 42 40
3 45 44 43
3 43 44 42
3 46 44 45
3 47 46 45
3 48 46 47
3 51 50 49
3 42 51 49
3 44 51 42
3 54 53 52
3 56 55 52
3 56 52 53
3 59 58 57
3 60 59 57
3 61 59 60
3 64 63 62
3 61 64 62
3 60 64 61
3 66 65 63
3 66 63 64
3 68 67 65
3 68 65 66
3 70 69 67
3 68 70 67
3 71 70 68
3 70 73 72
3 71 73 70
3 72 75 74
3 73 75 72
3 78 77 76
3 74 78 76
3 75 78 74
3 80 79 77
3 80 77 78
3 82 81 79
3 82 79 80
3 83 81 82
3 84 50 51
3 86 85 4
3 86 4 5
3 4 87 7
3 85 87 4
3 7 88 9
3 87 88 7
3 2 9 89
3 9 90 89
3 9 88 90
3 93 92 91
3 95 94 91
3 95 91 92
3 97 96 94
3 97 94 95
3 99 98 96
3 99 96 97
3 101 98 100
3 98 86 100
3 86 5 100
3 86 98 99
3 103 102 100
3 100 102 101
3 105 104 103
3 103 104 102
3 107 106 105
3 105 106 104
3 110 109 108
3 108 109 93
3 91 108 93
3 111 108 91
3 12 112 16
3 113 16 112
3 16 113 98
3 114 98 113
3 98 114 96
3 16 98 18
3 18 98 101
3 18 101 20
3 20 101 102
3 20 102 22
3 22 102 104
3 22 104 48
3 104 115 48
3 104 106 115
3 118 117 116
3 24 25 116
3 117 24 116
3 119 24 117
3 24 120 28
3 119 120 24
3 108 31 110
3 31 120 110
3 31 28 120
3 31 108 33
3 33 108 111
3 122 121 111
3 121 33 111
3 121 35 33
3 13 35 112
3 35 123 112
3 35 121 123
3 112 123 113
3 125 124 115
3 124 48 115
3 124 46 48
3 128 127 126
3 129 126 127
3 132 131 130
3 133 130 131
3 136 135 134
3 138 137 134
3 138 134 135
3 139 137 138
3 142 141 140
3 144 143 140
3 144 140 141
3 146 145 143
3 146 143 144
3 148 147 145
3 148 145 146
3 150 149 147
3 150 147 148
3 149 150 118
3 116 149 118
3 151 149 116
3 153 152 25
3 152 116 25
3 152 151 116
3 155 154 153
3 153 154 152
3 157 156 155
3 155 156 154
3 159 158 157
3 157 158 156
3 158 159 160
3 159 161 160
3 159 162 161
3 164 162 163
3 164 161 162
3 166 163 165
3 166 164 163
3 168 165 167
3 168 166 165
3 170 168 169
3 168 49 169
3 168 167 49
3 50 169 49
3 124 171 46
3 172 171 124
3 173 132 130
3 173 130 133
3 174 136 134
3 174 134 137
3 174 137 175
3 175 137 139
3 54 176 53
3 179 178 177
3 143 179 177
3 145 179 143
3 180 145 147
3 179 145 180
3 57 180 60
3 180 149 60
3 180 147 149
3 60 149 64
3 64 149 151
3 64 151 66
3 66 151 152
3 66 152 68
3 68 152 154
3 68 154 71
3 71 154 156
3 71 156 73
3 73 156 158
3 160 181 158
3 181 73 158
3 181 75 73
3 75 182 78
3 181 182 75
3 78 183 80
3 182 183 78
3 80 184 82
3 183 184 80
3 169 185 83
3 184 169 83
3 82 184 83
3 170 169 184
3 185 169 50
3 186 185 50
3 84 186 50
3 187 185 186
3 85 189 188
3 190 85 188
3 87 85 190
3 87 191 88
3 190 191 87
3 88 192 90
3 191 192 88
3 92 194 193
3 195 92 193
3 95 92 195
3 95 196 97
3 195 196 95
3 97 197 99
3 196 197 97
3 86 99 189
3 99 198 189
3 99 197 198
3 189 198 188
3 200 199 109
3 200 109 110
3 93 109 194
3 109 201 194
3 109 199 201
3 203 122 202
3 201 193 194
3 114 204 202
3 202 204 203
3 113 204 114
3 118 205 117
3 206 119 117
3 206 117 205
3 207 120 119
3 207 119 206
3 207 208 120
3 208 110 120
3 208 200 110
3 203 121 122
3 121 203 123
3 123 203 204
3 123 204 113
3 211 210 209
3 124 125 209
3 125 211 209
3 125 212 211
3 128 213 127
3 213 129 127
3 132 214 131
3 214 133 131
3 136 215 135
3 216 138 135
3 216 135 215
3 216 139 138
3 142 217 141
3 218 144 141
3 218 141 217
3 219 146 144
3 219 144 218
3 220 148 146
3 220 146 219
3 221 150 148
3 221 148 220
3 205 118 150
3 221 205 150
3 222 205 221
3 205 223 206
3 205 222 223
3 206 224 207
3 206 223 224
3 208 207 225
3 207 226 225
3 207 224 226
3 226 227 225
3 228 160 161
3 228 161 229
3 161 230 229
3 161 164 230
3 231 164 166
3 231 230 164
3 232 166 168
3 232 231 166
3 168 170 232
3 232 170 233
3 210 234 209
3 124 209 234
3 235 124 234
3 172 124 235
3 238 237 236
3 239 213 128
3 213 239 129
3 173 214 132
3 214 173 133
3 174 215 136
3 215 174 175
3 215 175 216
3 216 175 139
3 240 217 142
3 217 240 177
3 217 177 218
3 218 177 178
3 241 218 178
3 219 218 241
3 219 242 220
3 219 241 242
3 220 243 221
3 220 242 243
3 221 244 222
3 221 243 244
3 222 245 223
3 222 244 245
3 223 246 224
3 223 245 246
3 224 247 226
3 224 246 247
3 227 226 248
3 226 249 248
3 226 247 249
3 228 181 160
3 249 250 248
3 250 249 251
3 181 228 182
3 229 182 228
3 182 229 252
3 250 252 229
3 252 250 251
3 182 252 253
3 254 182 253
3 183 182 254
3 254 256 255
3 184 254 255
3 183 254 184
3 233 170 257
3 170 255 257
3 255 258 257
3 170 184 255
3 187 186 258
3 186 257 258
3 186 259 257
3 260 241 178
3 241 260 261
3 241 261 242
3 242 261 262
3 242 262 243
3 243 262 263
3 243 263 244
3 244 263 264
3 244 264 245
3 245 264 265
3 245 265 246
3 246 265 266
3 246 266 247
3 269 268 267
3 271 270 267
3 271 267 268
3 274 273 272
3 276 275 272
3 276 272 273
3 190 188 275
3 276 190 275
3 277 190 276
3 267 191 269
3 191 277 269
3 191 190 277
3 191 267 192
3 192 267 270
3 193 278 195
3 279 196 195
3 279 195 278
3 280 274 272
3 196 280 272
3 197 196 272
3 280 196 279
3 197 272 198
3 198 272 275
3 198 275 188
3 200 281 199
3 282 201 199
3 282 199 281
3 278 193 201
3 282 278 201
3 283 278 282
3 285 279 284
3 279 283 284
3 279 278 283
3 279 285 280
3 288 287 286
3 289 287 288
3 208 290 281
3 208 281 200
3 281 291 282
3 281 290 291
3 282 292 283
3 282 291 292
3 284 283 293
3 283 294 293
3 283 292 294
3 296 295 294
3 294 295 293
3 298 297 296
3 296 297 295
3 298 299 297
3 301 300 211
3 211 300 210
3 302 211 212
3 302 301 211
3 305 304 303
3 307 306 303
3 307 303 304
3 308 306 307
3 225 290 208
3 290 225 227
3 309 290 227
3 291 290 309
3 291 310 292
3 291 309 310
3 310 229 230
3 294 310 230
3 292 310 294
3 294 230 231
3 294 231 296
3 296 231 232
3 296 232 298
3 312 311 233
3 233 311 232
3 311 299 232
3 299 298 232
3 312 313 234
3 300 312 234
3 210 300 234
3 312 300 311
3 313 235 234
3 238 314 237
3 314 303 237
3 303 306 237
3 314 315 303
3 316 237 306
3 308 316 306
3 317 316 308
3 248 309 227
3 309 248 250
3 309 250 310
3 310 250 229
3 253 318 254
3 318 256 254
3 257 312 233
3 312 257 259
3 312 259 313
3 238 320 319
3 321 238 319
3 314 238 321
3 322 319 320
3 316 322 320
3 317 322 316
3 323 318 253
3 318 323 256
3 324 319 322
3 327 326 325
3 327 325 328
3 327 328 329
3 325 331 330
3 332 325 330
3 328 325 332
3 333 332 330
3 329 328 334
3 329 334 335
3 336 328 332
3 334 328 336
3 332 333 337
3 338 332 337
3 336 332 338
3 340 339 338
3 340 338 337
3 342 341 339
3 342 339 340
3 344 343 341
3 344 341 342
3 346 345 343
3 346 343 344
3 348 347 345
3 348 345 346
3 350 349 347
3 350 347 348
3 352 351 349
3 352 349 350
3 354 353 351
3 354 351 352
3 356 355 353
3 356 353 354
3 357 355 356
3 335 334 358
3 335 358 359
3 360 334 336
3 358 334 360
3 361 336 338
3 360 336 361
3 362 338 339
3 361 338 362
3 363 339 341
3 362 339 363
3 364 341 343
3 363 341 364
3 365 343 345
3 364 343 365
3 366 345 347
3 365 345 366
3 367 347 349
3 366 347 367
3 368 349 351
3 367 349 368
3 369 351 353
3 368 351 369
3 370 353 355
3 369 353 370
3 355 357 371
3 372 355 371
3 370 355 372
3 374 373 372
3 374 372 371
3 375 373 374
3 359 358 376
3 359 376 377
3 378 358 360
3 376 358 378
3 379 360 361
3 378 360 379
3 380 361 362
3 379 361 380
3 381 362 363
3 380 362 381
3 382 363 364
3 381 363 382
3 383 364 365
3 382 364 383
3 384 365 366
3 383 365 384
3 385 366 367
3 384 366 385
3 386 367 368
3 385 367 386
3 387 368 369
3 386 368 387
3 388 369 370
3 387 369 388
3 389 370 372
3 388 370 389
3 390 372 373
3 389 372 390
3 373 375 391
3 392 373 391
3 390 373 392
3 393 392 391
3 377 376 394
3 377 394 395
3 396 376 378
3 394 376 396
3 397 378 379
3 396 378 397
3 398 379 380
3 397 379 398
3 399 380 381
3 398 380 399
3 400 381 382
3 399 381 400
3 401 382 383
3 400 382 401
3 402 383 384
3 401 383 402
3 403 384 385
3 402 384 403
3 404 385 386
3 403 385 404
3 405 386 387
3 404 386 405
3 406 387 388
3 405 387 406
3 407 388 389
3 406 388 407
3 408 389 390
3 407 389 408
3 409 390 392
3 408 390 409
3 392 393 410
3 392 410 409
3 395 394 411
3 395 411 412
3 413 394 396
3 411 394 413
3 414 396 397
3 413 396 414
3 415 397 398
3 414 397 415
3 416 398 399
3 415 398 416
3 417 399 400
3 416 399 417
3 418 400 401
3 417 400 418
3 419 401 402
3 418 401 419
3 420 402 403
3 419 402 420
3 421 403 404
3 420 403 421
3 422 404 405
3 421 404 422
3 423 405 406
3 422 405 423
3 424 406 407
3 423 406 424
3 425 407 408
3 424 407 425
3 409 427 426
3 425 409 426
3 408 409 425
3 427 409 410
3 412 411 428
3 412 428 429
3 430 411 413
3 428 411 430
3 431 413 414
3 430 413 431
3 432 414 415
3 431 414 432
3 433 415 416
3 432 415 433
3 434 416 417
3 433 416 434
3 435 417 418
3 434 417 435
3 436 418 419
3 435 418 436
3 437 419 420
3 436 419 437
3 438 420 421
3 437 420 438
3 439 421 422
3 438 421 439
3 440 422 423
3 439 422 440
3 441 423 424
3 440 423 441
3 442 424 425
3 441 424 442
3 425 426 443
3 444 425 443
3 442 425 444
3 445 444 443
3 429 428 446
3 429 446 447
3 448 428 430
3 446 428 448
3 449 430 431
3 448 430 449
3 450 431 432
3 449 431 450
3 451 432 433
3 450 432 451
3 452 433 434
3 451 433 452
3 453 434 435
3 452 434 453
3 454 435 436
3 453 435 454
3 455 436 437
3 454 436 455
3 456 437 438
3 455 437 456
3 457 438 439
3 456 438 457
3 458 439 440
3 457 439 458
3 459 440 441
3 458 440 459
3 460 441 442
3 459 441 460
3 461 442 444
3 460 442 461
3 444 445 462
3 444 462 461
3 447 446 463
3 447 463 464
3 465 446 448
3 463 446 465
3 466 448 449
3 465 448 466
3 467 449 450
3 466 449 467
3 468 450 451
3 467 450 468
3 469 451 452
3 468 451 469
3 470 452 453
3 469 452 470
3 471 453 454
3 470 453 471
3 472 454 455
3 471 454 472
3 473 455 456
3 472 455 473
3 474 456 457
3 473 456 474
3 475 457 458
3 474 457 475
3 476 458 459
3 475 458 476
3 477 459 460
3 476 459 477
3 478 460 461
3 477 460 478
3 461 462 479
3 461 479 478
3 269 480 268
3 481 271 268
3 481 268 480
3 464 463 482
3 464 482 483
3 484 463 465
3 482 463 484
3 485 465 466
3 484 465 485
3 486 466 467
3 485 466 486
3 487 467 468
3 486 467 487
3 488 468 469
3 487 468 488
3 489 469 470
3 488 469 489
3 490 470 471
3 489 470 490
3 491 471 472
3 490 471 491
3 492 472 473
3 491 472 492
3 493 473 474
3 492 473 493
3 494 474 475
3 493 474 494
3 495 475 476
3 494 475 495
3 496 476 477
3 495 476 496
3 497 477 478
3 496 477 497
3 478 479 498
3 499 478 498
3 497 478 499
3 500 499 498
3 274 501 273
3 502 276 273
3 502 273 501
3 503 277 276
3 503 276 502
3 480 269 277
3 503 480 277
3 504 480 503
3 480 505 481
3 480 504 505
3 483 482 506
3 483 506 507
3 508 482 484
3 506 482 508
3 509 484 485
3 508 484 509
3 510 485 486
3 509 485 510
3 511 486 487
3 510 486 511
3 512 487 488
3 511 487 512
3 513 488 489
3 512 488 513
3 514 489 490
3 513 489 514
3 515 490 491
3 514 490 515
3 516 491 492
3 515 491 516
3 517 492 493
3 516 492 517
3 518 493 494
3 517 493 518
3 519 494 495
3 518 494 519
3 520 495 496
3 519 495 520
3 521 496 497
3 520 496 521
3 522 497 499
3 521 497 522
3 499 500 523
3 499 523 522
3 280 524 501
3 280 501 274
3 501 525 502
3 501 524 525
3 502 526 503
3 502 525 526
3 503 527 504
3 503 526 527
3 504 528 505
3 504 527 528
3 528 288 529
3 528 529 505
3 507 506 530
3 507 530 531
3 532 506 508
3 530 506 532
3 533 508 509
3 532 508 533
3 534 509 510
3 533 509 534
3 535 510 511
3 534 510 535
3 536 511 512
3 535 511 536
3 537 512 513
3 536 512 537
3 538 513 514
3 537 513 538
3 539 514 515
3 538 514 539
3 540 515 516
3 539 515 540
3 541 516 517
3 540 516 541
3 542 517 518
3 541 517 542
3 543 518 519
3 542 518 543
3 544 519 520
3 543 519 544
3 545 520 521
3 544 520 545
3 522 547 546
3 545 522 546
3 521 522 545
3 547 522 523
3 550 549 548
3 552 551 548
3 552 548 549
3 553 551 552
3 284 554 285
3 524 280 285
3 554 524 285
3 555 524 554
3 524 556 525
3 524 555 556
3 525 557 526
3 525 556 557
3 526 558 527
3 526 557 558
3 527 559 528
3 527 558 559
3 559 289 288
3 559 288 528
3 531 530 560
3 531 560 561
3 562 530 532
3 560 530 562
3 563 532 533
3 562 532 563
3 564 533 534
3 563 533 564
3 565 534 535
3 564 534 565
3 566 535 536
3 565 535 566
3 567 536 537
3 566 536 567
3 568 537 538
3 567 537 568
3 569 538 539
3 568 538 569
3 570 539 540
3 569 539 570
3 571 540 541
3 570 540 571
3 572 541 542
3 571 541 572
3 573 542 543
3 572 542 573
3 574 543 544
3 573 543 574
3 575 544 545
3 574 544 575
3 545 546 576
3 577 545 576
3 575 545 577
3 579 578 577
3 579 577 576
3 578 579 550
3 548 578 550
3 580 578 548
3 551 582 581
3 580 551 581
3 548 551 580
3 551 583 582
3 551 584 583
3 551 553 585
3 584 551 585
3 586 584 585
3 293 554 284
3 554 293 295
3 554 295 555
3 555 295 297
3 555 297 556
3 556 297 299
3 587 556 299
3 557 556 587
3 587 300 301
3 558 587 301
3 557 587 558
3 558 301 302
3 558 302 559
3 559 302 289
3 588 561 560
3 304 588 560
3 307 304 560
3 588 304 589
3 307 560 308
3 560 590 308
3 560 562 590
3 591 562 563
3 590 562 591
3 592 563 564
3 591 563 592
3 593 564 565
3 592 564 593
3 594 565 566
3 593 565 594
3 595 566 567
3 594 566 595
3 596 567 568
3 595 567 596
3 597 568 569
3 596 568 597
3 598 569 570
3 597 569 598
3 599 570 571
3 598 570 599
3 600 571 572
3 599 571 600
3 601 572 573
3 600 572 601
3 602 573 574
3 601 573 602
3 603 574 575
3 602 574 603
3 604 575 577
3 603 575 604
3 605 577 578
3 604 577 605
3 606 578 580
3 605 578 606
3 580 581 607
3 580 607 606
3 608 583 584
3 608 584 586
3 311 587 299
3 587 311 300
3 315 314 589
3 314 588 589
3 314 609 588
3 610 317 590
3 590 317 308
3 611 590 591
3 610 590 611
3 612 591 592
3 611 591 612
3 613 592 593
3 612 592 613
3 614 593 594
3 613 593 614
3 615 594 595
3 614 594 615
3 616 595 596
3 615 595 616
3 617 596 597
3 616 596 617
3 618 597 598
3 617 597 618
3 619 598 599
3 618 598 619
3 620 599 600
3 619 599 620
3 621 600 601
3 620 600 621
3 622 601 602
3 621 601 622
3 623 602 603
3 622 602 623
3 624 603 604
3 623 603 624
3 625 604 605
3 624 604 625
3 606 627 626
3 625 606 626
3 605 606 625
3 627 606 607
3 321 609 314
3 321 628 609
3 629 322 610
3 610 322 317
3 630 610 611
3 629 610 630
3 631 611 612
3 630 611 631
3 632 612 613
3 631 612 632
3 633 613 614
3 632 613 633
3 634 614 615
3 633 614 634
3 635 615 616
3 634 615 635
3 636 616 617
3 635 616 636
3 637 617 618
3 636 617 637
3 619 639 638
3 637 619 638
3 618 619 637
3 639 619 620
3 639 620 640
3 640 620 621
3 640 621 641
3 641 621 622
3 641 622 642
3 642 622 623
3 642 623 643
3 643 623 624
3 643 624 644
3 644 624 625
3 644 625 645
3 645 625 626
3 321 324 646
3 647 321 646
3 628 321 647
3 322 629 324
3 629 646 324
3 629 648 646
3 630 650 649
3 648 630 649
3 629 630 648
3 650 630 631
3 650 631 651
3 651 631 632
3 651 632 652
3 652 632 633
3 652 633 653
3 653 633 634
3 653 634 654
3 654 634 635
3 654 635 655
3 655 635 636
3 655 636 656
3 656 636 637
3 656 637 657
3 657 637 638
3 658 648 649
3 661 660 659
3 664 663 662
3 667 666 665
3 668 667 665
3 669 667 668
3 671 669 670
3 667 669 671
3 673 670 672
3 671 670 673
3 675 672 674
3 673 672 675
3 677 674 676
3 675 674 677
3 679 676 678
3 677 676 679
3 681 678 680
3 679 678 681
3 683 680 682
3 681 680 683
3 686 685 684
3 683 686 684
3 682 686 683
3 685 686 687
3 690 689 688
3 667 690 688
3 671 690 667
3 691 671 673
3 690 671 691
3 692 673 675
3 691 673 692
3 693 675 677
3 692 675 693
3 694 677 679
3 693 677 694
3 695 679 681
3 694 679 695
3 696 681 683
3 695 681 696
3 683 684 697
3 698 683 697
3 696 683 698
3 700 699 698
3 700 698 697
3 702 701 326
3 702 326 327
3 704 703 331
3 326 704 331
3 701 704 326
3 705 703 704
3 706 689 690
3 708 707 706
3 690 708 706
3 691 708 690
3 709 691 692
3 708 691 709
3 710 692 693
3 709 692 710
3 711 693 694
3 710 693 711
3 695 713 712
3 711 695 712
3 694 695 711
3 713 695 696
3 713 696 714
3 714 696 698
3 714 698 715
3 715 698 699
3 715 699 716
3 329 702 327
3 329 717 702
3 703 330 331
3 333 330 703
3 705 333 703
3 718 333 705
3 721 720 719
3 722 719 720
3 723 707 708
3 723 708 709
3 723 709 724
3 724 709 710
3 724 710 725
3 725 710 711
3 725 711 726
3 726 711 712
3 335 717 329
3 335 727 717
3 718 728 333
3 333 728 337
3 337 729 340
3 728 729 337
3 719 342 721
3 342 729 721
3 342 340 729
3 722 730 719
3 730 342 719
3 730 344 342
3 344 731 346
3 730 731 344
3 346 732 348
3 731 732 346
3 348 733 350
3 732 733 348
3 350 734 352
3 733 734 350
3 352 735 354
3 734 735 352
3 354 736 356
3 735 736 354
3 738 737 357
3 356 738 357
3 736 738 356
3 740 739 737
3 740 737 738
3 742 741 739
3 742 739 740
3 744 743 741
3 744 741 742
3 746 745 743
3 746 743 744
3 748 747 745
3 748 745 746
3 750 749 747
3 750 747 748
3 752 751 749
3 752 749 750
3 753 751 752
3 359 727 335
3 359 754 727
3 737 371 357
3 371 737 374
3 374 737 739
3 374 739 375
3 739 755 375
3 739 741 755
3 756 741 743
3 755 741 756
3 757 743 745
3 756 743 757
3 758 745 747
3 757 745 758
3 759 747 749
3 758 747 759
3 760 749 751
3 759 749 760
3 751 753 761
3 762 751 761
3 760 751 762
3 764 763 762
3 764 762 761
3 765 763 764
3 377 754 359
3 377 766 754
3 755 391 375
3 391 755 393
3 755 767 393
3 755 756 767
3 768 756 757
3 767 756 768
3 769 757 758
3 768 757 769
3 770 758 759
3 769 758 770
3 771 759 760
3 770 759 771
3 772 760 762
3 771 760 772
3 773 762 763
3 772 762 773
3 763 765 774
3 763 774 773
3 395 766 377
3 395 775 766
3 776 410 767
3 767 410 393
3 777 767 768
3 776 767 777
3 778 768 769
3 777 768 778
3 779 769 770
3 778 769 779
3 780 770 771
3 779 770 780
3 781 771 772
3 780 771 781
3 782 772 773
3 781 772 782
3 773 774 783
3 784 773 783
3 782 773 784
3 785 784 783
3 412 775 395
3 412 786 775
3 787 426 427
3 410 776 427
3 776 787 427
3 776 788 787
3 789 776 777
3 788 776 789
3 790 777 778
3 789 777 790
3 791 778 779
3 790 778 791
3 792 779 780
3 791 779 792
3 793 780 781
3 792 780 793
3 794 781 782
3 793 781 794
3 795 782 784
3 794 782 795
3 784 785 796
3 797 784 796
3 795 784 797
3 798 797 796
3 429 786 412
3 429 799 786
3 787 443 426
3 443 787 445
3 787 800 445
3 787 788 800
3 801 788 789
3 800 788 801
3 802 789 790
3 801 789 802
3 803 790 791
3 802 790 803
3 804 791 792
3 803 791 804
3 805 792 793
3 804 792 805
3 806 793 794
3 805 793 806
3 807 794 795
3 806 794 807
3 808 795 797
3 807 795 808
3 797 798 809
3 797 809 808
3 447 799 429
3 447 810 799
3 811 462 800
3 800 462 445
3 812 800 801
3 811 800 812
3 813 801 802
3 812 801 813
3 814 802 803
3 813 802 814
3 815 803 804
3 814 803 815
3 816 804 805
3 815 804 816
3 817 805 806
3 816 805 817
3 818 806 807
3 817 806 818
3 819 807 808
3 818 807 819
3 808 809 820
3 808 820 819
3 464 810 447
3 464 821 810
3 822 479 811
3 811 479 462
3 823 811 812
3 822 811 823
3 824 812 813
3 823 812 824
3 825 813 814
3 824 813 825
3 826 814 815
3 825 814 826
3 827 815 816
3 826 815 827
3 828 816 817
3 827 816 828
3 829 817 818
3 828 817 829
3 830 818 819
3 829 818 830
3 819 820 831
3 819 831 830
3 483 821 464
3 483 832 821
3 822 498 479
3 498 822 500
3 822 833 500
3 822 823 833
3 834 823 824
3 833 823 834
3 835 824 825
3 834 824 835
3 836 825 826
3 835 825 836
3 837 826 827
3 836 826 837
3 838 827 828
3 837 827 838
3 839 828 829
3 838 828 839
3 840 829 830
3 839 829 840
3 830 831 841
3 830 841 840
3 844 843 842
3 845 842 843
3 507 832 483
3 507 846 832
3 847 523 833
3 833 523 500
3 848 833 834
3 847 833 848
3 849 834 835
3 848 834 849
3 850 835 836
3 849 835 850
3 851 836 837
3 850 836 851
3 852 837 838
3 851 837 852
3 853 838 839
3 852 838 853
3 854 839 840
3 853 839 854
3 840 841 855
3 856 840 855
3 854 840 856
3 856 855 844
3 842 856 844
3 857 856 842
3 842 845 858
3 842 858 857
3 531 846 507
3 531 859 846
3 860 546 547
3 523 847 547
3 847 860 547
3 847 861 860
3 550 861 549
3 861 848 549
3 861 847 848
3 549 848 552
3 552 848 849
3 552 849 553
3 849 862 553
3 849 850 862
3 863 850 851
3 862 850 863
3 864 851 852
3 863 851 864
3 865 852 853
3 864 852 865
3 866 853 854
3 865 853 866
3 867 854 856
3 866 854 867
3 868 856 857
3 867 856 868
3 857 858 869
3 857 869 868
3 561 859 531
3 561 870 859
3 860 576 546
3 576 860 579
3 579 860 861
3 579 861 550
3 871 581 582
3 553 862 585
3 871 582 583
3 585 862 586
3 862 872 586
3 862 863 872
3 873 863 864
3 872 863 873
3 874 864 865
3 873 864 874
3 875 865 866
3 874 865 875
3 876 866 867
3 875 866 876
3 868 878 877
3 876 868 877
3 867 868 876
3 878 868 869
3 881 880 879
3 880 870 879
3 870 588 879
3 870 561 588
3 882 607 871
3 871 607 581
3 608 883 583
3 883 871 583
3 883 882 871
3 586 872 608
3 872 883 608
3 872 884 883
3 885 872 873
3 884 872 885
3 886 873 874
3 885 873 886
3 875 888 887
3 886 875 887
3 874 875 886
3 888 875 876
3 888 876 889
3 889 876 877
3 879 588 890
3 588 891 890
3 588 609 891
3 892 626 627
3 607 882 627
3 882 892 627
3 882 893 892
3 894 882 883
3 893 882 894
3 884 896 895
3 894 884 895
3 883 884 894
3 896 884 885
3 896 885 897
3 897 885 886
3 897 886 898
3 898 886 887
3 628 891 609
3 628 899 891
3 900 638 639
3 640 901 639
3 639 901 900
3 641 902 640
3 640 902 901
3 902 641 903
3 641 904 903
3 641 642 904
3 905 642 643
3 905 904 642
3 906 643 644
3 906 905 643
3 907 644 645
3 907 906 644
3 645 626 892
3 908 645 892
3 907 645 908
3 908 892 893
3 908 893 909
3 909 893 894
3 909 894 910
3 910 894 895
3 647 899 628
3 647 911 899
3 914 913 912
3 649 650 912
3 650 914 912
3 650 915 914
3 916 650 651
3 916 915 650
3 917 651 652
3 917 916 651
3 918 652 653
3 918 917 652
3 919 653 654
3 919 918 653
3 920 654 655
3 920 919 654
3 921 655 656
3 921 920 655
3 922 656 657
3 922 921 656
3 657 638 900
3 923 657 900
3 922 657 923
3 923 900 901
3 923 901 924
3 924 901 902
3 924 902 925
3 925 902 903
3 928 927 926
3 912 913 929
3 932 931 930
3 931 932 658
3 933 658 932
3 934 912 929
3 934 649 912
3 934 931 658
3 649 934 658
3 937 936 935
3 939 938 935
3 939 935 936
3 941 940 938
3 941 938 939
3 943 942 940
3 943 940 941
3 945 944 942
3 945 942 943
3 947 946 944
3 947 944 945
3 948 946 947
3 951 950 949
3 938 951 949
3 940 951 938
3 952 940 942
3 951 940 952
3 953 942 944
3 952 942 953
3 954 944 946
3 953 944 954
3 946 948 955
3 956 946 955
3 954 946 956
3 958 957 956
3 958 956 955
3 960 959 957
3 960 957 958
3 963 962 961
3 965 964 961
3 965 961 962
3 967 966 964
3 967 964 965
3 969 968 966
3 969 966 967
3 968 969 950
3 951 968 950
3 970 968 951
3 971 951 952
3 970 951 971
3 972 952 953
3 971 952 972
3 973 953 954
3 972 953 973
3 974 954 956
3 973 954 974
3 975 956 957
3 974 956 975
3 976 957 959
3 975 957 976
3 963 961 977
3 963 977 978
3 979 961 964
3 977 961 979
3 980 964 966
3 979 964 980
3 981 966 968
3 980 966 981
3 982 968 970
3 981 968 982
3 983 970 971
3 982 970 983
3 984 971 972
3 983 971 984
3 985 972 973
3 984 972 985
3 986 973 974
3 985 973 986
3 987 974 975
3 986 974 987
3 988 975 976
3 987 975 988
3 991 990 989
3 994 993 992
3 993 995 992
3 993 996 995
3 999 998 997
3 999 1000 998
3 1003 1002 1001
3 1005 1004 1001
3 1005 1001 1002
3 1007 1006 1004
3 1007 1004 1005
3 1009 1008 1006
3 1009 1006 1007
3 1008 1009 991
3 989 1008 991
3 1010 1008 989
3 1012 664 1011
3 1014 1013 989
3 1015 989 1013
3 989 1015 1010
3 1012 1011 1016
3 1018 1013 1017
3 1013 1018 1015
3 1020 1019 1018
3 1020 1018 1017
3 666 688 1021
3 1020 1022 1019
3 1023 1019 1022
3 1024 1023 1022
3 1023 1024 689
3 995 689 1024
3 689 995 688
3 1021 688 995
3 995 1024 992
3 1027 1026 1025
3 1025 1026 1028
3 1028 1026 1029
3 1028 1029 1030
3 1030 1029 1031
3 1030 1031 1000
3 1000 1031 1032
3 1034 1033 1032
3 1033 1000 1032
3 1033 998 1000
3 1035 697 684
3 998 1035 684
3 1033 1035 998
3 1036 700 697
3 1036 697 1035
3 1036 1037 700
3 1038 705 704
3 1039 1003 1001
3 1039 1001 1004
3 1039 1004 1040
3 1040 1004 1006
3 1040 1006 1041
3 1041 1006 1008
3 1041 1008 1042
3 1042 1008 1010
3 1042 1010 1043
3 1043 1010 1015
3 1043 1015 1044
3 1044 1015 1018
3 1044 1018 1045
3 1047 1046 1045
3 1018 1047 1045
3 1019 1047 1018
3 1023 1049 1048
3 1047 1023 1048
3 1019 1023 1047
3 1049 1023 689
3 706 1049 689
3 1050 1049 706
3 706 707 1050
3 1050 707 1051
3 1053 1052 713
3 713 1052 712
3 714 1033 1034
3 1053 714 1034
3 713 714 1053
3 1033 714 715
3 1033 715 1035
3 1035 715 716
3 1035 716 1036
3 1036 716 1037
3 1056 1055 1054
3 1055 1058 1057
3 717 1055 1057
3 702 717 1057
3 1054 1055 717
3 1057 1058 1038
3 1038 1058 1059
3 705 1038 1059
3 1060 705 1059
3 718 705 1060
3 721 1061 720
3 1061 722 720
3 1064 1063 1062
3 1065 1062 1063
3 1068 1067 1066
3 1070 1069 1066
3 1070 1066 1067
3 1072 1071 1069
3 1072 1069 1070
3 1074 1073 1071
3 1074 1071 1072
3 1075 1073 1074
3 1078 1077 1076
3 1076 1080 1079
3 1076 1047 1080
3 1076 1077 1046
3 1047 1076 1046
3 1080 1047 1048
3 1081 1051 707
3 1081 707 723
3 1082 723 724
3 1082 1081 723
3 1083 724 725
3 1083 1082 724
3 1084 725 726
3 1084 1083 725
3 726 712 1052
3 726 1052 1084
3 1056 1054 1085
3 1056 1085 1086
3 727 1085 717
3 717 1085 1054
3 1060 1087 718
3 718 1087 728
3 728 1088 729
3 1087 1088 728
3 721 729 1061
3 729 1089 1061
3 729 1088 1089
3 1061 1089 722
3 1089 730 722
3 1089 1090 730
3 1062 731 1064
3 731 1090 1064
3 731 730 1090
3 1065 1091 1062
3 1091 731 1062
3 1091 732 731
3 732 1092 733
3 1091 1092 732
3 733 1093 734
3 1092 1093 733
3 1066 735 1068
3 735 1093 1068
3 735 734 1093
3 735 1066 736
3 736 1066 1069
3 736 1069 738
3 738 1069 1071
3 738 1071 740
3 740 1071 1073
3 1075 1094 1073
3 1094 740 1073
3 1094 742 740
3 742 1095 744
3 1094 1095 742
3 1076 746 1078
3 746 1095 1078
3 746 744 1095
3 1079 1096 1076
3 1096 746 1076
3 1096 748 746
3 748 1097 750
3 1096 1097 748
3 750 1098 752
3 1097 1098 750
3 1100 1099 753
3 752 1100 753
3 1098 1100 752
3 1101 1099 1100
3 1086 1085 1102
3 1086 1102 1103
3 754 1102 727
3 727 1102 1085
3 1099 761 753
3 1101 1104 1099
3 1104 761 1099
3 1104 764 761
3 1106 1105 765
3 764 1106 765
3 1104 1106 764
3 1107 1105 1106
3 1102 754 1108
3 754 1109 1108
3 754 766 1109
3 1110 774 1105
3 1105 774 765
3 1105 1107 1111
3 1112 1105 1111
3 1110 1105 1112
3 1114 1113 1112
3 1114 1112 1111
3 1115 1113 1114
3 1118 1117 1116
3 1117 1109 1116
3 1109 775 1116
3 1109 766 775
3 1110 783 774
3 783 1110 785
3 1110 1119 785
3 1110 1112 1119
3 1120 1112 1113
3 1119 1112 1120
3 1113 1115 1121
3 1122 1113 1121
3 1120 1113 1122
3 1123 1122 1121
3 1118 1116 1124
3 1118 1124 1125
3 786 1124 775
3 775 1124 1116
3 1119 796 785
3 796 1119 798
3 1119 1126 798
3 1119 1120 1126
3 1127 1120 1122
3 1126 1120 1127
3 1122 1123 1128
3 1122 1128 1127
3 1124 786 1129
3 786 1130 1129
3 786 799 1130
3 1131 809 1126
3 1126 809 798
3 1132 1126 1127
3 1131 1126 1132
3 1127 1128 1133
3 1134 1127 1133
3 1132 1127 1134
3 1135 1134 1133
3 810 1130 799
3 810 1136 1130
3 1137 820 1131
3 1131 820 809
3 1138 1131 1132
3 1137 1131 1138
3 1134 1140 1139
3 1138 1134 1139
3 1132 1134 1138
3 1143 1142 1141
3 1135 1140 1134
3 1144 1142 1143
3 821 1136 810
3 821 1145 1136
3 1146 831 1137
3 1137 831 820
3 1147 1137 1138
3 1146 1137 1147
3 1138 1139 1148
3 1138 1148 1147
3 1149 1141 1142
3 1149 1142 1144
3 832 1145 821
3 832 1150 1145
3 1151 841 1146
3 1146 841 831
3 844 1151 843
3 1151 1147 843
3 1151 1146 1147
3 1153 1152 845
3 1153 845 843
3 1148 1153 843
3 1147 1148 843
3 1155 1154 1152
3 1155 1152 1153
3 1157 1156 1154
3 1157 1154 1155
3 1158 1156 1157
3 846 1150 832
3 846 1159 1150
3 1151 855 841
3 855 1151 844
3 1160 858 1152
3 1152 858 845
3 1161 1152 1154
3 1160 1152 1161
3 1156 1163 1162
3 1161 1156 1162
3 1154 1156 1161
3 1163 1156 1158
3 859 1159 846
3 859 1164 1159
3 1165 869 1160
3 1160 869 858
3 1166 1160 1161
3 1165 1160 1166
3 1161 1162 1167
3 1161 1167 1166
3 1170 1169 1168
3 1169 1164 1168
3 1164 870 1168
3 1164 859 870
3 1171 877 878
3 1172 1171 878
3 1172 878 869
3 1173 1172 869
3 1165 1173 869
3 1173 1165 1166
3 1173 1166 1174
3 1174 1166 1167
3 1176 1168 1175
3 1168 870 1175
3 880 1177 1175
3 880 1175 870
3 1178 887 888
3 1178 888 1179
3 888 1180 1179
3 888 889 1180
3 889 877 1171
3 1181 889 1171
3 1180 889 1181
3 1181 1171 1172
3 1177 881 890
3 1184 1183 1182
3 1183 1184 891
3 1184 1175 891
3 1177 890 891
3 1177 891 1175
3 1185 895 896
3 897 1186 896
3 896 1186 1185
3 1186 897 1187
3 897 1188 1187
3 897 898 1188
3 898 887 1178
3 1189 898 1178
3 1188 898 1189
3 1189 1178 1179
3 1182 1183 1190
3 1182 1190 1191
3 899 1190 891
3 891 1190 1183
3 1192 903 904
3 905 1193 904
3 904 1193 1192
3 906 1194 905
3 905 1194 1193
3 1194 906 1195
3 906 1196 1195
3 906 907 1196
3 1197 907 908
3 1197 1196 907
3 1198 908 909
3 1198 1197 908
3 1199 909 910
3 1199 1198 909
3 910 895 1185
3 1200 910 1185
3 1199 910 1200
3 1200 1185 1186
3 1200 1186 1201
3 1201 1186 1187
3 1190 899 1202
3 899 1203 1202
3 899 911 1203
3 1204 913 914
3 1204 914 1205
3 914 1206 1205
3 914 915 1206
3 1207 915 916
3 1207 1206 915
3 1208 916 917
3 1208 1207 916
3 1209 917 918
3 1209 1208 917
3 1210 918 919
3 1210 1209 918
3 1211 919 920
3 1211 1210 919
3 1212 920 921
3 1212 1211 920
3 1213 921 922
3 1213 1212 921
3 1214 922 923
3 1214 1213 922
3 1215 923 924
3 1215 1214 923
3 1216 924 925
3 1216 1215 924
3 925 903 1192
3 1217 925 1192
3 1216 925 1217
3 1217 1192 1193
3 1217 1193 1218
3 1218 1193 1194
3 1218 1194 1219
3 1219 1194 1195
3 934 1221 1220
3 934 1205 1221
3 934 929 1204
3 1205 934 1204
3 1224 1223 1222
3 936 937 1222
3 1223 936 1222
3 1225 936 1223
3 936 1226 939
3 1225 1226 936
3 939 1227 941
3 1226 1227 939
3 941 1228 943
3 1227 1228 941
3 943 1229 945
3 1228 1229 943
3 1229 1231 1230
3 947 1229 1230
3 945 1229 947
3 1230 948 947
3 1234 1233 1232
3 1237 1236 1235
3 1239 1238 1235
3 1239 1235 1236
3 1241 1240 1238
3 1241 1238 1239
3 1243 1242 1240
3 1243 1240 1241
3 1245 1244 1242
3 1245 1242 1243
3 1247 1246 1244
3 1247 1244 1245
3 1249 1248 1246
3 1249 1246 1247
3 1248 1249 1224
3 1222 1248 1224
3 1250 1248 1222
3 1252 1251 937
3 1251 1222 937
3 1251 1250 1222
3 949 1253 1252
3 1252 1253 1251
3 950 1253 949
3 1256 1255 1254
3 1256 1254 1231
3 1254 1230 1231
3 1254 1257 1230
3 1258 955 948
3 1230 1258 948
3 1257 1258 1230
3 1259 958 955
3 1259 955 1258
3 1260 960 958
3 1260 958 1259
3 1263 1262 1261
3 1265 1264 1261
3 1265 1261 1262
3 1264 1265 1266
3 1264 1266 1267
3 992 1264 1267
3 994 992 1267
3 994 1267 1027
3 1267 1268 1027
3 1267 1269 1268
3 1271 1269 1270
3 1268 1269 1271
3 1273 1270 1272
3 1271 1270 1273
3 1272 1275 1274
3 1276 1272 1274
3 1273 1272 1276
3 1276 1274 1277
3 1278 1276 1277
3 1279 1276 1278
3 1281 1278 1280
3 1279 1278 1281
3 1283 1280 1282
3 1281 1280 1283
3 1286 1285 1284
3 1283 1286 1284
3 1282 1286 1283
3 1288 1264 1287
3 1264 992 1287
3 1024 1289 1287
3 1024 1287 992
3 1268 1026 1027
3 1026 1268 1029
3 1029 1268 1271
3 1029 1271 1031
3 1031 1271 1273
3 1031 1273 1032
3 1032 1273 1276
3 1032 1276 1034
3 1276 1290 1034
3 1276 1279 1290
3 1291 1279 1281
3 1290 1279 1291
3 1292 1281 1283
3 1291 1281 1292
3 1283 1284 1293
3 1294 1283 1293
3 1292 1283 1294
3 1039 1295 1003
3 1295 1039 1040
3 1295 1040 1296
3 1296 1040 1041
3 1296 1041 1297
3 1297 1041 1042
3 1297 1042 1298
3 1298 1042 1043
3 1298 1043 1299
3 1299 1043 1044
3 1299 1044 1300
3 1300 1044 1045
3 1300 1045 1301
3 1301 1045 1046
3 1302 1301 1046
3 1303 1301 1302
3 1302 1048 1049
3 1304 1302 1049
3 1303 1302 1304
3 1304 1049 1050
3 1304 1050 1289
3 1050 1051 1289
3 1051 1287 1289
3 1051 1305 1287
3 1306 1052 1053
3 1034 1290 1053
3 1290 1306 1053
3 1290 1307 1306
3 1308 1290 1291
3 1307 1290 1308
3 1309 1291 1292
3 1308 1291 1309
3 1294 1311 1310
3 1309 1294 1310
3 1292 1294 1309
3 1312 1059 1058
3 1312 1058 1313
3 1312 1060 1059
3 1064 1314 1063
3 1314 1065 1063
3 1068 1315 1067
3 1316 1070 1067
3 1316 1067 1315
3 1317 1072 1070
3 1317 1070 1316
3 1072 1317 1318
3 1319 1072 1318
3 1074 1072 1319
3 1321 1320 1075
3 1074 1321 1075
3 1319 1321 1074
3 1323 1322 1320
3 1323 1320 1321
3 1324 1077 1078
3 1325 1322 1323
3 1324 1046 1077
3 1324 1302 1046
3 1324 1079 1080
3 1302 1324 1080
3 1302 1080 1048
3 1328 1327 1326
3 1329 1326 1081
3 1326 1305 1081
3 1305 1051 1081
3 1305 1326 1327
3 1082 1330 1081
3 1081 1330 1329
3 1330 1082 1331
3 1082 1332 1331
3 1082 1083 1332
3 1333 1083 1084
3 1333 1332 1083
3 1084 1052 1306
3 1334 1084 1306
3 1333 1084 1334
3 1336 1335 1334
3 1306 1336 1334
3 1307 1336 1306
3 1337 1307 1308
3 1336 1307 1337
3 1309 1339 1338
3 1337 1309 1338
3 1308 1309 1337
3 1339 1309 1310
3 1341 1313 1340
3 1313 1342 1340
3 1313 1343 1342
3 1313 1341 1312
3 1312 1341 1344
3 1312 1344 1060
3 1344 1087 1060
3 1344 1345 1087
3 1087 1346 1088
3 1345 1346 1087
3 1088 1347 1089
3 1346 1347 1088
3 1089 1348 1090
3 1347 1348 1089
3 1064 1090 1314
3 1090 1349 1314
3 1090 1348 1349
3 1314 1349 1065
3 1349 1091 1065
3 1349 1350 1091
3 1091 1351 1092
3 1350 1351 1091
3 1092 1352 1093
3 1351 1352 1092
3 1068 1093 1315
3 1093 1353 1315
3 1093 1352 1353
3 1315 1353 1316
3 1316 1353 1354
3 1316 1354 1317
3 1317 1354 1355
3 1317 1355 1318
3 1320 1094 1075
3 1094 1320 1095
3 1095 1320 1322
3 1322 1325 1095
3 1325 1356 1095
3 1324 1078 1095
3 1324 1095 1356
3 1324 1356 1079
3 1356 1096 1079
3 1356 1357 1096
3 1096 1358 1097
3 1357 1358 1096
3 1326 1098 1328
3 1098 1358 1328
3 1098 1097 1358
3 1098 1326 1100
3 1100 1326 1329
3 1100 1329 1101
3 1329 1359 1101
3 1329 1330 1359
3 1330 1331 1360
3 1361 1330 1360
3 1359 1330 1361
3 1362 1361 1360
3 1363 1335 1336
3 1363 1336 1337
3 1363 1337 1364
3 1364 1337 1338
3 1340 1342 1365
3 1365 1342 1366
3 1359 1104 1101
3 1104 1359 1106
3 1106 1359 1361
3 1368 1367 1107
3 1368 1107 1106
3 1362 1368 1106
3 1361 1362 1106
3 1370 1369 1367
3 1370 1367 1368
3 1372 1371 1369
3 1372 1369 1370
3 1373 1371 1372
3 1108 1109 1366
3 1109 1365 1366
3 1109 1374 1365
3 1367 1111 1107
3 1111 1367 1114
3 1114 1367 1369
3 1114 1369 1115
3 1369 1375 1115
3 1369 1371 1375
3 1371 1373 1376
3 1377 1371 1376
3 1375 1371 1377
3 1379 1378 1377
3 1379 1377 1376
3 1380 1378 1379
3 1383 1382 1381
3 1375 1121 1115
3 1121 1375 1123
3 1375 1384 1123
3 1375 1377 1384
3 1385 1377 1378
3 1384 1377 1385
3 1378 1380 1386
3 1387 1378 1386
3 1385 1378 1387
3 1388 1387 1386
3 1382 1383 1389
3 1389 1383 1390
3 1391 1128 1384
3 1384 1128 1123
3 1392 1384 1385
3 1391 1384 1392
3 1393 1385 1387
3 1392 1385 1393
3 1387 1388 1394
3 1395 1387 1394
3 1393 1387 1395
3 1389 1390 1396
3 1396 1390 1397
3 1391 1133 1128
3 1133 1391 1135
3 1391 1398 1135
3 1391 1392 1398
3 1399 1392 1393
3 1398 1392 1399
3 1400 1393 1395
3 1399 1393 1400
3 1403 1402 1401
3 1404 1139 1140
3 1140 1135 1404
3 1135 1398 1404
3 1143 1141 1404
3 1143 1404 1398
3 1143 1398 1144
3 1398 1405 1144
3 1398 1399 1405
3 1406 1399 1400
3 1405 1399 1406
3 1402 1403 1407
3 1407 1403 1408
3 1409 1148 1404
3 1404 1148 1139
3 1149 1410 1141
3 1410 1404 1141
3 1410 1409 1404
3 1144 1405 1149
3 1405 1410 1149
3 1405 1411 1410
3 1412 1405 1406
3 1411 1405 1412
3 1407 1408 1413
3 1413 1408 1414
3 1409 1153 1148
3 1153 1409 1155
3 1155 1409 1410
3 1155 1410 1157
3 1157 1410 1411
3 1157 1411 1158
3 1411 1415 1158
3 1411 1412 1415
3 1413 1414 1416
3 1416 1414 1417
3 1418 1162 1163
3 1158 1415 1163
3 1415 1418 1163
3 1415 1419 1418
3 1421 1417 1420
3 1417 1422 1420
3 1417 1423 1422
3 1417 1421 1416
3 1424 1167 1418
3 1418 1167 1162
3 1425 1418 1419
3 1424 1418 1425
3 1427 1422 1426
3 1422 1428 1426
3 1422 1429 1428
3 1422 1427 1420
3 1430 1172 1173
3 1174 1431 1173
3 1173 1431 1430
3 1432 1431 1174
3 1432 1174 1167
3 1433 1432 1167
3 1424 1433 1167
3 1433 1424 1425
3 1433 1425 1434
3 1435 1170 1176
3 1438 1437 1436
3 1439 1437 1438
3 1437 1439 1175
3 1440 1175 1439
3 1175 1440 1176
3 1435 1176 1440
3 1440 1439 1441
3 1441 1439 1442
3 1441 1442 1443
3 1443 1442 1444
3 1443 1444 1445
3 1445 1444 1446
3 1445 1446 1447
3 1447 1446 1448
3 1447 1448 1449
3 1449 1448 1450
3 1449 1450 1451
3 1451 1450 1452
3 1451 1452 1453
3 1453 1452 1454
3 1453 1454 1455
3 1455 1454 1456
3 1455 1456 1457
3 1457 1456 1458
3 1457 1458 1459
3 1459 1458 1460
3 1459 1460 1428
3 1428 1460 1461
3 1428 1461 1426
3 1462 1179 1180
3 1181 1463 1180
3 1180 1463 1462
3 1464 1463 1181
3 1464 1181 1172
3 1465 1464 1172
3 1430 1465 1172
3 1465 1430 1431
3 1465 1431 1466
3 1466 1431 1432
3 1468 1437 1467
3 1437 1175 1467
3 1184 1469 1467
3 1184 1467 1175
3 1470 1187 1188
3 1189 1471 1188
3 1188 1471 1470
3 1472 1471 1189
3 1472 1189 1179
3 1473 1472 1179
3 1462 1473 1179
3 1473 1462 1463
3 1473 1463 1474
3 1474 1463 1464
3 1467 1469 1475
3 1475 1469 1476
3 1479 1478 1477
3 1481 1480 1477
3 1477 1480 1479
3 1481 1482 1480
3 1484 1483 1196
3 1196 1483 1195
3 1485 1196 1197
3 1485 1484 1196
3 1486 1197 1198
3 1486 1485 1197
3 1487 1198 1199
3 1487 1486 1198
3 1488 1199 1200
3 1488 1487 1199
3 1489 1200 1201
3 1489 1488 1200
3 1201 1187 1470
3 1490 1201 1470
3 1489 1201 1490
3 1490 1470 1471
3 1490 1471 1491
3 1491 1471 1472
3 1494 1493 1492
3 1492 1493 1495
3 1205 1206 1494
3 1206 1493 1494
3 1206 1496 1493
3 1497 1206 1207
3 1497 1496 1206
3 1498 1207 1208
3 1498 1497 1207
3 1499 1208 1209
3 1499 1498 1208
3 1500 1209 1210
3 1500 1499 1209
3 1501 1210 1211
3 1501 1500 1210
3 1502 1211 1212
3 1502 1501 1211
3 1213 1477 1478
3 1502 1213 1478
3 1212 1213 1502
3 1477 1213 1214
3 1477 1214 1481
3 1503 1482 1481
3 1214 1503 1481
3 1215 1503 1214
3 1504 1215 1216
3 1504 1503 1215
3 1505 1216 1217
3 1505 1504 1216
3 1506 1217 1218
3 1506 1505 1217
3 1507 1218 1219
3 1507 1506 1218
3 1219 1195 1483
3 1219 1483 1507
3 1510 1509 1508
3 1512 1511 1508
3 1512 1508 1509
3 1514 1513 1511
3 1514 1511 1512
3 1516 1515 1513
3 1516 1513 1514
3 1517 1515 1516
3 1494 1221 1205
3 1519 1518 1223
3 1519 1223 1224
3 1223 1520 1225
3 1518 1520 1223
3 1225 1521 1226
3 1520 1521 1225
3 1226 1522 1227
3 1521 1522 1226
3 1227 1523 1228
3 1522 1523 1227
3 1508 1229 1510
3 1229 1523 1510
3 1229 1228 1523
3 1229 1508 1231
3 1508 1524 1231
3 1508 1511 1524
3 1525 1511 1513
3 1524 1511 1525
3 1526 1513 1515
3 1525 1513 1526
3 1515 1517 1527
3 1515 1527 1526
3 1530 1529 1528
3 1531 1255 1256
3 1231 1524 1256
3 1524 1531 1256
3 1524 1532 1531
3 1533 1524 1525
3 1532 1524 1533
3 1534 1525 1526
3 1533 1525 1534
3 1526 1527 1535
3 1536 1526 1535
3 1534 1526 1536
3 1539 1538 1537
3 1542 1541 1540
3 1530 1540 1541
3 1543 1530 1541
3 1530 1543 1529
3 1544 1529 1543
3 1529 1544 1538
3 1537 1538 1544
3 1546 1545 1543
3 1543 1545 1544
3 1548 1547 1546
3 1546 1547 1545
3 1255 1531 1548
3 1531 1547 1548
3 1531 1549 1547
3 1550 1531 1532
3 1549 1531 1550
3 1551 1532 1533
3 1550 1532 1551
3 1552 1533 1534
3 1551 1533 1552
3 1553 1534 1536
3 1552 1534 1553
3 1556 1555 1554
3 1537 1556 1554
3 1544 1556 1537
3 1557 1544 1545
3 1556 1544 1557
3 1560 1559 1558
3 1549 1560 1558
3 1550 1560 1549
3 1561 1550 1551
3 1560 1550 1561
3 1563 1562 1275
3 1562 1564 1275
3 1564 1274 1275
3 1562 1565 1564
3 1277 1274 1566
3 1566 1274 1564
3 1567 1284 1285
3 1569 1263 1568
3 1572 1571 1570
3 1574 1573 1572
3 1571 1572 1573
3 1569 1288 1575
3 1288 1569 1568
3 1576 1573 1574
3 1573 1576 1287
3 1577 1287 1576
3 1287 1577 1288
3 1575 1288 1577
3 1577 1576 1578
3 1578 1576 1579
3 1578 1579 1580
3 1580 1579 1581
3 1580 1581 1562
3 1562 1581 1582
3 1562 1582 1565
3 1567 1293 1284
3 1583 1570 1571
3 1573 1287 1584
3 1287 1585 1584
3 1287 1305 1585
3 1586 1310 1311
3 1318 1587 1319
3 1588 1321 1319
3 1588 1319 1587
3 1589 1323 1321
3 1589 1321 1588
3 1589 1325 1323
3 1591 1590 1327
3 1591 1327 1328
3 1305 1327 1585
3 1585 1327 1590
3 1594 1593 1592
3 1331 1332 1592
3 1332 1594 1592
3 1332 1595 1594
3 1596 1332 1333
3 1596 1595 1332
3 1598 1596 1597
3 1596 1334 1597
3 1596 1333 1334
3 1335 1597 1334
3 1599 1338 1339
3 1310 1586 1339
3 1586 1599 1339
3 1586 1600 1599
3 1602 1601 1341
3 1602 1341 1340
3 1341 1603 1344
3 1601 1603 1341
3 1344 1604 1345
3 1603 1604 1344
3 1345 1605 1346
3 1604 1605 1345
3 1346 1606 1347
3 1605 1606 1346
3 1347 1607 1348
3 1606 1607 1347
3 1348 1608 1349
3 1607 1608 1348
3 1349 1609 1350
3 1608 1609 1349
3 1350 1610 1351
3 1609 1610 1350
3 1351 1611 1352
3 1610 1611 1351
3 1352 1612 1353
3 1611 1612 1352
3 1353 1613 1354
3 1612 1613 1353
3 1354 1614 1355
3 1613 1614 1354
3 1318 1355 1587
3 1355 1615 1587
3 1355 1614 1615
3 1587 1615 1588
3 1588 1615 1616
3 1588 1616 1589
3 1589 1616 1617
3 1617 1619 1618
3 1617 1618 1356
3 1589 1617 1356
3 1325 1589 1356
3 1620 1357 1356
3 1620 1356 1618
3 1357 1620 1621
3 1622 1357 1621
3 1358 1357 1622
3 1328 1358 1591
3 1591 1358 1622
3 1593 1623 1592
3 1592 1623 1331
3 1623 1360 1331
3 1623 1624 1360
3 1362 1360 1624
3 1362 1624 1625
3 1626 1598 1597
3 1626 1597 1335
3 1363 1626 1335
3 1627 1626 1363
3 1628 1363 1364
3 1628 1627 1363
3 1364 1338 1599
3 1629 1364 1599
3 1628 1364 1629
3 1629 1599 1600
3 1629 1600 1630
3 1630 1600 1631
3 1365 1602 1340
3 1365 1632 1602
3 1619 1633 1618
3 1618 1633 1620
3 1620 1633 1634
3 1620 1634 1621
3 1625 1635 1362
3 1362 1635 1368
3 1368 1636 1370
3 1635 1636 1368
3 1370 1637 1372
3 1636 1637 1370
3 1639 1638 1373
3 1372 1639 1373
3 1637 1639 1372
3 1641 1640 1638
3 1641 1638 1639
3 1642 1640 1641
3 1374 1632 1365
3 1374 1643 1632
3 1638 1376 1373
3 1376 1638 1379
3 1379 1638 1640
3 1645 1644 1380
3 1645 1380 1379
3 1642 1645 1379
3 1640 1642 1379
3 1647 1646 1644
3 1647 1644 1645
3 1650 1649 1648
3 1644 1386 1380
3 1386 1644 1388
3 1644 1651 1388
3 1644 1646 1651
3 1654 1653 1652
3 1651 1394 1388
3 1653 1654 1655
3 1655 1654 1656
3 1655 1656 1657
3 1657 1656 1658
3 1657 1658 1659
3 1659 1658 1660
3 1659 1660 1661
3 1661 1660 1662
3 1661 1662 1663
3 1663 1662 1664
3 1666 1664 1665
3 1664 1667 1665
3 1664 1668 1667
3 1664 1666 1663
3 1670 1669 1427
3 1670 1427 1426
3 1420 1427 1671
3 1427 1672 1671
3 1427 1669 1672
3 1671 1672 1673
3 1673 1672 1674
3 1673 1674 1675
3 1675 1674 1676
3 1675 1676 1677
3 1677 1676 1678
3 1677 1678 1667
3 1667 1678 1679
3 1667 1679 1665
3 1680 1432 1433
3 1680 1433 1681
3 1433 1682 1681
3 1433 1434 1682
3 1684 1683 1438
3 1684 1438 1436
3 1438 1685 1439
3 1683 1685 1438
3 1439 1686 1442
3 1685 1686 1439
3 1442 1687 1444
3 1686 1687 1442
3 1444 1688 1446
3 1687 1688 1444
3 1446 1689 1448
3 1688 1689 1446
3 1448 1690 1450
3 1689 1690 1448
3 1450 1691 1452
3 1690 1691 1450
3 1452 1692 1454
3 1691 1692 1452
3 1454 1693 1456
3 1692 1693 1454
3 1456 1694 1458
3 1693 1694 1456
3 1458 1695 1460
3 1694 1695 1458
3 1460 1696 1461
3 1695 1696 1460
3 1426 1461 1670
3 1670 1461 1696
3 1697 1464 1465
3 1466 1698 1465
3 1465 1698 1697
3 1699 1698 1466
3 1699 1466 1432
3 1700 1699 1432
3 1680 1700 1432
3 1700 1680 1681
3 1468 1467 1701
3 1701 1467 1702
3 1704 1703 1473
3 1473 1703 1472
3 1705 1473 1474
3 1705 1704 1473
3 1474 1464 1697
3 1706 1474 1697
3 1705 1474 1706
3 1706 1697 1698
3 1706 1698 1707
3 1707 1698 1699
3 1475 1702 1467
3 1475 1708 1702
3 1709 1478 1479
3 1480 1710 1479
3 1479 1710 1709
3 1482 1710 1480
3 1713 1712 1711
3 1715 1714 1711
3 1711 1714 1713
3 1717 1716 1715
3 1715 1716 1714
3 1719 1718 1717
3 1717 1718 1716
3 1483 1484 1719
3 1484 1718 1719
3 1484 1720 1718
3 1721 1484 1485
3 1721 1720 1484
3 1722 1485 1486
3 1722 1721 1485
3 1723 1486 1487
3 1723 1722 1486
3 1724 1487 1488
3 1724 1723 1487
3 1725 1488 1489
3 1725 1724 1488
3 1726 1489 1490
3 1726 1725 1489
3 1727 1490 1491
3 1727 1726 1490
3 1491 1472 1703
3 1491 1703 1727
3 1730 1729 1728
3 1731 1495 1493
3 1731 1732 1495
3 1733 1493 1496
3 1733 1731 1493
3 1734 1496 1497
3 1734 1733 1496
3 1735 1497 1498
3 1735 1734 1497
3 1736 1498 1499
3 1736 1735 1498
3 1737 1499 1500
3 1737 1736 1499
3 1738 1500 1501
3 1738 1737 1500
3 1739 1501 1502
3 1739 1738 1501
3 1502 1478 1709
3 1740 1502 1709
3 1739 1502 1740
3 1740 1709 1710
3 1740 1710 1741
3 1741 1710 1482
3 1503 1741 1482
3 1742 1741 1503
3 1504 1711 1712
3 1742 1504 1712
3 1503 1504 1742
3 1711 1504 1505
3 1711 1505 1715
3 1715 1505 1506
3 1715 1506 1717
3 1717 1506 1507
3 1717 1507 1719
3 1719 1507 1483
3 1744 1743 1509
3 1744 1509 1510
3 1509 1745 1512
3 1743 1745 1509
3 1512 1746 1514
3 1745 1746 1512
3 1514 1747 1516
3 1746 1747 1514
3 1728 1748 1517
3 1747 1728 1517
3 1516 1747 1517
3 1730 1728 1747
3 1750 1749 1518
3 1750 1518 1519
3 1518 1751 1520
3 1749 1751 1518
3 1520 1752 1521
3 1751 1752 1520
3 1521 1753 1522
3 1752 1753 1521
3 1522 1754 1523
3 1753 1754 1522
3 1510 1523 1744
3 1744 1523 1754
3 1755 1527 1748
3 1748 1527 1517
3 1758 1757 1756
3 1757 1528 1756
3 1757 1759 1528
3 1529 1756 1528
3 1762 1761 1760
3 1755 1535 1527
3 1761 1762 1763
3 1763 1762 1764
3 1558 1559 1764
3 1559 1763 1764
3 1559 1765 1763
3 1768 1767 1766
3 1770 1769 1564
3 1564 1769 1566
3 1769 1771 1566
3 1771 1772 1566
3 1581 1774 1773
3 1775 1581 1773
3 1582 1581 1775
3 1565 1582 1770
3 1582 1776 1770
3 1582 1775 1776
3 1770 1776 1769
3 1779 1778 1777
3 1777 1778 1780
3 1780 1778 1781
3 1780 1781 1782
3 1782 1781 1783
3 1583 1784 1570
3 1773 1774 1785
3 1785 1774 1786
3 1591 1787 1590
3 1788 1585 1590
3 1787 1788 1590
3 1789 1788 1787
3 1789 1593 1594
3 1790 1789 1594
3 1788 1789 1790
3 1790 1594 1595
3 1790 1595 1786
3 1791 1785 1786
3 1595 1791 1786
3 1596 1791 1595
3 1596 1598 1791
3 1791 1598 1792
3 1794 1793 1601
3 1794 1601 1602
3 1601 1795 1603
3 1793 1795 1601
3 1603 1796 1604
3 1795 1796 1603
3 1604 1797 1605
3 1796 1797 1604
3 1605 1798 1606
3 1797 1798 1605
3 1606 1799 1607
3 1798 1799 1606
3 1607 1800 1608
3 1799 1800 1607
3 1608 1801 1609
3 1800 1801 1608
3 1609 1802 1610
3 1801 1802 1609
3 1610 1803 1611
3 1802 1803 1610
3 1611 1804 1612
3 1803 1804 1611
3 1612 1805 1613
3 1804 1805 1612
3 1613 1806 1614
3 1805 1806 1613
3 1614 1807 1615
3 1806 1807 1614
3 1615 1808 1616
3 1807 1808 1615
3 1808 1810 1809
3 1617 1808 1809
3 1616 1808 1617
3 1809 1619 1617
3 1621 1811 1622
3 1787 1591 1622
3 1811 1787 1622
3 1812 1787 1811
3 1787 1813 1789
3 1787 1812 1813
3 1814 1623 1593
3 1789 1814 1593
3 1813 1814 1789
3 1815 1624 1623
3 1815 1623 1814
3 1815 1625 1624
3 1816 1792 1598
3 1816 1598 1626
3 1817 1626 1627
3 1817 1816 1626
3 1818 1627 1628
3 1818 1817 1627
3 1819 1628 1629
3 1819 1818 1628
3 1820 1629 1630
3 1820 1819 1629
3 1632 1794 1602
3 1632 1821 1794
3 1810 1822 1809
3 1809 1822 1619
3 1822 1633 1619
3 1822 1823 1633
3 1633 1824 1634
3 1823 1824 1633
3 1621 1634 1811
3 1634 1825 1811
3 1634 1824 1825
3 1811 1825 1812
3 1812 1825 1826
3 1812 1826 1813
3 1813 1826 1827
3 1813 1827 1814
3 1814 1827 1828
3 1814 1828 1815
3 1815 1828 1829
3 1815 1829 1625
3 1829 1635 1625
3 1829 1830 1635
3 1635 1831 1636
3 1830 1831 1635
3 1636 1832 1637
3 1831 1832 1636
3 1637 1833 1639
3 1832 1833 1637
3 1639 1834 1641
3 1833 1834 1639
3 1642 1641 1834
3 1642 1834 1835
3 1643 1821 1632
3 1643 1836 1821
3 1835 1837 1642
3 1642 1837 1645
3 1837 1839 1838
3 1647 1837 1838
3 1645 1837 1647
3 1648 1649 1840
3 1840 1649 1841
3 1839 1842 1838
3 1845 1844 1843
3 1848 1847 1846
3 1847 1848 1849
3 1849 1848 1850
3 1849 1850 1851
3 1851 1850 1852
3 1855 1854 1853
3 1851 1852 1856
3 1856 1852 1857
3 1859 1857 1858
3 1857 1860 1858
3 1857 1861 1860
3 1857 1859 1856
3 1863 1862 1666
3 1863 1666 1665
3 1663 1666 1864
3 1666 1865 1864
3 1666 1862 1865
3 1864 1865 1866
3 1866 1865 1867
3 1866 1867 1860
3 1860 1867 1868
3 1860 1868 1858
3 1870 1869 1669
3 1870 1669 1670
3 1669 1871 1672
3 1869 1871 1669
3 1672 1872 1674
3 1871 1872 1672
3 1674 1873 1676
3 1872 1873 1674
3 1676 1874 1678
3 1873 1874 1676
3 1678 1875 1679
3 1874 1875 1678
3 1665 1679 1863
3 1863 1679 1875
3 1876 1681 1682
3 1878 1877 1683
3 1878 1683 1684
3 1683 1879 1685
3 1877 1879 1683
3 1685 1880 1686
3 1879 1880 1685
3 1686 1881 1687
3 1880 1881 1686
3 1687 1882 1688
3 1881 1882 1687
3 1688 1883 1689
3 1882 1883 1688
3 1689 1884 1690
3 1883 1884 1689
3 1690 1885 1691
3 1884 1885 1690
3 1691 1886 1692
3 1885 1886 1691
3 1692 1887 1693
3 1886 1887 1692
3 1693 1888 1694
3 1887 1888 1693
3 1694 1889 1695
3 1888 1889 1694
3 1695 1890 1696
3 1889 1890 1695
3 1670 1696 1870
3 1870 1696 1890
3 1892 1891 1700
3 1700 1891 1699
3 1700 1681 1876
3 1893 1700 1876
3 1892 1700 1893
3 1701 1702 1894
3 1894 1702 1895
3 1896 1703 1704
3 1896 1704 1897
3 1704 1898 1897
3 1704 1705 1898
3 1899 1705 1706
3 1899 1898 1705
3 1900 1706 1707
3 1900 1899 1706
3 1707 1699 1891
3 1707 1891 1900
3 1708 1895 1702
3 1708 1901 1895
3 1903 1902 1713
3 1713 1902 1712
3 1904 1713 1714
3 1904 1903 1713
3 1905 1714 1716
3 1905 1904 1714
3 1906 1716 1718
3 1906 1905 1716
3 1907 1718 1720
3 1907 1906 1718
3 1908 1720 1721
3 1908 1907 1720
3 1909 1721 1722
3 1909 1908 1721
3 1910 1722 1723
3 1910 1909 1722
3 1911 1723 1724
3 1911 1910 1723
3 1912 1724 1725
3 1912 1911 1724
3 1913 1725 1726
3 1913 1912 1725
3 1914 1726 1727
3 1914 1913 1726
3 1727 1703 1896
3 1915 1727 1896
3 1914 1727 1915
3 1915 1896 1897
3 1917 1916 1729
3 1917 1729 1730
3 1918 1732 1731
3 1918 1919 1732
3 1920 1731 1733
3 1920 1918 1731
3 1921 1733 1734
3 1921 1920 1733
3 1922 1734 1735
3 1922 1921 1734
3 1923 1735 1736
3 1923 1922 1735
3 1924 1736 1737
3 1924 1923 1736
3 1925 1737 1738
3 1925 1924 1737
3 1926 1738 1739
3 1926 1925 1738
3 1927 1739 1740
3 1927 1926 1739
3 1928 1740 1741
3 1928 1927 1740
3 1929 1741 1742
3 1929 1928 1741
3 1742 1712 1902
3 1742 1902 1929
3 1931 1930 1743
3 1931 1743 1744
3 1743 1932 1745
3 1930 1932 1743
3 1745 1933 1746
3 1932 1933 1745
3 1746 1934 1747
3 1933 1934 1746
3 1730 1747 1917
3 1917 1747 1934
3 1753 1936 1935
3 1937 1753 1935
3 1754 1753 1937
3 1744 1754 1931
3 1931 1754 1937
3 1939 1938 1936
3 1938 1940 1936
3 1940 1935 1936
3 1938 1941 1940
3 1760 1942 1938
3 1938 1942 1941
3 1761 1942 1760
3 1945 1944 1943
3 1947 1946 1943
3 1947 1943 1944
3 1948 1945 1943
3 1778 1948 1943
3 1781 1778 1943
3 1948 1778 1949
3 1781 1943 1783
3 1783 1943 1946
3 1948 1949 1950
3 1950 1949 1951
3 1791 1952 1785
3 1955 1954 1953
3 1954 1956 1953
3 1954 1957 1956
3 1954 1955 1951
3 1951 1955 1958
3 1951 1958 1950
3 1960 1959 1793
3 1960 1793 1794
3 1793 1961 1795
3 1959 1961 1793
3 1795 1962 1796
3 1961 1962 1795
3 1796 1963 1797
3 1962 1963 1796
3 1797 1964 1798
3 1963 1964 1797
3 1798 1965 1799
3 1964 1965 1798
3 1799 1966 1800
3 1965 1966 1799
3 1800 1967 1801
3 1966 1967 1800
3 1801 1968 1802
3 1967 1968 1801
3 1802 1969 1803
3 1968 1969 1802
3 1803 1970 1804
3 1969 1970 1803
3 1804 1971 1805
3 1970 1971 1804
3 1805 1972 1806
3 1971 1972 1805
3 1806 1973 1807
3 1972 1973 1806
3 1807 1974 1808
3 1973 1974 1807
3 1976 1975 1810
3 1808 1976 1810
3 1974 1976 1808
3 1977 1975 1976
3 1816 1956 1792
3 1978 1953 1956
3 1816 1978 1956
3 1817 1978 1816
3 1979 1817 1818
3 1979 1978 1817
3 1980 1818 1819
3 1980 1979 1818
3 1981 1819 1820
3 1981 1980 1819
3 1821 1960 1794
3 1821 1982 1960
3 1975 1822 1810
3 1977 1983 1975
3 1983 1822 1975
3 1983 1823 1822
3 1823 1984 1824
3 1983 1984 1823
3 1824 1985 1825
3 1984 1985 1824
3 1825 1986 1826
3 1985 1986 1825
3 1826 1987 1827
3 1986 1987 1826
3 1827 1988 1828
3 1987 1988 1827
3 1828 1989 1829
3 1988 1989 1828
3 1829 1990 1830
3 1989 1990 1829
3 1830 1991 1831
3 1990 1991 1830
3 1831 1992 1832
3 1991 1992 1831
3 1832 1993 1833
3 1992 1993 1832
3 1993 1995 1994
3 1834 1993 1994
3 1833 1993 1834
3 1997 1994 1996
3 1997 1834 1994
3 1997 1998 1835
3 1834 1997 1835
3 1999 1998 1997
3 1836 1982 1821
3 1836 2000 1982
3 1995 2001 1994
3 1998 1837 1835
3 2001 1996 1994
3 1839 1837 1998
3 1999 1839 1998
3 2002 1839 1999
3 1840 1841 2003
3 2003 1841 2004
3 2002 2005 1839
3 1839 2005 1842
3 1843 1844 2006
3 2006 1844 2007
3 2010 2009 2008
3 2013 2012 2011
3 2012 2013 2014
3 2014 2013 2015
3 2014 2015 2016
3 2016 2015 2017
3 2019 2018 1859
3 2019 1859 1858
3 1856 1859 2020
3 1859 2021 2020
3 1859 2018 2021
3 2020 2021 2022
3 2022 2021 2023
3 2022 2023 2017
3 2017 2023 2024
3 2017 2024 2016
3 2026 2025 1862
3 2026 1862 1863
3 1862 2027 1865
3 2025 2027 1862
3 1865 2028 1867
3 2027 2028 1865
3 1867 2029 1868
3 2028 2029 1867
3 1858 1868 2019
3 2019 1868 2029
3 2032 2031 2030
3 2034 2033 1869
3 2034 1869 1870
3 1869 2035 1871
3 2033 2035 1869
3 1871 2036 1872
3 2035 2036 1871
3 1872 2037 1873
3 2036 2037 1872
3 1873 2038 1874
3 2037 2038 1873
3 1874 2039 1875
3 2038 2039 1874
3 1863 1875 2026
3 2026 1875 2039
3 2041 2040 1877
3 2041 1877 1878
3 1877 2042 1879
3 2040 2042 1877
3 1879 2043 1880
3 2042 2043 1879
3 1880 2044 1881
3 2043 2044 1880
3 1881 2045 1882
3 2044 2045 1881
3 1882 2046 1883
3 2045 2046 1882
3 1883 2047 1884
3 2046 2047 1883
3 1884 2048 1885
3 2047 2048 1884
3 1885 2049 1886
3 2048 2049 1885
3 1886 2050 1887
3 2049 2050 1886
3 1887 2051 1888
3 2050 2051 1887
3 1888 2052 1889
3 2051 2052 1888
3 1889 2053 1890
3 2052 2053 1889
3 1870 1890 2034
3 2034 1890 2053
3 2056 2055 2054
3 2054 2057 2056
3 2060 2059 2058
3 2058 1891 2060
3 1891 1892 2060
3 2062 2061 2060
3 2062 2060 1892
3 2062 1892 2063
3 1892 2064 2063
3 1892 1893 2064
3 1894 1895 2065
3 2065 1895 2066
3 2069 2068 2067
3 2071 2070 2067
3 2067 2070 2069
3 2073 2072 2071
3 2071 2072 2070
3 2072 2073 2055
3 2055 2073 2054
3 2073 1897 2054
3 1897 1898 2054
3 2074 2057 2054
3 1898 2074 2054
3 1899 2074 1898
3 1900 2058 2059
3 2074 1900 2059
3 1899 1900 2074
3 2062 2075 2061
3 1891 2058 1900
3 2075 2062 2063
3 2078 2077 2076
3 2080 2079 1903
3 1903 2079 1902
3 2081 1903 1904
3 2081 2080 1903
3 2082 1904 1905
3 2082 2081 1904
3 2083 1905 1906
3 2083 2082 1905
3 2084 1906 1907
3 2084 2083 1906
3 2085 1907 1908
3 2085 2084 1907
3 2086 1908 1909
3 2086 2085 1908
3 2087 1909 1910
3 2087 2086 1909
3 2088 1910 1911
3 2088 2087 1910
3 2089 1911 1912
3 2089 2088 1911
3 1913 2067 2068
3 2089 1913 2068
3 1912 1913 2089
3 2067 1913 1914
3 2067 1914 2071
3 2071 1914 1915
3 2071 1915 2073
3 2073 1915 1897
3 2091 2090 1916
3 2091 1916 1917
3 2092 2077 2078
3 1919 2092 2078
3 1918 2092 1919
3 2093 1918 1920
3 2093 2092 1918
3 2094 1920 1921
3 2094 2093 1920
3 2095 1921 1922
3 2095 2094 1921
3 2096 1922 1923
3 2096 2095 1922
3 2097 1923 1924
3 2097 2096 1923
3 2098 1924 1925
3 2098 2097 1924
3 2099 1925 1926
3 2099 2098 1925
3 2100 1926 1927
3 2100 2099 1926
3 2101 1927 1928
3 2101 2100 1927
3 2102 1928 1929
3 2102 2101 1928
3 1929 1902 2079
3 1929 2079 2102
3 1933 2104 2103
3 2105 1933 2103
3 1934 1933 2105
3 1917 1934 2091
3 2091 1934 2105
3 2103 2104 2106
3 2106 2104 2107
3 2106 2107 2108
3 2108 2107 2109
3 2112 2111 2110
3 2115 2114 2113
3 2109 2113 2114
3 2116 2109 2114
3 2109 2116 2108
3 2117 2108 2116
3 2108 2117 2111
3 2110 2111 2117
3 2119 2118 2116
3 2116 2118 2117
3 2122 2121 2120
3 2121 2123 2120
3 2121 2124 2123
3 2126 2125 1959
3 2126 1959 1960
3 1959 2127 1961
3 2125 2127 1959
3 1961 2128 1962
3 2127 2128 1961
3 1962 2129 1963
3 2128 2129 1962
3 1963 2130 1964
3 2129 2130 1963
3 1964 2131 1965
3 2130 2131 1964
3 1965 2132 1966
3 2131 2132 1965
3 1966 2133 1967
3 2132 2133 1966
3 1967 2134 1968
3 2133 2134 1967
3 1968 2135 1969
3 2134 2135 1968
3 1969 2136 1970
3 2135 2136 1969
3 1970 2137 1971
3 2136 2137 1970
3 1971 2138 1972
3 2137 2138 1971
3 1972 2139 1973
3 2138 2139 1972
3 1973 2140 1974
3 2139 2140 1973
3 1974 2141 1976
3 2140 2141 1974
3 1977 1976 2141
3 1977 2141 2142
3 1978 2143 1953
3 2143 1978 1979
3 2143 1979 2144
3 2144 1979 1980
3 2144 1980 2123
3 1980 1981 2123
3 1981 2145 2123
3 2145 2120 2123
3 1981 2146 2145
3 1982 2126 1960
3 1982 2147 2126
3 2142 2148 1977
3 1977 2148 1983
3 1983 2149 1984
3 2148 2149 1983
3 1984 2150 1985
3 2149 2150 1984
3 1985 2151 1986
3 2150 2151 1985
3 1986 2152 1987
3 2151 2152 1986
3 1987 2153 1988
3 2152 2153 1987
3 1988 2154 1989
3 2153 2154 1988
3 1989 2155 1990
3 2154 2155 1989
3 2155 2157 2156
3 1991 2155 2156
3 1990 2155 1991
3 2158 1992 1991
3 2158 1991 2156
3 2159 1993 1992
3 2159 1992 2158
3 2159 1995 1993
3 2145 2161 2160
3 2145 1996 2161
3 2145 2146 1997
3 1996 2145 1997
3 1999 2160 2161
3 1999 2162 2160
3 1999 1997 2146
3 2162 1999 2146
3 2000 2147 1982
3 2000 2163 2147
3 2166 2165 2164
3 2157 2167 2156
3 2156 2167 2158
3 2158 2167 2168
3 2170 2169 2168
3 2169 2158 2168
3 2169 2159 2158
3 2171 2001 1995
3 2159 2171 1995
3 2169 2171 2159
3 2161 1996 2001
3 2171 2161 2001
3 2172 2161 2171
3 2172 2002 1999
3 2172 1999 2161
3 2003 2004 2173
3 2173 2004 2174
3 2170 2175 2169
3 2169 2175 2171
3 2171 2175 2176
3 2171 2176 2172
3 2172 2176 2177
3 2172 2177 2002
3 2177 2005 2002
3 2177 2178 2005
3 2006 2007 2179
3 2179 2007 2180
3 2008 2009 2181
3 2181 2009 2182
3 2185 2184 2183
3 2188 2187 2186
3 2014 2188 2186
3 2016 2188 2014
3 2186 2187 2189
3 2189 2187 2190
3 2189 2190 2191
3 2191 2190 2192
3 2018 2194 2193
3 2195 2018 2193
3 2021 2018 2195
3 2021 2196 2023
3 2195 2196 2021
3 2023 2197 2024
3 2196 2197 2023
3 2016 2024 2188
3 2188 2024 2197
3 2025 2199 2198
3 2200 2025 2198
3 2027 2025 2200
3 2027 2201 2028
3 2200 2201 2027
3 2028 2202 2029
3 2201 2202 2028
3 2019 2029 2194
3 2029 2203 2194
3 2029 2202 2203
3 2194 2203 2193
3 2031 2032 2204
3 2032 2205 2204
3 2032 2206 2205
3 2208 2207 2033
3 2208 2033 2034
3 2033 2209 2035
3 2207 2209 2033
3 2035 2210 2036
3 2209 2210 2035
3 2036 2211 2037
3 2210 2211 2036
3 2037 2212 2038
3 2211 2212 2037
3 2038 2213 2039
3 2212 2213 2038
3 2026 2039 2199
3 2039 2214 2199
3 2039 2213 2214
3 2199 2214 2198
3 2217 2216 2215
3 2217 2215 2205
3 2215 2204 2205
3 2215 2218 2204
3 2220 2219 2040
3 2220 2040 2041
3 2040 2221 2042
3 2219 2221 2040
3 2042 2222 2043
3 2221 2222 2042
3 2043 2223 2044
3 2222 2223 2043
3 2044 2224 2045
3 2223 2224 2044
3 2045 2225 2046
3 2224 2225 2045
3 2046 2226 2047
3 2225 2226 2046
3 2047 2227 2048
3 2226 2227 2047
3 2048 2228 2049
3 2227 2228 2048
3 2049 2229 2050
3 2228 2229 2049
3 2050 2230 2051
3 2229 2230 2050
3 2051 2231 2052
3 2230 2231 2051
3 2052 2232 2053
3 2231 2232 2052
3 2034 2053 2208
3 2208 2053 2232
3 2234 2233 2056
3 2056 2233 2055
3 2236 2235 2057
3 2235 2056 2057
3 2235 2234 2056
3 2059 2060 2236
3 2060 2235 2236
3 2060 2237 2235
3 2060 2216 2237
3 2216 2060 2215
3 2061 2215 2060
3 2215 2061 2238
3 2239 2238 2061
3 2240 2063 2064
3 2215 2240 2064
3 2218 2215 2064
3 2238 2240 2215
3 2065 2066 2241
3 2241 2066 2242
3 2244 2243 2069
3 2069 2243 2068
3 2245 2069 2070
3 2245 2244 2069
3 2246 2070 2072
3 2246 2245 2070
3 2072 2055 2233
3 2072 2233 2246
3 2074 2236 2057
3 2236 2074 2059
3 2247 2239 2061
3 2247 2061 2075
3 2075 2063 2240
3 2075 2240 2247
3 2066 2076 2248
3 2249 2066 2248
3 2242 2066 2249
3 2077 2248 2076
3 2251 2250 2080
3 2080 2250 2079
3 2252 2080 2081
3 2252 2251 2080
3 2253 2081 2082
3 2253 2252 2081
3 2254 2082 2083
3 2254 2253 2082
3 2255 2083 2084
3 2255 2254 2083
3 2256 2084 2085
3 2256 2255 2084
3 2257 2085 2086
3 2257 2256 2085
3 2258 2086 2087
3 2258 2257 2086
3 2259 2087 2088
3 2259 2258 2087
3 2260 2088 2089
3 2260 2259 2088
3 2089 2068 2243
3 2089 2243 2260
3 2262 2261 2090
3 2262 2090 2091
3 2263 2248 2077
3 2092 2263 2077
3 2264 2263 2092
3 2265 2092 2093
3 2265 2264 2092
3 2266 2093 2094
3 2266 2265 2093
3 2267 2094 2095
3 2267 2266 2094
3 2268 2095 2096
3 2268 2267 2095
3 2269 2096 2097
3 2269 2268 2096
3 2270 2097 2098
3 2270 2269 2097
3 2271 2098 2099
3 2271 2270 2098
3 2272 2099 2100
3 2272 2271 2099
3 2273 2100 2101
3 2273 2272 2100
3 2274 2101 2102
3 2274 2273 2101
3 2102 2079 2250
3 2102 2250 2274
3 2276 2275 2122
3 2276 2122 2120
3 2278 2277 2125
3 2278 2125 2126
3 2125 2279 2127
3 2277 2279 2125
3 2127 2280 2128
3 2279 2280 2127
3 2128 2281 2129
3 2280 2281 2128
3 2129 2282 2130
3 2281 2282 2129
3 2130 2283 2131
3 2282 2283 2130
3 2131 2284 2132
3 2283 2284 2131
3 2132 2285 2133
3 2284 2285 2132
3 2133 2286 2134
3 2285 2286 2133
3 2134 2287 2135
3 2286 2287 2134
3 2135 2288 2136
3 2287 2288 2135
3 2136 2289 2137
3 2288 2289 2136
3 2137 2290 2138
3 2289 2290 2137
3 2138 2291 2139
3 2290 2291 2138
3 2139 2292 2140
3 2291 2292 2139
3 2140 2293 2141
3 2292 2293 2140
3 2142 2141 2293
3 2142 2293 2294
3 2145 2296 2295
3 2276 2145 2295
3 2120 2145 2276
3 2147 2278 2126
3 2147 2297 2278
3 2294 2298 2142
3 2142 2298 2148
3 2148 2299 2149
3 2298 2299 2148
3 2149 2300 2150
3 2299 2300 2149
3 2150 2301 2151
3 2300 2301 2150
3 2151 2302 2152
3 2301 2302 2151
3 2152 2303 2153
3 2302 2303 2152
3 2153 2304 2154
3 2303 2304 2153
3 2154 2305 2155
3 2304 2305 2154
3 2157 2155 2305
3 2157 2305 2306
3 2160 2296 2145
3 2296 2160 2162
3 2163 2297 2147
3 2163 2307 2297
3 2309 2308 2164
3 2165 2309 2164
3 2306 2310 2157
3 2157 2310 2167
3 2167 2311 2168
3 2310 2311 2167
3 2170 2168 2311
3 2170 2311 2312
3 2173 2174 2313
3 2313 2174 2314
3 2312 2315 2170
3 2170 2315 2175
3 2175 2316 2176
3 2315 2316 2175
3 2176 2317 2177
3 2316 2317 2176
3 2177 2318 2178
3 2317 2318 2177
3 2179 2180 2319
3 2319 2180 2320
3 2181 2182 2321
3 2321 2182 2322
3 2183 2184 2323
3 2323 2184 2324
3 2326 2325 2187
3 2326 2187 2188
3 2187 2327 2190
3 2325 2327 2187
3 2190 2328 2192
3 2327 2328 2190
3 2331 2330 2329
3 2195 2193 2329
3 2330 2195 2329
3 2332 2195 2330
3 2195 2333 2196
3 2332 2333 2195
3 2196 2334 2197
3 2333 2334 2196
3 2188 2197 2326
3 2326 2197 2334
3 2337 2336 2335
3 2200 2198 2335
3 2336 2200 2335
3 2338 2200 2336
3 2200 2339 2201
3 2338 2339 2200
3 2201 2340 2202
3 2339 2340 2201
3 2329 2203 2331
3 2203 2340 2331
3 2203 2202 2340
3 2203 2329 2193
3 2341 2205 2206
3 2342 2205 2341
3 2344 2343 2207
3 2344 2207 2208
3 2207 2345 2209
3 2343 2345 2207
3 2209 2346 2210
3 2345 2346 2209
3 2210 2347 2211
3 2346 2347 2210
3 2211 2348 2212
3 2347 2348 2211
3 2212 2349 2213
3 2348 2349 2212
3 2335 2214 2337
3 2214 2349 2337
3 2214 2213 2349
3 2214 2335 2198
3 2351 2350 2217
3 2217 2350 2216
3 2217 2205 2342
3 2217 2342 2351
3 2353 2352 2219
3 2353 2219 2220
3 2219 2354 2221
3 2352 2354 2219
3 2221 2355 2222
3 2354 2355 2221
3 2222 2356 2223
3 2355 2356 2222
3 2223 2357 2224
3 2356 2357 2223
3 2224 2358 2225
3 2357 2358 2224
3 2225 2359 2226
3 2358 2359 2225
3 2226 2360 2227
3 2359 2360 2226
3 2227 2361 2228
3 2360 2361 2227
3 2228 2362 2229
3 2361 2362 2228
3 2229 2363 2230
3 2362 2363 2229
3 2230 2364 2231
3 2363 2364 2230
3 2231 2365 2232
3 2364 2365 2231
3 2208 2232 2344
3 2344 2232 2365
3 2367 2366 2234
3 2234 2366 2233
3 2368 2234 2235
3 2368 2367 2234
3 2369 2235 2237
3 2369 2368 2235
3 2238 2239 2370
3 2369 2216 2350
3 2216 2369 2237
3 2370 2240 2238
3 2241 2242 2371
3 2371 2242 2372
3 2374 2373 2244
3 2244 2373 2243
3 2375 2244 2245
3 2375 2374 2244
3 2376 2245 2246
3 2376 2375 2245
3 2246 2233 2366
3 2246 2366 2376
3 2247 2370 2239
3 2370 2247 2240
3 2249 2372 2242
3 2249 2377 2372
3 2379 2378 2251
3 2251 2378 2250
3 2380 2251 2252
3 2380 2379 2251
3 2381 2252 2253
3 2381 2380 2252
3 2382 2253 2254
3 2382 2381 2253
3 2383 2254 2255
3 2383 2382 2254
3 2384 2255 2256
3 2384 2383 2255
3 2385 2256 2257
3 2385 2384 2256
3 2386 2257 2258
3 2386 2385 2257
3 2387 2258 2259
3 2387 2386 2258
3 2388 2259 2260
3 2388 2387 2259
3 2260 2243 2373
3 2260 2373 2388
3 2389 2263 2264
3 2389 2390 2263
3 2391 2264 2265
3 2391 2389 2264
3 2392 2265 2266
3 2392 2391 2265
3 2393 2266 2267
3 2393 2392 2266
3 2394 2267 2268
3 2394 2393 2267
3 2395 2268 2269
3 2395 2394 2268
3 2396 2269 2270
3 2396 2395 2269
3 2397 2270 2271
3 2397 2396 2270
3 2398 2271 2272
3 2398 2397 2271
3 2399 2272 2273
3 2399 2398 2272
3 2400 2273 2274
3 2400 2399 2273
3 2274 2250 2378
3 2274 2378 2400
3 2403 2402 2401
3 2405 2404 2401
3 2405 2401 2402
3 2407 2406 2404
3 2407 2404 2405
3 2403 2401 2408
3 2403 2408 2409
3 2410 2401 2404
3 2408 2401 2410
3 2411 2404 2406
3 2410 2404 2411
3 2414 2413 2412
3 2408 2414 2412
3 2410 2414 2408
3 2415 2410 2411
3 2414 2410 2415
3 2418 2417 2416
3 2416 2417 2413
3 2414 2416 2413
3 2419 2416 2414
3 2276 2419 2275
3 2419 2415 2275
3 2419 2414 2415
3 2422 2421 2420
3 2422 2420 2275
3 2423 2422 2275
3 2415 2423 2275
3 2425 2424 2277
3 2425 2277 2278
3 2277 2426 2279
3 2424 2426 2277
3 2279 2427 2280
3 2426 2427 2279
3 2280 2428 2281
3 2427 2428 2280
3 2281 2429 2282
3 2428 2429 2281
3 2282 2430 2283
3 2429 2430 2282
3 2283 2431 2284
3 2430 2431 2283
3 2284 2432 2285
3 2431 2432 2284
3 2285 2433 2286
3 2432 2433 2285
3 2286 2434 2287
3 2433 2434 2286
3 2287 2435 2288
3 2434 2435 2287
3 2288 2436 2289
3 2435 2436 2288
3 2289 2437 2290
3 2436 2437 2289
3 2290 2438 2291
3 2437 2438 2290
3 2291 2439 2292
3 2438 2439 2291
3 2439 2441 2440
3 2293 2439 2440
3 2292 2439 2293
3 2440 2294 2293
3 2442 2418 2416
3 2444 2443 2442
3 2416 2444 2442
3 2419 2444 2416
3 2295 2445 2276
3 2445 2419 2276
3 2445 2444 2419
3 2420 2421 2295
3 2421 2445 2295
3 2421 2446 2445
3 2297 2425 2278
3 2297 2447 2425
3 2441 2448 2440
3 2440 2448 2294
3 2448 2298 2294
3 2448 2449 2298
3 2298 2450 2299
3 2449 2450 2298
3 2299 2451 2300
3 2450 2451 2299
3 2300 2452 2301
3 2451 2452 2300
3 2301 2453 2302
3 2452 2453 2301
3 2302 2454 2303
3 2453 2454 2302
3 2303 2455 2304
3 2454 2455 2303
3 2304 2456 2305
3 2455 2456 2304
3 2306 2305 2456
3 2306 2456 2457
3 2460 2459 2458
3 2458 2459 2443
3 2444 2458 2443
3 2461 2458 2444
3 2462 2444 2445
3 2461 2444 2462
3 2446 2464 2463
3 2462 2446 2463
3 2445 2446 2462
3 2307 2447 2297
3 2307 2465 2447
3 2457 2466 2306
3 2306 2466 2310
3 2310 2467 2311
3 2466 2467 2310
3 2458 2468 2312
3 2467 2458 2312
3 2311 2467 2312
3 2460 2458 2467
3 2469 2458 2461
3 2468 2458 2469
3 2470 2461 2462
3 2469 2461 2470
3 2462 2463 2471
3 2472 2462 2471
3 2470 2462 2472
3 2313 2314 2473
3 2473 2314 2474
3 2468 2315 2312
3 2315 2468 2316
3 2316 2468 2469
3 2316 2469 2317
3 2317 2469 2470
3 2317 2470 2318
3 2318 2470 2472
3 2319 2320 2475
3 2475 2320 2476
3 2479 2478 2477
3 2321 2322 2480
3 2480 2322 2481
3 2483 2482 2479
3 2479 2482 2478
3 2323 2324 2484
3 2484 2324 2485
3 2487 2486 2483
3 2483 2486 2482
3 2324 2489 2488
3 2490 2324 2488
3 2485 2324 2490
3 2492 2491 2489
3 2489 2491 2488
3 2486 2487 2492
3 2487 2491 2492
3 2487 2493 2491
3 2495 2494 2325
3 2495 2325 2326
3 2488 2327 2490
3 2327 2494 2490
3 2327 2325 2494
3 2327 2488 2328
3 2328 2488 2491
3 2328 2491 2496
3 2491 2497 2496
3 2491 2493 2497
3 2499 2498 2330
3 2499 2330 2331
3 2330 2500 2332
3 2498 2500 2330
3 2332 2501 2333
3 2500 2501 2332
3 2333 2502 2334
3 2501 2502 2333
3 2326 2334 2495
3 2495 2334 2502
3 2503 2341 2497
3 2497 2341 2496
3 2505 2504 2336
3 2505 2336 2337
3 2336 2506 2338
3 2504 2506 2336
3 2338 2507 2339
3 2506 2507 2338
3 2339 2508 2340
3 2507 2508 2339
3 2331 2340 2499
3 2499 2340 2508
3 2509 2342 2503
3 2503 2342 2341
3 2511 2510 2343
3 2511 2343 2344
3 2343 2512 2345
3 2510 2512 2343
3 2345 2513 2346
3 2512 2513 2345
3 2346 2514 2347
3 2513 2514 2346
3 2347 2515 2348
3 2514 2515 2347
3 2348 2516 2349
3 2515 2516 2348
3 2337 2349 2505
3 2505 2349 2516
3 2517 2350 2351
3 2342 2509 2351
3 2509 2517 2351
3 2509 2518 2517
3 2520 2519 2352
3 2520 2352 2353
3 2352 2521 2354
3 2519 2521 2352
3 2354 2522 2355
3 2521 2522 2354
3 2355 2523 2356
3 2522 2523 2355
3 2356 2524 2357
3 2523 2524 2356
3 2357 2525 2358
3 2524 2525 2357
3 2358 2526 2359
3 2525 2526 2358
3 2359 2527 2360
3 2526 2527 2359
3 2360 2528 2361
3 2527 2528 2360
3 2361 2529 2362
3 2528 2529 2361
3 2362 2530 2363
3 2529 2530 2362
3 2363 2531 2364
3 2530 2531 2363
3 2364 2532 2365
3 2531 2532 2364
3 2344 2365 2511
3 2511 2365 2532
3 2534 2533 2367
3 2367 2533 2366
3 2536 2534 2535
3 2534 2368 2535
3 2534 2367 2368
3 2369 2537 2368
3 2368 2537 2535
3 2350 2517 2369
3 2517 2537 2369
3 2517 2538 2537
3 2518 2540 2539
3 2538 2518 2539
3 2517 2518 2538
3 2371 2372 2541
3 2541 2372 2542
3 2544 2543 2374
3 2374 2543 2373
3 2545 2374 2375
3 2545 2544 2374
3 2546 2375 2376
3 2546 2545 2375
3 2376 2366 2533
3 2376 2533 2546
3 2547 2536 2535
3 2547 2535 2537
3 2547 2537 2548
3 2548 2537 2538
3 2548 2538 2549
3 2549 2538 2539
3 2552 2551 2550
3 2553 2378 2379
3 2553 2379 2554
3 2379 2555 2554
3 2379 2380 2555
3 2556 2380 2381
3 2556 2555 2380
3 2557 2381 2382
3 2557 2556 2381
3 2558 2382 2383
3 2558 2557 2382
3 2559 2383 2384
3 2559 2558 2383
3 2560 2384 2385
3 2560 2559 2384
3 2561 2385 2386
3 2561 2560 2385
3 2562 2386 2387
3 2562 2561 2386
3 2563 2387 2388
3 2563 2562 2387
3 2388 2373 2543
3 2388 2543 2563
3 2566 2565 2564
3 2568 2567 2564
3 2568 2564 2565
3 2569 2551 2552
3 2390 2569 2552
3 2389 2569 2390
3 2570 2389 2391
3 2570 2569 2389
3 2571 2391 2392
3 2571 2570 2391
3 2572 2392 2393
3 2572 2571 2392
3 2573 2393 2394
3 2573 2572 2393
3 2574 2394 2395
3 2574 2573 2394
3 2575 2395 2396
3 2575 2574 2395
3 2576 2396 2397
3 2576 2575 2396
3 2577 2397 2398
3 2577 2576 2397
3 2578 2398 2399
3 2578 2577 2398
3 2579 2399 2400
3 2579 2578 2399
3 2400 2378 2553
3 2580 2400 2553
3 2579 2400 2580
3 2580 2553 2554
3 2583 2582 2581
3 2585 2584 2581
3 2585 2581 2582
3 2587 2586 2584
3 2587 2584 2585
3 2587 2589 2588
3 2409 2587 2588
3 2403 2409 2588
3 2586 2587 2409
3 2588 2589 2590
3 2590 2589 2591
3 2590 2591 2592
3 2592 2591 2593
3 2583 2581 2594
3 2583 2594 2595
3 2596 2581 2584
3 2594 2581 2596
3 2597 2584 2586
3 2596 2584 2597
3 2412 2598 2409
3 2598 2586 2409
3 2598 2597 2586
3 2413 2598 2412
3 2595 2594 2599
3 2595 2599 2600
3 2601 2594 2596
3 2599 2594 2601
3 2602 2596 2597
3 2601 2596 2602
3 2418 2602 2417
3 2602 2598 2417
3 2602 2597 2598
3 2417 2598 2413
3 2604 2603 2423
3 2423 2603 2422
3 2606 2605 2424
3 2606 2424 2425
3 2424 2607 2426
3 2605 2607 2424
3 2426 2608 2427
3 2607 2608 2426
3 2427 2609 2428
3 2608 2609 2427
3 2428 2610 2429
3 2609 2610 2428
3 2429 2611 2430
3 2610 2611 2429
3 2430 2612 2431
3 2611 2612 2430
3 2431 2613 2432
3 2612 2613 2431
3 2432 2614 2433
3 2613 2614 2432
3 2433 2615 2434
3 2614 2615 2433
3 2434 2616 2435
3 2615 2616 2434
3 2435 2617 2436
3 2616 2617 2435
3 2436 2618 2437
3 2617 2618 2436
3 2437 2619 2438
3 2618 2619 2437
3 2619 2621 2620
3 2439 2619 2620
3 2438 2619 2439
3 2620 2441 2439
3 2622 2600 2599
3 2622 2599 2601
3 2622 2601 2623
3 2623 2601 2602
3 2623 2602 2624
3 2624 2602 2418
3 2442 2624 2418
3 2625 2624 2442
3 2442 2443 2625
3 2625 2443 2626
3 2629 2628 2627
3 2627 2630 2629
3 2447 2606 2425
3 2447 2631 2606
3 2621 2632 2620
3 2620 2632 2441
3 2632 2448 2441
3 2632 2633 2448
3 2448 2634 2449
3 2633 2634 2448
3 2449 2635 2450
3 2634 2635 2449
3 2450 2636 2451
3 2635 2636 2450
3 2451 2637 2452
3 2636 2637 2451
3 2452 2638 2453
3 2637 2638 2452
3 2453 2639 2454
3 2638 2639 2453
3 2454 2640 2455
3 2639 2640 2454
3 2455 2641 2456
3 2640 2641 2455
3 2643 2642 2457
3 2456 2643 2457
3 2641 2643 2456
3 2645 2644 2642
3 2645 2642 2643
3 2459 2460 2644
3 2645 2459 2644
3 2646 2459 2645
3 2443 2459 2626
3 2626 2459 2646
3 2627 2628 2647
3 2647 2628 2648
3 2464 2649 2463
3 2649 2627 2463
3 2627 2647 2463
3 2627 2649 2630
3 2465 2631 2447
3 2465 2650 2631
3 2642 2466 2457
3 2466 2642 2467
3 2467 2642 2644
3 2467 2644 2460
3 2648 2651 2647
3 2647 2651 2463
3 2651 2471 2463
3 2651 2652 2471
3 2655 2654 2653
3 2654 2473 2653
3 2654 2656 2473
3 2474 2653 2473
3 2475 2476 2657
3 2657 2476 2658
3 2480 2481 2659
3 2659 2481 2660
3 2481 2662 2661
3 2663 2481 2661
3 2660 2481 2663
3 2665 2664 2662
3 2662 2664 2661
3 2484 2666 2665
3 2665 2666 2664
3 2485 2666 2484
3 2663 2661 2667
3 2663 2667 2668
3 2669 2661 2664
3 2667 2661 2669
3 2670 2664 2666
3 2669 2664 2670
3 2490 2670 2485
3 2485 2670 2666
3 2668 2667 2671
3 2668 2671 2672
3 2673 2667 2669
3 2671 2667 2673
3 2495 2673 2494
3 2673 2670 2494
3 2673 2669 2670
3 2494 2670 2490
3 2675 2674 2498
3 2675 2498 2499
3 2498 2676 2500
3 2674 2676 2498
3 2671 2501 2672
3 2501 2676 2672
3 2501 2500 2676
3 2501 2671 2502
3 2502 2671 2673
3 2502 2673 2495
3 2678 2677 2504
3 2678 2504 2505
3 2504 2679 2506
3 2677 2679 2504
3 2506 2680 2507
3 2679 2680 2506
3 2507 2681 2508
3 2680 2681 2507
3 2499 2508 2675
3 2675 2508 2681
3 2683 2682 2510
3 2683 2510 2511
3 2510 2684 2512
3 2682 2684 2510
3 2512 2685 2513
3 2684 2685 2512
3 2513 2686 2514
3 2685 2686 2513
3 2514 2687 2515
3 2686 2687 2514
3 2515 2688 2516
3 2687 2688 2515
3 2505 2516 2678
3 2678 2516 2688
3 2519 2690 2689
3 2691 2519 2689
3 2521 2519 2691
3 2521 2692 2522
3 2691 2692 2521
3 2522 2693 2523
3 2692 2693 2522
3 2523 2694 2524
3 2693 2694 2523
3 2524 2695 2525
3 2694 2695 2524
3 2525 2696 2526
3 2695 2696 2525
3 2526 2697 2527
3 2696 2697 2526
3 2527 2698 2528
3 2697 2698 2527
3 2528 2699 2529
3 2698 2699 2528
3 2529 2700 2530
3 2699 2700 2529
3 2530 2701 2531
3 2700 2701 2530
3 2531 2702 2532
3 2701 2702 2531
3 2511 2532 2683
3 2683 2532 2702
3 2703 2533 2534
3 2536 2703 2534
3 2706 2705 2704
3 2539 2540 2704
3 2540 2706 2704
3 2540 2707 2706
3 2541 2542 2690
3 2542 2689 2690
3 2542 2708 2689
3 2710 2709 2544
3 2544 2709 2543
3 2712 2710 2711
3 2710 2545 2711
3 2710 2544 2545
3 2711 2545 2713
3 2545 2714 2713
3 2545 2546 2714
3 2546 2533 2703
3 2715 2546 2703
3 2714 2546 2715
3 2715 2703 2536
3 2547 2715 2536
3 2716 2715 2547
3 2717 2547 2548
3 2717 2716 2547
3 2549 2704 2705
3 2717 2549 2705
3 2548 2549 2717
3 2704 2549 2539
3 2542 2550 2718
3 2719 2542 2718
3 2708 2542 2719
3 2551 2718 2550
3 2721 2720 2555
3 2555 2720 2554
3 2722 2555 2556
3 2722 2721 2555
3 2723 2556 2557
3 2723 2722 2556
3 2724 2557 2558
3 2724 2723 2557
3 2725 2558 2559
3 2725 2724 2558
3 2726 2559 2560
3 2726 2725 2559
3 2727 2560 2561
3 2727 2726 2560
3 2728 2561 2562
3 2728 2727 2561
3 2729 2562 2563
3 2729 2728 2562
3 2563 2543 2709
3 2563 2709 2729
3 2730 2712 2711
3 2730 2711 2713
3 2566 2731 2565
3 2565 2731 2732
3 2733 2565 2732
3 2568 2565 2733
3 2734 2718 2551
3 2569 2734 2551
3 2735 2734 2569
3 2736 2569 2570
3 2736 2735 2569
3 2737 2570 2571
3 2737 2736 2570
3 2738 2571 2572
3 2738 2737 2571
3 2739 2572 2573
3 2739 2738 2572
3 2740 2573 2574
3 2740 2739 2573
3 2741 2574 2575
3 2741 2740 2574
3 2742 2575 2576
3 2742 2741 2575
3 2743 2576 2577
3 2743 2742 2576
3 2744 2577 2578
3 2744 2743 2577
3 2745 2578 2579
3 2745 2744 2578
3 2746 2579 2580
3 2746 2745 2579
3 2580 2554 2720
3 2580 2720 2746
3 2749 2748 2747
3 2750 2749 2747
3 2751 2749 2750
3 2753 2751 2752
3 2749 2751 2753
3 2755 2752 2754
3 2753 2752 2755
3 2754 2757 2756
3 2758 2754 2756
3 2755 2754 2758
3 2761 2760 2759
3 2763 2762 2759
3 2763 2759 2760
3 2765 2764 2762
3 2765 2762 2763
3 2767 2766 2764
3 2767 2764 2765
3 2769 2768 2766
3 2769 2766 2767
3 2582 2583 2768
3 2769 2582 2768
3 2770 2582 2769
3 2582 2771 2585
3 2770 2771 2582
3 2749 2587 2748
3 2587 2771 2748
3 2587 2585 2771
3 2587 2749 2589
3 2589 2749 2753
3 2589 2753 2591
3 2591 2753 2755
3 2591 2755 2593
3 2593 2755 2758
3 2774 2773 2772
3 2759 2774 2772
3 2762 2774 2759
3 2775 2762 2764
3 2774 2762 2775
3 2776 2764 2766
3 2775 2764 2776
3 2777 2766 2768
3 2776 2766 2777
3 2595 2777 2583
3 2583 2777 2768
3 2773 2774 2778
3 2773 2778 2779
3 2775 2781 2780
3 2778 2775 2780
3 2774 2775 2778
3 2783 2782 2781
3 2775 2783 2781
3 2776 2783 2775
3 2784 2776 2777
3 2783 2776 2784
3 2600 2784 2595
3 2595 2784 2777
3 2603 2604 2785
3 2604 2786 2785
3 2604 2787 2786
3 2789 2788 2605
3 2789 2605 2606
3 2605 2790 2607
3 2788 2790 2605
3 2607 2791 2608
3 2790 2791 2607
3 2608 2792 2609
3 2791 2792 2608
3 2609 2793 2610
3 2792 2793 2609
3 2610 2794 2611
3 2793 2794 2610
3 2611 2795 2612
3 2794 2795 2611
3 2612 2796 2613
3 2795 2796 2612
3 2613 2797 2614
3 2796 2797 2613
3 2614 2798 2615
3 2797 2798 2614
3 2615 2799 2616
3 2798 2799 2615
3 2616 2800 2617
3 2799 2800 2616
3 2800 2802 2801
3 2618 2800 2801
3 2617 2800 2618
3 2803 2619 2618
3 2803 2618 2801
3 2803 2621 2619
3 2804 2779 2778
3 2807 2806 2805
3 2780 2804 2778
3 2806 2807 2782
3 2783 2806 2782
3 2808 2806 2783
3 2784 2810 2809
3 2808 2784 2809
3 2783 2784 2808
3 2810 2784 2600
3 2622 2810 2600
3 2811 2810 2622
3 2812 2622 2623
3 2812 2811 2622
3 2813 2623 2624
3 2813 2812 2623
3 2815 2813 2814
3 2813 2625 2814
3 2813 2624 2625
3 2626 2814 2625
3 2816 2628 2629
3 2629 2630 2816
3 2786 2817 2785
3 2818 2785 2817
3 2631 2789 2606
3 2631 2819 2789
3 2802 2820 2801
3 2801 2820 2803
3 2803 2820 2821
3 2803 2821 2621
3 2821 2632 2621
3 2821 2822 2632
3 2632 2823 2633
3 2822 2823 2632
3 2633 2824 2634
3 2823 2824 2633
3 2634 2825 2635
3 2824 2825 2634
3 2635 2826 2636
3 2825 2826 2635
3 2636 2827 2637
3 2826 2827 2636
3 2806 2638 2805
3 2638 2827 2805
3 2638 2637 2827
3 2638 2806 2639
3 2639 2806 2808
3 2809 2828 2808
3 2828 2639 2808
3 2828 2640 2639
3 2640 2829 2641
3 2828 2829 2640
3 2641 2830 2643
3 2829 2830 2641
3 2643 2831 2645
3 2830 2831 2643
3 2814 2646 2815
3 2646 2831 2815
3 2646 2645 2831
3 2646 2814 2626
3 2833 2832 2816
3 2832 2628 2816
3 2832 2648 2628
3 2816 2630 2833
3 2834 2833 2630
3 2833 2834 2835
3 2649 2834 2630
3 2817 2836 2818
3 2650 2819 2631
3 2650 2837 2819
3 2832 2838 2648
3 2648 2838 2651
3 2834 2652 2835
3 2652 2838 2835
3 2652 2651 2838
3 2654 2655 2839
3 2839 2655 2840
3 2657 2658 2841
3 2841 2658 2842
3 2658 2844 2843
3 2845 2658 2843
3 2842 2658 2845
3 2847 2846 2844
3 2844 2846 2843
3 2849 2848 2847
3 2847 2848 2846
3 2659 2850 2849
3 2849 2850 2848
3 2660 2850 2659
3 2845 2843 2851
3 2845 2851 2852
3 2853 2843 2846
3 2851 2843 2853
3 2854 2846 2848
3 2853 2846 2854
3 2855 2848 2850
3 2854 2848 2855
3 2663 2855 2660
3 2660 2855 2850
3 2852 2851 2856
3 2852 2856 2857
3 2858 2851 2853
3 2856 2851 2858
3 2859 2853 2854
3 2858 2853 2859
3 2860 2854 2855
3 2859 2854 2860
3 2668 2860 2663
3 2663 2860 2855
3 2857 2856 2861
3 2857 2861 2862
3 2863 2856 2858
3 2861 2856 2863
3 2864 2858 2859
3 2863 2858 2864
3 2865 2859 2860
3 2864 2859 2865
3 2672 2865 2668
3 2668 2865 2860
3 2862 2861 2866
3 2862 2866 2867
3 2868 2861 2863
3 2866 2861 2868
3 2675 2868 2674
3 2868 2864 2674
3 2868 2863 2864
3 2674 2864 2676
3 2676 2864 2865
3 2676 2865 2672
3 2870 2869 2677
3 2870 2677 2678
3 2677 2871 2679
3 2869 2871 2677
3 2866 2680 2867
3 2680 2871 2867
3 2680 2679 2871
3 2680 2866 2681
3 2681 2866 2868
3 2681 2868 2675
3 2874 2873 2872
3 2682 2683 2872
3 2873 2682 2872
3 2875 2682 2873
3 2682 2876 2684
3 2875 2876 2682
3 2684 2877 2685
3 2876 2877 2684
3 2685 2878 2686
3 2877 2878 2685
3 2686 2879 2687
3 2878 2879 2686
3 2687 2880 2688
3 2879 2880 2687
3 2678 2688 2870
3 2870 2688 2880
3 2883 2882 2881
3 2886 2885 2884
3 2691 2689 2884
3 2885 2691 2884
3 2887 2691 2885
3 2691 2888 2692
3 2887 2888 2691
3 2692 2889 2693
3 2888 2889 2692
3 2693 2890 2694
3 2889 2890 2693
3 2694 2891 2695
3 2890 2891 2694
3 2695 2892 2696
3 2891 2892 2695
3 2696 2893 2697
3 2892 2893 2696
3 2697 2894 2698
3 2893 2894 2697
3 2698 2895 2699
3 2894 2895 2698
3 2699 2896 2700
3 2895 2896 2699
3 2700 2897 2701
3 2896 2897 2700
3 2872 2702 2874
3 2702 2897 2874
3 2702 2701 2897
3 2702 2872 2683
3 2900 2899 2898
3 2898 2901 2900
3 2903 2902 2706
3 2706 2902 2705
3 2707 2881 2882
3 2903 2707 2882
3 2706 2707 2903
3 2884 2689 2904
3 2689 2905 2904
3 2689 2708 2905
3 2906 2709 2710
3 2906 2710 2712
3 2909 2908 2907
3 2713 2714 2907
3 2714 2909 2907
3 2714 2910 2909
3 2911 2714 2715
3 2911 2910 2714
3 2716 2898 2899
3 2911 2716 2899
3 2715 2716 2911
3 2912 2901 2898
3 2716 2912 2898
3 2717 2912 2716
3 2717 2705 2902
3 2717 2902 2912
3 2719 2905 2708
3 2719 2913 2905
3 2916 2915 2914
3 2720 2721 2914
3 2721 2916 2914
3 2721 2917 2916
3 2918 2721 2722
3 2918 2917 2721
3 2919 2722 2723
3 2919 2918 2722
3 2920 2723 2724
3 2920 2919 2723
3 2921 2724 2725
3 2921 2920 2724
3 2922 2725 2726
3 2922 2921 2725
3 2923 2726 2727
3 2923 2922 2726
3 2924 2727 2728
3 2924 2923 2727
3 2925 2728 2729
3 2925 2924 2728
3 2729 2709 2906
3 2926 2729 2906
3 2925 2729 2926
3 2926 2907 2908
3 2926 2730 2907
3 2926 2906 2712
3 2730 2926 2712
3 2907 2730 2713
3 2732 2927 2733
3 2928 2734 2735
3 2928 2929 2734
3 2930 2735 2736
3 2930 2928 2735
3 2931 2736 2737
3 2931 2930 2736
3 2932 2737 2738
3 2932 2931 2737
3 2933 2738 2739
3 2933 2932 2738
3 2934 2739 2740
3 2934 2933 2739
3 2935 2740 2741
3 2935 2934 2740
3 2936 2741 2742
3 2936 2935 2741
3 2937 2742 2743
3 2937 2936 2742
3 2938 2743 2744
3 2938 2937 2743
3 2939 2744 2745
3 2939 2938 2744
3 2746 2914 2915
3 2939 2746 2915
3 2745 2746 2939
3 2914 2746 2720
3 2942 2941 2940
3 2943 2942 2940
3 2944 2942 2943
3 2946 2944 2945
3 2942 2944 2946
3 2948 2945 2947
3 2946 2945 2948
3 2950 2947 2949
3 2948 2947 2950
3 2747 2952 2951
3 2952 2949 2951
3 2952 2950 2949
3 2748 2952 2747
3 2953 2756 2757
3 2760 2955 2954
3 2956 2760 2954
3 2763 2760 2956
3 2942 2765 2941
3 2765 2956 2941
3 2765 2763 2956
3 2765 2942 2767
3 2767 2942 2946
3 2767 2946 2769
3 2769 2946 2948
3 2769 2948 2770
3 2770 2948 2950
3 2770 2950 2771
3 2771 2950 2952
3 2771 2952 2748
3 2959 2958 2957
3 2961 2960 2957
3 2961 2957 2958
3 2962 2960 2961
3 2965 2964 2963
3 2967 2966 2963
3 2967 2963 2964
3 2761 2772 2955
3 2967 2968 2966
3 2969 2966 2968
3 2969 2968 2773
3 2968 2954 2773
3 2955 2772 2773
3 2955 2773 2954
3 2972 2971 2970
3 2973 2959 2957
3 2973 2957 2960
3 2973 2960 2974
3 2974 2960 2962
3 2977 2976 2975
3 2978 2975 2976
3 2979 2965 2963
3 2979 2963 2966
3 2979 2966 2980
3 2980 2966 2969
3 2980 2969 2981
3 2969 2773 2981
3 2773 2982 2981
3 2773 2779 2982
3 2983 2780 2781
3 2782 2983 2781
3 2970 2971 2984
3 2984 2971 2985
3 2984 2786 2787
3 2984 2787 2970
3 2987 2986 2788
3 2987 2788 2789
3 2788 2988 2790
3 2986 2988 2788
3 2790 2989 2791
3 2988 2989 2790
3 2791 2990 2792
3 2989 2990 2791
3 2792 2991 2793
3 2990 2991 2792
3 2793 2992 2794
3 2991 2992 2793
3 2794 2993 2795
3 2992 2993 2794
3 2795 2994 2796
3 2993 2994 2795
3 2796 2995 2797
3 2994 2995 2796
3 2797 2996 2798
3 2995 2996 2797
3 2798 2997 2799
3 2996 2997 2798
3 2799 2998 2800
3 2997 2998 2799
3 3000 2999 2802
3 2800 3000 2802
3 2998 3000 2800
3 3002 3001 2999
3 3002 2999 3000
3 3001 3002 2977
3 2975 3001 2977
3 3003 3001 2975
3 2975 2978 3004
3 3005 2975 3004
3 3003 2975 3005
3 3007 3006 3005
3 3007 3005 3004
3 3009 3008 3006
3 3009 3006 3007
3 3011 3010 3008
3 3011 3008 3009
3 3013 3012 2804
3 3010 2804 3012
3 2804 3010 2779
3 3011 2779 3010
3 2779 3011 2982
3 2807 2805 3014
3 2983 2807 3014
3 2780 2983 3014
3 2804 2780 3014
3 3013 2804 3014
3 3015 3013 3014
3 3016 3015 3014
3 2805 3016 3014
3 2983 2782 2807
3 3017 3015 3016
3 3019 3018 2810
3 2810 3018 2809
3 3020 2810 2811
3 3020 3019 2810
3 3021 2811 2812
3 3021 3020 2811
3 3022 2812 2813
3 3022 3021 2812
3 3024 3023 2815
3 3023 2813 2815
3 3023 3022 2813
3 3024 3025 3023
3 2984 2985 3026
3 3026 2985 3027
3 3026 2817 2786
3 3026 2786 2984
3 2819 2987 2789
3 2819 3028 2987
3 2999 2820 2802
3 2820 2999 2821
3 2821 2999 3001
3 2821 3001 2822
3 2822 3001 3003
3 2822 3003 2823
3 2823 3003 3005
3 2823 3005 2824
3 2824 3005 3006
3 2824 3006 2825
3 2825 3006 3008
3 2825 3008 2826
3 2826 3008 3010
3 3012 3029 3010
3 3029 2826 3010
3 3029 2827 2826
3 2805 2827 3016
3 2827 3030 3016
3 2827 3029 3030
3 3016 3030 3017
3 3018 3031 2809
3 2809 3031 2828
3 2828 3032 2829
3 3031 3032 2828
3 2829 3033 2830
3 3032 3033 2829
3 2830 3034 2831
3 3033 3034 2830
3 2831 3034 2815
3 3034 3035 2815
3 3035 3024 2815
3 3035 3034 3036
3 3025 3024 3037
3 3024 3038 3037
3 3024 3035 3038
3 3037 3038 3027
3 3027 3038 3026
3 3038 2832 3026
3 2832 2833 3026
3 3039 2833 2835
3 3039 3026 2833
3 3039 2836 2817
3 3026 3039 2817
3 2837 3028 2819
3 2837 3040 3028
3 3036 3041 3035
3 3043 3042 3041
3 3042 3035 3041
3 3042 3038 3035
3 3044 2838 2832
3 3038 3044 2832
3 3042 3044 3038
3 3039 2835 2838
3 3044 3039 2838
3 3045 3039 3044
3 2839 2840 3046
3 3046 2840 3047
3 3043 3048 3042
3 3042 3048 3044
3 3044 3048 3049
3 3051 3050 3049
3 3050 3044 3049
3 3050 3045 3044
3 2840 3053 3052
3 3054 2840 3052
3 3047 2840 3054
3 3056 3055 3053
3 3053 3055 3052
3 3058 3057 3056
3 3056 3057 3055
3 3060 3059 3058
3 3058 3059 3057
3 3062 3061 3060
3 3060 3061 3059
3 2841 3063 3062
3 3062 3063 3061
3 2842 3063 2841
3 3050 3051 3064
3 3064 3051 3065
3 3068 3067 3066
3 3052 3068 3066
3 3055 3068 3052
3 3069 3055 3057
3 3068 3055 3069
3 3070 3057 3059
3 3069 3057 3070
3 3071 3059 3061
3 3070 3059 3071
3 3072 3061 3063
3 3071 3061 3072
3 2845 3072 2842
3 2842 3072 3063
3 3064 3065 3073
3 3073 3065 3074
3 3067 3068 3075
3 3067 3075 3076
3 3077 3068 3069
3 3075 3068 3077
3 3078 3069 3070
3 3077 3069 3078
3 3079 3070 3071
3 3078 3070 3079
3 3080 3071 3072
3 3079 3071 3080
3 2852 3080 2845
3 2845 3080 3072
3 3073 3074 3081
3 3081 3074 3082
3 3076 3075 3083
3 3076 3083 3084
3 3085 3075 3077
3 3083 3075 3085
3 3086 3077 3078
3 3085 3077 3086
3 3087 3078 3079
3 3086 3078 3087
3 3088 3079 3080
3 3087 3079 3088
3 2857 3088 2852
3 2852 3088 3080
3 3081 3082 3089
3 3089 3082 3090
3 3084 3083 3091
3 3084 3091 3092
3 3093 3083 3085
3 3091 3083 3093
3 3094 3085 3086
3 3093 3085 3094
3 3095 3086 3087
3 3094 3086 3095
3 3096 3087 3088
3 3095 3087 3096
3 2862 3096 2857
3 2857 3096 3088
3 3089 3090 3097
3 3097 3090 3098
3 3092 3091 3099
3 3092 3099 3100
3 3101 3091 3093
3 3099 3091 3101
3 3102 3093 3094
3 3101 3093 3102
3 3103 3094 3095
3 3102 3094 3103
3 3104 3095 3096
3 3103 3095 3104
3 2867 3104 2862
3 2862 3104 3096
3 3098 3105 3097
3 3100 3099 3106
3 3100 3106 3107
3 3108 3099 3101
3 3106 3099 3108
3 3109 3101 3102
3 3108 3101 3109
3 2870 3109 2869
3 3109 3103 2869
3 3109 3102 3103
3 2869 3103 2871
3 2871 3103 3104
3 2871 3104 2867
3 3111 3110 2873
3 3111 2873 2874
3 2873 3112 2875
3 3110 3112 2873
3 2875 3113 2876
3 3112 3113 2875
3 2876 3114 2877
3 3113 3114 2876
3 3106 2878 3107
3 2878 3114 3107
3 2878 2877 3114
3 2878 3106 2879
3 2879 3106 3108
3 2879 3108 2880
3 2880 3108 3109
3 2880 3109 2870
3 3117 3116 3115
3 2882 2883 3115
3 2883 3117 3115
3 2883 3118 3117
3 2885 3120 3119
3 3121 2885 3119
3 2887 2885 3121
3 2887 3122 2888
3 3121 3122 2887
3 2888 3123 2889
3 3122 3123 2888
3 2889 3124 2890
3 3123 3124 2889
3 2890 3125 2891
3 3124 3125 2890
3 2891 3126 2892
3 3125 3126 2891
3 2892 3127 2893
3 3126 3127 2892
3 2893 3128 2894
3 3127 3128 2893
3 2894 3129 2895
3 3128 3129 2894
3 2895 3130 2896
3 3129 3130 2895
3 2896 3131 2897
3 3130 3131 2896
3 2874 2897 3111
3 3111 2897 3131
3 3134 3133 3132
3 2899 2900 3132
3 2900 3134 3132
3 2900 3135 3134
3 3137 3136 2901
3 3136 2900 2901
3 3136 3135 2900
3 3136 3137 3116
3 3116 3137 3115
3 3137 2902 3115
3 2902 2903 3115
3 3115 2903 2882
3 2904 2905 3120
3 2905 3119 3120
3 2905 3138 3119
3 3141 3140 3139
3 2908 2909 3139
3 2909 3141 3139
3 2909 3142 3141
3 3143 2909 2910
3 3143 3142 2909
3 2911 3132 3133
3 3143 2911 3133
3 2910 2911 3143
3 3132 2911 2899
3 2912 3137 2901
3 3137 2912 2902
3 2913 3138 2905
3 2913 3144 3138
3 3147 3146 3145
3 3149 3148 3145
3 3145 3148 3147
3 3149 2915 3148
3 2915 2916 3148
3 3151 3150 3148
3 3151 3148 2916
3 2917 3152 2916
3 2916 3152 3151
3 3152 2917 3153
3 2917 3154 3153
3 2917 2918 3154
3 3155 2918 2919
3 3155 3154 2918
3 3156 2919 2920
3 3156 3155 2919
3 3157 2920 2921
3 3157 3156 2920
3 3158 2921 2922
3 3158 3157 2921
3 3159 2922 2923
3 3159 3158 2922
3 3160 2923 2924
3 3160 3159 2923
3 3161 2924 2925
3 3161 3160 2924
3 2926 3139 3140
3 3161 2926 3140
3 2925 2926 3161
3 3139 2926 2908
3 3162 2929 2928
3 3162 3163 2929
3 3164 2928 2930
3 3164 3162 2928
3 3165 2930 2931
3 3165 3164 2930
3 3166 2931 2932
3 3166 3165 2931
3 3167 2932 2933
3 3167 3166 2932
3 3168 2933 2934
3 3168 3167 2933
3 3169 2934 2935
3 3169 3168 2934
3 3170 2935 2936
3 3170 3169 2935
3 3171 2936 2937
3 3171 3170 2936
3 2938 3145 3146
3 3171 2938 3146
3 2937 2938 3171
3 3145 2938 2939
3 3145 2939 3149
3 3151 3172 3150
3 2915 3149 2939
3 3172 3151 3152
3 3172 3152 3173
3 3173 3152 3153
3 3176 3175 3174
3 3179 3178 3177
3 3182 3181 3180
3 3178 3183 3177
3 3184 3177 3183
3 3187 3186 3185
3 3186 3188 3185
3 3186 3189 3188
3 3192 3191 3190
3 3192 3193 3191
3 3176 3174 3194
3 3176 3194 3195
3 3174 3197 3196
3 3198 3174 3196
3 3194 3174 3198
3 3200 3199 3198
3 3200 3198 3196
3 3202 3201 3199
3 3202 3199 3200
3 3204 3203 3201
3 3204 3201 3202
3 3203 3204 3179
3 3177 3203 3179
3 3205 3203 3177
3 3206 3177 3184
3 3205 3177 3206
3 3207 2956 2954
3 3184 3207 2954
3 3206 3184 2954
3 3207 3184 3208
3 2941 2956 3209
3 2956 3210 3209
3 2956 3207 3210
3 3209 3210 3211
3 3211 3210 3212
3 3211 3212 3188
3 3188 3212 3213
3 3188 3213 3185
3 3216 3215 3214
3 3214 3215 3217
3 3216 3219 3218
3 3216 3214 3219
3 3218 3220 3193
3 3218 3219 3220
3 3193 3221 3191
3 3193 3220 3221
3 3191 3223 3222
3 3191 3221 3223
3 3226 3225 3224
3 3228 3227 3224
3 3228 3224 3225
3 3229 3227 3228
3 3232 3231 3230
3 2958 2959 3230
3 3231 2958 3230
3 3233 2958 3231
3 3194 2961 3195
3 2961 3233 3195
3 2961 2958 3233
3 2961 3194 2962
3 3194 3234 2962
3 3194 3198 3234
3 3235 3198 3199
3 3234 3198 3235
3 3236 3199 3201
3 3235 3199 3236
3 2965 3236 2964
3 3236 3203 2964
3 3236 3201 3203
3 2964 3203 2967
3 2967 3203 3205
3 2967 3205 2968
3 2968 3205 3206
3 2968 3206 2954
3 3217 3237 3214
3 3239 3238 3237
3 3238 3214 3237
3 3238 3219 3214
3 3219 3240 3220
3 3219 3238 3240
3 3220 3241 3221
3 3220 3240 3241
3 3241 2971 2972
3 3223 3241 2972
3 3221 3241 3223
3 3244 3243 3242
3 3246 3245 3242
3 3246 3242 3243
3 3245 3248 3247
3 3245 3224 3248
3 3245 3246 3226
3 3224 3245 3226
3 3248 3224 3227
3 3248 3227 3249
3 3249 3227 3229
3 3250 3232 3230
3 3250 3230 2959
3 2973 3250 2959
3 3251 3250 2973
3 3253 3251 3252
3 3251 2974 3252
3 3251 2973 2974
3 2962 3234 2974
3 3234 3252 2974
3 3234 3254 3252
3 3257 3256 3255
3 2976 2977 3235
3 3254 3235 2977
3 3235 3254 3234
3 3256 3257 3258
3 2978 3258 3257
3 3258 2978 3236
3 2976 3236 2978
3 3236 2976 3235
3 3258 3236 2965
3 2979 3258 2965
3 3259 3258 2979
3 3261 3259 3260
3 3259 2980 3260
3 3259 2979 2980
3 2981 3262 2980
3 2980 3262 3260
3 3264 3262 3263
3 3262 2981 3263
3 2982 3265 3263
3 2982 3263 2981
3 3267 3266 3265
3 3265 3266 3263
3 3267 3268 3266
3 3271 3270 3269
3 3273 3272 3269
3 3269 3272 3271
3 3272 3273 3239
3 3273 3238 3239
3 3273 3274 3238
3 3238 3275 3240
3 3238 3274 3275
3 3240 3276 3241
3 3240 3275 3276
3 3276 2985 2971
3 3276 2971 3241
3 3244 3242 3277
3 3244 3277 3278
3 2987 3277 2986
3 3277 3245 2986
3 3277 3242 3245
3 3247 3279 3245
3 3279 2986 3245
3 3279 2988 2986
3 2988 3280 2989
3 3279 3280 2988
3 2989 3281 2990
3 3280 3281 2989
3 2990 3282 2991
3 3281 3282 2990
3 2991 3283 2992
3 3282 3283 2991
3 2992 3284 2993
3 3283 3284 2992
3 2993 3285 2994
3 3284 3285 2993
3 2994 3286 2995
3 3285 3286 2994
3 2995 3287 2996
3 3286 3287 2995
3 2996 3288 2997
3 3287 3288 2996
3 2997 3289 2998
3 3288 3289 2997
3 3252 3000 3253
3 3000 3289 3253
3 3000 2998 3289
3 3000 3252 3002
3 3002 3252 3254
3 3255 3290 3257
3 3002 3254 2977
3 3257 3290 2978
3 3290 3004 2978
3 3290 3291 3004
3 3004 3292 3007
3 3291 3292 3004
3 3260 3009 3261
3 3009 3292 3261
3 3009 3007 3292
3 3009 3260 3011
3 3011 3260 3262
3 2982 3011 3293
3 3265 2982 3293
3 3013 3265 3293
3 3012 3013 3293
3 3294 3012 3293
3 3264 3294 3293
3 3262 3264 3293
3 3011 3262 3293
3 3265 3013 3015
3 3265 3015 3267
3 3296 3295 3017
3 3017 3295 3015
3 3295 3268 3015
3 3268 3267 3015
3 3018 3019 3296
3 3019 3295 3296
3 3019 3297 3295
3 3020 3269 3270
3 3297 3020 3270
3 3019 3020 3297
3 3269 3020 3021
3 3269 3021 3273
3 3273 3021 3022
3 3273 3022 3274
3 3274 3022 3023
3 3274 3023 3275
3 3275 3023 3025
3 3298 3275 3025
3 3276 3275 3298
3 3298 3027 2985
3 3298 2985 3276
3 3278 3277 3299
3 3278 3299 3300
3 3028 3299 2987
3 2987 3299 3277
3 3294 3301 3012
3 3012 3301 3029
3 3029 3302 3030
3 3301 3302 3029
3 3017 3030 3296
3 3030 3303 3296
3 3030 3302 3303
3 3296 3303 3018
3 3303 3031 3018
3 3303 3304 3031
3 3031 3305 3032
3 3304 3305 3031
3 3305 3307 3306
3 3033 3305 3306
3 3032 3305 3033
3 3308 3034 3033
3 3308 3033 3306
3 3308 3036 3034
3 3037 3298 3025
3 3298 3037 3027
3 3300 3299 3309
3 3300 3309 3310
3 3040 3309 3028
3 3028 3309 3299
3 3306 3307 3311
3 3311 3307 3312
3 3306 3313 3308
3 3306 3311 3313
3 3314 3041 3036
3 3308 3314 3036
3 3313 3314 3308
3 3314 3043 3041
3 3310 3309 3315
3 3310 3315 3316
3 3318 3317 3040
3 3317 3309 3040
3 3317 3315 3309
3 3320 3319 3318
3 3318 3319 3317
3 3322 3321 3320
3 3320 3321 3319
3 3324 3323 3322
3 3322 3323 3321
3 3326 3325 3324
3 3324 3325 3323
3 3328 3327 3326
3 3326 3327 3325
3 3330 3329 3328
3 3328 3329 3327
3 3332 3331 3330
3 3330 3331 3329
3 3334 3333 3332
3 3332 3333 3331
3 3336 3335 3334
3 3334 3335 3333
3 3338 3337 3336
3 3336 3337 3335
3 3340 3339 3338
3 3338 3339 3337
3 3342 3341 3340
3 3340 3341 3339
3 3046 3343 3342
3 3342 3343 3341
3 3047 3343 3046
3 3312 3344 3311
3 3311 3344 3313
3 3313 3344 3345
3 3347 3346 3345
3 3346 3313 3345
3 3346 3314 3313
3 3348 3048 3043
3 3314 3348 3043
3 3346 3348 3314
3 3349 3049 3048
3 3349 3048 3348
3 3349 3051 3049
3 3316 3315 3350
3 3316 3350 3351
3 3352 3315 3317
3 3350 3315 3352
3 3353 3317 3319
3 3352 3317 3353
3 3354 3319 3321
3 3353 3319 3354
3 3355 3321 3323
3 3354 3321 3355
3 3356 3323 3325
3 3355 3323 3356
3 3357 3325 3327
3 3356 3325 3357
3 3358 3327 3329
3 3357 3327 3358
3 3359 3329 3331
3 3358 3329 3359
3 3360 3331 3333
3 3359 3331 3360
3 3361 3333 3335
3 3360 3333 3361
3 3362 3335 3337
3 3361 3335 3362
3 3363 3337 3339
3 3362 3337 3363
3 3364 3339 3341
3 3363 3339 3364
3 3365 3341 3343
3 3364 3341 3365
3 3054 3365 3047
3 3047 3365 3343
3 3346 3347 3366
3 3366 3347 3367
3 3369 3348 3368
3 3348 3366 3368
3 3348 3346 3366
3 3371 3370 3369
3 3370 3348 3369
3 3370 3349 3348
3 3370 3065 3051
3 3370 3051 3349
3 3351 3350 3372
3 3351 3372 3373
3 3374 3350 3352
3 3372 3350 3374
3 3375 3352 3353
3 3374 3352 3375
3 3376 3353 3354
3 3375 3353 3376
3 3377 3354 3355
3 3376 3354 3377
3 3378 3355 3356
3 3377 3355 3378
3 3379 3356 3357
3 3378 3356 3379
3 3380 3357 3358
3 3379 3357 3380
3 3381 3358 3359
3 3380 3358 3381
3 3382 3359 3360
3 3381 3359 3382
3 3383 3360 3361
3 3382 3360 3383
3 3384 3361 3362
3 3383 3361 3384
3 3385 3362 3363
3 3384 3362 3385
3 3386 3363 3364
3 3385 3363 3386
3 3387 3364 3365
3 3386 3364 3387
3 3066 3388 3054
3 3388 3365 3054
3 3388 3387 3365
3 3067 3388 3066
3 3367 3389 3366
3 3392 3391 3390
3 3366 3389 3368
3 3390 3391 3371
3 3391 3370 3371
3 3391 3393 3370
3 3393 3074 3065
3 3393 3065 3370
3 3373 3372 3394
3 3373 3394 3395
3 3396 3372 3374
3 3394 3372 3396
3 3397 3374 3375
3 3396 3374 3397
3 3398 3375 3376
3 3397 3375 3398
3 3399 3376 3377
3 3398 3376 3399
3 3400 3377 3378
3 3399 3377 3400
3 3401 3378 3379
3 3400 3378 3401
3 3402 3379 3380
3 3401 3379 3402
3 3403 3380 3381
3 3402 3380 3403
3 3404 3381 3382
3 3403 3381 3404
3 3405 3382 3383
3 3404 3382 3405
3 3406 3383 3384
3 3405 3383 3406
3 3407 3384 3385
3 3406 3384 3407
3 3408 3385 3386
3 3407 3385 3408
3 3409 3386 3387
3 3408 3386 3409
3 3410 3387 3388
3 3409 3387 3410
3 3076 3410 3067
3 3067 3410 3388
3 3413 3412 3411
3 3415 3414 3411
3 3411 3414 3413
3 3416 3391 3392
3 3415 3417 3414
3 3419 3418 3416
3 3418 3391 3416
3 3418 3393 3391
3 3418 3082 3074
3 3418 3074 3393
3 3422 3421 3420
3 3394 3422 3420
3 3396 3422 3394
3 3423 3396 3397
3 3422 3396 3423
3 3424 3397 3398
3 3423 3397 3424
3 3425 3398 3399
3 3424 3398 3425
3 3426 3399 3400
3 3425 3399 3426
3 3427 3400 3401
3 3426 3400 3427
3 3428 3401 3402
3 3427 3401 3428
3 3429 3402 3403
3 3428 3402 3429
3 3430 3403 3404
3 3429 3403 3430
3 3431 3404 3405
3 3430 3404 3431
3 3432 3405 3406
3 3431 3405 3432
3 3433 3406 3407
3 3432 3406 3433
3 3434 3407 3408
3 3433 3407 3434
3 3435 3408 3409
3 3434 3408 3435
3 3436 3409 3410
3 3435 3409 3436
3 3084 3436 3076
3 3076 3436 3410
3 3412 3437 3411
3 3439 3438 3437
3 3438 3411 3437
3 3438 3415 3411
3 3417 3415 3440
3 3415 3441 3440
3 3415 3438 3441
3 3443 3442 3441
3 3442 3418 3441
3 3419 3440 3441
3 3419 3441 3418
3 3082 3418 3442
3 3444 3082 3442
3 3090 3082 3444
3 3447 3446 3445
3 3445 3446 3421
3 3422 3445 3421
3 3448 3445 3422
3 3449 3422 3423
3 3448 3422 3449
3 3450 3423 3424
3 3449 3423 3450
3 3451 3424 3425
3 3450 3424 3451
3 3452 3425 3426
3 3451 3425 3452
3 3453 3426 3427
3 3452 3426 3453
3 3454 3427 3428
3 3453 3427 3454
3 3455 3428 3429
3 3454 3428 3455
3 3456 3429 3430
3 3455 3429 3456
3 3457 3430 3431
3 3456 3430 3457
3 3458 3431 3432
3 3457 3431 3458
3 3459 3432 3433
3 3458 3432 3459
3 3460 3433 3434
3 3459 3433 3460
3 3461 3434 3435
3 3460 3434 3461
3 3462 3435 3436
3 3461 3435 3462
3 3092 3462 3084
3 3084 3462 3436
3 3439 3463 3438
3 3438 3463 3441
3 3441 3463 3464
3 3441 3464 3443
3 3444 3098 3090
3 3465 3098 3444
3 3468 3467 3466
3 3445 3468 3466
3 3448 3468 3445
3 3469 3448 3449
3 3468 3448 3469
3 3470 3449 3450
3 3469 3449 3470
3 3471 3450 3451
3 3470 3450 3471
3 3472 3451 3452
3 3471 3451 3472
3 3473 3452 3453
3 3472 3452 3473
3 3474 3453 3454
3 3473 3453 3474
3 3475 3454 3455
3 3474 3454 3475
3 3476 3455 3456
3 3475 3455 3476
3 3477 3456 3457
3 3476 3456 3477
3 3478 3457 3458
3 3477 3457 3478
3 3479 3458 3459
3 3478 3458 3479
3 3480 3459 3460
3 3479 3459 3480
3 3481 3460 3461
3 3480 3460 3481
3 3482 3461 3462
3 3481 3461 3482
3 3100 3482 3092
3 3092 3482 3462
3 3105 3098 3483
3 3098 3484 3483
3 3098 3465 3484
3 3487 3486 3485
3 3485 3486 3467
3 3468 3485 3467
3 3488 3485 3468
3 3489 3468 3469
3 3488 3468 3489
3 3490 3469 3470
3 3489 3469 3490
3 3491 3470 3471
3 3490 3470 3491
3 3492 3471 3472
3 3491 3471 3492
3 3493 3472 3473
3 3492 3472 3493
3 3494 3473 3474
3 3493 3473 3494
3 3495 3474 3475
3 3494 3474 3495
3 3496 3475 3476
3 3495 3475 3496
3 3497 3476 3477
3 3496 3476 3497
3 3498 3477 3478
3 3497 3477 3498
3 3499 3478 3479
3 3498 3478 3499
3 3500 3479 3480
3 3499 3479 3500
3 3501 3480 3481
3 3500 3480 3501
3 3502 3481 3482
3 3501 3481 3502
3 3107 3502 3100
3 3100 3502 3482
3 3483 3484 3503
3 3503 3484 3504
3 3487 3485 3505
3 3487 3505 3506
3 3507 3485 3488
3 3505 3485 3507
3 3508 3488 3489
3 3507 3488 3508
3 3509 3489 3490
3 3508 3489 3509
3 3510 3490 3491
3 3509 3490 3510
3 3511 3491 3492
3 3510 3491 3511
3 3512 3492 3493
3 3511 3492 3512
3 3513 3493 3494
3 3512 3493 3513
3 3514 3494 3495
3 3513 3494 3514
3 3515 3495 3496
3 3514 3495 3515
3 3516 3496 3497
3 3515 3496 3516
3 3517 3497 3498
3 3516 3497 3517
3 3111 3517 3110
3 3517 3499 3110
3 3517 3498 3499
3 3110 3499 3112
3 3112 3499 3500
3 3112 3500 3113
3 3113 3500 3501
3 3113 3501 3114
3 3114 3501 3502
3 3114 3502 3107
3 3520 3519 3518
3 3116 3117 3518
3 3117 3520 3518
3 3117 3521 3520
3 3118 3503 3504
3 3521 3118 3504
3 3117 3118 3521
3 3506 3505 3522
3 3506 3522 3523
3 3119 3522 3121
3 3522 3507 3121
3 3522 3505 3507
3 3121 3507 3122
3 3122 3507 3508
3 3122 3508 3123
3 3123 3508 3509
3 3123 3509 3124
3 3124 3509 3510
3 3124 3510 3125
3 3125 3510 3511
3 3125 3511 3126
3 3126 3511 3512
3 3126 3512 3127
3 3127 3512 3513
3 3127 3513 3128
3 3128 3513 3514
3 3128 3514 3129
3 3129 3514 3515
3 3129 3515 3130
3 3130 3515 3516
3 3130 3516 3131
3 3131 3516 3517
3 3131 3517 3111
3 3526 3525 3524
3 3133 3134 3524
3 3134 3526 3524
3 3134 3527 3526
3 3528 3134 3135
3 3528 3527 3134
3 3136 3518 3519
3 3528 3136 3519
3 3135 3136 3528
3 3518 3136 3116
3 3523 3522 3529
3 3523 3529 3530
3 3138 3529 3119
3 3119 3529 3522
3 3533 3532 3531
3 3140 3141 3531
3 3141 3533 3531
3 3141 3534 3533
3 3535 3141 3142
3 3535 3534 3141
3 3143 3524 3525
3 3535 3143 3525
3 3142 3143 3535
3 3524 3143 3133
3 3529 3138 3536
3 3138 3537 3536
3 3138 3144 3537
3 3538 3146 3147
3 3148 3539 3147
3 3147 3539 3538
3 3150 3539 3148
3 3542 3541 3540
3 3153 3154 3540
3 3154 3542 3540
3 3154 3543 3542
3 3544 3154 3155
3 3544 3543 3154
3 3545 3155 3156
3 3545 3544 3155
3 3546 3156 3157
3 3546 3545 3156
3 3547 3157 3158
3 3547 3546 3157
3 3548 3158 3159
3 3548 3547 3158
3 3549 3159 3160
3 3549 3548 3159
3 3161 3531 3532
3 3549 3161 3532
3 3160 3161 3549
3 3531 3161 3140
3 3550 3163 3162
3 3550 3551 3163
3 3552 3162 3164
3 3552 3550 3162
3 3553 3164 3165
3 3553 3552 3164
3 3554 3165 3166
3 3554 3553 3165
3 3555 3166 3167
3 3555 3554 3166
3 3556 3167 3168
3 3556 3555 3167
3 3557 3168 3169
3 3557 3556 3168
3 3558 3169 3170
3 3558 3557 3169
3 3559 3170 3171
3 3559 3558 3170
3 3171 3146 3538
3 3560 3171 3538
3 3559 3171 3560
3 3560 3538 3539
3 3560 3539 3561
3 3561 3539 3150
3 3172 3561 3150
3 3562 3561 3172
3 3173 3540 3541
3 3562 3173 3541
3 3172 3173 3562
3 3540 3173 3153
3 3565 3564 3563
3 3563 3564 3566
3 3563 3566 3567
3 3179 3563 3567
3 3178 3179 3567
3 3178 3567 3183
3 3183 3567 3568
3 3183 3568 3208
3 3568 3569 3208
3 3568 3570 3569
3 3572 3570 3571
3 3569 3570 3572
3 3574 3571 3573
3 3572 3571 3574
3 3576 3573 3575
3 3574 3573 3576
3 3185 3576 3187
3 3576 3577 3187
3 3576 3575 3577
3 3187 3577 3215
3 3577 3578 3215
3 3577 3579 3578
3 3581 3579 3580
3 3578 3579 3581
3 3583 3580 3582
3 3581 3580 3583
3 3585 3582 3584
3 3583 3582 3585
3 3207 3586 3210
3 3587 3210 3586
3 3210 3587 3572
3 3588 3572 3587
3 3572 3588 3569
3 3210 3572 3212
3 3212 3572 3574
3 3212 3574 3213
3 3213 3574 3576
3 3213 3576 3185
3 3589 3217 3578
3 3578 3217 3215
3 3590 3578 3581
3 3589 3578 3590
3 3591 3581 3583
3 3590 3581 3591
3 3592 3583 3585
3 3591 3583 3592
3 3595 3594 3593
3 3225 3226 3593
3 3594 3225 3593
3 3596 3225 3594
3 3596 3598 3597
3 3228 3596 3597
3 3225 3596 3228
3 3597 3229 3228
3 3232 3599 3231
3 3600 3233 3231
3 3600 3231 3599
3 3601 3195 3233
3 3600 3601 3233
3 3602 3601 3600
3 3601 3604 3603
3 3601 3602 3604
3 3607 3606 3605
3 3606 3604 3605
3 3606 3603 3604
3 3606 3607 3608
3 3608 3607 3609
3 3608 3609 3610
3 3610 3609 3611
3 3610 3611 3612
3 3612 3611 3613
3 3612 3613 3614
3 3614 3613 3615
3 3614 3615 3586
3 3586 3615 3616
3 3586 3616 3587
3 3237 3217 3589
3 3619 3618 3617
3 3617 3618 3620
3 3239 3620 3618
3 3620 3239 3590
3 3237 3590 3239
3 3590 3237 3589
3 3620 3590 3591
3 3620 3591 3621
3 3621 3591 3592
3 3621 3592 3622
3 3622 3592 3623
3 3624 3595 3593
3 3243 3624 3593
3 3246 3243 3593
3 3624 3243 3625
3 3246 3593 3226
3 3626 3247 3248
3 3598 3627 3597
3 3627 3248 3597
3 3248 3249 3597
3 3248 3627 3626
3 3597 3628 3229
3 3628 3597 3629
3 3249 3629 3597
3 3629 3249 3630
3 3229 3630 3249
3 3630 3229 3628
3 3632 3631 3630
3 3632 3630 3628
3 3634 3633 3631
3 3634 3631 3632
3 3635 3633 3634
3 3250 3599 3232
3 3599 3250 3251
3 3599 3251 3600
3 3600 3251 3253
3 3636 3600 3253
3 3602 3600 3636
3 3602 3637 3604
3 3602 3636 3637
3 3256 3638 3255
3 3638 3604 3255
3 3604 3637 3255
3 3604 3638 3605
3 3639 3256 3258
3 3639 3638 3256
3 3640 3258 3259
3 3640 3639 3258
3 3259 3261 3640
3 3640 3261 3641
3 3644 3643 3642
3 3264 3263 3642
3 3263 3644 3642
3 3263 3645 3644
3 3646 3263 3266
3 3646 3645 3263
3 3266 3268 3646
3 3646 3268 3647
3 3649 3648 3271
3 3271 3648 3270
3 3272 3618 3619
3 3649 3272 3619
3 3271 3272 3649
3 3618 3272 3239
3 3652 3651 3650
3 3624 3625 3653
3 3653 3625 3654
3 3626 3279 3247
3 3627 3655 3626
3 3655 3279 3626
3 3655 3280 3279
3 3630 3281 3629
3 3281 3655 3629
3 3281 3280 3655
3 3281 3630 3282
3 3282 3630 3631
3 3282 3631 3283
3 3283 3631 3633
3 3635 3656 3633
3 3656 3283 3633
3 3656 3284 3283
3 3284 3657 3285
3 3656 3657 3284
3 3285 3658 3286
3 3657 3658 3285
3 3286 3659 3287
3 3658 3659 3286
3 3287 3660 3288
3 3659 3660 3287
3 3288 3661 3289
3 3660 3661 3288
3 3253 3289 3636
3 3289 3662 3636
3 3289 3661 3662
3 3636 3662 3637
3 3637 3662 3663
3 3663 3665 3664
3 3663 3664 3290
3 3637 3663 3290
3 3255 3637 3290
3 3666 3291 3290
3 3666 3290 3664
3 3667 3292 3291
3 3667 3291 3666
3 3641 3261 3668
3 3261 3667 3668
3 3667 3669 3668
3 3261 3292 3667
3 3668 3669 3643
3 3669 3642 3643
3 3669 3670 3642
3 3670 3294 3264
3 3670 3264 3642
3 3671 3647 3268
3 3671 3268 3295
3 3672 3295 3297
3 3672 3671 3295
3 3297 3270 3648
3 3297 3648 3672
3 3673 3652 3650
3 3673 3650 3674
3 3653 3654 3675
3 3675 3654 3676
3 3665 3677 3664
3 3664 3677 3666
3 3666 3677 3678
3 3666 3678 3667
3 3667 3678 3679
3 3667 3679 3669
3 3669 3679 3680
3 3669 3680 3670
3 3670 3680 3681
3 3670 3681 3294
3 3681 3301 3294
3 3681 3682 3301
3 3301 3683 3302
3 3682 3683 3301
3 3302 3684 3303
3 3683 3684 3302
3 3684 3686 3685
3 3304 3684 3685
3 3303 3684 3304
3 3687 3305 3304
3 3687 3304 3685
3 3687 3307 3305
3 3675 3676 3688
3 3688 3676 3689
3 3686 3690 3685
3 3692 3691 3690
3 3691 3685 3690
3 3691 3687 3685
3 3691 3312 3307
3 3691 3307 3687
3 3688 3689 3693
3 3693 3689 3694
3 3692 3695 3691
3 3691 3695 3312
3 3695 3344 3312
3 3695 3696 3344
3 3696 3698 3697
3 3345 3696 3697
3 3344 3696 3345
3 3697 3347 3345
3 3693 3694 3699
3 3699 3694 3700
3 3703 3702 3701
3 3703 3701 3698
3 3701 3697 3698
3 3701 3704 3697
3 3704 3367 3347
3 3704 3347 3697
3 3368 3705 3369
3 3705 3371 3369
3 3699 3700 3706
3 3706 3700 3707
3 3702 3708 3701
3 3710 3709 3708
3 3709 3701 3708
3 3709 3704 3701
3 3711 3389 3367
3 3704 3711 3367
3 3709 3711 3704
3 3711 3368 3389
3 3711 3705 3368
3 3711 3392 3390
3 3705 3711 3390
3 3705 3390 3371
3 3706 3707 3712
3 3712 3707 3713
3 3716 3715 3714
3 3718 3717 3714
3 3714 3717 3716
3 3717 3718 3710
3 3710 3718 3709
3 3718 3412 3709
3 3412 3413 3709
3 3709 3413 3414
3 3709 3414 3711
3 3719 3414 3417
3 3719 3711 3414
3 3719 3416 3392
3 3711 3719 3392
3 3719 3419 3416
3 3420 3421 3713
3 3421 3712 3713
3 3421 3720 3712
3 3723 3722 3721
3 3721 3724 3723
3 3714 3715 3725
3 3725 3715 3726
3 3714 3727 3718
3 3714 3725 3727
3 3728 3437 3412
3 3718 3728 3412
3 3727 3728 3718
3 3728 3439 3437
3 3440 3719 3417
3 3419 3719 3440
3 3442 3443 3729
3 3729 3444 3442
3 3731 3730 3446
3 3730 3421 3446
3 3730 3720 3421
3 3721 3722 3732
3 3732 3722 3733
3 3724 3721 3734
3 3734 3721 3732
3 3726 3735 3725
3 3737 3736 3735
3 3736 3725 3735
3 3736 3727 3725
3 3739 3728 3738
3 3728 3736 3738
3 3728 3727 3736
3 3739 3741 3740
3 3739 3740 3463
3 3728 3739 3463
3 3439 3728 3463
3 3463 3740 3742
3 3743 3463 3742
3 3464 3463 3743
3 3464 3743 3443
3 3743 3744 3443
3 3744 3729 3443
3 3744 3743 3745
3 3744 3465 3444
3 3744 3444 3729
3 3466 3467 3731
3 3467 3730 3731
3 3467 3746 3730
3 3733 3747 3732
3 3732 3747 3734
3 3737 3748 3736
3 3736 3748 3738
3 3741 3749 3740
3 3752 3751 3750
3 3740 3749 3742
3 3750 3751 3745
3 3751 3744 3745
3 3751 3753 3744
3 3753 3484 3465
3 3753 3465 3744
3 3755 3754 3486
3 3754 3467 3486
3 3754 3746 3467
3 3751 3752 3756
3 3756 3752 3757
3 3751 3758 3753
3 3751 3756 3758
3 3758 3504 3484
3 3758 3484 3753
3 3754 3755 3759
3 3759 3755 3760
3 3763 3762 3761
3 3765 3764 3761
3 3761 3764 3763
3 3764 3765 3757
3 3757 3765 3756
3 3765 3519 3756
3 3519 3520 3756
3 3756 3520 3521
3 3756 3521 3758
3 3758 3521 3504
3 3759 3760 3766
3 3766 3760 3767
3 3770 3769 3768
3 3772 3771 3768
3 3768 3771 3770
3 3525 3526 3772
3 3526 3771 3772
3 3526 3773 3771
3 3527 3761 3762
3 3773 3527 3762
3 3526 3527 3773
3 3761 3527 3528
3 3761 3528 3765
3 3765 3528 3519
3 3766 3767 3774
3 3774 3767 3775
3 3778 3777 3776
3 3532 3533 3776
3 3533 3778 3776
3 3533 3779 3778
3 3534 3768 3769
3 3779 3534 3769
3 3533 3534 3779
3 3768 3534 3535
3 3768 3535 3772
3 3772 3535 3525
3 3536 3537 3775
3 3537 3774 3775
3 3537 3780 3774
3 3783 3782 3781
3 3785 3784 3781
3 3781 3784 3783
3 3787 3786 3785
3 3785 3786 3784
3 3541 3542 3787
3 3542 3786 3787
3 3542 3788 3786
3 3789 3542 3543
3 3789 3788 3542
3 3790 3543 3544
3 3790 3789 3543
3 3791 3544 3545
3 3791 3790 3544
3 3792 3545 3546
3 3792 3791 3545
3 3793 3546 3547
3 3793 3792 3546
3 3794 3547 3548
3 3794 3793 3547
3 3549 3776 3777
3 3794 3549 3777
3 3548 3549 3794
3 3776 3549 3532
3 3795 3551 3550
3 3795 3796 3551
3 3797 3550 3552
3 3797 3795 3550
3 3798 3552 3553
3 3798 3797 3552
3 3799 3553 3554
3 3799 3798 3553
3 3800 3554 3555
3 3800 3799 3554
3 3801 3555 3556
3 3801 3800 3555
3 3802 3556 3557
3 3802 3801 3556
3 3803 3557 3558
3 3803 3802 3557
3 3804 3558 3559
3 3804 3803 3558
3 3560 3781 3782
3 3804 3560 3782
3 3559 3560 3804
3 3781 3560 3561
3 3781 3561 3785
3 3785 3561 3562
3 3785 3562 3787
3 3787 3562 3541
3 3806 3805 3594
3 3806 3594 3595
3 3809 3808 3807
3 3811 3810 3807
3 3811 3807 3808
3 3813 3812 3810
3 3813 3810 3811
3 3815 3814 3812
3 3815 3812 3813
3 3818 3817 3816
3 3820 3819 3816
3 3820 3816 3817
3 3822 3821 3819
3 3822 3819 3820
3 3824 3823 3821
3 3824 3821 3822
3 3825 3613 3611
3 3825 3611 3826
3 3827 3615 3613
3 3827 3613 3825
3 3828 3616 3615
3 3828 3615 3827
3 3831 3830 3829
3 3831 3832 3830
3 3830 3619 3617
3 3833 3830 3617
3 3829 3830 3833
3 3833 3617 3620
3 3833 3620 3834
3 3837 3836 3835
3 3836 3838 3835
3 3836 3839 3838
3 3839 3627 3598
3 3839 3598 3838
3 3841 3840 3628
3 3841 3628 3629
3 3807 3632 3809
3 3632 3840 3809
3 3632 3628 3840
3 3632 3807 3634
3 3634 3807 3810
3 3634 3810 3635
3 3810 3842 3635
3 3810 3812 3842
3 3843 3812 3814
3 3842 3812 3843
3 3814 3845 3844
3 3814 3844 3843
3 3846 3818 3816
3 3846 3816 3819
3 3846 3819 3847
3 3847 3819 3821
3 3847 3821 3848
3 3848 3821 3823
3 3848 3823 3849
3 3605 3638 3850
3 3823 3851 3849
3 3850 3638 3639
3 3850 3639 3852
3 3852 3639 3640
3 3852 3640 3826
3 3826 3640 3641
3 3853 3826 3641
3 3825 3826 3853
3 3853 3643 3644
3 3827 3853 3644
3 3825 3853 3827
3 3827 3644 3645
3 3827 3645 3828
3 3828 3645 3646
3 3828 3646 3854
3 3854 3646 3647
3 3855 3854 3647
3 3856 3854 3855
3 3856 3857 3832
3 3856 3855 3857
3 3857 3648 3649
3 3830 3857 3649
3 3832 3857 3830
3 3859 3858 3836
3 3624 3859 3836
3 3653 3859 3624
3 3836 3858 3839
3 3839 3858 3860
3 3839 3860 3627
3 3860 3655 3627
3 3860 3861 3655
3 3629 3655 3841
3 3841 3655 3861
3 3842 3656 3635
3 3656 3842 3657
3 3657 3842 3843
3 3844 3862 3843
3 3862 3657 3843
3 3862 3658 3657
3 3658 3863 3659
3 3862 3863 3658
3 3863 3865 3864
3 3660 3863 3864
3 3659 3863 3660
3 3866 3661 3660
3 3866 3660 3864
3 3867 3662 3661
3 3867 3661 3866
3 3868 3663 3662
3 3868 3662 3867
3 3868 3665 3663
3 3668 3853 3641
3 3853 3668 3643
3 3671 3855 3647
3 3855 3671 3672
3 3855 3672 3857
3 3857 3672 3648
3 3675 3859 3653
3 3675 3869 3859
3 3865 3870 3864
3 3864 3870 3866
3 3866 3870 3871
3 3866 3871 3867
3 3867 3871 3872
3 3867 3872 3868
3 3868 3872 3873
3 3873 3875 3874
3 3873 3874 3677
3 3868 3873 3677
3 3665 3868 3677
3 3876 3678 3677
3 3876 3677 3874
3 3877 3679 3678
3 3877 3678 3876
3 3878 3680 3679
3 3878 3679 3877
3 3879 3681 3680
3 3879 3680 3878
3 3880 3682 3681
3 3880 3681 3879
3 3881 3683 3682
3 3881 3682 3880
3 3882 3684 3683
3 3882 3683 3881
3 3882 3686 3684
3 3688 3869 3675
3 3688 3883 3869
3 3875 3884 3874
3 3874 3884 3876
3 3876 3884 3885
3 3876 3885 3877
3 3877 3885 3886
3 3888 3887 3886
3 3887 3877 3886
3 3887 3878 3877
3 3878 3889 3879
3 3878 3887 3889
3 3879 3890 3880
3 3879 3889 3890
3 3880 3891 3881
3 3880 3890 3891
3 3881 3892 3882
3 3881 3891 3892
3 3893 3690 3686
3 3882 3893 3686
3 3892 3893 3882
3 3893 3692 3690
3 3693 3883 3688
3 3693 3894 3883
3 3887 3888 3895
3 3895 3888 3896
3 3887 3897 3889
3 3887 3895 3897
3 3889 3898 3890
3 3889 3897 3898
3 3890 3899 3891
3 3890 3898 3899
3 3891 3900 3892
3 3891 3899 3900
3 3892 3901 3893
3 3892 3900 3901
3 3902 3695 3692
3 3893 3902 3692
3 3901 3902 3893
3 3903 3696 3695
3 3903 3695 3902
3 3903 3698 3696
3 3699 3894 3693
3 3699 3904 3894
3 3907 3906 3905
3 3909 3908 3905
3 3905 3908 3907
3 3911 3910 3909
3 3909 3910 3908
3 3913 3912 3911
3 3911 3912 3910
3 3915 3914 3913
3 3913 3914 3912
3 3917 3916 3915
3 3915 3916 3914
3 3916 3917 3896
3 3917 3895 3896
3 3917 3918 3895
3 3895 3919 3897
3 3895 3918 3919
3 3897 3920 3898
3 3897 3919 3920
3 3898 3921 3899
3 3898 3920 3921
3 3899 3922 3900
3 3899 3921 3922
3 3900 3923 3901
3 3900 3922 3923
3 3901 3924 3902
3 3901 3923 3924
3 3924 3702 3703
3 3903 3924 3703
3 3902 3924 3903
3 3903 3703 3698
3 3927 3926 3925
3 3706 3904 3699
3 3706 3928 3904
3 3906 3929 3905
3 3905 3929 3909
3 3909 3929 3930
3 3909 3930 3911
3 3911 3930 3931
3 3933 3932 3931
3 3932 3911 3931
3 3932 3913 3911
3 3913 3934 3915
3 3913 3932 3934
3 3915 3935 3917
3 3915 3934 3935
3 3917 3936 3918
3 3917 3935 3936
3 3918 3937 3919
3 3918 3936 3937
3 3919 3938 3920
3 3919 3937 3938
3 3920 3939 3921
3 3920 3938 3939
3 3921 3940 3922
3 3921 3939 3940
3 3922 3941 3923
3 3922 3940 3941
3 3923 3942 3924
3 3923 3941 3942
3 3943 3708 3702
3 3924 3943 3702
3 3942 3943 3924
3 3943 3710 3708
3 3944 3927 3925
3 3712 3928 3706
3 3712 3945 3928
3 3933 3946 3932
3 3948 3947 3946
3 3947 3932 3946
3 3947 3934 3932
3 3934 3949 3935
3 3934 3947 3949
3 3935 3950 3936
3 3935 3949 3950
3 3936 3951 3937
3 3936 3950 3951
3 3937 3952 3938
3 3937 3951 3952
3 3938 3953 3939
3 3938 3952 3953
3 3939 3954 3940
3 3939 3953 3954
3 3940 3955 3941
3 3940 3954 3955
3 3955 3715 3716
3 3942 3955 3716
3 3941 3955 3942
3 3942 3716 3717
3 3942 3717 3943
3 3943 3717 3710
3 3958 3957 3956
3 3947 3948 3959
3 3959 3948 3960
3 3947 3961 3949
3 3947 3959 3961
3 3949 3962 3950
3 3949 3961 3962
3 3950 3963 3951
3 3950 3962 3963
3 3951 3964 3952
3 3951 3963 3964
3 3952 3965 3953
3 3952 3964 3965
3 3965 3722 3723
3 3954 3965 3723
3 3953 3965 3954
3 3954 3723 3724
3 3966 3954 3724
3 3955 3954 3966
3 3966 3726 3715
3 3966 3715 3955
3 3968 3967 3958
3 3720 3968 3958
3 3730 3968 3720
3 3958 3967 3957
3 3971 3970 3969
3 3971 3969 3960
3 3969 3959 3960
3 3969 3972 3959
3 3959 3973 3961
3 3959 3972 3973
3 3961 3974 3962
3 3961 3973 3974
3 3962 3975 3963
3 3962 3974 3975
3 3963 3976 3964
3 3963 3975 3976
3 3964 3977 3965
3 3964 3976 3977
3 3977 3733 3722
3 3977 3722 3965
3 3734 3978 3966
3 3734 3966 3724
3 3979 3735 3726
3 3966 3979 3726
3 3978 3979 3966
3 3979 3737 3735
3 3738 3980 3739
3 3980 3741 3739
3 3742 3981 3743
3 3983 3981 3982
3 3983 3743 3981
3 3983 3984 3745
3 3743 3983 3745
3 3746 3968 3730
3 3746 3985 3968
3 3969 3970 3986
3 3986 3970 3987
3 3969 3988 3972
3 3969 3986 3988
3 3972 3989 3973
3 3972 3988 3989
3 3973 3990 3974
3 3973 3989 3990
3 3974 3991 3975
3 3974 3990 3991
3 3975 3992 3976
3 3975 3991 3992
3 3976 3993 3977
3 3976 3992 3993
3 3994 3747 3733
3 3977 3994 3733
3 3993 3994 3977
3 3978 3734 3747
3 3994 3978 3747
3 3995 3978 3994
3 3978 3996 3979
3 3978 3995 3996
3 3997 3748 3737
3 3979 3997 3737
3 3996 3997 3979
3 3980 3738 3748
3 3997 3980 3748
3 3998 3980 3997
3 3999 3749 3741
3 3980 3999 3741
3 3998 3999 3980
3 3999 3742 3749
3 3999 3981 3742
3 3999 3752 3750
3 3981 3999 3750
3 3750 3982 3981
3 3750 4000 3982
3 3750 3745 3984
3 4000 3750 3984
3 3754 3985 3746
3 3754 4001 3985
3 3987 4002 3986
3 4004 4003 4002
3 4003 3986 4002
3 4003 3988 3986
3 3988 4005 3989
3 3988 4003 4005
3 4007 3990 4006
3 3990 4005 4006
3 3990 3989 4005
3 3990 4007 3991
3 3991 4007 4008
3 3991 4008 3992
3 3992 4008 4009
3 3992 4009 3993
3 3993 4009 4010
3 4012 4011 4010
3 4011 3993 4010
3 4011 3994 3993
3 3994 4013 3995
3 3994 4011 4013
3 3995 4014 3996
3 3995 4013 4014
3 3996 4015 3997
3 3996 4014 4015
3 3997 4016 3998
3 3997 4015 4016
3 3998 4017 3999
3 3998 4016 4017
3 4017 3757 3752
3 4017 3752 3999
3 3759 4001 3754
3 3759 4018 4001
3 4004 4019 4003
3 4003 4019 4005
3 4005 4019 4020
3 4005 4020 4006
3 4011 4012 4021
3 4021 4012 4022
3 4011 4023 4013
3 4011 4021 4023
3 4013 4024 4014
3 4013 4023 4024
3 4014 4025 4015
3 4014 4024 4025
3 4025 3762 3763
3 4016 4025 3763
3 4015 4025 4016
3 4016 3763 3764
3 4016 3764 4017
3 4017 3764 3757
3 4028 4027 4026
3 4027 4018 4026
3 4018 3766 4026
3 4018 3759 3766
3 4031 4030 4029
3 4033 4032 4029
3 4029 4032 4031
3 4032 4033 4022
3 4033 4021 4022
3 4033 4034 4021
3 4034 3769 3770
3 4023 4034 3770
3 4021 4034 4023
3 4023 3770 3771
3 4023 3771 4024
3 4024 3771 3773
3 4024 3773 4025
3 4025 3773 3762
3 4026 3766 4035
3 3766 4036 4035
3 3766 3774 4036
3 4039 4038 4037
3 4041 4040 4037
3 4037 4040 4039
3 4040 4041 4030
3 4041 4029 4030
3 4041 4042 4029
3 4042 3777 3778
3 4033 4042 3778
3 4029 4042 4033
3 4033 3778 3779
3 4033 3779 4034
3 4034 3779 3769
3 4045 4044 4043
3 4048 4047 4046
3 4050 4049 4046
3 4046 4049 4048
3 4050 4051 4049
3 4054 4053 4052
3 4056 4055 4052
3 4052 4055 4054
3 3782 3783 4056
3 3783 4055 4056
3 3783 4057 4055
3 4058 3783 3784
3 4058 4057 3783
3 4059 3784 3786
3 4059 4058 3784
3 4060 3786 3788
3 4060 4059 3786
3 4061 3788 3789
3 4061 4060 3788
3 4062 3789 3790
3 4062 4061 3789
3 4063 3790 3791
3 4063 4062 3790
3 3792 4037 4038
3 4063 3792 4038
3 3791 3792 4063
3 4037 3792 3793
3 4037 3793 4041
3 4041 3793 3794
3 4041 3794 4042
3 4042 3794 3777
3 4064 4044 4045
3 3796 4064 4045
3 3795 4064 3796
3 4065 3795 3797
3 4065 4064 3795
3 4066 3797 3798
3 4066 4065 3797
3 3799 4046 4047
3 4066 3799 4047
3 3798 3799 4066
3 4046 3799 3800
3 4046 3800 4050
3 4067 4051 4050
3 3800 4067 4050
3 3801 4067 3800
3 4068 3801 3802
3 4068 4067 3801
3 3803 4052 4053
3 4068 3803 4053
3 3802 3803 4068
3 4052 3803 3804
3 4052 3804 4056
3 4056 3804 3782
3 4070 4069 3858
3 4070 3858 3859
3 4069 4072 4071
3 3860 4069 4071
3 3858 4069 3860
3 3860 4071 4073
3 4074 3860 4073
3 3861 3860 4074
3 3861 4074 3841
3 4074 4075 3841
3 4075 4076 3841
3 4075 4074 4077
3 4076 4079 4078
3 4076 4075 4079
3 4078 4081 4080
3 4078 4079 4081
3 4080 4083 4082
3 4080 4081 4083
3 4086 4085 4084
3 4085 4083 4084
3 4085 4082 4083
3 4086 4088 4087
3 4086 4087 3862
3 4085 4086 3862
3 3844 4085 3862
3 4089 3863 3862
3 4089 3862 4087
3 4089 3865 3863
3 4092 4091 4090
3 4091 4070 4090
3 4070 3869 4090
3 4070 3859 3869
3 4072 4093 4071
3 4093 4094 4071
3 4094 4095 4071
3 4096 4073 4071
3 4096 4071 4095
3 4096 4095 4077
3 4095 4075 4077
3 4095 4097 4075
3 4075 4098 4079
3 4075 4097 4098
3 4079 4099 4081
3 4079 4098 4099
3 4081 4100 4083
3 4081 4099 4100
3 4084 4083 4101
3 4083 4102 4101
3 4083 4100 4102
3 4101 4102 4088
3 4102 4087 4088
3 4102 4103 4087
3 4087 4104 4089
3 4087 4103 4104
3 4105 3870 3865
3 4089 4105 3865
3 4104 4105 4089
3 4106 3871 3870
3 4106 3870 4105
3 4107 3872 3871
3 4107 3871 4106
3 4108 3873 3872
3 4108 3872 4107
3 4108 3875 3873
3 4090 3869 4109
3 3869 4110 4109
3 3869 3883 4110
3 4095 4094 4111
3 4111 4094 4112
3 4095 4113 4097
3 4095 4111 4113
3 4097 4114 4098
3 4097 4113 4114
3 4098 4115 4099
3 4098 4114 4115
3 4099 4116 4100
3 4099 4115 4116
3 4100 4117 4102
3 4100 4116 4117
3 4102 4118 4103
3 4102 4117 4118
3 4103 4119 4104
3 4103 4118 4119
3 4104 4120 4105
3 4104 4119 4120
3 4105 4121 4106
3 4105 4120 4121
3 4106 4122 4107
3 4106 4121 4122
3 4107 4123 4108
3 4107 4122 4123
3 4124 3884 3875
3 4108 4124 3875
3 4123 4124 4108
3 4125 3885 3884
3 4125 3884 4124
3 4126 3886 3885
3 4126 3885 4125
3 4126 3888 3886
3 4129 4128 4127
3 4127 4128 4130
3 4128 4129 4112
3 4129 4111 4112
3 4129 4131 4111
3 4111 4132 4113
3 4111 4131 4132
3 4113 4133 4114
3 4113 4132 4133
3 4114 4134 4115
3 4114 4133 4134
3 4115 4135 4116
3 4115 4134 4135
3 4116 4136 4117
3 4116 4135 4136
3 4117 4137 4118
3 4117 4136 4137
3 4118 4138 4119
3 4118 4137 4138
3 4119 4139 4120
3 4119 4138 4139
3 4120 4140 4121
3 4120 4139 4140
3 4121 4141 4122
3 4121 4140 4141
3 4122 4142 4123
3 4122 4141 4142
3 4123 4143 4124
3 4123 4142 4143
3 4124 4144 4125
3 4124 4143 4144
3 4125 4145 4126
3 4125 4144 4145
3 4145 3896 3888
3 4145 3888 4126
3 4148 4147 4146
3 4150 4149 4146
3 4150 4146 4147
3 4151 4149 4150
3 4154 4153 4152
3 4156 4155 4152
3 4156 4152 4153
3 4158 4157 4155
3 4158 4155 4156
3 4159 4157 4158
3 4127 4160 4129
3 4127 4161 4160
3 4129 4162 4131
3 4129 4160 4162
3 4131 4163 4132
3 4131 4162 4163
3 4132 4164 4133
3 4132 4163 4164
3 4133 4165 4134
3 4133 4164 4165
3 4134 4166 4135
3 4134 4165 4166
3 4135 4167 4136
3 4135 4166 4167
3 4136 4168 4137
3 4136 4167 4168
3 4137 4169 4138
3 4137 4168 4169
3 4138 4170 4139
3 4138 4169 4170
3 4170 3906 3907
3 4140 4170 3907
3 4139 4170 4140
3 4140 3907 3908
3 4140 3908 4141
3 4141 3908 3910
3 4141 3910 4142
3 4142 3910 3912
3 4142 3912 4143
3 4143 3912 3914
3 4143 3914 4144
3 4144 3914 3916
3 4144 3916 4145
3 4145 3916 3896
3 4171 4148 4146
3 4171 4146 4149
3 4171 4149 4172
3 4172 4149 4151
3 4154 4152 4173
3 4154 4173 4174
3 4175 4152 4155
3 4173 4152 4175
3 4176 4155 4157
3 4175 4155 4176
3 4177 3926 3927
3 4157 4177 3927
3 4176 4157 3927
3 4177 4157 4159
3 4161 4178 4160
3 4161 4179 4178
3 4160 4180 4162
3 4160 4178 4180
3 4162 4181 4163
3 4162 4180 4181
3 4163 4182 4164
3 4163 4181 4182
3 4164 4183 4165
3 4164 4182 4183
3 4165 4184 4166
3 4165 4183 4184
3 4166 4185 4167
3 4166 4184 4185
3 4167 4186 4168
3 4167 4185 4186
3 4168 4187 4169
3 4168 4186 4187
3 4169 4188 4170
3 4169 4187 4188
3 4189 3929 3906
3 4170 4189 3906
3 4188 4189 4170
3 4190 3930 3929
3 4190 3929 4189
3 4191 3931 3930
3 4191 3930 4190
3 4191 3933 3931
3 4194 4193 4192
3 4195 4192 4193
3 4174 4173 4196
3 4174 4196 4197
3 4198 4173 4175
3 4196 4173 4198
3 4199 4175 4176
3 4198 4175 4199
3 3944 4200 3927
3 4200 4176 3927
3 4200 4199 4176
3 4179 4201 4178
3 4179 4202 4201
3 4178 4203 4180
3 4178 4201 4203
3 4180 4204 4181
3 4180 4203 4204
3 4181 4205 4182
3 4181 4204 4205
3 4182 4206 4183
3 4182 4205 4206
3 4183 4207 4184
3 4183 4206 4207
3 4184 4208 4185
3 4184 4207 4208
3 4185 4209 4186
3 4185 4208 4209
3 4186 4210 4187
3 4186 4209 4210
3 4187 4211 4188
3 4187 4210 4211
3 4188 4212 4189
3 4188 4211 4212
3 4189 4213 4190
3 4189 4212 4213
3 4190 4214 4191
3 4190 4213 4214
3 4215 3946 3933
3 4191 4215 3933
3 4214 4215 4191
3 4215 3948 3946
3 4216 4194 4192
3 4216 4192 4195
3 4219 4218 4217
3 4196 4219 4217
3 4198 4219 4196
3 4220 4198 4199
3 4219 4198 4220
3 4221 4199 4200
3 4220 4199 4221
3 4202 3956 3957
3 4222 4202 3957
3 4201 4202 4222
3 4201 4223 4203
3 4201 4222 4223
3 4203 4224 4204
3 4203 4223 4224
3 4204 4225 4205
3 4204 4224 4225
3 4205 4226 4206
3 4205 4225 4226
3 4206 4227 4207
3 4206 4226 4227
3 4207 4228 4208
3 4207 4227 4228
3 4208 4229 4209
3 4208 4228 4229
3 4209 4230 4210
3 4209 4229 4230
3 4210 4231 4211
3 4210 4230 4231
3 4211 4232 4212
3 4211 4231 4232
3 4212 4233 4213
3 4212 4232 4233
3 4213 4234 4214
3 4213 4233 4234
3 4214 4235 4215
3 4214 4234 4235
3 4235 3960 3948
3 4235 3948 4215
3 4238 4237 4236
3 4219 4238 4236
3 4220 4238 4219
3 4239 4220 4221
3 4238 4220 4239
3 4222 3957 3967
3 4240 4222 3967
3 4241 4222 4240
3 4222 4242 4223
3 4222 4241 4242
3 4223 4243 4224
3 4223 4242 4243
3 4224 4244 4225
3 4224 4243 4244
3 4225 4245 4226
3 4225 4244 4245
3 4226 4246 4227
3 4226 4245 4246
3 4227 4247 4228
3 4227 4246 4247
3 4228 4248 4229
3 4228 4247 4248
3 4229 4249 4230
3 4229 4248 4249
3 4230 4250 4231
3 4230 4249 4250
3 4231 4251 4232
3 4231 4250 4251
3 4232 4252 4233
3 4232 4251 4252
3 4233 4253 4234
3 4233 4252 4253
3 4253 3970 3971
3 4235 4253 3971
3 4234 4253 4235
3 4235 3971 3960
3 4256 4255 4254
3 4258 4257 4254
3 4258 4254 4255
3 4260 4259 4257
3 4260 4257 4258
3 4259 4260 4237
3 4238 4259 4237
3 4261 4259 4238
3 3982 4261 3983
3 4261 4239 3983
3 4261 4238 4239
3 4240 4262 4241
3 4240 4263 4262
3 4241 4264 4242
3 4241 4262 4264
3 4242 4265 4243
3 4242 4264 4265
3 4243 4266 4244
3 4243 4265 4266
3 4244 4267 4245
3 4244 4266 4267
3 4245 4268 4246
3 4245 4267 4268
3 4246 4269 4247
3 4246 4268 4269
3 4247 4270 4248
3 4247 4269 4270
3 4248 4271 4249
3 4248 4270 4271
3 4249 4272 4250
3 4249 4271 4272
3 4250 4273 4251
3 4250 4272 4273
3 4251 4274 4252
3 4251 4273 4274
3 4252 4275 4253
3 4252 4274 4275
3 4275 3987 3970
3 4275 3970 4253
3 4276 4256 4254
3 4278 4277 4276
3 4254 4278 4276
3 4257 4278 4254
3 4279 4257 4259
3 4278 4257 4279
3 4280 4259 4261
3 4279 4259 4280
3 4000 4281 3982
3 4281 4261 3982
3 4281 4280 4261
3 4263 4282 4262
3 4263 4283 4282
3 4262 4284 4264
3 4262 4282 4284
3 4264 4285 4265
3 4264 4284 4285
3 4265 4286 4266
3 4265 4285 4286
3 4266 4287 4267
3 4266 4286 4287
3 4267 4288 4268
3 4267 4287 4288
3 4268 4289 4269
3 4268 4288 4289
3 4269 4290 4270
3 4269 4289 4290
3 4270 4291 4271
3 4270 4290 4291
3 4271 4292 4272
3 4271 4291 4292
3 4272 4293 4273
3 4272 4292 4293
3 4273 4294 4274
3 4273 4293 4294
3 4274 4295 4275
3 4274 4294 4295
3 4296 4002 3987
3 4275 4296 3987
3 4295 4296 4275
3 4296 4004 4002
3 4006 4297 4007
3 4298 4008 4007
3 4298 4007 4297
3 4299 4009 4008
3 4299 4008 4298
3 4300 4010 4009
3 4300 4009 4299
3 4300 4012 4010
3 4277 4278 4301
3 4277 4301 4302
3 4303 4278 4279
3 4301 4278 4303
3 4304 4279 4280
3 4303 4279 4304
3 4305 4280 4281
3 4304 4280 4305
3 4283 4306 4282
3 4283 4307 4306
3 4282 4308 4284
3 4282 4306 4308
3 4284 4309 4285
3 4284 4308 4309
3 4285 4310 4286
3 4285 4309 4310
3 4286 4311 4287
3 4286 4310 4311
3 4287 4312 4288
3 4287 4311 4312
3 4288 4313 4289
3 4288 4312 4313
3 4289 4314 4290
3 4289 4313 4314
3 4290 4315 4291
3 4290 4314 4315
3 4291 4316 4292
3 4291 4315 4316
3 4292 4317 4293
3 4292 4316 4317
3 4293 4318 4294
3 4293 4317 4318
3 4294 4319 4295
3 4294 4318 4319
3 4295 4320 4296
3 4295 4319 4320
3 4321 4019 4004
3 4296 4321 4004
3 4320 4321 4296
3 4322 4020 4019
3 4322 4019 4321
3 4297 4006 4020
3 4322 4297 4020
3 4323 4297 4322
3 4297 4324 4298
3 4297 4323 4324
3 4298 4325 4299
3 4298 4324 4325
3 4299 4326 4300
3 4299 4325 4326
3 4326 4022 4012
3 4326 4012 4300
3 4302 4301 4327
3 4302 4327 4328
3 4329 4301 4303
3 4327 4301 4329
3 4304 4331 4330
3 4329 4304 4330
3 4303 4304 4329
3 4331 4304 4305
3 4331 4305 4332
3 4334 4333 4027
3 4027 4333 4018
3 4333 4335 4018
3 4335 4307 4018
3 4337 4336 4335
3 4336 4307 4335
3 4336 4306 4307
3 4306 4338 4308
3 4306 4336 4338
3 4308 4339 4309
3 4308 4338 4339
3 4309 4340 4310
3 4309 4339 4340
3 4310 4341 4311
3 4310 4340 4341
3 4311 4342 4312
3 4311 4341 4342
3 4312 4343 4313
3 4312 4342 4343
3 4313 4344 4314
3 4313 4343 4344
3 4314 4345 4315
3 4314 4344 4345
3 4315 4346 4316
3 4315 4345 4346
3 4348 4317 4347
3 4317 4346 4347
3 4317 4316 4346
3 4317 4348 4318
3 4318 4348 4349
3 4351 4350 4349
3 4350 4318 4349
3 4350 4319 4318
3 4319 4352 4320
3 4319 4350 4352
3 4320 4353 4321
3 4320 4352 4353
3 4321 4354 4322
3 4321 4353 4354
3 4322 4355 4323
3 4322 4354 4355
3 4323 4356 4324
3 4323 4355 4356
3 4356 4030 4031
3 4325 4356 4031
3 4324 4356 4325
3 4325 4031 4032
3 4325 4032 4326
3 4326 4032 4022
3 4357 4328 4327
3 4357 4327 4329
3 4357 4329 4358
3 4358 4329 4330
3 4035 4036 4334
3 4036 4333 4334
3 4036 4359 4333
3 4336 4337 4360
3 4360 4337 4361
3 4336 4362 4338
3 4336 4360 4362
3 4338 4363 4339
3 4338 4362 4363
3 4339 4364 4340
3 4339 4363 4364
3 4340 4365 4341
3 4340 4364 4365
3 4341 4366 4342
3 4341 4365 4366
3 4342 4367 4343
3 4342 4366 4367
3 4343 4368 4344
3 4343 4367 4368
3 4344 4369 4345
3 4344 4368 4369
3 4345 4370 4346
3 4345 4369 4370
3 4347 4346 4371
3 4371 4346 4370
3 4374 4373 4372
3 4374 4372 4351
3 4372 4350 4351
3 4372 4375 4350
3 4350 4376 4352
3 4350 4375 4376
3 4352 4377 4353
3 4352 4376 4377
3 4353 4378 4354
3 4353 4377 4378
3 4378 4038 4039
3 4355 4378 4039
3 4354 4378 4355
3 4355 4039 4040
3 4355 4040 4356
3 4356 4040 4030
3 4379 4360 4044
3 4360 4380 4044
3 4380 4043 4044
3 4360 4361 4380
3 4360 4381 4362
3 4360 4379 4381
3 4362 4382 4363
3 4362 4381 4382
3 4382 4047 4048
3 4364 4382 4048
3 4363 4382 4364
3 4364 4048 4049
3 4364 4049 4365
3 4365 4049 4051
3 4383 4365 4051
3 4366 4365 4383
3 4366 4384 4367
3 4366 4383 4384
3 4384 4053 4054
3 4368 4384 4054
3 4367 4384 4368
3 4368 4054 4055
3 4368 4055 4369
3 4369 4055 4057
3 4369 4057 4370
3 4385 4371 4370
3 4057 4385 4370
3 4058 4385 4057
3 4059 4372 4373
3 4385 4059 4373
3 4058 4059 4385
3 4372 4059 4060
3 4372 4060 4375
3 4375 4060 4061
3 4375 4061 4376
3 4376 4061 4062
3 4376 4062 4377
3 4377 4062 4063
3 4377 4063 4378
3 4378 4063 4038
3 4379 4064 4065
3 4379 4065 4381
3 4381 4065 4066
3 4381 4066 4382
3 4382 4066 4047
3 4067 4383 4051
3 4383 4067 4068
3 4383 4068 4384
3 4384 4068 4053
3 4387 4386 4069
3 4387 4069 4070
3 4389 4388 4072
3 4069 4389 4072
3 4386 4389 4069
3 4389 4073 4388
3 4389 4074 4073
3 4389 4391 4390
3 4074 4389 4390
3 4390 4077 4074
3 4084 4392 4086
3 4392 4088 4086
3 4394 4393 4091
3 4393 4070 4091
3 4393 4387 4070
3 4388 4093 4072
3 4396 4391 4395
3 4396 4395 4094
3 4396 4094 4093
3 4396 4093 4388
3 4396 4388 4073
3 4396 4073 4096
3 4396 4096 4390
3 4396 4390 4391
3 4390 4096 4077
3 4101 4392 4084
3 4392 4101 4088
3 4399 4398 4397
3 4401 4400 4397
3 4401 4397 4398
3 4402 4400 4401
3 4405 4404 4403
3 4407 4406 4403
3 4407 4403 4404
3 4409 4408 4406
3 4409 4406 4407
3 4411 4410 4408
3 4411 4408 4409
3 4412 4410 4411
3 4395 4414 4413
3 4112 4395 4413
3 4094 4395 4112
3 4417 4416 4415
3 4418 4415 4416
3 4419 4399 4397
3 4419 4397 4400
3 4419 4400 4420
3 4420 4400 4402
3 4421 4405 4403
3 4423 4422 4421
3 4403 4423 4421
3 4406 4423 4403
3 4424 4406 4408
3 4423 4406 4424
3 4425 4408 4410
3 4424 4408 4425
3 4410 4412 4426
3 4427 4410 4426
3 4425 4410 4427
3 4429 4428 4427
3 4429 4427 4426
3 4431 4430 4428
3 4431 4428 4429
3 4432 4430 4431
3 4413 4128 4112
3 4433 4417 4415
3 4436 4435 4434
3 4418 4433 4415
3 4437 4435 4436
3 4422 4423 4438
3 4422 4438 4439
3 4440 4423 4424
3 4438 4423 4440
3 4148 4440 4147
3 4440 4425 4147
3 4440 4424 4425
3 4147 4425 4150
3 4150 4425 4427
3 4150 4427 4151
3 4427 4441 4151
3 4427 4428 4441
3 4154 4441 4153
3 4441 4430 4153
3 4441 4428 4430
3 4432 4442 4430
3 4442 4153 4430
3 4442 4156 4153
3 4156 4443 4158
3 4442 4443 4156
3 4159 4158 4443
3 4159 4443 4444
3 4445 4434 4435
3 4445 4435 4437
3 4448 4447 4446
3 4449 4446 4447
3 4450 4439 4438
3 4452 4451 4450
3 4438 4452 4450
3 4440 4452 4438
3 4171 4453 4148
3 4453 4440 4148
3 4453 4452 4440
3 4172 4454 4171
3 4171 4454 4453
3 4151 4441 4172
3 4441 4454 4172
3 4441 4455 4454
3 4174 4455 4154
3 4154 4455 4441
3 4444 4456 4159
3 4159 4456 4177
3 4457 4448 4446
3 4457 4446 4449
3 4460 4459 4458
3 4452 4460 4458
3 4453 4460 4452
3 4194 4460 4193
3 4460 4454 4193
3 4460 4453 4454
3 4193 4454 4195
3 4454 4461 4195
3 4454 4455 4461
3 4197 4461 4174
3 4174 4461 4455
3 4217 4218 4462
3 4462 4218 4463
3 4258 4465 4464
3 4466 4258 4464
3 4260 4258 4466
3 4237 4260 4467
3 4260 4468 4467
3 4260 4466 4468
3 4467 4468 4469
3 4469 4468 4470
3 4473 4472 4471
3 4475 4474 4471
3 4475 4471 4472
3 4256 4276 4476
3 4475 4477 4474
3 4478 4474 4477
3 4479 4478 4477
3 4478 4479 4277
3 4465 4277 4479
3 4277 4465 4276
3 4476 4276 4465
3 4465 4479 4464
3 4482 4481 4480
3 4480 4481 4473
3 4471 4480 4473
3 4483 4480 4471
3 4484 4471 4474
3 4483 4471 4484
3 4485 4474 4478
3 4484 4474 4485
3 4302 4485 4277
3 4277 4485 4478
3 4482 4480 4486
3 4482 4486 4487
3 4488 4480 4483
3 4486 4480 4488
3 4489 4483 4484
3 4488 4483 4489
3 4490 4484 4485
3 4489 4484 4490
3 4328 4490 4302
3 4302 4490 4485
3 4493 4492 4491
3 4330 4331 4491
3 4331 4493 4491
3 4331 4494 4493
3 4495 4331 4332
3 4495 4494 4331
3 4347 4496 4348
3 4497 4349 4348
3 4497 4348 4496
3 4497 4351 4349
3 4487 4486 4498
3 4487 4498 4499
3 4500 4486 4488
3 4498 4486 4500
3 4489 4502 4501
3 4500 4489 4501
3 4488 4489 4500
3 4502 4489 4490
3 4502 4490 4503
3 4503 4490 4328
3 4357 4503 4328
3 4504 4503 4357
3 4358 4491 4492
3 4504 4358 4492
3 4357 4358 4504
3 4491 4505 4330
3 4505 4491 4506
3 4358 4506 4491
3 4506 4358 4507
3 4330 4507 4358
3 4507 4330 4505
3 4508 4507 4505
3 4371 4509 4496
3 4371 4496 4347
3 4509 4373 4374
3 4497 4509 4374
3 4496 4509 4497
3 4497 4374 4351
3 4512 4511 4510
3 4510 4514 4513
3 4510 4498 4514
3 4510 4511 4499
3 4498 4510 4499
3 4514 4498 4500
3 4514 4500 4515
3 4515 4500 4501
3 4516 4506 4507
3 4385 4509 4371
3 4509 4385 4373
3 4398 4518 4517
3 4519 4398 4517
3 4401 4398 4519
3 4521 4520 4402
3 4401 4521 4402
3 4519 4521 4401
3 4404 4405 4520
3 4521 4404 4520
3 4522 4404 4521
3 4404 4523 4407
3 4522 4523 4404
3 4407 4524 4409
3 4523 4524 4407
3 4409 4525 4411
3 4524 4525 4409
3 4527 4526 4412
3 4411 4527 4412
3 4525 4527 4411
3 4529 4528 4526
3 4529 4526 4527
3 4531 4530 4528
3 4531 4528 4529
3 4533 4532 4530
3 4533 4530 4531
3 4535 4534 4532
3 4535 4532 4533
3 4538 4537 4536
3 4540 4539 4536
3 4540 4536 4537
3 4542 4541 4539
3 4542 4539 4540
3 4416 4417 4541
3 4542 4416 4541
3 4543 4416 4542
3 4545 4544 4418
3 4416 4545 4418
3 4543 4545 4416
3 4399 4419 4518
3 4545 4546 4544
3 4547 4544 4546
3 4420 4518 4419
3 4518 4420 4517
3 4548 4517 4420
3 4517 4548 4546
3 4547 4546 4548
3 4402 4520 4420
3 4520 4548 4420
3 4520 4549 4548
3 4421 4550 4405
3 4550 4520 4405
3 4550 4549 4520
3 4422 4550 4421
3 4526 4426 4412
3 4426 4526 4429
3 4429 4526 4528
3 4429 4551 4431
3 4551 4429 4552
3 4528 4552 4429
3 4552 4528 4553
3 4530 4553 4528
3 4432 4431 4551
3 4554 4553 4532
3 4530 4532 4553
3 4554 4532 4534
3 4554 4534 4555
3 4555 4534 4556
3 4559 4558 4557
3 4549 4559 4557
3 4550 4559 4549
3 4439 4559 4422
3 4422 4559 4550
3 4552 4560 4551
3 4551 4560 4432
3 4560 4442 4432
3 4560 4561 4442
3 4442 4562 4443
3 4561 4562 4442
3 4564 4563 4444
3 4443 4564 4444
3 4562 4564 4443
3 4566 4565 4447
3 4566 4447 4448
3 4559 4567 4449
3 4565 4559 4449
3 4447 4565 4449
3 4558 4559 4565
3 4450 4568 4439
3 4568 4559 4439
3 4568 4567 4559
3 4571 4570 4569
3 4574 4573 4572
3 4573 4459 4572
3 4459 4575 4572
3 4459 4573 4458
3 4574 4572 4571
3 4571 4572 4576
3 4571 4576 4570
3 4579 4578 4577
3 4462 4463 4580
3 4580 4463 4581
3 4583 4582 4466
3 4583 4466 4464
3 4466 4584 4468
3 4582 4584 4466
3 4468 4585 4470
3 4584 4585 4468
3 4587 4586 4472
3 4587 4472 4473
3 4472 4588 4475
3 4586 4588 4472
3 4475 4589 4477
3 4588 4589 4475
3 4477 4590 4479
3 4589 4590 4477
3 4464 4479 4583
3 4583 4479 4590
3 4593 4592 4591
3 4595 4594 4591
3 4595 4591 4592
3 4597 4596 4594
3 4597 4594 4595
3 4600 4599 4598
3 4593 4591 4601
3 4593 4601 4602
3 4603 4591 4594
3 4601 4591 4603
3 4604 4594 4596
3 4603 4594 4604
3 4607 4606 4605
3 4604 4482 4487
3 4482 4604 4596
3 4607 4605 4600
3 4600 4605 4608
3 4600 4608 4599
3 4609 4492 4493
3 4494 4610 4493
3 4493 4610 4609
3 4610 4494 4611
3 4494 4612 4611
3 4494 4495 4612
3 4615 4614 4613
3 4618 4617 4616
3 4620 4619 4616
3 4620 4616 4617
3 4622 4621 4619
3 4622 4619 4620
3 4624 4623 4621
3 4624 4621 4622
3 4626 4625 4623
3 4626 4623 4624
3 4628 4627 4625
3 4628 4625 4626
3 4630 4629 4627
3 4630 4627 4628
3 4632 4631 4629
3 4632 4629 4630
3 4634 4633 4631
3 4634 4631 4632
3 4636 4635 4633
3 4636 4633 4634
3 4638 4637 4635
3 4638 4635 4636
3 4640 4639 4637
3 4640 4637 4638
3 4642 4641 4639
3 4642 4639 4640
3 4641 4642 4602
3 4601 4641 4602
3 4643 4641 4601
3 4644 4601 4603
3 4643 4601 4644
3 4645 4603 4604
3 4644 4603 4645
3 4499 4645 4487
3 4487 4645 4604
3 4647 4646 4502
3 4502 4646 4501
3 4648 4502 4503
3 4648 4647 4502
3 4649 4503 4504
3 4649 4648 4503
3 4504 4492 4609
3 4650 4504 4609
3 4649 4504 4650
3 4506 4651 4505
3 4651 4609 4505
3 4609 4610 4505
3 4651 4650 4609
3 4508 4505 4610
3 4611 4508 4610
3 4652 4508 4611
3 4655 4654 4653
3 4629 4655 4653
3 4631 4655 4629
3 4656 4631 4633
3 4655 4631 4656
3 4657 4633 4635
3 4656 4633 4657
3 4658 4635 4637
3 4657 4635 4658
3 4659 4637 4639
3 4658 4637 4659
3 4660 4639 4641
3 4659 4639 4660
3 4661 4641 4643
3 4660 4641 4661
3 4662 4643 4644
3 4661 4643 4662
3 4512 4662 4511
3 4662 4645 4511
3 4662 4644 4645
3 4511 4645 4499
3 4663 4513 4514
3 4515 4664 4514
3 4514 4664 4663
3 4501 4646 4665
3 4664 4501 4665
3 4666 4664 4665
3 4515 4501 4664
3 4668 4667 4666
3 4668 4666 4665
3 4669 4667 4668
3 4670 4651 4506
3 4670 4506 4516
3 4521 4672 4671
3 4673 4521 4671
3 4522 4521 4673
3 4522 4674 4523
3 4673 4674 4522
3 4523 4675 4524
3 4674 4675 4523
3 4524 4676 4525
3 4675 4676 4524
3 4525 4677 4527
3 4676 4677 4525
3 4527 4678 4529
3 4677 4678 4527
3 4529 4679 4531
3 4678 4679 4529
3 4531 4680 4533
3 4679 4680 4531
3 4680 4682 4681
3 4535 4680 4681
3 4533 4680 4535
3 4537 4684 4683
3 4685 4537 4683
3 4540 4537 4685
3 4687 4686 4546
3 4546 4686 4517
3 4686 4688 4517
3 4688 4689 4517
3 4692 4691 4690
3 4693 4553 4554
3 4693 4694 4553
3 4697 4696 4695
3 4696 4558 4695
3 4558 4698 4695
3 4558 4696 4557
3 4697 4695 4692
3 4692 4695 4699
3 4692 4699 4691
3 4702 4701 4700
3 4700 4701 4703
3 4703 4701 4704
3 4703 4704 4552
3 4704 4560 4552
3 4704 4705 4560
3 4560 4706 4561
3 4705 4706 4560
3 4561 4707 4562
3 4706 4707 4561
3 4710 4709 4708
3 4713 4712 4711
3 4715 4580 4714
3 4716 4714 4580
3 4717 4711 4712
3 4711 4717 4581
3 4718 4581 4717
3 4581 4718 4580
3 4716 4580 4718
3 4718 4717 4719
3 4719 4717 4720
3 4723 4722 4721
3 4582 4583 4721
3 4722 4582 4721
3 4724 4582 4722
3 4582 4725 4584
3 4724 4725 4582
3 4584 4726 4585
3 4725 4726 4584
3 4729 4728 4727
3 4728 4599 4727
3 4599 4730 4727
3 4599 4728 4598
3 4729 4727 4731
3 4731 4727 4732
3 4731 4732 4733
3 4733 4732 4734
3 4733 4734 4735
3 4735 4734 4736
3 4735 4736 4737
3 4737 4736 4738
3 4737 4738 4739
3 4739 4738 4740
3 4743 4742 4741
3 4742 4745 4744
3 4602 4742 4744
3 4593 4602 4744
3 4741 4742 4602
3 4744 4745 4746
3 4746 4745 4747
3 4746 4747 4748
3 4748 4747 4749
3 4748 4749 4606
3 4749 4605 4606
3 4749 4750 4605
3 4605 4751 4608
3 4750 4751 4605
3 4599 4608 4730
3 4730 4608 4751
3 4753 4752 4612
3 4612 4752 4611
3 4756 4755 4754
3 4755 4649 4754
3 4755 4648 4649
3 4650 4757 4649
3 4649 4757 4754
3 4651 4757 4650
3 4760 4759 4758
3 4759 4761 4758
3 4759 4762 4761
3 4759 4760 4763
3 4763 4760 4764
3 4763 4764 4765
3 4765 4764 4766
3 4765 4766 4767
3 4767 4766 4768
3 4767 4768 4769
3 4769 4768 4770
3 4769 4770 4771
3 4771 4770 4772
3 4771 4772 4773
3 4773 4772 4774
3 4773 4774 4775
3 4775 4774 4776
3 4775 4776 4777
3 4777 4776 4778
3 4777 4778 4646
3 4778 4665 4646
3 4778 4779 4665
3 4665 4780 4668
3 4779 4780 4665
3 4754 4781 4669
3 4780 4754 4669
3 4668 4780 4669
3 4756 4754 4780
3 4757 4783 4782
3 4781 4757 4782
3 4754 4757 4781
3 4783 4757 4651
3 4670 4783 4651
3 4784 4783 4670
3 4787 4786 4785
3 4790 4789 4788
3 4792 4791 4788
3 4792 4788 4789
3 4673 4671 4791
3 4792 4673 4791
3 4793 4673 4792
3 4673 4794 4674
3 4793 4794 4673
3 4674 4795 4675
3 4794 4795 4674
3 4675 4796 4676
3 4795 4796 4675
3 4676 4797 4677
3 4796 4797 4676
3 4677 4798 4678
3 4797 4798 4677
3 4678 4799 4679
3 4798 4799 4678
3 4679 4800 4680
3 4799 4800 4679
3 4682 4680 4800
3 4682 4800 4801
3 4695 4803 4802
3 4804 4695 4802
3 4699 4695 4804
3 4691 4699 4805
3 4699 4806 4805
3 4699 4804 4806
3 4805 4806 4807
3 4807 4806 4808
3 4807 4808 4702
3 4808 4701 4702
3 4808 4809 4701
3 4701 4810 4704
3 4809 4810 4701
3 4705 4812 4811
3 4813 4705 4811
3 4706 4705 4813
3 4706 4814 4707
3 4813 4814 4706
3 4817 4816 4815
3 4819 4812 4818
3 4812 4819 4708
3 4820 4708 4819
3 4817 4815 4709
3 4815 4811 4709
3 4812 4708 4709
3 4812 4709 4811
3 4823 4822 4821
3 4826 4825 4824
3 4827 4824 4825
3 4829 4828 4727
3 4829 4727 4730
3 4727 4830 4732
3 4828 4830 4727
3 4732 4831 4734
3 4830 4831 4732
3 4734 4832 4736
3 4831 4832 4734
3 4736 4833 4738
3 4832 4833 4736
3 4821 4740 4823
3 4740 4833 4823
3 4740 4738 4833
3 4749 4835 4834
3 4836 4749 4834
3 4750 4749 4836
3 4839 4838 4837
3 4842 4841 4840
3 4841 4756 4840
3 4756 4843 4840
3 4756 4841 4755
3 4842 4840 4839
3 4839 4840 4844
3 4839 4844 4838
3 4847 4846 4845
3 4770 4849 4848
3 4850 4770 4848
3 4772 4770 4850
3 4772 4851 4774
3 4850 4851 4772
3 4853 4852 4780
3 4852 4756 4780
3 4852 4843 4756
3 4855 4854 4783
3 4783 4854 4782
