ply
format ascii 1.0
comment VisionMCP oriented point archive (not a trained radiance field)
element vertex 2200
property float x
property float y
property float z
property uchar red
property uchar green
property uchar blue
end_header
0.0296788708 0.0467207648 0.105 178 178 178
0.0366637279 -0.031422756 0.295 178 178 178
-0.0117700223 0.040802311 0.149826849 178 178 178
0.01 -0.00372318654 0.106020744 178 178 178
0.00318357255 0.01 0.199442284 178 178 178
-0.0245866296 -0.0533980948 0.25379826 178 178 178
-0.00871255307 -0.00706070432 0 178 178 178
-0.0378360251 -0.0126196555 0.19824995 178 178 178
-0.0472175552 -0.0105033957 0.205 178 178 178
-0.01 0.00941664939 0.0779637888 178 178 178
0.00931006212 0.01 0.189767229 178 178 178
0.01 0.00904180833 0.216800032 178 178 178
0.01 0.0099432887 0.157828311 178 178 178
-0.01 0.00541039474 0.322742386 178 178 178
-0.01 0.00176111371 0.118370162 178 178 178
-0.01 -0.0074832124 0.169382278 178 178 178
0.0141733955 -0.0447977318 0.301714654 178 178 178
-0.0442247476 -0.00601414624 0.205 178 178 178
0.0279449324 0.0205296925 0.105 178 178 178
0.0158458551 -0.056443226 0.295548017 178 178 178
0.01 -0.00912356937 0.327816184 178 178 178
0.01 -0.00399216251 0.219004645 178 178 178
0.0142934193 0.031283087 0.095 178 178 178
-0.00362093516 -0.01 0.332141198 178 178 178
-0.00943436131 -0.01 0.347591667 178 178 178
-0.01 -0.00430236725 0.230247575 178 178 178
-0.01 0.00968178761 0.166122826 178 178 178
0.0415885396 -0.0453277099 0.295 178 178 178
0.0317815772 0.0334735954 0.105 178 178 178
-0.01 -0.00388822873 0.224003948 178 178 178
-0.01 -0.00187515502 0.023697785 178 178 178
0.01 -4.44124515e-05 0.0343905367 178 178 178
-0.0070661176 0.000896973906 0.35 178 178 178
0.01 -0.00691300989 0.07812192 178 178 178
-0.0296033254 0.0394924683 0.145 178 178 178
0.01 -0.00773019411 0.341699348 178 178 178
0.00820027124 0.01 0.0138557216 178 178 178
0.00705835151 -0.00205833214 0 178 178 178
-0.022525184 -0.0347694864 0.245 178 178 178
0.01 -0.0063363588 0.222658881 178 178 178
0.01 0.00543036987 0.246674597 178 178 178
-0.0245866296 -0.0458661574 0.246658651 178 178 178
-0.01 -0.00634680672 0.229506795 178 178 178
-0.0216606451 -0.0467619799 0.255 178 178 178
0.0307208128 0.0636537535 0.105 178 178 178
-0.0203932474 0.0501865571 0.155 178 178 178
0.00970193815 -0.01 0.235771118 178 178 178
-0.01 -0.00861521438 0.0219966263 178 178 178
-0.01 -0.00513219081 0.11027553 178 178 178
-0.0245866296 -0.0459400655 0.253260525 178 178 178
-0.00048401325 0.01 0.142670043 178 178 178
0.0355094587 0.0511311436 0.095 178 178 178
-0.00390891567 -0.01 0.281122612 178 178 178
-0.00892008513 0.01 0.151047508 178 178 178
0.00572705526 0.01 0.188033227 178 178 178
0.00982302917 -0.01 0.318783568 178 178 178
-0.0621122927 -0.0126196555 0.198247213 178 178 178
-0.00456501405 0.01 0.0785645704 178 178 178
0.0566935819 -0.0275933308 0.298323739 178 178 178
0.0209283742 0.0249634555 0.095 178 178 178
0.0261670394 0.0645674638 0.095 178 178 178
0.0100209219 0.0315713526 0.105 178 178 178
0.00907192243 0.0382166195 0.099295138 178 178 178
-0.00124430268 -0.01 0.103412937 178 178 178
-0.01 0.00660740936 0.322735568 178 178 178
0.01 -0.00425977361 0.0738745838 178 178 178
-0.00160304946 0.01 0.143350353 178 178 178
0.00850668826 -0.01 0.0460001866 178 178 178
0.0299007413 -0.0141108065 0.303288027 178 178 178
0.01 0.00375053073 0.293526318 178 178 178
0.00907192243 0.0180602594 0.104460419 178 178 178
0.00942316409 0.01 0.0535633297 178 178 178
-0.0245866296 -0.0633854392 0.253153639 178 178 178
0.0351059611 0.0712965888 0.103631092 178 178 178
0.00729940981 -0.01 0.281711493 178 178 178
-0.0136573568 -0.0672781471 0.245 178 178 178
0.0255995822 -0.0221894606 0.305 178 178 178
0.026492401 -0.0164924848 0.295 178 178 178
0.052108294 0 0.0537909157 178 178 178
0.0056431512 -0.01 0.107009867 178 178 178
0.01 -0.00807226022 0.179381099 178 178 178
0.0160624668 -0.0181910882 0.295 178 178 178
-0.01 -0.00460764167 0.139370866 178 178 178
0.01 -0.00490891651 0.10524691 178 178 178
-0.00863438276 -0.0761281659 0.253058834 178 178 178
0.0127752211 0.0490367545 0.105 178 178 178
0.0504652504 0 0.0539859813 178 178 178
0.00381758153 0.01 0.104580381 178 178 178
-0.00405668634 0.01 0.0379579213 178 178 178
0.01 -0.00368288102 0.00351361489 178 178 178
-0.00419989107 -0.01 0.30918298 178 178 178
-0.0245866296 -0.061758224 0.246685443 178 178 178
-0.01 0.00758666115 0.169555972 178 178 178
-0.01 -0.00962501493 0.0178468792 178 178 178
0.00650326545 0.01 0.289040452 178 178 178
-0.0470800894 0.0163360869 0.150799501 178 178 178
-0.00873703406 -0.01 0.323694639 178 178 178
-0.00232854085 0.01 0.116793016 178 178 178
-0.00925519625 -0.01 0.339782228 178 178 178
0.000901665214 -0.01 0.00374237878 178 178 178
0.0407997729 -0.0141108065 0.304921498 178 178 178
0.0362876897 0.0311904445 0.0960777587 178 178 178
-0.01 -0.000734814598 0.29997487 178 178 178
-0.01 -0.00079631295 0.109923006 178 178 178
-0.0245866296 -0.0519590366 0.251510777 178 178 178
-0.00137122155 0.01 0.27916432 178 178 178
0.0148982636 0.0227503767 0.095 178 178 178
-0.0284646126 0.022685205 0.145 178 178 178
0.00906873647 0.01 0.112880751 178 178 178
-0.01 -0.00720052988 0.206139125 178 178 178
-0.0304715291 0.0646797123 0.148042555 178 178 178
0.0441895268 -0.0165149177 0.295 178 178 178
0.0014632179 -0.01 0.0150550265 178 178 178
0.0348347401 -0.0293741974 0.305 178 178 178
-0.00110380051 0.00934091827 0 178 178 178
-0.0470800894 0.0184553247 0.152123865 178 178 178
-0.0789983816 -0.00736882389 0.203065173 178 178 178
0.00678550553 -0.01 0.103981696 178 178 178
-0.00812347938 0.01 0.291868694 178 178 178
-0.0493420212 -0.0126196555 0.20013049 178 178 178
-0.00908527521 -0.00439304954 0.35 178 178 178
0.0276753627 0.0447659719 0.105 178 178 178
-0.0377419097 -0.00705739722 0.205 178 178 178
-0.01 0.00714119546 0.0331819272 178 178 178
-0.0456324374 0.0219056177 0.155 178 178 178
0.01 0.00583143499 0.211053531 178 178 178
0.01 -0.00595788416 0.225299091 178 178 178
0.00261230513 0.01 0.0397799918 178 178 178
0.01 0.00500722603 0.305373466 178 178 178
-0.00290500391 0.01 0.255525229 178 178 178
0.0319249883 -0.0266924015 0.305 178 178 178
0.0794657764 0 0.0496485127 178 178 178
0.00198687541 0.01 0.341284049 178 178 178
0.01 0.0092576334 0.109172496 178 178 178
0.0229652448 -0.0525995493 0.305 178 178 178
-0.01 -0.00223542619 0.255184331 178 178 178
0.0566935819 -0.037314633 0.296571544 178 178 178
-0.01 -0.0061456902 0.23313278 178 178 178
-0.01 0.00221929404 0.0934027472 178 178 178
0.0475676539 -0.0252866908 0.295 178 178 178
-0.0202107986 0.0286386799 0.155 178 178 178
0.0768103429 0 0.0461655595 178 178 178
-0.00691763819 0.01 0.113605848 178 178 178
-0.0245866296 -0.0524569702 0.245405666 178 178 178
-0.00670031095 0.01 0.176338326 178 178 178
0.0161956336 -0.0514965133 0.295 178 178 178
-0.00466044494 -0.01 0.319882321 178 178 178
-0.01 0.00980004905 0.274661779 178 178 178
-0.01 -0.00840366563 0.289010102 178 178 178
0.0380679573 -0.0484723677 0.305 178 178 178
0.01 0.00925908034 0.208512735 178 178 178
-0.0758594712 -0.00315491388 0.196576503 178 178 178
0.00907192243 0.0601720339 0.0959716241 178 178 178
-0.0300375679 0.024058856 0.155 178 178 178
0.0260425655 0.0394117647 0.105 178 178 178
0.0355267905 -0.0141108065 0.297072688 178 178 178
0.00412805795 0.01 0.147204572 178 178 178
-0.00869195971 0.01 0.203861582 178 178 178
0.01 -0.00844798001 0.0553415238 178 178 178
-0.00280482668 -0.01 0.149257434 178 178 178
0.01 0.00620427081 0.305171713 178 178 178
0.0272273285 -0.034115321 0.295 178 178 178
-0.014891036 -0.0480531153 0.245 178 178 178
0.0096720276 -0.01 0.0543386317 178 178 178
0.0222091652 0.0645216058 0.095 178 178 178
-0.01 -0.0029851297 0.234438643 178 178 178
0.0191160449 0.0328777453 0.095 178 178 178
0.0362876897 0.0455601424 0.0982778143 178 178 178
-0.00684504657 0.01 0.346687866 178 178 178
0.034890383 -0.0517623476 0.305 178 178 178
-0.01 0.00622830045 0.0925211387 178 178 178
0.0319532903 0.0229966359 0.105 178 178 178
0.0187545317 0.0506141639 0.105 178 178 178
0.01 0.00607637028 0.296965169 178 178 178
-0.0056694534 -0.01 0.190242344 178 178 178
0.00278432188 0.01 0.0784465758 178 178 178
-0.0421240996 0.0646797123 0.145504984 178 178 178
-0.0659515545 -0.0126196555 0.200437699 178 178 178
-0.0349403211 0.0611650503 0.155 178 178 178
0.00888100468 -0.01 0.154886412 178 178 178
0.0493181306 -0.0400867789 0.295 178 178 178
-0.0620618129 -0.00315491388 0.203648042 178 178 178
-0.0245866296 -0.0442209928 0.246908268 178 178 178
-0.01 -0.00190398474 0.0178304477 178 178 178
0.0229988342 -0.0542537552 0.295 178 178 178
0.00702316236 -0.01 0.347590737 178 178 178
-0.00974060597 -0.01 0.232968284 178 178 178
-0.00972800999 -0.01 0.308312977 178 178 178
0.01 0.00932300943 0.123555125 178 178 178
0.01 0.00997000012 0.233118852 178 178 178
0.01 -0.000505153662 0.190342142 178 178 178
0.0390102374 0 0.0530874634 178 178 178
-0.000709128776 -0.01 0.218569208 178 178 178
0.0276322695 0.02679666 0.095 178 178 178
0.01 -0.00144340461 0.237876081 178 178 178
-0.0304047513 0.0392264684 0.145 178 178 178
-0.0076193003 -0.01 0.0483266319 178 178 178
0.00358343763 0.01 0.306431249 178 178 178
0.0496457199 -0.0324112429 0.305 178 178 178
-0.01 -0.0083368165 0.14908435 178 178 178
-0.0789983816 -0.00686074622 0.197566429 178 178 178
0.0362876897 0.0438579236 0.0975124657 178 178 178
0.00981675903 0.059109928 0.095 178 178 178
0.01 0.00702961064 0.338728175 178 178 178
0.0612115111 0 0.0497081429 178 178 178
-0.0038701494 -0.01 0.156848189 178 178 178
-0.0630843571 -0.00315491388 0.202711618 178 178 178
0.0292401914 -0.055533995 0.305 178 178 178
-0.0233272847 -0.0270918911 0.255 178 178 178
0.00512000928 -0.01 0.33184664 178 178 178
-0.00136312688 0.01 0.224251982 178 178 178
0.00913586947 0.01 0.179251508 178 178 178
0.00866100969 -0.01 0.0251603908 178 178 178
0.0332325214 0.018724384 0.105 178 178 178
-0.0329439543 -0.0118880409 0.205 178 178 178
0.00208056096 0.01 0.218918465 178 178 178
-0.007035466 -0.0495748909 0.255 178 178 178
-0.0372437785 -0.00779456425 0.205 178 178 178
0.00866140804 -0.01 0.0951818333 178 178 178
-0.0132224982 0.0646797123 0.147439332 178 178 178
-0.0150124669 -0.0761281659 0.251059408 178 178 178
0.01 -0.00451184986 0.327309216 178 178 178
0.0570542025 0 0.0504596601 178 178 178
0.0239525466 0.0536111086 0.105 178 178 178
0.0290292977 0.0580701621 0.095 178 178 178
-0.00059146937 -0.01 0.126266922 178 178 178
0.0329534973 0.0712965888 0.100171552 178 178 178
0.0199655879 0.0454363933 0.105 178 178 178
-0.0197495954 -0.0104857988 0.200099712 178 178 178
-0.0553892795 -0.00315491388 0.202179978 178 178 178
0.0057652249 0.01 0.110957083 178 178 178
-0.0429626124 0.0229023573 0.155 178 178 178
-0.0122071267 -0.0190320415 0.249180888 178 178 178
-0.0061466574 -0.0380845311 0.245799122 178 178 178
0.01 -0.00557574072 0.280398369 178 178 178
-0.00735882947 -0.01 0.130030404 178 178 178
0.0362876897 0.0393195582 0.101396812 178 178 178
0.01 -0.00125125805 0.262654383 178 178 178
-0.01 -0.00483655593 0.0577021776 178 178 178
0.0543436991 -0.0217655607 0.305 178 178 178
-0.00772014388 0.01 0.215530774 178 178 178
0.01 -0.00304558698 0.10697936 178 178 178
-0.01 -0.00353361516 0.319483781 178 178 178
0.0362876897 0.0574729285 0.0973194693 178 178 178
0.00647013449 -0.01 0.208417632 178 178 178
0.00200059327 0.01 0.132017256 178 178 178
0.00374017112 -0.01 0.234891656 178 178 178
0.0306353469 0.0712965888 0.103366097 178 178 178
-0.0226135906 -0.0329780091 0.245 178 178 178
-0.00795339966 0.01 0.249034916 178 178 178
0.000680528415 0.01 0.154844992 178 178 178
-0.01 -0.00825076151 0.264972298 178 178 178
0.01 -0.00472350961 0.263879398 178 178 178
0.01 0.00635466677 0.259800465 178 178 178
0.00618746949 0.01 0.322978572 178 178 178
-0.01 0.00442102438 0.222867297 178 178 178
0.00626576578 -0.01 0.335642065 178 178 178
-0.0470800894 0.0558586766 0.154387518 178 178 178
0.0581576722 0 0.0539874631 178 178 178
0.00844770031 0.01 0.215737876 178 178 178
-0.00608706268 -0.01 0.254372414 178 178 178
-0.0371660578 0.0646797123 0.149160754 178 178 178
0.00742841508 -0.01 0.180762532 178 178 178
0.00887786726 -0.01 0.141949088 178 178 178
-0.00197891737 -0.01 0.0369421643 178 178 178
0.0013707177 -0.01 0.302045574 178 178 178
0.049599896 -0.0444238565 0.295 178 178 178
0.01 -0.00617788651 0.0611578073 178 178 178
0.00431404804 0.01 0.335146998 178 178 178
-0.0189109048 -0.0203794095 0.245 178 178 178
0.0231921382 0.0311094005 0.105 178 178 178
0.01 -0.00786398764 0.0608099685 178 178 178
-0.01 0.00550887807 0.309476882 178 178 178
-0.0138693288 -0.0761281659 0.250489474 178 178 178
-0.00433169831 0.01 0.134469459 178 178 178
-0.027352096 0.0339869673 0.155 178 178 178
0.00558201486 -0.01 0.21963757 178 178 178
-0.0202563296 0.0467439995 0.155 178 178 178
-0.0729614837 -0.0111883459 0.195 178 178 178
-0.0211990401 -0.0358122152 0.245 178 178 178
0.00907192243 0.0258692714 0.097470121 178 178 178
-2.30018853e-05 0.01 0.11007066 178 178 178
-0.00795191476 -0.01 0.0884410812 178 178 178
-0.01 -0.0087612294 0.282321294 178 178 178
-0.0470800894 0.0630929641 0.152887352 178 178 178
0.01 0.00236388046 0.280765058 178 178 178
0.01 0.00920167079 0.19178747 178 178 178
-0.01 -0.00680826573 0.210230324 178 178 178
-0.0392534617 0.0161699281 0.145100715 178 178 178
0.0416984585 -0.0381754162 0.295 178 178 178
0.00192662224 -0.01 0.153546765 178 178 178
0.01 -0.00392236438 0.244916882 178 178 178
-0.0355917634 -0.00315491388 0.199716334 178 178 178
0.0120291603 0.0527935758 0.105 178 178 178
-0.0369280801 0.0359650821 0.155 178 178 178
0.0141733955 -0.0489643609 0.296264906 178 178 178
0.0408494521 -0.0191485767 0.305 178 178 178
-0.0150516189 -0.049483924 0.245 178 178 178
-0.0669319896 -0.0106274687 0.195 178 178 178
-0.00801976395 0.01 0.241063928 178 178 178
0.0161365358 0.0597392196 0.105 178 178 178
0.01 -0.0087677832 0.285190021 178 178 178
-0.0470800894 0.0541782604 0.145682821 178 178 178
-0.0470800894 0.0407257459 0.145870121 178 178 178
-0.0334302679 0.0439150093 0.155 178 178 178
-0.01 0.000294211285 0.321581117 178 178 178
-0.00945275335 0.01 0.207462952 178 178 178
0.00148644518 0.01 0.0586908667 178 178 178
-0.00930911068 -0.01 0.0359936261 178 178 178
-0.00693747263 -0.0750171332 0.245 178 178 178
-0.01 -0.00854301614 0.253761584 178 178 178
-0.00558966196 0.01 0.0490526367 178 178 178
-0.01 -0.00807669943 0.231670712 178 178 178
-0.0389899393 0.0292783784 0.155 178 178 178
-0.00902432403 0.01 0.190501826 178 178 178
-0.0152431076 -0.0338435913 0.245 178 178 178
0.0277177208 -0.0423224799 0.295 178 178 178
-0.00637776239 0.01 0.107198855 178 178 178
-0.000712788003 -0.01 0.151474606 178 178 178
-0.0453054202 0.0646797123 0.153454693 178 178 178
0.0141733955 -0.035390919 0.300122245 178 178 178
0.0068525587 -0.01 0.220287921 178 178 178
-0.0434354176 0.0441519225 0.155 178 178 178
-0.0197495954 -0.00645537475 0.19995158 178 178 178
0.0291654504 -0.0562334007 0.295 178 178 178
0.00589173346 -0.01 0.00447479649 178 178 178
0.00739635177 -0.01 0.181835453 178 178 178
0.0505915134 -0.056443226 0.295973956 178 178 178
-0.00328251159 -0.01 0.0764708992 178 178 178
0.01 -0.00954276801 0.295223862 178 178 178
0.0782684794 0 0.0538388152 178 178 178
-0.01 0.00923833485 0.277413122 178 178 178
-0.0455062683 0.0161699281 0.151459542 178 178 178
0.01 -0.00521083022 0.0851409915 178 178 178
0.0486527731 -0.0540841252 0.295 178 178 178
0.01 0.000282585376 0.327827735 178 178 178
-0.0117700223 0.0567102156 0.152930119 178 178 178
-0.00951790799 -0.01 0.2293697 178 178 178
-0.01 -0.00405520232 0.293864123 178 178 178
-0.00874306728 -0.01 0.172857896 178 178 178
0.00779168227 0.01 0.285983654 178 178 178
-0.00361838053 0.01 0.291627752 178 178 178
-0.0377151711 0.0431260282 0.155 178 178 178
-0.01 0.00797120609 0.178491356 178 178 178
-0.00913412886 -0.01 0.0160654365 178 178 178
0.0141733955 -0.05280323 0.299424683 178 178 178
-0.0061466574 -0.0327698703 0.254131131 178 178 178
0.0277541972 -0.0336147262 0.295 178 178 178
0.01 -0.00454725999 0.041445845 178 178 178
6.75341936e-05 0.01 0.119759728 178 178 178
0.01 0.00441072929 0.16664219 178 178 178
0.00531370321 -0.01 0.0181471599 178 178 178
0.00700321904 -0.01 0.327796475 178 178 178
-0.01 -0.00849060672 0.267011752 178 178 178
0.00968491812 -0.01 0.0949298779 178 178 178
0.01 -0.00737529008 0.329124379 178 178 178
-0.00985053925 -0.0573442473 0.255 178 178 178
-0.01 0.00946646959 0.131833887 178 178 178
0.01 0.00266797779 0.342174077 178 178 178
0.00907192243 0.0527165314 0.0997829092 178 178 178
0.01 0.00577491285 0.0700311623 178 178 178
-0.01 -0.000285265332 0.0406100711 178 178 178
0.01 0.00807567362 0.191445683 178 178 178
-0.01 0.00103843586 0.129038306 178 178 178
0.0267262213 0.0523612257 0.105 178 178 178
-0.01 0.000625568434 0.0918308127 178 178 178
-0.00855333622 0.01 0.0216595815 178 178 178
-0.0663804181 -0.00726119696 0.205 178 178 178
-0.0245866296 -0.0469585891 0.252942424 178 178 178
0.01 0.000282170307 0.196280207 178 178 178
-0.00159781575 -0.01 0.0202139669 178 178 178
0.00851850394 -0.01 0.0843277426 178 178 178
0.0566935819 -0.0511268742 0.298564652 178 178 178
0.0506131056 -0.0419795181 0.305 178 178 178
0.01 0.00997136773 0.0878313463 178 178 178
0.0274564138 -0.0141108065 0.302480191 178 178 178
0.01 -0.00403110944 0.147895934 178 178 178
-0.01 -0.00561461851 0.212211986 178 178 178
-0.01 -0.000720014807 0.0111258523 178 178 178
0.0396305021 -0.0444291854 0.295 178 178 178
0.000718515509 -0.01 0.237206887 178 178 178
-0.00336749735 0.01 0.262739646 178 178 178
0.035195887 0.0256275744 0.095 178 178 178
0.00557269525 -0.01 0.31503904 178 178 178
0.01 0.00288642006 0.0802000129 178 178 178
-0.01 -0.000913037191 0.316422588 178 178 178
-0.0245866296 -0.0719968765 0.251919977 178 178 178
-0.0368792686 0.0646797123 0.153797598 178 178 178
-0.0198393592 -0.028999528 0.245 178 178 178
-0.032299761 0.0646797123 0.154483382 178 178 178
-0.0204907781 0.0501946543 0.145 178 178 178
-0.012149013 -0.0240738559 0.255 178 178 178
-0.0301897274 0.0340288218 0.145 178 178 178
-0.0217000681 0.055505141 0.155 178 178 178
0.00586053864 0.01 0.215506344 178 178 178
0.01 -7.10695628e-05 0.227585981 178 178 178
-0.0470800894 0.0469348043 0.145165748 178 178 178
0.01 -0.00805763869 0.153376932 178 178 178
0.0218092676 -0.0270573335 0.295 178 178 178
0.0151013562 0.0210955413 0.095 178 178 178
-0.00598517205 0.01 0.287022937 178 178 178
0.0383804184 -0.0378146614 0.305 178 178 178
0.01 0.00206339795 0.236569315 178 178 178
-0.01 -0.00934107893 0.078705445 178 178 178
0.0058324376 -0.01 0.185120903 178 178 178
0.0402236552 -0.0522253631 0.305 178 178 178
0.0723868724 0 0.0505036781 178 178 178
-0.056597839 -0.00315491388 0.204765809 178 178 178
0.01 -0.00483006454 0.0519906248 178 178 178
-0.0533509706 -0.00315491388 0.201197917 178 178 178
-0.0304330427 0.0634417593 0.145 178 178 178
0.0241381473 0.0542652653 0.105 178 178 178
0.038028117 -0.0553235442 0.305 178 178 178
-0.01 0.00679730842 0.150484281 178 178 178
0.00509100032 0.01 0.00285761293 178 178 178
-0.0451836146 0.0251389664 0.145 178 178 178
-0.0179720307 -0.0522848709 0.245 178 178 178
-0.00399199805 0.01 0.249526964 178 178 178
0.00907192243 0.0273645158 0.104676134 178 178 178
0.01 -0.00428134227 0.163951507 178 178 178
-0.01 -0.00967940091 0.130028537 178 178 178
-0.0117700223 0.0363182789 0.151297222 178 178 178
-0.0056912792 -0.01 0.174094058 178 178 178
-0.025841915 0.039620995 0.155 178 178 178
0.00115512671 0.00440067804 0.35 178 178 178
0.0391234613 -0.0430386287 0.305 178 178 178
-0.01 0.00170303996 0.329465179 178 178 178
0.00549213539 0.01 0.027410428 178 178 178
-0.0191746892 0.0254040291 0.155 178 178 178
-0.01 0.00218246161 0.126944909 178 178 178
-0.0147232718 0.0539223969 0.155 178 178 178
0.00767873985 -0.01 0.0818714599 178 178 178
-0.01 -0.00385414891 0.156350165 178 178 178
-0.01 -0.00566851068 0.0251262176 178 178 178
0.0482573324 -0.0453560803 0.305 178 178 178
-0.00952103965 -0.01 0.0486172718 178 178 178
-0.01 0.00169960855 0.173691869 178 178 178
0.0204476594 0.071236615 0.105 178 178 178
-0.01 -0.0015028288 0.156941585 178 178 178
0.00519703191 -0.01 0.340531657 178 178 178
0.0281671557 0.026619564 0.095 178 178 178
0.01 -0.000564822839 0.00438312518 178 178 178
0.01 -0.00972977274 0.0172007411 178 178 178
-0.0245866296 -0.0456629909 0.245659796 178 178 178
0.01 -0.00456124515 0.198454346 178 178 178
-0.01 -0.00239843435 0.231979628 178 178 178
-0.0353821796 0.0161699281 0.149705964 178 178 178
-0.013728055 0.0520915642 0.145 178 178 178
-0.01 -0.00377169067 0.168044438 178 178 178
-0.0304904399 -0.00315491388 0.196000376 178 178 178
-0.01 0.00346302162 0.180841046 178 178 178
0.0357658459 0.0411893432 0.105 178 178 178
-0.069188294 -0.0126196555 0.195545011 178 178 178
-0.0420227017 0.0450964438 0.145 178 178 178
0.0141025039 0.0547306928 0.105 178 178 178
-0.00681573956 0.01 0.291699308 178 178 178
-0.01 -0.00153258719 0.055805765 178 178 178
-0.00216779303 0.01 0.0851175298 178 178 178
-0.026070806 0.0161699281 0.15218874 178 178 178
-0.00907520275 0.01 0.168339698 178 178 178
-0.01 -0.00064066833 0.200568124 178 178 178
-0.0470800894 0.0303845222 0.147059938 178 178 178
-0.01 0.00608813852 0.00602311003 178 178 178
0.00684652777 0.01 0.3286215 178 178 178
-0.0164752755 -0.0412428469 0.245 178 178 178
0.00308550045 0.01 0.00707720371 178 178 178
-0.0181914306 -0.0631264645 0.245 178 178 178
-0.0322679294 -0.0118547331 0.195 178 178 178
-0.01 0.00577148583 0.271006546 178 178 178
-0.0255233579 0.0339491833 0.155 178 178 178
-0.00450662051 -0.01 0.222939985 178 178 178
-0.00032452045 0.01 0.0543891307 178 178 178
-0.00681950907 -0.0263821616 0.255 178 178 178
0.0239710993 0 0.0548269289 178 178 178
-0.01 -0.00355310798 0.236641306 178 178 178
0.0262982839 0.0712965888 0.0976875724 178 178 178
-0.0449859985 0.0317585229 0.145 178 178 178
0.020447774 0 0.0512442091 178 178 178
-0.00806660732 0.01 0.221416617 178 178 178
0.01 -0.00978476259 0.17627145 178 178 178
0.00816704461 0.01 0.152779257 178 178 178
0.006208063 0.01 0.253626215 178 178 178
-0.01 -0.000273889838 0.267354419 178 178 178
0.0141733955 -0.0167679816 0.300836013 178 178 178
-0.00420902804 0.01 0.344219785 178 178 178
-0.01 0.0015560837 0.333949706 178 178 178
-0.00169750917 0.01 0.13495981 178 178 178
0.0727006459 0 0.0526524461 178 178 178
0.0291376263 -0.0256070829 0.305 178 178 178
-0.0061466574 -0.0390513454 0.252203308 178 178 178
0.0046794736 0.01 0.0507307417 178 178 178
0.01 -0.00332776479 0.0801559419 178 178 178
-0.0181473384 -0.0761281659 0.24772957 178 178 178
-0.01 0.000374299185 0.192159997 178 178 178
-0.031419674 0.0351797338 0.145 178 178 178
0.00166259993 -0.01 0.293883384 178 178 178
-0.0102378316 -0.0347758482 0.255 178 178 178
0.00839106034 0.01 0.116683993 178 178 178
-0.01 -0.00184463897 0.283547659 178 178 178
0.01 -0.00882824097 0.287082996 178 178 178
-0.00685748401 0.01 0.0988559751 178 178 178
-0.0217950052 -0.0346444309 0.245 178 178 178
-0.0211605115 -0.0497994631 0.245 178 178 178
-0.01 0.00663076996 0.26017824 178 178 178
-0.0117700223 0.0499145439 0.153610239 178 178 178
-0.01 0.00617253951 0.0999357797 178 178 178
0.000795409293 0.01 0.00974536312 178 178 178
-0.01 -0.00722153685 0.198696288 178 178 178
0.01 -0.0085156671 0.153582668 178 178 178
0.00818448617 0.01 0.254984642 178 178 178
-0.0176906573 0.0409194941 0.145 178 178 178
-0.0117700223 0.0361889844 0.151567153 178 178 178
-0.00969008668 -0.01 0.31966669 178 178 178
-0.021668913 0.0555985667 0.155 178 178 178
-0.0723197343 -0.0126196555 0.201672245 178 178 178
-0.01 1.45733415e-05 0.183050268 178 178 178
-0.00762613007 -0.01 0.314029865 178 178 178
-0.0403912775 0.0188675364 0.145 178 178 178
0.01 0.00326572785 0.0538520434 178 178 178
0.034420282 0.0676790588 0.105 178 178 178
-0.00664284222 0.01 0.065879659 178 178 178
0.0121605753 0.0707747503 0.105 178 178 178
0.01 0.0063019799 0.168925991 178 178 178
-0.01 0.000133738023 0.33202096 178 178 178
-0.01 -0.00483791409 0.0262944879 178 178 178
0.0263477917 0.0628808666 0.105 178 178 178
0.01 -0.00889816761 0.321244252 178 178 178
0.0199670509 -0.0268427439 0.305 178 178 178
0.01 0.00377277439 0.053352109 178 178 178
0.00154619798 0.01 0.272371665 178 178 178
0.01 -0.00519235953 0.0280362018 178 178 178
0.00718856168 -0.01 0.310933993 178 178 178
-0.0069179908 0.01 0.00632227503 178 178 178
-0.0117700223 0.0177419944 0.146578229 178 178 178
-0.0209896012 0.0457583897 0.145 178 178 178
0.01 -0.00578645628 0.239732456 178 178 178
0.00909863343 -0.01 0.280853869 178 178 178
0.0078512635 0.01 0.224516408 178 178 178
-0.0117700223 0.0362991191 0.154134286 178 178 178
-0.01 -3.48618138e-05 0.227206046 178 178 178
0.0176652565 -0.0387131221 0.295 178 178 178
0.0362876897 0.0459800247 0.0954526047 178 178 178
0.021647078 0.0354190705 0.105 178 178 178
-0.0117700223 0.0540224189 0.15156834 178 178 178
-0.0259636721 0.0161699281 0.148230934 178 178 178
0.000101284896 0.01 0.318477959 178 178 178
0.01 0.00974264801 0.0184375239 178 178 178
-0.01 0.00527029685 0.109253601 178 178 178
-0.01 0.00795456414 0.0819472876 178 178 178
-0.00877727382 -0.01 0.0179945944 178 178 178
-0.01 -0.00627329504 0.337901981 178 178 178
0.0156983202 0.0323509816 0.105 178 178 178
0.00649460477 -0.01 0.0669483159 178 178 178
0.00102427525 -0.01 0.136563078 178 178 178
0.01 -0.0065250863 0.155826959 178 178 178
0.01 -7.35535108e-05 0.0723399276 178 178 178
0.0465848443 -0.0492661291 0.305 178 178 178
-0.00934883381 -0.01 0.0469331381 178 178 178
0.01 -0.00219369028 0.325484451 178 178 178
0.01 -0.00909319046 0.263734165 178 178 178
-0.01 0.00996981205 0.169882764 178 178 178
-0.00777835769 -0.000871175472 0.35 178 178 178
-0.01 -0.00309230858 0.283204404 178 178 178
0.01 0.000715263213 0.277656288 178 178 178
0.01 0.00128034994 0.103292029 178 178 178
-0.0539920921 -0.00638448164 0.205 178 178 178
0.01 -0.00639312499 0.238267713 178 178 178
0.0350408427 0.0297597634 0.105 178 178 178
-0.00467389286 0.01 0.131548618 178 178 178
-0.00833106748 0.01 0.298329775 178 178 178
-0.0492508594 -0.0126196555 0.203005321 178 178 178
0.01 0.00489210412 0.262409676 178 178 178
0.0417607909 -0.0437332151 0.295 178 178 178
-0.0061466574 -0.0290237376 0.245024028 178 178 178
0.00907192243 0.067566362 0.102010906 178 178 178
-0.00475637061 -0.01 0.2982148 178 178 178
0.0249482279 0.0712965888 0.0992668867 178 178 178
0.0245230692 0.0473353217 0.095 178 178 178
-0.0117700223 0.0193502202 0.152619084 178 178 178
0.01 -0.000943148797 0.220034591 178 178 178
0.0380922 -0.0529800021 0.305 178 178 178
-0.0061466574 -0.0541183206 0.254684812 178 178 178
0.00521142313 -0.01 0.0575861767 178 178 178
0.00594909163 0.01 0.111706469 178 178 178
-0.00608297548 -0.01 0.304506444 178 178 178
-0.0211937536 -0.0418696229 0.245 178 178 178
0.0208340211 -0.0369384657 0.295 178 178 178
0.0171937555 -0.056443226 0.298515832 178 178 178
0.0177138977 0.0549758149 0.095 178 178 178
0.0297899831 0.0712965888 0.0956266098 178 178 178
-0.0209761489 0.0178743129 0.145 178 178 178
0.0212306502 0 0.0497784219 178 178 178
0.0152638617 -0.0471689509 0.305 178 178 178
0.0183959867 0.0661029671 0.095 178 178 178
0.00726547046 0.01 0.110147803 178 178 178
-0.01 0.00701283087 0.00858306507 178 178 178
0.0053301542 -0.01 0.27614597 178 178 178
-0.0343647204 0.043734551 0.155 178 178 178
-0.0263449633 0.0484071908 0.145 178 178 178
-0.00811853579 0.01 0.184060417 178 178 178
-0.0238242013 -0.0438564856 0.255 178 178 178
-0.0470800894 0.063878503 0.145890114 178 178 178
-0.000591999121 0.01 0.308944643 178 178 178
-0.0096516585 -0.01 0.0199981941 178 178 178
-0.00224097528 -0.01 0.0457602179 178 178 178
0.01 -0.00495633931 0.268218578 178 178 178
-0.000853201976 0.01 0.342085432 178 178 178
-0.01 0.00943693455 0.0998859933 178 178 178
0.0274770541 -0.0444881224 0.295 178 178 178
0.01 0.00259326153 0.114914486 178 178 178
0.0412942144 -0.0315386681 0.295 178 178 178
-0.0300685921 0.0304156072 0.145 178 178 178
-0.0157417557 -0.0317252763 0.255 178 178 178
0.00023548905 0.01 0.0448962771 178 178 178
-0.00357626005 -0.00914275718 0 178 178 178
-0.0307048826 -0.0102000784 0.195 178 178 178
0.01 0.00335586174 0.0879330931 178 178 178
0.00688709749 -0.01 0.0920236676 178 178 178
-0.0386880056 -0.00315491388 0.202999601 178 178 178
-0.0462366649 0.0202026185 0.145 178 178 178
0.01 0.00074691968 0.20396907 178 178 178
0.01 0.00878819921 0.0569029966 178 178 178
0.0405485515 -0.0147388125 0.305 178 178 178
0.01 0.00625653598 0.153526156 178 178 178
-0.0154207352 0.0596931942 0.145 178 178 178
0.00259808956 -0.01 0.0283256106 178 178 178
-0.0572356147 -0.0126196555 0.201679504 178 178 178
0.00589027821 -0.01 0.0276649211 178 178 178
-0.01 0.0033432402 0.0215910359 178 178 178
-0.00850251237 -0.01 0.255226767 178 178 178
-0.01 0.00383748974 0.0934152711 178 178 178
-0.0148909772 -0.0350771706 0.255 178 178 178
0.00578680598 -0.01 0.129048907 178 178 178
0.01 0.0097196772 0.119871153 178 178 178
-0.0117812889 0.0646797123 0.149355148 178 178 178
0.0107942096 0.0451258178 0.095 178 178 178
0.00387428158 0.01 0.133880398 178 178 178
0.028670853 0.0523846535 0.105 178 178 178
-0.01 0.00549262015 0.232526171 178 178 178
-0.01623194 -0.0542022558 0.255 178 178 178
-0.00323934469 0.01 0.306818569 178 178 178
-0.0470800894 0.0570360509 0.153291842 178 178 178
0.0218574772 0.0579044528 0.105 178 178 178
-0.0152863453 0.054411492 0.155 178 178 178
-0.0052558749 0.01 0.132587476 178 178 178
-0.040820456 0.0164032794 0.155 178 178 178
-0.0432234472 0.0628958755 0.145 178 178 178
-0.00945937627 0.01 0.0600829221 178 178 178
-0.000425752309 -0.01 0.34639312 178 178 178
0.0527624364 -0.0533618753 0.305 178 178 178
-0.0231977222 0.0183748289 0.155 178 178 178
0.01 -0.00912779245 0.235223168 178 178 178
-0.0318520395 0.0590560233 0.155 178 178 178
0.01 0.000850499096 0.0265274053 178 178 178
-0.01 0.00564984262 0.272623567 178 178 178
-0.00920109034 -0.032451575 0.255 178 178 178
-0.01 0.00770491485 0.157940194 178 178 178
0.01 0.00265259572 0.175968135 178 178 178
0.0082396553 0.01 0.0927290885 178 178 178
-0.00618195667 -0.01 0.227991481 178 178 178
0.01 -0.000766633221 0.167894711 178 178 178
0.01 0.00856636376 0.248555843 178 178 178
0.01 -0.00520570177 0.197622026 178 178 178
-0.00400463254 -0.01 0.215960478 178 178 178
-0.01 -0.00237979959 0.313446314 178 178 178
0.01 0.00451292099 0.261838354 178 178 178
-0.0166215747 0.0270264816 0.155 178 178 178
0.0169379782 -0.0338568432 0.295 178 178 178
0.01 0.00563165738 0.237601757 178 178 178
0.0467901564 0 0.0465118925 178 178 178
-0.01 3.38080103e-05 0.144336095 178 178 178
0.00375353001 -0.01 0.27624171 178 178 178
0.00406534979 -0.01 0.0995517121 178 178 178
-0.0150209028 -0.0761281659 0.249480973 178 178 178
-0.01 -0.002714179 0.261728804 178 178 178
-0.0669165373 -0.00315491388 0.198781422 178 178 178
-0.00807289437 -0.01 0.069448734 178 178 178
0.0233140375 0.0200955541 0.095 178 178 178
-0.0154236554 -0.0507042075 0.255 178 178 178
-0.0150294728 -0.0190320415 0.254374011 178 178 178
-0.00938639298 -0.00546905507 0 178 178 178
-0.01 -0.00178361919 0.190695672 178 178 178
0.00117842832 0.01 0.0494499931 178 178 178
-0.0360262554 0.0646797123 0.153337509 178 178 178
-0.000334047813 -0.01 0.315239893 178 178 178
0.01 -0.00520678707 0.0315134515 178 178 178
-0.0335386493 -0.0126196555 0.204291404 178 178 178
-0.01 -0.00540453313 0.291984854 178 178 178
-0.01 0.00844670502 0.163033458 178 178 178
0.0491511009 -0.0141108065 0.304569915 178 178 178
0.00873532864 0.01 0.189466842 178 178 178
-0.00980803219 -0.01 0.310784452 178 178 178
0.00452424929 0.01 0.0669600015 178 178 178
0.01 -0.00615504195 0.236359892 178 178 178
0.000967803221 -0.01 0.248907656 178 178 178
0.0518352329 0 0.0544688207 178 178 178
0.0292695658 -0.0528287891 0.305 178 178 178
0.0449338518 0 0.0523917809 178 178 178
0.0148536855 0.0178241472 0.0972701561 178 178 178
0.00158970072 0.01 0.229504353 178 178 178
0.0567566794 0 0.0471254336 178 178 178
-0.0470800894 0.057874768 0.154977447 178 178 178
0.0315264794 0.0307401468 0.095 178 178 178
-0.0573024812 -0.00315491388 0.201364401 178 178 178
-0.01 -0.0020800016 0.174150102 178 178 178
0.01 -0.00920635357 0.30664062 178 178 178
0.0614310153 0 0.0455473444 178 178 178
-0.01 0.00684766836 0.316361633 178 178 178
0.01 -0.00450410269 0.286679814 178 178 178
0.0270281034 0.035002221 0.105 178 178 178
-0.0734475951 -0.0126196555 0.203428111 178 178 178
0.00261450688 -0.01 0.127203245 178 178 178
-0.01 0.00243236325 0.0855694596 178 178 178
-0.0137244811 0.0474931249 0.155 178 178 178
0.00546715264 0.01 0.0314931735 178 178 178
0.01 -0.00409695449 0.0567090281 178 178 178
-0.00325168933 0.01 0.194867141 178 178 178
-0.01 -0.00816672222 0.0673898375 178 178 178
-0.027705451 0.0251470642 0.145 178 178 178
-0.01 -0.00415368148 0.24131236 178 178 178
0.00978836464 -0.01 0.0417671399 178 178 178
-0.0251031011 -0.0126196555 0.200374335 178 178 178
0.0508442721 -0.0543137908 0.295 178 178 178
0.00643128755 -0.01 0.204478202 178 178 178
0.01 0.0053502053 0.200118281 178 178 178
0.01 -0.0093298625 0.266975478 178 178 178
-0.0204449018 -0.0486539798 0.255 178 178 178
0.0431675067 -0.0189797734 0.295 178 178 178
-0.00743457429 -0.01 0.210182424 178 178 178
0.00341183739 0.01 0.170995282 178 178 178
0.01 -0.00919067883 0.0894423708 178 178 178
-0.01 0.00973904928 0.212647154 178 178 178
0.0448209946 -0.0512549431 0.295 178 178 178
-0.00560694766 -0.01 0.260200052 178 178 178
0.01 -0.00866339647 0.14173393 178 178 178
-0.01 -0.000778573386 0.31581619 178 178 178
-0.01 0.00592748372 0.00858141946 178 178 178
-0.0400703923 0.0161699281 0.154649494 178 178 178
-0.01 0.00240286643 0.282570582 178 178 178
0.0049145684 -0.01 0.0559693467 178 178 178
-0.000155334933 0.01 0.224821103 178 178 178
0.0566935819 -0.0525618591 0.298318088 178 178 178
-0.0470800894 0.0193766289 0.145823547 178 178 178
-0.00747703398 -0.01 0.0274343821 178 178 178
-0.0624874316 -0.00315491388 0.196818393 178 178 178
0.00430211206 0.01 0.190764357 178 178 178
-0.0572944345 -0.0075850755 0.195 178 178 178
0.000828865128 0.00465057528 0.35 178 178 178
-0.0245866296 -0.0198202089 0.247092211 178 178 178
0.01 0.00653139269 0.347023007 178 178 178
-0.01 0.00940576566 0.288116332 178 178 178
0.0326297085 0.0712965888 0.0981447288 178 178 178
-0.01 -0.00718848683 0.123019688 178 178 178
0.01 0.00202216666 0.25550018 178 178 178
0.00657644966 -0.01 0.273394095 178 178 178
0.01 0.00717799758 0.0987362052 178 178 178
-0.00313013723 -0.01 0.348485739 178 178 178
0.01 -0.00971798104 0.120432647 178 178 178
0.00996213273 -0.01 0.233236259 178 178 178
-0.01 0.0011528374 0.241692206 178 178 178
0.00925716513 0.01 0.156893098 178 178 178
0.0433258535 0 0.0459273915 178 178 178
0.01 0.00207176023 0.202177903 178 178 178
-0.00547518135 -0.01 0.331180667 178 178 178
0.00522662167 0.01 0.253427369 178 178 178
-0.0470800894 0.0169745572 0.147582959 178 178 178
0.01 0.00691006084 0.0220478185 178 178 178
-0.00411062652 0.01 0.00831656897 178 178 178
-0.0470800894 0.0557905632 0.154025541 178 178 178
0.00568917969 0.01 0.0604385056 178 178 178
-0.0061466574 -0.0318848317 0.254300561 178 178 178
0.0407809372 -0.0541112864 0.295 178 178 178
0.00947591589 0.01 0.0317602141 178 178 178
-0.028595519 0.0496705124 0.155 178 178 178
0.01 -0.00302642813 0.111620788 178 178 178
0.00455224925 -0.01 0.253283999 178 178 178
-0.01 0.00443965647 0.104528393 178 178 178
0.025632369 0.0681861254 0.095 178 178 178
0.0323947948 -0.017830564 0.305 178 178 178
0.00634865136 -0.01 0.164284833 178 178 178
-0.0403160488 0.0517506752 0.155 178 178 178
-0.01 0.00462461733 0.19824291 178 178 178
-0.000737820144 -0.01 0.134380212 178 178 178
0.0548516913 -0.0141108065 0.303793367 178 178 178
-0.0186805177 0.0258471813 0.145 178 178 178
8.20808178e-05 -0.01 0.105718499 178 178 178
0.0384774751 -0.0203673803 0.295 178 178 178
0.00528620486 -0.01 0.177624013 178 178 178
0.00215221865 -0.01 0.00814644328 178 178 178
0.00446586657 0.01 0.116799022 178 178 178
0.0462848783 -0.0235128771 0.305 178 178 178
-0.00584659857 -0.01 0.297826145 178 178 178
0.0231015149 -0.0496494424 0.295 178 178 178
0.0148253353 0.055239156 0.095 178 178 178
-0.00415070623 -0.01 0.193881055 178 178 178
0.0214521911 0 0.0460131666 178 178 178
-0.01 0.00696598925 0.255475737 178 178 178
-0.01 -0.00585613412 0.161084441 178 178 178
-0.0182559118 0.0483936445 0.155 178 178 178
-0.0463525307 0.0582061932 0.145 178 178 178
0.0141733955 -0.0374061057 0.29740239 178 178 178
0.01 0.0022294172 0.315797262 178 178 178
-0.0339354636 -0.0126196555 0.203478085 178 178 178
-0.00896655661 0.01 0.125770195 178 178 178
-0.067559825 -0.0122556144 0.195 178 178 178
-0.0061466574 -0.0483487569 0.248311518 178 178 178
0.0141733955 -0.0189447492 0.304601089 178 178 178
0.01 0.00270005143 0.212026529 178 178 178
-0.01 0.00634649238 0.288422074 178 178 178
0.0556800749 -0.0298947813 0.305 178 178 178
0.0469817395 -0.018872374 0.305 178 178 178
-0.00526995431 0.01 0.0479864209 178 178 178
0.0254917416 -0.0171435881 0.305 178 178 178
-0.00544863107 0.01 0.0805048246 178 178 178
0.000179295022 0.01 0.107655555 178 178 178
-0.0470800894 0.0463964827 0.150848505 178 178 178
-0.01 0.00218403889 0.215145269 178 178 178
-0.01 0.0085677305 0.345305227 178 178 178
-0.00597241783 0.01 0.0563569101 178 178 178
-0.01 0.00776688534 0.29800712 178 178 178
-0.00168699963 -0.01 0.141906211 178 178 178
0.00102377996 -0.01 0.193066999 178 178 178
-0.0470800894 0.0237748642 0.154367304 178 178 178
0.0321071312 0 0.0484675667 178 178 178
0.00907192243 0.0190926482 0.104161889 178 178 178
-0.0577405724 -0.00315491388 0.201537638 178 178 178
0.01 0.00248914881 0.214930591 178 178 178
0.01 0.00434770598 0.0783635349 178 178 178
0.01 0.00331549076 0.0364232167 178 178 178
0.00593532617 0.01 0.240083753 178 178 178
-0.0468982227 0.0646797123 0.15151142 178 178 178
-0.00675423676 0.01 0.282336075 178 178 178
0.00935937297 0.01 0.183972712 178 178 178
0.017449957 0.0396428432 0.105 178 178 178
0.01 -0.00303263576 0.230718027 178 178 178
-0.00405695813 -0.01 0.0107637006 178 178 178
-0.0204495989 0.0486162923 0.145 178 178 178
-0.0470800894 0.0502767435 0.147854066 178 178 178
0.00642518954 0.01 0.309969976 178 178 178
0.0110817773 0.035481806 0.105 178 178 178
0.00232953762 -0.01 0.220493727 178 178 178
-0.00766981587 0.01 0.0147430765 178 178 178
0.0647233986 0 0.0508159721 178 178 178
0.01 0.00828901975 0.0656099728 178 178 178
-0.00220737695 0.01 0.296652999 178 178 178
0.013087263 0.0287463389 0.095 178 178 178
0.0259649703 0.0244602897 0.095 178 178 178
0.01 0.00311014793 0.306398495 178 178 178
-0.0127267466 0.0513701046 0.145 178 178 178
0.00613731098 -0.01 0.287102272 178 178 178
0.0292855508 -0.0141108065 0.304950009 178 178 178
0.01 -0.00892280555 0.287608669 178 178 178
0.01 0.00477902543 0.176084675 178 178 178
0.01 -0.00871353343 0.32194598 178 178 178
0.0288044075 -0.056443226 0.295080708 178 178 178
0.01 -0.00795890969 0.0247479687 178 178 178
0.0112379087 0.0457363086 0.095 178 178 178
0.0239026399 -0.056443226 0.300811365 178 178 178
0.0539189072 -0.0553332764 0.305 178 178 178
-0.00237745568 -0.01 0.272716144 178 178 178
-0.01 -0.000652827907 0.0309788964 178 178 178
0.0361951042 0.0497610743 0.095 178 178 178
-0.0169956296 0.0468562092 0.145 178 178 178
0.00930442416 0.01 0.167050737 178 178 178
0.00869676823 0.01 0.260254971 178 178 178
-0.00245990042 0.0017312456 0 178 178 178
-0.00413748643 -0.01 0.116904266 178 178 178
-0.01 -0.00688528524 0.0267963077 178 178 178
0.00181773474 -0.01 0.29103941 178 178 178
0.01 0.00180693916 0.345098331 178 178 178
0.00963661009 0.01 0.129472642 178 178 178
0.00771151178 -0.01 0.333977852 178 178 178
0.0017841722 -0.01 0.312497969 178 178 178
0.0223898091 -0.035407447 0.295 178 178 178
-0.01 -0.00165861285 0.242304539 178 178 178
0.01 -0.00624658214 0.277835664 178 178 178
-0.0193015723 0.043393671 0.145 178 178 178
-0.00344094981 -0.00792002756 0.35 178 178 178
0.01 0.00829842757 0.0780728813 178 178 178
0.0158083093 -0.0312904394 0.305 178 178 178
0.0439593725 -0.0357082925 0.295 178 178 178
0.0253264178 0.0532009692 0.105 178 178 178
0.00900555896 -0.01 0.123600059 178 178 178
0.00745966369 0.01 0.26166543 178 178 178
0.00196999425 -0.01 0.22801218 178 178 178
0.01 -0.00798156483 0.345917371 178 178 178
-0.00726431413 -0.01 0.20781425 178 178 178
0.00704686582 -0.01 0.0432929409 178 178 178
0.0168224832 0.0436882885 0.105 178 178 178
0.00740366372 -0.01 0.20233964 178 178 178
0.01 0.00392815288 0.303361766 178 178 178
0.0528680537 -0.0390496681 0.295 178 178 178
0.00835502426 0.01 0.24367838 178 178 178
0.00781208945 0.01 0.164966169 178 178 178
0.00589948864 -0.01 0.0527072509 178 178 178
-0.0655993103 -0.012184815 0.205 178 178 178
0.00907192243 0.0415330272 0.10015259 178 178 178
-0.01 0.00716023863 0.0237775863 178 178 178
0.0207777749 0.0244239987 0.105 178 178 178
0.00931752928 -0.01 0.228040044 178 178 178
0.01 -0.00844348174 0.0255287506 178 178 178
0.0660752654 0 0.0463526937 178 178 178
0.0266380351 -0.0273854066 0.305 178 178 178
-0.0381375027 -0.0126196555 0.20444373 178 178 178
0.012667321 0.0509302998 0.105 178 178 178
-0.01 -0.0066326301 0.0451939305 178 178 178
0.00121761802 0.00680327487 0.35 178 178 178
-0.0061466574 -0.0385138116 0.249676344 178 178 178
-0.00540260583 -0.01 0.299527767 178 178 178
0.00358272233 -0.01 0.195616359 178 178 178
-0.0377617913 0.0306214285 0.145 178 178 178
-0.0671810416 -0.0126196555 0.200539081 178 178 178
-0.0216148947 -0.00357185869 0.195 178 178 178
-0.01 -0.00346055644 0.269592733 178 178 178
0.01 -0.00215672365 0.180387889 178 178 178
-0.00483017389 -0.01 0.183596144 178 178 178
-0.0234330692 -0.0210274163 0.255 178 178 178
0.0566935819 -0.0312655397 0.301015401 178 178 178
0.01 -0.00360144391 0.00538431666 178 178 178
-0.0182217685 -0.0643639877 0.255 178 178 178
-0.00467570182 0.01 0.0939045771 178 178 178
0.00667106721 0.01 0.0839774701 178 178 178
-0.01 -0.00181373968 0.0465345228 178 178 178
0.00563595467 -0.00620408345 0.35 178 178 178
-0.01 0.000759389605 0.185109717 178 178 178
0.01 -0.0032481196 0.347568261 178 178 178
-0.0433319206 0.0437731659 0.155 178 178 178
-0.01 -0.00420157763 0.187156641 178 178 178
-0.0237906316 -0.0190320415 0.245747364 178 178 178
0.0220986774 -0.0212419095 0.295 178 178 178
0.00581075605 0.01 0.165849517 178 178 178
0.01 0.00912937622 0.200460167 178 178 178
0.0445006829 -0.0403027313 0.305 178 178 178
-0.01 0.00174876679 0.00356958758 178 178 178
0.00510086576 -0.01 0.0867065069 178 178 178
0.00646811232 -0.01 0.299087418 178 178 178
0.0236639619 -0.056443226 0.297857133 178 178 178
0.0733950639 0 0.0471419478 178 178 178
-0.00712979353 -0.01 0.0670773993 178 178 178
-0.01 -0.00276067767 0.0252395912 178 178 178
-0.01 0.00744963899 0.00692126197 178 178 178
-0.01 0.0079934714 0.101487984 178 178 178
0.0314473064 -0.0480445245 0.305 178 178 178
0.0423284091 -0.0156583883 0.305 178 178 178
-0.00415125491 -0.01 0.0505325544 178 178 178
0.00872382857 -0.01 0.0648593617 178 178 178
-0.00214062399 0.01 0.100950574 178 178 178
-0.0234760293 -0.0637026075 0.245 178 178 178
0.0303148621 0.0567119673 0.105 178 178 178
-0.0118044456 0.054396369 0.155 178 178 178
0.0590705791 0 0.050921183 178 178 178
0.01 -0.0028525843 0.286913477 178 178 178
-0.0497596816 -0.0126196555 0.198121472 178 178 178
-0.000268765431 0.000147454537 0.35 178 178 178
-0.011869274 0.0615443083 0.145 178 178 178
0.01 -0.00878522489 0.157980438 178 178 178
-0.01 -0.000367977514 0.217464626 178 178 178
0.0566935819 -0.0327115828 0.303629715 178 178 178
-0.01 -0.00148915168 0.0319142745 178 178 178
-0.00553355303 -0.01 0.211737033 178 178 178
-0.01 -0.00473521398 0.333727781 178 178 178
0.0362876897 0.0421214203 0.099523121 178 178 178
-0.00540542596 -0.01 0.171884945 178 178 178
0.01 0.0088332831 0.219911987 178 178 178
-0.00735593303 -0.01 0.183619996 178 178 178
-0.01 -0.00149964705 0.14077218 178 178 178
-0.00878285313 0.01 0.190932467 178 178 178
-0.01 -0.00133370985 0.0999741067 178 178 178
-0.000483630684 0.01 0.349470792 178 178 178
0.0362876897 0.0662833053 0.0974055719 178 178 178
0.01 0.00521562896 0.322051402 178 178 178
0.0343728237 -0.0334463932 0.295 178 178 178
0.0274291647 -0.0338335524 0.305 178 178 178
-0.01 0.00554594544 0.303629039 178 178 178
-0.01 -0.000526374127 0.318236351 178 178 178
-0.00997829054 -0.0460875809 0.255 178 178 178
0.01 -0.000922941126 0.121500255 178 178 178
-0.0294695385 -0.00315491388 0.19993515 178 178 178
0.01 -0.00258080175 0.100082608 178 178 178
-0.034686238 0.0306894491 0.155 178 178 178
0.00906188592 0.01 0.248207206 178 178 178
0.0189246875 0.0602047781 0.095 178 178 178
0.02005742 -0.0240704891 0.295 178 178 178
-0.0099424509 -0.01 0.15344024 178 178 178
-0.0400220069 -0.00315491388 0.197477942 178 178 178
-0.01 -0.000392485838 0.00528531289 178 178 178
0.00137943604 0.01 0.0634284257 178 178 178
0.00874596583 0.01 0.338664154 178 178 178
-0.00294056763 -0.01 0.21385636 178 178 178
0.01 -0.00254620291 0.0386127469 178 178 178
0.0312897526 0.0555947726 0.105 178 178 178
0.00972720131 -0.01 0.206201865 178 178 178
0.00907192243 0.0611037066 0.103912982 178 178 178
0.0327473453 -0.0481932575 0.305 178 178 178
0.0566935819 -0.040143059 0.296092337 178 178 178
-0.0061466574 -0.0674377213 0.251350569 178 178 178
-0.0523166448 -0.00315491388 0.199730173 178 178 178
0.01 -0.00750171181 0.314264362 178 178 178
0.037587518 -0.0141108065 0.303962918 178 178 178
0.01 -0.00902962762 0.244848622 178 178 178
-0.0232663919 -0.0190320415 0.249396937 178 178 178
-0.0245866296 -0.065142205 0.246534392 178 178 178
0.0316062033 0.028164079 0.105 178 178 178
-0.01 -0.00036874412 0.0598460311 178 178 178
0.01 -0.00989236339 0.172022485 178 178 178
-0.01 0.000455813404 0.0949092843 178 178 178
0.00535013622 0.01 0.334338996 178 178 178
0.00789131134 -0.01 0.151794257 178 178 178
0.00896587003 -0.01 0.281497547 178 178 178
-0.02701729 -0.00315491388 0.204070496 178 178 178
0.01602931 -0.0520902873 0.295 178 178 178
0.00320691209 -0.01 0.0275937021 178 178 178
-0.00829029553 0.00749991152 0.35 178 178 178
0.01 -0.0018355138 0.0246125195 178 178 178
0.00619598735 -0.01 0.264724797 178 178 178
0.01 -0.00859822784 0.0723768801 178 178 178
0.0210356992 0 0.0450595203 178 178 178
-0.00875579173 0.01 0.0195086177 178 178 178
-0.01 0.00620264668 0.142151895 178 178 178
0.01 0.00230930361 0.306866406 178 178 178
0.0115879926 0.0712965888 0.10060251 178 178 178
0.01 -0.00590092555 0.0108529826 178 178 178
-0.00504806339 0.01 0.180087418 178 178 178
-0.01 0.00732578472 0.226853162 178 178 178
0.0476199907 -0.0189210729 0.295 178 178 178
0.01 0.00882941377 0.121681238 178 178 178
-0.0417930152 0.0344090409 0.155 178 178 178
0.0017034165 0.01 0.160830152 178 178 178
-0.0061466574 -0.0336036393 0.251354346 178 178 178
-0.00498992032 0.01 0.0512745211 178 178 178
-0.01 0.00786562075 0.00209809872 178 178 178
-0.0245866296 -0.0397647315 0.245919079 178 178 178
0.00907192243 0.0392362775 0.100306109 178 178 178
-0.00156164499 -0.01 0.125008563 178 178 178
-0.000258065747 -0.01 0.155503696 178 178 178
0.0217309254 -0.056443226 0.300477613 178 178 178
0.00488329605 -0.01 0.343160564 178 178 178
0.00803867979 0.01 0.236880582 178 178 178
0.0295183081 -0.048136917 0.305 178 178 178
-0.00922517116 0.00745173736 0.35 178 178 178
0.01 0.00112789657 0.287119207 178 178 178
0.01 -0.00840088586 0.283697151 178 178 178
-0.00931508916 -0.01 0.0024802486 178 178 178
-0.01 -0.00142864743 0.32644271 178 178 178
0.0200011363 0.0219160539 0.095 178 178 178
0.00406583556 0.01 0.148695852 178 178 178
0.0042801951 -0.01 0.162641696 178 178 178
-0.0789983816 -0.00695214361 0.202660716 178 178 178
-0.0712508605 -0.00315491388 0.198854519 178 178 178
-0.01 -0.000824492486 0.13797533 178 178 178
0.0094440434 -0.01 0.198353492 178 178 178
-0.01 -0.00585226653 0.059278816 178 178 178
0.0340769986 0.0244817745 0.105 178 178 178
-0.01 -0.00172257363 0.241732179 178 178 178
-0.00894139 -0.0342614967 0.255 178 178 178
0.00779907662 0.01 0.00491295774 178 178 178
-0.01 -0.00600318481 0.240735795 178 178 178
0.00305583177 -0.01 0.00370036444 178 178 178
-0.01 -0.00327368854 0.221823019 178 178 178
-0.0269196683 0.0646797123 0.145575475 178 178 178
-0.0235737303 0.0366532638 0.155 178 178 178
0.01 0.00376485727 0.146910878 178 178 178
0.0141733955 -0.0395538779 0.300047725 178 178 178
-0.0451329555 0.0181132851 0.155 178 178 178
0.0015444825 0.01 0.123690814 178 178 178
-0.00967412023 0.01 0.120715659 178 178 178
-0.074703711 -0.00319399411 0.195 178 178 178
0.01 -0.00177025237 0.21678372 178 178 178
0.0105430756 0.0648329897 0.105 178 178 178
-0.03867786 0.0284513025 0.155 178 178 178
-0.01 -0.00365183761 0.232478008 178 178 178
-0.0245866296 -0.0397851869 0.254011062 178 178 178
-0.01 -0.0058010164 0.319017191 178 178 178
-0.01 0.00724896188 0.157113221 178 178 178
0.01 0.00903691724 0.0102606732 178 178 178
0.0181997739 -0.0216932612 0.295 178 178 178
0.00972952021 0.01 0.0260112893 178 178 178
-0.0133359787 0.0499069742 0.145 178 178 178
-0.000978776826 0.01 0.16226631 178 178 178
0.041817062 -0.0252839584 0.305 178 178 178
0.0436018576 -0.0157883817 0.305 178 178 178
0.00287463407 -0.01 0.239521239 178 178 178
0.0141733955 -0.0340318722 0.304528074 178 178 178
0.0296181286 0.0690628766 0.095 178 178 178
-0.0041094205 -0.01 0.205936828 178 178 178
-0.01 -0.00072587057 0.132892817 178 178 178
-0.00491597437 -0.01 0.283045578 178 178 178
-0.01 0.00109115653 0.106404447 178 178 178
0.01 -0.00744598744 0.221491952 178 178 178
-0.00694646663 0.01 0.285064305 178 178 178
0.00886744832 0.01 0.0264007226 178 178 178
0.0326739406 0.0648016293 0.095 178 178 178
-0.0282432107 -0.0126196555 0.198656266 178 178 178
0.0406339071 -0.0307816833 0.305 178 178 178
0.00352789094 0.01 0.174241942 178 178 178
0.0455992797 0 0.0523487545 178 178 178
-0.0043347592 0.000874585278 0 178 178 178
-0.00812275604 0.01 0.0706011927 178 178 178
0.0328651352 -0.046643767 0.305 178 178 178
0.00107666029 -0.01 0.0196828554 178 178 178
-0.0227188642 -0.0190320415 0.248727707 178 178 178
0.0362876897 0.0543524879 0.102794796 178 178 178
0.00372212115 0.01 0.12714315 178 178 178
-0.0578721743 -0.00745892102 0.195 178 178 178
0.01 0.00399619893 0.164281964 178 178 178
-0.0061466574 -0.0206319564 0.249990028 178 178 178
-0.00910523561 -0.01 0.198195657 178 178 178
0.00339428966 -0.01 0.0644098944 178 178 178
-0.0466679878 0.0161699281 0.148497034 178 178 178
-0.01 -0.000684659012 0.228481694 178 178 178
0.00818909741 -0.01 0.291441828 178 178 178
-0.01 0.0037721458 0.0949810064 178 178 178
0.00189043975 0.01 0.21964148 178 178 178
-0.01 0.00142550682 0.0401893356 178 178 178
-0.014217649 0.0161699281 0.154402053 178 178 178
-0.00656788856 -0.0614762887 0.255 178 178 178
-0.00696362975 -0.01 0.163621026 178 178 178
0.0173348093 0.0233351417 0.095 178 178 178
0.0552571304 -0.056443226 0.301487737 178 178 178
-0.01 0.00939413121 0.108671697 178 178 178
-0.0117700223 0.0577881133 0.151965952 178 178 178
0.00707381351 -0.01 0.294570106 178 178 178
-0.0245866296 -0.0237338925 0.250571233 178 178 178
0.0554452824 0 0.048987612 178 178 178
-0.0061466574 -0.0634287614 0.251012699 178 178 178
-0.025820016 -0.00701298373 0.195 178 178 178
-0.023085748 -0.0190320415 0.248110213 178 178 178
-0.0062519299 -0.01 0.10851385 178 178 178
-0.0421642254 0.0383921291 0.155 178 178 178
0.01 -0.00783341711 0.202225871 178 178 178
0.01 0.00706899268 0.28429346 178 178 178
0.00674202554 0.01 0.307315158 178 178 178
0.019073688 0.0364368519 0.095 178 178 178
0.0327434893 0.0264772037 0.105 178 178 178
0.0319554123 -0.0552761343 0.295 178 178 178
-0.000763426152 0.00506057954 0.35 178 178 178
0.01 0.0019689999 0.281077273 178 178 178
-0.00135932848 0.01 0.035399694 178 178 178
-0.0542495418 -0.0126196555 0.19816831 178 178 178
-0.01 -0.00725556852 0.059703323 178 178 178
-0.01 -0.008115914 0.111498337 178 178 178
-0.042623207 0.0646797123 0.149540291 178 178 178
0.0362876897 0.0230048987 0.0983680891 178 178 178
0.01 0.00187062206 0.172136363 178 178 178
0.00582508873 -0.01 0.125350501 178 178 178
-0.01 -0.00170507197 0.211472431 178 178 178
-0.0245866296 -0.075091375 0.247064305 178 178 178
0.0332843973 0.0257432305 0.095 178 178 178
-0.00770641759 -0.01 0.335012495 178 178 178
-0.01 0.00563687691 0.27102798 178 178 178
-0.00738683228 0.01 0.254254768 178 178 178
0.0214888633 0 0.0533630625 178 178 178
0.0686754405 0 0.0455061748 178 178 178
0.0243171541 -0.0462084583 0.305 178 178 178
0.00510772701 0.01 0.151389973 178 178 178
-0.0078338137 0.01 0.213707696 178 178 178
0.00927424455 0.0436152278 0.095 178 178 178
-0.0061466574 -0.0470132147 0.253611697 178 178 178
-0.0292914998 0.0441470673 0.145 178 178 178
-0.01 -0.00254874286 0.282509588 178 178 178
-0.0648540783 -0.0126196555 0.203239903 178 178 178
-0.01 0.00132345364 0.333661958 178 178 178
0.0255828701 -0.053649828 0.305 178 178 178
0.01 0.00323333577 0.118187927 178 178 178
0.00660142998 -0.01 0.201222035 178 178 178
-0.0140219392 -0.0268509221 0.245 178 178 178
0.00901286755 0.01 0.10960782 178 178 178
-0.0217288534 -0.0209572657 0.255 178 178 178
0.0296141286 0.0687448275 0.095 178 178 178
-0.01 -0.00728177435 0.216926277 178 178 178
0.00437724665 -0.01 0.148373865 178 178 178
-0.0612205206 -0.0106648329 0.195 178 178 178
-0.0060853089 -0.01 0.299056274 178 178 178
0.0272423718 -0.0460522622 0.305 178 178 178
-0.0245866296 -0.0534353631 0.247507466 178 178 178
0.000105946933 0.01 0.322828416 178 178 178
0.00215349894 -0.01 0.134279989 178 178 178
-0.0061466574 -0.039405963 0.254506217 178 178 178
-0.01 -0.00333296381 0.31293286 178 178 178
0.00781033085 -0.01 0.22901442 178 178 178
-0.01 -0.00826179504 0.243003145 178 178 178
0.01 0.00986768524 0.130246818 178 178 178
-0.00989837661 0.01 0.204965148 178 178 178
0.0250720323 0.0556879125 0.105 178 178 178
0.0400361956 -0.0401126915 0.295 178 178 178
-0.0472254547 -0.00315491388 0.20356257 178 178 178
0.01 -0.00314005117 0.34434092 178 178 178
-0.01 0.00662838811 0.277822335 178 178 178
-0.01 0.00721704293 0.0561118823 178 178 178
0.0483446345 -0.056443226 0.296537488 178 178 178
0.00362592649 -0.01 0.0504123651 178 178 178
-0.01 -0.00775052197 0.0453294131 178 178 178
0.0154776889 -0.0539909957 0.295 178 178 178
-0.00224757225 0.01 0.189394025 178 178 178
0.01 0.00438289671 0.212421314 178 178 178
-0.01 -0.00432528159 0.229629701 178 178 178
0.0080288601 0.01 0.107638714 178 178 178
0.0142917385 -0.0153741253 0.295 178 178 178
0.004473119 -0.01 0.0902473407 178 178 178
0.01 -0.00780074539 0.248545175 178 178 178
-0.00803772545 -0.01 0.325257967 178 178 178
-0.0268206778 0.0213479057 0.155 178 178 178
-0.00150970914 0.01 0.323165802 178 178 178
0.0363188605 -0.0141641078 0.295 178 178 178
-0.0061466574 -0.034200292 0.248030103 178 178 178
0.0499261685 -0.0429429085 0.305 178 178 178
0.01 -0.00237700893 0.0942333205 178 178 178
0.00945683806 -0.0080368411 0 178 178 178
-0.00957407038 0.01 0.00295110471 178 178 178
0.0333051257 -0.0558032304 0.305 178 178 178
-0.0454079301 0.0646797123 0.145181421 178 178 178
-0.00672452992 -0.01 0.280749743 178 178 178
-0.0298476887 0.0559087422 0.145 178 178 178
0.0282538741 -0.0538201575 0.295 178 178 178
0.0284252029 -0.0141108065 0.299488622 178 178 178
-0.0242054301 0.0177600546 0.155 178 178 178
-0.0102549316 -0.0704005996 0.255 178 178 178
-0.0133175717 -0.0482405614 0.245 178 178 178
0.00792821888 0.01 0.0899376883 178 178 178
-0.0039363264 -0.01 0.0733946253 178 178 178
-0.0350130238 0.0551344072 0.155 178 178 178
0.00464047129 -0.01 0.161073903 178 178 178
-0.00729621858 0.01 0.189627211 178 178 178
0.0141733955 -0.0373304119 0.303983987 178 178 178
-0.01 0.00895928009 0.00794210315 178 178 178
-0.01 -0.00931774407 0.218631997 178 178 178
0.0540535141 -0.0534676202 0.305 178 178 178
0.01 0.00931902669 0.0894643367 178 178 178
0.0141733955 -0.0193288012 0.302761608 178 178 178
0.0405138251 -0.0365135349 0.295 178 178 178
3.67968055e-05 0.01 0.131307198 178 178 178
0.00511632312 0.01 0.334329257 178 178 178
0.00296479157 -0.01 0.105428849 178 178 178
0.0169236775 -0.0436801251 0.295 178 178 178
0.01 -0.00363889529 0.292505148 178 178 178
0.00659399267 -0.00137903405 0.35 178 178 178
-0.0061466574 -0.0564089264 0.253327248 178 178 178
0.0305637181 0.0225581289 0.095 178 178 178
0.00907192243 0.0331608944 0.100075979 178 178 178
-0.0401201906 0.0586547724 0.155 178 178 178
0.00182004295 -0.01 0.220191662 178 178 178
0.000244255164 -0.01 0.133559583 178 178 178
-0.01 -0.0090690552 0.0266614582 178 178 178
-0.00970922446 -0.01 0.321921055 178 178 178
-0.01 -0.00694639155 0.083440265 178 178 178
-0.0121415443 0.0360683464 0.155 178 178 178
0.0362876897 0.029249856 0.096226388 178 178 178
0.0352110624 0.0479838273 0.105 178 178 178
-0.00155299052 -0.01 0.339863511 178 178 178
0.01 0.000438526337 0.0107461159 178 178 178
0.04790832 -0.0259416131 0.295 178 178 178
-0.00728916642 -0.01 0.046582187 178 178 178
-0.01 -0.0025486279 0.195370558 178 178 178
0.00257329419 -0.01 0.293664011 178 178 178
0.0397222662 -0.0362782129 0.305 178 178 178
0.01 -0.00894513024 0.314439027 178 178 178
-0.00910808145 0.01 0.26906447 178 178 178
-0.01 0.00259168286 0.0028829888 178 178 178
-0.0410618239 0.0385191048 0.155 178 178 178
0.040246451 -0.0362243669 0.305 178 178 178
-0.0214794869 0.0364272851 0.155 178 178 178
0.00553633582 0.01 0.206838505 178 178 178
-0.00232566705 -0.01 0.242944715 178 178 178
-0.011904008 0.0620851945 0.145 178 178 178
0.0513731401 -0.0141108065 0.297632333 178 178 178
-0.009230138 -0.01 0.0251874777 178 178 178
-0.0117700223 0.0531548801 0.145003997 178 178 178
0.01 8.17657722e-05 0.348923032 178 178 178
-0.01 0.003242726 0.261125428 178 178 178
-0.01 -0.00562287687 0.0408431396 178 178 178
0.00974969317 0.0495834374 0.095 178 178 178
0.0179222147 -0.056443226 0.29755789 178 178 178
-0.0381234157 0.0293927715 0.145 178 178 178
-0.00539606029 0.01 0.16094473 178 178 178
-0.0294078997 0.040186032 0.155 178 178 178
-0.01 0.00577383649 0.308458737 178 178 178
0.000744336232 0.01 0.0361332348 178 178 178
0.00259036213 0.01 0.06627173 178 178 178
-0.01 -0.00323985971 0.270516017 178 178 178
0.01 0.00824637744 0.105339707 178 178 178
0.01 0.000827301518 0.0822120249 178 178 178
0.000992770125 -0.01 0.0373522979 178 178 178
-0.01 0.00615185044 0.135270632 178 178 178
-0.000364009817 0.01 0.271824898 178 178 178
-0.0144070078 -0.0691588711 0.245 178 178 178
-0.0126824192 -0.0321346403 0.255 178 178 178
-0.00119293746 0.01 0.256043537 178 178 178
0.0290662311 0.0543133528 0.105 178 178 178
0.0280661874 -0.027626597 0.295 178 178 178
-0.00456421708 0.01 0.00998884211 178 178 178
-0.01 -0.0004283853 0.0309521657 178 178 178
-0.01 0.00582772312 0.15618236 178 178 178
0.0362876897 0.0417114382 0.104927513 178 178 178
0.0193166903 -0.0268346951 0.305 178 178 178
0.00172053023 -0.01 0.110909067 178 178 178
0.0215888025 -0.0474069049 0.305 178 178 178
0.0189713616 0.0712965888 0.0962782079 178 178 178
-0.0267318952 -0.00442087515 0.205 178 178 178
0.0217552998 0.067592242 0.105 178 178 178
-0.0245866296 -0.0428521221 0.249891003 178 178 178
0.00625568693 0.01 0.224677639 178 178 178
-0.0164972656 0.062408148 0.145 178 178 178
0.01 0.00969311785 0.00921479357 178 178 178
-0.01 -0.00912877088 0.110325301 178 178 178
-0.0344074186 0.0461140305 0.145 178 178 178
0.01 0.00252652826 0.301919207 178 178 178
0.00277472473 -0.01 0.322387751 178 178 178
-0.0460628382 -0.00536984107 0.205 178 178 178
-0.0780868174 -0.00315491388 0.204256928 178 178 178
0.0276208089 0.0712965888 0.0977855652 178 178 178
-0.00342672728 0.01 0.283849346 178 178 178
0.0362876897 0.0439674218 0.0990012136 178 178 178
-0.00363486137 -0.01 0.162289077 178 178 178
0.0346734065 0.0712965888 0.0987047354 178 178 178
0.036019944 0 0.0547062365 178 178 178
0.0188193758 0.0186724326 0.105 178 178 178
-0.01 -0.00181127667 0.334334261 178 178 178
0.01 -0.00185859256 0.13693392 178 178 178
-0.0320307732 0.023489781 0.155 178 178 178
-0.01 0.00562349952 0.16095205 178 178 178
-0.0421558754 0.0161699281 0.154939492 178 178 178
0.00390350705 0.01 0.0907974479 178 178 178
0.00855986244 -0.01 0.233638098 178 178 178
-0.01 -0.000962719834 0.0154989311 178 178 178
0.0356305374 0.0263177097 0.105 178 178 178
0.0175207375 -0.0507799764 0.295 178 178 178
-0.0061466574 -0.0608591378 0.250136535 178 178 178
-0.00036872077 -0.01 0.249933489 178 178 178
-0.0117700223 0.0452081664 0.145269487 178 178 178
0.01 0.00276225558 0.0759491089 178 178 178
-0.0169960208 0.0240371958 0.145 178 178 178
-0.00651185033 0.01 0.24421695 178 178 178
0.00995942626 0.01 0.26959573 178 178 178
-0.01 0.00883880264 0.182475235 178 178 178
-0.01 0.00769363 0.0392630027 178 178 178
-0.0328201345 0.0631775473 0.145 178 178 178
0.015003097 0.0367220354 0.105 178 178 178
-0.031984212 0.0400845715 0.145 178 178 178
0.00681295577 0.01 0.0329799899 178 178 178
-0.0336298302 0.0210005641 0.145 178 178 178
-0.00152133392 0.01 0.221825507 178 178 178
0.0107232262 0.0568812565 0.095 178 178 178
-0.01 -0.00112149086 0.199118724 178 178 178
-0.01 4.90564586e-06 0.170797233 178 178 178
0.000474674359 -0.01 0.310255927 178 178 178
-0.01 -0.000562671318 0.0682949537 178 178 178
0.01 -0.00384253199 0.201685675 178 178 178
-0.00401548022 0.01 0.199193314 178 178 178
-0.000364325276 -0.01 0.183144415 178 178 178
0.0362876897 0.0634038067 0.0989496197 178 178 178
-0.0061466574 -0.0595810378 0.247790484 178 178 178
0.00606370543 0.01 0.198959383 178 178 178
0.00297494088 -0.01 0.0619133676 178 178 178
0.0228972282 0.0394780892 0.105 178 178 178
0.00832897069 -0.01 0.071699493 178 178 178
-0.0061466574 -0.0421523481 0.249701017 178 178 178
0.0029715132 -0.01 0.128779319 178 178 178
-0.00369387405 0.01 0.169569498 178 178 178
-0.01 0.00767330181 0.31889839 178 178 178
-0.000646944409 -0.01 0.0190108181 178 178 178
0.00379961631 0.01 0.318633696 178 178 178
0.01 0.00947690149 0.0847128792 178 178 178
-0.0299824686 0.0188911217 0.155 178 178 178
0.0517458171 -0.056443226 0.299114507 178 178 178
-0.00776216633 0.01 0.309108272 178 178 178
-0.052889433 -0.00566845855 0.205 178 178 178
-0.000462274717 -0.01 0.127609164 178 178 178
0.0653501906 0 0.0477939484 178 178 178
-0.01 0.00741804219 0.274206118 178 178 178
0.01 0.00935913245 0.0943989611 178 178 178
-0.0233781058 -0.0126196555 0.204146542 178 178 178
-0.019114283 0.0161699281 0.152673274 178 178 178
0.00324549908 -0.01 0.186179492 178 178 178
-0.00683982023 0.01 0.345842524 178 178 178
-0.0308525987 -0.0126196555 0.198257503 178 178 178
0.0141733955 -0.0291370358 0.304778492 178 178 178
0.0297914729 0.0621845054 0.095 178 178 178
-0.0245866296 -0.0337411227 0.253347373 178 178 178
0.0249202283 -0.056443226 0.303372944 178 178 178
-0.0194459554 0.0333668413 0.155 178 178 178
0.0194357475 0.0447004641 0.105 178 178 178
0.01 -0.0074259282 0.0897757196 178 178 178
-0.00931330971 0.01 0.268597071 178 178 178
0.0362129737 0.0224122126 0.105 178 178 178
0.0385202447 -0.0470393983 0.295 178 178 178
0.00865709543 0.01 0.138235481 178 178 178
0.00294706453 0.01 0.0433346781 178 178 178
-0.00884741832 -0.01 0.233778039 178 178 178
-0.0169661678 0.046495734 0.145 178 178 178
-0.01 0.00370059192 0.154815989 178 178 178
-0.0265314814 -0.00598202483 0.205 178 178 178
0.01 0.00609209347 0.136552635 178 178 178
0.0362876897 0.0654205877 0.0995667609 178 178 178
0.00907192243 0.0578659859 0.0973241165 178 178 178
-0.01 0.00911407692 0.194718935 178 178 178
0.01 -0.00613693534 0.19183932 178 178 178
-0.00472661232 0.01 0.256032382 178 178 178
-0.0168639744 0.0161699281 0.152775116 178 178 178
0.01 -0.00531558356 0.224241487 178 178 178
0.00861121642 -0.01 0.12141912 178 178 178
-0.01 0.00355305931 0.218796214 178 178 178
0.01 0.0010156788 0.159299329 178 178 178
-0.0591468837 -0.00315491388 0.20375628 178 178 178
-0.0358104099 -0.0126196555 0.204175683 178 178 178
0.0540018652 -0.0274821952 0.305 178 178 178
-0.00851427962 -0.0425236437 0.245 178 178 178
0.0121332036 0.0178241472 0.0994379911 178 178 178
0.01 0.00140355758 0.238052335 178 178 178
-0.0207183021 -0.0126196555 0.199081226 178 178 178
-0.0167056124 0.0543776213 0.155 178 178 178
-0.0308486137 0.0161699281 0.152895316 178 178 178
-0.0192897166 0.0438958859 0.145 178 178 178
-0.0244987437 -0.0513464138 0.245 178 178 178
0.00597475885 0.01 0.149563537 178 178 178
0.00907192243 0.0313069391 0.0967435768 178 178 178
-0.01 -0.00643043806 0.077632343 178 178 178
-0.000602931334 0.01 0.314997492 178 178 178
0.00879019147 0.01 0.315673726 178 178 178
0.01 -0.00711579778 0.217597358 178 178 178
-0.01 -0.000191682505 0.182201677 178 178 178
-0.00979659802 0.01 0.207004543 178 178 178
-0.00487190864 0.01 0.0955319588 178 178 178
-0.0159403532 -0.0453658645 0.255 178 178 178
-0.0249007683 0.0264769578 0.145 178 178 178
-0.0434151616 0.0426354891 0.145 178 178 178
0.0268443178 -0.056443226 0.304211511 178 178 178
0.01 0.00462777247 0.264197001 178 178 178
-0.01 -0.00239341362 0.117981599 178 178 178
0.00624459896 -0.01 0.19539128 178 178 178
-0.00980006692 0.01 0.291145618 178 178 178
0.0249825049 -0.0463035232 0.305 178 178 178
0.00774375919 -0.01 0.172823246 178 178 178
-0.0470800894 0.0617292932 0.145335964 178 178 178
-0.0143481387 -0.0687041466 0.255 178 178 178
-0.01 -0.00395067491 0.0793348279 178 178 178
-0.0381026983 -0.00715163732 0.205 178 178 178
-0.01 0.00977193582 0.292107726 178 178 178
0.00575172658 0.01 0.319152403 178 178 178
-0.01 -0.00962507913 0.157878001 178 178 178
0.01 -0.0095526491 0.136579975 178 178 178
0.00898407543 0.01 0.118004489 178 178 178
-0.00200564977 0.01 0.279175767 178 178 178
0.018023453 -0.056443226 0.297964047 178 178 178
0.00923412731 0.01 0.0967297194 178 178 178
0.01 0.0056720375 0.241907684 178 178 178
0.0361189063 -0.0175349872 0.305 178 178 178
0.00999209624 -0.01 0.184583634 178 178 178
0.0222534889 -0.0395588449 0.305 178 178 178
-0.0114257075 -0.0236216356 0.255 178 178 178
0.0251797151 0.0178241472 0.103846951 178 178 178
-0.01 -0.000904742552 0.191931103 178 178 178
0.01 -0.00865998907 0.226585416 178 178 178
-0.00277384092 -0.01 0.0292727306 178 178 178
0.00150438643 -0.01 0.108687783 178 178 178
0.00818835221 0.01 0.127787117 178 178 178
-0.000146022231 0.01 0.0890652586 178 178 178
0.0458581372 -0.046314656 0.295 178 178 178
-0.01 -0.000935523899 0.167532756 178 178 178
0.0219550004 -0.056443226 0.302280979 178 178 178
-0.0452891183 0.0303407641 0.155 178 178 178
0.00518435552 -0.01 0.0774963803 178 178 178
-0.01 0.0066129918 0.0448243822 178 178 178
0.01 -0.00398064334 0.342893182 178 178 178
-0.00312716134 -0.01 0.155670946 178 178 178
0.0391900434 -0.0293622819 0.305 178 178 178
0.00494172053 0.01 0.253964093 178 178 178
0.01 0.00487617285 0.2753261 178 178 178
0.00169753471 -0.01 0.0932810942 178 178 178
0.0362876897 0.0369237929 0.101636772 178 178 178
-0.01 0.000332131075 0.277102261 178 178 178
0.00352222132 0.00296481131 0.35 178 178 178
-0.0305663157 0.0316888243 0.155 178 178 178
0.01 0.00281782421 0.0474085038 178 178 178
-0.05650109 -0.00697822488 0.195 178 178 178
-0.01 0.000381455736 0.189114932 178 178 178
-0.01 -0.0055008775 0.187042874 178 178 178
-0.01 0.00319241616 0.250503146 178 178 178
0.00907192243 0.0369937608 0.0999092491 178 178 178
0.0208798728 -0.056443226 0.301860801 178 178 178
-0.0246126257 -0.0116866082 0.205 178 178 178
-0.00679622746 -0.01 0.281928473 178 178 178
-0.01 0.00808552587 0.204438847 178 178 178
0.01 0.00935614827 0.190021773 178 178 178
-0.00354356021 -0.01 0.0665476569 178 178 178
0.01 0.00371572947 0.314131598 178 178 178
0.01 0.00298116543 0.0503857778 178 178 178
0.028656494 -0.0407745798 0.305 178 178 178
-0.0330610879 0.0161699281 0.154182535 178 178 178
-0.0210738952 -0.0436027366 0.255 178 178 178
-0.0358024011 0.0640418254 0.145 178 178 178
0.00056327986 0.01 0.327959885 178 178 178
0.0031803403 0.01 0.0440388963 178 178 178
-0.01 -0.00354676498 0.248266869 178 178 178
-0.00430869418 0.01 0.306646522 178 178 178
0.00425342795 0.01 0.0938691036 178 178 178
-0.0117700223 0.0418113384 0.152365315 178 178 178
-0.00818843158 -0.01 0.348737263 178 178 178
0.01 -0.000222394309 0.0646573996 178 178 178
-0.01 0.00419504901 0.119612256 178 178 178
0.00907192243 0.0425295276 0.0966183327 178 178 178
0.0109796458 0.0178241472 0.100868028 178 178 178
-0.0306460405 0.0311138332 0.155 178 178 178
0.00314668599 -0.01 0.185174725 178 178 178
0.01 0.00206283792 0.319519332 178 178 178
-0.000222150745 0.01 0.251752633 178 178 178
0.01 0.00535261155 0.0706906605 178 178 178
-0.0470800894 0.0321881483 0.147125314 178 178 178
0.0141733955 -0.0499994371 0.297545679 178 178 178
-0.0462040682 0.0260155946 0.145 178 178 178
0.000956549307 -0.01 0.206201855 178 178 178
-0.00826503297 0.01 0.34065836 178 178 178
-0.0207916058 -0.00315491388 0.200793338 178 178 178
0.0290083502 -0.047965527 0.295 178 178 178
0.0312076925 0.0490516123 0.095 178 178 178
0.00861439812 0.01 0.104994745 178 178 178
0.00982376752 0.01 0.0932195217 178 178 178
0.0091099944 0.053363155 0.105 178 178 178
-0.0107969055 -0.0394020839 0.255 178 178 178
0.00986674213 0.01 0.190365725 178 178 178
0.01 -0.0065801169 0.154894408 178 178 178
0.00118822712 -0.00106680551 0 178 178 178
0.0035046166 -0.01 0.22390528 178 178 178
-0.0164356305 -0.02837495 0.255 178 178 178
0.0248345464 0.0354411123 0.105 178 178 178
0.0270521217 -0.056443226 0.299255391 178 178 178
-0.00200197559 -0.01 0.289195917 178 178 178
0.00590120223 0.01 0.0464835429 178 178 178
-0.0707449205 -0.0126078606 0.205 178 178 178
0.0243196173 0.0712965888 0.101563578 178 178 178
-0.00255077323 -0.01 0.336260422 178 178 178
0.00829790522 0.01 0.0262035641 178 178 178
0.0123625047 0.0306448864 0.105 178 178 178
-0.0228880247 0.0314290871 0.145 178 178 178
-0.01 -0.00703627177 0.334380969 178 178 178
0.01 -0.00912796589 0.224661355 178 178 178
0.0281044641 -0.0530563006 0.305 178 178 178
-0.01 0.00217204917 0.291705302 178 178 178
-0.0222334895 0.0247157885 0.155 178 178 178
-0.01 -0.00202830167 0.186932237 178 178 178
-0.0078550192 -0.01 0.201504944 178 178 178
0.01 0.00346206356 0.109570598 178 178 178
0.00251986608 -0.01 0.30387872 178 178 178
0.01 -0.00585722137 0.101207624 178 178 178
0.01 0.00293584977 0.336866351 178 178 178
-0.0038072111 0.01 0.0788301847 178 178 178
0.00989626807 0.01 0.211680784 178 178 178
-0.00670567357 0.01 0.228585861 178 178 178
-0.0685111152 -0.0126196555 0.200258329 178 178 178
-0.0056742352 -0.01 0.295428064 178 178 178
0.00289863165 -0.01 0.138096611 178 178 178
-0.0607194585 -0.00315491388 0.199153191 178 178 178
-0.01 0.00130269351 0.100491224 178 178 178
-0.01 0.00990625188 0.157766025 178 178 178
0.01 0.00856226426 0.0438234897 178 178 178
-0.01 -0.00518318455 0.0114669078 178 178 178
0.01 0.002996594 0.0874081515 178 178 178
-0.0105747559 -0.0692950093 0.255 178 178 178
-0.0197495954 -0.00854905575 0.204550419 178 178 178
0.00272868002 0.01 0.139499576 178 178 178
0.00198143377 -0.01 0.349649783 178 178 178
-0.0061466574 -0.0713967691 0.246189219 178 178 178
-0.000970186129 0.01 0.274245603 178 178 178
0.0362876897 0.0452802977 0.0950983788 178 178 178
-0.0122118721 -0.0477016489 0.255 178 178 178
-0.0242572908 -0.00981162218 0.205 178 178 178
-0.0133922715 -0.063413915 0.255 178 178 178
-0.01 -0.00219060662 0.231332665 178 178 178
-0.0197101063 -0.0672766535 0.245 178 178 178
-0.01 0.00900385185 0.341189802 178 178 178
0.01 -0.00178117523 0.136583042 178 178 178
-0.01 0.0093182157 0.170599583 178 178 178
0.00744448801 0.01 0.273261055 178 178 178
-0.0117700223 0.0407250673 0.15140515 178 178 178
-0.0165024138 -0.0382545118 0.245 178 178 178
0.00420559989 -0.01 0.0666951844 178 178 178
0.01 -0.000708185448 0.292168401 178 178 178
-0.00906482557 0.01 0.21555742 178 178 178
-0.01 -0.00525853891 0.339494461 178 178 178
0.0207084695 -0.0524335479 0.305 178 178 178
0.0392065359 -0.0300648012 0.305 178 178 178
0.030776486 -0.0141108065 0.30440144 178 178 178
-0.0320099596 0.0570433214 0.155 178 178 178
-0.026519885 0.0315904898 0.145 178 178 178
0.01 0.00952678502 0.148048662 178 178 178
5.32910776e-05 0.01 0.068228227 178 178 178
0.00651837914 -0.00535808111 0 178 178 178
-0.0215142371 -0.0472579723 0.245 178 178 178
0.01 0.00905847167 0.0522401544 178 178 178
-0.00282751898 -0.01 0.28572962 178 178 178
-0.00490570776 0.01 0.347036116 178 178 178
0.00751663165 0.01 0.0855390526 178 178 178
-0.0186040858 0.0207437584 0.155 178 178 178
-0.00653276728 -0.00115422834 0 178 178 178
0.01 0.00516922964 0.228304423 178 178 178
0.041857707 -0.0200445643 0.295 178 178 178
-0.0114435117 -0.0325550545 0.255 178 178 178
0.0213041659 0.0289973217 0.105 178 178 178
-0.01 -0.00522166471 0.08812898 178 178 178
0.01 0.00268817259 0.0649430156 178 178 178
-0.0245866296 -0.0294298528 0.253737492 178 178 178
-0.0390275492 0.0646797123 0.151833481 178 178 178
-0.01 -0.00873752391 0.280091372 178 178 178
0.01 0.00139196651 0.304872984 178 178 178
0.01 -0.00408591434 0.246107869 178 178 178
-0.00196639533 0.01 0.15227189 178 178 178
0.00791969705 0.01 0.161850484 178 178 178
0.000258436806 -0.01 0.189154436 178 178 178
-0.00191767997 0.01 0.108080092 178 178 178
-0.01 -0.00191383215 0.210360279 178 178 178
0.01 -0.00153795886 0.100515798 178 178 178
-0.00375807287 0.01 0.18885345 178 178 178
0.00521185514 0.01 0.117044921 178 178 178
-0.00863951043 0.01 0.0286630688 178 178 178
0.0292620331 0.0509942273 0.105 178 178 178
-0.01 0.00383254341 0.0148990064 178 178 178
0.01 -0.0032733795 0.20039479 178 178 178
-0.0468166297 -0.00793659384 0.205 178 178 178
-0.01 0.00209670868 0.0074380143 178 178 178
-0.01 0.00408178337 0.242648524 178 178 178
-0.0268863564 0.0173931822 0.155 178 178 178
-0.0470800894 0.0195783454 0.148894525 178 178 178
-0.0215998332 -0.0456424138 0.255 178 178 178
-0.0789983816 -0.00935832253 0.198649025 178 178 178
0.00907192243 0.0605508411 0.103197903 178 178 178
-0.0359766957 0.0333318235 0.155 178 178 178
0.01 0.000686507103 0.248470456 178 178 178
-0.0293190438 0.0432091838 0.145 178 178 178
0.01 0.00305862747 0.118607707 178 178 178
0.01 0.00386936852 0.11516385 178 178 178
0.0017030252 -0.01 0.164555701 178 178 178
-0.00817924594 0.01 0.113868213 178 178 178
-0.00749134823 -0.01 0.173691994 178 178 178
0.0362876897 0.0429357252 0.097015319 178 178 178
-0.0324874362 0.0161699281 0.147512906 178 178 178
-0.0117700223 0.0216949442 0.147225859 178 178 178
0.00841268362 -0.01 0.0209915378 178 178 178
0.0280174889 0.0580182329 0.105 178 178 178
-0.0116607 -0.0533223511 0.245 178 178 178
-0.00576658944 -0.01 0.281920519 178 178 178
0.01 -0.00559576047 0.31818667 178 178 178
0.01 -0.00014328038 0.0368251787 178 178 178
-0.01 -0.00242274646 0.285962339 178 178 178
0.01 0.00338042059 0.294888943 178 178 178
-0.01 -0.00249396971 0.0364084891 178 178 178
0.00569985604 0.01 0.133190217 178 178 178
0.0362876897 0.0552277681 0.102793858 178 178 178
-0.01 0.000831157088 0.0550103339 178 178 178
-0.0331905613 0.0347502094 0.145 178 178 178
0.01 0.00475854561 0.0420900248 178 178 178
-0.0238237734 0.06376641 0.145 178 178 178
-0.0221485216 0.034738667 0.155 178 178 178
-0.021355483 0.0170936938 0.155 178 178 178
-0.0041946122 -0.01 0.256925153 178 178 178
0.0554658582 -0.0243438935 0.305 178 178 178
0.0761503483 0 0.0471494234 178 178 178
0.01 0.00602645037 0.144026412 178 178 178
-0.01 0.00711416985 0.0578123224 178 178 178
-0.01 -0.00484652651 0.00686598415 178 178 178
-0.01 0.00309597233 0.00633450068 178 178 178
0.01 0.00623725982 0.0688690652 178 178 178
0.01 0.00201641822 0.031884944 178 178 178
-0.00618109903 0.01 0.0327024546 178 178 178
-0.0498587513 -0.00608850364 0.195 178 178 178
-0.01 0.00866696053 0.0957968281 178 178 178
-0.00984885943 -0.01 0.149267285 178 178 178
-0.01 0.00203276164 0.183179294 178 178 178
0.01 -0.00382765419 0.142070561 178 178 178
-0.0034870944 -0.00109081158 0.35 178 178 178
0.0566935819 -0.0322258443 0.302376859 178 178 178
0.00129546349 0.01 0.231540776 178 178 178
-0.01 -0.00816921008 0.0895290061 178 178 178
0.00249909649 0.01 0.246900129 178 178 178
-0.000325559003 -0.01 0.257079367 178 178 178
0.0500047509 -0.0221125551 0.295 178 178 178
0.0534537177 -0.0323282413 0.305 178 178 178
0.01 -0.00038620951 0.267630228 178 178 178
0.00616218014 0.01 0.0289676113 178 178 178
-0.00355305281 0.01 0.176181004 178 178 178
0.01 -0.00954461507 0.0628733131 178 178 178
0.022434189 0.0712965888 0.102777399 178 178 178
-0.0331595744 -0.00556884334 0.195 178 178 178
-0.0470800894 0.051804288 0.146511466 178 178 178
0.00907192243 0.0505922457 0.0981669789 178 178 178
0.00428047389 -0.01 0.323730913 178 178 178
0.01 -0.0038583994 0.0692502448 178 178 178
-0.01 -0.00624094477 0.0280459496 178 178 178
-0.0347090239 0.0568663469 0.145 178 178 178
-0.000491665142 0.01 0.154665205 178 178 178
-0.01 -0.000395453316 0.269471299 178 178 178
-0.00854404625 -0.051827215 0.245 178 178 178
-0.00644315857 -0.01 0.178105339 178 178 178
0.01 0.000191253273 0.0941680214 178 178 178
0.01 -0.00748238589 0.0149001823 178 178 178
0.0141733955 -0.0461921516 0.303203268 178 178 178
0.01 -0.00463960669 0.0573156207 178 178 178
-0.00497477812 -0.01 0.155350543 178 178 178
0.00410259753 0.01 0.0719441146 178 178 178
0.0334794703 0.0178241472 0.102658997 178 178 178
0.01 0.00322302511 0.254679537 178 178 178
-0.0172068947 -0.0580649276 0.245 178 178 178
0.01 0.0050751398 0.267314188 178 178 178
-0.0167058179 0.0597821395 0.145 178 178 178
0.01 -0.00293890225 0.276496798 178 178 178
-0.013216157 -0.0761281659 0.252164334 178 178 178
0.01 -0.00928048075 0.195864405 178 178 178
-0.0260493817 0.0510412565 0.155 178 178 178
-0.0179906121 -0.075762656 0.245 178 178 178
0.01 0.00509801792 0.184749851 178 178 178
0.00381584446 -0.01 0.0254327351 178 178 178
0.0234504728 0 0.0540645359 178 178 178
-0.01 0.00532944154 0.0112760157 178 178 178
-0.01 0.00960401396 0.0880400807 178 178 178
-0.0723903601 -0.00885159099 0.195 178 178 178
-0.01 0.00445495952 0.339724946 178 178 178
-0.01 0.0054882372 0.0373530871 178 178 178
-0.01 0.00712986814 0.0542824815 178 178 178
-0.01 0.00842478672 0.034569797 178 178 178
-0.00519167906 0.01 0.239491528 178 178 178
0.01 -0.00773431873 0.129912693 178 178 178
0.00268717211 0.01 0.262229397 178 178 178
0.01 0.00629471269 0.0807509789 178 178 178
0.01 -0.00750625522 0.0433961876 178 178 178
-0.0272698591 -0.0119836261 0.195 178 178 178
5.13202017e-05 -0.01 0.0278203634 178 178 178
0.01 0.00423395054 0.260504328 178 178 178
-0.01 -0.0018944935 0.166009863 178 178 178
0.00750140182 0.01 0.205061471 178 178 178
0.01 0.00270206088 0.0371544182 178 178 178
0.0087816411 0.01 0.0103467871 178 178 178
-0.01 -0.00309631117 0.172980974 178 178 178
0.00907192243 0.0437690901 0.100060529 178 178 178
0.0395934878 -0.0141108065 0.299683485 178 178 178
-0.0135891728 -0.0265207243 0.255 178 178 178
-0.01 0.00151862333 0.202537854 178 178 178
-0.01 0.00407446956 0.292712516 178 178 178
-0.00983713472 0.01 0.0285932893 178 178 178
0.01 -0.00112015904 0.0761936373 178 178 178
0.03466098 -0.0535205945 0.305 178 178 178
-0.00381153008 -0.01 0.274422448 178 178 178
0.01 -0.00743634332 0.111234139 178 178 178
0.035103366 0.0712965888 0.0962121952 178 178 178
0.0346608777 0.0592844607 0.095 178 178 178
0.01 -0.000324028976 0.0947938232 178 178 178
0.0280328224 -0.0247166514 0.305 178 178 178
-0.0061933662 0.01 0.160031676 178 178 178
0.0319494223 0.059427047 0.095 178 178 178
0.00892159323 -0.01 0.119551851 178 178 178
-0.0061466574 -0.0357422678 0.251330415 178 178 178
0.00117073662 -0.01 0.113550609 178 178 178
-0.00128278913 0.01 0.105311807 178 178 178
-0.0061466574 -0.0757688388 0.249525033 178 178 178
0.0480627008 -0.0154120917 0.305 178 178 178
0.0554480438 -0.0517585546 0.295 178 178 178
-0.0115127566 -0.0207190304 0.245 178 178 178
0.01 0.00243602264 0.0974445672 178 178 178
-0.00629265188 -0.01 0.207600642 178 178 178
-0.01 0.00880025995 0.0991194612 178 178 178
-0.00576996992 -0.01 0.269936209 178 178 178
0.0164305552 -0.0560820193 0.305 178 178 178
0.000520057566 -0.00671998233 0.35 178 178 178
0.00374693483 0.01 0.298448016 178 178 178
0.01 0.00328149733 0.332145953 178 178 178
-0.00151673251 0.000404805889 0.35 178 178 178
-0.01 -0.00917274115 0.143379644 178 178 178
-0.00405491888 -0.01 0.302779775 178 178 178
0.0483392219 -0.0188732134 0.295 178 178 178
-0.0273279992 0.0300937862 0.145 178 178 178
-0.000533775303 0.01 0.0599637237 178 178 178
-0.00743231567 -0.037227138 0.245 178 178 178
-0.0274706278 -0.012112594 0.205 178 178 178
0.00916972544 0.01 0.314796396 178 178 178
-0.0115728279 -0.0210629674 0.255 178 178 178
0.0263687288 -0.0449587638 0.295 178 178 178
0.0216354495 0.0401836224 0.105 178 178 178
-0.00240776254 0.01 0.306249714 178 178 178
0.0463637266 -0.015914584 0.295 178 178 178
0.0555161433 -0.0292533712 0.305 178 178 178
0.000536925218 0.01 0.298453445 178 178 178
-0.00365375572 -0.01 0.0316219711 178 178 178
-0.0072053872 -0.0190320415 0.251105578 178 178 178
0.0156274637 0.0712965888 0.0956939429 178 178 178
0.01 0.00909804574 0.0199262946 178 178 178
0.0559832791 0 0.0510905461 178 178 178
0.00335943769 0.01 0.151713083 178 178 178
0.0297525744 -0.0366431016 0.295 178 178 178
0.000250677749 0.01 0.174356467 178 178 178
0.01 -0.0051714006 0.13756884 178 178 178
-0.00157358232 -0.01 0.205250993 178 178 178
0.00339982196 0.01 0.174650491 178 178 178
0.0263142439 -0.056443226 0.300668252 178 178 178
0.01 0.00613529795 0.330977905 178 178 178
-0.01 -0.00263779168 0.3419134 178 178 178
0.0311505637 -0.0141108065 0.298110789 178 178 178
-0.00061240719 0.00509213747 0 178 178 178
0.00764328388 0.01 0.287309509 178 178 178
-0.0558598371 -0.0126196555 0.197214935 178 178 178
0.00458491591 -0.01 0.00266845696 178 178 178
0.0258933897 -0.0330449737 0.295 178 178 178
-0.0172730371 -0.032655244 0.245 178 178 178
0.00138316041 -0.01 0.0392338496 178 178 178
0.0336408458 0.0218206417 0.095 178 178 178
-0.01 0.000322988705 0.149075614 178 178 178
-0.01836723 0.0518204696 0.145 178 178 178
0.00800524764 0.01 0.267833847 178 178 178
-0.00148689441 0.01 0.0781259372 178 178 178
0.01 0.0092814161 0.0618284512 178 178 178
0.00351003149 0.01 0.20170948 178 178 178
0.01 -0.009084064 0.199895918 178 178 178
0.0495599968 -0.0213838221 0.295 178 178 178
-0.0061466574 -0.0545803939 0.251983892 178 178 178
-0.00702700718 0.01 0.0136727811 178 178 178
-0.0255761029 0.0285715539 0.145 178 178 178
-0.01 0.00463645333 0.134686351 178 178 178
0.01 0.00715868949 0.121481642 178 178 178
0.00593629753 0.01 0.218166122 178 178 178
0.0380965113 -0.0533027895 0.305 178 178 178
0.00990756618 0.01 0.169125023 178 178 178
0.0678199956 0 0.0499014198 178 178 178
0.0536794679 -0.0215106823 0.305 178 178 178
0.00754073861 0.01 0.210496009 178 178 178
-0.0393827928 -0.00315491388 0.196165114 178 178 178
-0.000612772856 -0.01 0.0459254859 178 178 178
-0.0166176158 0.0587249522 0.155 178 178 178
-0.0502756785 -0.00315491388 0.195732587 178 178 178
-0.0165415491 -0.0615977039 0.245 178 178 178
0.0530186368 -0.0141108065 0.295340949 178 178 178
-0.0393576218 0.0410118553 0.155 178 178 178
0.0566935819 -0.0365725453 0.303675773 178 178 178
0.01 0.0097680465 0.0177762858 178 178 178
-0.01 -0.000940037862 0.034471679 178 178 178
0.01 -0.000906378445 0.327621634 178 178 178
-0.00711296514 -0.01 0.259817425 178 178 178
-0.01 0.00448141441 0.157077625 178 178 178
-0.0245984405 0.0234337589 0.155 178 178 178
-0.0536767154 -0.00350153526 0.195 178 178 178
-0.00716167451 -0.01 0.12985831 178 178 178
0.0515264965 -0.0170597115 0.305 178 178 178
0.01 0.00493234057 0.123928195 178 178 178
0.00923843548 0.01 0.0736114095 178 178 178
-0.0234281473 -0.0534867515 0.245 178 178 178
-0.0061466574 -0.032049259 0.249216161 178 178 178
-0.0332429738 0.0484525627 0.155 178 178 178
0.00632053784 0.01 0.131396007 178 178 178
-0.01 0.00964182149 0.239909667 178 178 178
-0.023807941 -0.0278600777 0.245 178 178 178
0.00731810567 0.01 0.267566106 178 178 178
-0.0598998117 -0.00315491388 0.195330556 178 178 178
-0.0493500849 -0.0105355632 0.195 178 178 178
-0.01 0.00482330102 0.259699157 178 178 178
0.0477517735 -0.0467417687 0.295 178 178 178
0.0010787347 0.01 0.123932348 178 178 178
-0.0253848146 0.0161699281 0.146457467 178 178 178
0.0119581016 0.0238075658 0.105 178 178 178
-0.00659871857 0.01 0.319218342 178 178 178
-0.01 0.00886170438 0.0167257065 178 178 178
0.0163574215 0.0448865653 0.095 178 178 178
-0.01 -0.00530148475 0.200279676 178 178 178
0.0041393121 -0.01 0.0742418613 178 178 178
0.0163223643 -0.056443226 0.302158368 178 178 178
0.0176471548 -0.0336574257 0.305 178 178 178
-0.00816386686 -0.01 0.118169828 178 178 178
0.0312035576 -0.0288495374 0.305 178 178 178
-0.01 -0.00411154566 0.0700294727 178 178 178
0.000793221002 -0.01 0.136087967 178 178 178
-0.039015483 -0.0126196555 0.199048678 178 178 178
-0.01 0.00543283855 0.290282288 178 178 178
-0.0317874143 0.0332145874 0.155 178 178 178
-0.0211855816 -0.0332466164 0.245 178 178 178
-0.01 0.00719670755 0.0317165521 178 178 178
0.000478399805 -0.01 0.258662806 178 178 178
-0.0225617668 -0.0126196555 0.202869487 178 178 178
-0.0224632247 0.0630555343 0.145 178 178 178
0.0463257758 -0.0252289816 0.295 178 178 178
0.01 0.0098301516 0.314555679 178 178 178
-0.0450533979 -0.00774697566 0.195 178 178 178
-0.0245866296 -0.0470808435 0.25045541 178 178 178
0.00943827621 0.01 0.234289424 178 178 178
-0.00426752873 0.01 0.18070145 178 178 178
-0.00563408107 0.01 0.316836073 178 178 178
0.00231435701 0.00337744366 0 178 178 178
0.01 -0.00561586982 0.0605348634 178 178 178
0.00550246841 0.01 0.29280497 178 178 178
-0.000562449623 -0.01 0.0271207203 178 178 178
-0.0139127327 0.0646797123 0.153305866 178 178 178
0.000791490161 0.01 0.00877326494 178 178 178
0.0239119078 0 0.0504381957 178 178 178
0.01 -0.00259105826 0.0563331142 178 178 178
-0.00100125305 0.01 0.0436524605 178 178 178
-0.0470800894 0.0371762697 0.152752132 178 178 178
-0.01 0.00475253875 0.180957386 178 178 178
0.0150629384 0.0229747439 0.095 178 178 178
-0.00531441292 0.01 0.200284846 178 178 178
-0.01 -0.00714559945 0.0022310168 178 178 178
0.0282064703 -0.0197528855 0.295 178 178 178
0.01 0.00302680681 0.0821699816 178 178 178
-0.01 0.00477443253 0.0381827836 178 178 178
-0.0163646089 0.0222413258 0.145 178 178 178
0.00223990185 -0.01 0.161922237 178 178 178
0.0177007939 -0.0367705907 0.305 178 178 178
-0.01 -0.00871125112 0.0330277734 178 178 178
0.01 -0.00767537309 0.0199756478 178 178 178
-0.0288774437 0.0646797123 0.153040072 178 178 178
-0.0472730992 -0.0126196555 0.203565287 178 178 178
0.022821676 0.0523544891 0.105 178 178 178
0.0190550182 -0.0440668115 0.295 178 178 178
-5.78396228e-05 -0.01 0.0519465492 178 178 178
-0.01 -4.76116953e-05 0.174961732 178 178 178
-0.0185755478 0.0273374979 0.155 178 178 178
0.0529230607 -0.0543982327 0.295 178 178 178
0.0130245522 0.0268787457 0.105 178 178 178
0.0191384447 0.0376241157 0.095 178 178 178
-0.00702077597 0.01 0.0671900332 178 178 178
0.0605872536 0 0.0474438523 178 178 178
-0.01 -0.00431071168 0.243935975 178 178 178
0.0372461583 -0.0314245829 0.295 178 178 178
-0.0135490133 -0.03231516 0.245 178 178 178
-0.0155906695 0.0595344271 0.155 178 178 178
0.0160166183 -0.0290044476 0.295 178 178 178
-0.00356935953 -0.01 0.190363309 178 178 178
-0.0117700223 0.0452194093 0.153670992 178 178 178
-0.01 -0.000322987048 0.191094808 178 178 178
-0.0470800894 0.0257812087 0.154753711 178 178 178
0.00852363539 0.01 0.146526753 178 178 178
-0.01 -0.00296410734 0.254227865 178 178 178
-0.0197495954 -0.00567718885 0.201158234 178 178 178
0.00156894055 -0.01 0.247608778 178 178 178
0.00630613462 0.01 0.307998609 178 178 178
-0.01 0.00650512101 0.0751415698 178 178 178
-0.0197710553 -0.0440022887 0.255 178 178 178
0.01 0.00777366943 0.11901343 178 178 178
-0.0656577692 -0.0126196555 0.195884419 178 178 178
0.01 0.00478250246 0.15657763 178 178 178
0.00311671352 0.01 0.232337443 178 178 178
-0.01 -0.00272174489 0.0780518347 178 178 178
0.0362876897 0.0231732417 0.102332931 178 178 178
-0.0245866296 -0.0641600366 0.245664753 178 178 178
-0.0245866296 -0.066924596 0.246481766 178 178 178
0.01 0.00895518272 0.262674497 178 178 178
-0.0182146595 0.0161699281 0.153102957 178 178 178
0.0198042517 0.0712685107 0.105 178 178 178
-0.00630779745 0.01 0.0651703702 178 178 178
-0.0117700223 0.0395137176 0.147506698 178 178 178
0.0304870924 -0.0192252975 0.295 178 178 178
-0.01 0.00590755241 0.0931918924 178 178 178
0.0318881877 -0.036035101 0.295 178 178 178
-0.00309697657 -0.01 0.0352127263 178 178 178
0.01 0.00246032408 0.28934255 178 178 178
-0.0177598286 0.0646797123 0.152456854 178 178 178
0.00108146141 0.01 0.273820503 178 178 178
0.0428769391 0 0.0475123096 178 178 178
-0.01 -0.00362207562 0.00686263128 178 178 178
0.000187057788 -0.01 0.124997642 178 178 178
-0.0470800894 0.037555872 0.154584554 178 178 178
-0.0159328281 0.0222802823 0.155 178 178 178
0.001324144 -0.01 0.172301192 178 178 178
0.01 0.00513673302 0.0272727783 178 178 178
-0.028954971 -0.00315491388 0.199250333 178 178 178
0.053473279 -0.0275524842 0.295 178 178 178
-0.0189280179 -0.0190320415 0.245034513 178 178 178
-0.01 -0.00217483462 0.129877872 178 178 178
0.00498728685 0.01 0.066031708 178 178 178
-0.01 0.00780098331 0.185593616 178 178 178
0.01 0.00068300065 0.268759051 178 178 178
-0.01 -0.000606028265 0.0675879288 178 178 178
0.01 -0.00575044501 0.0565928318 178 178 178
0.01 -0.00246201773 0.266450415 178 178 178
-0.00102571812 0.01 0.137659231 178 178 178
0.00540586566 -0.01 0.321998327 178 178 178
-0.01 0.00404839531 0.291109072 178 178 178
-0.0232980024 0.0573740029 0.145 178 178 178
0.0362876897 0.0639151585 0.104434931 178 178 178
0.0566935819 -0.0232081996 0.304000039 178 178 178
-0.0061466574 -0.0449312315 0.250738088 178 178 178
0.0190359031 0.0581596966 0.105 178 178 178
0.0358075704 -0.0279015477 0.295 178 178 178
-0.01 0.00755764924 0.157124554 178 178 178
-0.0384182962 -0.00315491388 0.19953716 178 178 178
0.01 -0.00333588364 0.0322135842 178 178 178
-0.01 0.000221387145 0.0697796995 178 178 178
0.0566935819 -0.0341773964 0.295651601 178 178 178
0.0313917056 0.0385064728 0.095 178 178 178
-0.01 -2.95760604e-05 0.172880965 178 178 178
-0.0208577993 -0.00519938234 0.195 178 178 178
0.00262475438 0.01 0.227258521 178 178 178
-0.0144127464 -0.0347725619 0.245 178 178 178
-6.05063917e-05 -0.01 0.290594637 178 178 178
0.01 -0.000582755019 0.158007077 178 178 178
0.01 -0.00570806643 0.261206291 178 178 178
0.01 -0.00160886867 0.133652095 178 178 178
0.0436975295 -0.0244043391 0.305 178 178 178
0.00591899795 -0.01 0.325936052 178 178 178
0.00272434346 0.01 0.192750394 178 178 178
0.0635650149 0 0.0463535256 178 178 178
-0.0273765874 0.0482971793 0.145 178 178 178
-0.0117700223 0.0518438374 0.147562752 178 178 178
0.00712448184 0.01 0.0297075101 178 178 178
0.01 -0.00690165722 0.321252007 178 178 178
-0.0169045023 -0.0421748598 0.255 178 178 178
0.00656585308 -0.01 0.220661664 178 178 178
-0.00767886474 -0.01 0.224844576 178 178 178
0.01 0.00831185724 0.100068682 178 178 178
-0.01 0.00472132675 0.154564065 178 178 178
0.0437494816 -0.0193298654 0.305 178 178 178
-0.0375057664 0.0520930265 0.155 178 178 178
-0.01 -0.00781653062 0.237726846 178 178 178
-0.01 0.00656802709 0.0037193001 178 178 178
-0.0167088413 0.0453744273 0.145 178 178 178
0.0278325565 0.0339379592 0.105 178 178 178
-0.00492689409 0.01 0.268573407 178 178 178
-0.00247763613 -0.01 0.0641862805 178 178 178
0.01 -0.0095826776 0.258050968 178 178 178
-0.0629257387 -0.0110365713 0.195 178 178 178
0.0163609693 0.0636061034 0.105 178 178 178
-0.0392900173 -0.00763789868 0.205 178 178 178
-0.00248036939 -0.01 0.232374004 178 178 178
0.0373835256 -0.0298982287 0.295 178 178 178
-0.00245218569 0.01 0.213829006 178 178 178
0.033440015 -0.0396164419 0.295 178 178 178
0.0355303491 0.0466608127 0.095 178 178 178
-0.01 0.00768550163 0.0140007715 178 178 178
-0.0213189745 -0.0126196555 0.200530097 178 178 178
0.0140232984 0.0254296642 0.105 178 178 178
0.00907192243 0.0563703327 0.0969266125 178 178 178
0.01 -0.00309227312 0.158864236 178 178 178
0.0131880662 0.046462389 0.095 178 178 178
0.0054198612 0.01 0.324148992 178 178 178
0.00743646472 -0.01 0.321003814 178 178 178
0.00933382478 -0.01 0.323465318 178 178 178
-0.01 0.00707328299 0.218496373 178 178 178
0.01 -0.0074832339 0.0247422549 178 178 178
-0.0191467055 0.0646797123 0.146547712 178 178 178
0.00896498518 -0.01 0.144292299 178 178 178
-0.0055715651 -0.00344440098 0.35 178 178 178
0.0141733955 -0.0179278683 0.295443184 178 178 178
0.00968982633 0.01 0.0147884878 178 178 178
-0.01 -0.00711508915 0.24516959 178 178 178
0.01 -0.00424854823 0.245820029 178 178 178
0.01 0.000738810887 0.333559797 178 178 178
-0.00870812293 0.01 0.283376566 178 178 178
-0.0325257339 -0.00511704978 0.205 178 178 178
0.000248217786 -0.01 0.24702893 178 178 178
-0.00624864532 -0.0471235325 0.245 178 178 178
0.0285083913 -0.056443226 0.295454721 178 178 178
-0.01 0.00485020073 0.0562183097 178 178 178
-0.00200925921 0.01 0.114717672 178 178 178
0.01 0.00278331104 0.0382763746 178 178 178
0.01 -0.0087711351 0.021834563 178 178 178
0.00509283598 0.01 0.241098657 178 178 178
-0.023588045 -0.0216300323 0.255 178 178 178
-0.00506989279 -0.00655549121 0 178 178 178
-0.0688583747 -0.0123545429 0.195 178 178 178
0.00907192243 0.0544493006 0.101995118 178 178 178
-0.00997191694 -0.01 0.160616706 178 178 178
-0.00197802702 -0.01 0.344550461 178 178 178
-0.0244790873 0.0495507355 0.155 178 178 178
0.00907192243 0.0359515591 0.09633521 178 178 178
0.00594229295 0.01 0.214750058 178 178 178
-0.0173907959 -0.0726336144 0.255 178 178 178
0.01 -0.00521893415 0.12615816 178 178 178
0.000824713398 0.01 0.0764232552 178 178 178
0.000643692351 -0.01 0.0720318906 178 178 178
0.0121993856 0.0178241472 0.0974985549 178 178 178
0.00837469814 -0.01 0.125238656 178 178 178
0.01 -0.00355927066 0.244654245 178 178 178
-0.0196928068 0.0646797123 0.145683078 178 178 178
-0.01 -0.00881997253 0.292139458 178 178 178
0.0197497147 0.0712965888 0.102033858 178 178 178
-0.0255993033 0.0416685414 0.155 178 178 178
0.0286853249 0.0567978542 0.095 178 178 178
0.01 0.000170073111 0.247546305 178 178 178
-0.0240698407 0.0426877641 0.145 178 178 178
-0.000371551064 -0.01 0.0830538753 178 178 178
0.01 0.00196326168 0.100980237 178 178 178
-0.01 -0.00260637328 0.300071889 178 178 178
-0.00186785078 -0.01 0.0730967936 178 178 178
0.00996075661 -0.01 0.127236382 178 178 178
0.0362876897 0.0235107738 0.099850399 178 178 178
-0.0130746911 0.0414997826 0.155 178 178 178
0.00298934524 0.01 0.0407023688 178 178 178
-0.00251977783 0.01 0.00251170353 178 178 178
0.01 -0.0090541077 0.213429709 178 178 178
-0.01 -0.00651444692 0.025805112 178 178 178
0.0581669048 0 0.0544659197 178 178 178
0.0353426052 -0.02141854 0.305 178 178 178
-0.00521286227 -0.01 0.314881749 178 178 178
0.0377821166 -0.0303594361 0.295 178 178 178
0.0295762352 -0.056443226 0.298597585 178 178 178
0.00430570806 0.01 0.125354148 178 178 178
-0.0451324887 0.049308888 0.155 178 178 178
-0.0197495954 -0.00683675086 0.199076 178 178 178
0.0362876897 0.0458200672 0.1033718 178 178 178
0.01 -0.00674814799 0.0509106961 178 178 178
0.0317953752 0.0189308024 0.105 178 178 178
-0.0245866296 -0.046194037 0.246867978 178 178 178
0.00343827591 -0.01 0.00650338208 178 178 178
-0.01 0.00707620085 0.28729616 178 178 178
-0.00414058291 -0.01 0.14461382 178 178 178
-0.0168368609 -0.0604879949 0.245 178 178 178
-0.0739134058 -0.00387348592 0.195 178 178 178
-0.0064186707 -0.01 0.141482819 178 178 178
-0.0231504334 0.0161699281 0.151838209 178 178 178
-0.0269186092 0.0277848138 0.145 178 178 178
-0.00242872936 -0.01 0.0706907918 178 178 178
-0.01 -0.00399994609 0.197065683 178 178 178
-0.0356314962 0.0385313316 0.145 178 178 178
0.00572996262 0.01 0.280837668 178 178 178
-0.01 -0.00852350087 0.230065573 178 178 178
0.0566935819 -0.0419131009 0.303405893 178 178 178
0.0198329513 0.0488349683 0.105 178 178 178
-0.01 -0.00394403633 0.0666055578 178 178 178
0.00513333124 -0.01 0.287292251 178 178 178
0.00831636639 -0.01 0.0472571068 178 178 178
-0.0213833782 -0.0558540212 0.255 178 178 178
-0.0362042198 0.0505600204 0.155 178 178 178
-0.0128834673 -0.0298789119 0.245 178 178 178
0.0487732624 0 0.0543182197 178 178 178
0.0518263148 0 0.0488269712 178 178 178
-0.01 -0.00272925625 0.136445146 178 178 178
-0.0302782814 0.0617949007 0.155 178 178 178
0.00969400354 0.01 0.15937011 178 178 178
-0.01 -0.00911886752 0.0936163537 178 178 178
-0.01 0.00666066026 0.167524165 178 178 178
0.0307259788 0.0712965888 0.0979532833 178 178 178
0.01 0.000492496493 0.250833843 178 178 178
0.00103165055 -0.01 0.312131936 178 178 178
0.00268683649 -0.01 0.205436801 178 178 178
0.01 0.00033855914 0.321302545 178 178 178
-0.0102612551 -0.0549777916 0.255 178 178 178
-0.0436488248 0.028667508 0.155 178 178 178
-0.0236267487 0.0161699281 0.145969974 178 178 178
-0.01 0.00464962561 0.186314776 178 178 178
-0.0030004968 -0.01 0.0329061706 178 178 178
-0.01 0.00753228883 0.301001753 178 178 178
-0.0164593967 -0.0581589447 0.255 178 178 178
-0.01 -0.00619392986 0.00871855035 178 178 178
0.0210398733 0.0439316702 0.105 178 178 178
-0.00714265043 0.01 0.0564225321 178 178 178
0.00992784749 -0.01 0.207450385 178 178 178
0.0167242999 0.0188380154 0.105 178 178 178
-0.01 0.00365137445 0.197621028 178 178 178
0.00598635933 0.01 0.326349456 178 178 178
0.01 0.00845675767 0.147776273 178 178 178
-0.0166880505 0.0614696958 0.145 178 178 178
0.00354463948 0.01 0.166604756 178 178 178
0.0650261881 0 0.0462530477 178 178 178
0.01 -0.00413199785 0.0990867589 178 178 178
-0.0470800894 0.0470583303 0.151565196 178 178 178
-0.00518068716 0.01 0.020551268 178 178 178
-0.01 0.00488650665 0.177967876 178 178 178
0.0162928634 -0.0416147855 0.295 178 178 178
-0.0331374823 0.0401861076 0.155 178 178 178
-0.0155212669 0.0302826705 0.155 178 178 178
0.00911484048 0.01 0.091623297 178 178 178
-0.0115266772 -0.0694938075 0.245 178 178 178
0.00891781264 0.01 0.00156219553 178 178 178
0.0144690823 -0.056443226 0.29568071 178 178 178
-0.0061466574 -0.0220490207 0.253714101 178 178 178
0.0362876897 0.0709555951 0.0973006826 178 178 178
-0.0224910497 -0.0473149549 0.245 178 178 178
-0.01 0.00900644959 0.0135460844 178 178 178
-0.0225302254 0.032689688 0.155 178 178 178
0.00129041942 -0.01 0.0931185281 178 178 178
0.0385854133 -0.056443226 0.299079703 178 178 178
-0.0252267175 -0.00315491388 0.197459372 178 178 178
0.0091517522 -0.01 0.106455778 178 178 178
0.01 0.00908129181 0.0497935864 178 178 178
0.0725484424 0 0.0520152232 178 178 178
-0.0365658903 0.0646797123 0.150030432 178 178 178
0.008464525 -0.01 0.295136711 178 178 178
0.0492607466 -0.0524251356 0.305 178 178 178
0.00988943268 0.01 0.199110431 178 178 178
0.0141733955 -0.0417584277 0.298572911 178 178 178
-0.0470800894 0.0262671597 0.148682017 178 178 178
-0.01 0.000382319335 0.2238249 178 178 178
-0.00824419472 0.01 0.105623792 178 178 178
-0.00447411744 -0.01 0.0477995047 178 178 178
0.00311049015 -0.01 0.128903057 178 178 178
0.0252782633 0.043044445 0.105 178 178 178
-0.0117700223 0.0188545485 0.151739674 178 178 178
0.0308024832 -0.015669503 0.295 178 178 178
-0.00619360208 0.01 0.207381919 178 178 178
0.0383388746 -0.0224315336 0.305 178 178 178
0.00112954627 0.01 0.281422226 178 178 178
0.0527294049 -0.0307127372 0.305 178 178 178
0.032364062 -0.0525526264 0.295 178 178 178
0.01 0.00739142144 0.321832418 178 178 178
-0.0146273907 -0.0499177075 0.255 178 178 178
-0.0254206345 0.0416498767 0.145 178 178 178
-0.0172508696 0.0331598104 0.145 178 178 178
-0.00643665431 -0.0478831134 0.245 178 178 178
-0.01 0.00309052167 0.0885595269 178 178 178
-0.01 -0.00770876716 0.0925740107 178 178 178
0.00564945314 0.01 0.0268214072 178 178 178
-0.0115521206 -0.0440312897 0.255 178 178 178
0.0519700242 -0.035046846 0.295 178 178 178
0.01 0.00298600432 0.30682006 178 178 178
-0.0117700223 0.0168172652 0.151162806 178 178 178
0.01 0.002387235 0.0136778015 178 178 178
0.01 -0.00759081647 0.0743327186 178 178 178
0.01 -0.00392081496 0.314644829 178 178 178
