ply
format ascii 1.0
comment VisionMCP reconstruction mesh
element vertex 9363
property float x
property float y
property float z
element face 16470
property list uchar int vertex_indices
end_header
-0.244963216 0.06 0.010678011
-0.24 0.0550367928 0.010678011
-0.24 0.06 0.00571479427
-0.245243622 0.08 0.010678011
-0.24 0.0856370163 0.010678011
-0.24 0.09 0.00631502734
-0.25 0.08 0.00592163669
-0.25 0.09 0.00580707179
-0.25 0.1 0.0066766225
-0.24 0.1 0.0062058221
-0.24494404 0.11 0.000678011047
-0.24 0.105055962 0.000678011047
-0.24 0.11 -0.00426602734
-0.25 0.11 0.00656020747
-0.25 0.115280991 0.000678011047
-0.25 0.12 -0.00404099835
-0.24 0.12 -0.00393149747
-0.25 0.13 -0.00365600957
-0.24 0.13 -0.00417547597
-0.244466332 0.14 0.000678011047
-0.25 0.13433403 0.000678011047
-0.24 0.14 -0.00378832234
-0.25 0.14 0.00773881541
-0.25 0.145977631 -0.079321989
-0.24 0.145646591 -0.079321989
-0.24 0.15 -0.0836753847
-0.25 0.15 -0.0833443768
-0.25 0.15 -0.0752996005
-0.244087505 0.15 -0.069321989
-0.24 0.145912476 -0.069321989
-0.25 0.15 -0.0634410538
-0.25 0.145880928 -0.059321989
-0.24 0.145843773 -0.059321989
-0.25 0.15 -0.0552029241
-0.244473003 0.15 -0.049321989
-0.24 0.145527 -0.049321989
-0.244185126 0.15 -0.039321989
-0.24 0.145814857 -0.039321989
-0.244210514 0.15 -0.029321989
-0.24 0.14578949 -0.029321989
-0.244147941 0.15 -0.019321989
-0.24 0.145852051 -0.019321989
-0.244145824 0.15 -0.00932198895
-0.24 0.145854187 -0.00932198895
-0.24 0.144466324 0.000678011047
-0.24 0.15 0.0069893037
-0.25 0.15 0.00684055911
-0.25 0.154022369 -0.079321989
-0.24 0.154353409 -0.079321989
-0.24119657 0.16 -0.069321989
-0.24 0.16 -0.0705185593
-0.25 0.154119072 -0.059321989
-0.24 0.154156227 -0.059321989
-0.241404668 0.16 -0.049321989
-0.24 0.16 -0.0507266559
-0.25 0.16 0.00677961932
-0.24 0.16 0.00744264232
-0.25 0.166208076 -0.069321989
-0.25 0.17 -0.0731138958
-0.24 0.17 -0.0729293717
-0.24 0.166116829 -0.059321989
-0.24 0.16 -0.0681254186
-0.25 0.165943832 -0.059321989
-0.25 0.166757812 -0.049321989
-0.24 0.166676483 -0.039321989
-0.24 0.16 -0.0479173221
-0.25 0.166474648 -0.039321989
-0.25 0.165865059 -0.029321989
-0.24 0.16603569 -0.029321989
-0.25 0.166685371 -0.019321989
-0.24 0.166898804 -0.019321989
-0.25 0.166467285 -0.00932198895
-0.24 0.166671219 -0.00932198895
-0.25 0.167502556 0.000678011047
-0.24 0.166107826 0.000678011047
-0.25 0.174056168 -0.059321989
-0.25 0.173791924 -0.069321989
-0.24 0.177293549 -0.059321989
-0.24 0.173607368 -0.069321989
-0.25 0.173525352 -0.039321989
-0.25 0.173242188 -0.049321989
-0.24 0.176604996 -0.039321989
-0.24 0.174117889 -0.049321989
-0.25 0.173532715 -0.00932198895
-0.25 0.173314629 -0.019321989
-0.24 0.176760292 -0.00932198895
-0.24 0.173101196 -0.019321989
-0.24 0.173892174 0.000678011047
-0.25 0.18 0.00640149699
-0.25 0.172497444 0.000678011047
-0.24 0.18 0.0061785184
-0.25 0.186075592 -0.059321989
-0.24 0.188253403 -0.059321989
-0.24 0.19 -0.0597968377
-0.25 0.19 -0.063246416
-0.25 0.19 -0.0553975619
-0.243487805 0.19 -0.049321989
-0.24 0.186512184 -0.049321989
-0.244982614 0.19 -0.039321989
-0.24 0.182048721 -0.039321989
-0.24 0.19 -0.0215780295
-0.247088437 0.19 -0.029321989
-0.25 0.187088432 -0.029321989
-0.24 0.18774395 -0.019321989
-0.25 0.185364037 -0.019321989
-0.25 0.186902199 0.000678011047
-0.24 0.19 0.00686424838
-0.246902197 0.19 0.000678011047
-0.25 0.2 0.00629408466
-0.25 0.193097801 0.000678011047
-0.24 0.2 0.00606130229
-0.234340253 -0.22 0.020678011
-0.23 -0.224340253 0.020678011
-0.23 -0.22 0.0163377629
-0.231767944 -0.21 0.020678011
-0.23 -0.21 0.0189100705
-0.23349118 -0.2 0.020678011
-0.23 -0.2 0.0171868287
-0.233409729 -0.19 0.020678011
-0.23 -0.19 0.017268282
-0.233289773 -0.18 0.020678011
-0.23 -0.18 0.0173882352
-0.232918812 -0.17 0.020678011
-0.23 -0.17 0.0177591954
-0.233984979 -0.16 0.020678011
-0.23 -0.16 0.0166930352
-0.233875201 -0.15 0.020678011
-0.23 -0.15 0.0168028127
-0.233750819 -0.14 0.020678011
-0.23 -0.14 0.0169271909
-0.234429764 -0.13 0.020678011
-0.23 -0.13 0.0162482511
-0.234228516 -0.12 0.020678011
-0.23 -0.12 0.0164494954
-0.234247823 -0.11 0.020678011
-0.23 -0.11 0.0164301835
-0.234068266 -0.1 0.020678011
-0.23 -0.1 0.0166097413
-0.234433917 -0.09 0.020678011
-0.23 -0.09 0.016244093
-0.234317539 -0.08 0.020678011
-0.23 -0.08 0.0163604699
-0.23414409 -0.07 0.020678011
-0.23 -0.07 0.0165339242
-0.234614749 -0.06 0.020678011
-0.23 -0.06 0.0160632669
-0.234234508 -0.05 0.020678011
-0.23 -0.05 0.0164435063
-0.234256523 -0.04 0.020678011
-0.23 -0.04 0.016421486
-0.234402145 -0.03 0.020678011
-0.23 -0.03 0.0162758695
-0.234251144 -0.02 0.020678011
-0.23 -0.02 0.0164268647
-0.23420716 -0.01 0.020678011
-0.23 -0.01 0.0164708482
-0.233920729 0 0.020678011
-0.23 0 0.0167572843
-0.234152327 0.01 0.020678011
-0.23 0.01 0.0165256845
-0.234926842 0.02 0.010678011
-0.23 0.0150731659 0.010678011
-0.23 0.02 0.0057511674
-0.234051397 0.02 0.020678011
-0.23399117 0.03 0.010678011
-0.23 0.03 0.00668684589
-0.233732891 0.03 0.020678011
-0.233755188 0.04 0.010678011
-0.23 0.04 0.00692282306
-0.234106969 0.04 0.020678011
-0.234532214 0.05 0.010678011
-0.23 0.05 0.00614579784
-0.233292867 0.05 0.020678011
-0.23 0.06 0.00639752017
-0.24 0.06 0.0156412278
-0.233129634 0.06 0.020678011
-0.233982196 0.07 0.010678011
-0.24 0.0649632072 0.010678011
-0.23 0.07 0.00669581042
-0.233743557 0.07 0.020678011
-0.234301522 0.08 0.010678011
-0.23 0.08 0.00637649165
-0.232712622 0.08 0.020678011
-0.23 0.09 0.00647547351
-0.24 0.09 0.0150409948
-0.232361699 0.09 0.020678011
-0.23 0.1 0.00660192119
-0.24 0.1 0.0151502
-0.233222694 0.1 0.020678011
-0.23 0.11 0.00737104045
-0.23505596 0.11 0.000678011047
-0.24 0.11 0.0154288541
-0.231681328 0.11 0.020678011
-0.23 0.12 0.00697517024
-0.235390488 0.12 0.000678011047
-0.24 0.12 0.0142339479
-0.231248609 0.12 0.020678011
-0.23 0.125253944 0.000678011047
-0.23 0.13 -0.00406805409
-0.24 0.13 0.0149760018
-0.232414435 0.13 0.020678011
-0.23 0.14 -0.00377688779
-0.24 0.14 0.0146267663
-0.231534359 0.14 0.020678011
-0.23 0.145624886 -0.079321989
-0.23 0.15 -0.0836971111
-0.23 0.145553894 -0.069321989
-0.23 0.145545578 -0.059321989
-0.23 0.145502815 -0.049321989
-0.23 0.145528908 -0.039321989
-0.23 0.14551178 -0.029321989
-0.23 0.145505829 -0.019321989
-0.23 0.1455793 -0.00932198895
-0.234401989 0.15 0.000678011047
-0.24 0.15 -0.00517616643
-0.23 0.15 0.0202367555
-0.23 0.148936539 0.020678011
-0.24 0.15 0.0143667184
-0.23 0.154375114 -0.079321989
-0.23 0.16 -0.0712181832
-0.231337084 0.16 -0.059321989
-0.24 0.154185143 -0.039321989
-0.232140298 0.16 -0.039321989
-0.232079054 0.16 -0.029321989
-0.24 0.15421051 -0.029321989
-0.232114608 0.16 -0.019321989
-0.24 0.154147949 -0.019321989
-0.231983657 0.16 -0.00932198895
-0.24 0.154145813 -0.00932198895
-0.231968207 0.16 0.000678011047
-0.23 0.151720352 0.020678011
-0.24 0.16 0.0139133798
-0.230940442 0.16 0.020678011
-0.23 0.17 -0.0737066258
-0.23 0.17 0.0203597699
-0.23 0.168711739 0.020678011
-0.24 0.17 0.0133479463
-0.23 0.17327877 -0.059321989
-0.23 0.174384651 -0.069321989
-0.23 0.17637516 -0.049321989
-0.23 0.17304409 -0.039321989
-0.24 0.17396431 -0.029321989
-0.23 0.177212601 -0.029321989
-0.23 0.175979576 -0.019321989
-0.23 0.176582184 -0.00932198895
-0.23 0.175422554 0.000678011047
-0.23 0.18 0.00802630054
-0.24 0.18 0.0151775037
-0.23 0.18 0.0147041188
-0.230903916 0.19 -0.049321989
-0.23952515 0.19 -0.059321989
-0.23 0.19 -0.0481929292
-0.23 0.184169121 -0.039321989
-0.24 0.19 -0.0343393744
-0.234629929 0.19 -0.029321989
-0.23 0.182136688 -0.029321989
-0.237743962 0.19 -0.019321989
-0.24 0.19 -0.0170659484
-0.23 0.18380703 -0.00932198895
-0.23 0.19 -0.0124740399
-0.233152052 0.19 -0.00932198895
-0.234665999 0.19 0.000678011047
-0.23 0.183613091 0.000678011047
-0.24 0.19 0.0144917737
-0.23 0.19 0.0192407666
-0.23 0.194665985 0.000678011047
-0.23 0.2 0.00595006572
-0.22 -0.224142594 0.020678011
-0.22 -0.22 0.0165354215
-0.22 -0.21 0.016550232
-0.22 -0.2 0.0175560628
-0.22 -0.19 0.0179804765
-0.22 -0.18 0.0170429765
-0.22 -0.17 0.0191073953
-0.23 -0.18 0.0239677869
-0.23 -0.17 0.0235968267
-0.22 -0.18 0.0243130456
-0.22 -0.17 0.022306696
-0.22 -0.16 0.0186486016
-0.23 -0.16 0.0246629869
-0.22 -0.16 0.022855383
-0.22 -0.15 0.0178911744
-0.23 -0.15 0.0245532094
-0.22 -0.15 0.0237301313
-0.22 -0.14 0.0179888974
-0.23 -0.14 0.0244288312
-0.22 -0.14 0.0237343083
-0.22 -0.13 0.0180709325
-0.23 -0.13 0.025107771
-0.22 -0.13 0.0235721933
-0.22 -0.12 0.0178129064
-0.23 -0.12 0.0249065267
-0.22 -0.12 0.0237051164
-0.22 -0.11 0.0178046857
-0.23 -0.11 0.0249258386
-0.22 -0.11 0.023723589
-0.22 -0.1 0.0176362096
-0.23 -0.1 0.0247462808
-0.22 -0.1 0.0236562596
-0.22 -0.09 0.0196187936
-0.23 -0.09 0.025111929
-0.22 -0.09 0.0218477307
-0.22 -0.08 0.0188268434
-0.23 -0.08 0.0249955522
-0.22 -0.08 0.0226485311
-0.22 -0.07 0.0186894475
-0.23 -0.07 0.0248220979
-0.22 -0.07 0.0228017293
-0.22 -0.06 0.0195505773
-0.23 -0.06 0.0252927552
-0.22 -0.06 0.0218942414
-0.22 -0.05 0.0186964856
-0.23 -0.05 0.0249125157
-0.22 -0.05 0.0227333699
-0.22 -0.04 0.0193402253
-0.23 -0.04 0.0249345361
-0.22 -0.04 0.0221679937
-0.22 -0.03 0.0192510949
-0.23 -0.03 0.0250801526
-0.22 -0.03 0.0222176419
-0.22 -0.02 0.0192431031
-0.23 -0.02 0.0249291574
-0.22 -0.02 0.0222271691
-0.22 -0.01 0.0192895661
-0.23 -0.01 0.0248851739
-0.22 -0.01 0.022178341
-0.220963938 0 0.010678011
-0.22 -0.00111003876 0.010678011
-0.22 0 0.00952876674
-0.23 0 0.0245987378
-0.22 0 0.0230577241
-0.2222768 0.01 0.010678011
-0.22 0.01 0.00803925143
-0.23 0.01 0.0248303376
-0.22 0.01 0.0213673555
-0.22 0.02 0.00991850482
-0.23 0.02 0.0247294103
-0.22 0.02 0.0217369043
-0.22 0.03 0.0101405679
-0.23 0.03 0.0244109021
-0.22 0.03 0.0208921872
-0.22 0.04 0.0106111299
-0.22050914 0.04 0.020678011
-0.22 0.04 0.012010275
-0.22 0.033167305 0.020678011
-0.23 0.04 0.0247849809
-0.22 0.0401651192 0.010678011
-0.222922513 0.05 0.010678011
-0.22 0.0456270599 0.020678011
-0.22 0.05 0.0198955785
-0.22 0.05 0.0210098039
-0.23 0.05 0.0239708768
-0.220384197 0.06 0.010678011
-0.22 0.0531182289 0.020678011
-0.221233933 0.06 0.020678011
-0.23 0.06 0.0238076459
-0.223738115 0.07 0.010678011
-0.221364202 0.07 0.020678011
-0.23 0.07 0.0244215642
-0.223634555 0.08 0.010678011
-0.221572556 0.08 0.020678011
-0.23 0.08 0.0233906327
-0.224020014 0.09 0.010678011
-0.22368995 0.09 0.020678011
-0.23 0.09 0.0230397092
-0.224863846 0.1 0.000678011047
-0.22 0.0951361465 0.000678011047
-0.22 0.1 -0.00418583287
-0.22 0.0987692261 0.010678011
-0.223334219 0.1 0.020678011
-0.22 0.1 0.0129113446
-0.23 0.1 0.0239007054
-0.224899035 0.11 0.000678011047
-0.22 0.11 -0.00422102345
-0.220113463 0.11 0.020678011
-0.22 0.11 0.0204855119
-0.23 0.11 0.0223593389
-0.224447563 0.12 0.000678011047
-0.22 0.12 -0.00376955403
-0.22590173 0.12 0.020678011
-0.22 0.12 0.0184833203
-0.23 0.12 0.0219266187
-0.22 0.13 -0.00390645398
-0.223870425 0.13 0.020678011
-0.22 0.13 0.0173274194
-0.23 0.13 0.0230924474
-0.22 0.14 -0.00399148358
-0.221375513 0.14 0.020678011
-0.22 0.14 0.0201584779
-0.23 0.14 0.0222123681
-0.22 0.146032104 -0.079321989
-0.22 0.15 -0.0832898904
-0.22 0.145835571 -0.069321989
-0.22 0.145728836 -0.059321989
-0.22 0.145741615 -0.049321989
-0.22 0.145671387 -0.039321989
-0.22 0.145843201 -0.029321989
-0.22 0.145677185 -0.019321989
-0.22 0.145760994 -0.00932198895
-0.22 0.15 0.0174151288
-0.22 0.153967896 -0.079321989
-0.22 0.16 -0.071262858
-0.226696036 0.16 0.020678011
-0.22 0.16 0.0176356183
-0.22 0.17 -0.0735297157
-0.22 0.17 0.0164726888
-0.22 0.172608414 -0.059321989
-0.22 0.174207726 -0.069321989
-0.22 0.175825691 -0.049321989
-0.22 0.172855377 -0.039321989
-0.22 0.171956024 -0.029321989
-0.22 0.17573391 -0.019321989
-0.22 0.174543457 -0.00932198895
-0.22 0.173030777 0.000678011047
-0.22 0.18 0.010008093
-0.22 0.18 0.011441208
-0.223460901 0.19 -0.059321989
-0.22 0.183803825 -0.059321989
-0.22 0.19 -0.0627828897
-0.229483638 0.19 -0.049321989
-0.22 0.181283379 -0.049321989
-0.22 0.19 -0.0330367507
-0.227051349 0.19 -0.039321989
-0.22 0.184837112 -0.029321989
-0.22 0.19 -0.00175230397
-0.226847947 0.19 -0.00932198895
-0.22 0.184656487 0.000678011047
-0.22 0.19 0.0200001775
-0.22 0.192430305 0.000678011047
-0.22 0.2 0.00578644382
-0.22 0.19328949 0.020678011
-0.23 0.2 0.0154059564
-0.220770609 0.2 0.020678011
-0.213546824 -0.23 0.020678011
-0.21 -0.233546824 0.020678011
-0.21 -0.23 0.0171311818
-0.21 -0.22 0.0176336728
-0.212458162 -0.21 0.010678011
-0.21 -0.212458162 0.010678011
-0.21 -0.21 0.00790175067
-0.22 -0.22 0.0248206006
-0.22 -0.21 0.0248057901
-0.21 -0.22 0.0237223493
-0.21 -0.21 0.0241910802
-0.210830381 -0.2 0.010678011
-0.21 -0.2 0.00968828784
-0.211020346 -0.2 0.020678011
-0.21 -0.201652317 0.020678011
-0.21 -0.2 0.0170493184
-0.22 -0.2 0.0237999593
-0.21 -0.196395006 0.010678011
-0.211342819 -0.196536021 0.0169338475
-0.21 -0.19 0.0162689935
-0.21 -0.197106681 0.020678011
-0.21 -0.19 0.0224159013
-0.22 -0.19 0.0233755456
-0.21 -0.18 0.0191162072
-0.21 -0.18 0.0227202474
-0.21 -0.17 0.0184933721
-0.21 -0.17 0.0235822068
-0.21 -0.16 0.0182217084
-0.21 -0.16 0.0234260522
-0.21 -0.15 0.0202067338
-0.21 -0.15 0.0212907182
-0.21 -0.14 0.0194652043
-0.21 -0.14 0.0224000417
-0.21 -0.13 0.0184672128
-0.21 -0.13 0.0221335183
-0.21 -0.12 0.0184584294
-0.21 -0.12 0.021871296
-0.21 -0.11 0.0172382127
-0.21 -0.11 0.022759596
-0.21 -0.1 0.020424019
-0.21 -0.1 0.0207969533
-0.21 -0.0967202663 0.020678011
-0.211030574 -0.09 0.020678011
-0.21 -0.0838690186 0.020678011
-0.21 -0.08 0.0204610883
-0.21 -0.08 0.0208177816
-0.21 -0.07 0.0201075421
-0.21 -0.07 0.0214029084
-0.21 -0.06 0.019135748
-0.21 -0.06 0.0216579686
-0.21 -0.05 0.0201835214
-0.21 -0.05 0.020953909
-0.21 -0.04 0.0204158555
-0.21 -0.04 0.0209392892
-0.21 -0.0333416367 0.020678011
-0.210359404 -0.03 0.020678011
-0.213796401 -0.02 0.020678011
-0.214220021 -0.01 0.020678011
-0.216706662 0 0.010678011
-0.212119811 0 0.020678011
-0.212235866 0.01 0.010678011
-0.215851932 0.01 0.020678011
-0.216348388 0.02 0.010678011
-0.21 0.02 0.0205783902
-0.21 0.0198573875 0.020678011
-0.21 0.02 0.0206966649
-0.217523844 0.03 0.010678011
-0.21 0.0206474304 0.020678011
-0.214977052 0.03 0.020678011
-0.219596708 0.04 0.010678011
-0.215953658 0.05 0.020678011
-0.21131314 0.09 0.010678011
-0.21 0.0876597214 0.010678011
-0.21 0.09 0.00955635654
-0.21 0.09 0.0133513986
-0.213945568 0.1 0.000678011047
-0.21 0.1 0.00972857104
-0.21 0.1 0.0142298661
-0.214054809 0.11 0.000678011047
-0.21 0.109262314 0.010678011
-0.210418072 0.11 0.010678011
-0.21242151 0.12 0.000678011047
-0.210775313 0.12 0.010678011
-0.212683668 0.13 0.000678011047
-0.212512615 0.13 0.010678011
-0.210702348 0.14 0.000678011047
-0.21 0.14 0.00770143138
-0.21 0.138267708 0.010678011
-0.21 0.14 0.0114718495
-0.21 0.145574226 -0.079321989
-0.21 0.15 -0.083747765
-0.21 0.145691452 -0.069321989
-0.21 0.145463104 -0.059321989
-0.21 0.14600399 -0.049321989
-0.21 0.147670822 -0.039321989
-0.210186205 0.15 -0.029321989
-0.21 0.15 -0.0297915925
-0.21 0.15 -0.0253427113
-0.21 0.149758224 -0.019321989
-0.21 0.149113197 -0.00932198895
-0.211731136 0.15 0.000678011047
-0.21 0.15 -0.0060825385
-0.21 0.143540573 0.010678011
-0.211075313 0.15 0.010678011
-0.21 0.154425774 -0.079321989
-0.21 0.16 -0.0715433217
-0.212551599 0.16 -0.039321989
-0.21 0.16 -0.0421027841
-0.21 0.15688755 -0.039321989
-0.215151234 0.16 -0.029321989
-0.21 0.150771179 -0.019321989
-0.214082541 0.16 -0.019321989
-0.21 0.152754364 -0.00932198895
-0.214249184 0.16 -0.00932198895
-0.213405907 0.16 0.000678011047
-0.21 0.16 0.00809922801
-0.21 0.154647675 0.010678011
-0.21 0.16 0.011937605
-0.21 0.17 -0.0733327283
-0.21 0.165570183 -0.039321989
-0.216743281 0.17 -0.029321989
-0.21 0.17 -0.0367124356
-0.216167541 0.17 -0.019321989
-0.214525778 0.17 -0.00932198895
-0.216139696 0.17 0.000678011047
-0.21 0.163227234 0.010678011
-0.213719132 0.17 0.010678011
-0.21 0.172506905 -0.059321989
-0.21 0.174010735 -0.069321989
-0.21 0.170879288 -0.049321989
-0.21 0.17151432 -0.039321989
-0.219529901 0.18 0.010678011
-0.21 0.19 -0.0522153963
-0.216539099 0.19 -0.059321989
-0.21 0.18584465 -0.049321989
-0.22 0.19 -0.0443788709
-0.214571772 0.19 -0.039321989
-0.21 0.183957672 -0.039321989
-0.2159833 0.19 -0.029321989
-0.21 0.19 -0.0344328107
-0.22 0.19 -0.0256072272
-0.217066662 0.19 0.000678011047
-0.214323556 0.19 0.010678011
-0.22 0.193714752 -0.029321989
-0.21 0.194571762 -0.039321989
-0.21390281 0.2 0.010678011
-0.218740683 0.2 0.020678011
-0.22 0.2 0.021448618
-0.203411994 -0.24 -0.059321989
-0.2 -0.243411992 -0.059321989
-0.2 -0.24 -0.0627339805
-0.201258378 -0.24 -0.039321989
-0.202936993 -0.25 -0.039321989
-0.2 -0.25 -0.0422589816
-0.2 -0.24 -0.040580367
-0.2 -0.243525055 -0.029321989
-0.2 -0.25 -0.0363849963
-0.203525057 -0.24 -0.029321989
-0.20479929 -0.24 -0.019321989
-0.2 -0.244799292 -0.019321989
-0.2 -0.247031494 -0.00932198895
-0.2 -0.24 -0.00140825642
-0.202086267 -0.24 0.000678011047
-0.202968507 -0.25 -0.00932198895
-0.204433546 -0.25 0.000678011047
-0.2 -0.243796723 0.010678011
-0.2 -0.25 0.00511155711
-0.203796725 -0.24 0.010678011
-0.20197454 -0.23 -0.059321989
-0.2 -0.23 -0.0612965287
-0.2 -0.233943303 -0.049321989
-0.2 -0.24 -0.0559099974
-0.2039433 -0.23 -0.049321989
-0.2 -0.238741622 -0.039321989
-0.2 -0.230024656 -0.029321989
-0.2 -0.23 -0.029287423
-0.202795053 -0.23 -0.019321989
-0.2 -0.234304413 -0.00932198895
-0.2 -0.24 -0.0145226992
-0.204304414 -0.23 -0.00932198895
-0.2 -0.235101516 0.000678011047
-0.2 -0.23 -0.00198677434
-0.2 -0.23 0.008013054
-0.200907025 -0.23 0.010678011
-0.2 -0.231629499 0.020678011
-0.2 -0.24 0.0144747316
-0.204259634 -0.22 -0.069321989
-0.2 -0.224259636 -0.069321989
-0.2 -0.22 -0.0735816254
-0.2 -0.22802546 -0.059321989
-0.2 -0.22 -0.0502561439
-0.200934153 -0.22 -0.049321989
-0.2 -0.223319118 -0.039321989
-0.2 -0.23 -0.0453786887
-0.203319116 -0.22 -0.039321989
-0.204649391 -0.22 -0.029321989
-0.2 -0.229984539 -0.029321989
-0.2 -0.22 -0.0208133973
-0.2 -0.222819285 -0.019321989
-0.2 -0.22 -0.0152968682
-0.201843991 -0.22 -0.00932198895
-0.2 -0.226800613 0.000678011047
-0.203685231 -0.22 0.000678011047
-0.203014731 -0.22 0.010678011
-0.2 -0.21 -0.0630333413
-0.203711352 -0.21 -0.059321989
-0.2 -0.213711352 -0.059321989
-0.2 -0.215740364 -0.069321989
-0.2 -0.22 -0.0650623526
-0.204915934 -0.21 -0.049321989
-0.2 -0.21 -0.0397729195
-0.2 -0.21084172 -0.039321989
-0.2 -0.213867984 -0.029321989
-0.2 -0.217936797 -0.00932198895
-0.2 -0.214742465 0.000678011047
-0.2 -0.21 0.0081883298
-0.2 -0.22 0.0233766614
-0.2 -0.21 0.0210124169
-0.2 -0.206288648 -0.059321989
-0.2 -0.200357647 -0.049321989
-0.2 -0.204360032 0.010678011
-0.205983462 -0.2 0.010678011
-0.2 -0.2 0.0173280011
-0.20568531 -0.2 0.020678011
-0.2 -0.2 0.0218937837
-0.204692788 -0.19 -0.059321989
-0.2 -0.194692788 -0.059321989
-0.2 -0.19 -0.0640147747
-0.2 -0.19 -0.0519785704
-0.2 -0.19 0.00751906024
-0.202965965 -0.19 0.010678011
-0.2 -0.19334269 0.010678011
-0.204822369 -0.195689254 0.0164084493
-0.2 -0.19 0.0222231446
-0.201908875 -0.18 -0.059321989
-0.2 -0.18 -0.0612308635
-0.2 -0.18 -0.0539023126
-0.2 -0.184080162 0.010678011
-0.2 -0.18 0.0127474939
-0.2 -0.18 0.0236548101
-0.203437834 -0.17 -0.059321989
-0.2 -0.17 -0.0627598204
-0.2 -0.171804166 -0.049321989
-0.200420456 -0.17 -0.049321989
-0.2 -0.17 -0.0475599183
-0.200365801 -0.17 -0.029321989
-0.2 -0.17082387 -0.029321989
-0.2 -0.17 -0.0307483329
-0.2 -0.17 -0.0284951867
-0.2 -0.17 0.0157600175
-0.2 -0.17 0.0236926519
-0.203208137 -0.16 -0.059321989
-0.2 -0.16 -0.0625301255
-0.200046124 -0.16 -0.049321989
-0.2 -0.16 -0.0492270554
-0.2 -0.168528881 -0.029321989
-0.2 -0.16 0.0182759248
-0.2 -0.16 0.0217781316
-0.204502654 -0.15 -0.069321989
-0.2 -0.154502659 -0.069321989
-0.2 -0.15 -0.073824643
-0.202775707 -0.15 -0.059321989
-0.2 -0.15 -0.0525315274
-0.2 -0.159751186 -0.049321989
-0.2 -0.15 0.0193488465
-0.2 -0.15 0.0213397943
-0.203990383 -0.14 -0.069321989
-0.2 -0.14 -0.0733123697
-0.204327717 -0.14 -0.059321989
-0.2 -0.14 -0.0507854904
-0.2 -0.14 0.015514599
-0.2 -0.14 0.0220685063
-0.204918108 -0.13 -0.069321989
-0.2 -0.13 -0.0742400981
-0.202842383 -0.13 -0.059321989
-0.2 -0.13 -0.0500201811
-0.201280241 -0.13 0.010678011
-0.2 -0.133949022 0.010678011
-0.2 -0.13 0.00916671382
-0.2 -0.13 0.0224076329
-0.204998546 -0.12 -0.069321989
-0.2 -0.12 -0.0743205322
-0.203570666 -0.12 -0.059321989
-0.2 -0.12 -0.0520272697
-0.202673769 -0.12 0.010678011
-0.2 -0.12 0.00672734843
-0.2 -0.12 0.0227963506
-0.2 -0.115001459 -0.069321989
-0.2 -0.11 -0.0630246247
-0.203702636 -0.11 -0.059321989
-0.2 -0.11 -0.0507453979
-0.200306377 -0.11 0.010678011
-0.2 -0.11 0.00954174625
-0.2 -0.11 0.0228222238
-0.204386673 -0.1 -0.059321989
-0.2 -0.1 -0.0637086643
-0.2 -0.1 -0.049482633
-0.200120444 -0.1 0.000678011047
-0.2 -0.101201448 0.000678011047
-0.2 -0.1 0.000275884735
-0.203752322 -0.1 0.010678011
-0.2 -0.1 0.0236755906
-0.204752998 -0.09 -0.069321989
-0.2 -0.0947529984 -0.069321989
-0.2 -0.09 -0.0740749861
-0.201682682 -0.09 -0.059321989
-0.2 -0.0980804539 -0.049321989
-0.20050972 -0.09 -0.049321989
-0.200010266 -0.09 -0.039321989
-0.2 -0.0900315857 -0.039321989
-0.2 -0.09 -0.0392893685
-0.200848823 -0.09 -0.00932198895
-0.2 -0.0925043678 -0.00932198895
-0.2 -0.09 -0.0163339604
-0.2 -0.0972924805 0.000678011047
-0.2 -0.09 -0.00184677495
-0.2 -0.09 0.00277476894
-0.201662908 -0.09 0.010678011
-0.209245586 -0.09 0.020678011
-0.2 -0.09 0.023394066
-0.2 -0.0852470016 -0.069321989
-0.2 -0.08 -0.063766488
-0.204444499 -0.08 -0.059321989
-0.2 -0.08 -0.0528841747
-0.2 -0.0889179611 -0.049321989
-0.2 -0.0899299049 -0.039321989
-0.2 -0.08 -0.0314787663
-0.200406561 -0.08 -0.029321989
-0.2 -0.081130619 -0.029321989
-0.2 -0.08 -0.026543702
-0.2 -0.0866796875 -0.00932198895
-0.2 -0.08 -0.00328534497
-0.201027679 -0.08 0.000678011047
-0.2 -0.0879636002 0.000678011047
-0.20370872 -0.08 0.010678011
-0.2 -0.08 0.0238307344
-0.202375894 -0.07 -0.059321989
-0.2 -0.07 -0.0616978802
-0.2 -0.070340538 -0.049321989
-0.200153656 -0.07 -0.049321989
-0.2 -0.07 -0.0479228152
-0.2 -0.0785063553 -0.029321989
-0.20140749 -0.07 -0.00932198895
-0.2 -0.0749407959 -0.00932198895
-0.2 -0.07 -0.0179764212
-0.2 -0.076015873 0.000678011047
-0.2 -0.07 -0.00435949696
-0.2 -0.07 0.00676915752
-0.201119733 -0.07 0.010678011
-0.2 -0.07 0.023770157
-0.204742045 -0.06 -0.059321989
-0.2 -0.06 -0.0640640344
-0.2 -0.06 -0.0521126331
-0.2 -0.0695721054 -0.049321989
-0.200773625 -0.06 -0.029321989
-0.2 -0.0626534653 -0.029321989
-0.2 -0.06 -0.0333555545
-0.2 -0.06 -0.0267929591
-0.200058737 -0.06 -0.00932198895
-0.2 -0.06 -0.00952751054
-0.2 -0.0644911766 0.000678011047
-0.201300507 -0.06 0.000678011047
-0.203948383 -0.06 0.010678011
-0.2 -0.06 0.0243570291
-0.204975758 -0.05 -0.069321989
-0.2 -0.0549757576 -0.069321989
-0.2 -0.05 -0.0742977477
-0.202273397 -0.05 -0.059321989
-0.2 -0.0534330177 -0.049321989
-0.201543355 -0.05 -0.049321989
-0.2 -0.05 -0.0418175782
-0.2 -0.0566460228 -0.029321989
-0.2 -0.05 -0.0209876288
-0.200363011 -0.05 -0.019321989
-0.2 -0.0511820984 -0.019321989
-0.201651478 -0.05 -0.00932198895
-0.2 -0.05 -0.00201773061
-0.2 -0.0533806038 0.000678011047
-0.2 -0.05 0.003962494
-0.202535968 -0.05 0.010678011
-0.2 -0.05 0.0246399079
-0.2 -0.0450242424 -0.069321989
-0.2 -0.04 -0.0639901055
-0.204668117 -0.04 -0.059321989
-0.2 -0.04 -0.0520184745
-0.2 -0.0463914108 -0.049321989
-0.201012769 -0.04 -0.029321989
-0.2 -0.0439157295 -0.029321989
-0.2 -0.04 -0.0371729363
-0.2 -0.0488030243 -0.019321989
-0.2 -0.04 -0.0262767066
-0.2 -0.04 -0.0104894103
-0.200346284 -0.04 -0.00932198895
-0.2 -0.0475885582 0.000678011047
-0.202001719 -0.04 0.000678011047
-0.204193921 -0.04 0.010678011
-0.2 -0.04 0.0236578904
-0.204548211 -0.03 -0.069321989
-0.2 -0.0345482063 -0.069321989
-0.2 -0.03 -0.0738702001
-0.202635694 -0.03 -0.059321989
-0.2 -0.0336990166 -0.049321989
-0.201594949 -0.03 -0.049321989
-0.201091681 -0.03 -0.039321989
-0.2 -0.0375938034 -0.039321989
-0.2 -0.03 -0.0365014161
-0.2 -0.0368739128 -0.029321989
-0.2 -0.03 -0.0213006009
-0.200628352 -0.03 -0.019321989
-0.2 -0.0319191933 -0.019321989
-0.201913919 -0.03 -0.00932198895
-0.2 -0.03 -0.00302631749
-0.2 -0.0337607193 0.000678011047
-0.2 -0.03 0.00380225764
-0.204205155 -0.03 0.010678011
-0.209782443 -0.03 0.020678011
-0.2 -0.03 0.0245408975
-0.2 -0.0254517937 -0.069321989
-0.2 -0.02 -0.063106841
-0.203784852 -0.02 -0.059321989
-0.2 -0.02 -0.052549497
-0.2 -0.0260464287 -0.049321989
-0.2 -0.0238461304 -0.039321989
-0.2 -0.02 -0.0353966655
-0.20097085 -0.02 -0.029321989
-0.2 -0.0227535629 -0.029321989
-0.200398736 -0.02 -0.019321989
-0.2 -0.02 -0.0125622214
-0.2 -0.0207957077 -0.00932198895
-0.2 -0.02 -0.0082660426
-0.201574078 -0.02 0.000678011047
-0.2 -0.0255446053 0.000678011047
-0.207556791 -0.02 0.010678011
-0.207057643 -0.02 0.020678011
-0.2 -0.02 0.0241497003
-0.203087487 -0.01 -0.059321989
-0.2 -0.01 -0.0624094786
-0.2 -0.0132977867 -0.049321989
-0.201249547 -0.01 -0.049321989
-0.2 -0.01 -0.041896161
-0.2 -0.0170708084 -0.029321989
-0.2 -0.01 -0.0220004405
-0.200797877 -0.01 -0.019321989
-0.2 -0.0190343475 -0.00932198895
-0.201532555 -0.01 -0.00932198895
-0.2 -0.01 -0.00342242612
-0.2 -0.0143429756 0.000678011047
-0.2 -0.01 0.00425774203
-0.204102039 -0.01 0.010678011
-0.206282706 -0.01 0.020678011
-0.2 -0.01 0.0237975274
-0.20401258 0 -0.059321989
-0.2 0 -0.0633345713
-0.20004293 0 -0.049321989
-0.2 0 -0.0489478816
-0.200804372 0 -0.029321989
-0.2 -0.00249156952 -0.029321989
-0.2 0 -0.0326452149
-0.2 0 -0.020818509
-0.2 -0.00137659073 -0.019321989
-0.2 -0.00494470596 -0.00932198895
-0.2 0 -0.00393524541
-0.201497731 0 0.000678011047
-0.2 -0.00546527863 0.000678011047
-0.205670347 0 0.010678011
-0.207180033 0 0.020678011
-0.2 0 0.023969494
-0.203983603 0.01 -0.059321989
-0.2 0.01 -0.0633055915
-0.200190301 0.01 -0.049321989
-0.2 0.01 -0.0471309604
-0.2 0.00743890762 -0.029321989
-0.2 0.01 -0.0211882056
-0.200062666 0.01 -0.019321989
-0.2 0.0069020462 -0.019321989
-0.201476946 0.01 -0.00932198895
-0.2 0.00523244858 -0.00932198895
-0.20112586 0.01 0.000678011047
-0.207279243 0.01 0.010678011
-0.206679053 0.01 0.020678011
-0.2 0.01 0.0237083589
-0.20477097 0.02 -0.069321989
-0.2 0.0152290344 -0.069321989
-0.2 0.02 -0.0740929605
-0.203646388 0.02 -0.059321989
-0.200162234 0.02 -0.049321989
-0.2 0.0174711037 -0.039321989
-0.200359106 0.02 -0.039321989
-0.2 0.02 -0.0342653312
-0.2 0.0108632851 -0.019321989
-0.2 0.02 -0.0144057883
-0.200678353 0.02 -0.00932198895
-0.200993929 0.02 0.000678011047
-0.20647553 0.02 0.010678011
-0.2 0.02 0.0237171136
-0.2 0.0247709656 -0.069321989
-0.2 0.03 -0.0633298863
-0.204007897 0.03 -0.059321989
-0.202704701 0.03 -0.049321989
-0.200184369 0.03 -0.039321989
-0.2 0.03 -0.0376206721
-0.200744438 0.03 -0.019321989
-0.2 0.0245600128 -0.019321989
-0.2 0.03 -0.0234630336
-0.200675325 0.03 -0.00932198895
-0.202204294 0.03 0.000678011047
-0.206090088 0.03 0.010678011
-0.209099417 0.03 0.020678011
-0.2 0.03 0.0236870729
-0.204071341 0.04 -0.069321989
-0.2 0.0359286499 -0.069321989
-0.2 0.04 -0.0733933307
-0.20440135 0.04 -0.059321989
-0.2 0.04 -0.0504610671
-0.2 0.0378580284 -0.049321989
-0.2 0.0311234283 -0.039321989
-0.2 0.04 -0.0323452319
-0.200672622 0.04 -0.029321989
-0.2 0.0358756638 -0.029321989
-0.200715079 0.04 -0.019321989
-0.2 0.04 -0.0112964095
-0.2 0.0378438568 -0.00932198895
-0.2 0.04 -0.00765504254
-0.200981598 0.04 0.000678011047
-0.205773611 0.04 0.010678011
-0.208018665 0.04 0.020678011
-0.2 0.04 0.0229640065
-0.204720345 0.05 -0.069321989
-0.2 0.05 -0.0740423323
-0.203054533 0.05 -0.059321989
-0.2 0.0469760323 -0.049321989
-0.200419688 0.05 -0.049321989
-0.20076293 0.05 -0.039321989
-0.2 0.0469819832 -0.039321989
-0.2 0.0425356674 -0.029321989
-0.2 0.05 -0.0367910041
-0.2 0.0451704979 -0.019321989
-0.2 0.05 -0.0156462802
-0.201189785 0.05 -0.00932198895
-0.2 0.0413275909 -0.00932198895
-0.200784469 0.05 0.000678011047
-0.206367154 0.05 0.010678011
-0.207371602 0.05 0.020678011
-0.2 0.05 0.0228759252
-0.2 0.0547203445 -0.069321989
-0.2 0.06 -0.0631713523
-0.203849363 0.06 -0.059321989
-0.201313095 0.06 -0.049321989
-0.2 0.06 -0.0447099532
-0.2 0.0523603439 -0.039321989
-0.200382781 0.06 -0.019321989
-0.2 0.0565361023 -0.019321989
-0.2 0.06 -0.0220849837
-0.2 0.055348568 -0.00932198895
-0.2 0.06 -0.0167065228
-0.2 0.06 0.000396667587
-0.200036144 0.06 0.000678011047
-0.205826597 0.06 0.010678011
-0.206007566 0.06 0.020678011
-0.2 0.06 0.0227757989
-0.203897991 0.07 -0.069321989
-0.2 0.0661020088 -0.069321989
-0.2 0.07 -0.0732199825
-0.204508462 0.07 -0.059321989
-0.2 0.07 -0.0503631939
-0.2 0.0661303329 -0.049321989
-0.200575943 0.07 -0.029321989
-0.2 0.066065464 -0.029321989
-0.2 0.07 -0.0323687114
-0.2 0.0616521645 -0.019321989
-0.2 0.07 -0.0268055047
-0.201045318 0.07 0.000678011047
-0.2 0.07 -0.00404117001
-0.205746541 0.07 0.010678011
-0.203470221 0.07 0.020678011
-0.2 0.07 0.0217978917
-0.204472895 0.08 -0.069321989
-0.2 0.08 -0.073794886
-0.201762457 0.08 -0.059321989
-0.2 0.08 -0.0512392844
-0.200111957 0.08 -0.039321989
-0.2 0.0792809296 -0.039321989
-0.2 0.08 -0.0407263364
-0.2 0.071829567 -0.029321989
-0.2 0.08 -0.0389411248
-0.200750408 0.08 -0.00932198895
-0.2 0.0763446045 -0.00932198895
-0.2 0.08 -0.0135294904
-0.200309906 0.08 0.000678011047
-0.204832001 0.08 0.010678011
-0.202593622 0.08 0.020678011
-0.2 0.08 0.0215992032
-0.2 0.0844728851 -0.069321989
-0.2 0.09 -0.0633160271
-0.203994036 0.09 -0.059321989
-0.2 0.0835388947 -0.049321989
-0.200848022 0.09 -0.049321989
-0.2 0.080302887 -0.039321989
-0.2 0.09 -0.0467346038
-0.200319343 0.09 -0.019321989
-0.2 0.0874833298 -0.019321989
-0.2 0.09 -0.0212530078
-0.2 0.0823453522 -0.00932198895
-0.2 0.09 -0.018079647
-0.2 0.0822872543 0.000678011047
-0.2 0.09 0.00379665958
-0.201018534 0.09 0.020678011
-0.2 0.09 0.021089121
-0.204968925 0.1 -0.069321989
-0.2 0.0950310898 -0.069321989
-0.2 0.1 -0.0742909147
-0.204095697 0.1 -0.059321989
-0.2 0.1 -0.0493877281
-0.2 0.0995279694 -0.049321989
-0.2 0.0916003799 -0.019321989
-0.200173254 0.1 0.000678011047
-0.2 0.0986614227 0.000678011047
-0.2 0.1 -0.000613674058
-0.2 0.1 0.0186643659
-0.2 0.093527298 0.020678011
-0.203360434 0.11 -0.069321989
-0.2 0.11 -0.0726824249
-0.20203125 0.11 -0.059321989
-0.2 0.11 -0.0507160391
-0.2 0.10088665 0.000678011047
-0.209463863 0.11 0.010678011
-0.2 0.11 0.00619107829
-0.2 0.11 0.015782343
-0.203866386 0.12 -0.069321989
-0.2 0.12 -0.0731883742
-0.203654957 0.12 -0.059321989
-0.2 0.12 -0.0517260636
-0.206845093 0.12 0.010678011
-0.2 0.12 0.00192970859
-0.2 0.12 0.0158588277
-0.2 0.123866386 -0.069321989
-0.2 0.13 -0.0619650592
-0.20264307 0.13 -0.059321989
-0.2 0.13 -0.0495867719
-0.201734629 0.13 0.000678011047
-0.2 0.122263412 0.000678011047
-0.2 0.13 -0.00275567426
-0.204432049 0.13 0.010678011
-0.2 0.13 0.0149687444
-0.203208251 0.14 -0.059321989
-0.2 0.14 -0.0625302376
-0.2 0.14 -0.0516172923
-0.2 0.133973274 0.000678011047
-0.2 0.14 0.00929506885
-0.2 0.14 0.0115982019
-0.2 0.145453453 -0.079321989
-0.2 0.15 -0.0838685269
-0.2 0.145865593 -0.069321989
-0.2 0.145108109 -0.049321989
-0.203138738 0.15 -0.039321989
-0.2 0.15 -0.0441401852
-0.209234262 0.15 -0.019321989
-0.204359441 0.15 -0.00932198895
-0.2 0.147467079 0.000678011047
-0.2 0.15 -0.00306833638
-0.201815734 0.15 0.000678011047
-0.205605226 0.15 0.010678011
-0.2 0.15 0.0131018506
-0.2 0.154546547 -0.079321989
-0.2 0.16 -0.0718197883
-0.202031884 0.16 -0.049321989
-0.2 0.16 -0.0508635415
-0.2 0.156218643 -0.049321989
-0.2 0.16 -0.0309910382
-0.201038275 0.16 -0.029321989
-0.2 0.150824852 -0.029321989
-0.2 0.16 -0.0281065787
-0.202517295 0.16 0.000678011047
-0.2 0.16 -0.00699182881
-0.2 0.16 0.0126173555
-0.2 0.17 -0.0739536883
-0.20114696 0.17 -0.049321989
-0.2 0.17 -0.0496458568
-0.207122822 0.17 -0.039321989
-0.2 0.162061958 -0.029321989
-0.201974363 0.17 -0.00932198895
-0.2 0.162371216 -0.00932198895
-0.2 0.17 -0.0132849444
-0.2 0.17 -0.00635857953
-0.2 0.163011246 0.000678011047
-0.2 0.165616913 0.010678011
-0.2 0.173721085 -0.059321989
-0.2 0.174631691 -0.069321989
-0.2 0.171214485 -0.00932198895
-0.204856768 0.19 -0.059321989
-0.2 0.182763405 -0.059321989
-0.2 0.19 -0.064178759
-0.204807811 0.19 -0.049321989
-0.2 0.19 -0.052175249
-0.201493092 0.19 -0.039321989
-0.204614944 0.193937454 -0.0527551831
-0.21 0.19289341 -0.049321989
-0.2 0.194856758 -0.059321989
-0.2 0.2 -0.0530882658
-0.203766279 0.2 -0.049321989
-0.2 0.193842354 -0.049321989
-0.2 0.2 -0.0455244197
-0.204338121 0.21 -0.059321989
-0.2 0.205661888 -0.059321989
-0.2 0.21 -0.0636601104
-0.20321085 0.21 -0.029321989
-0.2 0.206623344 -0.029321989
-0.2 0.21 -0.0325328387
-0.204543657 0.21 -0.019321989
-0.2 0.202518997 -0.019321989
-0.202059236 0.21 0.010678011
-0.2 0.204528656 0.010678011
-0.2 0.21 0.00861878024
-0.2 0.21 0.0159655343
-0.202747149 0.22 -0.039321989
-0.2 0.217252846 -0.039321989
-0.2 0.22 -0.0420691384
-0.204310842 0.22 -0.029321989
-0.203024468 0.22 0.000678011047
-0.2 0.216975517 0.000678011047
-0.2 0.22 -0.00234646214
-0.204387069 0.22 0.010678011
-0.2 0.218115501 0.020678011
-0.200509353 0.22 0.020678011
-0.203473997 0.23 -0.049321989
-0.2 0.226525993 -0.049321989
-0.2 0.23 -0.0527959885
-0.204795046 0.23 -0.039321989
-0.2 0.22 -0.0250111474
-0.2 0.224310837 -0.029321989
-0.202601891 0.23 -0.00932198895
-0.2 0.227398109 -0.00932198895
-0.2 0.23 -0.0184261121
-0.20489902 0.23 0.000678011047
-0.204688883 0.23 0.010678011
-0.2 0.23 0.0194448339
-0.2 0.223017578 0.020678011
-0.204050183 0.24 -0.059321989
-0.2 0.235949821 -0.059321989
-0.2 0.24 -0.0633721722
-0.203384504 0.24 -0.019321989
-0.2 0.230633621 -0.019321989
-0.2 0.24 -0.0227064933
-0.204703302 0.24 -0.00932198895
-0.193254104 -0.24 -0.059321989
-0.193027601 -0.24 -0.029321989
-0.197063007 -0.25 -0.039321989
-0.198741622 -0.24 -0.039321989
-0.19 -0.24 0.00748043643
-0.194259267 -0.25 0.010678011
-0.19 -0.25 0.00641873943
-0.197913733 -0.24 0.000678011047
-0.195566454 -0.25 0.000678011047
-0.19541389 -0.23 -0.059321989
-0.192565169 -0.23 -0.049321989
-0.195584517 -0.23 -0.019321989
-0.19520071 -0.24 -0.019321989
-0.193151011 -0.23 -0.00932198895
-0.19 -0.23 0.00888510333
-0.19 -0.231677256 0.020678011
-0.19 -0.24 0.0138755857
-0.195740366 -0.22 -0.069321989
-0.198268776 -0.22 -0.049321989
-0.194315786 -0.22 -0.039321989
-0.193878884 -0.22 -0.029321989
-0.196333714 -0.22 -0.00932198895
-0.193730392 -0.22 0.000678011047
-0.19 -0.22 0.00703125583
-0.196288648 -0.21 -0.059321989
-0.19380023 -0.21 -0.049321989
-0.19 -0.215215256 0.010678011
-0.195545459 -0.21 0.010678011
-0.19 -0.21118252 0.020678011
-0.196649709 -0.21 0.020678011
-0.19 -0.22 0.0231358682
-0.19 -0.203733068 0.020678011
-0.19 -0.2 0.0146361695
-0.19 -0.2 0.0211519109
-0.191792569 -0.19 -0.059321989
-0.19 -0.1980516 0.010678011
-0.19 -0.19 0.0065326749
-0.19 -0.19 0.0233753072
-0.19 -0.183326006 -0.059321989
-0.19 -0.18 -0.0601999272
-0.19 -0.18 -0.0549803723
-0.193835588 -0.18 -0.00932198895
-0.19 -0.181635756 -0.00932198895
-0.19 -0.18 -0.0165172423
-0.191056485 -0.18 0.000678011047
-0.19 -0.182412233 0.000678011047
-0.197817869 -0.18 0.010678011
-0.19 -0.18 0.0236247789
-0.193643084 -0.17 -0.069321989
-0.19 -0.173643084 -0.069321989
-0.19 -0.17 -0.0729650713
-0.193932533 -0.17 -0.049321989
-0.19 -0.17 -0.0502653541
-0.19 -0.175075984 -0.039321989
-0.19 -0.17 -0.0454201402
-0.191780839 -0.17 -0.039321989
-0.19 -0.17587224 -0.029321989
-0.191947346 -0.17 -0.019321989
-0.19 -0.179078383 -0.019321989
-0.193050642 -0.17 -0.00932198895
-0.194232793 -0.17 0.000678011047
-0.1957476 -0.17 0.010678011
-0.19 -0.17 0.0245093118
-0.194947376 -0.16 -0.069321989
-0.19 -0.16 -0.0742693652
-0.19100812 -0.16 -0.059321989
-0.19 -0.16 -0.0598350777
-0.19 -0.161624155 -0.059321989
-0.199266977 -0.16 -0.049321989
-0.19 -0.163149567 -0.039321989
-0.19 -0.162736082 -0.029321989
-0.191077237 -0.16 -0.019321989
-0.19 -0.16 -0.0235328902
-0.191026177 -0.16 -0.00932198895
-0.191925845 -0.16 0.000678011047
-0.196283326 -0.16 0.010678011
-0.19 -0.16 0.0242224656
-0.191080995 -0.153585539 -0.0599826993
-0.195497346 -0.15 -0.069321989
-0.19 -0.15 -0.0595896448
-0.19 -0.153418102 -0.059321989
-0.19 -0.155052624 -0.069321989
-0.19 -0.15 -0.054585699
-0.190652719 -0.15 -0.029321989
-0.19 -0.154383402 -0.029321989
-0.19 -0.15 -0.038691038
-0.191635432 -0.15 -0.019321989
-0.193835998 -0.15 -0.00932198895
-0.192115741 -0.15 0.000678011047
-0.196119623 -0.15 0.010678011
-0.19 -0.15 0.0243560563
-0.19 -0.14 -0.061080264
-0.196009617 -0.14 -0.069321989
-0.19 -0.146272774 -0.049321989
-0.192822561 -0.14 -0.049321989
-0.190705333 -0.14 -0.039321989
-0.19 -0.149224424 -0.039321989
-0.194174962 -0.14 -0.029321989
-0.194732127 -0.14 -0.019321989
-0.1940201 -0.14 -0.00932198895
-0.196656499 -0.14 0.000678011047
-0.197994528 -0.14 0.010678011
-0.19 -0.14 0.0244314347
-0.19 -0.13 -0.0616134728
-0.195081892 -0.13 -0.069321989
-0.19724122 -0.13 -0.049321989
-0.193775706 -0.13 -0.039321989
-0.193246951 -0.13 -0.029321989
-0.195275836 -0.13 -0.019321989
-0.194608603 -0.13 -0.00932198895
-0.194916439 -0.13 0.000678011047
-0.19 -0.13 0.0248464643
-0.19 -0.12 -0.0602298225
-0.195001454 -0.12 -0.069321989
-0.193725672 -0.12 -0.049321989
-0.194226093 -0.12 -0.039321989
-0.195658212 -0.12 -0.029321989
-0.195016217 -0.12 -0.019321989
-0.196929355 -0.12 -0.00932198895
-0.19641994 -0.12 0.000678011047
-0.19 -0.12 0.0253119146
-0.19 -0.11 -0.0618877758
-0.195481172 -0.11 -0.049321989
-0.196054997 -0.11 -0.039321989
-0.19702908 -0.11 -0.029321989
-0.195516119 -0.11 -0.019321989
-0.198788295 -0.11 -0.00932198895
-0.198503537 -0.11 0.000678011047
-0.19 -0.11 0.0253324853
-0.19 -0.1 -0.0616253318
-0.199427614 -0.1 -0.049321989
-0.194448552 -0.1 -0.039321989
-0.198882537 -0.1 -0.029321989
-0.196848044 -0.1 -0.019321989
-0.196503944 -0.1 -0.00932198895
-0.19 -0.1 0.0254804574
-0.19 -0.09 -0.0621738209
-0.195247002 -0.09 -0.069321989
-0.195427842 -0.09 -0.029321989
-0.199201927 -0.09 -0.019321989
-0.199505243 -0.09 0.000678011047
-0.19 -0.09 0.0260013162
-0.19 -0.08 -0.0626099934
-0.19362505 -0.08 -0.049321989
-0.197271338 -0.08 -0.039321989
-0.198128524 -0.08 -0.019321989
-0.197648802 -0.08 -0.00932198895
-0.19 -0.08 0.0263905011
-0.19 -0.07 -0.0623328031
-0.197426319 -0.07 -0.039321989
-0.196532497 -0.07 -0.029321989
-0.199558244 -0.07 -0.019321989
-0.197762804 -0.07 0.000678011047
-0.19 -0.07 0.0263475572
-0.19 -0.06 -0.0627620973
-0.194682293 -0.06 -0.049321989
-0.197644801 -0.06 -0.039321989
-0.196653256 -0.06 -0.019321989
-0.19 -0.06 0.0265261041
-0.19 -0.05 -0.0621506466
-0.195024242 -0.05 -0.069321989
-0.198597722 -0.05 -0.039321989
-0.197411361 -0.05 -0.029321989
-0.198932128 -0.05 0.000678011047
-0.19 -0.05 0.0263452016
-0.19 -0.04 -0.0619917787
-0.195267239 -0.04 -0.049321989
-0.199384832 -0.04 -0.039321989
-0.196976113 -0.04 -0.019321989
-0.19 -0.04 0.0264587365
-0.19 -0.03 -0.0625345672
-0.195451789 -0.03 -0.069321989
-0.197008247 -0.03 -0.029321989
-0.198296261 -0.03 0.000678011047
-0.19 -0.03 0.0262339936
-0.19 -0.02 -0.0623519791
-0.195503454 -0.02 -0.049321989
-0.199017415 -0.02 -0.039321989
-0.199705276 -0.02 -0.00932198895
-0.19 -0.02 0.0267448293
-0.19 -0.01 -0.0623457302
-0.198932619 -0.01 -0.039321989
-0.197043467 -0.01 -0.029321989
-0.198491693 -0.01 0.000678011047
-0.19 -0.01 0.0262561856
-0.19 0 -0.0622982873
-0.197887111 0 -0.039321989
-0.199775128 0 -0.019321989
-0.197902169 0 -0.00932198895
-0.19 0 0.025992962
-0.19 0.01 -0.0623271693
-0.19843513 0.01 -0.039321989
-0.199556079 0.01 -0.029321989
-0.19 0.01 0.0263414823
-0.19 0.02 -0.0626146664
-0.19522903 0.02 -0.069321989
-0.199438896 0.02 -0.029321989
-0.199056559 0.02 -0.019321989
-0.19 0.02 0.0261012422
-0.19 0.03 -0.0624731029
-0.198241124 0.03 -0.029321989
-0.19 0.03 0.0256292974
-0.19 0.04 -0.0622840418
-0.195928659 0.04 -0.069321989
-0.197516594 0.04 -0.049321989
-0.197317028 0.04 -0.039321989
-0.199705071 0.04 -0.00932198895
-0.19 0.04 0.025916525
-0.19 0.05 -0.0623897733
-0.195279655 0.05 -0.069321989
-0.196950302 0.05 -0.029321989
-0.198901391 0.05 -0.019321989
-0.19 0.05 0.0252809011
-0.19 0.06 -0.062385353
-0.196423521 0.06 -0.039321989
-0.198189726 0.06 -0.029321989
-0.198447843 0.06 -0.00932198895
-0.19 0.06 0.025013939
-0.19 0.07 -0.0622457708
-0.196102009 0.07 -0.069321989
-0.197357874 0.07 -0.049321989
-0.197341757 0.07 -0.039321989
-0.197077918 0.07 -0.019321989
-0.198193502 0.07 -0.00932198895
-0.19 0.07 0.0246164285
-0.19 0.08 -0.0618251528
-0.195527105 0.08 -0.069321989
-0.198185849 0.08 -0.049321989
-0.195941892 0.08 -0.029321989
-0.198305407 0.08 -0.019321989
-0.19 0.08 0.0240374051
-0.19 0.09 -0.0617214931
-0.194964104 0.09 -0.039321989
-0.197323823 0.09 -0.029321989
-0.196606612 0.09 -0.00932198895
-0.198208861 0.09 0.000678011047
-0.19 0.09 0.0238285123
-0.19 0.1 -0.0619213404
-0.195031075 0.1 -0.069321989
-0.19974678 0.1 -0.049321989
-0.19564311 0.1 -0.039321989
-0.198875084 0.1 -0.029321989
-0.196722856 0.1 -0.019321989
-0.197949181 0.1 -0.00932198895
-0.19834547 0.1 0.020678011
-0.19 0.1 0.0236655484
-0.19 0.11 -0.0615929712
-0.196639566 0.11 -0.069321989
-0.197603469 0.11 -0.049321989
-0.19362011 0.11 -0.039321989
-0.194727297 0.11 -0.029321989
-0.196006527 0.11 -0.019321989
-0.198364058 0.11 -0.00932198895
-0.197195411 0.11 0.000678011047
-0.196454239 0.11 0.020678011
-0.19 0.11 0.0228219949
-0.19 0.12 -0.0617396082
-0.196133614 0.12 -0.069321989
-0.194193058 0.12 -0.049321989
-0.19293098 0.12 -0.039321989
-0.194397821 0.12 -0.029321989
-0.197053065 0.12 -0.019321989
-0.195864773 0.12 -0.00932198895
-0.199212327 0.12 0.000678011047
-0.19473959 0.12 0.020678011
-0.19 0.12 0.0222035848
-0.19 0.13 -0.0608547915
-0.198324199 0.13 -0.049321989
-0.192192955 0.13 -0.039321989
-0.192167425 0.13 -0.029321989
-0.193238821 0.13 -0.019321989
-0.195930638 0.13 -0.00932198895
-0.193382101 0.13 0.020678011
-0.19 0.13 0.0217969953
-0.19 0.14 -0.0613732876
-0.192091527 0.14 -0.049321989
-0.190427809 0.14 -0.039321989
-0.190807858 0.14 -0.029321989
-0.192693696 0.14 -0.019321989
-0.193996134 0.14 -0.00932198895
-0.196080356 0.14 0.000678011047
-0.19 0.14 0.020496174
-0.19 0.139206963 0.020678011
-0.19 0.145615997 -0.079321989
-0.19 0.15 -0.0837060053
-0.19 0.145608025 -0.069321989
-0.195238171 0.15 -0.039321989
-0.199779887 0.15 -0.029321989
-0.194246421 0.15 -0.019321989
-0.197974215 0.15 -0.00932198895
-0.19 0.14643837 0.020678011
-0.190166426 0.15 0.020678011
-0.19 0.15 0.0207406388
-0.19 0.154384003 -0.079321989
-0.19 0.16 -0.0725820447
-0.196131186 0.16 -0.049321989
-0.19482265 0.16 -0.039321989
-0.194752436 0.16 -0.019321989
-0.199293389 0.16 -0.00932198895
-0.19 0.16 0.0188636457
-0.19 0.15054081 0.020678011
-0.19 0.17 -0.0737619759
-0.19311841 0.17 -0.049321989
-0.191495667 0.17 -0.039321989
-0.193512383 0.17 -0.029321989
-0.194475517 0.17 -0.019321989
-0.194210911 0.17 0.000678011047
-0.19860568 0.17 0.010678011
-0.19 0.17 0.0175766622
-0.19 0.178586464 -0.059321989
-0.19 0.174440002 -0.069321989
-0.19 0.170111694 -0.049321989
-0.19 0.171411018 -0.039321989
-0.19 0.172179184 -0.029321989
-0.19 0.17249958 -0.019321989
-0.19 0.173766823 -0.00932198895
-0.19 0.173535805 0.000678011047
-0.19 0.177387123 0.010678011
-0.19 0.182307968 -0.059321989
-0.19 0.19 -0.060369357
-0.19 0.19 -0.0560906686
-0.19 0.195504303 -0.059321989
-0.194637713 0.2 -0.049321989
-0.190605397 0.21 -0.059321989
-0.2 0.203766289 -0.049321989
-0.2 0.21 -0.0549838675
-0.193500843 0.21 -0.029321989
-0.193839903 0.21 -0.019321989
-0.2 0.21 -0.0147783317
-0.19 0.20601841 0.010678011
-0.19 0.21 0.0043366109
-0.19 0.21 0.0154028855
-0.2 0.214338112 -0.059321989
-0.194342279 0.22 -0.039321989
-0.192192597 0.22 -0.029321989
-0.2 0.214543648 -0.019321989
-0.192911401 0.22 0.000678011047
-0.19 0.214936638 0.010678011
-0.193348999 0.22 0.010678011
-0.198853416 0.22 0.020678011
-0.192393608 0.23 -0.049321989
-0.2 0.23 -0.0345269431
-0.195204954 0.23 -0.039321989
-0.194704537 0.23 -0.00932198895
-0.194479222 0.23 0.020678011
-0.19 0.228044205 0.020678011
-0.19 0.23 0.0197626744
-0.195311117 0.23 0.010678011
-0.194847398 0.24 0.010678011
-0.19 0.235152588 0.010678011
-0.19 0.24 0.00583061801
-0.19510098 0.23 0.000678011047
-0.2 0.234688873 0.010678011
-0.2 0.234899025 0.000678011047
-0.183085165 -0.24 -0.069321989
-0.183286214 -0.25 -0.069321989
-0.18 -0.25 -0.072608204
-0.18 -0.24 -0.072407154
-0.183570309 -0.25 -0.059321989
-0.187092986 -0.24 -0.059321989
-0.183081326 -0.25 -0.049321989
-0.184001865 -0.24 -0.049321989
-0.183344564 -0.25 -0.039321989
-0.183145561 -0.24 -0.039321989
-0.183569136 -0.25 -0.029321989
-0.18718204 -0.24 -0.029321989
-0.183017836 -0.25 -0.019321989
-0.183929114 -0.24 -0.019321989
-0.18322711 -0.25 -0.00932198895
-0.183020086 -0.24 -0.00932198895
-0.183404889 -0.25 0.000678011047
-0.183579249 -0.24 0.000678011047
-0.18 -0.244713041 0.020678011
-0.184713039 -0.24 0.020678011
-0.18 -0.25 0.0134855996
-0.19 -0.25 0.0149372827
-0.184331226 -0.23 -0.069321989
-0.18 -0.23 -0.0736532165
-0.183343711 -0.23 -0.059321989
-0.187336817 -0.23 -0.049321989
-0.18339169 -0.23 -0.039321989
-0.186667285 -0.23 -0.029321989
-0.18549623 -0.23 -0.019321989
-0.186473274 -0.23 -0.00932198895
-0.18626895 -0.23 0.000678011047
-0.182111011 -0.22 -0.069321989
-0.18 -0.22 -0.0714330007
-0.183028932 -0.22 -0.059321989
-0.182573023 -0.22 -0.049321989
-0.18393539 -0.22 -0.039321989
-0.183344731 -0.22 -0.029321989
-0.18488915 -0.22 -0.019321989
-0.183777514 -0.22 -0.00932198895
-0.182599206 -0.22 0.000678011047
-0.19 -0.23 0.0223552667
-0.18 -0.23 0.0230305921
-0.18 -0.22 0.0229375993
-0.183966122 -0.21 -0.069321989
-0.18 -0.21 -0.0732881118
-0.18036582 -0.21 -0.059321989
-0.182006021 -0.21 -0.049321989
-0.18 -0.21 -0.0462475003
-0.18 -0.215778327 -0.039321989
-0.18 -0.215157871 -0.029321989
-0.18 -0.216219277 -0.019321989
-0.18 -0.215116417 -0.00932198895
-0.18 -0.216608453 0.000678011047
-0.182847929 -0.21 0.010678011
-0.18 -0.21 0.00800912486
-0.18 -0.21 0.0187651406
-0.18 -0.210691514 0.020678011
-0.183750677 -0.2 -0.069321989
-0.18 -0.2 -0.0730726649
-0.186275415 -0.2 -0.059321989
-0.181200571 -0.2 -0.049321989
-0.18 -0.2 -0.0428839339
-0.180950389 -0.2 -0.019321989
-0.18 -0.201249208 -0.019321989
-0.18 -0.2 -0.0265151919
-0.180901675 -0.2 -0.00932198895
-0.18 -0.201218991 -0.00932198895
-0.182428699 -0.2 0.000678011047
-0.18 -0.202815571 0.000678011047
-0.18910243 -0.2 0.010678011
-0.18 -0.208027172 0.020678011
-0.18 -0.2 0.0224922429
-0.184405951 -0.19 -0.069321989
-0.18 -0.19 -0.0737279428
-0.184935827 -0.19 -0.059321989
-0.184504747 -0.19 -0.049321989
-0.18 -0.198557014 -0.039321989
-0.184631262 -0.19 -0.039321989
-0.185786538 -0.19 -0.029321989
-0.18 -0.199378958 -0.029321989
-0.186380477 -0.19 -0.019321989
-0.187198353 -0.19 -0.00932198895
-0.187501469 -0.19 0.000678011047
-0.18 -0.19 0.0233905278
-0.18432982 -0.18 -0.069321989
-0.18 -0.18 -0.0736518062
-0.187719407 -0.18 -0.049321989
-0.189061561 -0.18 -0.039321989
-0.188463755 -0.18 -0.029321989
-0.189768348 -0.18 -0.019321989
-0.18 -0.18 0.0245828878
-0.18456912 -0.17 -0.079321989
-0.18 -0.17456912 -0.079321989
-0.18 -0.17 -0.0838911106
-0.189378409 -0.17 -0.049321989
-0.18 -0.17 0.0248707257
-0.18 -0.16543088 -0.079321989
-0.18 -0.16 -0.0733087124
-0.18905407 -0.16 -0.059321989
-0.188754077 -0.16 -0.049321989
-0.189549303 -0.16 -0.039321989
-0.189271603 -0.16 -0.029321989
-0.18 -0.16 0.024874569
-0.184734478 -0.15 -0.069321989
-0.18 -0.15 -0.0740564669
-0.189404669 -0.15 -0.049321989
-0.189959702 -0.15 -0.039321989
-0.18 -0.15 0.0250968515
-0.184962182 -0.14 -0.069321989
-0.18 -0.14 -0.0742841722
-0.18 -0.14 0.0253569947
-0.184274635 -0.13 -0.069321989
-0.18 -0.13 -0.0735966243
-0.18 -0.13 0.0255978166
-0.18 -0.125725365 -0.069321989
-0.18 -0.12 -0.0628251065
-0.18 -0.12 0.0258071481
-0.184863343 -0.11 -0.069321989
-0.18 -0.114863338 -0.069321989
-0.18 -0.11 -0.0741853322
-0.18 -0.11 0.0265843068
-0.183275385 -0.1 -0.069321989
-0.18 -0.1 -0.0725973727
-0.18 -0.1 0.026373459
-0.184921937 -0.09 -0.069321989
-0.18 -0.09 -0.0742439271
-0.18 -0.09 0.0261231481
-0.18 -0.0850780678 -0.069321989
-0.18 -0.08 -0.0629580773
-0.18 -0.08 0.02723518
-0.18 -0.07 -0.0631259836
-0.18 -0.07 0.0273039495
-0.18405241 -0.06 -0.069321989
-0.18 -0.0640524101 -0.069321989
-0.18 -0.06 -0.0733744003
-0.18 -0.06 0.0269290029
-0.18 -0.0559475899 -0.069321989
-0.18 -0.05 -0.063265859
-0.18 -0.05 0.0273405229
-0.18 -0.04 -0.0633461799
-0.18 -0.04 0.0272865926
-0.18 -0.03 -0.0633342351
-0.18 -0.03 0.0272354661
-0.18 -0.02 -0.0634574212
-0.18 -0.02 0.0268680726
-0.18 -0.01 -0.0634829058
-0.18 -0.01 0.0269173108
-0.18 0 -0.0634906973
-0.18 0 0.0270697366
-0.18 0.01 -0.0634160198
-0.18 0.01 0.0268956624
-0.18 0.02 -0.0633902325
-0.18 0.02 0.0268347417
-0.18 0.03 -0.0634274234
-0.18 0.03 0.0264975797
-0.18 0.04 -0.0632765139
-0.18 0.04 0.0261187421
-0.18 0.05 -0.0631920446
-0.18 0.05 0.0261338674
-0.18 0.06 -0.0631772007
-0.18 0.06 0.0258255826
-0.18 0.07 -0.0631540312
-0.18 0.07 0.0257439958
-0.18 0.08 -0.062903706
-0.18 0.08 0.0252015363
-0.18 0.09 -0.0628399695
-0.18 0.09 0.0247399961
-0.18 0.1 -0.0625143637
-0.18 0.1 0.024348694
-0.183622966 0.11 -0.069321989
-0.18 0.106377029 -0.069321989
-0.18 0.11 -0.0729449524
-0.18 0.11 0.0239436303
-0.184752402 0.12 -0.069321989
-0.18 0.12 -0.0740743901
-0.18 0.12 0.0234225808
-0.184267082 0.13 -0.069321989
-0.18 0.13 -0.0735890688
-0.18 0.13 0.0228175031
-0.184676018 0.14 -0.069321989
-0.18 0.14 -0.0739980043
-0.189520564 0.14 0.020678011
-0.18 0.14 0.0224978219
-0.18 0.145389099 -0.079321989
-0.18 0.15 -0.0839328976
-0.18 0.15 0.0216688501
-0.18 0.154610901 -0.079321989
-0.18 0.16 -0.0734198023
-0.18 0.16 0.0206566201
-0.18 0.159819031 0.020678011
-0.184950557 0.17 -0.079321989
-0.18 0.165049438 -0.079321989
-0.18 0.17 -0.0842725439
-0.18 0.17 0.0199549256
-0.184613862 0.18 -0.069321989
-0.18 0.174950562 -0.079321989
-0.18 0.18 -0.0739358522
-0.188715029 0.18 -0.059321989
-0.180061288 0.18 -0.049321989
-0.181960874 0.18 -0.039321989
-0.182000985 0.18 -0.029321989
-0.182745667 0.18 -0.019321989
-0.183972063 0.18 -0.00932198895
-0.184355426 0.18 0.000678011047
-0.186938658 0.18 0.010678011
-0.18 0.18 0.0173678075
-0.184750795 0.19 -0.069321989
-0.18 0.19 -0.0740727843
-0.18 0.180156631 -0.049321989
-0.18 0.19 -0.0544917048
-0.18 0.187661858 -0.039321989
-0.18 0.1821138 -0.029321989
-0.18 0.184045563 -0.019321989
-0.18 0.19 -0.0132358827
-0.181352582 0.19 -0.00932198895
-0.18 0.19 -0.00555506123
-0.18 0.185260468 0.000678011047
-0.18 0.19 0.00528114902
-0.183590007 0.19 0.010678011
-0.18 0.19 0.0143903695
-0.184723964 0.2 -0.079321989
-0.18 0.195276031 -0.079321989
-0.18 0.2 -0.0840459545
-0.184932318 0.2 -0.069321989
-0.184798565 0.2 -0.059321989
-0.18 0.194437332 -0.049321989
-0.182105913 0.2 -0.049321989
-0.18145247 0.2 -0.039321989
-0.18 0.191564713 -0.039321989
-0.18 0.2 -0.0365771474
-0.18 0.192502213 -0.00932198895
-0.18 0.195975418 0.010678011
-0.184869003 0.21 -0.079321989
-0.18 0.21 -0.084190994
-0.18430295 0.21 -0.069321989
-0.188443055 0.21 -0.059321989
-0.184016657 0.21 -0.049321989
-0.18369873 0.21 -0.039321989
-0.18 0.204890137 -0.029321989
-0.18531631 0.21 -0.029321989
-0.182690592 0.21 -0.019321989
-0.18 0.205438728 -0.019321989
-0.184218659 0.21 -0.00932198895
-0.18 0.205186768 -0.00932198895
-0.184599233 0.21 0.000678011047
-0.18 0.205040398 0.000678011047
-0.18071229 0.21 0.010678011
-0.18 0.21 0.00932781802
-0.18 0.214869003 -0.079321989
-0.18 0.22 -0.0737806345
-0.184458647 0.22 -0.069321989
-0.187492867 0.22 -0.059321989
-0.184075885 0.22 -0.049321989
-0.18438549 0.22 -0.039321989
-0.183860626 0.22 -0.029321989
-0.185956521 0.22 -0.019321989
-0.186887617 0.22 -0.00932198895
-0.187900567 0.22 0.000678011047
-0.18 0.212244682 0.010678011
-0.182052989 0.22 0.010678011
-0.18 0.219033661 0.020678011
-0.18079546 0.22 0.020678011
-0.184335628 0.23 -0.079321989
-0.18 0.225664368 -0.079321989
-0.18 0.23 -0.0836576183
-0.184598837 0.23 -0.069321989
-0.183944688 0.23 -0.059321989
-0.188132882 0.23 -0.049321989
-0.184450555 0.23 -0.039321989
-0.188032169 0.23 -0.029321989
-0.184349399 0.23 -0.019321989
-0.186413221 0.23 -0.00932198895
-0.183802791 0.23 0.000678011047
-0.18 0.23 0.010187584
-0.18 0.227626228 0.010678011
-0.18 0.234335632 -0.079321989
-0.18 0.24 -0.0731039692
-0.183781981 0.24 -0.069321989
-0.184096522 0.24 -0.059321989
-0.184361377 0.24 -0.049321989
-0.18361939 0.24 -0.039321989
-0.183899488 0.24 -0.029321989
-0.183507452 0.24 -0.019321989
-0.183757668 0.24 -0.00932198895
-0.183969131 0.24 0.000678011047
-0.18 0.231896019 0.010678011
-0.176713786 -0.25 -0.069321989
-0.17 -0.242146119 -0.069321989
-0.17 -0.24 -0.071468109
-0.176429691 -0.25 -0.059321989
-0.17 -0.242322584 -0.059321989
-0.176918674 -0.25 -0.049321989
-0.17 -0.241777362 -0.049321989
-0.176655436 -0.25 -0.039321989
-0.17 -0.242462894 -0.039321989
-0.17 -0.24 0.00686462032
-0.176595111 -0.25 0.000678011047
-0.17 -0.25 0.00666601764
-0.176420751 -0.24 0.000678011047
-0.172683873 -0.23 -0.079321989
-0.17 -0.232683873 -0.079321989
-0.17 -0.23 -0.0820058615
-0.176240239 -0.24 -0.029321989
-0.17 -0.231994787 -0.029321989
-0.17 -0.24 -0.0368590964
-0.176070886 -0.24 -0.019321989
-0.17 -0.232568878 -0.019321989
-0.176979914 -0.24 -0.00932198895
-0.17 -0.231975099 -0.00932198895
-0.17 -0.232478468 0.000678011047
-0.175286961 -0.24 0.020678011
-0.17 -0.232623422 0.020678011
-0.17 -0.24 0.0144914018
-0.17 -0.227316127 -0.079321989
-0.17 -0.22 -0.0716254236
-0.17 -0.23 0.0233014356
-0.17 -0.22 0.0209171449
-0.17 -0.21 -0.0726969625
-0.17 -0.21 -0.041335677
-0.17 -0.211837788 -0.039321989
-0.17 -0.21500386 -0.029321989
-0.17 -0.21397819 -0.019321989
-0.17 -0.213940368 -0.00932198895
-0.17 -0.212913127 0.000678011047
-0.17 -0.21 0.00514502154
-0.173358598 -0.21 0.020678011
-0.17 -0.21 0.0208958112
-0.17 -0.2 -0.0727147318
-0.17 -0.205048857 -0.039321989
-0.177005324 -0.2 -0.039321989
-0.17900209 -0.2 -0.029321989
-0.17 -0.203342104 -0.029321989
-0.17 -0.20497489 -0.019321989
-0.17 -0.204546833 -0.00932198895
-0.17 -0.206404519 0.000678011047
-0.17 -0.2 0.0230866014
-0.17 -0.19 -0.0729991294
-0.17 -0.19 0.0246417009
-0.17 -0.18 -0.07359401
-0.17 -0.18 0.0245994817
-0.17 -0.17 -0.0735005189
-0.17543088 -0.17 -0.079321989
-0.17 -0.17 0.0250938188
-0.17 -0.16 -0.0735981871
-0.17 -0.16 0.025092331
-0.17 -0.15 -0.0739260615
-0.17 -0.15 0.0254109727
-0.17 -0.14 -0.0737529875
-0.17 -0.14 0.0253725682
-0.17 -0.13 -0.0739489902
-0.17 -0.13 0.02606135
-0.174631276 -0.12 -0.069321989
-0.17 -0.12 -0.0739532651
-0.17 -0.12 0.0262425958
-0.17 -0.11 -0.0739881553
-0.17 -0.11 0.0266889535
-0.17 -0.1 -0.073873135
-0.17 -0.105063 0.000678011047
-0.17 -0.1 0.00611069308
-0.175915618 -0.1 0.000678011047
-0.17 -0.1 0.0269486581
-0.17 -0.09 -0.0741662194
-0.17 -0.09 0.00626973735
-0.175785141 -0.09 0.000678011047
-0.17 -0.09 0.0271196138
-0.174820805 -0.08 -0.069321989
-0.17 -0.08 -0.0741427935
-0.17 -0.08 0.00595519649
-0.175717344 -0.08 0.000678011047
-0.17 -0.08 0.0270430146
-0.174908075 -0.07 -0.069321989
-0.17 -0.07 -0.0742300643
-0.17 -0.07 0.00572370158
-0.17559854 -0.07 0.000678011047
-0.17 -0.07 0.0274751435
-0.17 -0.06 -0.0743043937
-0.17 -0.06 0.0058262025
-0.175487418 -0.06 0.000678011047
-0.17 -0.06 0.0279859315
-0.17 -0.05 0.00574211703
-0.175339398 -0.05 0.000678011047
-0.17 -0.05 0.0274459802
-0.17 -0.04 0.00593586551
-0.175391755 -0.04 0.000678011047
-0.17 -0.04 0.0279074155
-0.17 -0.0352578545 0.010678011
-0.17 -0.03 0.0170234929
-0.175215044 -0.03 0.010678011
-0.17 -0.03 0.0275910722
-0.17 -0.02 0.0172007428
-0.175190415 -0.02 0.010678011
-0.17 -0.02 0.0274318181
-0.17 -0.01 0.0057786523
-0.17 -0.0148993492 0.010678011
-0.175275836 -0.01 0.000678011047
-0.175243969 -0.02 0.000678011047
-0.17 -0.01 0.0280992948
-0.17 0 0.00583828555
-0.175271692 0 0.000678011047
-0.17 0 0.0277766
-0.17 0.01 0.00580256091
-0.175281386 0.01 0.000678011047
-0.17 0.01 0.0274379502
-0.17 0.02 0.00578125583
-0.175463014 0.02 0.000678011047
-0.17 0.02 0.0273540174
-0.17 0.03 0.00593964206
-0.175337663 0.03 0.000678011047
-0.17 0.03 0.0270393907
-0.17 0.04 0.00580860721
-0.17532896 0.04 0.000678011047
-0.17 0.04 0.0269618856
-0.17493165 0.05 -0.069321989
-0.17 0.0450683594 -0.069321989
-0.17 0.05 -0.0742536379
-0.17 0.05 0.00593068706
-0.175457978 0.05 0.000678011047
-0.17 0.05 0.0269362508
-0.174875507 0.06 -0.069321989
-0.17 0.06 -0.0741974963
-0.17 0.06 0.00582379924
-0.175544629 0.06 0.000678011047
-0.17 0.06 0.0263948213
-0.174807496 0.07 -0.069321989
-0.17 0.07 -0.0741294862
-0.176144786 0.06 -0.059321989
-0.17 0.0650453949 -0.059321989
-0.17 0.06 -0.0644464816
-0.176142788 0.06 -0.049321989
-0.17 0.0650673866 -0.049321989
-0.17 0.07 0.00592411624
-0.175586867 0.07 0.000678011047
-0.17 0.07 0.0263687574
-0.174802818 0.08 -0.069321989
-0.17 0.08 -0.0741248084
-0.176018443 0.07 -0.039321989
-0.17 0.0750143051 -0.039321989
-0.17 0.07 -0.0443893851
-0.17 0.08 0.00595698939
-0.175758414 0.08 0.000678011047
-0.17 0.08 0.026019436
-0.1747995 0.09 -0.069321989
-0.17 0.09 -0.0741214908
-0.176034007 0.08 -0.029321989
-0.17 0.0850115585 -0.029321989
-0.17 0.08 -0.0343362988
-0.175925417 0.08 -0.019321989
-0.17 0.0850623322 -0.019321989
-0.17 0.09 0.0060097848
-0.175916896 0.09 0.000678011047
-0.17 0.09 0.0252010213
-0.17467155 0.1 -0.069321989
-0.17 0.1 -0.0739935411
-0.175987554 0.09 -0.00932198895
-0.17 0.0950671768 -0.00932198895
-0.17 0.09 -0.0143843211
-0.17 0.0950295258 0.000678011047
-0.17 0.1 0.0249028169
-0.17 0.11 -0.0738563372
-0.17 0.11 0.0243822442
-0.17 0.12 -0.0738886465
-0.17 0.12 0.0238694154
-0.17 0.13 -0.0738374902
-0.17 0.13 0.0237616502
-0.17 0.14 -0.0735448815
-0.17 0.14 0.0228201161
-0.17 0.145126114 -0.079321989
-0.17 0.15 -0.0841958757
-0.17 0.15 0.022293068
-0.17 0.154873886 -0.079321989
-0.17 0.16 -0.0732155098
-0.17980001 0.16 0.020678011
-0.17 0.16 0.0214637529
-0.17 0.17 -0.0734735979
-0.175049443 0.17 -0.079321989
-0.17 0.17 0.0204818307
-0.17 0.168281059 0.020678011
-0.17 0.18 -0.0729847289
-0.17 0.18 0.0194199716
-0.17 0.19 -0.0722218181
-0.172935491 0.19 -0.049321989
-0.17 0.19 -0.0467078627
-0.17 0.185468063 -0.039321989
-0.17 0.18889492 -0.029321989
-0.17 0.18567028 -0.019321989
-0.17 0.186086044 -0.00932198895
-0.176734929 0.19 -0.00932198895
-0.17 0.19 -0.00453183545
-0.175755191 0.19 0.000678011047
-0.17 0.19 0.0138238202
-0.17 0.2 -0.0718856479
-0.175276036 0.2 -0.079321989
-0.17 0.193249359 -0.039321989
-0.17 0.2 -0.034145378
-0.171890712 0.2 0.000678011047
-0.17 0.2 -0.00115636243
-0.173996458 0.2 0.010678011
-0.17 0.2 0.0123150979
-0.17 0.21 -0.0713402201
-0.175130997 0.21 -0.079321989
-0.17 0.204908638 -0.029321989
-0.17 0.204380875 -0.019321989
-0.17 0.204540901 -0.00932198895
-0.178275342 0.21 0.010678011
-0.17 0.21 0.0144919358
-0.17 0.22 -0.0712626184
-0.17 0.215133553 0.020678011
-0.17 0.23 -0.0711637999
-0.175664372 0.23 -0.079321989
-0.17 0.221828232 -0.00932198895
-0.17 0.23 -0.0042425002
-0.176415739 0.23 -0.00932198895
-0.179031086 0.23 0.010678011
-0.17 0.24 -0.00400768651
-0.176242332 0.24 -0.00932198895
-0.164539528 -0.24 -0.079321989
-0.164190416 -0.25 -0.079321989
-0.16 -0.25 -0.0835124053
-0.16 -0.24 -0.0838615216
-0.164583263 -0.25 -0.069321989
-0.164317417 -0.25 -0.059321989
-0.16438736 -0.25 -0.049321989
-0.16 -0.244738725 -0.039321989
-0.16 -0.25 -0.0449346341
-0.164460678 -0.24 -0.029321989
-0.16 -0.244460673 -0.029321989
-0.16472517 -0.24 -0.019321989
-0.16 -0.244725168 -0.019321989
-0.164424086 -0.24 -0.00932198895
-0.16 -0.244424089 -0.00932198895
-0.163462553 -0.24 0.000678011047
-0.16 -0.243462555 0.000678011047
-0.16 -0.25 0.00639840709
-0.16 -0.23 -0.0842004253
-0.16 -0.232012386 0.020678011
-0.16 -0.24 0.0147461473
-0.164896965 -0.22 -0.079321989
-0.16 -0.22 -0.0842189558
-0.16 -0.23 0.0226903974
-0.16 -0.22 0.022902094
-0.16 -0.215103033 -0.079321989
-0.16 -0.21 -0.072894168
-0.168835821 -0.21 -0.039321989
-0.16 -0.21 -0.0329485787
-0.16 -0.213786728 -0.029321989
-0.16 -0.212443531 -0.019321989
-0.16 -0.212628503 -0.00932198895
-0.161474409 -0.21 0.000678011047
-0.16 -0.21 -0.000132583512
-0.16 -0.21 0.0211857473
-0.16 -0.2 -0.0732241691
-0.16 -0.202951074 -0.029321989
-0.16 -0.205091081 -0.019321989
-0.16 -0.203699913 -0.00932198895
-0.16 -0.2 0.0234516488
-0.16 -0.19 -0.0735095264
-0.16 -0.19 0.0241430246
-0.164792175 -0.18 -0.079321989
-0.16 -0.184792175 -0.079321989
-0.16 -0.18 -0.0841141642
-0.16 -0.18 0.0249827157
-0.16 -0.175207825 -0.079321989
-0.16 -0.17 -0.0739752211
-0.16 -0.175670543 0.000678011047
-0.16 -0.17 0.00614065753
-0.165514059 -0.17 0.000678011047
-0.16 -0.17 0.0252759706
-0.16 -0.16 -0.0741661896
-0.16 -0.165349045 -0.059321989
-0.16 -0.16 -0.0543038
-0.165767279 -0.16 -0.059321989
-0.16 -0.16 0.00633023845
-0.165686293 -0.16 0.000678011047
-0.16 -0.16 0.0256266366
-0.16 -0.15 0.0061952077
-0.165596151 -0.15 0.000678011047
-0.16 -0.15 0.0256558763
-0.16 -0.14 0.00598984347
-0.165355186 -0.14 0.000678011047
-0.16 -0.14 0.0260866986
-0.16 -0.13 0.00605903255
-0.165195608 -0.13 0.000678011047
-0.16 -0.13 0.0263112794
-0.16 -0.12 0.00598550426
-0.165246401 -0.12 0.000678011047
-0.16 -0.12 0.0269222699
-0.16 -0.11 0.00584181415
-0.165063 -0.11 0.000678011047
-0.16 -0.11 0.0266197835
-0.16 -0.1 0.0059604417
-0.16 -0.1 0.0276055871
-0.16 -0.09 0.00579789745
-0.16 -0.09 0.0276859723
-0.16 -0.08 0.00590241061
-0.16 -0.08 0.0275460302
-0.16 -0.07 0.00580427753
-0.16 -0.07 0.0280190812
-0.16 -0.0651262665 0.010678011
-0.16 -0.06 0.0170376741
-0.165148191 -0.06 0.010678011
-0.16 -0.06 0.0281765996
-0.16 -0.0549631119 0.010678011
-0.16 -0.05 0.00571489917
-0.16 -0.05 0.0283812772
-0.16 -0.0450368881 0.010678011
-0.16 -0.04 0.0167942582
-0.165257854 -0.04 0.010678011
-0.16 -0.04 0.0283843576
-0.16 -0.03 0.0169651948
-0.16 -0.03 0.0285058938
-0.164989262 -0.02 0.010678011
-0.16 -0.0249892616 0.010678011
-0.16 -0.02 0.00568874942
-0.16 -0.02 0.0287104188
-0.16 -0.01 0.0169868337
-0.16 -0.0150107384 0.010678011
-0.165100641 -0.01 0.010678011
-0.16 -0.01 0.0281349527
-0.16 0 0.017053095
-0.165160275 0 0.010678011
-0.16 0 0.0283144914
-0.16 0.01 0.017052189
-0.16512455 0.01 0.010678011
-0.16 0.01 0.027822815
-0.16 0.0150775146 0.010678011
-0.16 0.02 0.0057555257
-0.16 0.02 0.0275490438
-0.16 0.0249224854 0.010678011
-0.16 0.03 0.0172511064
-0.165261631 0.03 0.010678011
-0.16 0.03 0.0274686967
-0.16 0.04 0.0172722016
-0.165130596 0.04 0.010678011
-0.16 0.04 0.0274405728
-0.16 0.0451081467 0.010678011
-0.16 0.05 0.00578615771
-0.16 0.05 0.0272393952
-0.16 0.06 0.00577508556
-0.16 0.06 0.02719792
-0.16 0.07 0.00586572276
-0.16 0.07 0.0267613851
-0.16 0.08 0.00576190578
-0.16 0.08 0.0265785562
-0.16 0.09 0.0060106908
-0.16 0.09 0.0259753762
-0.16 0.1 0.00597406016
-0.165029516 0.1 0.000678011047
-0.16 0.1 0.02554834
-0.16 0.11 0.00605510341
-0.165092821 0.11 0.000678011047
-0.16 0.11 0.0249614106
-0.16 0.12 0.0060811864
-0.16524085 0.12 0.000678011047
-0.16 0.12 0.0245189344
-0.16 0.13 0.00623756038
-0.165434437 0.13 0.000678011047
-0.16 0.13 0.0242456685
-0.165484495 0.13 -0.069321989
-0.16 0.135015564 -0.069321989
-0.16 0.14 -0.0743064393
-0.16 0.14 0.00627623187
-0.165601873 0.14 0.000678011047
-0.16 0.14 0.0236013757
-0.16 0.15 -0.0742136778
-0.165126114 0.15 -0.079321989
-0.165607367 0.14 -0.059321989
-0.16 0.145032425 -0.059321989
-0.16 0.14 -0.0643375386
-0.16 0.15 0.00634625064
-0.165830069 0.15 0.000678011047
-0.16 0.15 0.0232301389
-0.16 0.16 -0.0735324146
-0.165593777 0.15 -0.049321989
-0.16 0.155527382 -0.049321989
-0.16 0.15 -0.054354402
-0.165627089 0.15 -0.039321989
-0.16 0.155522537 -0.039321989
-0.165873451 0.15 -0.029321989
-0.16 0.155576172 -0.029321989
-0.165994406 0.15 -0.019321989
-0.16 0.155799904 -0.019321989
-0.165823793 0.15 -0.00932198895
-0.16 0.155752792 -0.00932198895
-0.16 0.155849266 0.000678011047
-0.16 0.16 0.0225315724
-0.16 0.17 -0.073973849
-0.168646736 0.17 0.020678011
-0.16 0.17 0.0217336522
-0.16 0.18 -0.0735134865
-0.16 0.18 0.0203056775
-0.16 0.17813488 0.020678011
-0.164980249 0.19 -0.079321989
-0.16 0.18501976 -0.079321989
-0.16 0.19 -0.0843022366
-0.164110394 0.19 -0.039321989
-0.16 0.19 -0.0343083562
-0.16 0.185894394 -0.029321989
-0.16 0.185606956 -0.019321989
-0.16 0.187968483 -0.00932198895
-0.16 0.185426216 0.000678011047
-0.164611225 0.19 0.000678011047
-0.16 0.19 0.00820782291
-0.16 0.19 0.0123702489
-0.164976025 0.2 -0.079321989
-0.16 0.2 -0.0842980148
-0.16 0.2 -0.0293584813
-0.160676088 0.2 -0.019321989
-0.16 0.198824921 -0.019321989
-0.16 0.2 -0.0280369319
-0.162285919 0.2 -0.00932198895
-0.16 0.194633484 -0.00932198895
-0.16 0.196313286 0.000678011047
-0.16 0.2 0.0138867723
-0.164444256 0.21 -0.079321989
-0.16 0.21 -0.083766249
-0.16 0.200038109 -0.029321989
-0.16 0.21 0.0154094659
-0.164416008 0.22 -0.079321989
-0.16 0.22 -0.0837380005
-0.16 0.213937263 0.020678011
-0.164378138 0.23 -0.079321989
-0.16 0.23 -0.0837001313
-0.17 0.222019157 -0.019321989
-0.17 0.23 -0.027980503
-0.164082394 0.23 -0.019321989
-0.164315462 0.23 -0.00932198895
-0.17 0.221783791 0.020678011
-0.17 0.23 0.0129558145
-0.161988049 0.23 0.020678011
-0.164046736 0.24 -0.079321989
-0.16 0.24 -0.0833687277
-0.164103193 0.24 -0.059321989
-0.16 0.234094772 -0.069321989
-0.16 0.24 -0.0634251846
-0.17 0.231220932 -0.059321989
-0.17 0.231841812 -0.069321989
-0.164093018 0.24 -0.039321989
-0.16 0.234459305 -0.049321989
-0.16 0.24 -0.0434150065
-0.17 0.231260986 -0.039321989
-0.17 0.231363335 -0.049321989
-0.164117584 0.24 -0.029321989
-0.17 0.231341476 -0.029321989
-0.16 0.234315453 -0.00932198895
-0.16 0.24 -0.0040759982
-0.15 -0.24 -0.00333731068
-0.155575914 -0.24 -0.00932198895
-0.15 -0.244015325 0.000678011047
-0.15 -0.25 0.00674604045
-0.15 -0.23 -0.00384867085
-0.155300016 -0.23 -0.00932198895
-0.15 -0.232936982 0.020678011
-0.15 -0.24 0.0151111661
-0.155121565 -0.23 -0.079321989
-0.15 -0.224660833 -0.079321989
-0.15 -0.22 -0.0839828212
-0.155343199 -0.23 -0.069321989
-0.15 -0.224846408 -0.069321989
-0.155035782 -0.23 -0.059321989
-0.15 -0.224921291 -0.059321989
-0.155270519 -0.23 -0.049321989
-0.15 -0.224896262 -0.049321989
-0.155228863 -0.23 -0.039321989
-0.15 -0.224942625 -0.039321989
-0.15 -0.22 -0.0242415847
-0.155240011 -0.23 -0.019321989
-0.15 -0.224919593 -0.019321989
-0.156392298 -0.22 -0.029321989
-0.155257177 -0.23 -0.029321989
-0.15 -0.22100158 0.000678011047
-0.151308727 -0.22 0.000678011047
-0.155631838 -0.22 -0.00932198895
-0.15 -0.220743675 0.010678011
-0.150944376 -0.22 0.010678011
-0.15 -0.22 0.0121625672
-0.15 -0.23 0.0236149942
-0.15 -0.22 0.0225641881
-0.154897375 -0.21 -0.079321989
-0.15 -0.21 -0.0842193653
-0.156321115 -0.21 -0.049321989
-0.15 -0.214395916 -0.039321989
-0.155591202 -0.21 -0.039321989
-0.15 -0.215103738 -0.049321989
-0.15 -0.22 -0.0343793668
-0.15 -0.214389749 -0.019321989
-0.15 -0.22 -0.0144023932
-0.158344069 -0.21 0.000678011047
-0.15 -0.21 0.00373498546
-0.15 -0.218951244 0.010678011
-0.15 -0.21 0.0222839509
-0.15 -0.2 -0.0619546212
-0.155574341 -0.21 -0.059321989
-0.15 -0.202632632 -0.059321989
-0.156097822 -0.2 -0.069321989
-0.156427822 -0.21 -0.069321989
-0.15 -0.200700188 -0.049321989
-0.15 -0.200697565 -0.039321989
-0.152740221 -0.2 -0.029321989
-0.15 -0.2 -0.0341819943
-0.15 -0.2 -0.0248592748
-0.15 -0.200817366 -0.019321989
-0.15 -0.202026472 -0.00932198895
-0.15 -0.207109776 0.000678011047
-0.15 -0.2 0.0233080255
-0.15 -0.19 -0.061977743
-0.155812464 -0.19 -0.069321989
-0.15 -0.19864058 -0.029321989
-0.15 -0.19 0.0251463281
-0.15 -0.18 -0.0740901019
-0.155207825 -0.18 -0.079321989
-0.15 -0.184768114 -0.069321989
-0.15 -0.18 0.0250133573
-0.15 -0.175231886 -0.069321989
-0.15 -0.17 -0.0639340962
-0.155346766 -0.17 -0.069321989
-0.15 -0.175467625 0.000678011047
-0.15 -0.17 0.00602695094
-0.15 -0.17 0.0257786809
-0.15 -0.16 0.00616084682
-0.15 -0.16 0.0257735788
-0.15 -0.15 0.00602975474
-0.15 -0.15 0.0263953172
-0.15 -0.14 0.00674425708
-0.15 -0.14 0.0263361226
-0.15 -0.13 0.00633831607
-0.15 -0.13 0.0271181451
-0.15 -0.12 0.00648415195
-0.15 -0.12 0.0270577298
-0.15 -0.11 0.00613847362
-0.15 -0.11 0.0276892816
-0.15 -0.1 0.00579237567
-0.15 -0.1 0.0274793111
-0.15 -0.09 0.00594363795
-0.15 -0.09 0.0277834951
-0.15 -0.08 0.00569690334
-0.15 -0.08 0.0287363969
-0.15 -0.0750189018 0.010678011
-0.15 -0.07 0.016969515
-0.155126266 -0.07 0.010678011
-0.15 -0.07 0.0282831727
-0.15 -0.06 0.0167785512
-0.15 -0.06 0.0285756742
-0.15 -0.05 0.0167702447
-0.155036888 -0.05 0.010678011
-0.15 -0.05 0.0283012925
-0.15 -0.04 0.016758381
-0.15 -0.04 0.0284359513
-0.15 -0.03 0.0167473851
-0.15 -0.03 0.0289353715
-0.15 -0.02 0.0169238435
-0.155010738 -0.02 0.010678011
-0.15 -0.02 0.0286041318
-0.15 -0.01 0.0169503366
-0.15 -0.01 0.0289523278
-0.15 0 0.0168827592
-0.15 0 0.0286548291
-0.15 0.01 0.0170531808
-0.15 0.01 0.0284050904
-0.15 0.02 0.0170067559
-0.155077515 0.02 0.010678011
-0.15 0.02 0.0285914193
-0.15 0.03 0.0168926965
-0.15 0.03 0.0283750211
-0.15 0.04 0.0172064172
-0.15 0.04 0.0280386029
-0.15 0.0450327301 0.010678011
-0.15 0.05 0.00571074115
-0.15 0.05 0.0278617345
-0.15 0.0549672699 0.010678011
-0.15 0.06 0.0171562539
-0.155097075 0.06 0.010678011
-0.15 0.06 0.0276050435
-0.15 0.0650893402 0.010678011
-0.15 0.07 0.00576735126
-0.15 0.07 0.0271828996
-0.15 0.08 0.00578956233
-0.15 0.08 0.0269790994
-0.15 0.09 0.00586742984
-0.15 0.09 0.0267039643
-0.15 0.1 0.00582916843
-0.15 0.1 0.0262012445
-0.15 0.11 0.0059623109
-0.15 0.11 0.0258196603
-0.15 0.12 0.00610564815
-0.15 0.12 0.0250335466
-0.15 0.13 0.00633561717
-0.15 0.13 0.0246955548
-0.15 0.14 0.00614241229
-0.15 0.14 0.0241140233
-0.15 0.15 0.00631062137
-0.15 0.15 0.0231183492
-0.155108309 0.15 -0.069321989
-0.15 0.155701675 -0.069321989
-0.15 0.16 -0.0736202945
-0.155032415 0.15 -0.059321989
-0.15 0.155628853 -0.059321989
-0.15 0.155569267 -0.049321989
-0.15 0.155733414 -0.039321989
-0.15 0.155801697 -0.029321989
-0.15 0.155598602 -0.019321989
-0.15 0.155537033 -0.00932198895
-0.15 0.155647621 0.000678011047
-0.15 0.16 0.0228949987
-0.15 0.17 -0.0740383936
-0.15 0.17 0.0218795167
-0.15 0.174716415 -0.069321989
-0.15 0.18 -0.0612262334
-0.155808506 0.18 -0.069321989
-0.153123417 0.18 -0.049321989
-0.15 0.18 -0.0504367055
-0.15 0.179384804 -0.049321989
-0.15 0.18 -0.0435666932
-0.157313118 0.18 0.020678011
-0.15 0.18 0.0214590322
-0.15 0.19 -0.0726261033
-0.155019751 0.19 -0.079321989
-0.15 0.1866959 -0.069321989
-0.15 0.183115425 -0.049321989
-0.15 0.19 -0.0476245393
-0.157778168 0.19 -0.039321989
-0.15 0.180638771 -0.039321989
-0.15 0.181979828 -0.029321989
-0.15 0.181971054 -0.019321989
-0.15 0.18315239 -0.00932198895
-0.15 0.185738754 0.000678011047
-0.15 0.19 0.00559528934
-0.15 0.19 0.014226576
-0.15 0.181614799 0.020678011
-0.15 0.195079155 -0.079321989
-0.15 0.2 -0.0842428197
-0.155692692 0.2 -0.049321989
-0.15 0.190612183 -0.049321989
-0.155295372 0.2 -0.039321989
-0.159730558 0.2 -0.019321989
-0.159223042 0.2 -0.00932198895
-0.158861513 0.2 0.000678011047
-0.15 0.199402924 0.010678011
-0.150521879 0.2 0.010678011
-0.15 0.21 -0.0839620448
-0.155786314 0.2 -0.069321989
-0.15 0.205181847 -0.069321989
-0.15 0.2 -0.0744011582
-0.156209593 0.2 -0.059321989
-0.15 0.205202255 -0.059321989
-0.15 0.205124893 -0.049321989
-0.15 0.204659843 -0.039321989
-0.15 0.21 -0.0243024815
-0.155744324 0.21 -0.029321989
-0.15 0.204117012 -0.019321989
-0.15 0.21 0.00767730342
-0.15 0.200179825 0.010678011
-0.155411081 0.21 0.000678011047
-0.15 0.21 0.0161259137
-0.15 0.22 -0.00419517888
-0.15 0.215126801 0.000678011047
-0.155635872 0.22 -0.00932198895
-0.155816422 0.21 -0.00932198895
-0.15 0.216751289 0.020678011
-0.15 0.23 -0.00422434224
-0.155684538 0.23 -0.00932198895
-0.15 0.24 -0.00397390736
-0.14 -0.244356936 0.000678011047
-0.14 -0.24 -0.00367892636
-0.14 -0.25 0.00626981364
-0.14 -0.23 -0.0036491908
-0.14 -0.232335902 0.020678011
-0.14 -0.24 0.0144710885
-0.145080404 -0.22 -0.019321989
-0.141129017 -0.22 0.000678011047
-0.14 -0.22 0.000561023818
-0.149068775 -0.22 0.010678011
-0.14 -0.23 0.0230139123
-0.14 -0.22 0.0225306855
-0.145103741 -0.22 -0.049321989
-0.145057373 -0.22 -0.039321989
-0.14 -0.219294267 0.000678011047
-0.14 -0.21 0.00469679462
-0.14 -0.21 0.0228027593
-0.15 -0.205102625 -0.079321989
-0.145102625 -0.21 -0.079321989
-0.15 -0.21 -0.0744246127
-0.14 -0.2 -0.0732211508
-0.143899164 -0.2 -0.069321989
-0.14 -0.203899164 -0.069321989
-0.14 -0.200840526 -0.059321989
-0.14 -0.200616093 -0.049321989
-0.14 -0.200517988 -0.039321989
-0.14 -0.2 -0.0347821893
-0.14 -0.200551839 -0.019321989
-0.14 -0.2 -0.0240496148
-0.14 -0.201961093 -0.00932198895
-0.14 -0.206332812 0.000678011047
-0.14 -0.2 0.0242480909
-0.14 -0.196100836 -0.069321989
-0.14 -0.19 -0.062490703
-0.14 -0.198797879 -0.029321989
-0.14 -0.19 0.0246951924
-0.14 -0.18 -0.0626173462
-0.145231886 -0.18 -0.069321989
-0.14 -0.18 0.0259072076
-0.14 -0.17 -0.0740022804
-0.14468029 -0.17 -0.069321989
-0.14 -0.17468029 -0.069321989
-0.14 -0.176301575 -0.039321989
-0.15 -0.17 -0.0343901147
-0.145068121 -0.17 -0.039321989
-0.15 -0.176318512 -0.029321989
-0.14 -0.17 -0.0343174876
-0.144995499 -0.17 -0.029321989
-0.14 -0.175747018 0.000678011047
-0.14 -0.17 0.00618029224
-0.14 -0.17 0.0256257974
-0.14 -0.16 0.00598616229
-0.14 -0.16 0.0262377607
-0.14 -0.15 0.00628552066
-0.14 -0.15 0.0262487088
-0.14 -0.14 0.00629335033
-0.14 -0.14 0.0269434224
-0.14 -0.13 0.00651241885
-0.14 -0.13 0.0267339765
-0.14 -0.12 0.00607103931
-0.14 -0.12 0.0277824746
-0.14 -0.11 0.00576745616
-0.14 -0.11 0.0276493131
-0.14 -0.1 0.00591082202
-0.14 -0.1 0.028394085
-0.14 -0.095232811 0.010678011
-0.14 -0.09 0.0168036233
-0.145265627 -0.09 0.010678011
-0.14 -0.09 0.0285802423
-0.14 -0.0848754692 0.010678011
-0.14 -0.08 0.00580255138
-0.14 -0.08 0.0289616357
-0.14 -0.0751245308 0.010678011
-0.14 -0.07 0.0168369828
-0.14 -0.07 0.0293423997
-0.14 -0.06 0.0168897782
-0.14 -0.06 0.0286574327
-0.14 -0.05 0.016697775
-0.14 -0.05 0.0294461309
-0.14 -0.04 0.0165910207
-0.14 -0.04 0.0296605455
-0.14 -0.03 0.0165164624
-0.14 -0.03 0.0290286695
-0.14 -0.02 0.0166049062
-0.14 -0.02 0.02947394
-0.14 -0.01 0.0167429696
-0.14 -0.01 0.02929628
-0.14 0 0.0167970239
-0.14 0 0.0294100724
-0.14 0.01 0.0168048917
-0.14 0.01 0.0292940103
-0.14 0.02 0.0168150674
-0.14 0.02 0.0286309491
-0.14 0.03 0.0168780767
-0.14 0.03 0.0284592401
-0.14 0.04 0.0170166837
-0.14 0.04 0.0286888658
-0.14 0.05 0.0169351159
-0.14503273 0.05 0.010678011
-0.14 0.05 0.0282482968
-0.14 0.06 0.0171211778
-0.14 0.06 0.0277922784
-0.14 0.07 0.0172081243
-0.14508934 0.07 0.010678011
-0.14 0.07 0.0279416524
-0.14 0.08 0.0173117601
-0.145111551 0.08 0.010678011
-0.14 0.08 0.0272916089
-0.14 0.0850596619 0.010678011
-0.14 0.09 0.00573766338
-0.14 0.09 0.0268301545
-0.14 0.1 0.00580227481
-0.14 0.1 0.0267014848
-0.14 0.11 0.00602222072
-0.14 0.11 0.0264725743
-0.14 0.12 0.00600089656
-0.14 0.12 0.0254865895
-0.14 0.13 0.0059901868
-0.14 0.13 0.0251019155
-0.14 0.14 0.00616617786
-0.14 0.14 0.0247518216
-0.14 0.15 0.00613643275
-0.14 0.15 0.0239814817
-0.14 0.155585861 -0.069321989
-0.14 0.16 -0.0737361134
-0.14 0.155493889 -0.059321989
-0.14 0.155643578 -0.049321989
-0.14 0.155543289 -0.039321989
-0.14 0.155561333 -0.029321989
-0.14 0.155406456 -0.019321989
-0.14 0.155366325 -0.00932198895
-0.14 0.155420418 0.000678011047
-0.14 0.16 0.023173977
-0.14 0.164414139 -0.069321989
-0.14 0.17 -0.0616585077
-0.145283594 0.17 -0.069321989
-0.14 0.17 0.0227409135
-0.14 0.18 -0.0610796632
-0.145211821 0.18 -0.049321989
-0.14 0.18 0.022255045
-0.14 0.19 -0.0623776926
-0.14669589 0.19 -0.069321989
-0.14 0.19 -0.0488164176
-0.14 0.182051811 -0.039321989
-0.14 0.182324524 -0.029321989
-0.14 0.185738792 -0.019321989
-0.14 0.183469849 -0.00932198895
-0.14 0.184701195 0.000678011047
-0.14 0.19 0.00576098071
-0.14 0.19 0.0155125295
-0.14 0.183553429 0.020678011
-0.148096323 0.2 0.010678011
-0.14 0.2 0.0102354585
-0.14 0.2 0.01171023
-0.1449895 0.21 0.000678011047
-0.14 0.204199791 0.000678011047
-0.14 0.21 -0.004311489
-0.140129461 0.21 0.010678011
-0.14 0.21 0.0106218587
-0.14 0.208558617 0.010678011
-0.14 0.210168266 0.010678011
-0.14512681 0.22 0.000678011047
-0.14 0.22 0.00820519076
-0.14 0.21498951 0.000678011047
-0.14 0.218624115 0.020678011
-0.14 0.23 0.00797612773
-0.145097647 0.23 0.000678011047
-0.14 0.235275917 0.000678011047
-0.14 0.24 -0.00404609097
-0.13 -0.244751297 0.000678011047
-0.13 -0.24 -0.00407328976
-0.13 -0.25 0.00642196284
-0.13 -0.23 -0.00404288663
-0.13 -0.232914375 0.020678011
-0.13 -0.24 0.0154877149
-0.13 -0.22507416 0.000678011047
-0.139874411 -0.22 0.000678011047
-0.13 -0.22 0.00970865832
-0.13 -0.23 0.0235923825
-0.13 -0.22 0.0226272737
-0.13 -0.21 0.00874744044
-0.13 -0.21 0.0228119146
-0.13 -0.203387799 -0.069321989
-0.13 -0.2 -0.0727097894
-0.13 -0.203950162 -0.059321989
-0.13 -0.200009222 -0.049321989
-0.13 -0.200054908 -0.039321989
-0.137409143 -0.2 -0.029321989
-0.13 -0.201571951 -0.029321989
-0.13 -0.200555048 -0.019321989
-0.13 -0.201245685 -0.00932198895
-0.13 -0.20255002 0.000678011047
-0.13 -0.2 0.0238903009
-0.13 -0.196612201 -0.069321989
-0.13 -0.19 -0.061818725
-0.13 -0.19 0.0252234803
-0.13 -0.18 -0.0629178442
-0.13 -0.18 0.0255676805
-0.13 -0.174875145 -0.069321989
-0.13 -0.17 -0.0741971327
-0.13 -0.17562274 0.000678011047
-0.13 -0.17 0.00609645473
-0.13 -0.17 0.0264164792
-0.13 -0.16 0.00695611583
-0.13 -0.16 0.0262438069
-0.13 -0.15 0.00637497531
-0.13 -0.15 0.0267607366
-0.13 -0.14 0.00598489391
-0.13 -0.14 0.0268924008
-0.13 -0.13 0.00611166583
-0.13 -0.13 0.0276156674
-0.13 -0.12 0.00578056918
-0.13 -0.12 0.0272784768
-0.13 -0.11 0.00591806041
-0.13 -0.11 0.0280189572
-0.13 -0.105240049 0.010678011
-0.13 -0.1 0.0169233571
-0.135232811 -0.1 0.010678011
-0.13 -0.1 0.0285561143
-0.13 -0.09 0.00578117
-0.134896841 -0.09 0.010678011
-0.13 -0.094896841 0.010678011
-0.13 -0.09 0.0288140164
-0.13 -0.08 0.0165851651
-0.13 -0.0851031494 0.010678011
-0.13512454 -0.08 0.010678011
-0.13 -0.08 0.0290179502
-0.13 -0.07 0.0166950666
-0.13 -0.07 0.0289611589
-0.13 -0.06 0.0166463052
-0.13 -0.06 0.0294287168
-0.13 -0.05 0.0166116963
-0.13 -0.05 0.0294152032
-0.13 -0.04 0.0166026174
-0.13 -0.04 0.0293637525
-0.13 -0.03 0.0165329419
-0.13 -0.03 0.0294686757
-0.13 -0.02 0.0165570508
-0.13 -0.02 0.0294772016
-0.13 -0.01 0.0166952001
-0.13 -0.01 0.0298686086
-0.13 0 0.0166324578
-0.13 0 0.029960848
-0.13 0.01 0.0167037831
-0.13 0.01 0.0297634565
-0.13 0.02 0.0167496167
-0.13 0.02 0.0292642556
-0.13 0.03 0.0168242131
-0.13 0.03 0.0292847596
-0.13 0.04 0.0167688619
-0.13 0.04 0.029015318
-0.13 0.05 0.0168708669
-0.13 0.05 0.0286918889
-0.13 0.06 0.0169743692
-0.13 0.06 0.0289039575
-0.13 0.07 0.0170286523
-0.13 0.07 0.0283215295
-0.13 0.08 0.0171122514
-0.13 0.08 0.0278145658
-0.13 0.0850294876 0.010678011
-0.13 0.09 0.00570748912
-0.13 0.09 0.0274273358
-0.13 0.1 0.00570281612
-0.13 0.1 0.0268750344
-0.13 0.11 0.00585748302
-0.13 0.11 0.0266466199
-0.13 0.12 0.00582644092
-0.13 0.12 0.0263426362
-0.13 0.13 0.00585445987
-0.13 0.13 0.0256328736
-0.13 0.14 0.00593124019
-0.13 0.14 0.0251665555
-0.13 0.15 0.00600585567
-0.13 0.15 0.0242733441
-0.13 0.15543705 -0.069321989
-0.13 0.16 -0.0738849284
-0.13 0.155357971 -0.059321989
-0.13 0.155439835 -0.049321989
-0.13 0.155367165 -0.039321989
-0.13 0.155280113 -0.029321989
-0.13 0.155325508 -0.019321989
-0.13 0.155201645 -0.00932198895
-0.13 0.155268898 0.000678011047
-0.13 0.16 0.0240986024
-0.13482111 0.17 -0.069321989
-0.13 0.17 -0.0741430963
-0.13 0.17 0.0228655969
-0.13 0.174821091 -0.069321989
-0.13 0.18 -0.0618493499
-0.13 0.18 0.0227083646
-0.134384346 0.19 -0.069321989
-0.13 0.185615654 -0.069321989
-0.13 0.19 -0.0737063338
-0.13 0.19 -0.0448641242
-0.13 0.184474831 -0.039321989
-0.13 0.183068237 -0.029321989
-0.13 0.185435257 -0.019321989
-0.13 0.187087746 -0.00932198895
-0.13 0.184954834 0.000678011047
-0.13 0.19 0.00681025134
-0.13 0.19 0.0162495481
-0.13 0.185269241 0.020678011
-0.14 0.19021595 -0.049321989
-0.13 0.190873528 -0.049321989
-0.13 0.2 0.00974523173
-0.13 0.2 0.0128732263
-0.138951664 0.21 0.010678011
-0.1350105 0.21 0.000678011047
-0.13 0.21 0.0102198754
-0.13 0.21 0.0120667802
-0.13 0.22 0.00791737186
-0.13 0.213650017 0.020678011
-0.134903688 0.23 0.000678011047
-0.13 0.225096321 0.000678011047
-0.13 0.23 -0.00422567738
-0.14 0.232701874 0.010678011
-0.13 0.24 0.00716742145
-0.13351059 0.24 0.010678011
-0.13 0.234903679 0.000678011047
-0.135275898 0.24 0.000678011047
-0.14 0.24 0.00540211307
-0.12 -0.244501753 0.000678011047
-0.12 -0.24 -0.00382374181
-0.12 -0.25 0.00661405193
-0.12 -0.23 -0.00429003133
-0.12 -0.233926104 0.020678011
-0.12 -0.24 0.0152721845
-0.120377836 -0.22 0.000678011047
-0.12 -0.22 0.000307232009
-0.12 -0.23 0.0246041165
-0.12 -0.22 0.0237125932
-0.12 -0.219414709 0.000678011047
-0.12 -0.21 0.0085414754
-0.12 -0.21 0.0228190099
-0.12 -0.2 -0.0627275814
-0.126612196 -0.2 -0.069321989
-0.12 -0.203405595 -0.059321989
-0.12 -0.201973214 -0.049321989
-0.128805027 -0.2 -0.039321989
-0.12 -0.2 -0.0403135098
-0.12 -0.2 -0.0358659257
-0.12 -0.200628295 -0.029321989
-0.12 -0.202259789 -0.019321989
-0.12 -0.201348219 -0.00932198895
-0.12 -0.202722988 0.000678011047
-0.12 -0.2 0.0242242776
-0.12 -0.19 -0.0622923912
-0.12 -0.199331012 -0.039321989
-0.12 -0.19 0.0251706277
-0.12 -0.18 -0.0629323996
-0.12 -0.18 0.0259956132
-0.12 -0.175578837 0.000678011047
-0.12 -0.17 0.00612319575
-0.12 -0.17 0.0262972795
-0.12 -0.16 0.00612602817
-0.12 -0.16 0.0267178308
-0.12 -0.15 0.0060047494
-0.12 -0.15 0.0268515168
-0.12 -0.14 0.00620055782
-0.12 -0.14 0.0272835694
-0.12 -0.13 0.00583420383
-0.12 -0.13 0.027838894
-0.12 -0.12 0.00596768962
-0.12 -0.12 0.0283795129
-0.12 -0.115289679 0.010678011
-0.12 -0.11 0.0170156537
-0.125240049 -0.11 0.010678011
-0.12 -0.11 0.0283552991
-0.12 -0.1 0.0166991006
-0.12 -0.1 0.0289842664
-0.12 -0.09 0.0166227685
-0.125103159 -0.09 0.010678011
-0.12 -0.09 0.0292434846
-0.12 -0.08 0.0167584287
-0.12 -0.08 0.0289163362
-0.12 -0.07 0.0164859162
-0.12 -0.07 0.0299341355
-0.12 -0.06 0.0165543328
-0.12 -0.06 0.0302071153
-0.12 -0.05 0.0164508782
-0.12 -0.05 0.029529873
-0.12 -0.04 0.0163952695
-0.12 -0.04 0.0300431214
-0.12 -0.03 0.0163739549
-0.12 -0.03 0.0297988568
-0.12 -0.02 0.0163365327
-0.12 -0.02 0.0298443662
-0.12 -0.01 0.0164811383
-0.12 -0.01 0.0303381978
-0.12 0 0.0165418683
-0.12 0 0.0298668634
-0.12 0.01 0.0166893731
-0.12 0.01 0.0302275621
-0.12 0.02 0.0164749871
-0.12 0.02 0.0297685491
-0.12 0.03 0.0165033208
-0.12 0.03 0.0293878804
-0.12 0.04 0.0166161405
-0.12 0.04 0.0296594773
-0.12 0.05 0.016736437
-0.12 0.05 0.0289774762
-0.12 0.06 0.0168248712
-0.12 0.06 0.0288287507
-0.12 0.07 0.0169546662
-0.12 0.07 0.0283725988
-0.12 0.08 0.0169589959
-0.12 0.08 0.0283525621
-0.12 0.09 0.0171685372
-0.125029478 0.09 0.010678011
-0.12 0.09 0.0279359399
-0.12 0.1 0.0173329602
-0.125024805 0.1 0.010678011
-0.12 0.1 0.0274638711
-0.12 0.105084267 0.010678011
-0.12 0.11 0.00576228725
-0.12 0.11 0.0268747483
-0.12 0.12 0.00592934238
-0.12 0.12 0.0266289197
-0.12 0.13 0.00581941234
-0.12 0.13 0.0264424001
-0.12 0.14 0.00586592303
-0.12 0.14 0.0255350457
-0.12 0.15 0.00592080699
-0.12 0.15 0.0247992478
-0.12 0.155355644 -0.069321989
-0.12 0.16 -0.0739663292
-0.12 0.155396423 -0.059321989
-0.12 0.155284119 -0.049321989
-0.12 0.155220871 -0.039321989
-0.12 0.155240746 -0.029321989
-0.12 0.155081863 -0.019321989
-0.12 0.155137062 -0.00932198895
-0.12 0.15512146 0.000678011047
-0.12 0.16 0.0243844854
-0.12 0.164644356 -0.069321989
-0.12 0.17 -0.062222792
-0.12517889 0.17 -0.069321989
-0.12 0.17 0.0238679086
-0.12 0.18 -0.0612487186
-0.12 0.18 0.0228130876
-0.12 0.186100235 -0.069321989
-0.12 0.19 -0.0732217587
-0.12 0.19 -0.0459686984
-0.12 0.183717918 -0.039321989
-0.12 0.186475334 -0.029321989
-0.12 0.187182961 -0.019321989
-0.12 0.185525208 -0.00932198895
-0.12 0.189743462 0.000678011047
-0.12 0.19 0.000958696472
-0.12 0.19 0.0183253442
-0.12 0.186802559 0.020678011
-0.12 0.191223602 -0.049321989
-0.12 0.2 0.00917625056
-0.12 0.2 0.0149667512
-0.12 0.21 0.00997061359
-0.12 0.21 0.0132882177
-0.12 0.22 0.00759910213
-0.12 0.212317467 0.020678011
-0.12 0.23 0.00717989551
-0.125096312 0.23 0.000678011047
-0.13 0.223412132 0.020678011
-0.13 0.23 0.0133767377
-0.123464785 0.23 0.020678011
-0.11496089 -0.25 0.000678011047
-0.11 -0.25 -0.00428287877
-0.11 -0.24 -0.00416500462
-0.11 -0.235156988 0.000678011047
-0.11 -0.23 0.00679256068
-0.115031958 -0.23 0.000678011047
-0.11 -0.233545513 0.020678011
-0.11 -0.24 0.0151990949
-0.119590235 -0.22 0.000678011047
-0.11 -0.222159998 0.010678011
-0.114400377 -0.22 0.010678011
-0.11 -0.22 0.0151167642
-0.11 -0.23 0.0242235242
-0.11 -0.22 0.0230332051
-0.11 -0.216202197 0.010678011
-0.11 -0.21 0.00750156985
-0.11 -0.21 0.0236497365
-0.11 -0.202649565 -0.059321989
-0.11 -0.2 -0.0619715513
-0.11 -0.201755986 -0.049321989
-0.118248186 -0.2 -0.039321989
-0.11 -0.201636224 -0.039321989
-0.11 -0.200418458 -0.029321989
-0.11 -0.201950645 -0.019321989
-0.11 -0.202808433 -0.00932198895
-0.11 -0.20156075 0.000678011047
-0.11 -0.2 0.0245907556
-0.11 -0.19 -0.0626875509
-0.11 -0.19 0.0254548513
-0.11 -0.18 -0.063020636
-0.11 -0.18 0.0257463704
-0.114948759 -0.17 -0.069321989
-0.11 -0.174948759 -0.069321989
-0.11 -0.17 -0.0742707468
-0.11 -0.175397797 0.000678011047
-0.11 -0.17 0.00601869212
-0.11 -0.17 0.0267572652
-0.11 -0.16 0.00614437686
-0.11 -0.16 0.026929947
-0.11 -0.15 0.00634504901
-0.11 -0.15 0.0275355207
-0.11 -0.14 0.0058688985
-0.11 -0.14 0.0271992456
-0.11 -0.13 0.00606440173
-0.11 -0.13 0.0278460084
-0.11 -0.125386391 0.010678011
-0.11 -0.12 0.0168338548
-0.115289679 -0.12 0.010678011
-0.11 -0.12 0.0282953607
-0.11 -0.11 0.0166472207
-0.11 -0.11 0.0286059819
-0.11 -0.1 0.0165357076
-0.11 -0.1 0.0288933908
-0.11 -0.09 0.0165853654
-0.11 -0.09 0.0291070996
-0.11 -0.08 0.0165610944
-0.11 -0.08 0.0290662442
-0.11 -0.07 0.0165207635
-0.11 -0.07 0.0295401155
-0.11 -0.06 0.016409298
-0.11 -0.06 0.0299991571
-0.11 -0.05 0.0165453588
-0.11 -0.05 0.0304426919
-0.11 -0.04 0.0163604795
-0.11 -0.04 0.0303135072
-0.11 -0.03 0.0164411698
-0.11 -0.03 0.0304152642
-0.11 -0.02 0.0163599073
-0.11 -0.02 0.0306505834
-0.11 -0.01 0.0163886701
-0.11 -0.01 0.0303202401
-0.11 0 0.0165050279
-0.11 0 0.0304258977
-0.11 0.01 0.0164382897
-0.11 0.01 0.029998623
-0.11 0.02 0.016467024
-0.11 0.02 0.0302359353
-0.11 0.03 0.0165566693
-0.11 0.03 0.0304094277
-0.11 0.04 0.0166238748
-0.11 0.04 0.0303099595
-0.11 0.05 0.0166534577
-0.11 0.05 0.0298010026
-0.11 0.06 0.0167906819
-0.11 0.06 0.0295483266
-0.11 0.07 0.0166460858
-0.11 0.07 0.0291151868
-0.11 0.08 0.0167788278
-0.11 0.08 0.0286363278
-0.11 0.09 0.0169018422
-0.11 0.09 0.0284705411
-0.11 0.1 0.0171822034
-0.11 0.1 0.0277081739
-0.11 0.105003586 0.010678011
-0.11 0.11 0.00568157779
-0.11 0.11 0.027610737
-0.11 0.12 0.00573670016
-0.11 0.12 0.0270926725
-0.11 0.13 0.0056981145
-0.11 0.13 0.0264867364
-0.11 0.14 0.00584697353
-0.11 0.14 0.0264958917
-0.11 0.15 0.0059084283
-0.11 0.15 0.0253260575
-0.11 0.155268555 -0.069321989
-0.11 0.16 -0.0740534307
-0.11 0.155255394 -0.059321989
-0.11 0.155152016 -0.049321989
-0.11 0.155066223 -0.039321989
-0.11 0.155178032 -0.029321989
-0.11 0.155053673 -0.019321989
-0.11 0.16 0.00597044574
-0.11512146 0.16 0.000678011047
-0.11 0.16 0.0245334397
-0.114909277 0.17 -0.069321989
-0.11 0.17 -0.0742312647
-0.115137053 0.16 -0.00932198895
-0.11 0.166205482 -0.00932198895
-0.11 0.16 -0.014375657
-0.11 0.166110687 0.000678011047
-0.11 0.17 0.024016863
-0.11 0.174909286 -0.069321989
-0.11 0.18 -0.061910931
-0.11 0.18 0.0231462728
-0.11 0.185802269 -0.069321989
-0.11 0.19 -0.0735197069
-0.11 0.19 -0.044823779
-0.11 0.186808357 -0.039321989
-0.11 0.185062637 -0.029321989
-0.11 0.185318336 -0.019321989
-0.110328732 0.19 -0.00932198895
-0.11 0.19 -0.00959453477
-0.11 0.19 -0.00881206883
-0.11 0.187098541 0.000678011047
-0.11 0.19 0.00378848659
-0.11 0.19 0.0182481252
-0.11 0.186915894 0.020678011
-0.11 0.190714684 -0.049321989
-0.11 0.19008831 -0.00932198895
-0.11 0.2 0.0089537202
-0.11 0.2 0.0154550325
-0.11 0.21 0.0097281705
-0.11 0.21 0.0144276868
-0.11 0.22 0.00682371722
-0.11 0.2128479 0.020678011
-0.11 0.23 0.00701045619
-0.1 -0.233969547 0.010678011
-0.105156984 -0.24 0.000678011047
-0.105478916 -0.24 0.010678011
-0.1 -0.23 0.00670846568
-0.1 -0.233174766 0.020678011
-0.103806572 -0.22 0.010678011
-0.1 -0.22 0.00954197513
-0.1 -0.23 0.0238527738
-0.1 -0.22 0.0242461072
-0.1 -0.21 0.00830460178
-0.1 -0.21 0.0244882547
-0.103867331 -0.2 -0.069321989
-0.1 -0.203867326 -0.069321989
-0.1 -0.2 -0.0731893147
-0.1 -0.201552358 -0.059321989
-0.1 -0.200460224 -0.049321989
-0.1 -0.201636314 -0.039321989
-0.1 -0.202651815 -0.029321989
-0.1 -0.201119709 -0.019321989
-0.1 -0.202046008 -0.00932198895
-0.1 -0.203162217 0.000678011047
-0.1 -0.2 0.0248070966
-0.1 -0.196132674 -0.069321989
-0.1 -0.19 -0.0626518406
-0.1 -0.19 0.0255933725
-0.1 -0.18 -0.0632309736
-0.1 -0.18 0.0266934358
-0.1 -0.175494356 0.000678011047
-0.1 -0.17 0.00611323939
-0.1 -0.17 0.0266596757
-0.1 -0.16 0.00578510867
-0.1 -0.16 0.0269808351
-0.1 -0.15 0.0060144292
-0.1 -0.15 0.0275228273
-0.1 -0.145336418 0.010678011
-0.1 -0.14 0.0169580804
-0.105190887 -0.14 0.010678011
-0.1 -0.14 0.0278909551
-0.1 -0.134912701 0.010678011
-0.1 -0.13 0.00576531039
-0.1 -0.13 0.0282799111
-0.1 -0.125087299 0.010678011
-0.1 -0.12 0.0167545377
-0.1 -0.12 0.0289042436
-0.1 -0.11 0.0166806947
-0.1 -0.11 0.0288587628
-0.1 -0.1 0.0166603528
-0.1 -0.1 0.0290889798
-0.1 -0.09 0.0165047895
-0.1 -0.09 0.0297187196
-0.1 -0.08 0.0164754449
-0.1 -0.08 0.0299648343
-0.1 -0.07 0.0163846837
-0.1 -0.07 0.0298672353
-0.1 -0.06 0.016312872
-0.1 -0.06 0.0304679166
-0.1 -0.05 0.0164835416
-0.1 -0.05 0.03030398
-0.1 -0.04 0.0163721715
-0.1 -0.04 0.030495287
-0.1 -0.03 0.0162942754
-0.1 -0.03 0.0306633531
-0.1 -0.02 0.0163050901
-0.1 -0.02 0.0301198732
-0.1 -0.01 0.0163312207
-0.1 -0.012524662 0.030678011
-0.103576107 -0.01 0.030678011
-0.1 -0.01 0.0308637963
-0.1 0 0.0163774263
-0.1 0 0.0305338441
-0.1 -0.0041569519 0.030678011
-0.1 0.01 0.0162409078
-0.1 0.01 0.0304832994
-0.1 0.02 0.0164349328
-0.1 0.02 0.0304843103
-0.1 0.03 0.0164997254
-0.1 0.03 0.0303942548
-0.1 0.04 0.0164714109
-0.1 0.04 0.0302537118
-0.1 0.05 0.0165426122
-0.1 0.05 0.029742304
-0.1 0.06 0.0165812551
-0.1 0.06 0.0296800004
-0.1 0.07 0.016706215
-0.1 0.07 0.0295474206
-0.1 0.08 0.0167942105
-0.1 0.08 0.0290618287
-0.1 0.09 0.0167969094
-0.1 0.09 0.028786131
-0.1 0.1 0.0169837819
-0.1 0.1 0.0282694017
-0.1 0.11 0.0170063745
-0.105003567 0.11 0.010678011
-0.1 0.11 0.0277791654
-0.1 0.12 0.0174097501
-0.105058689 0.12 0.010678011
-0.1 0.12 0.0275983392
-0.1 0.125006371 0.010678011
-0.1 0.13 0.00568438159
-0.1 0.13 0.0268987809
-0.1 0.14 0.00579393016
-0.1 0.14 0.0266821061
-0.1 0.15 0.00579147922
-0.1 0.15 0.0262824784
-0.1 0.155231323 -0.069321989
-0.1 0.16 -0.0740906824
-0.1 0.155238762 -0.059321989
-0.1 0.15515522 -0.049321989
-0.1 0.16 -0.0342988337
-0.105066214 0.16 -0.039321989
-0.1 0.155023155 -0.029321989
-0.1 0.16 0.00595128642
-0.1 0.16 0.0252476941
-0.1 0.164768677 -0.069321989
-0.1 0.17 -0.0628308548
-0.105090723 0.17 -0.069321989
-0.1 0.166217957 -0.039321989
-0.1 0.16 -0.0444771899
-0.105053663 0.16 -0.019321989
-0.1 0.166115685 -0.019321989
-0.1 0.16 -0.0243451442
-0.1 0.165924377 -0.00932198895
-0.1 0.165938034 0.000678011047
-0.1 0.17 0.0241679631
-0.1 0.18 -0.0614896144
-0.1 0.18 0.0237009774
-0.1 0.19 -0.0632495583
-0.105802279 0.19 -0.069321989
-0.1 0.19 -0.0464497174
-0.1 0.185557899 -0.039321989
-0.1 0.188273659 -0.029321989
-0.1 0.187025528 -0.019321989
-0.1 0.187026634 -0.00932198895
-0.109557409 0.19 -0.00932198895
-0.1 0.19 -0.000155033005
-0.100953856 0.19 0.000678011047
-0.1 0.19 0.0199631272
-0.1 0.189131317 0.020678011
-0.1 0.190714607 -0.049321989
-0.1 0.190189171 0.000678011047
-0.1 0.2 0.00872133838
-0.1 0.2 0.0150629197
-0.1 0.21 0.00873242007
-0.1 0.21 0.0174279748
-0.1 0.22 0.00669042216
-0.1 0.212662621 0.020678011
-0.1 0.23 0.00671454059
-0.104436865 0.24 0.010678011
-0.11 0.233667564 0.010678011
-0.1 0.24 0.00624114619
-0.09 -0.23314325 0.010678011
-0.09 -0.23 0.00753475772
-0.09 -0.234183694 0.020678011
-0.09 -0.22 0.00974429713
-0.09 -0.23 0.024861704
-0.09 -0.22 0.0233459531
-0.09 -0.21 0.00789229022
-0.09 -0.21 0.0246830617
-0.09 -0.2 -0.0636561288
-0.0961326694 -0.2 -0.069321989
-0.09 -0.20433414 -0.059321989
-0.0921489906 -0.2 -0.049321989
-0.09 -0.2 -0.0494916834
-0.09 -0.2 -0.0476996411
-0.09 -0.201019621 -0.039321989
-0.09 -0.201912017 -0.029321989
-0.09 -0.202574005 -0.019321989
-0.09 -0.201836114 -0.00932198895
-0.09 -0.202953019 0.000678011047
-0.09 -0.2 0.0248860608
-0.09 -0.19 -0.0629655255
-0.09 -0.199650764 -0.049321989
-0.09 -0.19 0.0260771428
-0.09 -0.18 -0.0634112157
-0.09 -0.18 0.0262211763
-0.09 -0.175348878 0.000678011047
-0.09 -0.17 0.00587003337
-0.09 -0.17 0.0272435914
-0.09 -0.16 0.00622248279
-0.09 -0.16 0.0266907369
-0.09 -0.15 0.00579474078
-0.09 -0.15 0.0273312245
-0.094759779 -0.14 0.010678011
-0.09 -0.14 0.00591823207
-0.09 -0.14 0.0284391175
-0.09 -0.13 0.016832367
-0.09 -0.135240221 0.010678011
-0.0950872993 -0.13 0.010678011
-0.09 -0.13 0.0284554158
-0.09 -0.12 0.0165395032
-0.09 -0.12 0.0292030488
-0.09 -0.11 0.0166575585
-0.09 -0.11 0.0292259084
-0.09 -0.1 0.0166336213
-0.09 -0.1 0.0296840726
-0.09 -0.09 0.016438757
-0.09 -0.09 0.0295075856
-0.09 -0.08 0.0164841519
-0.09 -0.08 0.030212761
-0.09 -0.07 0.0162865792
-0.09 -0.07 0.0306080018
-0.09 -0.06 0.0163188707
-0.09 -0.06 0.0305900251
-0.09 -0.05 0.0162318002
-0.09 -0.05 0.0305285894
-0.09 -0.04 0.0161761914
-0.09 -0.0408975029 0.030678011
-0.0907840633 -0.04 0.030678011
-0.09 -0.04 0.0306926881
-0.09 -0.03 0.0162943994
-0.0996170521 -0.03 0.030678011
-0.09 -0.03 0.0310152398
-0.09 -0.02 0.016273533
-0.091378746 -0.02 0.030678011
-0.09 -0.02 0.0307663404
-0.09 -0.01 0.0162775575
-0.09 -0.01 0.0309981977
-0.09 0 0.0162659227
-0.0954008961 0 0.030678011
-0.09 0 0.0308269559
-0.09 0.01 0.0162684213
-0.0950397778 0.01 0.030678011
-0.09 0.01 0.0308676015
-0.09 0.02 0.016286646
-0.0921963596 0.02 0.030678011
-0.09 0.02 0.0307284318
-0.09 0.03 0.0165017472
-0.0961219311 0.03 0.030678011
-0.09 0.03 0.0310713922
-0.09 0.04 0.0164109574
-0.09 0.04 0.0301132451
-0.09 0.0342617416 0.030678011
-0.09 0.05 0.0165188275
-0.09 0.05 0.0301475202
-0.09 0.06 0.0165186082
-0.09 0.06 0.0298188268
-0.09 0.07 0.0165994226
-0.09 0.07 0.0296802102
-0.09 0.08 0.0165936242
-0.09 0.08 0.0291162454
-0.09 0.09 0.0168263017
-0.09 0.09 0.0291722547
-0.09 0.1 0.0169685517
-0.09 0.1 0.0283228456
-0.09 0.11 0.017164589
-0.09 0.11 0.0281001817
-0.09 0.12 0.0172910558
-0.09 0.12 0.0274045144
-0.09 0.13 0.0172751199
-0.0950063705 0.13 0.010678011
-0.09 0.13 0.0274167501
-0.09 0.135024643 0.010678011
-0.09 0.14 0.00570264445
-0.09 0.14 0.0268089734
-0.09 0.15 0.00573278056
-0.09 0.15 0.0263396608
-0.09 0.155122414 -0.069321989
-0.09 0.16 -0.0741995586
-0.09 0.155240593 -0.059321989
-0.09 0.155027771 -0.049321989
-0.0949266434 0.16 -0.039321989
-0.09 0.155073357 -0.039321989
-0.09 0.16 0.00589836703
-0.09 0.16 0.0256937467
-0.09 0.164877586 -0.069321989
-0.09 0.17 -0.0627920212
-0.09 0.16 -0.0343953456
-0.09 0.166002007 -0.029321989
-0.0950231552 0.16 -0.029321989
-0.09 0.165959702 -0.019321989
-0.09 0.165778809 -0.00932198895
-0.09 0.16578125 0.000678011047
-0.09 0.17 0.0250345479
-0.09 0.18 -0.0622065343
-0.09 0.18 0.0238705884
-0.0942830753 0.19 -0.069321989
-0.09 0.185716934 -0.069321989
-0.09 0.19 -0.0736050655
-0.0907033348 0.19 -0.039321989
-0.09 0.19 -0.0386565246
-0.09 0.185818787 -0.029321989
-0.09 0.1895224 -0.019321989
-0.0938608646 0.19 -0.00932198895
-0.09 0.19 -0.0176662339
-0.09 0.18763401 0.000678011047
-0.09 0.19 -0.0051211871
-0.0990524578 0.19 0.000678011047
-0.09 0.19 0.00342959987
-0.094903717 0.19 0.020678011
-0.09 0.19 0.0210499726
-0.09 0.190186005 -0.039321989
-0.09 0.191158867 -0.049321989
-0.09 0.191121597 -0.00932198895
-0.09 0.197828712 0.010678011
-0.0935620975 0.2 0.010678011
-0.09 0.190799332 0.020678011
-0.09 0.202547722 0.010678011
-0.09 0.21 0.00871762859
-0.09 0.21 0.015322672
-0.09 0.22 0.00664459811
-0.09 0.212688713 0.020678011
-0.09 0.23 0.00626824008
-0.08 -0.233567997 0.010678011
-0.08 -0.23 0.00711001025
-0.08 -0.233634001 0.020678011
-0.08 -0.22 0.00964108096
-0.08 -0.23 0.0243120156
-0.08 -0.22 0.0230537187
-0.08 -0.21 0.00799286472
-0.08 -0.21 0.023353201
-0.08 -0.202960672 -0.059321989
-0.08 -0.2 -0.0622826589
-0.0895201492 -0.2 -0.049321989
-0.08 -0.202076011 -0.049321989
-0.08 -0.202699242 -0.039321989
-0.08 -0.200709891 -0.029321989
-0.08 -0.201972771 -0.019321989
-0.08 -0.203308854 -0.00932198895
-0.08 -0.201992645 0.000678011047
-0.08 -0.2 0.0252010785
-0.08 -0.19 -0.0621286644
-0.08 -0.19 0.0258478128
-0.08 -0.18 -0.0633491005
-0.08 -0.18 0.0266778623
-0.08 -0.175223737 0.000678011047
-0.08 -0.17 0.00582958804
-0.08 -0.17 0.0268385659
-0.08 -0.16 0.00593906985
-0.08 -0.16 0.0276350747
-0.08 -0.155261059 0.010678011
-0.08 -0.15 0.0169869386
-0.0851167297 -0.15 0.010678011
-0.08 -0.15 0.0274682675
-0.08 -0.144958677 0.010678011
-0.08 -0.14 0.00571933375
-0.08 -0.14 0.0279063474
-0.08 -0.135041323 0.010678011
-0.08 -0.13 0.0167015706
-0.08 -0.13 0.0290814935
-0.08 -0.12 0.0167056905
-0.08 -0.12 0.0287729131
-0.08 -0.11 0.0165077649
-0.08 -0.11 0.0297460233
-0.08 -0.1 0.0165316735
-0.08 -0.1 0.0293925534
-0.08 -0.09 0.0164742528
-0.08 -0.09 0.0298021279
-0.08 -0.08 0.016320778
-0.08 -0.08 0.0303770314
-0.08 -0.07 0.0165844785
-0.08 -0.0741043282 0.030678011
-0.0875136375 -0.07 0.030678011
-0.08 -0.07 0.0308794747
-0.08 -0.06 0.0163659822
-0.0818065643 -0.06 0.030678011
-0.08 -0.06 0.0306966363
-0.08 -0.05 0.0163183652
-0.0875600433 -0.05 0.030678011
-0.08 -0.05 0.0311455022
-0.08 -0.04 0.0162101995
-0.08 -0.04 0.0307523309
-0.08 -0.03 0.0162263833
-0.08 -0.03 0.0313434945
-0.08 -0.02 0.0162293588
-0.08 -0.02 0.0313569032
-0.08 -0.01 0.0161821138
-0.08 -0.01 0.0310151254
-0.08 0 0.0162991487
-0.08 0 0.0311734925
-0.08 0.01 0.0161723291
-0.08 0.01 0.0312189828
-0.08 0.02 0.0162440263
-0.08 0.02 0.031198536
-0.08 0.03 0.0162871419
-0.08 0.03 0.0311562596
-0.08 0.04 0.0164126073
-0.0812731552 0.04 0.030678011
-0.08 0.04 0.030755087
-0.08 0.05 0.0164170037
-0.0840916252 0.05 0.030678011
-0.08 0.05 0.0310496389
-0.08 0.06 0.0163877545
-0.08 0.06 0.0301760636
-0.08 0.0541027069 0.030678011
-0.08 0.07 0.016565014
-0.08 0.07 0.0297847806
-0.08 0.08 0.0165325032
-0.08 0.08 0.0293624555
-0.08 0.09 0.0167293321
-0.08 0.09 0.0294319116
-0.08 0.1 0.0169152986
-0.08 0.1 0.0288594018
-0.08 0.11 0.0170249997
-0.08 0.11 0.0283753453
-0.08 0.12 0.0171873342
-0.08 0.12 0.0277214109
-0.08 0.13 0.0171311532
-0.08 0.13 0.0275329934
-0.08 0.135059013 0.010678011
-0.08 0.14 0.00573701488
-0.08 0.14 0.0271789132
-0.08 0.15 0.00578132259
-0.08 0.15 0.0262981664
-0.08 0.155109711 -0.069321989
-0.08 0.16 -0.0742122902
-0.08 0.155110779 -0.059321989
-0.08 0.16 0.0059627019
-0.08 0.16 0.0259250222
-0.08 0.164890289 -0.069321989
-0.08 0.17 -0.0629482926
-0.0850277519 0.16 -0.049321989
-0.08 0.166070938 -0.049321989
-0.08 0.16 -0.0544327606
-0.0850733566 0.16 -0.039321989
-0.08 0.1659935 -0.039321989
-0.08 0.165933914 -0.029321989
-0.08 0.165734367 -0.019321989
-0.08 0.165733604 -0.00932198895
-0.08 0.165656548 0.000678011047
-0.08 0.17 0.0255659257
-0.08 0.18 -0.0619384231
-0.08 0.18 0.0244286023
-0.08 0.186440086 -0.069321989
-0.08 0.19 -0.0728819193
-0.0865605927 0.19 -0.049321989
-0.08 0.19 -0.0513747491
-0.08 0.184920807 -0.049321989
-0.08 0.187919769 -0.039321989
-0.0885083199 0.19 -0.039321989
-0.08 0.19 -0.0319059647
-0.0812409973 0.19 -0.029321989
-0.08 0.19 -0.0274114264
-0.08 0.187250633 -0.019321989
-0.08 0.189790764 -0.00932198895
-0.0808764648 0.19 -0.00932198895
-0.0852438354 0.19 0.000678011047
-0.08 0.19 -0.00872828854
-0.08 0.19 0.0208118306
-0.08 0.190348778 -0.029321989
-0.08 0.19156208 0.000678011047
-0.0857418251 0.2 0.010678011
-0.08 0.2 0.00925860988
-0.08 0.2 0.0145549451
-0.08 0.190390472 0.020678011
-0.08 0.205123901 0.010678011
-0.0830492401 0.21 0.010678011
-0.08 0.211376266 0.010678011
-0.08 0.22 0.00666499721
-0.08 0.213186531 0.020678011
-0.08 0.23 0.00619517909
-0.09 0.224332733 0.020678011
-0.09 0.23 0.015087782
-0.0843065071 0.23 0.020678011
-0.07 -0.233922442 0.010678011
-0.07 -0.23 0.00675556766
-0.07 -0.234196987 0.020678011
-0.07 -0.22 0.00911699878
-0.07 -0.23 0.0248749982
-0.07 -0.22 0.0240057336
-0.07 -0.21 0.00758668529
-0.07 -0.21 0.02291247
-0.0740564728 -0.2 -0.069321989
-0.07 -0.204056463 -0.069321989
-0.07 -0.2 -0.0733784522
-0.07 -0.201694474 -0.059321989
-0.07 -0.200992532 -0.049321989
-0.07 -0.20129045 -0.039321989
-0.077206192 -0.2 -0.029321989
-0.07 -0.2 -0.0354102267
-0.07 -0.2 -0.0232215251
-0.07 -0.201063323 -0.019321989
-0.07 -0.202603617 -0.00932198895
-0.07 -0.203649287 0.000678011047
-0.07 -0.2 0.0247880231
-0.07 -0.195943537 -0.069321989
-0.07 -0.19 -0.0624239196
-0.07 -0.197928753 -0.029321989
-0.07 -0.19 0.0266977273
-0.07 -0.18 -0.0634896411
-0.07 -0.18 0.0267879354
-0.07 -0.17525558 0.000678011047
-0.07 -0.17 0.0056999837
-0.07 -0.17 0.0272825681
-0.07 -0.16 0.0057578622
-0.07 -0.16 0.0276873075
-0.07 -0.155079851 0.010678011
-0.07 -0.15 0.0168331777
-0.07 -0.15 0.0283985768
-0.07 -0.14 0.0166373788
-0.0750413132 -0.14 0.010678011
-0.07 -0.14 0.0287424623
-0.07 -0.13 0.016893488
-0.07 -0.13 0.0287655603
-0.07 -0.12 0.0166026364
-0.07 -0.12 0.0293432675
-0.07 -0.11 0.0165056668
-0.07 -0.11 0.0295629846
-0.07 -0.1 0.0163152658
-0.07 -0.1 0.0302628671
-0.07 -0.09 0.0163630448
-0.07 -0.09 0.0305358659
-0.07 -0.08 0.0162805616
-0.07 -0.08 0.0303286706
-0.07 -0.07 0.0162687551
-0.076101799 -0.07 0.030678011
-0.07 -0.07 0.0303575383
-0.07 -0.06 0.0161561929
-0.0745490074 -0.06 0.030678011
-0.07 -0.06 0.0306627427
-0.07 -0.05 0.0161550199
-0.07 -0.0592810249 0.030678011
-0.07 -0.05 0.03087278
-0.07 -0.04 0.016069523
-0.07 -0.04 0.0310251962
-0.07 -0.03 0.0161951219
-0.07 -0.03 0.031380087
-0.07 -0.02 0.0162182294
-0.07 -0.02 0.0311098634
-0.07 -0.01 0.0163153802
-0.07 -0.01 0.0312921678
-0.07 0 0.0162231504
-0.07 0 0.0314211808
-0.07 0.01 0.0160882436
-0.07 0.01 0.0309689199
-0.07 0.02 0.016162058
-0.07 0.02 0.0311927377
-0.07 0.03 0.0163444196
-0.07 0.03 0.0308760034
-0.07 0.04 0.0163203488
-0.07 0.04 0.0308997213
-0.07 0.05 0.0163409768
-0.0736327744 0.05 0.030678011
-0.07 0.05 0.0304763566
-0.07 0.0454137039 0.030678011
-0.07 0.06 0.0164109479
-0.070467968 0.06 0.030678011
-0.07 0.0588992882 0.030678011
-0.07 0.06 0.0307034455
-0.07 0.07 0.0165438424
-0.07 0.07 0.030589615
-0.07 0.0623672867 0.030678011
-0.07 0.08 0.0165752851
-0.07 0.08 0.0298103295
-0.07 0.09 0.0167550241
-0.07 0.09 0.0297034513
-0.07 0.1 0.0167658578
-0.07 0.1 0.0288783895
-0.07 0.11 0.0168460523
-0.07 0.11 0.0289274751
-0.07 0.12 0.0170203458
-0.07 0.12 0.0283558618
-0.07 0.13 0.017253748
-0.07 0.13 0.0274915277
-0.07 0.14 0.0173052941
-0.0750590134 0.14 0.010678011
-0.07 0.14 0.0271594297
-0.07 0.145115051 0.010678011
-0.07 0.15 0.00579308139
-0.07 0.15 0.0266802369
-0.07 0.155029755 -0.069321989
-0.07 0.16 -0.0742922355
-0.07 0.155031204 -0.059321989
-0.07 0.16 0.00584113704
-0.07 0.16 0.0261281835
-0.07 0.164970245 -0.069321989
-0.07 0.17 -0.0630854525
-0.07 0.166041527 -0.049321989
-0.07 0.16 -0.0543532003
-0.07 0.1659618 -0.039321989
-0.07 0.165820923 -0.029321989
-0.07 0.165705261 -0.019321989
-0.07 0.165542183 -0.00932198895
-0.07 0.1655373 0.000678011047
-0.07 0.17 0.0250473558
-0.07 0.18 -0.0621879686
-0.07 0.18 0.0247851049
-0.0749515915 0.19 -0.079321989
-0.07 0.185048409 -0.079321989
-0.07 0.19 -0.0842735804
-0.07 0.19 -0.0621632947
-0.0764400673 0.19 -0.069321989
-0.0739287376 0.19 -0.049321989
-0.07 0.19 -0.0446474828
-0.07 0.186244888 -0.039321989
-0.07 0.187563171 -0.029321989
-0.0777967453 0.19 -0.029321989
-0.07 0.188225212 -0.019321989
-0.07 0.187946434 -0.00932198895
-0.07 0.189723091 0.000678011047
-0.0708379364 0.19 0.000678011047
-0.07 0.19 0.00101638423
-0.07 0.19 0.0219142781
-0.07 0.191392632 -0.049321989
-0.07 0.2 0.00905771838
-0.07 0.2 0.0151953088
-0.07 0.193251572 0.020678011
-0.07 0.202989273 0.010678011
-0.07 0.21256012 0.010678011
-0.07 0.22 0.00603984462
-0.07 0.213025055 0.020678011
-0.07 0.23 0.00602329837
-0.06 -0.234567062 0.010678011
-0.06 -0.23 0.00611095058
-0.06 -0.233892367 0.020678011
-0.06 -0.22 0.00870277988
-0.06 -0.23 0.0245703755
-0.06 -0.22 0.0240158521
-0.06 -0.21 0.00798066722
-0.06 -0.21 0.024290186
-0.06 -0.2 -0.063235165
-0.0659435272 -0.2 -0.069321989
-0.06 -0.203913178 -0.059321989
-0.06 -0.202761493 -0.049321989
-0.06 -0.200693169 -0.039321989
-0.0652758408 -0.2 -0.029321989
-0.06 -0.20174334 -0.029321989
-0.06 -0.202745209 -0.019321989
-0.06 -0.20199347 -0.00932198895
-0.06 -0.202417464 0.000678011047
-0.06 -0.2 0.0248766767
-0.06 -0.19 -0.0622372736
-0.06 -0.19 0.0262506734
-0.06 -0.18 -0.0636075224
-0.06 -0.18 0.0270066892
-0.06 -0.175280752 0.000678011047
-0.06 -0.17 0.00584327327
-0.06 -0.17 0.0275796376
-0.06 -0.165165262 0.010678011
-0.06 -0.16 0.0169434701
-0.0650798416 -0.16 0.010678011
-0.06 -0.16 0.0280008279
-0.06 -0.15 0.00571553813
-0.0649624634 -0.15 0.010678011
-0.06 -0.154962473 0.010678011
-0.06 -0.15 0.0286317788
-0.06 -0.145037527 0.010678011
-0.06 -0.14 0.0168250047
-0.06 -0.14 0.0286410009
-0.06 -0.13 0.0165245019
-0.06 -0.13 0.0290080987
-0.06 -0.12 0.0165300237
-0.06 -0.12 0.029188572
-0.06 -0.11 0.0164372026
-0.06 -0.11 0.0294138204
-0.06 -0.1 0.0164113008
-0.06 -0.1 0.0301477681
-0.06 -0.09 0.0164012776
-0.06 -0.09 0.0300732003
-0.06 -0.08 0.0163586675
-0.06 -0.0840986443 0.030678011
-0.06540411 -0.08 0.030678011
-0.06 -0.08 0.0310696374
-0.06 -0.07 0.0162850343
-0.0640351295 -0.07 0.030678011
-0.06 -0.07 0.0308891069
-0.06 -0.06 0.0162732946
-0.0696505928 -0.06 0.030678011
-0.06 -0.06 0.0310834085
-0.06 -0.05 0.0161912023
-0.06 -0.05 0.0313539086
-0.06 -0.04 0.0161032258
-0.06 -0.04 0.0314497338
-0.06 -0.03 0.0160688745
-0.06 -0.03 0.0309524213
-0.06 -0.02 0.0161144029
-0.06 -0.02 0.031008669
-0.06 -0.01 0.0161330091
-0.06 -0.01 0.0312038766
-0.06 0 0.0161780034
-0.06 0 0.0313679467
-0.06 0.01 0.0161072789
-0.06 0.01 0.0314359532
-0.06 0.02 0.0162622892
-0.06 0.02 0.0314447366
-0.06 0.03 0.0162346898
-0.06 0.03 0.0313239061
-0.06 0.04 0.0162892781
-0.0618555069 0.04 0.030678011
-0.06 0.04 0.0306241094
-0.06 0.0392453575 0.030678011
-0.06 0.05 0.0163645135
-0.06 0.05 0.0303932057
-0.06 0.06 0.0163695012
-0.068524189 0.06 0.030678011
-0.06 0.06 0.0305314504
-0.06 0.07 0.0164367925
-0.0609423065 0.07 0.030678011
-0.06 0.0694511414 0.030678011
-0.06 0.07 0.030686308
-0.06 0.08 0.0165521775
-0.06 0.08 0.0300426828
-0.06 0.0701353836 0.030678011
-0.06 0.09 0.0166746675
-0.06 0.09 0.0301965486
-0.06 0.1 0.0167024194
-0.06 0.1 0.0290686475
-0.06 0.11 0.016973692
-0.06 0.11 0.0286921083
-0.06 0.12 0.0169297849
-0.06 0.12 0.0287706529
-0.06 0.13 0.0172405778
-0.06 0.13 0.0282246076
-0.06 0.14 0.017341858
-0.06 0.14 0.0272015344
-0.06 0.145165329 0.010678011
-0.06 0.15 0.00584334003
-0.06 0.15 0.0268810903
-0.06 0.16 0.00579363452
-0.06 0.16 0.0263118993
-0.0650297546 0.16 -0.069321989
-0.06 0.17 -0.0743083419
-0.0649863625 0.17 -0.069321989
-0.06 0.165013657 -0.069321989
-0.06 0.166117134 -0.059321989
-0.0650312042 0.16 -0.059321989
-0.06 0.165840645 -0.049321989
-0.06 0.165864449 -0.039321989
-0.06 0.165724754 -0.029321989
-0.06 0.165614738 -0.019321989
-0.06 0.165592918 -0.00932198895
-0.06 0.165453033 0.000678011047
-0.06 0.17 0.0256189595
-0.06 0.174986343 -0.069321989
-0.06 0.18 -0.0625592269
-0.06 0.18 0.0242995797
-0.0650484085 0.19 -0.079321989
-0.07 0.19 -0.0743703975
-0.06 0.185564346 -0.069321989
-0.06 0.19 -0.0737576581
-0.0644356728 0.19 -0.069321989
-0.0633863068 0.19 -0.049321989
-0.06 0.19 -0.0504904546
-0.06 0.187682228 -0.049321989
-0.06 0.19 -0.0421245088
-0.0614893341 0.19 -0.039321989
-0.0614762306 0.19 -0.029321989
-0.06 0.19 -0.0268907536
-0.06 0.188848114 -0.019321989
-0.06 0.188904343 -0.00932198895
-0.0684337616 0.19 0.000678011047
-0.06 0.19 -0.0047811736
-0.06 0.19 0.022587124
-0.06 0.190364647 -0.039321989
-0.06 0.190220528 -0.029321989
-0.06 0.19088089 0.000678011047
-0.06 0.2 0.0104785405
-0.06 0.2 0.0118463479
-0.06 0.195290718 0.020678011
-0.06 0.200429916 0.010678011
-0.06 0.212524681 0.010678011
-0.06 0.22 0.00605326282
-0.06 0.21106472 0.020678011
-0.06 0.23 0.00614264117
-0.0542252541 -0.24 0.020678011
-0.05 -0.244225252 0.020678011
-0.05 -0.24 0.016452757
-0.05 -0.234705629 0.010678011
-0.05 -0.23 0.0059723817
-0.05 -0.22 0.00852641688
-0.05 -0.23 0.0246639024
-0.05 -0.22 0.0237483083
-0.05 -0.21 0.00811995135
-0.05 -0.21 0.024451357
-0.0547411156 -0.2 -0.069321989
-0.05 -0.204741125 -0.069321989
-0.05 -0.2 -0.0740631129
-0.05 -0.202895875 -0.059321989
-0.05 -0.201303473 -0.049321989
-0.05 -0.202294211 -0.039321989
-0.05 -0.200657339 -0.029321989
-0.05 -0.202458916 -0.019321989
-0.05 -0.202943091 -0.00932198895
-0.05 -0.201452475 0.000678011047
-0.05 -0.2 0.0253948079
-0.05 -0.195258875 -0.069321989
-0.05 -0.19 -0.0624672212
-0.05 -0.19 0.025899912
-0.05 -0.18 -0.0634967293
-0.05 -0.18 0.0271144544
-0.05 -0.175202103 0.000678011047
-0.05 -0.17 0.00585859882
-0.05 -0.17 0.0278359281
-0.0549581146 -0.16 0.010678011
-0.05 -0.16 0.00571988689
-0.05 -0.16 0.0283562242
-0.05 -0.15 0.0168369733
-0.05 -0.155041876 0.010678011
-0.0550375366 -0.15 0.010678011
-0.05 -0.15 0.0278427373
-0.05 -0.14 0.016954981
-0.05 -0.14 0.0285958634
-0.05 -0.13 0.016728798
-0.05 -0.13 0.0290021287
-0.05 -0.12 0.0166124116
-0.05 -0.12 0.029591137
-0.05 -0.11 0.0164427339
-0.05 -0.11 0.0300610982
-0.05 -0.1 0.0164570199
-0.05 -0.1 0.0302671777
-0.05 -0.09 0.0164082013
-0.05 -0.09 0.0304441415
-0.05 -0.08 0.0163789617
-0.0504574585 -0.08 0.030678011
-0.05 -0.08 0.0306568204
-0.05 -0.07 0.016254326
-0.05 -0.0794015121 0.030678011
-0.05 -0.07 0.0309819852
-0.05 -0.06 0.0161867772
-0.05 -0.06 0.0309733354
-0.05 -0.05 0.0160615121
-0.05 -0.05 0.0314376413
-0.05 -0.04 0.0162348519
-0.05 -0.04 0.0314947568
-0.05 -0.03 0.0161155759
-0.05 -0.03 0.0316167985
-0.05 -0.02 0.0161863099
-0.05 -0.02 0.0315886556
-0.05 -0.01 0.0161300241
-0.05 -0.01 0.0312848626
-0.05 0 0.0162561189
-0.05 0 0.0316262685
-0.05 0.01 0.0161326562
-0.05 0.01 0.0312724649
-0.05 0.02 0.0160880815
-0.05 0.02 0.0312381612
-0.05 0.03 0.0161318647
-0.0511461639 0.03 0.030678011
-0.05 0.03 0.0305980073
-0.05 0.0286852455 0.030678011
-0.05 0.04 0.0161841069
-0.0591469002 0.04 0.030678011
-0.05 0.0312885857 0.030678011
-0.05 0.04 0.0312410699
-0.05 0.05 0.0162551461
-0.0554375076 0.05 0.030678011
-0.05 0.05 0.0310197126
-0.05 0.06 0.0164232122
-0.0564285851 0.06 0.030678011
-0.05 0.06 0.030927292
-0.05 0.07 0.0165598928
-0.05 0.07 0.0305116712
-0.059476738 0.07 0.030678011
-0.05 0.0663119316 0.030678011
-0.05 0.08 0.0164051305
-0.05 0.08 0.0298137818
-0.05 0.09 0.0164726316
-0.05 0.09 0.0298828755
-0.05 0.1 0.0165727006
-0.05 0.1 0.0290466748
-0.05 0.11 0.0167582093
-0.05 0.11 0.0291703569
-0.05 0.12 0.0169556676
-0.05 0.12 0.0285434304
-0.05 0.13 0.0169375383
-0.05 0.13 0.028383566
-0.05 0.14 0.017103449
-0.05 0.14 0.0279034864
-0.05 0.15 0.0173940526
-0.055165329 0.15 0.010678011
-0.05 0.15 0.0271786843
-0.05 0.155183907 0.010678011
-0.05 0.16 0.00586192714
-0.05 0.16 0.0264183293
-0.05 0.17 -0.0632882632
-0.0550136375 0.17 -0.069321989
-0.05 0.166033745 -0.059321989
-0.05 0.165848999 -0.049321989
-0.05 0.165771103 -0.039321989
-0.05 0.165640488 -0.029321989
-0.05 0.165539894 -0.019321989
-0.05 0.165453033 -0.00932198895
-0.05 0.165385323 0.000678011047
-0.05 0.17 0.0259970246
-0.05 0.18 -0.0622419084
-0.05 0.18 0.0251616059
-0.05 0.19 -0.0634380664
-0.0555643272 0.19 -0.069321989
-0.0538467216 0.19 -0.049321989
-0.05 0.187398376 -0.039321989
-0.05 0.19 -0.0464052428
-0.0579587555 0.19 -0.039321989
-0.05 0.19 -0.0318386687
-0.0541376305 0.19 -0.019321989
-0.0565576935 0.19 -0.00932198895
-0.0544760323 0.19 0.000678011047
-0.05 0.19 -0.00270547284
-0.05 0.189050636 0.000678011047
-0.05 0.19 0.00197005855
-0.05 0.19 0.0213535558
-0.05 0.190492363 -0.049321989
-0.05 0.19053154 -0.029321989
-0.05 0.190542564 -0.019321989
-0.05 0.191230507 -0.00932198895
-0.05 0.2 0.010516039
-0.05 0.2 0.0119033967
-0.05 0.193050995 0.020678011
-0.05 0.200116997 0.010678011
-0.05 0.215122681 0.010678011
-0.05 0.22 0.00604181873
-0.05 0.21135479 0.020678011
-0.05 0.23 0.0060357915
-0.04 -0.234740367 0.010678011
-0.04 -0.23 0.00593764888
-0.0457747459 -0.24 0.020678011
-0.04 -0.234192505 0.020678011
-0.04 -0.220250208 0.010678011
-0.0409088898 -0.22 0.010678011
-0.04 -0.22 0.011186081
-0.04 -0.23 0.0248705159
-0.04 -0.22 0.0242391645
-0.04 -0.219005995 0.010678011
-0.04 -0.21 0.00821862804
-0.04 -0.21 0.0238080655
-0.04 -0.2 -0.0498721088
-0.0471041298 -0.2 -0.059321989
-0.04 -0.200550117 -0.049321989
-0.04 -0.201352916 -0.039321989
-0.04 -0.201934485 -0.029321989
-0.04 -0.200607271 -0.019321989
-0.04 -0.201763377 -0.00932198895
-0.04 -0.202504611 0.000678011047
-0.04 -0.2 0.0253225194
-0.04 -0.193688931 -0.059321989
-0.0452588844 -0.2 -0.069321989
-0.04 -0.19 -0.0630109204
-0.04 -0.19 0.0265898477
-0.04 -0.18 -0.0635808743
-0.04 -0.18 0.0268388425
-0.04 -0.175281062 0.000678011047
-0.04 -0.17 0.00569937335
-0.04 -0.17 0.0274389039
-0.04 -0.165021362 0.010678011
-0.04 -0.16 0.0169410287
-0.0450418854 -0.16 0.010678011
-0.04 -0.16 0.0276688157
-0.04 -0.15 0.0167615377
-0.04 -0.15 0.0283063184
-0.04 -0.14 0.0166117822
-0.04 -0.14 0.0284922277
-0.04 -0.13 0.016653906
-0.04 -0.13 0.0290361081
-0.04 -0.12 0.0165603887
-0.04 -0.12 0.030074011
-0.04 -0.11 0.0164056455
-0.04 -0.11 0.0295256291
-0.04 -0.1 0.0164290868
-0.04 -0.1 0.0303747522
-0.04 -0.09 0.0163073407
-0.04 -0.0941747665 0.030678011
-0.0448132324 -0.09 0.030678011
-0.04 -0.09 0.0308775197
-0.04 -0.08 0.0162121068
-0.04 -0.08 0.0306520425
-0.04 -0.0811258888 0.030678011
-0.04 -0.07 0.0162925778
-0.04 -0.0792801094 0.030678011
-0.04 -0.07 0.0310065137
-0.04 -0.06 0.0161601316
-0.04 -0.06 0.0312850247
-0.04 -0.05 0.0160384236
-0.04 -0.05 0.0311982595
-0.04 -0.04 0.0160923158
-0.04 -0.04 0.0313719236
-0.04 -0.03 0.0159898053
-0.04 -0.03 0.0316713391
-0.04 -0.02 0.0160557042
-0.04 -0.02 0.0316704141
-0.04 -0.01 0.0159728013
-0.04 -0.01 0.0313529073
-0.04 0 0.0161737882
-0.04 0 0.0316507302
-0.04 0.01 0.0159950696
-0.04 0.01 0.0315564023
-0.04 0.02 0.0160893689
-0.04 0.02 0.0314978086
-0.04 0.03 0.0159947549
-0.0484489441 0.03 0.030678011
-0.04 0.03 0.0311570703
-0.04 0.04 0.0161608564
-0.04 0.04 0.0314108239
-0.04 0.05 0.0162346612
-0.04 0.05 0.0307287084
-0.04 0.06 0.0162593423
-0.04 0.06 0.0311908971
-0.04 0.07 0.0163294278
-0.04 0.07 0.0305790864
-0.04 0.0685363579 0.030678011
-0.04 0.08 0.0163185178
-0.04 0.08 0.0299107228
-0.04 0.09 0.016566845
-0.04 0.09 0.0299554883
-0.04 0.1 0.0165465413
-0.04 0.1 0.0291822969
-0.04 0.11 0.0167188893
-0.04 0.11 0.0292635976
-0.04 0.12 0.0167302381
-0.04 0.12 0.0286922704
-0.04 0.13 0.0171034204
-0.04 0.13 0.02793635
-0.04 0.14 0.0171550332
-0.04 0.14 0.0279181539
-0.0448772621 0.15 0.010678011
-0.04 0.145122757 0.010678011
-0.04 0.15 0.00580075847
-0.04 0.15 0.0273759233
-0.04 0.16 0.0058471738
-0.04 0.16 0.0265195333
-0.04 0.165878792 -0.059321989
-0.04 0.17 -0.0634432138
-0.04 0.16586647 -0.049321989
-0.04 0.165711784 -0.039321989
-0.04 0.165583839 -0.029321989
-0.04 0.1654776 -0.019321989
-0.04 0.165392876 -0.00932198895
-0.04 0.165378227 0.000678011047
-0.04 0.17 0.0262119733
-0.04 0.18 -0.0619671143
-0.04 0.18 0.0254777299
-0.04 0.19 -0.0637252058
-0.0452632141 0.19 -0.049321989
-0.04 0.19 -0.0500035538
-0.04 0.188490334 -0.049321989
-0.04 0.188269806 -0.039321989
-0.04 0.19 -0.0344154633
-0.0422813606 0.19 -0.019321989
-0.04 0.19 -0.0205464782
-0.04 0.189724655 -0.019321989
-0.04 0.19 -0.0106425704
-0.0476273346 0.19 0.000678011047
-0.04 0.19 0.02262138
-0.04 0.190979805 -0.029321989
-0.04 0.190025482 -0.00932198895
-0.04 0.192035522 0.000678011047
-0.04 0.19751194 0.010678011
-0.0492396164 0.2 0.010678011
-0.04 0.193449516 0.020678011
-0.04 0.21528801 0.010678011
-0.04 0.22 0.00615548717
-0.04 0.212645302 0.020678011
-0.04 0.224522514 0.010678011
-0.05 0.23 0.0153202306
-0.0453577805 0.23 0.010678011
-0.05 0.224880791 0.020678011
-0.04 0.23 0.0158773576
-0.044800663 0.23 0.020678011
-0.0349372292 -0.24 0.020678011
-0.03 -0.244937227 0.020678011
-0.03 -0.24 0.0157407819
-0.03 -0.234836051 0.010678011
-0.03 -0.23 0.0058419572
-0.0394739914 -0.22 0.010678011
-0.03 -0.22 0.0075896226
-0.03 -0.23 0.0247455751
-0.03 -0.22 0.023902279
-0.03 -0.21 0.00839779483
-0.03 -0.21 0.0247041856
-0.0337305832 -0.2 -0.059321989
-0.03 -0.203730588 -0.059321989
-0.03 -0.2 -0.0630525793
-0.03 -0.202730322 -0.049321989
-0.0300881386 -0.2 -0.039321989
-0.03 -0.2 -0.0393588961
-0.03 -0.2 -0.0391773738
-0.03 -0.201429081 -0.029321989
-0.03 -0.202566657 -0.019321989
-0.0325962639 -0.2 -0.00932198895
-0.03 -0.2 -0.0116558303
-0.03 -0.2 -0.007262329
-0.03 -0.202364674 0.000678011047
-0.03 -0.2 0.0253524743
-0.03 -0.19 -0.0627807297
-0.03 -0.199967575 -0.039321989
-0.03 -0.199007683 -0.00932198895
-0.03 -0.19 0.0261564218
-0.03 -0.18 -0.0636459149
-0.03 -0.18 0.0269819699
-0.03 -0.175074143 0.010678011
-0.03 -0.17 0.0170301305
-0.0350213623 -0.17 0.010678011
-0.03 -0.17 0.0273110829
-0.03 -0.16 0.0168305837
-0.03 -0.16 0.0280669938
-0.03 -0.15 0.016572157
-0.03 -0.15 0.0283591901
-0.03 -0.14 0.0165598737
-0.03 -0.14 0.0287292253
-0.03 -0.13 0.0164676725
-0.03 -0.13 0.028962103
-0.03 -0.12 0.0165743123
-0.03 -0.12 0.0291518365
-0.03 -0.11 0.0164158975
-0.03 -0.11 0.0297990953
-0.03 -0.1 0.0162847863
-0.03 -0.1 0.0306425344
-0.03 -0.09 0.0163950311
-0.03 -0.0978820705 0.030678011
-0.03 -0.09 0.0308061658
-0.03 -0.08 0.0162296353
-0.0395602417 -0.08 0.030678011
-0.03 -0.08 0.0312184392
-0.03 -0.07 0.016212927
-0.03 -0.07 0.0312545072
-0.03 -0.06 0.0161595021
-0.03 -0.06 0.0312422906
-0.03 -0.05 0.0161282788
-0.03 -0.05 0.0316749917
-0.03 -0.04 0.0160490571
-0.03 -0.04 0.0313307057
-0.03 -0.03 0.0161360894
-0.03 -0.03 0.0315827523
-0.03 -0.02 0.0161535703
-0.03 -0.02 0.0316348992
-0.03 -0.01 0.0161853467
-0.03 -0.01 0.0317331372
-0.03 0 0.0160734235
-0.03 0 0.0314061128
-0.03 0.01 0.0160305463
-0.03 0.01 0.0314862119
-0.03 0.02 0.0160970555
-0.03 0.02 0.0314980756
-0.03 0.03 0.0159876977
-0.03 0.03 0.0313742124
-0.03 0.04 0.0161683618
-0.03 0.04 0.0316513501
-0.03 0.05 0.0161371289
-0.03 0.05 0.030942341
-0.03 0.06 0.0162859498
-0.03 0.06 0.0310958253
-0.03 0.07 0.016191145
-0.03 0.07 0.0302022229
-0.03 0.0645924568 0.030678011
-0.03 0.08 0.016306883
-0.03 0.08 0.0305553685
-0.03 0.09 0.0164244233
-0.03 0.09 0.030286728
-0.03 0.1 0.0165925752
-0.03 0.1 0.0295836698
-0.03 0.11 0.0166367971
-0.03 0.11 0.0293489801
-0.03 0.12 0.0166614019
-0.03 0.12 0.0289485704
-0.03 0.13 0.0170197641
-0.03 0.13 0.0286476289
-0.0349308014 0.14 0.010678011
-0.03 0.135069199 0.010678011
-0.03 0.14 0.00574720012
-0.03 0.14 0.0279729806
-0.03 0.15 0.00572191821
-0.03 0.15 0.0278276692
-0.03 0.16 0.00599654781
-0.03 0.16 0.0269885694
-0.03 0.166004448 -0.059321989
-0.03 0.17 -0.0633175458
-0.03 0.165737419 -0.049321989
-0.03 0.165669746 -0.039321989
-0.03 0.165542908 -0.029321989
-0.03 0.165439186 -0.019321989
-0.03 0.165416222 -0.00932198895
-0.03 0.165341339 0.000678011047
-0.03 0.17 0.0262103139
-0.03 0.18 -0.0620432629
-0.03 0.18 0.0251798974
-0.0349263763 0.19 -0.069321989
-0.03 0.185073624 -0.069321989
-0.03 0.19 -0.0742483713
-0.0363005066 0.19 -0.049321989
-0.03 0.19 -0.0417723693
-0.03 0.189148254 -0.039321989
-0.03 0.18789772 -0.029321989
-0.0354826927 0.19 -0.029321989
-0.0383093071 0.19 -0.019321989
-0.03 0.19 -0.0229323186
-0.0307201004 0.19 0.000678011047
-0.03 0.19 -0.00414085759
-0.03 0.189745712 0.000678011047
-0.03 0.19 0.00110101329
-0.03 0.19 0.0233148824
-0.03 0.190892525 -0.049321989
-0.03 0.190745735 -0.019321989
-0.03 0.190205688 -0.00932198895
-0.03 0.196928024 0.010678011
-0.03 0.194368515 0.020678011
-0.03 0.212708054 0.010678011
-0.03 0.22 0.00604701625
-0.03 0.210608597 0.020678011
-0.0349642754 0.23 0.010678011
-0.03 0.23 0.00571372615
-0.02 -0.234872481 0.010678011
-0.02 -0.23 0.00580552684
-0.0250627708 -0.24 0.020678011
-0.02 -0.234393704 0.020678011
-0.02 -0.22 0.00748881923
-0.02 -0.23 0.0250717126
-0.02 -0.22 0.0239024125
-0.02 -0.21 0.00827117549
-0.02 -0.21 0.0250693093
-0.0245765877 -0.2 -0.069321989
-0.02 -0.204576592 -0.069321989
-0.02 -0.2 -0.073898579
-0.02 -0.2 -0.0504018892
-0.0262694168 -0.2 -0.059321989
-0.02 -0.201079898 -0.049321989
-0.0298904037 -0.2 -0.039321989
-0.02 -0.201674261 -0.039321989
-0.0270877457 -0.2 -0.029321989
-0.02 -0.2 -0.0357983102
-0.02 -0.2 -0.0219156207
-0.02 -0.200992723 -0.019321989
-0.0274950218 -0.2 -0.00932198895
-0.02 -0.202603655 -0.00932198895
-0.0216386032 -0.2 0.000678011047
-0.02 -0.2 -0.00133799924
-0.02 -0.2 0.00156775104
-0.02 -0.2 0.025744196
-0.02 -0.195423408 -0.069321989
-0.02 -0.2 -0.0647453989
-0.02 -0.19 -0.0629120244
-0.02 -0.193590035 -0.059321989
-0.02 -0.196633139 -0.029321989
-0.02 -0.199287291 0.000678011047
-0.02 -0.19 0.0261955606
-0.02 -0.18 -0.0634808864
-0.02 -0.18 0.0267986547
-0.024922924 -0.17 0.010678011
-0.02 -0.175340414 0.000678011047
-0.02 -0.17 0.00575508701
-0.03 -0.175229816 0.000678011047
-0.02 -0.17 0.0277733575
-0.02 -0.165077076 0.010678011
-0.02 -0.16 0.0167523347
-0.02 -0.16 0.0279913484
-0.02 -0.15 0.0166722547
-0.02 -0.15 0.0280843888
-0.02 -0.14 0.0166993581
-0.02 -0.14 0.028613783
-0.02 -0.13 0.0165081082
-0.02 -0.13 0.0288826905
-0.02 -0.12 0.016424471
-0.02 -0.12 0.0296641694
-0.02 -0.11 0.0164135705
-0.02 -0.11 0.0298250352
-0.02 -0.1 0.0162766992
-0.02 -0.1 0.0302701818
-0.02 -0.09 0.0162492047
-0.0281679344 -0.09 0.030678011
-0.02 -0.09 0.0301278077
-0.02 -0.08 0.016156212
-0.0240724945 -0.08 0.030678011
-0.02 -0.08 0.0303117715
-0.02 -0.07 0.0162690126
-0.02 -0.0734697723 0.030678011
-0.02 -0.07 0.0308758508
-0.02 -0.06 0.0161646711
-0.02 -0.06 0.0308920251
-0.02 -0.05 0.0161470948
-0.02 -0.05 0.031577612
-0.02 -0.04 0.0159968053
-0.02 -0.04 0.0314706575
-0.02 -0.03 0.0161643945
-0.02 -0.03 0.0317190419
-0.02 -0.02 0.0161465131
-0.02 -0.02 0.0317639314
-0.02 -0.01 0.0160506784
-0.02 -0.01 0.0318903695
-0.02 0 0.0160298596
-0.02 0 0.0318061982
-0.02 0.01 0.0160377561
-0.02 0.01 0.0316010629
-0.02 0.02 0.0161470471
-0.02 0.02 0.0315409623
-0.02 0.03 0.0161991655
-0.02 0.03 0.0316445123
-0.02 0.04 0.0161958181
-0.02 0.04 0.0319743596
-0.02 0.05 0.0162104093
-0.02 0.05 0.0311177121
-0.02 0.06 0.0162448274
-0.02 0.06 0.0312339555
-0.02 0.07 0.0162345468
-0.02 0.07 0.0305747949
-0.02 0.0684614182 0.030678011
-0.02 0.08 0.0162947522
-0.02 0.08 0.0306168996
-0.02 0.09 0.0164568006
-0.02 0.0859077835 0.030678011
-0.0209932137 0.09 0.030678011
-0.02 0.09 0.0307201539
-0.02 0.1 0.0164569436
-0.02 0.1 0.0302063333
-0.02 0.0908419037 0.030678011
-0.02 0.11 0.0165673982
-0.02 0.11 0.0293162786
-0.02 0.12 0.0168327676
-0.02 0.12 0.0292425595
-0.02 0.13 0.0169567739
-0.02 0.13 0.0286179792
-0.02 0.14 0.0170289003
-0.0250691986 0.14 0.010678011
-0.02 0.14 0.0284936486
-0.02 0.145167198 0.010678011
-0.02 0.15 0.0058452283
-0.02 0.15 0.0275525533
-0.02 0.16 0.00580319034
-0.02 0.16 0.0269720994
-0.02 0.165971642 -0.059321989
-0.02 0.17 -0.0633503593
-0.02 0.165707474 -0.049321989
-0.02 0.165723724 -0.039321989
-0.02 0.165518799 -0.029321989
-0.02 0.165349045 -0.019321989
-0.02 0.165391388 -0.00932198895
-0.02 0.165381088 0.000678011047
-0.02 0.17 0.0264539205
-0.02 0.18 -0.0624710621
-0.02 0.18 0.0255189572
-0.02 0.19 -0.0638682522
-0.0250736237 0.19 -0.069321989
-0.0266096306 0.19 -0.049321989
-0.02 0.19 -0.0511865486
-0.02 0.186393166 -0.049321989
-0.02 0.19 -0.0394028176
-0.0204665947 0.19 -0.039321989
-0.0255985641 0.19 -0.029321989
-0.02 0.187306366 -0.019321989
-0.02 0.19 -0.0249349488
-0.0274228668 0.19 -0.019321989
-0.02 0.19 -0.012136587
-0.0274752426 0.19 0.000678011047
-0.02 0.19 0.0221237432
-0.02 0.190021439 -0.039321989
-0.02 0.191643944 -0.029321989
-0.02 0.190885353 -0.00932198895
-0.02 0.190542717 0.000678011047
-0.02 0.1964534 0.010678011
-0.02 0.195914421 0.020678011
-0.02 0.214812698 0.010678011
-0.02 0.22 0.00596488582
-0.02 0.21320076 0.020678011
-0.01 -0.234893684 0.010678011
-0.01 -0.23 0.00578432666
-0.01 -0.234128693 0.020678011
-0.01 -0.22 0.00743200885
-0.01 -0.23 0.0248067056
-0.01 -0.22 0.0238408528
-0.01 -0.21 0.00853283511
-0.01 -0.21 0.0236191999
-0.0154234123 -0.2 -0.069321989
-0.01 -0.204335699 -0.059321989
-0.01 -0.2 -0.063657688
-0.0143356895 -0.2 -0.059321989
-0.01 -0.20231967 -0.049321989
-0.01 -0.200248518 -0.039321989
-0.0128554153 -0.2 -0.029321989
-0.01 -0.201283865 -0.029321989
-0.01 -0.202094359 -0.019321989
-0.01 -0.201286035 -0.00932198895
-0.0179137993 -0.2 0.000678011047
-0.01 -0.201683908 0.000678011047
-0.01 -0.2 0.0255421506
-0.01 -0.19 -0.0626061787
-0.01 -0.19 0.0265218888
-0.01 -0.18 -0.0635123624
-0.01 -0.18 0.0269935094
-0.01 -0.175317144 0.000678011047
-0.01 -0.17 0.00590167628
-0.01 -0.17 0.0275634729
-0.0148621368 -0.16 0.010678011
-0.01 -0.16 0.00581587421
-0.01 -0.16 0.0279546701
-0.01 -0.155137863 0.010678011
-0.01 -0.15 0.0166855489
-0.01 -0.15 0.0283641873
-0.01 -0.14 0.0166293393
-0.01 -0.14 0.0289503633
-0.01 -0.13 0.0166215192
-0.01 -0.13 0.0289179193
-0.01 -0.12 0.0165109788
-0.01 -0.12 0.0297917329
-0.01 -0.11 0.0162925874
-0.01 -0.11 0.0295603238
-0.01 -0.1 0.0162659799
-0.01 -0.1 0.0303450833
-0.01 -0.09 0.0163614999
-0.01 -0.093765583 0.030678011
-0.0126190376 -0.09 0.030678011
-0.01 -0.09 0.0308748208
-0.01 -0.08 0.016187893
-0.01 -0.08 0.0306104051
-0.01 -0.0825245667 0.030678011
-0.01 -0.07 0.0162748109
-0.01 -0.0792640686 0.030678011
-0.01 -0.07 0.0314633714
-0.01 -0.06 0.0160889016
-0.01 -0.06 0.0312200223
-0.01 -0.05 0.0160939752
-0.01 -0.05 0.031084839
-0.01 -0.04 0.0160181295
-0.01 -0.04 0.0312771855
-0.01 -0.03 0.0160994874
-0.01 -0.03 0.0319811021
-0.01 -0.02 0.015968052
-0.01 -0.02 0.0318392335
-0.01 -0.01 0.016080166
-0.01 -0.01 0.031909176
-0.01 0 0.0160139428
-0.01 0 0.0318817388
-0.01 0.01 0.016035925
-0.01 0.01 0.0318701135
-0.01 0.02 0.0161407148
-0.01 0.02 0.0318700658
-0.01 0.03 0.0161976777
-0.01 0.03 0.0317117749
-0.01 0.04 0.0161994897
-0.01 0.04 0.0315642511
-0.01 0.05 0.0161864244
-0.01 0.05 0.0310899793
-0.01 0.06 0.0162812482
-0.01 0.06 0.0311137353
-0.01 0.07 0.0162689267
-0.018423748 0.07 0.030678011
-0.01 0.07 0.031197487
-0.01 0.08 0.0163358174
-0.0179085922 0.08 0.030678011
-0.01 0.08 0.0309004747
-0.01 0.09 0.0163977967
-0.01 0.09 0.030367695
-0.0187819481 0.09 0.030678011
-0.01 0.084309082 0.030678011
-0.01 0.1 0.0166246186
-0.01 0.1 0.0302522145
-0.01 0.11 0.0166591989
-0.01 0.11 0.0300659619
-0.01 0.12 0.0168320905
-0.01 0.12 0.0292082749
-0.01 0.13 0.0169382249
-0.01 0.13 0.028324505
-0.01 0.14 0.0171901094
-0.01 0.14 0.028337761
-0.01 0.145028 0.010678011
-0.01 0.15 0.00570600139
-0.01 0.15 0.0276732598
-0.01 0.16 0.00578301059
-0.01 0.16 0.0269493829
-0.01 0.165873032 -0.059321989
-0.01 0.17 -0.0634489478
-0.01 0.16569973 -0.049321989
-0.01 0.165633354 -0.039321989
-0.01 0.165507584 -0.029321989
-0.01 0.165464211 -0.019321989
-0.01 0.165378952 -0.00932198895
-0.01 0.165251541 0.000678011047
-0.01 0.17 0.0266672193
-0.01 0.18 -0.062478701
-0.01 0.18 0.0258395349
-0.01 0.19 -0.0624331797
-0.0142533112 0.19 -0.049321989
-0.01 0.188890839 -0.039321989
-0.01 0.19 -0.0417731513
-0.0196720505 0.19 -0.039321989
-0.01 0.188262138 -0.029321989
-0.0141924667 0.19 -0.029321989
-0.0143938637 0.19 -0.019321989
-0.01 0.19 -0.0251362552
-0.0127687454 0.19 0.000678011047
-0.01 0.19 -0.00127801312
-0.01 0.189719696 0.000678011047
-0.01 0.19 0.0011692773
-0.01 0.19 0.0226816808
-0.01 0.191238861 -0.049321989
-0.01 0.19170929 -0.019321989
-0.01 0.19075695 -0.00932198895
-0.01 0.196351509 0.010678011
-0.01 0.194780388 0.020678011
-0.0128269196 0.21 0.020678011
-0.01 0.20409977 0.020678011
-0.01 0.21 0.0189221631
-0.01 0.21 0.0223766957
-0.01 0.22 0.0173401891
-0.0152868652 0.22 0.010678011
0 -0.234897369 0.010678011
0 -0.23 0.00578064548
0 -0.234313108 0.020678011
0 -0.22 0.00847917186
0 -0.23 0.0249911176
0 -0.22 0.0235613404
0 -0.21 0.00763457881
0 -0.21 0.0236937104
0 -0.202175097 -0.059321989
0 -0.2 -0.0614970888
0 -0.201378217 -0.049321989
0 -0.201626163 -0.039321989
-0.000569458008 -0.2 -0.029321989
0 -0.2 -0.0297179355
0 -0.2 -0.0287270726
0 -0.2013306 -0.019321989
0 -0.202052832 -0.00932198895
-0.00315933228 -0.2 0.000678011047
0 -0.2 -0.00200950993
0 -0.2 0.00254288303
0 -0.2 0.0252293454
0 -0.19 -0.0622256388
0 -0.199863811 -0.029321989
0 -0.198896918 0.000678011047
0 -0.19 0.0264785825
0 -0.18 -0.063525349
0 -0.18 0.0269544278
0 -0.175308895 0.000678011047
0 -0.17 0.00579086887
0 -0.17 0.0274061929
0 -0.165112858 0.010678011
0 -0.16 0.01697291
-0.00513786316 -0.16 0.010678011
0 -0.16 0.0282227574
0 -0.15 0.0167156278
0 -0.15 0.0279616223
0 -0.14 0.0166719972
0 -0.14 0.0287689839
0 -0.13 0.0164960347
0 -0.13 0.0290233003
0 -0.12 0.0165952073
0 -0.12 0.0294527017
0 -0.11 0.0164150201
0 -0.11 0.029874426
0 -0.1 0.0164295255
0 -0.1 0.0300935613
0 -0.09 0.0163395749
-0.00652177811 -0.09 0.030678011
0 -0.09 0.030291668
0 -0.08 0.0162527619
-0.00416284561 -0.08 0.030678011
0 -0.0811382675 0.030678011
0 -0.08 0.0307239114
0 -0.07 0.0162448274
0 -0.07 0.030991398
0 -0.06 0.0161167775
0 -0.06 0.0306991349
0 -0.05 0.0161294709
0 -0.05 0.0313777219
0 -0.04 0.0160546266
0 -0.04 0.030990616
0 -0.03 0.0160853158
0 -0.03 0.0315733014
0 -0.02 0.0159670125
0 -0.02 0.0316292726
0 -0.01 0.0161093293
0 -0.01 0.0319456159
0 0 0.0161150228
0 0 0.0315682088
0 0.01 0.0160378896
0 0.01 0.0320494805
0 0.02 0.0160686647
0 0.02 0.0318667852
0 0.03 0.0161018811
0 0.03 0.0315582048
0 0.04 0.0160509549
0 0.04 0.0315650617
0 0.05 0.0161496888
0 0.05 0.0310994111
0 0.06 0.0162412606
0 0.06 0.0312561475
0 0.07 0.0162816011
0 0.07 0.0312279187
0 0.08 0.0162553846
-0.000181980133 0.08 0.030678011
0 0.08 0.0306737672
0 0.0799254227 0.030678011
0 0.09 0.0164244519
0 0.09 0.0303689538
0 0.1 0.0165121518
0 0.1 0.0301404439
0 0.11 0.0168225061
0 0.11 0.0300399171
0 0.12 0.0167999135
0 0.12 0.0294584523
0 0.13 0.0168850099
0 0.13 0.0287656175
0 0.14 0.0169977437
0 0.14 0.0280990468
0 0.145107956 0.010678011
0 0.15 0.00578596698
0 0.15 0.0280315934
0 0.16 0.00598196612
0 0.16 0.0273457395
0 0.165804672 -0.059321989
0 0.17 -0.0635173239
0 0.16579319 -0.049321989
0 0.165641861 -0.039321989
0 0.165502968 -0.029321989
0 0.165470047 -0.019321989
0 0.165384369 -0.00932198895
0 0.165256538 0.000678011047
0 0.17 0.0262041627
0 0.18 -0.0624703206
0 0.18 0.0255258237
0 0.19 -0.0630384172
-0.00464109421 0.19 -0.049321989
0 0.19 -0.0510373749
0 0.187354584 -0.049321989
0 0.189243202 -0.039321989
0 0.18913372 -0.029321989
0 0.19 -0.0264616383
0 0.19 -0.000285695923
0 0.189775543 0.000678011047
0 0.19 0.00107794391
0 0.19 0.0236232434
0 0.191247711 -0.019321989
0 0.191386032 -0.00932198895
0 0.196256065 0.010678011
0 0.193986588 0.020678011
0 0.209269257 0.020678011
0 0.21 0.0204513227
0 0.21 0.0209215604
0.01 -0.234657103 0.010678011
0.01 -0.23 0.00602090465
0.01 -0.233919846 0.020678011
0.01 -0.22 0.00588594066
0.01 -0.23 0.0245978604
0.01 -0.22 0.0233236848
0.01 -0.21 0.00676796542
0.01 -0.21 0.0257119332
0.01 -0.204786105 -0.059321989
0.01 -0.2 -0.0641080941
0.00389949799 -0.2 -0.049321989
0.01 -0.2 -0.0514630236
0.00984090805 -0.2 -0.039321989
0.01 -0.2 -0.0390832509
0.01 -0.201220827 -0.029321989
0.000587081909 -0.2 -0.029321989
0.00350074768 -0.2 -0.019321989
0.01 -0.2 -0.0257891168
0.00940254211 -0.2 -0.00932198895
0.01 -0.2 -0.00859365834
0.01 -0.202227616 0.000678011047
0.00312410355 -0.2 0.000678011047
0.01 -0.2 0.0248510038
0.01 -0.19 -0.0622766413
0.01 -0.195618677 -0.049321989
0.01 -0.199947662 -0.039321989
0.01 -0.197299757 -0.019321989
0.01 -0.199745035 -0.00932198895
0.01 -0.19 0.0261239301
0.01 -0.18 -0.0632909025
0.01 -0.18 0.026862198
0.01 -0.175472035 0.000678011047
0.01 -0.17 0.00580099689
0.01 -0.17 0.0279081212
0.00501899719 -0.16 0.010678011
0.01 -0.16 0.00569700824
0.01 -0.16 0.0274912416
0.01 -0.155018997 0.010678011
0.01 -0.15 0.0166489183
0.01 -0.15 0.0279907762
0.01 -0.14 0.016593176
0.01 -0.14 0.0285455857
0.01 -0.13 0.0165967713
0.01 -0.13 0.028732916
0.01 -0.12 0.0164921056
0.01 -0.12 0.0298810063
0.01 -0.11 0.0163522779
0.01 -0.11 0.0296452771
0.01 -0.1 0.0162284337
0.01 -0.1 0.0301390039
0.01 -0.09 0.0161973249
0.01 -0.09 0.0299573289
0.01 -0.08 0.0162379228
0.00537160873 -0.08 0.030678011
0.01 -0.08 0.0306355153
0.01 -0.07 0.0161884843
0.01 -0.0739261627 0.030678011
0.01 -0.07 0.0307045518
0.01 -0.06 0.0160340749
0.0040312767 -0.06 0.030678011
0.01 -0.06 0.0306476842
0.01 -0.0654489326 0.030678011
0.01 -0.05 0.016117159
0.01 -0.0595728683 0.030678011
0.01 -0.05 0.0313619195
0.01 -0.04 0.0159227239
0.01 -0.04 0.0312828122
0.01 -0.03 0.0160296498
0.01 -0.03 0.0312606298
0.01 -0.02 0.0160027372
0.01 -0.02 0.0312985574
0.01 -0.01 0.0160342656
0.01 -0.01 0.0316775571
0.01 0 0.0160603105
0.01 0 0.0315300904
0.01 0.01 0.0160636769
0.01 0.01 0.0318143235
0.01 0.02 0.0161076413
0.01 0.02 0.0315635358
0.01 0.03 0.0161054479
0.01 0.03 0.0311098252
0.01 0.04 0.0160625993
0.01 0.04 0.0315342675
0.01 0.05 0.0161259423
0.01 0.05 0.0312824021
0.01 0.06 0.0162396489
0.01 0.06 0.0312164174
0.01 0.07 0.0162441407
0.01 0.07 0.0310732328
0.01 0.08 0.0163684426
0.01 0.08 0.030190178
0.01 0.0744596863 0.030678011
0.01 0.09 0.0165309392
0.01 0.09 0.0305940591
0.01 0.1 0.0165486394
0.01 0.1 0.0306499253
0.01 0.11 0.0166013013
0.01 0.11 0.0295947229
0.01 0.12 0.0169957124
0.01 0.12 0.0298839246
0.01 0.13 0.0169768487
0.01 0.13 0.0288680516
0.00513450623 0.14 0.010678011
0.01 0.135134506 0.010678011
0.01 0.14 0.00581250774
0.01 0.14 0.0281367551
0.01 0.15 0.00573617564
0.01 0.15 0.0281628572
0.01 0.16 0.00579794513
0.01 0.16 0.0274284516
0.01 0.165829163 -0.059321989
0.01 0.17 -0.0634928383
0.01 0.165661087 -0.049321989
0.01 0.16559391 -0.039321989
0.01 0.165599365 -0.029321989
0.01 0.165423088 -0.019321989
0.01 0.165404205 -0.00932198895
0.01 0.165337372 0.000678011047
0.01 0.17 0.0265073167
0.01 0.18 -0.0622109355
0.01 0.18 0.0261167394
0.00534738541 0.19 -0.069321989
0.01 0.185347404 -0.069321989
0.01 0.19 -0.0739746012
0.01 0.19 -0.0512421788
0.01 0.187062912 -0.049321989
0.01 0.189824753 -0.039321989
0.01 0.189076271 -0.029321989
0.01 0.189367561 -0.019321989
0.00771711349 0.19 -0.019321989
0.01 0.19 -0.015445527
0.00246829987 0.19 0.000678011047
0.01 0.19 0.0237406884
0.01 0.190668068 -0.00932198895
0.01 0.190511627 0.000678011047
0.01 0.194466019 0.010678011
0.01 0.195581551 0.020678011
0.000865135193 0.21 0.020678011
0 0.210202789 0.020678011
0.01 0.22 0.0160054647
0.00532745361 0.22 0.020678011
0.01 0.211994705 0.020678011
0.02 -0.234573032 0.010678011
0.02 -0.23 0.00610498058
0.02 -0.234057094 0.020678011
0.02 -0.22 0.00598020183
0.02 -0.23 0.0247351037
0.02 -0.22 0.0241939412
0.02 -0.21 0.00722775088
0.02 -0.21 0.0241829072
0.02 -0.202869854 -0.059321989
0.02 -0.2 -0.0621918405
0.0164547539 -0.2 -0.049321989
0.02 -0.201207666 -0.049321989
0.02 -0.2 -0.045553173
0.0143229675 -0.2 -0.029321989
0.02 -0.201004553 -0.019321989
0.02 -0.2 -0.0231914367
0.0168832588 -0.2 -0.019321989
0.0106953049 -0.2 -0.00932198895
0.02 -0.201972256 -0.00932198895
0.0180121422 -0.2 0.000678011047
0.02 -0.2 -0.00123147382
0.02 -0.2 0.00166363345
0.02 -0.2 0.0250494825
0.02 -0.19 -0.0627694835
0.02 -0.196168613 -0.039321989
0.02 -0.197769341 -0.029321989
0.02 -0.199230337 0.000678011047
0.02 -0.19 0.0258761655
0.02 -0.18 -0.0632642855
0.02 -0.18 0.0268555509
0.02 -0.17549561 0.000678011047
0.02 -0.17 0.00591293918
0.02 -0.17 0.026848961
0.02 -0.16 0.00591280566
0.02 -0.16 0.0278209935
0.0151290131 -0.15 0.010678011
0.02 -0.15 0.00580702411
0.02 -0.15 0.0277230321
0.02 -0.145129013 0.010678011
0.02 -0.14 0.0166821443
0.02 -0.14 0.0283235704
0.02 -0.13 0.0165075933
0.02 -0.13 0.0287100278
0.02 -0.12 0.0164982568
0.02 -0.12 0.0291999303
0.02 -0.11 0.0164390527
0.02 -0.11 0.0295276986
0.02 -0.1 0.0164971696
0.02 -0.1 0.0299452172
0.02 -0.09 0.0162899457
0.02 -0.09 0.0304445134
0.02 -0.08 0.0162682687
0.02 -0.08 0.0304570638
0.02 -0.07 0.0162198888
0.02 -0.0739728165 0.030678011
0.02 -0.07 0.0308169423
0.02 -0.06 0.0160998307
0.0104591179 -0.06 0.030678011
0.02 -0.06 0.0312949048
0.02 -0.05 0.0160621606
0.02 -0.05 0.0314178144
0.02 -0.04 0.0160011636
0.02 -0.04 0.0310731279
0.02 -0.03 0.015998274
0.02 -0.03 0.0313535844
0.02 -0.02 0.0160686933
0.02 -0.02 0.0312876855
0.02 -0.01 0.0161171876
0.02 -0.01 0.0321354829
0.02 0 0.0161012803
0.02 0 0.0322301446
0.02 0.01 0.0160749684
0.02 0.01 0.0316696702
0.02 0.02 0.016065384
0.02 0.02 0.0316629659
0.02 0.03 0.0161644708
0.02 0.03 0.031458603
0.02 0.04 0.0161196862
0.02 0.04 0.0312927304
0.02 0.05 0.0161763154
0.02 0.05 0.0312941323
0.02 0.06 0.0162439023
0.02 0.06 0.03129665
0.02 0.07 0.0162594281
0.02 0.07 0.0311387597
0.02 0.08 0.0164274942
0.0172752571 0.08 0.030678011
0.02 0.08 0.0308574544
0.02 0.09 0.016481434
0.02 0.09 0.030231701
0.02 0.0830099487 0.030678011
0.02 0.1 0.01661471
0.02 0.1 0.0304907762
0.02 0.11 0.0165733873
0.02 0.11 0.0299202405
0.02 0.12 0.0169354974
0.02 0.12 0.029467064
0.02 0.13 0.0169440137
0.02 0.13 0.0292737352
0.02 0.14 0.0171126042
0.0148654938 0.14 0.010678011
0.02 0.14 0.0286511193
0.02 0.145093536 0.010678011
0.02 0.15 0.00577155696
0.02 0.15 0.0276296102
0.02 0.16 0.00581565486
0.02 0.16 0.0273647939
0.02 0.165964355 -0.059321989
0.02 0.17 -0.0633576263
0.02 0.165702896 -0.049321989
0.02 0.165696907 -0.039321989
0.02 0.165566406 -0.029321989
0.02 0.165460472 -0.019321989
0.02 0.16544384 -0.00932198895
0.02 0.165312386 0.000678011047
0.02 0.17 0.0266948854
0.02 0.18 -0.0618574966
0.02 0.18 0.0254327642
0.02 0.185472412 -0.069321989
0.02 0.19 -0.0738495768
0.0130103302 0.19 -0.049321989
0.02 0.19 -0.0409460391
0.02 0.188557434 -0.039321989
0.02 0.18893528 -0.029321989
0.0125637627 0.19 -0.019321989
0.02 0.19 -0.0259561528
0.0187788582 0.19 0.000678011047
0.02 0.19 -0.000769409073
0.02 0.189902611 0.000678011047
0.02 0.19 0.000892273056
0.02 0.19 0.0227869855
0.02 0.192539902 -0.049321989
0.02 0.191082954 -0.019321989
0.02 0.19037632 -0.00932198895
0.02 0.196512299 0.010678011
0.02 0.194450264 0.020678011
0.03 -0.234373059 0.010678011
0.03 -0.23 0.00630494701
0.03 -0.234379396 0.020678011
0.03 -0.22 0.00647733318
0.03 -0.21 0.00724239932
0.03 -0.22 0.0242577802
0.03 -0.21 0.0254474507
0.03 -0.204644079 -0.059321989
0.03 -0.2 -0.0639660682
0.03 -0.202179151 -0.049321989
0.03 -0.2 -0.0401225509
0.0245190811 -0.2 -0.029321989
0.03 -0.201602001 -0.029321989
0.03 -0.2 -0.0378652324
0.0220725822 -0.2 -0.019321989
0.03 -0.2 -0.0259780873
0.03 -0.2 -0.0102030219
0.03 -0.200377755 -0.00932198895
0.0224971962 -0.2 0.000678011047
0.03 -0.201532507 0.000678011047
0.03 -0.2 0.0247454988
0.03 -0.19 -0.0623075785
0.03 -0.199194455 -0.039321989
0.03 -0.195904689 -0.019321989
0.03 -0.19 0.0262588941
0.03 -0.18 -0.0632165302
0.03 -0.18 0.0265136777
0.03 -0.175708399 0.000678011047
0.03 -0.17 0.00578839885
0.03 -0.17 0.0273261987
0.03 -0.165110388 0.010678011
0.03 -0.16 0.0171470414
0.0247652054 -0.16 0.010678011
0.03 -0.16 0.0272713815
0.03 -0.15 0.0168294107
0.0248709869 -0.15 0.010678011
0.03 -0.15 0.0280992089
0.03 -0.14 0.0168788777
0.03 -0.14 0.0280319368
0.03 -0.13 0.0166138612
0.03 -0.13 0.0285127507
0.03 -0.12 0.0166185723
0.03 -0.12 0.0289641343
0.03 -0.11 0.0164747583
0.03 -0.11 0.029336649
0.03 -0.1 0.0164096795
0.03 -0.1 0.0301063119
0.03 -0.09 0.0162530862
0.03 -0.09 0.0299930154
0.03 -0.08 0.0163143693
0.03 -0.08 0.0302883874
0.03 -0.07 0.0163154946
0.0228029251 -0.07 0.030678011
0.03 -0.07 0.0303028356
0.03 -0.06 0.0161272012
0.03 -0.0632363129 0.030678011
0.03 -0.06 0.0308480703
0.03 -0.05 0.0160286676
0.03 -0.05 0.0310638867
0.03 -0.04 0.0160758172
0.03 -0.04 0.0308171998
0.03 -0.03 0.0160318242
0.03 -0.03 0.0309039746
0.03 -0.02 0.0160413514
0.03 -0.02 0.0318503247
0.03 -0.01 0.0160197888
0.03 -0.01 0.0315557824
0.03 0 0.0160850774
0.03 0 0.0316445409
0.03 0.01 0.0159293138
0.03 0.01 0.0312019025
0.03 0.02 0.0160746728
0.03 0.02 0.0316165792
0.03 0.03 0.0160218106
0.03 0.03 0.0315490209
0.03 0.04 0.0161185514
0.03 0.04 0.0318070661
0.03 0.05 0.016124302
0.03 0.05 0.0310960065
0.03 0.06 0.016325184
0.03 0.06 0.0309223901
0.03 0.07 0.0163228856
0.03 0.07 0.0312476693
0.03 0.08 0.016376978
0.03 0.08 0.0312226449
0.03 0.09 0.0164047013
0.03 0.09 0.0303024636
0.03 0.0859896088 0.030678011
0.03 0.1 0.0165813409
0.03 0.1 0.0300907098
0.03 0.11 0.0167109738
0.03 0.11 0.0294842111
0.03 0.12 0.0166965066
0.03 0.12 0.0293041192
0.03 0.13 0.0170058499
0.03 0.13 0.028890606
0.0250904655 0.14 0.010678011
0.03 0.135090485 0.010678011
0.03 0.14 0.00576847659
0.03 0.14 0.0281767236
0.03 0.15 0.00596891032
0.03 0.15 0.0277781259
0.03 0.16 0.00617910968
0.03 0.16 0.0269113122
0.03 0.165940857 -0.059321989
0.03 0.17 -0.0633811368
0.03 0.165761299 -0.049321989
0.03 0.165752945 -0.039321989
0.03 0.165546837 -0.029321989
0.03 0.165513115 -0.019321989
0.03 0.165495529 -0.00932198895
0.03 0.165361023 0.000678011047
0.03 0.17 0.0263244973
0.03 0.18 -0.0626619376
0.03 0.18 0.0257915269
0.03 0.19 -0.0639328302
0.0245275879 0.19 -0.069321989
0.0251638603 0.19 -0.049321989
0.03 0.19 -0.0520369591
0.03 0.184969063 -0.049321989
0.03 0.189582062 -0.039321989
0.0238019753 0.19 -0.029321989
0.03 0.19 -0.0375507869
0.03 0.187364159 -0.019321989
0.03 0.19 -0.0260170258
0.0237376595 0.19 -0.019321989
0.03 0.19 -0.0116944779
0.0203177261 0.19 0.000678011047
0.03 0.19 0.023008505
0.03 0.190884399 -0.029321989
0.03 0.190661125 -0.00932198895
0.03 0.191822777 0.000678011047
0.03 0.193333778 0.010678011
0.03 0.194627533 0.020678011
0.0356014442 -0.24 0.020678011
0.04 -0.244398563 0.020678011
0.04 -0.24 0.0162794458
0.04 -0.234242166 0.010678011
0.04 -0.23 0.00643584834
0.04 -0.22 0.00661489116
0.04 -0.21 0.00786036121
0.04 -0.22 0.0242178117
0.04 -0.21 0.0262597142
0.04 -0.203362603 -0.059321989
0.04 -0.2 -0.0626845921
0.04 -0.20190546 -0.049321989
0.0323087311 -0.2 -0.039321989
0.04 -0.200875812 -0.039321989
0.0367026329 -0.2 -0.029321989
0.04 -0.2 -0.0339630212
0.04 -0.200187755 -0.019321989
0.04 -0.2 -0.0209523286
0.0395406914 -0.2 -0.019321989
0.04 -0.201667223 -0.00932198895
0.0353953743 -0.2 0.000678011047
0.04 -0.2 -0.00364286794
0.04 -0.2 0.00320150005
0.04 -0.2 0.0246574746
0.04 -0.19 -0.0617193927
0.04 -0.198145719 -0.029321989
0.04 -0.197676125 0.000678011047
0.04 -0.19 0.0254182778
0.04 -0.18 -0.0631470884
0.04 -0.18 0.0265490209
0.04 -0.175770555 0.000678011047
0.04 -0.17 0.00594283687
0.04 -0.17 0.0271472894
0.0352989197 -0.16 0.010678011
0.04 -0.16 0.00597692119
0.04 -0.16 0.0272747766
0.0351316452 -0.15 0.010678011
0.04 -0.15 0.00580966579
0.04 -0.15 0.0275187741
0.04 -0.145131655 0.010678011
0.04 -0.14 0.0167671643
0.04 -0.14 0.0279653894
0.04 -0.13 0.0166176187
0.04 -0.13 0.0283648931
0.04 -0.12 0.0165959703
0.04 -0.12 0.0293752633
0.04 -0.11 0.0164710866
0.04 -0.11 0.0291009008
0.04 -0.1 0.0164839803
0.04 -0.1 0.0298202668
0.04 -0.09 0.0164749395
0.04 -0.09 0.0300173627
0.04 -0.08 0.0164062558
0.04 -0.08 0.0300290166
0.04 -0.07 0.0161914025
0.04 -0.07 0.0304027902
0.04 -0.06 0.0161282407
0.0331733704 -0.06 0.030678011
0.04 -0.06 0.0303194104
0.04 -0.05 0.0160526906
0.04 -0.0522439957 0.030678011
0.04 -0.05 0.03078611
0.04 -0.04 0.0160936128
0.04 -0.04 0.0308910714
0.04 -0.03 0.0161029397
0.04 -0.03 0.0311831151
0.04 -0.02 0.0161243783
0.04 -0.02 0.0318070756
0.04 -0.01 0.0161056005
0.04 -0.01 0.031613556
0.04 0 0.0161429082
0.04 0 0.0316116963
0.04 0.01 0.016086651
0.04 0.01 0.0311614858
0.04 0.02 0.016124941
0.04 0.02 0.0315713655
0.04 0.03 0.0160866128
0.04 0.03 0.0312478505
0.04 0.04 0.0161902772
0.04 0.04 0.0313857423
0.04 0.05 0.0162358438
0.04 0.05 0.0311407243
0.04 0.06 0.0162128507
0.0391172409 0.06 0.030678011
0.04 0.06 0.0306547414
0.04 0.0594918251 0.030678011
0.04 0.07 0.0164308606
0.04 0.0607708168 0.030678011
0.04 0.07 0.0309764539
0.04 0.08 0.0163913499
0.04 0.08 0.0311046563
0.04 0.09 0.0164971887
0.0380542564 0.09 0.030678011
0.04 0.09 0.0307696496
0.04 0.1 0.0166188584
0.04 0.1 0.0297623025
0.04 0.0909266663 0.030678011
0.04 0.11 0.0167261945
0.04 0.11 0.0297006284
0.04 0.12 0.01668388
0.04 0.12 0.0293739186
0.04 0.13 0.0168647538
0.04 0.13 0.0288773213
0.04 0.14 0.0171618615
0.0349095345 0.14 0.010678011
0.04 0.14 0.0280690156
0.04 0.145103035 0.010678011
0.04 0.15 0.00578106509
0.04 0.15 0.027958666
0.04 0.16 0.00591705905
0.04 0.16 0.02694759
0.04 0.16593235 -0.059321989
0.04 0.17 -0.0633896531
0.04 0.165759163 -0.049321989
0.04 0.165827179 -0.039321989
0.04 0.165694122 -0.029321989
0.04 0.165511131 -0.019321989
0.04 0.165489883 -0.00932198895
0.04 0.165429955 0.000678011047
0.04 0.17 0.0261996328
0.04 0.18 -0.0623202313
0.04 0.18 0.025852419
0.0350528145 0.19 -0.069321989
0.04 0.185052834 -0.069321989
0.04 0.19 -0.0742691673
0.0375499344 0.19 -0.049321989
0.0316421318 0.19 -0.039321989
0.0345659065 0.19 -0.029321989
0.04 0.19 -0.0345290078
0.04 0.188014107 -0.029321989
0.04 0.19 -0.023106779
0.037365036 0.19 -0.019321989
0.04 0.19 0.0231518041
0.04 0.190937691 -0.049321989
0.04 0.19090889 -0.039321989
0.04 0.190689621 -0.019321989
0.04 0.190285339 -0.00932198895
0.04 0.190217361 0.000678011047
0.04 0.19333725 0.010678011
0.04 0.195426407 0.020678011
0.0342534065 0.21 0.020678011
0.04 0.206024361 0.020678011
0.04 0.21 0.0198744355
0.04 0.21 0.0215609132
0.0359273148 0.22 0.020678011
0.04 0.22 0.0166053258
0.05 -0.233973244 0.010678011
0.05 -0.23 0.00670476543
0.0443985558 -0.24 0.020678011
0.05 -0.234371884 0.020678011
0.05 -0.22 0.006236683
0.05 -0.21 0.00889284717
0.05 -0.22 0.0240406476
0.05 -0.21 0.0258295213
0.05 -0.20493969 -0.059321989
0.05 -0.2 -0.0642616762
0.0466756439 -0.2 -0.049321989
0.05 -0.2 -0.0503941192
0.0466103554 -0.2 -0.039321989
0.05 -0.200356464 -0.029321989
0.05 -0.2 -0.0337017716
0.0468426704 -0.2 -0.029321989
0.0404074097 -0.2 -0.019321989
0.05 -0.2 -0.0284079017
0.0484322357 -0.2 -0.00932198895
0.05 -0.200022354 0.000678011047
0.05 -0.2 1.84975733e-05
0.0498303795 -0.2 0.000678011047
0.05 -0.2 0.0242666398
0.05 -0.19 -0.0627191175
0.05 -0.196599483 -0.049321989
0.05 -0.198715014 -0.039321989
0.05 -0.1943823 -0.019321989
0.05 -0.199317985 -0.00932198895
0.05 -0.19 0.0256180154
0.05 -0.18 -0.0630600037
0.05 -0.18 0.0262824689
0.05 -0.175820656 0.000678011047
0.05 -0.17 0.00584333049
0.05 -0.17 0.0264962159
0.05 -0.16 0.00572817432
0.05 -0.16 0.02710528
0.05 -0.155050163 0.010678011
0.05 -0.15 0.0168640576
0.0448683548 -0.15 0.010678011
0.05 -0.15 0.0278104554
0.05 -0.14 0.0167729436
0.05 -0.14 0.0278888475
0.05 -0.13 0.0166390954
0.05 -0.13 0.0284551965
0.05 -0.12 0.0167406427
0.05 -0.12 0.0286857759
0.05 -0.11 0.0165335618
0.05 -0.11 0.0290177213
0.05 -0.1 0.0165973054
0.05 -0.1 0.0294087278
0.05 -0.09 0.0164591752
0.05 -0.09 0.0296635018
0.05 -0.08 0.0163796674
0.05 -0.08 0.0300094567
0.05 -0.07 0.01627133
0.05 -0.07 0.0300152742
0.05 -0.06 0.0160572492
0.05 -0.06 0.0305740796
0.05 -0.05 0.0161715184
0.05 -0.0513128662 0.030678011
0.05 -0.05 0.0306937181
0.05 -0.04 0.0161083184
0.05 -0.04 0.0310089265
0.05 -0.03 0.0161092721
0.05 -0.03 0.0308178102
0.05 -0.02 0.0161299955
0.05 -0.02 0.0312566625
0.05 -0.01 0.0160319387
0.05 -0.01 0.0311295377
0.05 0 0.0160452996
0.05 0 0.0315295755
0.05 0.01 0.0160683118
0.05 0.01 0.0312792836
0.05 0.02 0.0162160932
0.05 0.02 0.0312854062
0.05 0.03 0.0162508069
0.05 0.03 0.0315723191
0.05 0.04 0.0161764489
0.05 0.04 0.030805565
0.05 0.05 0.0163189946
0.05 0.05 0.0314796125
0.05 0.06 0.0164187871
0.0404688072 0.06 0.030678011
0.05 0.06 0.0311760675
0.05 0.07 0.0164091359
0.05 0.0683023643 0.030678011
0.0474227333 0.07 0.030678011
0.05 0.07 0.0305740987
0.05 0.08 0.0163993131
0.0460680962 0.08 0.030678011
0.05 0.08 0.0303937589
0.05 0.09 0.0164845334
0.0414463615 0.09 0.030678011
0.05 0.09 0.0301333867
0.05 0.1 0.0166788636
0.05 0.1 0.030073372
0.05 0.11 0.016606022
0.05 0.11 0.0295125447
0.05 0.12 0.0167619763
0.05 0.12 0.0287470304
0.045003624 0.13 0.010678011
0.05 0.125003624 0.010678011
0.05 0.13 0.00568163501
0.05 0.13 0.0284792958
0.0451677513 0.14 0.010678011
0.05 0.14 0.0058457719
0.05 0.14 0.0283733712
0.05 0.15 0.00603325473
0.05 0.15 0.0272744142
0.05 0.16 0.00608630763
0.05 0.16 0.026986147
0.05 0.166030655 -0.059321989
0.05 0.17 -0.0632913364
0.05 0.16585125 -0.049321989
0.05 0.165832672 -0.039321989
0.05 0.165783081 -0.029321989
0.05 0.165600281 -0.019321989
0.05 0.165583 -0.00932198895
0.05 0.165443649 0.000678011047
0.05 0.17 0.026510254
0.05 0.18 -0.0621208991
0.05 0.18 0.0254900991
0.05 0.186274757 -0.069321989
0.05 0.19 -0.0730472435
0.0448154068 0.19 -0.039321989
0.05 0.19 -0.0417442263
0.05 0.188038979 -0.039321989
0.05 0.19 -0.0334003867
0.0459432793 0.19 -0.029321989
0.05 0.186395645 -0.019321989
0.05 0.19 -0.0271347226
0.0419985199 0.19 -0.019321989
0.05 0.189098167 -0.00932198895
0.0431870461 0.19 -0.00932198895
0.05 0.19 -0.00666985883
0.05 0.19 0.0226011525
0.05 0.192097816 -0.049321989
0.05 0.190681114 -0.029321989
0.05 0.191551208 0.000678011047
0.05 0.193258667 0.010678011
0.05 0.194376869 0.020678011
0.0442299652 0.21 0.020678011
0.05 0.211055145 0.020678011
0.05 0.22 0.0159446965
0.06 -0.233653543 0.010678011
0.06 -0.23 0.00702446567
0.06 -0.233701614 0.020678011
0.0550935936 -0.22 0.000678011047
0.06 -0.224906411 0.000678011047
0.06 -0.22 -0.00422839536
0.06 -0.214571881 0.000678011047
0.06 -0.21 0.00897537814
0.06 -0.22 0.0249734174
0.06 -0.21 0.0238114511
0.06 -0.202794857 -0.059321989
0.06 -0.2 -0.062116846
0.0569964409 -0.2 -0.049321989
0.06 -0.200479136 -0.049321989
0.06 -0.2 -0.0483206977
0.0518598557 -0.2 -0.029321989
0.0524084663 -0.2 -0.00932198895
0.06 -0.200888238 -0.00932198895
0.06 -0.2 -0.0149376334
0.0501096153 -0.2 0.000678011047
0.06 -0.2 -0.0060121478
0.06 -0.2 0.00486342059
0.06 -0.2 0.0242450105
0.06 -0.19 -0.0621369971
0.06 -0.193290877 -0.039321989
0.06 -0.196577497 -0.029321989
0.06 -0.198575463 -0.019321989
0.06 -0.196856518 0.000678011047
0.06 -0.19 0.0253546296
0.06 -0.18 -0.0626612486
0.06 -0.18 0.025498911
0.06 -0.175917935 0.000678011047
0.06 -0.17 0.00605336772
0.06 -0.17 0.0264355432
0.06 -0.16 0.00585097896
0.06 -0.16 0.0268831025
0.0552209282 -0.15 0.010678011
0.06 -0.15 0.00589894878
0.06 -0.15 0.0273192845
0.0550696945 -0.14 0.010678011
0.06 -0.14 0.0057477151
0.06 -0.14 0.0274612962
0.06 -0.135069704 0.010678011
0.06 -0.13 0.0167786943
0.06 -0.13 0.0283746778
0.06 -0.12 0.0166157876
0.06 -0.12 0.0287751351
0.06 -0.11 0.0165906488
0.06 -0.11 0.0286943685
0.06 -0.1 0.0164363156
0.06 -0.1 0.0294980775
0.06 -0.09 0.0164404927
0.06 -0.09 0.0292542993
0.06 -0.08 0.0162777005
0.06 -0.08 0.0296853028
0.06 -0.07 0.0163553868
0.06 -0.07 0.030544592
0.06 -0.06 0.0161892186
0.06 -0.06 0.0301484738
0.06 -0.05 0.0162207566
0.06 -0.0545390511 0.030678011
0.06 -0.05 0.0311199628
0.06 -0.04 0.0162169038
0.0551788712 -0.04 0.030678011
0.06 -0.04 0.0303576337
0.06 -0.0441322899 0.030678011
0.06 -0.03 0.0162281762
0.0584972191 -0.03 0.030678011
0.06 -0.03 0.0306521474
0.06 -0.02 0.0161029302
0.06 -0.0295639038 0.030678011
0.06 -0.02 0.0312397729
0.06 -0.01 0.0161882936
0.06 -0.01 0.0309464608
0.06 0 0.0162123071
0.06 0 0.0313317834
0.06 0.01 0.0161923753
0.06 0.01 0.0313626538
0.06 0.02 0.0161597501
0.06 0.02 0.0311013566
0.06 0.03 0.0161739503
0.06 0.03 0.0312274419
0.06 0.04 0.0162247716
0.06 0.04 0.0307387315
0.06 0.05 0.0163421022
0.0596962547 0.05 0.030678011
0.06 0.05 0.0306510697
0.06 0.0469609261 0.030678011
0.06 0.06 0.0162705957
0.0575027275 0.06 0.030678011
0.06 0.06 0.0305190335
0.06 0.07 0.0164903031
0.0548649216 0.07 0.030678011
0.06 0.0660663414 0.030678011
0.06 0.07 0.0307939206
0.06 0.08 0.0165363847
0.06 0.08 0.030346285
0.06 0.0725392151 0.030678011
0.06 0.09 0.0164834844
0.06 0.09 0.0298605596
0.06 0.1 0.0165722238
0.06 0.1 0.0297921525
0.06 0.11 0.0168517839
0.06 0.11 0.0294000779
0.06 0.12 0.0167372953
0.06 0.12 0.0287201749
0.06 0.13 0.017018715
0.054996376 0.13 0.010678011
0.06 0.13 0.0285343515
0.06 0.14 0.0173904477
0.0548322487 0.14 0.010678011
0.06 0.14 0.0277591191
0.06 0.145174942 0.010678011
0.06 0.15 0.00585295306
0.06 0.15 0.0277963506
0.06 0.16 0.00585600482
0.06 0.16 0.0269660627
0.06 0.166256142 -0.059321989
0.06 0.17 -0.0630658544
0.06 0.165964241 -0.049321989
0.06 0.165901756 -0.039321989
0.06 0.165758934 -0.029321989
0.06 0.165652733 -0.019321989
0.06 0.165635414 -0.00932198895
0.06 0.165493279 0.000678011047
0.06 0.17 0.0260026513
0.06 0.18 -0.0618057884
0.06 0.18 0.0254164468
0.06 0.186285057 -0.069321989
0.06 0.19 -0.0730369486
0.06 0.19 -0.0473779906
0.06 0.186671677 -0.039321989
0.06 0.189388962 -0.029321989
0.0571533012 0.19 -0.029321989
0.06 0.189341125 -0.019321989
0.06 0.189947243 -0.00932198895
0.06 0.19 -0.00880368604
0.06 0.19 0.0225456487
0.06 0.190358925 -0.049321989
0.06 0.190532341 0.000678011047
0.06 0.19235939 0.010678011
0.059725914 0.2 0.020678011
0.06 0.2 0.0205897103
0.06 0.2 0.0207412397
0.06 0.200203476 0.020678011
0.0652163506 -0.24 0.010678011
0.07 -0.244783645 0.010678011
0.07 -0.24 0.0058943616
0.07 -0.23 0.00725998508
0.07 -0.233955369 0.020678011
0.07 -0.24 0.0154616605
0.07 -0.22 0.00651836024
0.0649064064 -0.22 0.000678011047
0.07 -0.21 0.0100435792
0.07 -0.22 0.0237717782
0.07 -0.21 0.0246985208
0.07 -0.204641414 -0.059321989
0.07 -0.2 -0.0639634026
0.0609918785 -0.2 -0.049321989
0.07 -0.2 -0.0527760257
0.0630894852 -0.2 -0.00932198895
0.07 -0.200016418 0.000678011047
0.07 -0.2 0.000598131286
0.0699116898 -0.2 0.000678011047
0.07 -0.2 0.0237219678
0.07 -0.19 -0.0625785054
0.07 -0.192800035 -0.049321989
0.07 -0.196027398 -0.039321989
0.07 -0.198171825 -0.029321989
0.07 -0.194101791 -0.019321989
0.07 -0.195993762 -0.00932198895
0.07 -0.19 0.0242723905
0.07 -0.18 -0.0625052871
0.07 -0.18 0.0256576024
0.0651036453 -0.17 -0.069321989
0.07 -0.174896355 -0.069321989
0.07 -0.17 -0.0742183436
0.07 -0.176039085 0.000678011047
0.07 -0.17 0.00595146762
0.07 -0.17 0.0259500848
0.07 -0.16 0.00585366832
0.07 -0.16 0.0265085565
0.07 -0.15 0.00571078883
0.07 -0.15 0.0268622361
0.07 -0.14 0.00574098216
0.07 -0.14 0.0271227704
0.07 -0.135062971 0.010678011
0.07 -0.13 0.017007557
0.07 -0.13 0.0281789361
0.07 -0.12 0.0169070397
0.07 -0.12 0.0286695348
0.07 -0.11 0.0167591439
0.07 -0.11 0.0287059938
0.07 -0.1 0.016776558
0.07 -0.1 0.0288648568
0.07 -0.09 0.0165330945
0.07 -0.09 0.0293511354
0.07 -0.08 0.0164831601
0.07 -0.08 0.0296794473
0.07 -0.07 0.0163886415
0.07 -0.07 0.0302547322
0.07 -0.06 0.0162683068
0.07 -0.06 0.0304834615
0.07 -0.05 0.0163489495
0.0682289886 -0.05 0.030678011
0.07 -0.05 0.0305724202
0.07 -0.04 0.0162523423
0.07 -0.04 0.0303836022
0.07 -0.03 0.0161795579
0.07 -0.03 0.030644251
0.07 -0.02 0.0162260114
0.07 -0.0293017387 0.030678011
0.07 -0.02 0.0311107503
0.07 -0.01 0.0161196385
0.07 -0.01 0.0309845792
0.07 0 0.0163353978
0.07 0 0.031034485
0.07 0.01 0.0161397039
0.07 0.01 0.0308396398
0.07 0.02 0.0162947808
0.07 0.02 0.030697199
0.07 0.03 0.0163409196
0.07 0.03 0.0310691129
0.07 0.04 0.0162820874
0.07 0.04 0.0312207566
0.07 0.05 0.0163753091
0.07 0.05 0.0306729566
0.07 0.0499157333 0.030678011
0.07 0.06 0.0164344274
0.07 0.06 0.0305294667
0.07 0.07 0.0164108907
0.0658551979 0.07 0.030678011
0.07 0.07 0.0306001054
0.07 0.08 0.0165744363
0.07 0.08 0.0300957261
0.07 0.09 0.0166280042
0.07 0.09 0.0300104009
0.07 0.1 0.0166362916
0.07 0.1 0.0296015035
0.07 0.11 0.0167158376
0.07 0.11 0.0291976892
0.07 0.12 0.0168630468
0.07 0.12 0.0290474378
0.0651416397 0.13 0.010678011
0.07 0.12514164 0.010678011
0.07 0.13 0.00581966029
0.07 0.13 0.0281164132
0.0651777458 0.14 0.010678011
0.07 0.14 0.0058557664
0.07 0.14 0.0277479325
0.07 0.15 0.00602286922
0.07 0.15 0.0271909486
0.0650395393 0.16 -0.069321989
0.07 0.15503952 -0.069321989
0.07 0.16 -0.0742824508
0.0650427055 0.16 -0.059321989
0.07 0.155042725 -0.059321989
0.07 0.16 0.00593212711
0.07 0.16 0.0267381345
0.07 0.17 -0.0631111492
0.07 0.16496048 -0.069321989
0.07 0.166109581 -0.049321989
0.07 0.16 -0.0543646945
0.07 0.166035843 -0.039321989
0.07 0.165807457 -0.029321989
0.07 0.165847473 -0.019321989
0.07 0.165756798 -0.00932198895
0.07 0.165617294 0.000678011047
0.07 0.17 0.0262736665
0.07 0.18 -0.0619216789
0.07 0.18 0.0254918729
0.07 0.19 -0.0629321064
0.063714962 0.19 -0.069321989
0.07 0.19 -0.0402289666
0.07 0.188913193 -0.039321989
0.07 0.189049034 -0.029321989
0.07 0.187568626 -0.019321989
0.07 0.187898483 -0.00932198895
0.07 0.19 -0.00319606198
0.07 0.19 0.0226446878
0.07 0.192446136 -0.049321989
0.07 0.190848923 0.000678011047
0.07 0.192065544 0.010678011
0.07 0.194780235 0.020678011
0.0602831459 0.2 0.020678011
0.08 -0.244939577 0.010678011
0.08 -0.24 0.00573843585
0.08 -0.23 0.00769686328
0.08 -0.234063129 0.020678011
0.08 -0.24 0.0156175862
0.08 -0.22 0.00632093059
0.08 -0.21 0.0103255998
0.08 -0.22 0.0243739568
0.08 -0.21 0.0247203981
0.08 -0.201878128 -0.059321989
0.08 -0.2 -0.0612001146
0.073919487 -0.2 -0.049321989
0.08 -0.204148707 -0.049321989
0.0796557999 -0.2 -0.039321989
0.08 -0.200057993 -0.039321989
0.08 -0.2 -0.0391396893
0.0700299454 -0.2 0.000678011047
0.08 -0.2 0.00821296321
0.08 -0.2 0.0225907193
0.08 -0.19 -0.0618884744
0.08 -0.193643661 -0.029321989
0.08 -0.197017717 -0.019321989
0.08 -0.198891835 -0.00932198895
0.08 -0.193559952 0.000678011047
0.08 -0.19 0.0246576749
0.08 -0.18 -0.0626597084
0.08 -0.18 0.0253571092
0.08 -0.174990048 -0.069321989
0.08 -0.17 -0.0743120386
0.07 -0.176816702 -0.059321989
0.0751913834 -0.17 -0.059321989
0.07 -0.17 -0.0644256343
0.0750220108 -0.17 -0.049321989
0.07 -0.176512303 -0.049321989
0.0750328445 -0.17 -0.039321989
0.07 -0.176520357 -0.039321989
0.08 -0.176409855 0.000678011047
0.08 -0.17 0.00616400348
0.08 -0.17 0.0258509503
0.08 -0.16 0.00603035556
0.08 -0.16 0.0268462812
0.08 -0.15 0.00585525142
0.08 -0.15 0.027205969
0.08 -0.14 0.00591619121
0.08 -0.14 0.0272770749
0.0750968552 -0.13 0.010678011
0.08 -0.13 0.00577484714
0.08 -0.13 0.0276404534
0.08 -0.125096836 0.010678011
0.08 -0.12 0.0170561658
0.08 -0.12 0.0281243955
0.08 -0.11 0.0166657411
0.08 -0.11 0.0283968221
0.08 -0.1 0.0167411672
0.08 -0.1 0.0289556657
0.08 -0.09 0.016586176
0.08 -0.09 0.0288641893
0.08 -0.08 0.0164496575
0.08 -0.08 0.0297505246
0.08 -0.07 0.0164192163
0.08 -0.07 0.0296729814
0.08 -0.06 0.0162720834
0.08 -0.06 0.0296336423
0.08 -0.05 0.0162547933
0.08 -0.05 0.030116583
0.08 -0.04 0.016196457
0.08 -0.04 0.0301319657
0.08 -0.03 0.0161905824
0.08 -0.03 0.0303942739
0.08 -0.02 0.0163738595
0.0775065231 -0.02 0.030678011
0.08 -0.02 0.0305183946
0.08 -0.01 0.0162748395
0.0761002731 -0.01 0.030678011
0.08 -0.01 0.0304639302
0.08 0 0.0162106572
0.08 -0.00663015366 0.030678011
0.08 0 0.0311060296
0.08 0.01 0.0162767945
0.0749552536 0.01 0.030678011
0.08 0.01 0.0305178224
0.08 0.00725717545 0.030678011
0.08 0.02 0.0163337003
0.08 0.0184880066 0.030678011
0.08 0.02 0.030706173
0.08 0.03 0.0163945066
0.08 0.03 0.0307939206
0.08 0.04 0.0162272035
0.0745479202 0.04 0.030678011
0.08 0.04 0.0300486623
0.08 0.0314627266 0.030678011
0.08 0.05 0.0165467225
0.08 0.05 0.0305628549
0.08 0.06 0.016435381
0.08 0.06 0.0302231084
0.08 0.07 0.0164277421
0.08 0.07 0.0299963056
0.08 0.08 0.016801716
0.08 0.08 0.0297427426
0.08 0.09 0.0165689336
0.08 0.09 0.0297592984
0.08 0.1 0.0165636502
0.08 0.1 0.0292310105
0.08 0.11 0.0166999398
0.08 0.11 0.0285933457
0.08 0.12 0.0169951211
0.08 0.12 0.0285863839
0.08 0.12503521 0.010678011
0.08 0.13 0.00571323024
0.08 0.13 0.0280913411
0.08 0.14 0.00583242046
0.08 0.14 0.0272030221
0.08 0.15 0.00590390788
0.08 0.15 0.0269321881
0.08 0.155336952 -0.069321989
0.08 0.16 -0.0739850391
0.08 0.155124664 -0.059321989
0.08 0.16 0.0058780347
0.08 0.16 0.0269944917
0.08 0.164663048 -0.069321989
0.08 0.17 -0.062942573
0.08 0.166271553 -0.049321989
0.08 0.16 -0.0544466509
0.08 0.166091194 -0.039321989
0.08 0.166044807 -0.029321989
0.08 0.165929184 -0.019321989
0.08 0.165820923 -0.00932198895
0.08 0.165832062 0.000678011047
0.08 0.17 0.0262538873
0.08 0.18 -0.0621724118
0.08 0.18 0.0249002706
0.0750928497 0.19 -0.069321989
0.08 0.18509285 -0.069321989
0.08 0.19 -0.0742291285
0.08 0.19 -0.0423196782
0.08 0.187115669 -0.039321989
0.08 0.187272072 -0.029321989
0.08 0.186892815 -0.019321989
0.08 0.189920158 -0.00932198895
0.08 0.189868202 0.000678011047
0.0792544937 0.19 0.000678011047
0.08 0.19 0.00107807742
0.08 0.19 0.0227464734
0.08 0.191906929 -0.049321989
0.08 0.192214088 0.010678011
0.08 0.194224205 0.020678011
0.0710322952 0.21 0.020678011
0.08 0.205707626 0.020678011
0.08 0.21 0.0194574605
0.08 0.21 0.0219174253
0.0853970337 -0.25 0.010678011
0.09 -0.25 0.00607504474
0.09 -0.24 0.00569199191
0.09 -0.23 0.00699073421
0.09 -0.234192207 0.020678011
0.09 -0.24 0.0156640302
0.0852544403 -0.22 0.000678011047
0.09 -0.224745548 0.000678011047
0.09 -0.22 -0.00406753911
0.0847581863 -0.21 0.000678011047
0.09 -0.21 -0.0042854823
0.0889224243 -0.21 0.010678011
0.09 -0.21 0.0106381284
0.09 -0.210051692 0.010678011
0.09 -0.21 0.0110014402
0.09 -0.22 0.0241574346
0.09 -0.21 0.0224790822
0.09 -0.204808116 -0.059321989
0.09 -0.2 -0.0641301025
0.0856921387 -0.2 -0.049321989
0.09 -0.2 -0.0529905785
0.0802072906 -0.2 -0.039321989
0.09 -0.200835133 0.000678011047
0.09 -0.209880533 0.010678011
0.09 -0.2 0.00283574687
0.09 -0.2 0.0230158578
0.09 -0.19 -0.0609643496
0.09 -0.191858044 -0.049321989
0.09 -0.19398025 -0.039321989
0.09 -0.19548121 -0.029321989
0.09 -0.192356596 -0.019321989
0.09 -0.193964462 -0.00932198895
0.09 -0.196579175 0.000678011047
0.09 -0.19 0.0243767034
0.09 -0.18 -0.0621199931
0.09 -0.18 0.0246411191
0.09 -0.174701538 -0.069321989
0.09 -0.17 -0.0740235258
0.085028038 -0.17 -0.019321989
0.09 -0.176921606 -0.029321989
0.09 -0.17 -0.0242939557
0.08 -0.176480503 -0.019321989
0.08 -0.176443014 -0.029321989
0.085002861 -0.17 0.000678011047
0.09 -0.176468477 -0.00932198895
0.09 -0.17 -0.00431912793
0.08 -0.176584044 -0.00932198895
0.09 -0.17 0.0256101285
0.09 -0.165002861 0.000678011047
0.09 -0.16 0.00598616229
0.09 -0.16 0.0260539113
0.09 -0.15 0.00589926349
0.09 -0.15 0.0267729245
0.09 -0.14 0.0057779275
0.09 -0.14 0.0271240865
0.09 -0.13 0.00577030765
0.09 -0.13 0.027603861
0.09 -0.125092297 0.010678011
0.09 -0.12 0.0169368516
0.09 -0.12 0.0279188691
0.09 -0.11 0.0168648778
0.09 -0.11 0.0284611093
0.09 -0.1 0.0168746911
0.09 -0.1 0.0285257302
0.09 -0.09 0.0166943132
0.09 -0.09 0.0287621175
0.09 -0.08 0.0167321645
0.09 -0.08 0.0291770707
0.09 -0.07 0.0165513002
0.09 -0.07 0.0293491136
0.09 -0.06 0.0164544831
0.09 -0.06 0.0295004903
0.09 -0.05 0.0164229165
0.09 -0.05 0.0296752893
0.09 -0.04 0.0163457643
0.09 -0.04 0.0302788411
0.09 -0.03 0.0164193116
0.09 -0.031163578 0.030678011
0.0885031509 -0.03 0.030678011
0.09 -0.03 0.0307268487
0.09 -0.02 0.0164695512
0.087323494 -0.02 0.030678011
0.09 -0.02 0.030731207
0.09 -0.01 0.0164098226
0.09 -0.01 0.0304692708
0.09 -0.017799263 0.030678011
0.09 0 0.0162945806
0.0851254654 0 0.030678011
0.09 0 0.0302817308
0.09 0.01 0.0162447702
0.09 0.01 0.0305647908
0.09 0.02 0.0163257753
0.0850146866 0.02 0.030678011
0.09 0.02 0.0306486856
0.09 0.03 0.0164362966
0.0825444794 0.03 0.030678011
0.09 0.03 0.0303238927
0.09 0.04 0.016361786
0.0892950439 0.04 0.030678011
0.09 0.0386875153 0.030678011
0.09 0.04 0.0307268869
0.09 0.05 0.016456524
0.09 0.05 0.0298782693
0.09 0.0406044579 0.030678011
0.09 0.06 0.0166029416
0.09 0.06 0.0301342355
0.09 0.07 0.0164633714
0.09 0.07 0.0301712285
0.09 0.08 0.0164623319
0.09 0.08 0.0295493089
0.09 0.09 0.0166448079
0.09 0.09 0.0290510713
0.09 0.1 0.0168214475
0.09 0.1 0.0292987977
0.0850578308 0.11 0.010678011
0.09 0.105057831 0.010678011
0.09 0.11 0.00573583232
0.09 0.11 0.0286104356
0.0851318741 0.12 0.010678011
0.09 0.12 0.00580987559
0.09 0.12 0.0278165589
0.09 0.13 0.00604694949
0.09 0.13 0.0276080667
0.09 0.14 0.00594259845
0.09 0.14 0.027484213
0.09 0.15 0.00594103442
0.09 0.15 0.0267156564
0.09 0.155440788 -0.069321989
0.09 0.16 -0.0738811852
0.09 0.155135384 -0.059321989
0.0850351715 0.16 -0.049321989
0.09 0.155035172 -0.049321989
0.0850896072 0.16 -0.039321989
0.09 0.155089607 -0.039321989
0.0850170135 0.16 -0.019321989
0.09 0.155017014 -0.019321989
0.09 0.16 -0.0243049802
0.09 0.16 0.00611538516
0.09 0.16 0.026109234
0.09 0.164559212 -0.069321989
0.09 0.17 -0.0627478374
0.09 0.166131172 -0.029321989
0.09 0.16 -0.0344115914
0.09 0.165994339 -0.00932198895
0.09 0.16 -0.0143389977
0.09 0.165830727 0.000678011047
0.09 0.17 0.0261741506
0.09 0.18 -0.0619830717
0.09 0.18 0.0253591596
0.09 0.186238174 -0.069321989
0.09 0.19 -0.073083799
0.0859787369 0.19 -0.049321989
0.09 0.19 -0.0509197058
0.09 0.185318947 -0.049321989
0.09 0.186149406 -0.039321989
0.0883594513 0.19 -0.029321989
0.09 0.19 -0.0309290017
0.09 0.19 -0.0283501376
0.09 0.185845222 -0.019321989
0.09 0.18860775 -0.00932198895
0.080539093 0.19 0.000678011047
0.09 0.19 -0.00579897298
0.09 0.19 0.0226095639
0.09 0.19029892 -0.029321989
0.09 0.191216507 0.000678011047
0.09 0.191558228 0.010678011
0.09 0.197457695 0.020678011
0.09 0.202737617 0.020678011
0.09 0.21 0.0196627675
0.09 0.21 0.0217023812
0.0855296326 0.22 0.020678011
0.08 0.211067886 0.020678011
0.09 0.22 0.0162076436
0.0952319717 -0.24 0.000678011047
0.0951147079 -0.25 0.000678011047
0.1 -0.25 -0.00420729054
0.1 -0.24 -0.00409002675
0.1 -0.235231959 0.000678011047
0.1 -0.23 0.00711358653
0.1 -0.233227347 0.020678011
0.1 -0.24 0.0148627149
0.1 -0.224767361 0.000678011047
0.1 -0.22 -0.00408934964
0.1 -0.21 -0.00430530919
0.0900757217 -0.21 0.010678011
0.1 -0.22 0.0233999311
0.1 -0.21 0.0241312657
0.0951846313 -0.2 -0.069321989
0.1 -0.204815354 -0.069321989
0.1 -0.2 -0.0741373433
0.1 -0.202029681 -0.059321989
0.1 -0.2 -0.0503010811
0.1 -0.20371366 0.000678011047
0.1 -0.2 0.00833711253
0.1 -0.2 0.0219785081
0.1 -0.195184646 -0.069321989
0.1 -0.19 -0.0614886822
0.1 -0.198310356 -0.049321989
0.1 -0.193790746 -0.039321989
0.1 -0.191363711 -0.029321989
0.1 -0.192837873 -0.019321989
0.1 -0.194207325 -0.00932198895
0.1 -0.19241137 0.000678011047
0.1 -0.19 0.0236529027
0.1 -0.18 -0.0622600116
0.1 -0.18 0.0245564614
0.1 -0.17456778 -0.069321989
0.1 -0.17 -0.0738897694
0.09 -0.17 -0.0344610871
0.0952845001 -0.17 -0.029321989
0.09 -0.17 -0.0143500222
0.0950337219 -0.17 -0.00932198895
0.1 -0.176754022 0.000678011047
0.1 -0.17 0.00638784038
0.094997139 -0.17 0.000678011047
0.1 -0.17 0.0255252896
0.1 -0.16 0.00623620616
0.1 -0.16 0.0259187089
0.1 -0.15 0.00598835574
0.1 -0.15 0.0261169015
0.1 -0.14 0.00591423618
0.1 -0.14 0.0266036569
0.1 -0.13 0.00602394687
0.1 -0.13 0.0267863809
0.0952096939 -0.12 0.010678011
0.1 -0.12 0.00588771449
0.1 -0.12 0.0275464593
0.0950908279 -0.11 0.010678011
0.1 -0.11 0.00576884853
0.1 -0.11 0.0276136838
0.1 -0.105090837 0.010678011
0.1 -0.1 0.0170901834
0.1 -0.1 0.0278629075
0.1 -0.09 0.0168129598
0.1 -0.09 0.0288010656
0.1 -0.08 0.0167701875
0.1 -0.08 0.0286693059
0.1 -0.07 0.0166325723
0.1 -0.07 0.0288919889
0.1 -0.06 0.0163999997
0.1 -0.06 0.029499632
0.1 -0.05 0.0164688932
0.1 -0.05 0.0289369832
0.1 -0.04 0.0164520417
0.1 -0.04 0.0293017255
0.1 -0.03 0.0164024888
0.0919258881 -0.03 0.030678011
0.1 -0.03 0.0304485093
0.1 -0.02 0.0165333329
0.0905361176 -0.02 0.030678011
0.1 -0.02 0.0296731435
0.1 -0.01 0.0163672601
0.1 -0.01 0.0301359807
0.1 0 0.0164292203
0.1 0 0.0301253759
0.1 0.01 0.0164679967
0.1 0.01 0.0295968495
0.1 0.02 0.016264597
0.1 0.02 0.0300603925
0.1 0.03 0.0164456903
0.1 0.03 0.0300170098
0.1 0.04 0.0164849149
0.0905199051 0.04 0.030678011
0.1 0.04 0.0297428285
0.1 0.05 0.0165472661
0.1 0.05 0.0299982034
0.1 0.06 0.0166425096
0.1 0.06 0.0296280347
0.1 0.07 0.0166896115
0.1 0.07 0.0297598516
0.1 0.08 0.0165082322
0.1 0.08 0.0296979867
0.1 0.09 0.0166229592
0.1 0.09 0.0292359124
0.1 0.1 0.016956297
0.1 0.1 0.0284230291
0.1 0.11 0.0169565164
0.0949421692 0.11 0.010678011
0.1 0.11 0.0283803331
0.1 0.115050316 0.010678011
0.1 0.12 0.00572834598
0.1 0.12 0.0284575044
0.1 0.13 0.00589461909
0.1 0.13 0.0277306234
0.1 0.14 0.00583037959
0.1 0.14 0.0273775254
0.1 0.15 0.00594028102
0.1 0.15 0.0270491086
0.1 0.155391731 -0.069321989
0.1 0.16 -0.0739302505
0.1 0.155367165 -0.059321989
0.1 0.155171852 -0.049321989
0.1 0.155196838 -0.039321989
0.0950786591 0.16 -0.029321989
0.1 0.155078659 -0.029321989
0.1 0.155123749 -0.019321989
0.0950050354 0.16 -0.00932198895
0.1 0.155005035 -0.00932198895
0.1 0.16 0.00622109996
0.1 0.16 0.0261977731
0.095090065 0.17 -0.069321989
0.1 0.17 -0.0742319371
0.1 0.166027527 0.000678011047
0.1 0.16 -0.00432701482
0.1 0.17 0.02543182
0.1 0.174909935 -0.069321989
0.1 0.18 -0.0621739758
0.1 0.18 0.0244955598
0.1 0.185538521 -0.069321989
0.1 0.19 -0.0737834836
0.1 0.19 -0.0499344934
0.1 0.188982391 -0.049321989
0.1 0.185141602 -0.039321989
0.1 0.184314079 -0.029321989
0.0907748032 0.19 -0.029321989
0.1 0.187438545 -0.019321989
0.0975534058 0.19 -0.00932198895
0.1 0.19 -0.0109919537
0.1 0.186322441 0.000678011047
0.1 0.19 -0.00852590932
0.0932927704 0.19 0.000678011047
0.1 0.19 0.00911075221
0.1 0.19 0.021116129
0.1 0.190222816 -0.00932198895
0.1 0.190829201 0.010678011
0.097038002 0.2 0.020678011
0.1 0.2 0.02025416
0.1 0.2 0.0209789716
0.1 0.21 0.0192976819
0.1 0.21 0.0221722375
0.1 0.22 0.0157483159
0.11 -0.24 0.00636098491
0.104885292 -0.25 0.000678011047
0.11 -0.25 0.00684147464
0.104768028 -0.24 0.000678011047
0.11 -0.242979239 0.020678011
0.10702076 -0.24 0.020678011
0.11 -0.25 0.0145145475
0.1 -0.25 0.0154160939
0.11 -0.23 -0.0042330779
0.105088921 -0.23 0.000678011047
0.11 -0.234911084 0.000678011047
0.11 -0.22 -0.00361132993
0.11 -0.21 -0.00429790868
0.11 -0.22 0.0232356702
0.11 -0.21 0.0249400483
0.11 -0.2 -0.0636035622
0.104815369 -0.2 -0.069321989
0.11 -0.204281573 -0.059321989
0.11 -0.2 -0.053447503
0.11 -0.20190701 0.000678011047
0.11 -0.2 0.00591570483
0.11 -0.2 0.0221226464
0.11 -0.19 -0.0603258599
0.11 -0.191133432 -0.049321989
0.11 -0.19189364 -0.039321989
0.11 -0.191718659 -0.029321989
0.11 -0.193699174 -0.019321989
0.11 -0.191860156 -0.00932198895
0.11 -0.191871047 0.000678011047
0.11 -0.19 0.0230816613
0.11 -0.18 -0.0615847649
0.11 -0.18 0.0245916139
0.11 -0.17 -0.0639796175
0.104567795 -0.17 -0.069321989
0.1 -0.17 -0.00435571088
0.105215645 -0.17 0.000678011047
0.11 -0.17 0.0245697652
0.11 -0.165215626 0.000678011047
0.11 -0.16 0.00640337573
0.11 -0.16 0.0251354562
0.11 -0.15 0.00609434711
0.11 -0.15 0.025964018
0.11 -0.14 0.00604629146
0.11 -0.14 0.0263924085
0.11 -0.13 0.00584567653
0.11 -0.13 0.0265097772
0.11 -0.12 0.00587790118
0.11 -0.12 0.0270038377
0.11 -0.11 0.00568797694
0.11 -0.11 0.0273115026
0.11 -0.105009966 0.010678011
0.11 -0.1 0.0168811856
0.11 -0.1 0.0278257238
0.11 -0.09 0.0169399797
0.11 -0.09 0.0283540403
0.11 -0.08 0.0167396318
0.11 -0.08 0.0282617532
0.11 -0.07 0.0166206132
0.11 -0.07 0.0284837113
0.11 -0.06 0.0167206441
0.11 -0.06 0.0287365113
0.11 -0.05 0.0166366922
0.11 -0.05 0.0289321958
0.11 -0.04 0.016640297
0.11 -0.04 0.0291512166
0.11 -0.03 0.0165699254
0.11 -0.03 0.0297355519
0.11 -0.02 0.0163531648
0.11 -0.02 0.0296561013
0.11 -0.01 0.0165860425
0.11 -0.01 0.0294982015
0.11 0 0.0164400731
0.11 0 0.0299296628
0.11 0.01 0.0164369641
0.11 0.01 0.0292517816
0.11 0.02 0.016584221
0.11 0.02 0.0297238504
0.11 0.03 0.01653998
0.11 0.03 0.0298076879
0.11 0.04 0.0164537107
0.11 0.04 0.0295644342
0.11 0.05 0.0166468774
0.11 0.05 0.0299340306
0.11 0.06 0.0165909253
0.11 0.06 0.0296206342
0.11 0.07 0.016564623
0.11 0.07 0.0290260278
0.11 0.08 0.0167245923
0.11 0.08 0.0293397294
0.11 0.09 0.0166796456
0.11 0.09 0.0292612611
0.11 0.1 0.016969906
0.11 0.1 0.0284452973
0.11 0.11 0.0171449052
0.11 0.11 0.0281531011
0.11 0.115146523 0.010678011
0.11 0.12 0.00582452403
0.11 0.12 0.0280675565
0.11 0.13 0.00578908549
0.11 0.13 0.027561432
0.11 0.14 0.0059431039
0.11 0.14 0.0268884717
0.11 0.15 0.00603718387
0.11 0.15 0.0265084516
0.11 0.155275917 -0.069321989
0.11 0.16 -0.0740460874
0.11 0.155278168 -0.059321989
0.11 0.155293198 -0.049321989
0.11 0.155216637 -0.039321989
0.11 0.155150528 -0.029321989
0.11 0.155178261 -0.019321989
0.11 0.155120773 -0.00932198895
0.105035553 0.16 0.000678011047
0.11 0.155035553 0.000678011047
0.11 0.16 0.0259109079
0.11 0.164724083 -0.069321989
0.11 0.17 -0.0629528464
0.104909935 0.17 -0.069321989
0.11 0.17 0.0248026048
0.11 0.18 -0.0614926828
0.11 0.18 0.0247121392
0.11 0.19 -0.0631243647
0.104461479 0.19 -0.069321989
0.100643005 0.19 -0.049321989
0.11 0.19 -0.0443130483
0.11 0.183587494 -0.039321989
0.11 0.186567993 -0.029321989
0.11 0.185044022 -0.019321989
0.11 0.185760345 -0.00932198895
0.100849342 0.19 -0.00932198895
0.11 0.19 -0.00311458958
0.106372108 0.19 0.000678011047
0.105103989 0.19 0.020678011
0.11 0.19 0.016892048
0.11 0.189402542 0.020678011
0.11 0.191932106 -0.049321989
0.11 0.192699432 0.000678011047
0.11 0.190816536 0.010678011
0.102190819 0.2 0.020678011
0.100254288 0.21 0.000678011047
0.11 0.202593689 0.000678011047
0.11 0.21 -0.00370643987
0.11 0.21 0.00517012225
0.11 0.205821991 0.020678011
0.11 0.21 0.0202641927
0.11 0.21 0.0211278783
0.11 0.22 0.0161785756
0.115312004 -0.24 0.000678011047
0.12 -0.244688011 0.000678011047
0.12 -0.24 -0.00401000394
0.12 -0.25 0.00670036899
0.12 -0.23 -0.00388321294
0.11297924 -0.24 0.020678011
0.12 -0.232652017 0.020678011
0.12 -0.24 0.0150967847
0.12 -0.22 -0.00358502759
0.12 -0.21 -0.00407574071
0.12 -0.22 0.0234440671
0.12 -0.21 0.0252801286
0.115122452 -0.2 -0.069321989
0.12 -0.204877534 -0.069321989
0.12 -0.2 -0.0741995217
0.114281578 -0.2 -0.059321989
0.116321259 -0.2 0.000678011047
0.12 -0.2 -0.00268067731
0.12 -0.2 0.0208868085
0.12 -0.195122466 -0.069321989
0.12 -0.2 -0.064444455
0.12 -0.19 -0.0616023053
0.12 -0.192280316 -0.059321989
0.12 -0.191647615 -0.049321989
0.118390198 -0.19 -0.039321989
0.12 -0.19 -0.0426198567
0.12 -0.19 -0.0376672877
0.12 -0.191142449 -0.029321989
0.116931992 -0.19 -0.019321989
0.12 -0.19 -0.0225513972
0.12 -0.19 -0.0104679574
0.12 -0.190209785 -0.00932198895
0.12 -0.19 0.0233154737
0.12 -0.18 -0.0612029852
0.12 -0.189433727 -0.039321989
0.12 -0.188866577 -0.019321989
0.12 -0.18 0.0237124311
0.115743561 -0.17 -0.069321989
0.12 -0.174256439 -0.069321989
0.12 -0.17 -0.0735784294
0.12 -0.17 0.0242251073
0.12 -0.165375395 0.000678011047
0.12 -0.16 0.00618550883
0.12 -0.16 0.0247697316
0.12 -0.15 0.00614571201
0.12 -0.15 0.0257599698
0.12 -0.14 0.00600918399
0.12 -0.14 0.0258289491
0.12 -0.13 0.00597250568
0.12 -0.13 0.0263064824
0.12 -0.12 0.00579640018
0.12 -0.12 0.0266709672
0.12 -0.11 0.00584347354
0.12 -0.11 0.0272116815
0.12 -0.105165462 0.010678011
0.12 -0.1 0.0170527612
0.12 -0.1 0.027364441
0.115068283 -0.09 0.010678011
0.12 -0.0949317169 0.010678011
0.12 -0.09 0.00574629413
0.12 -0.09 0.0274913655
0.12 -0.0850682831 0.010678011
0.12 -0.08 0.0170228826
0.12 -0.08 0.0279573213
0.12 -0.07 0.0168098889
0.12 -0.07 0.0281074296
0.12 -0.06 0.0167865525
0.12 -0.06 0.0286891137
0.12 -0.05 0.0168098508
0.12 -0.05 0.0289530717
0.12 -0.04 0.0166759931
0.12 -0.04 0.0294996225
0.12 -0.03 0.0168287812
0.12 -0.03 0.0292305623
0.12 -0.02 0.0165894376
0.12 -0.02 0.0294245206
0.12 -0.01 0.0165797196
0.12 -0.01 0.0295108091
0.12 0 0.0165650426
0.12 0 0.0291987954
0.12 0.01 0.0164924203
0.12 0.01 0.0302111589
0.12 0.02 0.0165946923
0.12 0.02 0.0295894586
0.12 0.03 0.0166112958
0.12 0.03 0.0292502462
0.12 0.04 0.0164813958
0.12 0.04 0.0298574983
0.12 0.05 0.0165936433
0.12 0.05 0.0290333234
0.12 0.06 0.0165612756
0.12 0.06 0.0291285764
0.12 0.07 0.016640669
0.12 0.07 0.0293567906
0.12 0.08 0.0169083367
0.12 0.08 0.0285713254
0.115033455 0.09 0.010678011
0.12 0.0850334549 0.010678011
0.12 0.09 0.00571147548
0.12 0.09 0.0284678804
0.115070229 0.1 0.010678011
0.12 0.1 0.0057482587
0.12 0.1 0.0285624372
0.115319862 0.11 0.010678011
0.12 0.11 0.00599785434
0.12 0.11 0.027457348
0.12 0.12 0.00593012439
0.12 0.12 0.0275226556
0.12 0.13 0.00609209644
0.12 0.13 0.0273321878
0.12 0.14 0.00611945735
0.12 0.14 0.0264817201
0.12 0.15 0.00607014285
0.12 0.15 0.0260564099
0.12 0.155449524 -0.069321989
0.12 0.16 -0.0738724662
0.12 0.155296936 -0.059321989
0.12 0.1553545 -0.049321989
0.12 0.155380287 -0.039321989
0.12 0.155189972 -0.029321989
0.12 0.155217972 -0.019321989
0.12 0.155205078 -0.00932198895
0.12 0.155166931 0.000678011047
0.12 0.16 0.0255576764
0.115254784 0.17 -0.069321989
0.12 0.17 -0.074067197
0.12 0.17 0.0250247823
0.12 0.174745216 -0.069321989
0.12 0.18 -0.0616569342
0.12 0.18 0.024393097
0.115418663 0.19 -0.069321989
0.12 0.185418663 -0.069321989
0.12 0.19 -0.0739033247
0.118097267 0.19 -0.049321989
0.12 0.19 -0.0500410522
0.12 0.183820496 -0.049321989
0.12 0.18404747 -0.039321989
0.12 0.183489113 -0.029321989
0.12 0.185596848 -0.019321989
0.12 0.186642914 -0.00932198895
0.12 0.189186478 0.000678011047
0.118342056 0.19 0.000678011047
0.12 0.188983231 0.010678011
0.114326401 0.19 0.010678011
0.12 0.188258133 0.020678011
0.12 0.20291523 0.000678011047
0.12 0.21 -0.00366454495
0.12 0.21 0.00508109676
0.12 0.2020961 0.020678011
0.12 0.21 0.0178663407
0.12 0.21 0.023811966
0.13 -0.244286981 0.000678011047
0.13 -0.24 -0.00360897435
0.13 -0.25 0.00672401057
0.13 -0.23 -0.00418963803
0.13 -0.233102677 0.020678011
0.13 -0.24 0.0148837434
0.13 -0.22 -0.0038085307
0.13 -0.21 -0.00387400998
0.13 -0.22 0.0226791345
0.13 -0.21 0.02400025
0.124877548 -0.2 -0.069321989
0.13 -0.203458929 -0.059321989
0.13 -0.2 -0.062780918
0.126541061 -0.2 -0.059321989
0.126795692 -0.2 -0.049321989
0.13 -0.200823874 -0.049321989
0.13 -0.2 -0.0483714904
0.13 -0.200625463 0.000678011047
0.12708992 -0.2 0.000678011047
0.13 -0.2 0.00519660579
0.13 -0.2 0.0220743333
0.13 -0.19 -0.0603590239
0.124672318 -0.19 -0.049321989
0.13 -0.19 -0.052023672
0.13 -0.193229694 -0.049321989
0.126095047 -0.19 -0.029321989
0.13 -0.190278358 -0.00932198895
0.13 -0.19 -0.0159114016
0.13 -0.19842093 0.000678011047
0.13 -0.19 0.0227361451
0.13 -0.18 -0.0613129629
0.13 -0.18856163 -0.049321989
0.13 -0.188224945 -0.039321989
0.13 -0.188365679 -0.029321989
0.13 -0.189950342 -0.019321989
0.13 -0.18 0.0236204969
0.13 -0.17 -0.0636635007
0.124256439 -0.17 -0.069321989
0.13 -0.17 0.0240155946
0.13 -0.165497942 0.000678011047
0.13 -0.16 0.00626444446
0.13 -0.16 0.0248778497
0.13 -0.15 0.00628317462
0.13 -0.15 0.024986807
0.13 -0.14 0.00618901836
0.13 -0.14 0.0254812108
0.13 -0.13 0.0059017335
0.13 -0.13 0.0263168393
0.13 -0.12 0.00592934238
0.13 -0.12 0.0266947137
0.13 -0.11 0.00572908984
0.13 -0.11 0.0267903386
0.125199051 -0.1 0.010678011
0.13 -0.1 0.00587704288
0.13 -0.1 0.0273124658
0.13 -0.09 0.0169734441
0.13 -0.0951990318 0.010678011
0.124931717 -0.09 0.010678011
0.13 -0.09 0.0276686059
0.13 -0.08 0.00575708018
0.125079079 -0.08 0.010678011
0.13 -0.0849209213 0.010678011
0.13 -0.08 0.0277661668
0.13 -0.0750790787 0.010678011
0.13 -0.07 0.0168045198
0.13 -0.07 0.0286709748
0.13 -0.06 0.0167809449
0.13 -0.06 0.0280728208
0.13 -0.05 0.016589552
0.13 -0.05 0.0284771501
0.13 -0.04 0.0167115937
0.13 -0.04 0.0281414472
0.13 -0.03 0.0167282258
0.13 -0.03 0.0286293088
0.13 -0.02 0.0167476617
0.13 -0.02 0.0291980325
0.13 -0.01 0.0166541444
0.13 -0.01 0.0292044412
0.13 0 0.0165361558
0.13 0 0.029256817
0.13 0.01 0.016607977
0.13 0.01 0.0291359578
0.13 0.02 0.016764494
0.13 0.02 0.0290096913
0.13 0.03 0.0166361009
0.13 0.03 0.0290881692
0.13 0.04 0.0167456685
0.13 0.04 0.029431368
0.13 0.05 0.0170085393
0.13 0.05 0.0289865552
0.13 0.06 0.0167095338
0.13 0.06 0.028899952
0.13 0.07 0.0168498193
0.13 0.07 0.028796383
0.13 0.08 0.0168201696
0.13 0.08 0.0282746087
0.13 0.0851150131 0.010678011
0.13 0.09 0.00579302417
0.13 0.09 0.0277804242
0.13 0.1 0.00581863032
0.13 0.1 0.0279620896
0.13 0.11 0.00584377872
0.13 0.11 0.0277399026
0.13 0.12 0.0061403905
0.13 0.12 0.0266439592
0.13 0.13 0.0062888013
0.13 0.13 0.0264031373
0.13 0.14 0.00612723933
0.13 0.14 0.0263598214
0.13 0.15 0.00620864497
0.13 0.15 0.0256785642
0.13 0.155642166 -0.069321989
0.13 0.16 -0.0736798371
0.13 0.15535984 -0.059321989
0.13 0.155667534 -0.049321989
0.13 0.155433311 -0.039321989
0.13 0.155345345 -0.029321989
0.13 0.155417938 -0.019321989
0.13 0.155358772 -0.00932198895
0.13 0.155339165 0.000678011047
0.13 0.16 0.0251748143
0.13 0.17 -0.0741681398
0.13 0.17 0.0243590127
0.13 0.174846153 -0.069321989
0.13 0.18 -0.0599642552
0.13 0.18 0.0240262757
0.13 0.186498299 -0.069321989
0.13 0.19 -0.0728237034
0.121587029 0.19 -0.049321989
0.13 0.19 -0.044252838
0.13 0.182680206 -0.039321989
0.13 0.184305992 -0.029321989
0.13 0.182567902 -0.019321989
0.13 0.184480515 -0.00932198895
0.12275486 0.19 0.000678011047
0.13 0.19 -0.00142810239
0.13 0.19 0.00498448001
0.13 0.188295898 0.010678011
0.126462173 0.19 0.020678011
0.13 0.19 0.0177870713
0.13 0.19 0.0211713277
0.13 0.192297707 -0.049321989
0.13 0.191447067 0.000678011047
0.13 0.194603844 0.020678011
0.13 0.202955322 0.000678011047
0.13 0.21 -0.00358981503
0.13 0.200888062 0.020678011
0.13 0.21 0.0181313192
0.13 0.21 0.023511778
0.125358315 0.22 0.020678011
0.12 0.212762222 0.020678011
0.13 0.22 0.0160363351
0.14 -0.243803355 0.000678011047
0.14 -0.24 -0.00312534703
0.14 -0.25 0.00797543155
0.14 -0.23 -0.00379750623
0.14 -0.233124938 0.020678011
0.14 -0.24 0.0140046464
0.14 -0.22 -0.00354590787
0.14 -0.21 -0.0039515437
0.14 -0.22 0.0234315835
0.14 -0.21 0.0229894315
0.131876831 -0.2 -0.049321989
0.133458939 -0.2 -0.059321989
0.132446022 -0.2 0.000678011047
0.14 -0.2 -0.00218530072
0.139863663 -0.2 0.020678011
0.14 -0.2 0.020464636
0.14 -0.200095735 0.020678011
0.14 -0.191540394 -0.059321989
0.14 -0.19 -0.0608623828
0.14 -0.19 -0.0524224652
0.130543327 -0.19 -0.00932198895
0.14 -0.19 -0.00657936467
0.14 -0.199905338 0.020678011
0.14 -0.19 0.0226232968
0.14 -0.18 -0.0602899732
0.14 -0.186926994 -0.049321989
0.14 -0.18575913 -0.039321989
0.14 -0.187264042 -0.029321989
0.14 -0.188552785 -0.019321989
0.14 -0.186730981 -0.00932198895
0.14 -0.18 0.0225686418
0.136160355 -0.17 -0.069321989
0.14 -0.173839655 -0.069321989
0.14 -0.17 -0.0731616463
0.14 -0.17 0.0241263543
0.14 -0.165708055 0.000678011047
0.14 -0.16 0.0064965211
0.14 -0.16 0.0242744695
0.14 -0.15 0.00624573337
0.14 -0.15 0.0249130784
0.14 -0.14 0.00619000064
0.14 -0.14 0.0252516423
0.14 -0.13 0.00632483112
0.14 -0.13 0.0258541165
0.14 -0.12 0.00602690326
0.14 -0.12 0.0257152043
0.14 -0.11 0.00600200282
0.14 -0.11 0.0265035115
0.14 -0.1 0.00583683597
0.14 -0.1 0.0269419824
0.135184135 -0.09 0.010678011
0.14 -0.09 0.00586212741
0.14 -0.09 0.0270406591
0.14 -0.08 0.00574288951
0.14 -0.08 0.0275911389
0.14 -0.075064888 0.010678011
0.14 -0.07 0.0170461522
0.14 -0.07 0.0276453458
0.14 -0.06 0.0171453916
0.14 -0.06 0.0277930223
0.14 -0.05 0.0169128095
0.14 -0.05 0.0279344808
0.14 -0.04 0.0167225038
0.14 -0.04 0.0285309468
0.14 -0.03 0.0167697583
0.14 -0.03 0.0283172952
0.14 -0.02 0.0166543447
0.14 -0.02 0.0286575376
0.14 -0.01 0.0166510926
0.14 -0.01 0.0284026586
0.14 0 0.0167587148
0.14 0 0.0283725034
0.14 0.01 0.016771351
0.14 0.01 0.0285950051
0.14 0.02 0.0167826711
0.14 0.02 0.0286620675
0.14 0.03 0.0168175565
0.14 0.03 0.0286011659
0.135031433 0.04 0.010678011
0.14 0.0350314522 0.010678011
0.14 0.04 0.00570946323
0.14 0.04 0.0284318791
0.14 0.0449685478 0.010678011
0.14 0.05 0.0167298947
0.14 0.05 0.0287033235
0.135006828 0.06 0.010678011
0.14 0.0550068474 0.010678011
0.14 0.06 0.00568485843
0.14 0.06 0.028678156
0.14 0.0649931526 0.010678011
0.14 0.07 0.0168964635
0.14 0.07 0.0278159486
0.135119247 0.08 0.010678011
0.14 0.0751192474 0.010678011
0.14 0.08 0.00579725848
0.14 0.08 0.0280156385
0.14 0.09 0.00569682704
0.14 0.09 0.0274087297
0.14 0.1 0.00594548808
0.14 0.1 0.0270276605
0.14 0.11 0.00604668246
0.14 0.11 0.027171713
0.14 0.12 0.00615404712
0.14 0.12 0.0265897428
0.14 0.13 0.00617364513
0.14 0.13 0.0263912259
0.14 0.14 0.00629787074
0.14 0.14 0.0259786378
0.14 0.15 0.00618739711
0.14 0.15 0.0257148801
0.14 0.155726585 -0.069321989
0.14 0.16 -0.0735954167
0.14 0.155674858 -0.059321989
0.14 0.155518684 -0.049321989
0.14 0.155552979 -0.039321989
0.14 0.155383453 -0.029321989
0.14 0.155599289 -0.019321989
0.14 0.155558624 -0.00932198895
0.14 0.155538979 0.000678011047
0.14 0.16 0.0253815709
0.14 0.17 -0.0742792608
0.14 0.17 0.025142275
0.14 0.174957275 -0.069321989
0.14 0.18 -0.0613272513
0.135063934 0.18 -0.049321989
0.14 0.18 -0.0505552758
0.14 0.179305038 -0.049321989
0.14 0.179754105 -0.039321989
0.139233704 0.18 -0.039321989
0.14 0.18 -0.0378700293
0.14 0.18 0.0233723603
0.14 0.185612373 -0.069321989
0.14 0.19 -0.0737096287
0.13738781 0.19 -0.049321989
0.14 0.19 -0.0520626367
0.14 0.181070099 -0.029321989
0.14 0.181394463 -0.019321989
0.14 0.18421299 -0.00932198895
0.14 0.186508598 0.000678011047
0.132611618 0.19 0.000678011047
0.14 0.186738663 0.010678011
0.14 0.187516632 0.020678011
0.133301163 0.19 0.020678011
0.132577095 0.2 0.020678011
0.14 0.2 0.0190242158
0.14 0.193754158 0.020678011
0.14 0.2 0.0222237741
0.14 0.203409309 0.000678011047
0.14 0.21 -0.00348107709
0.14 0.21 0.0195352517
0.14 0.21 0.0218931638
0.14 0.22 0.0160434209
0.145715981 -0.24 -0.079321989
0.145758934 -0.25 -0.079321989
0.15 -0.25 -0.0835630734
0.15 -0.24 -0.0836059947
0.145663948 -0.25 -0.069321989
0.14534874 -0.24 -0.069321989
0.145646782 -0.25 -0.059321989
0.145602837 -0.24 -0.059321989
0.145584373 -0.25 -0.049321989
0.145542145 -0.24 -0.049321989
0.145886154 -0.25 -0.039321989
0.145558701 -0.24 -0.039321989
0.145570793 -0.25 -0.029321989
0.145526161 -0.24 -0.029321989
0.15 -0.244158678 -0.019321989
0.15 -0.25 -0.0248927678
0.145841331 -0.24 -0.019321989
0.145571671 -0.24 -0.00932198895
0.15 -0.244428316 -0.00932198895
0.15 -0.244023045 0.000678011047
0.15 -0.25 0.00687241183
0.145396957 -0.23 -0.079321989
0.15 -0.23 -0.0839250292
0.145320892 -0.23 -0.069321989
0.145258484 -0.23 -0.059321989
0.145258369 -0.23 -0.049321989
0.145221977 -0.23 -0.039321989
0.14549057 -0.23 -0.029321989
0.145241127 -0.23 -0.019321989
0.145532761 -0.23 -0.00932198895
0.15 -0.230359713 0.020678011
0.15 -0.24 0.0149003469
0.145738029 -0.22 -0.079321989
0.15 -0.22 -0.0835839493
0.145718498 -0.22 -0.069321989
0.145588684 -0.22 -0.059321989
0.145730209 -0.22 -0.049321989
0.145592728 -0.22 -0.039321989
0.145673904 -0.22 -0.029321989
0.145571861 -0.22 -0.019321989
0.145420494 -0.22 -0.00932198895
0.146224365 -0.21 -0.079321989
0.15 -0.21 -0.0830976201
0.145892105 -0.21 -0.069321989
0.145887489 -0.21 -0.059321989
0.145998611 -0.21 -0.049321989
0.145749969 -0.21 -0.039321989
0.145885506 -0.21 -0.029321989
0.14568634 -0.21 -0.019321989
0.145613327 -0.21 -0.00932198895
0.15 -0.22 0.0212317144
0.15 -0.21 0.0253653012
0.145821457 -0.2 -0.079321989
0.15 -0.2 -0.0835005386
0.145619049 -0.2 -0.069321989
0.146571808 -0.2 -0.059321989
0.146847687 -0.2 -0.049321989
0.14634594 -0.2 -0.039321989
0.15 -0.2 -0.0338886298
0.15 -0.202239552 -0.029321989
0.15 -0.200918818 -0.019321989
0.15 -0.200836444 -0.00932198895
0.15 -0.2 -0.00214959515
0.15 -0.2 0.0144324361
0.15 -0.202977324 0.020678011
0.145568008 -0.19 -0.079321989
0.15 -0.19 -0.0837539621
0.145380745 -0.19 -0.069321989
0.143381805 -0.19 -0.049321989
0.144071236 -0.19 -0.039321989
0.15 -0.195580244 -0.029321989
0.14200985 -0.19 -0.029321989
0.141493759 -0.19 -0.019321989
0.15 -0.197425833 -0.019321989
0.143045921 -0.19 -0.00932198895
0.15 -0.197753038 -0.00932198895
0.15 -0.191627197 0.020678011
0.15 -0.19 0.0209617959
0.145346375 -0.18 -0.079321989
0.15 -0.18 -0.0839756067
0.1453368 -0.18 -0.069321989
0.15 -0.18 0.0235565816
0.145151672 -0.17 -0.079321989
0.15 -0.17 -0.0841703178
0.15 -0.17 0.0230972539
0.145025635 -0.16 -0.069321989
0.15 -0.165151672 -0.079321989
0.15 -0.16 -0.0742963613
0.14 -0.166160345 -0.069321989
0.15 -0.165871305 0.000678011047
0.15 -0.16 0.00663932429
0.15 -0.16 0.0234639894
0.15 -0.15 0.00645583736
0.15 -0.15 0.024306389
0.15 -0.14 0.00660175906
0.15 -0.14 0.0247210466
0.15 -0.13 0.00629613506
0.15 -0.13 0.0247192823
0.15 -0.12 0.00608522998
0.15 -0.12 0.0257072412
0.15 -0.11 0.00590267764
0.15 -0.11 0.0261646043
0.15 -0.1 0.00589226352
0.15 -0.1 0.0261884652
0.15 -0.09 0.00579003917
0.15 -0.09 0.0266013871
0.15 -0.08 0.00585873233
0.15 -0.08 0.0269547807
0.145029297 -0.07 0.010678011
0.15 -0.07 0.00570729839
0.15 -0.07 0.0270887719
0.15 -0.0650292778 0.010678011
0.15 -0.06 0.016977173
0.15 -0.06 0.0274508821
0.15 -0.05 0.0168060838
0.15 -0.05 0.0280234204
0.15 -0.04 0.0170237218
0.15 -0.04 0.0274225198
0.15 -0.03 0.0167603265
0.15 -0.03 0.0282499848
0.15 -0.02 0.0170198117
0.15 -0.02 0.0278106557
0.15 -0.01 0.0169845449
0.15 -0.01 0.0279528867
0.15 0 0.0167447435
0.15 0 0.0281621705
0.145013313 0.01 0.010678011
0.15 0.00501333237 0.010678011
0.15 0.01 0.00569133388
0.15 0.01 0.0281712781
0.15 0.0149866676 0.010678011
0.15 0.02 0.0169755994
0.15 0.02 0.0281350766
0.15 0.03 0.0171666871
0.15 0.03 0.0281235753
0.15 0.035100193 0.010678011
0.15 0.04 0.00577820407
0.15 0.04 0.028007723
0.15 0.044899807 0.010678011
0.15 0.05 0.0170024072
0.15 0.05 0.0277988301
0.15 0.0551069641 0.010678011
0.15 0.06 0.00578497516
0.15 0.06 0.0279707013
0.14501812 0.07 0.010678011
0.15 0.07 0.00569614993
0.15 0.07 0.0274983369
0.15 0.08 0.00588388072
0.15 0.08 0.0274231397
0.15 0.09 0.00591147052
0.15 0.09 0.0274240647
0.15 0.1 0.00597424136
0.15 0.1 0.0270881044
0.15 0.11 0.00599917995
0.15 0.11 0.0264042531
0.15 0.12 0.00612811671
0.15 0.12 0.0266792546
0.15 0.13 0.00626258479
0.15 0.13 0.0259836732
0.15 0.14 0.00619324313
0.15 0.14 0.0257316171
0.145045433 0.15 -0.079321989
0.15 0.145045433 -0.079321989
0.15 0.15 -0.084276547
0.145064163 0.15 -0.069321989
0.15 0.145064163 -0.069321989
0.15 0.15 0.00627501117
0.15 0.15 0.0251472913
0.145185776 0.16 -0.079321989
0.15 0.16 -0.0841361977
0.15 0.155592766 -0.059321989
0.15 0.15 -0.0643861474
0.15 0.155847282 -0.049321989
0.15 0.155585098 -0.039321989
0.15 0.155559731 -0.029321989
0.15 0.155550919 -0.019321989
0.15 0.155793381 -0.00932198895
0.15 0.15576931 0.000678011047
0.15 0.16 0.0246317159
0.145370178 0.17 -0.079321989
0.15 0.17 -0.0839518292
0.15 0.17 0.0243190824
0.145651779 0.18 -0.079321989
0.15 0.18 -0.0836702044
0.145383759 0.18 -0.069321989
0.142831459 0.18 -0.049321989
0.140638924 0.18 -0.039321989
0.15 0.18 0.0240874063
0.145901108 0.19 -0.079321989
0.15 0.19 -0.0834208996
0.15 0.19 -0.0501482238
0.15 0.186421051 -0.049321989
0.15 0.185279007 -0.039321989
0.15 0.18414402 -0.029321989
0.147988052 0.19 -0.019321989
0.15 0.19 -0.021840247
0.15 0.19 -0.0163366355
0.15 0.185936432 -0.00932198895
0.15 0.186452599 0.000678011047
0.15 0.186516762 0.010678011
0.15 0.186779556 0.020678011
0.146187134 0.2 -0.079321989
0.15 0.2 -0.0831348432
0.145864677 0.2 -0.069321989
0.14 0.194387627 -0.069321989
0.145952797 0.2 -0.059321989
0.14 0.192183762 -0.059321989
0.15 0.190685425 -0.049321989
0.145964203 0.2 -0.049321989
0.15 0.2 -0.0405721272
0.15 0.191834908 -0.019321989
0.15 0.197720757 0.020678011
0.15 0.2 0.0200136052
0.15 0.2 0.0213319837
0.14651741 0.21 -0.079321989
0.15 0.21 -0.082804565
0.146492424 0.21 -0.069321989
0.146259689 0.21 -0.059321989
0.146271133 0.21 -0.049321989
0.15 0.201314545 -0.039321989
0.146102104 0.21 -0.039321989
0.146144867 0.21 -0.029321989
0.15 0.203546295 -0.029321989
0.146027908 0.21 -0.019321989
0.15 0.202974586 -0.019321989
0.145847244 0.21 -0.00932198895
0.15 0.202436943 -0.00932198895
0.15 0.202228355 0.000678011047
0.15 0.21 0.0164537965
0.15 0.21 0.0249661313
0.15 0.22 0.0158614694
0.16 -0.24 -0.0709501244
0.154336052 -0.25 -0.069321989
0.16 -0.241628135 -0.069321989
0.154284019 -0.24 -0.079321989
0.154241066 -0.25 -0.079321989
0.154353218 -0.25 -0.059321989
0.16 -0.241701331 -0.059321989
0.154415627 -0.25 -0.049321989
0.16 -0.241863049 -0.049321989
0.16 -0.24 -0.0312723245
0.154429207 -0.25 -0.029321989
0.16 -0.241950337 -0.029321989
0.154441299 -0.24 -0.039321989
0.154113846 -0.25 -0.039321989
0.16 -0.242019919 -0.019321989
0.16 -0.24 0.00741741763
0.154023056 -0.24 0.000678011047
0.16 -0.25 0.00728825198
0.16 -0.23 -0.0716350664
0.154603043 -0.23 -0.079321989
0.16 -0.23258747 -0.039321989
0.16 -0.24 -0.0474589385
0.154428329 -0.24 -0.00932198895
0.16 -0.232005386 -0.00932198895
0.16 -0.24 -0.0173020686
0.16 -0.232485955 0.000678011047
0.16 -0.231226165 0.020678011
0.16 -0.24 0.0139386045
0.16 -0.22 -0.071693839
0.154261971 -0.22 -0.079321989
0.16 -0.21 -0.0717240526
0.153775635 -0.21 -0.079321989
0.16 -0.22 0.0225253736
0.16 -0.21 0.0223627435
0.16 -0.2 -0.0719828667
0.154178543 -0.2 -0.079321989
0.159681015 -0.2 -0.049321989
0.16 -0.2 -0.0494303979
0.16 -0.200180917 -0.049321989
0.16 -0.2 -0.046974429
0.155295372 -0.2 -0.029321989
0.152471771 -0.2 -0.019321989
0.16 -0.2 -0.0138510026
0.16 -0.203339014 -0.00932198895
0.16 -0.203199878 0.000678011047
0.151551094 -0.2 0.000678011047
0.16 -0.201038227 0.010678011
0.15513134 -0.2 0.010678011
0.16 -0.2 0.0167658864
0.157317848 -0.2 0.020678011
0.16 -0.2 0.021170498
0.16 -0.19 -0.0721934654
0.154431992 -0.19 -0.079321989
0.16 -0.199530005 -0.049321989
0.16 -0.194614315 -0.00932198895
0.16 -0.19508512 0.000678011047
0.16 -0.198707008 0.010678011
0.16 -0.19 0.021228119
0.16 -0.18 -0.0732843424
0.154653625 -0.18 -0.079321989
0.16 -0.18 0.021817957
0.16 -0.17 -0.0729860581
0.154848328 -0.17 -0.079321989
0.16 -0.17 0.0228514825
0.16 -0.16 -0.073106351
0.15 -0.16608016 -0.059321989
0.15 -0.16 -0.0643476166
0.155903282 -0.16 -0.059321989
0.155881004 -0.16 -0.049321989
0.15 -0.166125231 -0.049321989
0.155896378 -0.16 -0.039321989
0.15 -0.166120291 -0.039321989
0.155803757 -0.16 -0.029321989
0.15 -0.165896692 -0.029321989
0.155852547 -0.16 -0.019321989
0.15 -0.165994225 -0.019321989
0.155640869 -0.16 -0.00932198895
0.15 -0.166030846 -0.00932198895
0.155726929 -0.16 0.000678011047
0.16 -0.16 0.0231582223
0.155947037 -0.15 -0.069321989
0.15 -0.155025625 -0.069321989
0.16 -0.15 -0.0733749367
0.155776749 -0.15 -0.059321989
0.155792847 -0.15 -0.049321989
0.155528717 -0.15 -0.039321989
0.155679245 -0.15 -0.029321989
0.155496216 -0.15 -0.019321989
0.15542347 -0.15 -0.00932198895
0.155491066 -0.15 0.000678011047
0.16 -0.15 0.0239423619
0.155723343 -0.14 -0.069321989
0.16 -0.14 -0.0735986318
0.155559578 -0.14 -0.059321989
0.155584526 -0.14 -0.049321989
0.155461235 -0.14 -0.039321989
0.155355186 -0.14 -0.029321989
0.155426903 -0.14 -0.019321989
0.155251503 -0.14 -0.00932198895
0.155297928 -0.14 0.000678011047
0.16 -0.14 0.0239581739
0.155523567 -0.13 -0.069321989
0.16 -0.13 -0.0737984337
0.155378151 -0.13 -0.059321989
0.155365448 -0.13 -0.049321989
0.155280418 -0.13 -0.039321989
0.155301361 -0.13 -0.029321989
0.155221024 -0.13 -0.019321989
0.155085754 -0.13 -0.00932198895
0.155145988 -0.13 0.000678011047
0.16 -0.13 0.0246884595
0.155480042 -0.12 -0.069321989
0.16 -0.12 -0.0738419391
0.155214729 -0.12 -0.059321989
0.15532341 -0.12 -0.049321989
0.155107002 -0.12 -0.039321989
0.155143318 -0.12 -0.029321989
0.155078888 -0.12 -0.019321989
0.155113106 -0.12 -0.00932198895
0.155094833 -0.12 0.000678011047
0.16 -0.12 0.025234295
0.155512657 -0.11 -0.069321989
0.16 -0.11 -0.0738093282
0.155185318 -0.11 -0.059321989
0.155270309 -0.11 -0.049321989
0.155077591 -0.11 -0.039321989
0.155149536 -0.11 -0.029321989
0.16 -0.115078907 -0.019321989
0.16 -0.11 -0.0142760075
0.155045967 -0.11 -0.00932198895
0.16 -0.115094833 0.000678011047
0.16 -0.11 0.00604444133
0.16 -0.11 0.0253520452
0.155163727 -0.1 -0.069321989
0.16 -0.1 -0.074158249
0.155144005 -0.1 -0.059321989
0.155150185 -0.1 -0.049321989
0.16 -0.1 0.00590234386
0.16 -0.1 0.0255103646
0.155225296 -0.09 -0.069321989
0.16 -0.09 -0.0740966929
0.155003929 -0.09 -0.059321989
0.155045357 -0.09 -0.049321989
0.16 -0.09 0.00590580569
0.16 -0.09 0.0261320745
0.155129852 -0.08 -0.069321989
0.16 -0.08 -0.0741921212
0.16 -0.08 0.00583713161
0.16 -0.08 0.0258698712
0.155048065 -0.07 -0.069321989
0.16 -0.07 -0.0742739428
0.16 -0.07 0.00576583491
0.16 -0.07 0.0263734685
0.155186234 -0.06 0.010678011
0.16 -0.06 0.0058642541
0.16 -0.06 0.0268930875
0.16 -0.0551862526 0.010678011
0.16 -0.05 0.0172694932
0.16 -0.05 0.0267684423
0.16 -0.04 0.0170783101
0.16 -0.04 0.0270977841
0.155074272 -0.03 0.010678011
0.16 -0.0349257278 0.010678011
0.16 -0.03 0.0057522832
0.16 -0.03 0.0274450456
0.155027847 -0.02 0.010678011
0.16 -0.02 0.0057058488
0.16 -0.02 0.0278364621
0.155135956 -0.01 0.010678011
0.16 -0.01 0.00581397639
0.16 -0.01 0.0273331605
0.16 -0.00513597488 0.010678011
0.16 0 0.0170377408
0.16 0 0.0281667291
0.16 0.00521066666 0.010678011
0.16 0.01 0.0058886777
0.16 0.01 0.0279153501
0.155085182 0.02 0.010678011
0.16 0.02 0.00576319324
0.16 0.02 0.0279417382
0.15510994 0.03 0.010678011
0.16 0.03 0.00578795062
0.16 0.03 0.0281887113
0.16 0.04 0.00579358684
0.16 0.04 0.0278149949
0.155145645 0.05 0.010678011
0.16 0.05 0.00582363711
0.16 0.05 0.0277837239
0.16 0.06 0.00586515056
0.16 0.06 0.0278967153
0.155043602 0.07 -0.069321989
0.16 0.065043602 -0.069321989
0.16 0.07 -0.0742783834
0.155039673 0.07 -0.059321989
0.16 0.0650396919 -0.059321989
0.16 0.07 0.00589573489
0.16 0.07 0.0275672399
0.155125122 0.08 -0.069321989
0.16 0.08 -0.0741968573
0.155120888 0.08 -0.059321989
0.16 0.08 0.00585168468
0.16 0.08 0.027576233
0.15522007 0.09 -0.069321989
0.16 0.09 -0.0741019203
0.155215454 0.09 -0.059321989
0.16 0.0850414658 -0.049321989
0.16 0.08 -0.0544428886
0.155041466 0.09 -0.049321989
0.155059853 0.09 -0.039321989
0.16 0.0850598526 -0.039321989
0.16 0.09 0.00595850574
0.16 0.09 0.0271267472
0.155329704 0.1 -0.069321989
0.16 0.1 -0.0739922739
0.155361023 0.1 -0.059321989
0.15514637 0.1 -0.049321989
0.155165253 0.1 -0.039321989
0.155071068 0.1 -0.019321989
0.16 0.0950710678 -0.019321989
0.16 0.1 -0.0242509259
0.16 0.1 0.00615021335
0.16 0.1 0.0268112813
0.155497894 0.11 -0.069321989
0.16 0.11 -0.0738240887
0.155491982 0.11 -0.059321989
0.155266418 0.11 -0.049321989
0.155285797 0.11 -0.039321989
0.16 0.105148239 -0.029321989
0.16 0.1 -0.0344872416
0.155148239 0.11 -0.029321989
0.155189705 0.11 -0.019321989
0.16 0.105052681 -0.00932198895
0.16 0.1 -0.014393052
0.155052681 0.11 -0.00932198895
0.16 0.11 0.00610492335
0.16 0.11 0.0263966333
0.155341568 0.12 -0.069321989
0.16 0.12 -0.0739804233
0.155641708 0.12 -0.059321989
0.155403328 0.12 -0.049321989
0.155469627 0.12 -0.039321989
0.155281448 0.12 -0.029321989
0.155324631 0.12 -0.019321989
0.155179825 0.12 -0.00932198895
0.16 0.115102081 0.000678011047
0.16 0.11 -0.00437466039
0.155102081 0.12 0.000678011047
0.16 0.12 0.0258205758
0.155513344 0.13 -0.069321989
0.16 0.13 -0.0738086296
0.155404358 0.13 -0.059321989
0.155304832 0.13 -0.049321989
0.155632935 0.13 -0.039321989
0.155432777 0.13 -0.029321989
0.155477943 0.13 -0.019321989
0.155372772 0.13 -0.00932198895
0.155244522 0.13 0.000678011047
0.16 0.13 0.025771967
0.155710068 0.14 -0.069321989
0.16 0.14 -0.0736119045
0.155593414 0.14 -0.059321989
0.155797272 0.14 -0.049321989
0.155380974 0.14 -0.039321989
0.155604668 0.14 -0.029321989
0.155711403 0.14 -0.019321989
0.15554306 0.14 -0.00932198895
0.155405769 0.14 0.000678011047
0.16 0.14 0.0250251638
0.16 0.145237656 -0.079321989
0.16 0.15 -0.0840843518
0.155489464 0.15 -0.059321989
0.155396118 0.15 -0.049321989
0.155584946 0.15 -0.039321989
0.15543705 0.15 -0.029321989
0.155918045 0.15 -0.019321989
0.155736427 0.15 -0.00932198895
0.155880585 0.15 0.000678011047
0.16 0.15 0.025686432
0.16 0.154762344 -0.079321989
0.16 0.16 -0.0732121254
0.154814224 0.16 -0.079321989
0.16 0.16 0.0243267499
0.16 0.17 -0.0736052312
0.154629822 0.17 -0.079321989
0.16 0.17 0.0234791051
0.16 0.18 -0.0724817253
0.154348221 0.18 -0.079321989
0.16 0.18 0.0236467038
0.16 0.19 -0.0711312724
0.154098892 0.19 -0.079321989
0.16 0.19 -0.0518857993
0.16 0.182584076 -0.049321989
0.16 0.183058624 -0.039321989
0.16 0.185919495 -0.029321989
0.16 0.184493141 -0.019321989
0.152321472 0.19 -0.019321989
0.16 0.184587212 -0.00932198895
0.154686508 0.19 0.000678011047
0.16 0.19 -0.00292625798
0.16 0.19 0.00512962924
0.16 0.186067963 0.010678011
0.16 0.186459427 0.020678011
0.16 0.2 -0.0705235256
0.153812866 0.2 -0.079321989
0.16 0.194926491 -0.049321989
0.16 0.2 -0.0453590287
0.16 0.192466927 0.000678011047
0.16 0.194929695 0.020678011
0.16 0.2 0.0185499917
0.16 0.2 0.0225998269
0.16 0.21 0.0163509236
0.165117493 -0.24 -0.079321989
0.17 -0.244882525 -0.079321989
0.17 -0.24 -0.0842045142
0.17 -0.25 -0.073701923
0.165620079 -0.25 -0.069321989
0.16539093 -0.25 -0.059321989
0.16610508 -0.25 -0.049321989
0.165986595 -0.24 -0.039321989
0.165858994 -0.25 -0.039321989
0.166731224 -0.25 -0.029321989
0.166060486 -0.25 -0.019321989
0.165998764 -0.24 -0.00932198895
0.165867119 -0.25 -0.00932198895
0.166769447 -0.25 0.000678011047
0.165523186 -0.24 0.000678011047
0.165226631 -0.23 -0.079321989
0.17 -0.23 -0.0840953554
0.17 -0.232219185 0.020678011
0.17 -0.24 0.0142334138
0.17 -0.225226634 -0.079321989
0.17 -0.22 -0.0741746439
0.17 -0.21 -0.0740453996
0.17 -0.22 0.0210470067
0.17 -0.21 0.0224132501
0.17 -0.2 -0.0740659655
0.17 -0.2 -0.0505774583
0.17 -0.201833582 -0.049321989
0.17 -0.2 -0.0462652863
0.167151413 -0.2 -0.029321989
0.17 -0.2 -0.0341864623
0.17 -0.204421992 -0.029321989
0.17 -0.201296921 -0.019321989
0.169244537 -0.2 -0.019321989
0.163898354 -0.2 -0.00932198895
0.17 -0.2 -0.0187287034
0.16575676 -0.2 0.000678011047
0.165943489 -0.2 0.010678011
0.17 -0.20166925 0.020678011
0.17 -0.2 0.0160610448
0.165233002 -0.2 0.020678011
0.17 -0.19 -0.0737416555
0.164922562 -0.19 -0.049321989
0.17 -0.19 -0.0527946724
0.17 -0.19 -0.0414566888
0.17 -0.194558644 -0.029321989
0.165095367 -0.19 -0.019321989
0.17 -0.19 -0.0266097392
0.17 -0.19 -0.012245058
0.17 -0.197755618 0.020678011
0.17 -0.19 0.0222068082
0.17 -0.18 -0.0743166293
0.17 -0.186689138 -0.049321989
0.17 -0.186279244 -0.019321989
0.17 -0.18 0.0211971437
0.17 -0.17 -0.0734910442
0.17 -0.17 0.0225275575
0.17 -0.16 -0.0728752388
0.17 -0.16 0.0230579148
0.17 -0.156446753 -0.069321989
0.17 -0.15 -0.0625143994
0.164052963 -0.15 -0.069321989
0.17 -0.15 0.0230150186
0.17 -0.14 -0.0615672578
0.164276657 -0.14 -0.069321989
0.17 -0.14 0.0238605271
0.17 -0.1326929 -0.069321989
0.17 -0.13 -0.0720148851
0.17 -0.13 0.0245194017
0.17 -0.1273071 -0.069321989
0.17 -0.12 -0.0620801224
0.164519958 -0.12 -0.069321989
0.17 -0.12 0.024599291
0.17 -0.114969072 -0.069321989
0.17 -0.11 -0.0742910601
0.16 -0.11 -0.0244715394
0.166464157 -0.11 -0.019321989
0.16 -0.11 -0.00436797513
0.166302986 -0.11 0.000678011047
0.17 -0.11 0.0250187646
0.17 -0.105030928 -0.069321989
0.17 -0.1 -0.0626026906
0.164836273 -0.1 -0.069321989
0.16 -0.10507761 -0.039321989
0.16 -0.1 -0.044472164
0.166539688 -0.1 -0.039321989
0.166547813 -0.1 -0.029321989
0.16 -0.105149555 -0.029321989
0.166258736 -0.1 -0.019321989
0.16615696 -0.1 -0.00932198895
0.16 -0.105045986 -0.00932198895
0.166262474 -0.1 0.000678011047
0.17 -0.1 0.0257772027
0.17 -0.09 -0.0628069176
0.164774704 -0.09 -0.069321989
0.16 -0.09 -0.0443673457
0.166315956 -0.09 -0.039321989
0.166199455 -0.09 -0.029321989
0.166235542 -0.09 -0.019321989
0.166134682 -0.09 -0.00932198895
0.16593071 -0.09 0.000678011047
0.17 -0.09 0.0256674443
0.17 -0.08 -0.0628112377
0.166510735 -0.08 -0.059321989
0.16 -0.0850039291 -0.059321989
0.16 -0.08 -0.0644518579
0.164870148 -0.08 -0.069321989
0.166314926 -0.08 -0.049321989
0.16 -0.0850453568 -0.049321989
0.16615509 -0.08 -0.039321989
0.166166763 -0.08 -0.029321989
0.165917549 -0.08 -0.019321989
0.165983238 -0.08 -0.00932198895
0.165791321 -0.08 0.000678011047
0.17 -0.08 0.0259348737
0.164951935 -0.07 -0.069321989
0.16 -0.07 -0.0643700351
0.17 -0.07 -0.0629683365
0.166353645 -0.07 -0.059321989
0.166171188 -0.07 -0.049321989
0.166015816 -0.07 -0.039321989
0.166029968 -0.07 -0.029321989
0.165793686 -0.07 -0.019321989
0.165836525 -0.07 -0.00932198895
0.165776672 -0.07 0.000678011047
0.17 -0.07 0.0262229787
0.16 -0.0650480461 -0.069321989
0.17 -0.06 -0.0732831944
0.16603878 -0.06 -0.069321989
0.17 -0.0639612007 -0.069321989
0.166206398 -0.06 -0.059321989
0.166176338 -0.06 -0.049321989
0.165901337 -0.06 -0.039321989
0.165784683 -0.06 -0.029321989
0.165690804 -0.06 -0.019321989
0.165733566 -0.06 -0.00932198895
0.165674286 -0.06 0.000678011047
0.17 -0.06 0.0262083493
0.17 -0.0560387993 -0.069321989
0.17 -0.05 -0.0630734671
0.166248512 -0.05 -0.059321989
0.165927887 -0.05 -0.049321989
0.165928879 -0.05 -0.039321989
0.165682983 -0.05 -0.029321989
0.165722046 -0.05 -0.019321989
0.165646782 -0.05 -0.00932198895
0.165483055 -0.05 0.000678011047
0.165275803 -0.05 0.010678011
0.17 -0.05 0.0267437326
0.166161118 -0.04 -0.059321989
0.17 -0.04 -0.0631608809
0.165851212 -0.04 -0.049321989
0.165841789 -0.04 -0.039321989
0.165728874 -0.04 -0.029321989
0.165522842 -0.04 -0.019321989
0.165566826 -0.04 -0.00932198895
0.165409164 -0.04 0.000678011047
0.165280418 -0.04 0.010678011
0.17 -0.04 0.0270138227
0.165945244 -0.03 -0.059321989
0.17 -0.03 -0.0633767403
0.165913773 -0.03 -0.049321989
0.165782089 -0.03 -0.039321989
0.165672722 -0.03 -0.029321989
0.165472107 -0.03 -0.019321989
0.165409813 -0.03 -0.00932198895
0.165459862 -0.03 0.000678011047
0.17 -0.03 0.0272830163
0.165693054 -0.02 -0.069321989
0.17 -0.0243069267 -0.069321989
0.17 -0.02 -0.0736289228
0.166024055 -0.02 -0.059321989
0.165733566 -0.02 -0.049321989
0.165739708 -0.02 -0.039321989
0.165515938 -0.02 -0.029321989
0.165436516 -0.02 -0.019321989
0.165471992 -0.02 -0.00932198895
0.165324097 -0.02 0.000678011047
0.17 -0.02 0.0267635308
0.17 -0.0156930733 -0.069321989
0.17 -0.01 -0.0633343758
0.165987625 -0.01 -0.059321989
0.165702209 -0.01 -0.049321989
0.165709343 -0.01 -0.039321989
0.165489273 -0.01 -0.029321989
0.16530735 -0.01 -0.019321989
0.165444984 -0.01 -0.00932198895
0.165299683 -0.01 0.000678011047
0.17 -0.01 0.0279753648
0.165976295 0 -0.059321989
0.17 0 -0.0633456863
0.165693398 0 -0.049321989
0.165579567 0 -0.039321989
0.16548317 0 -0.029321989
0.165391312 0 -0.019321989
0.165336151 0 -0.00932198895
0.165293999 0 0.000678011047
0.165176201 0 0.010678011
0.17 0 0.0272804223
0.165841179 0.01 -0.059321989
0.17 0.01 -0.0634808124
0.165700226 0.01 -0.049321989
0.165587273 0.01 -0.039321989
0.165585098 0.01 -0.029321989
0.165397453 0.01 -0.019321989
0.165343094 0.01 -0.00932198895
0.16520813 0.01 0.000678011047
0.17 0.01 0.0272020112
0.1658638 0.02 -0.059321989
0.17 0.02 -0.0634581794
0.165722618 0.02 -0.049321989
0.165705833 0.02 -0.039321989
0.1654916 0.02 -0.029321989
0.165531082 0.02 -0.019321989
0.165365944 0.02 -0.00932198895
0.165230598 0.02 0.000678011047
0.17 0.02 0.0279587136
0.165664825 0.03 -0.069321989
0.17 0.0256648064 -0.069321989
0.17 0.03 -0.0736571778
0.165908508 0.03 -0.059321989
0.165734749 0.03 -0.049321989
0.16574688 0.03 -0.039321989
0.165530548 0.03 -0.029321989
0.165460052 0.03 -0.019321989
0.165401802 0.03 -0.00932198895
0.165265274 0.03 0.000678011047
0.17 0.03 0.0272478067
0.17 0.0343351936 -0.069321989
0.17 0.04 -0.0632492722
0.166072731 0.04 -0.059321989
0.165788269 0.04 -0.049321989
0.165801277 0.04 -0.039321989
0.165581703 0.04 -0.029321989
0.165510635 0.04 -0.019321989
0.165351486 0.04 -0.00932198895
0.165313263 0.04 0.000678011047
0.17 0.04 0.0273187314
0.166149254 0.05 -0.059321989
0.17 0.05 -0.0631727518
0.165858688 0.05 -0.049321989
0.165745888 0.05 -0.039321989
0.165648422 0.05 -0.029321989
0.165576324 0.05 -0.019321989
0.165422935 0.05 -0.00932198895
0.165289612 0.05 0.000678011047
0.17 0.05 0.0276151334
0.166094971 0.06 -0.059321989
0.17 0.06 -0.0632270016
0.165947075 0.06 -0.049321989
0.165831642 0.06 -0.039321989
0.165626869 0.06 -0.029321989
0.165669975 0.06 -0.019321989
0.165502586 0.06 -0.00932198895
0.165365715 0.06 0.000678011047
0.17 0.06 0.0269016706
0.17 0.07 -0.0631142773
0.164956398 0.07 -0.069321989
0.16 0.07 -0.0543616737
0.166071053 0.07 -0.049321989
0.1659515 0.07 -0.039321989
0.165726547 0.07 -0.029321989
0.165771523 0.07 -0.019321989
0.165598526 0.07 -0.00932198895
0.165457153 0.07 0.000678011047
0.17 0.07 0.0270262395
0.17 0.08 -0.0629586138
0.164874878 0.08 -0.069321989
0.165970001 0.08 -0.049321989
0.165989914 0.08 -0.039321989
0.165764084 0.08 -0.029321989
0.165695801 0.08 -0.019321989
0.165653801 0.08 -0.00932198895
0.165511055 0.08 0.000678011047
0.17 0.08 0.0268552075
0.17 0.0860165405 -0.069321989
0.17 0.09 -0.0733054389
0.16 0.09 -0.0343818511
0.165902214 0.09 -0.029321989
0.165850983 0.09 -0.019321989
0.165678787 0.09 -0.00932198895
0.16563961 0.09 0.000678011047
0.17 0.09 0.026107298
0.17 0.0939834595 -0.069321989
0.17 0.1 -0.0627073301
0.164670296 0.1 -0.069321989
0.166087112 0.1 -0.029321989
0.165829887 0.1 -0.00932198895
0.165703468 0.1 0.000678011047
0.17 0.1 0.0265577375
0.17 0.11 -0.062485577
0.164502106 0.11 -0.069321989
0.165872459 0.11 0.000678011047
0.17 0.11 0.0257726537
0.17 0.12 -0.0624159182
0.164658432 0.12 -0.069321989
0.17 0.12 0.0253146707
0.17 0.125131874 -0.069321989
0.17 0.13 -0.0741901149
0.17 0.13 0.0252469121
0.17 0.134868126 -0.069321989
0.17 0.14 -0.0617430676
0.164289932 0.14 -0.069321989
0.17 0.14 0.0249096452
0.17 0.145429878 -0.079321989
0.17 0.15 -0.0838921149
0.17 0.145283585 -0.069321989
0.17 0.15 0.0243115769
0.17 0.154570122 -0.079321989
0.17 0.16 -0.073119228
0.17 0.16 0.0249303971
0.17 0.17 -0.0737105383
0.17 0.17 0.0224271928
0.17 0.174388542 -0.069321989
0.17 0.18 -0.0602101697
0.163159752 0.18 -0.069321989
0.163872414 0.18 -0.049321989
0.17 0.18 -0.0545571913
0.17 0.17766819 -0.049321989
0.17 0.178140068 -0.039321989
0.165480499 0.18 -0.039321989
0.17 0.179398613 -0.029321989
0.168412857 0.18 -0.029321989
0.17 0.179382515 -0.019321989
0.168775291 0.18 -0.019321989
0.17 0.18 -0.0128326119
0.17 0.18 0.0231472741
0.17 0.19 -0.0595781077
0.161809273 0.19 -0.069321989
0.17 0.19 -0.0582959021
0.17 0.19 -0.00959956063
0.169715462 0.19 -0.00932198895
0.17 0.183025932 0.000678011047
0.17 0.19 -0.00887086285
0.164761963 0.19 0.000678011047
0.17 0.184243088 0.010678011
0.16576992 0.19 0.020678011
0.17 0.19 0.017439953
0.17 0.19 0.022028328
0.17 0.190923386 -0.059321989
0.164661102 0.2 -0.059321989
0.161201553 0.2 -0.069321989
0.164160919 0.2 -0.049321989
0.17 0.190110359 -0.00932198895
0.17 0.2 0.0204939519
0.17 0.2 0.0209531842
0.17 0.21 0.0162711106
0.165221672 0.22 0.020678011
0.16 0.214327087 0.020678011
0.17 0.22 0.0158996831
0.174141006 -0.25 -0.039321989
0.178543472 -0.24 -0.039321989
0.17389492 -0.25 -0.049321989
0.173761482 -0.24 -0.049321989
0.173939514 -0.25 -0.019321989
0.176965218 -0.24 -0.019321989
0.173268776 -0.25 -0.029321989
0.174550018 -0.24 -0.029321989
0.174132881 -0.25 -0.00932198895
0.177658081 -0.24 -0.00932198895
0.18 -0.24 0.00883366214
0.173230553 -0.25 0.000678011047
0.18 -0.25 0.00685489284
0.174476814 -0.24 0.000678011047
0.174498749 -0.24 -0.059321989
0.17645443 -0.23 -0.059321989
0.17426445 -0.24 -0.069321989
0.174134331 -0.23 -0.069321989
0.174328079 -0.23 -0.049321989
0.175905609 -0.23 -0.039321989
0.177552414 -0.23 -0.029321989
0.17478054 -0.23 -0.019321989
0.178234444 -0.23 -0.00932198895
0.176808434 -0.23 0.000678011047
0.18 -0.23 0.00666402446
0.176050682 -0.23 0.020678011
0.18 -0.23 0.0163262807
0.18 -0.24 0.01252236
0.176169968 -0.22 -0.059321989
0.174852638 -0.22 -0.069321989
0.174349289 -0.22 -0.049321989
0.174154816 -0.22 -0.039321989
0.17387661 -0.22 -0.029321989
0.173565903 -0.22 -0.019321989
0.173449783 -0.22 -0.00932198895
0.176859207 -0.22 0.000678011047
0.18 -0.22 0.00348877536
0.18 -0.224719052 0.020678011
0.172417831 -0.21 -0.059321989
0.174723396 -0.21 -0.069321989
0.172723541 -0.21 -0.049321989
0.172273216 -0.21 -0.039321989
0.171659088 -0.21 -0.029321989
0.172052345 -0.21 -0.019321989
0.172645607 -0.21 -0.00932198895
0.172111778 -0.21 0.000678011047
0.18 -0.214643159 0.010678011
0.174305992 -0.21 0.010678011
0.18 -0.21 0.0198761235
0.18 -0.22 0.0221042787
0.18 -0.21 0.0213918172
0.18 -0.2 -0.0608135022
0.18 -0.204781752 -0.059321989
0.174743958 -0.2 -0.069321989
0.18 -0.2 -0.0558056296
0.171527214 -0.2 -0.039321989
0.178431931 -0.2 -0.00932198895
0.172055244 -0.2 0.000678011047
0.174056702 -0.2 0.010678011
0.17285202 -0.2 0.020678011
0.18 -0.2 0.0147311078
0.18 -0.2 0.0219381963
0.18 -0.19 -0.0604898108
0.17441967 -0.19 -0.069321989
0.18 -0.19 -0.0567950405
0.170838394 -0.19 -0.039321989
0.171439018 -0.19 -0.029321989
0.171790886 -0.19 -0.00932198895
0.172137451 -0.19 0.000678011047
0.179127007 -0.19 0.010678011
0.18 -0.195344892 0.020678011
0.175456238 -0.19 0.020678011
0.18 -0.184520035 -0.069321989
0.18 -0.18 -0.0738420261
0.18 -0.18 -0.0613422288
0.176282082 -0.18 -0.059321989
0.18 -0.186123004 -0.059321989
0.17483223 -0.18 -0.049321989
0.17626461 -0.18 -0.039321989
0.179482574 -0.18 -0.029321989
0.18 -0.180460424 -0.019321989
0.18 -0.18 -0.0237889899
0.18 -0.180149727 -0.00932198895
0.18 -0.180383916 0.000678011047
0.18 -0.188549986 0.010678011
0.18 -0.185956011 0.020678011
0.18 -0.18 0.0227265226
0.18 -0.17 -0.0723014153
0.18 -0.175035357 -0.059321989
0.177500916 -0.17 -0.049321989
0.18 -0.17 -0.0530619229
0.179034958 -0.17 -0.039321989
0.177610207 -0.17 -0.029321989
0.18 -0.177465591 -0.019321989
0.17893692 -0.17 -0.019321989
0.18 -0.179128075 -0.00932198895
0.179054108 -0.17 -0.00932198895
0.18 -0.17824019 0.000678011047
0.178048935 -0.17 0.000678011047
0.18 -0.17 0.00277414905
0.18 -0.17 0.0213685666
0.18 -0.167020578 -0.069321989
0.18 -0.16 -0.0630022849
0.173553238 -0.16 -0.069321989
0.173833084 -0.16 -0.049321989
0.18 -0.16 -0.0521950807
0.18 -0.16 -0.0426583852
0.18 -0.167250776 -0.039321989
0.18 -0.166205931 -0.029321989
0.18 -0.166944237 -0.019321989
0.18 -0.167526541 -0.00932198895
0.18 -0.165795422 0.000678011047
0.18 -0.16 0.022703806
0.18 -0.151210852 -0.059321989
0.178539124 -0.15 -0.059321989
0.176041374 -0.15 -0.049321989
0.18 -0.155026731 -0.039321989
0.176893654 -0.15 -0.039321989
0.18 -0.154212856 -0.029321989
0.178220749 -0.15 -0.029321989
0.18 -0.153748798 -0.019321989
0.178852882 -0.15 -0.019321989
0.18 -0.153791294 -0.00932198895
0.177967911 -0.15 -0.00932198895
0.18 -0.15460906 0.000678011047
0.178502197 -0.15 0.000678011047
0.18 -0.15 0.00273497211
0.18 -0.15 0.0234713231
0.18 -0.145249939 -0.059321989
0.18 -0.14 -0.0601364793
0.17807991 -0.14 -0.049321989
0.18 -0.14 -0.0551117028
0.178913307 -0.14 -0.039321989
0.177628784 -0.14 -0.029321989
0.17933197 -0.14 -0.019321989
0.179887009 -0.14 -0.00932198895
0.178694992 -0.14 0.000678011047
0.18 -0.14 0.00212804423
0.18 -0.14 0.0231901609
0.18 -0.13 -0.0599475516
0.172692909 -0.13 -0.069321989
0.177613449 -0.13 -0.049321989
0.18 -0.13 -0.0553200401
0.179596786 -0.13 -0.039321989
0.18 -0.13 -0.0355804194
0.18 -0.132173138 -0.029321989
0.179755745 -0.13 -0.019321989
0.18 -0.13 -0.0220411767
0.18 -0.13 -0.0156377591
0.18 -0.138087654 -0.00932198895
0.18 -0.135453444 0.000678011047
0.18 -0.13 0.023899027
0.18 -0.12 -0.0594479526
0.18 -0.120621147 -0.049321989
0.18 -0.128646851 -0.039321989
0.18 -0.129136209 -0.019321989
0.18 -0.12 0.0238971006
0.18 -0.11 -0.0619846167
0.174969063 -0.11 -0.069321989
0.179805298 -0.11 -0.049321989
0.18 -0.11 -0.0495546903
0.18 -0.115662012 -0.049321989
0.18 -0.11 -0.0485215224
0.18 -0.11 0.0248262941
0.18 -0.1 -0.0615349974
0.18 -0.109259768 -0.049321989
0.18 -0.1 0.0247715245
0.18 -0.09 -0.0623355903
0.18 -0.09 0.0252083646
0.18 -0.08 -0.0610298098
0.18 -0.08 0.0256987725
0.18 -0.07 -0.062550825
0.18 -0.07 0.0259754621
0.18 -0.06 -0.0615721692
0.17396122 -0.06 -0.069321989
0.18 -0.06 0.0259879933
0.18 -0.05 -0.062220272
0.18 -0.05 0.0262701474
0.18 -0.04 -0.062723638
0.18 -0.04 0.0269613324
0.18 -0.03 -0.0622439803
0.18 -0.03 0.0263115083
0.18 -0.02 -0.0626827301
0.174306946 -0.02 -0.069321989
0.18 -0.02 0.0268150388
0.18 -0.01 -0.0626626743
0.18 -0.01 0.0267214261
0.18 0 -0.0621243705
0.18 0 0.0267977773
0.18 0.01 -0.0624806179
0.18 0.01 0.027081648
0.18 0.02 -0.0627655925
0.18 0.02 0.0271058999
0.18 0.03 -0.0626340951
0.174335175 0.03 -0.069321989
0.18 0.03 0.0268968259
0.18 0.04 -0.062842337
0.18 0.04 0.0266866456
0.18 0.05 -0.0622975243
0.18 0.05 0.0266660653
0.18 0.06 -0.0621085466
0.18 0.06 0.0266180097
0.18 0.07 -0.0629087986
0.18 0.07 0.0264542161
0.18 0.08 -0.0626421775
0.18 0.08 0.0261343633
0.18 0.09 -0.0626978673
0.173983459 0.09 -0.069321989
0.18 0.09 0.0258283197
0.18 0.1 -0.0623570455
0.18 0.1 0.0255878316
0.18 0.11 -0.0623571147
0.18 0.11 0.0250064241
0.18 0.12 -0.0619194807
0.18 0.12 0.0250099336
0.18 0.13 -0.061399938
0.174868126 0.13 -0.069321989
0.18 0.13 0.0249716722
0.18 0.14 -0.0620690788
0.18 0.14 0.0240269528
0.18 0.145648422 -0.079321989
0.18 0.15 -0.0836735506
0.18 0.145641594 -0.069321989
0.18 0.15 0.0241557847
0.18 0.154351578 -0.079321989
0.18 0.16 -0.0725916709
0.18 0.16 0.0240807687
0.18 0.17 -0.0738509346
0.18 0.17 0.0239822446
0.18 0.178945999 -0.059321989
0.177774696 0.18 -0.059321989
0.18 0.174528961 -0.069321989
0.18 0.171541405 -0.049321989
0.18 0.173277054 -0.039321989
0.18 0.174242058 -0.029321989
0.18 0.174800758 -0.019321989
0.18 0.176150894 -0.00932198895
0.170834312 0.18 -0.00932198895
0.18 0.176301956 0.000678011047
0.172992287 0.18 0.000678011047
0.18 0.179476585 0.010678011
0.17878212 0.18 0.010678011
0.18 0.18 0.012507578
0.18 0.18 0.0219708024
0.18 0.180382843 -0.059321989
0.18 0.19 -0.0634425677
0.18 0.19 -0.0536712135
0.170202255 0.19 -0.00932198895
0.18 0.19 0.0168062078
0.18 0.19 0.0224966107
0.18 0.194120598 -0.059321989
0.18 0.19900547 0.020678011
0.174521866 0.2 0.020678011
0.18 0.200131149 0.020678011
0.18 0.21 0.0160119496
0.17 0.224778328 0.020678011
0.174778328 0.22 0.020678011
0.18 0.23 0.0157039224
0.175025902 0.23 0.020678011
0.18 0.225025902 0.020678011
0.186862068 -0.24 -0.059321989
0.19 -0.243137942 -0.059321989
0.19 -0.24 -0.0624599303
0.185057907 -0.24 -0.049321989
0.19 -0.244942086 -0.049321989
0.189123535 -0.24 -0.029321989
0.185864334 -0.25 -0.029321989
0.19 -0.25 -0.0334576501
0.19 -0.24 -0.0301984538
0.19 -0.243763258 -0.019321989
0.19 -0.25 -0.0251863278
0.183071251 -0.24 -0.019321989
0.19 -0.247607304 0.000678011047
0.187607307 -0.25 0.000678011047
0.19 -0.24 0.00641183482
0.19 -0.244596519 0.020678011
0.185403481 -0.24 0.020678011
0.19 -0.25 0.0137072717
0.18 -0.25 0.0145011293
0.19 -0.236862057 -0.059321989
0.19 -0.23 -0.0520203103
0.184740639 -0.23 -0.049321989
0.19 -0.234663116 -0.039321989
0.19 -0.24 -0.0443799008
0.181435623 -0.23 -0.039321989
0.19 -0.23 -0.0137805642
0.181431427 -0.23 -0.00932198895
0.19 -0.234458578 -0.00932198895
0.19 -0.236236742 -0.019321989
0.19 -0.24 -0.0155587329
0.19 -0.23 0.00689399348
0.185617676 -0.23 0.020678011
0.19 -0.227301679 -0.049321989
0.19 -0.22 -0.041471938
0.186593933 -0.22 -0.039321989
0.19 -0.22432776 -0.029321989
0.19 -0.23 -0.0346588744
0.183658028 -0.22 -0.029321989
0.19 -0.22 -0.00337298764
0.181470947 -0.22 0.000678011047
0.19 -0.224050994 0.000678011047
0.19 -0.225541422 -0.00932198895
0.19 -0.23 -0.00486340894
0.182662392 -0.21 -0.059321989
0.19 -0.213452184 -0.059321989
0.19 -0.21 -0.0627741732
0.19 -0.217850049 -0.039321989
0.19 -0.212254074 -0.029321989
0.19 -0.21 -0.0274229897
0.183438911 -0.21 -0.019321989
0.19 -0.214864283 -0.019321989
0.19 -0.22 -0.0249942292
0.183210983 -0.21 0.010678011
0.19 -0.215949006 0.000678011047
0.19 -0.21 0.00712757693
0.19 -0.22 0.0233197271
0.19 -0.21 0.0230504953
0.19 -0.2 -0.0643023981
0.19 -0.21 -0.0558698048
0.19 -0.2 -0.0520010151
0.184103127 -0.2 -0.039321989
0.19 -0.203753858 -0.039321989
0.19 -0.2 -0.045555848
0.19 -0.2 -0.0314303769
0.184337463 -0.2 -0.019321989
0.19 -0.2 -0.0262892951
0.19 -0.200082583 -0.00932198895
0.19 -0.21 -0.0144577063
0.188712044 -0.2 -0.00932198895
0.19 -0.2 -0.00896568669
0.181918182 -0.2 0.010678011
0.19 -0.2 0.00581772433
0.19 -0.2 0.0211146699
0.19 -0.190691609 -0.059321989
0.186420403 -0.19 -0.059321989
0.19 -0.194277921 -0.039321989
0.19 -0.19627584 -0.019321989
0.19 -0.199782548 -0.00932198895
0.19 -0.191716633 0.010678011
0.186465454 -0.19 0.020678011
0.19 -0.19 0.0155447255
0.19 -0.19 0.0214947759
0.19 -0.184684315 -0.069321989
0.19 -0.18 -0.0740063025
0.185529327 -0.187099452 -0.0606564154
0.19 -0.188543148 -0.059321989
0.183257141 -0.18 -0.059321989
0.19 -0.184963164 -0.049321989
0.183221817 -0.18 -0.049321989
0.19 -0.18 -0.042655753
0.183455963 -0.18 -0.029321989
0.19 -0.18084527 -0.029321989
0.19 -0.18 -0.0305671348
0.182601318 -0.18 -0.019321989
0.19 -0.18 -0.0248025597
0.180201225 -0.18 -0.00932198895
0.181950951 -0.18 0.000678011047
0.19 -0.18 0.00440871822
0.19 -0.18713995 0.010678011
0.189720955 -0.18 0.020678011
0.19 -0.18 0.020361601
0.19 -0.180717835 0.020678011
0.19 -0.17 -0.0718114234
0.182301674 -0.17 -0.049321989
0.19 -0.17 -0.0445211734
0.19 -0.179334626 -0.029321989
0.19 -0.176371679 0.010678011
0.185918655 -0.17 0.010678011
0.19 -0.179005327 0.020678011
0.19 -0.17 0.019236313
0.19 -0.17 0.0211764012
0.185119209 -0.16 -0.079321989
0.19 -0.164880791 -0.079321989
0.19 -0.16 -0.084202782
0.185335808 -0.16 -0.069321989
0.189293861 -0.16 -0.049321989
0.18291172 -0.16 -0.039321989
0.19 -0.16 -0.0487351979
0.182573357 -0.16 -0.029321989
0.182353821 -0.16 -0.019321989
0.18255703 -0.16 -0.00932198895
0.183794136 -0.16 0.000678011047
0.19 -0.16 0.00818392383
0.19 -0.1622367 0.010678011
0.19 -0.16 0.0138779222
0.184880371 -0.16 0.020678011
0.19 -0.167842302 0.020678011
0.181358414 -0.15 -0.059321989
0.19 -0.155335798 -0.069321989
0.19 -0.15 -0.0627011074
0.181375961 -0.15 -0.049321989
0.19 -0.15 -0.0439070453
0.19 -0.154989748 0.010678011
0.188591461 -0.15 0.010678011
0.19 -0.151685982 0.020678011
0.19 -0.15 0.0176577817
0.19 -0.15 0.0210726033
0.180814476 -0.14 -0.059321989
0.19 -0.146620884 -0.059321989
0.19 -0.142907629 -0.049321989
0.18923111 -0.14 0.010678011
0.19 -0.14 0.013931223
0.19 -0.14 0.0215806733
0.19 -0.134968328 -0.059321989
0.19 -0.13 -0.0642903127
0.19 -0.13 -0.0535941042
0.180906067 -0.13 -0.029321989
0.180298615 -0.13 -0.00932198895
0.181904297 -0.13 0.000678011047
0.19 -0.13 0.00897309886
0.19 -0.136809139 0.010678011
0.19 -0.13 0.0211707841
0.19 -0.121591015 -0.049321989
0.19 -0.12 -0.0505449785
0.180125961 -0.12 -0.059321989
0.19 -0.125031672 -0.059321989
0.181490936 -0.12 -0.039321989
0.19 -0.12 -0.0474916448
0.180275993 -0.12 -0.029321989
0.183081741 -0.12 -0.019321989
0.181427422 -0.12 -0.00932198895
0.181512833 -0.12 0.000678011047
0.19 -0.12 0.00873628245
0.19 -0.12 0.0230525743
0.19 -0.118066463 -0.049321989
0.182662621 -0.11 -0.059321989
0.182883949 -0.11 -0.039321989
0.181637497 -0.11 -0.029321989
0.181692314 -0.11 -0.019321989
0.183228035 -0.11 -0.00932198895
0.186085205 -0.11 0.000678011047
0.19 -0.11 0.00464611636
0.19 -0.11 0.0224892007
0.19 -0.103695927 -0.059321989
0.19 -0.1 -0.063017918
0.181972885 -0.1 -0.049321989
0.19 -0.1 -0.0536095251
0.182287636 -0.1 -0.039321989
0.183593063 -0.1 -0.029321989
0.182864914 -0.1 -0.019321989
0.183183975 -0.1 -0.00932198895
0.185182152 -0.1 0.000678011047
0.19 -0.1 0.00528305637
0.19 -0.1 0.0234281217
0.183013611 -0.09 -0.059321989
0.19 -0.0963040733 -0.059321989
0.184100304 -0.09 -0.049321989
0.182144279 -0.09 -0.039321989
0.182981758 -0.09 -0.029321989
0.185215416 -0.09 -0.019321989
0.186996117 -0.09 -0.00932198895
0.184081802 -0.09 0.000678011047
0.19 -0.09 0.00854019748
0.19 -0.09 0.0235237275
0.19 -0.084894352 -0.059321989
0.19 -0.08 -0.0642163361
0.182577591 -0.08 -0.049321989
0.19 -0.08 -0.0526542748
0.183381729 -0.08 -0.039321989
0.187757912 -0.08 -0.029321989
0.184158707 -0.08 -0.019321989
0.184457588 -0.08 -0.00932198895
0.189028664 -0.08 0.000678011047
0.19 -0.0845210648 0.010678011
0.188603134 -0.08 0.010678011
0.19 -0.08 0.0133117925
0.19 -0.08 0.0240737306
0.183228836 -0.07 -0.059321989
0.19 -0.075105648 -0.059321989
0.185890312 -0.07 -0.049321989
0.183459702 -0.07 -0.039321989
0.184284859 -0.07 -0.029321989
0.187771416 -0.07 -0.019321989
0.184982529 -0.07 -0.00932198895
0.185629768 -0.07 0.000678011047
0.19 -0.07 0.00731000529
0.19 -0.0762074089 0.010678011
0.19 -0.07 0.0241185819
0.183838692 -0.06 -0.049321989
0.182250175 -0.06 -0.059321989
0.186604347 -0.06 -0.039321989
0.189714241 -0.06 -0.029321989
0.185136147 -0.06 -0.019321989
0.187800941 -0.06 -0.00932198895
0.186498871 -0.06 0.000678011047
0.19 -0.06 0.00543453799
0.19 -0.06 0.0247701131
0.19 -0.0533535576 -0.059321989
0.19 -0.05 -0.0626755489
0.184670029 -0.05 -0.049321989
0.19 -0.05 -0.0532805027
0.184395981 -0.05 -0.039321989
0.186941109 -0.05 -0.029321989
0.19 -0.05 -0.020641302
0.19 -0.0507120132 -0.019321989
0.186050224 -0.05 -0.00932198895
0.19 -0.05 -0.0183693494
0.186851921 -0.05 0.000678011047
0.19 -0.05 0.00523988353
0.19 -0.05 0.0251806031
0.185059357 -0.04 -0.069321989
0.19 -0.0449406433 -0.069321989
0.19 -0.04 -0.0742626299
0.183401642 -0.04 -0.059321989
0.19 -0.0466464424 -0.059321989
0.184744949 -0.04 -0.049321989
0.189016495 -0.04 -0.039321989
0.186057739 -0.04 -0.029321989
0.19 -0.0491576958 -0.019321989
0.185908318 -0.04 -0.019321989
0.19 -0.0421843529 -0.00932198895
0.19 -0.04 -0.0112842835
0.187224464 -0.04 0.000678011047
0.19 -0.04 -0.00675588025
0.19 -0.04 0.00486820804
0.19 -0.04 0.0250121652
0.19 -0.0350593567 -0.069321989
0.19 -0.04 -0.064381348
0.19 -0.03 -0.0628679742
0.19 -0.03354599 -0.059321989
0.185183067 -0.03 -0.049321989
0.19 -0.03 -0.052608179
0.185538292 -0.03 -0.039321989
0.19 -0.03 -0.0295092238
0.19 -0.0302197838 -0.029321989
0.19 -0.0334732437 -0.019321989
0.19 -0.03 -0.0153701486
0.186931992 -0.03 -0.00932198895
0.19 -0.0376937485 -0.00932198895
0.19 -0.0315087128 0.000678011047
0.19 -0.03 -0.000658677949
0.19 -0.03 0.0257285749
0.185026054 -0.02 -0.069321989
0.19 -0.0249739265 -0.069321989
0.19 -0.02 -0.0742959238
0.183360748 -0.02 -0.059321989
0.19 -0.02645401 -0.059321989
0.187384605 -0.02 -0.049321989
0.19 -0.02 -0.0418074931
0.19 -0.0212681007 -0.039321989
0.19 -0.02 -0.0374081172
0.186752396 -0.02 -0.029321989
0.19 -0.02969841 -0.029321989
0.19 -0.0262004852 -0.019321989
0.186858826 -0.02 -0.019321989
0.19 -0.0229252052 -0.00932198895
0.19 -0.02 -0.0121161546
0.19 -0.02 -0.0049350108
0.188153725 -0.02 0.000678011047
0.19 -0.0277419853 0.000678011047
0.19 -0.02 0.00315514194
0.19 -0.02 0.0254962121
0.19 -0.0150260735 -0.069321989
0.19 -0.02 -0.0643480553
0.19 -0.01 -0.0637386907
0.19 -0.0144166946 -0.059321989
0.185722542 -0.01 -0.049321989
0.19 -0.01 -0.0515571917
0.19 -0.01830019 -0.039321989
0.18644268 -0.01 -0.039321989
0.19 -0.0109458542 -0.029321989
0.19 -0.01 -0.0301509513
0.19 -0.0136096573 -0.019321989
0.19 -0.01 -0.0142859591
0.188028641 -0.01 -0.00932198895
0.19 -0.0158946991 -0.00932198895
0.19 -0.0147428131 0.000678011047
0.19 -0.01 -0.0037784232
0.19 -0.01 0.0254711877
0.185068283 0 -0.069321989
0.19 -0.00493169785 -0.069321989
0.19 0 -0.0742536904
0.182802391 0 -0.059321989
0.19 -0.00477220535 -0.049321989
0.19 0 -0.051042961
0.19 -0.00558330536 -0.059321989
0.19 -0.00168394089 -0.039321989
0.19 0 -0.0373293198
0.18720047 0 -0.029321989
0.19 -0.00900020599 -0.029321989
0.19 -0.00582265854 -0.019321989
0.187220612 0 -0.019321989
0.19 -0.00527376175 -0.00932198895
0.19 0 -0.0137325419
0.19 -0.00444343567 0.000678011047
0.188729401 0 0.000678011047
0.19 0 -0.00297726048
0.19 0 0.00262789355
0.19 0 0.0259434091
0.19 0.00493169785 -0.069321989
0.19 0 -0.0643902887
0.19 0.01 -0.0636607112
0.19 0.00566127777 -0.059321989
0.18247097 0.01 -0.049321989
0.19 0.00165916443 -0.039321989
0.186529198 0.01 -0.039321989
0.19 0.0017209816 -0.049321989
0.19 0.00734518051 -0.029321989
0.19 0.01 -0.0315635098
0.187532616 0.01 -0.019321989
0.19 0.01 -0.0262461604
0.19 0.00516778946 -0.00932198895
0.18802269 0.01 -0.00932198895
0.19 0.003400383 0.000678011047
0.19 0.01 -0.0047678317
0.19 0.01 0.0251495801
0.185184822 0.02 -0.069321989
0.19 0.015184803 -0.069321989
0.19 0.02 -0.0741371848
0.183443604 0.02 -0.059321989
0.19 0.0197565269 -0.049321989
0.19 0.02 -0.0495654644
0.19 0.0143387222 -0.059321989
0.19 0.01 -0.0549832667
0.19 0.0175755501 -0.039321989
0.19 0.02 -0.0361993541
0.187453766 0.02 -0.029321989
0.19 0.012907238 -0.029321989
0.187389641 0.02 -0.019321989
0.19 0.02 -0.0142571677
0.19 0.0144727707 -0.00932198895
0.19 0.0182113457 0.000678011047
0.189472046 0.02 0.000678011047
0.19 0.02 -0.00106287373
0.19 0.02 0.00156541453
0.19 0.02 0.0251704656
0.19 0.024815197 -0.069321989
0.19 0.02 -0.0645067943
0.19 0.03 -0.0634894933
0.19 0.0258325005 -0.059321989
0.186422882 0.03 -0.039321989
0.19 0.03 -0.0444900407
0.19 0.0225006866 -0.039321989
0.19 0.0273851776 -0.029321989
0.19 0.03 -0.0313856591
0.187718582 0.03 -0.019321989
0.19 0.03 -0.0265589847
0.19 0.026260891 -0.00932198895
0.188512535 0.03 -0.00932198895
0.19 0.0219263458 0.000678011047
0.19 0.03 -0.00528850926
0.19 0.03 0.0254842149
0.18538105 0.04 -0.069321989
0.19 0.035381031 -0.069321989
0.19 0.04 -0.0739409567
0.183520355 0.04 -0.059321989
0.19 0.0344917679 -0.049321989
0.186287651 0.04 -0.049321989
0.19 0.0341674995 -0.059321989
0.19 0.0375229645 -0.039321989
0.19 0.04 -0.0415530671
0.19 0.04 -0.0358386315
0.187719421 0.04 -0.029321989
0.19 0.0329683113 -0.029321989
0.187507324 0.04 -0.019321989
0.19 0.04 -0.0140939368
0.19 0.0338508987 -0.00932198895
0.19 0.0389336205 0.000678011047
0.189719315 0.04 0.000678011047
0.19 0.04 -0.000317691697
0.19 0.04 0.00105533229
0.19 0.04 0.0252452241
0.19 0.044618969 -0.069321989
0.19 0.04 -0.06470302
0.19 0.05 -0.0623351754
0.19 0.0469868088 -0.059321989
0.19 0.0439929962 -0.049321989
0.19 0.05 -0.0425174321
0.186912231 0.05 -0.039321989
0.19 0.0428901672 -0.039321989
0.189781761 0.05 -0.029321989
0.19 0.05 -0.0286202849
0.19 0.0455745697 -0.019321989
0.19 0.0463754845 -0.00932198895
0.188618279 0.05 -0.00932198895
0.19 0.05 -0.0132747687
0.19 0.0410680389 0.000678011047
0.19 0.05 -0.00551493062
0.19 0.05 0.0246213494
0.182594414 0.06 -0.049321989
0.19 0.0588830757 -0.039321989
0.19 0.06 -0.039520892
0.19 0.0525578117 -0.049321989
0.186804619 0.06 -0.029321989
0.19 0.06 -0.0383542813
0.19 0.0547153854 -0.019321989
0.187562675 0.06 -0.019321989
0.19 0.0538814926 -0.00932198895
0.19 0.06 -0.0141119851
0.19 0.0581372261 0.000678011047
0.189481964 0.06 0.000678011047
0.19 0.06 -0.00123291386
0.19 0.06 0.00142654048
0.19 0.06 0.0249951135
0.19 0.07 -0.0515451802
0.19 0.0677768135 -0.049321989
0.183586807 0.07 -0.059321989
0.18278656 0.06 -0.059321989
0.18731617 0.07 -0.029321989
0.19 0.07 -0.0352118482
0.19 0.07 -0.0232657422
0.19 0.0659388733 -0.019321989
0.19 0.07 -0.0145845021
0.1881884 0.07 -0.00932198895
0.19 0.0654758072 -0.00932198895
0.189244957 0.07 0.000678011047
0.19 0.07 0.00171760188
0.19 0.07 0.02469483
0.19 0.0759228516 -0.059321989
0.19 0.08 -0.0633991398
0.19 0.08 -0.0515599717
0.185960464 0.08 -0.049321989
0.19 0.0759022141 -0.049321989
0.19 0.0767503357 -0.039321989
0.18860836 0.08 -0.039321989
0.19 0.0775106812 -0.029321989
0.19 0.08 -0.0342882098
0.19 0.08 -0.0270745934
0.187022324 0.08 -0.019321989
0.19 0.0736287689 -0.019321989
0.187807846 0.08 -0.00932198895
0.19 0.08 -0.00487641705
0.19 0.0721540451 0.000678011047
0.19 0.08 0.0245568429
0.185608406 0.09 -0.069321989
0.19 0.0856084061 -0.069321989
0.19 0.09 -0.0737135733
0.183375893 0.09 -0.059321989
0.19 0.0840771484 -0.059321989
0.189492455 0.09 -0.049321989
0.19 0.09 -0.044665984
0.19 0.0874371338 -0.039321989
0.19 0.09 -0.0385808743
0.186071281 0.09 -0.029321989
0.19 0.081864357 -0.029321989
0.19 0.0895779037 -0.019321989
0.19 0.09 -0.0196586217
0.19 0.0852190018 -0.00932198895
0.19 0.0858189774 0.000678011047
0.188125076 0.09 0.000678011047
0.19 0.09 -0.00427143468
0.19 0.09 0.00351954089
0.19 0.09 0.024862877
0.19 0.0943915939 -0.069321989
0.19 0.09 -0.0649304046
0.19 0.1 -0.0628434481
0.19 0.0964785385 -0.059321989
0.19 0.0915474319 -0.049321989
0.19 0.1 -0.0473013581
0.18496254 0.1 -0.039321989
0.19 0.0905052185 -0.039321989
0.188830223 0.1 -0.029321989
0.19 0.1 -0.0248013295
0.187790947 0.1 -0.00932198895
0.19 0.1 -0.0158585395
0.19 0.095042572 -0.00932198895
0.19 0.0963313675 0.000678011047
0.19 0.1 -0.00298319234
0.19 0.1 0.0247925531
0.19 0.11 -0.063869821
0.18362751 0.11 -0.049321989
0.19 0.11 -0.051945516
0.19 0.102101173 -0.049321989
0.187101097 0.11 -0.039321989
0.19 0.11 -0.0302325381
0.19 0.108224411 -0.029321989
0.19 0.11 -0.0289001454
0.185884285 0.11 -0.019321989
0.19 0.10198246 -0.019321989
0.19 0.109415054 -0.00932198895
0.19 0.11 -0.00960374726
0.19 0.11 0.0246256219
0.185809555 0.12 -0.069321989
0.19 0.115809555 -0.069321989
0.19 0.12 -0.073512447
0.182597504 0.12 -0.059321989
0.19 0.119935608 -0.049321989
0.19 0.12 -0.0493411793
0.19 0.114547844 -0.059321989
0.187218857 0.12 -0.039321989
0.19 0.12 -0.049088005
0.19 0.110289993 -0.029321989
0.183964348 0.12 -0.029321989
0.188382759 0.12 -0.019321989
0.19 0.12 -0.0154442967
0.186861305 0.12 0.000678011047
0.19 0.12 -0.00616395367
0.19 0.113997231 0.000678011047
0.19 0.12 0.00418497668
0.19 0.12 0.0241258393
0.185066872 0.13 -0.069321989
0.19 0.13 -0.0742551292
0.19 0.126795731 -0.059321989
0.19 0.12 -0.0651315297
0.182720184 0.13 -0.039321989
0.19 0.13 -0.0447007312
0.185696487 0.13 -0.029321989
0.19 0.13 -0.019517249
0.19 0.129465485 -0.019321989
0.19 0.13 -0.0192127122
0.185203934 0.13 -0.00932198895
0.19 0.122360001 -0.00932198895
0.189768295 0.13 0.000678011047
0.19 0.13 0.000966583358
0.19 0.13 0.0233053647
0.19 0.134933128 -0.069321989
0.19 0.14 -0.0634953512
0.181755753 0.14 -0.049321989
0.19 0.14 -0.0523362101
0.19 0.134990463 -0.049321989
0.183970299 0.14 -0.039321989
0.18630867 0.14 -0.029321989
0.19 0.130087013 -0.019321989
0.18397583 0.14 -0.019321989
0.188095398 0.14 -0.00932198895
0.19 0.14 -0.00730485333
0.19 0.130305519 0.000678011047
0.19 0.14 0.0240785848
0.19 0.145897942 -0.079321989
0.19 0.15 -0.0834240503
0.19 0.146087456 -0.069321989
0.19 0.144990692 -0.049321989
0.189406624 0.15 -0.039321989
0.19 0.15 -0.0398368634
0.19 0.15 -0.0374536647
0.19 0.145608025 -0.029321989
0.19 0.149782791 -0.019321989
0.19 0.14323658 -0.00932198895
0.19 0.15 0.0232273828
0.19 0.154102058 -0.079321989
0.19 0.16 -0.0721698834
0.189913101 0.16 -0.039321989
0.19 0.16 -0.0394156207
0.19 0.15685627 -0.029321989
0.189052048 0.16 -0.029321989
0.19 0.16 -0.0253310384
0.188439751 0.16 0.020678011
0.19 0.16 0.0191435205
0.19 0.157678795 0.020678011
0.19 0.17 -0.0740148057
0.184780235 0.17 -0.039321989
0.19 0.17 -0.0469429864
0.186351776 0.17 -0.029321989
0.19 0.163741608 -0.019321989
0.186637077 0.17 -0.019321989
0.19 0.166690636 -0.00932198895
0.18848835 0.17 -0.00932198895
0.19 0.166013412 0.000678011047
0.188349495 0.17 0.000678011047
0.19 0.17 0.00587329494
0.19 0.164127312 0.020678011
0.19 0.17 0.0219155751
0.19 0.173421745 -0.059321989
0.19 0.174692802 -0.069321989
0.19 0.170827026 -0.049321989
0.19 0.171497383 0.010678011
0.19 0.18 0.0204612313
0.19 0.18 0.0207872449
0.185429459 0.19 -0.069321989
0.19 0.185429459 -0.069321989
0.19 0.19 -0.0738925363
0.184120598 0.19 -0.059321989
0.19 0.186614151 -0.049321989
0.19 0.19 -0.0511644615
0.187048645 0.19 -0.049321989
0.19 0.19 -0.0449254359
0.19 0.182778854 0.020678011
0.188813095 0.19 0.020678011
0.180588188 0.2 0.020678011
0.19 0.2 0.0186961423
0.19 0.190708122 0.020678011
0.19 0.2 0.0235268174
0.19 0.21 0.0165156137
0.185398064 0.22 0.020678011
0.18 0.214666061 0.020678011
0.19 0.22 0.0160760842
0.2 -0.244791356 0.010678011
0.192392693 -0.25 0.000678011047
0.193029251 -0.25 0.010678011
0.2 -0.24 0.00588665591
0.193784027 -0.23 0.010678011
0.2 -0.23359108 0.020678011
0.2 -0.23 0.0170869313
0.194596519 -0.24 0.020678011
0.2 -0.235208644 0.010678011
0.2 -0.24 0.0154693662
0.2 -0.22 0.0174037038
0.193994293 -0.22 0.010678011
0.2 -0.21 0.0180625306
0.193550415 -0.21 0.010678011
0.193452187 -0.21 -0.059321989
0.2 -0.201029773 -0.059321989
0.2 -0.2 -0.0603517617
0.2 -0.20324532 -0.049321989
0.194304276 -0.2 -0.049321989
0.2 -0.204526849 -0.039321989
0.194864273 -0.21 -0.019321989
0.2 -0.201121564 -0.019321989
0.2 -0.2 -0.0204435529
0.2 -0.204103336 -0.00932198895
0.199423103 -0.2 0.010678011
0.2 -0.2 0.0109562646
0.2 -0.21 0.0232934915
0.2 -0.2 0.0274674188
0.2 -0.195656314 -0.059321989
0.2 -0.194515204 -0.049321989
0.2 -0.193722763 -0.039321989
0.2 -0.2 -0.0347951402
0.2 -0.197893233 -0.019321989
0.2 -0.193878279 -0.00932198895
0.2 -0.2 -0.00521865262
0.191596222 -0.19 0.010678011
0.2 -0.19 0.00716062175
0.2 -0.199468684 0.010678011
0.2 -0.19 0.0241261827
0.2 -0.18483253 -0.069321989
0.2 -0.18 -0.0741545166
0.2 -0.186046405 -0.059321989
0.2 -0.184443059 -0.049321989
0.194192009 -0.18 -0.039321989
0.2 -0.184418225 -0.039321989
0.2 -0.183429337 -0.029321989
0.191370163 -0.18 -0.019321989
0.2 -0.183914323 -0.019321989
0.194426727 -0.18 -0.00932198895
0.2 -0.183914232 -0.00932198895
0.192030487 -0.18 0.000678011047
0.2 -0.183753591 0.000678011047
0.190229378 -0.18 0.020678011
0.2 -0.18 0.0221093713
0.2 -0.17516747 -0.069321989
0.2 -0.17 -0.0618622054
0.192489433 -0.17 -0.069321989
0.195808563 -0.17 -0.039321989
0.196999092 -0.17 -0.029321989
0.190450401 -0.17 -0.019321989
0.194512138 -0.17 -0.00932198895
0.196686707 -0.17 0.000678011047
0.192621956 -0.17 0.010678011
0.199375992 -0.17 0.030678011
0.2 -0.17043107 0.030678011
0.2 -0.16 -0.0739836658
0.194880791 -0.16 -0.079321989
0.2 -0.164661674 -0.069321989
0.19248085 -0.16 -0.039321989
0.193339653 -0.16 -0.029321989
0.193067436 -0.16 -0.019321989
0.193256531 -0.16 -0.00932198895
0.191656494 -0.16 0.000678011047
0.192774391 -0.16 0.020678011
0.2 -0.16 0.024208542
0.2 -0.169318361 0.030678011
0.191678238 -0.15 0.010678011
0.2 -0.155418119 0.000678011047
0.2 -0.15 0.00851804362
0.2 -0.15 0.0213978826
0.190823441 -0.14 0.010678011
0.2 -0.14 0.0081023656
0.2 -0.14 0.0222332917
0.2 -0.13 0.0091937791
0.2 -0.13 0.024205185
0.2 -0.12 0.00732429134
0.2 -0.12 0.0225457631
0.191222992 -0.12 -0.049321989
0.2 -0.11 0.00810998546
0.2 -0.11 0.0234715615
0.2 -0.1 0.00667527782
0.2 -0.1 0.0220714055
0.2 -0.09 0.0102103292
0.2 -0.09 0.0232674752
0.194946404 -0.08 0.010678011
0.2 -0.08 0.00963264094
0.2 -0.08 0.0231129895
0.2 -0.07 0.00899856197
0.2 -0.07 0.0232479917
0.2 -0.06 0.00911315547
0.2 -0.06 0.0248159944
0.190281334 -0.05 -0.019321989
0.2 -0.0553219414 0.010678011
0.195972443 -0.05 0.010678011
0.2 -0.05 0.0148652803
0.2 -0.05 0.0247065221
0.190821915 -0.04 -0.00932198895
0.196179314 -0.04 0.010678011
0.2 -0.04 0.0141798841
0.2 -0.04 0.0255080186
0.190078354 -0.03 -0.029321989
0.191610756 -0.03 -0.019321989
0.190480614 -0.03 0.000678011047
0.196207275 -0.03 0.010678011
0.2 -0.03 0.0158613263
0.2 -0.03 0.024534298
0.190545387 -0.02 -0.039321989
0.19124073 -0.02 -0.00932198895
0.195127258 -0.02 0.010678011
0.2 -0.02 0.0158296548
0.2 -0.02 0.0251782952
0.190255165 -0.01 -0.029321989
0.191566696 -0.01 -0.019321989
0.191216393 -0.01 0.000678011047
0.197617722 -0.01 0.010678011
0.2 -0.01 0.0152366696
0.2 -0.01 0.022823845
0.190556679 0 -0.039321989
0.191720963 0 -0.049321989
0.191530418 0 -0.00932198895
0.195000725 0 0.010678011
0.2 0 0.0175497113
0.2 0 0.0234571229
0.190843239 0.01 -0.029321989
0.191777496 0.01 0.000678011047
0.194904709 0.01 0.010678011
0.2 0.01 0.0177874814
0.2 0.01 0.0230615102
0.190920029 0.02 -0.039321989
0.190243492 0.02 -0.049321989
0.191757698 0.02 -0.00932198895
0.195353889 0.02 0.010678011
0.2 0.02 0.0186843835
0.2 0.02 0.0224213849
0.191570435 0.03 -0.049321989
0.190643692 0.03 -0.029321989
0.191729546 0.03 0.000678011047
0.195886612 0.03 0.010678011
0.2 0.03 0.0174198972
0.2 0.03 0.0234201966
0.19088253 0.04 -0.039321989
0.191752625 0.04 -0.00932198895
0.199452553 0.04 0.010678011
0.2 0.04 0.0122141229
0.2 0.04 0.0232116567
0.192557831 0.05 -0.049321989
0.191533012 0.05 -0.019321989
0.191704865 0.05 0.000678011047
0.199512825 0.05 0.010678011
0.2 0.05 0.0116841375
0.2 0.05 0.0242864476
0.1902742 0.06 -0.039321989
0.191560249 0.06 -0.00932198895
0.198545532 0.06 0.010678011
0.2 0.06 0.0133936082
0.2 0.06 0.0242274438
0.192223206 0.07 -0.049321989
0.19117424 0.07 -0.039321989
0.191169052 0.07 -0.019321989
0.198305969 0.07 0.010678011
0.2 0.07 0.0135612737
0.2 0.07 0.0236556779
0.190591812 0.08 -0.029321989
0.191840477 0.08 0.000678011047
0.197205582 0.08 0.010678011
0.2 0.08 0.0158351098
0.2 0.08 0.0228842889
0.190192642 0.09 -0.039321989
0.190099487 0.09 -0.019321989
0.191449738 0.09 -0.00932198895
0.196577606 0.09 0.010678011
0.2 0.09 0.0168828164
0.2 0.09 0.0226056157
0.190731468 0.1 -0.049321989
0.190713654 0.1 -0.019321989
0.190865021 0.1 0.000678011047
0.195651398 0.1 0.010678011
0.2 0.1 0.0189075814
0.2 0.1 0.0215872346
0.190114632 0.11 -0.029321989
0.190093155 0.11 -0.00932198895
0.191478729 0.11 0.000678011047
0.196394691 0.11 0.010678011
0.2 0.11 0.0174680387
0.2 0.11 0.0225003778
0.190019188 0.12 -0.049321989
0.190914459 0.12 -0.00932198895
0.2 0.116944542 0.010678011
0.2 0.12 0.00852062808
0.2 0.12 0.0224524556
0.190038147 0.13 -0.019321989
0.2 0.13 0.00960548984
0.197871246 0.13 0.020678011
0.2 0.13 0.01537562
0.2 0.126721764 0.020678011
0.192354012 0.13 -0.049321989
0.2 0.137481689 0.000678011047
0.2 0.14 -0.000653289689
0.199984016 0.14 0.020678011
0.2 0.14 0.0205850564
0.2 0.146184196 -0.079321989
0.2 0.15 -0.0831377853
0.2 0.145654182 -0.069321989
0.194173355 0.14 -0.059321989
0.2 0.145989037 -0.059321989
0.2 0.146009254 -0.049321989
0.2 0.15 -0.0397302808
0.191782646 0.15 -0.029321989
0.2 0.15 -0.0201158036
0.2 0.149650383 -0.019321989
0.193265533 0.15 -0.00932198895
0.2 0.15 -0.0182887639
0.2 0.15 -0.0012126006
0.199236526 0.15 0.020678011
0.2 0.15 0.0194908868
0.2 0.153815804 -0.079321989
0.2 0.16 -0.071683258
0.2 0.16 -0.0417581118
0.2 0.151018028 -0.019321989
0.191644859 0.16 -0.019321989
0.192767715 0.16 -0.00932198895
0.2 0.152423058 0.000678011047
0.192772865 0.16 0.000678011047
0.2 0.16 0.00773095714
0.196772079 0.16 0.020678011
0.2 0.153645439 0.020678011
0.2 0.16 0.0210640012
0.2 0.17 -0.0738891877
0.2 0.164304352 -0.039321989
0.19463398 0.17 -0.039321989
0.2 0.17 -0.033669361
0.2 0.1649757 0.010678011
0.193579559 0.17 0.010678011
0.2 0.17 0.0176685296
0.2 0.17 0.0213438951
0.2 0.174367371 -0.059321989
0.2 0.174567184 -0.069321989
0.2 0.171834564 -0.049321989
0.2 0.172094841 -0.039321989
0.2 0.172287331 0.020678011
0.190460968 0.18 0.020678011
0.194570541 0.19 -0.069321989
0.19 0.19 -0.0647514428
0.2 0.182443199 -0.059321989
0.2 0.19 -0.0619553603
0.197366638 0.19 -0.059321989
0.2 0.183966942 -0.049321989
0.2 0.19 0.019477955
0.192457466 0.19 0.020678011
0.2 0.187218056 0.020678011
0.2 0.19 0.0216833364
0.2 0.2 0.0174575959
0.2 0.2 0.0243751012
0.2 0.21 0.0159485208
0.2 0.22 0.0160161744
0.204791374 -0.24 0.010678011
0.21 -0.23 0.0163698827
0.21 -0.234308127 0.020678011
0.21 -0.22 0.0165429269
0.21 -0.21 0.0168194543
0.21 -0.203935084 -0.059321989
0.21 -0.2 -0.0632570733
0.209277306 -0.2 -0.039321989
0.203245316 -0.2 -0.049321989
0.21 -0.2 -0.0375542487
0.21 -0.202307978 -0.029321989
0.207692032 -0.2 -0.029321989
0.21 -0.203922777 -0.019321989
0.204103355 -0.2 -0.00932198895
0.21 -0.201455255 0.000678011047
0.21 -0.2 -0.000777248276
0.208544731 -0.2 0.000678011047
0.200255966 -0.2 0.010678011
0.21 -0.203318624 0.010678011
0.21 -0.191415644 -0.059321989
0.21 -0.2 -0.0553869046
0.21 -0.190964365 -0.029321989
0.21 -0.192723584 -0.019321989
0.21 -0.2 -0.0153992118
0.21 -0.196202617 0.000678011047
0.21 -0.19 0.00527238475
0.205249672 -0.18 -0.079321989
0.21 -0.184750342 -0.079321989
0.21 -0.18 -0.0840723337
0.21 -0.184144282 -0.069321989
0.21 -0.186506858 -0.059321989
0.21 -0.186412048 -0.049321989
0.21 -0.183349719 -0.039321989
0.21 -0.188906198 -0.029321989
0.21 -0.183955107 -0.019321989
0.21 -0.187781491 -0.00932198895
0.21 -0.184986534 0.000678011047
0.208012161 -0.17 -0.069321989
0.21 -0.175249658 -0.079321989
0.21 -0.17 -0.071309817
0.21 -0.16 -0.0737598945
0.21 -0.155294952 0.000678011047
0.21 -0.15 0.00704722987
0.21 -0.14 0.00703221904
0.21 -0.13 0.00684664355
0.21 -0.12 0.00669510471
0.21 -0.11 0.00657416927
0.21 -0.1 0.00604193317
0.21 -0.09 0.00597762691
0.21 -0.08 0.00593512164
0.21 -0.09 0.0238674508
0.21 -0.08 0.0241056214
0.21 -0.07 0.00595685588
0.21 -0.07 0.0237227021
0.21 -0.060250988 0.010678011
0.208448029 -0.06 0.010678011
0.21 -0.06 0.0113273107
0.21 -0.06 0.0234112321
0.21 -0.05 0.0105715905
0.209337006 -0.05 0.010678011
0.21 -0.0530542183 0.010678011
0.21 -0.05 0.0238955365
0.21 -0.0498916626 0.010678011
0.21 -0.04 0.0177693711
0.21 -0.04 0.0238259565
0.21 -0.03 0.0174630796
0.21 -0.03 0.0241696416
0.209171829 -0.02 0.010678011
0.21 -0.0202827644 0.010678011
0.21 -0.02 0.0104089795
0.21 -0.02 0.0237524377
0.207558823 -0.01 0.010678011
0.21 -0.01 0.0103704225
0.21 -0.01 0.0245062982
0.209522705 0 0.010678011
0.21 0 0.0105202924
0.21 0 0.0240279065
0.21 0.000442352295 0.010678011
0.21 0.01 0.0153235971
0.21 0.01 0.0237183152
0.21 0.02 0.0168637906
0.21 0.02 0.0226501905
0.21 0.03 0.0162381898
0.21 0.03 0.0232130586
0.21 0.04 0.0181731473
0.21 0.04 0.0219195138
0.21 0.05 0.0168869268
0.21 0.05 0.0228760491
0.21 0.06 0.0173065053
0.21 0.06 0.0226124536
0.21 0.07 0.0178867017
0.21 0.07 0.0214145528
0.21 0.08 0.0148177014
0.21 0.08 0.0232354222
0.20412632 0.09 0.000678011047
0.21 0.0850932312 0.000678011047
0.21 0.09 -0.00422873868
0.21 0.09 0.00855677234
0.21 0.09 0.0164021169
0.21 0.09 0.0225331651
0.203997154 0.1 0.000678011047
0.21 0.1 -0.00427835835
0.21 0.0959889984 0.010678011
0.205560188 0.1 0.010678011
0.21 0.1 0.0230153714
0.204030266 0.11 0.000678011047
0.21 0.11 -0.00429767026
0.205433235 0.11 0.010678011
0.21 0.11 0.0221824227
0.202547226 0.12 0.000678011047
0.21 0.12 -0.00410629643
0.21 0.12 0.0232673799
0.202833939 0.13 0.000678011047
0.21 0.13 -0.00391100301
0.202084007 0.13 0.020678011
0.21 0.13 0.0222827588
0.205029984 0.14 -0.069321989
0.21 0.135029984 -0.069321989
0.21 0.14 -0.0742920019
0.21 0.14 -0.00400473012
0.200009422 0.14 0.020678011
0.21 0.14 0.0233369313
0.21 0.146514702 -0.079321989
0.21 0.15 -0.0828072758
0.21 0.145643234 -0.059321989
0.21 0.14 -0.0643519772
0.21 0.145703888 -0.049321989
0.200345116 0.15 -0.039321989
0.21 0.145583954 -0.039321989
0.203185349 0.15 -0.029321989
0.21 0.145804672 -0.029321989
0.21 0.145586586 -0.019321989
0.202373428 0.15 -0.00932198895
0.21 0.145517731 -0.00932198895
0.200719032 0.15 0.020678011
0.21 0.153485298 -0.079321989
0.21 0.16 -0.071455207
0.202183876 0.16 -0.039321989
0.20404541 0.16 -0.029321989
0.203954201 0.16 -0.019321989
0.203476601 0.16 -0.00932198895
0.203339272 0.16 0.000678011047
0.21 0.17 -0.0731602432
0.203045883 0.17 -0.029321989
0.204868622 0.17 -0.019321989
0.205314598 0.17 -0.00932198895
0.205189056 0.17 0.000678011047
0.202056923 0.17 0.010678011
0.21 0.177718239 -0.059321989
0.21 0.173838272 -0.069321989
0.21 0.173719025 -0.049321989
0.21 0.172574501 -0.039321989
0.21 0.173689194 -0.029321989
0.21 0.173330078 -0.019321989
0.21 0.172888565 -0.00932198895
0.21 0.173749352 0.000678011047
0.21 0.18 0.00972107516
0.20915905 0.18 0.010678011
0.202648087 0.18 0.020678011
0.21 0.180738792 -0.059321989
0.21 0.19 -0.0641227473
0.204399071 0.19 -0.049321989
0.2 0.19 -0.0449229182
0.21 0.186451645 -0.039321989
0.21 0.19 -0.0415814866
0.207740517 0.19 -0.039321989
0.202631874 0.19 -0.029321989
0.21 0.183831062 -0.029321989
0.206760178 0.19 -0.00932198895
0.21 0.185950775 -0.00932198895
0.21 0.19 -0.0119549884
0.203895836 0.19 0.000678011047
0.21 0.183314629 0.000678011047
0.203764267 0.19 0.010678011
0.21 0.193457603 0.010678011
0.21 0.2 0.016218773
0.21 0.21 0.0166460763
0.21 0.22 0.0158731996
0.214308128 -0.23 0.020678011
0.22 -0.22405443 0.020678011
0.22 -0.22 0.0166235791
0.22 -0.21 0.016790949
0.215517769 -0.2 -0.069321989
0.22 -0.204482236 -0.069321989
0.22 -0.2 -0.0738042249
0.213935089 -0.2 -0.059321989
0.22 -0.200864654 -0.049321989
0.22 -0.2 -0.0501866425
0.219135361 -0.2 -0.049321989
0.211207809 -0.2 -0.039321989
0.22 -0.203192711 -0.039321989
0.22 -0.204517102 -0.029321989
0.213922768 -0.2 -0.019321989
0.22 -0.200931492 -0.00932198895
0.22 -0.2 -0.0102534808
0.219068527 -0.2 -0.00932198895
0.22 -0.204063454 0.000678011047
0.22 -0.2037954 0.010678011
0.22 -0.195517764 -0.069321989
0.22 -0.2 -0.064839753
0.22 -0.196126451 -0.049321989
0.22 -0.191251245 -0.039321989
0.22 -0.192516055 -0.029321989
0.22 -0.2 -0.0248048867
0.22 -0.197468972 -0.00932198895
0.22 -0.192583551 0.000678011047
0.22 -0.19 0.00501665698
0.22 -0.184878473 -0.079321989
0.22 -0.18 -0.0842004604
0.22 -0.184297171 -0.069321989
0.22 -0.186964774 -0.059321989
0.22 -0.184489298 -0.049321989
0.22 -0.189242659 -0.039321989
0.22 -0.187613811 -0.029321989
0.22 -0.187693272 -0.019321989
0.22 -0.187070746 -0.00932198895
0.22 -0.187229409 0.000678011047
0.22 -0.175702829 -0.069321989
0.22 -0.17 -0.0606632604
0.211987839 -0.17 -0.069321989
0.22 -0.164099007 -0.069321989
0.22 -0.16 -0.0734209956
0.22 -0.156192331 0.000678011047
0.22 -0.15 0.00744239436
0.22 -0.14 0.0072111951
0.22 -0.13 0.00695209132
0.22 -0.12 0.00680203067
0.22 -0.11 0.00626225101
0.22 -0.1 0.00617536174
0.22 -0.09 0.00611221896
0.22 -0.08 0.00607199298
0.22 -0.07 0.00579578982
0.210226402 -0.06 0.010678011
0.22 -0.06 0.00569334613
0.22 -0.05 0.00570533382
0.22 -0.0450273132 0.010678011
0.22 -0.04 0.0162897168
0.214760399 -0.03 0.010678011
0.22 -0.0349990654 0.010678011
0.22 -0.03 0.00567893611
0.22 -0.02 0.0160591851
0.22 -0.0250009346 0.010678011
0.210257492 -0.02 0.010678011
0.22 -0.01 0.0166825639
0.21029232 -0.01 0.010678011
0.22 -0.00492511749 0.010678011
0.22 0 0.00575289355
0.212546616 0.01 0.010678011
0.22 0.01 0.0057876073
0.21275177 0.02 0.010678011
0.22 0.02 0.00592076884
0.212891388 0.03 0.010678011
0.22 0.03 0.0059928857
0.213071022 0.04 0.010678011
0.22 0.04 0.00617631541
0.213414917 0.05 0.010678011
0.22 0.05 0.00639431583
0.213671417 0.06 0.010678011
0.22 0.06 0.00653947459
0.212224693 0.07 0.010678011
0.22 0.07 0.00683263408
0.212243309 0.08 0.010678011
0.22 0.08 0.00635066615
0.22 0.09 0.00744259463
0.214906769 0.09 0.000678011047
0.213516197 0.09 0.010678011
0.21495636 0.1 0.000678011047
0.22 0.1 0.00792362796
0.22 0.11 0.00714549647
0.214975662 0.11 0.000678011047
0.22 0.12 0.00679574596
0.214784317 0.12 0.000678011047
0.22 0.125255585 0.000678011047
0.22 0.13 -0.00406642331
0.22 0.14 -0.00368199719
0.22 0.145514297 -0.079321989
0.22 0.15 -0.0838076819
0.214970016 0.14 -0.069321989
0.22 0.145435791 -0.069321989
0.22 0.145133934 -0.059321989
0.22 0.145382729 -0.049321989
0.22 0.14512085 -0.039321989
0.22 0.145388298 -0.029321989
0.22 0.14537426 -0.019321989
0.22 0.145450668 -0.00932198895
0.22 0.154485703 -0.079321989
0.22 0.16 -0.0713761414
0.22 0.17 -0.0733254386
0.22 0.174038773 -0.059321989
0.22 0.174003448 -0.069321989
0.22 0.173169136 -0.049321989
0.22 0.175167885 -0.039321989
0.22 0.173044624 -0.029321989
0.22 0.17392086 -0.019321989
0.22 0.177598114 -0.00932198895
0.22 0.176676559 0.000678011047
0.22 0.18 0.00702353107
0.2195755 0.19 -0.059321989
0.22 0.19 -0.0584342111
0.22 0.183724556 -0.049321989
0.21 0.19 -0.0545212306
0.217041435 0.19 -0.049321989
0.22 0.181782913 -0.039321989
0.217556915 0.19 -0.029321989
0.22 0.19 -0.0314477815
0.22 0.19 -0.0261696757
0.22 0.183341675 -0.019321989
0.21 0.19 -0.0251572217
0.216661186 0.19 -0.019321989
0.22 0.181816063 -0.00932198895
0.22 0.19 0.00864295589
0.214283638 0.19 0.000678011047
0.22 0.192035065 0.010678011
0.22 0.2 0.0167829
0.22 0.21 0.0159441148
0.224482231 -0.2 -0.069321989
0.23 -0.201990986 -0.059321989
0.23 -0.2 -0.0613129772
0.228008995 -0.2 -0.059321989
0.23 -0.203876672 -0.049321989
0.23 -0.204993935 -0.039321989
0.224517097 -0.2 -0.029321989
0.23 -0.202139125 -0.019321989
0.23 -0.2 -0.0214611138
0.22786087 -0.2 -0.019321989
0.23 -0.203850212 -0.00932198895
0.23 -0.204901652 0.000678011047
0.23 -0.201185412 0.010678011
0.23 -0.198009014 -0.059321989
0.23 -0.192720504 -0.049321989
0.23 -0.2 -0.0343280543
0.23 -0.195006065 -0.039321989
0.23 -0.193774524 -0.019321989
0.23 -0.191730971 0.000678011047
0.23 -0.196149788 -0.00932198895
0.23 -0.19 0.0028637849
0.23 -0.18 -0.073756286
0.224878464 -0.18 -0.079321989
0.23 -0.184434299 -0.069321989
0.23 -0.18467957 -0.059321989
0.23 -0.18740243 -0.049321989
0.23 -0.184633293 -0.039321989
0.23 -0.187300892 -0.029321989
0.23 -0.188131108 -0.019321989
0.23 -0.184372697 -0.00932198895
0.23 -0.187680254 0.000678011047
0.221634407 -0.19 0.020678011
0.23 -0.180197344 0.020678011
0.23 -0.19 0.014862362
0.23 -0.175565701 -0.069321989
0.23 -0.17 -0.0599633087
0.23 -0.176001244 0.000678011047
0.23 -0.17 0.00989658939
0.224712677 -0.17 0.000678011047
0.23 -0.163792982 -0.069321989
0.23 -0.16 -0.0731149663
0.221428566 -0.17 -0.049321989
0.23 -0.163776131 -0.049321989
0.23 -0.17 -0.0586806692
0.221280518 -0.17 -0.039321989
0.23 -0.164048929 -0.039321989
0.221314392 -0.17 -0.029321989
0.23 -0.163691864 -0.029321989
0.22108593 -0.17 -0.019321989
0.23 -0.163932981 -0.019321989
0.221543388 -0.17 -0.00932198895
0.23 -0.163912001 -0.00932198895
0.23 -0.16 0.00671172725
0.223807678 -0.16 0.000678011047
0.23 -0.15 0.00825654613
0.22354084 -0.16 0.020678011
0.23 -0.151840582 0.020678011
0.23 -0.16 0.0146442948
0.23 -0.14 0.00799109088
0.23 -0.13 0.00771889316
0.23 -0.12 0.00656865703
0.222709312 -0.13 0.020678011
0.23 -0.122844429 0.020678011
0.23 -0.13 0.0136371289
0.23 -0.11 0.00648859607
0.23 -0.1 0.00654996501
0.23 -0.09 0.00671759235
0.23 -0.08 0.00581294643
0.224223175 -0.09 0.020678011
0.23 -0.0841145706 0.020678011
0.23 -0.09 0.0146384297
0.23 -0.07 0.00590535747
0.23 -0.06 0.00602345096
0.224972687 -0.05 0.010678011
0.23 -0.0543528748 0.020678011
0.23 -0.05 0.0163251363
0.224569054 -0.06 0.020678011
0.23 -0.0553454399 0.010678011
0.23 -0.06 0.0153325711
0.224618835 -0.02 0.020678011
0.23 -0.0149327278 0.020678011
0.23 -0.01 0.0157452832
0.23 0.06 0.0157118188
0.223819656 0.05 0.020678011
0.23 0.0550338173 0.020678011
0.224138527 0.06 0.010678011
0.224283714 0.05 0.010678011
0.23 0.07 0.0158211671
0.223845367 0.07 0.010678011
0.23 0.08 0.0159137593
0.224327354 0.08 0.010678011
0.23 0.0853609467 0.010678011
0.23 0.09 0.00603893863
0.23 0.1 0.00584090816
0.225158195 0.11 0.000678011047
0.23 0.105158195 0.000678011047
0.23 0.11 -0.00416381253
0.22549263 0.12 0.000678011047
0.23 0.12 -0.00382935895
0.23 0.13 -0.00409858121
0.23 0.14 -0.00382559193
0.23 0.145553055 -0.079321989
0.23 0.15 -0.0837689502
0.23 0.145472603 -0.069321989
0.23 0.145746155 -0.059321989
0.23 0.14542141 -0.049321989
0.23 0.145712662 -0.039321989
0.23 0.145429611 -0.029321989
0.23 0.145414658 -0.019321989
0.23 0.14573616 -0.00932198895
0.23 0.154446945 -0.079321989
0.23 0.16 -0.0712762214
0.23 0.154062119 0.000678011047
0.23 0.16 0.00699380504
0.222171211 0.16 0.000678011047
0.23 0.17 -0.0734724726
0.22216774 0.16 -0.00932198895
0.23 0.165959625 -0.00932198895
0.23 0.16 -0.0171194877
0.23 0.166881027 0.000678011047
0.23 0.17722084 -0.049321989
0.23 0.174361916 -0.059321989
0.23 0.177147713 -0.019321989
0.23 0.173308029 -0.029321989
0.23 0.173118973 0.000678011047
0.23 0.18 0.00922629939
0.220702477 0.19 -0.059321989
0.23 0.186485977 -0.059321989
0.23 0.19 -0.0628360022
0.23 0.181788292 -0.049321989
0.23 0.19 -0.0318708362
0.224608269 0.19 -0.039321989
0.23 0.187451134 -0.029321989
0.224028206 0.19 -0.029321989
0.23 0.182197685 -0.019321989
0.229773026 0.19 -0.00932198895
0.23 0.19 -0.00958749665
0.23 0.19 -0.00882509602
0.23 0.187132568 0.000678011047
0.22 0.19 -0.00457118405
0.227132568 0.19 0.000678011047
0.24 -0.20344491 -0.059321989
0.24 -0.2 -0.062766899
0.234993935 -0.2 -0.039321989
0.24 -0.203039312 -0.029321989
0.24 -0.2 -0.0323613013
0.236960678 -0.2 -0.029321989
0.24 -0.204445205 -0.019321989
0.24 -0.2 0.00776306735
0.234901657 -0.2 0.000678011047
0.24 -0.202914944 0.010678011
0.24 -0.19 0.00696212398
0.235724716 -0.18 -0.079321989
0.24 -0.184275298 -0.079321989
0.24 -0.18 -0.0835972883
0.24 -0.184557257 -0.069321989
0.24 -0.183871627 -0.059321989
0.24 -0.184166965 -0.049321989
0.24 -0.184416304 -0.039321989
0.24 -0.184094229 -0.029321989
0.24 -0.184316397 -0.019321989
0.24 -0.183519163 -0.00932198895
0.24 -0.183757911 0.000678011047
0.235156212 -0.17 0.000678011047
0.24 -0.176480837 -0.00932198895
0.24 -0.17 -0.00416575803
0.23 -0.175627303 -0.00932198895
0.24 -0.163740492 -0.069321989
0.24 -0.16 -0.0730624808
0.24 -0.165156231 0.000678011047
0.24 -0.16 0.00716730701
0.23268692 -0.14 0.010678011
0.24 -0.133722658 0.010678011
0.24 -0.13 0.00695535289
0.24 -0.12 0.00698741542
0.234128036 -0.1 0.010678011
0.24 -0.0946069336 0.010678011
0.24 -0.09 0.00607107745
0.235079575 0.08 0.010678011
0.24 0.0750795746 0.010678011
0.24 0.08 0.00575758563
0.234639053 0.09 0.010678011
0.24 0.0956547165 0.010678011
0.24 0.1 0.00633273708
0.24 0.105037689 0.000678011047
0.24 0.11 -0.00428429021
0.24 0.12 -0.0039626254
0.24 0.124640617 0.000678011047
0.24 0.13 0.00648379909
0.234776611 0.13 0.000678011047
0.24 0.14 0.00676868068
0.234503593 0.14 0.000678011047
0.24 0.145904045 -0.079321989
0.24 0.15 -0.0834179504
0.24 0.145518913 -0.069321989
0.24 0.145801468 -0.059321989
0.24 0.145735588 -0.049321989
0.24 0.145769997 -0.039321989
0.24 0.145733376 -0.029321989
0.24 0.15 0.00643062221
0.234062119 0.15 0.000678011047
0.24 0.16 0.00742736446
0.231954231 0.16 -0.069321989
0.24 0.165718765 -0.069321989
0.24 0.17 -0.0736032297
0.231361198 0.16 -0.059321989
0.24 0.166519623 -0.059321989
0.23153553 0.16 -0.049321989
0.24 0.166258774 -0.049321989
0.232224464 0.16 -0.039321989
0.24 0.166035614 -0.039321989
0.231602325 0.16 -0.029321989
0.24 0.166528931 -0.029321989
0.232202492 0.16 -0.019321989
0.24 0.166319656 -0.019321989
0.24 0.166140709 -0.00932198895
0.24 0.166707191 0.000678011047
0.24 0.173292809 0.000678011047
0.24 0.18 0.00715093242
0.236036606 0.19 -0.069321989
0.24 0.186036606 -0.069321989
0.24 0.19 -0.0732853831
0.234973373 0.19 -0.049321989
0.23 0.19 -0.0443486251
0.24 0.18681778 -0.039321989
0.24 0.19 -0.0425042142
0.23681778 0.19 -0.039321989
0.24 0.185240211 -0.029321989
0.24 0.19 -0.0113119353
0.234352455 0.19 -0.019321989
0.24 0.188010063 -0.00932198895
0.230780106 0.19 -0.00932198895
0.24 0.185120354 0.000678011047
3 2 1 0
3 5 4 3
3 6 5 3
3 7 5 6
3 8 5 7
3 8 9 5
3 12 11 10
3 11 9 10
3 9 13 10
3 9 8 13
3 12 10 14
3 15 12 14
3 16 12 15
3 14 10 13
3 17 16 15
3 17 18 16
3 17 20 19
3 21 17 19
3 18 17 21
3 22 19 20
3 25 24 23
3 25 23 26
3 29 28 27
3 23 29 27
3 24 29 23
3 31 30 28
3 29 31 28
3 32 31 29
3 35 34 33
3 31 35 33
3 32 35 31
3 37 36 34
3 37 34 35
3 39 38 36
3 39 36 37
3 41 40 38
3 41 38 39
3 43 42 40
3 43 40 41
3 19 22 44
3 22 45 44
3 22 46 45
3 48 47 27
3 49 48 27
3 28 49 27
3 48 49 50
3 52 51 33
3 53 52 33
3 34 53 33
3 52 53 54
3 55 45 46
3 55 56 45
3 50 49 57
3 58 50 57
3 59 50 58
3 61 60 49
3 60 57 49
3 60 62 57
3 53 63 54
3 63 60 54
3 63 62 60
3 65 64 53
3 64 63 53
3 64 66 63
3 66 68 67
3 64 68 66
3 67 70 69
3 68 70 67
3 69 72 71
3 70 72 69
3 71 74 73
3 72 74 71
3 55 73 56
3 56 73 74
3 77 76 75
3 77 78 76
3 81 80 79
3 81 82 80
3 85 84 83
3 85 86 84
3 89 88 87
3 87 88 90
3 93 92 91
3 93 91 94
3 97 96 95
3 91 97 95
3 92 97 91
3 99 98 96
3 99 96 97
3 102 101 100
3 103 102 100
3 104 102 103
3 107 106 105
3 106 88 105
3 106 90 88
3 109 108 107
3 108 106 107
3 108 110 106
3 113 112 111
3 113 111 114
3 113 114 115
3 115 114 116
3 115 116 117
3 117 116 118
3 117 118 119
3 119 118 120
3 119 120 121
3 121 120 122
3 121 122 123
3 123 122 124
3 123 124 125
3 125 124 126
3 125 126 127
3 127 126 128
3 127 128 129
3 129 128 130
3 129 130 131
3 131 130 132
3 131 132 133
3 133 132 134
3 133 134 135
3 135 134 136
3 135 136 137
3 137 136 138
3 137 138 139
3 139 138 140
3 139 140 141
3 141 140 142
3 141 142 143
3 143 142 144
3 143 144 145
3 145 144 146
3 145 146 147
3 147 146 148
3 147 148 149
3 149 148 150
3 149 150 151
3 151 150 152
3 151 152 153
3 153 152 154
3 153 154 155
3 155 154 156
3 155 156 157
3 157 156 158
3 157 158 159
3 162 161 160
3 160 161 159
3 158 160 159
3 163 160 158
3 162 160 164
3 162 164 165
3 166 160 163
3 164 160 166
3 165 164 167
3 165 167 168
3 169 164 166
3 167 164 169
3 168 167 170
3 168 170 171
3 172 167 169
3 170 167 172
3 171 170 1
3 2 171 1
3 173 171 2
3 1 170 174
3 170 175 174
3 170 172 175
3 2 177 176
3 178 2 176
3 173 2 178
3 174 175 177
3 175 176 177
3 175 179 176
3 178 176 180
3 178 180 181
3 182 176 179
3 180 176 182
3 181 180 4
3 5 181 4
3 183 181 5
3 4 180 184
3 180 185 184
3 180 182 185
3 9 183 5
3 9 186 183
3 188 187 185
3 185 187 184
3 190 189 11
3 189 9 11
3 189 186 9
3 192 191 188
3 188 191 187
3 189 190 193
3 193 190 194
3 196 195 192
3 192 195 191
3 198 197 194
3 16 198 194
3 18 198 16
3 194 197 193
3 200 199 196
3 196 199 195
3 21 198 18
3 21 201 198
3 203 202 200
3 200 202 199
3 205 204 24
3 205 24 25
3 24 206 29
3 204 206 24
3 29 207 32
3 206 207 29
3 32 208 35
3 207 208 32
3 35 209 37
3 208 209 35
3 37 210 39
3 209 210 37
3 39 211 41
3 210 211 39
3 41 212 43
3 211 212 41
3 21 44 201
3 213 201 44
3 201 213 212
3 214 212 213
3 212 214 43
3 45 213 44
3 216 215 203
3 215 202 203
3 215 217 202
3 48 50 218
3 218 50 219
3 220 61 52
3 54 220 52
3 222 65 221
3 224 223 221
3 221 223 222
3 226 225 224
3 224 225 223
3 228 227 226
3 226 227 225
3 214 213 228
3 213 227 228
3 213 229 227
3 56 229 45
3 45 229 213
3 232 231 230
3 231 215 230
3 231 217 215
3 59 219 50
3 59 233 219
3 220 60 61
3 60 220 54
3 222 64 65
3 64 222 68
3 68 222 223
3 68 223 70
3 70 223 225
3 70 225 72
3 72 225 227
3 72 227 74
3 74 227 229
3 74 229 56
3 235 234 232
3 234 231 232
3 234 236 231
3 237 78 77
3 237 238 78
3 239 77 82
3 239 237 77
3 240 82 81
3 240 239 82
3 242 81 241
3 242 240 81
3 243 241 86
3 243 242 241
3 244 86 85
3 244 243 86
3 245 85 87
3 245 244 85
3 87 90 245
3 245 90 246
3 234 247 236
3 248 247 234
3 249 97 92
3 249 92 250
3 97 249 251
3 252 97 251
3 99 97 252
3 255 254 253
3 99 255 253
3 252 255 99
3 257 103 256
3 260 259 258
3 262 261 260
3 262 260 258
3 262 246 261
3 246 106 261
3 246 90 106
3 248 263 247
3 264 263 248
3 261 106 265
3 106 266 265
3 106 110 266
3 268 267 112
3 268 112 113
3 115 268 113
3 115 269 268
3 117 269 115
3 117 270 269
3 119 270 117
3 119 271 270
3 121 271 119
3 121 272 271
3 123 272 121
3 123 273 272
3 276 275 274
3 277 275 276
3 125 273 123
3 125 278 273
3 277 279 275
3 280 279 277
3 127 278 125
3 127 281 278
3 280 282 279
3 283 282 280
3 129 281 127
3 129 284 281
3 283 285 282
3 286 285 283
3 131 284 129
3 131 287 284
3 286 288 285
3 289 288 286
3 133 287 131
3 133 290 287
3 289 291 288
3 292 291 289
3 135 290 133
3 135 293 290
3 292 294 291
3 295 294 292
3 137 293 135
3 137 296 293
3 295 297 294
3 298 297 295
3 139 296 137
3 139 299 296
3 298 300 297
3 301 300 298
3 141 299 139
3 141 302 299
3 301 303 300
3 304 303 301
3 143 302 141
3 143 305 302
3 304 306 303
3 307 306 304
3 145 305 143
3 145 308 305
3 307 309 306
3 310 309 307
3 147 308 145
3 147 311 308
3 310 312 309
3 313 312 310
3 149 311 147
3 149 314 311
3 313 315 312
3 316 315 313
3 151 314 149
3 151 317 314
3 316 318 315
3 319 318 316
3 153 317 151
3 153 320 317
3 319 321 318
3 322 321 319
3 155 320 153
3 155 323 320
3 322 324 321
3 325 324 322
3 328 327 326
3 327 323 326
3 323 157 326
3 323 155 157
3 325 329 324
3 330 329 325
3 328 326 331
3 328 331 332
3 159 331 157
3 157 331 326
3 330 333 329
3 334 333 330
3 332 331 161
3 162 332 161
3 335 332 162
3 161 331 159
3 334 336 333
3 337 336 334
3 165 335 162
3 165 338 335
3 337 339 336
3 340 339 337
3 168 338 165
3 168 341 338
3 344 343 342
3 340 344 342
3 345 340 342
3 339 340 345
3 171 347 346
3 341 171 346
3 168 171 341
3 349 348 347
3 348 342 347
3 343 346 347
3 343 347 342
3 345 342 348
3 350 345 348
3 351 345 350
3 173 352 347
3 173 347 171
3 349 347 353
3 347 354 353
3 347 352 354
3 350 353 354
3 355 350 354
3 351 350 355
3 178 356 352
3 178 352 173
3 352 357 354
3 352 356 357
3 357 358 355
3 357 355 354
3 181 359 356
3 181 356 178
3 356 360 357
3 356 359 360
3 360 361 358
3 360 358 357
3 183 362 359
3 183 359 181
3 359 363 360
3 359 362 363
3 363 364 361
3 363 361 360
3 367 366 365
3 366 368 362
3 186 366 362
3 183 186 362
3 365 366 186
3 370 369 368
3 369 362 368
3 369 363 362
3 369 371 364
3 369 364 363
3 367 365 372
3 367 372 373
3 189 372 186
3 186 372 365
3 369 370 374
3 374 370 375
3 374 376 371
3 374 371 369
3 373 372 377
3 373 377 378
3 193 377 189
3 189 377 372
3 374 375 379
3 379 375 380
3 379 381 376
3 379 376 374
3 378 377 197
3 198 378 197
3 382 378 198
3 197 377 193
3 379 380 383
3 383 380 384
3 383 385 381
3 383 381 379
3 201 382 198
3 201 386 382
3 383 384 387
3 387 384 388
3 387 389 385
3 387 385 383
3 391 390 204
3 391 204 205
3 204 392 206
3 390 392 204
3 206 393 207
3 392 393 206
3 207 394 208
3 393 394 207
3 208 395 209
3 394 395 208
3 209 396 210
3 395 396 209
3 210 397 211
3 396 397 210
3 211 398 212
3 397 398 211
3 201 212 386
3 386 212 398
3 387 388 216
3 388 215 216
3 388 399 215
3 218 219 400
3 400 219 401
3 230 215 402
3 215 403 402
3 215 399 403
3 233 401 219
3 233 404 401
3 402 403 235
3 403 234 235
3 403 405 234
3 406 238 237
3 406 407 238
3 408 237 239
3 408 406 237
3 409 239 240
3 409 408 239
3 410 240 242
3 410 409 240
3 411 242 243
3 411 410 242
3 412 243 244
3 412 411 243
3 413 244 245
3 413 412 244
3 245 246 413
3 413 246 414
3 405 248 234
3 415 248 405
3 418 417 416
3 420 419 416
3 420 416 417
3 252 422 421
3 423 252 421
3 255 252 423
3 258 425 424
3 426 258 424
3 262 258 426
3 246 262 414
3 414 262 426
3 415 264 248
3 427 264 415
3 265 266 428
3 428 266 429
3 432 431 430
3 431 427 430
3 431 264 427
3 435 434 433
3 435 433 267
3 268 435 267
3 436 435 268
3 439 438 437
3 438 436 437
3 436 269 437
3 436 268 269
3 442 441 440
3 443 441 442
3 439 437 444
3 439 444 445
3 270 446 269
3 447 269 446
3 269 447 437
3 448 437 447
3 437 448 444
3 443 447 446
3 449 443 446
3 441 443 449
3 450 445 444
3 451 270 271
3 451 271 452
3 451 452 450
3 451 450 444
3 451 444 448
3 451 448 453
3 451 453 446
3 451 446 270
3 449 446 453
3 454 449 453
3 455 449 454
3 272 452 271
3 272 456 452
3 454 276 455
3 457 276 454
3 273 456 272
3 273 458 456
3 457 277 276
3 459 277 457
3 278 458 273
3 278 460 458
3 459 280 277
3 461 280 459
3 281 460 278
3 281 462 460
3 461 283 280
3 463 283 461
3 284 462 281
3 284 464 462
3 463 286 283
3 465 286 463
3 287 464 284
3 287 466 464
3 465 289 286
3 467 289 465
3 290 466 287
3 290 468 466
3 467 292 289
3 469 292 467
3 293 468 290
3 293 470 468
3 469 295 292
3 471 295 469
3 296 470 293
3 296 472 470
3 471 298 295
3 473 298 471
3 299 475 474
3 472 299 474
3 296 299 472
3 473 474 475
3 301 473 475
3 298 473 301
3 477 476 475
3 299 477 475
3 302 477 299
3 301 475 476
3 478 301 476
3 304 301 478
3 305 477 302
3 305 479 477
3 478 307 304
3 480 307 478
3 308 479 305
3 308 481 479
3 480 310 307
3 482 310 480
3 311 481 308
3 311 483 481
3 482 313 310
3 484 313 482
3 314 483 311
3 314 485 483
3 484 316 313
3 486 316 484
3 317 488 487
3 485 317 487
3 314 317 485
3 486 487 488
3 319 486 488
3 316 486 319
3 320 489 488
3 320 488 317
3 489 322 319
3 489 319 488
3 323 490 489
3 323 489 320
3 490 325 322
3 490 322 489
3 328 491 327
3 490 323 327
3 491 490 327
3 492 490 491
3 492 330 325
3 492 325 490
3 332 493 491
3 332 491 328
3 491 494 492
3 491 493 494
3 494 334 330
3 494 330 492
3 335 495 493
3 335 493 332
3 497 494 496
3 494 495 496
3 494 493 495
3 334 494 497
3 498 334 497
3 337 334 498
3 338 499 495
3 338 495 335
3 496 495 500
3 495 501 500
3 495 499 501
3 498 500 501
3 340 498 501
3 337 498 340
3 341 502 499
3 341 499 338
3 502 343 344
3 501 502 344
3 499 502 501
3 501 344 340
3 346 502 341
3 343 502 346
3 348 349 503
3 503 350 348
3 353 503 349
3 503 353 350
3 506 505 504
3 507 504 505
3 367 508 366
3 509 506 504
3 366 509 504
3 368 366 504
3 509 366 508
3 370 368 504
3 507 370 504
3 510 370 507
3 373 511 508
3 373 508 367
3 509 508 512
3 508 513 512
3 508 511 513
3 510 512 513
3 375 510 513
3 370 510 375
3 378 514 511
3 378 511 373
3 511 515 513
3 511 514 515
3 515 380 375
3 515 375 513
3 382 516 514
3 382 514 378
3 514 517 515
3 514 516 517
3 517 384 380
3 517 380 515
3 386 518 516
3 386 516 382
3 520 517 519
3 517 518 519
3 517 516 518
3 384 517 520
3 521 384 520
3 388 384 521
3 523 522 390
3 523 390 391
3 390 524 392
3 522 524 390
3 392 525 393
3 524 525 392
3 393 526 394
3 525 526 393
3 394 527 395
3 526 527 394
3 527 529 528
3 396 527 528
3 395 527 396
3 396 528 530
3 531 396 530
3 397 396 531
3 397 532 398
3 531 532 397
3 398 532 386
3 532 533 386
3 533 518 386
3 533 532 534
3 519 518 535
3 518 536 535
3 518 533 536
3 521 535 536
3 399 521 536
3 388 521 399
3 400 401 537
3 537 401 538
3 541 540 539
3 541 539 529
3 539 528 529
3 539 542 528
3 530 528 543
3 528 544 543
3 528 542 544
3 546 545 544
3 544 545 543
3 545 546 534
3 546 533 534
3 546 547 533
3 549 536 548
3 536 547 548
3 536 533 547
3 399 536 549
3 550 399 549
3 403 399 550
3 404 538 401
3 404 551 538
3 540 552 539
3 554 553 552
3 553 539 552
3 553 542 539
3 542 555 544
3 542 553 555
3 544 556 546
3 544 555 556
3 546 557 547
3 546 556 557
3 548 547 558
3 547 559 558
3 547 557 559
3 550 558 559
3 405 550 559
3 403 550 405
3 560 407 406
3 560 561 407
3 562 406 408
3 562 560 406
3 563 408 409
3 563 562 408
3 410 553 554
3 563 410 554
3 409 410 563
3 553 410 411
3 553 411 555
3 555 411 412
3 555 412 556
3 556 412 413
3 556 413 557
3 557 413 414
3 564 557 414
3 559 557 564
3 564 415 405
3 564 405 559
3 417 566 565
3 567 417 565
3 420 417 567
3 570 569 568
3 420 570 568
3 567 570 420
3 571 423 421
3 572 569 570
3 571 573 423
3 424 574 426
3 564 414 426
3 574 564 426
3 575 564 574
3 575 427 415
3 575 415 564
3 421 576 571
3 569 572 577
3 571 576 573
3 428 574 424
3 574 428 429
3 578 574 429
3 575 574 578
3 579 430 427
3 575 579 427
3 578 579 575
3 579 580 430
3 583 582 581
3 586 585 584
3 586 584 587
3 585 589 588
3 590 585 588
3 584 585 590
3 592 591 590
3 592 590 588
3 595 594 593
3 596 595 593
3 597 595 596
3 597 599 598
3 600 597 598
3 595 597 600
3 583 581 601
3 583 601 602
3 581 604 603
3 605 581 603
3 601 581 605
3 606 584 590
3 606 590 607
3 609 608 607
3 590 609 607
3 591 609 590
3 591 611 610
3 612 591 610
3 609 591 612
3 594 595 613
3 610 614 612
3 616 615 613
3 595 616 613
3 600 616 595
3 617 434 435
3 600 617 435
3 616 600 435
3 617 600 618
3 621 620 619
3 624 623 622
3 601 624 622
3 605 624 601
3 605 626 625
3 627 605 625
3 624 605 627
3 629 628 627
3 629 627 625
3 628 631 630
3 628 609 631
3 628 629 608
3 609 628 608
3 633 632 631
3 609 633 631
3 612 633 609
3 612 614 634
3 635 612 634
3 633 612 635
3 635 634 615
3 616 635 615
3 636 635 616
3 436 636 435
3 435 636 616
3 639 638 637
3 641 640 619
3 638 639 623
3 624 638 623
3 642 638 624
3 627 644 643
3 642 627 643
3 624 627 642
3 644 627 628
3 644 628 645
3 645 628 630
3 646 632 633
3 646 633 635
3 646 635 647
3 439 648 438
3 648 635 438
3 635 636 438
3 648 647 635
3 438 636 436
3 649 443 442
3 650 443 649
3 651 638 642
3 651 642 652
3 652 642 643
3 445 654 653
3 648 445 653
3 439 445 648
3 654 448 653
3 448 447 653
3 656 655 653
3 656 653 447
3 657 656 447
3 443 657 447
3 650 657 443
3 660 659 658
3 661 658 659
3 654 445 450
3 664 663 662
3 656 453 665
3 655 656 665
3 664 655 665
3 663 664 665
3 452 663 665
3 450 452 665
3 654 450 665
3 448 654 665
3 453 448 665
3 454 453 656
3 657 454 656
3 666 454 657
3 660 658 667
3 660 667 668
3 658 661 669
3 658 669 667
3 670 662 663
3 663 452 670
3 452 671 670
3 452 456 671
3 666 457 454
3 672 457 666
3 668 667 673
3 668 673 674
3 667 669 675
3 676 667 675
3 673 667 676
3 677 676 675
3 680 679 678
3 681 678 679
3 458 671 456
3 458 682 671
3 672 459 457
3 683 459 672
3 674 673 684
3 674 684 685
3 686 673 676
3 684 673 686
3 676 677 687
3 676 687 686
3 688 680 678
3 688 678 681
3 460 682 458
3 460 689 682
3 683 461 459
3 690 461 683
3 693 692 691
3 691 692 685
3 684 691 685
3 694 691 684
3 686 696 695
3 694 686 695
3 684 686 694
3 696 686 687
3 462 689 460
3 462 697 689
3 690 463 461
3 698 463 690
3 693 691 699
3 693 699 700
3 701 691 694
3 699 691 701
3 694 695 702
3 694 702 701
3 464 697 462
3 464 703 697
3 698 465 463
3 704 465 698
3 700 699 705
3 700 705 706
3 707 699 701
3 705 699 707
3 701 702 708
3 701 708 707
3 711 710 709
3 710 703 709
3 703 466 709
3 703 464 466
3 704 467 465
3 712 467 704
3 706 705 713
3 706 713 714
3 715 705 707
3 713 705 715
3 707 708 716
3 707 716 715
3 711 709 717
3 711 717 718
3 468 717 466
3 466 717 709
3 712 469 467
3 719 469 712
3 722 721 720
3 713 722 720
3 715 722 713
3 715 716 723
3 715 723 722
3 718 717 724
3 718 724 725
3 470 724 468
3 468 724 717
3 719 471 469
3 726 471 719
3 721 722 727
3 721 727 728
3 722 723 729
3 722 729 727
3 732 731 730
3 730 731 725
3 724 730 725
3 733 730 724
3 472 733 470
3 470 733 724
3 726 473 471
3 734 473 726
3 737 736 735
3 735 736 728
3 727 735 728
3 738 735 727
3 727 729 739
3 740 727 739
3 738 727 740
3 742 741 740
3 742 740 739
3 743 741 742
3 746 745 744
3 732 730 747
3 745 748 744
3 750 749 747
3 730 750 747
3 733 750 730
3 474 751 472
3 751 733 472
3 751 750 733
3 752 751 474
3 473 752 474
3 734 752 473
3 755 754 753
3 735 755 753
3 738 755 735
3 740 757 756
3 755 740 756
3 738 740 755
3 757 740 741
3 757 741 758
3 761 760 759
3 743 758 741
3 762 760 761
3 763 746 744
3 744 764 763
3 744 765 764
3 744 748 766
3 765 744 766
3 765 766 749
3 750 765 749
3 767 765 750
3 477 767 476
3 767 751 476
3 767 750 751
3 478 476 751
3 752 478 751
3 768 478 752
3 754 755 769
3 754 769 770
3 755 756 771
3 772 755 771
3 769 755 772
3 773 772 771
3 774 759 760
3 774 760 762
3 777 776 775
3 764 765 778
3 776 779 775
3 781 780 778
3 765 781 778
3 767 781 765
3 479 781 477
3 477 781 767
3 768 480 478
3 782 480 768
3 770 769 783
3 770 783 784
3 772 786 785
3 783 772 785
3 769 772 783
3 786 772 773
3 789 788 787
3 790 787 788
3 777 775 791
3 777 791 792
3 775 779 793
3 794 775 793
3 791 775 794
3 794 793 780
3 781 794 780
3 795 794 781
3 481 795 479
3 479 795 781
3 782 482 480
3 796 482 782
3 799 798 797
3 797 798 784
3 783 797 784
3 800 797 783
3 783 785 801
3 802 783 801
3 800 783 802
3 803 802 801
3 804 789 787
3 807 806 805
3 790 804 787
3 806 807 792
3 791 806 792
3 808 806 791
3 794 810 809
3 808 794 809
3 791 794 808
3 812 811 810
3 794 812 810
3 795 812 794
3 483 812 481
3 481 812 795
3 796 484 482
3 813 484 796
3 816 815 814
3 797 816 814
3 800 816 797
3 802 818 817
3 816 802 817
3 800 802 816
3 818 802 803
3 821 820 819
3 805 806 822
3 820 823 819
3 825 824 822
3 806 825 822
3 808 825 806
3 808 809 826
3 827 808 826
3 825 808 827
3 827 826 811
3 812 827 811
3 828 827 812
3 485 828 483
3 483 828 812
3 813 486 484
3 829 486 813
3 832 831 830
3 830 831 815
3 816 830 815
3 833 830 816
3 816 817 834
3 835 816 834
3 833 816 835
3 837 836 835
3 837 835 834
3 836 839 838
3 836 819 839
3 836 837 821
3 819 836 821
3 842 841 840
3 823 839 819
3 841 842 824
3 825 841 824
3 843 841 825
3 827 845 844
3 843 827 844
3 825 827 843
3 847 846 845
3 827 847 845
3 828 847 827
3 487 848 485
3 848 828 485
3 848 847 828
3 849 848 487
3 486 849 487
3 829 849 486
3 852 851 850
3 830 852 850
3 833 852 830
3 835 854 853
3 852 835 853
3 833 835 852
3 854 835 836
3 854 836 855
3 858 857 856
3 838 855 836
3 857 858 840
3 841 857 840
3 859 857 841
3 843 861 860
3 859 843 860
3 841 843 859
3 843 862 861
3 843 863 862
3 843 844 864
3 863 843 864
3 863 864 846
3 847 863 846
3 865 863 847
3 866 847 848
3 865 847 866
3 848 849 867
3 848 867 866
3 851 852 868
3 851 868 869
3 852 853 870
3 871 852 870
3 868 852 871
3 872 871 870
3 873 856 857
3 875 874 873
3 857 875 873
3 859 875 857
3 859 860 876
3 877 859 876
3 875 859 877
3 877 879 878
3 877 863 879
3 877 876 862
3 863 877 862
3 881 880 879
3 863 881 879
3 865 881 863
3 882 865 866
3 881 865 882
3 866 867 883
3 866 883 882
3 869 868 884
3 869 884 885
3 886 868 871
3 884 868 886
3 871 872 887
3 871 887 886
3 890 889 888
3 888 892 891
3 888 875 892
3 888 889 874
3 875 888 874
3 892 875 877
3 892 877 893
3 877 894 893
3 877 895 894
3 877 878 896
3 895 877 896
3 895 896 880
3 881 895 880
3 897 895 881
3 898 881 882
3 897 881 898
3 882 883 899
3 882 899 898
3 885 884 900
3 885 900 901
3 902 884 886
3 900 884 902
3 886 887 903
3 886 903 902
3 904 890 888
3 888 905 904
3 888 906 905
3 888 891 907
3 906 888 907
3 909 908 906
3 909 906 907
3 908 909 894
3 895 908 894
3 910 908 895
3 911 895 897
3 910 895 911
3 912 897 898
3 911 897 912
3 898 899 913
3 898 913 912
3 916 915 914
3 914 915 901
3 900 914 901
3 917 914 900
3 918 900 902
3 917 900 918
3 902 903 919
3 920 902 919
3 918 902 920
3 921 920 919
3 922 905 906
3 924 923 922
3 906 924 922
3 908 924 906
3 925 908 910
3 924 908 925
3 926 910 911
3 925 910 926
3 496 926 497
3 926 912 497
3 926 911 912
3 498 497 912
3 913 498 912
3 927 498 913
3 930 929 928
3 914 930 928
3 917 930 914
3 931 917 918
3 930 917 931
3 932 918 920
3 931 918 932
3 920 921 933
3 920 933 932
3 936 935 934
3 934 935 923
3 924 934 923
3 937 934 924
3 938 924 925
3 937 924 938
3 939 925 926
3 938 925 939
3 500 940 496
3 940 926 496
3 940 939 926
3 941 940 500
3 498 941 500
3 927 941 498
3 944 943 942
3 942 943 929
3 930 942 929
3 945 942 930
3 931 947 946
3 945 931 946
3 930 931 945
3 947 931 932
3 947 932 948
3 951 950 949
3 933 948 932
3 950 951 936
3 934 950 936
3 952 950 934
3 937 954 953
3 952 937 953
3 934 937 952
3 956 955 954
3 937 956 954
3 938 956 937
3 957 938 939
3 956 938 957
3 958 939 940
3 957 939 958
3 940 941 959
3 940 959 958
3 944 942 960
3 944 960 961
3 962 942 945
3 960 942 962
3 945 946 963
3 964 945 963
3 962 945 964
3 966 965 964
3 966 964 963
3 949 950 967
3 966 968 965
3 967 950 952
3 967 952 969
3 952 970 969
3 952 971 970
3 952 953 972
3 971 952 972
3 971 972 955
3 956 971 955
3 973 971 956
3 974 956 957
3 973 956 974
3 975 957 958
3 974 957 975
3 958 959 976
3 958 976 975
3 979 978 977
3 960 979 977
3 962 979 960
3 980 962 964
3 979 962 980
3 965 982 981
3 980 965 981
3 964 965 980
3 982 965 968
3 985 984 983
3 970 971 986
3 984 987 983
3 989 988 986
3 971 989 986
3 973 989 971
3 990 973 974
3 989 973 990
3 991 974 975
3 990 974 991
3 975 976 992
3 975 992 991
3 995 994 993
3 993 994 978
3 979 993 978
3 996 993 979
3 980 998 997
3 996 980 997
3 979 980 996
3 998 980 981
3 1001 1000 999
3 985 983 1002
3 1000 1003 999
3 1002 983 987
3 988 989 1004
3 988 1004 1005
3 1006 989 990
3 1004 989 1006
3 1007 990 991
3 1006 990 1007
3 991 992 1008
3 991 1008 1007
3 995 993 1009
3 995 1009 1010
3 1011 993 996
3 1009 993 1011
3 996 997 1012
3 996 1012 1011
3 1015 1014 1013
3 1001 999 1016
3 1014 1017 1013
3 1016 999 1003
3 1020 1019 1018
3 1018 1019 1005
3 1004 1018 1005
3 1021 1018 1004
3 1022 1004 1006
3 1021 1004 1022
3 1023 1006 1007
3 1022 1006 1023
3 1007 1008 1024
3 1007 1024 1023
3 1027 1026 1025
3 1009 1027 1025
3 1011 1027 1009
3 1011 1012 1028
3 1029 1011 1028
3 1027 1011 1029
3 1015 1013 1030
3 1028 1031 1029
3 1030 1013 1017
3 1034 1033 1032
3 1020 1018 1035
3 1033 1036 1032
3 1035 1018 1021
3 1035 1021 1037
3 506 1038 505
3 1038 1021 505
3 1021 1022 505
3 1038 1037 1021
3 505 1022 507
3 1022 1039 507
3 1022 1023 1039
3 1023 1024 1040
3 1023 1040 1039
3 1043 1042 1041
3 1041 1042 1026
3 1027 1041 1026
3 1044 1041 1027
3 1029 1046 1045
3 1044 1029 1045
3 1027 1029 1044
3 1046 1029 1031
3 1047 1034 1032
3 1047 1032 1036
3 1050 1049 1048
3 1049 1038 1048
3 1038 509 1048
3 1038 506 509
3 1052 1051 1039
3 1051 507 1039
3 1051 510 507
3 1052 1039 1040
3 1043 1041 1053
3 1043 1053 1054
3 1055 1041 1044
3 1053 1041 1055
3 1044 1045 1056
3 1044 1056 1055
3 1057 1050 1048
3 1059 1057 1058
3 1058 1057 512
3 1057 1048 512
3 1048 509 512
3 1060 1058 512
3 510 1060 512
3 1051 1060 510
3 1054 1053 1061
3 1054 1061 1062
3 1063 1053 1055
3 1061 1053 1063
3 1055 1056 1064
3 1055 1064 1063
3 1059 1058 1065
3 1059 1065 1066
3 1058 1060 1067
3 1058 1067 1065
3 1070 1069 1068
3 1061 1070 1068
3 1063 1070 1061
3 1063 1064 1071
3 1063 1071 1070
3 1074 1073 1072
3 1072 1073 1066
3 1065 1072 1066
3 1075 1072 1065
3 1065 1067 1076
3 1065 1076 1075
3 1069 1070 1077
3 1069 1077 1078
3 1070 1071 1079
3 1070 1079 1077
3 1080 1074 1072
3 519 1081 520
3 1081 1072 520
3 1072 1075 520
3 1081 1080 1072
3 521 520 1075
3 1076 521 1075
3 1082 521 1076
3 1084 1083 522
3 1084 522 523
3 522 1085 524
3 1083 1085 522
3 1077 525 1078
3 525 1085 1078
3 525 524 1085
3 1079 1086 1077
3 1086 525 1077
3 1086 526 525
3 1086 1088 1087
3 527 1086 1087
3 526 1086 527
3 1087 529 527
3 530 1089 531
3 1090 532 531
3 1090 531 1089
3 534 532 1090
3 1093 1092 1091
3 1094 1093 535
3 1093 1081 535
3 1081 519 535
3 1081 1093 1091
3 1095 1094 535
3 521 1095 535
3 1082 1095 521
3 537 538 1096
3 1096 538 1097
3 1100 1099 1098
3 1100 1098 1088
3 1088 1098 1087
3 1098 540 1087
3 540 541 1087
3 529 1087 541
3 1103 1102 1101
3 530 543 1089
3 1102 1103 1104
3 1089 543 545
3 1089 545 1090
3 545 534 1090
3 1106 1092 1105
3 1093 1105 1092
3 548 1105 549
3 1105 1094 549
3 1105 1093 1094
3 550 549 1094
3 1095 550 1094
3 1107 550 1095
3 551 1097 538
3 551 1108 1097
3 1098 1099 1109
3 1109 1099 1110
3 1111 552 540
3 1098 1111 540
3 1109 1111 1098
3 1102 1112 1101
3 554 552 1111
3 1112 1102 1104
3 1115 1114 1113
3 1113 1117 1116
3 1113 1105 1117
3 1113 1114 1106
3 1105 1113 1106
3 1117 1105 548
3 558 1117 548
3 1118 1117 558
3 558 550 1107
3 558 1107 1118
3 1119 561 560
3 1119 1120 561
3 562 1109 1110
3 1119 562 1110
3 560 562 1119
3 1109 562 563
3 1109 563 1111
3 1111 563 554
3 1121 1115 1113
3 1121 1113 1116
3 1124 1123 1122
3 1123 565 1122
3 1123 567 565
3 1123 1126 1125
3 567 1123 1125
3 1127 570 567
3 1127 567 1125
3 1127 572 570
3 565 1129 1128
3 1122 565 1128
3 1130 1122 1128
3 1131 1130 1128
3 1132 1131 1128
3 1133 1132 1128
3 1126 1133 1128
3 1125 1126 1128
3 1129 1125 1128
3 1132 1133 1134
3 1127 1129 577
3 1129 1127 1125
3 1127 577 572
3 1137 1136 1135
3 1140 1139 1138
3 1142 1141 1138
3 1142 1138 1139
3 1145 1144 1143
3 1146 1143 1144
3 1149 1148 1147
3 1147 1148 1140
3 1138 1147 1140
3 1150 1147 1138
3 1153 1152 1151
3 1151 1152 1145
3 1143 1151 1145
3 1154 1151 1143
3 1143 1146 1155
3 1156 1143 1155
3 1154 1143 1156
3 1159 1158 1157
3 1157 1158 1149
3 1147 1157 1149
3 1160 1157 1147
3 1162 1150 1161
3 1165 1164 1163
3 1163 1164 1153
3 1151 1163 1153
3 1166 1163 1151
3 1167 1151 1154
3 1166 1151 1167
3 1156 1169 1168
3 1167 1156 1168
3 1154 1156 1167
3 1172 1171 1170
3 1175 1174 1173
3 1173 1174 1165
3 1163 1173 1165
3 1176 1173 1163
3 583 1177 582
3 1178 588 589
3 1179 1178 589
3 1180 1178 1179
3 1183 1182 1181
3 598 1181 1182
3 1181 598 1184
3 599 1184 598
3 1184 599 1185
3 602 1186 1177
3 602 1177 583
3 1187 603 604
3 1177 1187 604
3 1186 1187 1177
3 606 1180 587
3 626 603 1187
3 1180 606 607
3 1180 607 1178
3 1178 607 608
3 1188 1178 608
3 1189 1178 1188
3 1190 610 611
3 1189 1190 611
3 1188 1190 1189
3 613 1184 594
3 614 610 1190
3 613 615 1184
3 615 1181 1184
3 615 1191 1181
3 1193 1192 618
3 618 1192 617
3 622 1186 602
3 641 620 1194
3 1186 622 623
3 1195 1186 623
3 1187 1186 1195
3 1196 625 626
3 1187 1196 626
3 1195 1196 1187
3 1197 629 625
3 1197 625 1196
3 1197 608 629
3 1197 1188 608
3 1197 630 631
3 1188 1197 631
3 1188 631 632
3 1198 1188 632
3 1190 1188 1198
3 1199 634 614
3 1190 1199 614
3 1198 1199 1190
3 1199 1200 634
3 1200 615 634
3 1200 1191 615
3 1195 623 639
3 1201 1195 639
3 1202 1195 1201
3 1202 643 644
3 1196 1202 644
3 1195 1202 1196
3 1196 644 645
3 1196 645 1197
3 1197 645 630
3 646 1198 632
3 1198 646 647
3 1198 647 1199
3 1204 1203 648
3 648 1203 647
3 1203 1200 647
3 1200 1199 647
3 1206 1205 1204
3 1204 1205 1203
3 1207 1205 1206
3 650 1207 1206
3 649 1207 650
3 651 1201 637
3 1201 651 652
3 1201 652 1202
3 1202 652 643
3 653 1204 648
3 1206 1204 1208
3 1204 655 1208
3 655 1209 1208
3 655 1204 653
3 650 1206 1208
3 1210 650 1208
3 657 650 1210
3 660 1211 659
3 1211 661 659
3 1213 1212 664
3 1213 664 662
3 655 664 1209
3 1209 664 1212
3 1210 666 657
3 1214 666 1210
3 1216 1215 1211
3 660 1216 1211
3 668 1216 660
3 661 1211 1215
3 1217 661 1215
3 669 661 1217
3 1220 1219 1218
3 1222 1221 1218
3 1222 1218 1219
3 1223 1221 670
3 1221 1213 670
3 1213 662 670
3 1213 1221 1222
3 671 1223 670
3 1214 672 666
3 1224 672 1214
3 1227 1226 1225
3 1226 1216 1225
3 1216 674 1225
3 1216 668 674
3 675 669 1228
3 669 1229 1228
3 669 1217 1229
3 677 675 1228
3 1232 1231 1230
3 679 680 1232
3 1230 679 1232
3 1233 679 1230
3 1235 1234 681
3 679 1235 681
3 1233 1235 679
3 1234 1235 1220
3 1218 1234 1220
3 1236 1234 1218
3 1237 1218 1221
3 1236 1218 1237
3 1238 1221 1223
3 1237 1221 1238
3 682 1238 671
3 671 1238 1223
3 1224 683 672
3 1239 683 1224
3 1227 1225 1240
3 1227 1240 1241
3 1244 1243 1242
3 674 685 1225
3 1240 1225 685
3 1244 1242 1229
3 1242 1228 1229
3 1242 1245 1228
3 1246 1231 1232
3 687 677 1245
3 1228 1245 677
3 1246 1232 680
3 688 1246 680
3 1247 1246 688
3 1247 688 681
3 1248 1247 681
3 1234 1248 681
3 1247 1248 1249
3 1250 1234 1236
3 1248 1234 1250
3 1251 1236 1237
3 1250 1236 1251
3 1252 1237 1238
3 1251 1237 1252
3 689 1252 682
3 682 1252 1238
3 1239 690 683
3 1253 690 1239
3 1254 685 692
3 1254 692 1255
3 1254 1255 1256
3 1254 1256 1257
3 1254 1257 1242
3 1254 1242 1243
3 1254 1243 1258
3 1254 1258 1240
3 1254 1240 685
3 1259 695 696
3 1242 1259 696
3 1245 1242 696
3 1257 1259 1242
3 1245 696 687
3 1262 1261 1260
3 1260 1261 1249
3 1248 1260 1249
3 1263 1260 1248
3 1264 1248 1250
3 1263 1248 1264
3 1265 1250 1251
3 1264 1250 1265
3 1266 1251 1252
3 1265 1251 1266
3 697 1266 689
3 689 1266 1252
3 1253 698 690
3 1267 698 1253
3 1256 1255 1268
3 1268 1255 1269
3 1271 702 1270
3 702 1259 1270
3 702 695 1259
3 1273 1272 1271
3 1273 1271 1270
3 1272 1273 1262
3 1260 1272 1262
3 1274 1272 1260
3 1275 1260 1263
3 1274 1260 1275
3 1276 1263 1264
3 1275 1263 1276
3 1277 1264 1265
3 1276 1264 1277
3 1278 1265 1266
3 1277 1265 1278
3 703 1278 697
3 697 1278 1266
3 1267 704 698
3 1279 704 1267
3 1268 1269 1280
3 1280 1269 1281
3 1282 708 1271
3 1271 708 702
3 1283 1271 1272
3 1282 1271 1283
3 1284 1272 1274
3 1283 1272 1284
3 1285 1274 1275
3 1284 1274 1285
3 1286 1275 1276
3 1285 1275 1286
3 1287 1276 1277
3 1286 1276 1287
3 711 1287 710
3 1287 1278 710
3 1287 1277 1278
3 710 1278 703
3 1279 712 704
3 1288 712 1279
3 1280 1281 1289
3 1289 1281 1290
3 1291 716 1282
3 1282 716 708
3 1292 1282 1283
3 1291 1282 1292
3 1293 1283 1284
3 1292 1283 1293
3 1294 1284 1285
3 1293 1284 1294
3 1295 1285 1286
3 1294 1285 1295
3 1296 1286 1287
3 1295 1286 1296
3 718 1296 711
3 711 1296 1287
3 1288 719 712
3 1297 719 1288
3 720 721 1290
3 721 1289 1290
3 721 1298 1289
3 1299 723 1291
3 1291 723 716
3 1300 1291 1292
3 1299 1291 1300
3 1301 1292 1293
3 1300 1292 1301
3 1302 1293 1294
3 1301 1293 1302
3 1303 1294 1295
3 1302 1294 1303
3 1304 1295 1296
3 1303 1295 1304
3 725 1304 718
3 718 1304 1296
3 1297 726 719
3 1305 726 1297
3 728 1298 721
3 728 1306 1298
3 1307 729 1299
3 1299 729 723
3 1308 1299 1300
3 1307 1299 1308
3 1309 1300 1301
3 1308 1300 1309
3 1310 1301 1302
3 1309 1301 1310
3 1311 1302 1303
3 1310 1302 1311
3 732 1311 731
3 1311 1304 731
3 1311 1303 1304
3 731 1304 725
3 1305 734 726
3 1312 734 1305
3 1314 1313 736
3 1313 728 736
3 1313 1306 728
3 1307 739 729
3 739 1307 742
3 742 1307 1308
3 742 1308 743
3 1308 1315 743
3 1308 1309 1315
3 1316 1309 1310
3 1315 1309 1316
3 746 1316 745
3 1316 1311 745
3 1316 1310 1311
3 748 745 1317
3 745 1311 1317
3 732 747 1317
3 732 1317 1311
3 749 1317 747
3 1312 752 734
3 1318 752 1312
3 753 754 1314
3 754 1313 1314
3 754 1319 1313
3 1320 756 757
3 758 1321 757
3 757 1321 1320
3 758 743 1321
3 743 1315 1321
3 761 759 1321
3 761 1321 1315
3 761 1315 762
3 1315 1322 762
3 1315 1316 1322
3 763 1323 746
3 1323 1316 746
3 1323 1322 1316
3 748 1317 766
3 1323 763 764
3 766 1317 749
3 1318 768 752
3 1324 768 1318
3 770 1319 754
3 770 1325 1319
3 1320 771 756
3 771 1320 773
3 1320 1326 773
3 1320 1321 1326
3 774 1327 759
3 1327 1321 759
3 1327 1326 1321
3 762 1322 774
3 1322 1327 774
3 1322 1328 1327
3 777 1328 776
3 1328 1323 776
3 1328 1322 1323
3 779 776 1329
3 776 1323 1329
3 764 778 1329
3 764 1329 1323
3 780 1329 778
3 1324 782 768
3 1330 782 1324
3 784 1325 770
3 784 1331 1325
3 1332 785 786
3 773 1326 786
3 1326 1332 786
3 1326 1333 1332
3 789 1333 788
3 1333 1327 788
3 1333 1326 1327
3 788 1327 790
3 1327 1334 790
3 1327 1328 1334
3 792 1334 777
3 777 1334 1328
3 1329 793 779
3 793 1329 780
3 1330 796 782
3 1335 796 1330
3 1337 1336 798
3 1336 784 798
3 1336 1331 784
3 1332 801 785
3 801 1332 803
3 1332 1338 803
3 1332 1333 1338
3 804 1339 789
3 1339 1333 789
3 1339 1338 1333
3 804 790 1339
3 790 1334 1339
3 807 805 1339
3 807 1339 1334
3 807 1334 792
3 1340 809 810
3 811 1340 810
3 1335 813 796
3 1341 813 1335
3 814 815 1337
3 815 1336 1337
3 815 1342 1336
3 1343 817 818
3 803 1338 818
3 1338 1343 818
3 1338 1344 1343
3 821 1344 820
3 1344 1339 820
3 1344 1338 1339
3 823 820 1345
3 820 1339 1345
3 805 822 1345
3 805 1345 1339
3 824 1345 822
3 1340 826 809
3 826 1340 811
3 1341 829 813
3 1346 829 1341
3 1348 1347 831
3 1347 815 831
3 1347 1342 815
3 1343 834 817
3 834 1343 837
3 837 1343 1344
3 837 1344 821
3 1349 838 839
3 839 823 1349
3 823 1345 1349
3 842 840 1349
3 842 1349 1345
3 842 1345 824
3 1350 844 845
3 846 1350 845
3 1346 849 829
3 1351 849 1346
3 850 851 1348
3 851 1347 1348
3 851 1352 1347
3 1353 853 854
3 855 1354 854
3 854 1354 1353
3 855 838 1354
3 838 1349 1354
3 858 856 1354
3 858 1354 1349
3 858 1349 840
3 1355 860 861
3 844 1350 864
3 1355 861 862
3 864 1350 846
3 1351 867 849
3 1356 867 1351
3 869 1352 851
3 869 1357 1352
3 1353 870 853
3 870 1353 872
3 1353 1358 872
3 1353 1354 1358
3 873 1359 856
3 1359 1354 856
3 1359 1358 1354
3 874 1359 873
3 1355 876 860
3 876 1355 862
3 1360 878 879
3 880 1360 879
3 1356 883 867
3 1361 883 1356
3 885 1357 869
3 885 1362 1357
3 1363 887 1358
3 1358 887 872
3 890 1363 889
3 1363 1359 889
3 1363 1358 1359
3 889 1359 874
3 1364 891 892
3 893 1365 892
3 892 1365 1364
3 878 1360 896
3 1365 893 894
3 896 1360 880
3 1361 899 883
3 1366 899 1361
3 901 1362 885
3 901 1367 1362
3 1368 903 1363
3 1363 903 887
3 904 1369 890
3 1369 1363 890
3 1369 1368 1363
3 891 1364 907
3 1369 904 905
3 907 1364 909
3 909 1364 1365
3 909 1365 894
3 1366 913 899
3 1370 913 1366
3 1372 1371 915
3 1371 901 915
3 1371 1367 901
3 1368 919 903
3 919 1368 921
3 1368 1373 921
3 1368 1369 1373
3 922 1374 905
3 1374 1369 905
3 1374 1373 1369
3 923 1374 922
3 1370 927 913
3 1375 927 1370
3 928 929 1372
3 929 1371 1372
3 929 1376 1371
3 1377 933 1373
3 1373 933 921
3 936 1377 935
3 1377 1374 935
3 1377 1373 1374
3 935 1374 923
3 1375 941 927
3 1378 941 1375
3 1380 1379 943
3 1379 929 943
3 1379 1376 929
3 1381 946 947
3 948 1382 947
3 947 1382 1381
3 948 933 1382
3 933 1377 1382
3 951 949 1382
3 951 1382 1377
3 951 1377 936
3 1383 953 954
3 955 1383 954
3 1378 959 941
3 1384 959 1378
3 1379 1380 1385
3 1385 1380 1386
3 1381 963 946
3 963 1381 966
3 966 1381 1382
3 968 966 1387
3 966 1382 1387
3 949 967 1387
3 949 1387 1382
3 969 1388 967
3 967 1388 1387
3 953 1383 972
3 1388 969 970
3 972 1383 955
3 1384 976 959
3 1389 976 1384
3 977 978 1386
3 978 1385 1386
3 978 1390 1385
3 1391 981 982
3 968 1387 982
3 1387 1391 982
3 1387 1392 1391
3 985 1392 984
3 1392 1388 984
3 1392 1387 1388
3 987 984 1393
3 984 1388 1393
3 970 986 1393
3 970 1393 1388
3 988 1393 986
3 1389 992 976
3 1394 992 1389
3 1396 1395 994
3 1395 978 994
3 1395 1390 978
3 1397 997 998
3 981 1391 998
3 1391 1397 998
3 1391 1398 1397
3 1001 1398 1000
3 1398 1392 1000
3 1398 1391 1392
3 1003 1000 1399
3 1000 1392 1399
3 985 1002 1399
3 985 1399 1392
3 987 1393 1002
3 1393 1399 1002
3 1393 1400 1399
3 1005 1400 988
3 988 1400 1393
3 1394 1008 992
3 1401 1008 1394
3 1395 1396 1402
3 1402 1396 1403
3 1404 1012 1397
3 1397 1012 997
3 1015 1404 1014
3 1404 1398 1014
3 1404 1397 1398
3 1017 1014 1405
3 1014 1398 1405
3 1001 1016 1405
3 1001 1405 1398
3 1003 1399 1016
3 1399 1405 1016
3 1399 1406 1405
3 1020 1406 1019
3 1406 1400 1019
3 1406 1399 1400
3 1019 1400 1005
3 1401 1024 1008
3 1407 1024 1401
3 1025 1026 1403
3 1026 1402 1403
3 1026 1408 1402
3 1404 1028 1012
3 1031 1028 1409
3 1028 1404 1409
3 1015 1030 1409
3 1015 1409 1404
3 1017 1405 1030
3 1405 1409 1030
3 1405 1410 1409
3 1034 1410 1033
3 1410 1406 1033
3 1410 1405 1406
3 1036 1033 1411
3 1033 1406 1411
3 1020 1035 1411
3 1020 1411 1406
3 1037 1412 1035
3 1035 1412 1411
3 1038 1412 1037
3 1407 1040 1024
3 1413 1040 1407
3 1415 1414 1042
3 1414 1026 1042
3 1414 1408 1026
3 1416 1045 1046
3 1031 1409 1046
3 1409 1416 1046
3 1409 1417 1416
3 1418 1409 1410
3 1417 1409 1418
3 1047 1419 1034
3 1419 1410 1034
3 1419 1418 1410
3 1036 1411 1047
3 1411 1419 1047
3 1411 1420 1419
3 1050 1420 1049
3 1420 1412 1049
3 1420 1411 1412
3 1049 1412 1038
3 1421 1051 1052
3 1422 1421 1052
3 1040 1422 1052
3 1413 1422 1040
3 1414 1415 1423
3 1423 1415 1424
3 1425 1056 1416
3 1416 1056 1045
3 1426 1416 1417
3 1425 1416 1426
3 1427 1417 1418
3 1426 1417 1427
3 1428 1418 1419
3 1427 1418 1428
3 1429 1419 1420
3 1428 1419 1429
3 1057 1430 1050
3 1430 1420 1050
3 1430 1429 1420
3 1059 1430 1057
3 1431 1060 1421
3 1421 1060 1051
3 1421 1422 1432
3 1421 1432 1431
3 1423 1424 1433
3 1433 1424 1434
3 1435 1064 1425
3 1425 1064 1056
3 1436 1425 1426
3 1435 1425 1436
3 1437 1426 1427
3 1436 1426 1437
3 1438 1427 1428
3 1437 1427 1438
3 1439 1428 1429
3 1438 1428 1439
3 1440 1429 1430
3 1439 1429 1440
3 1066 1440 1059
3 1059 1440 1430
3 1441 1067 1431
3 1431 1067 1060
3 1431 1432 1442
3 1431 1442 1441
3 1068 1069 1434
3 1069 1433 1434
3 1069 1443 1433
3 1444 1071 1435
3 1435 1071 1064
3 1445 1435 1436
3 1444 1435 1445
3 1446 1436 1437
3 1445 1436 1446
3 1447 1437 1438
3 1446 1437 1447
3 1448 1438 1439
3 1447 1438 1448
3 1074 1448 1073
3 1448 1440 1073
3 1448 1439 1440
3 1073 1440 1066
3 1449 1076 1441
3 1441 1076 1067
3 1441 1442 1450
3 1441 1450 1449
3 1078 1443 1069
3 1078 1451 1443
3 1452 1079 1444
3 1444 1079 1071
3 1453 1444 1445
3 1452 1444 1453
3 1454 1445 1446
3 1453 1445 1454
3 1455 1446 1447
3 1454 1446 1455
3 1456 1447 1448
3 1455 1447 1456
3 1080 1457 1074
3 1457 1448 1074
3 1457 1456 1448
3 1081 1457 1080
3 1459 1458 1449
3 1458 1076 1449
3 1458 1082 1076
3 1459 1449 1450
3 1461 1460 1083
3 1461 1083 1084
3 1083 1462 1085
3 1460 1462 1083
3 1078 1085 1451
3 1451 1085 1462
3 1452 1086 1079
3 1086 1452 1088
3 1452 1463 1088
3 1452 1453 1463
3 1464 1453 1454
3 1463 1453 1464
3 1465 1454 1455
3 1464 1454 1465
3 1466 1455 1456
3 1465 1455 1466
3 1092 1466 1091
3 1466 1457 1091
3 1466 1456 1457
3 1091 1457 1081
3 1468 1095 1467
3 1095 1458 1467
3 1095 1082 1458
3 1469 1468 1467
3 1096 1097 1470
3 1470 1097 1471
3 1472 1099 1100
3 1088 1463 1100
3 1463 1472 1100
3 1463 1473 1472
3 1101 1473 1103
3 1473 1464 1103
3 1473 1463 1464
3 1103 1464 1104
3 1464 1474 1104
3 1464 1465 1474
3 1475 1465 1466
3 1474 1465 1475
3 1106 1475 1092
3 1092 1475 1466
3 1477 1476 1468
3 1476 1095 1468
3 1476 1107 1095
3 1477 1468 1469
3 1108 1471 1097
3 1108 1478 1471
3 1479 1110 1472
3 1472 1110 1099
3 1480 1472 1473
3 1479 1472 1480
3 1112 1481 1101
3 1481 1473 1101
3 1481 1480 1473
3 1104 1474 1112
3 1474 1481 1112
3 1474 1482 1481
3 1115 1482 1114
3 1482 1475 1114
3 1482 1474 1475
3 1114 1475 1106
3 1483 1116 1117
3 1118 1484 1117
3 1117 1484 1483
3 1485 1484 1118
3 1107 1485 1118
3 1476 1485 1107
3 1486 1120 1119
3 1486 1487 1120
3 1119 1110 1479
3 1488 1119 1479
3 1486 1119 1488
3 1488 1479 1480
3 1488 1480 1489
3 1489 1480 1481
3 1489 1481 1490
3 1490 1481 1482
3 1490 1482 1491
3 1491 1482 1115
3 1121 1491 1115
3 1492 1491 1121
3 1121 1116 1483
3 1493 1121 1483
3 1492 1121 1493
3 1493 1483 1484
3 1493 1484 1494
3 1494 1484 1485
3 1496 1495 1123
3 1496 1123 1124
3 1126 1123 1495
3 1126 1495 1497
3 1498 1496 1124
3 1498 1124 1130
3 1497 1133 1126
3 1133 1497 1499
3 1498 1499 1497
3 1499 1498 1131
3 1130 1131 1498
3 1499 1134 1133
3 1137 1500 1136
3 1501 1499 1131
3 1502 1136 1500
3 1499 1501 1134
3 1140 1503 1139
3 1504 1142 1139
3 1504 1139 1503
3 1504 1505 1142
3 1507 1506 1144
3 1507 1144 1145
3 1146 1144 1506
3 1146 1506 1508
3 1509 1500 1137
3 1500 1509 1502
3 1149 1510 1148
3 1503 1140 1148
3 1510 1503 1148
3 1511 1503 1510
3 1511 1161 1512
3 1504 1511 1512
3 1503 1511 1504
3 1504 1512 1505
3 1153 1513 1152
3 1507 1145 1514
3 1145 1513 1514
3 1513 1515 1514
3 1145 1152 1513
3 1515 1516 1155
3 1508 1515 1155
3 1146 1508 1155
3 1515 1508 1514
3 1159 1517 1158
3 1519 1518 1162
3 1511 1519 1162
3 1510 1519 1511
3 1165 1520 1164
3 1523 1522 1521
3 1516 1168 1169
3 1168 1516 1524
3 1515 1524 1516
3 1527 1526 1525
3 1530 1529 1528
3 1524 1528 1529
3 1533 1532 1531
3 1533 1531 1534
3 1536 1532 1535
3 1531 1532 1536
3 1538 1535 1537
3 1536 1535 1538
3 1540 1537 1539
3 1538 1537 1540
3 1542 1539 1541
3 1540 1539 1542
3 1544 1541 1543
3 1542 1541 1544
3 1546 1543 1545
3 1544 1543 1546
3 1548 1545 1547
3 1546 1545 1548
3 1181 1548 1183
3 1183 1548 1547
3 1550 1193 1549
3 1193 1551 1549
3 1193 1552 1551
3 1534 1531 1553
3 1534 1553 1554
3 1555 1531 1536
3 1553 1531 1555
3 1556 1536 1538
3 1555 1536 1556
3 1557 1538 1540
3 1556 1538 1557
3 1558 1540 1542
3 1557 1540 1558
3 1559 1542 1544
3 1558 1542 1559
3 1560 1544 1546
3 1559 1544 1560
3 1561 1546 1548
3 1560 1546 1561
3 1191 1561 1181
3 1181 1561 1548
3 1550 1192 1193
3 1554 1553 1562
3 1554 1562 1563
3 1564 1553 1555
3 1562 1553 1564
3 1565 1555 1556
3 1564 1555 1565
3 1566 1556 1557
3 1565 1556 1566
3 1567 1557 1558
3 1566 1557 1567
3 1568 1558 1559
3 1567 1558 1568
3 1569 1559 1560
3 1568 1559 1569
3 1570 1560 1561
3 1569 1560 1570
3 1200 1570 1191
3 1191 1570 1561
3 1572 1207 1571
3 1573 1207 1572
3 1563 1562 1574
3 1563 1574 1575
3 1576 1562 1564
3 1574 1562 1576
3 1577 1564 1565
3 1576 1564 1577
3 1566 1579 1578
3 1577 1566 1578
3 1565 1566 1577
3 1579 1566 1567
3 1579 1567 1580
3 1580 1567 1568
3 1580 1568 1581
3 1581 1568 1569
3 1581 1569 1582
3 1582 1569 1570
3 1582 1570 1583
3 1585 1583 1584
3 1584 1583 1203
3 1583 1570 1203
3 1570 1200 1203
3 1584 1203 1586
3 1203 1587 1586
3 1203 1205 1587
3 1205 1207 1573
3 1205 1573 1587
3 1575 1574 1588
3 1575 1588 1589
3 1590 1574 1576
3 1588 1574 1590
3 1591 1576 1577
3 1590 1576 1591
3 1577 1578 1592
3 1577 1592 1591
3 1595 1594 1593
3 1597 1596 1593
3 1597 1593 1594
3 1599 1598 1596
3 1599 1596 1597
3 1598 1599 1585
3 1584 1598 1585
3 1600 1598 1584
3 1601 1208 1209
3 1584 1601 1209
3 1600 1584 1209
3 1601 1584 1586
3 1210 1208 1601
3 1210 1601 1602
3 1589 1588 1603
3 1589 1603 1604
3 1605 1588 1590
3 1603 1588 1605
3 1606 1590 1591
3 1605 1590 1606
3 1591 1592 1607
3 1608 1591 1607
3 1606 1591 1608
3 1610 1609 1608
3 1610 1608 1607
3 1609 1610 1595
3 1593 1609 1595
3 1611 1609 1593
3 1612 1593 1596
3 1611 1593 1612
3 1613 1596 1598
3 1612 1596 1613
3 1213 1613 1212
3 1613 1600 1212
3 1613 1598 1600
3 1212 1600 1209
3 1602 1214 1210
3 1614 1214 1602
3 1604 1603 1615
3 1604 1615 1616
3 1216 1615 1215
3 1615 1605 1215
3 1615 1603 1605
3 1215 1605 1217
3 1605 1617 1217
3 1605 1606 1617
3 1618 1606 1608
3 1617 1606 1618
3 1619 1608 1609
3 1618 1608 1619
3 1620 1609 1611
3 1619 1609 1620
3 1220 1620 1219
3 1620 1612 1219
3 1620 1611 1612
3 1219 1612 1222
3 1222 1612 1613
3 1222 1613 1213
3 1614 1224 1214
3 1621 1224 1614
3 1624 1623 1622
3 1622 1623 1616
3 1622 1616 1615
3 1227 1622 1615
3 1226 1227 1615
3 1226 1615 1216
3 1625 1229 1617
3 1617 1229 1217
3 1231 1625 1230
3 1625 1618 1230
3 1625 1617 1618
3 1230 1618 1233
3 1233 1618 1619
3 1233 1619 1235
3 1235 1619 1620
3 1235 1620 1220
3 1621 1239 1224
3 1626 1239 1621
3 1622 1227 1627
3 1227 1628 1627
3 1227 1241 1628
3 1629 1243 1244
3 1229 1625 1244
3 1625 1629 1244
3 1625 1630 1629
3 1246 1631 1231
3 1631 1625 1231
3 1631 1630 1625
3 1247 1632 1246
3 1246 1632 1631
3 1249 1632 1247
3 1626 1253 1239
3 1633 1253 1626
3 1241 1258 1634
3 1635 1241 1634
3 1628 1241 1635
3 1258 1243 1634
3 1243 1629 1634
3 1257 1256 1634
3 1257 1634 1629
3 1257 1629 1259
3 1629 1636 1259
3 1629 1630 1636
3 1637 1630 1631
3 1636 1630 1637
3 1262 1637 1261
3 1637 1632 1261
3 1637 1631 1632
3 1261 1632 1249
3 1633 1267 1253
3 1638 1267 1633
3 1635 1634 1639
3 1635 1639 1640
3 1268 1639 1256
3 1256 1639 1634
3 1636 1270 1259
3 1270 1636 1273
3 1273 1636 1637
3 1273 1637 1262
3 1638 1279 1267
3 1641 1279 1638
3 1640 1639 1642
3 1640 1642 1643
3 1280 1642 1268
3 1268 1642 1639
3 1641 1288 1279
3 1644 1288 1641
3 1642 1280 1645
3 1280 1646 1645
3 1280 1289 1646
3 1644 1297 1288
3 1647 1297 1644
3 1650 1649 1648
3 1649 1646 1648
3 1646 1298 1648
3 1646 1289 1298
3 1647 1305 1297
3 1651 1305 1647
3 1650 1648 1652
3 1650 1652 1653
3 1306 1652 1298
3 1298 1652 1648
3 1651 1312 1305
3 1654 1312 1651
3 1653 1652 1655
3 1653 1655 1656
3 1313 1655 1306
3 1306 1655 1652
3 1654 1318 1312
3 1657 1318 1654
3 1655 1313 1658
3 1313 1659 1658
3 1313 1319 1659
3 1657 1324 1318
3 1660 1324 1657
3 1325 1659 1319
3 1325 1661 1659
3 1660 1330 1324
3 1662 1330 1660
3 1665 1664 1663
3 1664 1661 1663
3 1661 1331 1663
3 1661 1325 1331
3 1662 1335 1330
3 1666 1335 1662
3 1663 1331 1667
3 1331 1668 1667
3 1331 1336 1668
3 1666 1341 1335
3 1669 1341 1666
3 1342 1668 1336
3 1342 1670 1668
3 1669 1346 1341
3 1671 1346 1669
3 1347 1670 1342
3 1347 1672 1670
3 1671 1351 1346
3 1673 1351 1671
3 1352 1672 1347
3 1352 1674 1672
3 1673 1356 1351
3 1675 1356 1673
3 1357 1674 1352
3 1357 1676 1674
3 1675 1361 1356
3 1677 1361 1675
3 1362 1676 1357
3 1362 1678 1676
3 1677 1366 1361
3 1679 1366 1677
3 1367 1678 1362
3 1367 1680 1678
3 1679 1370 1366
3 1681 1370 1679
3 1371 1680 1367
3 1371 1682 1680
3 1681 1375 1370
3 1683 1375 1681
3 1376 1682 1371
3 1376 1684 1682
3 1683 1378 1375
3 1685 1378 1683
3 1379 1684 1376
3 1379 1686 1684
3 1685 1384 1378
3 1687 1384 1685
3 1385 1686 1379
3 1385 1688 1686
3 1687 1389 1384
3 1689 1389 1687
3 1390 1688 1385
3 1390 1690 1688
3 1689 1394 1389
3 1691 1394 1689
3 1395 1690 1390
3 1395 1692 1690
3 1691 1401 1394
3 1693 1401 1691
3 1402 1692 1395
3 1402 1694 1692
3 1693 1407 1401
3 1695 1407 1693
3 1408 1694 1402
3 1408 1696 1694
3 1695 1413 1407
3 1697 1413 1695
3 1414 1696 1408
3 1414 1698 1696
3 1697 1422 1413
3 1699 1422 1697
3 1702 1701 1700
3 1701 1698 1700
3 1698 1423 1700
3 1698 1414 1423
3 1699 1432 1422
3 1703 1432 1699
3 1702 1700 1704
3 1702 1704 1705
3 1433 1704 1423
3 1423 1704 1700
3 1703 1442 1432
3 1706 1442 1703
3 1705 1704 1707
3 1705 1707 1708
3 1443 1707 1433
3 1433 1707 1704
3 1706 1450 1442
3 1709 1450 1706
3 1708 1707 1710
3 1708 1710 1711
3 1451 1710 1443
3 1443 1710 1707
3 1712 1458 1459
3 1713 1712 1459
3 1450 1713 1459
3 1709 1713 1450
3 1715 1714 1460
3 1715 1460 1461
3 1710 1462 1711
3 1462 1714 1711
3 1462 1460 1714
3 1462 1710 1451
3 1712 1467 1458
3 1469 1467 1712
3 1713 1469 1712
3 1716 1469 1713
3 1470 1471 1717
3 1717 1471 1718
3 1720 1719 1477
3 1477 1719 1476
3 1477 1469 1716
3 1477 1716 1720
3 1723 1722 1721
3 1722 1718 1721
3 1718 1478 1721
3 1718 1471 1478
3 1719 1485 1476
3 1724 1485 1719
3 1727 1726 1725
3 1725 1726 1487
3 1726 1721 1487
3 1721 1478 1487
3 1486 1728 1487
3 1487 1728 1725
3 1488 1729 1486
3 1486 1729 1728
3 1489 1730 1488
3 1488 1730 1729
3 1490 1731 1489
3 1489 1731 1730
3 1491 1732 1490
3 1490 1732 1731
3 1492 1733 1491
3 1491 1733 1732
3 1493 1734 1492
3 1492 1734 1733
3 1494 1735 1493
3 1493 1735 1734
3 1736 1735 1494
3 1485 1736 1494
3 1724 1736 1485
3 1727 1725 1737
3 1727 1737 1738
3 1496 1737 1495
3 1737 1728 1495
3 1737 1725 1728
3 1728 1729 1739
3 1497 1728 1739
3 1740 1497 1739
3 1728 1497 1495
3 1739 1729 1730
3 1739 1730 1741
3 1741 1730 1731
3 1741 1731 1742
3 1742 1731 1732
3 1742 1732 1743
3 1745 1744 1743
3 1732 1745 1743
3 1733 1745 1732
3 1734 1747 1746
3 1745 1734 1746
3 1733 1734 1745
3 1749 1748 1747
3 1734 1749 1747
3 1735 1749 1734
3 1735 1736 1750
3 1735 1750 1749
3 1753 1752 1751
3 1751 1752 1738
3 1737 1751 1738
3 1754 1751 1737
3 1498 1755 1496
3 1755 1737 1496
3 1755 1754 1737
3 1497 1740 1756
3 1755 1497 1756
3 1757 1755 1756
3 1498 1497 1755
3 1759 1758 1757
3 1759 1757 1756
3 1760 1758 1759
3 1761 1744 1745
3 1761 1745 1746
3 1762 1748 1749
3 1762 1749 1750
3 1753 1751 1763
3 1753 1763 1764
3 1765 1751 1754
3 1763 1751 1765
3 1766 1754 1755
3 1765 1754 1766
3 1767 1755 1757
3 1766 1755 1767
3 1768 1757 1758
3 1767 1757 1768
3 1758 1760 1769
3 1770 1758 1769
3 1768 1758 1770
3 1772 1771 1770
3 1772 1770 1769
3 1774 1773 1771
3 1774 1771 1772
3 1776 1775 1773
3 1776 1773 1774
3 1776 1507 1775
3 1776 1506 1507
3 1776 1778 1777
3 1506 1776 1777
3 1777 1508 1506
3 1781 1780 1779
3 1763 1781 1779
3 1765 1781 1763
3 1782 1765 1766
3 1781 1765 1782
3 1783 1766 1767
3 1782 1766 1783
3 1784 1767 1768
3 1783 1767 1784
3 1785 1768 1770
3 1784 1768 1785
3 1786 1770 1771
3 1785 1770 1786
3 1787 1771 1773
3 1786 1771 1787
3 1788 1773 1775
3 1787 1773 1788
3 1777 1778 1789
3 1507 1514 1775
3 1790 1775 1514
3 1775 1790 1788
3 1791 1777 1789
3 1777 1791 1508
3 1792 1508 1791
3 1508 1792 1514
3 1790 1514 1792
3 1795 1794 1793
3 1793 1794 1780
3 1781 1793 1780
3 1796 1793 1781
3 1797 1781 1782
3 1796 1781 1797
3 1798 1782 1783
3 1797 1782 1798
3 1799 1783 1784
3 1798 1783 1799
3 1800 1784 1785
3 1799 1784 1800
3 1801 1785 1786
3 1800 1785 1801
3 1802 1786 1787
3 1801 1786 1802
3 1803 1787 1788
3 1802 1787 1803
3 1790 1805 1804
3 1803 1790 1804
3 1788 1790 1803
3 1808 1807 1806
3 1793 1808 1806
3 1796 1808 1793
3 1809 1796 1797
3 1808 1796 1809
3 1810 1797 1798
3 1809 1797 1810
3 1811 1798 1799
3 1810 1798 1811
3 1812 1799 1800
3 1811 1799 1812
3 1813 1800 1801
3 1812 1800 1813
3 1814 1801 1802
3 1813 1801 1814
3 1815 1802 1803
3 1814 1802 1815
3 1816 1526 1527
3 1803 1816 1527
3 1815 1803 1527
3 1816 1803 1804
3 1819 1818 1817
3 1533 1819 1817
3 1534 1819 1533
3 1817 1818 1820
3 1820 1818 1821
3 1820 1821 1822
3 1822 1821 1823
3 1822 1823 1824
3 1824 1823 1825
3 1828 1827 1826
3 1826 1827 1829
3 1832 1831 1830
3 1831 1819 1830
3 1819 1554 1830
3 1819 1534 1554
3 1835 1834 1833
3 1833 1834 1836
3 1836 1834 1837
3 1836 1837 1838
3 1838 1837 1839
3 1838 1839 1829
3 1829 1839 1840
3 1829 1840 1826
3 1843 1842 1841
3 1830 1554 1844
3 1554 1845 1844
3 1554 1563 1845
3 1846 1573 1572
3 1847 1573 1846
3 1575 1845 1563
3 1575 1848 1845
3 1850 1849 1579
3 1579 1849 1578
3 1851 1579 1580
3 1851 1850 1579
3 1852 1580 1581
3 1852 1851 1580
3 1853 1581 1582
3 1853 1852 1581
3 1854 1582 1583
3 1854 1853 1582
3 1583 1585 1854
3 1854 1585 1855
3 1856 1586 1587
3 1857 1856 1587
3 1573 1857 1587
3 1847 1857 1573
3 1589 1848 1575
3 1589 1858 1848
3 1860 1592 1859
3 1592 1849 1859
3 1592 1578 1849
3 1862 1861 1860
3 1862 1860 1859
3 1594 1595 1861
3 1862 1594 1861
3 1863 1594 1862
3 1594 1864 1597
3 1863 1864 1594
3 1597 1865 1599
3 1864 1865 1597
3 1585 1599 1855
3 1855 1599 1865
3 1856 1601 1586
3 1602 1601 1856
3 1857 1602 1856
3 1866 1602 1857
3 1604 1858 1589
3 1604 1867 1858
3 1860 1607 1592
3 1607 1860 1610
3 1610 1860 1861
3 1610 1861 1595
3 1866 1614 1602
3 1868 1614 1866
3 1616 1867 1604
3 1616 1869 1867
3 1868 1621 1614
3 1870 1621 1868
3 1872 1871 1623
3 1871 1616 1623
3 1871 1869 1616
3 1870 1626 1621
3 1873 1626 1870
3 1627 1628 1872
3 1628 1871 1872
3 1628 1874 1871
3 1873 1633 1626
3 1875 1633 1873
3 1635 1874 1628
3 1635 1876 1874
3 1875 1638 1633
3 1877 1638 1875
3 1640 1876 1635
3 1640 1878 1876
3 1877 1641 1638
3 1879 1641 1877
3 1643 1878 1640
3 1643 1880 1878
3 1879 1644 1641
3 1881 1644 1879
3 1643 1645 1882
3 1883 1643 1882
3 1880 1643 1883
3 1646 1882 1645
3 1881 1647 1644
3 1884 1647 1881
3 1883 1882 1649
3 1650 1883 1649
3 1885 1883 1650
3 1649 1882 1646
3 1884 1651 1647
3 1886 1651 1884
3 1653 1885 1650
3 1653 1887 1885
3 1890 1889 1888
3 1886 1654 1651
3 1891 1654 1886
3 1656 1887 1653
3 1656 1892 1887
3 1889 1890 1893
3 1893 1890 1894
3 1891 1657 1654
3 1895 1657 1891
3 1656 1658 1896
3 1897 1656 1896
3 1892 1656 1897
3 1659 1896 1658
3 1893 1894 1898
3 1898 1894 1899
3 1895 1660 1657
3 1900 1660 1895
3 1897 1896 1901
3 1897 1901 1902
3 1661 1901 1659
3 1659 1901 1896
3 1898 1899 1903
3 1903 1899 1904
3 1900 1662 1660
3 1905 1662 1900
3 1902 1901 1664
3 1665 1902 1664
3 1906 1902 1665
3 1664 1901 1661
3 1903 1904 1907
3 1907 1904 1908
3 1905 1666 1662
3 1909 1666 1905
3 1907 1908 1910
3 1910 1908 1911
3 1909 1669 1666
3 1912 1669 1909
3 1910 1911 1913
3 1913 1911 1914
3 1912 1671 1669
3 1915 1671 1912
3 1918 1917 1916
3 1915 1673 1671
3 1919 1673 1915
3 1917 1918 1920
3 1920 1918 1921
3 1919 1675 1673
3 1922 1675 1919
3 1924 1921 1923
3 1921 1925 1923
3 1921 1926 1925
3 1921 1924 1920
3 1922 1677 1675
3 1927 1677 1922
3 1923 1925 1928
3 1928 1925 1929
3 1927 1679 1677
3 1930 1679 1927
3 1928 1929 1931
3 1931 1929 1932
3 1930 1681 1679
3 1933 1681 1930
3 1931 1932 1934
3 1934 1932 1935
3 1933 1683 1681
3 1936 1683 1933
3 1934 1935 1937
3 1937 1935 1938
3 1936 1685 1683
3 1939 1685 1936
3 1937 1938 1940
3 1940 1938 1941
3 1939 1687 1685
3 1942 1687 1939
3 1945 1944 1943
3 1940 1941 1946
3 1946 1941 1947
3 1942 1689 1687
3 1948 1689 1942
3 1945 1943 1949
3 1945 1949 1950
3 1946 1947 1951
3 1951 1947 1952
3 1948 1691 1689
3 1953 1691 1948
3 1950 1949 1954
3 1950 1954 1955
3 1692 1956 1690
3 1956 1692 1957
3 1954 1957 1692
3 1957 1954 1958
3 1949 1958 1954
3 1956 1957 1959
3 1959 1957 1960
3 1951 1952 1961
3 1961 1952 1962
3 1953 1693 1691
3 1963 1693 1953
3 1955 1954 1964
3 1955 1964 1965
3 1694 1964 1692
3 1692 1964 1954
3 1968 1967 1966
3 1961 1962 1969
3 1969 1962 1970
3 1963 1695 1693
3 1971 1695 1963
3 1965 1964 1972
3 1965 1972 1973
3 1696 1972 1694
3 1694 1972 1964
3 1976 1975 1974
3 1974 1975 1977
3 1977 1975 1978
3 1969 1970 1979
3 1979 1970 1980
3 1971 1697 1695
3 1981 1697 1971
3 1973 1972 1982
3 1973 1982 1983
3 1698 1982 1696
3 1696 1982 1972
3 1986 1985 1984
3 1984 1985 1980
3 1980 1985 1987
3 1980 1987 1979
3 1981 1699 1697
3 1988 1699 1981
3 1983 1982 1701
3 1702 1983 1701
3 1989 1983 1702
3 1701 1982 1698
3 1988 1703 1699
3 1990 1703 1988
3 1705 1989 1702
3 1705 1991 1989
3 1990 1706 1703
3 1992 1706 1990
3 1708 1991 1705
3 1708 1993 1991
3 1992 1709 1706
3 1994 1709 1992
3 1711 1993 1708
3 1711 1995 1993
3 1994 1713 1709
3 1996 1713 1994
3 1998 1997 1714
3 1998 1714 1715
3 1711 1714 1995
3 1995 1714 1997
3 1996 1716 1713
3 1999 1716 1996
3 1717 1718 2000
3 2000 1718 2001
3 2002 1719 1720
3 2003 2002 1720
3 1716 2003 1720
3 1999 2003 1716
3 2005 2004 1722
3 2004 1718 1722
3 2004 2001 1718
3 2007 2006 2002
3 2006 1719 2002
3 2006 1724 1719
3 2007 2002 2003
3 1726 1727 2005
3 1727 2004 2005
3 1727 2008 2004
3 2006 1736 1724
3 2009 1736 2006
3 1738 2008 1727
3 1738 2010 2008
3 2011 1740 1739
3 2011 1739 2012
3 1739 2013 2012
3 1739 1741 2013
3 2014 1741 1742
3 2014 2013 1741
3 2015 1742 1743
3 2015 2014 1742
3 2017 2016 1744
3 2016 1743 1744
3 2016 2015 1743
3 2017 1746 2016
3 1746 1747 2016
3 2019 2018 2016
3 2019 2016 1747
3 1748 2019 1747
3 2009 1750 1736
3 2020 1750 2009
3 2022 2021 1752
3 2021 1738 1752
3 2021 2010 1738
3 2011 1756 1740
3 2012 2023 2011
3 2023 1756 2011
3 2023 1759 1756
3 1760 1759 2023
3 1760 2023 2024
3 1761 2017 1744
3 1761 1746 2017
3 2026 2018 2025
3 2019 2025 2018
3 1762 2027 1748
3 2027 2019 1748
3 2027 2025 2019
3 2028 2027 1762
3 1750 2028 1762
3 2020 2028 1750
3 2021 2022 2029
3 2029 2022 2030
3 2024 2031 1760
3 1760 2031 1769
3 1769 2032 1772
3 2031 2032 1769
3 1772 2033 1774
3 2032 2033 1772
3 2025 1776 2026
3 1776 2033 2026
3 1776 1774 2033
3 1776 2025 1778
3 2025 2034 1778
3 2025 2027 2034
3 2027 2028 2035
3 2027 2035 2034
3 1779 1780 2030
3 1780 2029 2030
3 1780 2036 2029
3 2034 1789 1778
3 2035 2037 2034
3 2037 1789 2034
3 2037 1791 1789
3 2039 2038 1794
3 2038 1780 1794
3 2038 2036 1780
3 2042 2041 2040
3 2043 1804 1805
3 2041 2042 2044
3 2044 2042 2045
3 2043 1816 1804
3 2048 2047 2046
3 2048 2046 2049
3 1819 2046 1818
3 2046 2050 1818
3 2046 2047 2050
3 1818 2050 1821
3 1821 2050 2051
3 1821 2051 1823
3 1823 2051 2052
3 2054 2053 2052
3 2053 1823 2052
3 2053 1825 1823
3 2056 2055 1835
3 1825 2056 1835
3 2053 2056 1825
3 2058 2057 2055
3 2058 2055 2056
3 2060 2059 2057
3 2060 2057 2058
3 2062 2061 2059
3 2062 2059 2060
3 2062 2063 2061
3 2063 1826 2061
3 2063 1828 1826
3 2049 2046 1831
3 1832 2049 1831
3 2064 2049 1832
3 1831 2046 1819
3 2055 1834 1835
3 1834 2055 1837
3 1837 2055 2057
3 1837 2057 1839
3 1839 2057 2059
3 1839 2059 1840
3 1840 2059 2061
3 1840 2061 1826
3 2066 2065 1843
3 1843 2065 1842
3 1832 1844 2067
3 2068 1832 2067
3 2064 1832 2068
3 1845 2067 1844
3 2069 1847 1846
3 2070 1847 2069
3 2067 1845 2071
3 1845 2072 2071
3 1845 1848 2072
3 2073 1849 1850
3 2073 1850 2074
3 1850 2075 2074
3 1850 1851 2075
3 2076 1851 1852
3 2076 2075 1851
3 2077 1852 1853
3 2077 2076 1852
3 2079 2077 2078
3 2077 1854 2078
3 2077 1853 1854
3 1855 2078 1854
3 2070 1857 1847
3 2080 1857 2070
3 1858 2072 1848
3 1858 2081 2072
3 2073 1859 1849
3 2074 2082 2073
3 2082 1859 2073
3 2082 1862 1859
3 1862 2083 1863
3 2082 2083 1862
3 1863 2084 1864
3 2083 2084 1863
3 2078 1865 2079
3 1865 2084 2079
3 1865 1864 2084
3 1865 2078 1855
3 2080 1866 1857
3 2085 1866 2080
3 1867 2081 1858
3 1867 2086 2081
3 2085 1868 1866
3 2087 1868 2085
3 2090 2089 2088
3 2089 2086 2088
3 2086 1869 2088
3 2086 1867 1869
3 2087 1870 1868
3 2091 1870 2087
3 2088 1869 2092
3 1869 2093 2092
3 1869 1871 2093
3 2096 2095 2094
3 2091 1873 1870
3 2097 1873 2091
3 1874 2093 1871
3 1874 2098 2093
3 2101 2100 2099
3 2095 2096 2102
3 2102 2096 2103
3 2097 1875 1873
3 2104 1875 2097
3 2102 2103 2105
3 2105 2103 2106
3 2104 1877 1875
3 2107 1877 2104
3 2105 2106 2108
3 2108 2106 2109
3 2107 1879 1877
3 2110 1879 2107
3 2108 2109 2111
3 2111 2109 2112
3 2110 1881 1879
3 2113 1881 2110
3 2111 2112 2114
3 2114 2112 2115
3 2113 1884 1881
3 2116 1884 2113
3 2114 2115 2117
3 2117 2115 2118
3 2116 1886 1884
3 2119 1886 2116
3 1888 1889 2118
3 1889 2117 2118
3 1889 2120 2117
3 2119 1891 1886
3 2121 1891 2119
3 1893 2120 1889
3 1893 2122 2120
3 2121 1895 1891
3 2123 1895 2121
3 1898 2122 1893
3 1898 2124 2122
3 2123 1900 1895
3 2125 1900 2123
3 1903 2124 1898
3 1903 2126 2124
3 2125 1905 1900
3 2127 1905 2125
3 2130 2129 2128
3 2127 1909 1905
3 2131 1909 2127
3 2133 2132 2130
3 1907 2133 2130
3 1910 2133 1907
3 2130 2132 2129
3 2131 1912 1909
3 2134 1912 2131
3 2137 2136 2135
3 2134 1915 1912
3 2138 1915 2134
3 1916 1917 2137
3 1917 2136 2137
3 1917 2139 2136
3 2138 1919 1915
3 2140 1919 2138
3 2143 2142 2141
3 2142 2139 2141
3 2139 1920 2141
3 2139 1917 1920
3 2140 1922 1919
3 2144 1922 2140
3 2146 2141 2145
3 2141 1920 2145
3 1924 2147 2145
3 1924 2145 1920
3 2144 1927 1922
3 2148 1927 2144
3 2145 2147 2149
3 2149 2147 2150
3 2148 1930 1927
3 2151 1930 2148
3 2149 2150 2152
3 2152 2150 2153
3 2151 1933 1930
3 2154 1933 2151
3 2156 2155 2153
3 1931 2156 2153
3 1934 2156 1931
3 2153 2155 2152
3 2154 1936 1933
3 2157 1936 2154
3 2160 2159 2158
3 2157 1939 1936
3 2161 1939 2157
3 2159 2160 2162
3 2162 2160 2163
3 2161 1942 1939
3 2164 1942 2161
3 2166 2165 2163
3 1940 2166 2163
3 1946 2166 1940
3 2163 2165 2162
3 2164 1948 1942
3 2167 1948 2164
3 1951 2166 1946
3 1951 2168 2166
3 2167 1953 1948
3 2169 1953 2167
3 1961 2168 1951
3 1961 2170 2168
3 2169 1963 1953
3 2171 1963 2169
3 1969 2170 1961
3 1969 2172 2170
3 2171 1971 1963
3 2173 1971 2171
3 1979 2172 1969
3 1979 2174 2172
3 2173 1981 1971
3 2175 1981 2173
3 2177 2176 1987
3 2176 1979 1987
3 2176 2174 1979
3 2175 1988 1981
3 2178 1988 2175
3 2176 2177 2179
3 2179 2177 2180
3 2178 1990 1988
3 2181 1990 2178
3 2179 2180 2182
3 2182 2180 2183
3 2181 1992 1990
3 2184 1992 2181
3 2182 2183 2185
3 2185 2183 2186
3 2184 1994 1992
3 2187 1994 2184
3 2190 2189 2188
3 1993 2190 2188
3 1995 2190 1993
3 2185 2186 2191
3 2191 2186 2192
3 2187 1996 1994
3 2193 1996 2187
3 2195 2194 1997
3 2194 1995 1997
3 2194 2190 1995
3 2198 2197 2196
3 2191 2192 2199
3 2199 2192 2200
3 2193 1999 1996
3 2201 1999 2193
3 2000 2001 2195
3 2001 2194 2195
3 2001 2202 2194
3 2205 2204 2203
3 2203 2204 2206
3 2206 2204 2207
3 2206 2207 2208
3 2208 2207 2209
3 2208 2209 2210
3 2210 2209 2211
3 2210 2211 2212
3 2212 2211 2213
3 2212 2213 2200
3 2200 2213 2214
3 2200 2214 2199
3 2201 2003 1999
3 2215 2003 2201
3 2004 2202 2001
3 2004 2216 2202
3 2217 2006 2007
3 2218 2217 2007
3 2003 2218 2007
3 2215 2218 2003
3 2008 2216 2004
3 2008 2219 2216
3 2221 2220 2217
3 2220 2006 2217
3 2220 2009 2006
3 2221 2217 2218
3 2224 2223 2222
3 2223 2219 2222
3 2219 2010 2222
3 2219 2008 2010
3 2225 2012 2013
3 2225 2013 2226
3 2013 2227 2226
3 2013 2014 2227
3 2228 2014 2015
3 2228 2227 2014
3 2229 2015 2016
3 2229 2228 2015
3 2231 2230 2018
3 2230 2016 2018
3 2230 2229 2016
3 2231 2232 2230
3 2220 2020 2009
3 2233 2020 2220
3 2224 2222 2234
3 2224 2234 2235
3 2021 2234 2010
3 2010 2234 2222
3 2225 2023 2012
3 2024 2023 2225
3 2226 2024 2225
3 2236 2024 2226
3 2239 2238 2237
3 2241 2240 2237
3 2241 2237 2238
3 2241 2242 2231
3 2026 2241 2231
3 2018 2026 2231
3 2240 2241 2026
3 2231 2242 2232
3 2233 2028 2020
3 2243 2028 2233
3 2235 2234 2244
3 2235 2244 2245
3 2029 2244 2021
3 2021 2244 2234
3 2236 2246 2024
3 2024 2246 2031
3 2237 2032 2239
3 2032 2246 2239
3 2032 2031 2246
3 2032 2237 2033
3 2033 2237 2240
3 2033 2240 2026
3 2243 2035 2028
3 2247 2035 2243
3 2245 2244 2248
3 2245 2248 2249
3 2036 2248 2029
3 2029 2248 2244
3 2247 2250 2035
3 2035 2250 2037
3 2249 2248 2251
3 2249 2251 2252
3 2038 2251 2036
3 2036 2251 2248
3 2255 2254 2253
3 2040 2256 2253
3 2253 2256 2255
3 2041 2256 2040
3 2259 2258 2257
3 2252 2251 2260
3 2252 2260 2261
3 2264 2263 2262
3 2263 2265 2262
3 2263 2266 2265
3 2269 2268 2267
3 2268 2270 2267
3 2268 2271 2270
3 2273 2272 2270
3 2270 2272 2267
3 2256 2041 2274
3 2041 2275 2274
3 2041 2044 2275
3 2060 2277 2276
3 2278 2060 2276
3 2062 2060 2278
3 2063 2062 2279
3 2279 2062 2278
3 2276 2277 2280
3 2280 2277 2281
3 2283 2282 2066
3 2066 2282 2065
3 2286 2285 2284
3 2064 2286 2284
3 2068 2286 2064
3 2284 2285 2287
3 2287 2285 2288
3 2287 2288 2289
3 2289 2288 2290
3 2289 2290 2291
3 2291 2290 2292
3 2291 2292 2293
3 2293 2292 2294
3 2297 2296 2295
3 2296 2298 2295
3 2296 2299 2298
3 2280 2281 2300
3 2281 2301 2300
3 2281 2302 2301
3 2304 2303 2301
3 2301 2303 2300
3 2304 2305 2303
3 2306 2070 2069
3 2307 2070 2306
3 2068 2071 2308
3 2309 2068 2308
3 2286 2068 2309
3 2312 2311 2310
3 2310 2311 2313
3 2311 2312 2314
3 2314 2312 2298
3 2312 2074 2298
3 2074 2075 2298
3 2315 2295 2298
3 2075 2315 2298
3 2076 2315 2075
3 2077 2302 2316
3 2315 2077 2316
3 2076 2077 2315
3 2302 2077 2079
3 2317 2302 2079
3 2301 2302 2317
3 2319 2304 2318
3 2304 2317 2318
3 2304 2301 2317
3 2304 2319 2305
3 2307 2080 2070
3 2320 2080 2307
3 2323 2322 2321
3 2322 2324 2321
3 2322 2325 2324
3 2322 2323 2310
3 2310 2323 2326
3 2310 2326 2312
3 2312 2326 2327
3 2327 2329 2328
3 2327 2328 2082
3 2312 2327 2082
3 2074 2312 2082
3 2082 2328 2330
3 2331 2082 2330
3 2083 2082 2331
3 2083 2332 2084
3 2331 2332 2083
3 2079 2084 2317
3 2084 2333 2317
3 2084 2332 2333
3 2317 2333 2318
3 2320 2085 2080
3 2334 2085 2320
3 2321 2324 2335
3 2335 2324 2336
3 2329 2337 2328
3 2328 2337 2330
3 2334 2087 2085
3 2338 2087 2334
3 2340 2339 2089
3 2089 2339 2086
3 2339 2341 2086
3 2341 2336 2086
3 2336 2341 2335
3 2338 2091 2087
3 2342 2091 2338
3 2345 2344 2343
3 2094 2095 2346
3 2346 2095 2347
3 2342 2097 2091
3 2348 2097 2342
3 2102 2347 2095
3 2102 2349 2347
3 2348 2104 2097
3 2350 2104 2348
3 2105 2349 2102
3 2105 2351 2349
3 2350 2107 2104
3 2352 2107 2350
3 2108 2351 2105
3 2108 2353 2351
3 2352 2110 2107
3 2354 2110 2352
3 2111 2353 2108
3 2111 2355 2353
3 2354 2113 2110
3 2356 2113 2354
3 2114 2355 2111
3 2114 2357 2355
3 2356 2116 2113
3 2358 2116 2356
3 2117 2357 2114
3 2117 2359 2357
3 2358 2119 2116
3 2360 2119 2358
3 2120 2359 2117
3 2120 2361 2359
3 2360 2121 2119
3 2362 2121 2360
3 2122 2361 2120
3 2122 2363 2361
3 2362 2123 2121
3 2364 2123 2362
3 2124 2363 2122
3 2124 2365 2363
3 2364 2125 2123
3 2366 2125 2364
3 2369 2368 2367
3 2366 2127 2125
3 2370 2127 2366
3 2128 2129 2369
3 2129 2368 2369
3 2129 2371 2368
3 2370 2131 2127
3 2372 2131 2370
3 2374 2373 2132
3 2373 2129 2132
3 2373 2371 2129
3 2372 2134 2131
3 2375 2134 2372
3 2135 2136 2374
3 2136 2373 2374
3 2136 2376 2373
3 2375 2138 2134
3 2377 2138 2375
3 2139 2376 2136
3 2139 2378 2376
3 2377 2140 2138
3 2379 2140 2377
3 2381 2380 2142
3 2380 2139 2142
3 2380 2378 2139
3 2379 2144 2140
3 2382 2144 2379
3 2146 2145 2381
3 2145 2380 2381
3 2145 2383 2380
3 2382 2148 2144
3 2384 2148 2382
3 2149 2383 2145
3 2149 2385 2383
3 2384 2151 2148
3 2386 2151 2384
3 2152 2385 2149
3 2152 2387 2385
3 2386 2154 2151
3 2388 2154 2386
3 2390 2389 2155
3 2389 2152 2155
3 2389 2387 2152
3 2388 2157 2154
3 2391 2157 2388
3 2158 2159 2390
3 2159 2389 2390
3 2159 2392 2389
3 2391 2161 2157
3 2393 2161 2391
3 2162 2392 2159
3 2162 2394 2392
3 2393 2164 2161
3 2395 2164 2393
3 2397 2396 2165
3 2397 2165 2166
3 2162 2165 2394
3 2394 2165 2396
3 2395 2167 2164
3 2398 2167 2395
3 2401 2400 2399
3 2398 2169 2167
3 2402 2169 2398
3 2404 2403 2401
3 2168 2404 2401
3 2170 2404 2168
3 2401 2403 2400
3 2402 2171 2169
3 2405 2171 2402
3 2172 2404 2170
3 2172 2406 2404
3 2405 2173 2171
3 2407 2173 2405
3 2174 2406 2172
3 2174 2408 2406
3 2407 2175 2173
3 2409 2175 2407
3 2176 2408 2174
3 2176 2410 2408
3 2409 2178 2175
3 2411 2178 2409
3 2179 2410 2176
3 2179 2412 2410
3 2411 2181 2178
3 2413 2181 2411
3 2182 2412 2179
3 2182 2414 2412
3 2413 2184 2181
3 2415 2184 2413
3 2185 2414 2182
3 2185 2416 2414
3 2415 2187 2184
3 2417 2187 2415
3 2191 2416 2185
3 2191 2418 2416
3 2417 2193 2187
3 2419 2193 2417
3 2199 2418 2191
3 2199 2420 2418
3 2419 2201 2193
3 2421 2201 2419
3 2424 2423 2422
3 2194 2424 2422
3 2202 2424 2194
3 2422 2423 2425
3 2425 2423 2426
3 2425 2426 2205
3 2426 2204 2205
3 2426 2427 2204
3 2204 2428 2207
3 2427 2428 2204
3 2207 2429 2209
3 2428 2429 2207
3 2209 2430 2211
3 2429 2430 2209
3 2211 2431 2213
3 2430 2431 2211
3 2213 2432 2214
3 2431 2432 2213
3 2199 2214 2420
3 2420 2214 2432
3 2421 2215 2201
3 2433 2215 2421
3 2216 2424 2202
3 2216 2434 2424
3 2433 2218 2215
3 2435 2218 2433
3 2438 2437 2436
3 2441 2440 2439
3 2439 2442 2441
3 2443 2220 2221
3 2444 2443 2221
3 2218 2444 2221
3 2435 2444 2218
3 2446 2445 2223
3 2223 2445 2219
3 2445 2447 2219
3 2447 2438 2219
3 2438 2447 2437
3 2440 2448 2439
3 2448 2449 2439
3 2449 2450 2439
3 2451 2442 2439
3 2451 2439 2450
3 2226 2227 2450
3 2227 2451 2450
3 2227 2452 2451
3 2453 2227 2228
3 2453 2452 2227
3 2454 2228 2229
3 2454 2453 2228
3 2455 2229 2230
3 2455 2454 2229
3 2230 2232 2455
3 2455 2232 2456
3 2458 2457 2443
3 2457 2220 2443
3 2457 2233 2220
3 2458 2443 2444
3 2460 2459 2446
3 2224 2460 2446
3 2235 2460 2224
3 2462 2461 2449
3 2461 2450 2449
3 2461 2463 2450
3 2463 2236 2226
3 2463 2226 2450
3 2239 2464 2238
3 2465 2241 2238
3 2465 2238 2464
3 2466 2242 2241
3 2466 2241 2465
3 2456 2232 2467
3 2232 2466 2467
3 2466 2468 2467
3 2232 2242 2466
3 2457 2467 2468
3 2243 2457 2468
3 2233 2457 2243
3 2245 2460 2235
3 2245 2469 2460
3 2472 2471 2470
3 2470 2471 2473
3 2473 2471 2474
3 2473 2474 2461
3 2461 2474 2475
3 2461 2475 2463
3 2463 2475 2476
3 2478 2477 2246
3 2246 2477 2239
3 2477 2479 2239
3 2479 2464 2239
3 2481 2468 2480
3 2468 2482 2480
3 2468 2466 2482
3 2243 2468 2481
3 2483 2243 2481
3 2247 2243 2483
3 2485 2482 2484
3 2482 2486 2484
3 2482 2487 2486
3 2482 2485 2480
3 2483 2488 2247
3 2247 2488 2250
3 2484 2486 2489
3 2489 2486 2490
3 2274 2275 2490
3 2275 2489 2490
3 2275 2491 2489
3 2493 2492 2278
3 2493 2278 2276
3 2279 2278 2494
3 2494 2278 2492
3 2280 2493 2276
3 2280 2495 2493
3 2497 2496 2283
3 2283 2496 2282
3 2498 2316 2297
3 2280 2300 2499
3 2500 2280 2499
3 2495 2280 2500
3 2303 2501 2300
3 2300 2501 2499
3 2305 2501 2303
3 2502 2307 2306
3 2503 2307 2502
3 2504 2313 2311
3 2504 2311 2505
3 2505 2311 2314
3 2315 2498 2295
3 2498 2315 2316
3 2506 2500 2499
3 2318 2507 2319
3 2507 2499 2319
3 2499 2501 2319
3 2507 2506 2499
3 2319 2501 2305
3 2503 2320 2307
3 2508 2320 2503
3 2511 2510 2509
3 2514 2513 2512
3 2323 2321 2513
3 2514 2323 2513
3 2515 2323 2514
3 2323 2516 2326
3 2515 2516 2323
3 2326 2517 2327
3 2516 2517 2326
3 2329 2327 2517
3 2329 2517 2518
3 2520 2519 2331
3 2520 2331 2330
3 2331 2521 2332
3 2519 2521 2331
3 2332 2522 2333
3 2521 2522 2332
3 2318 2333 2507
3 2507 2333 2522
3 2508 2334 2320
3 2523 2334 2508
3 2513 2321 2524
3 2321 2525 2524
3 2321 2335 2525
3 2518 2526 2329
3 2329 2526 2337
3 2330 2337 2520
3 2520 2337 2526
3 2523 2338 2334
3 2527 2338 2523
3 2529 2528 2341
3 2528 2335 2341
3 2528 2525 2335
3 2527 2342 2338
3 2530 2342 2527
3 2529 2339 2343
3 2533 2532 2531
3 2532 2533 2344
3 2533 2528 2344
3 2529 2343 2344
3 2529 2344 2528
3 2536 2535 2534
3 2535 2537 2534
3 2539 2538 2534
3 2539 2534 2537
3 2346 2347 2540
3 2540 2347 2541
3 2530 2348 2342
3 2542 2348 2530
3 2349 2541 2347
3 2349 2543 2541
3 2542 2350 2348
3 2544 2350 2542
3 2351 2543 2349
3 2351 2545 2543
3 2544 2352 2350
3 2546 2352 2544
3 2353 2545 2351
3 2353 2547 2545
3 2546 2354 2352
3 2548 2354 2546
3 2355 2547 2353
3 2355 2549 2547
3 2548 2356 2354
3 2550 2356 2548
3 2357 2549 2355
3 2357 2551 2549
3 2550 2358 2356
3 2552 2358 2550
3 2359 2551 2357
3 2359 2553 2551
3 2552 2360 2358
3 2554 2360 2552
3 2361 2553 2359
3 2361 2555 2553
3 2554 2362 2360
3 2556 2362 2554
3 2559 2558 2557
3 2556 2364 2362
3 2560 2364 2556
3 2562 2561 2559
3 2363 2562 2559
3 2365 2562 2363
3 2559 2561 2558
3 2560 2366 2364
3 2563 2366 2560
3 2367 2368 2564
3 2564 2368 2565
3 2563 2370 2366
3 2566 2370 2563
3 2371 2565 2368
3 2371 2567 2565
3 2566 2372 2370
3 2568 2372 2566
3 2373 2567 2371
3 2373 2569 2567
3 2568 2375 2372
3 2570 2375 2568
3 2376 2569 2373
3 2376 2571 2569
3 2570 2377 2375
3 2572 2377 2570
3 2378 2571 2376
3 2378 2573 2571
3 2572 2379 2377
3 2574 2379 2572
3 2380 2573 2378
3 2380 2575 2573
3 2574 2382 2379
3 2576 2382 2574
3 2383 2575 2380
3 2383 2577 2575
3 2576 2384 2382
3 2578 2384 2576
3 2385 2577 2383
3 2385 2579 2577
3 2578 2386 2384
3 2580 2386 2578
3 2387 2579 2385
3 2387 2581 2579
3 2580 2388 2386
3 2582 2388 2580
3 2389 2581 2387
3 2389 2583 2581
3 2582 2391 2388
3 2584 2391 2582
3 2392 2583 2389
3 2392 2585 2583
3 2584 2393 2391
3 2586 2393 2584
3 2394 2585 2392
3 2394 2587 2585
3 2586 2395 2393
3 2588 2395 2586
3 2590 2589 2396
3 2589 2394 2396
3 2589 2587 2394
3 2588 2398 2395
3 2591 2398 2588
3 2399 2400 2590
3 2400 2589 2590
3 2400 2592 2589
3 2591 2402 2398
3 2593 2402 2591
3 2595 2594 2403
3 2594 2400 2403
3 2594 2592 2400
3 2593 2405 2402
3 2596 2405 2593
3 2594 2595 2597
3 2597 2595 2598
3 2596 2407 2405
3 2599 2407 2596
3 2601 2600 2598
3 2406 2601 2598
3 2408 2601 2406
3 2598 2600 2597
3 2599 2409 2407
3 2602 2409 2599
3 2410 2601 2408
3 2410 2603 2601
3 2602 2411 2409
3 2604 2411 2602
3 2412 2603 2410
3 2412 2605 2603
3 2604 2413 2411
3 2606 2413 2604
3 2414 2605 2412
3 2414 2607 2605
3 2606 2415 2413
3 2608 2415 2606
3 2416 2607 2414
3 2416 2609 2607
3 2608 2417 2415
3 2610 2417 2608
3 2418 2609 2416
3 2418 2611 2609
3 2610 2419 2417
3 2612 2419 2610
3 2420 2611 2418
3 2420 2613 2611
3 2612 2421 2419
3 2614 2421 2612
3 2616 2615 2423
3 2616 2423 2424
3 2423 2617 2426
3 2615 2617 2423
3 2426 2618 2427
3 2617 2618 2426
3 2427 2619 2428
3 2618 2619 2427
3 2428 2620 2429
3 2619 2620 2428
3 2429 2621 2430
3 2620 2621 2429
3 2430 2622 2431
3 2621 2622 2430
3 2431 2623 2432
3 2622 2623 2431
3 2420 2432 2613
3 2613 2432 2623
3 2614 2433 2421
3 2624 2433 2614
3 2627 2626 2625
3 2624 2435 2433
3 2628 2435 2624
3 2436 2437 2627
3 2437 2626 2627
3 2437 2629 2626
3 2630 2440 2441
3 2442 2630 2441
3 2628 2444 2435
3 2631 2444 2628
3 2633 2632 2447
3 2632 2437 2447
3 2632 2629 2437
3 2630 2448 2440
3 2449 2448 2634
3 2630 2634 2448
3 2634 2630 2635
3 2442 2635 2630
3 2635 2442 2451
3 2636 2451 2452
3 2636 2635 2451
3 2637 2452 2453
3 2637 2636 2452
3 2638 2453 2454
3 2638 2637 2453
3 2639 2454 2455
3 2639 2638 2454
3 2455 2456 2639
3 2639 2456 2640
3 2642 2641 2458
3 2458 2641 2457
3 2458 2444 2631
3 2458 2631 2642
3 2456 2467 2643
3 2644 2456 2643
3 2640 2456 2644
3 2645 2643 2467
3 2457 2645 2467
3 2641 2645 2457
3 2648 2647 2646
3 2643 2481 2644
3 2646 2644 2481
3 2644 2646 2647
3 2480 2646 2481
3 2651 2650 2649
3 2483 2651 2649
3 2483 2645 2651
3 2483 2481 2643
3 2645 2483 2643
3 2650 2652 2649
3 2654 2485 2653
3 2485 2654 2480
3 2655 2480 2654
3 2480 2655 2646
3 2649 2652 2483
3 2652 2488 2483
3 2652 2656 2488
3 2654 2653 2657
3 2657 2653 2658
3 2660 2659 2658
3 2489 2660 2658
3 2491 2660 2489
3 2662 2661 2492
3 2662 2492 2493
3 2494 2492 2663
3 2663 2492 2661
3 2495 2662 2493
3 2495 2664 2662
3 2666 2665 2497
3 2497 2665 2496
3 2500 2668 2667
3 2664 2500 2667
3 2495 2500 2664
3 2668 2669 2667
3 2670 2503 2502
3 2671 2503 2670
3 2506 2668 2500
3 2506 2507 2668
3 2507 2669 2668
3 2507 2672 2669
3 2671 2508 2503
3 2673 2508 2671
3 2675 2674 2514
3 2675 2514 2512
3 2514 2676 2515
3 2674 2676 2514
3 2515 2677 2516
3 2676 2677 2515
3 2516 2678 2517
3 2677 2678 2516
3 2680 2679 2518
3 2517 2680 2518
3 2678 2680 2517
3 2519 2520 2679
3 2680 2519 2679
3 2681 2519 2680
3 2519 2682 2521
3 2681 2682 2519
3 2521 2683 2522
3 2682 2683 2521
3 2507 2522 2672
3 2672 2522 2683
3 2673 2523 2508
3 2684 2523 2673
3 2524 2525 2685
3 2685 2525 2686
3 2679 2526 2518
3 2526 2679 2520
3 2684 2527 2523
3 2687 2527 2684
3 2528 2686 2525
3 2528 2688 2686
3 2687 2530 2527
3 2689 2530 2687
3 2691 2690 2533
3 2691 2533 2531
3 2528 2533 2688
3 2688 2533 2690
3 2540 2541 2692
3 2692 2541 2693
3 2689 2542 2530
3 2694 2542 2689
3 2543 2693 2541
3 2543 2695 2693
3 2694 2544 2542
3 2696 2544 2694
3 2545 2695 2543
3 2545 2697 2695
3 2696 2546 2544
3 2698 2546 2696
3 2547 2697 2545
3 2547 2699 2697
3 2698 2548 2546
3 2700 2548 2698
3 2549 2699 2547
3 2549 2701 2699
3 2700 2550 2548
3 2702 2550 2700
3 2551 2701 2549
3 2551 2703 2701
3 2702 2552 2550
3 2704 2552 2702
3 2553 2703 2551
3 2553 2705 2703
3 2704 2554 2552
3 2706 2554 2704
3 2709 2708 2707
3 2706 2556 2554
3 2710 2556 2706
3 2709 2555 2557
3 2713 2712 2711
3 2712 2713 2558
3 2713 2708 2558
3 2709 2557 2558
3 2709 2558 2708
3 2710 2560 2556
3 2714 2560 2710
3 2716 2712 2715
3 2712 2558 2715
3 2561 2717 2715
3 2561 2715 2558
3 2714 2563 2560
3 2718 2563 2714
3 2564 2565 2717
3 2565 2715 2717
3 2565 2719 2715
3 2718 2566 2563
3 2720 2566 2718
3 2567 2719 2565
3 2567 2721 2719
3 2720 2568 2566
3 2722 2568 2720
3 2569 2721 2567
3 2569 2723 2721
3 2722 2570 2568
3 2724 2570 2722
3 2571 2723 2569
3 2571 2725 2723
3 2724 2572 2570
3 2726 2572 2724
3 2573 2725 2571
3 2573 2727 2725
3 2726 2574 2572
3 2728 2574 2726
3 2575 2727 2573
3 2575 2729 2727
3 2728 2576 2574
3 2730 2576 2728
3 2577 2729 2575
3 2577 2731 2729
3 2730 2578 2576
3 2732 2578 2730
3 2579 2731 2577
3 2579 2733 2731
3 2732 2580 2578
3 2734 2580 2732
3 2581 2733 2579
3 2581 2735 2733
3 2734 2582 2580
3 2736 2582 2734
3 2583 2735 2581
3 2583 2737 2735
3 2736 2584 2582
3 2738 2584 2736
3 2585 2737 2583
3 2585 2739 2737
3 2738 2586 2584
3 2740 2586 2738
3 2587 2739 2585
3 2587 2741 2739
3 2740 2588 2586
3 2742 2588 2740
3 2589 2741 2587
3 2589 2743 2741
3 2742 2591 2588
3 2744 2591 2742
3 2592 2743 2589
3 2592 2745 2743
3 2744 2593 2591
3 2746 2593 2744
3 2594 2745 2592
3 2594 2747 2745
3 2746 2596 2593
3 2748 2596 2746
3 2597 2747 2594
3 2597 2749 2747
3 2748 2599 2596
3 2750 2599 2748
3 2752 2751 2600
3 2752 2600 2601
3 2597 2600 2749
3 2749 2600 2751
3 2750 2602 2599
3 2753 2602 2750
3 2603 2752 2601
3 2603 2754 2752
3 2753 2604 2602
3 2755 2604 2753
3 2605 2754 2603
3 2605 2756 2754
3 2755 2606 2604
3 2757 2606 2755
3 2607 2756 2605
3 2607 2758 2756
3 2757 2608 2606
3 2759 2608 2757
3 2609 2758 2607
3 2609 2760 2758
3 2759 2610 2608
3 2761 2610 2759
3 2611 2760 2609
3 2611 2762 2760
3 2761 2612 2610
3 2763 2612 2761
3 2613 2762 2611
3 2613 2764 2762
3 2763 2614 2612
3 2765 2614 2763
3 2767 2766 2615
3 2767 2615 2616
3 2615 2768 2617
3 2766 2768 2615
3 2617 2769 2618
3 2768 2769 2617
3 2618 2770 2619
3 2769 2770 2618
3 2619 2771 2620
3 2770 2771 2619
3 2620 2772 2621
3 2771 2772 2620
3 2621 2773 2622
3 2772 2773 2621
3 2622 2774 2623
3 2773 2774 2622
3 2613 2623 2764
3 2764 2623 2774
3 2765 2624 2614
3 2775 2624 2765
3 2616 2625 2776
3 2777 2616 2776
3 2767 2616 2777
3 2626 2776 2625
3 2775 2628 2624
3 2778 2628 2775
3 2776 2626 2779
3 2626 2780 2779
3 2626 2629 2780
3 2778 2631 2628
3 2781 2631 2778
3 2784 2783 2782
3 2783 2780 2782
3 2780 2632 2782
3 2780 2629 2632
3 2786 2785 2635
3 2635 2785 2634
3 2787 2635 2636
3 2787 2786 2635
3 2788 2636 2637
3 2788 2787 2636
3 2789 2637 2638
3 2789 2788 2637
3 2790 2638 2639
3 2790 2789 2638
3 2639 2640 2790
3 2790 2640 2791
3 2793 2792 2642
3 2642 2792 2641
3 2642 2631 2781
3 2642 2781 2793
3 2794 2634 2785
3 2794 2785 2795
3 2644 2791 2640
3 2644 2796 2791
3 2792 2645 2641
3 2797 2645 2792
3 2650 2651 2798
3 2647 2799 2644
3 2800 2644 2799
3 2644 2800 2796
3 2801 2798 2651
3 2645 2801 2651
3 2797 2801 2645
3 2798 2652 2650
3 2654 2799 2655
3 2799 2654 2800
3 2802 2800 2654
3 2801 2803 2798
3 2803 2652 2798
3 2803 2656 2652
3 2806 2805 2804
3 2805 2802 2804
3 2802 2657 2804
3 2802 2654 2657
3 2809 2808 2807
3 2804 2807 2808
3 2807 2804 2657
3 2810 2804 2808
3 2812 2659 2811
3 2814 2813 2661
3 2814 2661 2662
3 2663 2661 2815
3 2815 2661 2813
3 2664 2814 2662
3 2664 2816 2814
3 2818 2817 2666
3 2666 2817 2665
3 2664 2667 2819
3 2820 2664 2819
3 2816 2664 2820
3 2669 2819 2667
3 2821 2671 2670
3 2822 2671 2821
3 2823 2820 2819
3 2819 2669 2823
3 2669 2824 2823
3 2669 2672 2824
3 2822 2673 2671
3 2825 2673 2822
3 2674 2827 2826
3 2828 2674 2826
3 2676 2674 2828
3 2676 2829 2677
3 2828 2829 2676
3 2829 2831 2830
3 2678 2829 2830
3 2677 2829 2678
3 2678 2830 2832
3 2833 2678 2832
3 2680 2678 2833
3 2680 2834 2681
3 2833 2834 2680
3 2681 2835 2682
3 2834 2835 2681
3 2682 2836 2683
3 2835 2836 2682
3 2672 2683 2824
3 2824 2683 2836
3 2825 2684 2673
3 2837 2684 2825
3 2685 2686 2827
3 2686 2826 2827
3 2686 2838 2826
3 2831 2839 2830
3 2830 2839 2832
3 2837 2687 2684
3 2840 2687 2837
3 2688 2838 2686
3 2688 2841 2838
3 2840 2689 2687
3 2842 2689 2840
3 2692 2693 2843
3 2843 2693 2844
3 2842 2694 2689
3 2845 2694 2842
3 2695 2844 2693
3 2695 2846 2844
3 2845 2696 2694
3 2847 2696 2845
3 2697 2846 2695
3 2697 2848 2846
3 2847 2698 2696
3 2849 2698 2847
3 2699 2848 2697
3 2699 2850 2848
3 2849 2700 2698
3 2851 2700 2849
3 2701 2850 2699
3 2701 2852 2850
3 2851 2702 2700
3 2853 2702 2851
3 2703 2852 2701
3 2703 2854 2852
3 2853 2704 2702
3 2855 2704 2853
3 2858 2857 2856
3 2855 2706 2704
3 2859 2706 2855
3 2707 2708 2858
3 2708 2857 2858
3 2708 2860 2857
3 2859 2710 2706
3 2861 2710 2859
3 2863 2862 2713
3 2862 2708 2713
3 2862 2860 2708
3 2861 2714 2710
3 2864 2714 2861
3 2716 2715 2863
3 2715 2862 2863
3 2715 2865 2862
3 2864 2718 2714
3 2866 2718 2864
3 2719 2865 2715
3 2719 2867 2865
3 2866 2720 2718
3 2868 2720 2866
3 2721 2867 2719
3 2721 2869 2867
3 2868 2722 2720
3 2870 2722 2868
3 2723 2869 2721
3 2723 2871 2869
3 2870 2724 2722
3 2872 2724 2870
3 2725 2871 2723
3 2725 2873 2871
3 2872 2726 2724
3 2874 2726 2872
3 2727 2873 2725
3 2727 2875 2873
3 2874 2728 2726
3 2876 2728 2874
3 2729 2875 2727
3 2729 2877 2875
3 2876 2730 2728
3 2878 2730 2876
3 2731 2877 2729
3 2731 2879 2877
3 2878 2732 2730
3 2880 2732 2878
3 2733 2879 2731
3 2733 2881 2879
3 2880 2734 2732
3 2882 2734 2880
3 2735 2881 2733
3 2735 2883 2881
3 2882 2736 2734
3 2884 2736 2882
3 2737 2883 2735
3 2737 2885 2883
3 2884 2738 2736
3 2886 2738 2884
3 2739 2885 2737
3 2739 2887 2885
3 2886 2740 2738
3 2888 2740 2886
3 2741 2887 2739
3 2741 2889 2887
3 2888 2742 2740
3 2890 2742 2888
3 2743 2889 2741
3 2743 2891 2889
3 2890 2744 2742
3 2892 2744 2890
3 2745 2891 2743
3 2745 2893 2891
3 2892 2746 2744
3 2894 2746 2892
3 2747 2893 2745
3 2747 2895 2893
3 2894 2748 2746
3 2896 2748 2894
3 2749 2895 2747
3 2749 2897 2895
3 2896 2750 2748
3 2898 2750 2896
3 2900 2899 2751
3 2899 2749 2751
3 2899 2897 2749
3 2898 2753 2750
3 2901 2753 2898
3 2899 2900 2902
3 2902 2900 2903
3 2901 2755 2753
3 2904 2755 2901
3 2906 2905 2903
3 2754 2906 2903
3 2756 2906 2754
3 2903 2905 2902
3 2904 2757 2755
3 2907 2757 2904
3 2758 2906 2756
3 2758 2908 2906
3 2907 2759 2757
3 2909 2759 2907
3 2760 2908 2758
3 2760 2910 2908
3 2909 2761 2759
3 2911 2761 2909
3 2762 2910 2760
3 2762 2912 2910
3 2911 2763 2761
3 2913 2763 2911
3 2764 2912 2762
3 2764 2914 2912
3 2913 2765 2763
3 2915 2765 2913
3 2917 2916 2766
3 2917 2766 2767
3 2766 2918 2768
3 2916 2918 2766
3 2768 2919 2769
3 2918 2919 2768
3 2769 2920 2770
3 2919 2920 2769
3 2770 2921 2771
3 2920 2921 2770
3 2771 2922 2772
3 2921 2922 2771
3 2772 2923 2773
3 2922 2923 2772
3 2773 2924 2774
3 2923 2924 2773
3 2764 2774 2914
3 2914 2774 2924
3 2915 2775 2765
3 2925 2775 2915
3 2928 2927 2926
3 2925 2778 2775
3 2929 2778 2925
3 2779 2780 2928
3 2780 2927 2928
3 2780 2930 2927
3 2929 2781 2778
3 2931 2781 2929
3 2933 2932 2783
3 2933 2783 2784
3 2780 2783 2930
3 2930 2783 2932
3 2935 2934 2786
3 2786 2934 2785
3 2936 2786 2787
3 2936 2935 2786
3 2937 2787 2788
3 2937 2936 2787
3 2938 2788 2789
3 2938 2937 2788
3 2939 2789 2790
3 2939 2938 2789
3 2790 2791 2939
3 2939 2791 2940
3 2942 2941 2793
3 2793 2941 2792
3 2793 2781 2931
3 2793 2931 2942
3 2795 2785 2934
3 2795 2934 2943
3 2796 2940 2791
3 2796 2944 2940
3 2941 2797 2792
3 2945 2797 2941
3 2800 2944 2796
3 2800 2946 2944
3 2945 2801 2797
3 2947 2801 2945
3 2802 2946 2800
3 2802 2948 2946
3 2947 2949 2801
3 2801 2949 2803
3 2951 2950 2805
3 2950 2802 2805
3 2950 2948 2802
3 2954 2953 2952
3 2956 2955 2813
3 2814 2956 2813
3 2957 2956 2814
3 2813 2955 2815
3 2960 2959 2958
3 2962 2961 2818
3 2818 2961 2817
3 2820 2963 2960
3 2820 2960 2816
3 2959 2960 2964
3 2960 2965 2964
3 2960 2963 2965
3 2965 2966 2964
3 2967 2822 2821
3 2968 2822 2967
3 2823 2963 2820
3 2965 2963 2969
3 2963 2824 2969
3 2824 2970 2969
3 2824 2963 2823
3 2965 2969 2966
3 2968 2825 2822
3 2971 2825 2968
3 2973 2972 2828
3 2973 2828 2826
3 2828 2974 2829
3 2972 2974 2828
3 2976 2975 2831
3 2829 2976 2831
3 2974 2976 2829
3 2833 2832 2975
3 2976 2833 2975
3 2977 2833 2976
3 2833 2978 2834
3 2977 2978 2833
3 2834 2979 2835
3 2978 2979 2834
3 2835 2980 2836
3 2979 2980 2835
3 2824 2836 2970
3 2970 2836 2980
3 2971 2837 2825
3 2981 2837 2971
3 2838 2973 2826
3 2838 2982 2973
3 2975 2839 2831
3 2839 2975 2832
3 2981 2840 2837
3 2983 2840 2981
3 2841 2982 2838
3 2841 2984 2982
3 2983 2842 2840
3 2985 2842 2983
3 2988 2987 2986
3 2843 2844 2989
3 2989 2844 2990
3 2985 2845 2842
3 2991 2845 2985
3 2846 2990 2844
3 2846 2992 2990
3 2991 2847 2845
3 2993 2847 2991
3 2848 2992 2846
3 2848 2994 2992
3 2993 2849 2847
3 2995 2849 2993
3 2850 2994 2848
3 2850 2996 2994
3 2995 2851 2849
3 2997 2851 2995
3 2852 2996 2850
3 2852 2998 2996
3 2997 2853 2851
3 2999 2853 2997
3 3002 3001 3000
3 2999 2855 2853
3 3003 2855 2999
3 2856 2857 3002
3 2857 3001 3002
3 2857 3004 3001
3 3003 2859 2855
3 3005 2859 3003
3 2860 3004 2857
3 2860 3006 3004
3 3005 2861 2859
3 3007 2861 3005
3 2862 3006 2860
3 2862 3008 3006
3 3007 2864 2861
3 3009 2864 3007
3 2865 3008 2862
3 2865 3010 3008
3 3009 2866 2864
3 3011 2866 3009
3 2867 3010 2865
3 2867 3012 3010
3 3011 2868 2866
3 3013 2868 3011
3 2869 3012 2867
3 2869 3014 3012
3 3013 2870 2868
3 3015 2870 3013
3 2871 3014 2869
3 2871 3016 3014
3 3015 2872 2870
3 3017 2872 3015
3 2873 3016 2871
3 2873 3018 3016
3 3017 2874 2872
3 3019 2874 3017
3 2875 3018 2873
3 2875 3020 3018
3 3019 2876 2874
3 3021 2876 3019
3 2877 3020 2875
3 2877 3022 3020
3 3021 2878 2876
3 3023 2878 3021
3 2879 3022 2877
3 2879 3024 3022
3 3023 2880 2878
3 3025 2880 3023
3 2881 3024 2879
3 2881 3026 3024
3 3025 2882 2880
3 3027 2882 3025
3 2883 3026 2881
3 2883 3028 3026
3 3027 2884 2882
3 3029 2884 3027
3 2885 3028 2883
3 2885 3030 3028
3 3029 2886 2884
3 3031 2886 3029
3 2887 3030 2885
3 2887 3032 3030
3 3031 2888 2886
3 3033 2888 3031
3 2889 3032 2887
3 2889 3034 3032
3 3033 2890 2888
3 3035 2890 3033
3 2891 3034 2889
3 2891 3036 3034
3 3035 2892 2890
3 3037 2892 3035
3 2893 3036 2891
3 2893 3038 3036
3 3037 2894 2892
3 3039 2894 3037
3 2895 3038 2893
3 2895 3040 3038
3 3039 2896 2894
3 3041 2896 3039
3 2897 3040 2895
3 2897 3042 3040
3 3041 2898 2896
3 3043 2898 3041
3 2899 3042 2897
3 2899 3044 3042
3 3043 2901 2898
3 3045 2901 3043
3 2902 3044 2899
3 2902 3046 3044
3 3045 2904 2901
3 3047 2904 3045
3 3049 3048 2905
3 3049 2905 2906
3 2902 2905 3046
3 3046 2905 3048
3 3047 2907 2904
3 3050 2907 3047
3 2908 3049 2906
3 2908 3051 3049
3 3050 2909 2907
3 3052 2909 3050
3 2910 3051 2908
3 2910 3053 3051
3 3052 2911 2909
3 3054 2911 3052
3 2912 3053 2910
3 2912 3055 3053
3 3054 2913 2911
3 3056 2913 3054
3 2914 3055 2912
3 2914 3057 3055
3 3056 2915 2913
3 3058 2915 3056
3 3060 3059 2916
3 3060 2916 2917
3 2916 3061 2918
3 3059 3061 2916
3 2918 3062 2919
3 3061 3062 2918
3 2919 3063 2920
3 3062 3063 2919
3 2920 3064 2921
3 3063 3064 2920
3 2921 3065 2922
3 3064 3065 2921
3 3067 3066 2924
3 3066 2914 2924
3 3066 3057 2914
3 3058 2925 2915
3 3068 2925 3058
3 2917 2926 3069
3 3070 2917 3069
3 3060 2917 3070
3 2927 3069 2926
3 3073 3072 3071
3 3071 3072 3067
3 3067 3072 3074
3 3067 3074 3066
3 3068 2929 2925
3 3075 2929 3068
3 3069 2927 3076
3 2927 3077 3076
3 2927 2930 3077
3 3075 2931 2929
3 3078 2931 3075
3 3080 3079 2932
3 3080 2932 2933
3 2930 2932 3077
3 3077 2932 3079
3 3082 3081 2935
3 2935 3081 2934
3 3083 2935 2936
3 3083 3082 2935
3 3084 2936 2937
3 3084 3083 2936
3 3086 3084 3085
3 3084 2938 3085
3 3084 2937 2938
3 3085 2938 3087
3 2938 3088 3087
3 2938 2939 3088
3 2939 2940 3088
3 3088 2940 3089
3 3091 3090 2942
3 2942 3090 2941
3 2942 2931 3078
3 2942 3078 3091
3 2943 2934 3081
3 2943 3081 3092
3 3093 3086 3085
3 3093 3085 3087
3 2944 3089 2940
3 2944 3094 3089
3 3090 2945 2941
3 3095 2945 3090
3 2946 3094 2944
3 2946 3096 3094
3 3095 2947 2945
3 3097 2947 3095
3 2948 3096 2946
3 2948 3098 3096
3 3097 3099 2947
3 2947 3099 2949
3 2950 3098 2948
3 2950 3100 3098
3 3103 3102 3101
3 3102 2959 3101
3 2959 3104 3101
3 2959 3102 2958
3 3103 3101 2962
3 3101 2961 2962
3 3101 3105 2961
3 2959 2964 3106
3 3107 2959 3106
3 3104 2959 3107
3 2966 3106 2964
3 3108 2968 2967
3 3109 2968 3108
3 3107 3106 2969
3 2970 3107 2969
3 3110 3107 2970
3 2969 3106 2966
3 3109 2971 2968
3 3111 2971 3109
3 3114 3113 3112
3 2972 2973 3112
3 3113 2972 3112
3 3115 2972 3113
3 2972 3116 2974
3 3115 3116 2972
3 2974 3117 2976
3 3116 3117 2974
3 2976 3118 2977
3 3117 3118 2976
3 2977 3119 2978
3 3118 3119 2977
3 2978 3120 2979
3 3119 3120 2978
3 2979 3121 2980
3 3120 3121 2979
3 2970 2980 3110
3 3110 2980 3121
3 3111 2981 2971
3 3122 2981 3111
3 3112 2973 3123
3 2973 3124 3123
3 2973 2982 3124
3 3122 2983 2981
3 3125 2983 3122
3 2984 3124 2982
3 2984 3126 3124
3 3125 2985 2983
3 3127 2985 3125
3 2989 2990 3128
3 3128 2990 3129
3 3127 2991 2985
3 3130 2991 3127
3 2992 3129 2990
3 2992 3131 3129
3 3130 2993 2991
3 3132 2993 3130
3 2994 3131 2992
3 2994 3133 3131
3 3132 2995 2993
3 3134 2995 3132
3 3137 3136 3135
3 3134 2997 2995
3 3138 2997 3134
3 3140 3139 3137
3 2996 3140 3137
3 2998 3140 2996
3 3137 3139 3136
3 3138 2999 2997
3 3141 2999 3138
3 3000 3001 3142
3 3142 3001 3143
3 3141 3003 2999
3 3144 3003 3141
3 3004 3143 3001
3 3004 3145 3143
3 3144 3005 3003
3 3146 3005 3144
3 3006 3145 3004
3 3006 3147 3145
3 3146 3007 3005
3 3148 3007 3146
3 3008 3147 3006
3 3008 3149 3147
3 3148 3009 3007
3 3150 3009 3148
3 3010 3149 3008
3 3010 3151 3149
3 3150 3011 3009
3 3152 3011 3150
3 3012 3151 3010
3 3012 3153 3151
3 3152 3013 3011
3 3154 3013 3152
3 3014 3153 3012
3 3014 3155 3153
3 3154 3015 3013
3 3156 3015 3154
3 3016 3155 3014
3 3016 3157 3155
3 3156 3017 3015
3 3158 3017 3156
3 3018 3157 3016
3 3018 3159 3157
3 3158 3019 3017
3 3160 3019 3158
3 3020 3159 3018
3 3020 3161 3159
3 3160 3021 3019
3 3162 3021 3160
3 3022 3161 3020
3 3022 3163 3161
3 3162 3023 3021
3 3164 3023 3162
3 3024 3163 3022
3 3024 3165 3163
3 3167 3025 3166
3 3025 3164 3166
3 3025 3023 3164
3 3168 3167 3166
3 3026 3165 3024
3 3026 3169 3165
3 3171 3170 3167
3 3170 3025 3167
3 3170 3027 3025
3 3171 3167 3168
3 3028 3169 3026
3 3028 3172 3169
3 3170 3029 3027
3 3173 3029 3170
3 3030 3172 3028
3 3030 3174 3172
3 3173 3031 3029
3 3175 3031 3173
3 3032 3174 3030
3 3032 3176 3174
3 3175 3033 3031
3 3177 3033 3175
3 3034 3176 3032
3 3034 3178 3176
3 3177 3035 3033
3 3179 3035 3177
3 3036 3178 3034
3 3036 3180 3178
3 3179 3037 3035
3 3181 3037 3179
3 3038 3180 3036
3 3038 3182 3180
3 3181 3039 3037
3 3183 3039 3181
3 3040 3182 3038
3 3040 3184 3182
3 3183 3041 3039
3 3185 3041 3183
3 3042 3184 3040
3 3042 3186 3184
3 3185 3043 3041
3 3187 3043 3185
3 3044 3186 3042
3 3044 3188 3186
3 3187 3045 3043
3 3189 3045 3187
3 3046 3188 3044
3 3046 3190 3188
3 3189 3047 3045
3 3191 3047 3189
3 3193 3192 3048
3 3192 3046 3048
3 3192 3190 3046
3 3191 3050 3047
3 3194 3050 3191
3 3192 3193 3195
3 3195 3193 3196
3 3194 3052 3050
3 3197 3052 3194
3 3199 3198 3196
3 3051 3199 3196
3 3053 3199 3051
3 3196 3198 3195
3 3197 3054 3052
3 3200 3054 3197
3 3055 3199 3053
3 3055 3201 3199
3 3200 3056 3054
3 3202 3056 3200
3 3057 3201 3055
3 3057 3203 3201
3 3202 3058 3056
3 3204 3058 3202
3 3206 3205 3059
3 3206 3059 3060
3 3059 3207 3061
3 3205 3207 3059
3 3061 3208 3062
3 3207 3208 3061
3 3063 3210 3209
3 3211 3063 3209
3 3064 3063 3211
3 3066 3203 3057
3 3066 3212 3203
3 3204 3068 3058
3 3213 3068 3204
3 3216 3215 3214
3 3218 3217 3210
3 3210 3217 3209
3 3221 3220 3219
3 3219 3220 3073
3 3220 3072 3073
3 3220 3222 3072
3 3072 3223 3074
3 3222 3223 3072
3 3066 3074 3212
3 3212 3074 3223
3 3213 3075 3068
3 3224 3075 3213
3 3076 3077 3216
3 3077 3215 3216
3 3077 3225 3215
3 3224 3078 3075
3 3226 3078 3224
3 3228 3227 3079
3 3227 3077 3079
3 3227 3225 3077
3 3230 3229 3082
3 3082 3229 3081
3 3231 3082 3083
3 3231 3230 3082
3 3232 3083 3084
3 3232 3231 3083
3 3234 3233 3086
3 3233 3084 3086
3 3233 3232 3084
3 3234 3087 3233
3 3087 3088 3233
3 3236 3235 3233
3 3236 3233 3088
3 3089 3236 3088
3 3238 3237 3091
3 3091 3237 3090
3 3091 3078 3226
3 3091 3226 3238
3 3092 3081 3229
3 3092 3229 3239
3 3093 3234 3086
3 3236 3240 3235
3 3087 3234 3093
3 3236 3089 3240
3 3089 3241 3240
3 3089 3094 3241
3 3237 3095 3090
3 3242 3095 3237
3 3096 3241 3094
3 3096 3243 3241
3 3242 3097 3095
3 3244 3097 3242
3 3098 3243 3096
3 3098 3245 3243
3 3244 3246 3097
3 3097 3246 3099
3 3100 3245 3098
3 3100 3247 3245
3 3100 3249 3248
3 3250 3100 3248
3 3247 3100 3250
3 3252 3251 3101
3 3252 3101 3104
3 3101 3253 3105
3 3251 3253 3101
3 3107 3252 3104
3 3107 3254 3252
3 3255 3109 3108
3 3256 3109 3255
3 3110 3254 3107
3 3110 3257 3254
3 3256 3111 3109
3 3258 3111 3256
3 3113 3260 3259
3 3261 3113 3259
3 3115 3113 3261
3 3261 3263 3262
3 3116 3261 3262
3 3115 3261 3116
3 3116 3262 3264
3 3265 3116 3264
3 3117 3116 3265
3 3117 3266 3118
3 3265 3266 3117
3 3118 3267 3119
3 3266 3267 3118
3 3119 3268 3120
3 3267 3268 3119
3 3120 3269 3121
3 3268 3269 3120
3 3110 3121 3257
3 3257 3121 3269
3 3258 3122 3111
3 3270 3122 3258
3 3123 3124 3260
3 3124 3259 3260
3 3124 3271 3259
3 3263 3272 3262
3 3262 3272 3264
3 3270 3125 3122
3 3273 3125 3270
3 3126 3271 3124
3 3126 3274 3271
3 3273 3127 3125
3 3275 3127 3273
3 3128 3129 3276
3 3276 3129 3277
3 3275 3130 3127
3 3278 3130 3275
3 3131 3277 3129
3 3131 3279 3277
3 3278 3132 3130
3 3280 3132 3278
3 3133 3279 3131
3 3133 3281 3279
3 3280 3134 3132
3 3282 3134 3280
3 3133 3135 3283
3 3284 3133 3283
3 3281 3133 3284
3 3136 3283 3135
3 3282 3138 3134
3 3285 3138 3282
3 3287 3283 3286
3 3283 3136 3286
3 3139 3288 3286
3 3139 3286 3136
3 3285 3141 3138
3 3289 3141 3285
3 3142 3143 3288
3 3143 3286 3288
3 3143 3290 3286
3 3289 3144 3141
3 3291 3144 3289
3 3145 3290 3143
3 3145 3292 3290
3 3291 3146 3144
3 3293 3146 3291
3 3147 3292 3145
3 3147 3294 3292
3 3293 3148 3146
3 3295 3148 3293
3 3149 3294 3147
3 3149 3296 3294
3 3295 3150 3148
3 3297 3150 3295
3 3151 3296 3149
3 3151 3298 3296
3 3297 3152 3150
3 3299 3152 3297
3 3153 3298 3151
3 3153 3300 3298
3 3299 3154 3152
3 3301 3154 3299
3 3155 3300 3153
3 3155 3302 3300
3 3301 3156 3154
3 3303 3156 3301
3 3157 3302 3155
3 3157 3304 3302
3 3303 3158 3156
3 3305 3158 3303
3 3159 3304 3157
3 3159 3306 3304
3 3308 3160 3307
3 3160 3305 3307
3 3160 3158 3305
3 3309 3308 3307
3 3161 3306 3159
3 3161 3310 3306
3 3311 3162 3308
3 3308 3162 3160
3 3308 3309 3312
3 3308 3312 3311
3 3163 3310 3161
3 3163 3313 3310
3 3314 3164 3311
3 3311 3164 3162
3 3311 3312 3315
3 3311 3315 3314
3 3165 3313 3163
3 3165 3316 3313
3 3314 3166 3164
3 3168 3166 3314
3 3315 3168 3314
3 3317 3168 3315
3 3169 3316 3165
3 3169 3318 3316
3 3319 3170 3171
3 3320 3319 3171
3 3168 3320 3171
3 3317 3320 3168
3 3172 3318 3169
3 3172 3321 3318
3 3322 3173 3319
3 3319 3173 3170
3 3319 3320 3323
3 3319 3323 3322
3 3174 3321 3172
3 3174 3324 3321
3 3325 3175 3322
3 3322 3175 3173
3 3322 3323 3326
3 3322 3326 3325
3 3176 3324 3174
3 3176 3327 3324
3 3328 3177 3325
3 3325 3177 3175
3 3325 3326 3329
3 3325 3329 3328
3 3178 3327 3176
3 3178 3330 3327
3 3332 3331 3328
3 3331 3177 3328
3 3331 3179 3177
3 3332 3328 3329
3 3180 3330 3178
3 3180 3333 3330
3 3331 3181 3179
3 3334 3181 3331
3 3182 3333 3180
3 3182 3335 3333
3 3334 3183 3181
3 3336 3183 3334
3 3184 3335 3182
3 3184 3337 3335
3 3336 3185 3183
3 3338 3185 3336
3 3186 3337 3184
3 3186 3339 3337
3 3338 3187 3185
3 3340 3187 3338
3 3188 3339 3186
3 3188 3341 3339
3 3340 3189 3187
3 3342 3189 3340
3 3190 3341 3188
3 3190 3343 3341
3 3342 3191 3189
3 3344 3191 3342
3 3192 3343 3190
3 3192 3345 3343
3 3344 3194 3191
3 3346 3194 3344
3 3195 3345 3192
3 3195 3347 3345
3 3346 3197 3194
3 3348 3197 3346
3 3350 3349 3198
3 3349 3195 3198
3 3349 3347 3195
3 3348 3200 3197
3 3351 3200 3348
3 3353 3352 3350
3 3199 3353 3350
3 3201 3353 3199
3 3350 3352 3349
3 3351 3202 3200
3 3354 3202 3351
3 3203 3353 3201
3 3203 3355 3353
3 3354 3204 3202
3 3356 3204 3354
3 3358 3357 3205
3 3358 3205 3206
3 3205 3359 3207
3 3357 3359 3205
3 3207 3360 3208
3 3359 3360 3207
3 3362 3361 3218
3 3208 3362 3218
3 3360 3362 3208
3 3212 3355 3203
3 3212 3363 3355
3 3356 3213 3204
3 3364 3213 3356
3 3214 3215 3365
3 3365 3215 3366
3 3361 3217 3218
3 3361 3367 3217
3 3367 3368 3217
3 3369 3209 3217
3 3369 3217 3368
3 3369 3368 3221
3 3368 3220 3221
3 3368 3370 3220
3 3220 3371 3222
3 3370 3371 3220
3 3222 3372 3223
3 3371 3372 3222
3 3212 3223 3363
3 3363 3223 3372
3 3364 3224 3213
3 3373 3224 3364
3 3225 3366 3215
3 3225 3374 3366
3 3373 3226 3224
3 3375 3226 3373
3 3378 3377 3376
3 3377 3374 3376
3 3374 3227 3376
3 3374 3225 3227
3 3379 3229 3230
3 3379 3230 3380
3 3230 3381 3380
3 3230 3231 3381
3 3382 3231 3232
3 3382 3381 3231
3 3384 3382 3383
3 3382 3233 3383
3 3382 3232 3233
3 3386 3383 3385
3 3383 3233 3385
3 3235 3387 3385
3 3235 3385 3233
3 3387 3388 3385
3 3389 3237 3238
3 3390 3389 3238
3 3226 3390 3238
3 3375 3390 3226
3 3239 3229 3379
3 3391 3239 3379
3 3392 3239 3391
3 3391 3379 3380
3 3393 3384 3383
3 3235 3240 3387
3 3383 3386 3393
3 3395 3394 3241
3 3241 3394 3240
3 3394 3388 3240
3 3388 3387 3240
3 3396 3394 3389
3 3394 3242 3389
3 3242 3237 3389
3 3394 3395 3242
3 3396 3389 3390
3 3398 3397 3395
3 3241 3398 3395
3 3243 3398 3241
3 3242 3395 3397
3 3399 3242 3397
3 3244 3242 3399
3 3245 3398 3243
3 3245 3400 3398
3 3399 3401 3244
3 3244 3401 3246
3 3247 3400 3245
3 3247 3402 3400
3 3404 3403 3251
3 3404 3251 3252
3 3251 3405 3253
3 3403 3405 3251
3 3254 3404 3252
3 3254 3406 3404
3 3407 3256 3255
3 3408 3256 3407
3 3257 3406 3254
3 3257 3409 3406
3 3408 3258 3256
3 3410 3258 3408
3 3412 3411 3261
3 3412 3261 3259
3 3414 3413 3263
3 3261 3414 3263
3 3411 3414 3261
3 3265 3264 3413
3 3414 3265 3413
3 3415 3265 3414
3 3265 3416 3266
3 3415 3416 3265
3 3266 3417 3267
3 3416 3417 3266
3 3267 3418 3268
3 3417 3418 3267
3 3268 3419 3269
3 3418 3419 3268
3 3257 3269 3409
3 3409 3269 3419
3 3410 3270 3258
3 3420 3270 3410
3 3271 3412 3259
3 3271 3421 3412
3 3413 3272 3263
3 3272 3413 3264
3 3420 3273 3270
3 3422 3273 3420
3 3274 3421 3271
3 3274 3423 3421
3 3422 3275 3273
3 3424 3275 3422
3 3276 3277 3425
3 3425 3277 3426
3 3424 3278 3275
3 3427 3278 3424
3 3279 3426 3277
3 3279 3428 3426
3 3427 3280 3278
3 3429 3280 3427
3 3432 3431 3430
3 3429 3282 3280
3 3433 3282 3429
3 3435 3434 3432
3 3281 3435 3432
3 3284 3435 3281
3 3432 3434 3431
3 3433 3285 3282
3 3436 3285 3433
3 3287 3286 3437
3 3437 3286 3438
3 3436 3289 3285
3 3439 3289 3436
3 3290 3438 3286
3 3290 3440 3438
3 3439 3291 3289
3 3441 3291 3439
3 3292 3440 3290
3 3292 3442 3440
3 3441 3293 3291
3 3443 3293 3441
3 3294 3442 3292
3 3294 3444 3442
3 3443 3295 3293
3 3445 3295 3443
3 3296 3444 3294
3 3296 3446 3444
3 3445 3297 3295
3 3447 3297 3445
3 3298 3446 3296
3 3298 3448 3446
3 3447 3299 3297
3 3449 3299 3447
3 3300 3448 3298
3 3300 3450 3448
3 3452 3301 3451
3 3301 3449 3451
3 3301 3299 3449
3 3453 3452 3451
3 3302 3450 3300
3 3302 3454 3450
3 3455 3303 3452
3 3452 3303 3301
3 3452 3453 3456
3 3452 3456 3455
3 3304 3454 3302
3 3304 3457 3454
3 3458 3305 3455
3 3455 3305 3303
3 3455 3456 3459
3 3455 3459 3458
3 3306 3457 3304
3 3306 3460 3457
3 3458 3307 3305
3 3309 3307 3458
3 3459 3309 3458
3 3461 3309 3459
3 3310 3460 3306
3 3310 3462 3460
3 3461 3312 3309
3 3463 3312 3461
3 3313 3462 3310
3 3313 3464 3462
3 3463 3315 3312
3 3465 3315 3463
3 3316 3464 3313
3 3316 3466 3464
3 3465 3317 3315
3 3467 3317 3465
3 3318 3466 3316
3 3318 3468 3466
3 3467 3320 3317
3 3469 3320 3467
3 3321 3468 3318
3 3321 3470 3468
3 3469 3323 3320
3 3471 3323 3469
3 3324 3470 3321
3 3324 3472 3470
3 3471 3326 3323
3 3473 3326 3471
3 3327 3472 3324
3 3327 3474 3472
3 3473 3329 3326
3 3475 3329 3473
3 3330 3474 3327
3 3330 3476 3474
3 3477 3331 3332
3 3478 3477 3332
3 3329 3478 3332
3 3475 3478 3329
3 3333 3476 3330
3 3333 3479 3476
3 3480 3334 3477
3 3477 3334 3331
3 3477 3478 3481
3 3477 3481 3480
3 3335 3479 3333
3 3335 3482 3479
3 3484 3483 3480
3 3483 3334 3480
3 3483 3336 3334
3 3484 3480 3481
3 3337 3482 3335
3 3337 3485 3482
3 3483 3338 3336
3 3486 3338 3483
3 3339 3485 3337
3 3339 3487 3485
3 3486 3340 3338
3 3488 3340 3486
3 3341 3487 3339
3 3341 3489 3487
3 3488 3342 3340
3 3490 3342 3488
3 3343 3489 3341
3 3343 3491 3489
3 3490 3344 3342
3 3492 3344 3490
3 3345 3491 3343
3 3345 3493 3491
3 3492 3346 3344
3 3494 3346 3492
3 3347 3493 3345
3 3347 3495 3493
3 3494 3348 3346
3 3496 3348 3494
3 3349 3495 3347
3 3349 3497 3495
3 3496 3351 3348
3 3498 3351 3496
3 3500 3499 3352
3 3500 3352 3353
3 3349 3352 3497
3 3497 3352 3499
3 3498 3354 3351
3 3501 3354 3498
3 3355 3500 3353
3 3355 3502 3500
3 3501 3356 3354
3 3503 3356 3501
3 3505 3504 3357
3 3505 3357 3358
3 3357 3506 3359
3 3504 3506 3357
3 3363 3502 3355
3 3363 3507 3502
3 3503 3364 3356
3 3508 3364 3503
3 3365 3366 3509
3 3509 3366 3510
3 3513 3512 3511
3 3511 3512 3514
3 3514 3512 3515
3 3514 3515 3367
3 3515 3368 3367
3 3515 3516 3368
3 3368 3517 3370
3 3516 3517 3368
3 3370 3518 3371
3 3517 3518 3370
3 3371 3519 3372
3 3518 3519 3371
3 3363 3372 3507
3 3507 3372 3519
3 3508 3373 3364
3 3520 3373 3508
3 3374 3510 3366
3 3374 3521 3510
3 3520 3375 3373
3 3522 3375 3520
3 3524 3523 3377
3 3524 3377 3378
3 3374 3377 3521
3 3521 3377 3523
3 3527 3526 3525
3 3529 3528 3525
3 3525 3528 3527
3 3529 3380 3528
3 3380 3381 3528
3 3531 3530 3528
3 3531 3528 3381
3 3531 3381 3532
3 3381 3533 3532
3 3381 3382 3533
3 3535 3534 3384
3 3534 3382 3384
3 3534 3533 3382
3 3386 3385 3536
3 3534 3535 3537
3 3388 3536 3385
3 3522 3390 3375
3 3538 3390 3522
3 3525 3392 3391
3 3525 3391 3529
3 3531 3539 3530
3 3380 3529 3391
3 3539 3531 3532
3 3393 3535 3384
3 3393 3537 3535
3 3393 3540 3537
3 3393 3386 3536
3 3540 3393 3536
3 3542 3540 3541
3 3541 3540 3394
3 3540 3536 3394
3 3536 3388 3394
3 3541 3394 3543
3 3394 3544 3543
3 3394 3396 3544
3 3396 3390 3538
3 3396 3538 3544
3 3542 3546 3545
3 3542 3398 3546
3 3542 3541 3397
3 3398 3542 3397
3 3399 3545 3546
3 3399 3543 3545
3 3399 3397 3541
3 3543 3399 3541
3 3548 3547 3546
3 3398 3548 3546
3 3400 3548 3398
3 3546 3547 3399
3 3547 3401 3399
3 3547 3549 3401
3 3402 3548 3400
3 3402 3550 3548
3 3553 3552 3551
3 3555 3554 3403
3 3555 3403 3404
3 3403 3556 3405
3 3554 3556 3403
3 3406 3555 3404
3 3406 3557 3555
3 3558 3408 3407
3 3559 3408 3558
3 3409 3557 3406
3 3409 3560 3557
3 3559 3410 3408
3 3561 3410 3559
3 3564 3563 3562
3 3411 3412 3562
3 3563 3411 3562
3 3565 3411 3563
3 3411 3566 3414
3 3565 3566 3411
3 3414 3567 3415
3 3566 3567 3414
3 3567 3569 3568
3 3416 3567 3568
3 3415 3567 3416
3 3416 3568 3570
3 3571 3416 3570
3 3417 3416 3571
3 3417 3572 3418
3 3571 3572 3417
3 3418 3573 3419
3 3572 3573 3418
3 3409 3419 3560
3 3560 3419 3573
3 3561 3420 3410
3 3574 3420 3561
3 3562 3412 3575
3 3412 3576 3575
3 3412 3421 3576
3 3569 3577 3568
3 3568 3577 3570
3 3574 3422 3420
3 3578 3422 3574
3 3423 3576 3421
3 3423 3579 3576
3 3578 3424 3422
3 3580 3424 3578
3 3425 3426 3581
3 3581 3426 3582
3 3580 3427 3424
3 3583 3427 3580
3 3428 3582 3426
3 3428 3584 3582
3 3583 3429 3427
3 3585 3429 3583
3 3430 3431 3586
3 3586 3431 3587
3 3585 3433 3429
3 3588 3433 3585
3 3590 3589 3434
3 3589 3431 3434
3 3589 3587 3431
3 3588 3436 3433
3 3591 3436 3588
3 3437 3438 3590
3 3438 3589 3590
3 3438 3592 3589
3 3591 3439 3436
3 3593 3439 3591
3 3440 3592 3438
3 3440 3594 3592
3 3593 3441 3439
3 3595 3441 3593
3 3442 3594 3440
3 3442 3596 3594
3 3595 3443 3441
3 3597 3443 3595
3 3444 3596 3442
3 3444 3598 3596
3 3597 3445 3443
3 3599 3445 3597
3 3446 3598 3444
3 3446 3600 3598
3 3599 3447 3445
3 3601 3447 3599
3 3448 3600 3446
3 3448 3602 3600
3 3601 3449 3447
3 3603 3449 3601
3 3450 3602 3448
3 3450 3604 3602
3 3451 3449 3605
3 3449 3606 3605
3 3449 3603 3606
3 3605 3453 3451
3 3454 3604 3450
3 3454 3607 3604
3 3605 3606 3608
3 3608 3606 3609
3 3608 3456 3453
3 3608 3453 3605
3 3457 3607 3454
3 3457 3610 3607
3 3609 3611 3608
3 3456 3608 3611
3 3612 3456 3611
3 3459 3456 3612
3 3460 3610 3457
3 3460 3613 3610
3 3612 3461 3459
3 3614 3461 3612
3 3462 3613 3460
3 3462 3615 3613
3 3614 3463 3461
3 3616 3463 3614
3 3464 3615 3462
3 3464 3617 3615
3 3616 3465 3463
3 3618 3465 3616
3 3466 3617 3464
3 3466 3619 3617
3 3618 3467 3465
3 3620 3467 3618
3 3468 3619 3466
3 3468 3621 3619
3 3620 3469 3467
3 3622 3469 3620
3 3470 3621 3468
3 3470 3623 3621
3 3622 3471 3469
3 3624 3471 3622
3 3472 3623 3470
3 3472 3625 3623
3 3624 3473 3471
3 3626 3473 3624
3 3474 3625 3472
3 3474 3627 3625
3 3626 3475 3473
3 3628 3475 3626
3 3476 3627 3474
3 3476 3629 3627
3 3628 3478 3475
3 3630 3478 3628
3 3479 3629 3476
3 3479 3631 3629
3 3634 3633 3632
3 3630 3634 3632
3 3481 3630 3632
3 3478 3630 3481
3 3482 3631 3479
3 3482 3635 3631
3 3637 3636 3633
3 3636 3483 3633
3 3484 3632 3633
3 3484 3633 3483
3 3484 3481 3632
3 3636 3637 3638
3 3485 3635 3482
3 3485 3639 3635
3 3641 3640 3636
3 3640 3483 3636
3 3640 3486 3483
3 3641 3636 3638
3 3487 3639 3485
3 3487 3642 3639
3 3640 3488 3486
3 3643 3488 3640
3 3489 3642 3487
3 3489 3644 3642
3 3643 3490 3488
3 3645 3490 3643
3 3491 3644 3489
3 3491 3646 3644
3 3645 3492 3490
3 3647 3492 3645
3 3493 3646 3491
3 3493 3648 3646
3 3647 3494 3492
3 3649 3494 3647
3 3495 3648 3493
3 3495 3650 3648
3 3649 3496 3494
3 3651 3496 3649
3 3497 3650 3495
3 3497 3652 3650
3 3651 3498 3496
3 3653 3498 3651
3 3655 3654 3499
3 3654 3497 3499
3 3654 3652 3497
3 3653 3501 3498
3 3656 3501 3653
3 3658 3657 3655
3 3500 3658 3655
3 3502 3658 3500
3 3655 3657 3654
3 3656 3503 3501
3 3659 3503 3656
3 3661 3660 3504
3 3661 3504 3505
3 3504 3662 3506
3 3660 3662 3504
3 3507 3658 3502
3 3507 3663 3658
3 3659 3508 3503
3 3664 3508 3659
3 3509 3510 3665
3 3665 3510 3666
3 3668 3667 3513
3 3513 3667 3512
3 3512 3669 3515
3 3667 3669 3512
3 3515 3670 3516
3 3669 3670 3515
3 3516 3671 3517
3 3670 3671 3516
3 3517 3672 3518
3 3671 3672 3517
3 3518 3673 3519
3 3672 3673 3518
3 3507 3519 3663
3 3663 3519 3673
3 3664 3520 3508
3 3674 3520 3664
3 3521 3666 3510
3 3521 3675 3666
3 3674 3522 3520
3 3676 3522 3674
3 3679 3678 3677
3 3681 3680 3523
3 3680 3521 3523
3 3680 3675 3521
3 3682 3526 3527
3 3682 3527 3683
3 3527 3684 3683
3 3527 3528 3684
3 3686 3685 3530
3 3685 3528 3530
3 3685 3684 3528
3 3532 3533 3686
3 3533 3685 3686
3 3533 3687 3685
3 3688 3533 3534
3 3688 3687 3533
3 3690 3689 3537
3 3689 3534 3537
3 3689 3688 3534
3 3690 3691 3689
3 3676 3538 3522
3 3692 3538 3676
3 3693 3682 3683
3 3539 3686 3530
3 3686 3539 3532
3 3540 3690 3537
3 3540 3542 3690
3 3542 3691 3690
3 3542 3694 3691
3 3696 3695 3544
3 3544 3695 3543
3 3544 3538 3692
3 3544 3692 3696
3 3697 3694 3542
3 3697 3542 3545
3 3545 3543 3695
3 3545 3695 3697
3 3699 3698 3547
3 3699 3547 3548
3 3547 3700 3549
3 3698 3700 3547
3 3550 3699 3548
3 3550 3701 3699
3 3703 3702 3554
3 3703 3554 3555
3 3554 3704 3556
3 3702 3704 3554
3 3557 3703 3555
3 3557 3705 3703
3 3706 3559 3558
3 3707 3559 3706
3 3560 3705 3557
3 3560 3708 3705
3 3707 3561 3559
3 3709 3561 3707
3 3563 3711 3710
3 3712 3563 3710
3 3565 3563 3712
3 3565 3713 3566
3 3712 3713 3565
3 3566 3714 3567
3 3713 3714 3566
3 3716 3715 3569
3 3567 3716 3569
3 3714 3716 3567
3 3571 3570 3715
3 3716 3571 3715
3 3717 3571 3716
3 3571 3718 3572
3 3717 3718 3571
3 3572 3719 3573
3 3718 3719 3572
3 3560 3573 3708
3 3708 3573 3719
3 3709 3574 3561
3 3720 3574 3709
3 3575 3576 3711
3 3576 3710 3711
3 3576 3721 3710
3 3715 3577 3569
3 3577 3715 3570
3 3720 3578 3574
3 3722 3578 3720
3 3579 3721 3576
3 3579 3723 3721
3 3722 3580 3578
3 3724 3580 3722
3 3581 3582 3725
3 3725 3582 3726
3 3724 3583 3580
3 3727 3583 3724
3 3730 3729 3728
3 3727 3585 3583
3 3731 3585 3727
3 3730 3584 3586
3 3734 3733 3732
3 3733 3734 3587
3 3734 3729 3587
3 3730 3586 3587
3 3730 3587 3729
3 3731 3588 3585
3 3735 3588 3731
3 3733 3587 3736
3 3587 3737 3736
3 3587 3589 3737
3 3735 3591 3588
3 3738 3591 3735
3 3592 3737 3589
3 3592 3739 3737
3 3738 3593 3591
3 3740 3593 3738
3 3594 3739 3592
3 3594 3741 3739
3 3740 3595 3593
3 3742 3595 3740
3 3596 3741 3594
3 3596 3743 3741
3 3742 3597 3595
3 3744 3597 3742
3 3598 3743 3596
3 3598 3745 3743
3 3744 3599 3597
3 3746 3599 3744
3 3600 3745 3598
3 3600 3747 3745
3 3746 3601 3599
3 3748 3601 3746
3 3602 3747 3600
3 3602 3749 3747
3 3751 3603 3750
3 3603 3748 3750
3 3603 3601 3748
3 3752 3751 3750
3 3604 3749 3602
3 3604 3753 3749
3 3754 3606 3751
3 3751 3606 3603
3 3751 3752 3755
3 3751 3755 3754
3 3607 3753 3604
3 3607 3756 3753
3 3757 3609 3754
3 3754 3609 3606
3 3754 3755 3758
3 3754 3758 3757
3 3610 3756 3607
3 3610 3759 3756
3 3757 3611 3609
3 3612 3611 3757
3 3758 3612 3757
3 3760 3612 3758
3 3613 3759 3610
3 3613 3761 3759
3 3760 3614 3612
3 3762 3614 3760
3 3615 3761 3613
3 3615 3763 3761
3 3762 3616 3614
3 3764 3616 3762
3 3617 3763 3615
3 3617 3765 3763
3 3764 3618 3616
3 3766 3618 3764
3 3619 3765 3617
3 3619 3767 3765
3 3766 3620 3618
3 3768 3620 3766
3 3621 3767 3619
3 3621 3769 3767
3 3768 3622 3620
3 3770 3622 3768
3 3623 3769 3621
3 3623 3771 3769
3 3770 3624 3622
3 3772 3624 3770
3 3625 3771 3623
3 3625 3773 3771
3 3772 3626 3624
3 3774 3626 3772
3 3627 3773 3625
3 3627 3775 3773
3 3774 3628 3626
3 3776 3628 3774
3 3629 3775 3627
3 3629 3777 3775
3 3780 3779 3778
3 3776 3780 3778
3 3630 3776 3778
3 3628 3776 3630
3 3631 3777 3629
3 3631 3781 3777
3 3778 3779 3634
3 3779 3633 3634
3 3779 3782 3633
3 3778 3634 3630
3 3635 3781 3631
3 3635 3783 3781
3 3637 3633 3784
3 3633 3785 3784
3 3633 3782 3785
3 3784 3638 3637
3 3639 3783 3635
3 3639 3786 3783
3 3788 3787 3785
3 3787 3640 3785
3 3641 3784 3785
3 3641 3785 3640
3 3641 3638 3784
3 3787 3788 3789
3 3642 3786 3639
3 3642 3790 3786
3 3792 3791 3787
3 3791 3640 3787
3 3791 3643 3640
3 3792 3787 3789
3 3644 3790 3642
3 3644 3793 3790
3 3791 3645 3643
3 3794 3645 3791
3 3646 3793 3644
3 3646 3795 3793
3 3794 3647 3645
3 3796 3647 3794
3 3648 3795 3646
3 3648 3797 3795
3 3796 3649 3647
3 3798 3649 3796
3 3650 3797 3648
3 3650 3799 3797
3 3798 3651 3649
3 3800 3651 3798
3 3652 3799 3650
3 3652 3801 3799
3 3800 3653 3651
3 3802 3653 3800
3 3654 3801 3652
3 3654 3803 3801
3 3802 3656 3653
3 3804 3656 3802
3 3806 3805 3657
3 3806 3657 3658
3 3654 3657 3803
3 3803 3657 3805
3 3804 3659 3656
3 3807 3659 3804
3 3663 3806 3658
3 3663 3808 3806
3 3807 3664 3659
3 3809 3664 3807
3 3810 3661 3665
3 3813 3812 3811
3 3814 3812 3813
3 3812 3814 3666
3 3815 3666 3814
3 3666 3815 3665
3 3810 3665 3815
3 3815 3814 3668
3 3814 3667 3668
3 3814 3816 3667
3 3667 3817 3669
3 3816 3817 3667
3 3669 3818 3670
3 3817 3818 3669
3 3670 3819 3671
3 3818 3819 3670
3 3671 3820 3672
3 3819 3820 3671
3 3672 3821 3673
3 3820 3821 3672
3 3663 3673 3808
3 3808 3673 3821
3 3809 3674 3664
3 3822 3674 3809
3 3812 3666 3823
3 3666 3824 3823
3 3666 3675 3824
3 3822 3676 3674
3 3825 3676 3822
3 3827 3678 3826
3 3830 3829 3828
3 3828 3824 3830
3 3824 3680 3830
3 3824 3675 3680
3 3833 3832 3831
3 3831 3683 3833
3 3683 3684 3833
3 3835 3834 3833
3 3835 3833 3684
3 3685 3836 3684
3 3684 3836 3835
3 3836 3685 3837
3 3685 3838 3837
3 3685 3687 3838
3 3839 3687 3688
3 3839 3838 3687
3 3841 3839 3840
3 3839 3689 3840
3 3839 3688 3689
3 3691 3840 3689
3 3825 3692 3676
3 3842 3692 3825
3 3835 3843 3834
3 3683 3831 3693
3 3843 3835 3836
3 3843 3836 3844
3 3844 3836 3837
3 3845 3841 3840
3 3840 3691 3845
3 3691 3846 3845
3 3691 3694 3846
3 3848 3847 3696
3 3696 3847 3695
3 3696 3692 3842
3 3696 3842 3848
3 3849 3846 3694
3 3849 3694 3697
3 3697 3695 3847
3 3697 3847 3849
3 3851 3850 3698
3 3851 3698 3699
3 3698 3852 3700
3 3850 3852 3698
3 3701 3851 3699
3 3701 3853 3851
3 3856 3855 3854
3 3858 3857 3702
3 3858 3702 3703
3 3854 3704 3856
3 3704 3857 3856
3 3704 3702 3857
3 3705 3858 3703
3 3705 3859 3858
3 3860 3707 3706
3 3861 3707 3860
3 3708 3859 3705
3 3708 3862 3859
3 3861 3709 3707
3 3863 3709 3861
3 3866 3865 3864
3 3712 3710 3864
3 3865 3712 3864
3 3867 3712 3865
3 3712 3868 3713
3 3867 3868 3712
3 3713 3869 3714
3 3868 3869 3713
3 3714 3870 3716
3 3869 3870 3714
3 3716 3871 3717
3 3870 3871 3716
3 3717 3872 3718
3 3871 3872 3717
3 3718 3873 3719
3 3872 3873 3718
3 3708 3719 3862
3 3862 3719 3873
3 3863 3720 3709
3 3874 3720 3863
3 3864 3710 3875
3 3710 3876 3875
3 3710 3721 3876
3 3874 3722 3720
3 3877 3722 3874
3 3723 3876 3721
3 3723 3878 3876
3 3877 3724 3722
3 3879 3724 3877
3 3725 3726 3880
3 3880 3726 3881
3 3879 3727 3724
3 3882 3727 3879
3 3726 3728 3883
3 3884 3726 3883
3 3881 3726 3884
3 3729 3883 3728
3 3882 3731 3727
3 3885 3731 3882
3 3887 3883 3886
3 3883 3729 3886
3 3734 3888 3886
3 3734 3886 3729
3 3885 3735 3731
3 3889 3735 3885
3 3736 3737 3888
3 3737 3886 3888
3 3737 3890 3886
3 3889 3738 3735
3 3891 3738 3889
3 3739 3890 3737
3 3739 3892 3890
3 3891 3740 3738
3 3893 3740 3891
3 3741 3892 3739
3 3741 3894 3892
3 3893 3742 3740
3 3895 3742 3893
3 3743 3894 3741
3 3743 3896 3894
3 3895 3744 3742
3 3897 3744 3895
3 3745 3896 3743
3 3745 3898 3896
3 3897 3746 3744
3 3899 3746 3897
3 3747 3898 3745
3 3747 3900 3898
3 3899 3748 3746
3 3901 3748 3899
3 3749 3900 3747
3 3749 3902 3900
3 3750 3748 3903
3 3748 3904 3903
3 3748 3901 3904
3 3903 3752 3750
3 3753 3902 3749
3 3753 3905 3902
3 3904 3906 3903
3 3752 3903 3906
3 3907 3752 3906
3 3755 3752 3907
3 3756 3905 3753
3 3756 3908 3905
3 3907 3758 3755
3 3909 3758 3907
3 3759 3908 3756
3 3759 3910 3908
3 3909 3760 3758
3 3911 3760 3909
3 3761 3910 3759
3 3761 3912 3910
3 3911 3762 3760
3 3913 3762 3911
3 3763 3912 3761
3 3763 3914 3912
3 3913 3764 3762
3 3915 3764 3913
3 3765 3914 3763
3 3765 3916 3914
3 3915 3766 3764
3 3917 3766 3915
3 3767 3916 3765
3 3767 3918 3916
3 3917 3768 3766
3 3919 3768 3917
3 3769 3918 3767
3 3769 3920 3918
3 3919 3770 3768
3 3921 3770 3919
3 3771 3920 3769
3 3771 3922 3920
3 3921 3772 3770
3 3923 3772 3921
3 3773 3922 3771
3 3773 3924 3922
3 3923 3774 3772
3 3925 3774 3923
3 3775 3924 3773
3 3775 3926 3924
3 3929 3928 3927
3 3925 3929 3927
3 3776 3925 3927
3 3774 3925 3776
3 3777 3926 3775
3 3777 3930 3926
3 3931 3779 3780
3 3928 3932 3927
3 3933 3927 3932
3 3933 3776 3927
3 3933 3931 3780
3 3776 3933 3780
3 3781 3930 3777
3 3781 3934 3930
3 3935 3782 3931
3 3931 3782 3779
3 3931 3933 3936
3 3931 3936 3935
3 3783 3934 3781
3 3783 3937 3934
3 3938 3785 3935
3 3935 3785 3782
3 3935 3936 3939
3 3935 3939 3938
3 3786 3937 3783
3 3786 3940 3937
3 3942 3788 3941
3 3788 3785 3941
3 3941 3785 3938
3 3943 3941 3938
3 3938 3939 3943
3 3788 3942 3789
3 3790 3940 3786
3 3790 3944 3940
3 3942 3941 3792
3 3941 3791 3792
3 3941 3945 3791
3 3942 3792 3789
3 3793 3944 3790
3 3793 3946 3944
3 3945 3794 3791
3 3947 3794 3945
3 3795 3946 3793
3 3795 3948 3946
3 3947 3796 3794
3 3949 3796 3947
3 3797 3948 3795
3 3797 3950 3948
3 3949 3798 3796
3 3951 3798 3949
3 3799 3950 3797
3 3799 3952 3950
3 3951 3800 3798
3 3953 3800 3951
3 3801 3952 3799
3 3801 3954 3952
3 3953 3802 3800
3 3955 3802 3953
3 3803 3954 3801
3 3803 3956 3954
3 3955 3804 3802
3 3957 3804 3955
3 3959 3958 3805
3 3958 3803 3805
3 3958 3956 3803
3 3957 3807 3804
3 3960 3807 3957
3 3962 3961 3959
3 3806 3962 3959
3 3808 3962 3806
3 3959 3961 3958
3 3960 3809 3807
3 3963 3809 3960
3 3813 3965 3964
3 3966 3813 3964
3 3814 3813 3966
3 3814 3967 3816
3 3966 3967 3814
3 3816 3968 3817
3 3967 3968 3816
3 3817 3969 3818
3 3968 3969 3817
3 3818 3970 3819
3 3969 3970 3818
3 3819 3971 3820
3 3970 3971 3819
3 3820 3972 3821
3 3971 3972 3820
3 3808 3821 3962
3 3962 3821 3972
3 3963 3822 3809
3 3973 3822 3963
3 3823 3824 3965
3 3824 3964 3965
3 3824 3974 3964
3 3973 3825 3822
3 3975 3825 3973
3 3977 3976 3828
3 3976 3824 3828
3 3976 3974 3824
3 3978 3832 3833
3 3980 3978 3979
3 3978 3833 3979
3 3834 3981 3979
3 3834 3979 3833
3 3981 3982 3979
3 3983 3837 3838
3 3839 3984 3838
3 3838 3984 3983
3 3984 3839 3841
3 3987 3986 3985
3 3985 3988 3987
3 3975 3842 3825
3 3989 3842 3975
3 3834 3843 3981
3 3978 3980 3990
3 3991 3982 3981
3 3843 3991 3981
3 3844 3991 3843
3 3844 3837 3983
3 3992 3844 3983
3 3991 3844 3992
3 3992 3983 3984
3 3992 3984 3993
3 3993 3985 3986
3 3993 3845 3985
3 3993 3984 3841
3 3845 3993 3841
3 3845 3846 3985
3 3846 3988 3985
3 3846 3994 3988
3 3996 3995 3848
3 3848 3995 3847
3 3848 3842 3989
3 3848 3989 3996
3 3997 3994 3846
3 3997 3846 3849
3 3849 3847 3995
3 3849 3995 3997
3 3999 3998 3850
3 3999 3850 3851
3 3850 4000 3852
3 3998 4000 3850
3 3853 3999 3851
3 3853 4001 3999
3 4003 4002 3857
3 4003 3857 3858
3 3856 3857 4004
3 3857 4005 4004
3 3857 4002 4005
3 3859 4007 4006
3 4003 3859 4006
3 3858 3859 4003
3 4007 4008 4006
3 4009 3861 3860
3 4010 3861 4009
3 4012 4011 4007
3 3859 4012 4007
3 3862 4012 3859
3 4007 4011 4008
3 4010 3863 3861
3 4013 3863 4010
3 3867 4015 4014
3 4016 3867 4014
3 3868 3867 4016
3 3868 4017 3869
3 4016 4017 3868
3 3869 4018 3870
3 4017 4018 3869
3 3870 4019 3871
3 4018 4019 3870
3 3871 4020 3872
3 4019 4020 3871
3 3872 4021 3873
3 4020 4021 3872
3 3862 3873 4012
3 4012 3873 4021
3 4013 3874 3863
3 4022 3874 4013
3 4015 4024 4023
3 4024 3876 4023
3 3876 4025 4023
3 3876 4024 3875
3 4015 4023 4014
3 4022 3877 3874
3 4026 3877 4022
3 3878 4025 3876
3 3878 4027 4025
3 4026 3879 3877
3 4028 3879 4026
3 3880 3881 4029
3 4029 3881 4030
3 4028 3882 3879
3 4031 3882 4028
3 4034 4033 4032
3 4031 3885 3882
3 4035 3885 4031
3 3887 3886 4034
3 3886 4033 4034
3 3886 4036 4033
3 4035 3889 3885
3 4037 3889 4035
3 3890 4036 3886
3 3890 4038 4036
3 4037 3891 3889
3 4039 3891 4037
3 3892 4038 3890
3 3892 4040 4038
3 4039 3893 3891
3 4041 3893 4039
3 3894 4040 3892
3 3894 4042 4040
3 4041 3895 3893
3 4043 3895 4041
3 3896 4042 3894
3 3896 4044 4042
3 4043 3897 3895
3 4045 3897 4043
3 3898 4044 3896
3 3898 4046 4044
3 4045 3899 3897
3 4047 3899 4045
3 3900 4046 3898
3 3900 4048 4046
3 4050 3901 4049
3 3901 4047 4049
3 3901 3899 4047
3 4051 4050 4049
3 3902 4048 3900
3 3902 4052 4048
3 4054 4053 4050
3 4053 3901 4050
3 4053 3904 3901
3 4054 4050 4051
3 3905 4052 3902
3 3905 4055 4052
3 4053 4056 3904
3 3904 4056 3906
3 3907 3906 4056
3 3907 4056 4057
3 3908 4055 3905
3 3908 4058 4055
3 4057 3909 3907
3 4059 3909 4057
3 3910 4058 3908
3 3910 4060 4058
3 4059 3911 3909
3 4061 3911 4059
3 3912 4060 3910
3 3912 4062 4060
3 4061 3913 3911
3 4063 3913 4061
3 3914 4062 3912
3 3914 4064 4062
3 4063 3915 3913
3 4065 3915 4063
3 3916 4064 3914
3 3916 4066 4064
3 4065 3917 3915
3 4067 3917 4065
3 3918 4066 3916
3 3918 4068 4066
3 4067 3919 3917
3 4069 3919 4067
3 3920 4068 3918
3 3920 4070 4068
3 4069 3921 3919
3 4071 3921 4069
3 3922 4070 3920
3 3922 4072 4070
3 4071 3923 3921
3 4073 3923 4071
3 3924 4072 3922
3 3924 4074 4072
3 4073 3925 3923
3 4075 3925 4073
3 3926 4074 3924
3 3926 4076 4074
3 4077 3928 3929
3 4078 4077 3929
3 3925 4078 3929
3 4075 4078 3925
3 3930 4076 3926
3 3930 4079 4076
3 4077 3932 3928
3 3933 3932 4077
3 4078 3933 4077
3 4080 3933 4078
3 3934 4079 3930
3 3934 4081 4079
3 4080 3936 3933
3 4082 3936 4080
3 3937 4081 3934
3 3937 4083 4081
3 4082 3939 3936
3 4084 3939 4082
3 3940 4083 3937
3 3940 4085 4083
3 4087 4086 3943
3 3943 4086 3941
3 3943 3939 4084
3 3943 4084 4087
3 3944 4085 3940
3 3944 4088 4085
3 4086 3945 3941
3 4089 3945 4086
3 3946 4088 3944
3 3946 4090 4088
3 4089 3947 3945
3 4091 3947 4089
3 3948 4090 3946
3 3948 4092 4090
3 4091 3949 3947
3 4093 3949 4091
3 3950 4092 3948
3 3950 4094 4092
3 4093 3951 3949
3 4095 3951 4093
3 3952 4094 3950
3 3952 4096 4094
3 4095 3953 3951
3 4097 3953 4095
3 3954 4096 3952
3 3954 4098 4096
3 4097 3955 3953
3 4099 3955 4097
3 3956 4098 3954
3 3956 4100 4098
3 4099 3957 3955
3 4101 3957 4099
3 4104 4103 4102
3 4103 4100 4102
3 4100 3958 4102
3 4100 3956 3958
3 4101 3960 3957
3 4105 3960 4101
3 4104 4102 3961
3 3962 4104 3961
3 4106 4104 3962
3 3961 4102 3958
3 4105 3963 3960
3 4107 3963 4105
3 4109 4108 3966
3 4109 3966 3964
3 3966 4110 3967
3 4108 4110 3966
3 3967 4111 3968
3 4110 4111 3967
3 3968 4112 3969
3 4111 4112 3968
3 3969 4113 3970
3 4112 4113 3969
3 3970 4114 3971
3 4113 4114 3970
3 3971 4115 3972
3 4114 4115 3971
3 3962 3972 4106
3 4106 3972 4115
3 4107 3973 3963
3 4116 3973 4107
3 3974 4109 3964
3 3974 4117 4109
3 4116 3975 3973
3 4118 3975 4116
3 3976 4117 3974
3 3976 4119 4117
3 4122 4121 4120
3 3980 3979 4120
3 3979 4122 4120
3 3979 4123 4122
3 3979 3982 4123
3 4123 3982 4124
3 4127 4126 4125
3 4125 4128 4127
3 4129 3986 3987
3 3988 4129 3987
3 4118 3989 3975
3 4130 3989 4118
3 4120 3990 3980
3 4131 4124 3982
3 4131 3982 3991
3 3992 4125 4126
3 4131 3992 4126
3 3991 3992 4131
3 4132 4128 4125
3 3992 4132 4125
3 3993 4132 3992
3 3993 3986 4129
3 4133 3993 4129
3 4132 3993 4133
3 3988 3994 4129
3 3994 4134 4129
3 4134 4133 4129
3 4134 3994 4135
3 3995 3996 4135
3 3996 4134 4135
3 3996 4136 4134
3 3996 3989 4130
3 3996 4130 4136
3 3997 4135 3994
3 4135 3997 3995
3 4138 4137 3998
3 4138 3998 3999
3 3998 4139 4000
3 4137 4139 3998
3 4142 4141 4140
3 4141 4143 4140
3 4145 4144 4140
3 4145 4140 4143
3 4148 4147 4146
3 4150 4149 4002
3 4150 4002 4003
3 4146 4005 4148
3 4005 4149 4148
3 4005 4002 4149
3 4003 4006 4151
3 4152 4003 4151
3 4150 4003 4152
3 4008 4151 4006
3 4153 4010 4009
3 4154 4010 4153
3 4152 4151 4011
3 4012 4152 4011
3 4155 4152 4012
3 4011 4151 4008
3 4154 4013 4010
3 4156 4013 4154
3 4159 4158 4157
3 4016 4014 4157
3 4158 4016 4157
3 4160 4016 4158
3 4160 4162 4161
3 4017 4160 4161
3 4016 4160 4017
3 4017 4161 4163
3 4164 4017 4163
3 4018 4017 4164
3 4018 4165 4019
3 4164 4165 4018
3 4165 4167 4166
3 4020 4165 4166
3 4019 4165 4020
3 4020 4166 4168
3 4169 4020 4168
3 4021 4020 4169
3 4012 4021 4155
3 4155 4021 4169
3 4156 4022 4013
3 4170 4022 4156
3 4159 4157 4023
3 4025 4159 4023
3 4171 4159 4025
3 4023 4157 4014
3 4162 4172 4161
3 4161 4172 4163
3 4167 4173 4166
3 4166 4173 4168
3 4170 4026 4022
3 4174 4026 4170
3 4027 4171 4025
3 4027 4175 4171
3 4174 4028 4026
3 4176 4028 4174
3 4179 4178 4177
3 4176 4031 4028
3 4180 4031 4176
3 4032 4033 4179
3 4033 4178 4179
3 4033 4181 4178
3 4180 4035 4031
3 4182 4035 4180
3 4036 4181 4033
3 4036 4183 4181
3 4182 4037 4035
3 4184 4037 4182
3 4038 4183 4036
3 4038 4185 4183
3 4184 4039 4037
3 4186 4039 4184
3 4040 4185 4038
3 4040 4187 4185
3 4186 4041 4039
3 4188 4041 4186
3 4042 4187 4040
3 4042 4189 4187
3 4188 4043 4041
3 4190 4043 4188
3 4044 4189 4042
3 4044 4191 4189
3 4190 4045 4043
3 4192 4045 4190
3 4046 4191 4044
3 4046 4193 4191
3 4192 4047 4045
3 4194 4047 4192
3 4048 4193 4046
3 4048 4195 4193
3 4194 4196 4047
3 4047 4196 4049
3 4051 4049 4196
3 4051 4196 4197
3 4052 4195 4048
3 4052 4198 4195
3 4199 4053 4054
3 4200 4199 4054
3 4051 4200 4054
3 4197 4200 4051
3 4055 4198 4052
3 4055 4201 4198
3 4199 4056 4053
3 4057 4056 4199
3 4200 4057 4199
3 4202 4057 4200
3 4058 4201 4055
3 4058 4203 4201
3 4202 4059 4057
3 4204 4059 4202
3 4060 4203 4058
3 4060 4205 4203
3 4204 4061 4059
3 4206 4061 4204
3 4062 4205 4060
3 4062 4207 4205
3 4206 4063 4061
3 4208 4063 4206
3 4064 4207 4062
3 4064 4209 4207
3 4208 4065 4063
3 4210 4065 4208
3 4066 4209 4064
3 4066 4211 4209
3 4210 4067 4065
3 4212 4067 4210
3 4068 4211 4066
3 4068 4213 4211
3 4212 4069 4067
3 4214 4069 4212
3 4070 4213 4068
3 4070 4215 4213
3 4214 4071 4069
3 4216 4071 4214
3 4072 4215 4070
3 4072 4217 4215
3 4216 4073 4071
3 4218 4073 4216
3 4074 4217 4072
3 4074 4219 4217
3 4218 4075 4073
3 4220 4075 4218
3 4076 4219 4074
3 4076 4221 4219
3 4220 4078 4075
3 4222 4078 4220
3 4079 4221 4076
3 4079 4223 4221
3 4222 4080 4078
3 4224 4080 4222
3 4081 4223 4079
3 4081 4225 4223
3 4224 4082 4080
3 4226 4082 4224
3 4083 4225 4081
3 4083 4227 4225
3 4226 4084 4082
3 4228 4084 4226
3 4085 4227 4083
3 4085 4229 4227
3 4231 4230 4087
3 4087 4230 4086
3 4087 4084 4228
3 4087 4228 4231
3 4088 4229 4085
3 4088 4232 4229
3 4230 4089 4086
3 4233 4089 4230
3 4090 4232 4088
3 4090 4234 4232
3 4233 4091 4089
3 4235 4091 4233
3 4092 4234 4090
3 4092 4236 4234
3 4235 4093 4091
3 4237 4093 4235
3 4094 4236 4092
3 4094 4238 4236
3 4237 4095 4093
3 4239 4095 4237
3 4096 4238 4094
3 4096 4240 4238
3 4239 4097 4095
3 4241 4097 4239
3 4098 4240 4096
3 4098 4242 4240
3 4241 4099 4097
3 4243 4099 4241
3 4246 4245 4244
3 4245 4242 4244
3 4242 4100 4244
3 4242 4098 4100
3 4243 4101 4099
3 4247 4101 4243
3 4246 4244 4103
3 4104 4246 4103
3 4248 4246 4104
3 4103 4244 4100
3 4247 4105 4101
3 4249 4105 4247
3 4106 4248 4104
3 4106 4250 4248
3 4249 4107 4105
3 4251 4107 4249
3 4253 4252 4108
3 4253 4108 4109
3 4108 4254 4110
3 4252 4254 4108
3 4110 4255 4111
3 4254 4255 4110
3 4111 4256 4112
3 4255 4256 4111
3 4112 4257 4113
3 4256 4257 4112
3 4113 4258 4114
3 4257 4258 4113
3 4114 4259 4115
3 4258 4259 4114
3 4106 4115 4250
3 4250 4115 4259
3 4251 4116 4107
3 4260 4116 4251
3 4117 4253 4109
3 4117 4261 4253
3 4260 4118 4116
3 4262 4118 4260
3 4265 4264 4263
3 4264 4261 4263
3 4261 4119 4263
3 4261 4117 4119
3 4266 4121 4122
3 4266 4122 4267
3 4122 4268 4267
3 4122 4123 4268
3 4270 4269 4124
3 4269 4123 4124
3 4269 4268 4123
3 4126 4127 4271
3 4269 4270 4272
3 4128 4271 4127
3 4275 4274 4273
3 4273 4276 4275
3 4262 4130 4118
3 4277 4130 4262
3 4278 4266 4267
3 4131 4270 4124
3 4131 4272 4270
3 4131 4279 4272
3 4131 4126 4271
3 4279 4131 4271
3 4279 4271 4128
3 4132 4279 4128
3 4280 4279 4132
3 4133 4273 4274
3 4280 4133 4274
3 4132 4133 4280
3 4281 4276 4273
3 4133 4281 4273
3 4134 4281 4133
3 4282 4134 4136
3 4282 4281 4134
3 4136 4130 4277
3 4136 4277 4282
3 4284 4283 4137
3 4284 4137 4138
3 4137 4285 4139
3 4283 4285 4137
3 4138 4140 4286
3 4287 4138 4286
3 4284 4138 4287
3 4289 4288 4149
3 4289 4149 4150
3 4148 4149 4290
3 4149 4291 4290
3 4149 4288 4291
3 4152 4289 4150
3 4152 4292 4289
3 4293 4154 4153
3 4294 4154 4293
3 4155 4292 4152
3 4155 4295 4292
3 4294 4156 4154
3 4296 4156 4294
3 4299 4298 4297
3 4158 4301 4300
3 4302 4158 4300
3 4160 4158 4302
3 4304 4303 4162
3 4160 4304 4162
3 4302 4304 4160
3 4304 4163 4303
3 4304 4164 4163
3 4304 4306 4305
3 4164 4304 4305
3 4164 4305 4307
3 4308 4164 4307
3 4165 4164 4308
3 4310 4309 4167
3 4165 4310 4167
3 4308 4310 4165
3 4310 4168 4309
3 4310 4169 4168
3 4310 4312 4311
3 4169 4310 4311
3 4311 4313 4169
3 4313 4155 4169
3 4313 4295 4155
3 4296 4170 4156
3 4314 4170 4296
3 4316 4315 4297
3 4318 4301 4317
3 4159 4317 4301
3 4317 4159 4171
3 4301 4318 4300
3 4303 4172 4162
3 4306 4319 4305
3 4172 4303 4163
3 4305 4319 4307
3 4309 4173 4167
3 4312 4320 4311
3 4173 4309 4168
3 4311 4320 4313
3 4314 4174 4170
3 4321 4174 4314
3 4175 4317 4171
3 4175 4322 4317
3 4321 4176 4174
3 4323 4176 4321
3 4326 4325 4324
3 4325 4177 4324
3 4325 4327 4177
3 4178 4324 4177
3 4323 4180 4176
3 4328 4180 4323
3 4324 4178 4329
3 4178 4330 4329
3 4178 4181 4330
3 4328 4182 4180
3 4331 4182 4328
3 4183 4330 4181
3 4183 4332 4330
3 4331 4184 4182
3 4333 4184 4331
3 4185 4332 4183
3 4185 4334 4332
3 4333 4186 4184
3 4335 4186 4333
3 4187 4334 4185
3 4187 4336 4334
3 4335 4188 4186
3 4337 4188 4335
3 4189 4336 4187
3 4189 4338 4336
3 4337 4190 4188
3 4339 4190 4337
3 4191 4338 4189
3 4191 4340 4338
3 4339 4192 4190
3 4341 4192 4339
3 4193 4340 4191
3 4193 4342 4340
3 4341 4194 4192
3 4343 4194 4341
3 4195 4342 4193
3 4195 4344 4342
3 4196 4194 4345
3 4194 4346 4345
3 4194 4343 4346
3 4345 4197 4196
3 4198 4344 4195
3 4198 4347 4344
3 4345 4346 4348
3 4348 4346 4349
3 4348 4200 4197
3 4348 4197 4345
3 4201 4347 4198
3 4201 4350 4347
3 4349 4351 4348
3 4200 4348 4351
3 4352 4200 4351
3 4202 4200 4352
3 4203 4350 4201
3 4203 4353 4350
3 4352 4204 4202
3 4354 4204 4352
3 4205 4353 4203
3 4205 4355 4353
3 4354 4206 4204
3 4356 4206 4354
3 4207 4355 4205
3 4207 4357 4355
3 4356 4208 4206
3 4358 4208 4356
3 4209 4357 4207
3 4209 4359 4357
3 4358 4210 4208
3 4360 4210 4358
3 4211 4359 4209
3 4211 4361 4359
3 4360 4212 4210
3 4362 4212 4360
3 4213 4361 4211
3 4213 4363 4361
3 4362 4214 4212
3 4364 4214 4362
3 4215 4363 4213
3 4215 4365 4363
3 4364 4216 4214
3 4366 4216 4364
3 4217 4365 4215
3 4217 4367 4365
3 4366 4218 4216
3 4368 4218 4366
3 4219 4367 4217
3 4219 4369 4367
3 4368 4220 4218
3 4370 4220 4368
3 4221 4369 4219
3 4221 4371 4369
3 4370 4222 4220
3 4372 4222 4370
3 4223 4371 4221
3 4223 4373 4371
3 4372 4224 4222
3 4374 4224 4372
3 4225 4373 4223
3 4225 4375 4373
3 4374 4226 4224
3 4376 4226 4374
3 4227 4375 4225
3 4227 4377 4375
3 4376 4228 4226
3 4378 4228 4376
3 4229 4377 4227
3 4229 4379 4377
3 4381 4380 4231
3 4231 4380 4230
3 4231 4228 4378
3 4231 4378 4381
3 4232 4379 4229
3 4232 4382 4379
3 4380 4233 4230
3 4383 4233 4380
3 4234 4382 4232
3 4234 4384 4382
3 4386 4235 4385
3 4235 4383 4385
3 4235 4233 4383
3 4387 4386 4385
3 4236 4384 4234
3 4236 4388 4384
3 4390 4389 4386
3 4389 4235 4386
3 4389 4237 4235
3 4390 4386 4387
3 4238 4388 4236
3 4238 4391 4388
3 4389 4239 4237
3 4392 4239 4389
3 4240 4391 4238
3 4240 4393 4391
3 4392 4241 4239
3 4394 4241 4392
3 4242 4393 4240
3 4242 4395 4393
3 4394 4243 4241
3 4396 4243 4394
3 4398 4397 4245
3 4397 4242 4245
3 4397 4395 4242
3 4396 4247 4243
3 4399 4247 4396
3 4401 4400 4398
3 4246 4401 4398
3 4248 4401 4246
3 4398 4400 4397
3 4399 4249 4247
3 4402 4249 4399
3 4250 4401 4248
3 4250 4403 4401
3 4402 4251 4249
3 4404 4251 4402
3 4406 4405 4252
3 4406 4252 4253
3 4252 4407 4254
3 4405 4407 4252
3 4254 4408 4255
3 4407 4408 4254
3 4255 4409 4256
3 4408 4409 4255
3 4256 4410 4257
3 4409 4410 4256
3 4257 4411 4258
3 4410 4411 4257
3 4258 4412 4259
3 4411 4412 4258
3 4250 4259 4403
3 4403 4259 4412
3 4404 4260 4251
3 4413 4260 4404
3 4261 4406 4253
3 4261 4414 4406
3 4413 4262 4260
3 4415 4262 4413
3 4417 4416 4264
3 4416 4261 4264
3 4416 4414 4261
3 4420 4419 4418
3 4418 4267 4420
3 4267 4268 4420
3 4422 4421 4420
3 4422 4420 4268
3 4269 4423 4268
3 4268 4423 4422
3 4425 4423 4424
3 4423 4269 4424
3 4272 4426 4424
3 4272 4424 4269
3 4426 4427 4424
3 4428 4274 4275
3 4276 4428 4275
3 4415 4277 4262
3 4429 4277 4415
3 4422 4430 4421
3 4267 4418 4278
3 4430 4422 4423
3 4430 4423 4431
3 4272 4279 4426
3 4423 4425 4431
3 4432 4427 4426
3 4279 4432 4426
3 4280 4432 4279
3 4280 4274 4428
3 4433 4280 4428
3 4432 4280 4433
3 4433 4428 4276
3 4281 4433 4276
3 4434 4433 4281
3 4435 4281 4282
3 4435 4434 4281
3 4282 4277 4429
3 4282 4429 4435
3 4437 4436 4283
3 4437 4283 4284
3 4283 4438 4285
3 4436 4438 4283
3 4440 4439 4288
3 4440 4288 4289
3 4288 4441 4291
3 4439 4441 4288
3 4292 4440 4289
3 4292 4442 4440
3 4443 4294 4293
3 4444 4294 4443
3 4295 4442 4292
3 4295 4445 4442
3 4444 4296 4294
3 4446 4296 4444
3 4316 4298 4447
3 4450 4449 4448
3 4302 4300 4450
3 4448 4302 4450
3 4451 4302 4448
3 4302 4452 4304
3 4451 4452 4302
3 4454 4453 4306
3 4304 4454 4306
3 4452 4454 4304
3 4308 4307 4453
3 4454 4308 4453
3 4455 4308 4454
3 4308 4456 4310
3 4455 4456 4308
3 4458 4457 4312
3 4310 4458 4312
3 4456 4458 4310
3 4458 4445 4457
3 4445 4313 4457
3 4445 4295 4313
3 4446 4314 4296
3 4459 4314 4446
3 4447 4315 4316
3 4317 4450 4318
3 4450 4317 4449
3 4460 4449 4317
3 4318 4450 4300
3 4453 4319 4306
3 4319 4453 4307
3 4457 4320 4312
3 4320 4457 4313
3 4459 4321 4314
3 4461 4321 4459
3 4322 4460 4317
3 4322 4462 4460
3 4461 4323 4321
3 4463 4323 4461
3 4325 4326 4464
3 4464 4326 4465
3 4463 4328 4323
3 4466 4328 4463
3 4326 4329 4467
3 4468 4326 4467
3 4465 4326 4468
3 4330 4467 4329
3 4466 4331 4328
3 4469 4331 4466
3 4467 4330 4470
3 4330 4471 4470
3 4330 4332 4471
3 4469 4333 4331
3 4472 4333 4469
3 4334 4471 4332
3 4334 4473 4471
3 4472 4335 4333
3 4474 4335 4472
3 4336 4473 4334
3 4336 4475 4473
3 4474 4337 4335
3 4476 4337 4474
3 4338 4475 4336
3 4338 4477 4475
3 4476 4339 4337
3 4478 4339 4476
3 4340 4477 4338
3 4340 4479 4477
3 4478 4341 4339
3 4480 4341 4478
3 4342 4479 4340
3 4342 4481 4479
3 4480 4343 4341
3 4482 4343 4480
3 4344 4481 4342
3 4344 4483 4481
3 4485 4346 4484
3 4346 4482 4484
3 4346 4343 4482
3 4486 4485 4484
3 4347 4483 4344
3 4347 4487 4483
3 4489 4488 4485
3 4488 4346 4485
3 4488 4349 4346
3 4489 4485 4486
3 4350 4487 4347
3 4350 4490 4487
3 4488 4491 4349
3 4349 4491 4351
3 4352 4351 4491
3 4352 4491 4492
3 4353 4490 4350
3 4353 4493 4490
3 4492 4354 4352
3 4494 4354 4492
3 4355 4493 4353
3 4355 4495 4493
3 4494 4356 4354
3 4496 4356 4494
3 4357 4495 4355
3 4357 4497 4495
3 4496 4358 4356
3 4498 4358 4496
3 4359 4497 4357
3 4359 4499 4497
3 4498 4360 4358
3 4500 4360 4498
3 4361 4499 4359
3 4361 4501 4499
3 4500 4362 4360
3 4502 4362 4500
3 4363 4501 4361
3 4363 4503 4501
3 4502 4364 4362
3 4504 4364 4502
3 4365 4503 4363
3 4365 4505 4503
3 4504 4366 4364
3 4506 4366 4504
3 4367 4505 4365
3 4367 4507 4505
3 4506 4368 4366
3 4508 4368 4506
3 4369 4507 4367
3 4369 4509 4507
3 4508 4370 4368
3 4510 4370 4508
3 4371 4509 4369
3 4371 4511 4509
3 4510 4372 4370
3 4512 4372 4510
3 4373 4511 4371
3 4373 4513 4511
3 4512 4374 4372
3 4514 4374 4512
3 4375 4513 4373
3 4375 4515 4513
3 4514 4376 4374
3 4516 4376 4514
3 4377 4515 4375
3 4377 4517 4515
3 4516 4378 4376
3 4518 4378 4516
3 4379 4517 4377
3 4379 4519 4517
3 4520 4380 4381
3 4521 4520 4381
3 4378 4521 4381
3 4518 4521 4378
3 4382 4519 4379
3 4382 4522 4519
3 4523 4383 4520
3 4520 4383 4380
3 4520 4521 4524
3 4520 4524 4523
3 4384 4522 4382
3 4384 4525 4522
3 4527 4385 4526
3 4385 4383 4526
3 4526 4383 4523
3 4528 4526 4523
3 4523 4524 4528
3 4385 4527 4387
3 4388 4525 4384
3 4388 4529 4525
3 4527 4526 4390
3 4526 4389 4390
3 4526 4530 4389
3 4527 4390 4387
3 4391 4529 4388
3 4391 4531 4529
3 4530 4392 4389
3 4532 4392 4530
3 4393 4531 4391
3 4393 4533 4531
3 4532 4394 4392
3 4534 4394 4532
3 4395 4533 4393
3 4395 4535 4533
3 4534 4396 4394
3 4536 4396 4534
3 4397 4535 4395
3 4397 4537 4535
3 4536 4399 4396
3 4538 4399 4536
3 4540 4539 4400
3 4540 4400 4401
3 4397 4400 4537
3 4537 4400 4539
3 4538 4402 4399
3 4541 4402 4538
3 4403 4540 4401
3 4403 4542 4540
3 4541 4404 4402
3 4543 4404 4541
3 4545 4544 4405
3 4545 4405 4406
3 4405 4546 4407
3 4544 4546 4405
3 4407 4547 4408
3 4546 4547 4407
3 4408 4548 4409
3 4547 4548 4408
3 4409 4549 4410
3 4548 4549 4409
3 4410 4550 4411
3 4549 4550 4410
3 4411 4551 4412
3 4550 4551 4411
3 4403 4412 4542
3 4542 4412 4551
3 4543 4413 4404
3 4552 4413 4543
3 4414 4545 4406
3 4414 4553 4545
3 4552 4415 4413
3 4554 4415 4552
3 4416 4553 4414
3 4416 4555 4553
3 4556 4419 4420
3 4558 4556 4557
3 4556 4420 4557
3 4421 4559 4557
3 4421 4557 4420
3 4561 4560 4559
3 4559 4560 4557
3 4425 4424 4562
3 4560 4561 4563
3 4427 4562 4424
3 4566 4565 4564
3 4564 4567 4566
3 4554 4429 4415
3 4568 4429 4554
3 4421 4430 4559
3 4556 4558 4569
3 4559 4430 4431
3 4559 4431 4561
3 4431 4563 4561
3 4431 4570 4563
3 4431 4425 4562
3 4570 4431 4562
3 4570 4562 4427
3 4432 4570 4427
3 4571 4570 4432
3 4433 4564 4565
3 4571 4433 4565
3 4432 4433 4571
3 4572 4567 4564
3 4433 4572 4564
3 4434 4572 4433
3 4573 4434 4435
3 4573 4572 4434
3 4435 4429 4568
3 4435 4568 4573
3 4576 4575 4574
3 4577 4574 4575
3 4578 4576 4574
3 4436 4578 4574
3 4438 4436 4574
3 4578 4436 4579
3 4581 4580 4439
3 4581 4439 4440
3 4439 4582 4441
3 4580 4582 4439
3 4442 4581 4440
3 4442 4583 4581
3 4584 4444 4443
3 4585 4444 4584
3 4445 4583 4442
3 4445 4586 4583
3 4585 4446 4444
3 4587 4446 4585
3 4589 4588 4448
3 4589 4448 4449
3 4448 4590 4451
3 4588 4590 4448
3 4451 4591 4452
3 4590 4591 4451
3 4591 4593 4592
3 4454 4591 4592
3 4452 4591 4454
3 4454 4592 4594
3 4595 4454 4594
3 4455 4454 4595
3 4455 4596 4456
3 4595 4596 4455
3 4596 4598 4597
3 4458 4596 4597
3 4456 4596 4458
3 4597 4599 4458
3 4599 4445 4458
3 4599 4586 4445
3 4587 4459 4446
3 4600 4459 4587
3 4460 4589 4449
3 4460 4601 4589
3 4593 4602 4592
3 4592 4602 4594
3 4598 4603 4597
3 4597 4603 4599
3 4600 4461 4459
3 4604 4461 4600
3 4462 4601 4460
3 4462 4605 4601
3 4604 4463 4461
3 4606 4463 4604
3 4464 4465 4607
3 4607 4465 4608
3 4606 4466 4463
3 4609 4466 4606
3 4612 4611 4610
3 4609 4469 4466
3 4613 4469 4609
3 4470 4471 4612
3 4471 4611 4612
3 4471 4614 4611
3 4613 4472 4469
3 4615 4472 4613
3 4473 4614 4471
3 4473 4616 4614
3 4615 4474 4472
3 4617 4474 4615
3 4475 4616 4473
3 4475 4618 4616
3 4617 4476 4474
3 4619 4476 4617
3 4477 4618 4475
3 4477 4620 4618
3 4619 4478 4476
3 4621 4478 4619
3 4479 4620 4477
3 4479 4622 4620
3 4621 4480 4478
3 4623 4480 4621
3 4481 4622 4479
3 4481 4624 4622
3 4623 4482 4480
3 4625 4482 4623
3 4483 4624 4481
3 4483 4626 4624
3 4484 4482 4627
3 4482 4628 4627
3 4482 4625 4628
3 4627 4486 4484
3 4487 4626 4483
3 4487 4629 4626
3 4631 4630 4628
3 4630 4488 4628
3 4489 4627 4628
3 4489 4628 4488
3 4489 4486 4627
3 4630 4631 4632
3 4490 4629 4487
3 4490 4633 4629
3 4630 4491 4488
3 4492 4491 4630
3 4632 4492 4630
3 4634 4492 4632
3 4493 4633 4490
3 4493 4635 4633
3 4634 4494 4492
3 4636 4494 4634
3 4495 4635 4493
3 4495 4637 4635
3 4636 4496 4494
3 4638 4496 4636
3 4497 4637 4495
3 4497 4639 4637
3 4638 4498 4496
3 4640 4498 4638
3 4499 4639 4497
3 4499 4641 4639
3 4640 4500 4498
3 4642 4500 4640
3 4501 4641 4499
3 4501 4643 4641
3 4642 4502 4500
3 4644 4502 4642
3 4503 4643 4501
3 4503 4645 4643
3 4644 4504 4502
3 4646 4504 4644
3 4505 4645 4503
3 4505 4647 4645
3 4646 4506 4504
3 4648 4506 4646
3 4507 4647 4505
3 4507 4649 4647
3 4648 4508 4506
3 4650 4508 4648
3 4509 4649 4507
3 4509 4651 4649
3 4650 4510 4508
3 4652 4510 4650
3 4511 4651 4509
3 4511 4653 4651
3 4652 4512 4510
3 4654 4512 4652
3 4513 4653 4511
3 4513 4655 4653
3 4654 4514 4512
3 4656 4514 4654
3 4515 4655 4513
3 4515 4657 4655
3 4656 4516 4514
3 4658 4516 4656
3 4517 4657 4515
3 4517 4659 4657
3 4658 4518 4516
3 4660 4518 4658
3 4519 4659 4517
3 4519 4661 4659
3 4660 4521 4518
3 4662 4521 4660
3 4522 4661 4519
3 4522 4663 4661
3 4666 4665 4664
3 4662 4666 4664
3 4524 4662 4664
3 4521 4662 4524
3 4525 4663 4522
3 4525 4667 4663
3 4664 4665 4528
3 4665 4526 4528
3 4665 4668 4526
3 4664 4528 4524
3 4529 4667 4525
3 4529 4669 4667
3 4668 4530 4526
3 4670 4530 4668
3 4531 4669 4529
3 4531 4671 4669
3 4670 4532 4530
3 4672 4532 4670
3 4533 4671 4531
3 4533 4673 4671
3 4672 4534 4532
3 4674 4534 4672
3 4535 4673 4533
3 4535 4675 4673
3 4674 4536 4534
3 4676 4536 4674
3 4537 4675 4535
3 4537 4677 4675
3 4676 4538 4536
3 4678 4538 4676
3 4680 4679 4539
3 4680 4539 4540
3 4537 4539 4677
3 4677 4539 4679
3 4678 4541 4538
3 4681 4541 4678
3 4542 4680 4540
3 4542 4682 4680
3 4681 4543 4541
3 4683 4543 4681
3 4685 4684 4544
3 4685 4544 4545
3 4544 4686 4546
3 4684 4686 4544
3 4546 4687 4547
3 4686 4687 4546
3 4547 4688 4548
3 4687 4688 4547
3 4548 4689 4549
3 4688 4689 4548
3 4549 4690 4550
3 4689 4690 4549
3 4550 4691 4551
3 4690 4691 4550
3 4542 4551 4682
3 4682 4551 4691
3 4683 4552 4543
3 4692 4552 4683
3 4553 4685 4545
3 4553 4693 4685
3 4692 4554 4552
3 4694 4554 4692
3 4555 4693 4553
3 4555 4695 4693
3 4698 4697 4696
3 4558 4557 4696
3 4557 4698 4696
3 4557 4699 4698
3 4700 4557 4560
3 4700 4699 4557
3 4560 4563 4700
3 4700 4563 4701
3 4703 4702 4566
3 4566 4702 4565
3 4566 4567 4703
3 4703 4567 4704
3 4694 4568 4554
3 4705 4568 4694
3 4696 4569 4558
3 4706 4701 4563
3 4706 4563 4570
3 4707 4570 4571
3 4707 4706 4570
3 4571 4565 4702
3 4571 4702 4707
3 4708 4704 4567
3 4708 4567 4572
3 4709 4572 4573
3 4709 4708 4572
3 4573 4568 4705
3 4573 4705 4709
3 4711 4710 4575
3 4711 4575 4576
3 4577 4575 4710
3 4577 4710 4712
3 4714 4713 4580
3 4714 4580 4581
3 4580 4715 4582
3 4713 4715 4580
3 4583 4714 4581
3 4583 4716 4714
3 4717 4585 4584
3 4718 4585 4717
3 4586 4716 4583
3 4586 4719 4716
3 4718 4587 4585
3 4720 4587 4718
3 4722 4721 4588
3 4722 4588 4589
3 4721 4724 4723
3 4590 4721 4723
3 4588 4721 4590
3 4725 4591 4590
3 4725 4590 4723
3 4727 4725 4726
3 4727 4591 4725
3 4727 4728 4593
3 4591 4727 4593
3 4727 4594 4728
3 4727 4595 4594
3 4727 4730 4729
3 4595 4727 4729
3 4731 4596 4595
3 4731 4595 4729
3 4733 4731 4732
3 4733 4596 4731
3 4733 4734 4598
3 4596 4733 4598
3 4733 4719 4734
3 4719 4599 4734
3 4719 4586 4599
3 4720 4600 4587
3 4735 4600 4720
3 4601 4722 4589
3 4601 4736 4722
3 4724 4737 4723
3 4723 4737 4725
3 4725 4737 4738
3 4728 4602 4593
3 4738 4726 4725
3 4730 4739 4729
3 4602 4728 4594
3 4729 4739 4731
3 4731 4739 4740
3 4734 4603 4598
3 4740 4732 4731
3 4603 4734 4599
3 4735 4604 4600
3 4741 4604 4735
3 4605 4736 4601
3 4605 4742 4736
3 4741 4606 4604
3 4743 4606 4741
3 4607 4608 4744
3 4744 4608 4745
3 4743 4609 4606
3 4746 4609 4743
3 4608 4610 4747
3 4748 4608 4747
3 4745 4608 4748
3 4611 4747 4610
3 4746 4613 4609
3 4749 4613 4746
3 4747 4611 4750
3 4611 4751 4750
3 4611 4614 4751
3 4749 4615 4613
3 4752 4615 4749
3 4616 4751 4614
3 4616 4753 4751
3 4752 4617 4615
3 4754 4617 4752
3 4618 4753 4616
3 4618 4755 4753
3 4754 4619 4617
3 4756 4619 4754
3 4620 4755 4618
3 4620 4757 4755
3 4756 4621 4619
3 4758 4621 4756
3 4622 4757 4620
3 4622 4759 4757
3 4758 4623 4621
3 4760 4623 4758
3 4624 4759 4622
3 4624 4761 4759
3 4760 4625 4623
3 4762 4625 4760
3 4626 4761 4624
3 4626 4763 4761
3 4762 4628 4625
3 4764 4628 4762
3 4629 4763 4626
3 4629 4765 4763
3 4631 4628 4766
3 4628 4767 4766
3 4628 4764 4767
3 4766 4632 4631
3 4633 4765 4629
3 4633 4768 4765
3 4767 4769 4766
3 4632 4766 4769
3 4770 4632 4769
3 4634 4632 4770
3 4635 4768 4633
3 4635 4771 4768
3 4774 4773 4772
3 4770 4774 4772
3 4636 4770 4772
3 4634 4770 4636
3 4637 4771 4635
3 4637 4775 4771
3 4773 4776 4772
3 4636 4772 4776
3 4777 4636 4776
3 4638 4636 4777
3 4639 4775 4637
3 4639 4778 4775
3 4777 4640 4638
3 4779 4640 4777
3 4641 4778 4639
3 4641 4780 4778
3 4779 4642 4640
3 4781 4642 4779
3 4643 4780 4641
3 4643 4782 4780
3 4781 4644 4642
3 4783 4644 4781
3 4645 4782 4643
3 4645 4784 4782
3 4783 4646 4644
3 4785 4646 4783
3 4647 4784 4645
3 4647 4786 4784
3 4785 4648 4646
3 4787 4648 4785
3 4649 4786 4647
3 4649 4788 4786
3 4787 4650 4648
3 4789 4650 4787
3 4651 4788 4649
3 4651 4790 4788
3 4789 4652 4650
3 4791 4652 4789
3 4653 4790 4651
3 4653 4792 4790
3 4791 4654 4652
3 4793 4654 4791
3 4655 4792 4653
3 4655 4794 4792
3 4793 4656 4654
3 4795 4656 4793
3 4657 4794 4655
3 4657 4796 4794
3 4795 4658 4656
3 4797 4658 4795
3 4659 4796 4657
3 4659 4798 4796
3 4797 4660 4658
3 4799 4660 4797
3 4661 4798 4659
3 4661 4800 4798
3 4799 4662 4660
3 4801 4662 4799
3 4663 4800 4661
3 4663 4802 4800
3 4804 4803 4666
3 4666 4803 4665
3 4666 4662 4801
3 4666 4801 4804
3 4667 4802 4663
3 4667 4805 4802
3 4803 4668 4665
3 4806 4668 4803
3 4669 4805 4667
3 4669 4807 4805
3 4806 4670 4668
3 4808 4670 4806
3 4671 4807 4669
3 4671 4809 4807
3 4808 4672 4670
3 4810 4672 4808
3 4673 4809 4671
3 4673 4811 4809
3 4810 4674 4672
3 4812 4674 4810
3 4675 4811 4673
3 4675 4813 4811
3 4812 4676 4674
3 4814 4676 4812
3 4817 4816 4815
3 4816 4813 4815
3 4813 4677 4815
3 4813 4675 4677
3 4814 4678 4676
3 4818 4678 4814
3 4817 4815 4679
3 4680 4817 4679
3 4819 4817 4680
3 4679 4815 4677
3 4818 4681 4678
3 4820 4681 4818
3 4682 4819 4680
3 4682 4821 4819
3 4820 4683 4681
3 4822 4683 4820
3 4824 4823 4684
3 4824 4684 4685
3 4684 4825 4686
3 4823 4825 4684
3 4686 4826 4687
3 4825 4826 4686
3 4687 4827 4688
3 4826 4827 4687
3 4688 4828 4689
3 4827 4828 4688
3 4689 4829 4690
3 4828 4829 4689
3 4690 4830 4691
3 4829 4830 4690
3 4682 4691 4821
3 4821 4691 4830
3 4822 4692 4683
3 4831 4692 4822
3 4693 4824 4685
3 4693 4832 4824
3 4831 4694 4692
3 4833 4694 4831
3 4836 4835 4834
3 4835 4832 4834
3 4832 4695 4834
3 4832 4693 4695
3 4838 4837 4698
3 4698 4837 4697
3 4839 4698 4699
3 4839 4838 4698
3 4840 4699 4700
3 4840 4839 4699
3 4842 4841 4701
3 4841 4700 4701
3 4841 4840 4700
3 4842 4843 4841
3 4844 4702 4703
3 4704 4844 4703
3 4833 4705 4694
3 4845 4705 4833
3 4706 4842 4701
3 4846 4843 4842
3 4706 4846 4842
3 4707 4846 4706
3 4707 4702 4844
3 4847 4707 4844
3 4846 4707 4847
3 4847 4844 4704
3 4708 4847 4704
3 4848 4847 4708
3 4849 4708 4709
3 4849 4848 4708
3 4709 4705 4845
3 4709 4845 4849
3 4711 4850 4710
3 4850 4712 4710
3 4850 4711 4851
3 4854 4853 4852
3 4856 4855 4713
3 4856 4713 4714
3 4713 4857 4715
3 4855 4857 4713
3 4716 4856 4714
3 4716 4858 4856
3 4859 4718 4717
3 4860 4718 4859
3 4719 4858 4716
3 4719 4861 4858
3 4860 4720 4718
3 4862 4720 4860
3 4864 4863 4721
3 4864 4721 4722
3 4866 4865 4724
3 4721 4866 4724
3 4863 4866 4721
3 4867 4865 4866
3 4726 4868 4727
3 4730 4727 4868
3 4871 4870 4869
3 4873 4872 4871
3 4873 4871 4869
3 4873 4732 4872
3 4873 4733 4732
3 4873 4875 4874
3 4733 4873 4874
3 4874 4876 4733
3 4876 4719 4733
3 4876 4861 4719
3 4862 4735 4720
3 4877 4735 4862
3 4736 4864 4722
3 4736 4878 4864
3 4865 4737 4724
3 4867 4879 4865
3 4879 4737 4865
3 4879 4738 4737
3 4726 4738 4868
3 4738 4880 4868
3 4738 4879 4880
3 4870 4871 4880
3 4871 4739 4880
3 4730 4868 4880
3 4730 4880 4739
3 4739 4871 4740
3 4740 4871 4872
3 4875 4881 4874
3 4740 4872 4732
3 4874 4881 4876
3 4877 4741 4735
3 4882 4741 4877
3 4742 4878 4736
3 4742 4883 4878
3 4882 4743 4741
3 4884 4743 4882
3 4744 4745 4885
3 4885 4745 4886
3 4884 4746 4743
3 4887 4746 4884
3 4748 4886 4745
3 4748 4888 4886
3 4887 4749 4746
3 4889 4749 4887
3 4748 4750 4890
3 4891 4748 4890
3 4888 4748 4891
3 4751 4890 4750
3 4889 4752 4749
3 4892 4752 4889
3 4890 4751 4893
3 4751 4894 4893
3 4751 4753 4894
3 4892 4754 4752
3 4895 4754 4892
3 4755 4894 4753
3 4755 4896 4894
3 4895 4756 4754
3 4897 4756 4895
3 4757 4896 4755
3 4757 4898 4896
3 4897 4758 4756
3 4899 4758 4897
3 4759 4898 4757
3 4759 4900 4898
3 4899 4760 4758
3 4901 4760 4899
3 4761 4900 4759
3 4761 4902 4900
3 4901 4762 4760
3 4903 4762 4901
3 4763 4902 4761
3 4763 4904 4902
3 4903 4764 4762
3 4905 4764 4903
3 4765 4904 4763
3 4765 4906 4904
3 4905 4767 4764
3 4907 4767 4905
3 4768 4906 4765
3 4768 4908 4906
3 4907 4909 4767
3 4767 4909 4769
3 4770 4769 4909
3 4770 4909 4910
3 4771 4908 4768
3 4771 4911 4908
3 4912 4773 4774
3 4913 4912 4774
3 4770 4913 4774
3 4910 4913 4770
3 4775 4911 4771
3 4775 4914 4911
3 4912 4776 4773
3 4777 4776 4912
3 4913 4777 4912
3 4915 4777 4913
3 4778 4914 4775
3 4778 4916 4914
3 4915 4779 4777
3 4917 4779 4915
3 4780 4916 4778
3 4780 4918 4916
3 4917 4781 4779
3 4919 4781 4917
3 4782 4918 4780
3 4782 4920 4918
3 4919 4783 4781
3 4921 4783 4919
3 4784 4920 4782
3 4784 4922 4920
3 4921 4785 4783
3 4923 4785 4921
3 4786 4922 4784
3 4786 4924 4922
3 4923 4787 4785
3 4925 4787 4923
3 4788 4924 4786
3 4788 4926 4924
3 4925 4789 4787
3 4927 4789 4925
3 4790 4926 4788
3 4790 4928 4926
3 4927 4791 4789
3 4929 4791 4927
3 4792 4928 4790
3 4792 4930 4928
3 4929 4793 4791
3 4931 4793 4929
3 4794 4930 4792
3 4794 4932 4930
3 4931 4795 4793
3 4933 4795 4931
3 4796 4932 4794
3 4796 4934 4932
3 4933 4797 4795
3 4935 4797 4933
3 4798 4934 4796
3 4798 4936 4934
3 4935 4799 4797
3 4937 4799 4935
3 4800 4936 4798
3 4800 4938 4936
3 4937 4801 4799
3 4939 4801 4937
3 4802 4938 4800
3 4802 4940 4938
3 4941 4803 4804
3 4942 4941 4804
3 4801 4942 4804
3 4939 4942 4801
3 4805 4940 4802
3 4805 4943 4940
3 4945 4944 4941
3 4944 4803 4941
3 4944 4806 4803
3 4945 4941 4942
3 4807 4943 4805
3 4807 4946 4943
3 4944 4808 4806
3 4947 4808 4944
3 4809 4946 4807
3 4809 4948 4946
3 4947 4810 4808
3 4949 4810 4947
3 4811 4948 4809
3 4811 4950 4948
3 4949 4812 4810
3 4951 4812 4949
3 4813 4950 4811
3 4813 4952 4950
3 4951 4814 4812
3 4953 4814 4951
3 4955 4954 4816
3 4954 4813 4816
3 4954 4952 4813
3 4953 4818 4814
3 4956 4818 4953
3 4958 4957 4955
3 4817 4958 4955
3 4819 4958 4817
3 4955 4957 4954
3 4956 4820 4818
3 4959 4820 4956
3 4821 4958 4819
3 4821 4960 4958
3 4959 4822 4820
3 4961 4822 4959
3 4963 4962 4823
3 4963 4823 4824
3 4823 4964 4825
3 4962 4964 4823
3 4825 4965 4826
3 4964 4965 4825
3 4826 4966 4827
3 4965 4966 4826
3 4827 4967 4828
3 4966 4967 4827
3 4828 4968 4829
3 4967 4968 4828
3 4829 4969 4830
3 4968 4969 4829
3 4821 4830 4960
3 4960 4830 4969
3 4961 4831 4822
3 4970 4831 4961
3 4832 4963 4824
3 4832 4971 4963
3 4970 4833 4831
3 4972 4833 4970
3 4974 4973 4835
3 4974 4835 4836
3 4832 4835 4971
3 4971 4835 4973
3 4975 4837 4838
3 4975 4838 4976
3 4838 4977 4976
3 4838 4839 4977
3 4978 4839 4840
3 4978 4977 4839
3 4980 4978 4979
3 4978 4841 4979
3 4978 4840 4841
3 4843 4979 4841
3 4983 4982 4981
3 4981 4984 4983
3 4972 4845 4833
3 4985 4845 4972
3 4986 4975 4976
3 4987 4980 4979
3 4987 4979 4843
3 4846 4987 4843
3 4988 4987 4846
3 4847 4981 4982
3 4988 4847 4982
3 4846 4847 4988
3 4989 4984 4981
3 4847 4989 4981
3 4848 4989 4847
3 4990 4848 4849
3 4990 4989 4848
3 4849 4845 4985
3 4849 4985 4990
3 4992 4991 4855
3 4992 4855 4856
3 4855 4993 4857
3 4991 4993 4855
3 4858 4992 4856
3 4858 4994 4992
3 4861 4994 4858
3 4861 4995 4994
3 4996 4862 4860
3 4997 4862 4996
3 4999 4998 4863
3 4999 4863 4864
3 4863 5000 4866
3 4998 5000 4863
3 4867 4866 5000
3 4867 5000 5001
3 5004 5003 5002
3 5005 4869 4870
3 5006 5002 5003
3 4869 5005 5007
3 5008 4869 5007
3 4873 4869 5008
3 5010 5009 4875
3 4873 5010 4875
3 5008 5010 4873
3 5010 4995 5009
3 4995 4876 5009
3 4995 4861 4876
3 4997 4877 4862
3 5011 4877 4997
3 4878 4999 4864
3 4878 5012 4999
3 5001 5013 4867
3 4867 5013 4879
3 5002 4880 5004
3 4880 5013 5004
3 4880 4879 5013
3 5002 5006 4880
3 5006 5014 4880
3 5005 4870 4880
3 5005 4880 5014
3 5005 5014 5007
3 5009 4881 4875
3 4881 5009 4876
3 5011 4882 4877
3 5015 4882 5011
3 4883 5012 4878
3 4883 5016 5012
3 5015 4884 4882
3 5017 4884 5015
3 4885 4886 5018
3 5018 4886 5019
3 5017 4887 4884
3 5020 4887 5017
3 5023 5022 5021
3 5020 4889 4887
3 5024 4889 5020
3 5022 5023 5025
3 5025 5023 5026
3 5024 4892 4889
3 5027 4892 5024
3 4893 4894 5026
3 4894 5025 5026
3 4894 5028 5025
3 5027 4895 4892
3 5029 4895 5027
3 4896 5028 4894
3 4896 5030 5028
3 5029 4897 4895
3 5031 4897 5029
3 4898 5030 4896
3 4898 5032 5030
3 5031 4899 4897
3 5033 4899 5031
3 4900 5032 4898
3 4900 5034 5032
3 5033 4901 4899
3 5035 4901 5033
3 4902 5034 4900
3 4902 5036 5034
3 5035 4903 4901
3 5037 4903 5035
3 4904 5036 4902
3 4904 5038 5036
3 5037 4905 4903
3 5039 4905 5037
3 4906 5038 4904
3 4906 5040 5038
3 5039 4907 4905
3 5041 4907 5039
3 4908 5040 4906
3 4908 5042 5040
3 4909 4907 5043
3 4907 5044 5043
3 4907 5041 5044
3 5043 4910 4909
3 4911 5042 4908
3 4911 5045 5042
3 5044 5046 5043
3 4910 5043 5046
3 5047 4910 5046
3 4913 4910 5047
3 4914 5045 4911
3 4914 5048 5045
3 5047 4915 4913
3 5049 4915 5047
3 4916 5048 4914
3 4916 5050 5048
3 5049 4917 4915
3 5051 4917 5049
3 4918 5050 4916
3 4918 5052 5050
3 5051 4919 4917
3 5053 4919 5051
3 4920 5052 4918
3 4920 5054 5052
3 5053 4921 4919
3 5055 4921 5053
3 4922 5054 4920
3 4922 5056 5054
3 5055 4923 4921
3 5057 4923 5055
3 4924 5056 4922
3 4924 5058 5056
3 5057 4925 4923
3 5059 4925 5057
3 4926 5058 4924
3 4926 5060 5058
3 5059 4927 4925
3 5061 4927 5059
3 4928 5060 4926
3 4928 5062 5060
3 5061 4929 4927
3 5063 4929 5061
3 4930 5062 4928
3 4930 5064 5062
3 5063 4931 4929
3 5065 4931 5063
3 4932 5064 4930
3 4932 5066 5064
3 5065 4933 4931
3 5067 4933 5065
3 4934 5066 4932
3 4934 5068 5066
3 5067 4935 4933
3 5069 4935 5067
3 4936 5068 4934
3 4936 5070 5068
3 5069 4937 4935
3 5071 4937 5069
3 4938 5070 4936
3 4938 5072 5070
3 5071 4939 4937
3 5073 4939 5071
3 4940 5072 4938
3 4940 5074 5072
3 5073 4942 4939
3 5075 4942 5073
3 4943 5074 4940
3 4943 5076 5074
3 5078 5077 4945
3 4945 5077 4944
3 4945 4942 5075
3 4945 5075 5078
3 4946 5076 4943
3 4946 5079 5076
3 5077 4947 4944
3 5080 4947 5077
3 4948 5079 4946
3 4948 5081 5079
3 5080 4949 4947
3 5082 4949 5080
3 4950 5081 4948
3 4950 5083 5081
3 5082 4951 4949
3 5084 4951 5082
3 4952 5083 4950
3 4952 5085 5083
3 5084 4953 4951
3 5086 4953 5084
3 5089 5088 5087
3 5088 5085 5087
3 5085 4954 5087
3 5085 4952 4954
3 5086 4956 4953
3 5090 4956 5086
3 5089 5087 4957
3 4958 5089 4957
3 5091 5089 4958
3 4957 5087 4954
3 5090 4959 4956
3 5092 4959 5090
3 4960 5091 4958
3 4960 5093 5091
3 5092 4961 4959
3 5094 4961 5092
3 5096 5095 4962
3 5096 4962 4963
3 4962 5097 4964
3 5095 5097 4962
3 4964 5098 4965
3 5097 5098 4964
3 4965 5099 4966
3 5098 5099 4965
3 4966 5100 4967
3 5099 5100 4966
3 4967 5101 4968
3 5100 5101 4967
3 4968 5102 4969
3 5101 5102 4968
3 4960 4969 5093
3 5093 4969 5102
3 5094 4970 4961
3 5103 4970 5094
3 4971 5096 4963
3 4971 5104 5096
3 5103 4972 4970
3 5105 4972 5103
3 5107 5106 4973
3 5106 4971 4973
3 5106 5104 4971
3 5110 5109 5108
3 4976 4977 5108
3 4977 5110 5108
3 4977 5111 5110
3 5113 5111 5112
3 5111 4978 5112
3 5111 4977 4978
3 5115 5112 5114
3 5112 4978 5114
3 4980 5116 5114
3 4980 5114 4978
3 5116 5117 5114
3 5118 4982 4983
3 4984 5118 4983
3 5105 4985 4972
3 5119 4985 5105
3 5108 4986 4976
3 5120 5113 5112
3 4980 4987 5116
3 5112 5115 5120
3 5121 5117 5116
3 4987 5121 5116
3 4988 5121 4987
3 4988 4982 5118
3 5122 4988 5118
3 5121 4988 5122
3 5122 5118 4984
3 4989 5122 4984
3 5123 5122 4989
3 5124 4989 4990
3 5124 5123 4989
3 4990 4985 5119
3 4990 5119 5124
3 5127 5126 5125
3 5129 5128 4991
3 5129 4991 4992
3 5125 4993 5127
3 4993 5128 5127
3 4993 4991 5128
3 4994 5129 4992
3 4994 5130 5129
3 4995 5130 4994
3 4995 5131 5130
3 5132 4997 4996
3 5133 4997 5132
3 5135 5134 4998
3 5135 4998 4999
3 4998 5136 5000
3 5134 5136 4998
3 5138 5137 5001
3 5000 5138 5001
3 5136 5138 5000
3 5138 5004 5137
3 5138 5003 5004
3 5138 5140 5139
3 5003 5138 5139
3 5006 5003 5139
3 5143 5142 5141
3 5008 5007 5143
3 5141 5008 5143
3 5144 5008 5141
3 5144 5146 5145
3 5010 5144 5145
3 5008 5144 5010
3 5145 5147 5010
3 5147 4995 5010
3 5147 5131 4995
3 5133 5011 4997
3 5148 5011 5133
3 5012 5135 4999
3 5012 5149 5135
3 5137 5013 5001
3 5140 5150 5139
3 5013 5137 5004
3 5142 5143 5150
3 5143 5014 5150
3 5006 5139 5150
3 5006 5150 5014
3 5014 5143 5007
3 5146 5151 5145
3 5145 5151 5147
3 5148 5015 5011
3 5152 5015 5148
3 5016 5149 5012
3 5016 5153 5149
3 5152 5017 5015
3 5154 5017 5152
3 5018 5019 5155
3 5155 5019 5156
3 5154 5020 5017
3 5157 5020 5154
3 5019 5021 5158
3 5159 5019 5158
3 5156 5019 5159
3 5022 5158 5021
3 5157 5024 5020
3 5160 5024 5157
3 5159 5158 5161
3 5159 5161 5162
3 5025 5161 5022
3 5022 5161 5158
3 5160 5027 5024
3 5163 5027 5160
3 5161 5025 5164
3 5025 5165 5164
3 5025 5028 5165
3 5163 5029 5027
3 5166 5029 5163
3 5030 5165 5028
3 5030 5167 5165
3 5166 5031 5029
3 5168 5031 5166
3 5032 5167 5030
3 5032 5169 5167
3 5168 5033 5031
3 5170 5033 5168
3 5034 5169 5032
3 5034 5171 5169
3 5170 5035 5033
3 5172 5035 5170
3 5036 5171 5034
3 5036 5173 5171
3 5172 5037 5035
3 5174 5037 5172
3 5038 5173 5036
3 5038 5175 5173
3 5174 5039 5037
3 5176 5039 5174
3 5040 5175 5038
3 5040 5177 5175
3 5176 5041 5039
3 5178 5041 5176
3 5042 5177 5040
3 5042 5179 5177
3 5178 5044 5041
3 5180 5044 5178
3 5045 5179 5042
3 5045 5181 5179
3 5046 5044 5182
3 5044 5183 5182
3 5044 5180 5183
3 5182 5047 5046
3 5048 5181 5045
3 5048 5184 5181
3 5183 5185 5182
3 5047 5182 5185
3 5186 5047 5185
3 5049 5047 5186
3 5050 5184 5048
3 5050 5187 5184
3 5186 5051 5049
3 5188 5051 5186
3 5052 5187 5050
3 5052 5189 5187
3 5188 5053 5051
3 5190 5053 5188
3 5054 5189 5052
3 5054 5191 5189
3 5190 5055 5053
3 5192 5055 5190
3 5056 5191 5054
3 5056 5193 5191
3 5192 5057 5055
3 5194 5057 5192
3 5058 5193 5056
3 5058 5195 5193
3 5194 5059 5057
3 5196 5059 5194
3 5060 5195 5058
3 5060 5197 5195
3 5196 5061 5059
3 5198 5061 5196
3 5062 5197 5060
3 5062 5199 5197
3 5198 5063 5061
3 5200 5063 5198
3 5064 5199 5062
3 5064 5201 5199
3 5200 5065 5063
3 5202 5065 5200
3 5066 5201 5064
3 5066 5203 5201
3 5202 5067 5065
3 5204 5067 5202
3 5068 5203 5066
3 5068 5205 5203
3 5204 5069 5067
3 5206 5069 5204
3 5070 5205 5068
3 5070 5207 5205
3 5210 5209 5208
3 5206 5210 5208
3 5071 5206 5208
3 5069 5206 5071
3 5072 5207 5070
3 5072 5211 5207
3 5209 5212 5208
3 5071 5208 5212
3 5213 5071 5212
3 5073 5071 5213
3 5074 5211 5072
3 5074 5214 5211
3 5213 5075 5073
3 5215 5075 5213
3 5076 5214 5074
3 5076 5216 5214
3 5217 5077 5078
3 5218 5217 5078
3 5075 5218 5078
3 5215 5218 5075
3 5079 5216 5076
3 5079 5219 5216
3 5221 5220 5217
3 5220 5077 5217
3 5220 5080 5077
3 5221 5217 5218
3 5081 5219 5079
3 5081 5222 5219
3 5220 5082 5080
3 5223 5082 5220
3 5083 5222 5081
3 5083 5224 5222
3 5223 5084 5082
3 5225 5084 5223
3 5085 5224 5083
3 5085 5226 5224
3 5225 5086 5084
3 5227 5086 5225
3 5229 5228 5088
3 5228 5085 5088
3 5228 5226 5085
3 5227 5090 5086
3 5230 5090 5227
3 5232 5231 5229
3 5089 5232 5229
3 5091 5232 5089
3 5229 5231 5228
3 5230 5092 5090
3 5233 5092 5230
3 5093 5232 5091
3 5093 5234 5232
3 5233 5094 5092
3 5235 5094 5233
3 5237 5236 5095
3 5237 5095 5096
3 5095 5238 5097
3 5236 5238 5095
3 5097 5239 5098
3 5238 5239 5097
3 5098 5240 5099
3 5239 5240 5098
3 5099 5241 5100
3 5240 5241 5099
3 5100 5242 5101
3 5241 5242 5100
3 5101 5243 5102
3 5242 5243 5101
3 5093 5102 5234
3 5234 5102 5243
3 5235 5103 5094
3 5244 5103 5235
3 5104 5237 5096
3 5104 5245 5237
3 5244 5105 5103
3 5246 5105 5244
3 5249 5248 5247
3 5248 5245 5247
3 5245 5106 5247
3 5245 5104 5106
3 5250 5109 5110
3 5111 5251 5110
3 5110 5251 5250
3 5251 5111 5113
3 5254 5253 5252
3 5252 5115 5254
3 5115 5114 5254
3 5256 5255 5254
3 5256 5254 5114
3 5117 5256 5114
3 5246 5119 5105
3 5257 5119 5246
3 5258 5250 5251
3 5258 5251 5259
3 5259 5252 5253
3 5259 5120 5252
3 5259 5251 5113
3 5120 5259 5113
3 5256 5260 5255
3 5115 5252 5120
3 5260 5256 5117
3 5121 5260 5117
3 5261 5260 5121
3 5262 5121 5122
3 5262 5261 5121
3 5263 5122 5123
3 5263 5262 5122
3 5264 5123 5124
3 5264 5263 5123
3 5124 5119 5257
3 5124 5257 5264
3 5267 5266 5265
3 5268 5265 5266
3 5267 5265 5269
3 5267 5269 5270
3 5272 5271 5128
3 5272 5128 5129
3 5127 5128 5273
3 5128 5274 5273
3 5128 5271 5274
3 5130 5272 5129
3 5130 5275 5272
3 5131 5275 5130
3 5131 5276 5275
3 5277 5133 5132
3 5278 5133 5277
3 5280 5279 5134
3 5280 5134 5135
3 5279 5282 5281
3 5136 5279 5281
3 5134 5279 5136
3 5283 5138 5136
3 5283 5136 5281
3 5140 5138 5283
3 5286 5285 5284
3 5287 5141 5142
3 5288 5286 5284
3 5289 5144 5141
3 5289 5141 5287
3 5146 5144 5289
3 5292 5291 5290
3 5290 5276 5292
3 5276 5147 5292
3 5276 5131 5147
3 5278 5148 5133
3 5293 5148 5278
3 5149 5280 5135
3 5149 5294 5280
3 5282 5295 5281
3 5281 5295 5283
3 5283 5295 5296
3 5285 5286 5296
3 5286 5150 5296
3 5140 5283 5296
3 5140 5296 5150
3 5286 5288 5150
3 5288 5297 5150
3 5287 5142 5150
3 5287 5150 5297
3 5287 5297 5289
3 5289 5297 5298
3 5291 5292 5298
3 5292 5151 5298
3 5146 5289 5298
3 5146 5298 5151
3 5151 5292 5147
3 5293 5152 5148
3 5299 5152 5293
3 5153 5294 5149
3 5153 5300 5294
3 5299 5154 5152
3 5301 5154 5299
3 5155 5156 5302
3 5302 5156 5303
3 5301 5157 5154
3 5304 5157 5301
3 5159 5303 5156
3 5159 5305 5303
3 5304 5160 5157
3 5306 5160 5304
3 5309 5308 5307
3 5306 5163 5160
3 5310 5163 5306
3 5164 5165 5309
3 5165 5308 5309
3 5165 5311 5308
3 5310 5166 5163
3 5312 5166 5310
3 5167 5311 5165
3 5167 5313 5311
3 5312 5168 5166
3 5314 5168 5312
3 5169 5313 5167
3 5169 5315 5313
3 5314 5170 5168
3 5316 5170 5314
3 5171 5315 5169
3 5171 5317 5315
3 5316 5172 5170
3 5318 5172 5316
3 5173 5317 5171
3 5173 5319 5317
3 5318 5174 5172
3 5320 5174 5318
3 5175 5319 5173
3 5175 5321 5319
3 5320 5176 5174
3 5322 5176 5320
3 5177 5321 5175
3 5177 5323 5321
3 5322 5178 5176
3 5324 5178 5322
3 5179 5323 5177
3 5179 5325 5323
3 5324 5180 5178
3 5326 5180 5324
3 5181 5325 5179
3 5181 5327 5325
3 5326 5183 5180
3 5328 5183 5326
3 5184 5327 5181
3 5184 5329 5327
3 5328 5330 5183
3 5183 5330 5185
3 5186 5185 5330
3 5186 5330 5331
3 5187 5329 5184
3 5187 5332 5329
3 5331 5188 5186
3 5333 5188 5331
3 5189 5332 5187
3 5189 5334 5332
3 5333 5190 5188
3 5335 5190 5333
3 5191 5334 5189
3 5191 5336 5334
3 5335 5192 5190
3 5337 5192 5335
3 5193 5336 5191
3 5193 5338 5336
3 5337 5194 5192
3 5339 5194 5337
3 5195 5338 5193
3 5195 5340 5338
3 5339 5196 5194
3 5341 5196 5339
3 5197 5340 5195
3 5197 5342 5340
3 5341 5198 5196
3 5343 5198 5341
3 5199 5342 5197
3 5199 5344 5342
3 5343 5200 5198
3 5345 5200 5343
3 5201 5344 5199
3 5201 5346 5344
3 5345 5202 5200
3 5347 5202 5345
3 5203 5346 5201
3 5203 5348 5346
3 5347 5204 5202
3 5349 5204 5347
3 5205 5348 5203
3 5205 5350 5348
3 5349 5206 5204
3 5351 5206 5349
3 5207 5350 5205
3 5207 5352 5350
3 5353 5209 5210
3 5354 5353 5210
3 5206 5354 5210
3 5351 5354 5206
3 5211 5352 5207
3 5211 5355 5352
3 5212 5209 5353
3 5358 5357 5356
3 5213 5356 5357
3 5213 5354 5356
3 5213 5212 5353
3 5354 5213 5353
3 5214 5355 5211
3 5214 5359 5355
3 5357 5358 5360
3 5360 5358 5361
3 5360 5215 5213
3 5360 5213 5357
3 5216 5359 5214
3 5216 5362 5359
3 5360 5361 5363
3 5363 5361 5364
3 5363 5218 5215
3 5363 5215 5360
3 5219 5362 5216
3 5219 5365 5362
3 5363 5364 5221
3 5364 5220 5221
3 5364 5366 5220
3 5363 5221 5218
3 5222 5365 5219
3 5222 5367 5365
3 5366 5223 5220
3 5368 5223 5366
3 5224 5367 5222
3 5224 5369 5367
3 5368 5225 5223
3 5370 5225 5368
3 5373 5372 5371
3 5372 5369 5371
3 5369 5226 5371
3 5369 5224 5226
3 5370 5227 5225
3 5374 5227 5370
3 5373 5371 5375
3 5373 5375 5376
3 5228 5375 5226
3 5226 5375 5371
3 5374 5230 5227
3 5377 5230 5374
3 5376 5375 5231
3 5232 5376 5231
3 5378 5376 5232
3 5231 5375 5228
3 5377 5233 5230
3 5379 5233 5377
3 5234 5378 5232
3 5234 5380 5378
3 5379 5235 5233
3 5381 5235 5379
3 5383 5382 5236
3 5383 5236 5237
3 5236 5384 5238
3 5382 5384 5236
3 5238 5385 5239
3 5384 5385 5238
3 5239 5386 5240
3 5385 5386 5239
3 5240 5387 5241
3 5386 5387 5240
3 5241 5388 5242
3 5387 5388 5241
3 5242 5389 5243
3 5388 5389 5242
3 5234 5243 5380
3 5380 5243 5389
3 5381 5244 5235
3 5390 5244 5381
3 5245 5383 5237
3 5245 5391 5383
3 5390 5246 5244
3 5392 5246 5390
3 5394 5393 5248
3 5394 5248 5249
3 5245 5248 5391
3 5391 5248 5393
3 5397 5396 5395
3 5395 5253 5397
3 5253 5254 5397
3 5399 5398 5397
3 5399 5397 5254
3 5401 5399 5400
3 5399 5254 5400
3 5255 5402 5400
3 5255 5400 5254
3 5404 5403 5402
3 5402 5403 5400
3 5404 5405 5403
3 5392 5257 5246
3 5406 5257 5392
3 5259 5395 5396
3 5407 5259 5396
3 5258 5259 5407
3 5399 5408 5398
3 5253 5395 5259
3 5255 5260 5402
3 5399 5401 5408
3 5402 5260 5261
3 5402 5261 5404
3 5409 5405 5404
3 5261 5409 5404
3 5262 5409 5261
3 5410 5262 5263
3 5410 5409 5262
3 5411 5263 5264
3 5411 5410 5263
3 5264 5257 5406
3 5264 5406 5411
3 5267 5412 5266
3 5412 5268 5266
3 5414 5413 5412
3 5267 5414 5412
3 5270 5414 5267
3 5416 5415 5271
3 5416 5271 5272
3 5271 5417 5274
3 5415 5417 5271
3 5420 5419 5418
3 5419 5416 5418
3 5416 5275 5418
3 5416 5272 5275
3 5421 5420 5418
3 5418 5275 5421
3 5275 5422 5421
3 5275 5276 5422
3 5423 5278 5277
3 5424 5278 5423
3 5426 5425 5279
3 5426 5279 5280
3 5428 5427 5282
3 5279 5428 5282
3 5425 5428 5279
3 5429 5427 5428
3 5285 5430 5284
3 5430 5288 5284
3 5433 5432 5431
3 5434 5290 5291
3 5435 5431 5432
3 5434 5436 5290
3 5436 5276 5290
3 5436 5422 5276
3 5424 5293 5278
3 5437 5293 5424
3 5294 5426 5280
3 5294 5438 5426
3 5427 5295 5282
3 5429 5439 5427
3 5439 5295 5427
3 5439 5296 5295
3 5285 5296 5430
3 5296 5440 5430
3 5296 5439 5440
3 5430 5440 5288
3 5440 5297 5288
3 5440 5441 5297
3 5431 5298 5433
3 5298 5441 5433
3 5298 5297 5441
3 5431 5435 5298
3 5435 5442 5298
3 5434 5291 5298
3 5434 5298 5442
3 5434 5442 5436
3 5437 5299 5293
3 5443 5299 5437
3 5300 5438 5294
3 5300 5444 5438
3 5443 5301 5299
3 5445 5301 5443
3 5302 5303 5446
3 5446 5303 5447
3 5445 5304 5301
3 5448 5304 5445
3 5305 5447 5303
3 5305 5449 5447
3 5448 5306 5304
3 5450 5306 5448
3 5305 5307 5451
3 5452 5305 5451
3 5449 5305 5452
3 5308 5451 5307
3 5450 5310 5306
3 5453 5310 5450
3 5452 5451 5454
3 5452 5454 5455
3 5311 5454 5308
3 5308 5454 5451
3 5453 5312 5310
3 5456 5312 5453
3 5454 5311 5457
3 5311 5458 5457
3 5311 5313 5458
3 5456 5314 5312
3 5459 5314 5456
3 5315 5458 5313
3 5315 5460 5458
3 5459 5316 5314
3 5461 5316 5459
3 5317 5460 5315
3 5317 5462 5460
3 5461 5318 5316
3 5463 5318 5461
3 5319 5462 5317
3 5319 5464 5462
3 5463 5320 5318
3 5465 5320 5463
3 5321 5464 5319
3 5321 5466 5464
3 5465 5322 5320
3 5467 5322 5465
3 5323 5466 5321
3 5323 5468 5466
3 5467 5324 5322
3 5469 5324 5467
3 5325 5468 5323
3 5325 5470 5468
3 5469 5326 5324
3 5471 5326 5469
3 5327 5470 5325
3 5327 5472 5470
3 5471 5328 5326
3 5473 5328 5471
3 5329 5472 5327
3 5329 5474 5472
3 5473 5475 5328
3 5328 5475 5330
3 5331 5330 5475
3 5331 5475 5476
3 5332 5474 5329
3 5332 5477 5474
3 5480 5479 5478
3 5476 5480 5478
3 5333 5476 5478
3 5331 5476 5333
3 5334 5477 5332
3 5334 5481 5477
3 5478 5479 5482
3 5482 5479 5483
3 5482 5335 5333
3 5482 5333 5478
3 5336 5481 5334
3 5336 5484 5481
3 5483 5485 5482
3 5335 5482 5485
3 5486 5335 5485
3 5337 5335 5486
3 5338 5484 5336
3 5338 5487 5484
3 5486 5339 5337
3 5488 5339 5486
3 5340 5487 5338
3 5340 5489 5487
3 5488 5341 5339
3 5490 5341 5488
3 5342 5489 5340
3 5342 5491 5489
3 5490 5343 5341
3 5492 5343 5490
3 5344 5491 5342
3 5344 5493 5491
3 5492 5345 5343
3 5494 5345 5492
3 5346 5493 5344
3 5346 5495 5493
3 5494 5347 5345
3 5496 5347 5494
3 5348 5495 5346
3 5348 5497 5495
3 5496 5349 5347
3 5498 5349 5496
3 5350 5497 5348
3 5350 5499 5497
3 5502 5501 5500
3 5498 5502 5500
3 5351 5498 5500
3 5349 5498 5351
3 5352 5499 5350
3 5352 5503 5499
3 5500 5501 5504
3 5504 5501 5505
3 5504 5354 5351
3 5504 5351 5500
3 5355 5503 5352
3 5355 5506 5503
3 5507 5358 5356
3 5505 5508 5504
3 5509 5504 5508
3 5509 5354 5504
3 5509 5507 5356
3 5354 5509 5356
3 5359 5506 5355
3 5359 5510 5506
3 5512 5511 5507
3 5511 5358 5507
3 5511 5361 5358
3 5512 5507 5509
3 5362 5510 5359
3 5362 5513 5510
3 5511 5364 5361
3 5514 5364 5511
3 5365 5513 5362
3 5365 5515 5513
3 5514 5366 5364
3 5516 5366 5514
3 5367 5515 5365
3 5367 5517 5515
3 5516 5368 5366
3 5518 5368 5516
3 5369 5517 5367
3 5369 5519 5517
3 5518 5370 5368
3 5520 5370 5518
3 5522 5521 5372
3 5521 5369 5372
3 5521 5519 5369
3 5520 5374 5370
3 5523 5374 5520
3 5521 5522 5524
3 5524 5522 5525
3 5523 5377 5374
3 5526 5377 5523
3 5528 5527 5525
3 5376 5528 5525
3 5378 5528 5376
3 5525 5527 5524
3 5526 5379 5377
3 5529 5379 5526
3 5380 5528 5378
3 5380 5530 5528
3 5529 5381 5379
3 5531 5381 5529
3 5533 5532 5382
3 5533 5382 5383
3 5382 5534 5384
3 5532 5534 5382
3 5384 5535 5385
3 5534 5535 5384
3 5385 5536 5386
3 5535 5536 5385
3 5386 5537 5387
3 5536 5537 5386
3 5387 5538 5388
3 5537 5538 5387
3 5388 5539 5389
3 5538 5539 5388
3 5380 5389 5530
3 5530 5389 5539
3 5531 5390 5381
3 5540 5390 5531
3 5391 5533 5383
3 5391 5541 5533
3 5540 5392 5390
3 5542 5392 5540
3 5544 5543 5393
3 5544 5393 5394
3 5391 5393 5541
3 5541 5393 5543
3 5546 5545 5397
3 5397 5545 5396
3 5548 5547 5398
3 5547 5397 5398
3 5547 5546 5397
3 5401 5400 5548
3 5400 5547 5548
3 5400 5549 5547
3 5550 5400 5403
3 5550 5549 5400
3 5403 5405 5550
3 5550 5405 5551
3 5542 5406 5392
3 5552 5406 5542
3 5407 5396 5545
3 5407 5545 5553
3 5408 5548 5398
3 5548 5408 5401
3 5554 5551 5405
3 5554 5405 5409
3 5555 5409 5410
3 5555 5554 5409
3 5557 5555 5556
3 5555 5411 5556
3 5555 5410 5411
3 5558 5556 5411
3 5406 5558 5411
3 5552 5558 5406
3 5559 5557 5556
3 5559 5556 5558
3 5562 5561 5560
3 5562 5560 5415
3 5416 5562 5415
3 5563 5562 5416
3 5565 5564 5560
3 5564 5415 5560
3 5564 5417 5415
3 5567 5566 5419
3 5566 5416 5419
3 5566 5563 5416
3 5421 5567 5420
3 5421 5422 5567
3 5422 5566 5567
3 5422 5568 5566
3 5569 5424 5423
3 5570 5424 5569
3 5572 5571 5425
3 5572 5425 5426
3 5571 5574 5573
3 5428 5571 5573
3 5425 5571 5428
3 5573 5429 5428
3 5433 5575 5432
3 5435 5432 5575
3 5578 5577 5576
3 5576 5568 5578
3 5568 5436 5578
3 5568 5422 5436
3 5570 5437 5424
3 5579 5437 5570
3 5438 5572 5426
3 5438 5580 5572
3 5574 5581 5573
3 5573 5581 5429
3 5581 5439 5429
3 5581 5582 5439
3 5439 5583 5440
3 5582 5583 5439
3 5440 5584 5441
3 5583 5584 5440
3 5433 5441 5575
3 5441 5585 5575
3 5441 5584 5585
3 5577 5578 5585
3 5578 5442 5585
3 5435 5575 5585
3 5435 5585 5442
3 5442 5578 5436
3 5579 5443 5437
3 5586 5443 5579
3 5444 5580 5438
3 5444 5587 5580
3 5586 5445 5443
3 5588 5445 5586
3 5591 5590 5589
3 5446 5447 5592
3 5592 5447 5593
3 5588 5448 5445
3 5594 5448 5588
3 5449 5593 5447
3 5449 5595 5593
3 5594 5450 5448
3 5596 5450 5594
3 5452 5595 5449
3 5452 5597 5595
3 5596 5453 5450
3 5598 5453 5596
3 5455 5597 5452
3 5455 5599 5597
3 5598 5456 5453
3 5600 5456 5598
3 5457 5458 5601
3 5601 5458 5602
3 5600 5459 5456
3 5603 5459 5600
3 5460 5602 5458
3 5460 5604 5602
3 5603 5461 5459
3 5605 5461 5603
3 5462 5604 5460
3 5462 5606 5604
3 5605 5463 5461
3 5607 5463 5605
3 5464 5606 5462
3 5464 5608 5606
3 5607 5465 5463
3 5609 5465 5607
3 5466 5608 5464
3 5466 5610 5608
3 5609 5467 5465
3 5611 5467 5609
3 5468 5610 5466
3 5468 5612 5610
3 5611 5469 5467
3 5613 5469 5611
3 5470 5612 5468
3 5470 5614 5612
3 5613 5471 5469
3 5615 5471 5613
3 5472 5614 5470
3 5472 5616 5614
3 5615 5473 5471
3 5617 5473 5615
3 5474 5616 5472
3 5474 5618 5616
3 5475 5473 5619
3 5473 5620 5619
3 5473 5617 5620
3 5619 5476 5475
3 5477 5618 5474
3 5477 5621 5618
3 5619 5620 5480
3 5620 5479 5480
3 5620 5622 5479
3 5619 5480 5476
3 5481 5621 5477
3 5481 5623 5621
3 5622 5483 5479
3 5624 5483 5622
3 5484 5623 5481
3 5484 5625 5623
3 5624 5626 5483
3 5483 5626 5485
3 5486 5485 5626
3 5486 5626 5627
3 5487 5625 5484
3 5487 5628 5625
3 5627 5488 5486
3 5629 5488 5627
3 5489 5628 5487
3 5489 5630 5628
3 5629 5490 5488
3 5631 5490 5629
3 5491 5630 5489
3 5491 5632 5630
3 5631 5492 5490
3 5633 5492 5631
3 5493 5632 5491
3 5493 5634 5632
3 5633 5494 5492
3 5635 5494 5633
3 5495 5634 5493
3 5495 5636 5634
3 5635 5496 5494
3 5637 5496 5635
3 5497 5636 5495
3 5497 5638 5636
3 5637 5498 5496
3 5639 5498 5637
3 5499 5638 5497
3 5499 5640 5638
3 5642 5641 5502
3 5502 5641 5501
3 5502 5498 5639
3 5502 5639 5642
3 5503 5640 5499
3 5503 5643 5640
3 5641 5505 5501
3 5644 5505 5641
3 5506 5643 5503
3 5506 5645 5643
3 5508 5505 5646
3 5505 5647 5646
3 5505 5644 5647
3 5646 5509 5508
3 5510 5645 5506
3 5510 5648 5645
3 5646 5647 5512
3 5647 5511 5512
3 5647 5649 5511
3 5646 5512 5509
3 5513 5648 5510
3 5513 5650 5648
3 5649 5514 5511
3 5651 5514 5649
3 5515 5650 5513
3 5515 5652 5650
3 5651 5516 5514
3 5653 5516 5651
3 5517 5652 5515
3 5517 5654 5652
3 5653 5518 5516
3 5655 5518 5653
3 5519 5654 5517
3 5519 5656 5654
3 5655 5520 5518
3 5657 5520 5655
3 5660 5659 5658
3 5659 5656 5658
3 5656 5521 5658
3 5656 5519 5521
3 5657 5523 5520
3 5661 5523 5657
3 5660 5658 5662
3 5660 5662 5663
3 5524 5662 5521
3 5521 5662 5658
3 5661 5526 5523
3 5664 5526 5661
3 5663 5662 5527
3 5528 5663 5527
3 5665 5663 5528
3 5527 5662 5524
3 5664 5529 5526
3 5666 5529 5664
3 5669 5668 5667
3 5671 5670 5667
3 5671 5667 5668
3 5530 5665 5528
3 5530 5672 5665
3 5666 5531 5529
3 5673 5531 5666
3 5533 5674 5532
3 5674 5667 5532
3 5667 5670 5532
3 5674 5675 5667
3 5677 5676 5670
3 5676 5532 5670
3 5676 5534 5532
3 5534 5678 5535
3 5676 5678 5534
3 5535 5679 5536
3 5678 5679 5535
3 5536 5680 5537
3 5679 5680 5536
3 5537 5681 5538
3 5680 5681 5537
3 5538 5682 5539
3 5681 5682 5538
3 5530 5539 5672
3 5672 5539 5682
3 5673 5540 5531
3 5683 5540 5673
3 5541 5674 5533
3 5541 5684 5674
3 5683 5542 5540
3 5685 5542 5683
3 5687 5686 5543
3 5686 5541 5543
3 5686 5684 5541
3 5689 5688 5546
3 5546 5688 5545
3 5690 5546 5547
3 5690 5689 5546
3 5691 5547 5549
3 5691 5690 5547
3 5692 5549 5550
3 5692 5691 5549
3 5550 5551 5692
3 5692 5551 5693
3 5685 5552 5542
3 5694 5552 5685
3 5553 5545 5688
3 5553 5688 5695
3 5696 5693 5551
3 5696 5551 5554
3 5697 5554 5555
3 5697 5696 5554
3 5699 5698 5557
3 5698 5555 5557
3 5698 5697 5555
3 5694 5698 5699
3 5558 5694 5699
3 5552 5694 5558
3 5559 5699 5557
3 5699 5559 5558
3 5701 5700 5561
3 5701 5561 5562
3 5563 5701 5562
3 5563 5702 5701
3 5704 5703 5565
3 5565 5703 5564
3 5566 5702 5563
3 5566 5705 5702
3 5568 5705 5566
3 5568 5706 5705
3 5707 5570 5569
3 5708 5570 5707
3 5710 5709 5571
3 5710 5571 5572
3 5712 5711 5574
3 5571 5712 5574
3 5709 5712 5571
3 5714 5713 5711
3 5714 5711 5712
3 5715 5713 5714
3 5577 5716 5576
3 5716 5717 5576
3 5717 5568 5576
3 5717 5706 5568
3 5708 5579 5570
3 5718 5579 5708
3 5580 5710 5572
3 5580 5719 5710
3 5711 5581 5574
3 5581 5711 5582
3 5582 5711 5713
3 5715 5720 5713
3 5720 5582 5713
3 5720 5583 5582
3 5583 5721 5584
3 5720 5721 5583
3 5584 5722 5585
3 5721 5722 5584
3 5577 5585 5716
3 5585 5723 5716
3 5585 5722 5723
3 5716 5723 5717
3 5718 5586 5579
3 5724 5586 5718
3 5587 5719 5580
3 5587 5725 5719
3 5724 5588 5586
3 5726 5588 5724
3 5728 5727 5590
3 5728 5590 5591
3 5587 5729 5725
3 5730 5725 5729
3 5725 5730 5727
3 5731 5727 5730
3 5727 5731 5590
3 5733 5732 5729
3 5729 5732 5730
3 5735 5734 5733
3 5733 5734 5732
3 5592 5593 5736
3 5736 5593 5737
3 5726 5594 5588
3 5738 5594 5726
3 5595 5737 5593
3 5595 5739 5737
3 5738 5596 5594
3 5740 5596 5738
3 5597 5739 5595
3 5597 5741 5739
3 5740 5598 5596
3 5742 5598 5740
3 5599 5741 5597
3 5599 5743 5741
3 5742 5600 5598
3 5744 5600 5742
3 5599 5601 5745
3 5746 5599 5745
3 5743 5599 5746
3 5602 5745 5601
3 5744 5603 5600
3 5747 5603 5744
3 5745 5602 5748
3 5602 5749 5748
3 5602 5604 5749
3 5747 5605 5603
3 5750 5605 5747
3 5606 5749 5604
3 5606 5751 5749
3 5750 5607 5605
3 5752 5607 5750
3 5608 5751 5606
3 5608 5753 5751
3 5752 5609 5607
3 5754 5609 5752
3 5610 5753 5608
3 5610 5755 5753
3 5754 5611 5609
3 5756 5611 5754
3 5612 5755 5610
3 5612 5757 5755
3 5756 5613 5611
3 5758 5613 5756
3 5614 5757 5612
3 5614 5759 5757
3 5758 5615 5613
3 5760 5615 5758
3 5616 5759 5614
3 5616 5761 5759
3 5760 5617 5615
3 5762 5617 5760
3 5618 5761 5616
3 5618 5763 5761
3 5762 5620 5617
3 5764 5620 5762
3 5621 5763 5618
3 5621 5765 5763
3 5764 5622 5620
3 5766 5622 5764
3 5623 5765 5621
3 5623 5767 5765
3 5766 5624 5622
3 5768 5624 5766
3 5625 5767 5623
3 5625 5769 5767
3 5626 5624 5770
3 5624 5771 5770
3 5624 5768 5771
3 5770 5627 5626
3 5628 5769 5625
3 5628 5772 5769
3 5770 5771 5773
3 5773 5771 5774
3 5773 5629 5627
3 5773 5627 5770
3 5630 5772 5628
3 5630 5775 5772
3 5774 5776 5773
3 5629 5773 5776
3 5777 5629 5776
3 5631 5629 5777
3 5632 5775 5630
3 5632 5778 5775
3 5781 5780 5779
3 5777 5781 5779
3 5633 5777 5779
3 5631 5777 5633
3 5634 5778 5632
3 5634 5782 5778
3 5780 5783 5779
3 5633 5779 5783
3 5784 5633 5783
3 5635 5633 5784
3 5636 5782 5634
3 5636 5785 5782
3 5784 5637 5635
3 5786 5637 5784
3 5638 5785 5636
3 5638 5787 5785
3 5790 5789 5788
3 5786 5790 5788
3 5639 5786 5788
3 5637 5786 5639
3 5640 5787 5638
3 5640 5791 5787
3 5788 5789 5642
3 5789 5641 5642
3 5789 5792 5641
3 5788 5642 5639
3 5643 5791 5640
3 5643 5793 5791
3 5792 5644 5641
3 5794 5644 5792
3 5645 5793 5643
3 5645 5795 5793
3 5794 5647 5644
3 5796 5647 5794
3 5648 5795 5645
3 5648 5797 5795
3 5796 5649 5647
3 5798 5649 5796
3 5650 5797 5648
3 5650 5799 5797
3 5798 5651 5649
3 5800 5651 5798
3 5652 5799 5650
3 5652 5801 5799
3 5800 5653 5651
3 5802 5653 5800
3 5654 5801 5652
3 5654 5803 5801
3 5802 5655 5653
3 5804 5655 5802
3 5656 5803 5654
3 5656 5805 5803
3 5804 5657 5655
3 5806 5657 5804
3 5808 5807 5659
3 5808 5659 5660
3 5656 5659 5805
3 5805 5659 5807
3 5806 5661 5657
3 5809 5661 5806
3 5663 5808 5660
3 5663 5810 5808
3 5809 5664 5661
3 5811 5664 5809
3 5665 5810 5663
3 5665 5812 5810
3 5811 5666 5664
3 5813 5666 5811
3 5815 5814 5668
3 5815 5668 5669
3 5668 5816 5671
3 5814 5816 5668
3 5672 5812 5665
3 5672 5817 5812
3 5813 5673 5666
3 5818 5673 5813
3 5675 5674 5819
3 5819 5674 5820
3 5822 5821 5677
3 5677 5821 5676
3 5676 5823 5678
3 5821 5823 5676
3 5678 5824 5679
3 5823 5824 5678
3 5679 5825 5680
3 5824 5825 5679
3 5680 5826 5681
3 5825 5826 5680
3 5681 5827 5682
3 5826 5827 5681
3 5672 5682 5817
3 5817 5682 5827
3 5818 5683 5673
3 5828 5683 5818
3 5684 5820 5674
3 5684 5829 5820
3 5828 5685 5683
3 5830 5685 5828
3 5833 5832 5831
3 5832 5829 5831
3 5829 5686 5831
3 5829 5684 5686
3 5835 5834 5689
3 5689 5834 5688
3 5836 5689 5690
3 5836 5835 5689
3 5837 5690 5691
3 5837 5836 5690
3 5838 5691 5692
3 5838 5837 5691
3 5840 5839 5693
3 5839 5692 5693
3 5839 5838 5692
3 5840 5841 5839
3 5830 5694 5685
3 5842 5694 5830
3 5695 5688 5834
3 5695 5834 5843
3 5696 5840 5693
3 5844 5841 5840
3 5696 5844 5840
3 5697 5844 5696
3 5845 5697 5698
3 5845 5844 5697
3 5698 5694 5842
3 5698 5842 5845
3 5848 5847 5846
3 5849 5846 5847
3 5851 5850 5700
3 5701 5851 5700
3 5852 5851 5701
3 5702 5852 5701
3 5702 5853 5852
3 5855 5854 5704
3 5704 5854 5703
3 5858 5857 5856
3 5857 5853 5856
3 5853 5705 5856
3 5853 5702 5705
3 5858 5856 5859
3 5858 5859 5860
3 5863 5862 5861
3 5705 5706 5856
3 5859 5856 5706
3 5861 5864 5863
3 5865 5708 5707
3 5866 5708 5865
3 5868 5867 5709
3 5868 5709 5710
3 5867 5870 5869
3 5712 5867 5869
3 5709 5867 5712
3 5871 5714 5712
3 5871 5712 5869
3 5871 5715 5714
3 5872 5860 5859
3 5862 5873 5861
3 5872 5859 5874
3 5706 5874 5859
3 5874 5706 5717
3 5861 5873 5864
3 5866 5718 5708
3 5875 5718 5866
3 5719 5868 5710
3 5719 5876 5868
3 5870 5877 5869
3 5869 5877 5871
3 5871 5877 5878
3 5871 5878 5715
3 5878 5720 5715
3 5878 5879 5720
3 5720 5880 5721
3 5879 5880 5720
3 5721 5881 5722
3 5880 5881 5721
3 5722 5882 5723
3 5881 5882 5722
3 5717 5723 5874
3 5874 5723 5882
3 5875 5724 5718
3 5883 5724 5875
3 5725 5876 5719
3 5725 5884 5876
3 5883 5726 5724
3 5885 5726 5883
3 5887 5886 5727
3 5887 5727 5728
3 5725 5727 5884
3 5884 5727 5886
3 5890 5889 5888
3 5889 5891 5888
3 5889 5892 5891
3 5895 5894 5893
3 5894 5736 5893
3 5894 5896 5736
3 5737 5893 5736
3 5885 5738 5726
3 5897 5738 5885
3 5893 5737 5898
3 5737 5899 5898
3 5737 5739 5899
3 5897 5740 5738
3 5900 5740 5897
3 5741 5899 5739
3 5741 5901 5899
3 5900 5742 5740
3 5902 5742 5900
3 5743 5901 5741
3 5743 5903 5901
3 5902 5744 5742
3 5904 5744 5902
3 5746 5903 5743
3 5746 5905 5903
3 5904 5747 5744
3 5906 5747 5904
3 5748 5749 5907
3 5907 5749 5908
3 5906 5750 5747
3 5909 5750 5906
3 5751 5908 5749
3 5751 5910 5908
3 5909 5752 5750
3 5911 5752 5909
3 5753 5910 5751
3 5753 5912 5910
3 5911 5754 5752
3 5913 5754 5911
3 5755 5912 5753
3 5755 5914 5912
3 5913 5756 5754
3 5915 5756 5913
3 5757 5914 5755
3 5757 5916 5914
3 5915 5758 5756
3 5917 5758 5915
3 5759 5916 5757
3 5759 5918 5916
3 5917 5760 5758
3 5919 5760 5917
3 5761 5918 5759
3 5761 5920 5918
3 5919 5762 5760
3 5921 5762 5919
3 5763 5920 5761
3 5763 5922 5920
3 5921 5764 5762
3 5923 5764 5921
3 5765 5922 5763
3 5765 5924 5922
3 5923 5766 5764
3 5925 5766 5923
3 5767 5924 5765
3 5767 5926 5924
3 5928 5768 5927
3 5768 5925 5927
3 5768 5766 5925
3 5929 5928 5927
3 5769 5926 5767
3 5769 5930 5926
3 5931 5771 5928
3 5928 5771 5768
3 5928 5929 5932
3 5928 5932 5931
3 5772 5930 5769
3 5772 5933 5930
3 5935 5934 5931
3 5934 5771 5931
3 5934 5774 5771
3 5935 5931 5932
3 5775 5933 5772
3 5775 5936 5933
3 5776 5774 5937
3 5774 5938 5937
3 5774 5934 5938
3 5937 5777 5776
3 5778 5936 5775
3 5778 5939 5936
3 5937 5938 5781
3 5938 5780 5781
3 5938 5940 5780
3 5937 5781 5777
3 5782 5939 5778
3 5782 5941 5939
3 5783 5780 5942
3 5780 5943 5942
3 5780 5940 5943
3 5942 5784 5783
3 5785 5941 5782
3 5785 5944 5941
3 5942 5943 5945
3 5945 5943 5946
3 5945 5786 5784
3 5945 5784 5942
3 5787 5944 5785
3 5787 5947 5944
3 5949 5948 5946
3 5948 5789 5946
3 5790 5945 5946
3 5790 5946 5789
3 5790 5786 5945
3 5948 5949 5950
3 5791 5947 5787
3 5791 5951 5947
3 5953 5952 5948
3 5952 5789 5948
3 5952 5792 5789
3 5953 5948 5950
3 5793 5951 5791
3 5793 5954 5951
3 5952 5794 5792
3 5955 5794 5952
3 5795 5954 5793
3 5795 5956 5954
3 5955 5796 5794
3 5957 5796 5955
3 5797 5956 5795
3 5797 5958 5956
3 5957 5798 5796
3 5959 5798 5957
3 5799 5958 5797
3 5799 5960 5958
3 5959 5800 5798
3 5961 5800 5959
3 5801 5960 5799
3 5801 5962 5960
3 5961 5802 5800
3 5963 5802 5961
3 5966 5965 5964
3 5965 5962 5964
3 5962 5803 5964
3 5962 5801 5803
3 5963 5804 5802
3 5967 5804 5963
3 5966 5964 5968
3 5966 5968 5969
3 5805 5968 5803
3 5803 5968 5964
3 5967 5806 5804
3 5970 5806 5967
3 5969 5968 5807
3 5808 5969 5807
3 5971 5969 5808
3 5807 5968 5805
3 5970 5809 5806
3 5972 5809 5970
3 5810 5971 5808
3 5810 5973 5971
3 5972 5811 5809
3 5974 5811 5972
3 5812 5973 5810
3 5812 5975 5973
3 5974 5813 5811
3 5976 5813 5974
3 5978 5977 5814
3 5978 5814 5815
3 5814 5979 5816
3 5977 5979 5814
3 5981 5980 5822
3 5816 5981 5822
3 5979 5981 5816
3 5983 5982 5980
3 5983 5980 5981
3 5986 5985 5984
3 5817 5975 5812
3 5817 5987 5975
3 5976 5818 5813
3 5988 5818 5976
3 5819 5820 5989
3 5989 5820 5990
3 5980 5821 5822
3 5821 5980 5823
3 5823 5980 5982
3 5992 5991 5982
3 5991 5823 5982
3 5991 5824 5823
3 5984 5825 5986
3 5825 5991 5986
3 5825 5824 5991
3 5994 5993 5984
3 5993 5825 5984
3 5993 5826 5825
3 5826 5995 5827
3 5993 5995 5826
3 5817 5827 5987
3 5987 5827 5995
3 5988 5828 5818
3 5996 5828 5988
3 5829 5990 5820
3 5829 5997 5990
3 5996 5830 5828
3 5998 5830 5996
3 6000 5999 5832
3 6000 5832 5833
3 5829 5832 5997
3 5997 5832 5999
3 6003 6002 6001
3 5834 5835 6001
3 5835 6003 6001
3 5835 6004 6003
3 6006 6004 6005
3 6004 5836 6005
3 6004 5835 5836
3 6005 5836 6007
3 5836 6008 6007
3 5836 5837 6008
3 6009 5837 5838
3 6009 6008 5837
3 6011 6009 6010
3 6009 5839 6010
3 6009 5838 5839
3 5841 6010 5839
3 5998 5842 5830
3 6012 5842 5998
3 6001 5843 5834
3 6013 6006 6005
3 6013 6005 6007
3 6014 6011 6010
3 6014 6010 5841
3 5844 6014 5841
3 6015 6014 5844
3 6016 5844 5845
3 6016 6015 5844
3 5845 5842 6012
3 5845 6012 6016
3 6018 6017 5847
3 6018 5847 5848
3 5849 5847 6017
3 5849 6017 6019
3 5848 6021 6020
3 6022 5848 6020
3 6018 5848 6022
3 6025 6024 6023
3 6025 6023 6026
3 5852 6023 5851
3 5851 6023 6024
3 6023 5852 6027
3 5852 6028 6027
3 5852 5853 6028
3 6030 6029 5855
3 5855 6029 5854
3 6032 6031 5857
3 6032 5857 5858
3 5853 5857 6028
3 6028 5857 6031
3 5860 6032 5858
3 5860 6033 6032
3 6034 5862 5863
3 5864 6034 5863
3 6035 5866 5865
3 6036 5866 6035
3 6039 6038 6037
3 5867 5868 6037
3 6038 5867 6037
3 6040 5867 6038
3 5870 5867 6040
3 5870 6040 6041
3 6042 6033 5860
3 6042 5860 5872
3 6034 5873 5862
3 6042 5872 6043
3 5874 6043 5872
3 5873 6034 5864
3 6036 5875 5866
3 6044 5875 6036
3 6037 5868 6045
3 5868 6046 6045
3 5868 5876 6046
3 6041 6047 5870
3 5870 6047 5877
3 5877 6048 5878
3 6047 6048 5877
3 5878 6049 5879
3 6048 6049 5878
3 5879 6050 5880
3 6049 6050 5879
3 5880 6051 5881
3 6050 6051 5880
3 5881 6052 5882
3 6051 6052 5881
3 5874 5882 6043
3 6043 5882 6052
3 6044 5883 5875
3 6053 5883 6044
3 5884 6046 5876
3 5884 6054 6046
3 6053 5885 5883
3 6055 5885 6053
3 6057 6056 5886
3 6057 5886 5887
3 5884 5886 6054
3 6054 5886 6056
3 6059 6058 5889
3 5890 6059 5889
3 6061 6060 5894
3 6064 6063 6062
3 6055 5897 5885
3 6065 5897 6055
3 5898 5899 6064
3 5899 6063 6064
3 5899 6066 6063
3 6065 5900 5897
3 6067 5900 6065
3 5901 6066 5899
3 5901 6068 6066
3 6067 5902 5900
3 6069 5902 6067
3 5903 6068 5901
3 5903 6070 6068
3 6069 5904 5902
3 6071 5904 6069
3 5905 6070 5903
3 5905 6072 6070
3 6071 5906 5904
3 6073 5906 6071
3 5905 5907 6074
3 6075 5905 6074
3 6072 5905 6075
3 5908 6074 5907
3 6073 5909 5906
3 6076 5909 6073
3 6075 6074 6077
3 6075 6077 6078
3 5910 6077 5908
3 5908 6077 6074
3 6076 5911 5909
3 6079 5911 6076
3 6077 5910 6080
3 5910 6081 6080
3 5910 5912 6081
3 6079 5913 5911
3 6082 5913 6079
3 5914 6081 5912
3 5914 6083 6081
3 6082 5915 5913
3 6084 5915 6082
3 5916 6083 5914
3 5916 6085 6083
3 6084 5917 5915
3 6086 5917 6084
3 5918 6085 5916
3 5918 6087 6085
3 6086 5919 5917
3 6088 5919 6086
3 5920 6087 5918
3 5920 6089 6087
3 6088 5921 5919
3 6090 5921 6088
3 5922 6089 5920
3 5922 6091 6089
3 6090 5923 5921
3 6092 5923 6090
3 5924 6091 5922
3 5924 6093 6091
3 6092 5925 5923
3 6094 5925 6092
3 5926 6093 5924
3 5926 6095 6093
3 5927 5925 6096
3 5925 6097 6096
3 5925 6094 6097
3 6096 5929 5927
3 5930 6095 5926
3 5930 6098 6095
3 6096 6097 6099
3 6099 6097 6100
3 6099 5932 5929
3 6099 5929 6096
3 5933 6098 5930
3 5933 6101 6098
3 6099 6100 5935
3 6100 5934 5935
3 6100 6102 5934
3 6099 5935 5932
3 5936 6101 5933
3 5936 6103 6101
3 6102 5938 5934
3 6104 5938 6102
3 5939 6103 5936
3 5939 6105 6103
3 6104 5940 5938
3 6106 5940 6104
3 5941 6105 5939
3 5941 6107 6105
3 6106 5943 5940
3 6108 5943 6106
3 5944 6107 5941
3 5944 6109 6107
3 6108 5946 5943
3 6110 5946 6108
3 5947 6109 5944
3 5947 6111 6109
3 5949 5946 6112
3 5946 6113 6112
3 5946 6110 6113
3 6112 5950 5949
3 5951 6111 5947
3 5951 6114 6111
3 6112 6113 5953
3 6113 5952 5953
3 6113 6115 5952
3 6112 5953 5950
3 5954 6114 5951
3 5954 6116 6114
3 6115 5955 5952
3 6117 5955 6115
3 5956 6116 5954
3 5956 6118 6116
3 6117 5957 5955
3 6119 5957 6117
3 5958 6118 5956
3 5958 6120 6118
3 6119 5959 5957
3 6121 5959 6119
3 5960 6120 5958
3 5960 6122 6120
3 6121 5961 5959
3 6123 5961 6121
3 5962 6122 5960
3 5962 6124 6122
3 6123 5963 5961
3 6125 5963 6123
3 6127 6126 5965
3 6126 5962 5965
3 6126 6124 5962
3 6125 5967 5963
3 6128 5967 6125
3 6130 6129 6127
3 5966 6130 6127
3 5969 6130 5966
3 6127 6129 6126
3 6128 5970 5967
3 6131 5970 6128
3 5971 6130 5969
3 5971 6132 6130
3 6131 5972 5970
3 6133 5972 6131
3 5973 6132 5971
3 5973 6134 6132
3 6133 5974 5972
3 6135 5974 6133
3 5975 6134 5973
3 5975 6136 6134
3 6135 5976 5974
3 6137 5976 6135
3 6139 6138 5977
3 6139 5977 5978
3 5977 6140 5979
3 6138 6140 5977
3 5979 6141 5981
3 6140 6141 5979
3 5981 6142 5983
3 6141 6142 5981
3 6144 6143 5992
3 5983 6144 5992
3 6142 6144 5983
3 5985 5986 6143
3 6144 5985 6143
3 6145 5985 6144
3 6147 6146 5994
3 5985 6147 5994
3 6145 6147 5985
3 5987 6136 5975
3 5987 6148 6136
3 6137 5988 5976
3 6149 5988 6137
3 5978 5989 6150
3 6151 5978 6150
3 6139 5978 6151
3 5990 6150 5989
3 6143 5991 5992
3 5991 6143 5986
3 6146 5993 5994
3 6153 6152 6146
3 6152 5993 6146
3 6152 5995 5993
3 5987 5995 6148
3 6148 5995 6152
3 6149 5996 5988
3 6154 5996 6149
3 6150 5990 6155
3 5990 6156 6155
3 5990 5997 6156
3 6154 5998 5996
3 6157 5998 6154
3 6159 6158 5999
3 6159 5999 6000
3 5997 5999 6156
3 6156 5999 6158
3 6161 6160 6003
3 6003 6160 6002
3 6162 6003 6004
3 6162 6161 6003
3 6164 6163 6006
3 6163 6004 6006
3 6163 6162 6004
3 6007 6008 6164
3 6008 6163 6164
3 6008 6165 6163
3 6167 6165 6166
3 6165 6009 6166
3 6165 6008 6009
3 6169 6166 6168
3 6166 6009 6168
3 6011 6170 6168
3 6011 6168 6009
3 6170 6171 6168
3 6157 6012 5998
3 6172 6012 6157
3 6013 6164 6006
3 6164 6013 6007
3 6173 6167 6166
3 6011 6014 6170
3 6166 6169 6173
3 6174 6171 6170
3 6014 6174 6170
3 6015 6174 6014
3 6176 6174 6175
3 6174 6016 6175
3 6174 6015 6016
3 6177 6175 6016
3 6012 6177 6016
3 6172 6177 6012
3 6176 6175 6017
3 6018 6176 6017
3 6178 6176 6018
3 6019 6017 6175
3 6177 6019 6175
3 6179 6019 6177
3 6022 6178 6018
3 6022 6180 6178
3 6183 6182 6181
3 6181 6182 6184
3 6186 6030 6185
3 6030 6187 6185
3 6030 6188 6187
3 6184 6026 6027
3 6191 6190 6189
3 6190 6191 6028
3 6191 6181 6028
3 6184 6027 6028
3 6184 6028 6181
3 6186 6029 6030
3 6189 6190 6031
3 6032 6189 6031
3 6192 6189 6032
3 6031 6190 6028
3 6033 6192 6032
3 6033 6193 6192
3 6194 6036 6035
3 6195 6036 6194
3 6038 6197 6196
3 6198 6038 6196
3 6040 6038 6198
3 6041 6040 6198
3 6041 6198 6199
3 6200 6193 6033
3 6200 6033 6042
3 6042 6043 6200
3 6200 6043 6201
3 6195 6044 6036
3 6202 6044 6195
3 6045 6046 6197
3 6046 6196 6197
3 6046 6203 6196
3 6199 6204 6041
3 6041 6204 6047
3 6047 6205 6048
3 6204 6205 6047
3 6048 6206 6049
3 6205 6206 6048
3 6049 6207 6050
3 6206 6207 6049
3 6050 6208 6051
3 6207 6208 6050
3 6051 6209 6052
3 6208 6209 6051
3 6043 6052 6201
3 6201 6052 6209
3 6202 6053 6044
3 6210 6053 6202
3 6054 6203 6046
3 6054 6211 6203
3 6210 6055 6053
3 6212 6055 6210
3 6214 6213 6056
3 6213 6054 6056
3 6213 6211 6054
3 6216 6215 6062
3 6063 6216 6062
3 6212 6065 6055
3 6217 6065 6212
3 6216 6063 6218
3 6063 6219 6218
3 6063 6066 6219
3 6217 6067 6065
3 6220 6067 6217
3 6068 6219 6066
3 6068 6221 6219
3 6220 6069 6067
3 6222 6069 6220
3 6070 6221 6068
3 6070 6223 6221
3 6222 6071 6069
3 6224 6071 6222
3 6072 6223 6070
3 6072 6225 6223
3 6224 6073 6071
3 6226 6073 6224
3 6075 6225 6072
3 6075 6227 6225
3 6226 6076 6073
3 6228 6076 6226
3 6078 6227 6075
3 6078 6229 6227
3 6228 6079 6076
3 6230 6079 6228
3 6080 6081 6231
3 6231 6081 6232
3 6230 6082 6079
3 6233 6082 6230
3 6083 6232 6081
3 6083 6234 6232
3 6233 6084 6082
3 6235 6084 6233
3 6085 6234 6083
3 6085 6236 6234
3 6235 6086 6084
3 6237 6086 6235
3 6087 6236 6085
3 6087 6238 6236
3 6237 6088 6086
3 6239 6088 6237
3 6089 6238 6087
3 6089 6240 6238
3 6239 6090 6088
3 6241 6090 6239
3 6091 6240 6089
3 6091 6242 6240
3 6241 6092 6090
3 6243 6092 6241
3 6093 6242 6091
3 6093 6244 6242
3 6243 6094 6092
3 6245 6094 6243
3 6095 6244 6093
3 6095 6246 6244
3 6245 6097 6094
3 6247 6097 6245
3 6098 6246 6095
3 6098 6248 6246
3 6247 6100 6097
3 6249 6100 6247
3 6101 6248 6098
3 6101 6250 6248
3 6249 6102 6100
3 6251 6102 6249
3 6103 6250 6101
3 6103 6252 6250
3 6251 6104 6102
3 6253 6104 6251
3 6105 6252 6103
3 6105 6254 6252
3 6253 6106 6104
3 6255 6106 6253
3 6107 6254 6105
3 6107 6256 6254
3 6255 6108 6106
3 6257 6108 6255
3 6109 6256 6107
3 6109 6258 6256
3 6257 6110 6108
3 6259 6110 6257
3 6111 6258 6109
3 6111 6260 6258
3 6259 6113 6110
3 6261 6113 6259
3 6114 6260 6111
3 6114 6262 6260
3 6261 6115 6113
3 6263 6115 6261
3 6116 6262 6114
3 6116 6264 6262
3 6263 6117 6115
3 6265 6117 6263
3 6118 6264 6116
3 6118 6266 6264
3 6265 6119 6117
3 6267 6119 6265
3 6120 6266 6118
3 6120 6268 6266
3 6267 6121 6119
3 6269 6121 6267
3 6122 6268 6120
3 6122 6270 6268
3 6269 6123 6121
3 6271 6123 6269
3 6124 6270 6122
3 6124 6272 6270
3 6271 6125 6123
3 6273 6125 6271
3 6126 6272 6124
3 6126 6274 6272
3 6273 6128 6125
3 6275 6128 6273
3 6277 6276 6129
3 6277 6129 6130
3 6126 6129 6274
3 6274 6129 6276
3 6275 6131 6128
3 6278 6131 6275
3 6132 6277 6130
3 6132 6279 6277
3 6278 6133 6131
3 6280 6133 6278
3 6134 6279 6132
3 6134 6281 6279
3 6280 6135 6133
3 6282 6135 6280
3 6136 6281 6134
3 6136 6283 6281
3 6282 6137 6135
3 6284 6137 6282
3 6286 6285 6138
3 6286 6138 6139
3 6138 6287 6140
3 6285 6287 6138
3 6140 6288 6141
3 6287 6288 6140
3 6141 6289 6142
3 6288 6289 6141
3 6142 6290 6144
3 6289 6290 6142
3 6144 6291 6145
3 6290 6291 6144
3 6145 6292 6147
3 6291 6292 6145
3 6294 6293 6153
3 6147 6294 6153
3 6292 6294 6147
3 6294 6283 6293
3 6283 6148 6293
3 6283 6136 6148
3 6284 6149 6137
3 6295 6149 6284
3 6298 6297 6296
3 6293 6152 6153
3 6152 6293 6148
3 6295 6154 6149
3 6299 6154 6295
3 6155 6156 6298
3 6156 6297 6298
3 6156 6300 6297
3 6299 6157 6154
3 6301 6157 6299
3 6303 6302 6158
3 6302 6156 6158
3 6302 6300 6156
3 6304 6160 6161
3 6304 6161 6305
3 6161 6306 6305
3 6161 6162 6306
3 6307 6162 6163
3 6307 6306 6162
3 6308 6163 6165
3 6308 6307 6163
3 6310 6309 6167
3 6309 6165 6167
3 6309 6308 6165
3 6310 6169 6309
3 6169 6168 6309
3 6312 6311 6309
3 6312 6309 6168
3 6171 6312 6168
3 6315 6314 6313
3 6301 6315 6313
3 6172 6301 6313
3 6157 6301 6172
3 6316 6304 6305
3 6173 6310 6167
3 6312 6317 6311
3 6169 6310 6173
3 6317 6312 6171
3 6174 6317 6171
3 6318 6317 6174
3 6319 6313 6176
3 6313 6318 6176
3 6318 6174 6176
3 6313 6314 6318
3 6319 6177 6172
3 6319 6172 6313
3 6322 6321 6320
3 6323 6320 6321
3 6325 6324 6319
3 6176 6325 6319
3 6178 6325 6176
3 6177 6319 6324
3 6326 6177 6324
3 6179 6177 6326
3 6180 6325 6178
3 6180 6327 6325
3 6330 6329 6328
3 6329 6331 6328
3 6331 6181 6328
3 6331 6183 6181
3 6330 6328 6191
3 6189 6330 6191
3 6332 6330 6189
3 6191 6328 6181
3 6335 6334 6333
3 6192 6332 6189
3 6192 6336 6332
3 6193 6336 6192
3 6193 6337 6336
3 6338 6195 6194
3 6339 6195 6338
3 6342 6341 6340
3 6343 6199 6198
3 6193 6200 6344
3 6345 6193 6344
3 6337 6193 6345
3 6201 6344 6200
3 6339 6202 6195
3 6346 6202 6339
3 6348 6347 6340
3 6350 6343 6349
3 6196 6349 6343
3 6349 6196 6203
3 6343 6350 6199
3 6350 6204 6199
3 6350 6351 6204
3 6351 6353 6352
3 6205 6351 6352
3 6204 6351 6205
3 6205 6352 6354
3 6355 6205 6354
3 6206 6205 6355
3 6355 6357 6356
3 6207 6355 6356
3 6206 6355 6207
3 6207 6356 6358
3 6359 6207 6358
3 6208 6207 6359
3 6344 6209 6345
3 6209 6359 6345
3 6209 6208 6359
3 6209 6344 6201
3 6346 6210 6202
3 6360 6210 6346
3 6211 6349 6203
3 6211 6361 6349
3 6353 6362 6352
3 6352 6362 6354
3 6357 6363 6356
3 6356 6363 6358
3 6360 6212 6210
3 6364 6212 6360
3 6367 6366 6365
3 6366 6361 6365
3 6361 6213 6365
3 6361 6211 6213
3 6364 6217 6212
3 6368 6217 6364
3 6218 6219 6369
3 6369 6219 6370
3 6368 6220 6217
3 6371 6220 6368
3 6221 6370 6219
3 6221 6372 6370
3 6371 6222 6220
3 6373 6222 6371
3 6223 6372 6221
3 6223 6374 6372
3 6373 6224 6222
3 6375 6224 6373
3 6225 6374 6223
3 6225 6376 6374
3 6375 6226 6224
3 6377 6226 6375
3 6227 6376 6225
3 6227 6378 6376
3 6377 6228 6226
3 6379 6228 6377
3 6229 6378 6227
3 6229 6380 6378
3 6379 6230 6228
3 6381 6230 6379
3 6231 6232 6382
3 6382 6232 6383
3 6381 6233 6230
3 6384 6233 6381
3 6387 6386 6385
3 6386 6383 6385
3 6383 6234 6385
3 6383 6232 6234
3 6384 6235 6233
3 6388 6235 6384
3 6385 6234 6389
3 6234 6390 6389
3 6234 6236 6390
3 6388 6237 6235
3 6391 6237 6388
3 6238 6390 6236
3 6238 6392 6390
3 6391 6239 6237
3 6393 6239 6391
3 6240 6392 6238
3 6240 6394 6392
3 6393 6241 6239
3 6395 6241 6393
3 6242 6394 6240
3 6242 6396 6394
3 6395 6243 6241
3 6397 6243 6395
3 6244 6396 6242
3 6244 6398 6396
3 6397 6245 6243
3 6399 6245 6397
3 6246 6398 6244
3 6246 6400 6398
3 6399 6247 6245
3 6401 6247 6399
3 6248 6400 6246
3 6248 6402 6400
3 6401 6249 6247
3 6403 6249 6401
3 6250 6402 6248
3 6250 6404 6402
3 6403 6251 6249
3 6405 6251 6403
3 6252 6404 6250
3 6252 6406 6404
3 6405 6253 6251
3 6407 6253 6405
3 6254 6406 6252
3 6254 6408 6406
3 6407 6255 6253
3 6409 6255 6407
3 6256 6408 6254
3 6256 6410 6408
3 6409 6257 6255
3 6411 6257 6409
3 6258 6410 6256
3 6258 6412 6410
3 6411 6259 6257
3 6413 6259 6411
3 6260 6412 6258
3 6260 6414 6412
3 6413 6261 6259
3 6415 6261 6413
3 6262 6414 6260
3 6262 6416 6414
3 6415 6263 6261
3 6417 6263 6415
3 6264 6416 6262
3 6264 6418 6416
3 6417 6265 6263
3 6419 6265 6417
3 6266 6418 6264
3 6266 6420 6418
3 6419 6267 6265
3 6421 6267 6419
3 6268 6420 6266
3 6268 6422 6420
3 6421 6269 6267
3 6423 6269 6421
3 6426 6425 6424
3 6425 6422 6424
3 6422 6270 6424
3 6422 6268 6270
3 6423 6271 6269
3 6427 6271 6423
3 6426 6424 6428
3 6426 6428 6429
3 6272 6428 6270
3 6270 6428 6424
3 6427 6273 6271
3 6430 6273 6427
3 6429 6428 6431
3 6429 6431 6432
3 6274 6431 6272
3 6272 6431 6428
3 6430 6275 6273
3 6433 6275 6430
3 6432 6431 6276
3 6277 6432 6276
3 6434 6432 6277
3 6276 6431 6274
3 6433 6278 6275
3 6435 6278 6433
3 6279 6434 6277
3 6279 6436 6434
3 6435 6280 6278
3 6437 6280 6435
3 6281 6436 6279
3 6281 6438 6436
3 6437 6282 6280
3 6439 6282 6437
3 6283 6438 6281
3 6283 6440 6438
3 6439 6284 6282
3 6441 6284 6439
3 6443 6442 6285
3 6443 6285 6286
3 6285 6444 6287
3 6442 6444 6285
3 6287 6445 6288
3 6444 6445 6287
3 6288 6446 6289
3 6445 6446 6288
3 6289 6447 6290
3 6446 6447 6289
3 6290 6448 6291
3 6447 6448 6290
3 6291 6449 6292
3 6448 6449 6291
3 6292 6450 6294
3 6449 6450 6292
3 6283 6294 6440
3 6440 6294 6450
3 6441 6295 6284
3 6451 6295 6441
3 6286 6296 6452
3 6453 6286 6452
3 6443 6286 6453
3 6297 6452 6296
3 6451 6299 6295
3 6454 6299 6451
3 6452 6297 6455
3 6297 6456 6455
3 6297 6300 6456
3 6454 6301 6299
3 6457 6301 6454
3 6460 6459 6458
3 6459 6456 6458
3 6456 6302 6458
3 6456 6300 6302
3 6463 6462 6461
3 6305 6306 6461
3 6306 6463 6461
3 6306 6464 6463
3 6465 6306 6307
3 6465 6464 6306
3 6466 6307 6308
3 6466 6465 6307
3 6467 6308 6309
3 6467 6466 6308
3 6469 6468 6311
3 6468 6309 6311
3 6468 6467 6309
3 6471 6470 6469
3 6469 6470 6468
3 6314 6315 6471
3 6315 6470 6471
3 6315 6472 6470
3 6315 6301 6457
3 6315 6457 6472
3 6461 6316 6305
3 6317 6469 6311
3 6469 6317 6318
3 6469 6318 6471
3 6471 6318 6314
3 6474 6473 6321
3 6474 6321 6322
3 6323 6321 6473
3 6323 6473 6475
3 6477 6476 6324
3 6477 6324 6325
3 6326 6324 6476
3 6326 6476 6478
3 6480 6479 6329
3 6480 6329 6330
3 6331 6329 6481
3 6481 6329 6479
3 6332 6480 6330
3 6332 6482 6480
3 6484 6483 6335
3 6335 6483 6334
3 6336 6482 6332
3 6336 6485 6482
3 6337 6485 6336
3 6337 6486 6485
3 6487 6339 6338
3 6488 6339 6487
3 6348 6341 6489
3 6492 6491 6490
3 6494 6493 6492
3 6494 6492 6490
3 6495 6493 6494
3 6345 6497 6496
3 6486 6345 6496
3 6337 6345 6486
3 6497 6498 6496
3 6488 6346 6339
3 6499 6346 6488
3 6489 6347 6348
3 6349 6492 6350
3 6492 6349 6491
3 6500 6491 6349
3 6350 6501 6351
3 6501 6350 6502
3 6492 6502 6350
3 6502 6492 6503
3 6493 6503 6492
3 6493 6495 6503
3 6351 6501 6353
3 6354 6504 6355
3 6504 6357 6355
3 6506 6505 6359
3 6506 6359 6358
3 6345 6359 6497
3 6359 6507 6497
3 6359 6505 6507
3 6497 6507 6498
3 6499 6360 6346
3 6508 6360 6499
3 6361 6500 6349
3 6361 6509 6500
3 6502 6510 6501
3 6501 6510 6353
3 6510 6362 6353
3 6510 6511 6362
3 6354 6362 6504
3 6362 6512 6504
3 6362 6511 6512
3 6504 6512 6357
3 6512 6363 6357
3 6512 6513 6363
3 6358 6363 6506
3 6506 6363 6513
3 6508 6364 6360
3 6514 6364 6508
3 6516 6515 6366
3 6515 6361 6366
3 6515 6509 6361
3 6514 6368 6364
3 6517 6368 6514
3 6369 6370 6518
3 6518 6370 6519
3 6517 6371 6368
3 6520 6371 6517
3 6372 6519 6370
3 6372 6521 6519
3 6520 6373 6371
3 6522 6373 6520
3 6374 6521 6372
3 6374 6523 6521
3 6522 6375 6373
3 6524 6375 6522
3 6376 6523 6374
3 6376 6525 6523
3 6524 6377 6375
3 6526 6377 6524
3 6378 6525 6376
3 6378 6527 6525
3 6526 6379 6377
3 6528 6379 6526
3 6380 6527 6378
3 6380 6529 6527
3 6528 6381 6379
3 6530 6381 6528
3 6380 6382 6531
3 6532 6380 6531
3 6529 6380 6532
3 6383 6531 6382
3 6530 6384 6381
3 6533 6384 6530
3 6535 6531 6534
3 6531 6383 6534
3 6386 6536 6534
3 6386 6534 6383
3 6533 6388 6384
3 6537 6388 6533
3 6536 6387 6389
3 6540 6539 6538
3 6539 6540 6390
3 6540 6534 6390
3 6536 6389 6390
3 6536 6390 6534
3 6537 6391 6388
3 6541 6391 6537
3 6539 6390 6542
3 6390 6543 6542
3 6390 6392 6543
3 6541 6393 6391
3 6544 6393 6541
3 6394 6543 6392
3 6394 6545 6543
3 6544 6395 6393
3 6546 6395 6544
3 6396 6545 6394
3 6396 6547 6545
3 6546 6397 6395
3 6548 6397 6546
3 6398 6547 6396
3 6398 6549 6547
3 6548 6399 6397
3 6550 6399 6548
3 6400 6549 6398
3 6400 6551 6549
3 6550 6401 6399
3 6552 6401 6550
3 6402 6551 6400
3 6402 6553 6551
3 6552 6403 6401
3 6554 6403 6552
3 6404 6553 6402
3 6404 6555 6553
3 6554 6405 6403
3 6556 6405 6554
3 6406 6555 6404
3 6406 6557 6555
3 6556 6407 6405
3 6558 6407 6556
3 6408 6557 6406
3 6408 6559 6557
3 6558 6409 6407
3 6560 6409 6558
3 6410 6559 6408
3 6410 6561 6559
3 6560 6411 6409
3 6562 6411 6560
3 6412 6561 6410
3 6412 6563 6561
3 6562 6413 6411
3 6564 6413 6562
3 6414 6563 6412
3 6414 6565 6563
3 6564 6415 6413
3 6566 6415 6564
3 6416 6565 6414
3 6416 6567 6565
3 6566 6417 6415
3 6568 6417 6566
3 6418 6567 6416
3 6418 6569 6567
3 6568 6419 6417
3 6570 6419 6568
3 6420 6569 6418
3 6420 6571 6569
3 6570 6421 6419
3 6572 6421 6570
3 6422 6571 6420
3 6422 6573 6571
3 6572 6423 6421
3 6574 6423 6572
3 6576 6575 6425
3 6576 6425 6426
3 6422 6425 6573
3 6573 6425 6575
3 6574 6427 6423
3 6577 6427 6574
3 6429 6576 6426
3 6429 6578 6576
3 6577 6430 6427
3 6579 6430 6577
3 6432 6578 6429
3 6432 6580 6578
3 6579 6433 6430
3 6581 6433 6579
3 6434 6580 6432
3 6434 6582 6580
3 6581 6435 6433
3 6583 6435 6581
3 6436 6582 6434
3 6436 6584 6582
3 6583 6437 6435
3 6585 6437 6583
3 6438 6584 6436
3 6438 6586 6584
3 6585 6439 6437
3 6587 6439 6585
3 6440 6586 6438
3 6440 6588 6586
3 6587 6441 6439
3 6589 6441 6587
3 6591 6590 6442
3 6591 6442 6443
3 6442 6592 6444
3 6590 6592 6442
3 6444 6593 6445
3 6592 6593 6444
3 6445 6594 6446
3 6593 6594 6445
3 6446 6595 6447
3 6594 6595 6446
3 6447 6596 6448
3 6595 6596 6447
3 6448 6597 6449
3 6596 6597 6448
3 6449 6598 6450
3 6597 6598 6449
3 6440 6450 6588
3 6588 6450 6598
3 6589 6451 6441
3 6599 6451 6589
3 6453 6591 6443
3 6453 6600 6591
3 6599 6454 6451
3 6601 6454 6599
3 6455 6456 6602
3 6602 6456 6603
3 6601 6457 6454
3 6604 6457 6601
3 6606 6605 6459
3 6606 6459 6460
3 6456 6459 6603
3 6603 6459 6605
3 6607 6462 6463
3 6607 6463 6608
3 6463 6609 6608
3 6463 6464 6609
3 6610 6464 6465
3 6610 6609 6464
3 6611 6465 6466
3 6611 6610 6465
3 6612 6466 6467
3 6612 6611 6466
3 6614 6612 6613
3 6612 6468 6613
3 6612 6467 6468
3 6613 6468 6615
3 6468 6616 6615
3 6468 6470 6616
3 6618 6616 6617
3 6616 6472 6617
3 6616 6470 6472
3 6619 6617 6472
3 6457 6619 6472
3 6604 6619 6457
3 6620 6607 6608
3 6621 6614 6613
3 6621 6613 6615
3 6622 6618 6617
3 6622 6617 6619
3 6624 6623 6473
3 6624 6473 6474
3 6626 6625 6476
3 6626 6476 6477
3 6478 6476 6625
3 6478 6625 6627
3 6477 6629 6628
3 6630 6477 6628
3 6626 6477 6630
3 6632 6631 6479
3 6632 6479 6480
3 6481 6479 6633
3 6633 6479 6631
3 6482 6632 6480
3 6482 6634 6632
3 6636 6635 6484
3 6484 6635 6483
3 6485 6634 6482
3 6485 6637 6634
3 6486 6637 6485
3 6486 6638 6637
3 6639 6488 6487
3 6640 6488 6639
3 6641 6494 6490
3 6641 6490 6642
3 6641 6495 6494
3 6486 6496 6643
3 6644 6486 6643
3 6638 6486 6644
3 6498 6643 6496
3 6647 6646 6645
3 6640 6647 6645
3 6499 6640 6645
3 6488 6640 6499
3 6649 6648 6642
3 6491 6649 6642
3 6500 6649 6491
3 6650 6502 6503
3 6642 6650 6503
3 6641 6642 6503
3 6648 6650 6642
3 6641 6503 6495
3 6506 6651 6505
3 6652 6644 6643
3 6505 6652 6643
3 6507 6505 6643
3 6652 6505 6651
3 6507 6643 6498
3 6646 6653 6645
3 6499 6645 6653
3 6654 6499 6653
3 6508 6499 6654
3 6509 6649 6500
3 6509 6655 6649
3 6650 6656 6502
3 6502 6656 6510
3 6510 6657 6511
3 6656 6657 6510
3 6511 6658 6512
3 6657 6658 6511
3 6512 6659 6513
3 6658 6659 6512
3 6506 6513 6651
3 6513 6660 6651
3 6513 6659 6660
3 6651 6660 6652
3 6654 6514 6508
3 6661 6514 6654
3 6664 6663 6662
3 6663 6655 6662
3 6655 6515 6662
3 6655 6509 6515
3 6661 6517 6514
3 6665 6517 6661
3 6518 6519 6666
3 6666 6519 6667
3 6665 6520 6517
3 6668 6520 6665
3 6521 6667 6519
3 6521 6669 6667
3 6668 6522 6520
3 6670 6522 6668
3 6523 6669 6521
3 6523 6671 6669
3 6670 6524 6522
3 6672 6524 6670
3 6525 6671 6523
3 6525 6673 6671
3 6672 6526 6524
3 6674 6526 6672
3 6527 6673 6525
3 6527 6675 6673
3 6674 6528 6526
3 6676 6528 6674
3 6529 6675 6527
3 6529 6677 6675
3 6676 6530 6528
3 6678 6530 6676
3 6532 6677 6529
3 6532 6679 6677
3 6678 6533 6530
3 6680 6533 6678
3 6532 6535 6681
3 6682 6532 6681
3 6679 6532 6682
3 6534 6681 6535
3 6680 6537 6533
3 6683 6537 6680
3 6682 6681 6540
3 6538 6682 6540
3 6684 6682 6538
3 6540 6681 6534
3 6683 6541 6537
3 6685 6541 6683
3 6542 6543 6686
3 6686 6543 6687
3 6685 6544 6541
3 6688 6544 6685
3 6545 6687 6543
3 6545 6689 6687
3 6688 6546 6544
3 6690 6546 6688
3 6547 6689 6545
3 6547 6691 6689
3 6690 6548 6546
3 6692 6548 6690
3 6549 6691 6547
3 6549 6693 6691
3 6692 6550 6548
3 6694 6550 6692
3 6551 6693 6549
3 6551 6695 6693
3 6694 6552 6550
3 6696 6552 6694
3 6553 6695 6551
3 6553 6697 6695
3 6696 6554 6552
3 6698 6554 6696
3 6555 6697 6553
3 6555 6699 6697
3 6698 6556 6554
3 6700 6556 6698
3 6557 6699 6555
3 6557 6701 6699
3 6700 6558 6556
3 6702 6558 6700
3 6559 6701 6557
3 6559 6703 6701
3 6702 6560 6558
3 6704 6560 6702
3 6561 6703 6559
3 6561 6705 6703
3 6704 6562 6560
3 6706 6562 6704
3 6563 6705 6561
3 6563 6707 6705
3 6706 6564 6562
3 6708 6564 6706
3 6711 6710 6709
3 6710 6707 6709
3 6707 6565 6709
3 6707 6563 6565
3 6708 6566 6564
3 6712 6566 6708
3 6709 6565 6713
3 6565 6714 6713
3 6565 6567 6714
3 6712 6568 6566
3 6715 6568 6712
3 6718 6717 6716
3 6717 6714 6716
3 6714 6569 6716
3 6714 6567 6569
3 6715 6570 6568
3 6719 6570 6715
3 6716 6569 6720
3 6569 6721 6720
3 6569 6571 6721
3 6719 6572 6570
3 6722 6572 6719
3 6725 6724 6723
3 6724 6721 6723
3 6721 6573 6723
3 6721 6571 6573
3 6722 6574 6572
3 6726 6574 6722
3 6725 6723 6575
3 6576 6725 6575
3 6727 6725 6576
3 6575 6723 6573
3 6726 6577 6574
3 6728 6577 6726
3 6578 6727 6576
3 6578 6729 6727
3 6728 6579 6577
3 6730 6579 6728
3 6580 6729 6578
3 6580 6731 6729
3 6730 6581 6579
3 6732 6581 6730
3 6582 6731 6580
3 6582 6733 6731
3 6732 6583 6581
3 6734 6583 6732
3 6584 6733 6582
3 6584 6735 6733
3 6734 6585 6583
3 6736 6585 6734
3 6586 6735 6584
3 6586 6737 6735
3 6736 6587 6585
3 6738 6587 6736
3 6588 6737 6586
3 6588 6739 6737
3 6738 6589 6587
3 6740 6589 6738
3 6742 6741 6590
3 6742 6590 6591
3 6590 6743 6592
3 6741 6743 6590
3 6592 6744 6593
3 6743 6744 6592
3 6593 6745 6594
3 6744 6745 6593
3 6594 6746 6595
3 6745 6746 6594
3 6595 6747 6596
3 6746 6747 6595
3 6596 6748 6597
3 6747 6748 6596
3 6597 6749 6598
3 6748 6749 6597
3 6588 6598 6739
3 6739 6598 6749
3 6740 6599 6589
3 6750 6599 6740
3 6600 6742 6591
3 6600 6751 6742
3 6750 6601 6599
3 6752 6601 6750
3 6602 6603 6753
3 6753 6603 6754
3 6757 6756 6755
3 6759 6758 6755
3 6755 6758 6757
3 6759 6760 6758
3 6752 6604 6601
3 6761 6604 6752
3 6763 6762 6605
3 6763 6605 6606
3 6603 6605 6754
3 6754 6605 6762
3 6755 6756 6764
3 6764 6756 6765
3 6764 6608 6609
3 6759 6764 6609
3 6755 6764 6759
3 6766 6760 6759
3 6609 6766 6759
3 6610 6766 6609
3 6767 6610 6611
3 6767 6766 6610
3 6768 6611 6612
3 6768 6767 6611
3 6770 6769 6614
3 6769 6612 6614
3 6769 6768 6612
3 6615 6616 6770
3 6616 6769 6770
3 6616 6771 6769
3 6773 6772 6618
3 6772 6616 6618
3 6772 6771 6616
3 6761 6772 6773
3 6619 6761 6773
3 6604 6761 6619
3 6764 6620 6608
3 6621 6770 6614
3 6770 6621 6615
3 6775 6622 6774
3 6775 6618 6622
3 6773 6618 6775
3 6773 6775 6776
3 6777 6773 6776
3 6777 6619 6773
3 6777 6774 6622
3 6619 6777 6622
3 6779 6778 6623
3 6779 6623 6624
3 6775 6774 6625
3 6626 6775 6625
3 6780 6775 6626
3 6627 6625 6774
3 6777 6627 6774
3 6781 6627 6777
3 6630 6780 6626
3 6630 6782 6780
3 6785 6784 6783
3 6785 6783 6786
3 6788 6784 6787
3 6783 6784 6788
3 6790 6787 6789
3 6788 6787 6790
3 6792 6789 6791
3 6790 6789 6792
3 6794 6791 6793
3 6792 6791 6794
3 6796 6793 6795
3 6794 6793 6796
3 6795 6798 6797
3 6799 6795 6797
3 6796 6795 6799
3 6801 6800 6799
3 6801 6799 6797
3 6631 6632 6800
3 6801 6631 6800
3 6802 6631 6801
3 6633 6631 6803
3 6803 6631 6802
3 6786 6783 6804
3 6786 6804 6805
3 6806 6783 6788
3 6804 6783 6806
3 6807 6788 6790
3 6806 6788 6807
3 6808 6790 6792
3 6807 6790 6808
3 6809 6792 6794
3 6808 6792 6809
3 6810 6794 6796
3 6809 6794 6810
3 6811 6796 6799
3 6810 6796 6811
3 6812 6799 6800
3 6811 6799 6812
3 6634 6812 6632
3 6632 6812 6800
3 6814 6813 6636
3 6636 6813 6635
3 6805 6804 6815
3 6805 6815 6816
3 6817 6804 6806
3 6815 6804 6817
3 6818 6806 6807
3 6817 6806 6818
3 6819 6807 6808
3 6818 6807 6819
3 6820 6808 6809
3 6819 6808 6820
3 6821 6809 6810
3 6820 6809 6821
3 6822 6810 6811
3 6821 6810 6822
3 6823 6811 6812
3 6822 6811 6823
3 6637 6823 6634
3 6634 6823 6812
3 6816 6815 6824
3 6816 6824 6825
3 6826 6815 6817
3 6824 6815 6826
3 6827 6817 6818
3 6826 6817 6827
3 6828 6818 6819
3 6827 6818 6828
3 6829 6819 6820
3 6828 6819 6829
3 6830 6820 6821
3 6829 6820 6830
3 6831 6821 6822
3 6830 6821 6831
3 6832 6822 6823
3 6831 6822 6832
3 6638 6832 6637
3 6637 6832 6823
3 6833 6640 6639
3 6834 6640 6833
3 6825 6824 6835
3 6825 6835 6836
3 6837 6824 6826
3 6835 6824 6837
3 6838 6826 6827
3 6837 6826 6838
3 6839 6827 6828
3 6838 6827 6839
3 6840 6828 6829
3 6839 6828 6840
3 6830 6842 6841
3 6840 6830 6841
3 6829 6830 6840
3 6842 6830 6831
3 6842 6831 6843
3 6843 6831 6832
3 6843 6832 6844
3 6832 6638 6844
3 6638 6845 6844
3 6638 6644 6845
3 6847 6846 6647
3 6647 6846 6646
3 6647 6640 6834
3 6647 6834 6847
3 6836 6835 6848
3 6836 6848 6849
3 6850 6835 6837
3 6848 6835 6850
3 6649 6850 6648
3 6850 6838 6648
3 6850 6837 6838
3 6648 6838 6650
3 6838 6851 6650
3 6838 6839 6851
3 6852 6839 6840
3 6851 6839 6852
3 6840 6841 6853
3 6854 6840 6853
3 6852 6840 6854
3 6856 6855 6854
3 6856 6854 6853
3 6858 6857 6855
3 6858 6855 6856
3 6858 6845 6857
3 6845 6652 6857
3 6845 6644 6652
3 6846 6859 6646
3 6646 6859 6653
3 6654 6653 6859
3 6654 6859 6860
3 6849 6848 6861
3 6849 6861 6862
3 6863 6848 6850
3 6861 6848 6863
3 6655 6863 6649
3 6649 6863 6850
3 6851 6656 6650
3 6656 6851 6657
3 6657 6851 6852
3 6657 6852 6658
3 6658 6852 6854
3 6658 6854 6659
3 6659 6854 6855
3 6659 6855 6660
3 6660 6855 6857
3 6660 6857 6652
3 6860 6661 6654
3 6864 6661 6860
3 6862 6861 6865
3 6862 6865 6866
3 6664 6865 6663
3 6865 6863 6663
3 6865 6861 6863
3 6663 6863 6655
3 6864 6665 6661
3 6867 6665 6864
3 6870 6869 6868
3 6868 6869 6871
3 6869 6865 6871
3 6865 6664 6871
3 6666 6667 6872
3 6872 6667 6873
3 6867 6668 6665
3 6874 6668 6867
3 6669 6873 6667
3 6669 6875 6873
3 6874 6670 6668
3 6876 6670 6874
3 6671 6875 6669
3 6671 6877 6875
3 6876 6672 6670
3 6878 6672 6876
3 6673 6877 6671
3 6673 6879 6877
3 6878 6674 6672
3 6880 6674 6878
3 6675 6879 6673
3 6675 6881 6879
3 6880 6676 6674
3 6882 6676 6880
3 6677 6881 6675
3 6677 6883 6881
3 6882 6678 6676
3 6884 6678 6882
3 6679 6883 6677
3 6679 6885 6883
3 6884 6680 6678
3 6886 6680 6884
3 6682 6885 6679
3 6682 6887 6885
3 6886 6683 6680
3 6888 6683 6886
3 6684 6887 6682
3 6684 6889 6887
3 6888 6685 6683
3 6890 6685 6888
3 6684 6686 6891
3 6892 6684 6891
3 6889 6684 6892
3 6687 6891 6686
3 6890 6688 6685
3 6893 6688 6890
3 6891 6687 6894
3 6687 6895 6894
3 6687 6689 6895
3 6893 6690 6688
3 6896 6690 6893
3 6691 6895 6689
3 6691 6897 6895
3 6896 6692 6690
3 6898 6692 6896
3 6693 6897 6691
3 6693 6899 6897
3 6898 6694 6692
3 6900 6694 6898
3 6695 6899 6693
3 6695 6901 6899
3 6900 6696 6694
3 6902 6696 6900
3 6697 6901 6695
3 6697 6903 6901
3 6902 6698 6696
3 6904 6698 6902
3 6699 6903 6697
3 6699 6905 6903
3 6904 6700 6698
3 6906 6700 6904
3 6701 6905 6699
3 6701 6907 6905
3 6906 6702 6700
3 6908 6702 6906
3 6911 6910 6909
3 6910 6907 6909
3 6907 6703 6909
3 6907 6701 6703
3 6908 6704 6702
3 6912 6704 6908
3 6909 6703 6913
3 6703 6914 6913
3 6703 6705 6914
3 6912 6706 6704
3 6915 6706 6912
3 6707 6914 6705
3 6707 6916 6914
3 6915 6708 6706
3 6917 6708 6915
3 6919 6918 6710
3 6919 6710 6711
3 6707 6710 6916
3 6916 6710 6918
3 6917 6712 6708
3 6920 6712 6917
3 6713 6714 6921
3 6921 6714 6922
3 6920 6715 6712
3 6923 6715 6920
3 6925 6924 6717
3 6925 6717 6718
3 6714 6717 6922
3 6922 6717 6924
3 6923 6719 6715
3 6926 6719 6923
3 6718 6720 6927
3 6928 6718 6927
3 6925 6718 6928
3 6721 6927 6720
3 6926 6722 6719
3 6929 6722 6926
3 6928 6927 6724
3 6725 6928 6724
3 6930 6928 6725
3 6724 6927 6721
3 6929 6726 6722
3 6931 6726 6929
3 6727 6930 6725
3 6727 6932 6930
3 6931 6728 6726
3 6933 6728 6931
3 6729 6932 6727
3 6729 6934 6932
3 6933 6730 6728
3 6935 6730 6933
3 6731 6934 6729
3 6731 6936 6934
3 6935 6732 6730
3 6937 6732 6935
3 6733 6936 6731
3 6733 6938 6936
3 6937 6734 6732
3 6939 6734 6937
3 6735 6938 6733
3 6735 6940 6938
3 6939 6736 6734
3 6941 6736 6939
3 6737 6940 6735
3 6737 6942 6940
3 6941 6738 6736
3 6943 6738 6941
3 6946 6945 6944
3 6948 6947 6944
3 6948 6944 6945
3 6739 6942 6737
3 6739 6949 6942
3 6943 6740 6738
3 6950 6740 6943
3 6946 6944 6951
3 6946 6951 6952
3 6742 6951 6741
3 6951 6947 6741
3 6951 6944 6947
3 6954 6953 6947
3 6953 6741 6947
3 6953 6743 6741
3 6743 6955 6744
3 6953 6955 6743
3 6744 6956 6745
3 6955 6956 6744
3 6745 6957 6746
3 6956 6957 6745
3 6746 6958 6747
3 6957 6958 6746
3 6747 6959 6748
3 6958 6959 6747
3 6748 6960 6749
3 6959 6960 6748
3 6739 6749 6949
3 6949 6749 6960
3 6950 6750 6740
3 6961 6750 6950
3 6952 6951 6962
3 6952 6962 6963
3 6751 6962 6742
3 6742 6962 6951
3 6961 6752 6750
3 6964 6752 6961
3 6963 6962 6965
3 6963 6965 6966
3 6753 6967 6751
3 6967 6962 6751
3 6967 6965 6962
3 6754 6967 6753
3 6968 6756 6757
3 6758 6969 6757
3 6757 6969 6968
3 6760 6969 6758
3 6964 6761 6752
3 6970 6761 6964
3 6966 6965 6971
3 6966 6971 6972
3 6763 6971 6762
3 6971 6967 6762
3 6971 6965 6967
3 6762 6967 6754
3 6974 6973 6968
3 6973 6756 6968
3 6973 6765 6756
3 6974 6968 6969
3 6974 6969 6975
3 6975 6969 6760
3 6766 6975 6760
3 6976 6975 6766
3 6978 6976 6977
3 6976 6767 6977
3 6976 6766 6767
3 6977 6767 6979
3 6767 6980 6979
3 6767 6768 6980
3 6981 6768 6769
3 6981 6980 6768
3 6982 6769 6771
3 6982 6981 6769
3 6983 6771 6772
3 6983 6982 6771
3 6772 6761 6970
3 6772 6970 6983
3 6972 6971 6984
3 6972 6984 6985
3 6987 6986 6763
3 6986 6971 6763
3 6986 6984 6971
3 6989 6988 6987
3 6987 6988 6986
3 6765 6973 6990
3 6988 6765 6990
3 6991 6988 6990
3 6989 6765 6988
3 6992 6991 6990
3 6993 6978 6977
3 6993 6977 6979
3 6995 6994 6776
3 6995 6776 6775
3 6777 6776 6994
3 6777 6994 6996
3 6985 6984 6997
3 6985 6997 6998
3 6999 6984 6986
3 6997 6984 6999
3 7000 6986 6988
3 6999 6986 7000
3 7001 6988 6991
3 7000 6988 7001
3 6991 6992 7002
3 7003 6991 7002
3 7001 6991 7003
3 7005 7004 7003
3 7005 7003 7002
3 7007 7006 7004
3 7007 7004 7005
3 7009 7008 7006
3 7009 7006 7007
3 6778 6779 7008
3 7009 6778 7008
3 7010 6778 7009
3 6780 6995 6775
3 6780 7011 6995
3 6996 6781 6777
3 7012 6781 6996
3 6782 7011 6780
3 6782 7013 7011
3 7016 7015 7014
3 7015 7017 7014
3 7015 7018 7017
3 7015 7016 7019
3 7019 7016 7020
3 7019 7020 7021
3 7021 7020 7022
3 7025 7024 7023
3 7024 7026 7023
3 7024 7027 7026
3 7024 7025 6798
3 7025 6797 6798
3 7025 7028 6797
3 7030 7029 6802
3 7029 6803 6802
3 7029 7031 6803
3 7014 7017 7032
3 7032 7017 7033
3 7035 7034 7026
3 7026 7034 7023
3 7038 7037 7036
3 7036 7037 7030
3 7030 7037 7039
3 7030 7039 7029
3 7041 7040 6814
3 6814 7040 6813
3 7032 7033 7042
3 7042 7033 7043
3 7042 7043 7044
3 7044 7043 7045
3 7046 6834 6833
3 7047 6834 7046
3 7044 7045 7048
3 7048 7045 7049
3 7052 7051 7050
3 7050 7053 7052
3 7054 6841 6842
3 6843 7055 6842
3 6842 7055 7054
3 7055 6843 7056
3 6843 7057 7056
3 6843 6844 7057
3 7059 7058 6845
3 7058 6844 6845
3 7058 7057 6844
3 7061 7060 7059
3 7059 7060 7058
3 7061 6846 7060
3 6846 6847 7060
3 7063 7062 7060
3 7063 7060 6847
3 7064 7063 6847
3 6834 7064 6847
3 7047 7064 6834
3 7048 7049 7065
3 7065 7049 7066
3 7051 7067 7050
3 7050 7067 7053
3 7054 6853 6841
3 6853 7054 6856
3 6856 7054 7055
3 7056 7068 7055
3 7068 6856 7055
3 7068 6858 6856
3 6845 6858 7059
3 6858 7069 7059
3 6858 7068 7069
3 7059 7069 7061
3 7061 7069 7070
3 7062 7063 7070
3 7063 6859 7070
3 6846 7061 7070
3 6846 7070 6859
3 6860 6859 7063
3 7064 6860 7063
3 7071 6860 7064
3 7065 7066 7072
3 7072 7066 7073
3 7071 6864 6860
3 7074 6864 7071
3 7072 7073 7075
3 7075 7073 7076
3 7074 6867 6864
3 7077 6867 7074
3 6869 6870 7076
3 6870 7075 7076
3 6870 7078 7075
3 7081 7080 7079
3 7083 7082 7079
3 7079 7082 7081
3 7085 7084 7083
3 7083 7084 7082
3 7087 7086 7085
3 7085 7086 7084
3 7089 7088 7087
3 7087 7088 7086
3 7091 7090 7089
3 7089 7090 7088
3 6872 7092 7091
3 7091 7092 7090
3 6873 7092 6872
3 7077 6874 6867
3 7093 6874 7077
3 6870 7095 7094
3 7096 6870 7094
3 7078 6870 7096
3 7080 7081 7095
3 7081 7094 7095
3 7081 7097 7094
3 7098 7081 7082
3 7097 7081 7098
3 7099 7082 7084
3 7098 7082 7099
3 7100 7084 7086
3 7099 7084 7100
3 7101 7086 7088
3 7100 7086 7101
3 7102 7088 7090
3 7101 7088 7102
3 7103 7090 7092
3 7102 7090 7103
3 6875 7103 6873
3 6873 7103 7092
3 7093 6876 6874
3 7104 6876 7093
3 7096 7094 7105
3 7096 7105 7106
3 7107 7094 7097
3 7105 7094 7107
3 7108 7097 7098
3 7107 7097 7108
3 7109 7098 7099
3 7108 7098 7109
3 7110 7099 7100
3 7109 7099 7110
3 7111 7100 7101
3 7110 7100 7111
3 7112 7101 7102
3 7111 7101 7112
3 7113 7102 7103
3 7112 7102 7113
3 6877 7113 6875
3 6875 7113 7103
3 7104 6878 6876
3 7114 6878 7104
3 7106 7105 7115
3 7106 7115 7116
3 7117 7105 7107
3 7115 7105 7117
3 7118 7107 7108
3 7117 7107 7118
3 7119 7108 7109
3 7118 7108 7119
3 7120 7109 7110
3 7119 7109 7120
3 7121 7110 7111
3 7120 7110 7121
3 7122 7111 7112
3 7121 7111 7122
3 7123 7112 7113
3 7122 7112 7123
3 6879 7123 6877
3 6877 7123 7113
3 7114 6880 6878
3 7124 6880 7114
3 7116 7115 7125
3 7116 7125 7126
3 7127 7115 7117
3 7125 7115 7127
3 7128 7117 7118
3 7127 7117 7128
3 7129 7118 7119
3 7128 7118 7129
3 7130 7119 7120
3 7129 7119 7130
3 7131 7120 7121
3 7130 7120 7131
3 7132 7121 7122
3 7131 7121 7132
3 7133 7122 7123
3 7132 7122 7133
3 6881 7133 6879
3 6879 7133 7123
3 7124 6882 6880
3 7134 6882 7124
3 7126 7125 7135
3 7126 7135 7136
3 7137 7125 7127
3 7135 7125 7137
3 7138 7127 7128
3 7137 7127 7138
3 7139 7128 7129
3 7138 7128 7139
3 7140 7129 7130
3 7139 7129 7140
3 7143 7142 7141
3 7131 7143 7141
3 7132 7143 7131
3 7133 6881 7144
3 6881 7145 7144
3 6881 6883 7145
3 7134 6884 6882
3 7146 6884 7134
3 7136 7135 7147
3 7136 7147 7148
3 7149 7135 7137
3 7147 7135 7149
3 7150 7137 7138
3 7149 7137 7150
3 6885 7145 6883
3 6885 7151 7145
3 7146 6886 6884
3 7152 6886 7146
3 7148 7147 7153
3 7148 7153 7154
3 7155 7147 7149
3 7153 7147 7155
3 7156 7149 7150
3 7155 7149 7156
3 6887 7151 6885
3 6887 7157 7151
3 7152 6888 6886
3 7158 6888 7152
3 7154 7153 7159
3 7154 7159 7160
3 6889 7157 6887
3 6889 7161 7157
3 7158 6890 6888
3 7162 6890 7158
3 7160 7159 7163
3 7160 7163 7164
3 6892 7161 6889
3 6892 7165 7161
3 7162 6893 6890
3 7166 6893 7162
3 6892 6894 7167
3 7168 6892 7167
3 7165 6892 7168
3 6895 7167 6894
3 7166 6896 6893
3 7169 6896 7166
3 7167 6895 7170
3 6895 7171 7170
3 6895 6897 7171
3 7169 6898 6896
3 7172 6898 7169
3 6899 7171 6897
3 6899 7173 7171
3 7172 6900 6898
3 7174 6900 7172
3 7177 7176 7175
3 7176 7173 7175
3 7173 6901 7175
3 7173 6899 6901
3 7174 6902 6900
3 7178 6902 7174
3 7177 7175 7179
3 7177 7179 7180
3 6903 7179 6901
3 6901 7179 7175
3 7178 6904 6902
3 7181 6904 7178
3 7180 7179 7182
3 7180 7182 7183
3 6905 7182 6903
3 6903 7182 7179
3 7181 6906 6904
3 7184 6906 7181
3 7182 6905 7185
3 6905 7186 7185
3 6905 6907 7186
3 7184 6908 6906
3 7187 6908 7184
3 7189 7188 6910
3 7189 6910 6911
3 6907 6910 7186
3 7186 6910 7188
3 7187 6912 6908
3 7190 6912 7187
3 6911 6913 7191
3 7192 6911 7191
3 7189 6911 7192
3 6914 7191 6913
3 7190 6915 6912
3 7193 6915 7190
3 7192 7191 7194
3 7192 7194 7195
3 6916 7194 6914
3 6914 7194 7191
3 7193 6917 6915
3 7196 6917 7193
3 7195 7194 6918
3 6919 7195 6918
3 7197 7195 6919
3 6918 7194 6916
3 7196 6920 6917
3 7198 6920 7196
3 6919 6921 7199
3 7200 6919 7199
3 7197 6919 7200
3 6922 7199 6921
3 7198 6923 6920
3 7201 6923 7198
3 7200 7199 6924
3 6925 7200 6924
3 7202 7200 6925
3 6924 7199 6922
3 7201 6926 6923
3 7203 6926 7201
3 7206 7205 7204
3 7208 7207 7204
3 7208 7204 7205
3 6928 7202 6925
3 6928 7209 7202
3 7203 6929 6926
3 7210 6929 7203
3 7206 7204 7211
3 7206 7211 7212
3 7213 7204 7207
3 7211 7204 7213
3 6930 7209 6928
3 6930 7214 7209
3 7210 6931 6929
3 7215 6931 7210
3 7212 7211 7216
3 7212 7216 7217
3 7218 7211 7213
3 7216 7211 7218
3 7213 7220 7219
3 7221 7213 7219
3 7218 7213 7221
3 7223 7222 7221
3 7223 7221 7219
3 6932 7214 6930
3 6932 7224 7214
3 7215 6933 6931
3 7225 6933 7215
3 7217 7216 7226
3 7217 7226 7227
3 7228 7216 7218
3 7226 7216 7228
3 7229 7218 7221
3 7228 7218 7229
3 7230 7221 7222
3 7229 7221 7230
3 7233 7232 7231
3 6934 7224 6932
3 6934 7234 7224
3 7225 6935 6933
3 7235 6935 7225
3 7227 7226 7236
3 7227 7236 7237
3 7238 7226 7228
3 7236 7226 7238
3 7239 7228 7229
3 7238 7228 7239
3 7240 7229 7230
3 7239 7229 7240
3 7230 7242 7241
3 7243 7230 7241
3 7240 7230 7243
3 7243 7241 7233
3 7231 7243 7233
3 7244 7243 7231
3 7231 7246 7245
3 7247 7231 7245
3 7244 7231 7247
3 6936 7234 6934
3 6936 7248 7234
3 7235 6937 6935
3 7249 6937 7235
3 7237 7236 7250
3 7237 7250 7251
3 7252 7236 7238
3 7250 7236 7252
3 7253 7238 7239
3 7252 7238 7253
3 7254 7239 7240
3 7253 7239 7254
3 7255 7240 7243
3 7254 7240 7255
3 7256 7243 7244
3 7255 7243 7256
3 7257 7244 7247
3 7256 7244 7257
3 7247 7259 7258
3 7260 7247 7258
3 7257 7247 7260
3 7258 7248 7260
3 7248 6938 7260
3 7248 6936 6938
3 7249 6939 6937
3 7261 6939 7249
3 7251 7250 7262
3 7251 7262 7263
3 7264 7250 7252
3 7262 7250 7264
3 7265 7252 7253
3 7264 7252 7265
3 7266 7253 7254
3 7265 7253 7266
3 7267 7254 7255
3 7266 7254 7267
3 7268 7255 7256
3 7267 7255 7268
3 7269 7256 7257
3 7268 7256 7269
3 7270 7257 7260
3 7269 7257 7270
3 6940 7270 6938
3 6938 7270 7260
3 7261 6941 6939
3 7271 6941 7261
3 7263 7262 7272
3 7263 7272 7273
3 7274 7262 7264
3 7272 7262 7274
3 7275 7264 7265
3 7274 7264 7275
3 7276 7265 7266
3 7275 7265 7276
3 7277 7266 7267
3 7276 7266 7277
3 7278 7267 7268
3 7277 7267 7278
3 7279 7268 7269
3 7278 7268 7279
3 7280 7269 7270
3 7279 7269 7280
3 6942 7280 6940
3 6940 7280 7270
3 7271 6943 6941
3 7281 6943 7271
3 7283 7282 6945
3 7283 6945 6946
3 7272 6948 7273
3 6948 7282 7273
3 6948 6945 7282
3 6948 7272 6954
3 7272 7284 6954
3 7272 7274 7284
3 7285 7274 7275
3 7284 7274 7285
3 7286 7275 7276
3 7285 7275 7286
3 7287 7276 7277
3 7286 7276 7287
3 7288 7277 7278
3 7287 7277 7288
3 7289 7278 7279
3 7288 7278 7289
3 7290 7279 7280
3 7289 7279 7290
3 6949 7290 6942
3 6942 7290 7280
3 7281 6950 6943
3 7291 6950 7281
3 7294 7293 7292
3 7284 6953 6954
3 6953 7284 6955
3 6955 7284 7285
3 6955 7285 6956
3 6956 7285 7286
3 6956 7286 6957
3 6957 7286 7287
3 6957 7287 6958
3 6958 7287 7288
3 6958 7288 6959
3 6959 7288 7289
3 6959 7289 6960
3 6960 7289 7290
3 6960 7290 6949
3 7291 6961 6950
3 7295 6961 7291
3 7293 7294 7296
3 7296 7294 7297
3 7295 6964 6961
3 7298 6964 7295
3 7296 7297 7299
3 7299 7297 7300
3 7298 6970 6964
3 7301 6970 7298
3 7299 7300 7302
3 7302 7300 7303
3 7305 7304 6974
3 6974 7304 6973
3 7306 6974 6975
3 7306 7305 6974
3 7307 6975 6976
3 7307 7306 6975
3 7309 7308 6978
3 7308 6976 6978
3 7308 7307 6976
3 6979 6980 7309
3 6980 7308 7309
3 6980 7310 7308
3 7312 7310 7311
3 7310 6981 7311
3 7310 6980 6981
3 7311 6981 7313
3 6981 7314 7313
3 6981 6982 7314
3 7315 6982 6983
3 7315 7314 6982
3 6983 6970 7301
3 6983 7301 7315
3 7302 7303 7316
3 7316 7303 7317
3 7304 7318 6973
3 6973 7318 6990
3 6992 6990 7318
3 6992 7318 7319
3 6993 7309 6978
3 7309 6993 6979
3 7320 7312 7311
3 7320 7311 7313
3 7322 7321 6994
3 7322 6994 6995
3 6996 6994 7321
3 6996 7321 7323
3 7011 7322 6995
3 7011 7324 7322
3 7327 7326 7325
3 7325 7326 7328
3 7325 7328 7329
3 7014 7325 7329
3 7016 7014 7329
3 7016 7329 7020
3 7020 7329 7330
3 7020 7330 7022
3 7022 7330 7331
3 7022 7331 7035
3 7331 7332 7035
3 7331 7333 7332
3 7023 7332 7025
3 7332 7334 7025
3 7332 7333 7334
3 7025 7334 7028
3 7028 7334 7335
3 7028 7335 7038
3 7335 7336 7038
3 7335 7337 7336
3 7339 7337 7338
3 7336 7337 7339
3 7029 7339 7031
3 7031 7339 7338
3 7327 7325 7340
3 7327 7340 7341
3 7032 7340 7014
3 7014 7340 7325
3 7332 7034 7035
3 7034 7332 7023
3 7336 7037 7038
3 7037 7336 7039
3 7039 7336 7339
3 7039 7339 7029
3 7343 7342 7041
3 7041 7342 7040
3 7340 7032 7344
3 7032 7345 7344
3 7032 7042 7345
3 7044 7345 7042
3 7044 7346 7345
3 7347 7047 7046
3 7348 7047 7347
3 7048 7346 7044
3 7048 7349 7346
3 7351 7350 7052
3 7052 7350 7051
3 7052 7053 7351
3 7351 7053 7352
3 7355 7354 7353
3 7357 7356 7353
3 7353 7356 7355
3 7056 7057 7358
3 7356 7357 7359
3 7058 7360 7057
3 7057 7360 7358
3 7060 7361 7058
3 7058 7361 7360
3 7363 7361 7362
3 7361 7060 7362
3 7062 7364 7362
3 7062 7362 7060
3 7348 7362 7364
3 7064 7348 7364
3 7047 7348 7064
3 7065 7349 7048
3 7065 7365 7349
3 7067 7051 7366
3 7051 7367 7366
3 7051 7350 7367
3 7366 7368 7067
3 7368 7053 7067
3 7368 7352 7053
3 7354 7369 7353
3 7371 7370 7369
3 7370 7353 7369
3 7370 7357 7353
3 7068 7056 7358
3 7372 7359 7370
3 7357 7370 7359
3 7068 7358 7069
3 7069 7358 7360
3 7069 7360 7070
3 7070 7360 7361
3 7361 7363 7070
3 7363 7373 7070
3 7364 7062 7070
3 7364 7070 7373
3 7064 7364 7373
3 7374 7064 7373
3 7071 7064 7374
3 7072 7365 7065
3 7072 7375 7365
3 7367 7376 7366
3 7366 7376 7368
3 7371 7377 7370
3 7370 7377 7372
3 7374 7074 7071
3 7378 7074 7374
3 7075 7375 7072
3 7075 7379 7375
3 7378 7077 7074
3 7380 7077 7378
3 7078 7379 7075
3 7078 7381 7379
3 7380 7093 7077
3 7382 7093 7380
3 7385 7384 7383
3 7382 7104 7093
3 7386 7104 7382
3 7384 7385 7387
3 7387 7385 7388
3 7386 7114 7104
3 7389 7114 7386
3 7391 7390 7388
3 7106 7391 7388
3 7116 7391 7106
3 7388 7390 7387
3 7389 7124 7114
3 7392 7124 7389
3 7395 7394 7393
3 7392 7134 7124
3 7396 7134 7392
3 7398 7397 7395
3 7126 7398 7395
3 7136 7398 7126
3 7395 7397 7394
3 7400 7399 7141
3 7142 7400 7141
3 7402 7401 7144
3 7145 7402 7144
3 7396 7146 7134
3 7403 7146 7396
3 7406 7405 7404
3 7409 7408 7407
3 7411 7410 7407
3 7407 7410 7409
3 7399 7400 7411
3 7400 7410 7411
3 7400 7412 7410
3 7414 7413 7142
3 7413 7400 7142
3 7413 7412 7400
3 7401 7402 7414
3 7402 7413 7414
3 7402 7415 7413
3 7151 7415 7145
3 7145 7415 7402
3 7403 7152 7146
3 7416 7152 7403
3 7405 7406 7417
3 7417 7406 7418
3 7420 7419 7409
3 7409 7419 7408
3 7421 7409 7410
3 7420 7409 7421
3 7422 7410 7412
3 7421 7410 7422
3 7423 7412 7413
3 7422 7412 7423
3 7424 7413 7415
3 7423 7413 7424
3 7157 7424 7151
3 7151 7424 7415
3 7416 7158 7152
3 7425 7158 7416
3 7417 7427 7426
3 7427 7417 7428
3 7418 7428 7417
3 7428 7418 7429
3 7430 7429 7418
3 7432 7431 7428
3 7428 7431 7427
3 7419 7420 7432
3 7420 7431 7432
3 7420 7433 7431
3 7434 7420 7421
3 7433 7420 7434
3 7435 7421 7422
3 7434 7421 7435
3 7436 7422 7423
3 7435 7422 7436
3 7437 7423 7424
3 7436 7423 7437
3 7161 7437 7157
3 7157 7437 7424
3 7425 7162 7158
3 7438 7162 7425
3 7439 7429 7430
3 7429 7439 7440
3 7426 7427 7441
3 7442 7441 7427
3 7443 7427 7431
3 7442 7427 7443
3 7444 7431 7433
3 7443 7431 7444
3 7445 7433 7434
3 7444 7433 7445
3 7446 7434 7435
3 7445 7434 7446
3 7447 7435 7436
3 7446 7435 7447
3 7448 7436 7437
3 7447 7436 7448
3 7165 7448 7161
3 7161 7448 7437
3 7438 7166 7162
3 7449 7166 7438
3 7439 7164 7450
3 7453 7452 7451
3 7439 7450 7440
3 7453 7441 7452
3 7442 7452 7441
3 7452 7442 7454
3 7455 7442 7443
3 7454 7442 7455
3 7456 7443 7444
3 7455 7443 7456
3 7457 7444 7445
3 7456 7444 7457
3 7458 7445 7446
3 7457 7445 7458
3 7459 7446 7447
3 7458 7446 7459
3 7460 7447 7448
3 7459 7447 7460
3 7168 7460 7165
3 7165 7460 7448
3 7449 7169 7166
3 7461 7169 7449
3 7464 7463 7462
3 7452 7464 7462
3 7454 7464 7452
3 7465 7454 7455
3 7464 7454 7465
3 7466 7455 7456
3 7465 7455 7466
3 7467 7456 7457
3 7466 7456 7467
3 7468 7457 7458
3 7467 7457 7468
3 7469 7458 7459
3 7468 7458 7469
3 7470 7459 7460
3 7469 7459 7470
3 7170 7471 7168
3 7471 7460 7168
3 7471 7470 7460
3 7171 7471 7170
3 7461 7172 7169
3 7472 7172 7461
3 7463 7464 7473
3 7463 7473 7474
3 7475 7464 7465
3 7473 7464 7475
3 7476 7465 7466
3 7475 7465 7476
3 7477 7466 7467
3 7476 7466 7477
3 7478 7467 7468
3 7477 7467 7478
3 7479 7468 7469
3 7478 7468 7479
3 7480 7469 7470
3 7479 7469 7480
3 7481 7470 7471
3 7480 7470 7481
3 7173 7481 7171
3 7171 7481 7471
3 7472 7174 7172
3 7482 7174 7472
3 7474 7473 7483
3 7474 7483 7484
3 7485 7473 7475
3 7483 7473 7485
3 7486 7475 7476
3 7485 7475 7486
3 7487 7476 7477
3 7486 7476 7487
3 7488 7477 7478
3 7487 7477 7488
3 7489 7478 7479
3 7488 7478 7489
3 7490 7479 7480
3 7489 7479 7490
3 7177 7490 7176
3 7490 7481 7176
3 7490 7480 7481
3 7176 7481 7173
3 7482 7178 7174
3 7491 7178 7482
3 7494 7493 7492
3 7492 7493 7484
3 7483 7492 7484
3 7495 7492 7483
3 7496 7483 7485
3 7495 7483 7496
3 7497 7485 7486
3 7496 7485 7497
3 7498 7486 7487
3 7497 7486 7498
3 7499 7487 7488
3 7498 7487 7499
3 7500 7488 7489
3 7499 7488 7500
3 7501 7489 7490
3 7500 7489 7501
3 7180 7501 7177
3 7177 7501 7490
3 7491 7181 7178
3 7502 7181 7491
3 7505 7504 7503
3 7492 7505 7503
3 7495 7505 7492
3 7506 7495 7496
3 7505 7495 7506
3 7507 7496 7497
3 7506 7496 7507
3 7508 7497 7498
3 7507 7497 7508
3 7509 7498 7499
3 7508 7498 7509
3 7510 7499 7500
3 7509 7499 7510
3 7511 7500 7501
3 7510 7500 7511
3 7183 7511 7180
3 7180 7511 7501
3 7502 7184 7181
3 7512 7184 7502
3 7504 7505 7513
3 7504 7513 7514
3 7515 7505 7506
3 7513 7505 7515
3 7516 7506 7507
3 7515 7506 7516
3 7517 7507 7508
3 7516 7507 7517
3 7518 7508 7509
3 7517 7508 7518
3 7519 7509 7510
3 7518 7509 7519
3 7520 7510 7511
3 7519 7510 7520
3 7185 7521 7183
3 7521 7511 7183
3 7521 7520 7511
3 7186 7521 7185
3 7512 7187 7184
3 7522 7187 7512
3 7514 7513 7523
3 7514 7523 7524
3 7525 7513 7515
3 7523 7513 7525
3 7526 7515 7516
3 7525 7515 7526
3 7527 7516 7517
3 7526 7516 7527
3 7528 7517 7518
3 7527 7517 7528
3 7529 7518 7519
3 7528 7518 7529
3 7530 7519 7520
3 7529 7519 7530
3 7189 7530 7188
3 7530 7521 7188
3 7530 7520 7521
3 7188 7521 7186
3 7522 7190 7187
3 7531 7190 7522
3 7524 7523 7532
3 7524 7532 7533
3 7534 7523 7525
3 7532 7523 7534
3 7535 7525 7526
3 7534 7525 7535
3 7536 7526 7527
3 7535 7526 7536
3 7537 7527 7528
3 7536 7527 7537
3 7538 7528 7529
3 7537 7528 7538
3 7539 7529 7530
3 7538 7529 7539
3 7192 7539 7189
3 7189 7539 7530
3 7531 7193 7190
3 7540 7193 7531
3 7543 7542 7541
3 7541 7542 7533
3 7532 7541 7533
3 7544 7541 7532
3 7545 7532 7534
3 7544 7532 7545
3 7546 7534 7535
3 7545 7534 7546
3 7547 7535 7536
3 7546 7535 7547
3 7548 7536 7537
3 7547 7536 7548
3 7549 7537 7538
3 7548 7537 7549
3 7550 7538 7539
3 7549 7538 7550
3 7195 7550 7192
3 7192 7550 7539
3 7540 7196 7193
3 7551 7196 7540
3 7554 7553 7552
3 7541 7554 7552
3 7544 7554 7541
3 7555 7544 7545
3 7554 7544 7555
3 7556 7545 7546
3 7555 7545 7556
3 7557 7546 7547
3 7556 7546 7557
3 7558 7547 7548
3 7557 7547 7558
3 7559 7548 7549
3 7558 7548 7559
3 7560 7549 7550
3 7559 7549 7560
3 7197 7560 7195
3 7195 7560 7550
3 7551 7198 7196
3 7561 7198 7551
3 7553 7554 7562
3 7553 7562 7563
3 7564 7554 7555
3 7562 7554 7564
3 7565 7555 7556
3 7564 7555 7565
3 7566 7556 7557
3 7565 7556 7566
3 7567 7557 7558
3 7566 7557 7567
3 7568 7558 7559
3 7567 7558 7568
3 7569 7559 7560
3 7568 7559 7569
3 7200 7569 7197
3 7197 7569 7560
3 7561 7201 7198
3 7570 7201 7561
3 7563 7562 7571
3 7563 7571 7572
3 7573 7562 7564
3 7571 7562 7573
3 7574 7564 7565
3 7573 7564 7574
3 7575 7565 7566
3 7574 7565 7575
3 7576 7566 7567
3 7575 7566 7576
3 7577 7567 7568
3 7576 7567 7577
3 7578 7568 7569
3 7577 7568 7578
3 7202 7578 7200
3 7200 7578 7569
3 7570 7203 7201
3 7579 7203 7570
3 7580 7572 7571
3 7205 7580 7571
3 7208 7205 7571
3 7580 7205 7581
3 7208 7571 7582
3 7571 7583 7582
3 7571 7573 7583
3 7584 7573 7574
3 7583 7573 7584
3 7585 7574 7575
3 7584 7574 7585
3 7586 7575 7576
3 7585 7575 7586
3 7587 7576 7577
3 7586 7576 7587
3 7588 7577 7578
3 7587 7577 7588
3 7209 7588 7202
3 7202 7588 7578
3 7579 7210 7203
3 7589 7210 7579
3 7580 7581 7590
3 7590 7581 7591
3 7592 7220 7583
3 7583 7220 7582
3 7593 7583 7584
3 7592 7583 7593
3 7594 7584 7585
3 7593 7584 7594
3 7595 7585 7586
3 7594 7585 7595
3 7596 7586 7587
3 7595 7586 7596
3 7597 7587 7588
3 7596 7587 7597
3 7214 7597 7209
3 7209 7597 7588
3 7589 7215 7210
3 7598 7215 7589
3 7600 7599 7591
3 7212 7600 7591
3 7217 7600 7212
3 7591 7599 7590
3 7592 7219 7220
3 7219 7592 7223
3 7223 7592 7593
3 7223 7593 7601
3 7593 7602 7601
3 7593 7594 7602
3 7603 7594 7595
3 7602 7594 7603
3 7604 7595 7596
3 7603 7595 7604
3 7605 7596 7597
3 7604 7596 7605
3 7224 7605 7214
3 7214 7605 7597
3 7598 7225 7215
3 7606 7225 7598
3 7609 7608 7607
3 7610 7242 7602
3 7602 7242 7601
3 7233 7610 7232
3 7610 7603 7232
3 7610 7602 7603
3 7232 7603 7246
3 7603 7611 7246
3 7603 7604 7611
3 7612 7604 7605
3 7611 7604 7612
3 7234 7612 7224
3 7224 7612 7605
3 7606 7235 7225
3 7613 7235 7606
3 7608 7609 7614
3 7614 7609 7615
3 7610 7241 7242
3 7241 7610 7233
3 7611 7245 7246
3 7245 7611 7259
3 7611 7616 7259
3 7611 7612 7616
3 7248 7616 7234
3 7234 7616 7612
3 7613 7249 7235
3 7617 7249 7613
3 7614 7615 7618
3 7618 7615 7619
3 7616 7258 7259
3 7258 7616 7248
3 7617 7261 7249
3 7620 7261 7617
3 7622 7621 7619
3 7251 7622 7619
3 7263 7622 7251
3 7619 7621 7618
3 7620 7271 7261
3 7623 7271 7620
3 7626 7625 7624
3 7623 7281 7271
3 7627 7281 7623
3 7629 7628 7282
3 7629 7282 7283
3 7273 7282 7626
3 7282 7630 7626
3 7282 7628 7630
3 7626 7630 7625
3 7627 7291 7281
3 7631 7291 7627
3 7292 7293 7632
3 7632 7293 7633
3 7631 7295 7291
3 7634 7295 7631
3 7296 7633 7293
3 7296 7635 7633
3 7634 7298 7295
3 7636 7298 7634
3 7639 7638 7637
3 7642 7641 7640
3 7644 7643 7640
3 7640 7643 7642
3 7646 7645 7644
3 7644 7645 7643
3 7648 7647 7646
3 7646 7647 7645
3 7648 7649 7647
3 7636 7301 7298
3 7650 7301 7636
3 7638 7639 7651
3 7651 7639 7652
3 7640 7641 7305
3 7641 7304 7305
3 7641 7653 7304
3 7640 7305 7306
3 7640 7306 7644
3 7644 7306 7307
3 7644 7307 7646
3 7646 7307 7308
3 7646 7308 7648
3 7308 7310 7648
3 7310 7654 7648
3 7654 7649 7648
3 7310 7655 7654
3 7657 7655 7656
3 7655 7310 7656
3 7312 7658 7656
3 7312 7656 7310
3 7313 7314 7658
3 7314 7656 7658
3 7314 7659 7656
3 7661 7659 7660
3 7659 7315 7660
3 7659 7314 7315
3 7662 7660 7315
3 7301 7662 7315
3 7650 7662 7301
3 7651 7652 7663
3 7652 7664 7663
3 7652 7665 7664
3 7664 7666 7318
3 7653 7664 7318
3 7304 7653 7318
3 7664 7653 7663
3 7666 7319 7318
3 7667 7654 7655
3 7312 7320 7658
3 7655 7657 7667
3 7658 7320 7313
3 7661 7660 7321
3 7322 7661 7321
3 7668 7661 7322
3 7323 7321 7660
3 7662 7323 7660
3 7669 7323 7662
3 7324 7668 7322
3 7324 7670 7668
3 7324 7672 7671
3 7673 7324 7671
3 7670 7324 7673
3 7676 7675 7674
3 7676 7677 7675
3 7680 7679 7678
3 7680 7681 7679
3 7678 7683 7682
3 7678 7679 7683
3 7686 7685 7684
3 7684 7685 7687
3 7690 7689 7688
3 7690 7691 7689
3 7688 7692 7677
3 7688 7689 7692
3 7677 7693 7675
3 7677 7692 7693
3 7675 7694 7681
3 7675 7693 7694
3 7681 7695 7679
3 7681 7694 7695
3 7679 7696 7683
3 7679 7695 7696
3 7683 7697 7687
3 7683 7696 7697
3 7684 7687 7698
3 7698 7687 7697
3 7342 7343 7699
3 7343 7700 7699
3 7343 7701 7700
3 7691 7702 7689
3 7691 7703 7702
3 7689 7704 7692
3 7689 7702 7704
3 7692 7705 7693
3 7692 7704 7705
3 7693 7706 7694
3 7693 7705 7706
3 7694 7707 7695
3 7694 7706 7707
3 7695 7708 7696
3 7695 7707 7708
3 7696 7709 7697
3 7696 7708 7709
3 7698 7697 7710
3 7710 7697 7709
3 7700 7711 7699
3 7703 7712 7702
3 7703 7713 7712
3 7702 7714 7704
3 7702 7712 7714
3 7704 7715 7705
3 7704 7714 7715
3 7705 7716 7706
3 7705 7715 7716
3 7706 7717 7707
3 7706 7716 7717
3 7707 7718 7708
3 7707 7717 7718
3 7708 7719 7709
3 7708 7718 7719
3 7710 7709 7720
3 7709 7721 7720
3 7709 7719 7721
3 7721 7722 7720
3 7723 7348 7347
3 7724 7348 7723
3 7726 7712 7725
3 7712 7727 7725
3 7712 7713 7727
3 7728 7350 7351
3 7712 7728 7351
3 7714 7712 7351
3 7726 7728 7712
3 7714 7351 7352
3 7729 7714 7352
3 7715 7714 7729
3 7729 7354 7355
3 7716 7729 7355
3 7715 7729 7716
3 7716 7355 7356
3 7716 7356 7717
3 7717 7356 7359
3 7730 7717 7359
3 7718 7717 7730
3 7718 7731 7719
3 7718 7730 7731
3 7719 7732 7721
3 7719 7731 7732
3 7733 7363 7362
3 7721 7734 7722
3 7734 7721 7732
3 7735 7733 7362
3 7348 7735 7362
3 7724 7735 7348
3 7725 7727 7736
3 7736 7727 7737
3 7728 7367 7350
3 7738 7367 7728
3 7368 7739 7729
3 7368 7729 7352
3 7740 7369 7354
3 7729 7740 7354
3 7739 7740 7729
3 7740 7371 7369
3 7372 7741 7730
3 7372 7730 7359
3 7730 7742 7731
3 7730 7741 7742
3 7731 7743 7732
3 7731 7742 7743
3 7373 7363 7733
3 7732 7744 7734
3 7744 7732 7745
3 7743 7745 7732
3 7374 7744 7745
3 7374 7735 7744
3 7374 7373 7733
3 7735 7374 7733
3 7747 7746 7737
3 7365 7747 7737
3 7375 7747 7365
3 7746 7748 7737
3 7748 7749 7737
3 7750 7736 7737
3 7750 7737 7749
3 7749 7751 7376
3 7738 7749 7376
3 7367 7738 7376
3 7749 7738 7750
3 7739 7368 7376
3 7751 7739 7376
3 7752 7739 7751
3 7739 7753 7740
3 7739 7752 7753
3 7740 7753 7371
3 7753 7754 7371
3 7754 7377 7371
3 7753 7755 7754
3 7372 7377 7741
3 7377 7756 7741
3 7377 7754 7756
3 7741 7756 7742
3 7742 7756 7757
3 7742 7757 7743
3 7743 7757 7758
3 7743 7758 7745
3 7745 7758 7759
3 7374 7745 7759
3 7760 7374 7759
3 7378 7374 7760
3 7379 7747 7375
3 7379 7761 7747
3 7748 7762 7749
3 7764 7763 7762
3 7763 7749 7762
3 7763 7751 7749
3 7751 7765 7752
3 7751 7763 7765
3 7752 7766 7753
3 7752 7765 7766
3 7755 7753 7767
3 7753 7768 7767
3 7753 7766 7768
3 7770 7769 7768
3 7768 7769 7767
3 7772 7771 7770
3 7770 7771 7769
3 7772 7773 7771
3 7760 7380 7378
3 7774 7380 7760
3 7777 7776 7775
3 7763 7764 7778
3 7778 7764 7779
3 7781 7765 7780
3 7765 7778 7780
3 7765 7763 7778
3 7765 7781 7766
3 7766 7781 7782
3 7766 7782 7768
3 7768 7782 7783
3 7768 7783 7770
3 7770 7783 7784
3 7770 7784 7772
3 7772 7784 7785
3 7772 7785 7773
3 7774 7382 7380
3 7786 7382 7774
3 7788 7787 7384
3 7384 7787 7383
3 7787 7776 7383
3 7776 7777 7383
3 7787 7788 7779
3 7788 7778 7779
3 7788 7789 7778
3 7780 7778 7790
3 7778 7791 7790
3 7778 7789 7791
3 7793 7792 7791
3 7791 7792 7790
3 7795 7794 7793
3 7793 7794 7792
3 7797 7796 7795
3 7795 7796 7794
3 7799 7798 7797
3 7797 7798 7796
3 7799 7800 7798
3 7786 7386 7382
3 7801 7386 7786
3 7803 7802 7788
3 7384 7803 7788
3 7387 7803 7384
3 7805 7804 7802
3 7804 7788 7802
3 7804 7789 7788
3 7789 7806 7791
3 7789 7804 7806
3 7791 7807 7793
3 7791 7806 7807
3 7793 7808 7795
3 7793 7807 7808
3 7795 7809 7797
3 7795 7808 7809
3 7797 7810 7799
3 7797 7809 7810
3 7800 7799 7811
3 7811 7799 7810
3 7801 7389 7386
3 7812 7389 7801
3 7814 7813 7390
3 7813 7387 7390
3 7813 7803 7387
3 7804 7805 7815
3 7815 7805 7816
3 7804 7817 7806
3 7804 7815 7817
3 7819 7807 7818
3 7807 7817 7818
3 7807 7806 7817
3 7821 7820 7819
3 7820 7807 7819
3 7820 7808 7807
3 7823 7809 7822
3 7809 7820 7822
3 7809 7808 7820
3 7809 7823 7810
3 7810 7823 7824
3 7810 7824 7811
3 7812 7392 7389
3 7825 7392 7812
3 7393 7394 7814
3 7394 7813 7814
3 7394 7826 7813
3 7816 7827 7815
3 7815 7827 7817
3 7817 7827 7828
3 7817 7828 7818
3 7821 7829 7820
3 7820 7829 7822
3 7825 7396 7392
3 7830 7396 7825
3 7832 7831 7397
3 7831 7394 7397
3 7831 7826 7394
3 7835 7834 7833
3 7833 7836 7835
3 7830 7403 7396
3 7837 7403 7830
3 7404 7405 7832
3 7405 7831 7832
3 7405 7838 7831
3 7834 7839 7833
3 7833 7839 7836
3 7837 7416 7403
3 7840 7416 7837
3 7417 7838 7405
3 7417 7841 7838
3 7840 7425 7416
3 7842 7425 7840
3 7426 7841 7417
3 7426 7843 7841
3 7842 7438 7425
3 7844 7438 7842
3 7441 7843 7426
3 7441 7845 7843
3 7844 7449 7438
3 7846 7449 7844
3 7848 7847 7453
3 7847 7441 7453
3 7847 7845 7441
3 7846 7461 7449
3 7849 7461 7846
3 7462 7463 7848
3 7463 7847 7848
3 7463 7850 7847
3 7849 7472 7461
3 7851 7472 7849
3 7474 7850 7463
3 7474 7852 7850
3 7851 7482 7472
3 7853 7482 7851
3 7484 7852 7474
3 7484 7854 7852
3 7853 7491 7482
3 7855 7491 7853
3 7857 7856 7493
3 7856 7484 7493
3 7856 7854 7484
3 7855 7502 7491
3 7858 7502 7855
3 7503 7504 7857
3 7504 7856 7857
3 7504 7859 7856
3 7858 7512 7502
3 7860 7512 7858
3 7514 7859 7504
3 7514 7861 7859
3 7860 7522 7512
3 7862 7522 7860
3 7524 7861 7514
3 7524 7863 7861
3 7862 7531 7522
3 7864 7531 7862
3 7533 7863 7524
3 7533 7865 7863
3 7864 7540 7531
3 7866 7540 7864
3 7868 7867 7542
3 7867 7533 7542
3 7867 7865 7533
3 7866 7551 7540
3 7869 7551 7866
3 7552 7553 7868
3 7553 7867 7868
3 7553 7870 7867
3 7869 7561 7551
3 7871 7561 7869
3 7563 7870 7553
3 7563 7872 7870
3 7871 7570 7561
3 7873 7570 7871
3 7572 7872 7563
3 7572 7874 7872
3 7873 7579 7570
3 7875 7579 7873
3 7580 7874 7572
3 7580 7876 7874
3 7875 7589 7579
3 7877 7589 7875
3 7590 7876 7580
3 7590 7878 7876
3 7877 7598 7589
3 7879 7598 7877
3 7881 7880 7599
3 7880 7590 7599
3 7880 7878 7590
3 7879 7606 7598
3 7882 7606 7879
3 7607 7608 7881
3 7608 7880 7881
3 7608 7883 7880
3 7882 7613 7606
3 7884 7613 7882
3 7614 7883 7608
3 7614 7885 7883
3 7884 7617 7613
3 7886 7617 7884
3 7618 7885 7614
3 7618 7887 7885
3 7886 7620 7617
3 7888 7620 7886
3 7890 7889 7621
3 7889 7618 7621
3 7889 7887 7618
3 7888 7623 7620
3 7891 7623 7888
3 7624 7625 7890
3 7625 7889 7890
3 7625 7892 7889
3 7891 7627 7623
3 7893 7627 7891
3 7895 7894 7628
3 7895 7628 7629
3 7628 7896 7630
3 7894 7896 7628
3 7625 7630 7892
3 7892 7630 7896
3 7893 7631 7627
3 7897 7631 7893
3 7632 7633 7898
3 7898 7633 7899
3 7897 7634 7631
3 7900 7634 7897
3 7635 7899 7633
3 7635 7901 7899
3 7900 7636 7634
3 7902 7636 7900
3 7904 7903 7638
3 7903 7637 7638
3 7903 7905 7637
3 7641 7642 7904
3 7642 7903 7904
3 7642 7906 7903
3 7907 7642 7643
3 7907 7906 7642
3 7908 7643 7645
3 7908 7907 7643
3 7909 7645 7647
3 7909 7908 7645
3 7911 7910 7649
3 7910 7647 7649
3 7910 7909 7647
3 7913 7912 7911
3 7911 7912 7910
3 7915 7914 7913
3 7913 7914 7912
3 7915 7916 7914
3 7902 7650 7636
3 7917 7650 7902
3 7919 7918 7904
3 7638 7919 7904
3 7651 7919 7638
3 7641 7904 7918
3 7920 7641 7918
3 7653 7641 7920
3 7654 7921 7911
3 7654 7911 7649
3 7921 7657 7656
3 7913 7921 7656
3 7911 7921 7913
3 7913 7656 7659
3 7913 7659 7915
3 7659 7661 7915
3 7661 7916 7915
3 7661 7922 7916
3 7917 7662 7650
3 7923 7662 7917
3 7663 7653 7920
3 7663 7920 7924
3 7667 7921 7654
3 7921 7667 7657
3 7668 7926 7925
3 7922 7668 7925
3 7661 7668 7922
3 7923 7925 7926
3 7669 7923 7926
3 7662 7923 7669
3 7928 7927 7926
3 7668 7928 7926
3 7670 7928 7668
3 7930 7673 7929
3 7933 7932 7931
3 7936 7935 7934
3 7938 7937 7934
3 7938 7934 7935
3 7941 7940 7939
3 7941 7939 7942
3 7940 7944 7943
3 7945 7940 7943
3 7939 7940 7945
3 7947 7686 7946
3 7686 7948 7946
3 7686 7684 7948
3 7950 7701 7949
3 7701 7951 7949
3 7701 7952 7951
3 7955 7954 7953
3 7934 7955 7953
3 7937 7955 7934
3 7937 7957 7956
3 7958 7937 7956
3 7955 7937 7958
3 7961 7960 7959
3 7963 7962 7945
3 7698 7948 7684
3 7698 7964 7948
3 7965 7700 7950
3 7950 7700 7701
3 7968 7967 7966
3 7955 7968 7966
3 7958 7968 7955
3 7958 7970 7969
3 7971 7958 7969
3 7968 7958 7971
3 7974 7973 7972
3 7976 7975 7960
3 7974 7964 7973
3 7964 7710 7973
3 7964 7698 7710
3 7965 7711 7700
3 7979 7978 7977
3 7980 7968 7971
3 7980 7971 7981
3 7971 7982 7981
3 7971 7983 7982
3 7971 7985 7984
3 7983 7971 7984
3 7988 7987 7986
3 7986 7987 7720
3 7987 7973 7720
3 7973 7710 7720
3 7722 7986 7720
3 7989 7724 7723
3 7990 7724 7989
3 7979 7977 7726
3 7725 7979 7726
3 7991 7979 7725
3 7728 7726 7977
3 7992 7728 7977
3 7993 7728 7992
3 7996 7995 7994
3 7997 7994 7995
3 7982 7983 7998
3 7982 7998 7999
3 7983 8001 8000
3 8002 7983 8000
3 7998 7983 8002
3 8003 8002 8000
3 7988 7986 8004
3 7988 8004 8005
3 7734 8004 7722
3 7722 8004 7986
3 7990 7735 7724
3 8006 7735 7990
3 7736 8008 8007
3 7991 7736 8007
3 7725 7736 7991
3 7993 8007 8008
3 7738 7993 8008
3 7728 7993 7738
3 8009 7996 7994
3 8009 7994 7997
3 8010 7999 7998
3 8010 7998 8002
3 8010 8002 8011
3 8011 8002 8003
3 8012 8005 8004
3 8014 8012 8013
3 8013 8012 7744
3 8012 8004 7744
3 8004 7734 7744
3 8015 8013 7744
3 7735 8015 7744
3 8006 8015 7735
3 8017 8016 7746
3 8017 7746 7747
3 8016 8019 8018
3 7746 8016 8018
3 7748 7746 8018
3 8020 7748 8018
3 7750 8020 8018
3 7736 7750 8018
3 8008 7736 8018
3 8019 8008 8018
3 8021 8008 8019
3 8008 8021 7738
3 8022 7738 8021
3 7738 8022 7750
3 8020 7750 8022
3 8023 8022 8021
3 8026 8025 8024
3 8027 7754 7755
3 8028 8024 8025
3 8029 7756 7754
3 8029 7754 8027
3 8030 7757 7756
3 8030 7756 8029
3 7757 8030 8031
3 8032 7757 8031
3 7758 7757 8032
3 8035 8034 8033
3 8014 8013 8032
3 7759 8032 8013
3 8032 7759 7758
3 7760 8035 8033
3 7760 8015 8035
3 7760 7759 8013
3 8015 7760 8013
3 7761 8017 7747
3 7761 8036 8017
3 8020 7762 7748
3 7762 8020 7764
3 8020 8037 7764
3 8020 8022 8037
3 8022 8023 8038
3 8022 8038 8037
3 8039 8026 8024
3 7755 7767 8027
3 8024 8028 8039
3 8027 7767 7769
3 8027 7769 8029
3 8029 7769 7771
3 8029 7771 8030
3 8041 8040 7773
3 7773 8040 7771
3 8040 8031 7771
3 8031 8030 7771
3 8042 8033 8034
3 8041 8043 8040
3 7760 8033 8042
3 8044 7760 8042
3 7774 7760 8044
3 8047 8046 8045
3 8048 8045 7775
3 8045 8036 7775
3 8036 7761 7775
3 8036 8045 8046
3 7776 8048 7775
3 8049 7779 8037
3 8037 7779 7764
3 7781 7780 8050
3 8038 8051 8037
3 8049 8037 8051
3 8052 7782 7781
3 8052 7781 8050
3 8053 7783 7782
3 8053 7782 8052
3 8054 7784 7783
3 8054 7783 8053
3 8055 7785 7784
3 8055 7784 8054
3 8055 8056 7785
3 7785 8056 7773
3 8056 8057 7773
3 8057 8041 7773
3 8057 8058 8041
3 8058 8059 8041
3 8060 8043 8041
3 8060 8041 8059
3 8044 8060 8059
3 7786 8044 8059
3 7774 8044 7786
3 8063 8062 8061
3 8061 8062 7787
3 8062 8048 7787
3 8048 7776 7787
3 7779 8049 7787
3 8049 8061 7787
3 8049 8064 8061
3 8050 7780 7790
3 8064 8051 8065
3 8051 8064 8049
3 8050 7790 7792
3 8050 7792 8052
3 8052 7792 7794
3 8052 7794 8053
3 8053 7794 7796
3 8053 7796 8054
3 8054 7796 7798
3 8054 7798 8055
3 8067 8066 7800
3 7800 8066 7798
3 8066 8056 7798
3 8056 8055 7798
3 8069 8068 8067
3 8068 8059 8067
3 8058 8066 8067
3 8058 8067 8059
3 7786 8059 8068
3 8070 7786 8068
3 7801 7786 8070
3 7805 7802 8071
3 8073 8072 8064
3 8061 8064 8072
3 8073 8064 8065
3 7811 8074 8067
3 7811 8067 7800
3 8069 8067 8075
3 8075 8067 8074
3 8070 7812 7801
3 8076 7812 8070
3 8078 8077 8071
3 7803 8078 8071
3 7813 8078 7803
3 7805 8071 8077
3 8079 7805 8077
3 7816 7805 8079
3 7818 8080 7819
3 8080 7821 7819
3 7822 8081 7823
3 8082 7824 7823
3 8082 7823 8081
3 8082 8083 7824
3 7824 8083 7811
3 8083 8084 7811
3 8084 8074 7811
3 8074 8084 8075
3 8076 7825 7812
3 8085 7825 8076
3 7827 8087 8086
3 8087 7827 8088
3 7816 8088 7827
3 8088 7816 8089
3 8079 8089 7816
3 8086 8091 8090
3 7828 8086 8090
3 7827 8086 7828
3 8080 7818 7828
3 8090 8080 7828
3 8092 8080 8090
3 8093 7829 7821
3 8080 8093 7821
3 8092 8093 8080
3 8081 7822 7829
3 8093 8081 7829
3 8094 8081 8093
3 8081 8095 8082
3 8081 8094 8095
3 8083 8082 8096
3 8096 8082 8095
3 8085 7830 7825
3 8097 7830 8085
3 7835 8098 7834
3 8098 8088 7834
3 8088 8099 7834
3 8088 8098 8087
3 8100 8090 7836
3 8090 8098 7836
3 8098 7835 7836
3 8090 8091 8098
3 8090 8101 8092
3 8090 8100 8101
3 8092 8102 8093
3 8092 8101 8102
3 8093 8103 8094
3 8093 8102 8103
3 8094 8104 8095
3 8094 8103 8104
3 8096 8095 8105
3 8105 8095 8104
3 8097 7837 7830
3 8106 7837 8097
3 8108 8107 8099
3 7831 8108 8099
3 7838 8108 7831
3 8107 8110 8109
3 8107 8109 7839
3 8099 8107 7839
3 7834 8099 7839
3 8100 7836 7839
3 8109 8100 7839
3 8111 8100 8109
3 8100 8112 8101
3 8100 8111 8112
3 8101 8113 8102
3 8101 8112 8113
3 8102 8114 8103
3 8102 8113 8114
3 8103 8115 8104
3 8103 8114 8115
3 8105 8104 8116
3 8116 8104 8115
3 8106 7840 7837
3 8117 7840 8106
3 8119 8118 8110
3 8118 8109 8110
3 8118 8120 8109
3 8109 8121 8111
3 8109 8120 8121
3 8111 8122 8112
3 8111 8121 8122
3 8112 8123 8113
3 8112 8122 8123
3 8113 8124 8114
3 8113 8123 8124
3 8114 8125 8115
3 8114 8124 8125
3 8116 8115 8126
3 8126 8115 8125
3 8117 7842 7840
3 8127 7842 8117
3 8129 8128 8118
3 7841 8129 8118
3 7843 8129 7841
3 8131 8130 8128
3 8130 8118 8128
3 8130 8120 8118
3 8120 8132 8121
3 8120 8130 8132
3 8121 8133 8122
3 8121 8132 8133
3 8122 8134 8123
3 8122 8133 8134
3 8123 8135 8124
3 8123 8134 8135
3 8124 8136 8125
3 8124 8135 8136
3 8126 8125 8137
3 8125 8138 8137
3 8125 8136 8138
3 8138 8139 8137
3 8127 7844 7842
3 8140 7844 8127
3 8142 8141 8131
3 8141 8130 8131
3 8141 8143 8130
3 8130 8144 8132
3 8130 8143 8144
3 8132 8145 8133
3 8132 8144 8145
3 8133 8146 8134
3 8133 8145 8146
3 8134 8147 8135
3 8134 8146 8147
3 8135 8148 8136
3 8135 8147 8148
3 8150 8138 8149
3 8138 8148 8149
3 8138 8136 8148
3 8138 8150 8139
3 8140 7846 7844
3 8151 7846 8140
3 8141 8152 8143
3 8141 8153 8152
3 8143 8154 8144
3 8143 8152 8154
3 8144 8155 8145
3 8144 8154 8155
3 8145 8156 8146
3 8145 8155 8156
3 8146 8157 8147
3 8146 8156 8157
3 8147 8158 8148
3 8147 8157 8158
3 8149 8148 8159
3 8159 8148 8158
3 8151 7849 7846
3 8160 7849 8151
3 8162 8161 8153
3 7847 8162 8153
3 7850 8162 7847
3 8164 8163 8161
3 8163 8153 8161
3 8163 8152 8153
3 8152 8165 8154
3 8152 8163 8165
3 8154 8166 8155
3 8154 8165 8166
3 8168 8156 8167
3 8156 8166 8167
3 8156 8155 8166
3 8170 8169 8168
3 8169 8156 8168
3 8169 8157 8156
3 8157 8171 8158
3 8157 8169 8171
3 8159 8158 8172
3 8172 8158 8171
3 8160 7851 7849
3 8173 7851 8160
3 8176 8175 8174
3 8178 8177 8164
3 8177 8163 8164
3 8177 8179 8163
3 8163 8180 8165
3 8163 8179 8180
3 8165 8181 8166
3 8165 8180 8181
3 8167 8166 8182
3 8166 8183 8182
3 8166 8181 8183
3 8185 8184 8183
3 8184 8169 8183
3 8170 8182 8183
3 8170 8183 8169
3 8187 8186 8184
3 8186 8169 8184
3 8186 8171 8169
3 8172 8171 8188
3 8188 8171 8186
3 8173 7853 7851
3 8189 7853 8173
3 8191 8190 8174
3 8193 8177 8192
3 7852 8192 8177
3 8192 7852 7854
3 8195 8194 8193
3 8194 8177 8193
3 8194 8179 8177
3 8179 8196 8180
3 8179 8194 8196
3 8198 8181 8197
3 8181 8196 8197
3 8181 8180 8196
3 8181 8198 8183
3 8183 8198 8199
3 8199 8200 8183
3 8200 8201 8183
3 8202 8185 8183
3 8202 8183 8201
3 8204 8203 8201
3 8203 8186 8201
3 8187 8202 8201
3 8187 8201 8186
3 8186 8203 8188
3 8189 7855 7853
3 8205 7855 8189
3 8208 8207 8206
3 8210 8209 8195
3 8209 8194 8195
3 8209 8211 8194
3 8213 8196 8212
3 8196 8211 8212
3 8196 8194 8211
3 8213 8214 8196
3 8214 8215 8196
3 8216 8197 8196
3 8216 8196 8215
3 8218 8217 8215
3 8215 8217 8216
3 8220 8219 8218
3 8219 8201 8218
3 8200 8217 8218
3 8200 8218 8201
3 8219 8221 8201
3 8221 8222 8201
3 8223 8204 8201
3 8223 8201 8222
3 8222 8224 8223
3 8205 7858 7855
3 8225 7858 8205
3 8227 8226 8206
3 8229 8209 8228
3 7856 8228 8209
3 8228 7856 7859
3 8231 8230 8229
3 8230 8209 8229
3 8230 8211 8209
3 8212 8211 8232
3 8211 8233 8232
3 8211 8230 8233
3 8235 8234 8233
3 8234 8215 8233
3 8214 8232 8233
3 8214 8233 8215
3 8215 8234 8218
3 8218 8234 8236
3 8236 8237 8218
3 8237 8238 8218
3 8239 8220 8218
3 8239 8218 8238
3 8241 8240 8238
3 8240 8222 8238
3 8221 8239 8238
3 8221 8238 8222
3 8222 8240 8224
3 8225 7860 7858
3 8242 7860 8225
3 8245 8244 8243
3 8248 8247 8246
3 8247 8230 8246
3 8231 8249 8246
3 8231 8246 8230
3 8230 8247 8233
3 8233 8247 8250
3 8250 8251 8233
3 8251 8252 8233
3 8253 8235 8233
3 8253 8233 8252
3 8255 8254 8252
3 8252 8254 8253
3 8257 8256 8255
3 8256 8238 8255
3 8237 8254 8255
3 8237 8255 8238
3 8260 8259 8258
3 8238 8256 8241
3 8259 8261 8258
3 8242 7862 7860
3 8262 7862 8242
3 8264 8263 8243
3 8266 8246 8265
3 7861 8265 8246
3 8265 7861 7863
3 8269 8268 8267
3 8267 8268 8270
3 8272 8271 8269
3 8271 8252 8269
3 8251 8268 8269
3 8251 8269 8252
3 8274 8273 8271
3 8273 8252 8271
3 8273 8255 8252
3 8257 8255 8275
3 8255 8276 8275
3 8255 8273 8276
3 8277 8259 8260
3 8276 8278 8275
3 8259 8277 8261
3 8262 7864 7862
3 8279 7864 8262
3 8282 8281 8280
3 8285 8284 8283
3 8284 8267 8283
3 8287 8286 8283
3 8287 8283 8267
3 8267 8284 8269
3 8269 8284 8288
3 8288 8289 8269
3 8289 8290 8269
3 8291 8272 8269
3 8291 8269 8290
3 8291 8290 8274
3 8290 8273 8274
3 8290 8292 8273
3 8294 8276 8293
3 8276 8292 8293
3 8276 8273 8292
3 8297 8296 8295
3 8276 8294 8278
3 8296 8298 8295
3 8279 7866 7864
3 8299 7866 8279
3 8301 8300 8280
3 8303 8283 8302
3 7865 8302 8283
3 8302 7865 7867
3 8283 8303 8285
3 8306 8305 8304
3 8308 8307 8304
3 8307 8290 8304
3 8289 8306 8304
3 8289 8304 8290
3 8310 8309 8307
3 8309 8290 8307
3 8309 8292 8290
3 8293 8292 8311
3 8292 8312 8311
3 8292 8309 8312
3 8313 8296 8297
3 8312 8314 8311
3 8296 8313 8298
3 8299 7869 7866
3 8315 7869 8299
3 8318 8317 8316
3 8321 8320 8319
3 8319 8320 8322
3 8324 8323 8321
3 8323 8304 8321
3 8305 8320 8321
3 8305 8321 8304
3 8323 8325 8304
3 8325 8326 8304
3 8327 8308 8304
3 8327 8304 8326
3 8327 8326 8310
3 8326 8309 8310
3 8326 8328 8309
3 8330 8312 8329
3 8312 8328 8329
3 8312 8309 8328
3 8333 8332 8331
3 8312 8330 8314
3 8332 8334 8331
3 8315 7871 7869
3 8335 7871 8315
3 8337 8336 8316
3 8339 8319 8338
3 7870 8338 8319
3 8338 7870 7872
3 8319 8339 8321
3 8321 8339 8340
3 8340 8341 8321
3 8341 8342 8321
3 8343 8324 8321
3 8343 8321 8342
3 8343 8342 8325
3 8342 8326 8325
3 8342 8344 8326
3 8346 8328 8345
3 8328 8344 8345
3 8328 8326 8344
3 8349 8348 8347
3 8328 8346 8329
3 8350 8332 8333
3 8348 8351 8347
3 8332 8350 8334
3 8335 7873 7871
3 8352 7873 8335
3 8355 8354 8353
3 8354 8342 8353
3 8341 8356 8353
3 8341 8353 8342
3 8358 8357 8354
3 8357 8342 8354
3 8357 8344 8342
3 8345 8344 8359
3 8344 8360 8359
3 8344 8357 8360
3 8361 8348 8349
3 8360 8362 8359
3 8365 8364 8363
3 8348 8361 8351
3 8364 8366 8363
3 8352 7875 7873
3 8367 7875 8352
3 8369 8353 8368
3 8353 8370 8368
3 8353 8371 8370
3 8353 8369 8355
3 8357 8358 8372
3 8372 8358 8373
3 8375 8360 8374
3 8360 8372 8374
3 8360 8357 8372
3 8375 8376 8360
3 8376 8377 8360
3 8378 8362 8360
3 8378 8360 8377
3 8378 8377 8365
3 8377 8364 8365
3 8377 8379 8364
3 8366 8364 8380
3 8380 8364 8379
3 8367 7877 7875
3 8381 7877 8367
3 8383 8382 8370
3 7876 8383 8370
3 7878 8383 7876
3 8382 8384 8370
3 8384 8385 8370
3 8386 8368 8370
3 8386 8370 8385
3 8388 8387 8385
3 8385 8387 8386
3 8390 8389 8388
3 8389 8372 8388
3 8373 8387 8388
3 8373 8388 8372
3 8389 8391 8372
3 8391 8392 8372
3 8393 8374 8372
3 8393 8372 8392
3 8393 8392 8376
3 8392 8377 8376
3 8392 8394 8377
3 8396 8379 8395
3 8379 8394 8395
3 8379 8377 8394
3 8379 8396 8380
3 8381 7879 7877
3 8397 7879 8381
3 8400 8399 8398
3 8402 8401 8384
3 8401 8385 8384
3 8401 8403 8385
3 8405 8388 8404
3 8388 8403 8404
3 8388 8385 8403
3 8405 8406 8388
3 8406 8407 8388
3 8408 8390 8388
3 8408 8388 8407
3 8410 8409 8407
3 8409 8392 8407
3 8391 8408 8407
3 8391 8407 8392
3 8392 8409 8394
3 8394 8409 8411
3 8414 8413 8412
3 8394 8411 8395
3 8413 8415 8412
3 8397 7882 7879
3 8416 7882 8397
3 8418 8417 8398
3 8420 8401 8419
3 7880 8419 8401
3 8419 7880 7883
3 8401 8420 8403
3 8403 8420 8421
3 8421 8422 8403
3 8422 8423 8403
3 8424 8404 8403
3 8424 8403 8423
3 8424 8423 8406
3 8423 8407 8406
3 8423 8425 8407
3 8410 8407 8426
3 8426 8407 8425
3 8429 8428 8427
3 8431 8430 8427
3 8430 8413 8427
3 8414 8429 8427
3 8414 8427 8413
3 8413 8430 8415
3 8416 7884 7882
3 8432 7884 8416
3 7885 8419 7883
3 7885 8433 8419
3 8436 8435 8434
3 8436 8434 8422
3 8434 8423 8422
3 8434 8437 8423
3 8439 8425 8438
3 8425 8437 8438
3 8425 8423 8437
3 8439 8440 8425
3 8440 8441 8425
3 8442 8426 8425
3 8442 8425 8441
3 8444 8443 8441
3 8443 8427 8441
3 8428 8442 8441
3 8428 8441 8427
3 8427 8443 8431
3 8432 7886 7884
3 8445 7886 8432
3 8448 8447 8446
3 8451 8450 8449
3 8450 8434 8449
3 8435 8452 8449
3 8435 8449 8434
3 8454 8453 8450
3 8453 8434 8450
3 8453 8437 8434
3 8438 8437 8455
3 8437 8456 8455
3 8437 8453 8456
3 8455 8456 8440
3 8456 8441 8440
3 8456 8457 8441
3 8444 8441 8458
3 8458 8441 8457
3 8461 8460 8459
3 8459 8462 8461
3 8445 7888 7886
3 8463 7888 8445
3 8448 8446 8464
3 8448 8464 8465
3 7889 8449 7887
3 8449 7889 8466
3 8464 8466 7889
3 8466 8464 8467
3 8446 8467 8464
3 8449 8466 8451
3 8453 8454 8468
3 8468 8454 8469
3 8453 8470 8456
3 8453 8468 8470
3 8472 8457 8471
3 8457 8470 8471
3 8457 8456 8470
3 8472 8473 8457
3 8473 8474 8457
3 8475 8458 8457
3 8475 8457 8474
3 8475 8474 8460
3 8474 8459 8460
3 8474 8476 8459
3 8462 8459 8477
3 8477 8459 8476
3 8463 7891 7888
3 8478 7891 8463
3 8464 7889 8479
3 7889 8480 8479
3 7889 7892 8480
3 8483 8482 8481
3 8483 8481 8469
3 8481 8468 8469
3 8481 8484 8468
3 8468 8485 8470
3 8468 8484 8485
3 8471 8470 8486
3 8470 8487 8486
3 8470 8485 8487
3 8486 8487 8473
3 8487 8474 8473
3 8487 8488 8474
3 8490 8476 8489
3 8476 8488 8489
3 8476 8474 8488
3 8476 8490 8477
3 8478 7893 7891
3 8491 7893 8478
3 8493 8492 7894
3 8493 7894 7895
3 7894 8494 7896
3 8492 8494 7894
3 7892 7896 8480
3 8480 7896 8494
3 8482 8495 8481
3 8497 8496 8495
3 8496 8481 8495
3 8496 8484 8481
3 8499 8485 8498
3 8485 8496 8498
3 8485 8484 8496
3 8485 8499 8487
3 8487 8499 8500
3 8487 8500 8488
3 8488 8500 8501
3 8488 8501 8489
3 8491 7897 7893
3 8502 7897 8491
3 7898 7899 8503
3 8503 7899 8504
3 8496 8497 8505
3 8505 8497 8506
3 8498 8496 8507
3 8496 8508 8507
3 8496 8505 8508
3 8508 8509 8507
3 8512 8511 8510
3 8502 8512 8510
3 7900 8502 8510
3 7897 8502 7900
3 7901 8504 7899
3 7901 8513 8504
3 8505 8506 8514
3 8514 8506 8515
3 8505 8516 8508
3 8505 8514 8516
3 8509 8508 8517
3 8508 8518 8517
3 8508 8516 8518
3 8520 8519 8518
3 8518 8519 8517
3 8522 8521 8520
3 8520 8521 8519
3 8522 8523 8521
3 8511 8524 8510
3 7900 8510 8524
3 8525 7900 8524
3 7902 7900 8525
3 8526 7905 7903
3 8526 8527 7905
3 8528 7903 7906
3 8528 8526 7903
3 7907 8514 8515
3 8528 7907 8515
3 7906 7907 8528
3 8514 7907 7908
3 8514 7908 8516
3 8516 7908 7909
3 8516 7909 8518
3 8518 7909 7910
3 8518 7910 8520
3 8520 7910 7912
3 8520 7912 8522
3 8529 8523 8522
3 7912 8529 8522
3 7914 8529 7912
3 7914 7916 8529
3 8529 7916 8530
3 8525 7917 7902
3 8531 7917 8525
3 8534 8533 8532
3 7920 7918 8535
3 8538 8537 8536
3 8539 8538 8536
3 7922 8541 8540
3 8530 7922 8540
3 7916 7922 8530
3 8531 8540 8541
3 7923 8531 8541
3 7917 8531 7923
3 8543 7925 8542
3 8543 7922 7925
3 8541 7922 8543
3 8541 8543 8544
3 8545 8541 8544
3 8545 7923 8541
3 8545 8542 7925
3 7923 8545 7925
3 8543 8542 7927
3 7928 8543 7927
3 8546 8543 7928
3 7928 8548 8547
3 8549 7928 8547
3 8546 7928 8549
3 8552 8551 8550
3 8551 7948 8550
3 7948 8553 8550
3 7948 8551 7946
3 8556 8555 8554
3 8555 8557 8554
3 8559 8558 8554
3 8559 8554 8557
3 8556 8554 8560
3 8560 8554 8561
3 8560 8561 8562
3 8562 8561 8563
3 8566 8565 8564
3 7979 8566 8564
3 7991 8566 7979
3 7993 7992 8564
3 8567 7993 8564
3 8565 8567 8564
3 7993 8567 8568
3 7995 7996 8568
3 8567 7995 8568
3 8569 7995 8567
3 8572 8571 8570
3 7982 8572 8570
3 7999 8572 7982
3 8570 8571 8001
3 8571 8000 8001
3 8571 8573 8000
3 8005 8574 8563
3 8005 8563 7988
3 8562 8563 8575
3 8575 8563 8574
3 8576 8006 7990
3 8577 8006 8576
3 8578 8566 7991
3 8578 7991 8007
3 8007 7993 8568
3 8579 8007 8568
3 8578 8007 8579
3 8579 8568 7996
3 8009 8579 7996
3 8580 8579 8009
3 8009 7997 8581
3 8009 8581 8580
3 8582 8572 7999
3 8582 7999 8010
3 8583 8010 8011
3 8583 8582 8010
3 8011 8003 8584
3 8011 8584 8583
3 8586 8012 8585
3 8586 8005 8012
3 8574 8005 8586
3 8574 8586 8587
3 8587 8575 8574
3 8014 8585 8012
3 8577 8015 8006
3 8588 8015 8577
3 8590 8589 8016
3 8590 8016 8017
3 8016 8591 8019
3 8589 8591 8016
3 8019 8592 8021
3 8591 8592 8019
3 8594 8593 8023
3 8021 8594 8023
3 8592 8594 8021
3 8025 8026 8593
3 8594 8025 8593
3 8595 8025 8594
3 8597 8596 8028
3 8025 8597 8028
3 8595 8597 8025
3 8599 8598 8596
3 8599 8596 8597
3 8601 8600 8598
3 8601 8598 8599
3 8600 8601 8586
3 8600 8586 8585
3 8031 8600 8585
3 8032 8031 8585
3 8032 8585 8014
3 8602 8034 8035
3 8603 8602 8035
3 8015 8603 8035
3 8588 8603 8015
3 8606 8605 8604
3 8607 8038 8593
3 8593 8038 8023
3 8039 8608 8026
3 8608 8593 8026
3 8608 8607 8593
3 8028 8596 8039
3 8596 8608 8039
3 8596 8609 8608
3 8610 8596 8598
3 8609 8596 8610
3 8611 8598 8600
3 8610 8598 8611
3 8040 8612 8031
3 8612 8600 8031
3 8612 8611 8600
3 8034 8602 8042
3 8612 8040 8043
3 8614 8613 8044
3 8614 8044 8042
3 8603 8614 8042
3 8602 8603 8042
3 8616 8615 8046
3 8046 8615 8036
3 8615 8617 8036
3 8617 8606 8036
3 8606 8617 8605
3 8618 8051 8607
3 8607 8051 8038
3 8619 8607 8608
3 8618 8607 8619
3 8620 8608 8609
3 8619 8608 8620
3 8621 8609 8610
3 8620 8609 8621
3 8622 8610 8611
3 8621 8610 8622
3 8056 8622 8057
3 8622 8612 8057
3 8622 8611 8612
3 8058 8057 8623
3 8057 8612 8623
3 8043 8060 8623
3 8043 8623 8612
3 8624 8623 8060
3 8624 8060 8044
3 8625 8624 8044
3 8613 8625 8044
3 8628 8627 8626
3 8626 8627 8066
3 8627 8622 8066
3 8622 8056 8066
3 8066 8058 8626
3 8058 8623 8626
3 8068 8069 8626
3 8068 8626 8623
3 8070 8068 8623
3 8624 8070 8623
3 8629 8070 8624
3 8628 8626 8630
3 8628 8630 8631
3 8075 8630 8069
3 8069 8630 8626
3 8629 8076 8070
3 8632 8076 8629
3 8631 8630 8084
3 8083 8631 8084
3 8633 8631 8083
3 8084 8630 8075
3 8632 8085 8076
3 8634 8085 8632
3 8096 8633 8083
3 8096 8635 8633
3 8634 8097 8085
3 8636 8097 8634
3 8637 8098 8091
3 8105 8635 8096
3 8105 8638 8635
3 8636 8106 8097
3 8639 8106 8636
3 8116 8638 8105
3 8116 8640 8638
3 8639 8117 8106
3 8641 8117 8639
3 8126 8640 8116
3 8126 8642 8640
3 8641 8127 8117
3 8643 8127 8641
3 8126 8137 8644
3 8645 8126 8644
3 8642 8126 8645
3 8139 8644 8137
3 8643 8140 8127
3 8646 8140 8643
3 8645 8644 8150
3 8149 8645 8150
3 8647 8645 8149
3 8150 8644 8139
3 8646 8151 8140
3 8648 8151 8646
3 8159 8647 8149
3 8159 8649 8647
3 8648 8160 8151
3 8650 8160 8648
3 8167 8651 8168
3 8651 8170 8168
3 8172 8653 8652
3 8649 8172 8652
3 8159 8172 8649
3 8653 8654 8652
3 8650 8173 8160
3 8655 8173 8650
3 8182 8651 8167
3 8170 8651 8182
3 8184 8185 8656
3 8656 8187 8184
3 8188 8657 8653
3 8188 8653 8172
3 8654 8653 8658
3 8658 8653 8657
3 8655 8189 8173
3 8659 8189 8655
3 8197 8660 8198
3 8661 8199 8198
3 8661 8198 8660
3 8202 8656 8185
3 8200 8199 8661
3 8187 8656 8202
3 8203 8204 8662
3 8657 8188 8203
3 8662 8657 8203
3 8663 8657 8662
3 8658 8657 8664
3 8664 8657 8663
3 8659 8205 8189
3 8665 8205 8659
3 8212 8666 8213
3 8216 8660 8197
3 8214 8213 8666
3 8660 8216 8217
3 8660 8217 8661
3 8200 8661 8217
3 8219 8220 8667
3 8223 8662 8204
3 8221 8219 8667
3 8662 8223 8224
3 8668 8662 8224
3 8663 8662 8668
3 8664 8663 8669
3 8669 8663 8668
3 8665 8225 8205
3 8670 8225 8665
3 8232 8666 8212
3 8214 8666 8232
3 8234 8235 8671
3 8672 8236 8234
3 8672 8234 8671
3 8239 8667 8220
3 8237 8236 8672
3 8221 8667 8239
3 8240 8241 8673
3 8668 8224 8240
3 8673 8668 8240
3 8674 8668 8673
3 8669 8668 8675
3 8675 8668 8674
3 8670 8242 8225
3 8676 8242 8670
3 8677 8250 8247
3 8677 8247 8678
3 8253 8671 8235
3 8251 8250 8677
3 8671 8253 8254
3 8671 8254 8672
3 8237 8672 8254
3 8256 8257 8679
3 8679 8241 8256
3 8679 8673 8241
3 8679 8260 8258
3 8673 8679 8258
3 8673 8258 8261
3 8680 8673 8261
3 8674 8673 8680
3 8675 8674 8681
3 8681 8674 8680
3 8676 8262 8242
3 8682 8262 8676
3 8678 8270 8268
3 8678 8268 8677
3 8251 8677 8268
3 8271 8272 8683
3 8683 8274 8271
3 8275 8679 8257
3 8684 8275 8278
3 8684 8679 8275
3 8684 8277 8260
3 8679 8684 8260
3 8680 8261 8277
3 8684 8680 8277
3 8685 8680 8684
3 8681 8680 8686
3 8686 8680 8685
3 8682 8279 8262
3 8687 8279 8682
3 8688 8288 8284
3 8688 8284 8689
3 8291 8683 8272
3 8289 8288 8688
3 8683 8291 8274
3 8293 8690 8294
3 8690 8278 8294
3 8690 8684 8278
3 8690 8297 8295
3 8684 8690 8295
3 8684 8295 8298
3 8691 8684 8298
3 8685 8684 8691
3 8686 8685 8692
3 8692 8685 8691
3 8687 8299 8279
3 8693 8299 8687
3 8694 8305 8306
3 8688 8694 8306
3 8689 8694 8688
3 8289 8688 8306
3 8307 8308 8695
3 8695 8310 8307
3 8311 8690 8293
3 8696 8311 8314
3 8696 8690 8311
3 8696 8313 8297
3 8690 8696 8297
3 8691 8298 8313
3 8696 8691 8313
3 8697 8691 8696
3 8692 8691 8698
3 8698 8691 8697
3 8693 8315 8299
3 8699 8315 8693
3 8305 8694 8320
3 8323 8324 8700
3 8327 8695 8308
3 8325 8323 8700
3 8695 8327 8310
3 8329 8701 8330
3 8701 8314 8330
3 8701 8696 8314
3 8701 8333 8331
3 8696 8701 8331
3 8696 8331 8334
3 8702 8696 8334
3 8697 8696 8702
3 8698 8697 8703
3 8703 8697 8702
3 8699 8335 8315
3 8704 8335 8699
3 8343 8700 8324
3 8341 8340 8705
3 8700 8343 8325
3 8345 8706 8346
3 8706 8329 8346
3 8706 8701 8329
3 8706 8349 8347
3 8701 8706 8347
3 8707 8347 8351
3 8707 8701 8347
3 8707 8350 8333
3 8701 8707 8333
3 8702 8334 8350
3 8707 8702 8350
3 8708 8702 8707
3 8703 8702 8709
3 8709 8702 8708
3 8704 8352 8335
3 8710 8352 8704
3 8341 8705 8356
3 8354 8355 8711
3 8711 8358 8354
3 8359 8706 8345
3 8712 8359 8362
3 8712 8706 8359
3 8712 8361 8349
3 8706 8712 8349
3 8712 8351 8361
3 8712 8707 8351
3 8712 8365 8363
3 8707 8712 8363
3 8707 8363 8366
3 8713 8707 8366
3 8708 8707 8713
3 8709 8708 8714
3 8714 8708 8713
3 8710 8367 8352
3 8715 8367 8710
3 8711 8355 8369
3 8716 8711 8369
3 8717 8711 8716
3 8717 8373 8358
3 8717 8358 8711
3 8374 8718 8375
3 8378 8712 8362
3 8376 8375 8718
3 8712 8378 8365
3 8380 8719 8713
3 8380 8713 8366
3 8714 8713 8720
3 8720 8713 8719
3 8715 8381 8367
3 8721 8381 8715
3 8716 8386 8387
3 8716 8387 8717
3 8373 8717 8387
3 8389 8390 8722
3 8393 8718 8374
3 8391 8389 8722
3 8718 8393 8376
3 8395 8723 8396
3 8719 8380 8396
3 8723 8719 8396
3 8724 8719 8723
3 8720 8719 8725
3 8725 8719 8724
3 8721 8397 8381
3 8726 8397 8721
3 8404 8727 8405
3 8408 8722 8390
3 8406 8405 8727
3 8391 8722 8408
3 8409 8410 8728
3 8729 8411 8409
3 8729 8409 8728
3 8729 8395 8411
3 8729 8723 8395
3 8729 8414 8412
3 8723 8729 8412
3 8723 8412 8415
3 8730 8723 8415
3 8724 8723 8730
3 8725 8724 8731
3 8731 8724 8730
3 8726 8416 8397
3 8732 8416 8726
3 8424 8727 8404
3 8422 8421 8733
3 8727 8424 8406
3 8426 8734 8728
3 8426 8728 8410
3 8734 8428 8429
3 8729 8734 8429
3 8728 8734 8729
3 8414 8729 8429
3 8430 8431 8735
3 8730 8415 8430
3 8735 8730 8430
3 8736 8730 8735
3 8731 8730 8737
3 8737 8730 8736
3 8732 8432 8416
3 8738 8432 8732
3 8733 8436 8422
3 8438 8739 8439
3 8442 8734 8426
3 8440 8439 8739
3 8428 8734 8442
3 8443 8444 8740
3 8735 8431 8443
3 8740 8735 8443
3 8741 8735 8740
3 8735 8742 8736
3 8735 8741 8742
3 8737 8736 8743
3 8743 8736 8742
3 8738 8445 8432
3 8744 8445 8738
3 8745 8454 8450
3 8455 8739 8438
3 8739 8455 8440
3 8458 8746 8740
3 8458 8740 8444
3 8746 8460 8461
3 8741 8746 8461
3 8740 8746 8741
3 8742 8741 8747
3 8741 8462 8747
3 8462 8748 8747
3 8462 8741 8461
3 8742 8747 8743
3 8744 8463 8445
3 8749 8463 8744
3 8471 8750 8472
3 8475 8746 8458
3 8473 8472 8750
3 8746 8475 8460
3 8477 8748 8462
3 8477 8751 8748
3 8754 8753 8752
3 8749 8754 8752
3 8478 8749 8752
3 8463 8749 8478
3 8755 8483 8469
3 8486 8750 8471
3 8750 8486 8473
3 8757 8756 8490
3 8757 8490 8489
3 8477 8490 8751
3 8751 8490 8756
3 8752 8753 8758
3 8758 8753 8759
3 8758 8491 8478
3 8758 8478 8752
3 8761 8760 8492
3 8761 8492 8493
3 8492 8762 8494
3 8760 8762 8492
3 8480 8494 8763
3 8494 8764 8763
3 8494 8762 8764
3 8763 8764 8482
3 8764 8495 8482
3 8764 8765 8495
3 8497 8495 8765
3 8497 8765 8766
3 8498 8767 8499
3 8499 8767 8768
3 8769 8499 8768
3 8500 8499 8769
3 8769 8771 8770
3 8501 8769 8770
3 8500 8769 8501
3 8770 8772 8501
3 8772 8489 8501
3 8772 8757 8489
3 8758 8759 8773
3 8773 8759 8774
3 8773 8502 8491
3 8773 8491 8758
3 8503 8504 8775
3 8775 8504 8776
3 8766 8506 8497
3 8777 8506 8766
3 8507 8767 8498
3 8779 8778 8509
3 8509 8778 8507
3 8778 8768 8507
3 8768 8767 8507
3 8778 8779 8771
3 8779 8770 8771
3 8779 8780 8770
3 8772 8770 8781
3 8770 8782 8781
3 8770 8780 8782
3 8782 8783 8781
3 8784 8511 8512
3 8774 8785 8773
3 8786 8773 8785
3 8786 8502 8773
3 8786 8784 8512
3 8502 8786 8512
3 8513 8776 8504
3 8513 8787 8776
3 8789 8515 8788
3 8515 8777 8788
3 8515 8506 8777
3 8790 8789 8788
3 8517 8779 8509
3 8779 8517 8519
3 8779 8519 8780
3 8780 8519 8521
3 8780 8521 8782
3 8792 8791 8523
3 8523 8791 8521
3 8791 8783 8521
3 8783 8782 8521
3 8784 8524 8511
3 8793 8791 8792
3 8525 8524 8784
3 8786 8525 8784
3 8794 8525 8786
3 8795 8527 8526
3 8795 8796 8527
3 8797 8526 8528
3 8797 8795 8526
3 8528 8515 8789
3 8798 8528 8789
3 8797 8528 8798
3 8798 8789 8790
3 8529 8792 8523
3 8800 8799 8530
3 8530 8799 8529
3 8799 8793 8529
3 8793 8792 8529
3 8794 8799 8800
3 8531 8794 8800
3 8525 8794 8531
3 8802 8533 8801
3 8805 8804 8803
3 8536 8537 8805
3 8803 8536 8805
3 8806 8536 8803
3 8800 8530 8540
3 8809 8808 8807
3 8540 8531 8800
3 8808 8809 8810
3 8807 8808 8544
3 8543 8807 8544
3 8811 8807 8543
3 8545 8544 8808
3 8810 8545 8808
3 8812 8545 8810
3 8546 8811 8543
3 8546 8813 8811
3 8549 8813 8546
3 8549 8814 8813
3 8558 8559 8815
3 8817 8556 8816
3 8556 8817 8555
3 8560 8816 8556
3 8560 8818 8816
3 8562 8818 8560
3 8562 8819 8818
3 8821 8820 8565
3 8821 8565 8566
3 8822 8569 8567
3 8822 8567 8823
3 8825 8822 8824
3 8825 8569 8822
3 8825 8826 8581
3 8569 8825 8581
3 8571 8572 8826
3 8825 8571 8826
3 8827 8571 8825
3 8584 8573 8828
3 8831 8830 8829
3 8833 8832 8831
3 8833 8831 8829
3 8833 8819 8832
3 8819 8575 8832
3 8819 8562 8575
3 8834 8821 8566
3 8834 8566 8578
3 8579 8823 8835
3 8834 8579 8835
3 8578 8579 8834
3 8823 8579 8580
3 8823 8580 8822
3 8580 8824 8822
3 8580 8836 8824
3 8580 8581 8826
3 8836 8580 8826
3 8836 8826 8572
3 8582 8836 8572
3 8837 8836 8582
3 8583 8828 8838
3 8837 8583 8838
3 8582 8583 8837
3 8831 8839 8830
3 8584 8828 8583
3 8586 8840 8587
3 8840 8831 8587
3 8831 8832 8587
3 8840 8839 8831
3 8587 8832 8575
3 8843 8842 8841
3 8589 8590 8841
3 8842 8589 8841
3 8844 8589 8842
3 8589 8845 8591
3 8844 8845 8589
3 8591 8846 8592
3 8845 8846 8591
3 8592 8847 8594
3 8846 8847 8592
3 8594 8848 8595
3 8847 8848 8594
3 8595 8849 8597
3 8848 8849 8595
3 8597 8850 8599
3 8849 8850 8597
3 8599 8851 8601
3 8850 8851 8599
3 8586 8601 8840
3 8840 8601 8851
3 8854 8853 8852
3 8852 8853 8604
3 8853 8841 8604
3 8841 8590 8604
3 8605 8852 8604
3 8854 8852 8617
3 8615 8854 8617
3 8855 8854 8615
3 8617 8852 8605
3 8627 8628 8856
3 8856 8628 8857
3 8631 8857 8628
3 8631 8858 8857
3 8633 8858 8631
3 8633 8859 8858
3 8635 8859 8633
3 8635 8860 8859
3 8638 8860 8635
3 8638 8861 8860
3 8640 8861 8638
3 8640 8862 8861
3 8642 8862 8640
3 8642 8863 8862
3 8645 8863 8642
3 8645 8864 8863
3 8865 8646 8643
3 8866 8646 8865
3 8647 8864 8645
3 8647 8867 8864
3 8866 8648 8646
3 8868 8648 8866
3 8649 8870 8869
3 8867 8649 8869
3 8647 8649 8867
3 8870 8871 8869
3 8868 8650 8648
3 8872 8650 8868
3 8870 8649 8652
3 8875 8874 8873
3 8874 8875 8654
3 8875 8871 8654
3 8870 8652 8654
3 8870 8654 8871
3 8872 8655 8650
3 8876 8655 8872
3 8877 8873 8874
3 8874 8654 8877
3 8654 8878 8877
3 8654 8658 8878
3 8876 8659 8655
3 8879 8659 8876
3 8664 8878 8658
3 8664 8880 8878
3 8879 8665 8659
3 8881 8665 8879
3 8884 8883 8882
3 8883 8880 8882
3 8880 8669 8882
3 8880 8664 8669
3 8881 8670 8665
3 8885 8670 8881
3 8884 8882 8886
3 8884 8886 8887
3 8675 8886 8669
3 8669 8886 8882
3 8885 8676 8670
3 8888 8676 8885
3 8887 8886 8889
3 8887 8889 8890
3 8681 8889 8675
3 8675 8889 8886
3 8888 8682 8676
3 8891 8682 8888
3 8892 8890 8889
3 8889 8681 8892
3 8681 8893 8892
3 8681 8686 8893
3 8891 8687 8682
3 8894 8687 8891
3 8692 8893 8686
3 8692 8895 8893
3 8894 8693 8687
3 8896 8693 8894
3 8698 8895 8692
3 8698 8897 8895
3 8896 8699 8693
3 8898 8699 8896
3 8703 8897 8698
3 8703 8899 8897
3 8898 8704 8699
3 8900 8704 8898
3 8709 8899 8703
3 8709 8901 8899
3 8900 8710 8704
3 8902 8710 8900
3 8714 8901 8709
3 8714 8903 8901
3 8902 8715 8710
3 8904 8715 8902
3 8720 8903 8714
3 8720 8905 8903
3 8904 8721 8715
3 8906 8721 8904
3 8725 8905 8720
3 8725 8907 8905
3 8906 8726 8721
3 8908 8726 8906
3 8911 8910 8909
3 8912 8909 8910
3 8731 8907 8725
3 8731 8913 8907
3 8908 8732 8726
3 8914 8732 8908
3 8911 8909 8915
3 8911 8915 8916
3 8909 8912 8917
3 8918 8909 8917
3 8915 8909 8918
3 8917 8913 8918
3 8913 8737 8918
3 8913 8731 8737
3 8914 8738 8732
3 8919 8738 8914
3 8916 8915 8920
3 8916 8920 8921
3 8922 8915 8918
3 8920 8915 8922
3 8743 8922 8737
3 8737 8922 8918
3 8919 8744 8738
3 8923 8744 8919
3 8921 8920 8924
3 8921 8924 8925
3 8748 8924 8747
3 8924 8922 8747
3 8924 8920 8922
3 8747 8922 8743
3 8923 8749 8744
3 8926 8749 8923
3 8925 8924 8927
3 8925 8927 8928
3 8751 8927 8748
3 8748 8927 8924
3 8929 8753 8754
3 8930 8929 8754
3 8749 8930 8754
3 8926 8930 8749
3 8933 8932 8931
3 8928 8927 8756
3 8757 8928 8756
3 8934 8928 8757
3 8756 8927 8751
3 8935 8759 8929
3 8929 8759 8753
3 8929 8930 8936
3 8929 8936 8935
3 8938 8937 8760
3 8938 8760 8761
3 8931 8762 8933
3 8762 8937 8933
3 8762 8760 8937
3 8940 8939 8931
3 8939 8762 8931
3 8939 8764 8762
3 8764 8941 8765
3 8939 8941 8764
3 8943 8942 8766
3 8765 8943 8766
3 8941 8943 8765
3 8945 8944 8942
3 8945 8942 8943
3 8769 8768 8944
3 8945 8769 8944
3 8946 8769 8945
3 8948 8947 8771
3 8769 8948 8771
3 8946 8948 8769
3 8948 8934 8947
3 8934 8772 8947
3 8934 8757 8772
3 8949 8774 8935
3 8935 8774 8759
3 8775 8776 8950
3 8950 8776 8951
3 8952 8777 8942
3 8942 8777 8766
3 8953 8942 8944
3 8952 8942 8953
3 8778 8954 8768
3 8954 8944 8768
3 8954 8953 8944
3 8771 8947 8778
3 8947 8954 8778
3 8947 8955 8954
3 8781 8956 8772
3 8956 8947 8772
3 8956 8955 8947
3 8783 8956 8781
3 8949 8785 8774
3 8787 8951 8776
3 8787 8957 8951
3 8952 8788 8777
3 8788 8952 8790
3 8952 8958 8790
3 8952 8953 8958
3 8959 8953 8954
3 8958 8953 8959
3 8960 8954 8955
3 8959 8954 8960
3 8961 8955 8956
3 8960 8955 8961
3 8791 8962 8783
3 8962 8956 8783
3 8962 8961 8956
3 8793 8962 8791
3 8963 8796 8795
3 8963 8964 8796
3 8965 8795 8797
3 8965 8963 8795
3 8966 8797 8798
3 8966 8965 8797
3 8798 8790 8958
3 8967 8798 8958
3 8966 8798 8967
3 8967 8958 8959
3 8967 8959 8968
3 8968 8959 8960
3 8968 8960 8969
3 8969 8960 8961
3 8969 8961 8970
3 8972 8971 8970
3 8961 8972 8970
3 8962 8972 8961
3 8799 8973 8793
3 8973 8962 8793
3 8973 8972 8962
3 8975 8974 8803
3 8975 8803 8804
3 8977 8806 8976
3 8980 8979 8978
3 8982 8981 8980
3 8982 8980 8978
3 8985 8984 8983
3 8987 8986 8983
3 8987 8983 8984
3 8986 8987 8971
3 8972 8986 8971
3 8988 8986 8972
3 8807 8988 8809
3 8988 8973 8809
3 8988 8972 8973
3 8988 8807 8989
3 8807 8990 8989
3 8807 8811 8990
3 8813 8990 8811
3 8813 8991 8990
3 8814 8991 8813
3 8814 8992 8991
3 8995 8994 8993
3 8816 8995 8993
3 8818 8995 8816
3 8819 8995 8818
3 8819 8996 8995
3 8999 8998 8997
3 8835 8820 9000
3 9003 9002 9001
3 9005 9004 9003
3 9005 9003 9001
3 8825 8824 9004
3 9005 8825 9004
3 9006 8825 9005
3 8838 8827 9007
3 9010 9009 9008
3 8829 8830 9010
3 9008 8829 9010
3 9011 8829 9008
3 8829 9012 8833
3 9011 9012 8829
3 8819 8833 8996
3 8996 8833 9012
3 8821 8834 9000
3 8997 9014 9013
3 9003 9015 9002
3 8835 9000 8834
3 9015 9003 9004
3 9015 9004 9016
3 9016 9004 8824
3 8836 9016 8824
3 9017 9016 8836
3 8837 9007 9018
3 9017 8837 9018
3 8836 8837 9017
3 9010 9019 9009
3 8838 9007 8837
3 9019 9010 8830
3 8839 9019 8830
3 9020 9019 8839
3 8839 8840 9020
3 9020 8840 9021
3 9023 9022 8842
3 9023 8842 8843
3 8842 9024 8844
3 9022 9024 8842
3 8844 9025 8845
3 9024 9025 8844
3 8845 9026 8846
3 9025 9026 8845
3 8846 9027 8847
3 9026 9027 8846
3 8847 9028 8848
3 9027 9028 8847
3 8848 9029 8849
3 9028 9029 8848
3 8849 9030 8850
3 9029 9030 8849
3 8850 9031 8851
3 9030 9031 8850
3 8840 8851 9021
3 9021 8851 9031
3 9034 9033 9032
3 9036 9035 9034
3 8854 9036 9034
3 8855 9036 8854
3 9034 9035 9033
3 8856 8857 9037
3 9037 8857 9038
3 8858 9038 8857
3 8858 9039 9038
3 8859 9039 8858
3 8859 9040 9039
3 8860 9040 8859
3 8860 9041 9040
3 8861 9041 8860
3 8861 9042 9041
3 8862 9042 8861
3 8862 9043 9042
3 8863 9043 8862
3 8863 9044 9043
3 8864 9044 8863
3 8864 9045 9044
3 8867 9045 8864
3 8867 9046 9045
3 8867 8869 9047
3 9048 8867 9047
3 9046 8867 9048
3 8871 9047 8869
3 9048 9047 8875
3 8873 9048 8875
3 9049 9048 8873
3 8875 9047 8871
3 8877 8878 9050
3 9050 8878 9051
3 9054 9053 9052
3 9053 9051 9052
3 9051 8880 9052
3 9051 8878 8880
3 9056 9052 9055
3 9052 8880 9055
3 8883 9057 9055
3 8883 9055 8880
3 9055 9057 9058
3 9058 9057 9059
3 9061 9060 9059
3 8887 9061 9059
3 8890 9061 8887
3 9059 9060 9058
3 8890 8892 9062
3 9063 8890 9062
3 9061 8890 9063
3 8893 9062 8892
3 9063 9062 9064
3 9063 9064 9065
3 8895 9064 8893
3 8893 9064 9062
3 9065 9064 9066
3 9065 9066 9067
3 8897 9066 8895
3 8895 9066 9064
3 9067 9066 9068
3 9067 9068 9069
3 8899 9068 8897
3 8897 9068 9066
3 9069 9068 9070
3 9069 9070 9071
3 8901 9070 8899
3 8899 9070 9068
3 9071 9070 9072
3 9071 9072 9073
3 8903 9072 8901
3 8901 9072 9070
3 9073 9072 9074
3 9073 9074 9075
3 8905 9074 8903
3 8903 9074 9072
3 9075 9074 9076
3 9075 9076 9077
3 8907 9076 8905
3 8905 9076 9074
3 9077 9079 9078
3 9079 9077 8910
3 9076 8910 9077
3 8910 9076 8912
3 9080 8912 9076
3 8913 9080 8907
3 8907 9080 9076
3 8917 8912 9080
3 9082 9078 9081
3 9079 9081 9078
3 8917 9080 8913
3 9082 9081 9083
3 9083 9081 9084
3 9083 9084 9085
3 9085 9084 9086
3 9088 9087 9086
3 8925 9088 9086
3 8928 9088 8925
3 9086 9087 9085
3 8934 9088 8928
3 8934 9089 9088
3 9091 9090 8937
3 9091 8937 8938
3 8933 8937 9092
3 8937 9093 9092
3 8937 9090 9093
3 9092 9093 8940
3 9093 8939 8940
3 9093 9094 8939
3 8939 9095 8941
3 9094 9095 8939
3 8941 9096 8943
3 9095 9096 8941
3 8943 9097 8945
3 9096 9097 8943
3 8945 9098 8946
3 9097 9098 8945
3 8946 9099 8948
3 9098 9099 8946
3 8934 8948 9089
3 9089 8948 9099
3 8950 8951 9100
3 9100 8951 9101
3 8957 9101 8951
3 8957 9102 9101
3 9103 8964 8963
3 9103 9104 8964
3 9105 8963 8965
3 9105 9103 8963
3 9106 8965 8966
3 9106 9105 8965
3 9107 8966 8967
3 9107 9106 8966
3 9108 8967 8968
3 9108 9107 8967
3 9109 8968 8969
3 9109 9108 8968
3 9110 8969 8970
3 9110 9109 8969
3 8970 8971 9110
3 9110 8971 9111
3 8975 9112 8974
3 9114 9112 9113
3 9114 8974 9112
3 9114 9116 9115
3 8974 9114 9115
3 8978 8979 9116
3 9114 8978 9116
3 9117 8978 9114
3 9117 9119 9118
3 8982 9117 9118
3 8978 9117 8982
3 9121 9118 9120
3 9121 8982 9118
3 9121 9123 9122
3 8982 9121 9122
3 8984 8985 9123
3 9121 8984 9123
3 9124 8984 9121
3 9126 9125 8987
3 9125 8971 8987
3 9125 9111 8971
3 8989 8990 9127
3 9127 8990 9128
3 8991 9128 8990
3 8991 9129 9128
3 9014 8998 9130
3 9133 9132 9131
3 9001 9002 9133
3 9131 9001 9133
3 9134 9001 9131
3 9001 9135 9005
3 9134 9135 9001
3 9018 9006 9136
3 9139 9138 9137
3 9008 9009 9139
3 9137 9008 9139
3 9140 9008 9137
3 9008 9141 9011
3 9140 9141 9008
3 9011 9142 9012
3 9141 9142 9011
3 9143 9133 9002
3 9015 9143 9002
3 9144 9143 9015
3 9017 9136 9145
3 9146 9017 9145
3 9016 9017 9146
3 9139 9147 9138
3 9018 9136 9017
3 9148 9019 9020
3 9148 9149 9019
3 9020 9021 9148
3 9148 9021 9150
3 9022 9152 9151
3 9153 9022 9151
3 9024 9022 9153
3 9024 9154 9025
3 9153 9154 9024
3 9025 9155 9026
3 9154 9155 9025
3 9026 9156 9027
3 9155 9156 9026
3 9027 9157 9028
3 9156 9157 9027
3 9028 9158 9029
3 9157 9158 9028
3 9029 9159 9030
3 9158 9159 9029
3 9030 9160 9031
3 9159 9160 9030
3 9021 9031 9150
3 9150 9031 9160
3 9163 9162 9161
3 9032 9033 9164
3 9164 9033 9165
3 9168 9167 9166
3 9170 9169 9035
3 9170 9035 9036
3 9033 9035 9165
3 9165 9035 9169
3 9173 9172 9171
3 9171 9172 9174
3 9174 9172 9175
3 9174 9175 9176
3 9176 9175 9177
3 9176 9177 9178
3 9178 9177 9179
3 9178 9179 9180
3 9180 9179 9181
3 9167 9168 9182
3 9182 9168 9183
3 9037 9038 9183
3 9038 9182 9183
3 9038 9184 9182
3 9187 9186 9185
3 9039 9184 9038
3 9039 9188 9184
3 9040 9188 9039
3 9040 9189 9188
3 9041 9189 9040
3 9041 9190 9189
3 9193 9192 9191
3 9042 9190 9041
3 9042 9194 9190
3 9043 9194 9042
3 9043 9195 9194
3 9044 9195 9043
3 9044 9196 9195
3 9045 9196 9044
3 9045 9197 9196
3 9200 9199 9198
3 9046 9197 9045
3 9046 9201 9197
3 9048 9201 9046
3 9048 9202 9201
3 9205 9204 9203
3 9204 9206 9203
3 9208 9207 9203
3 9208 9203 9206
3 9211 9210 9209
3 9055 9211 9209
3 9058 9211 9055
3 9214 9213 9212
3 9213 9215 9212
3 9213 9216 9215
3 9212 9215 9217
3 9217 9215 9218
3 9217 9218 9219
3 9219 9218 9220
3 9222 9221 9220
3 9077 9222 9220
3 9078 9222 9077
3 9220 9221 9219
3 9082 9222 9078
3 9082 9223 9222
3 9226 9225 9224
3 9225 9223 9224
3 9223 9083 9224
3 9223 9082 9083
3 9226 9224 9227
3 9226 9227 9228
3 9085 9227 9083
3 9083 9227 9224
3 9228 9227 9087
3 9088 9228 9087
3 9229 9228 9088
3 9087 9227 9085
3 9089 9229 9088
3 9089 9230 9229
3 9232 9231 9090
3 9232 9090 9091
3 9090 9233 9093
3 9231 9233 9090
3 9093 9234 9094
3 9233 9234 9093
3 9094 9235 9095
3 9234 9235 9094
3 9095 9236 9096
3 9235 9236 9095
3 9096 9237 9097
3 9236 9237 9096
3 9097 9238 9098
3 9237 9238 9097
3 9098 9239 9099
3 9238 9239 9098
3 9089 9099 9230
3 9230 9099 9239
3 9100 9101 9240
3 9240 9101 9241
3 9244 9243 9242
3 9102 9241 9101
3 9102 9245 9241
3 9248 9247 9246
3 9246 9247 9244
3 9244 9247 9249
3 9244 9249 9243
3 9250 9103 9105
3 9250 9251 9103
3 9252 9107 9108
3 9252 9253 9107
3 9110 9111 9254
3 9254 9111 9255
3 9258 9257 9256
3 9114 9113 9256
3 9257 9114 9256
3 9259 9114 9257
3 9262 9261 9260
3 9262 9117 9261
3 9262 9263 9119
3 9117 9262 9119
3 9121 9120 9263
3 9262 9121 9263
3 9264 9121 9262
3 9264 9266 9265
3 9124 9264 9265
3 9121 9264 9124
3 9268 9265 9267
3 9268 9124 9265
3 9268 9270 9269
3 9124 9268 9269
3 9268 9255 9270
3 9255 9125 9270
3 9255 9111 9125
3 9272 9271 9131
3 9272 9131 9132
3 9145 9135 9273
3 9276 9275 9274
3 9137 9138 9276
3 9274 9137 9276
3 9277 9137 9274
3 9141 9279 9278
3 9280 9141 9278
3 9142 9141 9280
3 9148 9150 9279
3 9150 9278 9279
3 9150 9281 9278
3 9284 9283 9282
3 9153 9151 9282
3 9283 9153 9282
3 9285 9153 9283
3 9153 9286 9154
3 9285 9286 9153
3 9154 9287 9155
3 9286 9287 9154
3 9155 9288 9156
3 9287 9288 9155
3 9156 9289 9157
3 9288 9289 9156
3 9157 9290 9158
3 9289 9290 9157
3 9158 9291 9159
3 9290 9291 9158
3 9159 9292 9160
3 9291 9292 9159
3 9150 9160 9281
3 9281 9160 9292
3 9295 9294 9293
3 9294 9166 9293
3 9294 9296 9166
3 9167 9293 9166
3 9298 9297 9169
3 9298 9169 9170
3 9293 9167 9299
3 9167 9300 9299
3 9167 9182 9300
3 9303 9302 9301
3 9188 9303 9301
3 9189 9303 9188
3 9190 9303 9189
3 9190 9304 9303
3 9307 9306 9305
3 9195 9307 9305
3 9196 9307 9195
3 9310 9309 9308
3 9313 9312 9311
3 9222 9313 9311
3 9223 9313 9222
3 9315 9314 9225
3 9315 9225 9226
3 9223 9225 9313
3 9313 9225 9314
3 9228 9315 9226
3 9228 9316 9315
3 9319 9318 9317
3 9318 9319 9320
3 9320 9319 9321
3 9323 9322 9231
3 9323 9231 9232
3 9231 9324 9233
3 9322 9324 9231
3 9233 9325 9234
3 9324 9325 9233
3 9234 9326 9235
3 9325 9326 9234
3 9235 9327 9236
3 9326 9327 9235
3 9236 9328 9237
3 9327 9328 9236
3 9320 9321 9329
3 9329 9321 9330
3 9242 9243 9330
3 9243 9329 9330
3 9243 9331 9329
3 9334 9333 9332
3 9241 9334 9332
3 9245 9334 9241
3 9332 9333 9335
3 9335 9333 9336
3 9335 9336 9337
3 9337 9336 9338
3 9337 9338 9339
3 9339 9338 9340
3 9339 9340 9341
3 9341 9340 9342
3 9341 9342 9343
3 9343 9342 9344
3 9343 9344 9248
3 9344 9247 9248
3 9344 9345 9247
3 9247 9346 9249
3 9345 9346 9247
3 9243 9249 9331
3 9331 9249 9346
3 9254 9255 9347
3 9347 9255 9348
3 9351 9350 9349
3 9353 9259 9352
3 9356 9355 9354
3 9262 9260 9356
3 9354 9262 9356
3 9357 9262 9354
3 9360 9359 9358
3 9360 9264 9359
3 9360 9361 9266
3 9264 9360 9266
3 9268 9267 9361
3 9360 9268 9361
3 9362 9268 9360
