ply
format ascii 1.0
comment VisionMCP reconstruction mesh
element vertex 6891
property float x
property float y
property float z
element face 13782
property list uchar int vertex_indices
end_header
-0.0926041667 -0.0249375 0.06171875
-0.0899583333 -0.0249375 0.0591796875
-0.0899583333 -0.0275729167 0.06171875
-0.0899583333 -0.0275729167 0.066796875
-0.0926041667 -0.0249375 0.066796875
-0.0899583333 -0.0249375 0.0693359375
-0.0926041667 -0.0196666667 0.02109375
-0.0899583333 -0.0196666667 0.0185546875
-0.0899583333 -0.0223020833 0.02109375
-0.0899583333 -0.0223020833 0.026171875
-0.0926041667 -0.0196666667 0.026171875
-0.0899583333 -0.0223020833 0.03125
-0.0926041667 -0.0196666667 0.03125
-0.0899583333 -0.0196666667 0.0337890625
-0.0926041667 -0.0196666667 0.06171875
-0.0899583333 -0.0196666667 0.0591796875
-0.0926041667 -0.0196666667 0.066796875
-0.0899583333 -0.0223020833 0.071875
-0.0926041667 -0.0196666667 0.071875
-0.0899583333 -0.0223020833 0.076953125
-0.0926041667 -0.0196666667 0.076953125
-0.0899583333 -0.0223020833 0.08203125
-0.0926041667 -0.0196666667 0.08203125
-0.0899583333 -0.0223020833 0.087109375
-0.0926041667 -0.0196666667 0.087109375
-0.0899583333 -0.0223020833 0.0921875
-0.0926041667 -0.0196666667 0.0921875
-0.0899583333 -0.0223020833 0.097265625
-0.0926041667 -0.0196666667 0.097265625
-0.0899583333 -0.0196666667 0.0998046875
-0.0926041667 -0.0143958333 0.016015625
-0.0899583333 -0.0143958333 0.0134765625
-0.0899583333 -0.01703125 0.016015625
-0.0926041667 -0.0143958333 0.02109375
-0.0926041667 -0.0143958333 0.026171875
-0.0926041667 -0.0143958333 0.03125
-0.0899583333 -0.01703125 0.036328125
-0.0926041667 -0.0143958333 0.036328125
-0.0899583333 -0.01703125 0.04140625
-0.0926041667 -0.0143958333 0.04140625
-0.0899583333 -0.01703125 0.046484375
-0.0926041667 -0.0143958333 0.046484375
-0.0899583333 -0.01703125 0.0515625
-0.0926041667 -0.0143958333 0.0515625
-0.0899583333 -0.01703125 0.056640625
-0.0926041667 -0.0143958333 0.056640625
-0.0926041667 -0.0143958333 0.06171875
-0.0926041667 -0.0143958333 0.066796875
-0.0926041667 -0.0143958333 0.071875
-0.0926041667 -0.0143958333 0.076953125
-0.0926041667 -0.0143958333 0.08203125
-0.0926041667 -0.0143958333 0.087109375
-0.0926041667 -0.0143958333 0.0921875
-0.0926041667 -0.0143958333 0.097265625
-0.0899583333 -0.01703125 0.10234375
-0.0926041667 -0.0143958333 0.10234375
-0.0899583333 -0.01703125 0.107421875
-0.0926041667 -0.0143958333 0.107421875
-0.0899583333 -0.0143958333 0.109960937
-0.0926041667 -0.009125 0.016015625
-0.0899583333 -0.009125 0.0134765625
-0.0926041667 -0.009125 0.02109375
-0.0926041667 -0.009125 0.026171875
-0.0926041667 -0.009125 0.03125
-0.0926041667 -0.009125 0.036328125
-0.0926041667 -0.009125 0.04140625
-0.0926041667 -0.009125 0.046484375
-0.0926041667 -0.009125 0.0515625
-0.0926041667 -0.009125 0.056640625
-0.0926041667 -0.009125 0.06171875
-0.0926041667 -0.009125 0.066796875
-0.0926041667 -0.009125 0.071875
-0.0926041667 -0.009125 0.076953125
-0.0926041667 -0.009125 0.08203125
-0.0926041667 -0.009125 0.087109375
-0.0926041667 -0.009125 0.0921875
-0.0926041667 -0.009125 0.097265625
-0.0926041667 -0.009125 0.10234375
-0.0926041667 -0.009125 0.107421875
-0.0899583333 -0.0117604167 0.1125
-0.0926041667 -0.009125 0.1125
-0.0899583333 -0.009125 0.115039062
-0.0899583333 -0.00648958333 0.016015625
-0.0926041667 -0.00385416667 0.02109375
-0.0899583333 -0.00385416667 0.0185546875
-0.0926041667 -0.00385416667 0.026171875
-0.0926041667 -0.00385416667 0.03125
-0.0926041667 -0.00385416667 0.036328125
-0.0926041667 -0.00385416667 0.04140625
-0.0926041667 -0.00385416667 0.046484375
-0.0926041667 -0.00385416667 0.0515625
-0.0926041667 -0.00385416667 0.056640625
-0.0926041667 -0.00385416667 0.06171875
-0.0926041667 -0.00385416667 0.066796875
-0.0926041667 -0.00385416667 0.071875
-0.0926041667 -0.00385416667 0.076953125
-0.0926041667 -0.00385416667 0.08203125
-0.0926041667 -0.00385416667 0.087109375
-0.0926041667 -0.00385416667 0.0921875
-0.0926041667 -0.00385416667 0.097265625
-0.0926041667 -0.00385416667 0.10234375
-0.0926041667 -0.00385416667 0.107421875
-0.0926041667 -0.00385416667 0.1125
-0.0899583333 -0.00385416667 0.115039062
-0.0926041667 0.00141666667 0.016015625
-0.0899583333 0.00141666667 0.0134765625
-0.0899583333 -0.00121875 0.016015625
-0.0926041667 0.00141666667 0.02109375
-0.0926041667 0.00141666667 0.026171875
-0.0926041667 0.00141666667 0.03125
-0.0926041667 0.00141666667 0.036328125
-0.0926041667 0.00141666667 0.04140625
-0.0926041667 0.00141666667 0.046484375
-0.0926041667 0.00141666667 0.0515625
-0.0926041667 0.00141666667 0.056640625
-0.0926041667 0.00141666667 0.06171875
-0.0926041667 0.00141666667 0.066796875
-0.0926041667 0.00141666667 0.071875
-0.0926041667 0.00141666667 0.076953125
-0.0926041667 0.00141666667 0.08203125
-0.0926041667 0.00141666667 0.087109375
-0.0926041667 0.00141666667 0.0921875
-0.0926041667 0.00141666667 0.097265625
-0.0926041667 0.00141666667 0.10234375
-0.0926041667 0.00141666667 0.107421875
-0.0926041667 0.00141666667 0.1125
-0.0899583333 0.00141666667 0.115039062
-0.0899583333 0.00405208333 0.016015625
-0.0926041667 0.0066875 0.02109375
-0.0899583333 0.0066875 0.0185546875
-0.0926041667 0.0066875 0.026171875
-0.0926041667 0.0066875 0.03125
-0.0926041667 0.0066875 0.036328125
-0.0926041667 0.0066875 0.04140625
-0.0926041667 0.0066875 0.046484375
-0.0926041667 0.0066875 0.0515625
-0.0926041667 0.0066875 0.056640625
-0.0926041667 0.0066875 0.06171875
-0.0926041667 0.0066875 0.066796875
-0.0926041667 0.0066875 0.071875
-0.0926041667 0.0066875 0.076953125
-0.0926041667 0.0066875 0.08203125
-0.0926041667 0.0066875 0.087109375
-0.0926041667 0.0066875 0.0921875
-0.0926041667 0.0066875 0.097265625
-0.0926041667 0.0066875 0.10234375
-0.0926041667 0.0066875 0.107421875
-0.0899583333 0.0066875 0.109960937
-0.0899583333 0.00405208333 0.1125
-0.0926041667 0.0119583333 0.016015625
-0.0899583333 0.0119583333 0.0134765625
-0.0899583333 0.00932291667 0.016015625
-0.0926041667 0.0119583333 0.02109375
-0.0926041667 0.0119583333 0.026171875
-0.0926041667 0.0119583333 0.03125
-0.0899583333 0.0119583333 0.0337890625
-0.0899583333 0.00932291667 0.036328125
-0.0926041667 0.0119583333 0.04140625
-0.0899583333 0.0119583333 0.0388671875
-0.0926041667 0.0119583333 0.046484375
-0.0926041667 0.0119583333 0.0515625
-0.0926041667 0.0119583333 0.056640625
-0.0926041667 0.0119583333 0.06171875
-0.0926041667 0.0119583333 0.066796875
-0.0926041667 0.0119583333 0.071875
-0.0926041667 0.0119583333 0.076953125
-0.0926041667 0.0119583333 0.08203125
-0.0926041667 0.0119583333 0.087109375
-0.0926041667 0.0119583333 0.0921875
-0.0926041667 0.0119583333 0.097265625
-0.0899583333 0.0119583333 0.0998046875
-0.0899583333 0.00932291667 0.10234375
-0.0926041667 0.0119583333 0.107421875
-0.0899583333 0.0119583333 0.104882812
-0.0899583333 0.0119583333 0.109960937
-0.0899583333 0.01459375 0.016015625
-0.0926041667 0.0172291667 0.02109375
-0.0899583333 0.0172291667 0.0185546875
-0.0899583333 0.0172291667 0.0236328125
-0.0899583333 0.01459375 0.026171875
-0.0899583333 0.01459375 0.03125
-0.0899583333 0.01459375 0.04140625
-0.0926041667 0.0172291667 0.046484375
-0.0899583333 0.0172291667 0.0439453125
-0.0926041667 0.0172291667 0.0515625
-0.0926041667 0.0172291667 0.056640625
-0.0926041667 0.0172291667 0.06171875
-0.0926041667 0.0172291667 0.066796875
-0.0926041667 0.0172291667 0.071875
-0.0926041667 0.0172291667 0.076953125
-0.0926041667 0.0172291667 0.08203125
-0.0899583333 0.0172291667 0.0845703125
-0.0899583333 0.01459375 0.087109375
-0.0899583333 0.01459375 0.0921875
-0.0899583333 0.01459375 0.097265625
-0.0926041667 0.0172291667 0.107421875
-0.0899583333 0.0172291667 0.104882812
-0.0899583333 0.01459375 0.1125
-0.0926041667 0.0172291667 0.1125
-0.0899583333 0.0172291667 0.115039062
-0.0899583333 0.0198645833 0.02109375
-0.0926041667 0.0225 0.046484375
-0.0899583333 0.0225 0.0439453125
-0.0926041667 0.0225 0.0515625
-0.0926041667 0.0225 0.056640625
-0.0926041667 0.0225 0.06171875
-0.0926041667 0.0225 0.066796875
-0.0926041667 0.0225 0.071875
-0.0899583333 0.0225 0.0744140625
-0.0899583333 0.0198645833 0.076953125
-0.0899583333 0.0198645833 0.08203125
-0.0899583333 0.0198645833 0.107421875
-0.0926041667 0.0225 0.1125
-0.0899583333 0.0225 0.109960937
-0.0899583333 0.0225 0.115039062
-0.0899583333 0.0251354167 0.046484375
-0.0926041667 0.0277708333 0.0515625
-0.0899583333 0.0277708333 0.0490234375
-0.0926041667 0.0277708333 0.056640625
-0.0926041667 0.0277708333 0.06171875
-0.0899583333 0.0277708333 0.0642578125
-0.0899583333 0.0251354167 0.066796875
-0.0899583333 0.0251354167 0.071875
-0.0926041667 0.0277708333 0.1125
-0.0899583333 0.0277708333 0.109960937
-0.0899583333 0.0277708333 0.115039062
-0.0926041667 0.0330416667 0.0515625
-0.0899583333 0.0330416667 0.0490234375
-0.0899583333 0.0330416667 0.0541015625
-0.0899583333 0.03040625 0.056640625
-0.0899583333 0.03040625 0.06171875
-0.0926041667 0.0330416667 0.1125
-0.0899583333 0.0330416667 0.109960937
-0.0899583333 0.0330416667 0.115039062
-0.0899583333 0.0356770833 0.0515625
-0.0899583333 0.0356770833 0.1125
-0.0873125 -0.04075 0.005859375
-0.0846666667 -0.04075 0.0033203125
-0.0846666667 -0.0433854167 0.005859375
-0.0846666667 -0.04075 0.0083984375
-0.0873125 -0.04075 0.0515625
-0.0846666667 -0.04075 0.0490234375
-0.0846666667 -0.0433854167 0.0515625
-0.0846666667 -0.0433854167 0.056640625
-0.0873125 -0.04075 0.056640625
-0.0846666667 -0.0433854167 0.06171875
-0.0873125 -0.04075 0.06171875
-0.0846666667 -0.0433854167 0.066796875
-0.0873125 -0.04075 0.066796875
-0.0846666667 -0.0433854167 0.071875
-0.0873125 -0.04075 0.071875
-0.0846666667 -0.04075 0.0744140625
-0.0873125 -0.04075 0.117578125
-0.0846666667 -0.04075 0.115039062
-0.0846666667 -0.0433854167 0.117578125
-0.0846666667 -0.0433854167 0.12265625
-0.0873125 -0.04075 0.12265625
-0.0846666667 -0.04075 0.125195312
-0.0846666667 -0.0381145833 0.005859375
-0.0846666667 -0.0354791667 0.0083984375
-0.0873125 -0.0354791667 0.0109375
-0.0846666667 -0.0381145833 0.0109375
-0.0846666667 -0.0381145833 0.016015625
-0.0873125 -0.0354791667 0.016015625
-0.0846666667 -0.0381145833 0.02109375
-0.0873125 -0.0354791667 0.02109375
-0.0846666667 -0.0381145833 0.026171875
-0.0873125 -0.0354791667 0.026171875
-0.0846666667 -0.0381145833 0.03125
-0.0873125 -0.0354791667 0.03125
-0.0846666667 -0.0381145833 0.036328125
-0.0873125 -0.0354791667 0.036328125
-0.0846666667 -0.0354791667 0.0388671875
-0.0846666667 -0.0381145833 0.0515625
-0.0873125 -0.0354791667 0.056640625
-0.0846666667 -0.0354791667 0.0541015625
-0.0873125 -0.0354791667 0.06171875
-0.0873125 -0.0354791667 0.066796875
-0.0873125 -0.0354791667 0.071875
-0.0846666667 -0.0381145833 0.076953125
-0.0873125 -0.0354791667 0.076953125
-0.0846666667 -0.0381145833 0.08203125
-0.0873125 -0.0354791667 0.08203125
-0.0846666667 -0.0381145833 0.087109375
-0.0873125 -0.0354791667 0.087109375
-0.0846666667 -0.0381145833 0.0921875
-0.0873125 -0.0354791667 0.0921875
-0.0846666667 -0.0381145833 0.097265625
-0.0873125 -0.0354791667 0.097265625
-0.0846666667 -0.0381145833 0.10234375
-0.0873125 -0.0354791667 0.10234375
-0.0846666667 -0.0354791667 0.104882812
-0.0873125 -0.0354791667 0.117578125
-0.0846666667 -0.0354791667 0.115039062
-0.0873125 -0.0354791667 0.12265625
-0.0846666667 -0.0354791667 0.125195312
-0.0873125 -0.0302083333 0.0109375
-0.0846666667 -0.0302083333 0.0083984375
-0.0873125 -0.0302083333 0.016015625
-0.0873125 -0.0302083333 0.02109375
-0.0873125 -0.0302083333 0.026171875
-0.0873125 -0.0302083333 0.03125
-0.0873125 -0.0302083333 0.036328125
-0.0846666667 -0.03284375 0.04140625
-0.0873125 -0.0302083333 0.04140625
-0.0846666667 -0.03284375 0.046484375
-0.0873125 -0.0302083333 0.046484375
-0.0846666667 -0.03284375 0.0515625
-0.0873125 -0.0302083333 0.0515625
-0.0873125 -0.0302083333 0.056640625
-0.0873125 -0.0302083333 0.06171875
-0.0873125 -0.0302083333 0.066796875
-0.0873125 -0.0302083333 0.071875
-0.0873125 -0.0302083333 0.076953125
-0.0873125 -0.0302083333 0.08203125
-0.0873125 -0.0302083333 0.087109375
-0.0873125 -0.0302083333 0.0921875
-0.0873125 -0.0302083333 0.097265625
-0.0873125 -0.0302083333 0.10234375
-0.0846666667 -0.03284375 0.107421875
-0.0873125 -0.0302083333 0.107421875
-0.0846666667 -0.03284375 0.1125
-0.0873125 -0.0302083333 0.1125
-0.0873125 -0.0302083333 0.117578125
-0.0873125 -0.0302083333 0.12265625
-0.0846666667 -0.03284375 0.127734375
-0.0873125 -0.0302083333 0.127734375
-0.0846666667 -0.0302083333 0.130273437
-0.0873125 -0.0249375 0.0109375
-0.0846666667 -0.0249375 0.0083984375
-0.0873125 -0.0249375 0.016015625
-0.0873125 -0.0249375 0.02109375
-0.0873125 -0.0249375 0.026171875
-0.0873125 -0.0249375 0.03125
-0.0873125 -0.0249375 0.036328125
-0.0873125 -0.0249375 0.04140625
-0.0873125 -0.0249375 0.046484375
-0.0873125 -0.0249375 0.0515625
-0.0873125 -0.0249375 0.056640625
-0.0873125 -0.0249375 0.071875
-0.0873125 -0.0249375 0.076953125
-0.0873125 -0.0249375 0.08203125
-0.0873125 -0.0249375 0.087109375
-0.0873125 -0.0249375 0.0921875
-0.0873125 -0.0249375 0.097265625
-0.0873125 -0.0249375 0.10234375
-0.0873125 -0.0249375 0.107421875
-0.0873125 -0.0249375 0.1125
-0.0873125 -0.0249375 0.117578125
-0.0873125 -0.0249375 0.12265625
-0.0873125 -0.0249375 0.127734375
-0.0846666667 -0.0249375 0.130273437
-0.0873125 -0.0196666667 0.0109375
-0.0846666667 -0.0196666667 0.0083984375
-0.0873125 -0.0196666667 0.016015625
-0.0873125 -0.0196666667 0.036328125
-0.0873125 -0.0196666667 0.04140625
-0.0873125 -0.0196666667 0.046484375
-0.0873125 -0.0196666667 0.0515625
-0.0873125 -0.0196666667 0.056640625
-0.0873125 -0.0196666667 0.10234375
-0.0873125 -0.0196666667 0.107421875
-0.0873125 -0.0196666667 0.1125
-0.0873125 -0.0196666667 0.117578125
-0.0873125 -0.0196666667 0.12265625
-0.0873125 -0.0196666667 0.127734375
-0.0846666667 -0.0196666667 0.130273437
-0.0873125 -0.0143958333 0.0109375
-0.0846666667 -0.0143958333 0.0083984375
-0.0873125 -0.0143958333 0.1125
-0.0873125 -0.0143958333 0.117578125
-0.0873125 -0.0143958333 0.12265625
-0.0846666667 -0.0143958333 0.125195312
-0.0846666667 -0.01703125 0.127734375
-0.0873125 -0.009125 0.0109375
-0.0846666667 -0.009125 0.0083984375
-0.0873125 -0.009125 0.117578125
-0.0873125 -0.009125 0.12265625
-0.0846666667 -0.009125 0.125195312
-0.0873125 -0.00385416667 0.005859375
-0.0846666667 -0.00385416667 0.0033203125
-0.0846666667 -0.00648958333 0.005859375
-0.0873125 -0.00385416667 0.0109375
-0.0873125 -0.00385416667 0.016015625
-0.0873125 -0.00385416667 0.117578125
-0.0873125 -0.00385416667 0.12265625
-0.0846666667 -0.00385416667 0.125195312
-0.0846666667 -0.00121875 0.005859375
-0.0873125 0.00141666667 0.0109375
-0.0846666667 0.00141666667 0.0083984375
-0.0873125 0.00141666667 0.117578125
-0.0873125 0.00141666667 0.12265625
-0.0846666667 -0.00121875 0.127734375
-0.0873125 0.00141666667 0.127734375
-0.0846666667 0.00141666667 0.130273437
-0.0873125 0.0066875 0.005859375
-0.0846666667 0.0066875 0.0033203125
-0.0846666667 0.00405208333 0.005859375
-0.0873125 0.0066875 0.0109375
-0.0873125 0.0066875 0.016015625
-0.0873125 0.0066875 0.1125
-0.0873125 0.0066875 0.117578125
-0.0873125 0.0066875 0.12265625
-0.0873125 0.0066875 0.127734375
-0.0846666667 0.0066875 0.130273437
-0.0846666667 0.00932291667 0.005859375
-0.0873125 0.0119583333 0.0109375
-0.0846666667 0.0119583333 0.0083984375
-0.0873125 0.0119583333 0.036328125
-0.0873125 0.0119583333 0.10234375
-0.0873125 0.0119583333 0.1125
-0.0873125 0.0119583333 0.117578125
-0.0873125 0.0119583333 0.12265625
-0.0873125 0.0119583333 0.127734375
-0.0846666667 0.0119583333 0.130273437
-0.0873125 0.0172291667 0.0109375
-0.0846666667 0.0172291667 0.0083984375
-0.0873125 0.0172291667 0.016015625
-0.0873125 0.0172291667 0.026171875
-0.0873125 0.0172291667 0.03125
-0.0873125 0.0172291667 0.036328125
-0.0873125 0.0172291667 0.04140625
-0.0873125 0.0172291667 0.087109375
-0.0873125 0.0172291667 0.0921875
-0.0873125 0.0172291667 0.097265625
-0.0873125 0.0172291667 0.10234375
-0.0873125 0.0172291667 0.117578125
-0.0873125 0.0172291667 0.12265625
-0.0846666667 0.0172291667 0.125195312
-0.0846666667 0.01459375 0.127734375
-0.0873125 0.0225 0.0109375
-0.0846666667 0.0225 0.0083984375
-0.0873125 0.0225 0.016015625
-0.0873125 0.0225 0.02109375
-0.0873125 0.0225 0.026171875
-0.0873125 0.0225 0.03125
-0.0873125 0.0225 0.036328125
-0.0873125 0.0225 0.04140625
-0.0873125 0.0225 0.076953125
-0.0873125 0.0225 0.08203125
-0.0873125 0.0225 0.087109375
-0.0873125 0.0225 0.0921875
-0.0873125 0.0225 0.097265625
-0.0873125 0.0225 0.10234375
-0.0873125 0.0225 0.107421875
-0.0873125 0.0225 0.117578125
-0.0873125 0.0225 0.12265625
-0.0846666667 0.0225 0.125195312
-0.0873125 0.0277708333 0.0109375
-0.0846666667 0.0277708333 0.0083984375
-0.0873125 0.0277708333 0.016015625
-0.0873125 0.0277708333 0.02109375
-0.0873125 0.0277708333 0.026171875
-0.0873125 0.0277708333 0.03125
-0.0873125 0.0277708333 0.036328125
-0.0873125 0.0277708333 0.04140625
-0.0873125 0.0277708333 0.046484375
-0.0873125 0.0277708333 0.066796875
-0.0873125 0.0277708333 0.071875
-0.0873125 0.0277708333 0.076953125
-0.0873125 0.0277708333 0.08203125
-0.0873125 0.0277708333 0.087109375
-0.0873125 0.0277708333 0.0921875
-0.0873125 0.0277708333 0.097265625
-0.0873125 0.0277708333 0.10234375
-0.0873125 0.0277708333 0.107421875
-0.0873125 0.0277708333 0.117578125
-0.0873125 0.0277708333 0.12265625
-0.0846666667 0.0277708333 0.125195312
-0.0873125 0.0330416667 0.0109375
-0.0846666667 0.0330416667 0.0083984375
-0.0873125 0.0330416667 0.016015625
-0.0873125 0.0330416667 0.02109375
-0.0873125 0.0330416667 0.026171875
-0.0873125 0.0330416667 0.03125
-0.0873125 0.0330416667 0.036328125
-0.0873125 0.0330416667 0.04140625
-0.0873125 0.0330416667 0.046484375
-0.0873125 0.0330416667 0.056640625
-0.0873125 0.0330416667 0.06171875
-0.0873125 0.0330416667 0.066796875
-0.0873125 0.0330416667 0.071875
-0.0873125 0.0330416667 0.076953125
-0.0873125 0.0330416667 0.08203125
-0.0873125 0.0330416667 0.087109375
-0.0873125 0.0330416667 0.0921875
-0.0873125 0.0330416667 0.097265625
-0.0873125 0.0330416667 0.10234375
-0.0873125 0.0330416667 0.107421875
-0.0873125 0.0330416667 0.117578125
-0.0873125 0.0330416667 0.12265625
-0.0846666667 0.03040625 0.127734375
-0.0873125 0.0330416667 0.127734375
-0.0846666667 0.0330416667 0.130273437
-0.0873125 0.0383125 0.0109375
-0.0846666667 0.0383125 0.0083984375
-0.0873125 0.0383125 0.016015625
-0.0873125 0.0383125 0.02109375
-0.0873125 0.0383125 0.026171875
-0.0873125 0.0383125 0.03125
-0.0873125 0.0383125 0.036328125
-0.0873125 0.0383125 0.04140625
-0.0873125 0.0383125 0.046484375
-0.0873125 0.0383125 0.0515625
-0.0873125 0.0383125 0.056640625
-0.0873125 0.0383125 0.06171875
-0.0873125 0.0383125 0.066796875
-0.0873125 0.0383125 0.071875
-0.0873125 0.0383125 0.076953125
-0.0873125 0.0383125 0.08203125
-0.0873125 0.0383125 0.087109375
-0.0873125 0.0383125 0.0921875
-0.0873125 0.0383125 0.097265625
-0.0873125 0.0383125 0.10234375
-0.0873125 0.0383125 0.107421875
-0.0873125 0.0383125 0.1125
-0.0873125 0.0383125 0.117578125
-0.0873125 0.0383125 0.12265625
-0.0873125 0.0383125 0.127734375
-0.0846666667 0.0383125 0.130273437
-0.0873125 0.0435833333 0.0109375
-0.0846666667 0.0435833333 0.0083984375
-0.0873125 0.0435833333 0.016015625
-0.0873125 0.0435833333 0.02109375
-0.0873125 0.0435833333 0.026171875
-0.0873125 0.0435833333 0.03125
-0.0873125 0.0435833333 0.036328125
-0.0873125 0.0435833333 0.04140625
-0.0873125 0.0435833333 0.046484375
-0.0873125 0.0435833333 0.0515625
-0.0873125 0.0435833333 0.056640625
-0.0873125 0.0435833333 0.06171875
-0.0873125 0.0435833333 0.066796875
-0.0873125 0.0435833333 0.071875
-0.0873125 0.0435833333 0.076953125
-0.0873125 0.0435833333 0.08203125
-0.0873125 0.0435833333 0.087109375
-0.0873125 0.0435833333 0.0921875
-0.0873125 0.0435833333 0.097265625
-0.0873125 0.0435833333 0.10234375
-0.0873125 0.0435833333 0.107421875
-0.0873125 0.0435833333 0.1125
-0.0873125 0.0435833333 0.117578125
-0.0873125 0.0435833333 0.12265625
-0.0873125 0.0435833333 0.127734375
-0.0846666667 0.0435833333 0.130273437
-0.0873125 0.0488541667 0.005859375
-0.0846666667 0.0488541667 0.0033203125
-0.0846666667 0.04621875 0.005859375
-0.0873125 0.0488541667 0.0109375
-0.0873125 0.0488541667 0.016015625
-0.0873125 0.0488541667 0.02109375
-0.0873125 0.0488541667 0.026171875
-0.0873125 0.0488541667 0.03125
-0.0873125 0.0488541667 0.036328125
-0.0873125 0.0488541667 0.04140625
-0.0873125 0.0488541667 0.046484375
-0.0873125 0.0488541667 0.0515625
-0.0846666667 0.0488541667 0.0541015625
-0.0846666667 0.04621875 0.056640625
-0.0873125 0.0488541667 0.06171875
-0.0846666667 0.0488541667 0.0591796875
-0.0873125 0.0488541667 0.066796875
-0.0873125 0.0488541667 0.071875
-0.0873125 0.0488541667 0.076953125
-0.0873125 0.0488541667 0.08203125
-0.0873125 0.0488541667 0.087109375
-0.0873125 0.0488541667 0.0921875
-0.0873125 0.0488541667 0.097265625
-0.0873125 0.0488541667 0.10234375
-0.0873125 0.0488541667 0.107421875
-0.0873125 0.0488541667 0.1125
-0.0846666667 0.0488541667 0.115039062
-0.0846666667 0.04621875 0.117578125
-0.0873125 0.0488541667 0.12265625
-0.0846666667 0.0488541667 0.120117187
-0.0846666667 0.0488541667 0.125195312
-0.0846666667 0.04621875 0.127734375
-0.0846666667 0.0514895833 0.005859375
-0.0873125 0.054125 0.0109375
-0.0846666667 0.054125 0.0083984375
-0.0873125 0.054125 0.016015625
-0.0873125 0.054125 0.02109375
-0.0873125 0.054125 0.026171875
-0.0873125 0.054125 0.03125
-0.0873125 0.054125 0.036328125
-0.0873125 0.054125 0.04140625
-0.0846666667 0.054125 0.0439453125
-0.0846666667 0.0514895833 0.046484375
-0.0846666667 0.0514895833 0.0515625
-0.0873125 0.054125 0.06171875
-0.0846666667 0.054125 0.0591796875
-0.0873125 0.054125 0.066796875
-0.0873125 0.054125 0.071875
-0.0873125 0.054125 0.076953125
-0.0873125 0.054125 0.08203125
-0.0873125 0.054125 0.087109375
-0.0873125 0.054125 0.0921875
-0.0873125 0.054125 0.097265625
-0.0873125 0.054125 0.10234375
-0.0846666667 0.054125 0.104882812
-0.0846666667 0.0514895833 0.107421875
-0.0846666667 0.0514895833 0.1125
-0.0873125 0.054125 0.12265625
-0.0846666667 0.054125 0.120117187
-0.0846666667 0.054125 0.125195312
-0.0873125 0.0593958333 0.005859375
-0.0846666667 0.0593958333 0.0033203125
-0.0846666667 0.0567604167 0.005859375
-0.0873125 0.0593958333 0.0109375
-0.0873125 0.0593958333 0.016015625
-0.0873125 0.0593958333 0.02109375
-0.0873125 0.0593958333 0.026171875
-0.0873125 0.0593958333 0.03125
-0.0846666667 0.0593958333 0.0337890625
-0.0846666667 0.0567604167 0.036328125
-0.0846666667 0.0567604167 0.04140625
-0.0846666667 0.0567604167 0.06171875
-0.0873125 0.0593958333 0.066796875
-0.0846666667 0.0593958333 0.0642578125
-0.0873125 0.0593958333 0.071875
-0.0873125 0.0593958333 0.076953125
-0.0873125 0.0593958333 0.08203125
-0.0873125 0.0593958333 0.087109375
-0.0873125 0.0593958333 0.0921875
-0.0846666667 0.0593958333 0.0947265625
-0.0846666667 0.0567604167 0.097265625
-0.0846666667 0.0567604167 0.10234375
-0.0873125 0.0593958333 0.12265625
-0.0846666667 0.0593958333 0.120117187
-0.0846666667 0.0567604167 0.127734375
-0.0873125 0.0593958333 0.127734375
-0.0846666667 0.0593958333 0.130273437
-0.0846666667 0.06203125 0.005859375
-0.0873125 0.0646666667 0.0109375
-0.0846666667 0.0646666667 0.0083984375
-0.0873125 0.0646666667 0.016015625
-0.0873125 0.0646666667 0.02109375
-0.0846666667 0.0646666667 0.0236328125
-0.0846666667 0.06203125 0.026171875
-0.0846666667 0.06203125 0.03125
-0.0873125 0.0646666667 0.066796875
-0.0846666667 0.0646666667 0.0642578125
-0.0873125 0.0646666667 0.071875
-0.0873125 0.0646666667 0.076953125
-0.0873125 0.0646666667 0.08203125
-0.0846666667 0.0646666667 0.0845703125
-0.0846666667 0.06203125 0.087109375
-0.0846666667 0.06203125 0.0921875
-0.0846666667 0.06203125 0.12265625
-0.0873125 0.0646666667 0.127734375
-0.0846666667 0.0646666667 0.125195312
-0.0846666667 0.0646666667 0.130273437
-0.0873125 0.0699375 0.0109375
-0.0846666667 0.0699375 0.0083984375
-0.0846666667 0.0699375 0.0134765625
-0.0846666667 0.0673020833 0.016015625
-0.0846666667 0.0673020833 0.02109375
-0.0846666667 0.0673020833 0.066796875
-0.0873125 0.0699375 0.071875
-0.0846666667 0.0699375 0.0693359375
-0.0846666667 0.0699375 0.0744140625
-0.0846666667 0.0673020833 0.076953125
-0.0846666667 0.0673020833 0.08203125
-0.0873125 0.0699375 0.127734375
-0.0846666667 0.0699375 0.125195312
-0.0846666667 0.0699375 0.130273437
-0.0846666667 0.0725729167 0.0109375
-0.0846666667 0.0725729167 0.071875
-0.0846666667 0.0725729167 0.127734375
-0.0820208333 -0.0565625 0.076953125
-0.079375 -0.0565625 0.0744140625
-0.079375 -0.0591979167 0.076953125
-0.079375 -0.0565625 0.0794921875
-0.0820208333 -0.0565625 0.137890625
-0.079375 -0.0565625 0.135351562
-0.079375 -0.0591979167 0.137890625
-0.079375 -0.0565625 0.140429687
-0.0820208333 -0.0512916667 0.00078125
-0.079375 -0.0512916667 -0.0017578125
-0.079375 -0.0539270833 0.00078125
-0.079375 -0.0539270833 0.005859375
-0.0820208333 -0.0512916667 0.005859375
-0.079375 -0.0539270833 0.0109375
-0.0820208333 -0.0512916667 0.0109375
-0.079375 -0.0539270833 0.016015625
-0.0820208333 -0.0512916667 0.016015625
-0.079375 -0.0539270833 0.02109375
-0.0820208333 -0.0512916667 0.02109375
-0.079375 -0.0539270833 0.026171875
-0.0820208333 -0.0512916667 0.026171875
-0.079375 -0.0539270833 0.03125
-0.0820208333 -0.0512916667 0.03125
-0.079375 -0.0539270833 0.036328125
-0.0820208333 -0.0512916667 0.036328125
-0.079375 -0.0539270833 0.04140625
-0.0820208333 -0.0512916667 0.04140625
-0.079375 -0.0539270833 0.046484375
-0.0820208333 -0.0512916667 0.046484375
-0.079375 -0.0539270833 0.0515625
-0.0820208333 -0.0512916667 0.0515625
-0.079375 -0.0539270833 0.056640625
-0.0820208333 -0.0512916667 0.056640625
-0.079375 -0.0539270833 0.06171875
-0.0820208333 -0.0512916667 0.06171875
-0.079375 -0.0539270833 0.066796875
-0.0820208333 -0.0512916667 0.066796875
-0.079375 -0.0539270833 0.071875
-0.0820208333 -0.0512916667 0.071875
-0.0820208333 -0.0512916667 0.076953125
-0.079375 -0.0539270833 0.08203125
-0.0820208333 -0.0512916667 0.08203125
-0.079375 -0.0539270833 0.087109375
-0.0820208333 -0.0512916667 0.087109375
-0.079375 -0.0539270833 0.0921875
-0.0820208333 -0.0512916667 0.0921875
-0.079375 -0.0539270833 0.097265625
-0.0820208333 -0.0512916667 0.097265625
-0.079375 -0.0539270833 0.10234375
-0.0820208333 -0.0512916667 0.10234375
-0.079375 -0.0539270833 0.107421875
-0.0820208333 -0.0512916667 0.107421875
-0.079375 -0.0539270833 0.1125
-0.0820208333 -0.0512916667 0.1125
-0.079375 -0.0539270833 0.117578125
-0.0820208333 -0.0512916667 0.117578125
-0.079375 -0.0539270833 0.12265625
-0.0820208333 -0.0512916667 0.12265625
-0.079375 -0.0539270833 0.127734375
-0.0820208333 -0.0512916667 0.127734375
-0.079375 -0.0539270833 0.1328125
-0.0820208333 -0.0512916667 0.1328125
-0.0820208333 -0.0512916667 0.137890625
-0.079375 -0.0512916667 0.140429687
-0.0820208333 -0.0460208333 0.00078125
-0.079375 -0.0460208333 -0.0017578125
-0.0820208333 -0.0460208333 0.005859375
-0.0820208333 -0.0460208333 0.0109375
-0.0820208333 -0.0460208333 0.016015625
-0.0820208333 -0.0460208333 0.02109375
-0.0820208333 -0.0460208333 0.026171875
-0.0820208333 -0.0460208333 0.03125
-0.0820208333 -0.0460208333 0.036328125
-0.0820208333 -0.0460208333 0.04140625
-0.0820208333 -0.0460208333 0.046484375
-0.0820208333 -0.0460208333 0.0515625
-0.0820208333 -0.0460208333 0.056640625
-0.0820208333 -0.0460208333 0.06171875
-0.0820208333 -0.0460208333 0.066796875
-0.0820208333 -0.0460208333 0.071875
-0.0820208333 -0.0460208333 0.076953125
-0.0820208333 -0.0460208333 0.08203125
-0.0820208333 -0.0460208333 0.087109375
-0.0820208333 -0.0460208333 0.0921875
-0.0820208333 -0.0460208333 0.097265625
-0.0820208333 -0.0460208333 0.10234375
-0.0820208333 -0.0460208333 0.107421875
-0.0820208333 -0.0460208333 0.1125
-0.0820208333 -0.0460208333 0.117578125
-0.0820208333 -0.0460208333 0.12265625
-0.0820208333 -0.0460208333 0.127734375
-0.0820208333 -0.0460208333 0.1328125
-0.0820208333 -0.0460208333 0.137890625
-0.079375 -0.0460208333 0.140429687
-0.0820208333 -0.04075 0.00078125
-0.079375 -0.04075 -0.0017578125
-0.0820208333 -0.04075 0.0109375
-0.0820208333 -0.04075 0.016015625
-0.0820208333 -0.04075 0.02109375
-0.0820208333 -0.04075 0.026171875
-0.0820208333 -0.04075 0.03125
-0.0820208333 -0.04075 0.036328125
-0.0820208333 -0.04075 0.04140625
-0.0820208333 -0.04075 0.046484375
-0.0820208333 -0.04075 0.076953125
-0.0820208333 -0.04075 0.08203125
-0.0820208333 -0.04075 0.087109375
-0.0820208333 -0.04075 0.0921875
-0.0820208333 -0.04075 0.097265625
-0.0820208333 -0.04075 0.10234375
-0.0820208333 -0.04075 0.107421875
-0.0820208333 -0.04075 0.1125
-0.0820208333 -0.04075 0.127734375
-0.0820208333 -0.04075 0.1328125
-0.0820208333 -0.04075 0.137890625
-0.079375 -0.04075 0.140429687
-0.0820208333 -0.0354791667 0.00078125
-0.079375 -0.0354791667 -0.0017578125
-0.0820208333 -0.0354791667 0.005859375
-0.0820208333 -0.0354791667 0.04140625
-0.0820208333 -0.0354791667 0.046484375
-0.0820208333 -0.0354791667 0.0515625
-0.0820208333 -0.0354791667 0.107421875
-0.0820208333 -0.0354791667 0.1125
-0.0820208333 -0.0354791667 0.127734375
-0.0820208333 -0.0354791667 0.1328125
-0.079375 -0.0354791667 0.135351562
-0.079375 -0.0381145833 0.137890625
-0.0820208333 -0.0302083333 0.00078125
-0.079375 -0.0302083333 -0.0017578125
-0.0820208333 -0.0302083333 0.005859375
-0.0820208333 -0.0302083333 0.1328125
-0.079375 -0.03284375 0.137890625
-0.0820208333 -0.0302083333 0.137890625
-0.079375 -0.0302083333 0.140429687
-0.0820208333 -0.0249375 0.00078125
-0.079375 -0.0249375 -0.0017578125
-0.0820208333 -0.0249375 0.005859375
-0.0820208333 -0.0249375 0.1328125
-0.0820208333 -0.0249375 0.137890625
-0.079375 -0.0249375 0.140429687
-0.0820208333 -0.0196666667 0.00078125
-0.079375 -0.0196666667 -0.0017578125
-0.0820208333 -0.0196666667 0.005859375
-0.0820208333 -0.0196666667 0.1328125
-0.0820208333 -0.0196666667 0.137890625
-0.079375 -0.0196666667 0.140429687
-0.0820208333 -0.0143958333 0.00078125
-0.079375 -0.0143958333 -0.0017578125
-0.0820208333 -0.0143958333 0.005859375
-0.0820208333 -0.0143958333 0.127734375
-0.0820208333 -0.0143958333 0.1328125
-0.0820208333 -0.0143958333 0.137890625
-0.079375 -0.0143958333 0.140429687
-0.0820208333 -0.009125 0.00078125
-0.079375 -0.009125 -0.0017578125
-0.0820208333 -0.009125 0.005859375
-0.0820208333 -0.009125 0.127734375
-0.0820208333 -0.009125 0.1328125
-0.0820208333 -0.009125 0.137890625
-0.079375 -0.009125 0.140429687
-0.0820208333 -0.00385416667 0.00078125
-0.079375 -0.00385416667 -0.0017578125
-0.0820208333 -0.00385416667 0.127734375
-0.0820208333 -0.00385416667 0.1328125
-0.079375 -0.00385416667 0.135351562
-0.079375 -0.00648958333 0.137890625
-0.0820208333 0.00141666667 0.00078125
-0.079375 0.00141666667 -0.0017578125
-0.0820208333 0.00141666667 0.005859375
-0.0820208333 0.00141666667 0.1328125
-0.079375 -0.00121875 0.137890625
-0.0820208333 0.00141666667 0.137890625
-0.079375 0.00141666667 0.140429687
-0.0820208333 0.0066875 0.00078125
-0.079375 0.0066875 -0.0017578125
-0.0820208333 0.0066875 0.1328125
-0.0820208333 0.0066875 0.137890625
-0.079375 0.0066875 0.140429687
-0.0820208333 0.0119583333 0.00078125
-0.079375 0.0119583333 -0.0017578125
-0.0820208333 0.0119583333 0.005859375
-0.0820208333 0.0119583333 0.1328125
-0.0820208333 0.0119583333 0.137890625
-0.079375 0.0119583333 0.140429687
-0.0820208333 0.0172291667 0.00078125
-0.079375 0.0172291667 -0.0017578125
-0.0820208333 0.0172291667 0.005859375
-0.0820208333 0.0172291667 0.127734375
-0.0820208333 0.0172291667 0.1328125
-0.0820208333 0.0172291667 0.137890625
-0.079375 0.0172291667 0.140429687
-0.0820208333 0.0225 0.00078125
-0.079375 0.0225 -0.0017578125
-0.0820208333 0.0225 0.005859375
-0.0820208333 0.0225 0.127734375
-0.0820208333 0.0225 0.1328125
-0.0820208333 0.0225 0.137890625
-0.079375 0.0225 0.140429687
-0.0820208333 0.0277708333 0.00078125
-0.079375 0.0277708333 -0.0017578125
-0.0820208333 0.0277708333 0.005859375
-0.0820208333 0.0277708333 0.127734375
-0.0820208333 0.0277708333 0.1328125
-0.079375 0.0277708333 0.135351562
-0.079375 0.0251354167 0.137890625
-0.0820208333 0.0330416667 0.00078125
-0.079375 0.0330416667 -0.0017578125
-0.0820208333 0.0330416667 0.005859375
-0.0820208333 0.0330416667 0.1328125
-0.079375 0.03040625 0.137890625
-0.0820208333 0.0330416667 0.137890625
-0.079375 0.0330416667 0.140429687
-0.0820208333 0.0383125 0.00078125
-0.079375 0.0383125 -0.0017578125
-0.0820208333 0.0383125 0.005859375
-0.0820208333 0.0383125 0.1328125
-0.0820208333 0.0383125 0.137890625
-0.079375 0.0383125 0.140429687
-0.0820208333 0.0435833333 0.00078125
-0.079375 0.0435833333 -0.0017578125
-0.0820208333 0.0435833333 0.005859375
-0.0820208333 0.0435833333 0.1328125
-0.0820208333 0.0435833333 0.137890625
-0.079375 0.0435833333 0.140429687
-0.0820208333 0.0488541667 0.00078125
-0.079375 0.0488541667 -0.0017578125
-0.0820208333 0.0488541667 0.056640625
-0.0820208333 0.0488541667 0.117578125
-0.0820208333 0.0488541667 0.127734375
-0.0820208333 0.0488541667 0.1328125
-0.0820208333 0.0488541667 0.137890625
-0.079375 0.0488541667 0.140429687
-0.0820208333 0.054125 0.00078125
-0.079375 0.054125 -0.0017578125
-0.0820208333 0.054125 0.005859375
-0.0820208333 0.054125 0.046484375
-0.0820208333 0.054125 0.0515625
-0.0820208333 0.054125 0.056640625
-0.0820208333 0.054125 0.107421875
-0.0820208333 0.054125 0.1125
-0.0820208333 0.054125 0.117578125
-0.0820208333 0.054125 0.127734375
-0.0820208333 0.054125 0.1328125
-0.0820208333 0.054125 0.137890625
-0.079375 0.054125 0.140429687
-0.0820208333 0.0593958333 0.00078125
-0.079375 0.0593958333 -0.0017578125
-0.0820208333 0.0593958333 0.036328125
-0.0820208333 0.0593958333 0.04140625
-0.0820208333 0.0593958333 0.046484375
-0.0820208333 0.0593958333 0.0515625
-0.0820208333 0.0593958333 0.056640625
-0.0820208333 0.0593958333 0.06171875
-0.0820208333 0.0593958333 0.097265625
-0.0820208333 0.0593958333 0.10234375
-0.0820208333 0.0593958333 0.107421875
-0.0820208333 0.0593958333 0.1125
-0.0820208333 0.0593958333 0.117578125
-0.0820208333 0.0593958333 0.1328125
-0.0820208333 0.0593958333 0.137890625
-0.079375 0.0593958333 0.140429687
-0.0820208333 0.0646666667 0.00078125
-0.079375 0.0646666667 -0.0017578125
-0.0820208333 0.0646666667 0.005859375
-0.0820208333 0.0646666667 0.026171875
-0.0820208333 0.0646666667 0.03125
-0.0820208333 0.0646666667 0.036328125
-0.0820208333 0.0646666667 0.04140625
-0.0820208333 0.0646666667 0.046484375
-0.0820208333 0.0646666667 0.0515625
-0.0820208333 0.0646666667 0.056640625
-0.0820208333 0.0646666667 0.06171875
-0.0820208333 0.0646666667 0.087109375
-0.0820208333 0.0646666667 0.0921875
-0.0820208333 0.0646666667 0.097265625
-0.0820208333 0.0646666667 0.10234375
-0.0820208333 0.0646666667 0.107421875
-0.0820208333 0.0646666667 0.1125
-0.0820208333 0.0646666667 0.117578125
-0.0820208333 0.0646666667 0.12265625
-0.0820208333 0.0646666667 0.1328125
-0.0820208333 0.0646666667 0.137890625
-0.079375 0.0646666667 0.140429687
-0.0820208333 0.0699375 0.00078125
-0.079375 0.0699375 -0.0017578125
-0.0820208333 0.0699375 0.005859375
-0.0820208333 0.0699375 0.016015625
-0.0820208333 0.0699375 0.02109375
-0.0820208333 0.0699375 0.026171875
-0.0820208333 0.0699375 0.03125
-0.0820208333 0.0699375 0.036328125
-0.0820208333 0.0699375 0.04140625
-0.0820208333 0.0699375 0.046484375
-0.0820208333 0.0699375 0.0515625
-0.0820208333 0.0699375 0.056640625
-0.0820208333 0.0699375 0.06171875
-0.0820208333 0.0699375 0.066796875
-0.0820208333 0.0699375 0.076953125
-0.0820208333 0.0699375 0.08203125
-0.0820208333 0.0699375 0.087109375
-0.0820208333 0.0699375 0.0921875
-0.0820208333 0.0699375 0.097265625
-0.0820208333 0.0699375 0.10234375
-0.0820208333 0.0699375 0.107421875
-0.0820208333 0.0699375 0.1125
-0.0820208333 0.0699375 0.117578125
-0.0820208333 0.0699375 0.12265625
-0.0820208333 0.0699375 0.1328125
-0.0820208333 0.0699375 0.137890625
-0.079375 0.0699375 0.140429687
-0.0820208333 0.0752083333 0.00078125
-0.079375 0.0752083333 -0.0017578125
-0.0820208333 0.0752083333 0.005859375
-0.0820208333 0.0752083333 0.0109375
-0.0820208333 0.0752083333 0.016015625
-0.0820208333 0.0752083333 0.02109375
-0.0820208333 0.0752083333 0.026171875
-0.0820208333 0.0752083333 0.03125
-0.0820208333 0.0752083333 0.036328125
-0.0820208333 0.0752083333 0.04140625
-0.0820208333 0.0752083333 0.046484375
-0.0820208333 0.0752083333 0.0515625
-0.0820208333 0.0752083333 0.056640625
-0.0820208333 0.0752083333 0.06171875
-0.0820208333 0.0752083333 0.066796875
-0.0820208333 0.0752083333 0.071875
-0.0820208333 0.0752083333 0.076953125
-0.0820208333 0.0752083333 0.08203125
-0.0820208333 0.0752083333 0.087109375
-0.0820208333 0.0752083333 0.0921875
-0.0820208333 0.0752083333 0.097265625
-0.0820208333 0.0752083333 0.10234375
-0.0820208333 0.0752083333 0.107421875
-0.0820208333 0.0752083333 0.1125
-0.0820208333 0.0752083333 0.117578125
-0.0820208333 0.0752083333 0.12265625
-0.0820208333 0.0752083333 0.127734375
-0.0820208333 0.0752083333 0.1328125
-0.0820208333 0.0752083333 0.137890625
-0.079375 0.0752083333 0.140429687
-0.0820208333 0.0804791667 0.00078125
-0.079375 0.0804791667 -0.0017578125
-0.0820208333 0.0804791667 0.005859375
-0.0820208333 0.0804791667 0.0109375
-0.0820208333 0.0804791667 0.016015625
-0.0820208333 0.0804791667 0.02109375
-0.0820208333 0.0804791667 0.026171875
-0.0820208333 0.0804791667 0.03125
-0.0820208333 0.0804791667 0.036328125
-0.0820208333 0.0804791667 0.04140625
-0.0820208333 0.0804791667 0.046484375
-0.0820208333 0.0804791667 0.0515625
-0.0820208333 0.0804791667 0.056640625
-0.0820208333 0.0804791667 0.06171875
-0.0820208333 0.0804791667 0.066796875
-0.0820208333 0.0804791667 0.071875
-0.0820208333 0.0804791667 0.076953125
-0.0820208333 0.0804791667 0.08203125
-0.0820208333 0.0804791667 0.087109375
-0.0820208333 0.0804791667 0.0921875
-0.0820208333 0.0804791667 0.097265625
-0.0820208333 0.0804791667 0.10234375
-0.0820208333 0.0804791667 0.107421875
-0.0820208333 0.0804791667 0.1125
-0.0820208333 0.0804791667 0.117578125
-0.0820208333 0.0804791667 0.12265625
-0.0820208333 0.0804791667 0.127734375
-0.0820208333 0.0804791667 0.1328125
-0.0820208333 0.0804791667 0.137890625
-0.079375 0.0804791667 0.140429687
-0.0820208333 0.08575 0.00078125
-0.079375 0.08575 -0.0017578125
-0.0820208333 0.08575 0.005859375
-0.0820208333 0.08575 0.0109375
-0.0820208333 0.08575 0.016015625
-0.0820208333 0.08575 0.02109375
-0.0820208333 0.08575 0.026171875
-0.0820208333 0.08575 0.03125
-0.0820208333 0.08575 0.036328125
-0.0820208333 0.08575 0.04140625
-0.0820208333 0.08575 0.046484375
-0.0820208333 0.08575 0.0515625
-0.0820208333 0.08575 0.056640625
-0.0820208333 0.08575 0.06171875
-0.0820208333 0.08575 0.066796875
-0.0820208333 0.08575 0.071875
-0.0820208333 0.08575 0.076953125
-0.0820208333 0.08575 0.08203125
-0.0820208333 0.08575 0.087109375
-0.0820208333 0.08575 0.0921875
-0.0820208333 0.08575 0.097265625
-0.0820208333 0.08575 0.10234375
-0.0820208333 0.08575 0.107421875
-0.0820208333 0.08575 0.1125
-0.0820208333 0.08575 0.117578125
-0.0820208333 0.08575 0.12265625
-0.0820208333 0.08575 0.127734375
-0.0820208333 0.08575 0.1328125
-0.0820208333 0.08575 0.137890625
-0.079375 0.08575 0.140429687
-0.0820208333 0.0910208333 0.00078125
-0.079375 0.0910208333 -0.0017578125
-0.079375 0.0910208333 0.0033203125
-0.079375 0.0883854167 0.005859375
-0.079375 0.0883854167 0.0109375
-0.079375 0.0883854167 0.016015625
-0.0820208333 0.0910208333 0.02109375
-0.079375 0.0910208333 0.0185546875
-0.0820208333 0.0910208333 0.026171875
-0.0820208333 0.0910208333 0.03125
-0.0820208333 0.0910208333 0.036328125
-0.0820208333 0.0910208333 0.04140625
-0.0820208333 0.0910208333 0.046484375
-0.0820208333 0.0910208333 0.0515625
-0.079375 0.0910208333 0.0541015625
-0.079375 0.0883854167 0.056640625
-0.079375 0.0883854167 0.06171875
-0.0820208333 0.0910208333 0.066796875
-0.079375 0.0910208333 0.0642578125
-0.079375 0.0910208333 0.0693359375
-0.079375 0.0883854167 0.071875
-0.079375 0.0883854167 0.076953125
-0.0820208333 0.0910208333 0.08203125
-0.079375 0.0910208333 0.0794921875
-0.0820208333 0.0910208333 0.087109375
-0.0820208333 0.0910208333 0.0921875
-0.0820208333 0.0910208333 0.097265625
-0.0820208333 0.0910208333 0.10234375
-0.0820208333 0.0910208333 0.107421875
-0.0820208333 0.0910208333 0.1125
-0.0820208333 0.0910208333 0.117578125
-0.0820208333 0.0910208333 0.12265625
-0.079375 0.0910208333 0.125195312
-0.079375 0.0883854167 0.127734375
-0.079375 0.0883854167 0.1328125
-0.0820208333 0.0910208333 0.137890625
-0.079375 0.0910208333 0.135351562
-0.079375 0.0910208333 0.140429687
-0.079375 0.09365625 0.00078125
-0.079375 0.09365625 0.02109375
-0.079375 0.09365625 0.026171875
-0.079375 0.09365625 0.03125
-0.079375 0.09365625 0.036328125
-0.079375 0.09365625 0.04140625
-0.079375 0.09365625 0.046484375
-0.079375 0.09365625 0.0515625
-0.079375 0.09365625 0.066796875
-0.079375 0.09365625 0.08203125
-0.079375 0.09365625 0.087109375
-0.079375 0.09365625 0.0921875
-0.079375 0.09365625 0.097265625
-0.079375 0.09365625 0.10234375
-0.079375 0.09365625 0.107421875
-0.079375 0.09365625 0.1125
-0.079375 0.09365625 0.117578125
-0.079375 0.09365625 0.12265625
-0.079375 0.09365625 0.137890625
-0.0767291667 -0.0565625 0.00078125
-0.0740833333 -0.0565625 -0.0017578125
-0.0740833333 -0.0591979167 0.00078125
-0.0740833333 -0.0591979167 0.005859375
-0.0767291667 -0.0565625 0.005859375
-0.0740833333 -0.0565625 0.0083984375
-0.0767291667 -0.0565625 0.04140625
-0.0740833333 -0.0565625 0.0388671875
-0.0740833333 -0.0591979167 0.04140625
-0.0740833333 -0.0591979167 0.046484375
-0.0767291667 -0.0565625 0.046484375
-0.0740833333 -0.0591979167 0.0515625
-0.0767291667 -0.0565625 0.0515625
-0.0740833333 -0.0591979167 0.056640625
-0.0767291667 -0.0565625 0.056640625
-0.0740833333 -0.0591979167 0.06171875
-0.0767291667 -0.0565625 0.06171875
-0.0740833333 -0.0591979167 0.066796875
-0.0767291667 -0.0565625 0.066796875
-0.0740833333 -0.0591979167 0.071875
-0.0767291667 -0.0565625 0.071875
-0.0740833333 -0.0591979167 0.076953125
-0.0740833333 -0.0591979167 0.08203125
-0.0767291667 -0.0565625 0.08203125
-0.0740833333 -0.0591979167 0.087109375
-0.0767291667 -0.0565625 0.087109375
-0.0740833333 -0.0591979167 0.0921875
-0.0767291667 -0.0565625 0.0921875
-0.0740833333 -0.0591979167 0.097265625
-0.0767291667 -0.0565625 0.097265625
-0.0740833333 -0.0591979167 0.10234375
-0.0767291667 -0.0565625 0.10234375
-0.0740833333 -0.0591979167 0.107421875
-0.0767291667 -0.0565625 0.107421875
-0.0740833333 -0.0565625 0.109960937
-0.0767291667 -0.0565625 0.1328125
-0.0740833333 -0.0565625 0.130273437
-0.0740833333 -0.0591979167 0.1328125
-0.0740833333 -0.0591979167 0.137890625
-0.0740833333 -0.0565625 0.140429687
-0.0740833333 -0.0512916667 -0.0017578125
-0.0740833333 -0.0539270833 0.0109375
-0.0740833333 -0.0539270833 0.016015625
-0.0740833333 -0.0539270833 0.02109375
-0.0740833333 -0.0539270833 0.026171875
-0.0740833333 -0.0539270833 0.03125
-0.0740833333 -0.0539270833 0.036328125
-0.0740833333 -0.0539270833 0.1125
-0.0740833333 -0.0539270833 0.117578125
-0.0740833333 -0.0539270833 0.12265625
-0.0740833333 -0.0539270833 0.127734375
-0.0740833333 -0.0512916667 0.140429687
-0.0767291667 -0.0460208333 -0.004296875
-0.0740833333 -0.0460208333 -0.0068359375
-0.0740833333 -0.04865625 -0.004296875
-0.0740833333 -0.0460208333 0.140429687
-0.0767291667 -0.04075 -0.004296875
-0.0740833333 -0.04075 -0.0068359375
-0.0740833333 -0.04075 0.140429687
-0.0767291667 -0.0354791667 -0.004296875
-0.0740833333 -0.0354791667 -0.0068359375
-0.0767291667 -0.0354791667 0.137890625
-0.0740833333 -0.0354791667 0.140429687
-0.0767291667 -0.0302083333 -0.004296875
-0.0740833333 -0.0302083333 -0.0068359375
-0.0740833333 -0.0302083333 0.140429687
-0.0767291667 -0.0249375 -0.004296875
-0.0740833333 -0.0249375 -0.0068359375
-0.0740833333 -0.0275729167 0.14296875
-0.0767291667 -0.0249375 0.14296875
-0.0740833333 -0.0249375 0.145507812
-0.0740833333 -0.0223020833 -0.004296875
-0.0740833333 -0.0196666667 -0.0017578125
-0.0767291667 -0.0196666667 0.14296875
-0.0740833333 -0.0196666667 0.145507812
-0.0767291667 -0.0143958333 -0.004296875
-0.0740833333 -0.0143958333 -0.0068359375
-0.0740833333 -0.01703125 -0.004296875
-0.0740833333 -0.01703125 0.14296875
-0.0740833333 -0.0143958333 0.140429687
-0.0767291667 -0.009125 -0.004296875
-0.0740833333 -0.009125 -0.0068359375
-0.0740833333 -0.009125 0.140429687
-0.0767291667 -0.00385416667 -0.004296875
-0.0740833333 -0.00385416667 -0.0068359375
-0.0767291667 -0.00385416667 0.137890625
-0.0740833333 -0.00385416667 0.140429687
-0.0740833333 -0.00121875 -0.004296875
-0.0740833333 0.00141666667 -0.0017578125
-0.0740833333 -0.00121875 0.14296875
-0.0767291667 0.00141666667 0.14296875
-0.0740833333 0.00141666667 0.145507812
-0.0767291667 0.0066875 -0.004296875
-0.0740833333 0.0066875 -0.0068359375
-0.0740833333 0.00405208333 -0.004296875
-0.0740833333 0.00405208333 0.14296875
-0.0740833333 0.0066875 0.140429687
-0.0767291667 0.0119583333 -0.004296875
-0.0740833333 0.0119583333 -0.0068359375
-0.0740833333 0.00932291667 0.14296875
-0.0767291667 0.0119583333 0.14296875
-0.0740833333 0.0119583333 0.145507812
-0.0767291667 0.0172291667 -0.004296875
-0.0740833333 0.0172291667 -0.0068359375
-0.0740833333 0.01459375 0.14296875
-0.0740833333 0.0172291667 0.140429687
-0.0767291667 0.0225 -0.004296875
-0.0740833333 0.0225 -0.0068359375
-0.0740833333 0.0225 0.140429687
-0.0767291667 0.0277708333 -0.004296875
-0.0740833333 0.0277708333 -0.0068359375
-0.0767291667 0.0277708333 0.137890625
-0.0740833333 0.0277708333 0.140429687
-0.0767291667 0.0330416667 -0.004296875
-0.0740833333 0.0330416667 -0.0068359375
-0.0740833333 0.0330416667 0.140429687
-0.0740833333 0.0356770833 -0.004296875
-0.0740833333 0.0383125 -0.0017578125
-0.0740833333 0.0356770833 0.14296875
-0.0767291667 0.0383125 0.14296875
-0.0740833333 0.0383125 0.145507812
-0.0767291667 0.0435833333 -0.004296875
-0.0740833333 0.0435833333 -0.0068359375
-0.0740833333 0.0409479167 -0.004296875
-0.0740833333 0.0409479167 0.14296875
-0.0740833333 0.0435833333 0.140429687
-0.0767291667 0.0488541667 -0.004296875
-0.0740833333 0.0488541667 -0.0068359375
-0.0740833333 0.0488541667 0.140429687
-0.0767291667 0.054125 -0.004296875
-0.0740833333 0.054125 -0.0068359375
-0.0740833333 0.054125 0.140429687
-0.0740833333 0.0567604167 -0.004296875
-0.0740833333 0.0593958333 -0.0017578125
-0.0740833333 0.0593958333 0.140429687
-0.0740833333 0.0646666667 -0.0017578125
-0.0740833333 0.06203125 0.14296875
-0.0767291667 0.0646666667 0.14296875
-0.0740833333 0.0646666667 0.145507812
-0.0740833333 0.0699375 -0.0017578125
-0.0767291667 0.0699375 0.14296875
-0.0740833333 0.0699375 0.145507812
-0.0740833333 0.0752083333 -0.0017578125
-0.0740833333 0.0725729167 0.14296875
-0.0740833333 0.0752083333 0.140429687
-0.0740833333 0.0804791667 -0.0017578125
-0.0740833333 0.0804791667 0.140429687
-0.0740833333 0.08575 -0.0017578125
-0.0740833333 0.08575 0.140429687
-0.0740833333 0.0910208333 -0.0017578125
-0.0767291667 0.0910208333 0.005859375
-0.0767291667 0.0910208333 0.0109375
-0.0767291667 0.0910208333 0.016015625
-0.0767291667 0.0910208333 0.056640625
-0.0767291667 0.0910208333 0.06171875
-0.0767291667 0.0910208333 0.071875
-0.0767291667 0.0910208333 0.076953125
-0.0767291667 0.0910208333 0.127734375
-0.0767291667 0.0910208333 0.1328125
-0.0740833333 0.0910208333 0.140429687
-0.0740833333 0.09365625 0.00078125
-0.0740833333 0.09365625 0.005859375
-0.0740833333 0.09365625 0.0109375
-0.0767291667 0.0962916667 0.016015625
-0.0740833333 0.0962916667 0.0134765625
-0.0740833333 0.09365625 0.02109375
-0.0740833333 0.0962916667 0.0185546875
-0.0767291667 0.0962916667 0.026171875
-0.0740833333 0.0962916667 0.0236328125
-0.0767291667 0.0962916667 0.03125
-0.0767291667 0.0962916667 0.036328125
-0.0767291667 0.0962916667 0.04140625
-0.0767291667 0.0962916667 0.046484375
-0.0767291667 0.0962916667 0.0515625
-0.0740833333 0.0962916667 0.0541015625
-0.0740833333 0.09365625 0.056640625
-0.0740833333 0.09365625 0.06171875
-0.0740833333 0.09365625 0.066796875
-0.0740833333 0.09365625 0.071875
-0.0767291667 0.0962916667 0.076953125
-0.0740833333 0.0962916667 0.0744140625
-0.0767291667 0.0962916667 0.08203125
-0.0767291667 0.0962916667 0.087109375
-0.0767291667 0.0962916667 0.0921875
-0.0767291667 0.0962916667 0.097265625
-0.0767291667 0.0962916667 0.10234375
-0.0767291667 0.0962916667 0.107421875
-0.0740833333 0.0962916667 0.109960937
-0.0740833333 0.09365625 0.1125
-0.0740833333 0.09365625 0.117578125
-0.0740833333 0.09365625 0.12265625
-0.0767291667 0.0962916667 0.127734375
-0.0740833333 0.0962916667 0.125195312
-0.0767291667 0.0962916667 0.1328125
-0.0767291667 0.0962916667 0.137890625
-0.0740833333 0.0962916667 0.140429687
-0.0740833333 0.0989270833 0.016015625
-0.0740833333 0.0989270833 0.026171875
-0.0740833333 0.0989270833 0.03125
-0.0740833333 0.0989270833 0.036328125
-0.0740833333 0.0989270833 0.04140625
-0.0740833333 0.0989270833 0.046484375
-0.0740833333 0.0989270833 0.0515625
-0.0740833333 0.0989270833 0.076953125
-0.0740833333 0.0989270833 0.08203125
-0.0740833333 0.0989270833 0.087109375
-0.0740833333 0.0989270833 0.0921875
-0.0740833333 0.0989270833 0.097265625
-0.0740833333 0.0989270833 0.10234375
-0.0740833333 0.0989270833 0.107421875
-0.0740833333 0.0989270833 0.127734375
-0.0740833333 0.0989270833 0.1328125
-0.0740833333 0.0989270833 0.137890625
-0.0687916667 -0.0565625 -0.0017578125
-0.0687916667 -0.0591979167 0.00078125
-0.0687916667 -0.0591979167 0.005859375
-0.0687916667 -0.0591979167 0.0109375
-0.0714375 -0.0565625 0.0109375
-0.0687916667 -0.0591979167 0.016015625
-0.0714375 -0.0565625 0.016015625
-0.0687916667 -0.0591979167 0.02109375
-0.0714375 -0.0565625 0.02109375
-0.0687916667 -0.0565625 0.0236328125
-0.0687916667 -0.0565625 0.0388671875
-0.0687916667 -0.0591979167 0.04140625
-0.0687916667 -0.0591979167 0.046484375
-0.0687916667 -0.0591979167 0.0515625
-0.0687916667 -0.0591979167 0.056640625
-0.0687916667 -0.0591979167 0.06171875
-0.0687916667 -0.0591979167 0.066796875
-0.0687916667 -0.0591979167 0.071875
-0.0687916667 -0.0591979167 0.076953125
-0.0687916667 -0.0591979167 0.08203125
-0.0687916667 -0.0591979167 0.087109375
-0.0687916667 -0.0591979167 0.0921875
-0.0687916667 -0.0591979167 0.097265625
-0.0687916667 -0.0591979167 0.10234375
-0.0687916667 -0.0591979167 0.107421875
-0.0687916667 -0.0591979167 0.1125
-0.0714375 -0.0565625 0.1125
-0.0687916667 -0.0591979167 0.117578125
-0.0714375 -0.0565625 0.117578125
-0.0687916667 -0.0591979167 0.12265625
-0.0714375 -0.0565625 0.12265625
-0.0687916667 -0.0565625 0.125195312
-0.0687916667 -0.0565625 0.130273437
-0.0687916667 -0.0591979167 0.1328125
-0.0714375 -0.0565625 0.137890625
-0.0687916667 -0.0565625 0.135351562
-0.0687916667 -0.0512916667 -0.0017578125
-0.0687916667 -0.0539270833 0.026171875
-0.0687916667 -0.0539270833 0.03125
-0.0687916667 -0.0539270833 0.036328125
-0.0687916667 -0.0539270833 0.127734375
-0.0687916667 -0.0539270833 0.137890625
-0.0687916667 -0.0512916667 0.140429687
-0.0687916667 -0.0460208333 -0.0068359375
-0.0687916667 -0.04865625 -0.004296875
-0.0687916667 -0.04865625 0.14296875
-0.0714375 -0.0460208333 0.14296875
-0.0687916667 -0.0460208333 0.145507812
-0.0687916667 -0.04075 -0.0068359375
-0.0714375 -0.04075 0.14296875
-0.0687916667 -0.04075 0.145507812
-0.0687916667 -0.0354791667 -0.0068359375
-0.0714375 -0.0354791667 0.14296875
-0.0687916667 -0.0354791667 0.145507812
-0.0687916667 -0.0302083333 -0.0068359375
-0.0714375 -0.0302083333 0.14296875
-0.0687916667 -0.0302083333 0.145507812
-0.0687916667 -0.0249375 -0.0068359375
-0.0687916667 -0.0249375 0.145507812
-0.0714375 -0.0196666667 -0.004296875
-0.0687916667 -0.0196666667 -0.0068359375
-0.0687916667 -0.0196666667 0.145507812
-0.0687916667 -0.0143958333 -0.0068359375
-0.0714375 -0.0143958333 0.14296875
-0.0687916667 -0.0143958333 0.145507812
-0.0687916667 -0.009125 -0.0068359375
-0.0714375 -0.009125 0.14296875
-0.0687916667 -0.009125 0.145507812
-0.0687916667 -0.00385416667 -0.0068359375
-0.0714375 -0.00385416667 0.14296875
-0.0687916667 -0.00385416667 0.145507812
-0.0714375 0.00141666667 -0.004296875
-0.0687916667 0.00141666667 -0.0068359375
-0.0687916667 0.00141666667 0.145507812
-0.0687916667 0.0066875 -0.0068359375
-0.0714375 0.0066875 0.14296875
-0.0687916667 0.0066875 0.145507812
-0.0687916667 0.0119583333 -0.0068359375
-0.0687916667 0.0119583333 0.145507812
-0.0687916667 0.0172291667 -0.0068359375
-0.0714375 0.0172291667 0.14296875
-0.0687916667 0.0172291667 0.145507812
-0.0687916667 0.0225 -0.0068359375
-0.0714375 0.0225 0.14296875
-0.0687916667 0.0225 0.145507812
-0.0687916667 0.0277708333 -0.0068359375
-0.0714375 0.0277708333 0.14296875
-0.0687916667 0.0277708333 0.145507812
-0.0687916667 0.0330416667 -0.0068359375
-0.0714375 0.0330416667 0.14296875
-0.0687916667 0.0330416667 0.145507812
-0.0714375 0.0383125 -0.004296875
-0.0687916667 0.0383125 -0.0068359375
-0.0687916667 0.0383125 0.145507812
-0.0687916667 0.0435833333 -0.0068359375
-0.0714375 0.0435833333 0.14296875
-0.0687916667 0.0435833333 0.145507812
-0.0687916667 0.0488541667 -0.0068359375
-0.0687916667 0.04621875 0.14296875
-0.0687916667 0.0488541667 0.140429687
-0.0687916667 0.054125 -0.0068359375
-0.0687916667 0.0514895833 0.14296875
-0.0714375 0.054125 0.14296875
-0.0687916667 0.054125 0.145507812
-0.0714375 0.0593958333 -0.004296875
-0.0687916667 0.0593958333 -0.0068359375
-0.0714375 0.0593958333 0.14296875
-0.0687916667 0.0593958333 0.145507812
-0.0714375 0.0646666667 -0.004296875
-0.0687916667 0.0646666667 -0.0068359375
-0.0687916667 0.0646666667 0.145507812
-0.0714375 0.0699375 -0.004296875
-0.0687916667 0.0699375 -0.0068359375
-0.0687916667 0.0699375 0.145507812
-0.0714375 0.0752083333 -0.004296875
-0.0687916667 0.0752083333 -0.0068359375
-0.0714375 0.0752083333 0.14296875
-0.0687916667 0.0752083333 0.145507812
-0.0714375 0.0804791667 -0.004296875
-0.0687916667 0.0804791667 -0.0068359375
-0.0714375 0.0804791667 0.14296875
-0.0687916667 0.0804791667 0.145507812
-0.0714375 0.08575 -0.004296875
-0.0687916667 0.08575 -0.0068359375
-0.0714375 0.08575 0.14296875
-0.0687916667 0.08575 0.145507812
-0.0687916667 0.0883854167 -0.004296875
-0.0687916667 0.0910208333 -0.0017578125
-0.0687916667 0.0883854167 0.14296875
-0.0687916667 0.0910208333 0.140429687
-0.0687916667 0.09365625 0.00078125
-0.0687916667 0.09365625 0.005859375
-0.0714375 0.0962916667 0.0109375
-0.0687916667 0.0962916667 0.0083984375
-0.0714375 0.0962916667 0.02109375
-0.0714375 0.0962916667 0.056640625
-0.0714375 0.0962916667 0.06171875
-0.0687916667 0.0962916667 0.0642578125
-0.0687916667 0.09365625 0.066796875
-0.0714375 0.0962916667 0.071875
-0.0687916667 0.0962916667 0.0693359375
-0.0714375 0.0962916667 0.1125
-0.0687916667 0.0962916667 0.115039062
-0.0687916667 0.09365625 0.117578125
-0.0714375 0.0962916667 0.12265625
-0.0687916667 0.0962916667 0.120117187
-0.0687916667 0.0962916667 0.140429687
-0.0687916667 0.0989270833 0.0109375
-0.0687916667 0.0989270833 0.016015625
-0.0687916667 0.0989270833 0.02109375
-0.0687916667 0.0989270833 0.026171875
-0.0687916667 0.0989270833 0.03125
-0.0687916667 0.0989270833 0.036328125
-0.0687916667 0.0989270833 0.04140625
-0.0687916667 0.0989270833 0.046484375
-0.0687916667 0.0989270833 0.0515625
-0.0687916667 0.0989270833 0.056640625
-0.0687916667 0.0989270833 0.06171875
-0.0687916667 0.0989270833 0.071875
-0.0687916667 0.0989270833 0.076953125
-0.0687916667 0.0989270833 0.08203125
-0.0687916667 0.0989270833 0.087109375
-0.0687916667 0.0989270833 0.0921875
-0.0687916667 0.0989270833 0.097265625
-0.0687916667 0.0989270833 0.10234375
-0.0687916667 0.0989270833 0.107421875
-0.0687916667 0.0989270833 0.1125
-0.0687916667 0.0989270833 0.12265625
-0.0687916667 0.0989270833 0.127734375
-0.0687916667 0.0989270833 0.1328125
-0.0687916667 0.0989270833 0.137890625
-0.0635 -0.0565625 -0.0017578125
-0.0635 -0.0591979167 0.00078125
-0.0635 -0.0591979167 0.005859375
-0.0635 -0.0591979167 0.0109375
-0.0635 -0.0591979167 0.016015625
-0.0635 -0.0591979167 0.02109375
-0.0635 -0.0591979167 0.026171875
-0.0661458333 -0.0565625 0.026171875
-0.0635 -0.0591979167 0.03125
-0.0661458333 -0.0565625 0.03125
-0.0635 -0.0591979167 0.036328125
-0.0661458333 -0.0565625 0.036328125
-0.0635 -0.0591979167 0.04140625
-0.0635 -0.0591979167 0.046484375
-0.0635 -0.0591979167 0.0515625
-0.0635 -0.0591979167 0.056640625
-0.0635 -0.0591979167 0.06171875
-0.0635 -0.0591979167 0.066796875
-0.0635 -0.0591979167 0.071875
-0.0635 -0.0591979167 0.076953125
-0.0635 -0.0591979167 0.08203125
-0.0635 -0.0591979167 0.087109375
-0.0635 -0.0591979167 0.0921875
-0.0635 -0.0591979167 0.097265625
-0.0635 -0.0591979167 0.10234375
-0.0635 -0.0591979167 0.107421875
-0.0635 -0.0591979167 0.1125
-0.0635 -0.0591979167 0.117578125
-0.0635 -0.0591979167 0.12265625
-0.0635 -0.0591979167 0.127734375
-0.0661458333 -0.0565625 0.127734375
-0.0635 -0.0591979167 0.1328125
-0.0635 -0.0565625 0.135351562
-0.0661458333 -0.0512916667 -0.004296875
-0.0635 -0.0512916667 -0.0068359375
-0.0635 -0.0539270833 -0.004296875
-0.0635 -0.0539270833 0.137890625
-0.0635 -0.0512916667 0.140429687
-0.0635 -0.0460208333 -0.0068359375
-0.0635 -0.04865625 0.14296875
-0.0635 -0.0460208333 0.145507812
-0.0661458333 -0.04075 -0.009375
-0.0635 -0.04075 -0.0119140625
-0.0635 -0.0433854167 -0.009375
-0.0635 -0.04075 0.145507812
-0.0661458333 -0.0354791667 -0.009375
-0.0635 -0.0354791667 -0.0119140625
-0.0635 -0.0354791667 0.145507812
-0.0661458333 -0.0302083333 -0.009375
-0.0635 -0.0302083333 -0.0119140625
-0.0635 -0.0302083333 0.145507812
-0.0661458333 -0.0249375 -0.009375
-0.0635 -0.0249375 -0.0119140625
-0.0635 -0.0249375 0.145507812
-0.0661458333 -0.0196666667 -0.009375
-0.0635 -0.0196666667 -0.0119140625
-0.0635 -0.0196666667 0.145507812
-0.0661458333 -0.0143958333 -0.009375
-0.0635 -0.0143958333 -0.0119140625
-0.0635 -0.0143958333 0.145507812
-0.0661458333 -0.009125 -0.009375
-0.0635 -0.009125 -0.0119140625
-0.0635 -0.009125 0.145507812
-0.0661458333 -0.00385416667 -0.009375
-0.0635 -0.00385416667 -0.0119140625
-0.0635 -0.00385416667 0.145507812
-0.0661458333 0.00141666667 -0.009375
-0.0635 0.00141666667 -0.0119140625
-0.0635 0.00141666667 0.145507812
-0.0661458333 0.0066875 -0.009375
-0.0635 0.0066875 -0.0119140625
-0.0635 0.0066875 0.145507812
-0.0661458333 0.0119583333 -0.009375
-0.0635 0.0119583333 -0.0119140625
-0.0635 0.0119583333 0.145507812
-0.0661458333 0.0172291667 -0.009375
-0.0635 0.0172291667 -0.0119140625
-0.0635 0.0172291667 0.145507812
-0.0661458333 0.0225 -0.009375
-0.0635 0.0225 -0.0119140625
-0.0635 0.0225 0.145507812
-0.0661458333 0.0277708333 -0.009375
-0.0635 0.0277708333 -0.0119140625
-0.0635 0.0277708333 0.145507812
-0.0661458333 0.0330416667 -0.009375
-0.0635 0.0330416667 -0.0119140625
-0.0635 0.0330416667 0.145507812
-0.0661458333 0.0383125 -0.009375
-0.0635 0.0383125 -0.0119140625
-0.0635 0.0383125 0.145507812
-0.0661458333 0.0435833333 -0.009375
-0.0635 0.0435833333 -0.0119140625
-0.0635 0.0435833333 0.145507812
-0.0661458333 0.0488541667 -0.009375
-0.0635 0.0488541667 -0.0119140625
-0.0661458333 0.0488541667 0.14296875
-0.0635 0.0488541667 0.145507812
-0.0661458333 0.054125 -0.009375
-0.0635 0.054125 -0.0119140625
-0.0635 0.054125 0.145507812
-0.0661458333 0.0593958333 -0.009375
-0.0635 0.0593958333 -0.0119140625
-0.0635 0.0593958333 0.145507812
-0.0661458333 0.0646666667 -0.009375
-0.0635 0.0646666667 -0.0119140625
-0.0635 0.0646666667 0.145507812
-0.0661458333 0.0699375 -0.009375
-0.0635 0.0699375 -0.0119140625
-0.0635 0.0699375 0.145507812
-0.0661458333 0.0752083333 -0.009375
-0.0635 0.0752083333 -0.0119140625
-0.0635 0.0752083333 0.145507812
-0.0661458333 0.0804791667 -0.009375
-0.0635 0.0804791667 -0.0119140625
-0.0635 0.0804791667 0.145507812
-0.0635 0.0831145833 -0.009375
-0.0635 0.08575 -0.0068359375
-0.0661458333 0.08575 0.14296875
-0.0635 0.0831145833 0.14296875
-0.0635 0.08575 0.140429687
-0.0635 0.0883854167 -0.004296875
-0.0635 0.0910208333 -0.0017578125
-0.0635 0.0910208333 0.140429687
-0.0661458333 0.0962916667 0.00078125
-0.0635 0.0962916667 -0.0017578125
-0.0661458333 0.0962916667 0.005859375
-0.0661458333 0.0962916667 0.066796875
-0.0661458333 0.0962916667 0.117578125
-0.0635 0.0962916667 0.140429687
-0.0635 0.0989270833 0.00078125
-0.0635 0.0989270833 0.005859375
-0.0635 0.0989270833 0.0109375
-0.0635 0.0989270833 0.016015625
-0.0635 0.0989270833 0.02109375
-0.0635 0.0989270833 0.026171875
-0.0635 0.0989270833 0.03125
-0.0635 0.0989270833 0.036328125
-0.0635 0.0989270833 0.04140625
-0.0635 0.0989270833 0.046484375
-0.0635 0.0989270833 0.0515625
-0.0635 0.0989270833 0.056640625
-0.0635 0.0989270833 0.06171875
-0.0635 0.0989270833 0.066796875
-0.0635 0.0989270833 0.071875
-0.0635 0.0989270833 0.076953125
-0.0635 0.0989270833 0.08203125
-0.0635 0.0989270833 0.087109375
-0.0635 0.0989270833 0.0921875
-0.0635 0.0989270833 0.097265625
-0.0635 0.0989270833 0.10234375
-0.0635 0.0989270833 0.107421875
-0.0635 0.0989270833 0.1125
-0.0635 0.0989270833 0.117578125
-0.0635 0.0989270833 0.12265625
-0.0635 0.0989270833 0.127734375
-0.0635 0.0989270833 0.1328125
-0.0635 0.0989270833 0.137890625
-0.0582083333 -0.0565625 -0.0017578125
-0.0582083333 -0.0591979167 0.00078125
-0.0582083333 -0.0591979167 0.005859375
-0.0582083333 -0.0591979167 0.0109375
-0.0582083333 -0.0591979167 0.016015625
-0.0582083333 -0.0591979167 0.02109375
-0.0582083333 -0.0591979167 0.026171875
-0.0582083333 -0.0591979167 0.03125
-0.0582083333 -0.0591979167 0.036328125
-0.0582083333 -0.0591979167 0.04140625
-0.0582083333 -0.0591979167 0.046484375
-0.0582083333 -0.0591979167 0.0515625
-0.0582083333 -0.0591979167 0.056640625
-0.0582083333 -0.0591979167 0.06171875
-0.0582083333 -0.0591979167 0.066796875
-0.0582083333 -0.0591979167 0.071875
-0.0582083333 -0.0591979167 0.076953125
-0.0582083333 -0.0591979167 0.08203125
-0.0582083333 -0.0591979167 0.087109375
-0.0582083333 -0.0591979167 0.0921875
-0.0582083333 -0.0591979167 0.097265625
-0.0582083333 -0.0591979167 0.10234375
-0.0582083333 -0.0591979167 0.107421875
-0.0582083333 -0.0591979167 0.1125
-0.0582083333 -0.0591979167 0.117578125
-0.0582083333 -0.0591979167 0.12265625
-0.0582083333 -0.0591979167 0.127734375
-0.0582083333 -0.0591979167 0.1328125
-0.0582083333 -0.0565625 0.135351562
-0.0582083333 -0.0512916667 -0.0068359375
-0.0582083333 -0.0539270833 -0.004296875
-0.0582083333 -0.0539270833 0.137890625
-0.0582083333 -0.0539270833 0.14296875
-0.0608541667 -0.0512916667 0.14296875
-0.0582083333 -0.0512916667 0.145507812
-0.0582083333 -0.0460208333 -0.0068359375
-0.0582083333 -0.0460208333 0.145507812
-0.0582083333 -0.04075 -0.0119140625
-0.0582083333 -0.0433854167 -0.009375
-0.0582083333 -0.04075 0.145507812
-0.0582083333 -0.0354791667 -0.0119140625
-0.0582083333 -0.0354791667 0.145507812
-0.0582083333 -0.0302083333 -0.0119140625
-0.0582083333 -0.0302083333 0.145507812
-0.0582083333 -0.0249375 -0.0119140625
-0.0582083333 -0.0275729167 0.148046875
-0.0608541667 -0.0249375 0.148046875
-0.0582083333 -0.0249375 0.150585937
-0.0582083333 -0.0196666667 -0.0119140625
-0.0582083333 -0.0223020833 0.148046875
-0.0582083333 -0.0196666667 0.145507812
-0.0582083333 -0.0143958333 -0.0119140625
-0.0582083333 -0.01703125 0.148046875
-0.0608541667 -0.0143958333 0.148046875
-0.0582083333 -0.0143958333 0.150585937
-0.0582083333 -0.009125 -0.0119140625
-0.0608541667 -0.009125 0.148046875
-0.0582083333 -0.009125 0.150585937
-0.0582083333 -0.00385416667 -0.0119140625
-0.0582083333 -0.00648958333 0.148046875
-0.0582083333 -0.00385416667 0.145507812
-0.0582083333 0.00141666667 -0.0119140625
-0.0582083333 0.00141666667 0.145507812
-0.0582083333 0.0066875 -0.0119140625
-0.0582083333 0.00405208333 0.148046875
-0.0608541667 0.0066875 0.148046875
-0.0582083333 0.0066875 0.150585937
-0.0582083333 0.0119583333 -0.0119140625
-0.0608541667 0.0119583333 0.148046875
-0.0582083333 0.0119583333 0.150585937
-0.0582083333 0.0172291667 -0.0119140625
-0.0608541667 0.0172291667 0.148046875
-0.0582083333 0.0172291667 0.150585937
-0.0582083333 0.0225 -0.0119140625
-0.0582083333 0.0198645833 0.148046875
-0.0582083333 0.0225 0.145507812
-0.0582083333 0.0277708333 -0.0119140625
-0.0582083333 0.0277708333 0.145507812
-0.0582083333 0.0330416667 -0.0119140625
-0.0582083333 0.0330416667 0.145507812
-0.0582083333 0.0383125 -0.0119140625
-0.0582083333 0.0383125 0.145507812
-0.0582083333 0.0435833333 -0.0119140625
-0.0582083333 0.0409479167 0.148046875
-0.0608541667 0.0435833333 0.148046875
-0.0582083333 0.0435833333 0.150585937
-0.0582083333 0.0488541667 -0.0119140625
-0.0608541667 0.0488541667 0.148046875
-0.0582083333 0.0488541667 0.150585937
-0.0582083333 0.054125 -0.0119140625
-0.0582083333 0.0514895833 0.148046875
-0.0582083333 0.054125 0.145507812
-0.0582083333 0.0593958333 -0.0119140625
-0.0582083333 0.0593958333 0.145507812
-0.0582083333 0.0646666667 -0.0119140625
-0.0582083333 0.0646666667 0.145507812
-0.0582083333 0.0699375 -0.0119140625
-0.0582083333 0.0699375 0.145507812
-0.0582083333 0.0752083333 -0.0119140625
-0.0582083333 0.0752083333 0.145507812
-0.0582083333 0.0804791667 -0.0119140625
-0.0582083333 0.0804791667 0.145507812
-0.0582083333 0.0831145833 -0.009375
-0.0582083333 0.08575 -0.0068359375
-0.0582083333 0.0831145833 0.14296875
-0.0582083333 0.08575 0.140429687
-0.0582083333 0.0883854167 -0.004296875
-0.0582083333 0.0910208333 -0.0017578125
-0.0582083333 0.0910208333 0.140429687
-0.0582083333 0.0962916667 -0.0017578125
-0.0582083333 0.0962916667 0.140429687
-0.0582083333 0.0989270833 0.00078125
-0.0582083333 0.0989270833 0.005859375
-0.0582083333 0.0989270833 0.0109375
-0.0582083333 0.0989270833 0.016015625
-0.0582083333 0.0989270833 0.02109375
-0.0582083333 0.0989270833 0.026171875
-0.0582083333 0.0989270833 0.03125
-0.0582083333 0.0989270833 0.036328125
-0.0582083333 0.0989270833 0.04140625
-0.0582083333 0.0989270833 0.046484375
-0.0582083333 0.0989270833 0.0515625
-0.0582083333 0.0989270833 0.056640625
-0.0582083333 0.0989270833 0.06171875
-0.0582083333 0.0989270833 0.066796875
-0.0582083333 0.0989270833 0.071875
-0.0582083333 0.0989270833 0.076953125
-0.0582083333 0.0989270833 0.08203125
-0.0582083333 0.0989270833 0.087109375
-0.0582083333 0.0989270833 0.0921875
-0.0582083333 0.0989270833 0.097265625
-0.0582083333 0.0989270833 0.10234375
-0.0582083333 0.0989270833 0.107421875
-0.0582083333 0.0989270833 0.1125
-0.0582083333 0.0989270833 0.117578125
-0.0582083333 0.0989270833 0.12265625
-0.0582083333 0.0989270833 0.127734375
-0.0582083333 0.0989270833 0.1328125
-0.0582083333 0.0989270833 0.137890625
-0.0529166667 -0.0565625 -0.0017578125
-0.0529166667 -0.0591979167 0.00078125
-0.0529166667 -0.0591979167 0.005859375
-0.0529166667 -0.0591979167 0.0109375
-0.0529166667 -0.0591979167 0.016015625
-0.0529166667 -0.0591979167 0.02109375
-0.0529166667 -0.0591979167 0.026171875
-0.0529166667 -0.0591979167 0.03125
-0.0529166667 -0.0591979167 0.036328125
-0.0529166667 -0.0591979167 0.04140625
-0.0529166667 -0.0591979167 0.046484375
-0.0529166667 -0.0591979167 0.0515625
-0.0529166667 -0.0591979167 0.056640625
-0.0529166667 -0.0591979167 0.06171875
-0.0529166667 -0.0591979167 0.066796875
-0.0529166667 -0.0591979167 0.071875
-0.0529166667 -0.0591979167 0.076953125
-0.0529166667 -0.0591979167 0.08203125
-0.0529166667 -0.0591979167 0.087109375
-0.0529166667 -0.0591979167 0.0921875
-0.0529166667 -0.0591979167 0.097265625
-0.0529166667 -0.0591979167 0.10234375
-0.0529166667 -0.0591979167 0.107421875
-0.0529166667 -0.0591979167 0.1125
-0.0529166667 -0.0591979167 0.117578125
-0.0529166667 -0.0591979167 0.12265625
-0.0529166667 -0.0591979167 0.127734375
-0.0529166667 -0.0591979167 0.1328125
-0.0529166667 -0.0591979167 0.137890625
-0.0555625 -0.0565625 0.137890625
-0.0529166667 -0.0565625 0.140429687
-0.0555625 -0.0512916667 -0.004296875
-0.0529166667 -0.0512916667 -0.0017578125
-0.0529166667 -0.0512916667 0.140429687
-0.0555625 -0.0512916667 0.14296875
-0.0529166667 -0.0460208333 -0.0068359375
-0.0529166667 -0.04865625 -0.004296875
-0.0529166667 -0.04865625 0.14296875
-0.0529166667 -0.0460208333 0.145507812
-0.0529166667 -0.04075 -0.0119140625
-0.0529166667 -0.0433854167 -0.009375
-0.0529166667 -0.04075 0.145507812
-0.0529166667 -0.0354791667 -0.0119140625
-0.0529166667 -0.0354791667 0.145507812
-0.0555625 -0.0302083333 -0.014453125
-0.0529166667 -0.0302083333 -0.0169921875
-0.0529166667 -0.03284375 -0.014453125
-0.0529166667 -0.03284375 0.148046875
-0.0555625 -0.0302083333 0.148046875
-0.0529166667 -0.0302083333 0.150585937
-0.0555625 -0.0249375 -0.014453125
-0.0529166667 -0.0249375 -0.0169921875
-0.0529166667 -0.0249375 0.150585937
-0.0555625 -0.0196666667 -0.014453125
-0.0529166667 -0.0196666667 -0.0169921875
-0.0555625 -0.0196666667 0.148046875
-0.0529166667 -0.0196666667 0.150585937
-0.0555625 -0.0143958333 -0.014453125
-0.0529166667 -0.0143958333 -0.0169921875
-0.0529166667 -0.0143958333 0.150585937
-0.0555625 -0.009125 -0.014453125
-0.0529166667 -0.009125 -0.0169921875
-0.0529166667 -0.009125 0.150585937
-0.0555625 -0.00385416667 -0.014453125
-0.0529166667 -0.00385416667 -0.0169921875
-0.0555625 -0.00385416667 0.148046875
-0.0529166667 -0.00385416667 0.150585937
-0.0555625 0.00141666667 -0.014453125
-0.0529166667 0.00141666667 -0.0169921875
-0.0555625 0.00141666667 0.148046875
-0.0529166667 0.00141666667 0.150585937
-0.0555625 0.0066875 -0.014453125
-0.0529166667 0.0066875 -0.0169921875
-0.0529166667 0.0066875 0.150585937
-0.0555625 0.0119583333 -0.014453125
-0.0529166667 0.0119583333 -0.0169921875
-0.0529166667 0.0119583333 0.150585937
-0.0555625 0.0172291667 -0.014453125
-0.0529166667 0.0172291667 -0.0169921875
-0.0529166667 0.0172291667 0.150585937
-0.0555625 0.0225 -0.014453125
-0.0529166667 0.0225 -0.0169921875
-0.0555625 0.0225 0.148046875
-0.0529166667 0.0225 0.150585937
-0.0555625 0.0277708333 -0.014453125
-0.0529166667 0.0277708333 -0.0169921875
-0.0555625 0.0277708333 0.148046875
-0.0529166667 0.0277708333 0.150585937
-0.0555625 0.0330416667 -0.014453125
-0.0529166667 0.0330416667 -0.0169921875
-0.0555625 0.0330416667 0.148046875
-0.0529166667 0.0330416667 0.150585937
-0.0555625 0.0383125 -0.014453125
-0.0529166667 0.0383125 -0.0169921875
-0.0555625 0.0383125 0.148046875
-0.0529166667 0.0383125 0.150585937
-0.0555625 0.0435833333 -0.014453125
-0.0529166667 0.0435833333 -0.0169921875
-0.0529166667 0.0435833333 0.150585937
-0.0555625 0.0488541667 -0.014453125
-0.0529166667 0.0488541667 -0.0169921875
-0.0529166667 0.0488541667 0.150585937
-0.0555625 0.054125 -0.014453125
-0.0529166667 0.054125 -0.0169921875
-0.0529166667 0.0514895833 0.148046875
-0.0529166667 0.054125 0.145507812
-0.0555625 0.0593958333 -0.014453125
-0.0529166667 0.0593958333 -0.0169921875
-0.0529166667 0.0567604167 0.148046875
-0.0555625 0.0593958333 0.148046875
-0.0529166667 0.0593958333 0.150585937
-0.0555625 0.0646666667 -0.014453125
-0.0529166667 0.0646666667 -0.0169921875
-0.0555625 0.0646666667 0.148046875
-0.0529166667 0.0646666667 0.150585937
-0.0555625 0.0699375 -0.014453125
-0.0529166667 0.0699375 -0.0169921875
-0.0555625 0.0699375 0.148046875
-0.0529166667 0.0699375 0.150585937
-0.0529166667 0.0725729167 -0.014453125
-0.0529166667 0.0752083333 -0.0119140625
-0.0529166667 0.0725729167 0.148046875
-0.0529166667 0.0752083333 0.145507812
-0.0529166667 0.0804791667 -0.0119140625
-0.0529166667 0.0804791667 0.145507812
-0.0529166667 0.0831145833 -0.009375
-0.0529166667 0.08575 -0.0068359375
-0.0555625 0.08575 0.14296875
-0.0529166667 0.08575 0.145507812
-0.0529166667 0.0883854167 -0.004296875
-0.0529166667 0.0910208333 -0.0017578125
-0.0529166667 0.0883854167 0.14296875
-0.0529166667 0.0910208333 0.140429687
-0.0529166667 0.0962916667 -0.0017578125
-0.0529166667 0.0962916667 0.140429687
-0.0529166667 0.0989270833 0.00078125
-0.0529166667 0.0989270833 0.005859375
-0.0529166667 0.0989270833 0.0109375
-0.0529166667 0.0989270833 0.016015625
-0.0529166667 0.0989270833 0.02109375
-0.0529166667 0.0989270833 0.026171875
-0.0529166667 0.0989270833 0.03125
-0.0529166667 0.0989270833 0.036328125
-0.0529166667 0.0989270833 0.04140625
-0.0529166667 0.0989270833 0.046484375
-0.0529166667 0.0989270833 0.0515625
-0.0529166667 0.0989270833 0.056640625
-0.0529166667 0.0989270833 0.06171875
-0.0529166667 0.0989270833 0.066796875
-0.0529166667 0.0989270833 0.071875
-0.0529166667 0.0989270833 0.076953125
-0.0529166667 0.0989270833 0.08203125
-0.0529166667 0.0989270833 0.087109375
-0.0529166667 0.0989270833 0.0921875
-0.0529166667 0.0989270833 0.097265625
-0.0529166667 0.0989270833 0.10234375
-0.0529166667 0.0989270833 0.107421875
-0.0529166667 0.0989270833 0.1125
-0.0529166667 0.0989270833 0.117578125
-0.0529166667 0.0989270833 0.12265625
-0.0529166667 0.0989270833 0.127734375
-0.0529166667 0.0989270833 0.1328125
-0.0529166667 0.0989270833 0.137890625
-0.0502708333 -0.0618333333 0.03125
-0.047625 -0.0618333333 0.0287109375
-0.047625 -0.06446875 0.03125
-0.047625 -0.0618333333 0.0337890625
-0.047625 -0.0565625 -0.0017578125
-0.047625 -0.0591979167 0.00078125
-0.047625 -0.0591979167 0.005859375
-0.047625 -0.0591979167 0.0109375
-0.047625 -0.0591979167 0.016015625
-0.047625 -0.0591979167 0.02109375
-0.047625 -0.0591979167 0.026171875
-0.047625 -0.0591979167 0.036328125
-0.047625 -0.0591979167 0.04140625
-0.047625 -0.0591979167 0.046484375
-0.047625 -0.0591979167 0.0515625
-0.047625 -0.0591979167 0.056640625
-0.047625 -0.0591979167 0.06171875
-0.047625 -0.0591979167 0.066796875
-0.047625 -0.0591979167 0.071875
-0.047625 -0.0591979167 0.076953125
-0.047625 -0.0591979167 0.08203125
-0.047625 -0.0591979167 0.087109375
-0.047625 -0.0591979167 0.0921875
-0.047625 -0.0591979167 0.097265625
-0.047625 -0.0591979167 0.10234375
-0.047625 -0.0591979167 0.107421875
-0.047625 -0.0591979167 0.1125
-0.047625 -0.0591979167 0.117578125
-0.047625 -0.0591979167 0.12265625
-0.047625 -0.0591979167 0.127734375
-0.047625 -0.0591979167 0.1328125
-0.047625 -0.0591979167 0.137890625
-0.047625 -0.0565625 0.140429687
-0.047625 -0.0512916667 -0.0017578125
-0.047625 -0.0512916667 0.140429687
-0.047625 -0.0460208333 -0.0068359375
-0.047625 -0.04865625 -0.004296875
-0.047625 -0.04865625 0.14296875
-0.047625 -0.0460208333 0.145507812
-0.0502708333 -0.04075 -0.009375
-0.047625 -0.04075 -0.0068359375
-0.047625 -0.04075 0.145507812
-0.047625 -0.0354791667 -0.0119140625
-0.047625 -0.0381145833 -0.009375
-0.047625 -0.0354791667 0.145507812
-0.047625 -0.0302083333 -0.0169921875
-0.047625 -0.03284375 -0.014453125
-0.047625 -0.03284375 0.148046875
-0.047625 -0.0302083333 0.150585937
-0.047625 -0.0249375 -0.0169921875
-0.047625 -0.0249375 0.150585937
-0.047625 -0.0196666667 -0.0169921875
-0.047625 -0.0196666667 0.150585937
-0.047625 -0.0143958333 -0.0169921875
-0.047625 -0.0143958333 0.150585937
-0.047625 -0.009125 -0.0169921875
-0.047625 -0.009125 0.150585937
-0.047625 -0.00385416667 -0.0169921875
-0.047625 -0.00385416667 0.150585937
-0.047625 0.00141666667 -0.0169921875
-0.047625 0.00141666667 0.150585937
-0.047625 0.0066875 -0.0169921875
-0.047625 0.0066875 0.150585937
-0.047625 0.0119583333 -0.0169921875
-0.047625 0.0119583333 0.150585937
-0.047625 0.0172291667 -0.0169921875
-0.047625 0.0172291667 0.150585937
-0.047625 0.0225 -0.0169921875
-0.047625 0.0225 0.150585937
-0.047625 0.0277708333 -0.0169921875
-0.047625 0.0277708333 0.150585937
-0.047625 0.0330416667 -0.0169921875
-0.047625 0.0330416667 0.150585937
-0.047625 0.0383125 -0.0169921875
-0.047625 0.0383125 0.150585937
-0.047625 0.0435833333 -0.0169921875
-0.047625 0.0435833333 0.150585937
-0.047625 0.0488541667 -0.0169921875
-0.047625 0.0488541667 0.150585937
-0.047625 0.054125 -0.0169921875
-0.0502708333 0.054125 0.148046875
-0.047625 0.054125 0.150585937
-0.047625 0.0593958333 -0.0169921875
-0.047625 0.0593958333 0.150585937
-0.047625 0.0646666667 -0.0169921875
-0.047625 0.0646666667 0.150585937
-0.047625 0.0699375 -0.0169921875
-0.047625 0.0699375 0.150585937
-0.047625 0.0725729167 -0.014453125
-0.047625 0.0752083333 -0.0119140625
-0.047625 0.0725729167 0.148046875
-0.047625 0.0752083333 0.145507812
-0.047625 0.0804791667 -0.0119140625
-0.047625 0.0804791667 0.145507812
-0.047625 0.0831145833 -0.009375
-0.047625 0.08575 -0.0068359375
-0.047625 0.08575 0.145507812
-0.047625 0.0883854167 -0.004296875
-0.047625 0.0910208333 -0.0017578125
-0.0502708333 0.0910208333 0.14296875
-0.047625 0.0910208333 0.145507812
-0.047625 0.0962916667 -0.0017578125
-0.047625 0.09365625 0.14296875
-0.047625 0.0962916667 0.140429687
-0.047625 0.0989270833 0.00078125
-0.047625 0.0989270833 0.005859375
-0.047625 0.0989270833 0.0109375
-0.047625 0.0989270833 0.016015625
-0.047625 0.0989270833 0.02109375
-0.047625 0.0989270833 0.026171875
-0.047625 0.0989270833 0.03125
-0.047625 0.0989270833 0.036328125
-0.047625 0.0989270833 0.04140625
-0.047625 0.0989270833 0.046484375
-0.047625 0.0989270833 0.0515625
-0.047625 0.0989270833 0.056640625
-0.0502708333 0.1015625 0.06171875
-0.047625 0.1015625 0.0591796875
-0.047625 0.1015625 0.0642578125
-0.047625 0.0989270833 0.066796875
-0.047625 0.0989270833 0.071875
-0.047625 0.0989270833 0.076953125
-0.047625 0.0989270833 0.08203125
-0.047625 0.0989270833 0.087109375
-0.047625 0.0989270833 0.0921875
-0.047625 0.0989270833 0.097265625
-0.047625 0.0989270833 0.10234375
-0.047625 0.0989270833 0.107421875
-0.047625 0.0989270833 0.1125
-0.0502708333 0.1015625 0.117578125
-0.047625 0.1015625 0.115039062
-0.047625 0.1015625 0.120117187
-0.047625 0.0989270833 0.12265625
-0.047625 0.0989270833 0.127734375
-0.047625 0.0989270833 0.1328125
-0.047625 0.0989270833 0.137890625
-0.047625 0.104197917 0.06171875
-0.047625 0.104197917 0.117578125
-0.0449791667 -0.0618333333 0.026171875
-0.0423333333 -0.0618333333 0.0236328125
-0.0423333333 -0.06446875 0.026171875
-0.0423333333 -0.06446875 0.03125
-0.0423333333 -0.06446875 0.036328125
-0.0449791667 -0.0618333333 0.036328125
-0.0423333333 -0.06446875 0.04140625
-0.0449791667 -0.0618333333 0.04140625
-0.0423333333 -0.06446875 0.046484375
-0.0449791667 -0.0618333333 0.046484375
-0.0423333333 -0.0618333333 0.0490234375
-0.0449791667 -0.0618333333 0.12265625
-0.0423333333 -0.0618333333 0.120117187
-0.0423333333 -0.06446875 0.12265625
-0.0423333333 -0.06446875 0.127734375
-0.0449791667 -0.0618333333 0.127734375
-0.0423333333 -0.0618333333 0.130273437
-0.0423333333 -0.0565625 -0.0017578125
-0.0423333333 -0.0591979167 0.00078125
-0.0423333333 -0.0591979167 0.005859375
-0.0423333333 -0.0591979167 0.0109375
-0.0423333333 -0.0591979167 0.016015625
-0.0423333333 -0.0591979167 0.02109375
-0.0423333333 -0.0591979167 0.0515625
-0.0423333333 -0.0591979167 0.056640625
-0.0423333333 -0.0591979167 0.06171875
-0.0423333333 -0.0591979167 0.066796875
-0.0423333333 -0.0591979167 0.071875
-0.0423333333 -0.0591979167 0.076953125
-0.0423333333 -0.0591979167 0.08203125
-0.0423333333 -0.0591979167 0.087109375
-0.0423333333 -0.0591979167 0.0921875
-0.0423333333 -0.0591979167 0.097265625
-0.0423333333 -0.0591979167 0.10234375
-0.0423333333 -0.0591979167 0.107421875
-0.0423333333 -0.0591979167 0.1125
-0.0423333333 -0.0591979167 0.117578125
-0.0423333333 -0.0591979167 0.1328125
-0.0423333333 -0.0591979167 0.137890625
-0.0423333333 -0.0565625 0.140429687
-0.0449791667 -0.0512916667 -0.004296875
-0.0423333333 -0.0512916667 -0.0068359375
-0.0423333333 -0.0539270833 -0.004296875
-0.0423333333 -0.0512916667 0.140429687
-0.0423333333 -0.0460208333 -0.0068359375
-0.0423333333 -0.04865625 0.14296875
-0.0423333333 -0.0460208333 0.145507812
-0.0449791667 -0.04075 -0.009375
-0.0423333333 -0.04075 -0.0119140625
-0.0423333333 -0.0433854167 -0.009375
-0.0423333333 -0.04075 0.145507812
-0.0423333333 -0.0354791667 -0.0119140625
-0.0423333333 -0.0354791667 0.145507812
-0.0449791667 -0.0302083333 -0.014453125
-0.0423333333 -0.0302083333 -0.0119140625
-0.0423333333 -0.03284375 0.148046875
-0.0423333333 -0.0302083333 0.150585937
-0.0423333333 -0.0249375 -0.0169921875
-0.0423333333 -0.0275729167 -0.014453125
-0.0423333333 -0.0249375 0.150585937
-0.0423333333 -0.0196666667 -0.0169921875
-0.0423333333 -0.0196666667 0.150585937
-0.0449791667 -0.0143958333 -0.01953125
-0.0423333333 -0.0143958333 -0.0220703125
-0.0423333333 -0.01703125 -0.01953125
-0.0423333333 -0.01703125 0.153125
-0.0449791667 -0.0143958333 0.153125
-0.0423333333 -0.0143958333 0.155664062
-0.0449791667 -0.009125 -0.01953125
-0.0423333333 -0.009125 -0.0220703125
-0.0449791667 -0.009125 0.153125
-0.0423333333 -0.009125 0.155664062
-0.0449791667 -0.00385416667 -0.01953125
-0.0423333333 -0.00385416667 -0.0220703125
-0.0449791667 -0.00385416667 0.153125
-0.0423333333 -0.00385416667 0.155664062
-0.0449791667 0.00141666667 -0.01953125
-0.0423333333 0.00141666667 -0.0220703125
-0.0423333333 -0.00121875 0.153125
-0.0423333333 0.00141666667 0.150585937
-0.0449791667 0.0066875 -0.01953125
-0.0423333333 0.0066875 -0.0220703125
-0.0423333333 0.0066875 0.150585937
-0.0449791667 0.0119583333 -0.01953125
-0.0423333333 0.0119583333 -0.0220703125
-0.0423333333 0.0119583333 0.150585937
-0.0449791667 0.0172291667 -0.01953125
-0.0423333333 0.0172291667 -0.0220703125
-0.0423333333 0.01459375 0.153125
-0.0449791667 0.0172291667 0.153125
-0.0423333333 0.0172291667 0.155664062
-0.0449791667 0.0225 -0.01953125
-0.0423333333 0.0225 -0.0220703125
-0.0449791667 0.0225 0.153125
-0.0423333333 0.0225 0.155664062
-0.0449791667 0.0277708333 -0.01953125
-0.0423333333 0.0277708333 -0.0220703125
-0.0423333333 0.0251354167 0.153125
-0.0423333333 0.0277708333 0.150585937
-0.0449791667 0.0330416667 -0.01953125
-0.0423333333 0.0330416667 -0.0220703125
-0.0423333333 0.0330416667 0.150585937
-0.0449791667 0.0383125 -0.01953125
-0.0423333333 0.0383125 -0.0220703125
-0.0423333333 0.0383125 0.150585937
-0.0449791667 0.0435833333 -0.01953125
-0.0423333333 0.0435833333 -0.0220703125
-0.0423333333 0.0435833333 0.150585937
-0.0449791667 0.0488541667 -0.01953125
-0.0423333333 0.0488541667 -0.0220703125
-0.0423333333 0.0488541667 0.150585937
-0.0449791667 0.054125 -0.01953125
-0.0423333333 0.054125 -0.0220703125
-0.0423333333 0.054125 0.150585937
-0.0449791667 0.0593958333 -0.01953125
-0.0423333333 0.0593958333 -0.0220703125
-0.0423333333 0.0593958333 0.150585937
-0.0449791667 0.0646666667 -0.01953125
-0.0423333333 0.0646666667 -0.0220703125
-0.0423333333 0.0646666667 0.150585937
-0.0423333333 0.0673020833 -0.01953125
-0.0423333333 0.0699375 -0.0169921875
-0.0449791667 0.0699375 0.148046875
-0.0423333333 0.0673020833 0.148046875
-0.0423333333 0.0699375 0.145507812
-0.0423333333 0.0725729167 -0.014453125
-0.0423333333 0.0752083333 -0.0119140625
-0.0423333333 0.0752083333 0.145507812
-0.0423333333 0.0804791667 -0.0119140625
-0.0423333333 0.0804791667 0.145507812
-0.0423333333 0.0831145833 -0.009375
-0.0423333333 0.08575 -0.0068359375
-0.0423333333 0.08575 0.145507812
-0.0423333333 0.0883854167 -0.004296875
-0.0423333333 0.0910208333 -0.0017578125
-0.0423333333 0.0910208333 0.145507812
-0.0423333333 0.0962916667 -0.0017578125
-0.0423333333 0.09365625 0.14296875
-0.0423333333 0.0962916667 0.140429687
-0.0423333333 0.0989270833 0.00078125
-0.0423333333 0.0989270833 0.005859375
-0.0449791667 0.1015625 0.0109375
-0.0423333333 0.1015625 0.0083984375
-0.0423333333 0.1015625 0.0134765625
-0.0423333333 0.0989270833 0.016015625
-0.0423333333 0.0989270833 0.02109375
-0.0423333333 0.0989270833 0.026171875
-0.0423333333 0.0989270833 0.03125
-0.0423333333 0.0989270833 0.036328125
-0.0423333333 0.0989270833 0.04140625
-0.0423333333 0.0989270833 0.046484375
-0.0423333333 0.0989270833 0.0515625
-0.0423333333 0.0989270833 0.056640625
-0.0423333333 0.1015625 0.0591796875
-0.0449791667 0.1015625 0.066796875
-0.0449791667 0.1015625 0.071875
-0.0423333333 0.1015625 0.0744140625
-0.0423333333 0.0989270833 0.076953125
-0.0423333333 0.0989270833 0.08203125
-0.0423333333 0.0989270833 0.087109375
-0.0423333333 0.0989270833 0.0921875
-0.0423333333 0.0989270833 0.097265625
-0.0423333333 0.0989270833 0.10234375
-0.0423333333 0.0989270833 0.107421875
-0.0423333333 0.0989270833 0.1125
-0.0423333333 0.1015625 0.115039062
-0.0449791667 0.1015625 0.12265625
-0.0449791667 0.1015625 0.127734375
-0.0423333333 0.1015625 0.130273437
-0.0423333333 0.0989270833 0.1328125
-0.0423333333 0.0989270833 0.137890625
-0.0423333333 0.104197917 0.0109375
-0.0423333333 0.104197917 0.06171875
-0.0423333333 0.104197917 0.066796875
-0.0423333333 0.104197917 0.071875
-0.0423333333 0.104197917 0.117578125
-0.0423333333 0.104197917 0.12265625
-0.0423333333 0.104197917 0.127734375
-0.0370416667 -0.0618333333 0.0236328125
-0.0370416667 -0.06446875 0.026171875
-0.0370416667 -0.06446875 0.03125
-0.0370416667 -0.06446875 0.036328125
-0.0370416667 -0.06446875 0.04140625
-0.0370416667 -0.06446875 0.046484375
-0.0370416667 -0.06446875 0.0515625
-0.0396875 -0.0618333333 0.0515625
-0.0370416667 -0.06446875 0.056640625
-0.0396875 -0.0618333333 0.056640625
-0.0370416667 -0.06446875 0.06171875
-0.0396875 -0.0618333333 0.06171875
-0.0370416667 -0.0618333333 0.0642578125
-0.0396875 -0.0618333333 0.12265625
-0.0396875 -0.0618333333 0.127734375
-0.0370416667 -0.0565625 -0.0017578125
-0.0370416667 -0.0591979167 0.00078125
-0.0370416667 -0.0591979167 0.005859375
-0.0370416667 -0.0591979167 0.0109375
-0.0370416667 -0.0591979167 0.016015625
-0.0370416667 -0.0591979167 0.02109375
-0.0370416667 -0.0591979167 0.066796875
-0.0370416667 -0.0591979167 0.071875
-0.0370416667 -0.0591979167 0.076953125
-0.0370416667 -0.0591979167 0.08203125
-0.0370416667 -0.0591979167 0.087109375
-0.0370416667 -0.0591979167 0.0921875
-0.0370416667 -0.0591979167 0.097265625
-0.0370416667 -0.0591979167 0.10234375
-0.0370416667 -0.0591979167 0.107421875
-0.0370416667 -0.0591979167 0.1125
-0.0370416667 -0.0591979167 0.117578125
-0.0370416667 -0.0591979167 0.12265625
-0.0370416667 -0.0591979167 0.127734375
-0.0370416667 -0.0591979167 0.1328125
-0.0396875 -0.0565625 0.137890625
-0.0370416667 -0.0565625 0.135351562
-0.0370416667 -0.0512916667 -0.0068359375
-0.0370416667 -0.0539270833 -0.004296875
-0.0370416667 -0.0539270833 0.137890625
-0.0370416667 -0.0512916667 0.140429687
-0.0370416667 -0.0460208333 -0.0068359375
-0.0396875 -0.0460208333 0.14296875
-0.0370416667 -0.0460208333 0.140429687
-0.0370416667 -0.04075 -0.0119140625
-0.0370416667 -0.0433854167 -0.009375
-0.0370416667 -0.0433854167 0.14296875
-0.0370416667 -0.04075 0.145507812
-0.0370416667 -0.0354791667 -0.0119140625
-0.0370416667 -0.0354791667 0.145507812
-0.0396875 -0.0302083333 -0.014453125
-0.0370416667 -0.0302083333 -0.0169921875
-0.0370416667 -0.03284375 -0.014453125
-0.0370416667 -0.03284375 0.148046875
-0.0370416667 -0.0302083333 0.150585937
-0.0370416667 -0.0249375 -0.0169921875
-0.0370416667 -0.0249375 0.150585937
-0.0396875 -0.0196666667 -0.01953125
-0.0370416667 -0.0196666667 -0.0220703125
-0.0370416667 -0.0223020833 -0.01953125
-0.0370416667 -0.0196666667 0.150585937
-0.0370416667 -0.0143958333 -0.0220703125
-0.0396875 -0.0143958333 0.153125
-0.0370416667 -0.0143958333 0.150585937
-0.0370416667 -0.009125 -0.0220703125
-0.0370416667 -0.0117604167 0.153125
-0.0370416667 -0.009125 0.155664062
-0.0370416667 -0.00385416667 -0.0220703125
-0.0370416667 -0.00385416667 0.155664062
-0.0370416667 0.00141666667 -0.0220703125
-0.0396875 0.00141666667 0.153125
-0.0370416667 0.00141666667 0.155664062
-0.0370416667 0.0066875 -0.0220703125
-0.0396875 0.0066875 0.153125
-0.0370416667 0.0066875 0.155664062
-0.0370416667 0.0119583333 -0.0220703125
-0.0396875 0.0119583333 0.153125
-0.0370416667 0.0119583333 0.155664062
-0.0370416667 0.0172291667 -0.0220703125
-0.0370416667 0.0172291667 0.155664062
-0.0370416667 0.0225 -0.0220703125
-0.0370416667 0.0225 0.155664062
-0.0370416667 0.0277708333 -0.0220703125
-0.0396875 0.0277708333 0.153125
-0.0370416667 0.0277708333 0.155664062
-0.0370416667 0.0330416667 -0.0220703125
-0.0396875 0.0330416667 0.153125
-0.0370416667 0.0330416667 0.155664062
-0.0370416667 0.0383125 -0.0220703125
-0.0396875 0.0383125 0.153125
-0.0370416667 0.0383125 0.155664062
-0.0370416667 0.0435833333 -0.0220703125
-0.0370416667 0.0409479167 0.153125
-0.0370416667 0.0435833333 0.150585937
-0.0370416667 0.0488541667 -0.0220703125
-0.0370416667 0.0488541667 0.150585937
-0.0370416667 0.054125 -0.0220703125
-0.0370416667 0.054125 0.150585937
-0.0370416667 0.0593958333 -0.0220703125
-0.0370416667 0.0593958333 0.150585937
-0.0370416667 0.0646666667 -0.0220703125
-0.0370416667 0.0646666667 0.150585937
-0.0396875 0.0699375 -0.01953125
-0.0370416667 0.0699375 -0.0220703125
-0.0370416667 0.0673020833 0.148046875
-0.0370416667 0.0699375 0.145507812
-0.0370416667 0.0725729167 -0.01953125
-0.0396875 0.0752083333 -0.014453125
-0.0370416667 0.0752083333 -0.0169921875
-0.0370416667 0.0752083333 0.145507812
-0.0370416667 0.07784375 -0.014453125
-0.0370416667 0.0804791667 -0.0119140625
-0.0370416667 0.0804791667 0.145507812
-0.0370416667 0.0831145833 -0.009375
-0.0370416667 0.08575 -0.0068359375
-0.0370416667 0.08575 0.145507812
-0.0396875 0.0910208333 -0.004296875
-0.0370416667 0.0910208333 -0.0068359375
-0.0396875 0.0910208333 0.14296875
-0.0370416667 0.0883854167 0.14296875
-0.0370416667 0.0910208333 0.140429687
-0.0370416667 0.09365625 -0.004296875
-0.0370416667 0.0962916667 -0.0017578125
-0.0370416667 0.0962916667 0.140429687
-0.0370416667 0.0989270833 0.00078125
-0.0370416667 0.0989270833 0.005859375
-0.0370416667 0.1015625 0.0083984375
-0.0396875 0.1015625 0.016015625
-0.0396875 0.1015625 0.02109375
-0.0370416667 0.1015625 0.0236328125
-0.0370416667 0.0989270833 0.026171875
-0.0370416667 0.0989270833 0.03125
-0.0370416667 0.0989270833 0.036328125
-0.0370416667 0.0989270833 0.04140625
-0.0370416667 0.0989270833 0.046484375
-0.0370416667 0.0989270833 0.0515625
-0.0396875 0.1015625 0.056640625
-0.0370416667 0.1015625 0.0541015625
-0.0396875 0.1015625 0.076953125
-0.0370416667 0.1015625 0.0794921875
-0.0370416667 0.0989270833 0.08203125
-0.0370416667 0.0989270833 0.087109375
-0.0370416667 0.0989270833 0.0921875
-0.0370416667 0.0989270833 0.097265625
-0.0370416667 0.0989270833 0.10234375
-0.0370416667 0.0989270833 0.107421875
-0.0396875 0.1015625 0.1125
-0.0370416667 0.1015625 0.109960937
-0.0396875 0.1015625 0.127734375
-0.0370416667 0.0989270833 0.127734375
-0.0370416667 0.1015625 0.125195312
-0.0370416667 0.0989270833 0.1328125
-0.0370416667 0.0989270833 0.137890625
-0.0370416667 0.104197917 0.0109375
-0.0370416667 0.104197917 0.016015625
-0.0370416667 0.104197917 0.02109375
-0.0370416667 0.104197917 0.056640625
-0.0370416667 0.104197917 0.06171875
-0.0370416667 0.104197917 0.066796875
-0.0370416667 0.104197917 0.071875
-0.0370416667 0.104197917 0.076953125
-0.0370416667 0.104197917 0.1125
-0.0370416667 0.104197917 0.117578125
-0.0370416667 0.104197917 0.12265625
-0.0343958333 -0.0618333333 0.02109375
-0.03175 -0.0618333333 0.0185546875
-0.03175 -0.06446875 0.02109375
-0.03175 -0.06446875 0.026171875
-0.03175 -0.06446875 0.03125
-0.03175 -0.06446875 0.036328125
-0.03175 -0.06446875 0.04140625
-0.03175 -0.06446875 0.046484375
-0.03175 -0.06446875 0.0515625
-0.03175 -0.06446875 0.056640625
-0.03175 -0.06446875 0.06171875
-0.03175 -0.06446875 0.066796875
-0.0343958333 -0.0618333333 0.066796875
-0.03175 -0.06446875 0.071875
-0.0343958333 -0.0618333333 0.071875
-0.03175 -0.06446875 0.076953125
-0.0343958333 -0.0618333333 0.076953125
-0.03175 -0.0618333333 0.0794921875
-0.03175 -0.0565625 -0.0017578125
-0.03175 -0.0591979167 0.00078125
-0.03175 -0.0591979167 0.005859375
-0.03175 -0.0591979167 0.0109375
-0.03175 -0.0591979167 0.016015625
-0.03175 -0.0591979167 0.08203125
-0.03175 -0.0591979167 0.087109375
-0.03175 -0.0591979167 0.0921875
-0.03175 -0.0591979167 0.097265625
-0.03175 -0.0591979167 0.10234375
-0.03175 -0.0591979167 0.107421875
-0.03175 -0.0591979167 0.1125
-0.03175 -0.0591979167 0.117578125
-0.03175 -0.0591979167 0.12265625
-0.03175 -0.0591979167 0.127734375
-0.03175 -0.0591979167 0.1328125
-0.03175 -0.0565625 0.135351562
-0.03175 -0.0512916667 -0.0068359375
-0.03175 -0.0539270833 -0.004296875
-0.03175 -0.0539270833 0.137890625
-0.03175 -0.0512916667 0.140429687
-0.03175 -0.0460208333 -0.0068359375
-0.03175 -0.0460208333 0.140429687
-0.03175 -0.04075 -0.0119140625
-0.03175 -0.0433854167 -0.009375
-0.03175 -0.0433854167 0.14296875
-0.03175 -0.04075 0.145507812
-0.03175 -0.0354791667 -0.0119140625
-0.03175 -0.0354791667 0.145507812
-0.03175 -0.0302083333 -0.0169921875
-0.03175 -0.03284375 -0.014453125
-0.0343958333 -0.0302083333 0.148046875
-0.03175 -0.0302083333 0.145507812
-0.03175 -0.0249375 -0.0169921875
-0.03175 -0.0275729167 0.148046875
-0.03175 -0.0249375 0.150585937
-0.03175 -0.0196666667 -0.0220703125
-0.03175 -0.0223020833 -0.01953125
-0.03175 -0.0196666667 0.150585937
-0.03175 -0.0143958333 -0.0220703125
-0.03175 -0.01703125 0.153125
-0.0343958333 -0.0143958333 0.153125
-0.03175 -0.0143958333 0.155664062
-0.0343958333 -0.009125 -0.024609375
-0.03175 -0.009125 -0.0271484375
-0.03175 -0.0117604167 -0.024609375
-0.03175 -0.009125 0.155664062
-0.0343958333 -0.00385416667 -0.024609375
-0.03175 -0.00385416667 -0.0271484375
-0.03175 -0.00385416667 0.155664062
-0.0343958333 0.00141666667 -0.024609375
-0.03175 0.00141666667 -0.0271484375
-0.03175 0.00141666667 0.155664062
-0.0343958333 0.0066875 -0.024609375
-0.03175 0.0066875 -0.0271484375
-0.03175 0.0066875 0.155664062
-0.0343958333 0.0119583333 -0.024609375
-0.03175 0.0119583333 -0.0271484375
-0.03175 0.0119583333 0.155664062
-0.0343958333 0.0172291667 -0.024609375
-0.03175 0.0172291667 -0.0271484375
-0.03175 0.0172291667 0.155664062
-0.0343958333 0.0225 -0.024609375
-0.03175 0.0225 -0.0271484375
-0.03175 0.0225 0.155664062
-0.0343958333 0.0277708333 -0.024609375
-0.03175 0.0277708333 -0.0271484375
-0.03175 0.0277708333 0.155664062
-0.0343958333 0.0330416667 -0.024609375
-0.03175 0.0330416667 -0.0271484375
-0.03175 0.0330416667 0.155664062
-0.0343958333 0.0383125 -0.024609375
-0.03175 0.0383125 -0.0271484375
-0.0343958333 0.0383125 0.153125
-0.03175 0.0356770833 0.153125
-0.03175 0.0383125 0.150585937
-0.0343958333 0.0435833333 -0.024609375
-0.03175 0.0435833333 -0.0271484375
-0.03175 0.0435833333 0.150585937
-0.0343958333 0.0488541667 -0.024609375
-0.03175 0.0488541667 -0.0271484375
-0.03175 0.0488541667 0.150585937
-0.0343958333 0.054125 -0.024609375
-0.03175 0.054125 -0.0271484375
-0.03175 0.054125 0.150585937
-0.03175 0.0567604167 -0.024609375
-0.03175 0.0593958333 -0.0220703125
-0.03175 0.0593958333 0.150585937
-0.03175 0.0646666667 -0.0220703125
-0.0343958333 0.0646666667 0.148046875
-0.03175 0.06203125 0.148046875
-0.03175 0.0646666667 0.145507812
-0.03175 0.0673020833 -0.01953125
-0.0343958333 0.0699375 -0.01953125
-0.03175 0.0699375 -0.0169921875
-0.03175 0.0699375 0.145507812
-0.03175 0.0752083333 -0.0169921875
-0.03175 0.0752083333 0.145507812
-0.03175 0.07784375 -0.014453125
-0.03175 0.0804791667 -0.0119140625
-0.03175 0.0804791667 0.145507812
-0.03175 0.0831145833 -0.009375
-0.03175 0.08575 -0.0068359375
-0.03175 0.08575 0.145507812
-0.03175 0.0910208333 -0.0068359375
-0.03175 0.0883854167 0.14296875
-0.03175 0.0910208333 0.140429687
-0.03175 0.09365625 -0.004296875
-0.03175 0.0962916667 -0.0017578125
-0.03175 0.0962916667 0.140429687
-0.03175 0.0989270833 0.00078125
-0.03175 0.0989270833 0.005859375
-0.03175 0.1015625 0.0083984375
-0.0343958333 0.1015625 0.026171875
-0.0343958333 0.1015625 0.03125
-0.03175 0.1015625 0.0337890625
-0.03175 0.0989270833 0.036328125
-0.03175 0.0989270833 0.04140625
-0.03175 0.0989270833 0.046484375
-0.03175 0.0989270833 0.0515625
-0.03175 0.1015625 0.0541015625
-0.0343958333 0.1015625 0.08203125
-0.0343958333 0.1015625 0.087109375
-0.03175 0.1015625 0.0896484375
-0.03175 0.0989270833 0.0921875
-0.03175 0.0989270833 0.097265625
-0.03175 0.0989270833 0.10234375
-0.03175 0.0989270833 0.107421875
-0.03175 0.1015625 0.109960937
-0.0343958333 0.1015625 0.12265625
-0.03175 0.0989270833 0.12265625
-0.03175 0.1015625 0.120117187
-0.03175 0.0989270833 0.127734375
-0.03175 0.0989270833 0.1328125
-0.03175 0.0989270833 0.137890625
-0.03175 0.104197917 0.0109375
-0.03175 0.104197917 0.016015625
-0.03175 0.104197917 0.02109375
-0.03175 0.104197917 0.026171875
-0.03175 0.104197917 0.03125
-0.03175 0.104197917 0.056640625
-0.03175 0.104197917 0.06171875
-0.03175 0.104197917 0.066796875
-0.03175 0.104197917 0.071875
-0.03175 0.104197917 0.076953125
-0.03175 0.104197917 0.08203125
-0.03175 0.104197917 0.087109375
-0.03175 0.104197917 0.1125
-0.03175 0.104197917 0.117578125
-0.0264583333 -0.0618333333 0.0185546875
-0.0264583333 -0.06446875 0.02109375
-0.0264583333 -0.06446875 0.026171875
-0.0264583333 -0.06446875 0.03125
-0.0264583333 -0.06446875 0.036328125
-0.0264583333 -0.06446875 0.04140625
-0.0264583333 -0.06446875 0.046484375
-0.0264583333 -0.06446875 0.0515625
-0.0264583333 -0.06446875 0.056640625
-0.0264583333 -0.06446875 0.06171875
-0.0264583333 -0.06446875 0.066796875
-0.0264583333 -0.06446875 0.071875
-0.0264583333 -0.06446875 0.076953125
-0.0264583333 -0.06446875 0.08203125
-0.0291041667 -0.0618333333 0.08203125
-0.0264583333 -0.06446875 0.087109375
-0.0291041667 -0.0618333333 0.087109375
-0.0264583333 -0.06446875 0.0921875
-0.0291041667 -0.0618333333 0.0921875
-0.0264583333 -0.0618333333 0.0947265625
-0.0264583333 -0.0565625 -0.0017578125
-0.0264583333 -0.0591979167 0.00078125
-0.0264583333 -0.0591979167 0.005859375
-0.0264583333 -0.0591979167 0.0109375
-0.0264583333 -0.0591979167 0.016015625
-0.0264583333 -0.0591979167 0.097265625
-0.0264583333 -0.0591979167 0.10234375
-0.0264583333 -0.0591979167 0.107421875
-0.0264583333 -0.0591979167 0.1125
-0.0264583333 -0.0591979167 0.117578125
-0.0264583333 -0.0591979167 0.12265625
-0.0264583333 -0.0591979167 0.127734375
-0.0264583333 -0.0591979167 0.1328125
-0.0264583333 -0.0591979167 0.137890625
-0.0291041667 -0.0565625 0.137890625
-0.0264583333 -0.0565625 0.140429687
-0.0291041667 -0.0512916667 -0.004296875
-0.0264583333 -0.0512916667 -0.0017578125
-0.0264583333 -0.0512916667 0.140429687
-0.0264583333 -0.0460208333 -0.0068359375
-0.0264583333 -0.04865625 -0.004296875
-0.0264583333 -0.04865625 0.14296875
-0.0291041667 -0.0460208333 0.14296875
-0.0264583333 -0.0460208333 0.145507812
-0.0291041667 -0.04075 -0.009375
-0.0264583333 -0.04075 -0.0068359375
-0.0264583333 -0.04075 0.145507812
-0.0291041667 -0.0354791667 -0.014453125
-0.0264583333 -0.0354791667 -0.0169921875
-0.0264583333 -0.0381145833 -0.014453125
-0.0264583333 -0.0381145833 -0.009375
-0.0264583333 -0.0354791667 0.145507812
-0.0264583333 -0.0302083333 -0.0169921875
-0.0264583333 -0.03284375 0.148046875
-0.0291041667 -0.0302083333 0.148046875
-0.0264583333 -0.0302083333 0.150585937
-0.0264583333 -0.0249375 -0.0169921875
-0.0264583333 -0.0249375 0.150585937
-0.0264583333 -0.0196666667 -0.0220703125
-0.0264583333 -0.0223020833 -0.01953125
-0.0264583333 -0.0196666667 0.150585937
-0.0264583333 -0.0143958333 -0.0220703125
-0.0291041667 -0.0143958333 0.153125
-0.0264583333 -0.0143958333 0.150585937
-0.0264583333 -0.009125 -0.0271484375
-0.0264583333 -0.0117604167 -0.024609375
-0.0264583333 -0.0117604167 0.153125
-0.0264583333 -0.009125 0.155664062
-0.0264583333 -0.00385416667 -0.0271484375
-0.0264583333 -0.00385416667 0.155664062
-0.0291041667 0.00141666667 -0.0296875
-0.0264583333 0.00141666667 -0.0322265625
-0.0264583333 -0.00121875 -0.0296875
-0.0264583333 -0.00121875 0.158203125
-0.0291041667 0.00141666667 0.158203125
-0.0264583333 0.00141666667 0.160742187
-0.0264583333 0.00405208333 -0.0296875
-0.0264583333 0.0066875 -0.0271484375
-0.0264583333 0.00405208333 0.158203125
-0.0264583333 0.0066875 0.155664062
-0.0264583333 0.0119583333 -0.0271484375
-0.0264583333 0.0119583333 0.155664062
-0.0264583333 0.0172291667 -0.0271484375
-0.0264583333 0.0172291667 0.155664062
-0.0264583333 0.0225 -0.0271484375
-0.0264583333 0.0225 0.155664062
-0.0264583333 0.0277708333 -0.0271484375
-0.0264583333 0.0277708333 0.155664062
-0.0264583333 0.0330416667 -0.0271484375
-0.0264583333 0.0330416667 0.155664062
-0.0264583333 0.0383125 -0.0271484375
-0.0264583333 0.0356770833 0.153125
-0.0264583333 0.0383125 0.150585937
-0.0264583333 0.0435833333 -0.0271484375
-0.0264583333 0.0435833333 0.150585937
-0.0264583333 0.0488541667 -0.0271484375
-0.0264583333 0.0488541667 0.150585937
-0.0264583333 0.054125 -0.0271484375
-0.0264583333 0.054125 0.150585937
-0.0291041667 0.0593958333 -0.024609375
-0.0264583333 0.0593958333 -0.0271484375
-0.0264583333 0.0593958333 0.150585937
-0.0264583333 0.06203125 -0.024609375
-0.0264583333 0.0646666667 -0.0220703125
-0.0264583333 0.06203125 0.148046875
-0.0264583333 0.0646666667 0.145507812
-0.0264583333 0.0673020833 -0.01953125
-0.0264583333 0.0699375 -0.0169921875
-0.0264583333 0.0699375 0.145507812
-0.0264583333 0.0752083333 -0.0169921875
-0.0264583333 0.0752083333 0.145507812
-0.0264583333 0.07784375 -0.014453125
-0.0264583333 0.0804791667 -0.0119140625
-0.0264583333 0.0804791667 0.145507812
-0.0264583333 0.0831145833 -0.009375
-0.0264583333 0.08575 -0.0068359375
-0.0264583333 0.08575 0.145507812
-0.0264583333 0.0910208333 -0.0068359375
-0.0264583333 0.0883854167 0.14296875
-0.0264583333 0.0910208333 0.140429687
-0.0264583333 0.09365625 -0.004296875
-0.0291041667 0.0962916667 0.00078125
-0.0264583333 0.09365625 0.00078125
-0.0264583333 0.0962916667 0.0033203125
-0.0264583333 0.0962916667 0.140429687
-0.0264583333 0.0989270833 0.005859375
-0.0264583333 0.1015625 0.0083984375
-0.0291041667 0.1015625 0.036328125
-0.0264583333 0.1015625 0.0388671875
-0.0264583333 0.0989270833 0.04140625
-0.0264583333 0.0989270833 0.046484375
-0.0291041667 0.1015625 0.0515625
-0.0264583333 0.1015625 0.0490234375
-0.0291041667 0.1015625 0.0921875
-0.0291041667 0.1015625 0.097265625
-0.0264583333 0.1015625 0.0998046875
-0.0264583333 0.0989270833 0.10234375
-0.0264583333 0.0989270833 0.107421875
-0.0264583333 0.1015625 0.109960937
-0.0291041667 0.1015625 0.12265625
-0.0264583333 0.1015625 0.125195312
-0.0264583333 0.0989270833 0.127734375
-0.0264583333 0.0989270833 0.1328125
-0.0264583333 0.0989270833 0.137890625
-0.0264583333 0.104197917 0.0109375
-0.0264583333 0.104197917 0.016015625
-0.0264583333 0.104197917 0.02109375
-0.0264583333 0.104197917 0.026171875
-0.0264583333 0.104197917 0.03125
-0.0264583333 0.104197917 0.036328125
-0.0264583333 0.104197917 0.0515625
-0.0264583333 0.104197917 0.056640625
-0.0264583333 0.104197917 0.06171875
-0.0264583333 0.104197917 0.066796875
-0.0264583333 0.104197917 0.071875
-0.0264583333 0.104197917 0.076953125
-0.0264583333 0.104197917 0.08203125
-0.0264583333 0.104197917 0.087109375
-0.0264583333 0.104197917 0.0921875
-0.0264583333 0.104197917 0.097265625
-0.0264583333 0.104197917 0.1125
-0.0264583333 0.104197917 0.117578125
-0.0264583333 0.104197917 0.12265625
-0.0238125 -0.0618333333 0.016015625
-0.0211666667 -0.0618333333 0.0134765625
-0.0211666667 -0.06446875 0.016015625
-0.0211666667 -0.06446875 0.02109375
-0.0211666667 -0.06446875 0.026171875
-0.0211666667 -0.06446875 0.03125
-0.0211666667 -0.06446875 0.036328125
-0.0211666667 -0.06446875 0.04140625
-0.0211666667 -0.06446875 0.046484375
-0.0211666667 -0.06446875 0.0515625
-0.0211666667 -0.06446875 0.056640625
-0.0211666667 -0.06446875 0.06171875
-0.0211666667 -0.06446875 0.066796875
-0.0211666667 -0.06446875 0.071875
-0.0211666667 -0.06446875 0.076953125
-0.0211666667 -0.06446875 0.08203125
-0.0211666667 -0.06446875 0.087109375
-0.0211666667 -0.06446875 0.0921875
-0.0211666667 -0.06446875 0.097265625
-0.0238125 -0.0618333333 0.097265625
-0.0211666667 -0.06446875 0.10234375
-0.0238125 -0.0618333333 0.10234375
-0.0211666667 -0.06446875 0.107421875
-0.0238125 -0.0618333333 0.107421875
-0.0211666667 -0.0618333333 0.109960937
-0.0211666667 -0.0565625 -0.0017578125
-0.0211666667 -0.0591979167 0.00078125
-0.0211666667 -0.0591979167 0.005859375
-0.0211666667 -0.0591979167 0.0109375
-0.0211666667 -0.0591979167 0.1125
-0.0211666667 -0.0591979167 0.117578125
-0.0211666667 -0.0591979167 0.12265625
-0.0211666667 -0.0591979167 0.127734375
-0.0211666667 -0.0591979167 0.1328125
-0.0238125 -0.0565625 0.137890625
-0.0211666667 -0.0565625 0.135351562
-0.0238125 -0.0512916667 -0.004296875
-0.0211666667 -0.0512916667 -0.0068359375
-0.0211666667 -0.0539270833 -0.004296875
-0.0211666667 -0.0539270833 0.137890625
-0.0211666667 -0.0539270833 0.14296875
-0.0238125 -0.0512916667 0.14296875
-0.0211666667 -0.0512916667 0.145507812
-0.0211666667 -0.0460208333 -0.0068359375
-0.0211666667 -0.0460208333 0.145507812
-0.0238125 -0.04075 -0.009375
-0.0211666667 -0.04075 -0.0119140625
-0.0211666667 -0.0433854167 -0.009375
-0.0211666667 -0.04075 0.145507812
-0.0238125 -0.0354791667 -0.014453125
-0.0211666667 -0.0354791667 -0.0119140625
-0.0211666667 -0.0354791667 0.145507812
-0.0238125 -0.0302083333 -0.014453125
-0.0211666667 -0.0302083333 -0.0119140625
-0.0211666667 -0.03284375 0.148046875
-0.0211666667 -0.0302083333 0.150585937
-0.0211666667 -0.0249375 -0.0169921875
-0.0211666667 -0.0275729167 -0.014453125
-0.0211666667 -0.0249375 0.150585937
-0.0211666667 -0.0196666667 -0.0220703125
-0.0211666667 -0.0223020833 -0.01953125
-0.0211666667 -0.0196666667 0.150585937
-0.0238125 -0.0143958333 -0.024609375
-0.0211666667 -0.0143958333 -0.0271484375
-0.0211666667 -0.01703125 -0.024609375
-0.0211666667 -0.0143958333 0.150585937
-0.0211666667 -0.009125 -0.0271484375
-0.0211666667 -0.0117604167 0.153125
-0.0211666667 -0.009125 0.155664062
-0.0211666667 -0.00385416667 -0.0271484375
-0.0211666667 -0.00385416667 0.155664062
-0.0211666667 0.00141666667 -0.0322265625
-0.0211666667 -0.00121875 -0.0296875
-0.0238125 0.00141666667 0.158203125
-0.0211666667 0.00141666667 0.155664062
-0.0238125 0.0066875 -0.0296875
-0.0211666667 0.0066875 -0.0322265625
-0.0238125 0.0066875 0.158203125
-0.0211666667 0.00405208333 0.158203125
-0.0211666667 0.0066875 0.160742187
-0.0238125 0.0119583333 -0.0296875
-0.0211666667 0.0119583333 -0.0322265625
-0.0238125 0.0119583333 0.158203125
-0.0211666667 0.0119583333 0.160742187
-0.0238125 0.0172291667 -0.0296875
-0.0211666667 0.0172291667 -0.0322265625
-0.0238125 0.0172291667 0.158203125
-0.0211666667 0.0172291667 0.160742187
-0.0238125 0.0225 -0.0296875
-0.0211666667 0.0225 -0.0322265625
-0.0238125 0.0225 0.158203125
-0.0211666667 0.0225 0.160742187
-0.0238125 0.0277708333 -0.0296875
-0.0211666667 0.0277708333 -0.0322265625
-0.0211666667 0.0251354167 0.158203125
-0.0211666667 0.0277708333 0.155664062
-0.0238125 0.0330416667 -0.0296875
-0.0211666667 0.0330416667 -0.0322265625
-0.0211666667 0.0330416667 0.155664062
-0.0238125 0.0383125 -0.0296875
-0.0211666667 0.0383125 -0.0322265625
-0.0211666667 0.0356770833 0.153125
-0.0211666667 0.0383125 0.150585937
-0.0238125 0.0435833333 -0.0296875
-0.0211666667 0.0435833333 -0.0322265625
-0.0211666667 0.0435833333 0.150585937
-0.0238125 0.0488541667 -0.0296875
-0.0211666667 0.0488541667 -0.0322265625
-0.0211666667 0.0488541667 0.150585937
-0.0211666667 0.0514895833 -0.0296875
-0.0211666667 0.054125 -0.0271484375
-0.0211666667 0.054125 0.150585937
-0.0211666667 0.0593958333 -0.0271484375
-0.0211666667 0.0593958333 0.150585937
-0.0211666667 0.06203125 -0.024609375
-0.0211666667 0.0646666667 -0.0220703125
-0.0211666667 0.06203125 0.148046875
-0.0211666667 0.0646666667 0.145507812
-0.0238125 0.0699375 -0.01953125
-0.0211666667 0.0699375 -0.0220703125
-0.0211666667 0.0699375 0.145507812
-0.0211666667 0.0725729167 -0.01953125
-0.0211666667 0.0752083333 -0.0169921875
-0.0211666667 0.0752083333 0.145507812
-0.0211666667 0.07784375 -0.014453125
-0.0211666667 0.0804791667 -0.0119140625
-0.0211666667 0.0804791667 0.145507812
-0.0211666667 0.0831145833 -0.009375
-0.0211666667 0.08575 -0.0068359375
-0.0211666667 0.08575 0.145507812
-0.0211666667 0.0910208333 -0.0068359375
-0.0211666667 0.0883854167 0.14296875
-0.0211666667 0.0910208333 0.140429687
-0.0211666667 0.09365625 -0.004296875
-0.0238125 0.0962916667 0.00078125
-0.0211666667 0.0962916667 -0.0017578125
-0.0211666667 0.0962916667 0.140429687
-0.0211666667 0.0989270833 0.00078125
-0.0211666667 0.0989270833 0.005859375
-0.0238125 0.1015625 0.0109375
-0.0211666667 0.0989270833 0.0109375
-0.0211666667 0.1015625 0.0134765625
-0.0238125 0.1015625 0.04140625
-0.0238125 0.1015625 0.046484375
-0.0238125 0.1015625 0.10234375
-0.0238125 0.1015625 0.107421875
-0.0211666667 0.0989270833 0.127734375
-0.0211666667 0.1015625 0.125195312
-0.0211666667 0.0989270833 0.1328125
-0.0211666667 0.0989270833 0.137890625
-0.0211666667 0.104197917 0.016015625
-0.0211666667 0.104197917 0.02109375
-0.0211666667 0.104197917 0.026171875
-0.0211666667 0.104197917 0.03125
-0.0211666667 0.104197917 0.036328125
-0.0211666667 0.104197917 0.04140625
-0.0211666667 0.104197917 0.046484375
-0.0211666667 0.104197917 0.0515625
-0.0211666667 0.104197917 0.056640625
-0.0211666667 0.104197917 0.06171875
-0.0211666667 0.104197917 0.066796875
-0.0211666667 0.104197917 0.071875
-0.0211666667 0.104197917 0.076953125
-0.0211666667 0.104197917 0.08203125
-0.0211666667 0.104197917 0.087109375
-0.0211666667 0.104197917 0.0921875
-0.0211666667 0.104197917 0.097265625
-0.0211666667 0.104197917 0.10234375
-0.0211666667 0.104197917 0.107421875
-0.0211666667 0.104197917 0.1125
-0.0211666667 0.104197917 0.117578125
-0.0211666667 0.104197917 0.12265625
-0.0185208333 -0.0618333333 0.005859375
-0.015875 -0.0618333333 0.0033203125
-0.015875 -0.06446875 0.005859375
-0.015875 -0.06446875 0.0109375
-0.0185208333 -0.0618333333 0.0109375
-0.015875 -0.06446875 0.016015625
-0.015875 -0.06446875 0.02109375
-0.015875 -0.06446875 0.026171875
-0.015875 -0.06446875 0.03125
-0.015875 -0.06446875 0.036328125
-0.015875 -0.06446875 0.04140625
-0.015875 -0.06446875 0.046484375
-0.015875 -0.06446875 0.0515625
-0.015875 -0.06446875 0.056640625
-0.015875 -0.06446875 0.06171875
-0.015875 -0.06446875 0.066796875
-0.015875 -0.06446875 0.071875
-0.015875 -0.06446875 0.076953125
-0.015875 -0.06446875 0.08203125
-0.015875 -0.06446875 0.087109375
-0.015875 -0.06446875 0.0921875
-0.015875 -0.06446875 0.097265625
-0.015875 -0.06446875 0.10234375
-0.015875 -0.06446875 0.107421875
-0.015875 -0.06446875 0.1125
-0.0185208333 -0.0618333333 0.1125
-0.015875 -0.06446875 0.117578125
-0.0185208333 -0.0618333333 0.117578125
-0.015875 -0.0618333333 0.120117187
-0.015875 -0.0565625 -0.0017578125
-0.015875 -0.0591979167 0.00078125
-0.015875 -0.0591979167 0.12265625
-0.015875 -0.0591979167 0.127734375
-0.015875 -0.0591979167 0.1328125
-0.015875 -0.0565625 0.135351562
-0.015875 -0.0512916667 -0.0068359375
-0.015875 -0.0539270833 -0.004296875
-0.015875 -0.0539270833 0.137890625
-0.0185208333 -0.0512916667 0.14296875
-0.015875 -0.0512916667 0.140429687
-0.015875 -0.0460208333 -0.0068359375
-0.015875 -0.04865625 0.14296875
-0.015875 -0.0460208333 0.145507812
-0.015875 -0.04075 -0.0119140625
-0.015875 -0.0433854167 -0.009375
-0.015875 -0.04075 0.145507812
-0.015875 -0.0354791667 -0.0119140625
-0.015875 -0.0354791667 0.145507812
-0.0185208333 -0.0302083333 -0.014453125
-0.015875 -0.0302083333 -0.0169921875
-0.015875 -0.03284375 -0.014453125
-0.015875 -0.03284375 0.148046875
-0.015875 -0.0302083333 0.150585937
-0.015875 -0.0249375 -0.0169921875
-0.015875 -0.0249375 0.150585937
-0.0185208333 -0.0196666667 -0.01953125
-0.015875 -0.0196666667 -0.0169921875
-0.015875 -0.0196666667 0.150585937
-0.0185208333 -0.0143958333 -0.024609375
-0.015875 -0.0143958333 -0.0220703125
-0.015875 -0.01703125 -0.01953125
-0.015875 -0.01703125 0.153125
-0.0185208333 -0.0143958333 0.153125
-0.015875 -0.0143958333 0.155664062
-0.015875 -0.009125 -0.0271484375
-0.015875 -0.0117604167 -0.024609375
-0.015875 -0.009125 0.155664062
-0.0185208333 -0.00385416667 -0.0296875
-0.015875 -0.00385416667 -0.0322265625
-0.015875 -0.00648958333 -0.0296875
-0.015875 -0.00385416667 0.155664062
-0.015875 0.00141666667 -0.0322265625
-0.015875 0.00141666667 0.155664062
-0.0185208333 0.0066875 -0.034765625
-0.015875 0.0066875 -0.0373046875
-0.015875 0.00405208333 -0.034765625
-0.015875 0.00405208333 0.158203125
-0.015875 0.0066875 0.160742187
-0.0185208333 0.0119583333 -0.034765625
-0.015875 0.0119583333 -0.0373046875
-0.015875 0.0119583333 0.160742187
-0.0185208333 0.0172291667 -0.034765625
-0.015875 0.0172291667 -0.0373046875
-0.015875 0.0172291667 0.160742187
-0.0185208333 0.0225 -0.034765625
-0.015875 0.0225 -0.0373046875
-0.015875 0.0225 0.160742187
-0.0185208333 0.0277708333 -0.034765625
-0.015875 0.0277708333 -0.0373046875
-0.015875 0.0251354167 0.158203125
-0.015875 0.0277708333 0.155664062
-0.015875 0.03040625 -0.034765625
-0.015875 0.0330416667 -0.0322265625
-0.015875 0.0330416667 0.155664062
-0.015875 0.0383125 -0.0322265625
-0.0185208333 0.0383125 0.153125
-0.015875 0.0383125 0.155664062
-0.015875 0.0435833333 -0.0322265625
-0.0185208333 0.0435833333 0.153125
-0.015875 0.0435833333 0.155664062
-0.015875 0.0488541667 -0.0322265625
-0.015875 0.04621875 0.153125
-0.015875 0.0488541667 0.150585937
-0.015875 0.0514895833 -0.0296875
-0.015875 0.054125 -0.0271484375
-0.015875 0.054125 0.150585937
-0.015875 0.0593958333 -0.0271484375
-0.0185208333 0.0593958333 0.148046875
-0.015875 0.0567604167 0.148046875
-0.015875 0.0593958333 0.145507812
-0.015875 0.06203125 -0.024609375
-0.015875 0.0646666667 -0.0220703125
-0.015875 0.0646666667 0.145507812
-0.015875 0.0699375 -0.0220703125
-0.015875 0.0699375 0.145507812
-0.015875 0.0725729167 -0.01953125
-0.015875 0.0752083333 -0.0169921875
-0.015875 0.0752083333 0.145507812
-0.015875 0.07784375 -0.014453125
-0.015875 0.0804791667 -0.0119140625
-0.015875 0.0804791667 0.145507812
-0.015875 0.0831145833 -0.009375
-0.015875 0.08575 -0.0068359375
-0.0185208333 0.08575 0.14296875
-0.015875 0.0831145833 0.14296875
-0.015875 0.08575 0.140429687
-0.015875 0.0883854167 -0.004296875
-0.0185208333 0.0910208333 -0.004296875
-0.015875 0.0910208333 -0.0017578125
-0.015875 0.0910208333 0.140429687
-0.015875 0.0962916667 -0.0017578125
-0.015875 0.0962916667 0.140429687
-0.015875 0.0989270833 0.00078125
-0.015875 0.0989270833 0.005859375
-0.0185208333 0.1015625 0.0109375
-0.015875 0.1015625 0.0083984375
-0.015875 0.0989270833 0.127734375
-0.015875 0.1015625 0.125195312
-0.015875 0.0989270833 0.1328125
-0.015875 0.0989270833 0.137890625
-0.015875 0.104197917 0.0109375
-0.015875 0.104197917 0.016015625
-0.015875 0.104197917 0.02109375
-0.015875 0.104197917 0.026171875
-0.015875 0.104197917 0.03125
-0.015875 0.104197917 0.036328125
-0.015875 0.104197917 0.04140625
-0.015875 0.104197917 0.046484375
-0.015875 0.104197917 0.0515625
-0.015875 0.104197917 0.056640625
-0.015875 0.104197917 0.06171875
-0.015875 0.104197917 0.066796875
-0.015875 0.104197917 0.071875
-0.015875 0.104197917 0.076953125
-0.015875 0.104197917 0.08203125
-0.015875 0.104197917 0.087109375
-0.015875 0.104197917 0.0921875
-0.015875 0.104197917 0.097265625
-0.015875 0.104197917 0.10234375
-0.015875 0.104197917 0.107421875
-0.015875 0.104197917 0.1125
-0.015875 0.104197917 0.117578125
-0.015875 0.104197917 0.12265625
-0.0105833333 -0.0618333333 0.0033203125
-0.0105833333 -0.06446875 0.005859375
-0.0105833333 -0.06446875 0.0109375
-0.0105833333 -0.06446875 0.016015625
-0.0105833333 -0.06446875 0.02109375
-0.0105833333 -0.06446875 0.026171875
-0.0105833333 -0.06446875 0.03125
-0.0105833333 -0.06446875 0.036328125
-0.0105833333 -0.06446875 0.04140625
-0.0105833333 -0.06446875 0.046484375
-0.0105833333 -0.06446875 0.0515625
-0.0105833333 -0.06446875 0.056640625
-0.0105833333 -0.06446875 0.06171875
-0.0105833333 -0.06446875 0.066796875
-0.0105833333 -0.06446875 0.071875
-0.0105833333 -0.06446875 0.076953125
-0.0105833333 -0.06446875 0.08203125
-0.0105833333 -0.06446875 0.087109375
-0.0105833333 -0.06446875 0.0921875
-0.0105833333 -0.06446875 0.097265625
-0.0105833333 -0.06446875 0.10234375
-0.0105833333 -0.06446875 0.107421875
-0.0105833333 -0.06446875 0.1125
-0.0105833333 -0.06446875 0.117578125
-0.0105833333 -0.0618333333 0.120117187
-0.0105833333 -0.0565625 -0.0017578125
-0.0105833333 -0.0591979167 0.00078125
-0.0105833333 -0.0591979167 0.12265625
-0.0105833333 -0.0591979167 0.127734375
-0.0105833333 -0.0591979167 0.1328125
-0.0105833333 -0.0591979167 0.137890625
-0.0132291667 -0.0565625 0.137890625
-0.0105833333 -0.0565625 0.140429687
-0.0105833333 -0.0512916667 -0.0068359375
-0.0105833333 -0.0539270833 -0.004296875
-0.0105833333 -0.0512916667 0.140429687
-0.0105833333 -0.0460208333 -0.0068359375
-0.0105833333 -0.04865625 0.14296875
-0.0105833333 -0.0460208333 0.145507812
-0.0105833333 -0.04075 -0.0119140625
-0.0105833333 -0.0433854167 -0.009375
-0.0105833333 -0.04075 0.145507812
-0.0105833333 -0.0354791667 -0.0119140625
-0.0105833333 -0.0354791667 0.145507812
-0.0105833333 -0.0302083333 -0.0169921875
-0.0105833333 -0.03284375 -0.014453125
-0.0105833333 -0.03284375 0.148046875
-0.0105833333 -0.0302083333 0.150585937
-0.0105833333 -0.0249375 -0.0169921875
-0.0105833333 -0.0249375 0.150585937
-0.0132291667 -0.0196666667 -0.01953125
-0.0105833333 -0.0196666667 -0.0220703125
-0.0105833333 -0.0223020833 -0.01953125
-0.0105833333 -0.0196666667 0.150585937
-0.0105833333 -0.0143958333 -0.0220703125
-0.0105833333 -0.01703125 0.153125
-0.0105833333 -0.0143958333 0.155664062
-0.0105833333 -0.009125 -0.0271484375
-0.0105833333 -0.0117604167 -0.024609375
-0.0105833333 -0.009125 0.155664062
-0.0132291667 -0.00385416667 -0.0296875
-0.0105833333 -0.00385416667 -0.0271484375
-0.0105833333 -0.00385416667 0.155664062
-0.0132291667 0.00141666667 -0.0296875
-0.0105833333 0.00141666667 -0.0271484375
-0.0105833333 -0.00121875 0.158203125
-0.0132291667 0.00141666667 0.158203125
-0.0105833333 0.00141666667 0.160742187
-0.0105833333 0.0066875 -0.0373046875
-0.0105833333 0.00405208333 -0.034765625
-0.0105833333 0.00405208333 -0.0296875
-0.0105833333 0.0066875 0.160742187
-0.0105833333 0.0119583333 -0.0373046875
-0.0105833333 0.0119583333 0.160742187
-0.0105833333 0.0172291667 -0.0373046875
-0.0105833333 0.0172291667 0.160742187
-0.0105833333 0.0225 -0.0373046875
-0.0132291667 0.0225 0.158203125
-0.0105833333 0.0198645833 0.158203125
-0.0105833333 0.0225 0.155664062
-0.0105833333 0.0277708333 -0.0373046875
-0.0105833333 0.0277708333 0.155664062
-0.0132291667 0.0330416667 -0.034765625
-0.0105833333 0.0330416667 -0.0373046875
-0.0105833333 0.0330416667 0.155664062
-0.0132291667 0.0383125 -0.034765625
-0.0105833333 0.0383125 -0.0373046875
-0.0105833333 0.0383125 0.155664062
-0.0132291667 0.0435833333 -0.034765625
-0.0105833333 0.0435833333 -0.0373046875
-0.0105833333 0.0435833333 0.155664062
-0.0105833333 0.04621875 -0.034765625
-0.0105833333 0.0488541667 -0.0322265625
-0.0105833333 0.04621875 0.153125
-0.0105833333 0.0488541667 0.150585937
-0.0132291667 0.054125 -0.0296875
-0.0105833333 0.054125 -0.0322265625
-0.0105833333 0.054125 0.150585937
-0.0105833333 0.0567604167 -0.0296875
-0.0105833333 0.0567604167 -0.024609375
-0.0132291667 0.0593958333 -0.024609375
-0.0105833333 0.0593958333 -0.0220703125
-0.0132291667 0.0593958333 0.148046875
-0.0105833333 0.0593958333 0.150585937
-0.0105833333 0.0646666667 -0.0220703125
-0.0105833333 0.06203125 0.148046875
-0.0105833333 0.0646666667 0.145507812
-0.0105833333 0.0673020833 -0.01953125
-0.0132291667 0.0699375 -0.01953125
-0.0105833333 0.0699375 -0.0169921875
-0.0105833333 0.0699375 0.145507812
-0.0105833333 0.0752083333 -0.0169921875
-0.0105833333 0.0752083333 0.145507812
-0.0105833333 0.07784375 -0.014453125
-0.0105833333 0.0804791667 -0.0119140625
-0.0105833333 0.0804791667 0.145507812
-0.0132291667 0.08575 -0.009375
-0.0105833333 0.08575 -0.0119140625
-0.0105833333 0.0831145833 0.14296875
-0.0105833333 0.08575 0.140429687
-0.0105833333 0.0883854167 -0.009375
-0.0132291667 0.0910208333 -0.004296875
-0.0105833333 0.0910208333 -0.0068359375
-0.0105833333 0.0910208333 0.140429687
-0.0105833333 0.09365625 -0.004296875
-0.0105833333 0.0962916667 -0.0017578125
-0.0105833333 0.0962916667 0.140429687
-0.0105833333 0.0989270833 0.00078125
-0.0105833333 0.0989270833 0.005859375
-0.0105833333 0.1015625 0.0083984375
-0.0105833333 0.0989270833 0.127734375
-0.0105833333 0.1015625 0.125195312
-0.0105833333 0.0989270833 0.1328125
-0.0105833333 0.0989270833 0.137890625
-0.0105833333 0.104197917 0.0109375
-0.0105833333 0.104197917 0.016015625
-0.0105833333 0.104197917 0.02109375
-0.0105833333 0.104197917 0.026171875
-0.0105833333 0.104197917 0.03125
-0.0105833333 0.104197917 0.036328125
-0.0105833333 0.104197917 0.04140625
-0.0105833333 0.104197917 0.046484375
-0.0105833333 0.104197917 0.0515625
-0.0105833333 0.104197917 0.056640625
-0.0105833333 0.104197917 0.06171875
-0.0105833333 0.104197917 0.066796875
-0.0105833333 0.104197917 0.071875
-0.0105833333 0.104197917 0.076953125
-0.0105833333 0.104197917 0.08203125
-0.0105833333 0.104197917 0.087109375
-0.0105833333 0.104197917 0.0921875
-0.0105833333 0.104197917 0.097265625
-0.0105833333 0.104197917 0.10234375
-0.0105833333 0.104197917 0.107421875
-0.0105833333 0.104197917 0.1125
-0.0105833333 0.104197917 0.117578125
-0.0105833333 0.104197917 0.12265625
-0.00529166667 -0.0618333333 0.0033203125
-0.00529166667 -0.06446875 0.005859375
-0.00529166667 -0.06446875 0.0109375
-0.00529166667 -0.06446875 0.016015625
-0.00529166667 -0.06446875 0.02109375
-0.00529166667 -0.06446875 0.026171875
-0.00529166667 -0.06446875 0.03125
-0.00529166667 -0.06446875 0.036328125
-0.00529166667 -0.06446875 0.04140625
-0.00529166667 -0.06446875 0.046484375
-0.00529166667 -0.06446875 0.0515625
-0.00529166667 -0.06446875 0.056640625
-0.00529166667 -0.06446875 0.06171875
-0.00529166667 -0.06446875 0.066796875
-0.00529166667 -0.06446875 0.071875
-0.00529166667 -0.06446875 0.076953125
-0.00529166667 -0.06446875 0.08203125
-0.00529166667 -0.06446875 0.087109375
-0.00529166667 -0.06446875 0.0921875
-0.00529166667 -0.06446875 0.097265625
-0.00529166667 -0.06446875 0.10234375
-0.00529166667 -0.06446875 0.107421875
-0.00529166667 -0.06446875 0.1125
-0.00529166667 -0.06446875 0.117578125
-0.00529166667 -0.06446875 0.12265625
-0.0079375 -0.0618333333 0.12265625
-0.00529166667 -0.0618333333 0.125195312
-0.00529166667 -0.0565625 -0.0017578125
-0.00529166667 -0.0591979167 0.00078125
-0.00529166667 -0.0591979167 0.127734375
-0.00529166667 -0.0591979167 0.1328125
-0.00529166667 -0.0591979167 0.137890625
-0.00529166667 -0.0565625 0.140429687
-0.0079375 -0.0512916667 -0.004296875
-0.00529166667 -0.0512916667 -0.0017578125
-0.00529166667 -0.0512916667 0.140429687
-0.00529166667 -0.0460208333 -0.0068359375
-0.00529166667 -0.04865625 -0.004296875
-0.0079375 -0.0460208333 0.14296875
-0.00529166667 -0.0460208333 0.140429687
-0.00529166667 -0.04075 -0.0119140625
-0.00529166667 -0.0433854167 -0.009375
-0.00529166667 -0.0433854167 0.14296875
-0.00529166667 -0.04075 0.145507812
-0.00529166667 -0.0354791667 -0.0119140625
-0.00529166667 -0.0354791667 0.145507812
-0.00529166667 -0.0302083333 -0.0169921875
-0.00529166667 -0.03284375 -0.014453125
-0.00529166667 -0.03284375 0.148046875
-0.00529166667 -0.0302083333 0.150585937
-0.00529166667 -0.0249375 -0.0169921875
-0.00529166667 -0.0249375 0.150585937
-0.00529166667 -0.0196666667 -0.0220703125
-0.00529166667 -0.0223020833 -0.01953125
-0.00529166667 -0.0223020833 0.153125
-0.0079375 -0.0196666667 0.153125
-0.00529166667 -0.0196666667 0.155664062
-0.00529166667 -0.0143958333 -0.0220703125
-0.00529166667 -0.0143958333 0.155664062
-0.00529166667 -0.009125 -0.0271484375
-0.00529166667 -0.0117604167 -0.024609375
-0.00529166667 -0.009125 0.155664062
-0.00529166667 -0.00385416667 -0.0271484375
-0.00529166667 -0.00385416667 0.155664062
-0.0079375 0.00141666667 -0.0296875
-0.00529166667 0.00141666667 -0.0322265625
-0.00529166667 -0.00121875 -0.0296875
-0.00529166667 -0.00121875 0.158203125
-0.00529166667 0.00141666667 0.160742187
-0.0079375 0.0066875 -0.034765625
-0.00529166667 0.0066875 -0.0322265625
-0.00529166667 0.0066875 0.160742187
-0.00529166667 0.0119583333 -0.0373046875
-0.00529166667 0.00932291667 -0.034765625
-0.00529166667 0.0119583333 0.160742187
-0.0079375 0.0172291667 -0.03984375
-0.00529166667 0.0172291667 -0.0423828125
-0.00529166667 0.01459375 -0.03984375
-0.00529166667 0.0172291667 0.160742187
-0.0079375 0.0225 -0.03984375
-0.00529166667 0.0225 -0.0423828125
-0.00529166667 0.0198645833 0.158203125
-0.00529166667 0.0225 0.155664062
-0.0079375 0.0277708333 -0.03984375
-0.00529166667 0.0277708333 -0.0423828125
-0.00529166667 0.0277708333 0.155664062
-0.0079375 0.0330416667 -0.03984375
-0.00529166667 0.0330416667 -0.0423828125
-0.00529166667 0.0330416667 0.155664062
-0.00529166667 0.0356770833 -0.03984375
-0.00529166667 0.0383125 -0.0373046875
-0.00529166667 0.0383125 0.155664062
-0.00529166667 0.0435833333 -0.0373046875
-0.00529166667 0.0435833333 0.155664062
-0.00529166667 0.04621875 -0.034765625
-0.00529166667 0.0488541667 -0.0322265625
-0.00529166667 0.04621875 0.153125
-0.00529166667 0.0488541667 0.150585937
-0.00529166667 0.0514895833 -0.0296875
-0.0079375 0.054125 -0.0296875
-0.00529166667 0.054125 -0.0271484375
-0.00529166667 0.054125 0.150585937
-0.00529166667 0.0593958333 -0.0271484375
-0.0079375 0.0593958333 -0.024609375
-0.00529166667 0.0593958333 0.150585937
-0.00529166667 0.06203125 -0.024609375
-0.00529166667 0.0646666667 -0.0220703125
-0.0079375 0.0646666667 0.148046875
-0.00529166667 0.0646666667 0.150585937
-0.0079375 0.0699375 -0.01953125
-0.00529166667 0.0699375 -0.0220703125
-0.0079375 0.0699375 0.148046875
-0.00529166667 0.0699375 0.150585937
-0.00529166667 0.0725729167 -0.01953125
-0.00529166667 0.0725729167 -0.014453125
-0.0079375 0.0752083333 -0.014453125
-0.00529166667 0.0752083333 -0.0119140625
-0.00529166667 0.0725729167 0.148046875
-0.00529166667 0.0752083333 0.145507812
-0.00529166667 0.0804791667 -0.0119140625
-0.0079375 0.0804791667 0.14296875
-0.00529166667 0.07784375 0.14296875
-0.00529166667 0.0804791667 0.140429687
-0.00529166667 0.0831145833 -0.009375
-0.0079375 0.08575 -0.009375
-0.00529166667 0.08575 -0.0068359375
-0.00529166667 0.08575 0.140429687
-0.00529166667 0.0910208333 -0.0068359375
-0.00529166667 0.0910208333 0.140429687
-0.00529166667 0.09365625 -0.004296875
-0.00529166667 0.0962916667 -0.0017578125
-0.00529166667 0.0962916667 0.140429687
-0.00529166667 0.0989270833 0.00078125
-0.00529166667 0.0989270833 0.005859375
-0.0079375 0.1015625 0.0109375
-0.00529166667 0.0989270833 0.0109375
-0.00529166667 0.1015625 0.0134765625
-0.00529166667 0.0989270833 0.127734375
-0.00529166667 0.1015625 0.125195312
-0.00529166667 0.0989270833 0.1328125
-0.00529166667 0.0989270833 0.137890625
-0.00529166667 0.104197917 0.016015625
-0.00529166667 0.104197917 0.02109375
-0.00529166667 0.104197917 0.026171875
-0.00529166667 0.104197917 0.03125
-0.00529166667 0.104197917 0.036328125
-0.00529166667 0.104197917 0.04140625
-0.00529166667 0.104197917 0.046484375
-0.00529166667 0.104197917 0.0515625
-0.00529166667 0.104197917 0.056640625
-0.00529166667 0.104197917 0.06171875
-0.00529166667 0.104197917 0.066796875
-0.00529166667 0.104197917 0.071875
-0.00529166667 0.104197917 0.076953125
-0.00529166667 0.104197917 0.08203125
-0.00529166667 0.104197917 0.087109375
-0.00529166667 0.104197917 0.0921875
-0.00529166667 0.104197917 0.097265625
-0.00529166667 0.104197917 0.10234375
-0.00529166667 0.104197917 0.107421875
-0.00529166667 0.104197917 0.1125
-0.00529166667 0.104197917 0.117578125
-0.00529166667 0.104197917 0.12265625
0 -0.0618333333 0.0033203125
0 -0.06446875 0.005859375
0 -0.06446875 0.0109375
0 -0.06446875 0.016015625
0 -0.06446875 0.02109375
0 -0.06446875 0.026171875
0 -0.06446875 0.03125
0 -0.06446875 0.036328125
0 -0.06446875 0.04140625
0 -0.06446875 0.046484375
0 -0.06446875 0.0515625
0 -0.06446875 0.056640625
0 -0.06446875 0.06171875
0 -0.06446875 0.066796875
0 -0.06446875 0.071875
0 -0.06446875 0.076953125
0 -0.06446875 0.08203125
0 -0.06446875 0.087109375
0 -0.06446875 0.0921875
0 -0.06446875 0.097265625
0 -0.06446875 0.10234375
0 -0.06446875 0.107421875
0 -0.06446875 0.1125
0 -0.06446875 0.117578125
0 -0.06446875 0.12265625
0 -0.0618333333 0.125195312
0 -0.0565625 -0.0017578125
0 -0.0591979167 0.00078125
0 -0.0591979167 0.127734375
0 -0.0591979167 0.1328125
0 -0.0591979167 0.137890625
0 -0.0565625 0.140429687
-0.00264583333 -0.0512916667 -0.004296875
0 -0.0512916667 -0.0068359375
0 -0.0539270833 -0.004296875
0 -0.0512916667 0.140429687
0 -0.0460208333 -0.0068359375
0 -0.04865625 0.14296875
-0.00264583333 -0.0460208333 0.14296875
0 -0.0460208333 0.145507812
-0.00264583333 -0.04075 -0.009375
0 -0.04075 -0.0068359375
0 -0.04075 0.145507812
0 -0.0354791667 -0.0119140625
0 -0.0381145833 -0.009375
0 -0.0354791667 0.145507812
0 -0.0302083333 -0.0169921875
0 -0.03284375 -0.014453125
-0.00264583333 -0.0302083333 0.148046875
0 -0.0302083333 0.145507812
-0.00264583333 -0.0249375 -0.01953125
0 -0.0249375 -0.0220703125
0 -0.0275729167 -0.01953125
0 -0.0275729167 0.148046875
0 -0.0249375 0.150585937
0 -0.0196666667 -0.0220703125
-0.00264583333 -0.0196666667 0.153125
0 -0.0196666667 0.150585937
0 -0.0143958333 -0.0220703125
0 -0.01703125 0.153125
0 -0.0143958333 0.155664062
0 -0.009125 -0.0271484375
0 -0.0117604167 -0.024609375
0 -0.009125 0.155664062
0 -0.00385416667 -0.0271484375
0 -0.00385416667 0.155664062
0 0.00141666667 -0.0322265625
0 -0.00121875 -0.0296875
0 -0.00121875 0.158203125
0 0.00141666667 0.160742187
0 0.0066875 -0.0322265625
0 0.0066875 0.160742187
0 0.0119583333 -0.0373046875
0 0.00932291667 -0.034765625
0 0.0119583333 0.160742187
-0.00264583333 0.0172291667 -0.03984375
0 0.0172291667 -0.0373046875
0 0.0172291667 0.160742187
0 0.0225 -0.0423828125
0 0.0198645833 -0.03984375
0 0.0198645833 0.158203125
0 0.0225 0.155664062
0 0.0277708333 -0.0423828125
0 0.0277708333 0.155664062
0 0.0330416667 -0.0423828125
0 0.0330416667 0.155664062
0 0.0356770833 -0.03984375
0 0.0383125 -0.0373046875
0 0.0383125 0.155664062
0 0.0409479167 -0.034765625
-0.00264583333 0.0435833333 -0.034765625
0 0.0435833333 -0.0322265625
0 0.0435833333 0.155664062
0 0.0488541667 -0.0322265625
0 0.04621875 0.153125
0 0.0488541667 0.150585937
0 0.0514895833 -0.0296875
0 0.054125 -0.0271484375
0 0.054125 0.150585937
0 0.0593958333 -0.0271484375
0 0.0593958333 0.150585937
0 0.06203125 -0.024609375
0 0.0646666667 -0.0220703125
0 0.0646666667 0.150585937
0 0.0699375 -0.0220703125
0 0.0699375 0.150585937
0 0.0725729167 -0.01953125
-0.00264583333 0.0752083333 -0.014453125
0 0.0752083333 -0.0169921875
0 0.0725729167 0.148046875
0 0.0752083333 0.145507812
0 0.07784375 -0.014453125
0 0.0804791667 -0.0119140625
-0.00264583333 0.0804791667 0.14296875
0 0.0804791667 0.145507812
0 0.0831145833 -0.009375
0 0.08575 -0.0068359375
-0.00264583333 0.08575 0.14296875
0 0.08575 0.145507812
0 0.0910208333 -0.0068359375
0 0.0883854167 0.14296875
0 0.0910208333 0.140429687
0 0.09365625 -0.004296875
-0.00264583333 0.0962916667 0.00078125
0 0.09365625 0.00078125
0 0.0962916667 0.0033203125
0 0.0962916667 0.140429687
0 0.0989270833 0.005859375
0 0.0989270833 0.0109375
0 0.1015625 0.0134765625
0 0.0989270833 0.127734375
0 0.1015625 0.125195312
0 0.0989270833 0.1328125
0 0.0989270833 0.137890625
0 0.104197917 0.016015625
0 0.104197917 0.02109375
0 0.104197917 0.026171875
0 0.104197917 0.03125
0 0.104197917 0.036328125
0 0.104197917 0.04140625
0 0.104197917 0.046484375
0 0.104197917 0.0515625
0 0.104197917 0.056640625
0 0.104197917 0.06171875
0 0.104197917 0.066796875
0 0.104197917 0.071875
0 0.104197917 0.076953125
0 0.104197917 0.08203125
0 0.104197917 0.087109375
0 0.104197917 0.0921875
0 0.104197917 0.097265625
0 0.104197917 0.10234375
0 0.104197917 0.107421875
0 0.104197917 0.1125
0 0.104197917 0.117578125
0 0.104197917 0.12265625
0.00264583333 -0.0618333333 0.005859375
0.00529166667 -0.0618333333 0.0083984375
0.00529166667 -0.06446875 0.0109375
0.00529166667 -0.06446875 0.016015625
0.00529166667 -0.06446875 0.02109375
0.00529166667 -0.06446875 0.026171875
0.00529166667 -0.06446875 0.03125
0.00529166667 -0.06446875 0.036328125
0.00529166667 -0.06446875 0.04140625
0.00529166667 -0.06446875 0.046484375
0.00529166667 -0.06446875 0.0515625
0.00529166667 -0.06446875 0.056640625
0.00529166667 -0.06446875 0.06171875
0.00529166667 -0.06446875 0.066796875
0.00529166667 -0.06446875 0.071875
0.00529166667 -0.06446875 0.076953125
0.00529166667 -0.06446875 0.08203125
0.00529166667 -0.06446875 0.087109375
0.00529166667 -0.06446875 0.0921875
0.00529166667 -0.06446875 0.097265625
0.00529166667 -0.06446875 0.10234375
0.00529166667 -0.06446875 0.107421875
0.00529166667 -0.06446875 0.1125
0.00529166667 -0.06446875 0.117578125
0.00529166667 -0.06446875 0.12265625
0.00529166667 -0.0618333333 0.125195312
0.00529166667 -0.0565625 -0.0017578125
0.00529166667 -0.0591979167 0.00078125
0.00529166667 -0.0591979167 0.005859375
0.00529166667 -0.0591979167 0.127734375
0.00529166667 -0.0591979167 0.1328125
0.00529166667 -0.0591979167 0.137890625
0.00529166667 -0.0565625 0.140429687
0.00529166667 -0.0512916667 -0.0068359375
0.00529166667 -0.0539270833 -0.004296875
0.00529166667 -0.0512916667 0.140429687
0.00529166667 -0.0460208333 -0.0068359375
0.00529166667 -0.04865625 0.14296875
0.00529166667 -0.0460208333 0.145507812
0.00264583333 -0.04075 -0.009375
0.00529166667 -0.04075 -0.0119140625
0.00529166667 -0.0433854167 -0.009375
0.00529166667 -0.04075 0.145507812
0.00529166667 -0.0354791667 -0.0119140625
0.00529166667 -0.0354791667 0.145507812
0.00529166667 -0.0302083333 -0.0169921875
0.00529166667 -0.03284375 -0.014453125
0.00529166667 -0.0302083333 0.145507812
0.00264583333 -0.0249375 -0.01953125
0.00529166667 -0.0249375 -0.0169921875
0.00529166667 -0.0275729167 0.148046875
0.00529166667 -0.0249375 0.150585937
0.00264583333 -0.0196666667 -0.01953125
0.00529166667 -0.0196666667 -0.0169921875
0.00529166667 -0.0196666667 0.150585937
0.00264583333 -0.0143958333 -0.024609375
0.00529166667 -0.0143958333 -0.0271484375
0.00529166667 -0.01703125 -0.024609375
0.00529166667 -0.01703125 -0.01953125
0.00529166667 -0.01703125 0.153125
0.00529166667 -0.0143958333 0.155664062
0.00529166667 -0.009125 -0.0271484375
0.00529166667 -0.009125 0.155664062
0.00264583333 -0.00385416667 -0.0296875
0.00529166667 -0.00385416667 -0.0322265625
0.00529166667 -0.00648958333 -0.0296875
0.00529166667 -0.00385416667 0.155664062
0.00529166667 0.00141666667 -0.0322265625
0.00264583333 0.00141666667 0.158203125
0.00529166667 0.00141666667 0.155664062
0.00529166667 0.0066875 -0.0322265625
0.00264583333 0.0066875 0.158203125
0.00529166667 0.0066875 0.155664062
0.00529166667 0.0119583333 -0.0373046875
0.00529166667 0.00932291667 -0.034765625
0.00264583333 0.0119583333 0.158203125
0.00529166667 0.0119583333 0.155664062
0.00529166667 0.0172291667 -0.0373046875
0.00264583333 0.0172291667 0.158203125
0.00529166667 0.0172291667 0.155664062
0.00529166667 0.0225 -0.0423828125
0.00529166667 0.0198645833 -0.03984375
0.00529166667 0.0225 0.155664062
0.00529166667 0.0277708333 -0.0423828125
0.00529166667 0.0277708333 0.155664062
0.00529166667 0.0330416667 -0.0423828125
0.00529166667 0.0330416667 0.155664062
0.00264583333 0.0383125 -0.03984375
0.00529166667 0.0383125 -0.0423828125
0.00529166667 0.0383125 0.155664062
0.00529166667 0.0409479167 -0.03984375
0.00264583333 0.0435833333 -0.034765625
0.00529166667 0.0435833333 -0.0373046875
0.00264583333 0.0435833333 0.153125
0.00529166667 0.0409479167 0.153125
0.00529166667 0.0435833333 0.150585937
0.00529166667 0.04621875 -0.034765625
0.00529166667 0.0488541667 -0.0322265625
0.00529166667 0.0488541667 0.150585937
0.00529166667 0.0514895833 -0.0296875
0.00529166667 0.054125 -0.0271484375
0.00529166667 0.054125 0.150585937
0.00529166667 0.0593958333 -0.0271484375
0.00529166667 0.0593958333 0.150585937
0.00529166667 0.06203125 -0.024609375
0.00529166667 0.0646666667 -0.0220703125
0.00529166667 0.0646666667 0.150585937
0.00529166667 0.0673020833 -0.01953125
0.00264583333 0.0699375 -0.01953125
0.00529166667 0.0699375 -0.0169921875
0.00264583333 0.0699375 0.148046875
0.00529166667 0.0673020833 0.148046875
0.00529166667 0.0699375 0.145507812
0.00529166667 0.0752083333 -0.0169921875
0.00529166667 0.0752083333 0.145507812
0.00529166667 0.07784375 -0.014453125
0.00529166667 0.0804791667 -0.0119140625
0.00529166667 0.0804791667 0.145507812
0.00264583333 0.08575 -0.009375
0.00529166667 0.08575 -0.0119140625
0.00529166667 0.08575 0.145507812
0.00529166667 0.0883854167 -0.009375
0.00529166667 0.0910208333 -0.0068359375
0.00264583333 0.0910208333 0.14296875
0.00529166667 0.0910208333 0.145507812
0.00529166667 0.09365625 -0.004296875
0.00264583333 0.0962916667 0.00078125
0.00529166667 0.0962916667 -0.0017578125
0.00264583333 0.0962916667 0.137890625
0.00529166667 0.09365625 0.137890625
0.00529166667 0.0962916667 0.135351562
0.00529166667 0.09365625 0.14296875
0.00529166667 0.0989270833 0.00078125
0.00529166667 0.0989270833 0.005859375
0.00264583333 0.1015625 0.0109375
0.00529166667 0.1015625 0.0083984375
0.00529166667 0.0989270833 0.127734375
0.00529166667 0.1015625 0.125195312
0.00529166667 0.0989270833 0.1328125
0.00529166667 0.104197917 0.0109375
0.00529166667 0.104197917 0.016015625
0.00529166667 0.104197917 0.02109375
0.00529166667 0.104197917 0.026171875
0.00529166667 0.104197917 0.03125
0.00529166667 0.104197917 0.036328125
0.00529166667 0.104197917 0.04140625
0.00529166667 0.104197917 0.046484375
0.00529166667 0.104197917 0.0515625
0.00529166667 0.104197917 0.056640625
0.00529166667 0.104197917 0.06171875
0.00529166667 0.104197917 0.066796875
0.00529166667 0.104197917 0.071875
0.00529166667 0.104197917 0.076953125
0.00529166667 0.104197917 0.08203125
0.00529166667 0.104197917 0.087109375
0.00529166667 0.104197917 0.0921875
0.00529166667 0.104197917 0.097265625
0.00529166667 0.104197917 0.10234375
0.00529166667 0.104197917 0.107421875
0.00529166667 0.104197917 0.1125
0.00529166667 0.104197917 0.117578125
0.00529166667 0.104197917 0.12265625
0.0079375 -0.0618333333 0.005859375
0.0105833333 -0.0618333333 0.0033203125
0.0105833333 -0.06446875 0.005859375
0.0105833333 -0.06446875 0.0109375
0.0105833333 -0.06446875 0.016015625
0.0105833333 -0.06446875 0.02109375
0.0079375 -0.0618333333 0.026171875
0.0105833333 -0.0618333333 0.0236328125
0.0079375 -0.0618333333 0.03125
0.0105833333 -0.0618333333 0.0337890625
0.0105833333 -0.06446875 0.036328125
0.0105833333 -0.06446875 0.04140625
0.0105833333 -0.06446875 0.046484375
0.0105833333 -0.06446875 0.0515625
0.0105833333 -0.06446875 0.056640625
0.0105833333 -0.06446875 0.06171875
0.0105833333 -0.06446875 0.066796875
0.0105833333 -0.06446875 0.071875
0.0105833333 -0.06446875 0.076953125
0.0105833333 -0.06446875 0.08203125
0.0105833333 -0.06446875 0.087109375
0.0105833333 -0.06446875 0.0921875
0.0105833333 -0.06446875 0.097265625
0.0105833333 -0.06446875 0.10234375
0.0105833333 -0.06446875 0.107421875
0.0105833333 -0.06446875 0.1125
0.0079375 -0.0618333333 0.117578125
0.0105833333 -0.0618333333 0.115039062
0.0079375 -0.0618333333 0.12265625
0.0105833333 -0.0565625 -0.0017578125
0.0105833333 -0.0591979167 0.00078125
0.0105833333 -0.0591979167 0.026171875
0.0105833333 -0.0591979167 0.03125
0.0105833333 -0.0591979167 0.117578125
0.0105833333 -0.0591979167 0.12265625
0.0105833333 -0.0591979167 0.127734375
0.0105833333 -0.0591979167 0.1328125
0.0105833333 -0.0591979167 0.137890625
0.0105833333 -0.0565625 0.140429687
0.0105833333 -0.0512916667 -0.0068359375
0.0105833333 -0.0539270833 -0.004296875
0.0105833333 -0.0512916667 0.140429687
0.0105833333 -0.0460208333 -0.0068359375
0.0105833333 -0.04865625 0.14296875
0.0105833333 -0.0460208333 0.145507812
0.0105833333 -0.04075 -0.0119140625
0.0105833333 -0.0433854167 -0.009375
0.0105833333 -0.04075 0.145507812
0.0105833333 -0.0354791667 -0.0119140625
0.0105833333 -0.0354791667 0.145507812
0.0105833333 -0.0302083333 -0.0169921875
0.0105833333 -0.03284375 -0.014453125
0.0105833333 -0.03284375 0.148046875
0.0079375 -0.0302083333 0.148046875
0.0105833333 -0.0302083333 0.150585937
0.0105833333 -0.0249375 -0.0169921875
0.0105833333 -0.0249375 0.150585937
0.0079375 -0.0196666667 -0.01953125
0.0105833333 -0.0196666667 -0.0220703125
0.0105833333 -0.0223020833 -0.01953125
0.0105833333 -0.0196666667 0.150585937
0.0079375 -0.0143958333 -0.024609375
0.0105833333 -0.0143958333 -0.0220703125
0.0079375 -0.0143958333 0.153125
0.0105833333 -0.0143958333 0.150585937
0.0079375 -0.009125 -0.024609375
0.0105833333 -0.009125 -0.0220703125
0.0105833333 -0.0117604167 0.153125
0.0105833333 -0.009125 0.155664062
0.0105833333 -0.00385416667 -0.0322265625
0.0105833333 -0.00648958333 -0.0296875
0.0105833333 -0.00648958333 -0.024609375
0.0105833333 -0.00385416667 0.155664062
0.0105833333 0.00141666667 -0.0322265625
0.0105833333 0.00141666667 0.155664062
0.0079375 0.0066875 -0.034765625
0.0105833333 0.0066875 -0.0373046875
0.0105833333 0.00405208333 -0.034765625
0.0105833333 0.0066875 0.155664062
0.0105833333 0.0119583333 -0.0373046875
0.0105833333 0.0119583333 0.155664062
0.0079375 0.0172291667 -0.03984375
0.0105833333 0.0172291667 -0.0423828125
0.0105833333 0.01459375 -0.03984375
0.0105833333 0.0172291667 0.155664062
0.0105833333 0.0225 -0.0423828125
0.0105833333 0.0225 0.155664062
0.0105833333 0.0277708333 -0.0423828125
0.0105833333 0.0277708333 0.155664062
0.0105833333 0.0330416667 -0.0423828125
0.0105833333 0.0330416667 0.155664062
0.0105833333 0.0356770833 -0.03984375
0.0079375 0.0383125 -0.03984375
0.0105833333 0.0383125 -0.0373046875
0.0105833333 0.0383125 0.155664062
0.0105833333 0.0435833333 -0.0373046875
0.0105833333 0.0409479167 0.153125
0.0105833333 0.0435833333 0.150585937
0.0105833333 0.04621875 -0.034765625
0.0105833333 0.0488541667 -0.0322265625
0.0105833333 0.0488541667 0.150585937
0.0105833333 0.0514895833 -0.0296875
0.0105833333 0.054125 -0.0271484375
0.0105833333 0.054125 0.150585937
0.0105833333 0.0593958333 -0.0271484375
0.0105833333 0.0593958333 0.150585937
0.0105833333 0.06203125 -0.024609375
0.0105833333 0.0646666667 -0.0220703125
0.0105833333 0.0646666667 0.150585937
0.0105833333 0.0673020833 -0.01953125
0.0105833333 0.0699375 -0.0169921875
0.0105833333 0.0673020833 0.148046875
0.0105833333 0.0699375 0.145507812
0.0105833333 0.0752083333 -0.0169921875
0.0105833333 0.0752083333 0.145507812
0.0105833333 0.07784375 -0.014453125
0.0105833333 0.0804791667 -0.0119140625
0.0105833333 0.0804791667 0.145507812
0.0105833333 0.0831145833 -0.009375
0.0079375 0.08575 -0.009375
0.0105833333 0.08575 -0.0068359375
0.0105833333 0.08575 0.145507812
0.0105833333 0.0910208333 -0.0068359375
0.0105833333 0.0910208333 0.145507812
0.0105833333 0.09365625 -0.004296875
0.0105833333 0.0962916667 -0.0017578125
0.0105833333 0.09365625 0.137890625
0.0105833333 0.0962916667 0.135351562
0.0105833333 0.09365625 0.14296875
0.0105833333 0.0989270833 0.00078125
0.0105833333 0.0989270833 0.005859375
0.0105833333 0.1015625 0.0083984375
0.0105833333 0.0989270833 0.127734375
0.0105833333 0.1015625 0.125195312
0.0105833333 0.0989270833 0.1328125
0.0105833333 0.104197917 0.0109375
0.0105833333 0.104197917 0.016015625
0.0105833333 0.104197917 0.02109375
0.0105833333 0.104197917 0.026171875
0.0105833333 0.104197917 0.03125
0.0105833333 0.104197917 0.036328125
0.0105833333 0.104197917 0.04140625
0.0105833333 0.104197917 0.046484375
0.0105833333 0.104197917 0.0515625
0.0105833333 0.104197917 0.056640625
0.0105833333 0.104197917 0.06171875
0.0105833333 0.104197917 0.066796875
0.0079375 0.106833333 0.071875
0.0105833333 0.106833333 0.0693359375
0.0105833333 0.106833333 0.0744140625
0.0105833333 0.104197917 0.076953125
0.0105833333 0.104197917 0.08203125
0.0105833333 0.104197917 0.087109375
0.0105833333 0.104197917 0.0921875
0.0105833333 0.104197917 0.097265625
0.0105833333 0.104197917 0.10234375
0.0105833333 0.104197917 0.107421875
0.0105833333 0.104197917 0.1125
0.0105833333 0.104197917 0.117578125
0.0105833333 0.104197917 0.12265625
0.0105833333 0.10946875 0.071875
0.0132291667 -0.0618333333 0.005859375
0.0132291667 -0.0618333333 0.0109375
0.0132291667 -0.0618333333 0.016015625
0.0132291667 -0.0618333333 0.02109375
0.0132291667 -0.0618333333 0.036328125
0.015875 -0.0618333333 0.0388671875
0.015875 -0.06446875 0.04140625
0.015875 -0.06446875 0.046484375
0.015875 -0.06446875 0.0515625
0.015875 -0.06446875 0.056640625
0.015875 -0.06446875 0.06171875
0.015875 -0.06446875 0.066796875
0.015875 -0.06446875 0.071875
0.015875 -0.06446875 0.076953125
0.015875 -0.06446875 0.08203125
0.015875 -0.06446875 0.087109375
0.015875 -0.06446875 0.0921875
0.015875 -0.06446875 0.097265625
0.0132291667 -0.0618333333 0.10234375
0.015875 -0.0618333333 0.0998046875
0.0132291667 -0.0618333333 0.107421875
0.0132291667 -0.0618333333 0.1125
0.015875 -0.0565625 -0.0017578125
0.015875 -0.0591979167 0.00078125
0.015875 -0.0591979167 0.005859375
0.015875 -0.0591979167 0.0109375
0.015875 -0.0591979167 0.016015625
0.015875 -0.0591979167 0.02109375
0.015875 -0.0591979167 0.026171875
0.015875 -0.0591979167 0.03125
0.015875 -0.0591979167 0.036328125
0.015875 -0.0591979167 0.10234375
0.015875 -0.0591979167 0.107421875
0.015875 -0.0591979167 0.1125
0.015875 -0.0591979167 0.117578125
0.015875 -0.0591979167 0.12265625
0.015875 -0.0591979167 0.127734375
0.015875 -0.0591979167 0.1328125
0.015875 -0.0591979167 0.137890625
0.015875 -0.0565625 0.140429687
0.0132291667 -0.0512916667 -0.004296875
0.015875 -0.0512916667 -0.0017578125
0.015875 -0.0512916667 0.140429687
0.0132291667 -0.0460208333 -0.009375
0.015875 -0.0460208333 -0.0119140625
0.015875 -0.04865625 -0.009375
0.015875 -0.04865625 -0.004296875
0.015875 -0.04865625 0.14296875
0.015875 -0.0460208333 0.145507812
0.015875 -0.04075 -0.0119140625
0.015875 -0.04075 0.145507812
0.015875 -0.0354791667 -0.0119140625
0.015875 -0.0354791667 0.145507812
0.015875 -0.0302083333 -0.0169921875
0.015875 -0.03284375 -0.014453125
0.015875 -0.03284375 0.148046875
0.015875 -0.0302083333 0.150585937
0.015875 -0.0249375 -0.0169921875
0.015875 -0.0249375 0.150585937
0.015875 -0.0196666667 -0.0220703125
0.015875 -0.0223020833 -0.01953125
0.015875 -0.0196666667 0.150585937
0.015875 -0.0143958333 -0.0220703125
0.015875 -0.0143958333 0.150585937
0.0132291667 -0.009125 -0.024609375
0.015875 -0.009125 -0.0271484375
0.015875 -0.0117604167 -0.024609375
0.015875 -0.0117604167 0.153125
0.015875 -0.009125 0.155664062
0.0132291667 -0.00385416667 -0.0296875
0.015875 -0.00385416667 -0.0271484375
0.015875 -0.00385416667 0.155664062
0.015875 0.00141666667 -0.0322265625
0.015875 -0.00121875 -0.0296875
0.015875 0.00141666667 0.155664062
0.0132291667 0.0066875 -0.034765625
0.015875 0.0066875 -0.0322265625
0.015875 0.0066875 0.155664062
0.015875 0.0119583333 -0.0373046875
0.015875 0.00932291667 -0.034765625
0.015875 0.0119583333 0.155664062
0.015875 0.0172291667 -0.0423828125
0.015875 0.01459375 -0.03984375
0.015875 0.0172291667 0.155664062
0.015875 0.0225 -0.0423828125
0.015875 0.0225 0.155664062
0.015875 0.0251354167 -0.03984375
0.0132291667 0.0277708333 -0.03984375
0.015875 0.0277708333 -0.0373046875
0.015875 0.0277708333 0.155664062
0.015875 0.0330416667 -0.0423828125
0.015875 0.03040625 -0.03984375
0.015875 0.0330416667 0.155664062
0.015875 0.0356770833 -0.03984375
0.015875 0.0383125 -0.0373046875
0.0132291667 0.0383125 0.153125
0.015875 0.0356770833 0.153125
0.015875 0.0383125 0.150585937
0.015875 0.0435833333 -0.0373046875
0.015875 0.0435833333 0.150585937
0.015875 0.04621875 -0.034765625
0.015875 0.0488541667 -0.0322265625
0.015875 0.0488541667 0.150585937
0.015875 0.0514895833 -0.0296875
0.015875 0.054125 -0.0271484375
0.015875 0.054125 0.150585937
0.015875 0.0593958333 -0.0271484375
0.015875 0.0593958333 0.150585937
0.015875 0.06203125 -0.024609375
0.015875 0.0646666667 -0.0220703125
0.0132291667 0.0646666667 0.148046875
0.015875 0.06203125 0.148046875
0.015875 0.0646666667 0.145507812
0.0132291667 0.0699375 -0.01953125
0.015875 0.0699375 -0.0220703125
0.015875 0.0699375 0.145507812
0.015875 0.0725729167 -0.01953125
0.015875 0.0752083333 -0.0169921875
0.015875 0.0752083333 0.145507812
0.015875 0.07784375 -0.014453125
0.015875 0.0804791667 -0.0119140625
0.015875 0.0804791667 0.145507812
0.015875 0.0831145833 -0.009375
0.015875 0.08575 -0.0068359375
0.015875 0.08575 0.145507812
0.015875 0.0910208333 -0.0068359375
0.0132291667 0.0910208333 0.14296875
0.015875 0.0883854167 0.14296875
0.015875 0.0910208333 0.140429687
0.015875 0.09365625 -0.004296875
0.015875 0.0962916667 -0.0017578125
0.0132291667 0.0962916667 0.137890625
0.015875 0.0962916667 0.140429687
0.015875 0.0989270833 0.00078125
0.015875 0.0989270833 0.005859375
0.015875 0.1015625 0.0083984375
0.0132291667 0.1015625 0.127734375
0.015875 0.1015625 0.130273437
0.015875 0.0989270833 0.1328125
0.015875 0.0989270833 0.137890625
0.015875 0.104197917 0.0109375
0.015875 0.104197917 0.016015625
0.015875 0.104197917 0.02109375
0.015875 0.104197917 0.026171875
0.015875 0.104197917 0.03125
0.015875 0.104197917 0.036328125
0.015875 0.104197917 0.04140625
0.015875 0.104197917 0.046484375
0.015875 0.104197917 0.0515625
0.015875 0.104197917 0.056640625
0.015875 0.104197917 0.06171875
0.015875 0.104197917 0.066796875
0.0132291667 0.106833333 0.071875
0.015875 0.104197917 0.071875
0.015875 0.104197917 0.076953125
0.015875 0.104197917 0.08203125
0.015875 0.104197917 0.087109375
0.015875 0.104197917 0.0921875
0.015875 0.104197917 0.097265625
0.015875 0.104197917 0.10234375
0.015875 0.104197917 0.107421875
0.015875 0.104197917 0.1125
0.015875 0.104197917 0.117578125
0.015875 0.104197917 0.12265625
0.015875 0.104197917 0.127734375
0.0211666667 -0.0618333333 0.0388671875
0.0211666667 -0.06446875 0.04140625
0.0211666667 -0.06446875 0.046484375
0.0211666667 -0.06446875 0.0515625
0.0211666667 -0.06446875 0.056640625
0.0211666667 -0.06446875 0.06171875
0.0211666667 -0.06446875 0.066796875
0.0211666667 -0.06446875 0.071875
0.0211666667 -0.06446875 0.076953125
0.0211666667 -0.06446875 0.08203125
0.0211666667 -0.06446875 0.087109375
0.0185208333 -0.0618333333 0.0921875
0.0211666667 -0.0618333333 0.0896484375
0.0185208333 -0.0618333333 0.097265625
0.0211666667 -0.0565625 -0.0017578125
0.0211666667 -0.0591979167 0.00078125
0.0211666667 -0.0591979167 0.005859375
0.0211666667 -0.0591979167 0.0109375
0.0211666667 -0.0591979167 0.016015625
0.0211666667 -0.0591979167 0.02109375
0.0211666667 -0.0591979167 0.026171875
0.0211666667 -0.0591979167 0.03125
0.0211666667 -0.0591979167 0.036328125
0.0211666667 -0.0591979167 0.0921875
0.0211666667 -0.0591979167 0.097265625
0.0211666667 -0.0591979167 0.10234375
0.0211666667 -0.0591979167 0.107421875
0.0211666667 -0.0591979167 0.1125
0.0211666667 -0.0591979167 0.117578125
0.0211666667 -0.0591979167 0.12265625
0.0211666667 -0.0591979167 0.127734375
0.0211666667 -0.0591979167 0.1328125
0.0211666667 -0.0591979167 0.137890625
0.0211666667 -0.0565625 0.140429687
0.0211666667 -0.0512916667 -0.0017578125
0.0211666667 -0.0512916667 0.140429687
0.0185208333 -0.0460208333 -0.009375
0.0211666667 -0.0460208333 -0.0068359375
0.0211666667 -0.04865625 -0.004296875
0.0211666667 -0.04865625 0.14296875
0.0211666667 -0.0460208333 0.145507812
0.0185208333 -0.04075 -0.009375
0.0211666667 -0.04075 -0.0068359375
0.0211666667 -0.04075 0.145507812
0.0185208333 -0.0354791667 -0.014453125
0.0211666667 -0.0354791667 -0.0169921875
0.0211666667 -0.0381145833 -0.014453125
0.0211666667 -0.0381145833 -0.009375
0.0211666667 -0.0354791667 0.145507812
0.0211666667 -0.0302083333 -0.0169921875
0.0211666667 -0.03284375 0.148046875
0.0211666667 -0.0302083333 0.150585937
0.0211666667 -0.0249375 -0.0169921875
0.0211666667 -0.0249375 0.150585937
0.0211666667 -0.0196666667 -0.0220703125
0.0211666667 -0.0223020833 -0.01953125
0.0211666667 -0.0196666667 0.150585937
0.0211666667 -0.0143958333 -0.0220703125
0.0211666667 -0.01703125 0.153125
0.0185208333 -0.0143958333 0.153125
0.0211666667 -0.0143958333 0.155664062
0.0211666667 -0.009125 -0.0271484375
0.0211666667 -0.0117604167 -0.024609375
0.0211666667 -0.009125 0.155664062
0.0211666667 -0.00385416667 -0.0271484375
0.0211666667 -0.00385416667 0.155664062
0.0211666667 0.00141666667 -0.0322265625
0.0211666667 -0.00121875 -0.0296875
0.0211666667 0.00141666667 0.155664062
0.0211666667 0.0066875 -0.0322265625
0.0211666667 0.0066875 0.155664062
0.0211666667 0.0119583333 -0.0373046875
0.0211666667 0.00932291667 -0.034765625
0.0211666667 0.0119583333 0.155664062
0.0185208333 0.0172291667 -0.03984375
0.0211666667 0.0172291667 -0.0373046875
0.0211666667 0.0172291667 0.155664062
0.0185208333 0.0225 -0.03984375
0.0211666667 0.0225 -0.0373046875
0.0211666667 0.0225 0.155664062
0.0211666667 0.0277708333 -0.0373046875
0.0211666667 0.0277708333 0.155664062
0.0185208333 0.0330416667 -0.03984375
0.0211666667 0.0330416667 -0.0373046875
0.0211666667 0.0330416667 0.155664062
0.0211666667 0.0383125 -0.0373046875
0.0211666667 0.0356770833 0.153125
0.0211666667 0.0383125 0.150585937
0.0211666667 0.0409479167 -0.034765625
0.0185208333 0.0435833333 -0.034765625
0.0211666667 0.0435833333 -0.0322265625
0.0211666667 0.0435833333 0.150585937
0.0211666667 0.0488541667 -0.0322265625
0.0211666667 0.0488541667 0.150585937
0.0211666667 0.0514895833 -0.0296875
0.0211666667 0.054125 -0.0271484375
0.0211666667 0.054125 0.150585937
0.0211666667 0.0593958333 -0.0271484375
0.0211666667 0.0593958333 0.150585937
0.0211666667 0.06203125 -0.024609375
0.0211666667 0.0646666667 -0.0220703125
0.0211666667 0.06203125 0.148046875
0.0211666667 0.0646666667 0.145507812
0.0211666667 0.0673020833 -0.01953125
0.0185208333 0.0699375 -0.01953125
0.0211666667 0.0699375 -0.0169921875
0.0211666667 0.0699375 0.145507812
0.0211666667 0.0752083333 -0.0169921875
0.0211666667 0.0752083333 0.145507812
0.0211666667 0.07784375 -0.014453125
0.0211666667 0.0804791667 -0.0119140625
0.0211666667 0.0804791667 0.145507812
0.0185208333 0.08575 -0.009375
0.0211666667 0.08575 -0.0119140625
0.0211666667 0.08575 0.145507812
0.0211666667 0.0883854167 -0.009375
0.0211666667 0.0883854167 -0.004296875
0.0185208333 0.0910208333 -0.004296875
0.0211666667 0.0910208333 -0.0017578125
0.0211666667 0.0883854167 0.14296875
0.0211666667 0.0910208333 0.140429687
0.0211666667 0.0962916667 -0.0017578125
0.0211666667 0.0962916667 0.140429687
0.0211666667 0.0989270833 0.00078125
0.0185208333 0.1015625 0.005859375
0.0211666667 0.1015625 0.0033203125
0.0185208333 0.1015625 0.127734375
0.0211666667 0.0989270833 0.127734375
0.0211666667 0.1015625 0.125195312
0.0211666667 0.0989270833 0.1328125
0.0211666667 0.0989270833 0.137890625
0.0211666667 0.104197917 0.005859375
0.0211666667 0.104197917 0.0109375
0.0211666667 0.104197917 0.016015625
0.0211666667 0.104197917 0.02109375
0.0211666667 0.104197917 0.026171875
0.0211666667 0.104197917 0.03125
0.0211666667 0.104197917 0.036328125
0.0211666667 0.104197917 0.04140625
0.0211666667 0.104197917 0.046484375
0.0211666667 0.104197917 0.0515625
0.0211666667 0.104197917 0.056640625
0.0211666667 0.104197917 0.06171875
0.0211666667 0.104197917 0.066796875
0.0211666667 0.104197917 0.071875
0.0211666667 0.104197917 0.076953125
0.0211666667 0.104197917 0.08203125
0.0211666667 0.104197917 0.087109375
0.0211666667 0.104197917 0.0921875
0.0211666667 0.104197917 0.097265625
0.0211666667 0.104197917 0.10234375
0.0211666667 0.104197917 0.107421875
0.0211666667 0.104197917 0.1125
0.0211666667 0.104197917 0.117578125
0.0211666667 0.104197917 0.12265625
0.0238125 -0.0618333333 0.04140625
0.0264583333 -0.0618333333 0.0439453125
0.0264583333 -0.06446875 0.046484375
0.0264583333 -0.06446875 0.0515625
0.0264583333 -0.06446875 0.056640625
0.0264583333 -0.06446875 0.06171875
0.0264583333 -0.06446875 0.066796875
0.0264583333 -0.06446875 0.071875
0.0264583333 -0.06446875 0.076953125
0.0238125 -0.0618333333 0.08203125
0.0264583333 -0.0618333333 0.0794921875
0.0238125 -0.0618333333 0.087109375
0.0264583333 -0.0565625 -0.0017578125
0.0264583333 -0.0591979167 0.00078125
0.0264583333 -0.0591979167 0.005859375
0.0264583333 -0.0591979167 0.0109375
0.0264583333 -0.0591979167 0.016015625
0.0264583333 -0.0591979167 0.02109375
0.0264583333 -0.0591979167 0.026171875
0.0264583333 -0.0591979167 0.03125
0.0264583333 -0.0591979167 0.036328125
0.0264583333 -0.0591979167 0.04140625
0.0264583333 -0.0591979167 0.08203125
0.0264583333 -0.0591979167 0.087109375
0.0264583333 -0.0591979167 0.0921875
0.0264583333 -0.0591979167 0.097265625
0.0264583333 -0.0591979167 0.10234375
0.0264583333 -0.0591979167 0.107421875
0.0264583333 -0.0591979167 0.1125
0.0264583333 -0.0591979167 0.117578125
0.0264583333 -0.0591979167 0.12265625
0.0264583333 -0.0591979167 0.127734375
0.0264583333 -0.0591979167 0.1328125
0.0238125 -0.0565625 0.137890625
0.0264583333 -0.0565625 0.135351562
0.0238125 -0.0512916667 -0.004296875
0.0264583333 -0.0512916667 -0.0068359375
0.0264583333 -0.0539270833 -0.004296875
0.0264583333 -0.0539270833 0.137890625
0.0264583333 -0.0512916667 0.140429687
0.0264583333 -0.0460208333 -0.0068359375
0.0264583333 -0.04865625 0.14296875
0.0264583333 -0.0460208333 0.145507812
0.0238125 -0.04075 -0.009375
0.0264583333 -0.04075 -0.0119140625
0.0264583333 -0.0433854167 -0.009375
0.0264583333 -0.04075 0.145507812
0.0238125 -0.0354791667 -0.014453125
0.0264583333 -0.0354791667 -0.0119140625
0.0264583333 -0.0354791667 0.145507812
0.0238125 -0.0302083333 -0.014453125
0.0264583333 -0.0302083333 -0.0119140625
0.0238125 -0.0302083333 0.148046875
0.0264583333 -0.0302083333 0.145507812
0.0264583333 -0.0249375 -0.0169921875
0.0264583333 -0.0275729167 -0.014453125
0.0264583333 -0.0275729167 0.148046875
0.0264583333 -0.0249375 0.150585937
0.0264583333 -0.0196666667 -0.0220703125
0.0264583333 -0.0223020833 -0.01953125
0.0264583333 -0.0196666667 0.150585937
0.0238125 -0.0143958333 -0.024609375
0.0264583333 -0.0143958333 -0.0271484375
0.0264583333 -0.01703125 -0.024609375
0.0238125 -0.0143958333 0.153125
0.0264583333 -0.0143958333 0.150585937
0.0264583333 -0.009125 -0.0271484375
0.0238125 -0.009125 0.153125
0.0264583333 -0.009125 0.150585937
0.0264583333 -0.00385416667 -0.0271484375
0.0238125 -0.00385416667 0.153125
0.0264583333 -0.00385416667 0.150585937
0.0264583333 0.00141666667 -0.0322265625
0.0264583333 -0.00121875 -0.0296875
0.0238125 0.00141666667 0.153125
0.0264583333 0.00141666667 0.150585937
0.0264583333 0.0066875 -0.0322265625
0.0238125 0.0066875 0.153125
0.0264583333 0.0066875 0.150585937
0.0238125 0.0119583333 -0.034765625
0.0264583333 0.0119583333 -0.0322265625
0.0238125 0.0119583333 0.153125
0.0264583333 0.0119583333 0.150585937
0.0238125 0.0172291667 -0.034765625
0.0264583333 0.0172291667 -0.0322265625
0.0238125 0.0172291667 0.153125
0.0264583333 0.0172291667 0.150585937
0.0238125 0.0225 -0.034765625
0.0264583333 0.0225 -0.0322265625
0.0238125 0.0225 0.153125
0.0264583333 0.0225 0.150585937
0.0238125 0.0277708333 -0.034765625
0.0264583333 0.0277708333 -0.0322265625
0.0238125 0.0277708333 0.153125
0.0264583333 0.0277708333 0.150585937
0.0238125 0.0330416667 -0.034765625
0.0264583333 0.0330416667 -0.0322265625
0.0264583333 0.03040625 0.153125
0.0264583333 0.0330416667 0.155664062
0.0238125 0.0383125 -0.034765625
0.0264583333 0.0383125 -0.0322265625
0.0264583333 0.0356770833 0.153125
0.0264583333 0.0383125 0.150585937
0.0264583333 0.0435833333 -0.0322265625
0.0264583333 0.0435833333 0.150585937
0.0264583333 0.0488541667 -0.0322265625
0.0264583333 0.0488541667 0.150585937
0.0238125 0.054125 -0.0296875
0.0264583333 0.054125 -0.0322265625
0.0264583333 0.054125 0.150585937
0.0264583333 0.0567604167 -0.0296875
0.0264583333 0.0567604167 -0.024609375
0.0238125 0.0593958333 -0.024609375
0.0264583333 0.0593958333 -0.0220703125
0.0264583333 0.0593958333 0.150585937
0.0264583333 0.0646666667 -0.0220703125
0.0264583333 0.06203125 0.148046875
0.0264583333 0.0646666667 0.145507812
0.0264583333 0.0673020833 -0.01953125
0.0264583333 0.0699375 -0.0169921875
0.0264583333 0.0699375 0.145507812
0.0264583333 0.0752083333 -0.0169921875
0.0264583333 0.0752083333 0.145507812
0.0264583333 0.07784375 -0.014453125
0.0264583333 0.0804791667 -0.0119140625
0.0264583333 0.0804791667 0.145507812
0.0264583333 0.0831145833 -0.009375
0.0238125 0.08575 -0.009375
0.0264583333 0.08575 -0.0068359375
0.0264583333 0.08575 0.145507812
0.0264583333 0.0883854167 -0.004296875
0.0264583333 0.0910208333 -0.0017578125
0.0264583333 0.0883854167 0.14296875
0.0264583333 0.0910208333 0.140429687
0.0264583333 0.0962916667 -0.0017578125
0.0264583333 0.0962916667 0.140429687
0.0264583333 0.0989270833 0.00078125
0.0238125 0.1015625 0.005859375
0.0264583333 0.0989270833 0.005859375
0.0238125 0.1015625 0.0109375
0.0264583333 0.0989270833 0.0109375
0.0264583333 0.1015625 0.0134765625
0.0264583333 0.0989270833 0.127734375
0.0264583333 0.1015625 0.125195312
0.0264583333 0.0989270833 0.1328125
0.0264583333 0.0989270833 0.137890625
0.0264583333 0.104197917 0.016015625
0.0264583333 0.104197917 0.02109375
0.0264583333 0.104197917 0.026171875
0.0264583333 0.104197917 0.03125
0.0264583333 0.104197917 0.036328125
0.0264583333 0.104197917 0.04140625
0.0264583333 0.104197917 0.046484375
0.0264583333 0.104197917 0.0515625
0.0264583333 0.104197917 0.056640625
0.0264583333 0.104197917 0.06171875
0.0264583333 0.104197917 0.066796875
0.0264583333 0.104197917 0.071875
0.0264583333 0.104197917 0.076953125
0.0264583333 0.104197917 0.08203125
0.0264583333 0.104197917 0.087109375
0.0264583333 0.104197917 0.0921875
0.0264583333 0.104197917 0.097265625
0.0264583333 0.104197917 0.10234375
0.0264583333 0.104197917 0.107421875
0.0264583333 0.104197917 0.1125
0.0264583333 0.104197917 0.117578125
0.0264583333 0.104197917 0.12265625
0.03175 -0.0618333333 0.0439453125
0.03175 -0.06446875 0.046484375
0.03175 -0.06446875 0.0515625
0.03175 -0.06446875 0.056640625
0.03175 -0.06446875 0.06171875
0.03175 -0.06446875 0.066796875
0.0291041667 -0.0618333333 0.071875
0.03175 -0.0618333333 0.0693359375
0.0291041667 -0.0618333333 0.076953125
0.03175 -0.0565625 -0.0017578125
0.03175 -0.0591979167 0.00078125
0.03175 -0.0591979167 0.005859375
0.03175 -0.0591979167 0.0109375
0.03175 -0.0591979167 0.016015625
0.03175 -0.0591979167 0.02109375
0.03175 -0.0591979167 0.026171875
0.03175 -0.0591979167 0.03125
0.03175 -0.0591979167 0.036328125
0.03175 -0.0591979167 0.04140625
0.03175 -0.0591979167 0.071875
0.03175 -0.0591979167 0.076953125
0.03175 -0.0591979167 0.08203125
0.03175 -0.0591979167 0.087109375
0.03175 -0.0591979167 0.0921875
0.03175 -0.0591979167 0.097265625
0.03175 -0.0591979167 0.10234375
0.03175 -0.0591979167 0.107421875
0.03175 -0.0591979167 0.1125
0.03175 -0.0591979167 0.117578125
0.03175 -0.0591979167 0.12265625
0.03175 -0.0591979167 0.127734375
0.03175 -0.0591979167 0.1328125
0.03175 -0.0565625 0.135351562
0.03175 -0.0512916667 -0.0068359375
0.03175 -0.0539270833 -0.004296875
0.03175 -0.0539270833 0.137890625
0.03175 -0.0512916667 0.140429687
0.03175 -0.0460208333 -0.0068359375
0.0291041667 -0.0460208333 0.14296875
0.03175 -0.0460208333 0.140429687
0.03175 -0.04075 -0.0119140625
0.03175 -0.0433854167 -0.009375
0.03175 -0.0433854167 0.14296875
0.03175 -0.04075 0.145507812
0.03175 -0.0354791667 -0.0119140625
0.03175 -0.0354791667 0.145507812
0.0291041667 -0.0302083333 -0.014453125
0.03175 -0.0302083333 -0.0169921875
0.03175 -0.03284375 -0.014453125
0.03175 -0.03284375 0.148046875
0.0291041667 -0.0302083333 0.148046875
0.03175 -0.0302083333 0.150585937
0.03175 -0.0249375 -0.0169921875
0.03175 -0.0249375 0.150585937
0.0291041667 -0.0196666667 -0.01953125
0.03175 -0.0196666667 -0.0169921875
0.03175 -0.0196666667 0.150585937
0.0291041667 -0.0143958333 -0.024609375
0.03175 -0.0143958333 -0.0220703125
0.03175 -0.01703125 -0.01953125
0.03175 -0.0143958333 0.150585937
0.03175 -0.009125 -0.0271484375
0.03175 -0.0117604167 -0.024609375
0.03175 -0.009125 0.150585937
0.03175 -0.00385416667 -0.0271484375
0.03175 -0.00385416667 0.150585937
0.03175 0.00141666667 -0.0322265625
0.03175 -0.00121875 -0.0296875
0.03175 0.00141666667 0.150585937
0.03175 0.0066875 -0.0322265625
0.03175 0.0066875 0.150585937
0.03175 0.00932291667 -0.0296875
0.0291041667 0.0119583333 -0.0296875
0.03175 0.0119583333 -0.0271484375
0.03175 0.0119583333 0.150585937
0.0291041667 0.0172291667 -0.0296875
0.03175 0.0172291667 -0.0271484375
0.03175 0.0172291667 0.150585937
0.03175 0.0225 -0.0322265625
0.03175 0.0198645833 -0.0296875
0.03175 0.0225 0.150585937
0.03175 0.0277708333 -0.0322265625
0.03175 0.0277708333 0.150585937
0.03175 0.03040625 -0.0296875
0.0291041667 0.0330416667 -0.0296875
0.03175 0.0330416667 -0.0271484375
0.0291041667 0.0330416667 0.153125
0.03175 0.0330416667 0.150585937
0.03175 0.0383125 -0.0322265625
0.03175 0.0356770833 -0.0296875
0.03175 0.0383125 0.150585937
0.03175 0.0435833333 -0.0322265625
0.03175 0.0435833333 0.150585937
0.03175 0.04621875 -0.0296875
0.0291041667 0.0488541667 -0.0296875
0.03175 0.0488541667 -0.0271484375
0.03175 0.0488541667 0.150585937
0.0291041667 0.054125 -0.0296875
0.03175 0.054125 -0.0271484375
0.03175 0.054125 0.150585937
0.03175 0.0593958333 -0.0271484375
0.0291041667 0.0593958333 -0.024609375
0.0291041667 0.0593958333 0.148046875
0.03175 0.0567604167 0.148046875
0.03175 0.0593958333 0.145507812
0.03175 0.06203125 -0.024609375
0.03175 0.0646666667 -0.0220703125
0.03175 0.0646666667 0.145507812
0.0291041667 0.0699375 -0.01953125
0.03175 0.0699375 -0.0220703125
0.03175 0.0699375 0.145507812
0.03175 0.0725729167 -0.01953125
0.03175 0.0725729167 -0.014453125
0.0291041667 0.0752083333 -0.014453125
0.03175 0.0752083333 -0.0119140625
0.03175 0.0752083333 0.145507812
0.03175 0.0804791667 -0.0119140625
0.03175 0.0804791667 0.145507812
0.03175 0.0831145833 -0.009375
0.03175 0.08575 -0.0068359375
0.0291041667 0.08575 0.14296875
0.03175 0.0831145833 0.14296875
0.03175 0.08575 0.140429687
0.0291041667 0.0910208333 -0.004296875
0.03175 0.0910208333 -0.0068359375
0.03175 0.0910208333 0.140429687
0.03175 0.09365625 -0.004296875
0.03175 0.0962916667 -0.0017578125
0.03175 0.0962916667 0.140429687
0.03175 0.0989270833 0.00078125
0.03175 0.0989270833 0.005859375
0.0291041667 0.1015625 0.0109375
0.03175 0.1015625 0.0083984375
0.0291041667 0.1015625 0.02109375
0.03175 0.0989270833 0.02109375
0.03175 0.1015625 0.0185546875
0.0291041667 0.1015625 0.026171875
0.03175 0.0989270833 0.026171875
0.03175 0.1015625 0.0287109375
0.0291041667 0.1015625 0.071875
0.03175 0.0989270833 0.071875
0.03175 0.1015625 0.0693359375
0.0291041667 0.1015625 0.076953125
0.03175 0.0989270833 0.076953125
0.03175 0.1015625 0.0794921875
0.0291041667 0.1015625 0.117578125
0.03175 0.0989270833 0.117578125
0.03175 0.1015625 0.115039062
0.0291041667 0.1015625 0.12265625
0.03175 0.0989270833 0.12265625
0.03175 0.0989270833 0.127734375
0.03175 0.0989270833 0.1328125
0.03175 0.0989270833 0.137890625
0.03175 0.104197917 0.0109375
0.03175 0.104197917 0.016015625
0.03175 0.104197917 0.03125
0.03175 0.104197917 0.036328125
0.03175 0.104197917 0.04140625
0.03175 0.104197917 0.046484375
0.03175 0.104197917 0.0515625
0.03175 0.104197917 0.056640625
0.03175 0.104197917 0.06171875
0.03175 0.104197917 0.066796875
0.03175 0.104197917 0.08203125
0.03175 0.104197917 0.087109375
0.03175 0.104197917 0.0921875
0.03175 0.104197917 0.097265625
0.03175 0.104197917 0.10234375
0.03175 0.104197917 0.107421875
0.03175 0.104197917 0.1125
0.0343958333 -0.0618333333 0.046484375
0.0370416667 -0.0618333333 0.0490234375
0.0370416667 -0.06446875 0.0515625
0.0370416667 -0.06446875 0.056640625
0.0343958333 -0.0618333333 0.06171875
0.0370416667 -0.0618333333 0.0591796875
0.0343958333 -0.0618333333 0.066796875
0.0370416667 -0.0565625 -0.0017578125
0.0370416667 -0.0591979167 0.00078125
0.0370416667 -0.0591979167 0.005859375
0.0370416667 -0.0591979167 0.0109375
0.0370416667 -0.0591979167 0.016015625
0.0370416667 -0.0591979167 0.02109375
0.0370416667 -0.0591979167 0.026171875
0.0370416667 -0.0591979167 0.03125
0.0370416667 -0.0591979167 0.036328125
0.0370416667 -0.0591979167 0.04140625
0.0370416667 -0.0591979167 0.046484375
0.0370416667 -0.0591979167 0.06171875
0.0370416667 -0.0591979167 0.066796875
0.0370416667 -0.0591979167 0.071875
0.0370416667 -0.0591979167 0.076953125
0.0370416667 -0.0591979167 0.08203125
0.0370416667 -0.0591979167 0.087109375
0.0370416667 -0.0591979167 0.0921875
0.0370416667 -0.0591979167 0.097265625
0.0370416667 -0.0591979167 0.10234375
0.0370416667 -0.0591979167 0.107421875
0.0370416667 -0.0591979167 0.1125
0.0370416667 -0.0591979167 0.117578125
0.0370416667 -0.0591979167 0.12265625
0.0370416667 -0.0591979167 0.127734375
0.0370416667 -0.0591979167 0.1328125
0.0370416667 -0.0591979167 0.137890625
0.0343958333 -0.0565625 0.137890625
0.0370416667 -0.0565625 0.140429687
0.0370416667 -0.0512916667 -0.0068359375
0.0370416667 -0.0539270833 -0.004296875
0.0370416667 -0.0512916667 0.140429687
0.0370416667 -0.0460208333 -0.0068359375
0.0370416667 -0.04865625 0.14296875
0.0343958333 -0.0460208333 0.14296875
0.0370416667 -0.0460208333 0.145507812
0.0370416667 -0.04075 -0.0119140625
0.0370416667 -0.0433854167 -0.009375
0.0370416667 -0.04075 0.145507812
0.0370416667 -0.0354791667 -0.0119140625
0.0370416667 -0.0354791667 0.145507812
0.0370416667 -0.0302083333 -0.0169921875
0.0370416667 -0.03284375 -0.014453125
0.0343958333 -0.0302083333 0.148046875
0.0370416667 -0.0302083333 0.145507812
0.0370416667 -0.0249375 -0.0169921875
0.0370416667 -0.0275729167 0.148046875
0.0370416667 -0.0249375 0.150585937
0.0343958333 -0.0196666667 -0.01953125
0.0370416667 -0.0196666667 -0.0220703125
0.0370416667 -0.0223020833 -0.01953125
0.0370416667 -0.0196666667 0.150585937
0.0370416667 -0.0143958333 -0.0220703125
0.0370416667 -0.0143958333 0.150585937
0.0370416667 -0.009125 -0.0271484375
0.0370416667 -0.0117604167 -0.024609375
0.0370416667 -0.009125 0.150585937
0.0370416667 -0.00385416667 -0.0271484375
0.0370416667 -0.00385416667 0.150585937
0.0343958333 0.00141666667 -0.0296875
0.0370416667 0.00141666667 -0.0271484375
0.0370416667 0.00141666667 0.150585937
0.0343958333 0.0066875 -0.0296875
0.0370416667 0.0066875 -0.0271484375
0.0370416667 0.0066875 0.150585937
0.0370416667 0.0119583333 -0.0271484375
0.0370416667 0.0119583333 0.150585937
0.0370416667 0.0172291667 -0.0271484375
0.0370416667 0.0172291667 0.150585937
0.0343958333 0.0225 -0.0296875
0.0370416667 0.0225 -0.0271484375
0.0370416667 0.0225 0.150585937
0.0343958333 0.0277708333 -0.0296875
0.0370416667 0.0277708333 -0.0271484375
0.0370416667 0.0277708333 0.150585937
0.0370416667 0.0330416667 -0.0271484375
0.0370416667 0.0330416667 0.150585937
0.0343958333 0.0383125 -0.0296875
0.0370416667 0.0383125 -0.0271484375
0.0370416667 0.0383125 0.150585937
0.0343958333 0.0435833333 -0.0296875
0.0370416667 0.0435833333 -0.0271484375
0.0370416667 0.0435833333 0.150585937
0.0370416667 0.0488541667 -0.0271484375
0.0370416667 0.0488541667 0.150585937
0.0370416667 0.054125 -0.0271484375
0.0370416667 0.054125 0.150585937
0.0370416667 0.0593958333 -0.0271484375
0.0343958333 0.0593958333 0.148046875
0.0370416667 0.0593958333 0.150585937
0.0370416667 0.06203125 -0.024609375
0.0370416667 0.0646666667 -0.0220703125
0.0370416667 0.06203125 0.148046875
0.0370416667 0.0646666667 0.145507812
0.0370416667 0.0699375 -0.0220703125
0.0370416667 0.0699375 0.145507812
0.0370416667 0.0725729167 -0.01953125
0.0343958333 0.0752083333 -0.014453125
0.0370416667 0.0752083333 -0.0169921875
0.0370416667 0.0752083333 0.145507812
0.0370416667 0.07784375 -0.014453125
0.0370416667 0.0804791667 -0.0119140625
0.0370416667 0.0804791667 0.145507812
0.0370416667 0.0831145833 -0.009375
0.0370416667 0.08575 -0.0068359375
0.0370416667 0.0831145833 0.14296875
0.0370416667 0.08575 0.140429687
0.0370416667 0.0910208333 -0.0068359375
0.0370416667 0.0910208333 0.140429687
0.0370416667 0.09365625 -0.004296875
0.0370416667 0.0962916667 -0.0017578125
0.0343958333 0.0962916667 0.137890625
0.0370416667 0.09365625 0.137890625
0.0370416667 0.0962916667 0.135351562
0.0370416667 0.0989270833 0.00078125
0.0370416667 0.0989270833 0.005859375
0.0343958333 0.1015625 0.0109375
0.0370416667 0.0989270833 0.0109375
0.0343958333 0.1015625 0.016015625
0.0370416667 0.0989270833 0.016015625
0.0370416667 0.0989270833 0.02109375
0.0370416667 0.0989270833 0.026171875
0.0370416667 0.1015625 0.0287109375
0.0343958333 0.1015625 0.06171875
0.0370416667 0.0989270833 0.06171875
0.0370416667 0.1015625 0.0591796875
0.0343958333 0.1015625 0.066796875
0.0370416667 0.0989270833 0.066796875
0.0370416667 0.0989270833 0.071875
0.0370416667 0.0989270833 0.076953125
0.0370416667 0.1015625 0.0794921875
0.0343958333 0.1015625 0.107421875
0.0370416667 0.0989270833 0.107421875
0.0370416667 0.1015625 0.104882812
0.0343958333 0.1015625 0.1125
0.0370416667 0.0989270833 0.1125
0.0370416667 0.0989270833 0.117578125
0.0370416667 0.0989270833 0.12265625
0.0370416667 0.0989270833 0.127734375
0.0370416667 0.0989270833 0.1328125
0.0370416667 0.104197917 0.03125
0.0370416667 0.104197917 0.036328125
0.0370416667 0.104197917 0.04140625
0.0370416667 0.104197917 0.046484375
0.0370416667 0.104197917 0.0515625
0.0370416667 0.104197917 0.056640625
0.0370416667 0.104197917 0.08203125
0.0370416667 0.104197917 0.087109375
0.0370416667 0.104197917 0.0921875
0.0370416667 0.104197917 0.097265625
0.0370416667 0.104197917 0.10234375
0.0396875 -0.0618333333 0.0515625
0.0396875 -0.0618333333 0.056640625
0.0423333333 -0.0565625 -0.0017578125
0.0423333333 -0.0591979167 0.00078125
0.0423333333 -0.0591979167 0.005859375
0.0423333333 -0.0591979167 0.0109375
0.0423333333 -0.0591979167 0.016015625
0.0423333333 -0.0591979167 0.02109375
0.0423333333 -0.0591979167 0.026171875
0.0423333333 -0.0591979167 0.03125
0.0423333333 -0.0591979167 0.036328125
0.0423333333 -0.0591979167 0.04140625
0.0423333333 -0.0591979167 0.046484375
0.0423333333 -0.0591979167 0.0515625
0.0423333333 -0.0591979167 0.056640625
0.0423333333 -0.0591979167 0.06171875
0.0423333333 -0.0591979167 0.066796875
0.0423333333 -0.0591979167 0.071875
0.0423333333 -0.0591979167 0.076953125
0.0423333333 -0.0591979167 0.08203125
0.0423333333 -0.0591979167 0.087109375
0.0423333333 -0.0591979167 0.0921875
0.0423333333 -0.0591979167 0.097265625
0.0423333333 -0.0591979167 0.10234375
0.0423333333 -0.0591979167 0.107421875
0.0423333333 -0.0591979167 0.1125
0.0423333333 -0.0591979167 0.117578125
0.0423333333 -0.0591979167 0.12265625
0.0423333333 -0.0591979167 0.127734375
0.0423333333 -0.0591979167 0.1328125
0.0396875 -0.0565625 0.137890625
0.0423333333 -0.0565625 0.135351562
0.0396875 -0.0512916667 -0.004296875
0.0423333333 -0.0512916667 -0.0017578125
0.0423333333 -0.0539270833 0.137890625
0.0423333333 -0.0512916667 0.140429687
0.0423333333 -0.0460208333 -0.0068359375
0.0423333333 -0.04865625 -0.004296875
0.0423333333 -0.04865625 0.14296875
0.0423333333 -0.0460208333 0.145507812
0.0423333333 -0.04075 -0.0119140625
0.0423333333 -0.0433854167 -0.009375
0.0423333333 -0.04075 0.145507812
0.0396875 -0.0354791667 -0.014453125
0.0423333333 -0.0354791667 -0.0169921875
0.0423333333 -0.0381145833 -0.014453125
0.0423333333 -0.0354791667 0.145507812
0.0423333333 -0.0302083333 -0.0169921875
0.0423333333 -0.0302083333 0.145507812
0.0423333333 -0.0249375 -0.0169921875
0.0423333333 -0.0275729167 0.148046875
0.0423333333 -0.0249375 0.150585937
0.0423333333 -0.0196666667 -0.0220703125
0.0423333333 -0.0223020833 -0.01953125
0.0423333333 -0.0196666667 0.150585937
0.0423333333 -0.0143958333 -0.0220703125
0.0423333333 -0.0143958333 0.150585937
0.0396875 -0.009125 -0.024609375
0.0423333333 -0.009125 -0.0220703125
0.0423333333 -0.009125 0.150585937
0.0396875 -0.00385416667 -0.024609375
0.0423333333 -0.00385416667 -0.0220703125
0.0423333333 -0.00385416667 0.150585937
0.0396875 0.00141666667 -0.024609375
0.0423333333 0.00141666667 -0.0220703125
0.0423333333 0.00141666667 0.150585937
0.0396875 0.0066875 -0.024609375
0.0423333333 0.0066875 -0.0220703125
0.0423333333 0.0066875 0.150585937
0.0396875 0.0119583333 -0.024609375
0.0423333333 0.0119583333 -0.0220703125
0.0423333333 0.0119583333 0.150585937
0.0396875 0.0172291667 -0.024609375
0.0423333333 0.0172291667 -0.0220703125
0.0423333333 0.0172291667 0.150585937
0.0396875 0.0225 -0.024609375
0.0423333333 0.0225 -0.0220703125
0.0423333333 0.0225 0.150585937
0.0396875 0.0277708333 -0.024609375
0.0423333333 0.0277708333 -0.0220703125
0.0423333333 0.0277708333 0.150585937
0.0396875 0.0330416667 -0.024609375
0.0423333333 0.0330416667 -0.0220703125
0.0423333333 0.0330416667 0.150585937
0.0396875 0.0383125 -0.024609375
0.0423333333 0.0383125 -0.0220703125
0.0423333333 0.0383125 0.150585937
0.0396875 0.0435833333 -0.024609375
0.0423333333 0.0435833333 -0.0220703125
0.0423333333 0.0435833333 0.150585937
0.0396875 0.0488541667 -0.024609375
0.0423333333 0.0488541667 -0.0220703125
0.0423333333 0.0488541667 0.150585937
0.0396875 0.054125 -0.024609375
0.0423333333 0.054125 -0.0220703125
0.0396875 0.054125 0.148046875
0.0423333333 0.0514895833 0.148046875
0.0423333333 0.054125 0.145507812
0.0396875 0.0593958333 -0.024609375
0.0423333333 0.0593958333 -0.0220703125
0.0423333333 0.0567604167 0.148046875
0.0423333333 0.0593958333 0.150585937
0.0423333333 0.0646666667 -0.0220703125
0.0396875 0.0646666667 0.148046875
0.0423333333 0.0646666667 0.150585937
0.0423333333 0.0673020833 -0.01953125
0.0396875 0.0699375 -0.01953125
0.0423333333 0.0699375 -0.0169921875
0.0396875 0.0699375 0.148046875
0.0423333333 0.0699375 0.150585937
0.0423333333 0.0752083333 -0.0169921875
0.0423333333 0.0725729167 0.148046875
0.0423333333 0.0752083333 0.145507812
0.0423333333 0.07784375 -0.014453125
0.0423333333 0.0804791667 -0.0119140625
0.0423333333 0.0804791667 0.145507812
0.0396875 0.08575 -0.009375
0.0423333333 0.08575 -0.0119140625
0.0423333333 0.0831145833 0.14296875
0.0423333333 0.08575 0.140429687
0.0423333333 0.0883854167 -0.009375
0.0423333333 0.0910208333 -0.0068359375
0.0423333333 0.0910208333 0.140429687
0.0423333333 0.09365625 -0.004296875
0.0423333333 0.0962916667 -0.0017578125
0.0396875 0.0962916667 0.137890625
0.0423333333 0.0962916667 0.140429687
0.0423333333 0.0989270833 0.00078125
0.0423333333 0.0989270833 0.005859375
0.0423333333 0.0989270833 0.0109375
0.0423333333 0.0989270833 0.016015625
0.0423333333 0.0989270833 0.02109375
0.0423333333 0.0989270833 0.026171875
0.0396875 0.1015625 0.03125
0.0423333333 0.0989270833 0.03125
0.0423333333 0.1015625 0.0337890625
0.0396875 0.1015625 0.0515625
0.0423333333 0.0989270833 0.0515625
0.0423333333 0.1015625 0.0490234375
0.0396875 0.1015625 0.056640625
0.0423333333 0.0989270833 0.056640625
0.0423333333 0.0989270833 0.06171875
0.0423333333 0.0989270833 0.066796875
0.0423333333 0.0989270833 0.071875
0.0423333333 0.0989270833 0.076953125
0.0396875 0.1015625 0.08203125
0.0423333333 0.0989270833 0.08203125
0.0423333333 0.1015625 0.0845703125
0.0396875 0.1015625 0.10234375
0.0423333333 0.0989270833 0.10234375
0.0423333333 0.1015625 0.0998046875
0.0423333333 0.0989270833 0.107421875
0.0423333333 0.0989270833 0.1125
0.0423333333 0.0989270833 0.117578125
0.0423333333 0.0989270833 0.12265625
0.0423333333 0.0989270833 0.127734375
0.0423333333 0.0989270833 0.1328125
0.0423333333 0.0989270833 0.137890625
0.0423333333 0.104197917 0.036328125
0.0423333333 0.104197917 0.04140625
0.0423333333 0.104197917 0.046484375
0.0423333333 0.104197917 0.087109375
0.0423333333 0.104197917 0.0921875
0.0423333333 0.104197917 0.097265625
0.047625 -0.0565625 -0.0017578125
0.047625 -0.0591979167 0.00078125
0.047625 -0.0591979167 0.005859375
0.047625 -0.0591979167 0.0109375
0.047625 -0.0591979167 0.016015625
0.047625 -0.0591979167 0.02109375
0.047625 -0.0591979167 0.026171875
0.047625 -0.0591979167 0.03125
0.047625 -0.0591979167 0.036328125
0.047625 -0.0591979167 0.04140625
0.047625 -0.0591979167 0.046484375
0.047625 -0.0591979167 0.0515625
0.047625 -0.0591979167 0.056640625
0.047625 -0.0591979167 0.06171875
0.047625 -0.0591979167 0.066796875
0.047625 -0.0591979167 0.071875
0.047625 -0.0591979167 0.076953125
0.047625 -0.0591979167 0.08203125
0.047625 -0.0591979167 0.087109375
0.047625 -0.0591979167 0.0921875
0.047625 -0.0591979167 0.097265625
0.047625 -0.0591979167 0.10234375
0.047625 -0.0591979167 0.107421875
0.047625 -0.0591979167 0.1125
0.047625 -0.0591979167 0.117578125
0.047625 -0.0591979167 0.12265625
0.047625 -0.0591979167 0.127734375
0.047625 -0.0591979167 0.1328125
0.047625 -0.0591979167 0.137890625
0.0449791667 -0.0565625 0.137890625
0.047625 -0.0565625 0.140429687
0.0449791667 -0.0512916667 -0.004296875
0.047625 -0.0512916667 -0.0068359375
0.047625 -0.0539270833 -0.004296875
0.047625 -0.0539270833 0.14296875
0.0449791667 -0.0512916667 0.14296875
0.047625 -0.0512916667 0.145507812
0.047625 -0.0460208333 -0.0068359375
0.047625 -0.0460208333 0.145507812
0.0449791667 -0.04075 -0.009375
0.047625 -0.04075 -0.0068359375
0.047625 -0.04075 0.145507812
0.0449791667 -0.0354791667 -0.014453125
0.047625 -0.0354791667 -0.0119140625
0.047625 -0.0381145833 -0.009375
0.047625 -0.0354791667 0.145507812
0.047625 -0.0302083333 -0.0169921875
0.047625 -0.03284375 -0.014453125
0.047625 -0.0302083333 0.145507812
0.0449791667 -0.0249375 -0.01953125
0.047625 -0.0249375 -0.0220703125
0.047625 -0.0275729167 -0.01953125
0.0449791667 -0.0249375 0.148046875
0.047625 -0.0249375 0.145507812
0.047625 -0.0196666667 -0.0220703125
0.0449791667 -0.0196666667 0.148046875
0.047625 -0.0196666667 0.145507812
0.047625 -0.01703125 -0.01953125
0.0449791667 -0.0143958333 -0.01953125
0.047625 -0.0143958333 -0.0169921875
0.0449791667 -0.0143958333 0.148046875
0.047625 -0.0143958333 0.145507812
0.047625 -0.009125 -0.0220703125
0.047625 -0.0117604167 -0.01953125
0.0449791667 -0.009125 0.148046875
0.047625 -0.009125 0.145507812
0.047625 -0.00385416667 -0.0220703125
0.0449791667 -0.00385416667 0.148046875
0.047625 -0.00385416667 0.145507812
0.047625 -0.00121875 -0.01953125
0.0449791667 0.00141666667 -0.01953125
0.047625 0.00141666667 -0.0169921875
0.0449791667 0.00141666667 0.148046875
0.047625 0.00141666667 0.145507812
0.047625 0.0066875 -0.0220703125
0.047625 0.00405208333 -0.01953125
0.0449791667 0.0066875 0.148046875
0.047625 0.0066875 0.145507812
0.047625 0.0119583333 -0.0220703125
0.0449791667 0.0119583333 0.148046875
0.047625 0.0119583333 0.145507812
0.047625 0.0172291667 -0.0220703125
0.0449791667 0.0172291667 0.148046875
0.047625 0.0172291667 0.145507812
0.047625 0.0198645833 -0.01953125
0.0449791667 0.0225 -0.01953125
0.047625 0.0225 -0.0169921875
0.0449791667 0.0225 0.148046875
0.047625 0.0225 0.145507812
0.047625 0.0277708333 -0.0220703125
0.047625 0.0251354167 -0.01953125
0.0449791667 0.0277708333 0.148046875
0.047625 0.0277708333 0.145507812
0.047625 0.0330416667 -0.0220703125
0.047625 0.03040625 0.148046875
0.047625 0.0330416667 0.150585937
0.047625 0.0356770833 -0.01953125
0.0449791667 0.0383125 -0.01953125
0.047625 0.0383125 -0.0169921875
0.047625 0.0383125 0.150585937
0.047625 0.0435833333 -0.0220703125
0.047625 0.0409479167 -0.01953125
0.0449791667 0.0435833333 0.148046875
0.047625 0.0409479167 0.148046875
0.047625 0.0435833333 0.145507812
0.047625 0.0488541667 -0.0220703125
0.0449791667 0.0488541667 0.148046875
0.047625 0.0488541667 0.145507812
0.047625 0.0514895833 -0.01953125
0.0449791667 0.054125 -0.01953125
0.047625 0.054125 -0.0169921875
0.047625 0.054125 0.145507812
0.047625 0.0593958333 -0.0220703125
0.047625 0.0567604167 -0.01953125
0.047625 0.0567604167 0.148046875
0.047625 0.0593958333 0.150585937
0.047625 0.0646666667 -0.0220703125
0.047625 0.0646666667 0.150585937
0.047625 0.0673020833 -0.01953125
0.047625 0.0699375 -0.0169921875
0.047625 0.0699375 0.150585937
0.047625 0.0752083333 -0.0169921875
0.047625 0.0725729167 0.148046875
0.047625 0.0752083333 0.145507812
0.047625 0.07784375 -0.014453125
0.047625 0.0804791667 -0.0119140625
0.047625 0.0804791667 0.145507812
0.047625 0.0831145833 -0.009375
0.0449791667 0.08575 -0.009375
0.047625 0.08575 -0.0068359375
0.0449791667 0.08575 0.14296875
0.047625 0.08575 0.145507812
0.047625 0.0910208333 -0.0068359375
0.047625 0.0883854167 0.14296875
0.047625 0.0910208333 0.140429687
0.047625 0.09365625 -0.004296875
0.047625 0.0962916667 -0.0017578125
0.0449791667 0.0962916667 0.137890625
0.047625 0.09365625 0.137890625
0.047625 0.0962916667 0.135351562
0.047625 0.0989270833 0.00078125
0.047625 0.0989270833 0.005859375
0.047625 0.0989270833 0.0109375
0.047625 0.0989270833 0.016015625
0.047625 0.0989270833 0.02109375
0.047625 0.0989270833 0.026171875
0.047625 0.0989270833 0.03125
0.047625 0.1015625 0.0337890625
0.0449791667 0.1015625 0.046484375
0.047625 0.0989270833 0.046484375
0.047625 0.1015625 0.0439453125
0.047625 0.0989270833 0.0515625
0.047625 0.0989270833 0.056640625
0.047625 0.0989270833 0.06171875
0.047625 0.0989270833 0.066796875
0.047625 0.0989270833 0.071875
0.047625 0.0989270833 0.076953125
0.047625 0.0989270833 0.08203125
0.047625 0.1015625 0.0845703125
0.0449791667 0.1015625 0.0921875
0.047625 0.0989270833 0.0921875
0.047625 0.1015625 0.0896484375
0.0449791667 0.1015625 0.097265625
0.047625 0.0989270833 0.097265625
0.047625 0.0989270833 0.10234375
0.047625 0.0989270833 0.107421875
0.047625 0.0989270833 0.1125
0.047625 0.0989270833 0.117578125
0.047625 0.0989270833 0.12265625
0.047625 0.0989270833 0.127734375
0.047625 0.0989270833 0.1328125
0.047625 0.104197917 0.036328125
0.047625 0.104197917 0.04140625
0.047625 0.104197917 0.087109375
0.0529166667 -0.0565625 -0.0017578125
0.0529166667 -0.0591979167 0.00078125
0.0529166667 -0.0591979167 0.005859375
0.0529166667 -0.0591979167 0.0109375
0.0529166667 -0.0591979167 0.016015625
0.0529166667 -0.0591979167 0.02109375
0.0529166667 -0.0591979167 0.026171875
0.0529166667 -0.0591979167 0.03125
0.0529166667 -0.0591979167 0.036328125
0.0529166667 -0.0591979167 0.04140625
0.0529166667 -0.0591979167 0.046484375
0.0529166667 -0.0591979167 0.0515625
0.0529166667 -0.0591979167 0.056640625
0.0529166667 -0.0591979167 0.06171875
0.0529166667 -0.0591979167 0.066796875
0.0529166667 -0.0591979167 0.071875
0.0529166667 -0.0591979167 0.076953125
0.0529166667 -0.0591979167 0.08203125
0.0529166667 -0.0591979167 0.087109375
0.0529166667 -0.0591979167 0.0921875
0.0529166667 -0.0591979167 0.097265625
0.0529166667 -0.0591979167 0.10234375
0.0529166667 -0.0591979167 0.107421875
0.0529166667 -0.0591979167 0.1125
0.0529166667 -0.0591979167 0.117578125
0.0529166667 -0.0591979167 0.12265625
0.0529166667 -0.0591979167 0.127734375
0.0529166667 -0.0591979167 0.1328125
0.0529166667 -0.0591979167 0.137890625
0.0529166667 -0.0565625 0.140429687
0.0529166667 -0.0512916667 -0.0068359375
0.0529166667 -0.0539270833 -0.004296875
0.0502708333 -0.0512916667 0.14296875
0.0529166667 -0.0512916667 0.140429687
0.0529166667 -0.0460208333 -0.0068359375
0.0529166667 -0.04865625 0.14296875
0.0529166667 -0.0460208333 0.145507812
0.0502708333 -0.04075 -0.009375
0.0529166667 -0.04075 -0.0119140625
0.0529166667 -0.0433854167 -0.009375
0.0529166667 -0.04075 0.145507812
0.0529166667 -0.0354791667 -0.0119140625
0.0529166667 -0.0354791667 0.145507812
0.0502708333 -0.0302083333 -0.014453125
0.0529166667 -0.0302083333 -0.0119140625
0.0529166667 -0.0302083333 0.145507812
0.0502708333 -0.0249375 -0.01953125
0.0529166667 -0.0249375 -0.0169921875
0.0529166667 -0.0275729167 -0.014453125
0.0529166667 -0.0249375 0.145507812
0.0502708333 -0.0196666667 -0.01953125
0.0529166667 -0.0196666667 -0.0169921875
0.0529166667 -0.0196666667 0.145507812
0.0529166667 -0.0143958333 -0.0169921875
0.0529166667 -0.0143958333 0.145507812
0.0502708333 -0.009125 -0.01953125
0.0529166667 -0.009125 -0.0169921875
0.0529166667 -0.009125 0.145507812
0.0502708333 -0.00385416667 -0.01953125
0.0529166667 -0.00385416667 -0.0169921875
0.0529166667 -0.00385416667 0.145507812
0.0529166667 0.00141666667 -0.0169921875
0.0529166667 0.00141666667 0.145507812
0.0502708333 0.0066875 -0.01953125
0.0529166667 0.0066875 -0.0169921875
0.0529166667 0.0066875 0.145507812
0.0502708333 0.0119583333 -0.01953125
0.0529166667 0.0119583333 -0.0169921875
0.0529166667 0.0119583333 0.145507812
0.0502708333 0.0172291667 -0.01953125
0.0529166667 0.0172291667 -0.0169921875
0.0529166667 0.0172291667 0.145507812
0.0529166667 0.0225 -0.0169921875
0.0529166667 0.0225 0.145507812
0.0502708333 0.0277708333 -0.01953125
0.0529166667 0.0277708333 -0.0169921875
0.0529166667 0.0277708333 0.145507812
0.0502708333 0.0330416667 -0.01953125
0.0529166667 0.0330416667 -0.0169921875
0.0502708333 0.0330416667 0.148046875
0.0529166667 0.0330416667 0.145507812
0.0529166667 0.0383125 -0.0169921875
0.0502708333 0.0383125 0.148046875
0.0529166667 0.0383125 0.145507812
0.0502708333 0.0435833333 -0.01953125
0.0529166667 0.0435833333 -0.0169921875
0.0529166667 0.0435833333 0.145507812
0.0502708333 0.0488541667 -0.01953125
0.0529166667 0.0488541667 -0.0169921875
0.0529166667 0.0488541667 0.145507812
0.0529166667 0.054125 -0.0169921875
0.0529166667 0.054125 0.145507812
0.0502708333 0.0593958333 -0.01953125
0.0529166667 0.0593958333 -0.0169921875
0.0502708333 0.0593958333 0.148046875
0.0529166667 0.0593958333 0.145507812
0.0502708333 0.0646666667 -0.01953125
0.0529166667 0.0646666667 -0.0169921875
0.0502708333 0.0646666667 0.148046875
0.0529166667 0.0646666667 0.145507812
0.0529166667 0.0699375 -0.0169921875
0.0502708333 0.0699375 0.148046875
0.0529166667 0.0699375 0.145507812
0.0529166667 0.0752083333 -0.0169921875
0.0529166667 0.0752083333 0.145507812
0.0529166667 0.07784375 -0.014453125
0.0529166667 0.0804791667 -0.0119140625
0.0529166667 0.0804791667 0.145507812
0.0529166667 0.0831145833 -0.009375
0.0529166667 0.08575 -0.0068359375
0.0529166667 0.08575 0.145507812
0.0529166667 0.0910208333 -0.0068359375
0.0529166667 0.0883854167 0.14296875
0.0529166667 0.0910208333 0.140429687
0.0529166667 0.09365625 -0.004296875
0.0529166667 0.0962916667 -0.0017578125
0.0529166667 0.09365625 0.137890625
0.0529166667 0.0962916667 0.135351562
0.0529166667 0.0989270833 0.00078125
0.0529166667 0.0989270833 0.005859375
0.0529166667 0.0989270833 0.0109375
0.0529166667 0.0989270833 0.016015625
0.0529166667 0.0989270833 0.02109375
0.0529166667 0.0989270833 0.026171875
0.0529166667 0.0989270833 0.03125
0.0502708333 0.1015625 0.036328125
0.0529166667 0.0989270833 0.036328125
0.0502708333 0.1015625 0.04140625
0.0529166667 0.0989270833 0.04140625
0.0529166667 0.0989270833 0.046484375
0.0529166667 0.0989270833 0.0515625
0.0529166667 0.0989270833 0.056640625
0.0529166667 0.0989270833 0.06171875
0.0529166667 0.0989270833 0.066796875
0.0529166667 0.0989270833 0.071875
0.0529166667 0.0989270833 0.076953125
0.0529166667 0.0989270833 0.08203125
0.0502708333 0.1015625 0.087109375
0.0529166667 0.0989270833 0.087109375
0.0529166667 0.0989270833 0.0921875
0.0529166667 0.0989270833 0.097265625
0.0529166667 0.0989270833 0.10234375
0.0529166667 0.0989270833 0.107421875
0.0529166667 0.0989270833 0.1125
0.0529166667 0.0989270833 0.117578125
0.0529166667 0.0989270833 0.12265625
0.0529166667 0.0989270833 0.127734375
0.0529166667 0.0989270833 0.1328125
0.0582083333 -0.0565625 -0.0017578125
0.0582083333 -0.0591979167 0.00078125
0.0582083333 -0.0591979167 0.005859375
0.0582083333 -0.0591979167 0.0109375
0.0582083333 -0.0591979167 0.016015625
0.0582083333 -0.0591979167 0.02109375
0.0582083333 -0.0591979167 0.026171875
0.0582083333 -0.0591979167 0.03125
0.0582083333 -0.0591979167 0.036328125
0.0582083333 -0.0591979167 0.04140625
0.0582083333 -0.0591979167 0.046484375
0.0582083333 -0.0591979167 0.0515625
0.0582083333 -0.0591979167 0.056640625
0.0582083333 -0.0591979167 0.06171875
0.0582083333 -0.0591979167 0.066796875
0.0582083333 -0.0591979167 0.071875
0.0582083333 -0.0591979167 0.076953125
0.0582083333 -0.0591979167 0.08203125
0.0582083333 -0.0591979167 0.087109375
0.0582083333 -0.0591979167 0.0921875
0.0582083333 -0.0591979167 0.097265625
0.0582083333 -0.0591979167 0.10234375
0.0582083333 -0.0591979167 0.107421875
0.0582083333 -0.0591979167 0.1125
0.0582083333 -0.0591979167 0.117578125
0.0582083333 -0.0591979167 0.12265625
0.0582083333 -0.0591979167 0.127734375
0.0582083333 -0.0591979167 0.1328125
0.0582083333 -0.0591979167 0.137890625
0.0582083333 -0.0565625 0.140429687
0.0582083333 -0.0512916667 -0.0068359375
0.0582083333 -0.0539270833 -0.004296875
0.0582083333 -0.0512916667 0.140429687
0.0582083333 -0.0460208333 -0.0068359375
0.0555625 -0.0460208333 0.14296875
0.0582083333 -0.0460208333 0.140429687
0.0582083333 -0.04075 -0.0119140625
0.0582083333 -0.0433854167 -0.009375
0.0582083333 -0.0433854167 0.14296875
0.0582083333 -0.04075 0.145507812
0.0582083333 -0.0354791667 -0.0119140625
0.0582083333 -0.0354791667 0.145507812
0.0582083333 -0.0302083333 -0.0119140625
0.0582083333 -0.0302083333 0.145507812
0.0555625 -0.0249375 -0.014453125
0.0582083333 -0.0249375 -0.0119140625
0.0582083333 -0.0249375 0.145507812
0.0555625 -0.0196666667 -0.014453125
0.0582083333 -0.0196666667 -0.0119140625
0.0582083333 -0.0196666667 0.145507812
0.0555625 -0.0143958333 -0.014453125
0.0582083333 -0.0143958333 -0.0119140625
0.0582083333 -0.0143958333 0.145507812
0.0555625 -0.009125 -0.014453125
0.0582083333 -0.009125 -0.0119140625
0.0582083333 -0.009125 0.145507812
0.0555625 -0.00385416667 -0.014453125
0.0582083333 -0.00385416667 -0.0119140625
0.0582083333 -0.00385416667 0.145507812
0.0555625 0.00141666667 -0.014453125
0.0582083333 0.00141666667 -0.0119140625
0.0582083333 0.00141666667 0.145507812
0.0555625 0.0066875 -0.014453125
0.0582083333 0.0066875 -0.0119140625
0.0582083333 0.0066875 0.145507812
0.0555625 0.0119583333 -0.014453125
0.0582083333 0.0119583333 -0.0119140625
0.0582083333 0.0119583333 0.145507812
0.0555625 0.0172291667 -0.014453125
0.0582083333 0.0172291667 -0.0119140625
0.0582083333 0.0172291667 0.145507812
0.0555625 0.0225 -0.014453125
0.0582083333 0.0225 -0.0119140625
0.0582083333 0.0225 0.145507812
0.0555625 0.0277708333 -0.014453125
0.0582083333 0.0277708333 -0.0119140625
0.0582083333 0.0277708333 0.145507812
0.0555625 0.0330416667 -0.014453125
0.0582083333 0.0330416667 -0.0119140625
0.0582083333 0.0330416667 0.145507812
0.0555625 0.0383125 -0.014453125
0.0582083333 0.0383125 -0.0119140625
0.0582083333 0.0383125 0.145507812
0.0555625 0.0435833333 -0.014453125
0.0582083333 0.0435833333 -0.0119140625
0.0582083333 0.0435833333 0.145507812
0.0555625 0.0488541667 -0.014453125
0.0582083333 0.0488541667 -0.0119140625
0.0582083333 0.0488541667 0.145507812
0.0555625 0.054125 -0.014453125
0.0582083333 0.054125 -0.0119140625
0.0582083333 0.054125 0.145507812
0.0555625 0.0593958333 -0.014453125
0.0582083333 0.0593958333 -0.0119140625
0.0582083333 0.0593958333 0.145507812
0.0555625 0.0646666667 -0.014453125
0.0582083333 0.0646666667 -0.0119140625
0.0582083333 0.0646666667 0.145507812
0.0555625 0.0699375 -0.014453125
0.0582083333 0.0699375 -0.0119140625
0.0582083333 0.0699375 0.145507812
0.0555625 0.0752083333 -0.014453125
0.0582083333 0.0752083333 -0.0119140625
0.0582083333 0.0752083333 0.145507812
0.0582083333 0.0804791667 -0.0119140625
0.0582083333 0.0804791667 0.145507812
0.0555625 0.08575 -0.009375
0.0582083333 0.08575 -0.0119140625
0.0582083333 0.08575 0.145507812
0.0582083333 0.0883854167 -0.009375
0.0582083333 0.0910208333 -0.0068359375
0.0555625 0.0910208333 0.14296875
0.0582083333 0.0910208333 0.145507812
0.0582083333 0.09365625 -0.004296875
0.0582083333 0.0962916667 -0.0017578125
0.0555625 0.0962916667 0.137890625
0.0582083333 0.0962916667 0.140429687
0.0582083333 0.09365625 0.14296875
0.0582083333 0.0989270833 0.00078125
0.0582083333 0.0989270833 0.005859375
0.0582083333 0.0989270833 0.0109375
0.0582083333 0.0989270833 0.016015625
0.0582083333 0.0989270833 0.02109375
0.0582083333 0.0989270833 0.026171875
0.0582083333 0.0989270833 0.03125
0.0582083333 0.0989270833 0.036328125
0.0582083333 0.0989270833 0.04140625
0.0582083333 0.0989270833 0.046484375
0.0582083333 0.0989270833 0.0515625
0.0582083333 0.0989270833 0.056640625
0.0582083333 0.0989270833 0.06171875
0.0582083333 0.0989270833 0.066796875
0.0582083333 0.0989270833 0.071875
0.0582083333 0.0989270833 0.076953125
0.0582083333 0.0989270833 0.08203125
0.0582083333 0.0989270833 0.087109375
0.0582083333 0.0989270833 0.0921875
0.0582083333 0.0989270833 0.097265625
0.0582083333 0.0989270833 0.10234375
0.0582083333 0.0989270833 0.107421875
0.0582083333 0.0989270833 0.1125
0.0582083333 0.0989270833 0.117578125
0.0582083333 0.0989270833 0.12265625
0.0582083333 0.0989270833 0.127734375
0.0582083333 0.0989270833 0.1328125
0.0582083333 0.0989270833 0.137890625
0.0608541667 -0.0565625 0.00078125
0.0635 -0.0565625 0.0033203125
0.0635 -0.0591979167 0.005859375
0.0635 -0.0591979167 0.0109375
0.0635 -0.0591979167 0.016015625
0.0635 -0.0591979167 0.02109375
0.0635 -0.0591979167 0.026171875
0.0635 -0.0591979167 0.03125
0.0635 -0.0591979167 0.036328125
0.0635 -0.0591979167 0.04140625
0.0635 -0.0591979167 0.046484375
0.0608541667 -0.0565625 0.0515625
0.0635 -0.0565625 0.0490234375
0.0608541667 -0.0565625 0.056640625
0.0608541667 -0.0565625 0.06171875
0.0635 -0.0565625 0.0642578125
0.0635 -0.0591979167 0.066796875
0.0635 -0.0591979167 0.071875
0.0635 -0.0591979167 0.076953125
0.0635 -0.0591979167 0.08203125
0.0635 -0.0591979167 0.087109375
0.0635 -0.0591979167 0.0921875
0.0635 -0.0591979167 0.097265625
0.0635 -0.0591979167 0.10234375
0.0635 -0.0591979167 0.107421875
0.0635 -0.0591979167 0.1125
0.0635 -0.0591979167 0.117578125
0.0635 -0.0591979167 0.12265625
0.0635 -0.0591979167 0.127734375
0.0635 -0.0591979167 0.1328125
0.0608541667 -0.0565625 0.137890625
0.0635 -0.0565625 0.135351562
0.0608541667 -0.0512916667 -0.004296875
0.0635 -0.0512916667 -0.0017578125
0.0635 -0.0539270833 0.00078125
0.0635 -0.0539270833 0.0515625
0.0635 -0.0539270833 0.056640625
0.0635 -0.0539270833 0.06171875
0.0635 -0.0539270833 0.137890625
0.0635 -0.0512916667 0.140429687
0.0635 -0.0460208333 -0.0068359375
0.0635 -0.04865625 -0.004296875
0.0635 -0.0460208333 0.140429687
0.0608541667 -0.04075 -0.009375
0.0635 -0.04075 -0.0068359375
0.0635 -0.0433854167 0.14296875
0.0635 -0.04075 0.145507812
0.0635 -0.0354791667 -0.0119140625
0.0635 -0.0381145833 -0.009375
0.0635 -0.0354791667 0.145507812
0.0635 -0.0302083333 -0.0119140625
0.0635 -0.0302083333 0.145507812
0.0635 -0.0275729167 -0.009375
0.0608541667 -0.0249375 -0.009375
0.0635 -0.0249375 -0.0068359375
0.0635 -0.0249375 0.145507812
0.0635 -0.0196666667 -0.0119140625
0.0635 -0.0223020833 -0.009375
0.0635 -0.0196666667 0.145507812
0.0635 -0.0143958333 -0.0119140625
0.0608541667 -0.0143958333 0.14296875
0.0635 -0.01703125 0.14296875
0.0635 -0.0143958333 0.140429687
0.0635 -0.0117604167 -0.009375
0.0608541667 -0.009125 -0.009375
0.0635 -0.009125 -0.0068359375
0.0635 -0.0117604167 0.14296875
0.0635 -0.009125 0.145507812
0.0608541667 -0.00385416667 -0.009375
0.0635 -0.00385416667 -0.0068359375
0.0635 -0.00385416667 0.145507812
0.0635 0.00141666667 -0.0119140625
0.0635 -0.00121875 -0.009375
0.0635 0.00141666667 0.145507812
0.0635 0.00405208333 -0.009375
0.0608541667 0.0066875 -0.009375
0.0635 0.0066875 -0.0068359375
0.0635 0.0066875 0.145507812
0.0608541667 0.0119583333 -0.009375
0.0635 0.0119583333 -0.0068359375
0.0635 0.0119583333 0.145507812
0.0635 0.0172291667 -0.0119140625
0.0635 0.01459375 -0.009375
0.0635 0.0172291667 0.145507812
0.0635 0.0225 -0.0119140625
0.0608541667 0.0225 0.14296875
0.0635 0.0198645833 0.14296875
0.0635 0.0225 0.140429687
0.0635 0.0251354167 -0.009375
0.0608541667 0.0277708333 -0.009375
0.0635 0.0277708333 -0.0068359375
0.0635 0.0251354167 0.14296875
0.0635 0.0277708333 0.145507812
0.0635 0.0330416667 -0.0119140625
0.0635 0.03040625 -0.009375
0.0635 0.0330416667 0.145507812
0.0635 0.0356770833 -0.009375
0.0608541667 0.0383125 -0.009375
0.0635 0.0383125 -0.0068359375
0.0635 0.0383125 0.145507812
0.0608541667 0.0435833333 -0.009375
0.0635 0.0435833333 -0.0068359375
0.0635 0.0435833333 0.145507812
0.0608541667 0.0488541667 -0.009375
0.0635 0.0488541667 -0.0068359375
0.0608541667 0.0488541667 0.14296875
0.0635 0.04621875 0.14296875
0.0635 0.0488541667 0.140429687
0.0635 0.054125 -0.0119140625
0.0635 0.0514895833 -0.009375
0.0635 0.0514895833 0.14296875
0.0635 0.054125 0.145507812
0.0635 0.0567604167 -0.009375
0.0608541667 0.0593958333 -0.009375
0.0635 0.0593958333 -0.0068359375
0.0608541667 0.0593958333 0.14296875
0.0635 0.0567604167 0.14296875
0.0635 0.0593958333 0.140429687
0.0635 0.0646666667 -0.0119140625
0.0635 0.06203125 -0.009375
0.0635 0.06203125 0.14296875
0.0635 0.0646666667 0.145507812
0.0635 0.0699375 -0.0119140625
0.0635 0.0699375 0.145507812
0.0635 0.0725729167 -0.009375
0.0608541667 0.0752083333 -0.009375
0.0635 0.0752083333 -0.0068359375
0.0635 0.0752083333 0.145507812
0.0608541667 0.0804791667 -0.009375
0.0635 0.0804791667 -0.0068359375
0.0635 0.0804791667 0.145507812
0.0608541667 0.08575 -0.009375
0.0635 0.08575 -0.0068359375
0.0635 0.08575 0.145507812
0.0635 0.0910208333 -0.0068359375
0.0635 0.0910208333 0.145507812
0.0635 0.09365625 -0.004296875
0.0635 0.0962916667 -0.0017578125
0.0608541667 0.0962916667 0.137890625
0.0635 0.09365625 0.137890625
0.0635 0.0962916667 0.135351562
0.0635 0.09365625 0.14296875
0.0635 0.0989270833 0.00078125
0.0635 0.0989270833 0.005859375
0.0635 0.0989270833 0.0109375
0.0635 0.0989270833 0.016015625
0.0635 0.0989270833 0.02109375
0.0635 0.0989270833 0.026171875
0.0635 0.0989270833 0.03125
0.0635 0.0989270833 0.036328125
0.0635 0.0989270833 0.04140625
0.0635 0.0989270833 0.046484375
0.0635 0.0989270833 0.0515625
0.0635 0.0989270833 0.056640625
0.0635 0.0989270833 0.06171875
0.0635 0.0989270833 0.066796875
0.0635 0.0989270833 0.071875
0.0635 0.0989270833 0.076953125
0.0635 0.0989270833 0.08203125
0.0635 0.0989270833 0.087109375
0.0635 0.0989270833 0.0921875
0.0635 0.0989270833 0.097265625
0.0635 0.0989270833 0.10234375
0.0635 0.0989270833 0.107421875
0.0635 0.0989270833 0.1125
0.0635 0.0989270833 0.117578125
0.0635 0.0989270833 0.12265625
0.0635 0.0989270833 0.127734375
0.0635 0.0989270833 0.1328125
0.0661458333 -0.0565625 0.00078125
0.0687916667 -0.0565625 -0.0017578125
0.0687916667 -0.0591979167 0.00078125
0.0687916667 -0.0591979167 0.005859375
0.0687916667 -0.0591979167 0.0109375
0.0687916667 -0.0591979167 0.016015625
0.0687916667 -0.0591979167 0.02109375
0.0687916667 -0.0591979167 0.026171875
0.0687916667 -0.0591979167 0.03125
0.0687916667 -0.0591979167 0.036328125
0.0661458333 -0.0565625 0.04140625
0.0687916667 -0.0565625 0.0388671875
0.0661458333 -0.0565625 0.046484375
0.0687916667 -0.0565625 0.0642578125
0.0687916667 -0.0591979167 0.066796875
0.0687916667 -0.0591979167 0.071875
0.0687916667 -0.0591979167 0.076953125
0.0687916667 -0.0591979167 0.08203125
0.0687916667 -0.0591979167 0.087109375
0.0687916667 -0.0591979167 0.0921875
0.0687916667 -0.0591979167 0.097265625
0.0687916667 -0.0591979167 0.10234375
0.0687916667 -0.0591979167 0.107421875
0.0687916667 -0.0591979167 0.1125
0.0687916667 -0.0591979167 0.117578125
0.0687916667 -0.0591979167 0.12265625
0.0661458333 -0.0565625 0.127734375
0.0687916667 -0.0565625 0.125195312
0.0661458333 -0.0565625 0.1328125
0.0687916667 -0.0512916667 -0.0017578125
0.0687916667 -0.0539270833 0.04140625
0.0687916667 -0.0539270833 0.046484375
0.0687916667 -0.0539270833 0.0515625
0.0687916667 -0.0539270833 0.056640625
0.0687916667 -0.0539270833 0.06171875
0.0687916667 -0.0539270833 0.127734375
0.0687916667 -0.0539270833 0.1328125
0.0687916667 -0.0539270833 0.137890625
0.0687916667 -0.0512916667 0.140429687
0.0687916667 -0.0460208333 -0.0068359375
0.0687916667 -0.04865625 -0.004296875
0.0687916667 -0.0460208333 0.140429687
0.0687916667 -0.04075 -0.0068359375
0.0661458333 -0.04075 0.14296875
0.0687916667 -0.04075 0.140429687
0.0661458333 -0.0354791667 -0.009375
0.0687916667 -0.0381145833 -0.004296875
0.0661458333 -0.0354791667 -0.004296875
0.0687916667 -0.0354791667 -0.0017578125
0.0661458333 -0.0354791667 0.14296875
0.0687916667 -0.0354791667 0.140429687
0.0661458333 -0.0302083333 -0.009375
0.0687916667 -0.0302083333 -0.0068359375
0.0687916667 -0.03284375 -0.004296875
0.0661458333 -0.0302083333 0.14296875
0.0687916667 -0.0302083333 0.140429687
0.0687916667 -0.0249375 -0.0068359375
0.0661458333 -0.0249375 0.14296875
0.0687916667 -0.0249375 0.140429687
0.0661458333 -0.0196666667 -0.009375
0.0687916667 -0.0196666667 -0.0068359375
0.0661458333 -0.0196666667 0.14296875
0.0687916667 -0.0196666667 0.140429687
0.0661458333 -0.0143958333 -0.009375
0.0687916667 -0.0143958333 -0.0068359375
0.0687916667 -0.0143958333 0.140429687
0.0687916667 -0.009125 -0.0068359375
0.0661458333 -0.009125 0.14296875
0.0687916667 -0.009125 0.140429687
0.0687916667 -0.00385416667 -0.0068359375
0.0661458333 -0.00385416667 0.14296875
0.0687916667 -0.00385416667 0.140429687
0.0661458333 0.00141666667 -0.009375
0.0687916667 0.00141666667 -0.0068359375
0.0661458333 0.00141666667 0.14296875
0.0687916667 0.00141666667 0.140429687
0.0687916667 0.0066875 -0.0068359375
0.0661458333 0.0066875 0.14296875
0.0687916667 0.0066875 0.140429687
0.0687916667 0.0119583333 -0.0068359375
0.0661458333 0.0119583333 0.14296875
0.0687916667 0.0119583333 0.140429687
0.0661458333 0.0172291667 -0.009375
0.0687916667 0.0172291667 -0.0068359375
0.0661458333 0.0172291667 0.14296875
0.0687916667 0.0172291667 0.140429687
0.0661458333 0.0225 -0.009375
0.0687916667 0.0225 -0.0068359375
0.0687916667 0.0225 0.140429687
0.0687916667 0.0277708333 -0.0068359375
0.0661458333 0.0277708333 0.14296875
0.0687916667 0.0277708333 0.140429687
0.0661458333 0.0330416667 -0.009375
0.0687916667 0.0330416667 -0.0068359375
0.0661458333 0.0330416667 0.14296875
0.0687916667 0.0330416667 0.140429687
0.0687916667 0.0383125 -0.0068359375
0.0661458333 0.0383125 0.14296875
0.0687916667 0.0383125 0.140429687
0.0687916667 0.0435833333 -0.0068359375
0.0661458333 0.0435833333 0.14296875
0.0687916667 0.0435833333 0.140429687
0.0687916667 0.0488541667 -0.0068359375
0.0687916667 0.0488541667 0.140429687
0.0661458333 0.054125 -0.009375
0.0687916667 0.054125 -0.0068359375
0.0661458333 0.054125 0.14296875
0.0687916667 0.054125 0.140429687
0.0687916667 0.0593958333 -0.0068359375
0.0687916667 0.0593958333 0.140429687
0.0661458333 0.0646666667 -0.009375
0.0687916667 0.0646666667 -0.0068359375
0.0661458333 0.0646666667 0.14296875
0.0687916667 0.0646666667 0.140429687
0.0661458333 0.0699375 -0.009375
0.0687916667 0.0699375 -0.0068359375
0.0661458333 0.0699375 0.14296875
0.0687916667 0.0699375 0.140429687
0.0687916667 0.0752083333 -0.0068359375
0.0661458333 0.0752083333 0.14296875
0.0687916667 0.0752083333 0.140429687
0.0687916667 0.0804791667 -0.0068359375
0.0661458333 0.0804791667 0.14296875
0.0687916667 0.0804791667 0.140429687
0.0687916667 0.08575 -0.0068359375
0.0661458333 0.08575 0.14296875
0.0687916667 0.08575 0.140429687
0.0687916667 0.0910208333 -0.0068359375
0.0661458333 0.0910208333 0.14296875
0.0687916667 0.0910208333 0.140429687
0.0687916667 0.09365625 -0.004296875
0.0687916667 0.0962916667 -0.0017578125
0.0661458333 0.0962916667 0.016015625
0.0687916667 0.09365625 0.016015625
0.0687916667 0.0962916667 0.0134765625
0.0687916667 0.0962916667 0.0185546875
0.0661458333 0.0962916667 0.036328125
0.0687916667 0.09365625 0.036328125
0.0687916667 0.0962916667 0.0337890625
0.0661458333 0.0962916667 0.04140625
0.0687916667 0.09365625 0.04140625
0.0661458333 0.0962916667 0.046484375
0.0687916667 0.09365625 0.046484375
0.0687916667 0.0962916667 0.0490234375
0.0661458333 0.0962916667 0.066796875
0.0687916667 0.09365625 0.066796875
0.0687916667 0.0962916667 0.0642578125
0.0661458333 0.0962916667 0.071875
0.0687916667 0.09365625 0.071875
0.0687916667 0.0962916667 0.0744140625
0.0661458333 0.0962916667 0.087109375
0.0687916667 0.09365625 0.087109375
0.0687916667 0.0962916667 0.0845703125
0.0661458333 0.0962916667 0.0921875
0.0687916667 0.09365625 0.0921875
0.0687916667 0.0962916667 0.0947265625
0.0661458333 0.0962916667 0.117578125
0.0687916667 0.09365625 0.117578125
0.0687916667 0.0962916667 0.115039062
0.0687916667 0.0962916667 0.120117187
0.0661458333 0.0962916667 0.1328125
0.0687916667 0.09365625 0.1328125
0.0687916667 0.0962916667 0.130273437
0.0687916667 0.09365625 0.137890625
0.0687916667 0.0989270833 0.00078125
0.0687916667 0.0989270833 0.005859375
0.0687916667 0.0989270833 0.0109375
0.0687916667 0.0989270833 0.02109375
0.0687916667 0.0989270833 0.026171875
0.0687916667 0.0989270833 0.03125
0.0687916667 0.0989270833 0.0515625
0.0687916667 0.0989270833 0.056640625
0.0687916667 0.0989270833 0.06171875
0.0687916667 0.0989270833 0.076953125
0.0687916667 0.0989270833 0.08203125
0.0687916667 0.0989270833 0.097265625
0.0687916667 0.0989270833 0.10234375
0.0687916667 0.0989270833 0.107421875
0.0687916667 0.0989270833 0.1125
0.0687916667 0.0989270833 0.12265625
0.0687916667 0.0989270833 0.127734375
0.0714375 -0.0565625 0.00078125
0.0714375 -0.0565625 0.005859375
0.0714375 -0.0565625 0.0109375
0.0714375 -0.0565625 0.016015625
0.0714375 -0.0565625 0.02109375
0.0714375 -0.0565625 0.026171875
0.0714375 -0.0565625 0.03125
0.0714375 -0.0565625 0.036328125
0.0714375 -0.0565625 0.066796875
0.0714375 -0.0565625 0.071875
0.0714375 -0.0565625 0.076953125
0.0714375 -0.0565625 0.08203125
0.0714375 -0.0565625 0.087109375
0.0714375 -0.0565625 0.0921875
0.0714375 -0.0565625 0.097265625
0.0714375 -0.0565625 0.10234375
0.0714375 -0.0565625 0.107421875
0.0714375 -0.0565625 0.1125
0.0714375 -0.0565625 0.117578125
0.0714375 -0.0565625 0.12265625
0.0740833333 -0.0512916667 -0.0017578125
0.0740833333 -0.0539270833 0.00078125
0.0740833333 -0.0539270833 0.005859375
0.0740833333 -0.0539270833 0.0109375
0.0740833333 -0.0539270833 0.016015625
0.0740833333 -0.0539270833 0.02109375
0.0740833333 -0.0539270833 0.026171875
0.0740833333 -0.0539270833 0.03125
0.0740833333 -0.0539270833 0.036328125
0.0740833333 -0.0539270833 0.04140625
0.0740833333 -0.0539270833 0.046484375
0.0740833333 -0.0539270833 0.0515625
0.0740833333 -0.0539270833 0.056640625
0.0714375 -0.0512916667 0.06171875
0.0740833333 -0.0512916667 0.0591796875
0.0740833333 -0.0512916667 0.0642578125
0.0740833333 -0.0539270833 0.066796875
0.0740833333 -0.0539270833 0.071875
0.0740833333 -0.0539270833 0.076953125
0.0740833333 -0.0539270833 0.08203125
0.0740833333 -0.0539270833 0.087109375
0.0740833333 -0.0539270833 0.0921875
0.0740833333 -0.0539270833 0.097265625
0.0740833333 -0.0539270833 0.10234375
0.0740833333 -0.0539270833 0.107421875
0.0740833333 -0.0539270833 0.1125
0.0740833333 -0.0539270833 0.117578125
0.0740833333 -0.0539270833 0.12265625
0.0714375 -0.0512916667 0.127734375
0.0740833333 -0.0512916667 0.125195312
0.0740833333 -0.0512916667 0.130273437
0.0740833333 -0.0539270833 0.1328125
0.0740833333 -0.0539270833 0.137890625
0.0740833333 -0.0512916667 0.140429687
0.0714375 -0.0460208333 -0.004296875
0.0740833333 -0.0460208333 -0.0017578125
0.0740833333 -0.04865625 0.06171875
0.0740833333 -0.04865625 0.127734375
0.0740833333 -0.0460208333 0.140429687
0.0714375 -0.04075 -0.004296875
0.0740833333 -0.04075 -0.0017578125
0.0740833333 -0.04075 0.140429687
0.0740833333 -0.0354791667 -0.0017578125
0.0740833333 -0.0354791667 0.140429687
0.0714375 -0.0302083333 -0.004296875
0.0740833333 -0.0302083333 -0.0017578125
0.0740833333 -0.0302083333 0.140429687
0.0714375 -0.0249375 -0.004296875
0.0740833333 -0.0249375 -0.0017578125
0.0740833333 -0.0249375 0.140429687
0.0714375 -0.0196666667 -0.004296875
0.0740833333 -0.0196666667 -0.0017578125
0.0740833333 -0.0196666667 0.140429687
0.0714375 -0.0143958333 -0.004296875
0.0740833333 -0.0143958333 -0.0017578125
0.0740833333 -0.0143958333 0.140429687
0.0714375 -0.009125 -0.004296875
0.0740833333 -0.009125 -0.0017578125
0.0740833333 -0.009125 0.140429687
0.0714375 -0.00385416667 -0.004296875
0.0740833333 -0.00385416667 -0.0017578125
0.0714375 -0.00385416667 0.137890625
0.0740833333 -0.00648958333 0.137890625
0.0740833333 -0.00385416667 0.135351562
0.0714375 0.00141666667 -0.004296875
0.0740833333 0.00141666667 -0.0017578125
0.0740833333 -0.00121875 0.137890625
0.0740833333 0.00141666667 0.140429687
0.0714375 0.0066875 -0.004296875
0.0740833333 0.0066875 -0.0017578125
0.0740833333 0.0066875 0.140429687
0.0714375 0.0119583333 -0.004296875
0.0740833333 0.0119583333 -0.0017578125
0.0740833333 0.0119583333 0.140429687
0.0714375 0.0172291667 -0.004296875
0.0740833333 0.0172291667 -0.0017578125
0.0740833333 0.0172291667 0.140429687
0.0714375 0.0225 -0.004296875
0.0740833333 0.0225 -0.0017578125
0.0740833333 0.0225 0.140429687
0.0714375 0.0277708333 -0.004296875
0.0740833333 0.0277708333 -0.0017578125
0.0740833333 0.0277708333 0.140429687
0.0714375 0.0330416667 -0.004296875
0.0740833333 0.0330416667 -0.0017578125
0.0740833333 0.0330416667 0.140429687
0.0714375 0.0383125 -0.004296875
0.0740833333 0.0383125 -0.0017578125
0.0740833333 0.0383125 0.140429687
0.0714375 0.0435833333 -0.004296875
0.0740833333 0.0435833333 -0.0017578125
0.0740833333 0.0435833333 0.140429687
0.0714375 0.0488541667 -0.004296875
0.0740833333 0.0488541667 -0.0017578125
0.0740833333 0.0488541667 0.140429687
0.0714375 0.054125 -0.004296875
0.0740833333 0.054125 -0.0017578125
0.0740833333 0.054125 0.140429687
0.0714375 0.0593958333 -0.004296875
0.0740833333 0.0593958333 -0.0017578125
0.0740833333 0.0593958333 0.140429687
0.0714375 0.0646666667 -0.004296875
0.0740833333 0.0646666667 -0.0017578125
0.0740833333 0.0646666667 0.140429687
0.0714375 0.0699375 -0.004296875
0.0740833333 0.0699375 -0.0017578125
0.0714375 0.0699375 0.137890625
0.0740833333 0.0673020833 0.137890625
0.0740833333 0.0699375 0.135351562
0.0714375 0.0752083333 -0.004296875
0.0740833333 0.0752083333 -0.0017578125
0.0740833333 0.0725729167 0.137890625
0.0740833333 0.0752083333 0.140429687
0.0714375 0.0804791667 -0.004296875
0.0740833333 0.0804791667 -0.0017578125
0.0740833333 0.0804791667 0.140429687
0.0714375 0.08575 -0.004296875
0.0740833333 0.08575 -0.0017578125
0.0714375 0.08575 0.0515625
0.0740833333 0.0831145833 0.0515625
0.0740833333 0.08575 0.0490234375
0.0740833333 0.08575 0.0541015625
0.0714375 0.08575 0.1125
0.0740833333 0.0831145833 0.1125
0.0740833333 0.08575 0.109960937
0.0740833333 0.08575 0.115039062
0.0740833333 0.08575 0.140429687
0.0714375 0.0910208333 -0.004296875
0.0740833333 0.0910208333 -0.0017578125
0.0714375 0.0910208333 0.04140625
0.0740833333 0.0883854167 0.04140625
0.0740833333 0.0910208333 0.0388671875
0.0714375 0.0910208333 0.046484375
0.0740833333 0.0883854167 0.046484375
0.0714375 0.0910208333 0.0515625
0.0740833333 0.0910208333 0.0541015625
0.0714375 0.0910208333 0.10234375
0.0740833333 0.0883854167 0.10234375
0.0740833333 0.0910208333 0.0998046875
0.0714375 0.0910208333 0.107421875
0.0740833333 0.0883854167 0.107421875
0.0714375 0.0910208333 0.1125
0.0740833333 0.0910208333 0.115039062
0.0740833333 0.0910208333 0.140429687
0.0714375 0.0962916667 0.00078125
0.0740833333 0.09365625 0.00078125
0.0714375 0.0962916667 0.005859375
0.0740833333 0.09365625 0.005859375
0.0714375 0.0962916667 0.0109375
0.0740833333 0.09365625 0.0109375
0.0740833333 0.09365625 0.016015625
0.0714375 0.0962916667 0.02109375
0.0740833333 0.09365625 0.02109375
0.0714375 0.0962916667 0.026171875
0.0740833333 0.09365625 0.026171875
0.0714375 0.0962916667 0.03125
0.0740833333 0.09365625 0.03125
0.0740833333 0.09365625 0.036328125
0.0714375 0.0962916667 0.0515625
0.0740833333 0.09365625 0.056640625
0.0714375 0.0962916667 0.056640625
0.0714375 0.0962916667 0.06171875
0.0740833333 0.09365625 0.06171875
0.0740833333 0.09365625 0.066796875
0.0740833333 0.09365625 0.071875
0.0714375 0.0962916667 0.076953125
0.0740833333 0.09365625 0.076953125
0.0714375 0.0962916667 0.08203125
0.0740833333 0.09365625 0.08203125
0.0740833333 0.09365625 0.087109375
0.0740833333 0.09365625 0.0921875
0.0714375 0.0962916667 0.097265625
0.0740833333 0.09365625 0.097265625
0.0714375 0.0962916667 0.10234375
0.0714375 0.0962916667 0.107421875
0.0714375 0.0962916667 0.1125
0.0714375 0.09365625 0.115039062
0.0740833333 0.0962916667 0.115039062
0.0714375 0.0962916667 0.117578125
0.0740833333 0.09365625 0.12265625
0.0740833333 0.0962916667 0.120117187
0.0714375 0.0962916667 0.12265625
0.0714375 0.0962916667 0.127734375
0.0740833333 0.09365625 0.127734375
0.0740833333 0.09365625 0.1328125
0.0740833333 0.09365625 0.137890625
0.0740833333 0.0989270833 0.117578125
0.0767291667 -0.0512916667 0.00078125
0.0767291667 -0.0512916667 0.005859375
0.0767291667 -0.0512916667 0.0109375
0.0767291667 -0.0512916667 0.016015625
0.0767291667 -0.0512916667 0.02109375
0.0767291667 -0.0512916667 0.026171875
0.0767291667 -0.0512916667 0.03125
0.0767291667 -0.0512916667 0.036328125
0.0767291667 -0.0512916667 0.04140625
0.0767291667 -0.0512916667 0.046484375
0.0767291667 -0.0512916667 0.0515625
0.0767291667 -0.0512916667 0.056640625
0.0767291667 -0.0512916667 0.066796875
0.0767291667 -0.0512916667 0.071875
0.0767291667 -0.0512916667 0.076953125
0.0767291667 -0.0512916667 0.08203125
0.0767291667 -0.0512916667 0.087109375
0.0767291667 -0.0512916667 0.0921875
0.0767291667 -0.0512916667 0.097265625
0.0767291667 -0.0512916667 0.10234375
0.0767291667 -0.0512916667 0.107421875
0.0767291667 -0.0512916667 0.1125
0.0767291667 -0.0512916667 0.117578125
0.0767291667 -0.0512916667 0.12265625
0.0767291667 -0.0512916667 0.1328125
0.0767291667 -0.0512916667 0.137890625
0.0767291667 -0.0460208333 0.00078125
0.0767291667 -0.0460208333 0.005859375
0.0767291667 -0.0460208333 0.0109375
0.0767291667 -0.0460208333 0.016015625
0.0767291667 -0.0460208333 0.02109375
0.0767291667 -0.0460208333 0.026171875
0.0767291667 -0.0460208333 0.03125
0.0767291667 -0.0460208333 0.036328125
0.0767291667 -0.0460208333 0.04140625
0.0767291667 -0.0460208333 0.046484375
0.0767291667 -0.0460208333 0.0515625
0.0767291667 -0.0460208333 0.056640625
0.0767291667 -0.0460208333 0.06171875
0.0767291667 -0.0460208333 0.066796875
0.0767291667 -0.0460208333 0.071875
0.0767291667 -0.0460208333 0.076953125
0.0767291667 -0.0460208333 0.08203125
0.0767291667 -0.0460208333 0.087109375
0.0767291667 -0.0460208333 0.0921875
0.0767291667 -0.0460208333 0.097265625
0.0767291667 -0.0460208333 0.10234375
0.0767291667 -0.0460208333 0.107421875
0.0767291667 -0.0460208333 0.1125
0.0767291667 -0.0460208333 0.117578125
0.0767291667 -0.0460208333 0.12265625
0.0767291667 -0.0460208333 0.127734375
0.0767291667 -0.0460208333 0.1328125
0.0767291667 -0.0460208333 0.137890625
0.0767291667 -0.04075 0.00078125
0.079375 -0.04075 0.0033203125
0.079375 -0.0433854167 0.005859375
0.079375 -0.0433854167 0.0109375
0.079375 -0.0433854167 0.016015625
0.079375 -0.04075 0.0185546875
0.0767291667 -0.04075 0.02109375
0.0767291667 -0.04075 0.026171875
0.0767291667 -0.04075 0.03125
0.0767291667 -0.04075 0.036328125
0.0767291667 -0.04075 0.04140625
0.0767291667 -0.04075 0.046484375
0.0767291667 -0.04075 0.0515625
0.0767291667 -0.04075 0.056640625
0.0767291667 -0.04075 0.06171875
0.0767291667 -0.04075 0.066796875
0.079375 -0.04075 0.0693359375
0.079375 -0.0433854167 0.071875
0.079375 -0.0433854167 0.076953125
0.079375 -0.0433854167 0.08203125
0.079375 -0.04075 0.0845703125
0.0767291667 -0.04075 0.087109375
0.0767291667 -0.04075 0.0921875
0.0767291667 -0.04075 0.097265625
0.0767291667 -0.04075 0.10234375
0.0767291667 -0.04075 0.107421875
0.0767291667 -0.04075 0.1125
0.0767291667 -0.04075 0.117578125
0.0767291667 -0.04075 0.12265625
0.0767291667 -0.04075 0.127734375
0.0767291667 -0.04075 0.1328125
0.0767291667 -0.04075 0.137890625
0.0767291667 -0.0354791667 0.00078125
0.079375 -0.0381145833 0.005859375
0.0767291667 -0.0354791667 0.005859375
0.079375 -0.0354791667 0.0083984375
0.079375 -0.0381145833 0.02109375
0.079375 -0.0381145833 0.026171875
0.079375 -0.0381145833 0.03125
0.079375 -0.0381145833 0.036328125
0.079375 -0.0381145833 0.04140625
0.079375 -0.0354791667 0.0439453125
0.0767291667 -0.0354791667 0.046484375
0.0767291667 -0.0354791667 0.0515625
0.0767291667 -0.0354791667 0.056640625
0.0767291667 -0.0354791667 0.06171875
0.0767291667 -0.0354791667 0.066796875
0.079375 -0.0354791667 0.0693359375
0.079375 -0.0381145833 0.087109375
0.079375 -0.0381145833 0.0921875
0.079375 -0.0381145833 0.097265625
0.079375 -0.0381145833 0.10234375
0.079375 -0.0381145833 0.107421875
0.079375 -0.0354791667 0.109960937
0.0767291667 -0.0354791667 0.1125
0.0767291667 -0.0354791667 0.117578125
0.0767291667 -0.0354791667 0.12265625
0.0767291667 -0.0354791667 0.127734375
0.0767291667 -0.0354791667 0.1328125
0.0767291667 -0.0354791667 0.137890625
0.0767291667 -0.0302083333 0.00078125
0.0767291667 -0.0302083333 0.005859375
0.079375 -0.0302083333 0.0083984375
0.079375 -0.03284375 0.046484375
0.079375 -0.03284375 0.0515625
0.079375 -0.03284375 0.056640625
0.079375 -0.03284375 0.06171875
0.079375 -0.03284375 0.066796875
0.079375 -0.03284375 0.1125
0.079375 -0.03284375 0.117578125
0.079375 -0.03284375 0.12265625
0.079375 -0.03284375 0.127734375
0.079375 -0.0302083333 0.130273437
0.0767291667 -0.0302083333 0.1328125
0.0767291667 -0.0302083333 0.137890625
0.0767291667 -0.0249375 0.00078125
0.079375 -0.0249375 0.0033203125
0.079375 -0.0275729167 0.005859375
0.0767291667 -0.0249375 0.1328125
0.079375 -0.0249375 0.130273437
0.0767291667 -0.0249375 0.137890625
0.0767291667 -0.0196666667 0.00078125
0.079375 -0.0223020833 0.005859375
0.0767291667 -0.0196666667 0.005859375
0.079375 -0.0196666667 0.0083984375
0.0767291667 -0.0196666667 0.127734375
0.079375 -0.0223020833 0.127734375
0.079375 -0.0196666667 0.125195312
0.0767291667 -0.0196666667 0.1328125
0.0767291667 -0.0196666667 0.137890625
0.0767291667 -0.0143958333 0.00078125
0.079375 -0.0143958333 0.0033203125
0.079375 -0.01703125 0.005859375
0.0767291667 -0.0143958333 0.12265625
0.079375 -0.01703125 0.12265625
0.079375 -0.0143958333 0.120117187
0.0767291667 -0.0143958333 0.127734375
0.0767291667 -0.0143958333 0.1328125
0.0767291667 -0.0143958333 0.137890625
0.0767291667 -0.009125 0.00078125
0.079375 -0.0117604167 0.005859375
0.0767291667 -0.009125 0.005859375
0.079375 -0.009125 0.0083984375
0.0767291667 -0.009125 0.12265625
0.079375 -0.009125 0.120117187
0.0767291667 -0.009125 0.127734375
0.0767291667 -0.009125 0.1328125
0.0767291667 -0.009125 0.137890625
0.0767291667 -0.00385416667 0.00078125
0.079375 -0.00385416667 0.0033203125
0.079375 -0.00648958333 0.005859375
0.079375 -0.00648958333 0.12265625
0.079375 -0.00385416667 0.125195312
0.0767291667 -0.00385416667 0.127734375
0.0767291667 -0.00385416667 0.1328125
0.0767291667 0.00141666667 0.00078125
0.079375 0.00141666667 0.0033203125
0.0767291667 0.00141666667 0.127734375
0.079375 0.00141666667 0.125195312
0.0767291667 0.00141666667 0.1328125
0.0767291667 0.00141666667 0.137890625
0.0767291667 0.0066875 0.00078125
0.079375 0.00405208333 0.005859375
0.0767291667 0.0066875 0.005859375
0.079375 0.0066875 0.0083984375
0.0767291667 0.0066875 0.127734375
0.079375 0.0066875 0.125195312
0.0767291667 0.0066875 0.1328125
0.0767291667 0.0066875 0.137890625
0.0767291667 0.0119583333 0.00078125
0.0767291667 0.0119583333 0.005859375
0.079375 0.0119583333 0.0083984375
0.079375 0.00932291667 0.127734375
0.079375 0.0119583333 0.130273437
0.0767291667 0.0119583333 0.1328125
0.0767291667 0.0119583333 0.137890625
0.0767291667 0.0172291667 0.00078125
0.0767291667 0.0172291667 0.005859375
0.079375 0.0172291667 0.0083984375
0.0767291667 0.0172291667 0.127734375
0.079375 0.01459375 0.127734375
0.079375 0.0172291667 0.125195312
0.0767291667 0.0172291667 0.1328125
0.0767291667 0.0172291667 0.137890625
0.0767291667 0.0225 0.00078125
0.079375 0.0225 0.0033203125
0.079375 0.0198645833 0.005859375
0.0767291667 0.0225 0.12265625
0.079375 0.0198645833 0.12265625
0.079375 0.0225 0.120117187
0.0767291667 0.0225 0.127734375
0.0767291667 0.0225 0.1328125
0.0767291667 0.0225 0.137890625
0.0767291667 0.0277708333 0.00078125
0.079375 0.0251354167 0.005859375
0.0767291667 0.0277708333 0.005859375
0.079375 0.0277708333 0.0083984375
0.0767291667 0.0277708333 0.12265625
0.079375 0.0277708333 0.120117187
0.0767291667 0.0277708333 0.127734375
0.0767291667 0.0277708333 0.1328125
0.0767291667 0.0277708333 0.137890625
0.0767291667 0.0330416667 0.00078125
0.079375 0.0330416667 0.0033203125
0.079375 0.03040625 0.005859375
0.079375 0.03040625 0.12265625
0.079375 0.0330416667 0.125195312
0.0767291667 0.0330416667 0.127734375
0.0767291667 0.0330416667 0.1328125
0.0767291667 0.0330416667 0.137890625
0.0767291667 0.0383125 0.00078125
0.079375 0.0356770833 0.005859375
0.0767291667 0.0383125 0.005859375
0.079375 0.0383125 0.0083984375
0.0767291667 0.0383125 0.026171875
0.079375 0.0356770833 0.026171875
0.079375 0.0383125 0.0236328125
0.079375 0.0383125 0.0287109375
0.0767291667 0.0383125 0.0921875
0.079375 0.0356770833 0.0921875
0.079375 0.0383125 0.0896484375
0.079375 0.0383125 0.0947265625
0.0767291667 0.0383125 0.127734375
0.079375 0.0383125 0.125195312
0.0767291667 0.0383125 0.1328125
0.0767291667 0.0383125 0.137890625
0.0767291667 0.0435833333 0.00078125
0.0767291667 0.0435833333 0.005859375
0.079375 0.0435833333 0.0083984375
0.0767291667 0.0435833333 0.02109375
0.079375 0.0409479167 0.02109375
0.079375 0.0435833333 0.0185546875
0.0767291667 0.0435833333 0.026171875
0.079375 0.0409479167 0.03125
0.0767291667 0.0435833333 0.03125
0.079375 0.0435833333 0.0337890625
0.0767291667 0.0435833333 0.087109375
0.079375 0.0409479167 0.087109375
0.079375 0.0435833333 0.0845703125
0.0767291667 0.0435833333 0.0921875
0.079375 0.0435833333 0.0947265625
0.0767291667 0.0435833333 0.127734375
0.079375 0.0435833333 0.125195312
0.0767291667 0.0435833333 0.1328125
0.0767291667 0.0435833333 0.137890625
0.0767291667 0.0488541667 0.00078125
0.0767291667 0.0488541667 0.005859375
0.079375 0.04621875 0.0109375
0.0767291667 0.0488541667 0.0109375
0.0767291667 0.0488541667 0.016015625
0.079375 0.04621875 0.016015625
0.0767291667 0.0488541667 0.02109375
0.0767291667 0.0488541667 0.026171875
0.0767291667 0.0488541667 0.03125
0.079375 0.0488541667 0.0337890625
0.0767291667 0.0488541667 0.076953125
0.079375 0.04621875 0.076953125
0.079375 0.0488541667 0.0744140625
0.0767291667 0.0488541667 0.08203125
0.079375 0.04621875 0.08203125
0.0767291667 0.0488541667 0.087109375
0.0767291667 0.0488541667 0.0921875
0.079375 0.04621875 0.097265625
0.0767291667 0.0488541667 0.097265625
0.079375 0.0488541667 0.0998046875
0.079375 0.04621875 0.127734375
0.079375 0.0488541667 0.130273437
0.0767291667 0.0488541667 0.1328125
0.0767291667 0.0488541667 0.137890625
0.0767291667 0.054125 0.00078125
0.0767291667 0.054125 0.005859375
0.0767291667 0.054125 0.0109375
0.0767291667 0.054125 0.016015625
0.0767291667 0.054125 0.02109375
0.0767291667 0.054125 0.026171875
0.0767291667 0.054125 0.03125
0.079375 0.0514895833 0.036328125
0.0767291667 0.054125 0.036328125
0.079375 0.054125 0.0388671875
0.0767291667 0.054125 0.066796875
0.079375 0.0514895833 0.066796875
0.079375 0.054125 0.0642578125
0.0767291667 0.054125 0.071875
0.079375 0.0514895833 0.071875
0.0767291667 0.054125 0.076953125
0.0767291667 0.054125 0.08203125
0.0767291667 0.054125 0.087109375
0.0767291667 0.054125 0.0921875
0.0767291667 0.054125 0.097265625
0.079375 0.054125 0.0998046875
0.0767291667 0.054125 0.127734375
0.079375 0.0514895833 0.127734375
0.079375 0.054125 0.125195312
0.0767291667 0.054125 0.1328125
0.0767291667 0.054125 0.137890625
0.0767291667 0.0593958333 0.00078125
0.0767291667 0.0593958333 0.005859375
0.0767291667 0.0593958333 0.0109375
0.0767291667 0.0593958333 0.016015625
0.0767291667 0.0593958333 0.02109375
0.0767291667 0.0593958333 0.026171875
0.0767291667 0.0593958333 0.03125
0.0767291667 0.0593958333 0.036328125
0.079375 0.0593958333 0.0388671875
0.0767291667 0.0593958333 0.056640625
0.079375 0.0567604167 0.056640625
0.079375 0.0593958333 0.0541015625
0.0767291667 0.0593958333 0.06171875
0.079375 0.0567604167 0.06171875
0.0767291667 0.0593958333 0.066796875
0.0767291667 0.0593958333 0.071875
0.0767291667 0.0593958333 0.076953125
0.0767291667 0.0593958333 0.08203125
0.0767291667 0.0593958333 0.087109375
0.0767291667 0.0593958333 0.0921875
0.0767291667 0.0593958333 0.097265625
0.079375 0.0593958333 0.0998046875
0.0767291667 0.0593958333 0.117578125
0.079375 0.0567604167 0.117578125
0.079375 0.0593958333 0.115039062
0.0767291667 0.0593958333 0.12265625
0.079375 0.0567604167 0.12265625
0.0767291667 0.0593958333 0.127734375
0.0767291667 0.0593958333 0.1328125
0.0767291667 0.0593958333 0.137890625
0.0767291667 0.0646666667 0.00078125
0.0767291667 0.0646666667 0.005859375
0.0767291667 0.0646666667 0.0109375
0.0767291667 0.0646666667 0.016015625
0.0767291667 0.0646666667 0.02109375
0.0767291667 0.0646666667 0.026171875
0.0767291667 0.0646666667 0.03125
0.0767291667 0.0646666667 0.036328125
0.079375 0.06203125 0.04140625
0.0767291667 0.0646666667 0.04140625
0.079375 0.0646666667 0.0439453125
0.0767291667 0.0646666667 0.0515625
0.079375 0.06203125 0.0515625
0.079375 0.0646666667 0.0490234375
0.0767291667 0.0646666667 0.056640625
0.0767291667 0.0646666667 0.06171875
0.0767291667 0.0646666667 0.066796875
0.0767291667 0.0646666667 0.071875
0.0767291667 0.0646666667 0.076953125
0.0767291667 0.0646666667 0.08203125
0.0767291667 0.0646666667 0.087109375
0.0767291667 0.0646666667 0.0921875
0.0767291667 0.0646666667 0.097265625
0.079375 0.06203125 0.10234375
0.0767291667 0.0646666667 0.10234375
0.0767291667 0.0646666667 0.107421875
0.079375 0.06203125 0.107421875
0.0767291667 0.0646666667 0.1125
0.079375 0.06203125 0.1125
0.0767291667 0.0646666667 0.117578125
0.0767291667 0.0646666667 0.12265625
0.0767291667 0.0646666667 0.127734375
0.0767291667 0.0646666667 0.1328125
0.0767291667 0.0646666667 0.137890625
0.0767291667 0.0699375 0.00078125
0.0767291667 0.0699375 0.005859375
0.0767291667 0.0699375 0.0109375
0.0767291667 0.0699375 0.016015625
0.0767291667 0.0699375 0.02109375
0.0767291667 0.0699375 0.026171875
0.0767291667 0.0699375 0.03125
0.0767291667 0.0699375 0.036328125
0.0767291667 0.0699375 0.04140625
0.079375 0.0673020833 0.046484375
0.0767291667 0.0699375 0.046484375
0.0767291667 0.0699375 0.0515625
0.0767291667 0.0699375 0.056640625
0.0767291667 0.0699375 0.06171875
0.0767291667 0.0699375 0.066796875
0.0767291667 0.0699375 0.071875
0.0767291667 0.0699375 0.076953125
0.0767291667 0.0699375 0.08203125
0.0767291667 0.0699375 0.087109375
0.0767291667 0.0699375 0.0921875
0.0767291667 0.0699375 0.097265625
0.0767291667 0.0699375 0.10234375
0.0767291667 0.0699375 0.107421875
0.0767291667 0.0699375 0.1125
0.0767291667 0.0699375 0.117578125
0.0767291667 0.0699375 0.12265625
0.0767291667 0.0699375 0.127734375
0.0767291667 0.0699375 0.1328125
0.0767291667 0.0752083333 0.00078125
0.0767291667 0.0752083333 0.005859375
0.0767291667 0.0752083333 0.0109375
0.0767291667 0.0752083333 0.016015625
0.0767291667 0.0752083333 0.02109375
0.0767291667 0.0752083333 0.026171875
0.0767291667 0.0752083333 0.03125
0.0767291667 0.0752083333 0.036328125
0.0767291667 0.0752083333 0.04140625
0.0767291667 0.0752083333 0.046484375
0.0767291667 0.0752083333 0.0515625
0.0767291667 0.0752083333 0.056640625
0.0767291667 0.0752083333 0.06171875
0.0767291667 0.0752083333 0.066796875
0.0767291667 0.0752083333 0.071875
0.0767291667 0.0752083333 0.076953125
0.0767291667 0.0752083333 0.08203125
0.0767291667 0.0752083333 0.087109375
0.0767291667 0.0752083333 0.0921875
0.0767291667 0.0752083333 0.097265625
0.0767291667 0.0752083333 0.10234375
0.0767291667 0.0752083333 0.107421875
0.0767291667 0.0752083333 0.1125
0.0767291667 0.0752083333 0.117578125
0.0767291667 0.0752083333 0.12265625
0.0767291667 0.0752083333 0.127734375
0.0767291667 0.0752083333 0.1328125
0.0767291667 0.0752083333 0.137890625
0.0767291667 0.0804791667 0.00078125
0.0767291667 0.0804791667 0.005859375
0.0767291667 0.0804791667 0.0109375
0.0767291667 0.0804791667 0.016015625
0.0767291667 0.0804791667 0.02109375
0.0767291667 0.0804791667 0.026171875
0.0767291667 0.0804791667 0.03125
0.0767291667 0.0804791667 0.036328125
0.0767291667 0.0804791667 0.04140625
0.0767291667 0.0804791667 0.046484375
0.0767291667 0.0804791667 0.0515625
0.0767291667 0.0804791667 0.056640625
0.0767291667 0.0804791667 0.06171875
0.0767291667 0.0804791667 0.066796875
0.0767291667 0.0804791667 0.071875
0.0767291667 0.0804791667 0.076953125
0.0767291667 0.0804791667 0.08203125
0.0767291667 0.0804791667 0.087109375
0.0767291667 0.0804791667 0.0921875
0.0767291667 0.0804791667 0.097265625
0.0767291667 0.0804791667 0.10234375
0.0767291667 0.0804791667 0.107421875
0.0767291667 0.0804791667 0.1125
0.0767291667 0.0804791667 0.117578125
0.0767291667 0.0804791667 0.12265625
0.0767291667 0.0804791667 0.127734375
0.0767291667 0.0804791667 0.1328125
0.0767291667 0.0804791667 0.137890625
0.0767291667 0.08575 0.00078125
0.0767291667 0.08575 0.005859375
0.0767291667 0.08575 0.0109375
0.0767291667 0.08575 0.016015625
0.0767291667 0.08575 0.02109375
0.0767291667 0.08575 0.026171875
0.0767291667 0.08575 0.03125
0.0767291667 0.08575 0.036328125
0.0767291667 0.08575 0.04140625
0.0767291667 0.08575 0.046484375
0.0767291667 0.08575 0.056640625
0.0767291667 0.08575 0.06171875
0.0767291667 0.08575 0.066796875
0.0767291667 0.08575 0.071875
0.0767291667 0.08575 0.076953125
0.0767291667 0.08575 0.08203125
0.0767291667 0.08575 0.087109375
0.0767291667 0.08575 0.0921875
0.0767291667 0.08575 0.097265625
0.0767291667 0.08575 0.10234375
0.0767291667 0.08575 0.107421875
0.0767291667 0.08575 0.117578125
0.0767291667 0.08575 0.12265625
0.0767291667 0.08575 0.127734375
0.0767291667 0.08575 0.1328125
0.0767291667 0.08575 0.137890625
0.0767291667 0.0910208333 0.00078125
0.0767291667 0.0910208333 0.005859375
0.0767291667 0.0910208333 0.0109375
0.0767291667 0.0910208333 0.016015625
0.0767291667 0.0910208333 0.02109375
0.0767291667 0.0910208333 0.026171875
0.0767291667 0.0910208333 0.03125
0.0767291667 0.0910208333 0.036328125
0.0767291667 0.0910208333 0.056640625
0.0767291667 0.0910208333 0.06171875
0.0767291667 0.0910208333 0.066796875
0.0767291667 0.0910208333 0.071875
0.0767291667 0.0910208333 0.076953125
0.0767291667 0.0910208333 0.08203125
0.0767291667 0.0910208333 0.087109375
0.0767291667 0.0910208333 0.0921875
0.0767291667 0.0910208333 0.097265625
0.0767291667 0.0910208333 0.117578125
0.0767291667 0.0910208333 0.12265625
0.0767291667 0.0910208333 0.127734375
0.0767291667 0.0910208333 0.1328125
0.0767291667 0.0910208333 0.137890625
0.0767291667 0.0962916667 0.117578125
0.0820208333 -0.04075 0.005859375
0.0820208333 -0.04075 0.0109375
0.0820208333 -0.04075 0.016015625
0.0820208333 -0.04075 0.071875
0.0820208333 -0.04075 0.076953125
0.0820208333 -0.04075 0.08203125
0.0820208333 -0.0354791667 0.0109375
0.0820208333 -0.0354791667 0.016015625
0.0820208333 -0.0354791667 0.02109375
0.0820208333 -0.0354791667 0.026171875
0.0820208333 -0.0354791667 0.03125
0.0820208333 -0.0354791667 0.036328125
0.0820208333 -0.0354791667 0.04140625
0.0820208333 -0.0354791667 0.071875
0.0820208333 -0.0354791667 0.076953125
0.0820208333 -0.0354791667 0.08203125
0.0820208333 -0.0354791667 0.087109375
0.0820208333 -0.0354791667 0.0921875
0.0820208333 -0.0354791667 0.097265625
0.0820208333 -0.0354791667 0.10234375
0.0820208333 -0.0354791667 0.107421875
0.0820208333 -0.0302083333 0.0109375
0.0820208333 -0.0302083333 0.016015625
0.0820208333 -0.0302083333 0.02109375
0.0820208333 -0.0302083333 0.026171875
0.0820208333 -0.0302083333 0.03125
0.0820208333 -0.0302083333 0.036328125
0.0820208333 -0.0302083333 0.04140625
0.0820208333 -0.0302083333 0.046484375
0.0820208333 -0.0302083333 0.0515625
0.0820208333 -0.0302083333 0.056640625
0.0820208333 -0.0302083333 0.06171875
0.0820208333 -0.0302083333 0.066796875
0.0820208333 -0.0302083333 0.071875
0.0820208333 -0.0302083333 0.076953125
0.0820208333 -0.0302083333 0.08203125
0.0820208333 -0.0302083333 0.087109375
0.0820208333 -0.0302083333 0.0921875
0.0820208333 -0.0302083333 0.097265625
0.0820208333 -0.0302083333 0.10234375
0.0820208333 -0.0302083333 0.107421875
0.0820208333 -0.0302083333 0.1125
0.0820208333 -0.0302083333 0.117578125
0.0820208333 -0.0302083333 0.12265625
0.0820208333 -0.0302083333 0.127734375
0.0820208333 -0.0249375 0.005859375
0.0820208333 -0.0249375 0.0109375
0.0820208333 -0.0249375 0.016015625
0.0820208333 -0.0249375 0.02109375
0.0820208333 -0.0249375 0.026171875
0.0820208333 -0.0249375 0.03125
0.0820208333 -0.0249375 0.036328125
0.0820208333 -0.0249375 0.04140625
0.0820208333 -0.0249375 0.046484375
0.0820208333 -0.0249375 0.0515625
0.0820208333 -0.0249375 0.056640625
0.0820208333 -0.0249375 0.06171875
0.0820208333 -0.0249375 0.066796875
0.0820208333 -0.0249375 0.071875
0.0820208333 -0.0249375 0.076953125
0.0820208333 -0.0249375 0.08203125
0.0820208333 -0.0249375 0.087109375
0.0820208333 -0.0249375 0.0921875
0.0820208333 -0.0249375 0.097265625
0.0820208333 -0.0249375 0.10234375
0.0820208333 -0.0249375 0.107421875
0.0820208333 -0.0249375 0.1125
0.0820208333 -0.0249375 0.117578125
0.0820208333 -0.0249375 0.12265625
0.0820208333 -0.0249375 0.127734375
0.0820208333 -0.0196666667 0.0109375
0.0846666667 -0.0196666667 0.0134765625
0.0846666667 -0.0223020833 0.016015625
0.0846666667 -0.0223020833 0.02109375
0.0846666667 -0.0223020833 0.026171875
0.0846666667 -0.0196666667 0.0287109375
0.0820208333 -0.0196666667 0.03125
0.0820208333 -0.0196666667 0.036328125
0.0820208333 -0.0196666667 0.04140625
0.0820208333 -0.0196666667 0.046484375
0.0820208333 -0.0196666667 0.0515625
0.0820208333 -0.0196666667 0.056640625
0.0820208333 -0.0196666667 0.06171875
0.0820208333 -0.0196666667 0.066796875
0.0820208333 -0.0196666667 0.071875
0.0820208333 -0.0196666667 0.076953125
0.0846666667 -0.0196666667 0.0794921875
0.0846666667 -0.0223020833 0.08203125
0.0846666667 -0.0223020833 0.087109375
0.0846666667 -0.0223020833 0.0921875
0.0846666667 -0.0196666667 0.0947265625
0.0820208333 -0.0196666667 0.097265625
0.0820208333 -0.0196666667 0.10234375
0.0820208333 -0.0196666667 0.107421875
0.0820208333 -0.0196666667 0.1125
0.0820208333 -0.0196666667 0.117578125
0.0820208333 -0.0196666667 0.12265625
0.0820208333 -0.0143958333 0.005859375
0.0820208333 -0.0143958333 0.0109375
0.0846666667 -0.01703125 0.016015625
0.0820208333 -0.0143958333 0.016015625
0.0846666667 -0.0143958333 0.0185546875
0.0846666667 -0.01703125 0.03125
0.0846666667 -0.01703125 0.036328125
0.0846666667 -0.01703125 0.04140625
0.0846666667 -0.01703125 0.046484375
0.0846666667 -0.01703125 0.0515625
0.0846666667 -0.01703125 0.056640625
0.0846666667 -0.0143958333 0.0591796875
0.0820208333 -0.0143958333 0.06171875
0.0820208333 -0.0143958333 0.066796875
0.0820208333 -0.0143958333 0.071875
0.0820208333 -0.0143958333 0.076953125
0.0846666667 -0.0143958333 0.0794921875
0.0846666667 -0.01703125 0.097265625
0.0846666667 -0.01703125 0.10234375
0.0846666667 -0.0143958333 0.104882812
0.0820208333 -0.0143958333 0.107421875
0.0820208333 -0.0143958333 0.1125
0.0820208333 -0.0143958333 0.117578125
0.0820208333 -0.009125 0.0109375
0.0846666667 -0.009125 0.0134765625
0.0846666667 -0.0117604167 0.016015625
0.0846666667 -0.0117604167 0.06171875
0.0846666667 -0.0117604167 0.066796875
0.0846666667 -0.009125 0.0693359375
0.0820208333 -0.009125 0.071875
0.0846666667 -0.009125 0.0744140625
0.0846666667 -0.0117604167 0.076953125
0.0820208333 -0.009125 0.107421875
0.0846666667 -0.009125 0.104882812
0.0820208333 -0.009125 0.1125
0.0820208333 -0.009125 0.117578125
0.0820208333 -0.00385416667 0.005859375
0.0820208333 -0.00385416667 0.0109375
0.0846666667 -0.00385416667 0.0134765625
0.0820208333 -0.00385416667 0.066796875
0.0846666667 -0.00648958333 0.066796875
0.0846666667 -0.00385416667 0.0642578125
0.0820208333 -0.00385416667 0.071875
0.0846666667 -0.00385416667 0.0744140625
0.0846666667 -0.00648958333 0.107421875
0.0846666667 -0.00385416667 0.109960937
0.0820208333 -0.00385416667 0.1125
0.0820208333 -0.00385416667 0.117578125
0.0820208333 -0.00385416667 0.12265625
0.0820208333 0.00141666667 0.005859375
0.0820208333 0.00141666667 0.0109375
0.0846666667 -0.00121875 0.016015625
0.0820208333 0.00141666667 0.016015625
0.0846666667 0.00141666667 0.0185546875
0.0820208333 0.00141666667 0.056640625
0.0846666667 -0.00121875 0.056640625
0.0846666667 0.00141666667 0.0541015625
0.0820208333 0.00141666667 0.06171875
0.0846666667 -0.00121875 0.06171875
0.0820208333 0.00141666667 0.066796875
0.0820208333 0.00141666667 0.071875
0.0846666667 -0.00121875 0.076953125
0.0820208333 0.00141666667 0.076953125
0.0846666667 0.00141666667 0.0794921875
0.0820208333 0.00141666667 0.1125
0.0846666667 0.00141666667 0.109960937
0.0820208333 0.00141666667 0.117578125
0.0820208333 0.00141666667 0.12265625
0.0820208333 0.0066875 0.0109375
0.0820208333 0.0066875 0.016015625
0.0846666667 0.0066875 0.0185546875
0.0820208333 0.0066875 0.046484375
0.0846666667 0.00405208333 0.046484375
0.0846666667 0.0066875 0.0439453125
0.0820208333 0.0066875 0.0515625
0.0846666667 0.00405208333 0.0515625
0.0820208333 0.0066875 0.056640625
0.0820208333 0.0066875 0.06171875
0.0820208333 0.0066875 0.066796875
0.0820208333 0.0066875 0.071875
0.0820208333 0.0066875 0.076953125
0.0846666667 0.0066875 0.0794921875
0.0820208333 0.0066875 0.1125
0.0846666667 0.0066875 0.109960937
0.0820208333 0.0066875 0.117578125
0.0820208333 0.0066875 0.12265625
0.0820208333 0.0119583333 0.0109375
0.0820208333 0.0119583333 0.016015625
0.0846666667 0.0119583333 0.0185546875
0.0820208333 0.0119583333 0.036328125
0.0846666667 0.00932291667 0.036328125
0.0846666667 0.0119583333 0.0337890625
0.0820208333 0.0119583333 0.04140625
0.0846666667 0.00932291667 0.04140625
0.0820208333 0.0119583333 0.046484375
0.0820208333 0.0119583333 0.0515625
0.0820208333 0.0119583333 0.056640625
0.0820208333 0.0119583333 0.06171875
0.0820208333 0.0119583333 0.066796875
0.0820208333 0.0119583333 0.071875
0.0820208333 0.0119583333 0.076953125
0.0846666667 0.0119583333 0.0794921875
0.0820208333 0.0119583333 0.10234375
0.0846666667 0.00932291667 0.10234375
0.0846666667 0.0119583333 0.0998046875
0.0820208333 0.0119583333 0.107421875
0.0846666667 0.00932291667 0.107421875
0.0820208333 0.0119583333 0.1125
0.0820208333 0.0119583333 0.117578125
0.0820208333 0.0119583333 0.12265625
0.0820208333 0.0119583333 0.127734375
0.0820208333 0.0172291667 0.0109375
0.0820208333 0.0172291667 0.016015625
0.0846666667 0.0172291667 0.0185546875
0.0820208333 0.0172291667 0.03125
0.0846666667 0.01459375 0.03125
0.0846666667 0.0172291667 0.0287109375
0.0820208333 0.0172291667 0.036328125
0.0820208333 0.0172291667 0.04140625
0.0820208333 0.0172291667 0.046484375
0.0820208333 0.0172291667 0.0515625
0.0820208333 0.0172291667 0.056640625
0.0820208333 0.0172291667 0.06171875
0.0820208333 0.0172291667 0.066796875
0.0820208333 0.0172291667 0.071875
0.0820208333 0.0172291667 0.076953125
0.0846666667 0.01459375 0.08203125
0.0820208333 0.0172291667 0.08203125
0.0846666667 0.0172291667 0.0845703125
0.0820208333 0.0172291667 0.0921875
0.0846666667 0.01459375 0.0921875
0.0846666667 0.0172291667 0.0896484375
0.0820208333 0.0172291667 0.097265625
0.0846666667 0.01459375 0.097265625
0.0820208333 0.0172291667 0.10234375
0.0820208333 0.0172291667 0.107421875
0.0820208333 0.0172291667 0.1125
0.0820208333 0.0172291667 0.117578125
0.0820208333 0.0172291667 0.12265625
0.0820208333 0.0225 0.005859375
0.0820208333 0.0225 0.0109375
0.0820208333 0.0225 0.016015625
0.0846666667 0.0198645833 0.02109375
0.0820208333 0.0225 0.02109375
0.0820208333 0.0225 0.026171875
0.0846666667 0.0198645833 0.026171875
0.0820208333 0.0225 0.03125
0.0820208333 0.0225 0.036328125
0.0820208333 0.0225 0.04140625
0.0820208333 0.0225 0.046484375
0.0820208333 0.0225 0.0515625
0.0820208333 0.0225 0.056640625
0.0820208333 0.0225 0.06171875
0.0820208333 0.0225 0.066796875
0.0820208333 0.0225 0.071875
0.0820208333 0.0225 0.076953125
0.0820208333 0.0225 0.08203125
0.0846666667 0.0198645833 0.087109375
0.0820208333 0.0225 0.087109375
0.0820208333 0.0225 0.0921875
0.0820208333 0.0225 0.097265625
0.0820208333 0.0225 0.10234375
0.0820208333 0.0225 0.107421875
0.0820208333 0.0225 0.1125
0.0820208333 0.0225 0.117578125
0.0820208333 0.0277708333 0.0109375
0.0820208333 0.0277708333 0.016015625
0.0820208333 0.0277708333 0.02109375
0.0820208333 0.0277708333 0.026171875
0.0820208333 0.0277708333 0.03125
0.0820208333 0.0277708333 0.036328125
0.0820208333 0.0277708333 0.04140625
0.0820208333 0.0277708333 0.046484375
0.0820208333 0.0277708333 0.0515625
0.0820208333 0.0277708333 0.056640625
0.0820208333 0.0277708333 0.06171875
0.0820208333 0.0277708333 0.066796875
0.0820208333 0.0277708333 0.071875
0.0820208333 0.0277708333 0.076953125
0.0820208333 0.0277708333 0.08203125
0.0820208333 0.0277708333 0.087109375
0.0820208333 0.0277708333 0.0921875
0.0820208333 0.0277708333 0.097265625
0.0820208333 0.0277708333 0.10234375
0.0820208333 0.0277708333 0.107421875
0.0820208333 0.0277708333 0.1125
0.0820208333 0.0277708333 0.117578125
0.0820208333 0.0330416667 0.005859375
0.0820208333 0.0330416667 0.0109375
0.0820208333 0.0330416667 0.016015625
0.0820208333 0.0330416667 0.02109375
0.0820208333 0.0330416667 0.026171875
0.0820208333 0.0330416667 0.03125
0.0820208333 0.0330416667 0.036328125
0.0820208333 0.0330416667 0.04140625
0.0820208333 0.0330416667 0.046484375
0.0820208333 0.0330416667 0.0515625
0.0820208333 0.0330416667 0.056640625
0.0820208333 0.0330416667 0.06171875
0.0820208333 0.0330416667 0.066796875
0.0820208333 0.0330416667 0.071875
0.0820208333 0.0330416667 0.076953125
0.0820208333 0.0330416667 0.08203125
0.0820208333 0.0330416667 0.087109375
0.0820208333 0.0330416667 0.0921875
0.0820208333 0.0330416667 0.097265625
0.0820208333 0.0330416667 0.10234375
0.0820208333 0.0330416667 0.107421875
0.0820208333 0.0330416667 0.1125
0.0820208333 0.0330416667 0.117578125
0.0820208333 0.0330416667 0.12265625
0.0820208333 0.0383125 0.0109375
0.0820208333 0.0383125 0.016015625
0.0820208333 0.0383125 0.02109375
0.0820208333 0.0383125 0.03125
0.0820208333 0.0383125 0.036328125
0.0820208333 0.0383125 0.04140625
0.0820208333 0.0383125 0.046484375
0.0820208333 0.0383125 0.0515625
0.0820208333 0.0383125 0.056640625
0.0820208333 0.0383125 0.06171875
0.0820208333 0.0383125 0.066796875
0.0820208333 0.0383125 0.071875
0.0820208333 0.0383125 0.076953125
0.0820208333 0.0383125 0.08203125
0.0820208333 0.0383125 0.087109375
0.0820208333 0.0383125 0.097265625
0.0820208333 0.0383125 0.10234375
0.0820208333 0.0383125 0.107421875
0.0820208333 0.0383125 0.1125
0.0820208333 0.0383125 0.117578125
0.0820208333 0.0383125 0.12265625
0.0820208333 0.0435833333 0.0109375
0.0820208333 0.0435833333 0.016015625
0.0820208333 0.0435833333 0.036328125
0.0820208333 0.0435833333 0.04140625
0.0820208333 0.0435833333 0.046484375
0.0820208333 0.0435833333 0.0515625
0.0820208333 0.0435833333 0.056640625
0.0820208333 0.0435833333 0.06171875
0.0820208333 0.0435833333 0.066796875
0.0820208333 0.0435833333 0.071875
0.0820208333 0.0435833333 0.076953125
0.0820208333 0.0435833333 0.08203125
0.0820208333 0.0435833333 0.097265625
0.0820208333 0.0435833333 0.10234375
0.0820208333 0.0435833333 0.107421875
0.0820208333 0.0435833333 0.1125
0.0820208333 0.0435833333 0.117578125
0.0820208333 0.0435833333 0.12265625
0.0820208333 0.0488541667 0.036328125
0.0820208333 0.0488541667 0.04140625
0.0820208333 0.0488541667 0.046484375
0.0820208333 0.0488541667 0.0515625
0.0820208333 0.0488541667 0.056640625
0.0820208333 0.0488541667 0.06171875
0.0820208333 0.0488541667 0.066796875
0.0820208333 0.0488541667 0.071875
0.0820208333 0.0488541667 0.10234375
0.0820208333 0.0488541667 0.107421875
0.0820208333 0.0488541667 0.1125
0.0820208333 0.0488541667 0.117578125
0.0820208333 0.0488541667 0.12265625
0.0820208333 0.0488541667 0.127734375
0.0820208333 0.054125 0.04140625
0.0820208333 0.054125 0.046484375
0.0820208333 0.054125 0.0515625
0.0820208333 0.054125 0.056640625
0.0820208333 0.054125 0.06171875
0.0820208333 0.054125 0.10234375
0.0820208333 0.054125 0.107421875
0.0820208333 0.054125 0.1125
0.0820208333 0.054125 0.117578125
0.0820208333 0.054125 0.12265625
0.0820208333 0.0593958333 0.04140625
0.0820208333 0.0593958333 0.046484375
0.0820208333 0.0593958333 0.0515625
0.0820208333 0.0593958333 0.10234375
0.0820208333 0.0593958333 0.107421875
0.0820208333 0.0593958333 0.1125
0.0820208333 0.0646666667 0.046484375
0.0873125 -0.0196666667 0.016015625
0.0873125 -0.0196666667 0.02109375
0.0873125 -0.0196666667 0.026171875
0.0873125 -0.0196666667 0.08203125
0.0873125 -0.0196666667 0.087109375
0.0873125 -0.0196666667 0.0921875
0.0873125 -0.0143958333 0.02109375
0.0873125 -0.0143958333 0.026171875
0.0873125 -0.0143958333 0.03125
0.0873125 -0.0143958333 0.036328125
0.0873125 -0.0143958333 0.04140625
0.0873125 -0.0143958333 0.046484375
0.0873125 -0.0143958333 0.0515625
0.0873125 -0.0143958333 0.056640625
0.0873125 -0.0143958333 0.08203125
0.0873125 -0.0143958333 0.087109375
0.0873125 -0.0143958333 0.0921875
0.0873125 -0.0143958333 0.097265625
0.0873125 -0.0143958333 0.10234375
0.0873125 -0.009125 0.016015625
0.0873125 -0.009125 0.02109375
0.0873125 -0.009125 0.026171875
0.0873125 -0.009125 0.03125
0.0873125 -0.009125 0.036328125
0.0873125 -0.009125 0.04140625
0.0873125 -0.009125 0.046484375
0.0873125 -0.009125 0.0515625
0.0873125 -0.009125 0.056640625
0.0873125 -0.009125 0.06171875
0.0873125 -0.009125 0.066796875
0.0873125 -0.009125 0.076953125
0.0873125 -0.009125 0.08203125
0.0873125 -0.009125 0.087109375
0.0873125 -0.009125 0.0921875
0.0873125 -0.009125 0.097265625
0.0873125 -0.009125 0.10234375
0.0873125 -0.00385416667 0.016015625
0.0873125 -0.00385416667 0.02109375
0.0873125 -0.00385416667 0.026171875
0.0873125 -0.00385416667 0.03125
0.0873125 -0.00385416667 0.036328125
0.0873125 -0.00385416667 0.04140625
0.0873125 -0.00385416667 0.046484375
0.0873125 -0.00385416667 0.0515625
0.0873125 -0.00385416667 0.056640625
0.0873125 -0.00385416667 0.06171875
0.0873125 -0.00385416667 0.076953125
0.0873125 -0.00385416667 0.08203125
0.0873125 -0.00385416667 0.087109375
0.0873125 -0.00385416667 0.0921875
0.0873125 -0.00385416667 0.097265625
0.0873125 -0.00385416667 0.10234375
0.0873125 -0.00385416667 0.107421875
0.0873125 0.00141666667 0.02109375
0.0873125 0.00141666667 0.026171875
0.0873125 0.00141666667 0.03125
0.0873125 0.00141666667 0.036328125
0.0873125 0.00141666667 0.04140625
0.0873125 0.00141666667 0.046484375
0.0873125 0.00141666667 0.0515625
0.0873125 0.00141666667 0.08203125
0.0873125 0.00141666667 0.087109375
0.0873125 0.00141666667 0.0921875
0.0873125 0.00141666667 0.097265625
0.0873125 0.00141666667 0.10234375
0.0873125 0.00141666667 0.107421875
0.0873125 0.0066875 0.02109375
0.0873125 0.0066875 0.026171875
0.0873125 0.0066875 0.03125
0.0873125 0.0066875 0.036328125
0.0873125 0.0066875 0.04140625
0.0873125 0.0066875 0.08203125
0.0873125 0.0066875 0.087109375
0.0873125 0.0066875 0.0921875
0.0873125 0.0066875 0.097265625
0.0873125 0.0066875 0.10234375
0.0873125 0.0066875 0.107421875
0.0873125 0.0119583333 0.02109375
0.0873125 0.0119583333 0.026171875
0.0873125 0.0119583333 0.03125
0.0873125 0.0119583333 0.08203125
0.0873125 0.0119583333 0.087109375
0.0873125 0.0119583333 0.0921875
0.0873125 0.0119583333 0.097265625
0.0873125 0.0172291667 0.02109375
0.0873125 0.0172291667 0.026171875
0.0873125 0.0172291667 0.087109375
3 2 1 0
3 4 3 0
3 0 3 2
3 4 5 3
3 8 7 6
3 10 9 6
3 6 9 8
3 12 11 10
3 10 11 9
3 12 13 11
3 0 1 14
3 14 1 15
3 0 16 4
3 0 14 16
3 5 4 17
3 4 18 17
3 4 16 18
3 20 19 18
3 18 19 17
3 22 21 20
3 20 21 19
3 24 23 22
3 22 23 21
3 26 25 24
3 24 25 23
3 28 27 26
3 26 27 25
3 28 29 27
3 32 31 30
3 32 30 7
3 30 6 7
3 30 33 6
3 6 34 10
3 6 33 34
3 10 35 12
3 10 34 35
3 13 12 36
3 12 37 36
3 12 35 37
3 39 38 37
3 37 38 36
3 41 40 39
3 39 40 38
3 43 42 41
3 41 42 40
3 45 44 43
3 43 44 42
3 44 45 15
3 45 14 15
3 45 46 14
3 14 47 16
3 14 46 47
3 16 48 18
3 16 47 48
3 18 49 20
3 18 48 49
3 20 50 22
3 20 49 50
3 22 51 24
3 22 50 51
3 24 52 26
3 24 51 52
3 26 53 28
3 26 52 53
3 29 28 54
3 28 55 54
3 28 53 55
3 57 56 55
3 55 56 54
3 57 58 56
3 30 31 59
3 59 31 60
3 30 61 33
3 30 59 61
3 33 62 34
3 33 61 62
3 34 63 35
3 34 62 63
3 35 64 37
3 35 63 64
3 37 65 39
3 37 64 65
3 39 66 41
3 39 65 66
3 41 67 43
3 41 66 67
3 43 68 45
3 43 67 68
3 45 69 46
3 45 68 69
3 46 70 47
3 46 69 70
3 47 71 48
3 47 70 71
3 48 72 49
3 48 71 72
3 49 73 50
3 49 72 73
3 50 74 51
3 50 73 74
3 51 75 52
3 51 74 75
3 52 76 53
3 52 75 76
3 53 77 55
3 53 76 77
3 55 78 57
3 55 77 78
3 58 57 79
3 57 80 79
3 57 78 80
3 80 81 79
3 60 82 59
3 84 83 82
3 83 59 82
3 83 61 59
3 61 85 62
3 61 83 85
3 62 86 63
3 62 85 86
3 63 87 64
3 63 86 87
3 64 88 65
3 64 87 88
3 65 89 66
3 65 88 89
3 66 90 67
3 66 89 90
3 67 91 68
3 67 90 91
3 68 92 69
3 68 91 92
3 69 93 70
3 69 92 93
3 70 94 71
3 70 93 94
3 71 95 72
3 71 94 95
3 72 96 73
3 72 95 96
3 73 97 74
3 73 96 97
3 74 98 75
3 74 97 98
3 75 99 76
3 75 98 99
3 76 100 77
3 76 99 100
3 77 101 78
3 77 100 101
3 78 102 80
3 78 101 102
3 81 80 103
3 103 80 102
3 106 105 104
3 106 104 84
3 104 83 84
3 104 107 83
3 83 108 85
3 83 107 108
3 85 109 86
3 85 108 109
3 86 110 87
3 86 109 110
3 87 111 88
3 87 110 111
3 88 112 89
3 88 111 112
3 89 113 90
3 89 112 113
3 90 114 91
3 90 113 114
3 91 115 92
3 91 114 115
3 92 116 93
3 92 115 116
3 93 117 94
3 93 116 117
3 94 118 95
3 94 117 118
3 95 119 96
3 95 118 119
3 96 120 97
3 96 119 120
3 97 121 98
3 97 120 121
3 98 122 99
3 98 121 122
3 99 123 100
3 99 122 123
3 100 124 101
3 100 123 124
3 101 125 102
3 101 124 125
3 103 102 126
3 126 102 125
3 105 127 104
3 129 128 127
3 128 104 127
3 128 107 104
3 107 130 108
3 107 128 130
3 108 131 109
3 108 130 131
3 109 132 110
3 109 131 132
3 110 133 111
3 110 132 133
3 111 134 112
3 111 133 134
3 112 135 113
3 112 134 135
3 113 136 114
3 113 135 136
3 114 137 115
3 114 136 137
3 115 138 116
3 115 137 138
3 116 139 117
3 116 138 139
3 117 140 118
3 117 139 140
3 118 141 119
3 118 140 141
3 119 142 120
3 119 141 142
3 120 143 121
3 120 142 143
3 121 144 122
3 121 143 144
3 122 145 123
3 122 144 145
3 123 146 124
3 123 145 146
3 148 125 147
3 125 146 147
3 125 124 146
3 125 148 126
3 151 150 149
3 151 149 129
3 149 128 129
3 149 152 128
3 128 153 130
3 128 152 153
3 130 154 131
3 130 153 154
3 156 132 155
3 132 154 155
3 132 131 154
3 158 157 156
3 157 132 156
3 157 133 132
3 133 159 134
3 133 157 159
3 134 160 135
3 134 159 160
3 135 161 136
3 135 160 161
3 136 162 137
3 136 161 162
3 137 163 138
3 137 162 163
3 138 164 139
3 138 163 164
3 139 165 140
3 139 164 165
3 140 166 141
3 140 165 166
3 141 167 142
3 141 166 167
3 142 168 143
3 142 167 168
3 143 169 144
3 143 168 169
3 171 145 170
3 145 169 170
3 145 144 169
3 173 172 171
3 172 145 171
3 172 146 145
3 147 146 174
3 174 146 172
3 150 175 149
3 177 176 175
3 176 149 175
3 176 152 149
3 179 153 178
3 153 176 178
3 153 152 176
3 153 179 154
3 154 179 180
3 154 180 155
3 158 181 157
3 183 182 181
3 182 157 181
3 182 159 157
3 159 184 160
3 159 182 184
3 160 185 161
3 160 184 185
3 161 186 162
3 161 185 186
3 162 187 163
3 162 186 187
3 163 188 164
3 163 187 188
3 164 189 165
3 164 188 189
3 165 190 166
3 165 189 190
3 192 167 191
3 167 190 191
3 167 166 190
3 167 192 168
3 168 192 193
3 168 193 169
3 169 193 194
3 169 194 170
3 172 173 195
3 195 173 196
3 174 172 197
3 172 198 197
3 172 195 198
3 198 199 197
3 177 200 176
3 176 200 178
3 182 183 201
3 201 183 202
3 182 203 184
3 182 201 203
3 184 204 185
3 184 203 204
3 185 205 186
3 185 204 205
3 186 206 187
3 186 205 206
3 187 207 188
3 187 206 207
3 209 189 208
3 189 207 208
3 189 188 207
3 189 209 190
3 190 209 210
3 190 210 191
3 196 211 195
3 213 212 211
3 212 195 211
3 212 198 195
3 199 198 214
3 214 198 212
3 202 215 201
3 217 216 215
3 216 201 215
3 216 203 201
3 203 218 204
3 203 216 218
3 204 219 205
3 204 218 219
3 221 206 220
3 206 219 220
3 206 205 219
3 206 221 207
3 207 221 222
3 207 222 208
3 212 213 223
3 223 213 224
3 214 212 225
3 225 212 223
3 216 217 226
3 226 217 227
3 229 218 228
3 218 226 228
3 218 216 226
3 218 229 219
3 219 229 230
3 219 230 220
3 223 224 231
3 231 224 232
3 225 223 233
3 233 223 231
3 227 234 226
3 226 234 228
3 232 235 231
3 231 235 233
3 238 237 236
3 236 239 238
3 242 241 240
3 244 243 240
3 240 243 242
3 246 245 244
3 244 245 243
3 248 247 246
3 246 247 245
3 250 249 248
3 248 249 247
3 250 251 249
3 254 253 252
3 256 255 252
3 252 255 254
3 256 257 255
3 237 258 236
3 258 259 236
3 259 260 236
3 261 239 236
3 261 236 260
3 263 262 260
3 260 262 261
3 265 264 263
3 263 264 262
3 267 266 265
3 265 266 264
3 269 268 267
3 267 268 266
3 271 270 269
3 269 270 268
3 271 272 270
3 241 273 240
3 275 274 273
3 274 240 273
3 274 244 240
3 244 276 246
3 244 274 276
3 246 277 248
3 246 276 277
3 248 278 250
3 248 277 278
3 251 250 279
3 250 280 279
3 250 278 280
3 282 281 280
3 280 281 279
3 284 283 282
3 282 283 281
3 286 285 284
3 284 285 283
3 288 287 286
3 286 287 285
3 290 289 288
3 288 289 287
3 290 291 289
3 252 253 292
3 292 253 293
3 252 294 256
3 252 292 294
3 257 256 295
3 295 256 294
3 260 259 296
3 296 259 297
3 260 298 263
3 260 296 298
3 263 299 265
3 263 298 299
3 265 300 267
3 265 299 300
3 267 301 269
3 267 300 301
3 269 302 271
3 269 301 302
3 272 271 303
3 271 304 303
3 271 302 304
3 306 305 304
3 304 305 303
3 308 307 306
3 306 307 305
3 307 308 275
3 308 274 275
3 308 309 274
3 274 310 276
3 274 309 310
3 276 311 277
3 276 310 311
3 277 312 278
3 277 311 312
3 278 313 280
3 278 312 313
3 280 314 282
3 280 313 314
3 282 315 284
3 282 314 315
3 284 316 286
3 284 315 316
3 286 317 288
3 286 316 317
3 288 318 290
3 288 317 318
3 291 290 319
3 290 320 319
3 290 318 320
3 322 321 320
3 320 321 319
3 321 322 293
3 322 292 293
3 322 323 292
3 292 324 294
3 292 323 324
3 295 294 325
3 294 326 325
3 294 324 326
3 326 327 325
3 296 297 328
3 328 297 329
3 296 330 298
3 296 328 330
3 298 331 299
3 298 330 331
3 299 332 300
3 299 331 332
3 300 333 301
3 300 332 333
3 301 334 302
3 301 333 334
3 302 335 304
3 302 334 335
3 304 336 306
3 304 335 336
3 306 337 308
3 306 336 337
3 308 338 309
3 308 337 338
3 338 1 2
3 310 338 2
3 309 338 310
3 310 2 3
3 310 3 311
3 311 3 5
3 339 311 5
3 312 311 339
3 312 340 313
3 312 339 340
3 313 341 314
3 313 340 341
3 314 342 315
3 314 341 342
3 315 343 316
3 315 342 343
3 316 344 317
3 316 343 344
3 317 345 318
3 317 344 345
3 318 346 320
3 318 345 346
3 320 347 322
3 320 346 347
3 322 348 323
3 322 347 348
3 323 349 324
3 323 348 349
3 324 350 326
3 324 349 350
3 327 326 351
3 351 326 350
3 328 329 352
3 352 329 353
3 328 354 330
3 328 352 354
3 354 7 8
3 331 354 8
3 330 354 331
3 331 8 9
3 331 9 332
3 332 9 11
3 332 11 333
3 333 11 13
3 355 333 13
3 334 333 355
3 334 356 335
3 334 355 356
3 335 357 336
3 335 356 357
3 336 358 337
3 336 357 358
3 337 359 338
3 337 358 359
3 359 15 1
3 359 1 338
3 17 339 5
3 339 17 19
3 339 19 340
3 340 19 21
3 340 21 341
3 341 21 23
3 341 23 342
3 342 23 25
3 342 25 343
3 343 25 27
3 343 27 344
3 344 27 29
3 360 344 29
3 345 344 360
3 345 361 346
3 345 360 361
3 346 362 347
3 346 361 362
3 347 363 348
3 347 362 363
3 348 364 349
3 348 363 364
3 349 365 350
3 349 364 365
3 351 350 366
3 366 350 365
3 352 353 367
3 367 353 368
3 367 31 32
3 354 367 32
3 352 367 354
3 354 32 7
3 36 355 13
3 355 36 38
3 355 38 356
3 356 38 40
3 356 40 357
3 357 40 42
3 357 42 358
3 358 42 44
3 358 44 359
3 359 44 15
3 54 360 29
3 360 54 56
3 360 56 361
3 361 56 58
3 369 361 58
3 362 361 369
3 362 370 363
3 362 369 370
3 363 371 364
3 363 370 371
3 373 365 372
3 365 371 372
3 365 364 371
3 365 373 366
3 367 368 374
3 374 368 375
3 374 60 31
3 374 31 367
3 79 369 58
3 369 79 81
3 376 369 81
3 370 369 376
3 370 377 371
3 370 376 377
3 372 371 378
3 378 371 377
3 381 380 379
3 381 379 375
3 379 374 375
3 379 382 374
3 383 82 60
3 374 383 60
3 382 383 374
3 383 84 82
3 103 384 376
3 103 376 81
3 376 385 377
3 376 384 385
3 378 377 386
3 386 377 385
3 380 387 379
3 389 388 387
3 388 379 387
3 388 382 379
3 388 105 106
3 383 388 106
3 382 388 383
3 383 106 84
3 126 390 384
3 126 384 103
3 384 391 385
3 384 390 391
3 386 385 392
3 385 393 392
3 385 391 393
3 393 394 392
3 397 396 395
3 397 395 389
3 395 388 389
3 395 398 388
3 399 127 105
3 388 399 105
3 398 399 388
3 399 129 127
3 147 400 148
3 390 126 148
3 400 390 148
3 401 390 400
3 390 402 391
3 390 401 402
3 391 403 393
3 391 402 403
3 394 393 404
3 404 393 403
3 396 405 395
3 407 406 405
3 406 395 405
3 406 398 395
3 406 150 151
3 399 406 151
3 398 406 399
3 399 151 129
3 155 408 156
3 408 158 156
3 170 409 171
3 409 173 171
3 174 410 400
3 174 400 147
3 400 411 401
3 400 410 411
3 401 412 402
3 401 411 412
3 402 413 403
3 402 412 413
3 404 403 414
3 414 403 413
3 406 407 415
3 415 407 416
3 417 175 150
3 406 417 150
3 415 417 406
3 417 177 175
3 178 418 179
3 419 180 179
3 419 179 418
3 408 155 180
3 419 408 180
3 420 408 419
3 421 181 158
3 408 421 158
3 420 421 408
3 421 183 181
3 191 422 192
3 423 193 192
3 423 192 422
3 424 194 193
3 424 193 423
3 409 170 194
3 424 409 194
3 425 409 424
3 425 196 173
3 425 173 409
3 197 410 174
3 410 197 199
3 426 410 199
3 411 410 426
3 411 427 412
3 411 426 427
3 429 413 428
3 413 427 428
3 413 412 427
3 413 429 414
3 415 416 430
3 430 416 431
3 415 432 417
3 415 430 432
3 433 200 177
3 417 433 177
3 432 433 417
3 418 178 200
3 433 418 200
3 434 418 433
3 418 435 419
3 418 434 435
3 419 436 420
3 419 435 436
3 420 437 421
3 420 436 437
3 437 202 183
3 437 183 421
3 208 438 209
3 439 210 209
3 439 209 438
3 422 191 210
3 439 422 210
3 440 422 439
3 422 441 423
3 422 440 441
3 423 442 424
3 423 441 442
3 424 443 425
3 424 442 443
3 444 211 196
3 425 444 196
3 443 444 425
3 444 213 211
3 214 445 426
3 214 426 199
3 426 446 427
3 426 445 446
3 428 427 447
3 447 427 446
3 430 431 448
3 448 431 449
3 430 450 432
3 430 448 450
3 432 451 433
3 432 450 451
3 433 452 434
3 433 451 452
3 434 453 435
3 434 452 453
3 435 454 436
3 435 453 454
3 436 455 437
3 436 454 455
3 456 215 202
3 437 456 202
3 455 456 437
3 456 217 215
3 220 457 221
3 458 222 221
3 458 221 457
3 438 208 222
3 458 438 222
3 459 438 458
3 438 460 439
3 438 459 460
3 439 461 440
3 439 460 461
3 440 462 441
3 440 461 462
3 441 463 442
3 441 462 463
3 442 464 443
3 442 463 464
3 443 465 444
3 443 464 465
3 465 224 213
3 465 213 444
3 225 466 445
3 225 445 214
3 445 467 446
3 445 466 467
3 447 446 468
3 468 446 467
3 448 449 469
3 469 449 470
3 448 471 450
3 448 469 471
3 450 472 451
3 450 471 472
3 451 473 452
3 451 472 473
3 452 474 453
3 452 473 474
3 453 475 454
3 453 474 475
3 454 476 455
3 454 475 476
3 455 477 456
3 455 476 477
3 477 227 217
3 477 217 456
3 228 478 229
3 479 230 229
3 479 229 478
3 457 220 230
3 479 457 230
3 480 457 479
3 457 481 458
3 457 480 481
3 458 482 459
3 458 481 482
3 459 483 460
3 459 482 483
3 460 484 461
3 460 483 484
3 461 485 462
3 461 484 485
3 462 486 463
3 462 485 486
3 463 487 464
3 463 486 487
3 464 488 465
3 464 487 488
3 488 232 224
3 488 224 465
3 233 489 466
3 233 466 225
3 466 490 467
3 466 489 490
3 468 467 491
3 467 492 491
3 467 490 492
3 492 493 491
3 469 470 494
3 494 470 495
3 469 496 471
3 469 494 496
3 471 497 472
3 471 496 497
3 472 498 473
3 472 497 498
3 473 499 474
3 473 498 499
3 474 500 475
3 474 499 500
3 475 501 476
3 475 500 501
3 476 502 477
3 476 501 502
3 503 234 227
3 477 503 227
3 502 503 477
3 478 228 234
3 503 478 234
3 504 478 503
3 478 505 479
3 478 504 505
3 479 506 480
3 479 505 506
3 480 507 481
3 480 506 507
3 481 508 482
3 481 507 508
3 482 509 483
3 482 508 509
3 483 510 484
3 483 509 510
3 484 511 485
3 484 510 511
3 485 512 486
3 485 511 512
3 486 513 487
3 486 512 513
3 487 514 488
3 487 513 514
3 515 235 232
3 488 515 232
3 514 515 488
3 489 233 235
3 515 489 235
3 516 489 515
3 489 517 490
3 489 516 517
3 490 518 492
3 490 517 518
3 493 492 519
3 519 492 518
3 494 495 520
3 520 495 521
3 494 522 496
3 494 520 522
3 496 523 497
3 496 522 523
3 497 524 498
3 497 523 524
3 498 525 499
3 498 524 525
3 499 526 500
3 499 525 526
3 500 527 501
3 500 526 527
3 501 528 502
3 501 527 528
3 502 529 503
3 502 528 529
3 503 530 504
3 503 529 530
3 504 531 505
3 504 530 531
3 505 532 506
3 505 531 532
3 506 533 507
3 506 532 533
3 507 534 508
3 507 533 534
3 508 535 509
3 508 534 535
3 509 536 510
3 509 535 536
3 510 537 511
3 510 536 537
3 511 538 512
3 511 537 538
3 512 539 513
3 512 538 539
3 513 540 514
3 513 539 540
3 514 541 515
3 514 540 541
3 515 542 516
3 515 541 542
3 516 543 517
3 516 542 543
3 517 544 518
3 517 543 544
3 519 518 545
3 545 518 544
3 548 547 546
3 548 546 521
3 546 520 521
3 546 549 520
3 520 550 522
3 520 549 550
3 522 551 523
3 522 550 551
3 523 552 524
3 523 551 552
3 524 553 525
3 524 552 553
3 525 554 526
3 525 553 554
3 526 555 527
3 526 554 555
3 527 556 528
3 527 555 556
3 528 557 529
3 528 556 557
3 559 530 558
3 530 557 558
3 530 529 557
3 561 560 559
3 560 530 559
3 560 531 530
3 531 562 532
3 531 560 562
3 532 563 533
3 532 562 563
3 533 564 534
3 533 563 564
3 534 565 535
3 534 564 565
3 535 566 536
3 535 565 566
3 536 567 537
3 536 566 567
3 537 568 538
3 537 567 568
3 538 569 539
3 538 568 569
3 539 570 540
3 539 569 570
3 540 571 541
3 540 570 571
3 573 542 572
3 542 571 572
3 542 541 571
3 575 574 573
3 574 542 573
3 574 543 542
3 577 544 576
3 544 574 576
3 544 543 574
3 544 577 545
3 547 578 546
3 580 579 578
3 579 546 578
3 579 549 546
3 549 581 550
3 549 579 581
3 550 582 551
3 550 581 582
3 551 583 552
3 551 582 583
3 552 584 553
3 552 583 584
3 553 585 554
3 553 584 585
3 554 586 555
3 554 585 586
3 588 556 587
3 556 586 587
3 556 555 586
3 556 588 557
3 557 588 589
3 557 589 558
3 560 561 590
3 590 561 591
3 560 592 562
3 560 590 592
3 562 593 563
3 562 592 593
3 563 594 564
3 563 593 594
3 564 595 565
3 564 594 595
3 565 596 566
3 565 595 596
3 566 597 567
3 566 596 597
3 567 598 568
3 567 597 598
3 568 599 569
3 568 598 599
3 601 570 600
3 570 599 600
3 570 569 599
3 570 601 571
3 571 601 602
3 571 602 572
3 574 575 603
3 603 575 604
3 576 574 605
3 605 574 603
3 608 607 606
3 608 606 580
3 606 579 580
3 606 609 579
3 579 610 581
3 579 609 610
3 581 611 582
3 581 610 611
3 582 612 583
3 582 611 612
3 583 613 584
3 583 612 613
3 615 585 614
3 585 613 614
3 585 584 613
3 585 615 586
3 586 615 616
3 586 616 587
3 591 617 590
3 619 618 617
3 618 590 617
3 618 592 590
3 592 620 593
3 592 618 620
3 593 621 594
3 593 620 621
3 594 622 595
3 594 621 622
3 595 623 596
3 595 622 623
3 596 624 597
3 596 623 624
3 626 598 625
3 598 624 625
3 598 597 624
3 598 626 599
3 599 626 627
3 599 627 600
3 603 604 628
3 628 604 629
3 605 603 630
3 603 631 630
3 603 628 631
3 631 632 630
3 607 633 606
3 635 634 633
3 634 606 633
3 634 609 606
3 609 636 610
3 609 634 636
3 610 637 611
3 610 636 637
3 639 612 638
3 612 637 638
3 612 611 637
3 612 639 613
3 613 639 640
3 613 640 614
3 618 619 641
3 641 619 642
3 618 643 620
3 618 641 643
3 620 644 621
3 620 643 644
3 621 645 622
3 621 644 645
3 647 623 646
3 623 645 646
3 623 622 645
3 623 647 624
3 624 647 648
3 624 648 625
3 629 649 628
3 651 650 649
3 650 628 649
3 650 631 628
3 632 631 652
3 652 631 650
3 634 635 653
3 653 635 654
3 656 636 655
3 636 653 655
3 636 634 653
3 636 656 637
3 637 656 657
3 637 657 638
3 642 658 641
3 660 659 658
3 659 641 658
3 659 643 641
3 662 644 661
3 644 659 661
3 644 643 659
3 644 662 645
3 645 662 663
3 645 663 646
3 650 651 664
3 664 651 665
3 652 650 666
3 666 650 664
3 654 667 653
3 653 667 655
3 660 668 659
3 659 668 661
3 665 669 664
3 664 669 666
3 672 671 670
3 670 673 672
3 676 675 674
3 674 677 676
3 680 679 678
3 682 681 678
3 678 681 680
3 684 683 682
3 682 683 681
3 686 685 684
3 684 685 683
3 688 687 686
3 686 687 685
3 690 689 688
3 688 689 687
3 692 691 690
3 690 691 689
3 694 693 692
3 692 693 691
3 696 695 694
3 694 695 693
3 698 697 696
3 696 697 695
3 700 699 698
3 698 699 697
3 702 701 700
3 700 701 699
3 704 703 702
3 702 703 701
3 706 705 704
3 704 705 703
3 708 707 706
3 706 707 705
3 707 708 671
3 708 670 671
3 708 709 670
3 673 670 710
3 670 711 710
3 670 709 711
3 713 712 711
3 711 712 710
3 715 714 713
3 713 714 712
3 717 716 715
3 715 716 714
3 719 718 717
3 717 718 716
3 721 720 719
3 719 720 718
3 723 722 721
3 721 722 720
3 725 724 723
3 723 724 722
3 727 726 725
3 725 726 724
3 729 728 727
3 727 728 726
3 731 730 729
3 729 730 728
3 730 731 675
3 731 674 675
3 731 732 674
3 677 674 733
3 733 674 732
3 678 679 734
3 734 679 735
3 678 736 682
3 678 734 736
3 682 737 684
3 682 736 737
3 684 738 686
3 684 737 738
3 686 739 688
3 686 738 739
3 688 740 690
3 688 739 740
3 690 741 692
3 690 740 741
3 692 742 694
3 692 741 742
3 694 743 696
3 694 742 743
3 696 744 698
3 696 743 744
3 698 745 700
3 698 744 745
3 700 746 702
3 700 745 746
3 702 747 704
3 702 746 747
3 704 748 706
3 704 747 748
3 706 749 708
3 706 748 749
3 708 750 709
3 708 749 750
3 709 751 711
3 709 750 751
3 711 752 713
3 711 751 752
3 713 753 715
3 713 752 753
3 715 754 717
3 715 753 754
3 717 755 719
3 717 754 755
3 719 756 721
3 719 755 756
3 721 757 723
3 721 756 757
3 723 758 725
3 723 757 758
3 725 759 727
3 725 758 759
3 727 760 729
3 727 759 760
3 729 761 731
3 729 760 761
3 731 762 732
3 731 761 762
3 733 732 763
3 763 732 762
3 734 735 764
3 764 735 765
3 764 237 238
3 736 764 238
3 734 764 736
3 736 238 239
3 766 736 239
3 737 736 766
3 737 767 738
3 737 766 767
3 738 768 739
3 738 767 768
3 739 769 740
3 739 768 769
3 740 770 741
3 740 769 770
3 741 771 742
3 741 770 771
3 742 772 743
3 742 771 772
3 743 773 744
3 743 772 773
3 773 241 242
3 745 773 242
3 744 773 745
3 745 242 243
3 745 243 746
3 746 243 245
3 746 245 747
3 747 245 247
3 747 247 748
3 748 247 249
3 748 249 749
3 749 249 251
3 774 749 251
3 750 749 774
3 750 775 751
3 750 774 775
3 751 776 752
3 751 775 776
3 752 777 753
3 752 776 777
3 753 778 754
3 753 777 778
3 754 779 755
3 754 778 779
3 755 780 756
3 755 779 780
3 756 781 757
3 756 780 781
3 781 253 254
3 758 781 254
3 757 781 758
3 758 254 255
3 758 255 759
3 759 255 257
3 782 759 257
3 760 759 782
3 760 783 761
3 760 782 783
3 761 784 762
3 761 783 784
3 763 762 785
3 785 762 784
3 764 765 786
3 786 765 787
3 788 258 237
3 764 788 237
3 786 788 764
3 261 766 239
3 259 258 788
3 766 261 262
3 766 262 767
3 767 262 264
3 767 264 768
3 768 264 266
3 768 266 769
3 769 266 268
3 769 268 770
3 770 268 270
3 770 270 771
3 771 270 272
3 789 771 272
3 772 771 789
3 772 790 773
3 772 789 790
3 791 273 241
3 773 791 241
3 790 791 773
3 791 275 273
3 279 774 251
3 774 279 281
3 774 281 775
3 775 281 283
3 775 283 776
3 776 283 285
3 776 285 777
3 777 285 287
3 777 287 778
3 778 287 289
3 778 289 779
3 779 289 291
3 792 779 291
3 780 779 792
3 780 793 781
3 780 792 793
3 793 293 253
3 793 253 781
3 295 794 782
3 295 782 257
3 782 795 783
3 782 794 795
3 797 784 796
3 784 795 796
3 784 783 795
3 784 797 785
3 786 787 798
3 798 787 799
3 786 800 788
3 786 798 800
3 800 297 259
3 800 259 788
3 303 789 272
3 789 303 305
3 789 305 790
3 790 305 307
3 790 307 791
3 791 307 275
3 319 792 291
3 792 319 321
3 792 321 793
3 793 321 293
3 325 794 295
3 794 325 327
3 801 794 327
3 795 794 801
3 796 795 802
3 795 803 802
3 795 801 803
3 803 804 802
3 798 799 805
3 805 799 806
3 798 807 800
3 798 805 807
3 807 329 297
3 807 297 800
3 351 808 801
3 351 801 327
3 801 809 803
3 801 808 809
3 804 803 810
3 810 803 809
3 805 806 811
3 811 806 812
3 805 813 807
3 805 811 813
3 813 353 329
3 813 329 807
3 366 814 808
3 366 808 351
3 808 815 809
3 808 814 815
3 810 809 816
3 816 809 815
3 811 812 817
3 817 812 818
3 811 819 813
3 811 817 819
3 819 368 353
3 819 353 813
3 372 820 373
3 814 366 373
3 820 814 373
3 821 814 820
3 814 822 815
3 814 821 822
3 816 815 823
3 823 815 822
3 817 818 824
3 824 818 825
3 817 826 819
3 817 824 826
3 826 375 368
3 826 368 819
3 378 827 820
3 378 820 372
3 820 828 821
3 820 827 828
3 821 829 822
3 821 828 829
3 823 822 830
3 830 822 829
3 824 825 831
3 831 825 832
3 831 380 381
3 826 831 381
3 824 831 826
3 826 381 375
3 386 833 827
3 386 827 378
3 827 834 828
3 827 833 834
3 836 829 835
3 829 834 835
3 829 828 834
3 829 836 830
3 831 832 837
3 837 832 838
3 839 387 380
3 831 839 380
3 837 839 831
3 839 389 387
3 392 833 386
3 833 392 394
3 840 833 394
3 834 833 840
3 835 834 841
3 834 842 841
3 834 840 842
3 842 843 841
3 837 838 844
3 844 838 845
3 844 396 397
3 839 844 397
3 837 844 839
3 839 397 389
3 404 846 840
3 404 840 394
3 840 847 842
3 840 846 847
3 843 842 848
3 848 842 847
3 844 845 849
3 849 845 850
3 851 405 396
3 844 851 396
3 849 851 844
3 851 407 405
3 414 852 846
3 414 846 404
3 846 853 847
3 846 852 853
3 848 847 854
3 854 847 853
3 849 850 855
3 855 850 856
3 849 857 851
3 849 855 857
3 857 416 407
3 857 407 851
3 428 858 429
3 852 414 429
3 858 852 429
3 859 852 858
3 852 860 853
3 852 859 860
3 854 853 861
3 861 853 860
3 855 856 862
3 862 856 863
3 855 864 857
3 855 862 864
3 864 431 416
3 864 416 857
3 447 865 858
3 447 858 428
3 858 866 859
3 858 865 866
3 859 867 860
3 859 866 867
3 861 860 868
3 868 860 867
3 862 863 869
3 869 863 870
3 862 871 864
3 862 869 871
3 871 449 431
3 871 431 864
3 468 872 865
3 468 865 447
3 865 873 866
3 865 872 873
3 875 867 874
3 867 873 874
3 867 866 873
3 867 875 868
3 869 870 876
3 876 870 877
3 869 878 871
3 869 876 878
3 878 470 449
3 878 449 871
3 491 872 468
3 872 491 493
3 879 872 493
3 873 872 879
3 874 873 880
3 873 881 880
3 873 879 881
3 881 882 880
3 876 877 883
3 883 877 884
3 876 885 878
3 876 883 885
3 885 495 470
3 885 470 878
3 519 886 879
3 519 879 493
3 879 887 881
3 879 886 887
3 882 881 888
3 888 881 887
3 883 884 889
3 889 884 890
3 883 891 885
3 883 889 891
3 891 521 495
3 891 495 885
3 545 892 886
3 545 886 519
3 886 893 887
3 886 892 893
3 888 887 894
3 894 887 893
3 889 890 895
3 895 890 896
3 895 547 548
3 891 895 548
3 889 895 891
3 891 548 521
3 558 897 559
3 897 561 559
3 572 898 573
3 898 575 573
3 576 899 577
3 892 545 577
3 899 892 577
3 900 892 899
3 892 901 893
3 892 900 901
3 894 893 902
3 902 893 901
3 895 896 903
3 903 896 904
3 905 578 547
3 895 905 547
3 903 905 895
3 905 580 578
3 587 906 588
3 907 589 588
3 907 588 906
3 897 558 589
3 907 897 589
3 908 897 907
3 908 591 561
3 908 561 897
3 600 909 601
3 910 602 601
3 910 601 909
3 898 572 602
3 910 898 602
3 911 898 910
3 911 604 575
3 911 575 898
3 605 912 899
3 605 899 576
3 899 913 900
3 899 912 913
3 900 914 901
3 900 913 914
3 902 901 915
3 915 901 914
3 903 904 916
3 916 904 917
3 916 607 608
3 905 916 608
3 903 916 905
3 905 608 580
3 614 918 615
3 919 616 615
3 919 615 918
3 906 587 616
3 919 906 616
3 920 906 919
3 906 921 907
3 906 920 921
3 907 922 908
3 907 921 922
3 923 617 591
3 908 923 591
3 922 923 908
3 923 619 617
3 625 924 626
3 925 627 626
3 925 626 924
3 909 600 627
3 925 909 627
3 926 909 925
3 909 927 910
3 909 926 927
3 910 928 911
3 910 927 928
3 928 629 604
3 928 604 911
3 630 912 605
3 912 630 632
3 929 912 632
3 913 912 929
3 913 930 914
3 913 929 930
3 915 914 931
3 931 914 930
3 916 917 932
3 932 917 933
3 934 633 607
3 916 934 607
3 932 934 916
3 934 635 633
3 638 935 639
3 936 640 639
3 936 639 935
3 918 614 640
3 936 918 640
3 937 918 936
3 918 938 919
3 918 937 938
3 919 939 920
3 919 938 939
3 920 940 921
3 920 939 940
3 921 941 922
3 921 940 941
3 922 942 923
3 922 941 942
3 942 642 619
3 942 619 923
3 646 943 647
3 944 648 647
3 944 647 943
3 924 625 648
3 944 924 648
3 945 924 944
3 924 946 925
3 924 945 946
3 925 947 926
3 925 946 947
3 926 948 927
3 926 947 948
3 927 949 928
3 927 948 949
3 950 649 629
3 928 950 629
3 949 950 928
3 950 651 649
3 652 951 929
3 652 929 632
3 929 952 930
3 929 951 952
3 931 930 953
3 953 930 952
3 932 933 954
3 954 933 955
3 932 956 934
3 932 954 956
3 956 654 635
3 956 635 934
3 655 957 656
3 958 657 656
3 958 656 957
3 935 638 657
3 958 935 657
3 959 935 958
3 935 960 936
3 935 959 960
3 936 961 937
3 936 960 961
3 937 962 938
3 937 961 962
3 938 963 939
3 938 962 963
3 939 964 940
3 939 963 964
3 940 965 941
3 940 964 965
3 941 966 942
3 941 965 966
3 967 658 642
3 942 967 642
3 966 967 942
3 967 660 658
3 661 968 662
3 969 663 662
3 969 662 968
3 943 646 663
3 969 943 663
3 970 943 969
3 943 971 944
3 943 970 971
3 944 972 945
3 944 971 972
3 945 973 946
3 945 972 973
3 946 974 947
3 946 973 974
3 947 975 948
3 947 974 975
3 948 976 949
3 948 975 976
3 949 977 950
3 949 976 977
3 977 665 651
3 977 651 950
3 666 978 951
3 666 951 652
3 951 979 952
3 951 978 979
3 953 952 980
3 980 952 979
3 954 955 981
3 981 955 982
3 954 983 956
3 954 981 983
3 984 667 654
3 956 984 654
3 983 984 956
3 957 655 667
3 984 957 667
3 985 957 984
3 957 986 958
3 957 985 986
3 958 987 959
3 958 986 987
3 959 988 960
3 959 987 988
3 960 989 961
3 960 988 989
3 961 990 962
3 961 989 990
3 962 991 963
3 962 990 991
3 963 992 964
3 963 991 992
3 964 993 965
3 964 992 993
3 965 994 966
3 965 993 994
3 966 995 967
3 966 994 995
3 996 668 660
3 967 996 660
3 995 996 967
3 968 661 668
3 996 968 668
3 997 968 996
3 968 998 969
3 968 997 998
3 969 999 970
3 969 998 999
3 970 1000 971
3 970 999 1000
3 971 1001 972
3 971 1000 1001
3 972 1002 973
3 972 1001 1002
3 973 1003 974
3 973 1002 1003
3 974 1004 975
3 974 1003 1004
3 975 1005 976
3 975 1004 1005
3 976 1006 977
3 976 1005 1006
3 1007 669 665
3 977 1007 665
3 1006 1007 977
3 978 666 669
3 1007 978 669
3 1008 978 1007
3 978 1009 979
3 978 1008 1009
3 980 979 1010
3 1010 979 1009
3 981 982 1011
3 1011 982 1012
3 981 1013 983
3 981 1011 1013
3 983 1014 984
3 983 1013 1014
3 984 1015 985
3 984 1014 1015
3 985 1016 986
3 985 1015 1016
3 986 1017 987
3 986 1016 1017
3 987 1018 988
3 987 1017 1018
3 988 1019 989
3 988 1018 1019
3 989 1020 990
3 989 1019 1020
3 990 1021 991
3 990 1020 1021
3 991 1022 992
3 991 1021 1022
3 992 1023 993
3 992 1022 1023
3 993 1024 994
3 993 1023 1024
3 994 1025 995
3 994 1024 1025
3 995 1026 996
3 995 1025 1026
3 996 1027 997
3 996 1026 1027
3 997 1028 998
3 997 1027 1028
3 998 1029 999
3 998 1028 1029
3 999 1030 1000
3 999 1029 1030
3 1000 1031 1001
3 1000 1030 1031
3 1001 1032 1002
3 1001 1031 1032
3 1002 1033 1003
3 1002 1032 1033
3 1003 1034 1004
3 1003 1033 1034
3 1004 1035 1005
3 1004 1034 1035
3 1005 1036 1006
3 1005 1035 1036
3 1006 1037 1007
3 1006 1036 1037
3 1007 1038 1008
3 1007 1037 1038
3 1008 1039 1009
3 1008 1038 1039
3 1010 1009 1040
3 1040 1009 1039
3 1011 1012 1041
3 1041 1012 1042
3 1011 1043 1013
3 1011 1041 1043
3 1013 1044 1014
3 1013 1043 1044
3 1014 1045 1015
3 1014 1044 1045
3 1015 1046 1016
3 1015 1045 1046
3 1016 1047 1017
3 1016 1046 1047
3 1017 1048 1018
3 1017 1047 1048
3 1018 1049 1019
3 1018 1048 1049
3 1019 1050 1020
3 1019 1049 1050
3 1020 1051 1021
3 1020 1050 1051
3 1021 1052 1022
3 1021 1051 1052
3 1022 1053 1023
3 1022 1052 1053
3 1023 1054 1024
3 1023 1053 1054
3 1024 1055 1025
3 1024 1054 1055
3 1025 1056 1026
3 1025 1055 1056
3 1026 1057 1027
3 1026 1056 1057
3 1027 1058 1028
3 1027 1057 1058
3 1028 1059 1029
3 1028 1058 1059
3 1029 1060 1030
3 1029 1059 1060
3 1030 1061 1031
3 1030 1060 1061
3 1031 1062 1032
3 1031 1061 1062
3 1032 1063 1033
3 1032 1062 1063
3 1033 1064 1034
3 1033 1063 1064
3 1034 1065 1035
3 1034 1064 1065
3 1035 1066 1036
3 1035 1065 1066
3 1036 1067 1037
3 1036 1066 1067
3 1037 1068 1038
3 1037 1067 1068
3 1038 1069 1039
3 1038 1068 1069
3 1040 1039 1070
3 1070 1039 1069
3 1041 1042 1071
3 1071 1042 1072
3 1074 1043 1073
3 1043 1071 1073
3 1043 1041 1071
3 1043 1074 1044
3 1044 1074 1075
3 1044 1075 1045
3 1045 1075 1076
3 1078 1077 1076
3 1077 1045 1076
3 1077 1046 1045
3 1046 1079 1047
3 1046 1077 1079
3 1047 1080 1048
3 1047 1079 1080
3 1048 1081 1049
3 1048 1080 1081
3 1049 1082 1050
3 1049 1081 1082
3 1050 1083 1051
3 1050 1082 1083
3 1051 1084 1052
3 1051 1083 1084
3 1086 1053 1085
3 1053 1084 1085
3 1053 1052 1084
3 1053 1086 1054
3 1054 1086 1087
3 1089 1088 1087
3 1088 1054 1087
3 1088 1055 1054
3 1091 1056 1090
3 1056 1088 1090
3 1056 1055 1088
3 1056 1091 1057
3 1057 1091 1092
3 1094 1093 1092
3 1093 1057 1092
3 1093 1058 1057
3 1058 1095 1059
3 1058 1093 1095
3 1059 1096 1060
3 1059 1095 1096
3 1060 1097 1061
3 1060 1096 1097
3 1061 1098 1062
3 1061 1097 1098
3 1062 1099 1063
3 1062 1098 1099
3 1063 1100 1064
3 1063 1099 1100
3 1064 1101 1065
3 1064 1100 1101
3 1065 1102 1066
3 1065 1101 1102
3 1104 1067 1103
3 1067 1102 1103
3 1067 1066 1102
3 1067 1104 1068
3 1068 1104 1105
3 1107 1106 1105
3 1106 1068 1105
3 1106 1069 1068
3 1070 1069 1108
3 1108 1069 1106
3 1072 1109 1071
3 1071 1109 1073
3 1078 1110 1077
3 1077 1110 1079
3 1079 1110 1111
3 1079 1111 1080
3 1080 1111 1112
3 1080 1112 1081
3 1081 1112 1113
3 1081 1113 1082
3 1082 1113 1114
3 1082 1114 1083
3 1083 1114 1115
3 1083 1115 1084
3 1084 1115 1116
3 1084 1116 1085
3 1089 1117 1088
3 1088 1117 1090
3 1094 1118 1093
3 1093 1118 1095
3 1095 1118 1119
3 1095 1119 1096
3 1096 1119 1120
3 1096 1120 1097
3 1097 1120 1121
3 1097 1121 1098
3 1098 1121 1122
3 1098 1122 1099
3 1099 1122 1123
3 1099 1123 1100
3 1100 1123 1124
3 1100 1124 1101
3 1101 1124 1125
3 1101 1125 1102
3 1102 1125 1126
3 1102 1126 1103
3 1107 1127 1106
3 1106 1127 1108
3 1130 1129 1128
3 1132 1131 1128
3 1128 1131 1130
3 1132 1133 1131
3 1136 1135 1134
3 1138 1137 1134
3 1134 1137 1136
3 1140 1139 1138
3 1138 1139 1137
3 1142 1141 1140
3 1140 1141 1139
3 1144 1143 1142
3 1142 1143 1141
3 1146 1145 1144
3 1144 1145 1143
3 1148 1147 1146
3 1146 1147 1145
3 671 672 1148
3 672 1147 1148
3 672 1149 1147
3 1151 1150 673
3 1150 672 673
3 1150 1149 672
3 1153 1152 1151
3 1151 1152 1150
3 1155 1154 1153
3 1153 1154 1152
3 1157 1156 1155
3 1155 1156 1154
3 1159 1158 1157
3 1157 1158 1156
3 1161 1160 1159
3 1159 1160 1158
3 1161 1162 1160
3 1165 1164 1163
3 675 676 1163
3 676 1165 1163
3 676 1166 1165
3 676 677 1166
3 1166 677 1167
3 1128 1129 680
3 1129 679 680
3 1129 1168 679
3 1128 680 681
3 1128 681 1132
3 1169 1133 1132
3 681 1169 1132
3 683 1169 681
3 1170 683 685
3 1170 1169 683
3 1171 685 687
3 1171 1170 685
3 1172 687 689
3 1172 1171 687
3 1173 689 691
3 1173 1172 689
3 1174 691 693
3 1174 1173 691
3 695 1134 1135
3 1174 695 1135
3 693 695 1174
3 1134 695 697
3 1134 697 1138
3 1138 697 699
3 1138 699 1140
3 1140 699 701
3 1140 701 1142
3 1142 701 703
3 1142 703 1144
3 1144 703 705
3 1144 705 1146
3 1146 705 707
3 1146 707 1148
3 1148 707 671
3 710 1151 673
3 1151 710 712
3 1151 712 1153
3 1153 712 714
3 1153 714 1155
3 1155 714 716
3 1155 716 1157
3 1157 716 718
3 1157 718 1159
3 1159 718 720
3 1159 720 1161
3 1175 1162 1161
3 720 1175 1161
3 722 1175 720
3 1176 722 724
3 1176 1175 722
3 1177 724 726
3 1177 1176 724
3 1178 726 728
3 1178 1177 726
3 730 1163 1164
3 1178 730 1164
3 728 730 1178
3 1163 730 675
3 733 1167 677
3 733 1179 1167
3 1182 1181 1180
3 1168 1182 1180
3 735 1168 1180
3 679 1168 735
3 763 1179 733
3 763 1183 1179
3 1180 1181 1184
3 1184 1181 1185
3 1184 765 735
3 1184 735 1180
3 785 1183 763
3 785 1186 1183
3 1184 1185 1187
3 1187 1185 1188
3 1187 787 765
3 1187 765 1184
3 796 1189 797
3 1189 1190 797
3 1190 785 797
3 1190 1186 785
3 1187 1188 1191
3 1191 1188 1192
3 1191 799 787
3 1191 787 1187
3 802 1189 796
3 802 804 1189
3 804 1190 1189
3 804 1193 1190
3 1191 1192 1194
3 1194 1192 1195
3 1194 806 799
3 1194 799 1191
3 810 1197 1196
3 1193 810 1196
3 804 810 1193
3 1197 1198 1196
3 1195 1199 1194
3 806 1194 1199
3 1200 806 1199
3 812 806 1200
3 816 1201 1197
3 816 1197 810
3 1198 1197 1202
3 1202 1197 1201
3 1205 1204 1203
3 1200 1205 1203
3 818 1200 1203
3 812 1200 818
3 1207 1206 1201
3 816 1207 1201
3 823 1207 816
3 1201 1206 1202
3 1203 1204 1208
3 1208 1204 1209
3 1208 825 818
3 1208 818 1203
3 830 1207 823
3 830 1210 1207
3 1208 1209 1211
3 1211 1209 1212
3 1211 832 825
3 1211 825 1208
3 835 1213 836
3 1213 1214 836
3 1214 830 836
3 1214 1210 830
3 1212 1215 1211
3 832 1211 1215
3 1216 832 1215
3 838 832 1216
3 841 1213 835
3 1218 1217 843
3 843 1217 841
3 1217 1214 841
3 1214 1213 841
3 1218 1219 1217
3 1222 1221 1220
3 1216 1222 1220
3 845 1216 1220
3 838 1216 845
3 1224 1223 1218
3 843 1224 1218
3 848 1224 843
3 1218 1223 1219
3 1220 1221 1225
3 1225 1221 1226
3 1225 850 845
3 1225 845 1220
3 854 1228 1227
3 1224 854 1227
3 848 854 1224
3 1228 1229 1227
3 1225 1226 1230
3 1230 1226 1231
3 1230 856 850
3 1230 850 1225
3 1233 1232 1228
3 854 1233 1228
3 861 1233 854
3 1228 1232 1229
3 1230 1231 1234
3 1234 1231 1235
3 1234 863 856
3 1234 856 1230
3 868 1233 861
3 868 1236 1233
3 1234 1235 1237
3 1237 1235 1238
3 1237 870 863
3 1237 863 1234
3 874 1239 875
3 1239 1240 875
3 1240 868 875
3 1240 1236 868
3 1237 1238 1241
3 1241 1238 1242
3 1241 877 870
3 1241 870 1237
3 880 1239 874
3 880 882 1239
3 882 1240 1239
3 882 1243 1240
3 1242 1244 1241
3 877 1241 1244
3 1245 877 1244
3 884 877 1245
3 888 1247 1246
3 1243 888 1246
3 882 888 1243
3 1247 1248 1246
3 1251 1250 1249
3 1245 1251 1249
3 890 1245 1249
3 884 1245 890
3 1253 1252 1247
3 888 1253 1247
3 894 1253 888
3 1247 1252 1248
3 1249 1250 1254
3 1254 1250 1255
3 1254 896 890
3 1254 890 1249
3 902 1253 894
3 902 1256 1253
3 1254 1255 1257
3 1257 1255 1258
3 1257 904 896
3 1257 896 1254
3 915 1256 902
3 915 1259 1256
3 1258 1260 1257
3 904 1257 1260
3 1261 904 1260
3 917 904 1261
3 931 1259 915
3 931 1262 1259
3 1261 933 917
3 1263 933 1261
3 953 1265 1264
3 1262 953 1264
3 931 953 1262
3 1265 1266 1264
3 1263 955 933
3 1267 955 1263
3 980 1268 1265
3 980 1265 953
3 1266 1265 1269
3 1269 1265 1268
3 1267 982 955
3 1270 982 1267
3 1272 1271 1268
3 980 1272 1268
3 1010 1272 980
3 1268 1271 1269
3 1270 1012 982
3 1273 1012 1270
3 1040 1272 1010
3 1040 1274 1272
3 1273 1042 1012
3 1275 1042 1273
3 1070 1274 1040
3 1070 1276 1274
3 1275 1072 1042
3 1277 1072 1275
3 1073 1278 1074
3 1279 1075 1074
3 1279 1074 1278
3 1280 1076 1075
3 1280 1075 1279
3 1280 1078 1076
3 1085 1281 1086
3 1282 1087 1086
3 1282 1086 1281
3 1282 1089 1087
3 1090 1283 1091
3 1284 1092 1091
3 1284 1091 1283
3 1284 1094 1092
3 1103 1285 1104
3 1286 1105 1104
3 1286 1104 1285
3 1286 1107 1105
3 1108 1276 1070
3 1108 1287 1276
3 1277 1288 1072
3 1072 1288 1109
3 1073 1109 1278
3 1109 1289 1278
3 1109 1288 1289
3 1278 1289 1279
3 1279 1289 1290
3 1292 1291 1290
3 1291 1279 1290
3 1291 1280 1279
3 1280 1291 1078
3 1291 1293 1078
3 1293 1110 1078
3 1291 1294 1293
3 1293 1296 1295
3 1111 1293 1295
3 1110 1293 1111
3 1297 1112 1111
3 1297 1111 1295
3 1298 1113 1112
3 1298 1112 1297
3 1299 1114 1113
3 1299 1113 1298
3 1300 1115 1114
3 1300 1114 1299
3 1301 1116 1115
3 1301 1115 1300
3 1301 1302 1116
3 1116 1302 1085
3 1302 1303 1085
3 1303 1281 1085
3 1281 1303 1282
3 1282 1303 1304
3 1282 1304 1089
3 1304 1117 1089
3 1304 1305 1117
3 1090 1117 1283
3 1117 1306 1283
3 1117 1305 1306
3 1308 1307 1306
3 1307 1283 1306
3 1307 1284 1283
3 1309 1118 1094
3 1284 1309 1094
3 1307 1309 1284
3 1310 1119 1118
3 1310 1118 1309
3 1311 1120 1119
3 1311 1119 1310
3 1312 1121 1120
3 1312 1120 1311
3 1313 1122 1121
3 1313 1121 1312
3 1314 1123 1122
3 1314 1122 1313
3 1123 1314 1315
3 1316 1123 1315
3 1124 1123 1316
3 1124 1317 1125
3 1316 1317 1124
3 1125 1318 1126
3 1317 1318 1125
3 1126 1318 1103
3 1318 1319 1103
3 1319 1285 1103
3 1319 1318 1320
3 1285 1321 1286
3 1285 1319 1321
3 1322 1127 1107
3 1286 1322 1107
3 1321 1322 1286
3 1322 1323 1127
3 1323 1108 1127
3 1323 1287 1108
3 1292 1324 1291
3 1291 1324 1294
3 1296 1325 1295
3 1295 1325 1297
3 1297 1325 1326
3 1297 1326 1298
3 1298 1326 1327
3 1298 1327 1299
3 1299 1327 1328
3 1299 1328 1300
3 1300 1328 1329
3 1300 1329 1301
3 1301 1329 1330
3 1301 1330 1302
3 1308 1331 1307
3 1307 1331 1309
3 1309 1331 1332
3 1309 1332 1310
3 1310 1332 1333
3 1310 1333 1311
3 1311 1333 1334
3 1311 1334 1312
3 1312 1334 1335
3 1312 1335 1313
3 1313 1335 1336
3 1313 1336 1314
3 1314 1336 1337
3 1314 1337 1315
3 1320 1338 1319
3 1319 1338 1321
3 1321 1338 1339
3 1321 1339 1322
3 1322 1339 1340
3 1322 1340 1323
3 1342 1341 1130
3 1130 1341 1129
3 1343 1130 1131
3 1343 1342 1130
3 1345 1344 1133
3 1344 1131 1133
3 1344 1343 1131
3 1347 1346 1345
3 1345 1346 1344
3 1349 1348 1347
3 1347 1348 1346
3 1349 1350 1348
3 1352 1351 1136
3 1136 1351 1135
3 1353 1136 1137
3 1353 1352 1136
3 1354 1137 1139
3 1354 1353 1137
3 1355 1139 1141
3 1355 1354 1139
3 1356 1141 1143
3 1356 1355 1141
3 1357 1143 1145
3 1357 1356 1143
3 1358 1145 1147
3 1358 1357 1145
3 1359 1147 1149
3 1359 1358 1147
3 1360 1149 1150
3 1360 1359 1149
3 1361 1150 1152
3 1361 1360 1150
3 1362 1152 1154
3 1362 1361 1152
3 1363 1154 1156
3 1363 1362 1154
3 1364 1156 1158
3 1364 1363 1156
3 1365 1158 1160
3 1365 1364 1158
3 1367 1366 1162
3 1366 1160 1162
3 1366 1365 1160
3 1369 1368 1367
3 1367 1368 1366
3 1371 1370 1369
3 1369 1370 1368
3 1371 1372 1370
3 1374 1373 1165
3 1165 1373 1164
3 1376 1374 1375
3 1374 1166 1375
3 1374 1165 1166
3 1167 1375 1166
3 1341 1168 1129
3 1377 1168 1341
3 1169 1345 1133
3 1345 1169 1170
3 1345 1170 1347
3 1347 1170 1171
3 1347 1171 1349
3 1378 1350 1349
3 1171 1378 1349
3 1172 1378 1171
3 1379 1172 1173
3 1379 1378 1172
3 1380 1173 1174
3 1380 1379 1173
3 1174 1135 1351
3 1174 1351 1380
3 1175 1367 1162
3 1367 1175 1176
3 1367 1176 1369
3 1369 1176 1177
3 1369 1177 1371
3 1381 1372 1371
3 1177 1381 1371
3 1178 1381 1177
3 1178 1164 1373
3 1178 1373 1381
3 1382 1376 1375
3 1375 1167 1382
3 1167 1383 1382
3 1167 1179 1383
3 1385 1384 1182
3 1182 1384 1181
3 1182 1168 1377
3 1182 1377 1385
3 1183 1387 1386
3 1383 1183 1386
3 1179 1183 1383
3 1387 1388 1386
3 1384 1185 1181
3 1389 1185 1384
3 1186 1390 1387
3 1186 1387 1183
3 1388 1387 1391
3 1391 1387 1390
3 1389 1188 1185
3 1392 1188 1389
3 1190 1393 1390
3 1190 1390 1186
3 1391 1390 1394
3 1394 1390 1393
3 1392 1192 1188
3 1395 1192 1392
3 1193 1396 1393
3 1193 1393 1190
3 1394 1393 1397
3 1397 1393 1396
3 1395 1195 1192
3 1398 1195 1395
3 1196 1396 1193
3 1196 1198 1396
3 1198 1397 1396
3 1198 1399 1397
3 1199 1195 1400
3 1195 1401 1400
3 1195 1398 1401
3 1400 1200 1199
3 1202 1399 1198
3 1202 1402 1399
3 1400 1401 1205
3 1401 1204 1205
3 1401 1403 1204
3 1400 1205 1200
3 1207 1404 1206
3 1404 1405 1206
3 1405 1202 1206
3 1405 1402 1202
3 1403 1209 1204
3 1406 1209 1403
3 1210 1407 1404
3 1210 1404 1207
3 1405 1404 1408
3 1408 1404 1407
3 1406 1212 1209
3 1409 1212 1406
3 1214 1410 1407
3 1214 1407 1210
3 1408 1407 1411
3 1411 1407 1410
3 1215 1212 1412
3 1212 1413 1412
3 1212 1409 1413
3 1412 1216 1215
3 1217 1410 1214
3 1217 1219 1410
3 1219 1411 1410
3 1219 1414 1411
3 1412 1413 1222
3 1413 1221 1222
3 1413 1415 1221
3 1412 1222 1216
3 1224 1416 1223
3 1416 1417 1223
3 1417 1219 1223
3 1417 1414 1219
3 1415 1226 1221
3 1418 1226 1415
3 1227 1416 1224
3 1227 1229 1416
3 1229 1417 1416
3 1229 1419 1417
3 1418 1231 1226
3 1420 1231 1418
3 1233 1421 1232
3 1421 1422 1232
3 1422 1229 1232
3 1422 1419 1229
3 1420 1235 1231
3 1423 1235 1420
3 1236 1424 1421
3 1236 1421 1233
3 1422 1421 1425
3 1425 1421 1424
3 1423 1238 1235
3 1426 1238 1423
3 1240 1427 1424
3 1240 1424 1236
3 1425 1424 1428
3 1428 1424 1427
3 1426 1242 1238
3 1429 1242 1426
3 1243 1430 1427
3 1243 1427 1240
3 1428 1427 1431
3 1431 1427 1430
3 1244 1242 1432
3 1242 1433 1432
3 1242 1429 1433
3 1432 1245 1244
3 1246 1430 1243
3 1246 1248 1430
3 1248 1431 1430
3 1248 1434 1431
3 1432 1433 1251
3 1433 1250 1251
3 1433 1435 1250
3 1432 1251 1245
3 1253 1436 1252
3 1436 1437 1252
3 1437 1248 1252
3 1437 1434 1248
3 1435 1255 1250
3 1438 1255 1435
3 1440 1439 1436
3 1253 1440 1436
3 1256 1440 1253
3 1436 1439 1437
3 1438 1258 1255
3 1441 1258 1438
3 1259 1443 1442
3 1440 1259 1442
3 1256 1259 1440
3 1443 1444 1442
3 1260 1258 1445
3 1258 1446 1445
3 1258 1441 1446
3 1445 1261 1260
3 1262 1447 1443
3 1262 1443 1259
3 1444 1443 1448
3 1448 1443 1447
3 1445 1446 1449
3 1449 1446 1450
3 1449 1263 1261
3 1449 1261 1445
3 1264 1447 1262
3 1264 1266 1447
3 1266 1448 1447
3 1266 1451 1448
3 1449 1450 1452
3 1452 1450 1453
3 1452 1267 1263
3 1452 1263 1449
3 1269 1451 1266
3 1269 1454 1451
3 1452 1453 1455
3 1455 1453 1456
3 1455 1270 1267
3 1455 1267 1452
3 1272 1457 1271
3 1457 1458 1271
3 1458 1269 1271
3 1458 1454 1269
3 1455 1456 1459
3 1459 1456 1460
3 1459 1273 1270
3 1459 1270 1455
3 1274 1461 1457
3 1274 1457 1272
3 1458 1457 1462
3 1462 1457 1461
3 1459 1460 1463
3 1463 1460 1464
3 1463 1275 1273
3 1463 1273 1459
3 1276 1465 1461
3 1276 1461 1274
3 1462 1461 1466
3 1466 1461 1465
3 1464 1467 1463
3 1275 1463 1467
3 1468 1275 1467
3 1277 1275 1468
3 1470 1469 1465
3 1276 1470 1465
3 1287 1470 1276
3 1465 1469 1466
3 1468 1471 1277
3 1277 1471 1288
3 1288 1472 1289
3 1471 1472 1288
3 1472 1474 1473
3 1290 1472 1473
3 1289 1472 1290
3 1473 1292 1290
3 1294 1475 1293
3 1475 1296 1293
3 1302 1476 1303
3 1477 1304 1303
3 1477 1303 1476
3 1304 1477 1478
3 1479 1304 1478
3 1305 1304 1479
3 1479 1481 1480
3 1306 1479 1480
3 1305 1479 1306
3 1480 1308 1306
3 1315 1482 1316
3 1316 1482 1483
3 1484 1316 1483
3 1317 1316 1484
3 1484 1486 1485
3 1318 1484 1485
3 1317 1484 1318
3 1485 1320 1318
3 1323 1470 1287
3 1323 1487 1470
3 1474 1488 1473
3 1473 1488 1292
3 1488 1324 1292
3 1488 1489 1324
3 1294 1324 1475
3 1324 1490 1475
3 1324 1489 1490
3 1475 1490 1296
3 1490 1325 1296
3 1490 1491 1325
3 1325 1492 1326
3 1491 1492 1325
3 1326 1493 1327
3 1492 1493 1326
3 1327 1494 1328
3 1493 1494 1327
3 1328 1495 1329
3 1494 1495 1328
3 1329 1496 1330
3 1495 1496 1329
3 1302 1330 1476
3 1330 1497 1476
3 1330 1496 1497
3 1476 1497 1477
3 1477 1497 1498
3 1477 1498 1478
3 1481 1499 1480
3 1480 1499 1308
3 1499 1331 1308
3 1499 1500 1331
3 1331 1501 1332
3 1500 1501 1331
3 1332 1502 1333
3 1501 1502 1332
3 1333 1503 1334
3 1502 1503 1333
3 1334 1504 1335
3 1503 1504 1334
3 1335 1505 1336
3 1504 1505 1335
3 1336 1506 1337
3 1505 1506 1336
3 1315 1337 1482
3 1337 1507 1482
3 1337 1506 1507
3 1482 1507 1483
3 1486 1508 1485
3 1485 1508 1320
3 1508 1338 1320
3 1508 1509 1338
3 1338 1510 1339
3 1509 1510 1338
3 1339 1511 1340
3 1510 1511 1339
3 1323 1340 1487
3 1487 1340 1511
3 1513 1512 1342
3 1342 1512 1341
3 1514 1342 1343
3 1514 1513 1342
3 1515 1343 1344
3 1515 1514 1343
3 1516 1344 1346
3 1516 1515 1344
3 1517 1346 1348
3 1517 1516 1346
3 1519 1518 1350
3 1518 1348 1350
3 1518 1517 1348
3 1521 1520 1519
3 1519 1520 1518
3 1523 1522 1521
3 1521 1522 1520
3 1351 1352 1523
3 1352 1522 1523
3 1352 1524 1522
3 1525 1352 1353
3 1525 1524 1352
3 1526 1353 1354
3 1526 1525 1353
3 1527 1354 1355
3 1527 1526 1354
3 1528 1355 1356
3 1528 1527 1355
3 1529 1356 1357
3 1529 1528 1356
3 1530 1357 1358
3 1530 1529 1357
3 1531 1358 1359
3 1531 1530 1358
3 1532 1359 1360
3 1532 1531 1359
3 1533 1360 1361
3 1533 1532 1360
3 1534 1361 1362
3 1534 1533 1361
3 1535 1362 1363
3 1535 1534 1362
3 1536 1363 1364
3 1536 1535 1363
3 1537 1364 1365
3 1537 1536 1364
3 1538 1365 1366
3 1538 1537 1365
3 1539 1366 1368
3 1539 1538 1366
3 1540 1368 1370
3 1540 1539 1368
3 1542 1541 1372
3 1541 1370 1372
3 1541 1540 1370
3 1373 1374 1542
3 1374 1541 1542
3 1374 1543 1541
3 1374 1376 1543
3 1543 1376 1544
3 1547 1546 1545
3 1512 1547 1545
3 1377 1512 1545
3 1341 1512 1377
3 1378 1519 1350
3 1519 1378 1379
3 1519 1379 1521
3 1521 1379 1380
3 1521 1380 1523
3 1523 1380 1351
3 1381 1542 1372
3 1542 1381 1373
3 1548 1544 1376
3 1548 1376 1382
3 1382 1383 1548
3 1548 1383 1549
3 1545 1546 1385
3 1546 1384 1385
3 1546 1550 1384
3 1545 1385 1377
3 1551 1549 1383
3 1551 1383 1386
3 1386 1388 1551
3 1551 1388 1552
3 1555 1554 1553
3 1550 1555 1553
3 1389 1550 1553
3 1384 1550 1389
3 1391 1552 1388
3 1391 1556 1552
3 1553 1554 1557
3 1557 1554 1558
3 1557 1392 1389
3 1557 1389 1553
3 1394 1556 1391
3 1394 1559 1556
3 1557 1558 1560
3 1560 1558 1561
3 1560 1395 1392
3 1560 1392 1557
3 1397 1559 1394
3 1397 1562 1559
3 1560 1561 1563
3 1563 1561 1564
3 1563 1398 1395
3 1563 1395 1560
3 1399 1562 1397
3 1399 1565 1562
3 1563 1564 1566
3 1566 1564 1567
3 1566 1401 1398
3 1566 1398 1563
3 1402 1565 1399
3 1402 1568 1565
3 1566 1567 1569
3 1569 1567 1570
3 1569 1403 1401
3 1569 1401 1566
3 1405 1568 1402
3 1405 1571 1568
3 1569 1570 1572
3 1572 1570 1573
3 1572 1406 1403
3 1572 1403 1569
3 1408 1571 1405
3 1408 1574 1571
3 1572 1573 1575
3 1575 1573 1576
3 1575 1409 1406
3 1575 1406 1572
3 1411 1574 1408
3 1411 1577 1574
3 1575 1576 1578
3 1578 1576 1579
3 1578 1413 1409
3 1578 1409 1575
3 1414 1577 1411
3 1414 1580 1577
3 1578 1579 1581
3 1581 1579 1582
3 1581 1415 1413
3 1581 1413 1578
3 1417 1580 1414
3 1417 1583 1580
3 1581 1582 1584
3 1584 1582 1585
3 1584 1418 1415
3 1584 1415 1581
3 1419 1583 1417
3 1419 1586 1583
3 1584 1585 1587
3 1587 1585 1588
3 1587 1420 1418
3 1587 1418 1584
3 1422 1586 1419
3 1422 1589 1586
3 1587 1588 1590
3 1590 1588 1591
3 1590 1423 1420
3 1590 1420 1587
3 1425 1589 1422
3 1425 1592 1589
3 1590 1591 1593
3 1593 1591 1594
3 1593 1426 1423
3 1593 1423 1590
3 1428 1592 1425
3 1428 1595 1592
3 1593 1594 1596
3 1596 1594 1597
3 1596 1429 1426
3 1596 1426 1593
3 1431 1595 1428
3 1431 1598 1595
3 1596 1597 1599
3 1599 1597 1600
3 1599 1433 1429
3 1599 1429 1596
3 1434 1598 1431
3 1434 1601 1598
3 1599 1600 1602
3 1602 1600 1603
3 1602 1435 1433
3 1602 1433 1599
3 1437 1601 1434
3 1437 1604 1601
3 1602 1603 1605
3 1605 1603 1606
3 1605 1438 1435
3 1605 1435 1602
3 1440 1607 1439
3 1607 1608 1439
3 1608 1437 1439
3 1608 1604 1437
3 1605 1606 1609
3 1609 1606 1610
3 1609 1441 1438
3 1609 1438 1605
3 1442 1607 1440
3 1442 1444 1607
3 1444 1608 1607
3 1444 1611 1608
3 1609 1610 1612
3 1612 1610 1613
3 1612 1446 1441
3 1612 1441 1609
3 1448 1611 1444
3 1448 1614 1611
3 1612 1613 1615
3 1615 1613 1616
3 1615 1450 1446
3 1615 1446 1612
3 1451 1614 1448
3 1451 1617 1614
3 1615 1616 1618
3 1618 1616 1619
3 1618 1453 1450
3 1618 1450 1615
3 1454 1617 1451
3 1454 1620 1617
3 1618 1619 1621
3 1621 1619 1622
3 1621 1456 1453
3 1621 1453 1618
3 1458 1620 1454
3 1458 1623 1620
3 1621 1622 1624
3 1624 1622 1625
3 1624 1460 1456
3 1624 1456 1621
3 1462 1623 1458
3 1462 1626 1623
3 1625 1627 1624
3 1460 1624 1627
3 1628 1460 1627
3 1464 1460 1628
3 1631 1630 1629
3 1630 1626 1629
3 1626 1466 1629
3 1626 1462 1466
3 1628 1632 1464
3 1464 1632 1467
3 1468 1467 1632
3 1468 1632 1633
3 1631 1629 1469
3 1470 1631 1469
3 1634 1631 1470
3 1469 1629 1466
3 1471 1468 1635
3 1468 1636 1635
3 1468 1633 1636
3 1637 1472 1471
3 1637 1471 1635
3 1637 1474 1472
3 1478 1638 1479
3 1638 1481 1479
3 1483 1639 1484
3 1639 1486 1484
3 1487 1634 1470
3 1487 1640 1634
3 1636 1641 1635
3 1635 1641 1637
3 1637 1641 1642
3 1637 1642 1474
3 1642 1488 1474
3 1642 1643 1488
3 1488 1644 1489
3 1643 1644 1488
3 1489 1645 1490
3 1644 1645 1489
3 1490 1646 1491
3 1645 1646 1490
3 1491 1647 1492
3 1646 1647 1491
3 1492 1648 1493
3 1647 1648 1492
3 1493 1649 1494
3 1648 1649 1493
3 1494 1650 1495
3 1649 1650 1494
3 1495 1651 1496
3 1650 1651 1495
3 1496 1652 1497
3 1651 1652 1496
3 1497 1653 1498
3 1652 1653 1497
3 1478 1498 1638
3 1498 1654 1638
3 1498 1653 1654
3 1638 1654 1481
3 1654 1499 1481
3 1654 1655 1499
3 1499 1656 1500
3 1655 1656 1499
3 1500 1657 1501
3 1656 1657 1500
3 1501 1658 1502
3 1657 1658 1501
3 1502 1659 1503
3 1658 1659 1502
3 1503 1660 1504
3 1659 1660 1503
3 1504 1661 1505
3 1660 1661 1504
3 1505 1662 1506
3 1661 1662 1505
3 1506 1663 1507
3 1662 1663 1506
3 1483 1507 1639
3 1507 1664 1639
3 1507 1663 1664
3 1639 1664 1486
3 1664 1508 1486
3 1664 1665 1508
3 1508 1666 1509
3 1665 1666 1508
3 1509 1667 1510
3 1666 1667 1509
3 1510 1668 1511
3 1667 1668 1510
3 1487 1511 1640
3 1640 1511 1668
3 1670 1669 1513
3 1513 1669 1512
3 1671 1513 1514
3 1671 1670 1513
3 1672 1514 1515
3 1672 1671 1514
3 1673 1515 1516
3 1673 1672 1515
3 1674 1516 1517
3 1674 1673 1516
3 1675 1517 1518
3 1675 1674 1517
3 1676 1518 1520
3 1676 1675 1518
3 1677 1520 1522
3 1677 1676 1520
3 1678 1522 1524
3 1678 1677 1522
3 1679 1524 1525
3 1679 1678 1524
3 1680 1525 1526
3 1680 1679 1525
3 1681 1526 1527
3 1681 1680 1526
3 1682 1527 1528
3 1682 1681 1527
3 1683 1528 1529
3 1683 1682 1528
3 1684 1529 1530
3 1684 1683 1529
3 1685 1530 1531
3 1685 1684 1530
3 1686 1531 1532
3 1686 1685 1531
3 1687 1532 1533
3 1687 1686 1532
3 1688 1533 1534
3 1688 1687 1533
3 1689 1534 1535
3 1689 1688 1534
3 1690 1535 1536
3 1690 1689 1535
3 1691 1536 1537
3 1691 1690 1536
3 1692 1537 1538
3 1692 1691 1537
3 1693 1538 1539
3 1693 1692 1538
3 1694 1539 1540
3 1694 1693 1539
3 1695 1540 1541
3 1695 1694 1540
3 1696 1541 1543
3 1696 1695 1541
3 1543 1544 1696
3 1696 1544 1697
3 1699 1698 1547
3 1547 1698 1546
3 1547 1512 1669
3 1547 1669 1699
3 1700 1697 1544
3 1700 1544 1548
3 1702 1701 1549
3 1701 1548 1549
3 1701 1700 1548
3 1702 1703 1701
3 1698 1550 1546
3 1704 1550 1698
3 1551 1702 1549
3 1551 1552 1702
3 1552 1703 1702
3 1552 1705 1703
3 1707 1706 1555
3 1555 1706 1554
3 1555 1550 1704
3 1555 1704 1707
3 1556 1705 1552
3 1556 1708 1705
3 1706 1558 1554
3 1709 1558 1706
3 1559 1708 1556
3 1559 1710 1708
3 1709 1561 1558
3 1711 1561 1709
3 1562 1710 1559
3 1562 1712 1710
3 1711 1564 1561
3 1713 1564 1711
3 1565 1715 1714
3 1712 1565 1714
3 1562 1565 1712
3 1715 1716 1714
3 1713 1567 1564
3 1717 1567 1713
3 1719 1718 1715
3 1565 1719 1715
3 1568 1719 1565
3 1715 1718 1716
3 1717 1570 1567
3 1720 1570 1717
3 1571 1722 1721
3 1719 1571 1721
3 1568 1571 1719
3 1722 1723 1721
3 1720 1573 1570
3 1724 1573 1720
3 1574 1725 1722
3 1574 1722 1571
3 1723 1722 1726
3 1726 1722 1725
3 1724 1576 1573
3 1727 1576 1724
3 1729 1728 1725
3 1574 1729 1725
3 1577 1729 1574
3 1725 1728 1726
3 1727 1579 1576
3 1730 1579 1727
3 1580 1729 1577
3 1580 1731 1729
3 1730 1582 1579
3 1732 1582 1730
3 1583 1734 1733
3 1731 1583 1733
3 1580 1583 1731
3 1734 1735 1733
3 1732 1585 1582
3 1736 1585 1732
3 1586 1737 1734
3 1586 1734 1583
3 1735 1734 1738
3 1738 1734 1737
3 1736 1588 1585
3 1739 1588 1736
3 1589 1740 1737
3 1589 1737 1586
3 1738 1737 1741
3 1741 1737 1740
3 1739 1591 1588
3 1742 1591 1739
3 1744 1743 1740
3 1589 1744 1740
3 1592 1744 1589
3 1740 1743 1741
3 1742 1594 1591
3 1745 1594 1742
3 1595 1744 1592
3 1595 1746 1744
3 1745 1597 1594
3 1747 1597 1745
3 1598 1746 1595
3 1598 1748 1746
3 1747 1600 1597
3 1749 1600 1747
3 1601 1748 1598
3 1601 1750 1748
3 1749 1603 1600
3 1751 1603 1749
3 1604 1753 1752
3 1750 1604 1752
3 1601 1604 1750
3 1753 1754 1752
3 1751 1606 1603
3 1755 1606 1751
3 1608 1756 1753
3 1608 1753 1604
3 1754 1753 1757
3 1757 1753 1756
3 1755 1610 1606
3 1758 1610 1755
3 1760 1759 1756
3 1608 1760 1756
3 1611 1760 1608
3 1756 1759 1757
3 1758 1613 1610
3 1761 1613 1758
3 1614 1760 1611
3 1614 1762 1760
3 1761 1616 1613
3 1763 1616 1761
3 1617 1762 1614
3 1617 1764 1762
3 1763 1619 1616
3 1765 1619 1763
3 1620 1764 1617
3 1620 1766 1764
3 1765 1622 1619
3 1767 1622 1765
3 1623 1766 1620
3 1623 1768 1766
3 1767 1625 1622
3 1769 1625 1767
3 1626 1768 1623
3 1626 1770 1768
3 1769 1771 1625
3 1625 1771 1627
3 1628 1627 1771
3 1628 1771 1772
3 1774 1773 1630
3 1774 1630 1631
3 1626 1630 1770
3 1770 1630 1773
3 1772 1775 1628
3 1628 1775 1632
3 1633 1632 1775
3 1633 1775 1776
3 1634 1774 1631
3 1634 1777 1774
3 1776 1636 1633
3 1778 1636 1776
3 1640 1777 1634
3 1640 1779 1777
3 1778 1780 1636
3 1636 1780 1641
3 1641 1781 1642
3 1780 1781 1641
3 1642 1782 1643
3 1781 1782 1642
3 1643 1783 1644
3 1782 1783 1643
3 1644 1784 1645
3 1783 1784 1644
3 1645 1785 1646
3 1784 1785 1645
3 1646 1786 1647
3 1785 1786 1646
3 1647 1787 1648
3 1786 1787 1647
3 1648 1788 1649
3 1787 1788 1648
3 1649 1789 1650
3 1788 1789 1649
3 1650 1790 1651
3 1789 1790 1650
3 1651 1791 1652
3 1790 1791 1651
3 1652 1792 1653
3 1791 1792 1652
3 1653 1793 1654
3 1792 1793 1653
3 1654 1794 1655
3 1793 1794 1654
3 1655 1795 1656
3 1794 1795 1655
3 1656 1796 1657
3 1795 1796 1656
3 1657 1797 1658
3 1796 1797 1657
3 1658 1798 1659
3 1797 1798 1658
3 1659 1799 1660
3 1798 1799 1659
3 1660 1800 1661
3 1799 1800 1660
3 1661 1801 1662
3 1800 1801 1661
3 1662 1802 1663
3 1801 1802 1662
3 1663 1803 1664
3 1802 1803 1663
3 1664 1804 1665
3 1803 1804 1664
3 1665 1805 1666
3 1804 1805 1665
3 1666 1806 1667
3 1805 1806 1666
3 1667 1807 1668
3 1806 1807 1667
3 1640 1668 1779
3 1779 1668 1807
3 1809 1808 1670
3 1670 1808 1669
3 1810 1670 1671
3 1810 1809 1670
3 1811 1671 1672
3 1811 1810 1671
3 1812 1672 1673
3 1812 1811 1672
3 1813 1673 1674
3 1813 1812 1673
3 1814 1674 1675
3 1814 1813 1674
3 1815 1675 1676
3 1815 1814 1675
3 1816 1676 1677
3 1816 1815 1676
3 1817 1677 1678
3 1817 1816 1677
3 1818 1678 1679
3 1818 1817 1678
3 1819 1679 1680
3 1819 1818 1679
3 1820 1680 1681
3 1820 1819 1680
3 1821 1681 1682
3 1821 1820 1681
3 1822 1682 1683
3 1822 1821 1682
3 1823 1683 1684
3 1823 1822 1683
3 1824 1684 1685
3 1824 1823 1684
3 1825 1685 1686
3 1825 1824 1685
3 1826 1686 1687
3 1826 1825 1686
3 1827 1687 1688
3 1827 1826 1687
3 1828 1688 1689
3 1828 1827 1688
3 1829 1689 1690
3 1829 1828 1689
3 1830 1690 1691
3 1830 1829 1690
3 1831 1691 1692
3 1831 1830 1691
3 1832 1692 1693
3 1832 1831 1692
3 1833 1693 1694
3 1833 1832 1693
3 1834 1694 1695
3 1834 1833 1694
3 1835 1695 1696
3 1835 1834 1695
3 1837 1836 1697
3 1836 1696 1697
3 1836 1835 1696
3 1837 1838 1836
3 1839 1698 1699
3 1840 1839 1699
3 1669 1840 1699
3 1808 1840 1669
3 1700 1837 1697
3 1700 1701 1837
3 1701 1841 1837
3 1841 1838 1837
3 1701 1842 1841
3 1703 1842 1701
3 1844 1843 1839
3 1843 1698 1839
3 1843 1704 1698
3 1844 1839 1840
3 1845 1841 1842
3 1842 1703 1845
3 1703 1846 1845
3 1703 1705 1846
3 1848 1847 1707
3 1707 1847 1706
3 1707 1704 1843
3 1707 1843 1848
3 1708 1846 1705
3 1708 1849 1846
3 1847 1709 1706
3 1850 1709 1847
3 1710 1849 1708
3 1710 1851 1849
3 1854 1853 1852
3 1850 1854 1852
3 1711 1850 1852
3 1709 1850 1711
3 1712 1856 1855
3 1851 1712 1855
3 1710 1712 1851
3 1856 1857 1855
3 1852 1853 1858
3 1858 1853 1859
3 1858 1713 1711
3 1858 1711 1852
3 1714 1856 1712
3 1714 1716 1856
3 1716 1857 1856
3 1716 1860 1857
3 1858 1859 1861
3 1861 1859 1862
3 1861 1717 1713
3 1861 1713 1858
3 1719 1863 1718
3 1863 1864 1718
3 1864 1716 1718
3 1864 1860 1716
3 1861 1862 1865
3 1865 1862 1866
3 1865 1720 1717
3 1865 1717 1861
3 1721 1863 1719
3 1721 1723 1863
3 1723 1864 1863
3 1723 1867 1864
3 1865 1866 1868
3 1868 1866 1869
3 1868 1724 1720
3 1868 1720 1865
3 1726 1867 1723
3 1726 1870 1867
3 1868 1869 1871
3 1871 1869 1872
3 1871 1727 1724
3 1871 1724 1868
3 1729 1873 1728
3 1873 1874 1728
3 1874 1726 1728
3 1874 1870 1726
3 1871 1872 1875
3 1875 1872 1876
3 1875 1730 1727
3 1875 1727 1871
3 1731 1877 1873
3 1731 1873 1729
3 1874 1873 1878
3 1878 1873 1877
3 1875 1876 1879
3 1879 1876 1880
3 1879 1732 1730
3 1879 1730 1875
3 1733 1877 1731
3 1733 1735 1877
3 1735 1878 1877
3 1735 1881 1878
3 1879 1880 1882
3 1882 1880 1883
3 1882 1736 1732
3 1882 1732 1879
3 1738 1881 1735
3 1738 1884 1881
3 1882 1883 1885
3 1885 1883 1886
3 1885 1739 1736
3 1885 1736 1882
3 1741 1884 1738
3 1741 1887 1884
3 1885 1886 1888
3 1888 1886 1889
3 1888 1742 1739
3 1888 1739 1885
3 1744 1890 1743
3 1890 1891 1743
3 1891 1741 1743
3 1891 1887 1741
3 1888 1889 1892
3 1892 1889 1893
3 1892 1745 1742
3 1892 1742 1888
3 1746 1894 1890
3 1746 1890 1744
3 1891 1890 1895
3 1895 1890 1894
3 1892 1893 1896
3 1896 1893 1897
3 1896 1747 1745
3 1896 1745 1892
3 1748 1898 1894
3 1748 1894 1746
3 1895 1894 1899
3 1899 1894 1898
3 1896 1897 1900
3 1900 1897 1901
3 1900 1749 1747
3 1900 1747 1896
3 1750 1902 1898
3 1750 1898 1748
3 1899 1898 1903
3 1903 1898 1902
3 1900 1901 1904
3 1904 1901 1905
3 1904 1751 1749
3 1904 1749 1900
3 1752 1902 1750
3 1752 1754 1902
3 1754 1903 1902
3 1754 1906 1903
3 1904 1905 1907
3 1907 1905 1908
3 1907 1755 1751
3 1907 1751 1904
3 1757 1906 1754
3 1757 1909 1906
3 1907 1908 1910
3 1910 1908 1911
3 1910 1758 1755
3 1910 1755 1907
3 1913 1912 1759
3 1913 1759 1760
3 1757 1759 1909
3 1909 1759 1912
3 1910 1911 1914
3 1914 1911 1915
3 1914 1761 1758
3 1914 1758 1910
3 1762 1917 1916
3 1913 1762 1916
3 1760 1762 1913
3 1917 1918 1916
3 1914 1915 1919
3 1919 1915 1920
3 1919 1763 1761
3 1919 1761 1914
3 1764 1921 1917
3 1764 1917 1762
3 1918 1917 1922
3 1922 1917 1921
3 1919 1920 1923
3 1923 1920 1924
3 1923 1765 1763
3 1923 1763 1919
3 1766 1925 1921
3 1766 1921 1764
3 1922 1921 1926
3 1926 1921 1925
3 1924 1927 1923
3 1765 1923 1927
3 1928 1765 1927
3 1767 1765 1928
3 1930 1929 1925
3 1766 1930 1925
3 1768 1930 1766
3 1925 1929 1926
3 1928 1769 1767
3 1931 1769 1928
3 1770 1930 1768
3 1770 1932 1930
3 1931 1933 1769
3 1769 1933 1771
3 1772 1771 1933
3 1772 1933 1934
3 1774 1935 1773
3 1935 1936 1773
3 1936 1770 1773
3 1936 1932 1770
3 1934 1937 1772
3 1772 1937 1775
3 1776 1775 1937
3 1776 1937 1938
3 1940 1939 1935
3 1774 1940 1935
3 1777 1940 1774
3 1935 1939 1936
3 1938 1778 1776
3 1941 1778 1938
3 1779 1940 1777
3 1779 1942 1940
3 1941 1943 1778
3 1778 1943 1780
3 1780 1944 1781
3 1943 1944 1780
3 1781 1945 1782
3 1944 1945 1781
3 1782 1946 1783
3 1945 1946 1782
3 1783 1947 1784
3 1946 1947 1783
3 1784 1948 1785
3 1947 1948 1784
3 1785 1949 1786
3 1948 1949 1785
3 1786 1950 1787
3 1949 1950 1786
3 1787 1951 1788
3 1950 1951 1787
3 1788 1952 1789
3 1951 1952 1788
3 1789 1953 1790
3 1952 1953 1789
3 1790 1954 1791
3 1953 1954 1790
3 1791 1955 1792
3 1954 1955 1791
3 1792 1956 1793
3 1955 1956 1792
3 1793 1957 1794
3 1956 1957 1793
3 1794 1958 1795
3 1957 1958 1794
3 1795 1959 1796
3 1958 1959 1795
3 1796 1960 1797
3 1959 1960 1796
3 1797 1961 1798
3 1960 1961 1797
3 1798 1962 1799
3 1961 1962 1798
3 1799 1963 1800
3 1962 1963 1799
3 1800 1964 1801
3 1963 1964 1800
3 1801 1965 1802
3 1964 1965 1801
3 1802 1966 1803
3 1965 1966 1802
3 1803 1967 1804
3 1966 1967 1803
3 1804 1968 1805
3 1967 1968 1804
3 1805 1969 1806
3 1968 1969 1805
3 1806 1970 1807
3 1969 1970 1806
3 1779 1807 1942
3 1942 1807 1970
3 1973 1972 1971
3 1971 1974 1973
3 1976 1975 1809
3 1809 1975 1808
3 1977 1809 1810
3 1977 1976 1809
3 1978 1810 1811
3 1978 1977 1810
3 1979 1811 1812
3 1979 1978 1811
3 1980 1812 1813
3 1980 1979 1812
3 1981 1813 1814
3 1981 1980 1813
3 1815 1971 1972
3 1981 1815 1972
3 1814 1815 1981
3 1982 1974 1971
3 1815 1982 1971
3 1816 1982 1815
3 1983 1816 1817
3 1983 1982 1816
3 1984 1817 1818
3 1984 1983 1817
3 1985 1818 1819
3 1985 1984 1818
3 1986 1819 1820
3 1986 1985 1819
3 1987 1820 1821
3 1987 1986 1820
3 1988 1821 1822
3 1988 1987 1821
3 1989 1822 1823
3 1989 1988 1822
3 1990 1823 1824
3 1990 1989 1823
3 1991 1824 1825
3 1991 1990 1824
3 1992 1825 1826
3 1992 1991 1825
3 1993 1826 1827
3 1993 1992 1826
3 1994 1827 1828
3 1994 1993 1827
3 1995 1828 1829
3 1995 1994 1828
3 1996 1829 1830
3 1996 1995 1829
3 1997 1830 1831
3 1997 1996 1830
3 1998 1831 1832
3 1998 1997 1831
3 1999 1832 1833
3 1999 1998 1832
3 2000 1833 1834
3 2000 1999 1833
3 2001 1834 1835
3 2001 2000 1834
3 2002 1835 1836
3 2002 2001 1835
3 1836 1838 2002
3 2002 1838 2003
3 1975 1840 1808
3 2004 1840 1975
3 1841 2003 1838
3 1841 2005 2003
3 2007 2006 1844
3 1844 2006 1843
3 1844 1840 2004
3 1844 2004 2007
3 2008 2005 1841
3 2008 1841 1845
3 1845 1846 2008
3 2008 1846 2009
3 2010 1847 1848
3 2011 2010 1848
3 1843 2011 1848
3 2006 2011 1843
3 1849 2009 1846
3 1849 2012 2009
3 2014 2013 2010
3 2013 1847 2010
3 2013 1850 1847
3 2014 2010 2011
3 1851 2012 1849
3 1851 2015 2012
3 2017 2016 1854
3 1854 2016 1853
3 1854 1850 2013
3 1854 2013 2017
3 2018 2015 1851
3 2018 1851 1855
3 1855 1857 2018
3 2018 1857 2019
3 2016 1859 1853
3 2020 1859 2016
3 1860 2019 1857
3 1860 2021 2019
3 2020 1862 1859
3 2022 1862 2020
3 1864 2021 1860
3 1864 2023 2021
3 2022 1866 1862
3 2024 1866 2022
3 1867 2023 1864
3 1867 2025 2023
3 2024 1869 1866
3 2026 1869 2024
3 1870 2025 1867
3 1870 2027 2025
3 2026 1872 1869
3 2028 1872 2026
3 1874 2027 1870
3 1874 2029 2027
3 2028 1876 1872
3 2030 1876 2028
3 1878 2029 1874
3 1878 2031 2029
3 2030 1880 1876
3 2032 1880 2030
3 1881 2031 1878
3 1881 2033 2031
3 2032 1883 1880
3 2034 1883 2032
3 1884 2033 1881
3 1884 2035 2033
3 2034 1886 1883
3 2036 1886 2034
3 1887 2035 1884
3 1887 2037 2035
3 2036 1889 1886
3 2038 1889 2036
3 1891 2037 1887
3 1891 2039 2037
3 2038 1893 1889
3 2040 1893 2038
3 1895 2039 1891
3 1895 2041 2039
3 2040 1897 1893
3 2042 1897 2040
3 1899 2041 1895
3 1899 2043 2041
3 2042 1901 1897
3 2044 1901 2042
3 1903 2043 1899
3 1903 2045 2043
3 2044 1905 1901
3 2046 1905 2044
3 1906 2045 1903
3 1906 2047 2045
3 2046 1908 1905
3 2048 1908 2046
3 1909 2047 1906
3 1909 2049 2047
3 2048 1911 1908
3 2050 1911 2048
3 1913 2051 1912
3 2051 2052 1912
3 2052 1909 1912
3 2052 2049 1909
3 2050 1915 1911
3 2053 1915 2050
3 1916 2051 1913
3 1916 1918 2051
3 1918 2052 2051
3 1918 2054 2052
3 2053 1920 1915
3 2055 1920 2053
3 1922 2054 1918
3 1922 2056 2054
3 2055 1924 1920
3 2057 1924 2055
3 1926 2056 1922
3 1926 2058 2056
3 2057 2059 1924
3 1924 2059 1927
3 1928 1927 2059
3 1928 2059 2060
3 2062 2061 1929
3 2062 1929 1930
3 1926 1929 2058
3 2058 1929 2061
3 2060 1931 1928
3 2063 1931 2060
3 1932 2062 1930
3 1932 2064 2062
3 2063 2065 1931
3 1931 2065 1933
3 1934 1933 2065
3 1934 2065 2066
3 1936 2064 1932
3 1936 2067 2064
3 2066 2068 1934
3 1934 2068 1937
3 1938 1937 2068
3 1938 2068 2069
3 1940 2070 1939
3 2070 2071 1939
3 2071 1936 1939
3 2071 2067 1936
3 2069 1941 1938
3 2072 1941 2069
3 2074 2073 2070
3 1940 2074 2070
3 1942 2074 1940
3 2070 2073 2071
3 2072 2075 1941
3 1941 2075 1943
3 1943 2076 1944
3 2075 2076 1943
3 1944 2077 1945
3 2076 2077 1944
3 1945 2078 1946
3 2077 2078 1945
3 1946 2079 1947
3 2078 2079 1946
3 1947 2080 1948
3 2079 2080 1947
3 1948 2081 1949
3 2080 2081 1948
3 1949 2082 1950
3 2081 2082 1949
3 1950 2083 1951
3 2082 2083 1950
3 1951 2084 1952
3 2083 2084 1951
3 1952 2085 1953
3 2084 2085 1952
3 1953 2086 1954
3 2085 2086 1953
3 2086 2088 2087
3 1955 2086 2087
3 1954 2086 1955
3 1955 2087 2089
3 2090 1955 2089
3 1956 1955 2090
3 1956 2091 1957
3 2090 2091 1956
3 1957 2092 1958
3 2091 2092 1957
3 1958 2093 1959
3 2092 2093 1958
3 1959 2094 1960
3 2093 2094 1959
3 1960 2095 1961
3 2094 2095 1960
3 1961 2096 1962
3 2095 2096 1961
3 1962 2097 1963
3 2096 2097 1962
3 1963 2098 1964
3 2097 2098 1963
3 1964 2099 1965
3 2098 2099 1964
3 2099 2101 2100
3 1966 2099 2100
3 1965 2099 1966
3 1966 2100 2102
3 2103 1966 2102
3 1967 1966 2103
3 1967 2104 1968
3 2103 2104 1967
3 1968 2105 1969
3 2104 2105 1968
3 1969 2106 1970
3 2105 2106 1969
3 1942 1970 2074
3 2074 1970 2106
3 2088 2107 2087
3 2087 2107 2089
3 2101 2108 2100
3 2100 2108 2102
3 2111 2110 2109
3 1972 1973 2109
3 1973 2111 2109
3 1973 2112 2111
3 2114 2113 1974
3 2113 1973 1974
3 2113 2112 1973
3 2116 2115 2114
3 2114 2115 2113
3 2118 2117 2116
3 2116 2117 2115
3 2118 2119 2117
3 2122 2121 2120
3 2124 2123 2120
3 2120 2123 2122
3 2124 2125 2123
3 2127 2126 1976
3 1976 2126 1975
3 2128 1976 1977
3 2128 2127 1976
3 2129 1977 1978
3 2129 2128 1977
3 2130 1978 1979
3 2130 2129 1978
3 2131 1979 1980
3 2131 2130 1979
3 1981 2109 2110
3 2131 1981 2110
3 1980 1981 2131
3 2109 1981 1972
3 1982 2114 1974
3 2114 1982 1983
3 2114 1983 2116
3 2116 1983 1984
3 2116 1984 2118
3 2132 2119 2118
3 1984 2132 2118
3 1985 2132 1984
3 2133 1985 1986
3 2133 2132 1985
3 2134 1986 1987
3 2134 2133 1986
3 2135 1987 1988
3 2135 2134 1987
3 2136 1988 1989
3 2136 2135 1988
3 2137 1989 1990
3 2137 2136 1989
3 2138 1990 1991
3 2138 2137 1990
3 2139 1991 1992
3 2139 2138 1991
3 2140 1992 1993
3 2140 2139 1992
3 2141 1993 1994
3 2141 2140 1993
3 2142 1994 1995
3 2142 2141 1994
3 2143 1995 1996
3 2143 2142 1995
3 2144 1996 1997
3 2144 2143 1996
3 2145 1997 1998
3 2145 2144 1997
3 1999 2120 2121
3 2145 1999 2121
3 1998 1999 2145
3 2120 1999 2000
3 2120 2000 2124
3 2146 2125 2124
3 2000 2146 2124
3 2001 2146 2000
3 2147 2001 2002
3 2147 2146 2001
3 2002 2003 2147
3 2147 2003 2148
3 2151 2150 2149
3 2126 2151 2149
3 2004 2126 2149
3 1975 2126 2004
3 2005 2148 2003
3 2005 2152 2148
3 2149 2150 2007
3 2150 2006 2007
3 2150 2153 2006
3 2149 2007 2004
3 2154 2152 2005
3 2154 2005 2008
3 2008 2009 2154
3 2154 2009 2155
3 2158 2157 2156
3 2153 2158 2156
3 2011 2153 2156
3 2006 2153 2011
3 2012 2155 2009
3 2012 2159 2155
3 2156 2157 2014
3 2157 2013 2014
3 2157 2160 2013
3 2156 2014 2011
3 2015 2159 2012
3 2015 2161 2159
3 2162 2016 2017
3 2163 2162 2017
3 2013 2163 2017
3 2160 2163 2013
3 2164 2161 2015
3 2164 2015 2018
3 2018 2019 2164
3 2164 2019 2165
3 2167 2166 2162
3 2166 2016 2162
3 2166 2020 2016
3 2167 2162 2163
3 2021 2165 2019
3 2021 2168 2165
3 2166 2022 2020
3 2169 2022 2166
3 2023 2168 2021
3 2023 2170 2168
3 2173 2172 2171
3 2169 2173 2171
3 2024 2169 2171
3 2022 2169 2024
3 2025 2175 2174
3 2170 2025 2174
3 2023 2025 2170
3 2175 2176 2174
3 2171 2172 2177
3 2177 2172 2178
3 2177 2026 2024
3 2177 2024 2171
3 2027 2179 2175
3 2027 2175 2025
3 2176 2175 2180
3 2180 2175 2179
3 2177 2178 2181
3 2181 2178 2182
3 2181 2028 2026
3 2181 2026 2177
3 2029 2183 2179
3 2029 2179 2027
3 2180 2179 2184
3 2184 2179 2183
3 2181 2182 2185
3 2185 2182 2186
3 2185 2030 2028
3 2185 2028 2181
3 2188 2187 2183
3 2029 2188 2183
3 2031 2188 2029
3 2183 2187 2184
3 2185 2186 2189
3 2189 2186 2190
3 2189 2032 2030
3 2189 2030 2185
3 2033 2188 2031
3 2033 2191 2188
3 2189 2190 2192
3 2192 2190 2193
3 2192 2034 2032
3 2192 2032 2189
3 2035 2191 2033
3 2035 2194 2191
3 2192 2193 2195
3 2195 2193 2196
3 2195 2036 2034
3 2195 2034 2192
3 2037 2198 2197
3 2194 2037 2197
3 2035 2037 2194
3 2198 2199 2197
3 2195 2196 2200
3 2200 2196 2201
3 2200 2038 2036
3 2200 2036 2195
3 2039 2202 2198
3 2039 2198 2037
3 2199 2198 2203
3 2203 2198 2202
3 2200 2201 2204
3 2204 2201 2205
3 2204 2040 2038
3 2204 2038 2200
3 2207 2206 2202
3 2039 2207 2202
3 2041 2207 2039
3 2202 2206 2203
3 2204 2205 2208
3 2208 2205 2209
3 2208 2042 2040
3 2208 2040 2204
3 2043 2207 2041
3 2043 2210 2207
3 2208 2209 2211
3 2211 2209 2212
3 2211 2044 2042
3 2211 2042 2208
3 2045 2210 2043
3 2045 2213 2210
3 2211 2212 2214
3 2214 2212 2215
3 2214 2046 2044
3 2214 2044 2211
3 2047 2213 2045
3 2047 2216 2213
3 2214 2215 2217
3 2217 2215 2218
3 2217 2048 2046
3 2217 2046 2214
3 2049 2216 2047
3 2049 2219 2216
3 2217 2218 2220
3 2220 2218 2221
3 2220 2050 2048
3 2220 2048 2217
3 2052 2219 2049
3 2052 2222 2219
3 2220 2221 2223
3 2223 2221 2224
3 2223 2053 2050
3 2223 2050 2220
3 2054 2222 2052
3 2054 2225 2222
3 2223 2224 2226
3 2226 2224 2227
3 2226 2055 2053
3 2226 2053 2223
3 2056 2225 2054
3 2056 2228 2225
3 2227 2229 2226
3 2055 2226 2229
3 2230 2055 2229
3 2057 2055 2230
3 2233 2232 2231
3 2232 2228 2231
3 2228 2058 2231
3 2228 2056 2058
3 2230 2234 2057
3 2057 2234 2059
3 2060 2059 2234
3 2060 2234 2235
3 2233 2231 2061
3 2062 2233 2061
3 2236 2233 2062
3 2061 2231 2058
3 2235 2063 2060
3 2237 2063 2235
3 2064 2236 2062
3 2064 2238 2236
3 2237 2239 2063
3 2063 2239 2065
3 2066 2065 2239
3 2066 2239 2240
3 2067 2238 2064
3 2067 2241 2238
3 2240 2242 2066
3 2066 2242 2068
3 2069 2068 2242
3 2069 2242 2243
3 2071 2241 2067
3 2071 2244 2241
3 2243 2072 2069
3 2245 2072 2243
3 2247 2246 2073
3 2247 2073 2074
3 2071 2073 2244
3 2244 2073 2246
3 2245 2248 2072
3 2072 2248 2075
3 2075 2249 2076
3 2248 2249 2075
3 2249 2251 2250
3 2077 2249 2250
3 2076 2249 2077
3 2077 2250 2252
3 2253 2077 2252
3 2078 2077 2253
3 2078 2254 2079
3 2253 2254 2078
3 2079 2255 2080
3 2254 2255 2079
3 2080 2256 2081
3 2255 2256 2080
3 2081 2257 2082
3 2256 2257 2081
3 2082 2258 2083
3 2257 2258 2082
3 2083 2259 2084
3 2258 2259 2083
3 2084 2260 2085
3 2259 2260 2084
3 2085 2261 2086
3 2260 2261 2085
3 2088 2086 2261
3 2088 2261 2262
3 2089 2263 2090
3 2264 2091 2090
3 2264 2090 2263
3 2091 2264 2265
3 2266 2091 2265
3 2092 2091 2266
3 2092 2267 2093
3 2266 2267 2092
3 2093 2268 2094
3 2267 2268 2093
3 2094 2269 2095
3 2268 2269 2094
3 2095 2270 2096
3 2269 2270 2095
3 2096 2271 2097
3 2270 2271 2096
3 2097 2272 2098
3 2271 2272 2097
3 2098 2273 2099
3 2272 2273 2098
3 2101 2099 2273
3 2101 2273 2274
3 2102 2275 2103
3 2276 2104 2103
3 2276 2103 2275
3 2104 2276 2277
3 2278 2104 2277
3 2105 2104 2278
3 2105 2279 2106
3 2278 2279 2105
3 2074 2106 2247
3 2247 2106 2279
3 2251 2280 2250
3 2250 2280 2252
3 2262 2281 2088
3 2088 2281 2107
3 2089 2107 2263
3 2107 2282 2263
3 2107 2281 2282
3 2263 2282 2264
3 2264 2282 2283
3 2264 2283 2265
3 2274 2284 2101
3 2101 2284 2108
3 2102 2108 2275
3 2108 2285 2275
3 2108 2284 2285
3 2275 2285 2276
3 2276 2285 2286
3 2276 2286 2277
3 2288 2287 2111
3 2111 2287 2110
3 2289 2111 2112
3 2289 2288 2111
3 2290 2112 2113
3 2290 2289 2112
3 2291 2113 2115
3 2291 2290 2113
3 2292 2115 2117
3 2292 2291 2115
3 2294 2293 2119
3 2293 2117 2119
3 2293 2292 2117
3 2296 2295 2294
3 2294 2295 2293
3 2298 2297 2296
3 2296 2297 2295
3 2298 2299 2297
3 2300 2121 2122
3 2123 2301 2122
3 2122 2301 2300
3 2125 2301 2123
3 2303 2302 2127
3 2127 2302 2126
3 2304 2127 2128
3 2304 2303 2127
3 2305 2128 2129
3 2305 2304 2128
3 2306 2129 2130
3 2306 2305 2129
3 2307 2130 2131
3 2307 2306 2130
3 2131 2110 2287
3 2131 2287 2307
3 2132 2294 2119
3 2294 2132 2133
3 2294 2133 2296
3 2296 2133 2134
3 2296 2134 2298
3 2308 2299 2298
3 2134 2308 2298
3 2135 2308 2134
3 2309 2135 2136
3 2309 2308 2135
3 2310 2136 2137
3 2310 2309 2136
3 2311 2137 2138
3 2311 2310 2137
3 2312 2138 2139
3 2312 2311 2138
3 2313 2139 2140
3 2313 2312 2139
3 2314 2140 2141
3 2314 2313 2140
3 2315 2141 2142
3 2315 2314 2141
3 2316 2142 2143
3 2316 2315 2142
3 2317 2143 2144
3 2317 2316 2143
3 2318 2144 2145
3 2318 2317 2144
3 2145 2121 2300
3 2319 2145 2300
3 2318 2145 2319
3 2319 2300 2301
3 2319 2301 2320
3 2320 2301 2125
3 2146 2320 2125
3 2321 2320 2146
3 2323 2321 2322
3 2321 2147 2322
3 2321 2146 2147
3 2148 2322 2147
3 2325 2324 2151
3 2151 2324 2150
3 2151 2126 2302
3 2151 2302 2325
3 2326 2323 2322
3 2322 2148 2326
3 2148 2327 2326
3 2148 2152 2327
3 2324 2153 2150
3 2328 2153 2324
3 2152 2154 2329
3 2330 2152 2329
3 2327 2152 2330
3 2155 2329 2154
3 2332 2331 2158
3 2158 2331 2157
3 2158 2153 2328
3 2158 2328 2332
3 2333 2330 2329
3 2329 2155 2333
3 2155 2334 2333
3 2155 2159 2334
3 2331 2160 2157
3 2335 2160 2331
3 2161 2334 2159
3 2161 2336 2334
3 2339 2338 2337
3 2335 2339 2337
3 2163 2335 2337
3 2160 2335 2163
3 2340 2336 2161
3 2340 2161 2164
3 2164 2165 2340
3 2340 2165 2341
3 2337 2338 2167
3 2338 2166 2167
3 2338 2342 2166
3 2337 2167 2163
3 2168 2341 2165
3 2168 2343 2341
3 2346 2345 2344
3 2342 2346 2344
3 2169 2342 2344
3 2166 2342 2169
3 2170 2343 2168
3 2170 2347 2343
3 2344 2345 2173
3 2345 2172 2173
3 2345 2348 2172
3 2344 2173 2169
3 2170 2174 2349
3 2350 2170 2349
3 2347 2170 2350
3 2176 2349 2174
3 2348 2178 2172
3 2351 2178 2348
3 2352 2350 2349
3 2349 2176 2352
3 2176 2353 2352
3 2176 2180 2353
3 2351 2182 2178
3 2354 2182 2351
3 2184 2353 2180
3 2184 2355 2353
3 2354 2186 2182
3 2356 2186 2354
3 2188 2357 2187
3 2357 2358 2187
3 2358 2184 2187
3 2358 2355 2184
3 2356 2190 2186
3 2359 2190 2356
3 2191 2360 2357
3 2191 2357 2188
3 2358 2357 2361
3 2361 2357 2360
3 2359 2193 2190
3 2362 2193 2359
3 2194 2363 2360
3 2194 2360 2191
3 2361 2360 2364
3 2364 2360 2363
3 2362 2196 2193
3 2365 2196 2362
3 2197 2363 2194
3 2197 2199 2363
3 2199 2364 2363
3 2199 2366 2364
3 2365 2201 2196
3 2367 2201 2365
3 2203 2366 2199
3 2203 2368 2366
3 2367 2205 2201
3 2369 2205 2367
3 2207 2370 2206
3 2370 2371 2206
3 2371 2203 2206
3 2371 2368 2203
3 2369 2209 2205
3 2372 2209 2369
3 2210 2373 2370
3 2210 2370 2207
3 2371 2370 2374
3 2374 2370 2373
3 2372 2212 2209
3 2375 2212 2372
3 2213 2376 2373
3 2213 2373 2210
3 2374 2373 2377
3 2377 2373 2376
3 2375 2215 2212
3 2378 2215 2375
3 2380 2379 2376
3 2213 2380 2376
3 2216 2380 2213
3 2376 2379 2377
3 2378 2218 2215
3 2381 2218 2378
3 2219 2380 2216
3 2219 2382 2380
3 2381 2221 2218
3 2383 2221 2381
3 2222 2382 2219
3 2222 2384 2382
3 2383 2224 2221
3 2385 2224 2383
3 2225 2384 2222
3 2225 2386 2384
3 2385 2227 2224
3 2387 2227 2385
3 2228 2386 2225
3 2228 2388 2386
3 2229 2227 2389
3 2227 2390 2389
3 2227 2387 2390
3 2389 2230 2229
3 2392 2391 2232
3 2392 2232 2233
3 2228 2232 2388
3 2388 2232 2391
3 2390 2393 2389
3 2393 2395 2394
3 2393 2394 2234
3 2389 2393 2234
3 2230 2389 2234
3 2394 2235 2234
3 2236 2392 2233
3 2236 2396 2392
3 2395 2397 2394
3 2235 2394 2397
3 2398 2235 2397
3 2237 2235 2398
3 2238 2396 2236
3 2238 2399 2396
3 2398 2400 2237
3 2237 2400 2239
3 2240 2239 2400
3 2240 2400 2401
3 2241 2399 2238
3 2241 2402 2399
3 2242 2240 2403
3 2240 2404 2403
3 2240 2401 2404
3 2403 2243 2242
3 2407 2406 2405
3 2406 2402 2405
3 2402 2244 2405
3 2402 2241 2244
3 2404 2408 2403
3 2243 2403 2408
3 2409 2243 2408
3 2245 2243 2409
3 2407 2405 2246
3 2247 2407 2246
3 2410 2407 2247
3 2246 2405 2244
3 2409 2411 2245
3 2245 2411 2248
3 2248 2412 2249
3 2411 2412 2248
3 2251 2249 2412
3 2251 2412 2413
3 2252 2414 2253
3 2415 2254 2253
3 2415 2253 2414
3 2254 2415 2416
3 2417 2254 2416
3 2255 2254 2417
3 2255 2418 2256
3 2417 2418 2255
3 2256 2419 2257
3 2418 2419 2256
3 2257 2420 2258
3 2419 2420 2257
3 2258 2421 2259
3 2420 2421 2258
3 2259 2422 2260
3 2421 2422 2259
3 2422 2424 2423
3 2261 2422 2423
3 2260 2422 2261
3 2423 2262 2261
3 2265 2425 2266
3 2266 2425 2426
3 2427 2266 2426
3 2267 2266 2427
3 2267 2428 2268
3 2427 2428 2267
3 2268 2429 2269
3 2428 2429 2268
3 2269 2430 2270
3 2429 2430 2269
3 2270 2431 2271
3 2430 2431 2270
3 2271 2432 2272
3 2431 2432 2271
3 2432 2434 2433
3 2273 2432 2433
3 2272 2432 2273
3 2433 2274 2273
3 2437 2436 2435
3 2278 2277 2435
3 2436 2278 2435
3 2438 2278 2436
3 2278 2439 2279
3 2438 2439 2278
3 2247 2279 2410
3 2410 2279 2439
3 2413 2440 2251
3 2251 2440 2280
3 2252 2280 2414
3 2280 2441 2414
3 2280 2440 2441
3 2414 2441 2415
3 2415 2441 2442
3 2415 2442 2416
3 2424 2443 2423
3 2423 2443 2262
3 2443 2281 2262
3 2443 2444 2281
3 2281 2445 2282
3 2444 2445 2281
3 2282 2446 2283
3 2445 2446 2282
3 2265 2283 2425
3 2283 2447 2425
3 2283 2446 2447
3 2425 2447 2426
3 2434 2448 2433
3 2433 2448 2274
3 2448 2284 2274
3 2448 2449 2284
3 2284 2450 2285
3 2449 2450 2284
3 2435 2286 2437
3 2286 2450 2437
3 2286 2285 2450
3 2286 2435 2277
3 2453 2452 2451
3 2287 2288 2451
3 2288 2453 2451
3 2288 2454 2453
3 2455 2288 2289
3 2455 2454 2288
3 2456 2289 2290
3 2456 2455 2289
3 2457 2290 2291
3 2457 2456 2290
3 2458 2291 2292
3 2458 2457 2291
3 2459 2292 2293
3 2459 2458 2292
3 2460 2293 2295
3 2460 2459 2293
3 2461 2295 2297
3 2461 2460 2295
3 2463 2462 2299
3 2462 2297 2299
3 2462 2461 2297
3 2465 2464 2463
3 2463 2464 2462
3 2467 2466 2465
3 2465 2466 2464
3 2467 2468 2466
3 2470 2469 2303
3 2303 2469 2302
3 2471 2303 2304
3 2471 2470 2303
3 2472 2304 2305
3 2472 2471 2304
3 2473 2305 2306
3 2473 2472 2305
3 2307 2451 2452
3 2473 2307 2452
3 2306 2307 2473
3 2451 2307 2287
3 2308 2463 2299
3 2463 2308 2309
3 2463 2309 2465
3 2465 2309 2310
3 2465 2310 2467
3 2474 2468 2467
3 2310 2474 2467
3 2311 2474 2310
3 2475 2311 2312
3 2475 2474 2311
3 2476 2312 2313
3 2476 2475 2312
3 2477 2313 2314
3 2477 2476 2313
3 2478 2314 2315
3 2478 2477 2314
3 2479 2315 2316
3 2479 2478 2315
3 2480 2316 2317
3 2480 2479 2316
3 2481 2317 2318
3 2481 2480 2317
3 2482 2318 2319
3 2482 2481 2318
3 2483 2319 2320
3 2483 2482 2319
3 2484 2320 2321
3 2484 2483 2320
3 2321 2323 2484
3 2484 2323 2485
3 2487 2486 2325
3 2325 2486 2324
3 2325 2302 2469
3 2325 2469 2487
3 2488 2485 2323
3 2488 2323 2326
3 2326 2327 2488
3 2488 2327 2489
3 2486 2328 2324
3 2490 2328 2486
3 2330 2489 2327
3 2330 2491 2489
3 2493 2492 2332
3 2332 2492 2331
3 2332 2328 2490
3 2332 2490 2493
3 2494 2491 2330
3 2494 2330 2333
3 2333 2334 2494
3 2494 2334 2495
3 2492 2335 2331
3 2496 2335 2492
3 2336 2495 2334
3 2336 2497 2495
3 2499 2498 2339
3 2339 2498 2338
3 2339 2335 2496
3 2339 2496 2499
3 2336 2340 2500
3 2501 2336 2500
3 2497 2336 2501
3 2341 2500 2340
3 2498 2342 2338
3 2502 2342 2498
3 2503 2501 2500
3 2500 2341 2503
3 2341 2504 2503
3 2341 2343 2504
3 2506 2505 2346
3 2346 2505 2345
3 2346 2342 2502
3 2346 2502 2506
3 2347 2504 2343
3 2347 2507 2504
3 2505 2348 2345
3 2508 2348 2505
3 2350 2510 2509
3 2507 2350 2509
3 2347 2350 2507
3 2510 2511 2509
3 2514 2513 2512
3 2508 2514 2512
3 2351 2508 2512
3 2348 2508 2351
3 2352 2510 2350
3 2352 2353 2510
3 2353 2511 2510
3 2353 2515 2511
3 2512 2513 2516
3 2516 2513 2517
3 2516 2354 2351
3 2516 2351 2512
3 2355 2515 2353
3 2355 2518 2515
3 2516 2517 2519
3 2519 2517 2520
3 2519 2356 2354
3 2519 2354 2516
3 2358 2518 2355
3 2358 2521 2518
3 2519 2520 2522
3 2522 2520 2523
3 2522 2359 2356
3 2522 2356 2519
3 2361 2521 2358
3 2361 2524 2521
3 2522 2523 2525
3 2525 2523 2526
3 2525 2362 2359
3 2525 2359 2522
3 2364 2524 2361
3 2364 2527 2524
3 2525 2526 2528
3 2528 2526 2529
3 2528 2365 2362
3 2528 2362 2525
3 2366 2527 2364
3 2366 2530 2527
3 2528 2529 2531
3 2531 2529 2532
3 2531 2367 2365
3 2531 2365 2528
3 2368 2530 2366
3 2368 2533 2530
3 2531 2532 2534
3 2534 2532 2535
3 2534 2369 2367
3 2534 2367 2531
3 2371 2533 2368
3 2371 2536 2533
3 2534 2535 2537
3 2537 2535 2538
3 2537 2372 2369
3 2537 2369 2534
3 2374 2536 2371
3 2374 2539 2536
3 2537 2538 2540
3 2540 2538 2541
3 2540 2375 2372
3 2540 2372 2537
3 2544 2543 2542
3 2543 2539 2542
3 2539 2377 2542
3 2539 2374 2377
3 2540 2541 2545
3 2545 2541 2546
3 2545 2378 2375
3 2545 2375 2540
3 2544 2542 2379
3 2380 2544 2379
3 2547 2544 2380
3 2379 2542 2377
3 2545 2546 2548
3 2548 2546 2549
3 2548 2381 2378
3 2548 2378 2545
3 2382 2547 2380
3 2382 2550 2547
3 2548 2549 2551
3 2551 2549 2552
3 2551 2383 2381
3 2551 2381 2548
3 2384 2550 2382
3 2384 2553 2550
3 2552 2554 2551
3 2383 2551 2554
3 2555 2383 2554
3 2385 2383 2555
3 2386 2553 2384
3 2386 2556 2553
3 2555 2387 2385
3 2557 2387 2555
3 2560 2559 2558
3 2559 2556 2558
3 2556 2388 2558
3 2556 2386 2388
3 2562 2390 2561
3 2390 2557 2561
3 2390 2387 2557
3 2563 2562 2561
3 2560 2558 2391
3 2392 2560 2391
3 2564 2560 2392
3 2391 2558 2388
3 2562 2393 2390
3 2395 2393 2562
3 2563 2395 2562
3 2565 2395 2563
3 2396 2564 2392
3 2396 2566 2564
3 2565 2567 2395
3 2395 2567 2397
3 2398 2397 2567
3 2398 2567 2568
3 2399 2566 2396
3 2399 2569 2566
3 2568 2570 2398
3 2398 2570 2400
3 2401 2400 2570
3 2401 2570 2571
3 2402 2569 2399
3 2402 2572 2569
3 2571 2404 2401
3 2573 2404 2571
3 2575 2574 2406
3 2575 2406 2407
3 2402 2406 2572
3 2572 2406 2574
3 2573 2576 2404
3 2404 2576 2408
3 2409 2408 2576
3 2409 2576 2577
3 2410 2575 2407
3 2410 2578 2575
3 2577 2579 2409
3 2409 2579 2411
3 2411 2580 2412
3 2579 2580 2411
3 2413 2412 2580
3 2413 2580 2581
3 2416 2582 2417
3 2583 2418 2417
3 2583 2417 2582
3 2418 2583 2584
3 2585 2418 2584
3 2419 2418 2585
3 2419 2586 2420
3 2585 2586 2419
3 2420 2587 2421
3 2586 2587 2420
3 2421 2588 2422
3 2587 2588 2421
3 2424 2422 2588
3 2424 2588 2589
3 2426 2590 2427
3 2591 2428 2427
3 2591 2427 2590
3 2428 2591 2592
3 2593 2428 2592
3 2429 2428 2593
3 2429 2594 2430
3 2593 2594 2429
3 2430 2595 2431
3 2594 2595 2430
3 2431 2596 2432
3 2595 2596 2431
3 2434 2432 2596
3 2434 2596 2597
3 2600 2599 2598
3 2436 2437 2598
3 2599 2436 2598
3 2601 2436 2599
3 2436 2602 2438
3 2601 2602 2436
3 2438 2603 2439
3 2602 2603 2438
3 2410 2439 2578
3 2578 2439 2603
3 2581 2604 2413
3 2413 2604 2440
3 2440 2605 2441
3 2604 2605 2440
3 2441 2606 2442
3 2605 2606 2441
3 2416 2442 2582
3 2442 2607 2582
3 2442 2606 2607
3 2582 2607 2583
3 2583 2607 2608
3 2583 2608 2584
3 2589 2609 2424
3 2424 2609 2443
3 2443 2610 2444
3 2609 2610 2443
3 2444 2611 2445
3 2610 2611 2444
3 2445 2612 2446
3 2611 2612 2445
3 2446 2613 2447
3 2612 2613 2446
3 2426 2447 2590
3 2447 2614 2590
3 2447 2613 2614
3 2590 2614 2591
3 2591 2614 2615
3 2591 2615 2592
3 2597 2616 2434
3 2434 2616 2448
3 2448 2617 2449
3 2616 2617 2448
3 2598 2450 2600
3 2450 2617 2600
3 2450 2449 2617
3 2450 2598 2437
3 2619 2618 2453
3 2453 2618 2452
3 2620 2453 2454
3 2620 2619 2453
3 2621 2454 2455
3 2621 2620 2454
3 2622 2455 2456
3 2622 2621 2455
3 2623 2456 2457
3 2623 2622 2456
3 2624 2457 2458
3 2624 2623 2457
3 2625 2458 2459
3 2625 2624 2458
3 2626 2459 2460
3 2626 2625 2459
3 2627 2460 2461
3 2627 2626 2460
3 2628 2461 2462
3 2628 2627 2461
3 2629 2462 2464
3 2629 2628 2462
3 2630 2464 2466
3 2630 2629 2464
3 2632 2631 2468
3 2631 2466 2468
3 2631 2630 2466
3 2634 2633 2632
3 2632 2633 2631
3 2636 2635 2634
3 2634 2635 2633
3 2636 2637 2635
3 2639 2638 2470
3 2470 2638 2469
3 2640 2470 2471
3 2640 2639 2470
3 2641 2471 2472
3 2641 2640 2471
3 2642 2472 2473
3 2642 2641 2472
3 2473 2452 2618
3 2473 2618 2642
3 2474 2632 2468
3 2632 2474 2475
3 2632 2475 2634
3 2634 2475 2476
3 2634 2476 2636
3 2643 2637 2636
3 2476 2643 2636
3 2477 2643 2476
3 2644 2477 2478
3 2644 2643 2477
3 2645 2478 2479
3 2645 2644 2478
3 2646 2479 2480
3 2646 2645 2479
3 2647 2480 2481
3 2647 2646 2480
3 2648 2481 2482
3 2648 2647 2481
3 2649 2482 2483
3 2649 2648 2482
3 2650 2483 2484
3 2650 2649 2483
3 2652 2651 2485
3 2651 2484 2485
3 2651 2650 2484
3 2652 2653 2651
3 2654 2486 2487
3 2655 2654 2487
3 2469 2655 2487
3 2638 2655 2469
3 2488 2652 2485
3 2488 2489 2652
3 2489 2653 2652
3 2489 2656 2653
3 2658 2657 2654
3 2657 2486 2654
3 2657 2490 2486
3 2658 2654 2655
3 2491 2660 2659
3 2656 2491 2659
3 2489 2491 2656
3 2660 2661 2659
3 2662 2492 2493
3 2663 2662 2493
3 2490 2663 2493
3 2657 2663 2490
3 2494 2660 2491
3 2494 2495 2660
3 2495 2661 2660
3 2495 2664 2661
3 2667 2666 2665
3 2668 2667 2662
3 2667 2496 2662
3 2496 2492 2662
3 2667 2665 2496
3 2668 2662 2663
3 2497 2664 2495
3 2497 2669 2664
3 2665 2666 2499
3 2666 2498 2499
3 2666 2670 2498
3 2665 2499 2496
3 2501 2672 2671
3 2669 2501 2671
3 2497 2501 2669
3 2672 2673 2671
3 2670 2502 2498
3 2674 2502 2670
3 2503 2672 2501
3 2503 2504 2672
3 2504 2673 2672
3 2504 2675 2673
3 2677 2676 2506
3 2506 2676 2505
3 2506 2502 2674
3 2506 2674 2677
3 2507 2675 2504
3 2507 2678 2675
3 2676 2508 2505
3 2679 2508 2676
3 2507 2509 2680
3 2681 2507 2680
3 2678 2507 2681
3 2511 2680 2509
3 2683 2682 2514
3 2514 2682 2513
3 2514 2508 2679
3 2514 2679 2683
3 2684 2681 2680
3 2680 2511 2684
3 2511 2685 2684
3 2511 2515 2685
3 2682 2517 2513
3 2686 2517 2682
3 2518 2685 2515
3 2518 2687 2685
3 2690 2689 2688
3 2686 2690 2688
3 2520 2686 2688
3 2517 2686 2520
3 2521 2692 2691
3 2687 2521 2691
3 2518 2521 2687
3 2692 2693 2691
3 2689 2694 2688
3 2520 2688 2694
3 2695 2520 2694
3 2523 2520 2695
3 2697 2696 2692
3 2521 2697 2692
3 2524 2697 2521
3 2692 2696 2693
3 2695 2526 2523
3 2698 2526 2695
3 2527 2697 2524
3 2527 2699 2697
3 2698 2529 2526
3 2700 2529 2698
3 2530 2699 2527
3 2530 2701 2699
3 2700 2532 2529
3 2702 2532 2700
3 2533 2701 2530
3 2533 2703 2701
3 2702 2535 2532
3 2704 2535 2702
3 2536 2703 2533
3 2536 2705 2703
3 2704 2538 2535
3 2706 2538 2704
3 2539 2705 2536
3 2539 2707 2705
3 2706 2541 2538
3 2708 2541 2706
3 2710 2709 2543
3 2710 2543 2544
3 2539 2543 2707
3 2707 2543 2709
3 2708 2546 2541
3 2711 2546 2708
3 2547 2710 2544
3 2547 2712 2710
3 2711 2549 2546
3 2713 2549 2711
3 2550 2712 2547
3 2550 2714 2712
3 2713 2552 2549
3 2715 2552 2713
3 2553 2714 2550
3 2553 2716 2714
3 2554 2552 2717
3 2552 2718 2717
3 2552 2715 2718
3 2717 2555 2554
3 2556 2716 2553
3 2556 2719 2716
3 2718 2720 2717
3 2555 2717 2720
3 2721 2555 2720
3 2557 2555 2721
3 2723 2722 2559
3 2723 2559 2560
3 2556 2559 2719
3 2719 2559 2722
3 2721 2724 2557
3 2557 2724 2561
3 2563 2561 2724
3 2563 2724 2725
3 2564 2723 2560
3 2564 2726 2723
3 2725 2565 2563
3 2727 2565 2725
3 2566 2726 2564
3 2566 2728 2726
3 2727 2729 2565
3 2565 2729 2567
3 2568 2567 2729
3 2568 2729 2730
3 2569 2728 2566
3 2569 2731 2728
3 2730 2732 2568
3 2568 2732 2570
3 2571 2570 2732
3 2571 2732 2733
3 2572 2731 2569
3 2572 2734 2731
3 2733 2573 2571
3 2735 2573 2733
3 2737 2736 2574
3 2737 2574 2575
3 2572 2574 2734
3 2734 2574 2736
3 2735 2738 2573
3 2573 2738 2576
3 2740 2739 2577
3 2576 2740 2577
3 2738 2740 2576
3 2741 2739 2740
3 2578 2737 2575
3 2578 2742 2737
3 2739 2579 2577
3 2741 2743 2739
3 2743 2579 2739
3 2743 2580 2579
3 2581 2580 2743
3 2581 2743 2744
3 2584 2745 2585
3 2585 2745 2746
3 2747 2585 2746
3 2586 2585 2747
3 2586 2748 2587
3 2747 2748 2586
3 2748 2750 2749
3 2588 2748 2749
3 2587 2748 2588
3 2749 2589 2588
3 2592 2751 2593
3 2752 2594 2593
3 2752 2593 2751
3 2594 2752 2753
3 2754 2594 2753
3 2595 2594 2754
3 2595 2755 2596
3 2754 2755 2595
3 2597 2596 2755
3 2597 2755 2756
3 2600 2757 2599
3 2599 2757 2758
3 2759 2599 2758
3 2601 2599 2759
3 2601 2760 2602
3 2759 2760 2601
3 2602 2761 2603
3 2760 2761 2602
3 2578 2603 2742
3 2742 2603 2761
3 2744 2762 2581
3 2581 2762 2604
3 2604 2763 2605
3 2762 2763 2604
3 2605 2764 2606
3 2763 2764 2605
3 2606 2765 2607
3 2764 2765 2606
3 2607 2766 2608
3 2765 2766 2607
3 2584 2608 2745
3 2608 2767 2745
3 2608 2766 2767
3 2745 2767 2746
3 2750 2768 2749
3 2749 2768 2589
3 2768 2609 2589
3 2768 2769 2609
3 2609 2770 2610
3 2769 2770 2609
3 2610 2771 2611
3 2770 2771 2610
3 2611 2772 2612
3 2771 2772 2611
3 2612 2773 2613
3 2772 2773 2612
3 2613 2774 2614
3 2773 2774 2613
3 2614 2775 2615
3 2774 2775 2614
3 2592 2615 2751
3 2615 2776 2751
3 2615 2775 2776
3 2751 2776 2752
3 2752 2776 2777
3 2752 2777 2753
3 2756 2778 2597
3 2597 2778 2616
3 2616 2779 2617
3 2778 2779 2616
3 2600 2617 2757
3 2617 2780 2757
3 2617 2779 2780
3 2757 2780 2758
3 2783 2782 2781
3 2618 2619 2781
3 2619 2783 2781
3 2619 2784 2783
3 2785 2619 2620
3 2785 2784 2619
3 2786 2620 2621
3 2786 2785 2620
3 2787 2621 2622
3 2787 2786 2621
3 2788 2622 2623
3 2788 2787 2622
3 2789 2623 2624
3 2789 2788 2623
3 2790 2624 2625
3 2790 2789 2624
3 2791 2625 2626
3 2791 2790 2625
3 2792 2626 2627
3 2792 2791 2626
3 2793 2627 2628
3 2793 2792 2627
3 2794 2628 2629
3 2794 2793 2628
3 2795 2629 2630
3 2795 2794 2629
3 2796 2630 2631
3 2796 2795 2630
3 2797 2631 2633
3 2797 2796 2631
3 2798 2633 2635
3 2798 2797 2633
3 2800 2799 2637
3 2799 2635 2637
3 2799 2798 2635
3 2802 2801 2800
3 2800 2801 2799
3 2804 2803 2802
3 2802 2803 2801
3 2804 2805 2803
3 2807 2806 2639
3 2639 2806 2638
3 2808 2639 2640
3 2808 2807 2639
3 2809 2640 2641
3 2809 2808 2640
3 2642 2781 2782
3 2809 2642 2782
3 2641 2642 2809
3 2781 2642 2618
3 2643 2800 2637
3 2800 2643 2644
3 2800 2644 2802
3 2802 2644 2645
3 2802 2645 2804
3 2810 2805 2804
3 2645 2810 2804
3 2646 2810 2645
3 2811 2646 2647
3 2811 2810 2646
3 2812 2647 2648
3 2812 2811 2647
3 2813 2648 2649
3 2813 2812 2648
3 2814 2649 2650
3 2814 2813 2649
3 2816 2814 2815
3 2814 2651 2815
3 2814 2650 2651
3 2653 2815 2651
3 2819 2818 2817
3 2806 2819 2817
3 2655 2806 2817
3 2638 2806 2655
3 2820 2816 2815
3 2653 2656 2815
3 2656 2821 2815
3 2821 2820 2815
3 2821 2656 2822
3 2822 2823 2821
3 2817 2818 2658
3 2818 2657 2658
3 2818 2824 2657
3 2817 2658 2655
3 2659 2822 2656
3 2659 2661 2822
3 2661 2823 2822
3 2661 2825 2823
3 2828 2827 2826
3 2824 2828 2826
3 2663 2824 2826
3 2657 2824 2663
3 2664 2825 2661
3 2664 2829 2825
3 2830 2666 2667
3 2827 2831 2826
3 2831 2667 2826
3 2667 2668 2826
3 2667 2831 2830
3 2826 2668 2663
3 2669 2829 2664
3 2669 2832 2829
3 2833 2670 2830
3 2830 2670 2666
3 2830 2831 2834
3 2830 2834 2833
3 2835 2832 2669
3 2835 2669 2671
3 2671 2673 2835
3 2835 2673 2836
3 2838 2837 2833
3 2837 2670 2833
3 2837 2674 2670
3 2838 2833 2834
3 2675 2836 2673
3 2675 2839 2836
3 2841 2840 2677
3 2677 2840 2676
3 2677 2674 2837
3 2677 2837 2841
3 2678 2839 2675
3 2678 2842 2839
3 2845 2844 2843
3 2840 2845 2843
3 2679 2840 2843
3 2676 2840 2679
3 2681 2842 2678
3 2681 2846 2842
3 2843 2844 2683
3 2844 2682 2683
3 2844 2847 2682
3 2843 2683 2679
3 2848 2846 2681
3 2848 2681 2684
3 2684 2685 2848
3 2848 2685 2849
3 2847 2686 2682
3 2850 2686 2847
3 2687 2849 2685
3 2687 2851 2849
3 2853 2852 2690
3 2690 2852 2689
3 2690 2686 2850
3 2690 2850 2853
3 2687 2691 2854
3 2855 2687 2854
3 2851 2687 2855
3 2693 2854 2691
3 2694 2689 2856
3 2689 2857 2856
3 2689 2852 2857
3 2856 2695 2694
3 2696 2697 2858
3 2854 2859 2855
3 2859 2854 2860
3 2854 2693 2860
3 2696 2858 2860
3 2696 2860 2693
3 2856 2857 2861
3 2861 2857 2862
3 2861 2698 2695
3 2861 2695 2856
3 2699 2863 2858
3 2699 2858 2697
3 2860 2858 2864
3 2864 2858 2863
3 2861 2862 2865
3 2865 2862 2866
3 2865 2700 2698
3 2865 2698 2861
3 2701 2867 2863
3 2701 2863 2699
3 2864 2863 2868
3 2868 2863 2867
3 2865 2866 2869
3 2869 2866 2870
3 2869 2702 2700
3 2869 2700 2865
3 2703 2871 2867
3 2703 2867 2701
3 2868 2867 2872
3 2872 2867 2871
3 2869 2870 2873
3 2873 2870 2874
3 2873 2704 2702
3 2873 2702 2869
3 2876 2875 2871
3 2703 2876 2871
3 2705 2876 2703
3 2871 2875 2872
3 2873 2874 2877
3 2877 2874 2878
3 2877 2706 2704
3 2877 2704 2873
3 2707 2876 2705
3 2707 2879 2876
3 2877 2878 2880
3 2880 2878 2881
3 2880 2708 2706
3 2880 2706 2877
3 2883 2882 2709
3 2883 2709 2710
3 2707 2709 2879
3 2879 2709 2882
3 2880 2881 2884
3 2884 2881 2885
3 2884 2711 2708
3 2884 2708 2880
3 2712 2883 2710
3 2712 2886 2883
3 2884 2885 2887
3 2887 2885 2888
3 2887 2713 2711
3 2887 2711 2884
3 2714 2886 2712
3 2714 2889 2886
3 2888 2890 2887
3 2713 2887 2890
3 2891 2713 2890
3 2715 2713 2891
3 2716 2889 2714
3 2716 2892 2889
3 2891 2718 2715
3 2893 2718 2891
3 2719 2892 2716
3 2719 2894 2892
3 2893 2895 2718
3 2718 2895 2720
3 2721 2720 2895
3 2721 2895 2896
3 2898 2897 2722
3 2898 2722 2723
3 2719 2722 2894
3 2894 2722 2897
3 2724 2721 2899
3 2721 2900 2899
3 2721 2896 2900
3 2899 2725 2724
3 2726 2898 2723
3 2726 2901 2898
3 2900 2902 2899
3 2725 2899 2902
3 2903 2725 2902
3 2727 2725 2903
3 2728 2901 2726
3 2728 2904 2901
3 2903 2905 2727
3 2727 2905 2729
3 2730 2729 2905
3 2730 2905 2906
3 2731 2904 2728
3 2731 2907 2904
3 2906 2908 2730
3 2730 2908 2732
3 2733 2732 2908
3 2733 2908 2909
3 2734 2907 2731
3 2734 2910 2907
3 2909 2735 2733
3 2911 2735 2909
3 2913 2912 2736
3 2913 2736 2737
3 2734 2736 2910
3 2910 2736 2912
3 2911 2914 2735
3 2735 2914 2738
3 2914 2916 2915
3 2740 2914 2915
3 2738 2914 2740
3 2915 2741 2740
3 2742 2913 2737
3 2742 2917 2913
3 2916 2918 2915
3 2915 2918 2741
3 2918 2743 2741
3 2918 2919 2743
3 2921 2920 2744
3 2743 2921 2744
3 2919 2921 2743
3 2922 2920 2921
3 2746 2923 2747
3 2924 2748 2747
3 2924 2747 2923
3 2924 2750 2748
3 2753 2925 2754
3 2926 2755 2754
3 2926 2754 2925
3 2926 2756 2755
3 2928 2927 2759
3 2928 2759 2758
3 2759 2929 2760
3 2927 2929 2759
3 2760 2930 2761
3 2929 2930 2760
3 2742 2761 2917
3 2917 2761 2930
3 2920 2762 2744
3 2922 2931 2920
3 2931 2762 2920
3 2931 2763 2762
3 2763 2932 2764
3 2931 2932 2763
3 2764 2933 2765
3 2932 2933 2764
3 2765 2934 2766
3 2933 2934 2765
3 2766 2935 2767
3 2934 2935 2766
3 2746 2767 2923
3 2767 2936 2923
3 2767 2935 2936
3 2923 2936 2924
3 2924 2936 2937
3 2924 2937 2750
3 2937 2768 2750
3 2937 2938 2768
3 2768 2939 2769
3 2938 2939 2768
3 2769 2940 2770
3 2939 2940 2769
3 2770 2941 2771
3 2940 2941 2770
3 2771 2942 2772
3 2941 2942 2771
3 2772 2943 2773
3 2942 2943 2772
3 2773 2944 2774
3 2943 2944 2773
3 2774 2945 2775
3 2944 2945 2774
3 2775 2946 2776
3 2945 2946 2775
3 2776 2947 2777
3 2946 2947 2776
3 2753 2777 2925
3 2777 2948 2925
3 2777 2947 2948
3 2925 2948 2926
3 2926 2948 2949
3 2926 2949 2756
3 2949 2778 2756
3 2949 2950 2778
3 2778 2951 2779
3 2950 2951 2778
3 2779 2952 2780
3 2951 2952 2779
3 2758 2780 2928
3 2928 2780 2952
3 2955 2954 2953
3 2957 2956 2953
3 2953 2956 2955
3 2782 2783 2957
3 2783 2956 2957
3 2783 2958 2956
3 2959 2783 2784
3 2959 2958 2783
3 2960 2784 2785
3 2960 2959 2784
3 2961 2785 2786
3 2961 2960 2785
3 2962 2786 2787
3 2962 2961 2786
3 2963 2787 2788
3 2963 2962 2787
3 2964 2788 2789
3 2964 2963 2788
3 2965 2789 2790
3 2965 2964 2789
3 2966 2790 2791
3 2966 2965 2790
3 2967 2791 2792
3 2967 2966 2791
3 2968 2792 2793
3 2968 2967 2792
3 2969 2793 2794
3 2969 2968 2793
3 2970 2794 2795
3 2970 2969 2794
3 2971 2795 2796
3 2971 2970 2795
3 2972 2796 2797
3 2972 2971 2796
3 2973 2797 2798
3 2973 2972 2797
3 2974 2798 2799
3 2974 2973 2798
3 2975 2799 2801
3 2975 2974 2799
3 2976 2801 2803
3 2976 2975 2801
3 2978 2977 2805
3 2977 2803 2805
3 2977 2976 2803
3 2980 2979 2978
3 2978 2979 2977
3 2980 2981 2979
3 2983 2982 2807
3 2807 2982 2806
3 2808 2953 2954
3 2983 2808 2954
3 2807 2808 2983
3 2953 2808 2809
3 2953 2809 2957
3 2957 2809 2782
3 2810 2978 2805
3 2978 2810 2811
3 2978 2811 2980
3 2984 2981 2980
3 2811 2984 2980
3 2812 2984 2811
3 2985 2812 2813
3 2985 2984 2812
3 2986 2813 2814
3 2986 2985 2813
3 2814 2816 2986
3 2986 2816 2987
3 2989 2988 2819
3 2819 2988 2818
3 2819 2806 2982
3 2819 2982 2989
3 2990 2987 2816
3 2990 2816 2820
3 2992 2990 2991
3 2990 2821 2991
3 2990 2820 2821
3 2823 2991 2821
3 2988 2824 2818
3 2993 2824 2988
3 2994 2992 2991
3 2991 2823 2994
3 2823 2995 2994
3 2823 2825 2995
3 2997 2996 2828
3 2828 2996 2827
3 2828 2824 2993
3 2828 2993 2997
3 2829 2995 2825
3 2829 2998 2995
3 2996 2831 2827
3 2999 2831 2996
3 2832 2998 2829
3 2832 3000 2998
3 3003 3002 3001
3 2999 3003 3001
3 2834 2999 3001
3 2831 2999 2834
3 3004 3000 2832
3 3004 2832 2835
3 2835 2836 3004
3 3004 2836 3005
3 3001 3002 2838
3 3002 2837 2838
3 3002 3006 2837
3 3001 2838 2834
3 2839 3005 2836
3 2839 3007 3005
3 3008 2840 2841
3 3009 3008 2841
3 2837 3009 2841
3 3006 3009 2837
3 2842 3007 2839
3 2842 3010 3007
3 3011 2844 2845
3 3012 3011 2845
3 3012 2845 2840
3 3013 3012 2840
3 3008 3013 2840
3 3013 3008 3009
3 2846 3015 3014
3 3010 2846 3014
3 2842 2846 3010
3 3015 3016 3014
3 3018 3017 3011
3 3017 2844 3011
3 3017 2847 2844
3 3018 3011 3012
3 2848 3015 2846
3 2848 2849 3015
3 2849 3016 3015
3 2849 3019 3016
3 3022 3021 3020
3 3017 3022 3020
3 2850 3017 3020
3 2847 3017 2850
3 2851 3019 2849
3 2851 3023 3019
3 3020 3021 2853
3 3021 2852 2853
3 3021 3024 2852
3 3020 2853 2850
3 2855 3023 2851
3 2855 3025 3023
3 3028 3027 3026
3 3024 3028 3026
3 2857 3024 3026
3 2852 3024 2857
3 3029 3025 2855
3 3029 2855 2859
3 2859 2860 3029
3 3029 2860 3030
3 3026 3027 3031
3 3031 3027 3032
3 3031 2862 2857
3 3031 2857 3026
3 2864 3030 2860
3 2864 3033 3030
3 3031 3032 3034
3 3034 3032 3035
3 3034 2866 2862
3 3034 2862 3031
3 2868 3033 2864
3 2868 3036 3033
3 3034 3035 3037
3 3037 3035 3038
3 3037 2870 2866
3 3037 2866 3034
3 2872 3036 2868
3 2872 3039 3036
3 3037 3038 3040
3 3040 3038 3041
3 3040 2874 2870
3 3040 2870 3037
3 3043 3042 2875
3 3043 2875 2876
3 2872 2875 3039
3 3039 2875 3042
3 3041 3044 3040
3 2874 3040 3044
3 3045 2874 3044
3 2878 2874 3045
3 2879 3043 2876
3 2879 3046 3043
3 3045 2881 2878
3 3047 2881 3045
3 2883 3048 2882
3 3048 3049 2882
3 3049 2879 2882
3 3049 3046 2879
3 3047 2885 2881
3 3050 2885 3047
3 2886 3051 3048
3 2886 3048 2883
3 3049 3048 3052
3 3052 3048 3051
3 3050 2888 2885
3 3053 2888 3050
3 3055 3054 3051
3 2886 3055 3051
3 2889 3055 2886
3 3051 3054 3052
3 3053 3056 2888
3 2888 3056 2890
3 2891 2890 3056
3 2891 3056 3057
3 2892 3055 2889
3 2892 3058 3055
3 3057 2893 2891
3 3059 2893 3057
3 3062 3061 3060
3 3061 3058 3060
3 3058 2894 3060
3 3058 2892 2894
3 3059 3063 2893
3 2893 3063 2895
3 2896 2895 3063
3 2896 3063 3064
3 3062 3060 2897
3 2898 3062 2897
3 3065 3062 2898
3 2897 3060 2894
3 3064 2900 2896
3 3066 2900 3064
3 2901 3065 2898
3 2901 3067 3065
3 3066 3068 2900
3 2900 3068 2902
3 2903 2902 3068
3 2903 3068 3069
3 2904 3067 2901
3 2904 3070 3067
3 3069 3071 2903
3 2903 3071 2905
3 2906 2905 3071
3 2906 3071 3072
3 2907 3070 2904
3 2907 3073 3070
3 3072 3074 2906
3 2906 3074 2908
3 2909 2908 3074
3 2909 3074 3075
3 3078 3077 3076
3 3077 3073 3076
3 3073 2910 3076
3 3073 2907 2910
3 3080 2911 3079
3 2911 3075 3079
3 2911 2909 3075
3 3081 3080 3079
3 3078 3076 2912
3 2913 3078 2912
3 3082 3078 2913
3 2912 3076 2910
3 3080 2914 2911
3 2916 2914 3080
3 3081 2916 3080
3 3083 2916 3081
3 2917 3082 2913
3 2917 3084 3082
3 3083 3085 2916
3 2916 3085 2918
3 2918 3086 2919
3 3085 3086 2918
3 3086 3088 3087
3 2921 3086 3087
3 2919 3086 2921
3 3087 2922 2921
3 3090 3089 2927
3 3090 2927 2928
3 2927 3091 2929
3 3089 3091 2927
3 2929 3092 2930
3 3091 3092 2929
3 2917 2930 3084
3 3084 2930 3092
3 3088 3093 3087
3 3087 3093 2922
3 3093 2931 2922
3 3093 3094 2931
3 2931 3095 2932
3 3094 3095 2931
3 2932 3096 2933
3 3095 3096 2932
3 2933 3097 2934
3 3096 3097 2933
3 2934 3098 2935
3 3097 3098 2934
3 2935 3099 2936
3 3098 3099 2935
3 2936 3100 2937
3 3099 3100 2936
3 2937 3101 2938
3 3100 3101 2937
3 2938 3102 2939
3 3101 3102 2938
3 2939 3103 2940
3 3102 3103 2939
3 2940 3104 2941
3 3103 3104 2940
3 2941 3105 2942
3 3104 3105 2941
3 2942 3106 2943
3 3105 3106 2942
3 2943 3107 2944
3 3106 3107 2943
3 2944 3108 2945
3 3107 3108 2944
3 2945 3109 2946
3 3108 3109 2945
3 2946 3110 2947
3 3109 3110 2946
3 2947 3111 2948
3 3110 3111 2947
3 2948 3112 2949
3 3111 3112 2948
3 2949 3113 2950
3 3112 3113 2949
3 2950 3114 2951
3 3113 3114 2950
3 2951 3115 2952
3 3114 3115 2951
3 2928 2952 3090
3 3090 2952 3115
3 3117 3116 2955
3 2955 3116 2954
3 3118 2955 2956
3 3118 3117 2955
3 3119 2956 2958
3 3119 3118 2956
3 3120 2958 2959
3 3120 3119 2958
3 3121 2959 2960
3 3121 3120 2959
3 3122 2960 2961
3 3122 3121 2960
3 3123 2961 2962
3 3123 3122 2961
3 3124 2962 2963
3 3124 3123 2962
3 3125 2963 2964
3 3125 3124 2963
3 3126 2964 2965
3 3126 3125 2964
3 3127 2965 2966
3 3127 3126 2965
3 3128 2966 2967
3 3128 3127 2966
3 3129 2967 2968
3 3129 3128 2967
3 3130 2968 2969
3 3130 3129 2968
3 3131 2969 2970
3 3131 3130 2969
3 3132 2970 2971
3 3132 3131 2970
3 3133 2971 2972
3 3133 3132 2971
3 3134 2972 2973
3 3134 3133 2972
3 3135 2973 2974
3 3135 3134 2973
3 3136 2974 2975
3 3136 3135 2974
3 3137 2975 2976
3 3137 3136 2975
3 3138 2976 2977
3 3138 3137 2976
3 3139 2977 2979
3 3139 3138 2977
3 2979 2981 3139
3 3139 2981 3140
3 3142 3141 2983
3 2983 3141 2982
3 2983 2954 3116
3 2983 3116 3142
3 3143 3140 2981
3 3143 2981 2984
3 3144 2984 2985
3 3144 3143 2984
3 3145 2985 2986
3 3145 3144 2985
3 3147 3146 2987
3 3146 2986 2987
3 3146 3145 2986
3 3147 3148 3146
3 3150 3149 2989
3 2989 3149 2988
3 2989 2982 3141
3 2989 3141 3150
3 2990 3147 2987
3 2990 2992 3147
3 2992 3148 3147
3 2992 3151 3148
3 3149 2993 2988
3 3152 2993 3149
3 3153 3151 2992
3 3153 2992 2994
3 2994 2995 3153
3 3153 2995 3154
3 3156 3155 2997
3 2997 3155 2996
3 2997 2993 3152
3 2997 3152 3156
3 2998 3154 2995
3 2998 3157 3154
3 3155 2999 2996
3 3158 2999 3155
3 3000 3157 2998
3 3000 3159 3157
3 3161 3160 3003
3 3003 3160 3002
3 3003 2999 3158
3 3003 3158 3161
3 3162 3159 3000
3 3162 3000 3004
3 3004 3005 3162
3 3162 3005 3163
3 3160 3006 3002
3 3164 3006 3160
3 3007 3163 3005
3 3007 3165 3163
3 3168 3167 3166
3 3164 3168 3166
3 3009 3164 3166
3 3006 3164 3009
3 3010 3165 3007
3 3010 3169 3165
3 3166 3167 3013
3 3167 3012 3013
3 3167 3170 3012
3 3166 3013 3009
3 3171 3169 3010
3 3171 3010 3014
3 3014 3016 3171
3 3171 3016 3172
3 3174 3173 3018
3 3018 3173 3017
3 3018 3012 3170
3 3018 3170 3174
3 3019 3172 3016
3 3019 3175 3172
3 3176 3021 3022
3 3177 3176 3022
3 3017 3177 3022
3 3173 3177 3017
3 3023 3175 3019
3 3023 3178 3175
3 3179 3024 3176
3 3176 3024 3021
3 3176 3177 3180
3 3176 3180 3179
3 3025 3182 3181
3 3178 3025 3181
3 3023 3025 3178
3 3182 3183 3181
3 3185 3184 3028
3 3028 3184 3027
3 3028 3024 3179
3 3186 3028 3179
3 3185 3028 3186
3 3186 3179 3180
3 3029 3182 3025
3 3029 3030 3182
3 3030 3183 3182
3 3030 3187 3183
3 3184 3032 3027
3 3188 3032 3184
3 3033 3187 3030
3 3033 3189 3187
3 3188 3035 3032
3 3190 3035 3188
3 3036 3189 3033
3 3036 3191 3189
3 3190 3038 3035
3 3192 3038 3190
3 3195 3194 3193
3 3194 3191 3193
3 3191 3039 3193
3 3191 3036 3039
3 3192 3041 3038
3 3196 3041 3192
3 3195 3193 3042
3 3043 3195 3042
3 3197 3195 3043
3 3042 3193 3039
3 3044 3041 3198
3 3041 3199 3198
3 3041 3196 3199
3 3198 3045 3044
3 3046 3197 3043
3 3046 3200 3197
3 3198 3199 3201
3 3201 3199 3202
3 3201 3047 3045
3 3201 3045 3198
3 3049 3200 3046
3 3049 3203 3200
3 3201 3202 3204
3 3204 3202 3205
3 3204 3050 3047
3 3204 3047 3201
3 3052 3203 3049
3 3052 3206 3203
3 3205 3207 3204
3 3050 3204 3207
3 3208 3050 3207
3 3053 3050 3208
3 3210 3209 3054
3 3210 3054 3055
3 3052 3054 3206
3 3206 3054 3209
3 3056 3053 3211
3 3053 3212 3211
3 3053 3208 3212
3 3211 3057 3056
3 3058 3210 3055
3 3058 3213 3210
3 3212 3214 3211
3 3059 3057 3211
3 3215 3059 3211
3 3214 3215 3211
3 3059 3215 3216
3 3217 3216 3215
3 3062 3218 3061
3 3218 3219 3061
3 3219 3058 3061
3 3219 3213 3058
3 3216 3063 3059
3 3064 3063 3216
3 3217 3064 3216
3 3220 3064 3217
3 3222 3221 3218
3 3062 3222 3218
3 3065 3222 3062
3 3218 3221 3219
3 3224 3066 3223
3 3066 3220 3223
3 3066 3064 3220
3 3225 3224 3223
3 3067 3222 3065
3 3067 3226 3222
3 3224 3068 3066
3 3069 3068 3224
3 3225 3069 3224
3 3227 3069 3225
3 3070 3226 3067
3 3070 3228 3226
3 3227 3229 3069
3 3069 3229 3071
3 3072 3071 3229
3 3072 3229 3230
3 3073 3228 3070
3 3073 3231 3228
3 3074 3072 3232
3 3072 3233 3232
3 3072 3230 3233
3 3232 3075 3074
3 3235 3234 3077
3 3235 3077 3078
3 3073 3077 3231
3 3231 3077 3234
3 3233 3236 3232
3 3236 3238 3237
3 3236 3237 3079
3 3232 3236 3079
3 3075 3232 3079
3 3237 3081 3079
3 3082 3235 3078
3 3082 3239 3235
3 3238 3240 3237
3 3081 3237 3240
3 3241 3081 3240
3 3083 3081 3241
3 3084 3239 3082
3 3084 3242 3239
3 3241 3243 3083
3 3083 3243 3085
3 3085 3244 3086
3 3243 3244 3085
3 3088 3086 3244
3 3088 3244 3245
3 3247 3246 3089
3 3247 3089 3090
3 3089 3248 3091
3 3246 3248 3089
3 3091 3249 3092
3 3248 3249 3091
3 3084 3092 3242
3 3242 3092 3249
3 3245 3250 3088
3 3088 3250 3093
3 3093 3251 3094
3 3250 3251 3093
3 3094 3252 3095
3 3251 3252 3094
3 3095 3253 3096
3 3252 3253 3095
3 3096 3254 3097
3 3253 3254 3096
3 3097 3255 3098
3 3254 3255 3097
3 3098 3256 3099
3 3255 3256 3098
3 3099 3257 3100
3 3256 3257 3099
3 3100 3258 3101
3 3257 3258 3100
3 3101 3259 3102
3 3258 3259 3101
3 3102 3260 3103
3 3259 3260 3102
3 3103 3261 3104
3 3260 3261 3103
3 3104 3262 3105
3 3261 3262 3104
3 3105 3263 3106
3 3262 3263 3105
3 3106 3264 3107
3 3263 3264 3106
3 3107 3265 3108
3 3264 3265 3107
3 3108 3266 3109
3 3265 3266 3108
3 3109 3267 3110
3 3266 3267 3109
3 3110 3268 3111
3 3267 3268 3110
3 3111 3269 3112
3 3268 3269 3111
3 3112 3270 3113
3 3269 3270 3112
3 3113 3271 3114
3 3270 3271 3113
3 3114 3272 3115
3 3271 3272 3114
3 3090 3115 3247
3 3247 3115 3272
3 3274 3273 3117
3 3117 3273 3116
3 3275 3117 3118
3 3275 3274 3117
3 3276 3118 3119
3 3276 3275 3118
3 3277 3119 3120
3 3277 3276 3119
3 3278 3120 3121
3 3278 3277 3120
3 3279 3121 3122
3 3279 3278 3121
3 3280 3122 3123
3 3280 3279 3122
3 3281 3123 3124
3 3281 3280 3123
3 3282 3124 3125
3 3282 3281 3124
3 3283 3125 3126
3 3283 3282 3125
3 3284 3126 3127
3 3284 3283 3126
3 3285 3127 3128
3 3285 3284 3127
3 3286 3128 3129
3 3286 3285 3128
3 3287 3129 3130
3 3287 3286 3129
3 3288 3130 3131
3 3288 3287 3130
3 3289 3131 3132
3 3289 3288 3131
3 3290 3132 3133
3 3290 3289 3132
3 3291 3133 3134
3 3291 3290 3133
3 3292 3134 3135
3 3292 3291 3134
3 3293 3135 3136
3 3293 3292 3135
3 3294 3136 3137
3 3294 3293 3136
3 3295 3137 3138
3 3295 3294 3137
3 3296 3138 3139
3 3296 3295 3138
3 3298 3297 3140
3 3297 3139 3140
3 3297 3296 3139
3 3298 3299 3297
3 3301 3300 3142
3 3142 3300 3141
3 3142 3116 3273
3 3142 3273 3301
3 3143 3298 3140
3 3302 3299 3298
3 3143 3302 3298
3 3144 3302 3143
3 3303 3144 3145
3 3303 3302 3144
3 3304 3145 3146
3 3304 3303 3145
3 3146 3148 3304
3 3304 3148 3305
3 3306 3149 3150
3 3307 3306 3150
3 3141 3307 3150
3 3300 3307 3141
3 3151 3305 3148
3 3151 3308 3305
3 3310 3309 3306
3 3309 3149 3306
3 3309 3152 3149
3 3310 3306 3307
3 3151 3153 3311
3 3312 3151 3311
3 3308 3151 3312
3 3154 3311 3153
3 3314 3313 3156
3 3156 3313 3155
3 3156 3152 3309
3 3156 3309 3314
3 3315 3312 3311
3 3311 3154 3315
3 3154 3316 3315
3 3154 3157 3316
3 3313 3158 3155
3 3317 3158 3313
3 3159 3316 3157
3 3159 3318 3316
3 3320 3319 3161
3 3161 3319 3160
3 3161 3158 3317
3 3161 3317 3320
3 3321 3318 3159
3 3321 3159 3162
3 3162 3163 3321
3 3321 3163 3322
3 3319 3164 3160
3 3323 3164 3319
3 3165 3322 3163
3 3165 3324 3322
3 3326 3325 3168
3 3168 3325 3167
3 3168 3164 3323
3 3168 3323 3326
3 3169 3328 3327
3 3324 3169 3327
3 3165 3169 3324
3 3328 3329 3327
3 3325 3170 3167
3 3330 3170 3325
3 3171 3328 3169
3 3171 3172 3328
3 3172 3329 3328
3 3172 3331 3329
3 3333 3332 3174
3 3174 3332 3173
3 3174 3170 3330
3 3174 3330 3333
3 3175 3331 3172
3 3175 3334 3331
3 3332 3177 3173
3 3335 3177 3332
3 3178 3334 3175
3 3178 3336 3334
3 3339 3338 3337
3 3335 3339 3337
3 3180 3335 3337
3 3177 3335 3180
3 3340 3336 3178
3 3340 3178 3181
3 3181 3183 3340
3 3340 3183 3341
3 3342 3184 3185
3 3338 3343 3337
3 3343 3185 3337
3 3185 3186 3337
3 3185 3343 3342
3 3337 3186 3180
3 3187 3341 3183
3 3187 3344 3341
3 3346 3345 3342
3 3345 3184 3342
3 3345 3188 3184
3 3346 3342 3343
3 3189 3344 3187
3 3189 3347 3344
3 3350 3349 3348
3 3345 3350 3348
3 3190 3345 3348
3 3188 3345 3190
3 3191 3347 3189
3 3191 3351 3347
3 3348 3349 3352
3 3352 3349 3353
3 3352 3192 3190
3 3352 3190 3348
3 3355 3354 3194
3 3355 3194 3195
3 3191 3194 3351
3 3351 3194 3354
3 3352 3353 3356
3 3356 3353 3357
3 3356 3196 3192
3 3356 3192 3352
3 3197 3355 3195
3 3197 3358 3355
3 3356 3357 3359
3 3359 3357 3360
3 3359 3199 3196
3 3359 3196 3356
3 3200 3358 3197
3 3200 3361 3358
3 3360 3362 3359
3 3199 3359 3362
3 3363 3199 3362
3 3202 3199 3363
3 3203 3361 3200
3 3203 3364 3361
3 3363 3205 3202
3 3365 3205 3363
3 3206 3364 3203
3 3206 3366 3364
3 3365 3367 3205
3 3205 3367 3207
3 3208 3207 3367
3 3208 3367 3368
3 3370 3369 3209
3 3370 3209 3210
3 3206 3209 3366
3 3366 3209 3369
3 3372 3212 3371
3 3212 3368 3371
3 3212 3208 3368
3 3373 3372 3371
3 3213 3370 3210
3 3213 3374 3370
3 3372 3214 3212
3 3215 3214 3372
3 3375 3215 3372
3 3373 3375 3372
3 3376 3215 3375
3 3376 3217 3215
3 3219 3374 3213
3 3219 3377 3374
3 3375 3378 3376
3 3217 3376 3378
3 3379 3217 3378
3 3220 3217 3379
3 3222 3380 3221
3 3380 3381 3221
3 3381 3219 3221
3 3381 3377 3219
3 3223 3220 3382
3 3220 3383 3382
3 3220 3379 3383
3 3382 3225 3223
3 3226 3384 3380
3 3226 3380 3222
3 3381 3380 3385
3 3385 3380 3384
3 3383 3386 3382
3 3227 3225 3382
3 3387 3227 3382
3 3386 3387 3382
3 3227 3387 3388
3 3389 3388 3387
3 3391 3390 3384
3 3226 3391 3384
3 3228 3391 3226
3 3384 3390 3385
3 3388 3229 3227
3 3230 3229 3388
3 3389 3230 3388
3 3392 3230 3389
3 3395 3394 3393
3 3394 3391 3393
3 3391 3231 3393
3 3391 3228 3231
3 3397 3233 3396
3 3233 3392 3396
3 3233 3230 3392
3 3398 3397 3396
3 3395 3393 3234
3 3235 3395 3234
3 3399 3395 3235
3 3234 3393 3231
3 3397 3236 3233
3 3238 3236 3397
3 3398 3238 3397
3 3400 3238 3398
3 3239 3399 3235
3 3239 3401 3399
3 3400 3402 3238
3 3238 3402 3240
3 3241 3240 3402
3 3241 3402 3403
3 3242 3401 3239
3 3242 3404 3401
3 3403 3405 3241
3 3241 3405 3243
3 3243 3406 3244
3 3405 3406 3243
3 3408 3407 3245
3 3244 3408 3245
3 3406 3408 3244
3 3409 3407 3408
3 3411 3410 3246
3 3411 3246 3247
3 3246 3412 3248
3 3410 3412 3246
3 3248 3413 3249
3 3412 3413 3248
3 3242 3249 3404
3 3404 3249 3413
3 3407 3250 3245
3 3409 3414 3407
3 3414 3250 3407
3 3414 3251 3250
3 3251 3415 3252
3 3414 3415 3251
3 3252 3416 3253
3 3415 3416 3252
3 3253 3417 3254
3 3416 3417 3253
3 3254 3418 3255
3 3417 3418 3254
3 3255 3419 3256
3 3418 3419 3255
3 3256 3420 3257
3 3419 3420 3256
3 3257 3421 3258
3 3420 3421 3257
3 3258 3422 3259
3 3421 3422 3258
3 3259 3423 3260
3 3422 3423 3259
3 3260 3424 3261
3 3423 3424 3260
3 3261 3425 3262
3 3424 3425 3261
3 3262 3426 3263
3 3425 3426 3262
3 3263 3427 3264
3 3426 3427 3263
3 3264 3428 3265
3 3427 3428 3264
3 3265 3429 3266
3 3428 3429 3265
3 3266 3430 3267
3 3429 3430 3266
3 3267 3431 3268
3 3430 3431 3267
3 3268 3432 3269
3 3431 3432 3268
3 3269 3433 3270
3 3432 3433 3269
3 3270 3434 3271
3 3433 3434 3270
3 3271 3435 3272
3 3434 3435 3271
3 3247 3272 3411
3 3411 3272 3435
3 3437 3436 3274
3 3274 3436 3273
3 3438 3274 3275
3 3438 3437 3274
3 3439 3275 3276
3 3439 3438 3275
3 3440 3276 3277
3 3440 3439 3276
3 3441 3277 3278
3 3441 3440 3277
3 3442 3278 3279
3 3442 3441 3278
3 3443 3279 3280
3 3443 3442 3279
3 3444 3280 3281
3 3444 3443 3280
3 3445 3281 3282
3 3445 3444 3281
3 3446 3282 3283
3 3446 3445 3282
3 3447 3283 3284
3 3447 3446 3283
3 3448 3284 3285
3 3448 3447 3284
3 3449 3285 3286
3 3449 3448 3285
3 3450 3286 3287
3 3450 3449 3286
3 3451 3287 3288
3 3451 3450 3287
3 3452 3288 3289
3 3452 3451 3288
3 3453 3289 3290
3 3453 3452 3289
3 3454 3290 3291
3 3454 3453 3290
3 3455 3291 3292
3 3455 3454 3291
3 3456 3292 3293
3 3456 3455 3292
3 3457 3293 3294
3 3457 3456 3293
3 3458 3294 3295
3 3458 3457 3294
3 3459 3295 3296
3 3459 3458 3295
3 3460 3296 3297
3 3460 3459 3296
3 3297 3299 3460
3 3460 3299 3461
3 3463 3462 3301
3 3301 3462 3300
3 3301 3273 3436
3 3301 3436 3463
3 3464 3461 3299
3 3464 3299 3302
3 3465 3302 3303
3 3465 3464 3302
3 3466 3303 3304
3 3466 3465 3303
3 3304 3305 3466
3 3466 3305 3467
3 3470 3469 3468
3 3462 3470 3468
3 3307 3462 3468
3 3300 3462 3307
3 3308 3467 3305
3 3308 3471 3467
3 3468 3469 3310
3 3469 3309 3310
3 3469 3472 3309
3 3468 3310 3307
3 3312 3474 3473
3 3471 3312 3473
3 3308 3312 3471
3 3474 3475 3473
3 3476 3313 3314
3 3477 3476 3314
3 3309 3477 3314
3 3472 3477 3309
3 3315 3474 3312
3 3315 3316 3474
3 3316 3475 3474
3 3316 3478 3475
3 3480 3479 3476
3 3479 3313 3476
3 3479 3317 3313
3 3480 3476 3477
3 3318 3478 3316
3 3318 3481 3478
3 3483 3482 3320
3 3320 3482 3319
3 3320 3317 3479
3 3320 3479 3483
3 3318 3321 3484
3 3485 3318 3484
3 3481 3318 3485
3 3322 3484 3321
3 3488 3487 3486
3 3482 3488 3486
3 3323 3482 3486
3 3319 3482 3323
3 3489 3485 3484
3 3484 3322 3489
3 3322 3490 3489
3 3322 3324 3490
3 3486 3487 3326
3 3487 3325 3326
3 3487 3491 3325
3 3486 3326 3323
3 3324 3327 3492
3 3493 3324 3492
3 3490 3324 3493
3 3329 3492 3327
3 3491 3330 3325
3 3494 3330 3491
3 3495 3493 3492
3 3492 3329 3495
3 3329 3496 3495
3 3329 3331 3496
3 3498 3497 3333
3 3333 3497 3332
3 3333 3330 3494
3 3333 3494 3498
3 3334 3496 3331
3 3334 3499 3496
3 3497 3335 3332
3 3500 3335 3497
3 3336 3499 3334
3 3336 3501 3499
3 3503 3502 3339
3 3339 3502 3338
3 3339 3335 3500
3 3339 3500 3503
3 3504 3501 3336
3 3504 3336 3340
3 3340 3341 3504
3 3504 3341 3505
3 3502 3343 3338
3 3506 3343 3502
3 3344 3505 3341
3 3344 3507 3505
3 3509 3508 3346
3 3346 3508 3345
3 3346 3343 3506
3 3346 3506 3509
3 3347 3507 3344
3 3347 3510 3507
3 3511 3349 3350
3 3512 3511 3350
3 3345 3512 3350
3 3508 3512 3345
3 3351 3510 3347
3 3351 3513 3510
3 3515 3514 3511
3 3514 3349 3511
3 3514 3353 3349
3 3515 3511 3512
3 3517 3516 3354
3 3517 3354 3355
3 3351 3354 3513
3 3513 3354 3516
3 3514 3357 3353
3 3518 3357 3514
3 3358 3517 3355
3 3358 3519 3517
3 3518 3360 3357
3 3520 3360 3518
3 3361 3519 3358
3 3361 3521 3519
3 3520 3522 3360
3 3360 3522 3362
3 3363 3362 3522
3 3363 3522 3523
3 3364 3521 3361
3 3364 3524 3521
3 3526 3365 3525
3 3365 3523 3525
3 3365 3363 3523
3 3527 3526 3525
3 3366 3524 3364
3 3366 3528 3524
3 3526 3367 3365
3 3368 3367 3526
3 3527 3368 3526
3 3529 3368 3527
3 3531 3530 3369
3 3531 3369 3370
3 3366 3369 3528
3 3528 3369 3530
3 3529 3532 3368
3 3368 3532 3371
3 3373 3371 3532
3 3373 3532 3533
3 3374 3531 3370
3 3374 3534 3531
3 3533 3375 3373
3 3535 3375 3533
3 3377 3534 3374
3 3377 3536 3534
3 3535 3537 3375
3 3375 3537 3378
3 3379 3378 3537
3 3379 3537 3538
3 3381 3536 3377
3 3381 3539 3536
3 3538 3383 3379
3 3540 3383 3538
3 3385 3539 3381
3 3385 3541 3539
3 3540 3542 3383
3 3383 3542 3386
3 3542 3544 3543
3 3387 3542 3543
3 3386 3542 3387
3 3543 3389 3387
3 3546 3545 3390
3 3546 3390 3391
3 3385 3390 3541
3 3541 3390 3545
3 3544 3547 3543
3 3389 3543 3547
3 3548 3389 3547
3 3392 3389 3548
3 3395 3549 3394
3 3549 3550 3394
3 3550 3391 3394
3 3550 3546 3391
3 3548 3551 3392
3 3392 3551 3396
3 3398 3396 3551
3 3398 3551 3552
3 3399 3553 3549
3 3399 3549 3395
3 3550 3549 3554
3 3554 3549 3553
3 3552 3400 3398
3 3555 3400 3552
3 3557 3556 3553
3 3399 3557 3553
3 3401 3557 3399
3 3553 3556 3554
3 3555 3558 3400
3 3400 3558 3402
3 3560 3559 3403
3 3402 3560 3403
3 3558 3560 3402
3 3561 3559 3560
3 3404 3557 3401
3 3404 3562 3557
3 3559 3405 3403
3 3561 3563 3559
3 3563 3405 3559
3 3563 3406 3405
3 3406 3564 3408
3 3563 3564 3406
3 3409 3408 3564
3 3409 3564 3565
3 3567 3566 3410
3 3567 3410 3411
3 3410 3568 3412
3 3566 3568 3410
3 3412 3569 3413
3 3568 3569 3412
3 3404 3413 3562
3 3562 3413 3569
3 3565 3570 3409
3 3409 3570 3414
3 3414 3571 3415
3 3570 3571 3414
3 3415 3572 3416
3 3571 3572 3415
3 3416 3573 3417
3 3572 3573 3416
3 3417 3574 3418
3 3573 3574 3417
3 3418 3575 3419
3 3574 3575 3418
3 3419 3576 3420
3 3575 3576 3419
3 3420 3577 3421
3 3576 3577 3420
3 3421 3578 3422
3 3577 3578 3421
3 3422 3579 3423
3 3578 3579 3422
3 3423 3580 3424
3 3579 3580 3423
3 3424 3581 3425
3 3580 3581 3424
3 3425 3582 3426
3 3581 3582 3425
3 3426 3583 3427
3 3582 3583 3426
3 3427 3584 3428
3 3583 3584 3427
3 3428 3585 3429
3 3584 3585 3428
3 3429 3586 3430
3 3585 3586 3429
3 3430 3587 3431
3 3586 3587 3430
3 3431 3588 3432
3 3587 3588 3431
3 3432 3589 3433
3 3588 3589 3432
3 3433 3590 3434
3 3589 3590 3433
3 3434 3591 3435
3 3590 3591 3434
3 3411 3435 3567
3 3567 3435 3591
3 3592 3436 3437
3 3592 3437 3593
3 3437 3594 3593
3 3437 3438 3594
3 3595 3438 3439
3 3595 3594 3438
3 3596 3439 3440
3 3596 3595 3439
3 3597 3440 3441
3 3597 3596 3440
3 3598 3441 3442
3 3598 3597 3441
3 3599 3442 3443
3 3599 3598 3442
3 3600 3443 3444
3 3600 3599 3443
3 3601 3444 3445
3 3601 3600 3444
3 3602 3445 3446
3 3602 3601 3445
3 3603 3446 3447
3 3603 3602 3446
3 3604 3447 3448
3 3604 3603 3447
3 3605 3448 3449
3 3605 3604 3448
3 3606 3449 3450
3 3606 3605 3449
3 3607 3450 3451
3 3607 3606 3450
3 3608 3451 3452
3 3608 3607 3451
3 3609 3452 3453
3 3609 3608 3452
3 3610 3453 3454
3 3610 3609 3453
3 3611 3454 3455
3 3611 3610 3454
3 3612 3455 3456
3 3612 3611 3455
3 3613 3456 3457
3 3613 3612 3456
3 3614 3457 3458
3 3614 3613 3457
3 3615 3458 3459
3 3615 3614 3458
3 3616 3459 3460
3 3616 3615 3459
3 3460 3461 3616
3 3616 3461 3617
3 3619 3618 3463
3 3463 3618 3462
3 3463 3436 3592
3 3620 3463 3592
3 3619 3463 3620
3 3620 3592 3593
3 3621 3617 3461
3 3621 3461 3464
3 3622 3464 3465
3 3622 3621 3464
3 3623 3465 3466
3 3623 3622 3465
3 3466 3467 3623
3 3623 3467 3624
3 3626 3625 3470
3 3470 3625 3469
3 3470 3462 3618
3 3470 3618 3626
3 3471 3624 3467
3 3471 3627 3624
3 3625 3472 3469
3 3628 3472 3625
3 3629 3627 3471
3 3629 3471 3473
3 3473 3475 3629
3 3629 3475 3630
3 3633 3632 3631
3 3628 3633 3631
3 3477 3628 3631
3 3472 3628 3477
3 3478 3630 3475
3 3478 3634 3630
3 3631 3632 3480
3 3632 3479 3480
3 3632 3635 3479
3 3631 3480 3477
3 3481 3634 3478
3 3481 3636 3634
3 3638 3637 3483
3 3483 3637 3482
3 3483 3479 3635
3 3483 3635 3638
3 3485 3636 3481
3 3485 3639 3636
3 3640 3487 3488
3 3641 3640 3488
3 3482 3641 3488
3 3637 3641 3482
3 3642 3639 3485
3 3642 3485 3489
3 3489 3490 3642
3 3642 3490 3643
3 3644 3491 3640
3 3640 3491 3487
3 3640 3641 3645
3 3640 3645 3644
3 3493 3643 3490
3 3493 3646 3643
3 3649 3648 3647
3 3650 3649 3644
3 3649 3494 3644
3 3494 3491 3644
3 3649 3647 3494
3 3650 3644 3645
3 3651 3646 3493
3 3651 3493 3495
3 3495 3496 3651
3 3651 3496 3652
3 3647 3648 3498
3 3648 3497 3498
3 3648 3653 3497
3 3647 3498 3494
3 3499 3652 3496
3 3499 3654 3652
3 3657 3656 3655
3 3653 3657 3655
3 3500 3653 3655
3 3497 3653 3500
3 3501 3654 3499
3 3501 3658 3654
3 3655 3656 3503
3 3656 3502 3503
3 3656 3659 3502
3 3655 3503 3500
3 3501 3504 3660
3 3661 3501 3660
3 3658 3501 3661
3 3505 3660 3504
3 3659 3506 3502
3 3662 3506 3659
3 3661 3660 3663
3 3661 3663 3664
3 3507 3663 3505
3 3505 3663 3660
3 3666 3665 3509
3 3509 3665 3508
3 3509 3506 3662
3 3509 3662 3666
3 3664 3663 3667
3 3664 3667 3668
3 3510 3667 3507
3 3507 3667 3663
3 3665 3512 3508
3 3669 3512 3665
3 3668 3667 3670
3 3668 3670 3671
3 3513 3670 3510
3 3510 3670 3667
3 3673 3672 3515
3 3515 3672 3514
3 3515 3512 3669
3 3515 3669 3673
3 3671 3670 3516
3 3517 3671 3516
3 3674 3671 3517
3 3516 3670 3513
3 3672 3518 3514
3 3675 3518 3672
3 3519 3674 3517
3 3519 3676 3674
3 3675 3520 3518
3 3677 3520 3675
3 3521 3676 3519
3 3521 3678 3676
3 3522 3520 3679
3 3520 3680 3679
3 3520 3677 3680
3 3679 3523 3522
3 3524 3678 3521
3 3524 3681 3678
3 3680 3682 3679
3 3682 3684 3683
3 3682 3683 3525
3 3679 3682 3525
3 3523 3679 3525
3 3683 3527 3525
3 3687 3686 3685
3 3686 3681 3685
3 3681 3528 3685
3 3681 3524 3528
3 3684 3688 3683
3 3527 3683 3688
3 3689 3527 3688
3 3529 3527 3689
3 3687 3685 3530
3 3531 3687 3530
3 3690 3687 3531
3 3530 3685 3528
3 3689 3691 3529
3 3529 3691 3532
3 3533 3532 3691
3 3533 3691 3692
3 3534 3690 3531
3 3534 3693 3690
3 3692 3535 3533
3 3694 3535 3692
3 3536 3693 3534
3 3536 3695 3693
3 3694 3696 3535
3 3535 3696 3537
3 3538 3537 3696
3 3538 3696 3697
3 3539 3695 3536
3 3539 3698 3695
3 3700 3540 3699
3 3540 3697 3699
3 3540 3538 3697
3 3701 3700 3699
3 3704 3703 3702
3 3703 3698 3702
3 3698 3541 3702
3 3698 3539 3541
3 3700 3542 3540
3 3544 3542 3700
3 3701 3544 3700
3 3705 3544 3701
3 3704 3702 3545
3 3546 3704 3545
3 3706 3704 3546
3 3545 3702 3541
3 3705 3707 3544
3 3544 3707 3547
3 3548 3547 3707
3 3548 3707 3708
3 3550 3706 3546
3 3550 3709 3706
3 3551 3548 3710
3 3548 3711 3710
3 3548 3708 3711
3 3710 3552 3551
3 3554 3709 3550
3 3554 3712 3709
3 3711 3713 3710
3 3552 3710 3713
3 3714 3552 3713
3 3555 3552 3714
3 3557 3715 3556
3 3715 3716 3556
3 3716 3554 3556
3 3716 3712 3554
3 3714 3717 3555
3 3555 3717 3558
3 3717 3719 3718
3 3560 3717 3718
3 3558 3717 3560
3 3718 3561 3560
3 3722 3721 3720
3 3721 3723 3715
3 3562 3721 3715
3 3557 3562 3715
3 3720 3721 3562
3 3715 3723 3716
3 3719 3724 3718
3 3718 3724 3561
3 3724 3563 3561
3 3724 3725 3563
3 3725 3727 3726
3 3564 3725 3726
3 3563 3725 3564
3 3726 3565 3564
3 3729 3728 3566
3 3729 3566 3567
3 3566 3730 3568
3 3728 3730 3566
3 3720 3569 3722
3 3569 3730 3722
3 3569 3568 3730
3 3569 3720 3562
3 3727 3731 3726
3 3726 3731 3565
3 3731 3570 3565
3 3731 3732 3570
3 3570 3733 3571
3 3732 3733 3570
3 3571 3734 3572
3 3733 3734 3571
3 3572 3735 3573
3 3734 3735 3572
3 3573 3736 3574
3 3735 3736 3573
3 3574 3737 3575
3 3736 3737 3574
3 3575 3738 3576
3 3737 3738 3575
3 3576 3739 3577
3 3738 3739 3576
3 3577 3740 3578
3 3739 3740 3577
3 3578 3741 3579
3 3740 3741 3578
3 3579 3742 3580
3 3741 3742 3579
3 3580 3743 3581
3 3742 3743 3580
3 3581 3744 3582
3 3743 3744 3581
3 3582 3745 3583
3 3744 3745 3582
3 3583 3746 3584
3 3745 3746 3583
3 3584 3747 3585
3 3746 3747 3584
3 3585 3748 3586
3 3747 3748 3585
3 3586 3749 3587
3 3748 3749 3586
3 3587 3750 3588
3 3749 3750 3587
3 3588 3751 3589
3 3750 3751 3588
3 3589 3752 3590
3 3751 3752 3589
3 3590 3753 3591
3 3752 3753 3590
3 3567 3591 3729
3 3729 3591 3753
3 3756 3755 3754
3 3593 3594 3754
3 3594 3756 3754
3 3594 3757 3756
3 3758 3594 3595
3 3758 3757 3594
3 3759 3595 3596
3 3759 3758 3595
3 3761 3759 3760
3 3759 3597 3760
3 3759 3596 3597
3 3598 3762 3597
3 3597 3762 3760
3 3762 3598 3763
3 3598 3764 3763
3 3598 3599 3764
3 3765 3599 3600
3 3765 3764 3599
3 3766 3600 3601
3 3766 3765 3600
3 3767 3601 3602
3 3767 3766 3601
3 3768 3602 3603
3 3768 3767 3602
3 3769 3603 3604
3 3769 3768 3603
3 3770 3604 3605
3 3770 3769 3604
3 3771 3605 3606
3 3771 3770 3605
3 3772 3606 3607
3 3772 3771 3606
3 3773 3607 3608
3 3773 3772 3607
3 3774 3608 3609
3 3774 3773 3608
3 3775 3609 3610
3 3775 3774 3609
3 3776 3610 3611
3 3776 3775 3610
3 3777 3611 3612
3 3777 3776 3611
3 3778 3612 3613
3 3778 3777 3612
3 3779 3613 3614
3 3779 3778 3613
3 3781 3779 3780
3 3779 3615 3780
3 3779 3614 3615
3 3616 3782 3615
3 3615 3782 3780
3 3617 3782 3616
3 3784 3783 3619
3 3619 3783 3618
3 3620 3754 3755
3 3784 3620 3755
3 3619 3620 3784
3 3754 3620 3593
3 3785 3761 3760
3 3785 3760 3762
3 3785 3762 3786
3 3786 3762 3763
3 3787 3781 3780
3 3787 3780 3782
3 3787 3782 3788
3 3788 3782 3617
3 3621 3788 3617
3 3789 3788 3621
3 3790 3621 3622
3 3790 3789 3621
3 3791 3622 3623
3 3791 3790 3622
3 3623 3624 3791
3 3791 3624 3792
3 3794 3793 3626
3 3626 3793 3625
3 3626 3618 3783
3 3626 3783 3794
3 3627 3792 3624
3 3627 3795 3792
3 3793 3628 3625
3 3796 3628 3793
3 3797 3795 3627
3 3797 3627 3629
3 3629 3630 3797
3 3797 3630 3798
3 3800 3799 3633
3 3633 3799 3632
3 3633 3628 3796
3 3633 3796 3800
3 3634 3798 3630
3 3634 3801 3798
3 3799 3635 3632
3 3802 3635 3799
3 3636 3801 3634
3 3636 3803 3801
3 3805 3804 3638
3 3638 3804 3637
3 3638 3635 3802
3 3638 3802 3805
3 3639 3807 3806
3 3803 3639 3806
3 3636 3639 3803
3 3807 3808 3806
3 3804 3641 3637
3 3809 3641 3804
3 3642 3807 3639
3 3642 3643 3807
3 3643 3808 3807
3 3643 3810 3808
3 3813 3812 3811
3 3809 3813 3811
3 3645 3809 3811
3 3641 3809 3645
3 3646 3810 3643
3 3646 3814 3810
3 3815 3648 3649
3 3812 3816 3811
3 3816 3649 3811
3 3649 3650 3811
3 3649 3816 3815
3 3811 3650 3645
3 3646 3651 3817
3 3818 3646 3817
3 3814 3646 3818
3 3652 3817 3651
3 3819 3653 3815
3 3815 3653 3648
3 3815 3816 3820
3 3815 3820 3819
3 3821 3818 3817
3 3817 3652 3821
3 3652 3822 3821
3 3652 3654 3822
3 3824 3823 3657
3 3657 3823 3656
3 3657 3653 3819
3 3825 3657 3819
3 3824 3657 3825
3 3825 3819 3820
3 3658 3822 3654
3 3658 3826 3822
3 3823 3659 3656
3 3827 3659 3823
3 3661 3826 3658
3 3661 3828 3826
3 3831 3830 3829
3 3827 3831 3829
3 3662 3827 3829
3 3659 3827 3662
3 3664 3828 3661
3 3664 3832 3828
3 3829 3830 3666
3 3830 3665 3666
3 3830 3833 3665
3 3829 3666 3662
3 3668 3832 3664
3 3668 3834 3832
3 3837 3836 3835
3 3833 3837 3835
3 3669 3833 3835
3 3665 3833 3669
3 3671 3834 3668
3 3671 3838 3834
3 3835 3836 3673
3 3836 3672 3673
3 3836 3839 3672
3 3835 3673 3669
3 3674 3838 3671
3 3674 3840 3838
3 3839 3675 3672
3 3841 3675 3839
3 3676 3840 3674
3 3676 3842 3840
3 3841 3677 3675
3 3843 3677 3841
3 3678 3842 3676
3 3678 3844 3842
3 3846 3680 3845
3 3680 3843 3845
3 3680 3677 3843
3 3847 3846 3845
3 3681 3844 3678
3 3681 3848 3844
3 3846 3682 3680
3 3684 3682 3846
3 3847 3684 3846
3 3849 3684 3847
3 3851 3850 3686
3 3851 3686 3687
3 3681 3686 3848
3 3848 3686 3850
3 3849 3852 3684
3 3684 3852 3688
3 3689 3688 3852
3 3689 3852 3853
3 3690 3851 3687
3 3690 3854 3851
3 3853 3855 3689
3 3689 3855 3691
3 3692 3691 3855
3 3692 3855 3856
3 3693 3854 3690
3 3693 3857 3854
3 3856 3694 3692
3 3858 3694 3856
3 3695 3857 3693
3 3695 3859 3857
3 3858 3860 3694
3 3694 3860 3696
3 3697 3696 3860
3 3697 3860 3861
3 3698 3859 3695
3 3698 3862 3859
3 3861 3863 3697
3 3697 3863 3699
3 3701 3699 3863
3 3701 3863 3864
3 3866 3865 3703
3 3866 3703 3704
3 3698 3703 3862
3 3862 3703 3865
3 3864 3705 3701
3 3867 3705 3864
3 3706 3866 3704
3 3706 3868 3866
3 3867 3869 3705
3 3705 3869 3707
3 3708 3707 3869
3 3708 3869 3870
3 3709 3868 3706
3 3709 3871 3868
3 3873 3711 3872
3 3711 3870 3872
3 3711 3708 3870
3 3874 3873 3872
3 3712 3871 3709
3 3712 3875 3871
3 3873 3713 3711
3 3714 3713 3873
3 3874 3714 3873
3 3876 3714 3874
3 3716 3875 3712
3 3716 3877 3875
3 3876 3878 3714
3 3714 3878 3717
3 3719 3717 3878
3 3719 3878 3879
3 3881 3880 3721
3 3881 3721 3722
3 3721 3882 3723
3 3880 3882 3721
3 3716 3723 3877
3 3877 3723 3882
3 3879 3883 3719
3 3719 3883 3724
3 3724 3884 3725
3 3883 3884 3724
3 3727 3725 3884
3 3727 3884 3885
3 3887 3886 3728
3 3887 3728 3729
3 3728 3888 3730
3 3886 3888 3728
3 3722 3730 3881
3 3881 3730 3888
3 3885 3889 3727
3 3727 3889 3731
3 3731 3890 3732
3 3889 3890 3731
3 3732 3891 3733
3 3890 3891 3732
3 3733 3892 3734
3 3891 3892 3733
3 3734 3893 3735
3 3892 3893 3734
3 3735 3894 3736
3 3893 3894 3735
3 3736 3895 3737
3 3894 3895 3736
3 3737 3896 3738
3 3895 3896 3737
3 3738 3897 3739
3 3896 3897 3738
3 3739 3898 3740
3 3897 3898 3739
3 3740 3899 3741
3 3898 3899 3740
3 3741 3900 3742
3 3899 3900 3741
3 3900 3902 3901
3 3743 3900 3901
3 3742 3900 3743
3 3743 3901 3903
3 3904 3743 3903
3 3744 3743 3904
3 3744 3905 3745
3 3904 3905 3744
3 3745 3906 3746
3 3905 3906 3745
3 3746 3907 3747
3 3906 3907 3746
3 3747 3908 3748
3 3907 3908 3747
3 3748 3909 3749
3 3908 3909 3748
3 3749 3910 3750
3 3909 3910 3749
3 3750 3911 3751
3 3910 3911 3750
3 3751 3912 3752
3 3911 3912 3751
3 3752 3913 3753
3 3912 3913 3752
3 3729 3753 3887
3 3887 3753 3913
3 3902 3914 3901
3 3901 3914 3903
3 3915 3755 3756
3 3757 3916 3756
3 3756 3916 3915
3 3758 3917 3757
3 3757 3917 3916
3 3759 3918 3758
3 3758 3918 3917
3 3761 3918 3759
3 3919 3763 3764
3 3919 3764 3920
3 3764 3921 3920
3 3764 3765 3921
3 3922 3765 3766
3 3922 3921 3765
3 3923 3766 3767
3 3923 3922 3766
3 3924 3767 3768
3 3924 3923 3767
3 3925 3768 3769
3 3925 3924 3768
3 3926 3769 3770
3 3926 3925 3769
3 3927 3770 3771
3 3927 3926 3770
3 3928 3771 3772
3 3928 3927 3771
3 3929 3772 3773
3 3929 3928 3772
3 3930 3773 3774
3 3930 3929 3773
3 3931 3774 3775
3 3931 3930 3774
3 3932 3775 3776
3 3932 3931 3775
3 3934 3932 3933
3 3932 3777 3933
3 3932 3776 3777
3 3778 3935 3777
3 3777 3935 3933
3 3779 3936 3778
3 3778 3936 3935
3 3781 3936 3779
3 3938 3937 3784
3 3784 3937 3783
3 3784 3755 3915
3 3939 3784 3915
3 3938 3784 3939
3 3939 3915 3916
3 3939 3916 3940
3 3940 3916 3917
3 3940 3917 3941
3 3941 3917 3918
3 3941 3918 3942
3 3942 3918 3761
3 3785 3942 3761
3 3943 3942 3785
3 3944 3785 3786
3 3944 3943 3785
3 3786 3763 3919
3 3945 3786 3919
3 3944 3786 3945
3 3945 3919 3920
3 3946 3934 3933
3 3946 3933 3935
3 3946 3935 3947
3 3947 3935 3936
3 3947 3936 3948
3 3948 3936 3781
3 3787 3948 3781
3 3949 3948 3787
3 3950 3787 3788
3 3950 3949 3787
3 3951 3788 3789
3 3951 3950 3788
3 3952 3789 3790
3 3952 3951 3789
3 3953 3790 3791
3 3953 3952 3790
3 3791 3792 3953
3 3953 3792 3954
3 3955 3793 3794
3 3956 3955 3794
3 3783 3956 3794
3 3937 3956 3783
3 3795 3954 3792
3 3795 3957 3954
3 3960 3959 3958
3 3961 3960 3955
3 3960 3796 3955
3 3796 3793 3955
3 3960 3958 3796
3 3961 3955 3956
3 3962 3957 3795
3 3962 3795 3797
3 3797 3798 3962
3 3962 3798 3963
3 3958 3959 3800
3 3959 3799 3800
3 3959 3964 3799
3 3958 3800 3796
3 3801 3963 3798
3 3801 3965 3963
3 3964 3802 3799
3 3966 3802 3964
3 3803 3965 3801
3 3803 3967 3965
3 3969 3968 3805
3 3805 3968 3804
3 3805 3802 3966
3 3805 3966 3969
3 3970 3967 3803
3 3970 3803 3806
3 3806 3808 3970
3 3970 3808 3971
3 3968 3809 3804
3 3972 3809 3968
3 3810 3971 3808
3 3810 3973 3971
3 3975 3974 3813
3 3813 3974 3812
3 3813 3809 3972
3 3813 3972 3975
3 3814 3973 3810
3 3814 3976 3973
3 3974 3816 3812
3 3977 3816 3974
3 3818 3976 3814
3 3818 3978 3976
3 3981 3980 3979
3 3977 3981 3979
3 3820 3977 3979
3 3816 3977 3820
3 3982 3978 3818
3 3982 3818 3821
3 3821 3822 3982
3 3982 3822 3983
3 3984 3823 3824
3 3980 3985 3979
3 3985 3824 3979
3 3824 3825 3979
3 3824 3985 3984
3 3979 3825 3820
3 3826 3983 3822
3 3826 3986 3983
3 3988 3987 3984
3 3987 3823 3984
3 3987 3827 3823
3 3988 3984 3985
3 3828 3986 3826
3 3828 3989 3986
3 3990 3830 3831
3 3991 3990 3831
3 3827 3991 3831
3 3987 3991 3827
3 3832 3989 3828
3 3832 3992 3989
3 3994 3993 3990
3 3993 3830 3990
3 3993 3833 3830
3 3994 3990 3991
3 3834 3992 3832
3 3834 3995 3992
3 3997 3996 3837
3 3837 3996 3836
3 3837 3833 3993
3 3837 3993 3997
3 3838 3995 3834
3 3838 3998 3995
3 3996 3839 3836
3 3999 3839 3996
3 3840 3998 3838
3 3840 4000 3998
3 4002 3841 4001
3 3841 3999 4001
3 3841 3839 3999
3 4003 4002 4001
3 3842 4000 3840
3 3842 4004 4000
3 4006 4005 4002
3 4005 3841 4002
3 4005 3843 3841
3 4006 4002 4003
3 3844 4004 3842
3 3844 4007 4004
3 4005 4008 3843
3 3843 4008 3845
3 3847 3845 4008
3 3847 4008 4009
3 4012 4011 4010
3 4011 4007 4010
3 4007 3848 4010
3 4007 3844 3848
3 4009 3849 3847
3 4013 3849 4009
3 4012 4010 3850
3 3851 4012 3850
3 4014 4012 3851
3 3850 4010 3848
3 4013 4015 3849
3 3849 4015 3852
3 3853 3852 4015
3 3853 4015 4016
3 3854 4014 3851
3 3854 4017 4014
3 4016 4018 3853
3 3853 4018 3855
3 3856 3855 4018
3 3856 4018 4019
3 3857 4017 3854
3 3857 4020 4017
3 4019 3858 3856
3 4021 3858 4019
3 3859 4020 3857
3 3859 4022 4020
3 4021 4023 3858
3 3858 4023 3860
3 3861 3860 4023
3 3861 4023 4024
3 4027 4026 4025
3 4026 4022 4025
3 4022 3862 4025
3 4022 3859 3862
3 3863 3861 4028
3 3861 4029 4028
3 3861 4024 4029
3 4028 3864 3863
3 4027 4025 3865
3 3866 4027 3865
3 4030 4027 3866
3 3865 4025 3862
3 4029 4031 4028
3 3864 4028 4031
3 4032 3864 4031
3 3867 3864 4032
3 3868 4030 3866
3 3868 4033 4030
3 4032 4034 3867
3 3867 4034 3869
3 3870 3869 4034
3 3870 4034 4035
3 3871 4033 3868
3 3871 4036 4033
3 4035 4037 3870
3 3870 4037 3872
3 3874 3872 4037
3 3874 4037 4038
3 3875 4036 3871
3 3875 4039 4036
3 4038 3876 3874
3 4040 3876 4038
3 4043 4042 4041
3 4042 4039 4041
3 4039 3877 4041
3 4039 3875 3877
3 4040 4044 3876
3 3876 4044 3878
3 3879 3878 4044
3 3879 4044 4045
3 3881 4046 3880
3 4047 4043 4041
3 3880 4047 4041
3 3882 3880 4041
3 4047 3880 4046
3 3882 4041 3877
3 4045 4048 3879
3 3879 4048 3883
3 3883 4049 3884
3 4048 4049 3883
3 3885 3884 4049
3 3885 4049 4050
3 3887 4051 3886
3 3886 4051 4052
3 4053 3886 4052
3 3888 3886 4053
3 3881 3888 4046
3 3888 4054 4046
3 3888 4053 4054
3 4046 4054 4047
3 4050 4055 3885
3 3885 4055 3889
3 3889 4056 3890
3 4055 4056 3889
3 3890 4057 3891
3 4056 4057 3890
3 3891 4058 3892
3 4057 4058 3891
3 3892 4059 3893
3 4058 4059 3892
3 3893 4060 3894
3 4059 4060 3893
3 3894 4061 3895
3 4060 4061 3894
3 3895 4062 3896
3 4061 4062 3895
3 3896 4063 3897
3 4062 4063 3896
3 3897 4064 3898
3 4063 4064 3897
3 3898 4065 3899
3 4064 4065 3898
3 3899 4066 3900
3 4065 4066 3899
3 4068 4067 3902
3 3900 4068 3902
3 4066 4068 3900
3 3904 3903 4067
3 4068 3904 4067
3 4069 3904 4068
3 3904 4070 3905
3 4069 4070 3904
3 3905 4071 3906
3 4070 4071 3905
3 3906 4072 3907
3 4071 4072 3906
3 3907 4073 3908
3 4072 4073 3907
3 3908 4074 3909
3 4073 4074 3908
3 3909 4075 3910
3 4074 4075 3909
3 3910 4076 3911
3 4075 4076 3910
3 3911 4077 3912
3 4076 4077 3911
3 3912 4078 3913
3 4077 4078 3912
3 3887 3913 4051
3 3913 4079 4051
3 3913 4078 4079
3 4051 4079 4052
3 4067 3914 3902
3 3914 4067 3903
3 4081 4080 3921
3 3921 4080 3920
3 4082 3921 3922
3 4082 4081 3921
3 4083 3922 3923
3 4083 4082 3922
3 4084 3923 3924
3 4084 4083 3923
3 4085 3924 3925
3 4085 4084 3924
3 4086 3925 3926
3 4086 4085 3925
3 4087 3926 3927
3 4087 4086 3926
3 4088 3927 3928
3 4088 4087 3927
3 4089 3928 3929
3 4089 4088 3928
3 4090 3929 3930
3 4090 4089 3929
3 4092 4090 4091
3 4090 3931 4091
3 4090 3930 3931
3 3932 4093 3931
3 3931 4093 4091
3 3934 4093 3932
3 4095 4094 3938
3 3938 4094 3937
3 4096 3938 3939
3 4096 4095 3938
3 4097 3939 3940
3 4097 4096 3939
3 4098 3940 3941
3 4098 4097 3940
3 4099 3941 3942
3 4099 4098 3941
3 4100 3942 3943
3 4100 4099 3942
3 4101 3943 3944
3 4101 4100 3943
3 4102 3944 3945
3 4102 4101 3944
3 3945 3920 4080
3 3945 4080 4102
3 4103 4092 4091
3 4103 4091 4093
3 4103 4093 4104
3 4104 4093 3934
3 3946 4104 3934
3 4105 4104 3946
3 4106 3946 3947
3 4106 4105 3946
3 4107 3947 3948
3 4107 4106 3947
3 4108 3948 3949
3 4108 4107 3948
3 4109 3949 3950
3 4109 4108 3949
3 4110 3950 3951
3 4110 4109 3950
3 4111 3951 3952
3 4111 4110 3951
3 4112 3952 3953
3 4112 4111 3952
3 3953 3954 4112
3 4112 3954 4113
3 4094 3956 3937
3 4114 3956 4094
3 3957 4113 3954
3 3957 4115 4113
3 4116 3959 3960
3 4116 3960 4117
3 3960 4118 4117
3 3960 3961 4118
3 3961 3956 4114
3 3961 4114 4118
3 4119 4115 3957
3 4119 3957 3962
3 3962 3963 4119
3 4119 3963 4120
3 4121 3964 4116
3 4116 3964 3959
3 4116 4117 4122
3 4116 4122 4121
3 3965 4120 3963
3 3965 4123 4120
3 4126 4125 4124
3 4127 4126 4121
3 4126 3966 4121
3 3966 3964 4121
3 4126 4124 3966
3 4127 4121 4122
3 3967 4123 3965
3 3967 4128 4123
3 4124 4125 3969
3 4125 3968 3969
3 4125 4129 3968
3 4124 3969 3966
3 4130 4128 3967
3 4130 3967 3970
3 3970 3971 4130
3 4130 3971 4131
3 4129 3972 3968
3 4132 3972 4129
3 3973 4131 3971
3 3973 4133 4131
3 4135 4134 3975
3 3975 4134 3974
3 3975 3972 4132
3 3975 4132 4135
3 3976 4133 3973
3 3976 4136 4133
3 4134 3977 3974
3 4137 3977 4134
3 3978 4139 4138
3 4136 3978 4138
3 3976 3978 4136
3 4139 4140 4138
3 4142 4141 3981
3 3981 4141 3980
3 3981 3977 4137
3 3981 4137 4142
3 3982 4139 3978
3 3982 3983 4139
3 3983 4140 4139
3 3983 4143 4140
3 4141 3985 3980
3 4144 3985 4141
3 3986 4143 3983
3 3986 4145 4143
3 4147 4146 3988
3 3988 4146 3987
3 3988 3985 4144
3 3988 4144 4147
3 3989 4145 3986
3 3989 4148 4145
3 4146 3991 3987
3 4149 3991 4146
3 3992 4148 3989
3 3992 4150 4148
3 4152 4151 3994
3 3994 4151 3993
3 3994 3991 4149
3 3994 4149 4152
3 3995 4150 3992
3 3995 4153 4150
3 4154 3996 3997
3 4155 4154 3997
3 3993 4155 3997
3 4151 4155 3993
3 3998 4153 3995
3 3998 4156 4153
3 4157 3999 4154
3 4154 3999 3996
3 4154 4155 4158
3 4154 4158 4157
3 4000 4156 3998
3 4000 4159 4156
3 4157 4001 3999
3 4003 4001 4157
3 4158 4003 4157
3 4160 4003 4158
3 4004 4159 4000
3 4004 4161 4159
3 4162 4005 4006
3 4163 4162 4006
3 4003 4163 4006
3 4160 4163 4003
3 4007 4161 4004
3 4007 4164 4161
3 4162 4008 4005
3 4009 4008 4162
3 4163 4009 4162
3 4165 4009 4163
3 4167 4166 4011
3 4167 4011 4012
3 4007 4011 4164
3 4164 4011 4166
3 4169 4013 4168
3 4013 4165 4168
3 4013 4009 4165
3 4170 4169 4168
3 4014 4167 4012
3 4014 4171 4167
3 4169 4015 4013
3 4016 4015 4169
3 4170 4016 4169
3 4172 4016 4170
3 4017 4171 4014
3 4017 4173 4171
3 4172 4174 4016
3 4016 4174 4018
3 4019 4018 4174
3 4019 4174 4175
3 4020 4173 4017
3 4020 4176 4173
3 4175 4021 4019
3 4177 4021 4175
3 4022 4176 4020
3 4022 4178 4176
3 4177 4179 4021
3 4021 4179 4023
3 4024 4023 4179
3 4024 4179 4180
3 4182 4181 4026
3 4182 4026 4027
3 4022 4026 4178
3 4178 4026 4181
3 4184 4029 4183
3 4029 4180 4183
3 4029 4024 4180
3 4185 4184 4183
3 4030 4182 4027
3 4030 4186 4182
3 4184 4031 4029
3 4032 4031 4184
3 4185 4032 4184
3 4187 4032 4185
3 4033 4186 4030
3 4033 4188 4186
3 4187 4189 4032
3 4032 4189 4034
3 4035 4034 4189
3 4035 4189 4190
3 4036 4188 4033
3 4036 4191 4188
3 4037 4035 4192
3 4035 4193 4192
3 4035 4190 4193
3 4192 4038 4037
3 4039 4191 4036
3 4039 4194 4191
3 4193 4195 4192
3 4040 4038 4192
3 4196 4040 4192
3 4195 4196 4192
3 4040 4196 4197
3 4198 4197 4196
3 4200 4199 4042
3 4200 4042 4043
3 4039 4042 4194
3 4194 4042 4199
3 4197 4044 4040
3 4045 4044 4197
3 4198 4045 4197
3 4201 4045 4198
3 4047 4200 4043
3 4047 4202 4200
3 4201 4203 4045
3 4045 4203 4048
3 4203 4205 4204
3 4049 4203 4204
3 4048 4203 4049
3 4204 4050 4049
3 4208 4207 4206
3 4053 4052 4206
3 4207 4053 4206
3 4209 4053 4207
3 4053 4210 4054
3 4209 4210 4053
3 4047 4054 4202
3 4202 4054 4210
3 4205 4211 4204
3 4204 4211 4050
3 4211 4055 4050
3 4211 4212 4055
3 4055 4213 4056
3 4212 4213 4055
3 4056 4214 4057
3 4213 4214 4056
3 4057 4215 4058
3 4214 4215 4057
3 4058 4216 4059
3 4215 4216 4058
3 4059 4217 4060
3 4216 4217 4059
3 4060 4218 4061
3 4217 4218 4060
3 4061 4219 4062
3 4218 4219 4061
3 4062 4220 4063
3 4219 4220 4062
3 4063 4221 4064
3 4220 4221 4063
3 4064 4222 4065
3 4221 4222 4064
3 4065 4223 4066
3 4222 4223 4065
3 4066 4224 4068
3 4223 4224 4066
3 4068 4225 4069
3 4224 4225 4068
3 4069 4226 4070
3 4225 4226 4069
3 4070 4227 4071
3 4226 4227 4070
3 4071 4228 4072
3 4227 4228 4071
3 4072 4229 4073
3 4228 4229 4072
3 4073 4230 4074
3 4229 4230 4073
3 4074 4231 4075
3 4230 4231 4074
3 4075 4232 4076
3 4231 4232 4075
3 4076 4233 4077
3 4232 4233 4076
3 4077 4234 4078
3 4233 4234 4077
3 4206 4079 4208
3 4079 4234 4208
3 4079 4078 4234
3 4079 4206 4052
3 4235 4080 4081
3 4235 4081 4236
3 4081 4237 4236
3 4081 4082 4237
3 4238 4082 4083
3 4238 4237 4082
3 4239 4083 4084
3 4239 4238 4083
3 4240 4084 4085
3 4240 4239 4084
3 4241 4085 4086
3 4241 4240 4085
3 4242 4086 4087
3 4242 4241 4086
3 4243 4087 4088
3 4243 4242 4087
3 4245 4243 4244
3 4243 4089 4244
3 4243 4088 4089
3 4090 4246 4089
3 4089 4246 4244
3 4092 4246 4090
3 4248 4247 4095
3 4095 4247 4094
3 4249 4095 4096
3 4249 4248 4095
3 4250 4096 4097
3 4250 4249 4096
3 4251 4097 4098
3 4251 4250 4097
3 4252 4098 4099
3 4252 4251 4098
3 4253 4099 4100
3 4253 4252 4099
3 4254 4100 4101
3 4254 4253 4100
3 4255 4101 4102
3 4255 4254 4101
3 4102 4080 4235
3 4256 4102 4235
3 4255 4102 4256
3 4256 4235 4236
3 4257 4245 4244
3 4257 4244 4246
3 4257 4246 4258
3 4258 4246 4092
3 4103 4258 4092
3 4259 4258 4103
3 4260 4103 4104
3 4260 4259 4103
3 4261 4104 4105
3 4261 4260 4104
3 4262 4105 4106
3 4262 4261 4105
3 4263 4106 4107
3 4263 4262 4106
3 4264 4107 4108
3 4264 4263 4107
3 4265 4108 4109
3 4265 4264 4108
3 4266 4109 4110
3 4266 4265 4109
3 4267 4110 4111
3 4267 4266 4110
3 4269 4267 4268
3 4267 4112 4268
3 4267 4111 4112
3 4113 4268 4112
3 4272 4271 4270
3 4247 4272 4270
3 4114 4247 4270
3 4094 4247 4114
3 4273 4269 4268
3 4268 4113 4273
3 4113 4274 4273
3 4113 4115 4274
3 4270 4271 4118
3 4271 4117 4118
3 4271 4275 4117
3 4270 4118 4114
3 4276 4274 4115
3 4276 4115 4119
3 4119 4120 4276
3 4276 4120 4277
3 4280 4279 4278
3 4275 4280 4278
3 4122 4275 4278
3 4117 4275 4122
3 4123 4277 4120
3 4123 4281 4277
3 4282 4125 4126
3 4279 4283 4278
3 4283 4126 4278
3 4126 4127 4278
3 4126 4283 4282
3 4278 4127 4122
3 4128 4281 4123
3 4128 4284 4281
3 4285 4129 4282
3 4282 4129 4125
3 4282 4283 4286
3 4282 4286 4285
3 4128 4130 4287
3 4288 4128 4287
3 4284 4128 4288
3 4131 4287 4130
3 4290 4289 4285
3 4289 4129 4285
3 4289 4132 4129
3 4290 4285 4286
3 4291 4288 4287
3 4287 4131 4291
3 4131 4292 4291
3 4131 4133 4292
3 4294 4293 4135
3 4135 4293 4134
3 4135 4132 4289
3 4135 4289 4294
3 4136 4292 4133
3 4136 4295 4292
3 4298 4297 4296
3 4293 4298 4296
3 4137 4293 4296
3 4134 4293 4137
3 4136 4138 4299
3 4300 4136 4299
3 4295 4136 4300
3 4140 4299 4138
3 4296 4297 4142
3 4297 4141 4142
3 4297 4301 4141
3 4296 4142 4137
3 4300 4299 4302
3 4300 4302 4303
3 4143 4302 4140
3 4140 4302 4299
3 4301 4144 4141
3 4304 4144 4301
3 4303 4302 4305
3 4303 4305 4306
3 4145 4305 4143
3 4143 4305 4302
3 4308 4307 4147
3 4147 4307 4146
3 4147 4144 4304
3 4147 4304 4308
3 4306 4305 4309
3 4306 4309 4310
3 4148 4309 4145
3 4145 4309 4305
3 4307 4149 4146
3 4311 4149 4307
3 4310 4309 4312
3 4310 4312 4313
3 4150 4312 4148
3 4148 4312 4309
3 4314 4151 4152
3 4315 4314 4152
3 4149 4315 4152
3 4311 4315 4149
3 4313 4312 4316
3 4313 4316 4317
3 4153 4316 4150
3 4150 4316 4312
3 4318 4155 4314
3 4314 4155 4151
3 4314 4315 4319
3 4314 4319 4318
3 4317 4316 4320
3 4317 4320 4321
3 4156 4320 4153
3 4153 4320 4316
3 4322 4158 4318
3 4318 4158 4155
3 4318 4319 4323
3 4318 4323 4322
3 4321 4320 4324
3 4321 4324 4325
3 4159 4324 4156
3 4156 4324 4320
3 4326 4160 4322
3 4322 4160 4158
3 4322 4323 4327
3 4322 4327 4326
3 4325 4324 4328
3 4325 4328 4329
3 4161 4328 4159
3 4159 4328 4324
3 4330 4163 4326
3 4326 4163 4160
3 4326 4327 4331
3 4326 4331 4330
3 4332 4329 4328
3 4328 4161 4332
3 4161 4333 4332
3 4161 4164 4333
3 4334 4165 4330
3 4330 4165 4163
3 4330 4331 4335
3 4330 4335 4334
3 4337 4336 4166
3 4337 4166 4167
3 4164 4166 4333
3 4333 4166 4336
3 4334 4168 4165
3 4170 4168 4334
3 4335 4170 4334
3 4338 4170 4335
3 4171 4337 4167
3 4171 4339 4337
3 4338 4172 4170
3 4340 4172 4338
3 4173 4339 4171
3 4173 4341 4339
3 4174 4172 4342
3 4172 4343 4342
3 4172 4340 4343
3 4342 4175 4174
3 4176 4341 4173
3 4176 4344 4341
3 4343 4345 4342
3 4177 4175 4342
3 4346 4177 4342
3 4345 4346 4342
3 4177 4346 4347
3 4348 4347 4346
3 4178 4344 4176
3 4178 4349 4344
3 4347 4179 4177
3 4180 4179 4347
3 4348 4180 4347
3 4350 4180 4348
3 4352 4351 4181
3 4352 4181 4182
3 4178 4181 4349
3 4349 4181 4351
3 4350 4353 4180
3 4180 4353 4183
3 4185 4183 4353
3 4185 4353 4354
3 4186 4352 4182
3 4186 4355 4352
3 4354 4187 4185
3 4356 4187 4354
3 4188 4355 4186
3 4188 4357 4355
3 4356 4358 4187
3 4187 4358 4189
3 4190 4189 4358
3 4190 4358 4359
3 4191 4357 4188
3 4191 4360 4357
3 4362 4193 4361
3 4193 4359 4361
3 4193 4190 4359
3 4363 4362 4361
3 4194 4360 4191
3 4194 4364 4360
3 4362 4195 4193
3 4363 4365 4362
3 4365 4195 4362
3 4365 4196 4195
3 4198 4196 4365
3 4198 4365 4366
3 4368 4367 4199
3 4368 4199 4200
3 4194 4199 4364
3 4364 4199 4367
3 4366 4201 4198
3 4369 4201 4366
3 4202 4368 4200
3 4202 4370 4368
3 4369 4371 4201
3 4201 4371 4203
3 4373 4372 4205
3 4203 4373 4205
3 4371 4373 4203
3 4375 4374 4372
3 4375 4372 4373
3 4376 4374 4375
3 4378 4377 4207
3 4378 4207 4208
3 4207 4379 4209
3 4377 4379 4207
3 4209 4380 4210
3 4379 4380 4209
3 4202 4210 4370
3 4370 4210 4380
3 4372 4211 4205
3 4211 4372 4212
3 4212 4372 4374
3 4376 4381 4374
3 4381 4212 4374
3 4381 4213 4212
3 4213 4382 4214
3 4381 4382 4213
3 4214 4383 4215
3 4382 4383 4214
3 4215 4384 4216
3 4383 4384 4215
3 4216 4385 4217
3 4384 4385 4216
3 4217 4386 4218
3 4385 4386 4217
3 4218 4387 4219
3 4386 4387 4218
3 4219 4388 4220
3 4387 4388 4219
3 4220 4389 4221
3 4388 4389 4220
3 4221 4390 4222
3 4389 4390 4221
3 4222 4391 4223
3 4390 4391 4222
3 4223 4392 4224
3 4391 4392 4223
3 4224 4393 4225
3 4392 4393 4224
3 4225 4394 4226
3 4393 4394 4225
3 4226 4395 4227
3 4394 4395 4226
3 4227 4396 4228
3 4395 4396 4227
3 4228 4397 4229
3 4396 4397 4228
3 4229 4398 4230
3 4397 4398 4229
3 4230 4399 4231
3 4398 4399 4230
3 4231 4400 4232
3 4399 4400 4231
3 4232 4401 4233
3 4400 4401 4232
3 4233 4402 4234
3 4401 4402 4233
3 4208 4234 4378
3 4378 4234 4402
3 4404 4403 4237
3 4237 4403 4236
3 4405 4237 4238
3 4405 4404 4237
3 4406 4238 4239
3 4406 4405 4238
3 4407 4239 4240
3 4407 4406 4239
3 4408 4240 4241
3 4408 4407 4240
3 4410 4408 4409
3 4408 4242 4409
3 4408 4241 4242
3 4243 4411 4242
3 4242 4411 4409
3 4245 4411 4243
3 4413 4412 4248
3 4248 4412 4247
3 4414 4248 4249
3 4414 4413 4248
3 4415 4249 4250
3 4415 4414 4249
3 4416 4250 4251
3 4416 4415 4250
3 4417 4251 4252
3 4417 4416 4251
3 4418 4252 4253
3 4418 4417 4252
3 4419 4253 4254
3 4419 4418 4253
3 4420 4254 4255
3 4420 4419 4254
3 4421 4255 4256
3 4421 4420 4255
3 4256 4236 4403
3 4256 4403 4421
3 4422 4410 4409
3 4422 4409 4411
3 4422 4411 4423
3 4423 4411 4245
3 4257 4423 4245
3 4424 4423 4257
3 4425 4257 4258
3 4425 4424 4257
3 4426 4258 4259
3 4426 4425 4258
3 4427 4259 4260
3 4427 4426 4259
3 4428 4260 4261
3 4428 4427 4260
3 4429 4261 4262
3 4429 4428 4261
3 4430 4262 4263
3 4430 4429 4262
3 4431 4263 4264
3 4431 4430 4263
3 4432 4264 4265
3 4432 4431 4264
3 4433 4265 4266
3 4433 4432 4265
3 4434 4266 4267
3 4434 4433 4266
3 4267 4269 4434
3 4434 4269 4435
3 4437 4436 4272
3 4272 4436 4271
3 4272 4247 4412
3 4272 4412 4437
3 4438 4435 4269
3 4438 4269 4273
3 4273 4274 4438
3 4438 4274 4439
3 4436 4275 4271
3 4440 4275 4436
3 4274 4276 4441
3 4442 4274 4441
3 4439 4274 4442
3 4277 4441 4276
3 4444 4443 4280
3 4280 4443 4279
3 4280 4275 4440
3 4280 4440 4444
3 4445 4442 4441
3 4441 4277 4445
3 4277 4446 4445
3 4277 4281 4446
3 4443 4283 4279
3 4447 4283 4443
3 4284 4446 4281
3 4284 4448 4446
3 4451 4450 4449
3 4447 4451 4449
3 4286 4447 4449
3 4283 4447 4286
3 4288 4453 4452
3 4448 4288 4452
3 4284 4288 4448
3 4453 4454 4452
3 4449 4450 4290
3 4450 4289 4290
3 4450 4455 4289
3 4449 4290 4286
3 4291 4453 4288
3 4291 4292 4453
3 4292 4454 4453
3 4292 4456 4454
3 4457 4293 4294
3 4458 4457 4294
3 4289 4458 4294
3 4455 4458 4289
3 4295 4456 4292
3 4295 4459 4456
3 4460 4297 4298
3 4461 4460 4298
3 4461 4298 4293
3 4462 4461 4293
3 4457 4462 4293
3 4462 4457 4458
3 4300 4459 4295
3 4300 4463 4459
3 4465 4464 4460
3 4464 4297 4460
3 4464 4301 4297
3 4465 4460 4461
3 4303 4463 4300
3 4303 4466 4463
3 4464 4304 4301
3 4467 4304 4464
3 4306 4466 4303
3 4306 4468 4466
3 4470 4469 4308
3 4308 4469 4307
3 4308 4304 4467
3 4308 4467 4470
3 4310 4468 4306
3 4310 4471 4468
3 4469 4311 4307
3 4472 4311 4469
3 4313 4471 4310
3 4313 4473 4471
3 4475 4315 4474
3 4315 4472 4474
3 4315 4311 4472
3 4476 4475 4474
3 4317 4473 4313
3 4317 4477 4473
3 4478 4319 4475
3 4475 4319 4315
3 4475 4476 4479
3 4475 4479 4478
3 4321 4477 4317
3 4321 4480 4477
3 4482 4481 4478
3 4481 4319 4478
3 4481 4323 4319
3 4482 4478 4479
3 4325 4480 4321
3 4325 4483 4480
3 4481 4327 4323
3 4484 4327 4481
3 4329 4483 4325
3 4329 4485 4483
3 4487 4331 4486
3 4331 4484 4486
3 4331 4327 4484
3 4488 4487 4486
3 4329 4332 4489
3 4490 4329 4489
3 4485 4329 4490
3 4333 4489 4332
3 4492 4491 4487
3 4491 4331 4487
3 4491 4335 4331
3 4492 4487 4488
3 4490 4489 4336
3 4337 4490 4336
3 4493 4490 4337
3 4336 4489 4333
3 4491 4338 4335
3 4494 4338 4491
3 4339 4493 4337
3 4339 4495 4493
3 4497 4340 4496
3 4340 4494 4496
3 4340 4338 4494
3 4498 4497 4496
3 4341 4495 4339
3 4341 4499 4495
3 4500 4343 4497
3 4497 4343 4340
3 4497 4498 4501
3 4497 4501 4500
3 4344 4499 4341
3 4344 4502 4499
3 4500 4345 4343
3 4346 4345 4500
3 4503 4346 4500
3 4501 4503 4500
3 4504 4346 4503
3 4504 4348 4346
3 4507 4506 4505
3 4506 4502 4505
3 4502 4349 4505
3 4502 4344 4349
3 4503 4508 4504
3 4348 4504 4508
3 4509 4348 4508
3 4350 4348 4509
3 4507 4505 4351
3 4352 4507 4351
3 4510 4507 4352
3 4351 4505 4349
3 4353 4350 4511
3 4350 4512 4511
3 4350 4509 4512
3 4511 4354 4353
3 4355 4510 4352
3 4355 4513 4510
3 4512 4514 4511
3 4356 4354 4511
3 4515 4356 4511
3 4514 4515 4511
3 4356 4515 4516
3 4517 4516 4515
3 4357 4513 4355
3 4357 4518 4513
3 4516 4358 4356
3 4359 4358 4516
3 4517 4359 4516
3 4519 4359 4517
3 4360 4518 4357
3 4360 4520 4518
3 4519 4521 4359
3 4359 4521 4361
3 4363 4361 4521
3 4363 4521 4522
3 4525 4524 4523
3 4524 4520 4523
3 4520 4364 4523
3 4520 4360 4364
3 4365 4363 4526
3 4363 4527 4526
3 4363 4522 4527
3 4526 4366 4365
3 4525 4523 4367
3 4368 4525 4367
3 4528 4525 4368
3 4367 4523 4364
3 4527 4529 4526
3 4366 4526 4529
3 4530 4366 4529
3 4369 4366 4530
3 4370 4528 4368
3 4370 4531 4528
3 4530 4532 4369
3 4369 4532 4371
3 4371 4533 4373
3 4532 4533 4371
3 4533 4535 4534
3 4375 4533 4534
3 4373 4533 4375
3 4534 4376 4375
3 4538 4537 4536
3 4540 4539 4536
3 4540 4536 4537
3 4541 4539 4540
3 4544 4543 4542
3 4546 4545 4542
3 4546 4542 4543
3 4547 4545 4546
3 4550 4549 4548
3 4552 4551 4548
3 4552 4548 4549
3 4377 4378 4551
3 4552 4377 4551
3 4553 4377 4552
3 4377 4554 4379
3 4553 4554 4377
3 4379 4555 4380
3 4554 4555 4379
3 4370 4380 4531
3 4531 4380 4555
3 4535 4556 4534
3 4534 4556 4376
3 4556 4381 4376
3 4556 4557 4381
3 4536 4382 4538
3 4382 4557 4538
3 4382 4381 4557
3 4382 4536 4383
3 4383 4536 4539
3 4541 4558 4539
3 4558 4383 4539
3 4558 4384 4383
3 4384 4559 4385
3 4558 4559 4384
3 4385 4560 4386
3 4559 4560 4385
3 4386 4561 4387
3 4560 4561 4386
3 4387 4562 4388
3 4561 4562 4387
3 4388 4563 4389
3 4562 4563 4388
3 4389 4564 4390
3 4563 4564 4389
3 4390 4565 4391
3 4564 4565 4390
3 4542 4392 4544
3 4392 4565 4544
3 4392 4391 4565
3 4392 4542 4393
3 4393 4542 4545
3 4547 4566 4545
3 4566 4393 4545
3 4566 4394 4393
3 4394 4567 4395
3 4566 4567 4394
3 4395 4568 4396
3 4567 4568 4395
3 4396 4569 4397
3 4568 4569 4396
3 4397 4570 4398
3 4569 4570 4397
3 4398 4571 4399
3 4570 4571 4398
3 4399 4572 4400
3 4571 4572 4399
3 4548 4401 4550
3 4401 4572 4550
3 4401 4400 4572
3 4401 4548 4402
3 4402 4548 4551
3 4402 4551 4378
3 4573 4403 4404
3 4573 4404 4574
3 4404 4575 4574
3 4404 4405 4575
3 4576 4405 4406
3 4576 4575 4405
3 4578 4576 4577
3 4576 4407 4577
3 4576 4406 4407
3 4408 4579 4407
3 4407 4579 4577
3 4410 4579 4408
3 4581 4580 4413
3 4413 4580 4412
3 4582 4413 4414
3 4582 4581 4413
3 4583 4414 4415
3 4583 4582 4414
3 4584 4415 4416
3 4584 4583 4415
3 4585 4416 4417
3 4585 4584 4416
3 4586 4417 4418
3 4586 4585 4417
3 4587 4418 4419
3 4587 4586 4418
3 4588 4419 4420
3 4588 4587 4419
3 4589 4420 4421
3 4589 4588 4420
3 4421 4403 4573
3 4590 4421 4573
3 4589 4421 4590
3 4590 4573 4574
3 4591 4578 4577
3 4591 4577 4579
3 4591 4579 4592
3 4592 4579 4410
3 4422 4592 4410
3 4593 4592 4422
3 4594 4422 4423
3 4594 4593 4422
3 4595 4423 4424
3 4595 4594 4423
3 4596 4424 4425
3 4596 4595 4424
3 4597 4425 4426
3 4597 4596 4425
3 4598 4426 4427
3 4598 4597 4426
3 4599 4427 4428
3 4599 4598 4427
3 4600 4428 4429
3 4600 4599 4428
3 4601 4429 4430
3 4601 4600 4429
3 4602 4430 4431
3 4602 4601 4430
3 4603 4431 4432
3 4603 4602 4431
3 4604 4432 4433
3 4604 4603 4432
3 4605 4433 4434
3 4605 4604 4433
3 4607 4606 4435
3 4606 4434 4435
3 4606 4605 4434
3 4607 4608 4606
3 4610 4609 4437
3 4437 4609 4436
3 4437 4412 4580
3 4437 4580 4610
3 4438 4607 4435
3 4438 4439 4607
3 4439 4608 4607
3 4439 4611 4608
3 4609 4440 4436
3 4612 4440 4609
3 4442 4614 4613
3 4611 4442 4613
3 4439 4442 4611
3 4614 4615 4613
3 4617 4616 4444
3 4444 4616 4443
3 4444 4440 4612
3 4444 4612 4617
3 4445 4614 4442
3 4445 4446 4614
3 4446 4615 4614
3 4446 4618 4615
3 4616 4447 4443
3 4619 4447 4616
3 4448 4618 4446
3 4448 4620 4618
3 4622 4621 4451
3 4451 4621 4450
3 4451 4447 4619
3 4451 4619 4622
3 4448 4452 4623
3 4624 4448 4623
3 4620 4448 4624
3 4454 4623 4452
3 4621 4455 4450
3 4625 4455 4621
3 4626 4624 4623
3 4623 4454 4626
3 4454 4627 4626
3 4454 4456 4627
3 4630 4629 4628
3 4625 4630 4628
3 4458 4625 4628
3 4455 4625 4458
3 4459 4627 4456
3 4459 4631 4627
3 4628 4629 4462
3 4629 4461 4462
3 4629 4632 4461
3 4628 4462 4458
3 4463 4631 4459
3 4463 4633 4631
3 4635 4634 4465
3 4465 4634 4464
3 4465 4461 4632
3 4465 4632 4635
3 4466 4633 4463
3 4466 4636 4633
3 4634 4467 4464
3 4637 4467 4634
3 4468 4636 4466
3 4468 4638 4636
3 4639 4469 4470
3 4640 4639 4470
3 4467 4640 4470
3 4637 4640 4467
3 4471 4638 4468
3 4471 4641 4638
3 4642 4472 4639
3 4639 4472 4469
3 4639 4640 4643
3 4639 4643 4642
3 4473 4641 4471
3 4473 4644 4641
3 4642 4474 4472
3 4476 4474 4642
3 4643 4476 4642
3 4645 4476 4643
3 4477 4644 4473
3 4477 4646 4644
3 4645 4479 4476
3 4647 4479 4645
3 4480 4646 4477
3 4480 4648 4646
3 4649 4481 4482
3 4650 4649 4482
3 4479 4650 4482
3 4647 4650 4479
3 4483 4648 4480
3 4483 4651 4648
3 4652 4484 4649
3 4649 4484 4481
3 4649 4650 4653
3 4649 4653 4652
3 4485 4651 4483
3 4485 4654 4651
3 4652 4486 4484
3 4488 4486 4652
3 4653 4488 4652
3 4655 4488 4653
3 4490 4654 4485
3 4490 4656 4654
3 4657 4491 4492
3 4658 4657 4492
3 4488 4658 4492
3 4655 4658 4488
3 4493 4656 4490
3 4493 4659 4656
3 4660 4494 4657
3 4657 4494 4491
3 4657 4658 4661
3 4657 4661 4660
3 4495 4659 4493
3 4495 4662 4659
3 4660 4496 4494
3 4498 4496 4660
3 4661 4498 4660
3 4663 4498 4661
3 4499 4662 4495
3 4499 4664 4662
3 4663 4501 4498
3 4665 4501 4663
3 4502 4664 4499
3 4502 4666 4664
3 4665 4503 4501
3 4667 4503 4665
3 4507 4668 4506
3 4668 4669 4506
3 4669 4502 4506
3 4669 4666 4502
3 4667 4670 4503
3 4503 4670 4508
3 4509 4508 4670
3 4509 4670 4671
3 4673 4672 4668
3 4507 4673 4668
3 4510 4673 4507
3 4668 4672 4669
3 4671 4512 4509
3 4674 4512 4671
3 4513 4673 4510
3 4513 4675 4673
3 4674 4676 4512
3 4512 4676 4514
3 4676 4678 4677
3 4515 4676 4677
3 4514 4676 4515
3 4677 4517 4515
3 4518 4675 4513
3 4518 4679 4675
3 4678 4680 4677
3 4517 4677 4680
3 4681 4517 4680
3 4519 4517 4681
3 4520 4679 4518
3 4520 4682 4679
3 4681 4683 4519
3 4519 4683 4521
3 4522 4521 4683
3 4522 4683 4684
3 4686 4685 4524
3 4686 4524 4525
3 4520 4524 4682
3 4682 4524 4685
3 4684 4527 4522
3 4687 4527 4684
3 4528 4686 4525
3 4528 4688 4686
3 4687 4689 4527
3 4527 4689 4529
3 4530 4529 4689
3 4530 4689 4690
3 4693 4692 4691
3 4692 4688 4691
3 4688 4531 4691
3 4688 4528 4531
3 4690 4694 4530
3 4530 4694 4532
3 4532 4695 4533
3 4694 4695 4532
3 4697 4696 4535
3 4533 4697 4535
3 4695 4697 4533
3 4699 4698 4696
3 4699 4696 4697
3 4537 4538 4698
3 4699 4537 4698
3 4700 4537 4699
3 4537 4701 4540
3 4700 4701 4537
3 4541 4540 4701
3 4541 4701 4702
3 4705 4704 4703
3 4707 4706 4703
3 4707 4703 4704
3 4543 4544 4706
3 4707 4543 4706
3 4708 4543 4707
3 4543 4709 4546
3 4708 4709 4543
3 4547 4546 4709
3 4547 4709 4710
3 4713 4712 4711
3 4715 4714 4711
3 4715 4711 4712
3 4549 4550 4714
3 4715 4549 4714
3 4716 4549 4715
3 4549 4717 4552
3 4716 4717 4549
3 4552 4718 4553
3 4717 4718 4552
3 4553 4719 4554
3 4718 4719 4553
3 4691 4555 4693
3 4555 4719 4693
3 4555 4554 4719
3 4555 4691 4531
3 4696 4556 4535
3 4556 4696 4557
3 4557 4696 4698
3 4557 4698 4538
3 4702 4720 4541
3 4541 4720 4558
3 4558 4721 4559
3 4720 4721 4558
3 4559 4722 4560
3 4721 4722 4559
3 4560 4723 4561
3 4722 4723 4560
3 4561 4724 4562
3 4723 4724 4561
3 4562 4725 4563
3 4724 4725 4562
3 4703 4564 4705
3 4564 4725 4705
3 4564 4563 4725
3 4564 4703 4565
3 4565 4703 4706
3 4565 4706 4544
3 4710 4726 4547
3 4547 4726 4566
3 4566 4727 4567
3 4726 4727 4566
3 4567 4728 4568
3 4727 4728 4567
3 4568 4729 4569
3 4728 4729 4568
3 4569 4730 4570
3 4729 4730 4569
3 4711 4571 4713
3 4571 4730 4713
3 4571 4570 4730
3 4571 4711 4572
3 4572 4711 4714
3 4572 4714 4550
3 4731 4574 4575
3 4576 4732 4575
3 4575 4732 4731
3 4578 4732 4576
3 4734 4733 4581
3 4581 4733 4580
3 4735 4581 4582
3 4735 4734 4581
3 4736 4582 4583
3 4736 4735 4582
3 4737 4583 4584
3 4737 4736 4583
3 4738 4584 4585
3 4738 4737 4584
3 4739 4585 4586
3 4739 4738 4585
3 4740 4586 4587
3 4740 4739 4586
3 4741 4587 4588
3 4741 4740 4587
3 4742 4588 4589
3 4742 4741 4588
3 4743 4589 4590
3 4743 4742 4589
3 4590 4574 4731
3 4744 4590 4731
3 4743 4590 4744
3 4744 4731 4732
3 4744 4732 4745
3 4745 4732 4578
3 4591 4745 4578
3 4746 4745 4591
3 4747 4591 4592
3 4747 4746 4591
3 4748 4592 4593
3 4748 4747 4592
3 4749 4593 4594
3 4749 4748 4593
3 4750 4594 4595
3 4750 4749 4594
3 4751 4595 4596
3 4751 4750 4595
3 4752 4596 4597
3 4752 4751 4596
3 4753 4597 4598
3 4753 4752 4597
3 4754 4598 4599
3 4754 4753 4598
3 4755 4599 4600
3 4755 4754 4599
3 4756 4600 4601
3 4756 4755 4600
3 4757 4601 4602
3 4757 4756 4601
3 4758 4602 4603
3 4758 4757 4602
3 4759 4603 4604
3 4759 4758 4603
3 4760 4604 4605
3 4760 4759 4604
3 4762 4760 4761
3 4760 4606 4761
3 4760 4605 4606
3 4608 4761 4606
3 4763 4609 4610
3 4764 4763 4610
3 4580 4764 4610
3 4733 4764 4580
3 4765 4762 4761
3 4761 4608 4765
3 4608 4766 4765
3 4608 4611 4766
3 4768 4767 4763
3 4767 4609 4763
3 4767 4612 4609
3 4768 4763 4764
3 4769 4766 4611
3 4769 4611 4613
3 4613 4615 4769
3 4769 4615 4770
3 4772 4771 4617
3 4617 4771 4616
3 4617 4612 4767
3 4617 4767 4772
3 4618 4770 4615
3 4618 4773 4770
3 4776 4775 4774
3 4771 4776 4774
3 4619 4771 4774
3 4616 4771 4619
3 4620 4773 4618
3 4620 4777 4773
3 4774 4775 4622
3 4775 4621 4622
3 4775 4778 4621
3 4774 4622 4619
3 4624 4777 4620
3 4624 4779 4777
3 4778 4625 4621
3 4780 4625 4778
3 4781 4779 4624
3 4781 4624 4626
3 4626 4627 4781
3 4781 4627 4782
3 4784 4783 4630
3 4630 4783 4629
3 4630 4625 4780
3 4630 4780 4784
3 4631 4782 4627
3 4631 4785 4782
3 4783 4632 4629
3 4786 4632 4783
3 4633 4785 4631
3 4633 4787 4785
3 4788 4634 4635
3 4789 4788 4635
3 4632 4789 4635
3 4786 4789 4632
3 4636 4787 4633
3 4636 4790 4787
3 4791 4637 4788
3 4788 4637 4634
3 4788 4789 4792
3 4788 4792 4791
3 4638 4790 4636
3 4638 4793 4790
3 4794 4640 4791
3 4791 4640 4637
3 4791 4792 4795
3 4791 4795 4794
3 4641 4793 4638
3 4641 4796 4793
3 4797 4643 4794
3 4794 4643 4640
3 4794 4795 4798
3 4794 4798 4797
3 4644 4796 4641
3 4644 4799 4796
3 4800 4645 4797
3 4797 4645 4643
3 4797 4798 4801
3 4797 4801 4800
3 4646 4799 4644
3 4646 4802 4799
3 4803 4647 4800
3 4800 4647 4645
3 4800 4801 4804
3 4800 4804 4803
3 4648 4802 4646
3 4648 4805 4802
3 4806 4650 4803
3 4803 4650 4647
3 4803 4804 4807
3 4803 4807 4806
3 4651 4805 4648
3 4651 4808 4805
3 4809 4653 4806
3 4806 4653 4650
3 4806 4807 4810
3 4806 4810 4809
3 4654 4808 4651
3 4654 4811 4808
3 4812 4655 4809
3 4809 4655 4653
3 4809 4810 4813
3 4809 4813 4812
3 4656 4811 4654
3 4656 4814 4811
3 4815 4658 4812
3 4812 4658 4655
3 4812 4813 4816
3 4812 4816 4815
3 4659 4814 4656
3 4659 4817 4814
3 4818 4661 4815
3 4815 4661 4658
3 4815 4816 4819
3 4815 4819 4818
3 4662 4817 4659
3 4662 4820 4817
3 4821 4663 4818
3 4818 4663 4661
3 4818 4819 4822
3 4818 4822 4821
3 4664 4820 4662
3 4664 4823 4820
3 4824 4665 4821
3 4821 4665 4663
3 4821 4822 4825
3 4821 4825 4824
3 4828 4827 4826
3 4827 4823 4826
3 4823 4666 4826
3 4823 4664 4666
3 4829 4667 4824
3 4824 4667 4665
3 4824 4825 4830
3 4824 4830 4829
3 4831 4828 4826
3 4826 4666 4831
3 4666 4832 4831
3 4666 4669 4832
3 4829 4670 4667
3 4671 4670 4829
3 4830 4671 4829
3 4833 4671 4830
3 4673 4834 4672
3 4834 4835 4672
3 4835 4669 4672
3 4835 4832 4669
3 4837 4674 4836
3 4674 4833 4836
3 4674 4671 4833
3 4838 4837 4836
3 4675 4839 4834
3 4675 4834 4673
3 4835 4834 4840
3 4840 4834 4839
3 4837 4676 4674
3 4678 4676 4837
3 4838 4678 4837
3 4841 4678 4838
3 4843 4842 4839
3 4675 4843 4839
3 4679 4843 4675
3 4839 4842 4840
3 4841 4844 4678
3 4678 4844 4680
3 4681 4680 4844
3 4681 4844 4845
3 4682 4843 4679
3 4682 4846 4843
3 4683 4681 4847
3 4681 4848 4847
3 4681 4845 4848
3 4847 4684 4683
3 4850 4849 4685
3 4850 4685 4686
3 4682 4685 4846
3 4846 4685 4849
3 4848 4851 4847
3 4684 4847 4851
3 4852 4684 4851
3 4687 4684 4852
3 4688 4850 4686
3 4688 4853 4850
3 4852 4854 4687
3 4687 4854 4689
3 4690 4689 4854
3 4690 4854 4855
3 4693 4856 4692
3 4856 4857 4692
3 4857 4688 4692
3 4857 4853 4688
3 4855 4858 4690
3 4690 4858 4694
3 4694 4859 4695
3 4858 4859 4694
3 4695 4860 4697
3 4859 4860 4695
3 4697 4861 4699
3 4860 4861 4697
3 4699 4862 4700
3 4861 4862 4699
3 4700 4863 4701
3 4862 4863 4700
3 4865 4864 4702
3 4701 4865 4702
3 4863 4865 4701
3 4866 4864 4865
3 4869 4868 4867
3 4871 4870 4867
3 4871 4867 4868
3 4704 4705 4870
3 4871 4704 4870
3 4872 4704 4871
3 4704 4873 4707
3 4872 4873 4704
3 4707 4874 4708
3 4873 4874 4707
3 4708 4875 4709
3 4874 4875 4708
3 4877 4876 4710
3 4709 4877 4710
3 4875 4877 4709
3 4878 4876 4877
3 4881 4880 4879
3 4712 4713 4879
3 4880 4712 4879
3 4882 4712 4880
3 4712 4883 4715
3 4882 4883 4712
3 4715 4884 4716
3 4883 4884 4715
3 4716 4885 4717
3 4884 4885 4716
3 4717 4886 4718
3 4885 4886 4717
3 4718 4887 4719
3 4886 4887 4718
3 4693 4719 4856
3 4719 4888 4856
3 4719 4887 4888
3 4856 4888 4857
3 4864 4720 4702
3 4866 4889 4864
3 4889 4720 4864
3 4889 4721 4720
3 4721 4890 4722
3 4889 4890 4721
3 4722 4891 4723
3 4890 4891 4722
3 4867 4724 4869
3 4724 4891 4869
3 4724 4723 4891
3 4724 4867 4725
3 4725 4867 4870
3 4725 4870 4705
3 4876 4726 4710
3 4878 4892 4876
3 4892 4726 4876
3 4892 4727 4726
3 4727 4893 4728
3 4892 4893 4727
3 4728 4894 4729
3 4893 4894 4728
3 4879 4730 4881
3 4730 4894 4881
3 4730 4729 4894
3 4730 4879 4713
3 4896 4895 4734
3 4734 4895 4733
3 4897 4734 4735
3 4897 4896 4734
3 4898 4735 4736
3 4898 4897 4735
3 4899 4736 4737
3 4899 4898 4736
3 4900 4737 4738
3 4900 4899 4737
3 4901 4738 4739
3 4901 4900 4738
3 4902 4739 4740
3 4902 4901 4739
3 4903 4740 4741
3 4903 4902 4740
3 4904 4741 4742
3 4904 4903 4741
3 4905 4742 4743
3 4905 4904 4742
3 4906 4743 4744
3 4906 4905 4743
3 4907 4744 4745
3 4907 4906 4744
3 4908 4745 4746
3 4908 4907 4745
3 4909 4746 4747
3 4909 4908 4746
3 4910 4747 4748
3 4910 4909 4747
3 4911 4748 4749
3 4911 4910 4748
3 4912 4749 4750
3 4912 4911 4749
3 4913 4750 4751
3 4913 4912 4750
3 4914 4751 4752
3 4914 4913 4751
3 4915 4752 4753
3 4915 4914 4752
3 4916 4753 4754
3 4916 4915 4753
3 4917 4754 4755
3 4917 4916 4754
3 4918 4755 4756
3 4918 4917 4755
3 4919 4756 4757
3 4919 4918 4756
3 4920 4757 4758
3 4920 4919 4757
3 4921 4758 4759
3 4921 4920 4758
3 4922 4759 4760
3 4922 4921 4759
3 4924 4923 4762
3 4923 4760 4762
3 4923 4922 4760
3 4924 4925 4923
3 4928 4927 4926
3 4895 4928 4926
3 4764 4895 4926
3 4733 4895 4764
3 4765 4924 4762
3 4930 4929 4766
3 4766 4929 4765
3 4929 4925 4765
3 4925 4924 4765
3 4930 4931 4929
3 4926 4927 4768
3 4927 4767 4768
3 4927 4932 4767
3 4926 4768 4764
3 4769 4930 4766
3 4769 4770 4930
3 4770 4931 4930
3 4770 4933 4931
3 4934 4771 4772
3 4935 4934 4772
3 4767 4935 4772
3 4932 4935 4767
3 4773 4933 4770
3 4773 4936 4933
3 4937 4775 4776
3 4938 4937 4776
3 4938 4776 4771
3 4939 4938 4771
3 4934 4939 4771
3 4939 4934 4935
3 4777 4936 4773
3 4777 4940 4936
3 4942 4941 4937
3 4941 4775 4937
3 4941 4778 4775
3 4942 4937 4938
3 4779 4940 4777
3 4779 4943 4940
3 4946 4945 4944
3 4941 4946 4944
3 4780 4941 4944
3 4778 4941 4780
3 4779 4781 4947
3 4948 4779 4947
3 4943 4779 4948
3 4782 4947 4781
3 4944 4945 4784
3 4945 4783 4784
3 4945 4949 4783
3 4944 4784 4780
3 4948 4947 4950
3 4948 4950 4951
3 4785 4950 4782
3 4782 4950 4947
3 4953 4786 4952
3 4786 4949 4952
3 4786 4783 4949
3 4954 4953 4952
3 4951 4950 4955
3 4951 4955 4956
3 4787 4955 4785
3 4785 4955 4950
3 4958 4957 4953
3 4957 4786 4953
3 4957 4789 4786
3 4958 4953 4954
3 4956 4955 4959
3 4956 4959 4960
3 4790 4959 4787
3 4787 4959 4955
3 4957 4792 4789
3 4961 4792 4957
3 4960 4959 4962
3 4960 4962 4963
3 4793 4962 4790
3 4790 4962 4959
3 4965 4795 4964
3 4795 4961 4964
3 4795 4792 4961
3 4966 4965 4964
3 4963 4962 4967
3 4963 4967 4968
3 4796 4967 4793
3 4793 4967 4962
3 4970 4969 4965
3 4969 4795 4965
3 4969 4798 4795
3 4970 4965 4966
3 4968 4967 4971
3 4968 4971 4972
3 4799 4971 4796
3 4796 4971 4967
3 4969 4801 4798
3 4973 4801 4969
3 4972 4971 4974
3 4972 4974 4975
3 4802 4974 4799
3 4799 4974 4971
3 4973 4804 4801
3 4976 4804 4973
3 4975 4974 4977
3 4975 4977 4978
3 4805 4977 4802
3 4802 4977 4974
3 4980 4807 4979
3 4807 4976 4979
3 4807 4804 4976
3 4981 4980 4979
3 4978 4977 4982
3 4978 4982 4983
3 4808 4982 4805
3 4805 4982 4977
3 4985 4984 4980
3 4984 4807 4980
3 4984 4810 4807
3 4985 4980 4981
3 4983 4982 4986
3 4983 4986 4987
3 4811 4986 4808
3 4808 4986 4982
3 4984 4813 4810
3 4988 4813 4984
3 4989 4987 4986
3 4986 4811 4989
3 4811 4990 4989
3 4811 4814 4990
3 4992 4816 4991
3 4816 4988 4991
3 4816 4813 4988
3 4993 4992 4991
3 4817 4990 4814
3 4817 4994 4990
3 4996 4995 4992
3 4995 4816 4992
3 4995 4819 4816
3 4996 4992 4993
3 4999 4998 4997
3 4998 4994 4997
3 4994 4820 4997
3 4994 4817 4820
3 4995 4822 4819
3 5000 4822 4995
3 4999 4997 5001
3 4999 5001 5002
3 4823 5001 4820
3 4820 5001 4997
3 5004 4825 5003
3 4825 5000 5003
3 4825 4822 5000
3 5005 5004 5003
3 5002 5001 4827
3 4828 5002 4827
3 5006 5002 4828
3 4827 5001 4823
3 5008 5007 5004
3 5007 4825 5004
3 5007 4830 4825
3 5008 5004 5005
3 5009 5006 4828
3 5009 4828 4831
3 4831 4832 5009
3 5009 4832 5010
3 5007 4833 4830
3 5011 4833 5007
3 4835 5010 4832
3 4835 5012 5010
3 5011 5013 4833
3 4833 5013 4836
3 4838 4836 5013
3 4838 5013 5014
3 4840 5012 4835
3 4840 5015 5012
3 5014 4841 4838
3 5016 4841 5014
3 5018 5017 4842
3 5018 4842 4843
3 4840 4842 5015
3 5015 4842 5017
3 5016 5019 4841
3 4841 5019 4844
3 4845 4844 5019
3 4845 5019 5020
3 4846 5018 4843
3 4846 5021 5018
3 5023 4848 5022
3 4848 5020 5022
3 4848 4845 5020
3 5024 5023 5022
3 4850 5025 4849
3 5025 5026 4849
3 5026 4846 4849
3 5026 5021 4846
3 5023 4851 4848
3 4852 4851 5023
3 5024 4852 5023
3 5027 4852 5024
3 5029 5028 5025
3 4850 5029 5025
3 4853 5029 4850
3 5025 5028 5026
3 5027 5030 4852
3 4852 5030 4854
3 4855 4854 5030
3 4855 5030 5031
3 5034 5033 5032
3 5033 5029 5032
3 5029 4857 5032
3 5029 4853 4857
3 5031 5035 4855
3 4855 5035 4858
3 4858 5036 4859
3 5035 5036 4858
3 4859 5037 4860
3 5036 5037 4859
3 4860 5038 4861
3 5037 5038 4860
3 4861 5039 4862
3 5038 5039 4861
3 4862 5040 4863
3 5039 5040 4862
3 4863 5041 4865
3 5040 5041 4863
3 4866 4865 5041
3 4866 5041 5042
3 5045 5044 5043
3 4868 4869 5043
3 5044 4868 5043
3 5046 4868 5044
3 4868 5047 4871
3 5046 5047 4868
3 4871 5048 4872
3 5047 5048 4871
3 4872 5049 4873
3 5048 5049 4872
3 4873 5050 4874
3 5049 5050 4873
3 4874 5051 4875
3 5050 5051 4874
3 4875 5052 4877
3 5051 5052 4875
3 4878 4877 5052
3 4878 5052 5053
3 5056 5055 5054
3 5058 5057 5054
3 5058 5054 5055
3 4880 4881 5057
3 5058 4880 5057
3 5059 4880 5058
3 4880 5060 4882
3 5059 5060 4880
3 4882 5061 4883
3 5060 5061 4882
3 4883 5062 4884
3 5061 5062 4883
3 4884 5063 4885
3 5062 5063 4884
3 4885 5064 4886
3 5063 5064 4885
3 4886 5065 4887
3 5064 5065 4886
3 5032 4888 5034
3 4888 5065 5034
3 4888 4887 5065
3 4888 5032 4857
3 5042 5066 4866
3 4866 5066 4889
3 4889 5067 4890
3 5066 5067 4889
3 5043 4891 5045
3 4891 5067 5045
3 4891 4890 5067
3 4891 5043 4869
3 5053 5068 4878
3 4878 5068 4892
3 5054 4893 5056
3 4893 5068 5056
3 4893 4892 5068
3 4893 5054 4894
3 4894 5054 5057
3 4894 5057 4881
3 5070 5069 4896
3 4896 5069 4895
3 5071 4896 4897
3 5071 5070 4896
3 5072 4897 4898
3 5072 5071 4897
3 5073 4898 4899
3 5073 5072 4898
3 5074 4899 4900
3 5074 5073 4899
3 5075 4900 4901
3 5075 5074 4900
3 5076 4901 4902
3 5076 5075 4901
3 5077 4902 4903
3 5077 5076 4902
3 5078 4903 4904
3 5078 5077 4903
3 5079 4904 4905
3 5079 5078 4904
3 5080 4905 4906
3 5080 5079 4905
3 5081 4906 4907
3 5081 5080 4906
3 5082 4907 4908
3 5082 5081 4907
3 5083 4908 4909
3 5083 5082 4908
3 5084 4909 4910
3 5084 5083 4909
3 5085 4910 4911
3 5085 5084 4910
3 5086 4911 4912
3 5086 5085 4911
3 5087 4912 4913
3 5087 5086 4912
3 5088 4913 4914
3 5088 5087 4913
3 5089 4914 4915
3 5089 5088 4914
3 5090 4915 4916
3 5090 5089 4915
3 5091 4916 4917
3 5091 5090 4916
3 5092 4917 4918
3 5092 5091 4917
3 5093 4918 4919
3 5093 5092 4918
3 5094 4919 4920
3 5094 5093 4919
3 5095 4920 4921
3 5095 5094 4920
3 5096 4921 4922
3 5096 5095 4921
3 5097 4922 4923
3 5097 5096 4922
3 4923 4925 5097
3 5097 4925 5098
3 5100 5099 4928
3 4928 5099 4927
3 4928 4895 5069
3 4928 5069 5100
3 4925 4929 5101
3 5102 4925 5101
3 5098 4925 5102
3 4931 5101 4929
3 5099 4932 4927
3 5103 4932 5099
3 5104 5102 5101
3 5101 4931 5104
3 4931 5105 5104
3 4931 4933 5105
3 5108 5107 5106
3 5103 5108 5106
3 4935 5103 5106
3 4932 5103 4935
3 4936 5105 4933
3 4936 5109 5105
3 5106 5107 4939
3 5107 4938 4939
3 5107 5110 4938
3 5106 4939 4935
3 4940 5109 4936
3 4940 5111 5109
3 5112 4941 4942
3 5113 5112 4942
3 4938 5113 4942
3 5110 5113 4938
3 4943 5111 4940
3 4943 5114 5111
3 5115 4945 4946
3 5116 5115 4946
3 5116 4946 4941
3 5117 5116 4941
3 5112 5117 4941
3 5117 5112 5113
3 4948 5114 4943
3 4948 5118 5114
3 5119 4949 5115
3 5115 4949 4945
3 5115 5116 5120
3 5115 5120 5119
3 4951 5118 4948
3 4951 5121 5118
3 5119 4952 4949
3 4954 4952 5119
3 5120 4954 5119
3 5122 4954 5120
3 4956 5121 4951
3 4956 5123 5121
3 5124 4957 4958
3 5125 5124 4958
3 4954 5125 4958
3 5122 5125 4954
3 4960 5123 4956
3 4960 5126 5123
3 5127 4961 5124
3 5124 4961 4957
3 5124 5125 5128
3 5124 5128 5127
3 4963 5126 4960
3 4963 5129 5126
3 5127 4964 4961
3 4966 4964 5127
3 5128 4966 5127
3 5130 4966 5128
3 4968 5129 4963
3 4968 5131 5129
3 5132 4969 4970
3 5133 5132 4970
3 4966 5133 4970
3 5130 5133 4966
3 4972 5131 4968
3 4972 5134 5131
3 5135 4973 5132
3 5132 4973 4969
3 5132 5133 5136
3 5132 5136 5135
3 4975 5134 4972
3 4975 5137 5134
3 5138 4976 5135
3 5135 4976 4973
3 5135 5136 5139
3 5135 5139 5138
3 4978 5137 4975
3 4978 5140 5137
3 5138 4979 4976
3 4981 4979 5138
3 5139 4981 5138
3 5141 4981 5139
3 4983 5140 4978
3 4983 5142 5140
3 5143 4984 4985
3 5144 5143 4985
3 4981 5144 4985
3 5141 5144 4981
3 4987 5142 4983
3 4987 5145 5142
3 5146 4988 5143
3 5143 4988 4984
3 5143 5144 5147
3 5143 5147 5146
3 4987 4989 5148
3 5149 4987 5148
3 5145 4987 5149
3 4990 5148 4989
3 5146 4991 4988
3 4993 4991 5146
3 5147 4993 5146
3 5150 4993 5147
3 5149 5148 5151
3 5149 5151 5152
3 4994 5151 4990
3 4990 5151 5148
3 5153 4995 4996
3 5154 5153 4996
3 4993 5154 4996
3 5150 5154 4993
3 5152 5151 4998
3 4999 5152 4998
3 5155 5152 4999
3 4998 5151 4994
3 5156 5000 5153
3 5153 5000 4995
3 5153 5154 5157
3 5153 5157 5156
3 5002 5155 4999
3 5002 5158 5155
3 5156 5003 5000
3 5005 5003 5156
3 5157 5005 5156
3 5159 5005 5157
3 5006 5158 5002
3 5006 5160 5158
3 5161 5007 5008
3 5162 5161 5008
3 5005 5162 5008
3 5159 5162 5005
3 5006 5009 5163
3 5164 5006 5163
3 5160 5006 5164
3 5010 5163 5009
3 5165 5011 5161
3 5161 5011 5007
3 5161 5162 5166
3 5161 5166 5165
3 5164 5163 5167
3 5164 5167 5168
3 5012 5167 5010
3 5010 5167 5163
3 5165 5013 5011
3 5014 5013 5165
3 5166 5014 5165
3 5169 5014 5166
3 5168 5167 5170
3 5168 5170 5171
3 5015 5170 5012
3 5012 5170 5167
3 5169 5016 5014
3 5172 5016 5169
3 5171 5170 5017
3 5018 5171 5017
3 5173 5171 5018
3 5017 5170 5015
3 5172 5174 5016
3 5016 5174 5019
3 5020 5019 5174
3 5020 5174 5175
3 5021 5173 5018
3 5021 5176 5173
3 5175 5177 5020
3 5020 5177 5022
3 5024 5022 5177
3 5024 5177 5178
3 5026 5176 5021
3 5026 5179 5176
3 5178 5027 5024
3 5180 5027 5178
3 5182 5181 5028
3 5182 5028 5029
3 5026 5028 5179
3 5179 5028 5181
3 5180 5183 5027
3 5027 5183 5030
3 5031 5030 5183
3 5031 5183 5184
3 5186 5185 5033
3 5186 5033 5034
3 5029 5033 5182
3 5182 5033 5185
3 5184 5187 5031
3 5031 5187 5035
3 5035 5188 5036
3 5187 5188 5035
3 5036 5189 5037
3 5188 5189 5036
3 5037 5190 5038
3 5189 5190 5037
3 5038 5191 5039
3 5190 5191 5038
3 5039 5192 5040
3 5191 5192 5039
3 5040 5193 5041
3 5192 5193 5040
3 5195 5194 5042
3 5041 5195 5042
3 5193 5195 5041
3 5197 5196 5194
3 5197 5194 5195
3 5044 5045 5196
3 5197 5044 5196
3 5198 5044 5197
3 5044 5199 5046
3 5198 5199 5044
3 5046 5200 5047
3 5199 5200 5046
3 5047 5201 5048
3 5200 5201 5047
3 5048 5202 5049
3 5201 5202 5048
3 5049 5203 5050
3 5202 5203 5049
3 5050 5204 5051
3 5203 5204 5050
3 5051 5205 5052
3 5204 5205 5051
3 5207 5206 5053
3 5052 5207 5053
3 5205 5207 5052
3 5055 5056 5206
3 5207 5055 5206
3 5208 5055 5207
3 5055 5209 5058
3 5208 5209 5055
3 5058 5210 5059
3 5209 5210 5058
3 5059 5211 5060
3 5210 5211 5059
3 5060 5212 5061
3 5211 5212 5060
3 5061 5213 5062
3 5212 5213 5061
3 5062 5214 5063
3 5213 5214 5062
3 5063 5215 5064
3 5214 5215 5063
3 5064 5216 5065
3 5215 5216 5064
3 5034 5065 5186
3 5186 5065 5216
3 5194 5066 5042
3 5066 5194 5067
3 5067 5194 5196
3 5067 5196 5045
3 5206 5068 5053
3 5068 5206 5056
3 5218 5217 5070
3 5070 5217 5069
3 5219 5070 5071
3 5219 5218 5070
3 5220 5071 5072
3 5220 5219 5071
3 5221 5072 5073
3 5221 5220 5072
3 5222 5073 5074
3 5222 5221 5073
3 5223 5074 5075
3 5223 5222 5074
3 5224 5075 5076
3 5224 5223 5075
3 5225 5076 5077
3 5225 5224 5076
3 5226 5077 5078
3 5226 5225 5077
3 5227 5078 5079
3 5227 5226 5078
3 5228 5079 5080
3 5228 5227 5079
3 5229 5080 5081
3 5229 5228 5080
3 5230 5081 5082
3 5230 5229 5081
3 5231 5082 5083
3 5231 5230 5082
3 5232 5083 5084
3 5232 5231 5083
3 5233 5084 5085
3 5233 5232 5084
3 5234 5085 5086
3 5234 5233 5085
3 5235 5086 5087
3 5235 5234 5086
3 5236 5087 5088
3 5236 5235 5087
3 5237 5088 5089
3 5237 5236 5088
3 5238 5089 5090
3 5238 5237 5089
3 5239 5090 5091
3 5239 5238 5090
3 5240 5091 5092
3 5240 5239 5091
3 5241 5092 5093
3 5241 5240 5092
3 5242 5093 5094
3 5242 5241 5093
3 5243 5094 5095
3 5243 5242 5094
3 5244 5095 5096
3 5244 5243 5095
3 5245 5096 5097
3 5245 5244 5096
3 5097 5098 5245
3 5245 5098 5246
3 5248 5247 5100
3 5100 5247 5099
3 5100 5069 5217
3 5100 5217 5248
3 5102 5246 5098
3 5102 5249 5246
3 5247 5103 5099
3 5250 5103 5247
3 5102 5104 5251
3 5252 5102 5251
3 5249 5102 5252
3 5105 5251 5104
3 5254 5253 5108
3 5108 5253 5107
3 5108 5103 5250
3 5108 5250 5254
3 5255 5252 5251
3 5251 5105 5255
3 5105 5256 5255
3 5105 5109 5256
3 5253 5110 5107
3 5257 5110 5253
3 5111 5256 5109
3 5111 5258 5256
3 5257 5113 5110
3 5259 5113 5257
3 5114 5258 5111
3 5114 5260 5258
3 5261 5116 5117
3 5262 5261 5117
3 5113 5262 5117
3 5259 5262 5113
3 5118 5260 5114
3 5118 5263 5260
3 5264 5120 5261
3 5261 5120 5116
3 5261 5262 5265
3 5261 5265 5264
3 5121 5263 5118
3 5121 5266 5263
3 5267 5122 5264
3 5264 5122 5120
3 5264 5265 5268
3 5264 5268 5267
3 5123 5266 5121
3 5123 5269 5266
3 5270 5125 5267
3 5267 5125 5122
3 5267 5268 5271
3 5267 5271 5270
3 5126 5269 5123
3 5126 5272 5269
3 5273 5128 5270
3 5270 5128 5125
3 5270 5271 5274
3 5270 5274 5273
3 5129 5272 5126
3 5129 5275 5272
3 5276 5130 5273
3 5273 5130 5128
3 5273 5274 5277
3 5273 5277 5276
3 5131 5275 5129
3 5131 5278 5275
3 5279 5133 5276
3 5276 5133 5130
3 5276 5277 5280
3 5276 5280 5279
3 5134 5278 5131
3 5134 5281 5278
3 5282 5136 5279
3 5279 5136 5133
3 5279 5280 5283
3 5279 5283 5282
3 5137 5281 5134
3 5137 5284 5281
3 5285 5139 5282
3 5282 5139 5136
3 5282 5283 5286
3 5282 5286 5285
3 5140 5284 5137
3 5140 5287 5284
3 5288 5141 5285
3 5285 5141 5139
3 5285 5286 5289
3 5285 5289 5288
3 5142 5287 5140
3 5142 5290 5287
3 5291 5144 5288
3 5288 5144 5141
3 5288 5289 5292
3 5288 5292 5291
3 5145 5290 5142
3 5145 5293 5290
3 5294 5147 5291
3 5291 5147 5144
3 5291 5292 5295
3 5291 5295 5294
3 5149 5293 5145
3 5149 5296 5293
3 5297 5150 5294
3 5294 5150 5147
3 5294 5295 5298
3 5294 5298 5297
3 5152 5296 5149
3 5152 5299 5296
3 5300 5154 5297
3 5297 5154 5150
3 5297 5298 5301
3 5297 5301 5300
3 5155 5299 5152
3 5155 5302 5299
3 5303 5157 5300
3 5300 5157 5154
3 5300 5301 5304
3 5300 5304 5303
3 5158 5302 5155
3 5158 5305 5302
3 5306 5159 5303
3 5303 5159 5157
3 5303 5304 5307
3 5303 5307 5306
3 5160 5305 5158
3 5160 5308 5305
3 5309 5162 5306
3 5306 5162 5159
3 5306 5307 5310
3 5306 5310 5309
3 5164 5308 5160
3 5164 5311 5308
3 5312 5166 5309
3 5309 5166 5162
3 5309 5310 5313
3 5309 5313 5312
3 5168 5311 5164
3 5168 5314 5311
3 5315 5169 5312
3 5312 5169 5166
3 5312 5313 5316
3 5312 5316 5315
3 5171 5314 5168
3 5171 5317 5314
3 5318 5172 5315
3 5315 5172 5169
3 5315 5316 5319
3 5315 5319 5318
3 5173 5317 5171
3 5173 5320 5317
3 5318 5174 5172
3 5175 5174 5318
3 5319 5175 5318
3 5321 5175 5319
3 5176 5320 5173
3 5176 5322 5320
3 5177 5175 5323
3 5175 5324 5323
3 5175 5321 5324
3 5323 5178 5177
3 5179 5322 5176
3 5179 5325 5322
3 5324 5326 5323
3 5178 5323 5326
3 5327 5178 5326
3 5180 5178 5327
3 5182 5328 5181
3 5328 5329 5181
3 5329 5179 5181
3 5329 5325 5179
3 5327 5330 5180
3 5180 5330 5183
3 5184 5183 5330
3 5184 5330 5331
3 5186 5332 5185
3 5332 5333 5185
3 5185 5333 5182
3 5333 5334 5182
3 5334 5328 5182
3 5328 5334 5329
3 5331 5335 5184
3 5184 5335 5187
3 5187 5336 5188
3 5335 5336 5187
3 5188 5337 5189
3 5336 5337 5188
3 5189 5338 5190
3 5337 5338 5189
3 5190 5339 5191
3 5338 5339 5190
3 5191 5340 5192
3 5339 5340 5191
3 5192 5341 5193
3 5340 5341 5192
3 5193 5342 5195
3 5341 5342 5193
3 5195 5343 5197
3 5342 5343 5195
3 5197 5344 5198
3 5343 5344 5197
3 5198 5345 5199
3 5344 5345 5198
3 5199 5346 5200
3 5345 5346 5199
3 5200 5347 5201
3 5346 5347 5200
3 5201 5348 5202
3 5347 5348 5201
3 5202 5349 5203
3 5348 5349 5202
3 5203 5350 5204
3 5349 5350 5203
3 5204 5351 5205
3 5350 5351 5204
3 5205 5352 5207
3 5351 5352 5205
3 5207 5353 5208
3 5352 5353 5207
3 5208 5354 5209
3 5353 5354 5208
3 5209 5355 5210
3 5354 5355 5209
3 5210 5356 5211
3 5355 5356 5210
3 5211 5357 5212
3 5356 5357 5211
3 5212 5358 5213
3 5357 5358 5212
3 5213 5359 5214
3 5358 5359 5213
3 5214 5360 5215
3 5359 5360 5214
3 5215 5361 5216
3 5360 5361 5215
3 5186 5216 5332
3 5216 5362 5332
3 5216 5361 5362
3 5332 5362 5333
3 5363 5217 5218
3 5363 5218 5364
3 5218 5365 5364
3 5218 5219 5365
3 5366 5219 5220
3 5366 5365 5219
3 5367 5220 5221
3 5367 5366 5220
3 5368 5221 5222
3 5368 5367 5221
3 5369 5222 5223
3 5369 5368 5222
3 5370 5223 5224
3 5370 5369 5223
3 5371 5224 5225
3 5371 5370 5224
3 5372 5225 5226
3 5372 5371 5225
3 5373 5226 5227
3 5373 5372 5226
3 5375 5373 5374
3 5373 5228 5374
3 5373 5227 5228
3 5229 5376 5228
3 5228 5376 5374
3 5230 5377 5229
3 5229 5377 5376
3 5377 5230 5378
3 5230 5379 5378
3 5230 5231 5379
3 5380 5231 5232
3 5380 5379 5231
3 5381 5232 5233
3 5381 5380 5232
3 5382 5233 5234
3 5382 5381 5233
3 5383 5234 5235
3 5383 5382 5234
3 5384 5235 5236
3 5384 5383 5235
3 5385 5236 5237
3 5385 5384 5236
3 5386 5237 5238
3 5386 5385 5237
3 5387 5238 5239
3 5387 5386 5238
3 5388 5239 5240
3 5388 5387 5239
3 5389 5240 5241
3 5389 5388 5240
3 5390 5241 5242
3 5390 5389 5241
3 5391 5242 5243
3 5391 5390 5242
3 5392 5243 5244
3 5392 5391 5243
3 5394 5392 5393
3 5392 5245 5393
3 5392 5244 5245
3 5246 5393 5245
3 5395 5247 5248
3 5396 5395 5248
3 5396 5248 5217
3 5397 5396 5217
3 5363 5397 5217
3 5397 5363 5364
3 5398 5375 5374
3 5398 5374 5376
3 5398 5376 5399
3 5399 5376 5377
3 5399 5377 5400
3 5400 5377 5378
3 5401 5394 5393
3 5393 5246 5401
3 5246 5402 5401
3 5246 5249 5402
3 5404 5403 5395
3 5403 5247 5395
3 5403 5250 5247
3 5404 5395 5396
3 5252 5402 5249
3 5252 5405 5402
3 5406 5253 5254
3 5407 5406 5254
3 5250 5407 5254
3 5403 5407 5250
3 5408 5405 5252
3 5408 5252 5255
3 5255 5256 5408
3 5408 5256 5409
3 5411 5410 5406
3 5410 5253 5406
3 5410 5257 5253
3 5411 5406 5407
3 5258 5409 5256
3 5258 5412 5409
3 5410 5259 5257
3 5413 5259 5410
3 5260 5412 5258
3 5260 5414 5412
3 5416 5262 5415
3 5262 5413 5415
3 5262 5259 5413
3 5417 5416 5415
3 5263 5414 5260
3 5263 5418 5414
3 5420 5419 5416
3 5419 5262 5416
3 5419 5265 5262
3 5420 5416 5417
3 5266 5418 5263
3 5266 5421 5418
3 5419 5268 5265
3 5422 5268 5419
3 5425 5424 5423
3 5424 5421 5423
3 5421 5269 5423
3 5421 5266 5269
3 5427 5271 5426
3 5271 5422 5426
3 5271 5268 5422
3 5428 5427 5426
3 5429 5425 5423
3 5423 5269 5429
3 5269 5430 5429
3 5269 5272 5430
3 5431 5274 5427
3 5427 5274 5271
3 5427 5428 5432
3 5427 5432 5431
3 5275 5430 5272
3 5275 5433 5430
3 5435 5434 5431
3 5434 5274 5431
3 5434 5277 5274
3 5435 5431 5432
3 5278 5433 5275
3 5278 5436 5433
3 5438 5280 5437
3 5280 5434 5437
3 5280 5277 5434
3 5439 5438 5437
3 5281 5436 5278
3 5281 5440 5436
3 5441 5283 5438
3 5438 5283 5280
3 5438 5439 5442
3 5438 5442 5441
3 5284 5440 5281
3 5284 5443 5440
3 5445 5444 5441
3 5444 5283 5441
3 5444 5286 5283
3 5445 5441 5442
3 5287 5443 5284
3 5287 5446 5443
3 5444 5289 5286
3 5447 5289 5444
3 5450 5449 5448
3 5449 5446 5448
3 5446 5290 5448
3 5446 5287 5290
3 5452 5292 5451
3 5292 5447 5451
3 5292 5289 5447
3 5453 5452 5451
3 5454 5450 5448
3 5448 5290 5454
3 5290 5455 5454
3 5290 5293 5455
3 5457 5456 5452
3 5456 5292 5452
3 5456 5295 5292
3 5457 5452 5453
3 5296 5455 5293
3 5296 5458 5455
3 5460 5298 5459
3 5298 5456 5459
3 5298 5295 5456
3 5461 5460 5459
3 5299 5458 5296
3 5299 5462 5458
3 5463 5301 5460
3 5460 5301 5298
3 5460 5461 5464
3 5460 5464 5463
3 5302 5462 5299
3 5302 5465 5462
3 5466 5304 5463
3 5463 5304 5301
3 5463 5464 5467
3 5463 5467 5466
3 5470 5469 5468
3 5469 5465 5468
3 5465 5305 5468
3 5465 5302 5305
3 5472 5471 5466
3 5471 5304 5466
3 5471 5307 5304
3 5472 5466 5467
3 5473 5470 5468
3 5468 5305 5473
3 5305 5474 5473
3 5305 5308 5474
3 5476 5310 5475
3 5310 5471 5475
3 5310 5307 5471
3 5477 5476 5475
3 5480 5479 5478
3 5479 5474 5478
3 5474 5311 5478
3 5474 5308 5311
3 5482 5481 5476
3 5481 5310 5476
3 5481 5313 5310
3 5482 5476 5477
3 5483 5480 5478
3 5478 5311 5483
3 5311 5484 5483
3 5311 5314 5484
3 5481 5316 5313
3 5485 5316 5481
3 5317 5484 5314
3 5317 5486 5484
3 5488 5319 5487
3 5319 5485 5487
3 5319 5316 5485
3 5489 5488 5487
3 5320 5486 5317
3 5320 5490 5486
3 5491 5321 5488
3 5488 5321 5319
3 5488 5489 5492
3 5488 5492 5491
3 5322 5490 5320
3 5322 5493 5490
3 5494 5324 5491
3 5491 5324 5321
3 5491 5492 5495
3 5491 5495 5494
3 5325 5493 5322
3 5325 5496 5493
3 5494 5326 5324
3 5327 5326 5494
3 5495 5327 5494
3 5497 5327 5495
3 5329 5496 5325
3 5329 5498 5496
3 5497 5499 5327
3 5327 5499 5330
3 5331 5330 5499
3 5331 5499 5500
3 5503 5502 5501
3 5334 5333 5501
3 5502 5334 5501
3 5504 5334 5502
3 5329 5334 5498
3 5498 5334 5504
3 5500 5505 5331
3 5331 5505 5335
3 5335 5506 5336
3 5505 5506 5335
3 5336 5507 5337
3 5506 5507 5336
3 5337 5508 5338
3 5507 5508 5337
3 5338 5509 5339
3 5508 5509 5338
3 5339 5510 5340
3 5509 5510 5339
3 5340 5511 5341
3 5510 5511 5340
3 5341 5512 5342
3 5511 5512 5341
3 5342 5513 5343
3 5512 5513 5342
3 5343 5514 5344
3 5513 5514 5343
3 5344 5515 5345
3 5514 5515 5344
3 5345 5516 5346
3 5515 5516 5345
3 5346 5517 5347
3 5516 5517 5346
3 5347 5518 5348
3 5517 5518 5347
3 5348 5519 5349
3 5518 5519 5348
3 5349 5520 5350
3 5519 5520 5349
3 5350 5521 5351
3 5520 5521 5350
3 5351 5522 5352
3 5521 5522 5351
3 5352 5523 5353
3 5522 5523 5352
3 5353 5524 5354
3 5523 5524 5353
3 5354 5525 5355
3 5524 5525 5354
3 5355 5526 5356
3 5525 5526 5355
3 5356 5527 5357
3 5526 5527 5356
3 5357 5528 5358
3 5527 5528 5357
3 5358 5529 5359
3 5528 5529 5358
3 5359 5530 5360
3 5529 5530 5359
3 5360 5531 5361
3 5530 5531 5360
3 5501 5362 5503
3 5362 5531 5503
3 5362 5361 5531
3 5362 5501 5333
3 5534 5533 5532
3 5364 5365 5532
3 5365 5534 5532
3 5365 5535 5534
3 5536 5365 5366
3 5536 5535 5365
3 5537 5366 5367
3 5537 5536 5366
3 5538 5367 5368
3 5538 5537 5367
3 5539 5368 5369
3 5539 5538 5368
3 5540 5369 5370
3 5540 5539 5369
3 5541 5370 5371
3 5541 5540 5370
3 5543 5541 5542
3 5541 5372 5542
3 5541 5371 5372
3 5373 5544 5372
3 5372 5544 5542
3 5375 5544 5373
3 5546 5545 5379
3 5379 5545 5378
3 5547 5379 5380
3 5547 5546 5379
3 5548 5380 5381
3 5548 5547 5380
3 5549 5381 5382
3 5549 5548 5381
3 5550 5382 5383
3 5550 5549 5382
3 5551 5383 5384
3 5551 5550 5383
3 5552 5384 5385
3 5552 5551 5384
3 5553 5385 5386
3 5553 5552 5385
3 5554 5386 5387
3 5554 5553 5386
3 5555 5387 5388
3 5555 5554 5387
3 5556 5388 5389
3 5556 5555 5388
3 5557 5389 5390
3 5557 5556 5389
3 5559 5557 5558
3 5557 5391 5558
3 5557 5390 5391
3 5392 5560 5391
3 5391 5560 5558
3 5394 5560 5392
3 5532 5533 5397
3 5533 5396 5397
3 5533 5561 5396
3 5532 5397 5364
3 5562 5543 5542
3 5562 5542 5544
3 5562 5544 5563
3 5563 5544 5375
3 5398 5563 5375
3 5564 5563 5398
3 5565 5398 5399
3 5565 5564 5398
3 5566 5399 5400
3 5566 5565 5399
3 5400 5378 5545
3 5400 5545 5566
3 5567 5559 5558
3 5567 5558 5560
3 5567 5560 5568
3 5568 5560 5394
3 5401 5568 5394
3 5569 5568 5401
3 5401 5402 5569
3 5569 5402 5570
3 5572 5571 5404
3 5404 5571 5403
3 5404 5396 5561
3 5404 5561 5572
3 5405 5570 5402
3 5405 5573 5570
3 5571 5407 5403
3 5574 5407 5571
3 5405 5408 5575
3 5576 5405 5575
3 5573 5405 5576
3 5409 5575 5408
3 5577 5410 5411
3 5407 5574 5578
3 5577 5407 5578
3 5579 5577 5578
3 5411 5407 5577
3 5580 5579 5578
3 5576 5575 5581
3 5576 5581 5582
3 5412 5581 5409
3 5409 5581 5575
3 5583 5413 5577
3 5577 5413 5410
3 5579 5585 5584
3 5583 5579 5584
3 5577 5579 5583
3 5585 5579 5580
3 5582 5581 5586
3 5582 5586 5587
3 5414 5586 5412
3 5412 5586 5581
3 5583 5415 5413
3 5417 5415 5583
3 5584 5417 5583
3 5588 5417 5584
3 5587 5586 5589
3 5587 5589 5590
3 5418 5589 5414
3 5414 5589 5586
3 5591 5419 5420
3 5592 5591 5420
3 5417 5592 5420
3 5588 5592 5417
3 5590 5589 5593
3 5590 5593 5594
3 5421 5593 5418
3 5418 5593 5589
3 5595 5422 5591
3 5591 5422 5419
3 5591 5592 5596
3 5591 5596 5595
3 5594 5593 5424
3 5425 5594 5424
3 5597 5594 5425
3 5424 5593 5421
3 5595 5426 5422
3 5428 5426 5595
3 5596 5428 5595
3 5598 5428 5596
3 5425 5429 5599
3 5600 5425 5599
3 5597 5425 5600
3 5430 5599 5429
3 5598 5432 5428
3 5601 5432 5598
3 5600 5599 5602
3 5600 5602 5603
3 5433 5602 5430
3 5430 5602 5599
3 5604 5434 5435
3 5605 5604 5435
3 5432 5605 5435
3 5601 5605 5432
3 5603 5602 5606
3 5603 5606 5607
3 5436 5606 5433
3 5433 5606 5602
3 5604 5437 5434
3 5439 5437 5604
3 5605 5439 5604
3 5608 5439 5605
3 5607 5606 5609
3 5607 5609 5610
3 5440 5609 5436
3 5436 5609 5606
3 5608 5442 5439
3 5611 5442 5608
3 5610 5609 5612
3 5610 5612 5613
3 5443 5612 5440
3 5440 5612 5609
3 5614 5444 5445
3 5615 5614 5445
3 5442 5615 5445
3 5611 5615 5442
3 5613 5612 5616
3 5613 5616 5617
3 5446 5616 5443
3 5443 5616 5612
3 5618 5447 5614
3 5614 5447 5444
3 5614 5615 5619
3 5614 5619 5618
3 5617 5616 5449
3 5450 5617 5449
3 5620 5617 5450
3 5449 5616 5446
3 5618 5451 5447
3 5453 5451 5618
3 5619 5453 5618
3 5621 5453 5619
3 5450 5454 5622
3 5623 5450 5622
3 5620 5450 5623
3 5455 5622 5454
3 5624 5456 5457
3 5625 5624 5457
3 5453 5625 5457
3 5621 5625 5453
3 5623 5622 5626
3 5623 5626 5627
3 5458 5626 5455
3 5455 5626 5622
3 5624 5459 5456
3 5461 5459 5624
3 5625 5461 5624
3 5628 5461 5625
3 5627 5626 5629
3 5627 5629 5630
3 5462 5629 5458
3 5458 5629 5626
3 5628 5464 5461
3 5631 5464 5628
3 5630 5629 5632
3 5630 5632 5633
3 5465 5632 5462
3 5462 5632 5629
3 5631 5467 5464
3 5634 5467 5631
3 5633 5632 5469
3 5470 5633 5469
3 5635 5633 5470
3 5469 5632 5465
3 5636 5471 5472
3 5637 5636 5472
3 5467 5637 5472
3 5634 5637 5467
3 5470 5473 5638
3 5639 5470 5638
3 5635 5470 5639
3 5474 5638 5473
3 5636 5475 5471
3 5477 5475 5636
3 5637 5477 5636
3 5640 5477 5637
3 5639 5638 5479
3 5480 5639 5479
3 5641 5639 5480
3 5479 5638 5474
3 5642 5481 5482
3 5643 5642 5482
3 5477 5643 5482
3 5640 5643 5477
3 5480 5483 5644
3 5645 5480 5644
3 5641 5480 5645
3 5484 5644 5483
3 5646 5485 5642
3 5642 5485 5481
3 5642 5643 5647
3 5642 5647 5646
3 5645 5644 5648
3 5645 5648 5649
3 5486 5648 5484
3 5484 5648 5644
3 5646 5487 5485
3 5489 5487 5646
3 5647 5489 5646
3 5650 5489 5647
3 5649 5648 5651
3 5649 5651 5652
3 5490 5651 5486
3 5486 5651 5648
3 5650 5492 5489
3 5653 5492 5650
3 5652 5651 5654
3 5652 5654 5655
3 5493 5654 5490
3 5490 5654 5651
3 5653 5495 5492
3 5656 5495 5653
3 5655 5654 5657
3 5655 5657 5658
3 5496 5657 5493
3 5493 5657 5654
3 5656 5497 5495
3 5659 5497 5656
3 5658 5657 5660
3 5658 5660 5661
3 5498 5660 5496
3 5496 5660 5657
3 5659 5662 5497
3 5497 5662 5499
3 5500 5499 5662
3 5500 5662 5663
3 5666 5665 5664
3 5667 5664 5665
3 5670 5669 5668
3 5672 5671 5668
3 5672 5668 5669
3 5674 5673 5671
3 5674 5671 5672
3 5675 5673 5674
3 5678 5677 5676
3 5680 5679 5676
3 5680 5676 5677
3 5681 5679 5680
3 5684 5683 5682
3 5686 5685 5682
3 5686 5682 5683
3 5687 5685 5686
3 5690 5689 5688
3 5691 5688 5689
3 5694 5693 5692
3 5502 5503 5692
3 5693 5502 5692
3 5695 5502 5693
3 5660 5504 5661
3 5504 5695 5661
3 5504 5502 5695
3 5504 5660 5498
3 5663 5696 5500
3 5500 5696 5505
3 5505 5697 5506
3 5696 5697 5505
3 5506 5698 5507
3 5697 5698 5506
3 5664 5508 5666
3 5508 5698 5666
3 5508 5507 5698
3 5667 5699 5664
3 5699 5508 5664
3 5699 5509 5508
3 5509 5700 5510
3 5699 5700 5509
3 5510 5701 5511
3 5700 5701 5510
3 5668 5512 5670
3 5512 5701 5670
3 5512 5511 5701
3 5512 5668 5513
3 5513 5668 5671
3 5513 5671 5514
3 5514 5671 5673
3 5675 5702 5673
3 5702 5514 5673
3 5702 5515 5514
3 5515 5703 5516
3 5702 5703 5515
3 5516 5704 5517
3 5703 5704 5516
3 5676 5518 5678
3 5518 5704 5678
3 5518 5517 5704
3 5518 5676 5519
3 5519 5676 5679
3 5681 5705 5679
3 5705 5519 5679
3 5705 5520 5519
3 5520 5706 5521
3 5705 5706 5520
3 5682 5522 5684
3 5522 5706 5684
3 5522 5521 5706
3 5522 5682 5523
3 5523 5682 5685
3 5687 5707 5685
3 5707 5523 5685
3 5707 5524 5523
3 5524 5708 5525
3 5707 5708 5524
3 5525 5709 5526
3 5708 5709 5525
3 5526 5710 5527
3 5709 5710 5526
3 5688 5528 5690
3 5528 5710 5690
3 5528 5527 5710
3 5691 5711 5688
3 5711 5528 5688
3 5711 5529 5528
3 5529 5712 5530
3 5711 5712 5529
3 5692 5531 5694
3 5531 5712 5694
3 5531 5530 5712
3 5531 5692 5503
3 5713 5533 5534
3 5535 5714 5534
3 5534 5714 5713
3 5536 5715 5535
3 5535 5715 5714
3 5537 5716 5536
3 5536 5716 5715
3 5538 5717 5537
3 5537 5717 5716
3 5539 5718 5538
3 5538 5718 5717
3 5540 5719 5539
3 5539 5719 5718
3 5541 5720 5540
3 5540 5720 5719
3 5543 5720 5541
3 5721 5545 5546
3 5547 5722 5546
3 5546 5722 5721
3 5548 5723 5547
3 5547 5723 5722
3 5549 5724 5548
3 5548 5724 5723
3 5550 5725 5549
3 5549 5725 5724
3 5551 5726 5550
3 5550 5726 5725
3 5552 5727 5551
3 5551 5727 5726
3 5553 5728 5552
3 5552 5728 5727
3 5554 5729 5553
3 5553 5729 5728
3 5555 5730 5554
3 5554 5730 5729
3 5556 5731 5555
3 5555 5731 5730
3 5557 5732 5556
3 5556 5732 5731
3 5559 5732 5557
3 5734 5733 5713
3 5733 5533 5713
3 5733 5561 5533
3 5734 5713 5714
3 5734 5714 5735
3 5735 5714 5715
3 5735 5715 5736
3 5736 5715 5716
3 5736 5716 5737
3 5737 5716 5717
3 5737 5717 5738
3 5738 5717 5718
3 5738 5718 5739
3 5739 5718 5719
3 5739 5719 5740
3 5740 5719 5720
3 5740 5720 5741
3 5741 5720 5543
3 5562 5741 5543
3 5742 5741 5562
3 5743 5562 5563
3 5743 5742 5562
3 5744 5563 5564
3 5744 5743 5563
3 5745 5564 5565
3 5745 5744 5564
3 5747 5745 5746
3 5745 5566 5746
3 5745 5565 5566
3 5748 5746 5566
3 5748 5566 5545
3 5749 5748 5545
3 5721 5749 5545
3 5749 5721 5722
3 5749 5722 5750
3 5750 5722 5723
3 5750 5723 5751
3 5751 5723 5724
3 5751 5724 5752
3 5752 5724 5725
3 5752 5725 5753
3 5753 5725 5726
3 5753 5726 5754
3 5754 5726 5727
3 5754 5727 5755
3 5755 5727 5728
3 5755 5728 5756
3 5756 5728 5729
3 5756 5729 5757
3 5757 5729 5730
3 5757 5730 5758
3 5758 5730 5731
3 5758 5731 5759
3 5759 5731 5732
3 5759 5732 5760
3 5762 5760 5761
3 5761 5760 5567
3 5760 5732 5567
3 5732 5559 5567
3 5761 5567 5763
3 5567 5764 5763
3 5567 5568 5764
3 5765 5568 5569
3 5765 5764 5568
3 5569 5570 5765
3 5765 5570 5766
3 5767 5571 5572
3 5768 5767 5572
3 5561 5768 5572
3 5733 5768 5561
3 5769 5747 5746
3 5769 5746 5748
3 5770 5762 5761
3 5770 5761 5763
3 5573 5766 5570
3 5573 5771 5766
3 5772 5574 5767
3 5767 5574 5571
3 5767 5768 5773
3 5767 5773 5772
3 5576 5771 5573
3 5576 5774 5771
3 5772 5578 5574
3 5580 5578 5772
3 5773 5580 5772
3 5775 5580 5773
3 5582 5774 5576
3 5582 5776 5774
3 5777 5584 5585
3 5778 5777 5585
3 5580 5778 5585
3 5775 5778 5580
3 5587 5776 5582
3 5587 5779 5776
3 5780 5588 5777
3 5777 5588 5584
3 5777 5778 5781
3 5777 5781 5780
3 5590 5779 5587
3 5590 5782 5779
3 5783 5592 5780
3 5780 5592 5588
3 5780 5781 5784
3 5780 5784 5783
3 5594 5782 5590
3 5594 5785 5782
3 5786 5596 5783
3 5783 5596 5592
3 5783 5784 5787
3 5783 5787 5786
3 5597 5785 5594
3 5597 5788 5785
3 5789 5598 5786
3 5786 5598 5596
3 5786 5787 5790
3 5786 5790 5789
3 5600 5788 5597
3 5600 5791 5788
3 5792 5601 5789
3 5789 5601 5598
3 5789 5790 5793
3 5789 5793 5792
3 5796 5795 5794
3 5795 5791 5794
3 5791 5603 5794
3 5791 5600 5603
3 5797 5605 5792
3 5792 5605 5601
3 5792 5793 5798
3 5792 5798 5797
3 5799 5796 5794
3 5794 5603 5799
3 5603 5800 5799
3 5603 5607 5800
3 5801 5608 5797
3 5797 5608 5605
3 5797 5798 5802
3 5797 5802 5801
3 5610 5800 5607
3 5610 5803 5800
3 5804 5611 5801
3 5801 5611 5608
3 5801 5802 5805
3 5801 5805 5804
3 5613 5803 5610
3 5613 5806 5803
3 5807 5615 5804
3 5804 5615 5611
3 5804 5805 5808
3 5804 5808 5807
3 5617 5806 5613
3 5617 5809 5806
3 5810 5619 5807
3 5807 5619 5615
3 5807 5808 5811
3 5807 5811 5810
3 5620 5809 5617
3 5620 5812 5809
3 5813 5621 5810
3 5810 5621 5619
3 5810 5811 5814
3 5810 5814 5813
3 5623 5812 5620
3 5623 5815 5812
3 5816 5625 5813
3 5813 5625 5621
3 5813 5814 5817
3 5813 5817 5816
3 5627 5815 5623
3 5627 5818 5815
3 5819 5628 5816
3 5816 5628 5625
3 5816 5817 5820
3 5816 5820 5819
3 5630 5818 5627
3 5630 5821 5818
3 5822 5631 5819
3 5819 5631 5628
3 5819 5820 5823
3 5819 5823 5822
3 5633 5821 5630
3 5633 5824 5821
3 5825 5634 5822
3 5822 5634 5631
3 5822 5823 5826
3 5822 5826 5825
3 5635 5824 5633
3 5635 5827 5824
3 5828 5637 5825
3 5825 5637 5634
3 5825 5826 5829
3 5825 5829 5828
3 5639 5827 5635
3 5639 5830 5827
3 5831 5640 5828
3 5828 5640 5637
3 5828 5829 5832
3 5828 5832 5831
3 5641 5830 5639
3 5641 5833 5830
3 5834 5643 5831
3 5831 5643 5640
3 5831 5832 5835
3 5831 5835 5834
3 5645 5833 5641
3 5645 5836 5833
3 5837 5647 5834
3 5834 5647 5643
3 5834 5835 5838
3 5834 5838 5837
3 5841 5840 5839
3 5840 5836 5839
3 5836 5649 5839
3 5836 5645 5649
3 5842 5650 5837
3 5837 5650 5647
3 5837 5838 5843
3 5837 5843 5842
3 5844 5841 5839
3 5839 5649 5844
3 5649 5845 5844
3 5649 5652 5845
3 5846 5653 5842
3 5842 5653 5650
3 5842 5843 5847
3 5842 5847 5846
3 5655 5845 5652
3 5655 5848 5845
3 5849 5656 5846
3 5846 5656 5653
3 5846 5847 5850
3 5846 5850 5849
3 5853 5852 5851
3 5854 5851 5852
3 5857 5856 5855
3 5858 5855 5856
3 5658 5848 5655
3 5658 5859 5848
3 5860 5659 5849
3 5849 5659 5656
3 5849 5850 5861
3 5849 5861 5860
3 5864 5863 5862
3 5866 5865 5862
3 5866 5862 5863
3 5865 5866 5853
3 5851 5865 5853
3 5867 5865 5851
3 5851 5854 5868
3 5851 5868 5867
3 5871 5870 5869
3 5873 5872 5869
3 5873 5869 5870
3 5872 5873 5857
3 5855 5872 5857
3 5874 5872 5855
3 5855 5858 5875
3 5855 5875 5874
3 5661 5859 5658
3 5661 5876 5859
3 5860 5662 5659
3 5878 5877 5663
3 5878 5663 5662
3 5861 5878 5662
3 5860 5861 5662
3 5880 5879 5877
3 5880 5877 5878
3 5882 5881 5879
3 5882 5879 5880
3 5665 5666 5881
3 5882 5665 5881
3 5883 5665 5882
3 5885 5884 5667
3 5665 5885 5667
3 5883 5885 5665
3 5887 5886 5884
3 5887 5884 5885
3 5889 5888 5886
3 5889 5886 5887
3 5669 5670 5888
3 5889 5669 5888
3 5890 5669 5889
3 5862 5672 5864
3 5672 5890 5864
3 5672 5669 5890
3 5672 5862 5674
3 5674 5862 5865
3 5674 5865 5675
3 5865 5891 5675
3 5865 5867 5891
3 5867 5868 5892
3 5893 5867 5892
3 5891 5867 5893
3 5895 5894 5893
3 5895 5893 5892
3 5677 5678 5894
3 5895 5677 5894
3 5896 5677 5895
3 5677 5897 5680
3 5896 5897 5677
3 5899 5898 5681
3 5680 5899 5681
3 5897 5899 5680
3 5901 5900 5898
3 5901 5898 5899
3 5683 5684 5900
3 5901 5683 5900
3 5902 5683 5901
3 5683 5903 5686
3 5902 5903 5683
3 5905 5904 5687
3 5686 5905 5687
3 5903 5905 5686
3 5904 5905 5871
3 5869 5904 5871
3 5906 5904 5869
3 5907 5869 5872
3 5906 5869 5907
3 5908 5872 5874
3 5907 5872 5908
3 5910 5909 5875
3 5909 5911 5875
3 5689 5875 5911
3 5875 5689 5874
3 5690 5874 5689
3 5874 5690 5909
3 5909 5908 5874
3 5910 5908 5909
3 5909 5690 5911
3 5691 5689 5911
3 5914 5913 5912
3 5916 5915 5914
3 5916 5914 5912
3 5693 5694 5915
3 5916 5693 5915
3 5917 5693 5916
3 5693 5918 5695
3 5917 5918 5693
3 5661 5695 5876
3 5876 5695 5918
3 5877 5696 5663
3 5696 5877 5697
3 5697 5877 5879
3 5697 5879 5698
3 5698 5879 5881
3 5698 5881 5666
3 5884 5699 5667
3 5699 5884 5700
3 5700 5884 5886
3 5700 5886 5701
3 5701 5886 5888
3 5701 5888 5670
3 5891 5702 5675
3 5702 5891 5703
3 5703 5891 5893
3 5703 5893 5704
3 5704 5893 5894
3 5704 5894 5678
3 5898 5705 5681
3 5705 5898 5706
3 5706 5898 5900
3 5706 5900 5684
3 5904 5707 5687
3 5707 5904 5708
3 5708 5904 5906
3 5708 5906 5709
3 5709 5906 5907
3 5709 5907 5710
3 5710 5907 5908
3 5908 5910 5710
3 5910 5919 5710
3 5911 5690 5710
3 5911 5710 5919
3 5913 5914 5919
3 5914 5711 5919
3 5691 5911 5919
3 5691 5919 5711
3 5711 5914 5712
3 5712 5914 5915
3 5712 5915 5694
3 5920 5733 5734
3 5735 5921 5734
3 5734 5921 5920
3 5736 5922 5735
3 5735 5922 5921
3 5737 5923 5736
3 5736 5923 5922
3 5738 5924 5737
3 5737 5924 5923
3 5739 5925 5738
3 5738 5925 5924
3 5740 5926 5739
3 5739 5926 5925
3 5741 5927 5740
3 5740 5927 5926
3 5742 5928 5741
3 5741 5928 5927
3 5743 5929 5742
3 5742 5929 5928
3 5744 5930 5743
3 5743 5930 5929
3 5745 5931 5744
3 5744 5931 5930
3 5747 5931 5745
3 5932 5748 5749
3 5750 5933 5749
3 5749 5933 5932
3 5751 5934 5750
3 5750 5934 5933
3 5752 5935 5751
3 5751 5935 5934
3 5753 5936 5752
3 5752 5936 5935
3 5754 5937 5753
3 5753 5937 5936
3 5755 5938 5754
3 5754 5938 5937
3 5756 5939 5755
3 5755 5939 5938
3 5757 5940 5756
3 5756 5940 5939
3 5758 5941 5757
3 5757 5941 5940
3 5759 5942 5758
3 5758 5942 5941
3 5760 5943 5759
3 5759 5943 5942
3 5762 5943 5760
3 5944 5763 5764
3 5765 5945 5764
3 5764 5945 5944
3 5766 5945 5765
3 5946 5768 5920
3 5920 5768 5733
3 5947 5920 5921
3 5946 5920 5947
3 5948 5921 5922
3 5947 5921 5948
3 5949 5922 5923
3 5948 5922 5949
3 5950 5923 5924
3 5949 5923 5950
3 5951 5924 5925
3 5950 5924 5951
3 5952 5925 5926
3 5951 5925 5952
3 5953 5926 5927
3 5952 5926 5953
3 5954 5927 5928
3 5953 5927 5954
3 5955 5928 5929
3 5954 5928 5955
3 5956 5929 5930
3 5955 5929 5956
3 5957 5930 5931
3 5956 5930 5957
3 5769 5958 5747
3 5958 5931 5747
3 5958 5957 5931
3 5748 5932 5769
3 5932 5958 5769
3 5932 5959 5958
3 5960 5932 5933
3 5959 5932 5960
3 5961 5933 5934
3 5960 5933 5961
3 5962 5934 5935
3 5961 5934 5962
3 5963 5935 5936
3 5962 5935 5963
3 5964 5936 5937
3 5963 5936 5964
3 5965 5937 5938
3 5964 5937 5965
3 5966 5938 5939
3 5965 5938 5966
3 5967 5939 5940
3 5966 5939 5967
3 5968 5940 5941
3 5967 5940 5968
3 5969 5941 5942
3 5968 5941 5969
3 5970 5942 5943
3 5969 5942 5970
3 5770 5971 5762
3 5971 5943 5762
3 5971 5970 5943
3 5763 5944 5770
3 5944 5971 5770
3 5944 5972 5971
3 5973 5944 5945
3 5972 5944 5973
3 5771 5973 5766
3 5766 5973 5945
3 5974 5773 5946
3 5946 5773 5768
3 5947 5976 5975
3 5974 5947 5975
3 5946 5947 5974
3 5976 5947 5948
3 5976 5948 5977
3 5977 5948 5949
3 5977 5949 5978
3 5980 5979 5978
3 5949 5980 5978
3 5950 5980 5949
3 5981 5950 5951
3 5980 5950 5981
3 5982 5951 5952
3 5981 5951 5982
3 5983 5952 5953
3 5982 5952 5983
3 5984 5953 5954
3 5983 5953 5984
3 5985 5954 5955
3 5984 5954 5985
3 5986 5955 5956
3 5985 5955 5986
3 5987 5956 5957
3 5986 5956 5987
3 5988 5957 5958
3 5987 5957 5988
3 5989 5958 5959
3 5988 5958 5989
3 5960 5991 5990
3 5989 5960 5990
3 5959 5960 5989
3 5991 5960 5961
3 5991 5961 5992
3 5992 5961 5962
3 5992 5962 5993
3 5995 5994 5993
3 5962 5995 5993
3 5963 5995 5962
3 5996 5963 5964
3 5995 5963 5996
3 5997 5964 5965
3 5996 5964 5997
3 5998 5965 5966
3 5997 5965 5998
3 5999 5966 5967
3 5998 5966 5999
3 6000 5967 5968
3 5999 5967 6000
3 6001 5968 5969
3 6000 5968 6001
3 6002 5969 5970
3 6001 5969 6002
3 6003 5970 5971
3 6002 5970 6003
3 6004 5971 5972
3 6003 5971 6004
3 6005 5972 5973
3 6004 5972 6005
3 5774 6005 5771
3 5771 6005 5973
3 6006 5775 5974
3 5974 5775 5773
3 5974 5975 6007
3 6008 5974 6007
3 6006 5974 6008
3 6009 6008 6007
3 6010 5979 5980
3 6010 5980 5981
3 6010 5981 6011
3 6011 5981 5982
3 6011 5982 6012
3 6012 5982 5983
3 6012 5983 6013
3 6013 5983 5984
3 6013 5984 6014
3 6016 6015 6014
3 5984 6016 6014
3 5985 6016 5984
3 6017 5985 5986
3 6016 5985 6017
3 6018 5986 5987
3 6017 5986 6018
3 6019 5987 5988
3 6018 5987 6019
3 6020 5988 5989
3 6019 5988 6020
3 5989 5990 6021
3 5989 6021 6020
3 6022 5994 5995
3 6022 5995 5996
3 6022 5996 6023
3 6023 5996 5997
3 6023 5997 6024
3 6024 5997 5998
3 6024 5998 6025
3 6025 5998 5999
3 6025 5999 6026
3 6028 6027 6026
3 5999 6028 6026
3 6000 6028 5999
3 6029 6000 6001
3 6028 6000 6029
3 6030 6001 6002
3 6029 6001 6030
3 6031 6002 6003
3 6030 6002 6031
3 6032 6003 6004
3 6031 6003 6032
3 6033 6004 6005
3 6032 6004 6033
3 5776 6033 5774
3 5774 6033 6005
3 6034 5778 6006
3 6006 5778 5775
3 6035 6006 6008
3 6034 6006 6035
3 6008 6009 6036
3 6008 6036 6035
3 6037 6015 6016
3 6037 6016 6017
3 6037 6017 6038
3 6038 6017 6018
3 6038 6018 6039
3 6039 6018 6019
3 6039 6019 6040
3 6040 6019 6020
3 6040 6020 6041
3 6041 6020 6021
3 6042 6027 6028
3 6042 6028 6029
3 6042 6029 6043
3 6043 6029 6030
3 6043 6030 6044
3 6044 6030 6031
3 6044 6031 6045
3 6047 6046 6045
3 6031 6047 6045
3 6032 6047 6031
3 6048 6032 6033
3 6047 6032 6048
3 5779 6048 5776
3 5776 6048 6033
3 6049 5781 6034
3 6034 5781 5778
3 6035 6051 6050
3 6049 6035 6050
3 6034 6035 6049
3 6051 6035 6036
3 6046 6047 6052
3 6046 6052 6053
3 6054 6047 6048
3 6052 6047 6054
3 5782 6054 5779
3 5779 6054 6048
3 6055 5784 6049
3 6049 5784 5781
3 6049 6050 6056
3 6057 6049 6056
3 6055 6049 6057
3 6058 6057 6056
3 6061 6060 6059
3 6059 6060 6053
3 6052 6059 6053
3 6062 6059 6052
3 6063 6052 6054
3 6062 6052 6063
3 5785 6063 5782
3 5782 6063 6054
3 6064 5787 6055
3 6055 5787 5784
3 6057 6066 6065
3 6064 6057 6065
3 6055 6057 6064
3 6066 6057 6058
3 6069 6068 6067
3 6067 6068 6061
3 6059 6067 6061
3 6070 6067 6059
3 6071 6059 6062
3 6070 6059 6071
3 6072 6062 6063
3 6071 6062 6072
3 5788 6072 5785
3 5785 6072 6063
3 6073 5790 6064
3 6064 5790 5787
3 6064 6065 6074
3 6075 6064 6074
3 6073 6064 6075
3 6076 6075 6074
3 6069 6067 6077
3 6069 6077 6078
3 6079 6067 6070
3 6077 6067 6079
3 6080 6070 6071
3 6079 6070 6080
3 6081 6071 6072
3 6080 6071 6081
3 5791 6081 5788
3 5788 6081 6072
3 6082 5793 6073
3 6073 5793 5790
3 6075 6084 6083
3 6082 6075 6083
3 6073 6075 6082
3 6084 6075 6076
3 6085 6078 6077
3 6087 6086 6085
3 6077 6087 6085
3 6079 6087 6077
3 6088 6079 6080
3 6087 6079 6088
3 5796 6088 5795
3 6088 6081 5795
3 6088 6080 6081
3 5795 6081 5791
3 6089 5798 6082
3 6082 5798 5793
3 6082 6083 6090
3 6082 6090 6089
3 6086 6087 6091
3 6086 6091 6092
3 6093 6087 6088
3 6091 6087 6093
3 5799 6094 5796
3 6094 6088 5796
3 6094 6093 6088
3 5800 6094 5799
3 6095 5802 6089
3 6089 5802 5798
3 6089 6090 6096
3 6097 6089 6096
3 6095 6089 6097
3 6098 6097 6096
3 6092 6091 6099
3 6092 6099 6100
3 6101 6091 6093
3 6099 6091 6101
3 6102 6093 6094
3 6101 6093 6102
3 5803 6102 5800
3 5800 6102 6094
3 6103 5805 6095
3 6095 5805 5802
3 6104 6095 6097
3 6103 6095 6104
3 6097 6098 6105
3 6097 6105 6104
3 6106 6100 6099
3 6108 6107 6106
3 6099 6108 6106
3 6101 6108 6099
3 6109 6101 6102
3 6108 6101 6109
3 5806 6109 5803
3 5803 6109 6102
3 6110 5808 6103
3 6103 5808 5805
3 6111 6103 6104
3 6110 6103 6111
3 6104 6105 6112
3 6104 6112 6111
3 6115 6114 6113
3 6113 6114 6107
3 6108 6113 6107
3 6116 6113 6108
3 6117 6108 6109
3 6116 6108 6117
3 5809 6117 5806
3 5806 6117 6109
3 6118 5811 6110
3 6110 5811 5808
3 6111 6120 6119
3 6118 6111 6119
3 6110 6111 6118
3 6120 6111 6112
3 6123 6122 6121
3 6121 6122 6115
3 6113 6121 6115
3 6124 6121 6113
3 6125 6113 6116
3 6124 6113 6125
3 6126 6116 6117
3 6125 6116 6126
3 5812 6126 5809
3 5809 6126 6117
3 6127 5814 6118
3 6118 5814 5811
3 6118 6119 6128
3 6129 6118 6128
3 6127 6118 6129
3 6130 6129 6128
3 6123 6121 6131
3 6123 6131 6132
3 6133 6121 6124
3 6131 6121 6133
3 6134 6124 6125
3 6133 6124 6134
3 6135 6125 6126
3 6134 6125 6135
3 5815 6135 5812
3 5812 6135 6126
3 6136 5817 6127
3 6127 5817 5814
3 6129 6138 6137
3 6136 6129 6137
3 6127 6129 6136
3 6138 6129 6130
3 6139 6132 6131
3 6141 6140 6139
3 6131 6141 6139
3 6133 6141 6131
3 6142 6133 6134
3 6141 6133 6142
3 6143 6134 6135
3 6142 6134 6143
3 5818 6143 5815
3 5815 6143 6135
3 6144 5820 6136
3 6136 5820 5817
3 6136 6137 6145
3 6146 6136 6145
3 6144 6136 6146
3 6147 6146 6145
3 6150 6149 6148
3 6151 6148 6149
3 6154 6153 6152
3 6155 6152 6153
3 6140 6141 6156
3 6140 6156 6157
3 6158 6141 6142
3 6156 6141 6158
3 6159 6142 6143
3 6158 6142 6159
3 5821 6159 5818
3 5818 6159 6143
3 6160 5823 6144
3 6144 5823 5820
3 6161 6144 6146
3 6160 6144 6161
3 6146 6147 6162
3 6146 6162 6161
3 6165 6164 6163
3 6163 6164 6150
3 6148 6163 6150
3 6166 6163 6148
3 6148 6151 6167
3 6168 6148 6167
3 6166 6148 6168
3 6169 6168 6167
3 6172 6171 6170
3 6170 6171 6154
3 6152 6170 6154
3 6173 6170 6152
3 6152 6155 6174
3 6152 6174 6173
3 6157 6156 6175
3 6157 6175 6176
3 6177 6156 6158
3 6175 6156 6177
3 6178 6158 6159
3 6177 6158 6178
3 5824 6178 5821
3 5821 6178 6159
3 6179 5826 6160
3 6160 5826 5823
3 6180 6160 6161
3 6179 6160 6180
3 6161 6162 6181
3 6182 6161 6181
3 6180 6161 6182
3 6184 6183 6182
3 6184 6182 6181
3 6183 6184 6165
3 6163 6183 6165
3 6185 6183 6163
3 6186 6163 6166
3 6185 6163 6186
3 6187 6166 6168
3 6186 6166 6187
3 6168 6169 6188
3 6168 6188 6187
3 6191 6190 6189
3 6193 6192 6189
3 6193 6189 6190
3 6192 6193 6172
3 6170 6192 6172
3 6194 6192 6170
3 6195 6170 6173
3 6194 6170 6195
3 6173 6174 6196
3 6197 6173 6196
3 6195 6173 6197
3 6198 6197 6196
3 6199 6176 6175
3 6201 6200 6199
3 6175 6201 6199
3 6177 6201 6175
3 6202 6177 6178
3 6201 6177 6202
3 5827 6202 5824
3 5824 6202 6178
3 6203 5829 6179
3 6179 5829 5826
3 6204 6179 6180
3 6203 6179 6204
3 6205 6180 6182
3 6204 6180 6205
3 6206 6182 6183
3 6205 6182 6206
3 6207 6183 6185
3 6206 6183 6207
3 6208 6185 6186
3 6207 6185 6208
3 6209 6186 6187
3 6208 6186 6209
3 6187 6188 6210
3 6211 6187 6210
3 6209 6187 6211
3 6212 6211 6210
3 6215 6214 6213
3 6217 6216 6213
3 6217 6213 6214
3 6216 6217 6191
3 6189 6216 6191
3 6218 6216 6189
3 6219 6189 6192
3 6218 6189 6219
3 6220 6192 6194
3 6219 6192 6220
3 6221 6194 6195
3 6220 6194 6221
3 6222 6195 6197
3 6221 6195 6222
3 6197 6198 6223
3 6197 6223 6222
3 6226 6225 6224
3 6224 6225 6200
3 6201 6224 6200
3 6227 6224 6201
3 6228 6201 6202
3 6227 6201 6228
3 5830 6228 5827
3 5827 6228 6202
3 6229 5832 6203
3 6203 5832 5829
3 6230 6203 6204
3 6229 6203 6230
3 6231 6204 6205
3 6230 6204 6231
3 6232 6205 6206
3 6231 6205 6232
3 6233 6206 6207
3 6232 6206 6233
3 6234 6207 6208
3 6233 6207 6234
3 6235 6208 6209
3 6234 6208 6235
3 6236 6209 6211
3 6235 6209 6236
3 6211 6212 6237
3 6211 6237 6236
3 6240 6239 6238
3 6242 6241 6238
3 6242 6238 6239
3 6241 6242 6215
3 6213 6241 6215
3 6243 6241 6213
3 6244 6213 6216
3 6243 6213 6244
3 6245 6216 6218
3 6244 6216 6245
3 6246 6218 6219
3 6245 6218 6246
3 6247 6219 6220
3 6246 6219 6247
3 6248 6220 6221
3 6247 6220 6248
3 6249 6221 6222
3 6248 6221 6249
3 6222 6223 6250
3 6222 6250 6249
3 6253 6252 6251
3 6255 6254 6251
3 6255 6251 6252
3 6254 6255 6226
3 6224 6254 6226
3 6256 6254 6224
3 6257 6224 6227
3 6256 6224 6257
3 6258 6227 6228
3 6257 6227 6258
3 5833 6258 5830
3 5830 6258 6228
3 6259 5835 6229
3 6229 5835 5832
3 6260 6229 6230
3 6259 6229 6260
3 6261 6230 6231
3 6260 6230 6261
3 6262 6231 6232
3 6261 6231 6262
3 6263 6232 6233
3 6262 6232 6263
3 6264 6233 6234
3 6263 6233 6264
3 6265 6234 6235
3 6264 6234 6265
3 6266 6235 6236
3 6265 6235 6266
3 6236 6237 6267
3 6268 6236 6267
3 6266 6236 6268
3 6269 6268 6267
3 6272 6271 6270
3 6270 6271 6240
3 6238 6270 6240
3 6273 6270 6238
3 6274 6238 6241
3 6273 6238 6274
3 6275 6241 6243
3 6274 6241 6275
3 6276 6243 6244
3 6275 6243 6276
3 6277 6244 6245
3 6276 6244 6277
3 6278 6245 6246
3 6277 6245 6278
3 6279 6246 6247
3 6278 6246 6279
3 6280 6247 6248
3 6279 6247 6280
3 6281 6248 6249
3 6280 6248 6281
3 6249 6250 6282
3 6283 6249 6282
3 6281 6249 6283
3 6285 6284 6283
3 6285 6283 6282
3 6287 6286 6284
3 6287 6284 6285
3 6286 6287 6253
3 6251 6286 6253
3 6288 6286 6251
3 6289 6251 6254
3 6288 6251 6289
3 6290 6254 6256
3 6289 6254 6290
3 6291 6256 6257
3 6290 6256 6291
3 6292 6257 6258
3 6291 6257 6292
3 5836 6292 5833
3 5833 6292 6258
3 6293 5838 6259
3 6259 5838 5835
3 6294 6259 6260
3 6293 6259 6294
3 6295 6260 6261
3 6294 6260 6295
3 6296 6261 6262
3 6295 6261 6296
3 6297 6262 6263
3 6296 6262 6297
3 6298 6263 6264
3 6297 6263 6298
3 6299 6264 6265
3 6298 6264 6299
3 6300 6265 6266
3 6299 6265 6300
3 6301 6266 6268
3 6300 6266 6301
3 6268 6269 6302
3 6303 6268 6302
3 6301 6268 6303
3 6303 6302 6272
3 6270 6303 6272
3 6304 6303 6270
3 6305 6270 6273
3 6304 6270 6305
3 6306 6273 6274
3 6305 6273 6306
3 6307 6274 6275
3 6306 6274 6307
3 6308 6275 6276
3 6307 6275 6308
3 6309 6276 6277
3 6308 6276 6309
3 6310 6277 6278
3 6309 6277 6310
3 6311 6278 6279
3 6310 6278 6311
3 6312 6279 6280
3 6311 6279 6312
3 6313 6280 6281
3 6312 6280 6313
3 6314 6281 6283
3 6313 6281 6314
3 6315 6283 6284
3 6314 6283 6315
3 6316 6284 6286
3 6315 6284 6316
3 6317 6286 6288
3 6316 6286 6317
3 6318 6288 6289
3 6317 6288 6318
3 6319 6289 6290
3 6318 6289 6319
3 6320 6290 6291
3 6319 6290 6320
3 5841 6320 5840
3 6320 6292 5840
3 6320 6291 6292
3 5840 6292 5836
3 6321 5843 6293
3 6293 5843 5838
3 6322 6293 6294
3 6321 6293 6322
3 6323 6294 6295
3 6322 6294 6323
3 6324 6295 6296
3 6323 6295 6324
3 6325 6296 6297
3 6324 6296 6325
3 6326 6297 6298
3 6325 6297 6326
3 6327 6298 6299
3 6326 6298 6327
3 6328 6299 6300
3 6327 6299 6328
3 6329 6300 6301
3 6328 6300 6329
3 6330 6301 6303
3 6329 6301 6330
3 6331 6303 6304
3 6330 6303 6331
3 6332 6304 6305
3 6331 6304 6332
3 6333 6305 6306
3 6332 6305 6333
3 6334 6306 6307
3 6333 6306 6334
3 6335 6307 6308
3 6334 6307 6335
3 6336 6308 6309
3 6335 6308 6336
3 6337 6309 6310
3 6336 6309 6337
3 6338 6310 6311
3 6337 6310 6338
3 6339 6311 6312
3 6338 6311 6339
3 6340 6312 6313
3 6339 6312 6340
3 6341 6313 6314
3 6340 6313 6341
3 6342 6314 6315
3 6341 6314 6342
3 6343 6315 6316
3 6342 6315 6343
3 6344 6316 6317
3 6343 6316 6344
3 6345 6317 6318
3 6344 6317 6345
3 6346 6318 6319
3 6345 6318 6346
3 6347 6319 6320
3 6346 6319 6347
3 5844 6348 5841
3 6348 6320 5841
3 6348 6347 6320
3 5845 6348 5844
3 6349 5847 6321
3 6321 5847 5843
3 6350 6321 6322
3 6349 6321 6350
3 6351 6322 6323
3 6350 6322 6351
3 6352 6323 6324
3 6351 6323 6352
3 6353 6324 6325
3 6352 6324 6353
3 6354 6325 6326
3 6353 6325 6354
3 6355 6326 6327
3 6354 6326 6355
3 6356 6327 6328
3 6355 6327 6356
3 6357 6328 6329
3 6356 6328 6357
3 6358 6329 6330
3 6357 6329 6358
3 6359 6330 6331
3 6358 6330 6359
3 6360 6331 6332
3 6359 6331 6360
3 6361 6332 6333
3 6360 6332 6361
3 6362 6333 6334
3 6361 6333 6362
3 6363 6334 6335
3 6362 6334 6363
3 6364 6335 6336
3 6363 6335 6364
3 6365 6336 6337
3 6364 6336 6365
3 6366 6337 6338
3 6365 6337 6366
3 6367 6338 6339
3 6366 6338 6367
3 6368 6339 6340
3 6367 6339 6368
3 6369 6340 6341
3 6368 6340 6369
3 6370 6341 6342
3 6369 6341 6370
3 6371 6342 6343
3 6370 6342 6371
3 6372 6343 6344
3 6371 6343 6372
3 6373 6344 6345
3 6372 6344 6373
3 6374 6345 6346
3 6373 6345 6374
3 6375 6346 6347
3 6374 6346 6375
3 6376 6347 6348
3 6375 6347 6376
3 5848 6376 5845
3 5845 6376 6348
3 6377 5850 6349
3 6349 5850 5847
3 6378 6349 6350
3 6377 6349 6378
3 6379 6350 6351
3 6378 6350 6379
3 6380 6351 6352
3 6379 6351 6380
3 6381 6352 6353
3 6380 6352 6381
3 6382 6353 6354
3 6381 6353 6382
3 6383 6354 6355
3 6382 6354 6383
3 6384 6355 6356
3 6383 6355 6384
3 6385 6356 6357
3 6384 6356 6385
3 6386 6357 6358
3 6385 6357 6386
3 5853 6386 5852
3 6386 6359 5852
3 6386 6358 6359
3 5852 6359 5854
3 6359 6387 5854
3 6359 6360 6387
3 6388 6360 6361
3 6387 6360 6388
3 6389 6361 6362
3 6388 6361 6389
3 6390 6362 6363
3 6389 6362 6390
3 6391 6363 6364
3 6390 6363 6391
3 6392 6364 6365
3 6391 6364 6392
3 6393 6365 6366
3 6392 6365 6393
3 6394 6366 6367
3 6393 6366 6394
3 6395 6367 6368
3 6394 6367 6395
3 6396 6368 6369
3 6395 6368 6396
3 6397 6369 6370
3 6396 6369 6397
3 5857 6397 5856
3 6397 6371 5856
3 6397 6370 6371
3 5856 6371 5858
3 6371 6398 5858
3 6371 6372 6398
3 6399 6372 6373
3 6398 6372 6399
3 6400 6373 6374
3 6399 6373 6400
3 6401 6374 6375
3 6400 6374 6401
3 6402 6375 6376
3 6401 6375 6402
3 5859 6402 5848
3 5848 6402 6376
3 6403 5861 6377
3 6377 5861 5850
3 6404 6377 6378
3 6403 6377 6404
3 6405 6378 6379
3 6404 6378 6405
3 6406 6379 6380
3 6405 6379 6406
3 6407 6380 6381
3 6406 6380 6407
3 6408 6381 6382
3 6407 6381 6408
3 6409 6382 6383
3 6408 6382 6409
3 6410 6383 6384
3 6409 6383 6410
3 5864 6410 5863
3 6410 6385 5863
3 6410 6384 6385
3 5863 6385 5866
3 5866 6385 6386
3 5866 6386 5853
3 6411 5868 6387
3 6387 5868 5854
3 6412 6387 6388
3 6411 6387 6412
3 6413 6388 6389
3 6412 6388 6413
3 6414 6389 6390
3 6413 6389 6414
3 6415 6390 6391
3 6414 6390 6415
3 6416 6391 6392
3 6415 6391 6416
3 6417 6392 6393
3 6416 6392 6417
3 6418 6393 6394
3 6417 6393 6418
3 6419 6394 6395
3 6418 6394 6419
3 5871 6419 5870
3 6419 6396 5870
3 6419 6395 6396
3 5870 6396 5873
3 5873 6396 6397
3 5873 6397 5857
3 6420 5875 6398
3 6398 5875 5858
3 6421 6398 6399
3 6420 6398 6421
3 6422 6399 6400
3 6421 6399 6422
3 6423 6400 6401
3 6422 6400 6423
3 6424 6401 6402
3 6423 6401 6424
3 5876 6424 5859
3 5859 6424 6402
3 6403 5878 5861
3 5878 6403 5880
3 5880 6403 6404
3 5880 6404 5882
3 5882 6404 6405
3 5882 6405 5883
3 5883 6405 6406
3 5883 6406 5885
3 5885 6406 6407
3 5885 6407 5887
3 5887 6407 6408
3 5887 6408 5889
3 5889 6408 6409
3 5889 6409 5890
3 5890 6409 6410
3 5890 6410 5864
3 6411 5892 5868
3 5892 6411 5895
3 5895 6411 6412
3 5895 6412 5896
3 5896 6412 6413
3 5896 6413 5897
3 5897 6413 6414
3 5897 6414 5899
3 5899 6414 6415
3 5899 6415 5901
3 5901 6415 6416
3 5901 6416 5902
3 5902 6416 6417
3 5902 6417 5903
3 5903 6417 6418
3 5903 6418 5905
3 5905 6418 6419
3 5905 6419 5871
3 6425 5910 6420
3 6420 5910 5875
3 5913 6425 5912
3 6425 6421 5912
3 6425 6420 6421
3 5912 6421 5916
3 5916 6421 6422
3 5916 6422 5917
3 5917 6422 6423
3 5917 6423 5918
3 5918 6423 6424
3 5918 6424 5876
3 6425 5919 5910
3 5919 6425 5913
3 6426 5975 5976
3 5977 6427 5976
3 5976 6427 6426
3 5978 6428 5977
3 5977 6428 6427
3 5979 6428 5978
3 6429 5990 5991
3 5992 6430 5991
3 5991 6430 6429
3 5993 6431 5992
3 5992 6431 6430
3 5994 6431 5993
3 6426 6007 5975
3 6007 6426 6009
3 6426 6432 6009
3 6426 6427 6432
3 6433 6427 6428
3 6432 6427 6433
3 6010 6434 5979
3 6434 6428 5979
3 6434 6433 6428
3 6011 6435 6010
3 6010 6435 6434
3 6012 6436 6011
3 6011 6436 6435
3 6013 6437 6012
3 6012 6437 6436
3 6014 6438 6013
3 6013 6438 6437
3 6015 6438 6014
3 6439 6021 6429
3 6429 6021 5990
3 6440 6429 6430
3 6439 6429 6440
3 6441 6430 6431
3 6440 6430 6441
3 6022 6442 5994
3 6442 6431 5994
3 6442 6441 6431
3 6023 6443 6022
3 6022 6443 6442
3 6024 6444 6023
3 6023 6444 6443
3 6025 6445 6024
3 6024 6445 6444
3 6026 6446 6025
3 6025 6446 6445
3 6027 6446 6026
3 6447 6036 6432
3 6432 6036 6009
3 6448 6432 6433
3 6447 6432 6448
3 6449 6433 6434
3 6448 6433 6449
3 6450 6434 6435
3 6449 6434 6450
3 6451 6435 6436
3 6450 6435 6451
3 6452 6436 6437
3 6451 6436 6452
3 6453 6437 6438
3 6452 6437 6453
3 6037 6454 6015
3 6454 6438 6015
3 6454 6453 6438
3 6038 6455 6037
3 6037 6455 6454
3 6039 6456 6038
3 6038 6456 6455
3 6040 6457 6039
3 6039 6457 6456
3 6041 6458 6040
3 6040 6458 6457
3 6021 6439 6041
3 6439 6458 6041
3 6439 6459 6458
3 6460 6439 6440
3 6459 6439 6460
3 6461 6440 6441
3 6460 6440 6461
3 6462 6441 6442
3 6461 6441 6462
3 6463 6442 6443
3 6462 6442 6463
3 6464 6443 6444
3 6463 6443 6464
3 6465 6444 6445
3 6464 6444 6465
3 6466 6445 6446
3 6465 6445 6466
3 6042 6467 6027
3 6467 6446 6027
3 6467 6466 6446
3 6043 6468 6042
3 6042 6468 6467
3 6044 6469 6043
3 6043 6469 6468
3 6045 6470 6044
3 6044 6470 6469
3 6046 6470 6045
3 6471 6050 6051
3 6036 6447 6051
3 6447 6471 6051
3 6447 6472 6471
3 6473 6447 6448
3 6472 6447 6473
3 6474 6448 6449
3 6473 6448 6474
3 6475 6449 6450
3 6474 6449 6475
3 6476 6450 6451
3 6475 6450 6476
3 6477 6451 6452
3 6476 6451 6477
3 6478 6452 6453
3 6477 6452 6478
3 6479 6453 6454
3 6478 6453 6479
3 6480 6454 6455
3 6479 6454 6480
3 6481 6455 6456
3 6480 6455 6481
3 6482 6456 6457
3 6481 6456 6482
3 6483 6457 6458
3 6482 6457 6483
3 6484 6458 6459
3 6483 6458 6484
3 6485 6459 6460
3 6484 6459 6485
3 6486 6460 6461
3 6485 6460 6486
3 6487 6461 6462
3 6486 6461 6487
3 6488 6462 6463
3 6487 6462 6488
3 6489 6463 6464
3 6488 6463 6489
3 6490 6464 6465
3 6489 6464 6490
3 6491 6465 6466
3 6490 6465 6491
3 6492 6466 6467
3 6491 6466 6492
3 6493 6467 6468
3 6492 6467 6493
3 6494 6468 6469
3 6493 6468 6494
3 6495 6469 6470
3 6494 6469 6495
3 6053 6495 6046
3 6046 6495 6470
3 6471 6056 6050
3 6056 6471 6058
3 6471 6496 6058
3 6471 6472 6496
3 6473 6498 6497
3 6496 6473 6497
3 6472 6473 6496
3 6498 6473 6474
3 6498 6474 6499
3 6499 6474 6475
3 6499 6475 6500
3 6502 6501 6500
3 6475 6502 6500
3 6476 6502 6475
3 6503 6476 6477
3 6502 6476 6503
3 6504 6477 6478
3 6503 6477 6504
3 6505 6478 6479
3 6504 6478 6505
3 6506 6479 6480
3 6505 6479 6506
3 6507 6480 6481
3 6506 6480 6507
3 6508 6481 6482
3 6507 6481 6508
3 6509 6482 6483
3 6508 6482 6509
3 6510 6483 6484
3 6509 6483 6510
3 6511 6484 6485
3 6510 6484 6511
3 6486 6513 6512
3 6511 6486 6512
3 6485 6486 6511
3 6513 6486 6487
3 6513 6487 6514
3 6514 6487 6488
3 6514 6488 6515
3 6517 6516 6515
3 6488 6517 6515
3 6489 6517 6488
3 6518 6489 6490
3 6517 6489 6518
3 6519 6490 6491
3 6518 6490 6519
3 6520 6491 6492
3 6519 6491 6520
3 6521 6492 6493
3 6520 6492 6521
3 6522 6493 6494
3 6521 6493 6522
3 6061 6522 6060
3 6522 6495 6060
3 6522 6494 6495
3 6060 6495 6053
3 6523 6065 6066
3 6058 6496 6066
3 6496 6523 6066
3 6496 6524 6523
3 6496 6497 6525
3 6526 6496 6525
3 6524 6496 6526
3 6527 6526 6525
3 6528 6501 6502
3 6528 6502 6503
3 6528 6503 6529
3 6529 6503 6504
3 6529 6504 6530
3 6530 6504 6505
3 6530 6505 6531
3 6531 6505 6506
3 6531 6506 6532
3 6532 6506 6507
3 6532 6507 6533
3 6535 6534 6533
3 6507 6535 6533
3 6508 6535 6507
3 6536 6508 6509
3 6535 6508 6536
3 6537 6509 6510
3 6536 6509 6537
3 6538 6510 6511
3 6537 6510 6538
3 6511 6512 6539
3 6511 6539 6538
3 6540 6516 6517
3 6540 6517 6518
3 6540 6518 6541
3 6543 6542 6541
3 6518 6543 6541
3 6519 6543 6518
3 6544 6519 6520
3 6543 6519 6544
3 6545 6520 6521
3 6544 6520 6545
3 6069 6545 6068
3 6545 6522 6068
3 6545 6521 6522
3 6068 6522 6061
3 6523 6074 6065
3 6074 6523 6076
3 6523 6546 6076
3 6523 6524 6546
3 6526 6548 6547
3 6546 6526 6547
3 6524 6526 6546
3 6548 6526 6527
3 6549 6534 6535
3 6549 6535 6536
3 6549 6536 6550
3 6552 6551 6550
3 6536 6552 6550
3 6537 6552 6536
3 6538 6554 6553
3 6552 6538 6553
3 6537 6538 6552
3 6554 6538 6539
3 6542 6543 6555
3 6542 6555 6556
3 6557 6543 6544
3 6555 6543 6557
3 6558 6544 6545
3 6557 6544 6558
3 6078 6558 6069
3 6069 6558 6545
3 6559 6083 6084
3 6076 6546 6084
3 6546 6559 6084
3 6546 6560 6559
3 6546 6547 6561
3 6546 6561 6560
3 6564 6563 6562
3 6562 6563 6551
3 6552 6562 6551
3 6565 6562 6552
3 6552 6553 6566
3 6552 6566 6565
3 6567 6556 6555
3 6569 6568 6567
3 6555 6569 6567
3 6557 6569 6555
3 6570 6557 6558
3 6569 6557 6570
3 6085 6571 6078
3 6571 6558 6078
3 6571 6570 6558
3 6086 6571 6085
3 6572 6090 6559
3 6559 6090 6083
3 6573 6559 6560
3 6572 6559 6573
3 6560 6561 6574
3 6575 6560 6574
3 6573 6560 6575
3 6576 6575 6574
3 6579 6578 6577
3 6581 6580 6577
3 6581 6577 6578
3 6580 6581 6564
3 6562 6580 6564
3 6582 6580 6562
3 6583 6562 6565
3 6582 6562 6583
3 6565 6566 6584
3 6585 6565 6584
3 6583 6565 6585
3 6586 6585 6584
3 6568 6569 6587
3 6568 6587 6588
3 6589 6569 6570
3 6587 6569 6589
3 6590 6570 6571
3 6589 6570 6590
3 6092 6590 6086
3 6086 6590 6571
3 6572 6096 6090
3 6096 6572 6098
3 6572 6591 6098
3 6572 6573 6591
3 6592 6573 6575
3 6591 6573 6592
3 6575 6576 6593
3 6575 6593 6592
3 6596 6595 6594
3 6598 6597 6594
3 6598 6594 6595
3 6597 6598 6579
3 6577 6597 6579
3 6599 6597 6577
3 6600 6577 6580
3 6599 6577 6600
3 6601 6580 6582
3 6600 6580 6601
3 6602 6582 6583
3 6601 6582 6602
3 6603 6583 6585
3 6602 6583 6603
3 6585 6586 6604
3 6585 6604 6603
3 6588 6587 6605
3 6588 6605 6606
3 6607 6587 6589
3 6605 6587 6607
3 6608 6589 6590
3 6607 6589 6608
3 6100 6608 6092
3 6092 6608 6590
3 6609 6105 6591
3 6591 6105 6098
3 6610 6591 6592
3 6609 6591 6610
3 6592 6593 6611
3 6592 6611 6610
3 6614 6613 6612
3 6616 6615 6612
3 6616 6612 6613
3 6615 6616 6596
3 6594 6615 6596
3 6617 6615 6594
3 6618 6594 6597
3 6617 6594 6618
3 6619 6597 6599
3 6618 6597 6619
3 6620 6599 6600
3 6619 6599 6620
3 6621 6600 6601
3 6620 6600 6621
3 6622 6601 6602
3 6621 6601 6622
3 6623 6602 6603
3 6622 6602 6623
3 6603 6604 6624
3 6603 6624 6623
3 6627 6626 6625
3 6629 6628 6625
3 6629 6625 6626
3 6628 6629 6606
3 6605 6628 6606
3 6630 6628 6605
3 6631 6605 6607
3 6630 6605 6631
3 6632 6607 6608
3 6631 6607 6632
3 6106 6633 6100
3 6633 6608 6100
3 6633 6632 6608
3 6107 6633 6106
3 6634 6112 6609
3 6609 6112 6105
3 6635 6609 6610
3 6634 6609 6635
3 6610 6611 6636
3 6610 6636 6635
3 6639 6638 6637
3 6637 6638 6614
3 6612 6637 6614
3 6640 6637 6612
3 6641 6612 6615
3 6640 6612 6641
3 6642 6615 6617
3 6641 6615 6642
3 6643 6617 6618
3 6642 6617 6643
3 6644 6618 6619
3 6643 6618 6644
3 6645 6619 6620
3 6644 6619 6645
3 6646 6620 6621
3 6645 6620 6646
3 6647 6621 6622
3 6646 6621 6647
3 6648 6622 6623
3 6647 6622 6648
3 6623 6624 6649
3 6650 6623 6649
3 6648 6623 6650
3 6651 6650 6649
3 6654 6653 6652
3 6656 6655 6652
3 6656 6652 6653
3 6655 6656 6627
3 6625 6655 6627
3 6657 6655 6625
3 6658 6625 6628
3 6657 6625 6658
3 6659 6628 6630
3 6658 6628 6659
3 6660 6630 6631
3 6659 6630 6660
3 6661 6631 6632
3 6660 6631 6661
3 6115 6661 6114
3 6661 6633 6114
3 6661 6632 6633
3 6114 6633 6107
3 6662 6119 6120
3 6112 6634 6120
3 6634 6662 6120
3 6634 6663 6662
3 6664 6634 6635
3 6663 6634 6664
3 6635 6636 6665
3 6666 6635 6665
3 6664 6635 6666
3 6668 6667 6666
3 6668 6666 6665
3 6667 6668 6639
3 6637 6667 6639
3 6669 6667 6637
3 6670 6637 6640
3 6669 6637 6670
3 6671 6640 6641
3 6670 6640 6671
3 6672 6641 6642
3 6671 6641 6672
3 6673 6642 6643
3 6672 6642 6673
3 6674 6643 6644
3 6673 6643 6674
3 6675 6644 6645
3 6674 6644 6675
3 6676 6645 6646
3 6675 6645 6676
3 6677 6646 6647
3 6676 6646 6677
3 6678 6647 6648
3 6677 6647 6678
3 6679 6648 6650
3 6678 6648 6679
3 6650 6651 6680
3 6681 6650 6680
3 6679 6650 6681
3 6681 6680 6654
3 6652 6681 6654
3 6682 6681 6652
3 6683 6652 6655
3 6682 6652 6683
3 6684 6655 6657
3 6683 6655 6684
3 6685 6657 6658
3 6684 6657 6685
3 6686 6658 6659
3 6685 6658 6686
3 6687 6659 6660
3 6686 6659 6687
3 6123 6687 6122
3 6687 6661 6122
3 6687 6660 6661
3 6122 6661 6115
3 6662 6128 6119
3 6128 6662 6130
3 6662 6688 6130
3 6662 6663 6688
3 6689 6663 6664
3 6688 6663 6689
3 6690 6664 6666
3 6689 6664 6690
3 6691 6666 6667
3 6690 6666 6691
3 6692 6667 6669
3 6691 6667 6692
3 6693 6669 6670
3 6692 6669 6693
3 6694 6670 6671
3 6693 6670 6694
3 6695 6671 6672
3 6694 6671 6695
3 6696 6672 6673
3 6695 6672 6696
3 6697 6673 6674
3 6696 6673 6697
3 6698 6674 6675
3 6697 6674 6698
3 6699 6675 6676
3 6698 6675 6699
3 6700 6676 6677
3 6699 6676 6700
3 6701 6677 6678
3 6700 6677 6701
3 6702 6678 6679
3 6701 6678 6702
3 6703 6679 6681
3 6702 6679 6703
3 6704 6681 6682
3 6703 6681 6704
3 6705 6682 6683
3 6704 6682 6705
3 6706 6683 6684
3 6705 6683 6706
3 6707 6684 6685
3 6706 6684 6707
3 6708 6685 6686
3 6707 6685 6708
3 6709 6686 6687
3 6708 6686 6709
3 6132 6709 6123
3 6123 6709 6687
3 6710 6137 6138
3 6130 6688 6138
3 6688 6710 6138
3 6688 6711 6710
3 6712 6688 6689
3 6711 6688 6712
3 6713 6689 6690
3 6712 6689 6713
3 6714 6690 6691
3 6713 6690 6714
3 6715 6691 6692
3 6714 6691 6715
3 6716 6692 6693
3 6715 6692 6716
3 6717 6693 6694
3 6716 6693 6717
3 6718 6694 6695
3 6717 6694 6718
3 6719 6695 6696
3 6718 6695 6719
3 6720 6696 6697
3 6719 6696 6720
3 6721 6697 6698
3 6720 6697 6721
3 6722 6698 6699
3 6721 6698 6722
3 6723 6699 6700
3 6722 6699 6723
3 6724 6700 6701
3 6723 6700 6724
3 6725 6701 6702
3 6724 6701 6725
3 6726 6702 6703
3 6725 6702 6726
3 6727 6703 6704
3 6726 6703 6727
3 6728 6704 6705
3 6727 6704 6728
3 6729 6705 6706
3 6728 6705 6729
3 6730 6706 6707
3 6729 6706 6730
3 6731 6707 6708
3 6730 6707 6731
3 6732 6708 6709
3 6731 6708 6732
3 6139 6733 6132
3 6733 6709 6132
3 6733 6732 6709
3 6140 6733 6139
3 6710 6145 6137
3 6145 6710 6147
3 6710 6734 6147
3 6710 6711 6734
3 6735 6711 6712
3 6734 6711 6735
3 6736 6712 6713
3 6735 6712 6736
3 6150 6736 6149
3 6736 6714 6149
3 6736 6713 6714
3 6149 6714 6151
3 6714 6737 6151
3 6714 6715 6737
3 6738 6715 6716
3 6737 6715 6738
3 6739 6716 6717
3 6738 6716 6739
3 6740 6717 6718
3 6739 6717 6740
3 6741 6718 6719
3 6740 6718 6741
3 6742 6719 6720
3 6741 6719 6742
3 6743 6720 6721
3 6742 6720 6743
3 6744 6721 6722
3 6743 6721 6744
3 6745 6722 6723
3 6744 6722 6745
3 6746 6723 6724
3 6745 6723 6746
3 6747 6724 6725
3 6746 6724 6747
3 6748 6725 6726
3 6747 6725 6748
3 6154 6748 6153
3 6748 6727 6153
3 6748 6726 6727
3 6153 6727 6155
3 6727 6749 6155
3 6727 6728 6749
3 6750 6728 6729
3 6749 6728 6750
3 6751 6729 6730
3 6750 6729 6751
3 6752 6730 6731
3 6751 6730 6752
3 6753 6731 6732
3 6752 6731 6753
3 6754 6732 6733
3 6753 6732 6754
3 6157 6754 6140
3 6140 6754 6733
3 6755 6162 6734
3 6734 6162 6147
3 6756 6734 6735
3 6755 6734 6756
3 6165 6756 6164
3 6756 6736 6164
3 6756 6735 6736
3 6164 6736 6150
3 6737 6167 6151
3 6167 6737 6169
3 6737 6757 6169
3 6737 6738 6757
3 6758 6738 6739
3 6757 6738 6758
3 6759 6739 6740
3 6758 6739 6759
3 6760 6740 6741
3 6759 6740 6760
3 6761 6741 6742
3 6760 6741 6761
3 6762 6742 6743
3 6761 6742 6762
3 6763 6743 6744
3 6762 6743 6763
3 6764 6744 6745
3 6763 6744 6764
3 6765 6745 6746
3 6764 6745 6765
3 6766 6746 6747
3 6765 6746 6766
3 6172 6766 6171
3 6766 6748 6171
3 6766 6747 6748
3 6171 6748 6154
3 6767 6174 6749
3 6749 6174 6155
3 6768 6749 6750
3 6767 6749 6768
3 6769 6750 6751
3 6768 6750 6769
3 6770 6751 6752
3 6769 6751 6770
3 6771 6752 6753
3 6770 6752 6771
3 6772 6753 6754
3 6771 6753 6772
3 6176 6772 6157
3 6157 6772 6754
3 6755 6181 6162
3 6181 6755 6184
3 6184 6755 6756
3 6184 6756 6165
3 6773 6188 6757
3 6757 6188 6169
3 6774 6757 6758
3 6773 6757 6774
3 6775 6758 6759
3 6774 6758 6775
3 6776 6759 6760
3 6775 6759 6776
3 6777 6760 6761
3 6776 6760 6777
3 6778 6761 6762
3 6777 6761 6778
3 6779 6762 6763
3 6778 6762 6779
3 6780 6763 6764
3 6779 6763 6780
3 6191 6780 6190
3 6780 6765 6190
3 6780 6764 6765
3 6190 6765 6193
3 6193 6765 6766
3 6193 6766 6172
3 6767 6196 6174
3 6196 6767 6198
3 6767 6781 6198
3 6767 6768 6781
3 6782 6768 6769
3 6781 6768 6782
3 6783 6769 6770
3 6782 6769 6783
3 6784 6770 6771
3 6783 6770 6784
3 6785 6771 6772
3 6784 6771 6785
3 6199 6786 6176
3 6786 6772 6176
3 6786 6785 6772
3 6200 6786 6199
3 6773 6210 6188
3 6210 6773 6212
3 6773 6787 6212
3 6773 6774 6787
3 6788 6774 6775
3 6787 6774 6788
3 6789 6775 6776
3 6788 6775 6789
3 6790 6776 6777
3 6789 6776 6790
3 6791 6777 6778
3 6790 6777 6791
3 6215 6791 6214
3 6791 6779 6214
3 6791 6778 6779
3 6214 6779 6217
3 6217 6779 6780
3 6217 6780 6191
3 6792 6223 6781
3 6781 6223 6198
3 6793 6781 6782
3 6792 6781 6793
3 6794 6782 6783
3 6793 6782 6794
3 6795 6783 6784
3 6794 6783 6795
3 6796 6784 6785
3 6795 6784 6796
3 6226 6796 6225
3 6796 6786 6225
3 6796 6785 6786
3 6225 6786 6200
3 6797 6237 6787
3 6787 6237 6212
3 6798 6787 6788
3 6797 6787 6798
3 6799 6788 6789
3 6798 6788 6799
3 6240 6799 6239
3 6799 6790 6239
3 6799 6789 6790
3 6239 6790 6242
3 6242 6790 6791
3 6242 6791 6215
3 6800 6250 6792
3 6792 6250 6223
3 6801 6792 6793
3 6800 6792 6801
3 6802 6793 6794
3 6801 6793 6802
3 6253 6802 6252
3 6802 6795 6252
3 6802 6794 6795
3 6252 6795 6255
3 6255 6795 6796
3 6255 6796 6226
3 6797 6267 6237
3 6267 6797 6269
3 6797 6803 6269
3 6797 6798 6803
3 6272 6803 6271
3 6803 6799 6271
3 6803 6798 6799
3 6271 6799 6240
3 6800 6282 6250
3 6282 6800 6285
3 6285 6800 6801
3 6285 6801 6287
3 6287 6801 6802
3 6287 6802 6253
3 6803 6302 6269
3 6302 6803 6272
3 6804 6497 6498
3 6499 6805 6498
3 6498 6805 6804
3 6500 6806 6499
3 6499 6806 6805
3 6501 6806 6500
3 6807 6512 6513
3 6514 6808 6513
3 6513 6808 6807
3 6515 6809 6514
3 6514 6809 6808
3 6516 6809 6515
3 6804 6525 6497
3 6525 6804 6527
3 6804 6810 6527
3 6804 6805 6810
3 6811 6805 6806
3 6810 6805 6811
3 6528 6812 6501
3 6812 6806 6501
3 6812 6811 6806
3 6529 6813 6528
3 6528 6813 6812
3 6530 6814 6529
3 6529 6814 6813
3 6531 6815 6530
3 6530 6815 6814
3 6532 6816 6531
3 6531 6816 6815
3 6533 6817 6532
3 6532 6817 6816
3 6534 6817 6533
3 6818 6539 6807
3 6807 6539 6512
3 6819 6807 6808
3 6818 6807 6819
3 6820 6808 6809
3 6819 6808 6820
3 6540 6821 6516
3 6821 6809 6516
3 6821 6820 6809
3 6541 6822 6540
3 6540 6822 6821
3 6542 6822 6541
3 6823 6547 6548
3 6527 6810 6548
3 6810 6823 6548
3 6810 6824 6823
3 6825 6810 6811
3 6824 6810 6825
3 6826 6811 6812
3 6825 6811 6826
3 6827 6812 6813
3 6826 6812 6827
3 6828 6813 6814
3 6827 6813 6828
3 6829 6814 6815
3 6828 6814 6829
3 6830 6815 6816
3 6829 6815 6830
3 6831 6816 6817
3 6830 6816 6831
3 6549 6832 6534
3 6832 6817 6534
3 6832 6831 6817
3 6550 6833 6549
3 6549 6833 6832
3 6551 6833 6550
3 6834 6553 6554
3 6539 6818 6554
3 6818 6834 6554
3 6818 6835 6834
3 6836 6818 6819
3 6835 6818 6836
3 6837 6819 6820
3 6836 6819 6837
3 6838 6820 6821
3 6837 6820 6838
3 6839 6821 6822
3 6838 6821 6839
3 6556 6839 6542
3 6542 6839 6822
3 6840 6561 6823
3 6823 6561 6547
3 6841 6823 6824
3 6840 6823 6841
3 6842 6824 6825
3 6841 6824 6842
3 6843 6825 6826
3 6842 6825 6843
3 6844 6826 6827
3 6843 6826 6844
3 6845 6827 6828
3 6844 6827 6845
3 6846 6828 6829
3 6845 6828 6846
3 6847 6829 6830
3 6846 6829 6847
3 6848 6830 6831
3 6847 6830 6848
3 6849 6831 6832
3 6848 6831 6849
3 6564 6849 6563
3 6849 6833 6563
3 6849 6832 6833
3 6563 6833 6551
3 6850 6566 6834
3 6834 6566 6553
3 6851 6834 6835
3 6850 6834 6851
3 6852 6835 6836
3 6851 6835 6852
3 6853 6836 6837
3 6852 6836 6853
3 6854 6837 6838
3 6853 6837 6854
3 6855 6838 6839
3 6854 6838 6855
3 6567 6856 6556
3 6856 6839 6556
3 6856 6855 6839
3 6568 6856 6567
3 6840 6574 6561
3 6574 6840 6576
3 6840 6857 6576
3 6840 6841 6857
3 6858 6841 6842
3 6857 6841 6858
3 6859 6842 6843
3 6858 6842 6859
3 6860 6843 6844
3 6859 6843 6860
3 6861 6844 6845
3 6860 6844 6861
3 6862 6845 6846
3 6861 6845 6862
3 6863 6846 6847
3 6862 6846 6863
3 6579 6863 6578
3 6863 6848 6578
3 6863 6847 6848
3 6578 6848 6581
3 6581 6848 6849
3 6581 6849 6564
3 6850 6584 6566
3 6584 6850 6586
3 6850 6864 6586
3 6850 6851 6864
3 6865 6851 6852
3 6864 6851 6865
3 6866 6852 6853
3 6865 6852 6866
3 6867 6853 6854
3 6866 6853 6867
3 6868 6854 6855
3 6867 6854 6868
3 6869 6855 6856
3 6868 6855 6869
3 6588 6869 6568
3 6568 6869 6856
3 6870 6593 6857
3 6857 6593 6576
3 6871 6857 6858
3 6870 6857 6871
3 6872 6858 6859
3 6871 6858 6872
3 6873 6859 6860
3 6872 6859 6873
3 6874 6860 6861
3 6873 6860 6874
3 6596 6874 6595
3 6874 6862 6595
3 6874 6861 6862
3 6595 6862 6598
3 6598 6862 6863
3 6598 6863 6579
3 6875 6604 6864
3 6864 6604 6586
3 6876 6864 6865
3 6875 6864 6876
3 6877 6865 6866
3 6876 6865 6877
3 6878 6866 6867
3 6877 6866 6878
3 6879 6867 6868
3 6878 6867 6879
3 6880 6868 6869
3 6879 6868 6880
3 6606 6880 6588
3 6588 6880 6869
3 6881 6611 6870
3 6870 6611 6593
3 6882 6870 6871
3 6881 6870 6882
3 6883 6871 6872
3 6882 6871 6883
3 6614 6883 6613
3 6883 6873 6613
3 6883 6872 6873
3 6613 6873 6616
3 6616 6873 6874
3 6616 6874 6596
3 6884 6624 6875
3 6875 6624 6604
3 6885 6875 6876
3 6884 6875 6885
3 6886 6876 6877
3 6885 6876 6886
3 6887 6877 6878
3 6886 6877 6887
3 6627 6887 6626
3 6887 6879 6626
3 6887 6878 6879
3 6626 6879 6629
3 6629 6879 6880
3 6629 6880 6606
3 6888 6636 6881
3 6881 6636 6611
3 6889 6881 6882
3 6888 6881 6889
3 6639 6889 6638
3 6889 6883 6638
3 6889 6882 6883
3 6638 6883 6614
3 6884 6649 6624
3 6649 6884 6651
3 6884 6890 6651
3 6884 6885 6890
3 6654 6890 6653
3 6890 6886 6653
3 6890 6885 6886
3 6653 6886 6656
3 6656 6886 6887
3 6656 6887 6627
3 6888 6665 6636
3 6665 6888 6668
3 6668 6888 6889
3 6668 6889 6639
3 6890 6680 6651
3 6680 6890 6654
