ply
format ascii 1.0
comment VisionMCP reconstruction mesh
element vertex 2593
property float x
property float y
property float z
element face 4582
property list uchar int vertex_indices
end_header
-0.121984007 0.086 0.01
-0.117 0.0810159836 0.01
-0.117 0.086 0.00501599312
-0.121466249 0.086 0.06
-0.117 0.0815337524 0.06
-0.117 0.086 0.0555337524
-0.121777301 0.086 0.07
-0.117 0.081222702 0.07
-0.120715131 0.086 0.11
-0.117 0.0822848663 0.11
-0.117 0.086 0.106284866
-0.120706061 0.086 0.12
-0.117 0.0822939453 0.12
-0.111198238 -0.074 0.13
-0.107 -0.0781982365 0.13
-0.107 -0.074 0.125801754
-0.109595503 -0.064 0.13
-0.107 -0.064 0.127404499
-0.110569177 -0.054 0.13
-0.107 -0.054 0.126430817
-0.110159171 -0.044 0.13
-0.107 -0.044 0.12684082
-0.110413084 -0.034 0.13
-0.107 -0.034 0.126586914
-0.109843503 -0.024 0.13
-0.107 -0.024 0.127156506
-0.110603489 -0.014 0.13
-0.107 -0.014 0.126396503
-0.109979091 -0.004 0.13
-0.107 -0.004 0.127020912
-0.110444588 0.006 0.13
-0.107 0.006 0.126555405
-0.110236157 0.016 0.13
-0.107 0.016 0.12676384
-0.110187841 0.026 0.13
-0.107 0.026 0.126812153
-0.109586137 0.036 0.13
-0.107 0.036 0.127413864
-0.110132035 0.046 0.13
-0.107 0.046 0.126867962
-0.10957118 0.056 0.13
-0.107 0.056 0.127428818
-0.111855981 0.066 0.12
-0.107 0.0611440239 0.12
-0.107 0.066 0.115144024
-0.109004516 0.066 0.13
-0.111576368 0.076 -0.02
-0.107 0.0714236412 -0.02
-0.107 0.076 -0.0245763683
-0.111573287 0.076 -0.01
-0.107 0.071426712 -0.01
-0.111312811 0.076 0.03
-0.107 0.0716871796 0.03
-0.107 0.076 0.0256871891
-0.111440073 0.076 0.04
-0.107 0.0715599213 0.04
-0.110820313 0.076 0.08
-0.107 0.0721796951 0.08
-0.107 0.076 0.0761796856
-0.110860133 0.076 0.09
-0.107 0.0721398697 0.09
-0.109944262 0.076 0.12
-0.107 0.076 0.11705574
-0.109292254 0.076 0.13
-0.107 0.0821722565 0.01
-0.107 0.086 0.0061722517
-0.117 0.086 0.0149840069
-0.111337995 0.086 0.02
-0.107 0.0816620026 0.02
-0.111458236 0.086 0.03
-0.111820334 0.086 0.04
-0.107 0.0811122093 0.05
-0.107 0.076 0.0444400692
-0.111887789 0.086 0.05
-0.107 0.0810590706 0.06
-0.107 0.08242416 0.07
-0.117 0.086 0.074777298
-0.110640538 0.086 0.08
-0.110996985 0.086 0.09
-0.107 0.0819877777 0.1
-0.107 0.076 0.0938601303
-0.111012221 0.086 0.1
-0.107 0.0817255554 0.11
-0.117 0.086 0.123706055
-0.108982379 0.086 0.13
-0.117 0.0897060547 0.12
-0.107 0.0884109459 0.12
-0.108369373 0.096 0.13
-0.107 0.096 0.128630619
-0.101242818 -0.084 0.13
-0.097 -0.0882428184 0.13
-0.097 -0.084 0.125757179
-0.097 -0.074 0.12929739
-0.107 -0.074 0.134198246
-0.097 -0.084 0.134242821
-0.097 -0.074 0.13065279
-0.097 -0.064 0.129553699
-0.107 -0.064 0.132595501
-0.097 -0.064 0.130413952
-0.097 -0.0622173729 0.13
-0.0994145937 -0.054 0.13
-0.107 -0.054 0.133569183
-0.100655648 -0.044 0.13
-0.107 -0.044 0.13315918
-0.0990928049 -0.034 0.13
-0.107 -0.034 0.133413086
-0.09909445 -0.024 0.13
-0.107 -0.024 0.132843494
-0.0992710204 -0.014 0.13
-0.107 -0.014 0.133603497
-0.0987752814 -0.004 0.13
-0.107 -0.004 0.132979088
-0.0979943223 0.006 0.13
-0.107 0.006 0.133444595
-0.097846529 0.016 0.13
-0.107 0.016 0.13323616
-0.0996183343 0.026 0.13
-0.107 0.026 0.133187847
-0.100208776 0.036 0.13
-0.107 0.036 0.132586136
-0.101245985 0.046 0.13
-0.107 0.046 0.133132038
-0.0991276975 0.056 0.13
-0.107 0.056 0.132571182
-0.101847476 0.066 -0.02
-0.097 0.0611525307 -0.02
-0.097 0.066 -0.0248474765
-0.101977088 0.066 -0.01
-0.097 0.0610229073 -0.01
-0.101922943 0.066 0
-0.097 0.0610770569 0
-0.097 0.066 0.00700458527
-0.100189433 0.066 0.12
-0.101409096 0.066 0.13
-0.107 0.066 0.132004509
-0.102423632 0.076 -0.02
-0.097 0.076 -0.0144756794
-0.097 0.0708474693 -0.02
-0.107 0.076 -0.00542671204
-0.101455438 0.076 0
-0.097 0.076 0.00630689621
-0.100664069 0.076 0.03
-0.100773806 0.076 0.04
-0.101382768 0.076 0.08
-0.100931446 0.076 0.09
-0.102289035 0.076 0.12
-0.101686673 0.076 0.13
-0.107 0.076 0.132292252
-0.107 0.080573288 -0.01
-0.107 0.0805763588 -0.02
-0.097 0.086 -0.0141474915
-0.101147491 0.086 -0.01
-0.101319398 0.086 0
-0.100847959 0.086 0.01
-0.097 0.086 0.00662193775
-0.100011103 0.086 0.02
-0.0997399492 0.086 0.03
-0.10146157 0.086 0.04
-0.0999852796 0.086 0.05
-0.0998882241 0.086 0.06
-0.100931282 0.086 0.07
-0.100879917 0.086 0.08
-0.100451843 0.086 0.09
-0.101074233 0.086 0.1
-0.10092525 0.086 0.11
-0.103057758 0.086 0.12
-0.102994413 0.086 0.13
-0.107 0.086 0.131982384
-0.097 0.0903194008 0
-0.107 0.0898277435 0.01
-0.107 0.0903379974 0.02
-0.107 0.0904582367 0.03
-0.107 0.0908203278 0.04
-0.107 0.0908877907 0.05
-0.107 0.0909409294 0.06
-0.107 0.08957584 0.07
-0.107 0.0896405373 0.08
-0.107 0.0899969826 0.09
-0.107 0.0900122223 0.1
-0.107 0.0902744446 0.11
-0.104273595 0.096 0.13
-0.107 0.096 0.131369381
-0.107 0.097369381 0.13
-0.087 -0.088113065 0.13
-0.087 -0.084 0.125886936
-0.087 -0.0759461966 0.13
-0.0941701145 -0.074 0.13
-0.087 -0.084 0.134113064
-0.087 -0.0686838593 0.13
-0.087 -0.064 0.127564869
-0.087 -0.064 0.132190666
-0.0903230877 -0.054 0.13
-0.087 -0.054 0.128511963
-0.087 -0.054 0.131440067
-0.087 -0.0510936298 0.13
-0.087 0.0610647354 -0.02
-0.087 0.066 -0.0249352574
-0.087 0.061109787 -0.01
-0.089590723 0.066 0
-0.087 0.066 -0.00261594296
-0.087 0.0709352646 -0.02
-0.087 0.076 -0.0141523123
-0.0878445191 0.076 0
-0.087 0.076 -0.00094520092
-0.087 0.086 -0.0129607177
-0.0886524696 0.086 0
-0.087 0.086 -0.00263557434
-0.087 0.0889607201 -0.01
-0.097 0.0901474915 -0.01
-0.077 -0.0876893272 0.13
-0.077 -0.084 0.126310673
-0.0807427139 -0.074 -0.01
-0.077 -0.0777427139 -0.01
-0.077 -0.074 -0.0137427139
-0.0808290358 -0.074 0
-0.077 -0.0778290358 0
-0.077 -0.074 0.00732663155
-0.077 -0.0743546739 0.13
-0.077 -0.084 0.133689327
-0.080043189 -0.064 -0.01
-0.077 -0.064 -0.013043189
-0.077 -0.064 -0.000453290939
-0.077 -0.0643238964 0
-0.077 -0.0712372818 0.13
-0.077 -0.064 0.128439445
-0.077 -0.064 0.130828705
-0.0790672035 -0.054 -0.01
-0.077 -0.054 -0.0120672059
-0.077 -0.0628386917 0
-0.0800748558 -0.054 0
-0.0806174107 -0.054 0.01
-0.077 -0.0606288757 0.01
-0.0806477137 -0.054 0.02
-0.077 -0.0592545643 0.02
-0.0802394457 -0.054 0.03
-0.077 -0.0596320047 0.03
-0.0803700132 -0.054 0.04
-0.077 -0.0610292091 0.04
-0.0804493446 -0.054 0.05
-0.077 -0.0610497751 0.05
-0.0796822042 -0.054 0.06
-0.077 -0.0604574003 0.06
-0.0797366781 -0.054 0.07
-0.077 -0.0583712616 0.07
-0.0790659781 -0.054 0.08
-0.077 -0.0577409735 0.08
-0.0787862749 -0.054 0.09
-0.077 -0.0568992748 0.09
-0.0781738348 -0.054 0.1
-0.077 -0.0559034576 0.1
-0.0775843449 -0.054 0.11
-0.077 -0.0551222124 0.11
-0.0772031422 -0.054 0.12
-0.077 -0.0543311157 0.12
-0.077 -0.054 0.132472401
-0.0801047487 -0.044 -0.01
-0.077 -0.044 -0.0131047487
-0.0810394783 -0.044 0
-0.081113307 -0.044 0.01
-0.0811837311 -0.044 0.02
-0.0813730736 -0.044 0.03
-0.0811714573 -0.044 0.04
-0.0802151508 -0.044 0.05
-0.0800503321 -0.044 0.06
-0.0802558203 -0.044 0.07
-0.0799457855 -0.044 0.08
-0.0796896286 -0.044 0.09
-0.0794388695 -0.044 0.1
-0.0790345736 -0.044 0.11
-0.0777289886 -0.044 0.12
-0.0820865698 -0.044 0.13
-0.077 -0.044 0.132698822
-0.0806607933 -0.034 -0.01
-0.077 -0.034 -0.0136607933
-0.0818988056 -0.034 0
-0.0810876245 -0.034 0.01
-0.0815206356 -0.034 0.02
-0.0815523214 -0.034 0.03
-0.0806829424 -0.034 0.04
-0.0802830858 -0.034 0.05
-0.080631382 -0.034 0.06
-0.0803949518 -0.034 0.07
-0.0798766394 -0.034 0.08
-0.0801151247 -0.034 0.09
-0.0796312637 -0.034 0.1
-0.0790443821 -0.034 0.11
-0.0779929705 -0.034 0.12
-0.0842030497 -0.034 0.13
-0.077 -0.034 0.132623253
-0.0805164356 -0.024 -0.01
-0.077 -0.024 -0.013516438
-0.0822170658 -0.024 0
-0.0813524122 -0.024 0.01
-0.0815224857 -0.024 0.02
-0.0812183208 -0.024 0.03
-0.0811504955 -0.024 0.04
-0.0806217403 -0.024 0.05
-0.080410778 -0.024 0.06
-0.0801994724 -0.024 0.07
-0.0800594015 -0.024 0.08
-0.0797987194 -0.024 0.09
-0.0795531864 -0.024 0.1
-0.0785780544 -0.024 0.11
-0.0783948345 -0.024 0.12
-0.0840611525 -0.024 0.13
-0.077 -0.024 0.132859421
-0.0805041857 -0.014 -0.01
-0.077 -0.014 -0.0135041857
-0.0821729298 -0.014 0
-0.0812647934 -0.014 0.01
-0.0810938139 -0.014 0.02
-0.08093116 -0.014 0.03
-0.081361577 -0.014 0.04
-0.0809975452 -0.014 0.05
-0.0804217024 -0.014 0.06
-0.0805129976 -0.014 0.07
-0.0804359264 -0.014 0.08
-0.0802453537 -0.014 0.09
-0.0792316265 -0.014 0.1
-0.0788218708 -0.014 0.11
-0.0781840773 -0.014 0.12
-0.0836320992 -0.014 0.13
-0.077 -0.014 0.133276024
-0.0797611494 -0.004 -0.01
-0.077 -0.004 -0.0127611494
-0.0823637362 -0.004 0
-0.0807203312 -0.004 0.01
-0.0809533901 -0.004 0.02
-0.0809760113 -0.004 0.03
-0.0808803768 -0.004 0.04
-0.0809330864 -0.004 0.05
-0.0808765907 -0.004 0.06
-0.0809323854 -0.004 0.07
-0.0800524063 -0.004 0.08
-0.0799481936 -0.004 0.09
-0.0792495985 -0.004 0.1
-0.0791431732 -0.004 0.11
-0.0786163158 -0.004 0.12
-0.0852008457 -0.004 0.13
-0.077 -0.004 0.133310738
-0.0806641598 0.006 -0.01
-0.077 0.006 -0.0136641622
-0.0822574587 0.006 0
-0.081027338 0.006 0.01
-0.0811387463 0.006 0.02
-0.0808984919 0.006 0.03
-0.0812137384 0.006 0.04
-0.0808139725 0.006 0.05
-0.0807869406 0.006 0.06
-0.0807169361 0.006 0.07
-0.0804284306 0.006 0.08
-0.0796520014 0.006 0.09
-0.0788380833 0.006 0.1
-0.0789728947 0.006 0.11
-0.0783494778 0.006 0.12
-0.0840316219 0.006 0.13
-0.077 0.006 0.133317432
-0.0804557438 0.016 -0.01
-0.077 0.016 -0.0134557438
-0.0818936749 0.016 0
-0.081223752 0.016 0.01
-0.0807329674 0.016 0.02
-0.0806575365 0.016 0.03
-0.0808406849 0.016 0.04
-0.0811122007 0.016 0.05
-0.0812715502 0.016 0.06
-0.0810158796 0.016 0.07
-0.0804588957 0.016 0.08
-0.0801844234 0.016 0.09
-0.0793900127 0.016 0.1
-0.0782602568 0.016 0.11
-0.0777644176 0.016 0.12
-0.0834196682 0.016 0.13
-0.077 0.016 0.13323103
-0.0802891846 0.026 -0.01
-0.077 0.026 -0.0132891822
-0.0819251699 0.026 0
-0.0810955496 0.026 0.01
-0.0807828493 0.026 0.02
-0.0808310766 0.026 0.03
-0.0804684515 0.026 0.04
-0.0805650396 0.026 0.05
-0.0807098169 0.026 0.06
-0.0807864113 0.026 0.07
-0.0806244917 0.026 0.08
-0.0803352995 0.026 0.09
-0.0792181606 0.026 0.1
-0.0789252157 0.026 0.11
-0.0783776636 0.026 0.12
-0.0819606133 0.026 0.13
-0.077 0.026 0.132746105
-0.0806508179 0.036 -0.01
-0.077 0.036 -0.0136508179
-0.081597559 0.036 0
-0.0814560432 0.036 0.01
-0.081059186 0.036 0.02
-0.0806776781 0.036 0.03
-0.080844595 0.036 0.04
-0.0808692856 0.036 0.05
-0.0802305908 0.036 0.06
-0.0800803919 0.036 0.07
-0.0800488491 0.036 0.08
-0.0801785727 0.036 0.09
-0.0789330406 0.036 0.1
-0.0785065384 0.036 0.11
-0.0780937595 0.036 0.12
-0.0833676214 0.036 0.13
-0.077 0.036 0.132908058
-0.0804063101 0.046 -0.01
-0.077 0.046 -0.0134063077
-0.0809686489 0.046 0
-0.0807230539 0.046 0.01
-0.0805364532 0.046 0.02
-0.0808105059 0.046 0.03
-0.0808648796 0.046 0.04
-0.0810761089 0.046 0.05
-0.0809042473 0.046 0.06
-0.0804263086 0.046 0.07
-0.0798285313 0.046 0.08
-0.0794836779 0.046 0.09
-0.0793259783 0.046 0.1
-0.0778795214 0.046 0.11
-0.0774518032 0.046 0.12
-0.0823233147 0.046 0.13
-0.077 0.046 0.132609348
-0.0809854956 0.056 -0.01
-0.077 0.056 -0.013985498
-0.081429903 0.056 0
-0.0807345648 0.056 0.01
-0.0799637241 0.056 0.02
-0.0803280087 0.056 0.03
-0.0802218313 0.056 0.04
-0.0807883329 0.056 0.05
-0.0804491444 0.056 0.06
-0.0805732937 0.056 0.07
-0.0801334925 0.056 0.08
-0.0799840899 0.056 0.09
-0.0789414282 0.056 0.1
-0.0784054728 0.056 0.11
-0.077 0.056 0.119708157
-0.077 0.0550662098 0.12
-0.077 0.056 0.120142632
-0.0819806356 0.056 0.13
-0.077 0.056 0.132326183
-0.077 0.0610954819 -0.02
-0.077 0.066 -0.0249045205
-0.0821347876 0.066 0
-0.0852432079 0.066 0.01
-0.081693079 0.066 0.02
-0.0833923216 0.066 0.03
-0.0822075577 0.066 0.04
-0.0825130005 0.066 0.05
-0.0822870369 0.066 0.06
-0.0845466967 0.066 0.07
-0.0825614996 0.066 0.08
-0.0823142786 0.066 0.09
-0.0819637032 0.066 0.1
-0.0814055653 0.066 0.11
-0.077 0.0561557922 0.12
-0.0799435015 0.066 0.12
-0.0811987658 0.066 0.13
-0.077 0.066 0.131977787
-0.077 0.0709045181 -0.02
-0.077 0.076 -0.0131263137
-0.0851658936 0.076 0
-0.0834414215 0.076 0.01
-0.0837021704 0.076 0.02
-0.0832962627 0.076 0.03
-0.0834360476 0.076 0.04
-0.0834526796 0.076 0.05
-0.0831517048 0.076 0.06
-0.0816315336 0.076 0.07
-0.0814088507 0.076 0.08
-0.0812862892 0.076 0.09
-0.0815037127 0.076 0.1
-0.0810742826 0.076 0.11
-0.0800469751 0.076 0.12
-0.0808079262 0.076 0.13
-0.077 0.076 0.131841545
-0.077 0.086 -0.0127188563
-0.0823717518 0.086 0
-0.0807133217 0.086 0.01
-0.0806977196 0.086 0.02
-0.0816424675 0.086 0.03
-0.0828946133 0.086 0.04
-0.0814686794 0.086 0.05
-0.0805947657 0.086 0.06
-0.0806292648 0.086 0.07
-0.0821507807 0.086 0.08
-0.0799065132 0.086 0.09
-0.078613698 0.086 0.1
-0.0780225296 0.086 0.11
-0.0775765724 0.086 0.12
-0.077 0.086 0.125587521
-0.077 0.0849221001 0.13
-0.0802944298 0.096 -0.01
-0.077 0.096 -0.0132944274
-0.077 0.096 -0.00177209854
-0.077 0.0922279129 0
-0.077 0.0909420738 0.01
-0.077 0.0922236023 0.02
-0.077 0.091275135 0.03
-0.077 0.0916930351 0.04
-0.077 0.0918078766 0.05
-0.077 0.0900790176 0.06
-0.077 0.0901048431 0.07
-0.077 0.0899868546 0.08
-0.077 0.089169117 0.09
-0.077 0.0882807312 0.1
-0.077 0.0872033844 0.11
-0.077 0.0865595589 0.12
-0.077 0.0992944298 -0.01
-0.077 0.106 -0.00291451454
-0.0799145145 0.106 0
-0.077 0.0980461082 0
-0.077 0.106 0.00527428627
-0.0810050125 0.116 -0.01
-0.077 0.111994987 -0.01
-0.077 0.116 -0.0140050125
-0.0811042137 0.116 0
-0.077 0.116 0.00418951988
-0.067 -0.08721033 0.13
-0.067 -0.084 0.126789665
-0.067 -0.0779974451 -0.01
-0.067 -0.074 -0.0139974451
-0.067 -0.0781659689 0
-0.067 -0.074 0.00730631828
-0.075246007 -0.074 0.13
-0.067 -0.074 0.12819334
-0.067 -0.074 0.13101963
-0.067 -0.084 0.133210335
-0.067 -0.064 -0.0137787819
-0.0760685797 -0.064 0
-0.067 -0.0657766404 0.01
-0.0707008572 -0.064 0.01
-0.069735734 -0.064 0.02
-0.067 -0.0660535803 0.02
-0.0684853811 -0.064 0.03
-0.067 -0.0649225106 0.03
-0.0700509901 -0.064 0.04
-0.067 -0.0653619065 0.04
-0.0702639599 -0.064 0.05
-0.067 -0.0652348723 0.05
-0.0690146418 -0.064 0.06
-0.067 -0.0645912447 0.06
-0.0681253214 -0.064 0.07
-0.067 -0.0646973648 0.07
-0.0675228138 -0.064 0.08
-0.067 -0.0642820349 0.08
-0.067 -0.064 0.0853381634
-0.067 -0.064 0.125787315
-0.067 -0.064 0.131826859
-0.067 -0.054 -0.0134543061
-0.067 -0.0637494078 0.09
-0.067 -0.0614208403 0.1
-0.067 -0.0602446976 0.11
-0.067 -0.0595243492 0.12
-0.067 -0.054 0.133650665
-0.067 -0.044 -0.0137752366
-0.067 -0.044 0.134361744
-0.067 -0.034 -0.0140754485
-0.067 -0.034 0.134873676
-0.067 -0.024 -0.0139324808
-0.067 -0.024 0.134605541
-0.067 -0.014 -0.013912189
-0.067 -0.014 0.134633331
-0.0717745991 -0.004 -0.02
-0.067 -0.00877459908 -0.02
-0.067 -0.004 -0.0247746015
-0.067 -0.004 0.134722919
-0.0717227526 0.006 -0.02
-0.067 0.006 -0.0247227502
-0.067 0.006 0.134767933
-0.0716508312 0.016 -0.02
-0.067 0.016 -0.0246508312
-0.067 0.016 0.134768772
-0.0715567036 0.026 -0.02
-0.067 0.026 -0.024556706
-0.067 0.026 0.13459137
-0.067 0.0305567036 -0.02
-0.067 0.036 -0.0139912581
-0.067 0.036 0.134403839
-0.067 0.046 -0.013847506
-0.067 0.046 0.134443951
-0.067 0.056 -0.0138667011
-0.0769337482 0.056 0.12
-0.067 0.056 0.13424305
-0.067 0.0610173759 -0.02
-0.067 0.066 -0.0249826217
-0.067 0.066 0.134013748
-0.071986167 0.076 -0.02
-0.067 0.076 -0.024986167
-0.067 0.076 0.134025726
-0.067 0.0809861717 -0.02
-0.067 0.086 -0.0126502562
-0.0762715406 0.086 0.13
-0.067 0.086 0.132535286
-0.067 0.096 -0.0135453701
-0.067 0.096 -0.000119318962
-0.067 0.0958308563 0
-0.067 0.0943373833 0.01
-0.067 0.0944484482 0.02
-0.067 0.0940352402 0.03
-0.067 0.0931512413 0.04
-0.067 0.0934619675 0.05
-0.067 0.0930947266 0.06
-0.067 0.0935744247 0.07
-0.067 0.0925552711 0.08
-0.067 0.0916777191 0.09
-0.067 0.0914897499 0.1
-0.067 0.0912151299 0.11
-0.067 0.0898811302 0.12
-0.067 0.0928860245 0.13
-0.070795166 0.106 -0.01
-0.067 0.106 -0.0137951684
-0.067 0.0961077652 0
-0.067 0.106 0.00606805801
-0.0711459036 0.116 -0.02
-0.067 0.111854092 -0.02
-0.067 0.116 -0.0241459012
-0.0710539503 0.126 0.13
-0.067 0.12031797 0.13
-0.067 0.126 0.125946045
-0.0619733019 -0.084 0.09
-0.057 -0.0889733043 0.09
-0.057 -0.084 0.0850266933
-0.0619425936 -0.084 0.1
-0.057 -0.0889425936 0.1
-0.0618954821 -0.084 0.11
-0.057 -0.0888954809 0.11
-0.0617318077 -0.084 0.12
-0.057 -0.0887318053 0.12
-0.057 -0.0878578463 0.13
-0.057 -0.074 -0.00499816895
-0.0630025549 -0.074 -0.01
-0.057 -0.0789981713 0
-0.057 -0.074 0.0084941864
-0.057 -0.0783227267 0.09
-0.057 -0.0784099784 0.1
-0.057 -0.0757147708 0.11
-0.057 -0.0760156646 0.12
-0.057 -0.074 0.126646538
-0.057 -0.084 0.133857841
-0.057 -0.074 0.131141663
-0.0618206902 -0.064 -0.02
-0.057 -0.0688206925 -0.02
-0.057 -0.064 -0.0248206925
-0.057 -0.0689551725 -0.01
-0.0616031189 -0.064 0.01
-0.057 -0.064 0.00886004925
-0.0587595816 -0.064 0.02
-0.0625072784 -0.064 0.03
-0.0591753931 -0.064 0.04
-0.0583227034 -0.064 0.05
-0.0638405247 -0.064 0.06
-0.0639408989 -0.064 0.07
-0.0664080257 -0.064 0.08
-0.057 -0.064 0.120074272
-0.057 -0.064 0.133179836
-0.057 -0.0591793098 -0.02
-0.057 -0.054 -0.0136893535
-0.057 -0.0631036749 0.01
-0.057 -0.0637641182 0.02
-0.057 -0.0634740057 0.03
-0.057 -0.0638234701 0.04
-0.057 -0.0638906898 0.05
-0.057 -0.0632239618 0.06
-0.057 -0.0630294027 0.07
-0.057 -0.06159655 0.08
-0.057 -0.0614360085 0.09
-0.057 -0.0610159149 0.1
-0.057 -0.061050395 0.11
-0.057 -0.0639518681 0.12
-0.057 -0.054 0.134276524
-0.0619489546 -0.044 -0.02
-0.057 -0.0489489546 -0.02
-0.057 -0.044 -0.0249489546
-0.057 -0.044 0.134954243
-0.057 -0.0390510454 -0.02
-0.057 -0.034 -0.0148918796
-0.057 -0.034 0.135426044
-0.057 -0.024 -0.0149062824
-0.057 -0.024 0.135056076
-0.057 -0.014 -0.0147080445
-0.057 -0.014 0.135301666
-0.057 -0.004 -0.0148634219
-0.0622254009 -0.004 -0.02
-0.057 -0.004 0.135186882
-0.057 0.006 -0.0148102355
-0.0622772474 0.006 -0.02
-0.057 0.006 0.135481129
-0.057 0.016 -0.0147063851
-0.0623491688 0.016 -0.02
-0.057 0.016 0.135193386
-0.057 0.0210003815 -0.02
-0.057 0.026 -0.0249996233
-0.057 0.026 0.135532169
-0.057 0.0309996185 -0.02
-0.057 0.036 -0.0148224211
-0.057 0.036 0.135426941
-0.057 0.046 -0.0147883511
-0.057 0.046 0.135015545
-0.0618310375 0.056 -0.02
-0.057 0.0511689625 -0.02
-0.057 0.056 -0.0248310399
-0.057 0.056 0.135147324
-0.057 0.066 -0.0248947668
-0.057 0.066 0.134660187
-0.057 0.076 -0.0247362661
-0.057 0.076 0.1345821
-0.0616972704 0.086 -0.02
-0.057 0.086 -0.0246972704
-0.057 0.086 0.133578205
-0.057 0.0906972656 -0.02
-0.057 0.096 -0.0145069885
-0.0586808224 0.096 0
-0.057 0.096 0.000128746033
-0.057 0.0943718109 0.01
-0.057 0.0945022354 0.02
-0.057 0.0949254951 0.03
-0.057 0.0949659882 0.04
-0.057 0.0941591415 0.05
-0.057 0.0947948227 0.06
-0.057 0.093947197 0.07
-0.057 0.0937732468 0.08
-0.057 0.0953706322 0.09
-0.057 0.0951499329 0.1
-0.057 0.0937146912 0.11
-0.057 0.0945163879 0.12
-0.057 0.0927167664 0.13
-0.0614402313 0.106 -0.02
-0.057 0.101559769 -0.02
-0.057 0.106 -0.0244402289
-0.057 0.106 0.0069130373
-0.067 0.109784313 0
-0.057 0.110516468 0
-0.0617777081 0.126 0.08
-0.057 0.118297039 0.08
-0.057 0.126 0.0752222919
-0.0618163414 0.126 0.09
-0.057 0.120943218 0.09
-0.0616868658 0.126 0.1
-0.057 0.118503643 0.1
-0.0616923018 0.126 0.11
-0.057 0.11889465 0.11
-0.0615325661 0.126 0.12
-0.057 0.119126144 0.12
-0.057 0.118322788 0.13
-0.047 -0.084 0.126555252
-0.0522681923 -0.084 0.12
-0.047 -0.0874447479 0.13
-0.0520018311 -0.074 0
-0.0520266981 -0.084 0.09
-0.0520574064 -0.084 0.1
-0.0521045179 -0.084 0.11
-0.047 -0.074 0.128069382
-0.047 -0.084 0.133444748
-0.047 -0.074 0.13179409
-0.0520448275 -0.064 -0.01
-0.0507831736 -0.064 0
-0.047 -0.064 0.126862698
-0.047 -0.064 0.132776051
-0.047 -0.0572078457 -0.01
-0.0521793098 -0.064 -0.02
-0.047 -0.054 -0.0132078457
-0.047 -0.0597373047 0
-0.047 -0.0588162508 0.01
-0.047 -0.0591309586 0.02
-0.047 -0.0588281765 0.03
-0.047 -0.058219389 0.04
-0.047 -0.0580748262 0.05
-0.047 -0.0580733337 0.06
-0.047 -0.057304019 0.07
-0.047 -0.0571030989 0.08
-0.047 -0.0568798199 0.09
-0.047 -0.0562637177 0.1
-0.047 -0.0579318943 0.11
-0.047 -0.0576613321 0.12
-0.047 -0.054 0.134655361
-0.047 -0.0486888781 -0.02
-0.047 -0.044 -0.0246888781
-0.047 -0.044 0.134750786
-0.047 -0.0393111219 -0.02
-0.047 -0.034 -0.0148600245
-0.047 -0.034 0.135195637
-0.047 -0.029752492 0.11
-0.047 -0.024 0.115019608
-0.0526604719 -0.024 0.11
-0.047 -0.024 0.135575962
-0.047 -0.014 0.115001698
-0.052675621 -0.014 0.11
-0.047 -0.014 0.135567646
-0.047 -0.00900169754 0.12
-0.047 -0.004 0.125962868
-0.0527831097 -0.004 0.12
-0.047 -0.004 0.135849724
-0.047 0.006 0.126289463
-0.0527366371 0.006 0.12
-0.047 0.006 0.135545769
-0.047 0.016 0.115012741
-0.047 0.0110127411 0.12
-0.0526357813 0.016 0.11
-0.0525727434 0.006 0.11
-0.047 0.016 0.135392361
-0.047 0.026 0.115038109
-0.052682416 0.026 0.11
-0.047 0.026 0.135185242
-0.047 0.036 0.115074711
-0.0527171965 0.036 0.11
-0.047 0.036 0.135389328
-0.047 0.046 0.105015602
-0.047 0.0410156021 0.11
-0.0526836796 0.046 0.1
-0.052616312 0.036 0.1
-0.047 0.046 0.135212479
-0.047 0.056 0.105073881
-0.0527744932 0.056 0.1
-0.047 0.056 0.135354137
-0.047 0.066 0.0250087786
-0.0522363348 0.056 0.03
-0.047 0.0610087738 0.03
-0.052291152 0.066 0.02
-0.0522771854 0.056 0.02
-0.047 0.066 0.0550975227
-0.0523600788 0.056 0.06
-0.047 0.0610975227 0.06
-0.0522502823 0.066 0.05
-0.0523518486 0.056 0.05
-0.0523867388 0.056 0.07
-0.047 0.0610985336 0.07
-0.0525148458 0.056 0.08
-0.047 0.0611257324 0.08
-0.0526239939 0.056 0.09
-0.047 0.0611699638 0.09
-0.047 0.0611700211 0.1
-0.047 0.066 0.135108528
-0.0521052332 0.066 -0.02
-0.047 0.0712057457 -0.02
-0.047 0.076 -0.0247942448
-0.0522646351 0.066 -0.01
-0.047 0.0717884026 -0.01
-0.0522624321 0.066 0
-0.047 0.0717529068 0
-0.0522651024 0.066 0.01
-0.047 0.0716451607 0.01
-0.047 0.0716889725 0.02
-0.0522598667 0.066 0.04
-0.047 0.0717114983 0.04
-0.047 0.066 0.0349912262
-0.047 0.0717123375 0.05
-0.047 0.076 0.134700222
-0.047 0.086 -0.0245782042
-0.047 0.086 0.133637543
-0.0524930115 0.096 -0.01
-0.047 0.092423111 0
-0.0569394798 0.096 0
-0.047 0.0892081413 -0.01
-0.047 0.0915507469 0.01
-0.047 0.0917297134 0.02
-0.047 0.091868454 0.03
-0.047 0.0922827873 0.04
-0.047 0.0917778358 0.05
-0.047 0.0916266975 0.06
-0.047 0.0931521759 0.07
-0.047 0.0934693108 0.08
-0.047 0.0932610664 0.09
-0.047 0.0952712593 0.1
-0.047 0.0940331612 0.11
-0.047 0.0930856667 0.12
-0.047 0.0929004822 0.13
-0.0524835367 0.106 0
-0.047 0.126 0.125062599
-0.0524674339 0.126 0.12
-0.047 0.118913914 0.13
-0.037 -0.0876778939 0.13
-0.037 -0.084 0.126322098
-0.037 -0.074 0.128143272
-0.037 -0.084 0.133677902
-0.037 -0.074 0.13185482
-0.037 -0.064 0.126878548
-0.037 -0.064 0.132820091
-0.037 -0.0578446236 -0.01
-0.037 -0.054 -0.0138446259
-0.037 -0.0600617399 0
-0.037 -0.0586603727 0.01
-0.037 -0.058990201 0.02
-0.037 -0.0581400194 0.03
-0.037 -0.0583545771 0.04
-0.037 -0.0578426161 0.05
-0.037 -0.0581640568 0.06
-0.037 -0.0575038137 0.07
-0.037 -0.0573613682 0.08
-0.037 -0.0570556202 0.09
-0.037 -0.0565878811 0.1
-0.037 -0.0563082638 0.11
-0.037 -0.0558696737 0.12
-0.037 -0.054 0.134486141
-0.037 -0.0487197104 -0.02
-0.037 -0.044 -0.0247197104
-0.037 -0.044 0.135040245
-0.037 -0.0392802896 -0.02
-0.037 -0.034 -0.0147963858
-0.037 -0.034 0.135215206
-0.037 -0.0299223938 0.12
-0.037 -0.024 0.126125259
-0.042019598 -0.024 0.12
-0.037 -0.024 0.135211506
-0.037 -0.014 0.126198196
-0.0420016975 -0.014 0.12
-0.037 -0.014 0.135269184
-0.037 -0.004 0.126134739
-0.037 -0.004 0.135247135
-0.037 0.006 0.125949764
-0.037 0.006 0.135736599
-0.037 0.016 0.126167011
-0.0420127411 0.016 0.12
-0.037 0.016 0.135260792
-0.037 0.026 0.126168785
-0.0420381088 0.026 0.12
-0.037 0.026 0.135250702
-0.037 0.036 0.126264057
-0.0420747013 0.036 0.12
-0.037 0.036 0.135377445
-0.037 0.046 0.126203327
-0.0421229858 0.046 0.12
-0.037 0.046 0.135216827
-0.037 0.056 0.126231537
-0.0421835728 0.056 0.12
-0.037 0.056 0.135317631
-0.037 0.0610531387 0.06
-0.037 0.066 0.0550531387
-0.037 0.0610681877 0.07
-0.037 0.0610999832 0.08
-0.037 0.0611310539 0.09
-0.037 0.0611335144 0.1
-0.0420738811 0.056 0.11
-0.037 0.0612129173 0.11
-0.037 0.0613111649 0.12
-0.037 0.066 0.135098095
-0.037 0.0711121521 -0.02
-0.037 0.076 -0.0248878527
-0.037 0.0717181358 -0.01
-0.037 0.0715856133 0
-0.037 0.0716849098 0.01
-0.037 0.0716687164 0.02
-0.0420087738 0.066 0.03
-0.037 0.0716324196 0.03
-0.037 0.0716520081 0.04
-0.037 0.0716830978 0.05
-0.037 0.076 0.134772396
-0.037 0.086 -0.0249482036
-0.037 0.086 0.133517971
-0.037 0.0925177155 0
-0.037 0.0889875755 -0.01
-0.037 0.0917327461 0.01
-0.037 0.0924340401 0.02
-0.037 0.0927908669 0.03
-0.037 0.0919407806 0.04
-0.037 0.0920593987 0.05
-0.037 0.0922882233 0.06
-0.037 0.0919207535 0.07
-0.037 0.0915680084 0.08
-0.037 0.0911542664 0.09
-0.037 0.0910857353 0.1
-0.037 0.0908720551 0.11
-0.037 0.0906765709 0.12
-0.037 0.0944694672 0.13
-0.037 0.119859615 0.13
-0.037 0.126 0.12648777
-0.041488945 0.136 0.13
-0.047 0.130937401 0.13
-0.037 0.136 0.125511055
-0.027 -0.0871949461 0.13
-0.027 -0.084 0.126805058
-0.027 -0.074 0.126616611
-0.027 -0.084 0.133194942
-0.027 -0.074 0.133149529
-0.027 -0.064 0.126859074
-0.027 -0.064 0.132909355
-0.027 -0.0572045031 -0.01
-0.027 -0.054 -0.0132045031
-0.027 -0.0602445021 0
-0.027 -0.0590287724 0.01
-0.027 -0.059235095 0.02
-0.027 -0.0581584587 0.03
-0.027 -0.0583966055 0.04
-0.027 -0.0583481398 0.05
-0.027 -0.058212122 0.06
-0.027 -0.0574616089 0.07
-0.027 -0.0571748819 0.08
-0.027 -0.0569797602 0.09
-0.027 -0.0566032543 0.1
-0.027 -0.0562929621 0.11
-0.027 -0.055882534 0.12
-0.027 -0.054 0.134425392
-0.027 -0.0487336817 -0.02
-0.027 -0.044 -0.0247336793
-0.027 -0.044 0.134854031
-0.027 -0.0392663183 -0.02
-0.027 -0.034 -0.0149802613
-0.027 -0.034 0.135142384
-0.027 -0.0299599257 0.12
-0.027 -0.024 0.126235886
-0.027 -0.024 0.135216751
-0.027 -0.014 0.12607563
-0.027 -0.014 0.135337029
-0.027 -0.004 0.126308193
-0.027 -0.004 0.135189266
-0.027 0.006 0.125943165
-0.027 0.006 0.13556654
-0.027 0.016 0.125950661
-0.027 0.016 0.135776768
-0.027 0.026 0.126277981
-0.027 0.026 0.135203438
-0.027 0.036 0.126041603
-0.027 0.036 0.135416241
-0.027 0.046 0.126349697
-0.027 0.046 0.135065002
-0.027 0.056 0.126323395
-0.027 0.056 0.134946823
-0.027 0.0610204277 0.06
-0.027 0.066 0.0550204277
-0.027 0.0610356674 0.07
-0.027 0.0610674248 0.08
-0.027 0.0611159286 0.09
-0.027 0.0611106834 0.1
-0.027 0.0611462555 0.11
-0.027 0.0612911758 0.12
-0.027 0.066 0.134842854
-0.027 0.0710393295 -0.02
-0.027 0.076 -0.0249606657
-0.027 0.0717166862 -0.01
-0.027 0.071806694 0
-0.027 0.0716429672 0.01
-0.027 0.0716274796 0.02
-0.027 0.0715923843 0.03
-0.027 0.0716077576 0.04
-0.027 0.0716428337 0.05
-0.027 0.076 0.134619427
-0.027 0.0809606705 -0.02
-0.027 0.086 -0.0126843596
-0.0320517941 0.086 -0.02
-0.027 0.086 0.13351408
-0.027 0.0922416077 0
-0.027 0.0886843643 -0.01
-0.027 0.0923321114 0.01
-0.027 0.0925780449 0.02
-0.027 0.092448288 0.03
-0.027 0.0921589241 0.04
-0.027 0.0915134964 0.05
-0.027 0.0914552841 0.06
-0.027 0.091786438 0.07
-0.027 0.0914011536 0.08
-0.027 0.0913750038 0.09
-0.027 0.0912038383 0.1
-0.027 0.0909890709 0.11
-0.027 0.0909458504 0.12
-0.027 0.0946631775 0.13
-0.0297673149 0.116 0.13
-0.027 0.112065483 0.13
-0.027 0.116 0.128775234
-0.027 0.116 0.131231613
-0.027 0.126 0.125932636
-0.027 0.136 0.125100861
-0.017 -0.0877812364 0.13
-0.017 -0.084 0.126218758
-0.017 -0.074 0.126834602
-0.017 -0.084 0.133781242
-0.017 -0.074 0.132806168
-0.017 -0.064 0.126546459
-0.017 -0.064 0.133226471
-0.017 -0.0571547737 -0.01
-0.017 -0.054 -0.0131547713
-0.017 -0.0608233776 0
-0.017 -0.0586961451 0.01
-0.017 -0.0590479126 0.02
-0.017 -0.0580662718 0.03
-0.017 -0.0580762329 0.04
-0.017 -0.0580544987 0.05
-0.017 -0.0580734434 0.06
-0.017 -0.0574408283 0.07
-0.017 -0.0571714773 0.08
-0.017 -0.056654171 0.09
-0.017 -0.0564688053 0.1
-0.017 -0.0561850109 0.11
-0.017 -0.0558021584 0.12
-0.017 -0.054 0.134427109
-0.017 -0.0487306252 -0.02
-0.017 -0.044 -0.0247306252
-0.017 -0.044 0.135052166
-0.017 -0.0392693748 -0.02
-0.017 -0.034 -0.0148932481
-0.017 -0.034 0.134887638
-0.017 -0.0299162664 0.12
-0.017 -0.024 0.126136093
-0.017 -0.024 0.13527071
-0.017 -0.014 0.126012058
-0.017 -0.014 0.135645256
-0.017 -0.004 0.126183014
-0.017 -0.004 0.135223026
-0.017 0.006 0.126296444
-0.017 0.006 0.135171757
-0.017 0.016 0.126178894
-0.017 0.016 0.135295029
-0.017 0.026 0.126230011
-0.017 0.026 0.135561829
-0.017 0.036 0.126174183
-0.017 0.036 0.13537302
-0.017 0.046 0.126151676
-0.017 0.046 0.135525017
-0.017 0.056 0.12640358
-0.017 0.056 0.135097103
-0.017 0.066 0.0650143719
-0.0220204277 0.066 0.06
-0.017 0.0610143814 0.07
-0.017 0.0610461388 0.08
-0.017 0.0611023102 0.09
-0.017 0.061164566 0.1
-0.017 0.0611643753 0.11
-0.017 0.0612610779 0.12
-0.017 0.066 0.135064144
-0.017 0.076 -0.014243772
-0.0220393295 0.076 -0.02
-0.017 0.0717562256 -0.01
-0.017 0.0716724739 0
-0.017 0.0715838394 0.01
-0.017 0.071569973 0.02
-0.017 0.0715364037 0.03
-0.017 0.071585804 0.04
-0.017 0.0715869102 0.05
-0.017 0.0716415749 0.06
-0.017 0.076 0.134938622
-0.017 0.086 -0.012323854
-0.017 0.086 0.133980541
-0.017 0.0925625381 0
-0.017 0.0883238564 -0.01
-0.017 0.0930518303 0.01
-0.017 0.0921118126 0.02
-0.017 0.092066227 0.03
-0.017 0.0924684868 0.04
-0.017 0.0917009888 0.05
-0.017 0.0920203171 0.06
-0.017 0.0918821678 0.07
-0.017 0.0915510139 0.08
-0.017 0.0915239296 0.09
-0.017 0.0913543854 0.1
-0.017 0.0912373886 0.11
-0.017 0.0906774292 0.12
-0.017 0.0936339149 0.13
-0.02294697 0.116 0.13
-0.017 0.117896057 0.13
-0.017 0.126 0.125505085
-0.007 -0.0876344647 0.13
-0.007 -0.084 0.126365528
-0.007 -0.074 0.126523952
-0.007 -0.084 0.133634472
-0.007 -0.074 0.133235264
-0.007 -0.064 0.127532425
-0.007 -0.064 0.132099075
-0.007 -0.0576802101 -0.01
-0.007 -0.054 -0.0136802077
-0.007 -0.0601427546 0
-0.007 -0.0588480082 0.01
-0.007 -0.0585032072 0.02
-0.007 -0.0576050224 0.03
-0.007 -0.0580377665 0.04
-0.007 -0.0576585283 0.05
-0.007 -0.0576903 0.06
-0.007 -0.0571414318 0.07
-0.007 -0.0568250551 0.08
-0.007 -0.0565788879 0.09
-0.007 -0.0564107838 0.1
-0.007 -0.0561453047 0.11
-0.007 -0.055434865 0.12
-0.007 -0.054 0.134594955
-0.007 -0.0487100449 -0.02
-0.007 -0.044 -0.0247100472
-0.007 -0.044 0.134948902
-0.007 -0.0397955217 -0.01
-0.007 -0.034 -0.00498322487
-0.0121067543 -0.034 -0.01
-0.007 -0.039781951 0.01
-0.007 -0.034 0.0150643921
-0.012132513 -0.034 0.01
-0.007 -0.034 0.135281658
-0.007 -0.0299941244 0.12
-0.007 -0.024 0.12621851
-0.007 -0.024 0.135426311
-0.007 -0.014 0.125918427
-0.007 -0.014 0.135520363
-0.007 -0.004 0.126000385
-0.007 -0.004 0.135649471
-0.007 0.006 0.126114902
-0.007 0.006 0.135423698
-0.007 0.016 0.125916023
-0.007 0.016 0.135780487
-0.007 0.026 0.126055107
-0.007 0.026 0.135574532
-0.007 0.036 0.1261092
-0.007 0.036 0.135675507
-0.007 0.046 0.126087017
-0.007 0.046 0.1352841
-0.007 0.056 0.126209755
-0.007 0.056 0.135375195
-0.007 0.0610040436 0.07
-0.007 0.066 0.0650040436
-0.007 0.0610358772 0.08
-0.007 0.0610440598 0.09
-0.007 0.0611073647 0.1
-0.007 0.0611882362 0.11
-0.007 0.0612192497 0.12
-0.007 0.066 0.134983063
-0.007 0.0716853676 -0.01
-0.007 0.076 -0.0143146229
-0.007 0.071560379 0
-0.007 0.0715951118 0.01
-0.007 0.071599556 0.02
-0.007 0.0715970573 0.03
-0.007 0.0715462646 0.04
-0.007 0.0716155968 0.05
-0.007 0.0716336784 0.06
-0.007 0.076 0.134856873
-0.0119276924 0.086 -0.02
-0.007 0.0810723076 -0.02
-0.007 0.086 -0.0249276948
-0.007 0.086 0.133491745
-0.007 0.0924215851 0
-0.007 0.0891489944 -0.01
-0.007 0.0924194679 0.01
-0.007 0.0923765335 0.02
-0.007 0.0920461235 0.03
-0.007 0.0921883926 0.04
-0.007 0.0925922165 0.05
-0.007 0.0916166458 0.06
-0.007 0.0918153534 0.07
-0.007 0.0921540794 0.08
-0.007 0.091521183 0.09
-0.007 0.091564003 0.1
-0.007 0.0909421883 0.11
-0.007 0.0903335724 0.12
-0.007 0.0949009094 0.13
-0.00954611015 0.116 0.13
-0.007 0.113316875 0.13
-0.007 0.116 0.129313946
-0.007 0.116 0.130668621
-0.007 0.126 0.125140972
0.003 -0.087897171 0.13
0.003 -0.084 0.126102829
0.003 -0.074 0.127122078
0.003 -0.084 0.133897171
0.003 -0.074 0.132677441
0.003 -0.064 0.12740696
0.003 -0.064 0.132326202
0.003 -0.0575577869 -0.01
0.003 -0.054 -0.0135577846
0.003 -0.0601904335 0
0.003 -0.058925518 0.01
0.003 -0.0586974325 0.02
0.003 -0.0583368626 0.03
0.003 -0.0574705114 0.04
0.003 -0.0575790396 0.05
0.003 -0.0576229658 0.06
0.003 -0.0570392408 0.07
0.003 -0.0564743032 0.08
0.003 -0.0562429371 0.09
0.003 -0.056098999 0.1
0.003 -0.0556333914 0.11
0.003 -0.0552769842 0.12
0.003 -0.054 0.134519215
0.003 -0.044 -0.014192307
-0.00228995514 -0.044 -0.02
0.003 -0.044 0.134920101
-0.007 -0.0392899551 -0.02
0.003 -0.034 -0.0149434638
-0.00194346619 -0.034 -0.01
0.003 -0.0398004141 0
-0.007 -0.034 0.00498322487
-0.00201677513 -0.034 0
0.003 -0.034 0.00507805824
-0.00192194176 -0.034 0.01
0.003 -0.034 0.135467987
0.003 -0.0299244585 0.12
0.003 -0.024 0.125930195
0.003 -0.024 0.135437069
0.003 -0.014 0.126220055
0.003 -0.014 0.135403614
0.003 -0.004 0.126054115
0.003 -0.004 0.135454655
0.003 0.006 0.125971794
0.003 0.006 0.135589123
0.003 0.016 0.126211109
0.003 0.016 0.135340405
0.003 0.026 0.126023674
0.003 0.026 0.135514202
0.003 0.036 0.12608078
0.003 0.036 0.135443726
0.003 0.046 0.126148586
0.003 0.046 0.135549183
0.003 0.056 0.126173153
0.003 0.056 0.135289841
0.003 0.0610045204 0.07
0.003 0.066 0.06500453
0.003 0.0610364876 0.08
0.003 0.0610849915 0.09
0.003 0.0610867462 0.1
0.003 0.0611642799 0.11
0.003 0.0612608109 0.12
0.003 0.066 0.135246353
0.003 0.0716186104 -0.01
0.003 0.076 -0.0143813848
0.003 0.0715666161 0
0.003 0.0716892014 0.01
0.003 0.0716936836 0.02
0.003 0.0715744362 0.03
0.003 0.0715927849 0.04
0.003 0.0716276703 0.05
0.003 0.071643425 0.06
0.003 0.076 0.134837093
0.003 0.0812252007 -0.02
0.003 0.086 -0.0247748017
0.003 0.086 0.133240032
0.003 0.0923770485 0
0.003 0.0889216576 -0.01
0.003 0.0915958366 0.01
0.003 0.092319313 0.02
0.003 0.0924689636 0.03
0.003 0.0924629745 0.04
0.003 0.0921467743 0.05
0.003 0.0922893105 0.06
0.003 0.0921528587 0.07
0.003 0.0920260391 0.08
0.003 0.0915981827 0.09
0.003 0.091468502 0.1
0.003 0.0904534683 0.11
0.003 0.0903214226 0.12
0.003 0.0947288475 0.13
-0.00173015785 0.116 0.13
0.013 -0.0876131978 0.13
0.013 -0.084 0.126386795
0.013 -0.074 0.126775093
0.013 -0.084 0.133613205
0.013 -0.074 0.133011627
0.013 -0.064 0.128020687
0.013 -0.064 0.131775875
0.013 -0.057393774 -0.01
0.013 -0.054 -0.0133937764
0.013 -0.0598796453 0
0.013 -0.0584771338 0.01
0.013 -0.0584729662 0.02
0.013 -0.0584848013 0.03
0.013 -0.0585859766 0.04
0.013 -0.0570943727 0.05
0.013 -0.0571480551 0.06
0.013 -0.0569099703 0.07
0.013 -0.0566836443 0.08
0.013 -0.0560536184 0.09
0.013 -0.0557174244 0.1
0.013 -0.0554412832 0.11
0.013 -0.0547483006 0.12
0.013 -0.054 0.134330597
0.013 -0.044 -0.0140661669
0.013 -0.044 0.134508743
0.013 -0.034 -0.0149483609
0.003 -0.034 -0.00505653381
0.00812316704 -0.034 0
0.013 -0.034 0.135154324
0.013 -0.0294300785 0.12
0.013 -0.024 0.126023846
0.013 -0.024 0.135502052
0.013 -0.014 0.12619112
0.013 -0.014 0.135109329
0.013 -0.004 0.126083336
0.013 -0.004 0.135586567
0.013 0.006 0.126147003
0.013 0.006 0.135122833
0.013 0.016 0.126088371
0.013 0.016 0.135646343
0.013 0.026 0.126001644
0.013 0.026 0.135377769
0.013 0.036 0.126290951
0.013 0.036 0.135029678
0.013 0.046 0.126160526
0.013 0.046 0.135369568
0.013 0.056 0.126162395
0.013 0.056 0.135244923
0.0080001049 0.066 0.06
0.013 0.0610001144 0.06
0.013 0.066 0.0550001049
0.013 0.0610158501 0.07
0.013 0.0610479698 0.08
0.013 0.0610967216 0.09
0.013 0.0610703621 0.1
0.013 0.0611857948 0.11
0.013 0.0612828217 0.12
0.013 0.066 0.13493906
0.013 0.0715671883 -0.01
0.013 0.076 -0.0144328141
0.013 0.071595417 0
0.013 0.0714888916 0.01
0.013 0.0715462074 0.02
0.013 0.0715494118 0.03
0.013 0.0715002022 0.04
0.013 0.071657692 0.05
0.013 0.076 0.134979057
0.013 0.0813386688 -0.02
0.013 0.086 -0.024661324
0.013 0.086 0.133395576
0.013 0.092201992 0
0.013 0.0896668015 -0.01
0.013 0.091671196 0.01
0.013 0.0918307457 0.02
0.013 0.0926960335 0.03
0.013 0.0930620537 0.04
0.013 0.092164875 0.05
0.013 0.0921126709 0.06
0.013 0.0921419487 0.07
0.013 0.0922479019 0.08
0.013 0.0919358025 0.09
0.013 0.0905068741 0.1
0.013 0.0904450951 0.11
0.013 0.0902020988 0.12
0.013 0.0949645195 0.13
0.00554369736 0.116 0.13
0.013 0.11115234 0.13
0.013 0.116 0.128442993
0.013 0.116 0.131576996
0.00921728897 0.126 0.13
0.013 0.126 0.126217289
0.023 -0.0877271094 0.13
0.023 -0.084 0.126272888
0.023 -0.074 0.126968212
0.023 -0.084 0.133727112
0.023 -0.074 0.132843742
0.023 -0.064 0.12618845
0.023 -0.064 0.133015423
0.023 -0.0574989262 -0.01
0.023 -0.054 -0.0134989285
0.023 -0.0590561094 0
0.023 -0.0580765476 0.01
0.023 -0.0580706873 0.02
0.023 -0.0581782331 0.03
0.023 -0.0580275526 0.04
0.023 -0.0580741539 0.05
0.023 -0.056224412 0.06
0.023 -0.0562767019 0.07
0.023 -0.0561377516 0.08
0.023 -0.0561635485 0.09
0.023 -0.0558902922 0.1
0.023 -0.0551717081 0.11
0.023 -0.0547436609 0.12
0.023 -0.054 0.13414381
0.023 -0.044 -0.0141121531
0.023 -0.044 0.13489687
0.023 -0.034 -0.0149486518
0.023 -0.034 0.135107327
0.023 -0.0294938984 0.12
0.023 -0.024 0.126259441
0.023 -0.024 0.135049591
0.023 -0.014 0.126201591
0.023 -0.014 0.135085773
0.023 -0.004 0.126197338
0.023 -0.004 0.135325871
0.023 0.006 0.126174469
0.023 0.006 0.135371437
0.023 0.016 0.126080246
0.023 0.016 0.135678272
0.023 0.026 0.126157303
0.023 0.026 0.135816517
0.023 0.036 0.126282673
0.023 0.036 0.135294533
0.023 0.046 0.126311913
0.023 0.046 0.135333443
0.023 0.056 0.126356602
0.023 0.056 0.135025501
0.0180023556 0.066 -0.02
0.023 0.061002346 -0.02
0.023 0.066 -0.0249976468
0.023 0.0610222969 0.06
0.023 0.066 0.0550222969
0.023 0.0610381279 0.07
0.023 0.0610704575 0.08
0.023 0.0611195908 0.09
0.023 0.0611858139 0.1
0.023 0.0611872635 0.11
0.023 0.0612856827 0.12
0.023 0.066 0.135263538
0.023 0.070997654 -0.02
0.023 0.066 -0.0150023532
0.023 0.076 -0.0143046141
0.023 0.0716953812 -0.01
0.023 0.0716031036 0
0.023 0.071571785 0.01
0.023 0.071555706 0.02
0.023 0.0715217552 0.03
0.023 0.0715406952 0.04
0.023 0.071573864 0.05
0.023 0.076 0.134705868
0.023 0.0811763725 -0.02
0.023 0.086 -0.0248236322
0.023 0.086 0.133640728
0.023 0.092818409 0
0.023 0.089195076 -0.01
0.023 0.0922811661 0.01
0.023 0.0916714821 0.02
0.023 0.0921986732 0.03
0.023 0.0921680603 0.04
0.023 0.0924576721 0.05
0.023 0.0920283089 0.06
0.023 0.0920689545 0.07
0.023 0.0919990311 0.08
0.023 0.0914370308 0.09
0.023 0.0909021339 0.1
0.023 0.0901782188 0.11
0.023 0.0900451813 0.12
0.023 0.0927518616 0.13
0.015490406 0.116 0.13
0.023 0.120151649 0.13
0.023 0.126 0.125782719
0.033 -0.0879123082 0.13
0.033 -0.084 0.126087685
0.033 -0.074 0.127298641
0.033 -0.084 0.133912315
0.033 -0.074 0.132542553
0.033 -0.064 0.126284676
0.033 -0.064 0.133019485
0.033 -0.0572569981 -0.01
0.033 -0.054 -0.0132569981
0.033 -0.0582535639 0
0.033 -0.0574597921 0.01
0.033 -0.057632493 0.02
0.033 -0.0579527798 0.03
0.033 -0.0576866474 0.04
0.033 -0.0578584185 0.05
0.033 -0.0576113739 0.06
0.033 -0.0555838289 0.07
0.033 -0.055153307 0.08
0.033 -0.0551044931 0.09
0.033 -0.055159091 0.1
0.033 -0.05464291 0.11
0.033 -0.054008831 0.12
0.033 -0.054 0.133919792
0.033 -0.044 -0.013937645
0.033 -0.044 0.134804134
0.033 -0.034 -0.0147853136
0.033 -0.034 0.135100212
0.033 -0.0294969025 0.12
0.033 -0.024 0.126289482
0.033 -0.024 0.135436897
0.033 -0.014 0.126079998
0.033 -0.014 0.135141582
0.033 -0.004 0.126089821
0.033 -0.004 0.135455246
0.033 0.006 0.126122208
0.033 0.006 0.135628662
0.033 0.016 0.126119976
0.033 0.016 0.135328636
0.033 0.026 0.125961056
0.033 0.026 0.135616322
0.033 0.036 0.126115742
0.033 0.036 0.135540524
0.033 0.046 0.126127605
0.033 0.046 0.135390682
0.033 0.056 0.126244373
0.033 0.056 0.135191708
0.033 0.0610362778 -0.02
0.033 0.066 -0.0249637175
0.033 0.0610557327 0.06
0.033 0.066 0.0550557327
0.033 0.0610716209 0.07
0.033 0.0611153755 0.08
0.033 0.061087719 0.09
0.033 0.0611409531 0.1
0.033 0.0612200508 0.11
0.033 0.0613738403 0.12
0.033 0.066 0.135365887
0.0280039196 0.076 -0.02
0.033 0.076 -0.024996078
0.033 0.0716780052 -0.01
0.033 0.066 -0.0150362825
0.033 0.0716669426 0
0.033 0.0716354523 0.01
0.033 0.0716196594 0.02
0.033 0.0716207085 0.03
0.033 0.0716373215 0.04
0.033 0.0716387711 0.05
0.033 0.076 0.135130062
0.033 0.086 -0.0128883457
0.033 0.0809960709 -0.02
0.027823637 0.086 -0.02
0.033 0.086 0.133825264
0.033 0.0919710121 0
0.033 0.0888883362 -0.01
0.033 0.091802784 0.01
0.033 0.0924922905 0.02
0.033 0.0920601044 0.03
0.033 0.0917703781 0.04
0.033 0.0920107613 0.05
0.033 0.0922722588 0.06
0.033 0.0920098839 0.07
0.033 0.0912569199 0.08
0.033 0.0909697304 0.09
0.033 0.0909593925 0.1
0.033 0.0905161629 0.11
0.033 0.0911207352 0.12
0.033 0.0952579842 0.13
0.033 0.117812496 0.13
0.033 0.126 0.125405769
0.043 -0.0872228792 0.13
0.043 -0.084 0.126777115
0.0417470436 -0.074 0.07
0.043 -0.074924921 0.07
0.043 -0.074 0.0688433552
0.0421531372 -0.074 0.08
0.043 -0.0746575871 0.08
0.0422998505 -0.074 0.09
0.043 -0.0745506396 0.09
0.0425214081 -0.074 0.1
0.043 -0.074383451 0.1
0.043 -0.074 0.109516048
0.043 -0.074 0.121387196
0.043 -0.0724801316 0.07
0.043 -0.0729382124 0.08
0.043 -0.071777462 0.09
0.043 -0.0725877919 0.1
0.043 -0.064 0.122822666
0.043 -0.074 0.132455692
0.043 -0.064 0.133017998
0.043 -0.0566376724 -0.01
0.043 -0.054 -0.0126376724
0.043 -0.0571853962 0
0.043 -0.0575344458 0.01
0.043 -0.0568791046 0.02
0.043 -0.0570001259 0.03
0.043 -0.0572534075 0.04
0.043 -0.0570541801 0.05
0.043 -0.0572526588 0.06
0.043 -0.0569819584 0.07
0.043 -0.0581035509 0.08
0.043 -0.0606256094 0.09
0.043 -0.0600997915 0.1
0.043 -0.0620416822 0.11
0.043 -0.0612146749 0.12
0.043 -0.054 0.133833008
0.043 -0.044 -0.0142276597
0.043 -0.044 0.134636192
0.043 -0.034 -0.0149080467
0.043 -0.034 0.134916954
0.038028019 -0.024 0.08
0.043 -0.0296219387 0.07
0.043 -0.024 0.075028019
0.033 -0.0295057287 0.08
0.033 -0.0294513311 0.07
0.0380697517 -0.024 0.09
0.033 -0.0295794907 0.09
0.0381291656 -0.024 0.1
0.033 -0.0297829332 0.1
0.038187149 -0.024 0.11
0.033 -0.0298973598 0.11
0.0382422142 -0.024 0.12
0.043 -0.024 0.135178471
0.0380094986 -0.014 0.08
0.043 -0.014 0.0750094986
0.0380512314 -0.014 0.09
0.0381105118 -0.014 0.1
0.038118866 -0.014 0.11
0.0382704048 -0.014 0.12
0.043 -0.014 0.135241547
0.0380020981 -0.004 0.08
0.043 -0.004 0.0750020885
0.0380438881 -0.004 0.09
0.0381032066 -0.004 0.1
0.0381808357 -0.004 0.11
0.038270977 -0.004 0.12
0.043 -0.004 0.135329742
0.0380056839 0.006 0.08
0.043 0.006 0.0750056934
0.0380476646 0.006 0.09
0.0380647926 0.006 0.1
0.0381420784 0.006 0.11
0.0382966118 0.006 0.12
0.043 0.006 0.135047436
0.0380203323 0.016 0.08
0.043 0.016 0.0750203323
0.038062561 0.016 0.09
0.0381224327 0.016 0.1
0.0381122284 0.016 0.11
0.0382673721 0.016 0.12
0.043 0.016 0.135184269
0.0380209808 0.026 0.07
0.043 0.0210209808 0.07
0.043 0.026 0.0650209808
0.038046196 0.026 0.08
0.0380887871 0.026 0.09
0.0381491928 0.026 0.1
0.0381491356 0.026 0.11
0.0383061485 0.026 0.12
0.043 0.026 0.135305748
0.0380581932 0.036 0.07
0.043 0.036 0.0650581932
0.0380836182 0.036 0.08
0.038126667 0.036 0.09
0.0381877785 0.036 0.1
0.0381453781 0.036 0.11
0.0383107071 0.036 0.12
0.043 0.036 0.135086784
0.0381074219 0.046 0.07
0.043 0.046 0.0651074219
0.0381330757 0.046 0.08
0.0381766777 0.046 0.09
0.0381259041 0.046 0.1
0.0382167702 0.046 0.11
0.0383796005 0.046 0.12
0.043 0.046 0.135369587
0.0380475883 0.056 0.04
0.043 0.0510475788 0.04
0.043 0.056 0.0350475788
0.0380252533 0.056 0.05
0.043 0.0510252533 0.05
0.0380208473 0.056 0.06
0.043 0.0510208473 0.06
0.0381693153 0.056 0.07
0.0381952171 0.056 0.08
0.0382394867 0.056 0.09
0.0383026199 0.056 0.1
0.0383028297 0.056 0.11
0.0384078865 0.056 0.12
0.043 0.056 0.135059853
0.043 0.0610823975 -0.02
0.043 0.066 -0.0249176049
0.0380369072 0.066 0
0.043 0.0610369072 0
0.043 0.066 -0.00496309757
0.0380374603 0.066 0.02
0.043 0.0610374603 0.02
0.043 0.066 0.0150374603
0.0380077248 0.066 0.03
0.043 0.0610077248 0.03
0.0381206398 0.066 0.04
0.0380972176 0.066 0.05
0.043 0.066 0.135082645
0.043 0.076 -0.0248820472
0.043 0.0716040001 -0.01
0.043 0.066 -0.0150823951
0.043 0.0716129265 0.01
0.043 0.066 0.00496309757
0.043 0.076 0.134736729
0.0381622009 0.086 -0.02
0.043 0.086 -0.0248377919
0.043 0.086 0.134005795
0.0383426552 0.096 -0.02
0.043 0.096 -0.0246573472
0.0382464485 0.096 -0.01
0.043 0.096 -0.0012874794
0.043 0.0935509071 0
0.043 0.0941621552 0.01
0.043 0.0940632973 0.02
0.043 0.0934656296 0.03
0.043 0.0938370667 0.04
0.043 0.0938352165 0.05
0.043 0.0937026749 0.06
0.043 0.0936776886 0.07
0.043 0.0930389938 0.08
0.043 0.0924004517 0.09
0.043 0.0922310982 0.1
0.043 0.0919160042 0.11
0.043 0.091432663 0.12
0.0391492157 0.096 0.13
0.043 0.096 0.129404697
0.043 0.096 0.130348167
0.043 0.0972207031 0.13
0.043 0.117830082 0.13
0.043 0.126 0.125089207
0.0481370239 -0.084 0.02
0.053 -0.0888629785 0.02
0.053 -0.084 0.0151370192
0.0482011681 -0.084 0.03
0.053 -0.0887988236 0.03
0.0481191711 -0.084 0.04
0.053 -0.0888808324 0.04
0.0482055168 -0.084 0.05
0.053 -0.0887944856 0.05
0.0487208061 -0.084 0.09
0.053 -0.0882791986 0.09
0.053 -0.084 0.0857208061
0.0487370567 -0.084 0.1
0.053 -0.0882629373 0.1
0.0489266472 -0.084 0.11
0.053 -0.0880733564 0.11
0.0489828377 -0.084 0.12
0.053 -0.0880171659 0.12
0.053 -0.0876390948 0.13
0.0480153351 -0.074 -0.01
0.053 -0.0789846673 -0.01
0.053 -0.074 -0.0149846673
0.0480490189 -0.074 0
0.053 -0.0789509811 0
0.053 -0.074 0.00556236744
0.053 -0.0784309092 0.02
0.053 -0.0785856476 0.03
0.053 -0.074 0.0395012856
0.0524350052 -0.074 0.04
0.0523828392 -0.074 0.05
0.053 -0.0744034567 0.06
0.053 -0.084 0.0547944832
0.0524880867 -0.074 0.06
0.053 -0.0742498817 0.07
0.0521440773 -0.074 0.08
0.053 -0.074 0.0779549694
0.053 -0.0744731274 0.09
0.0491069298 -0.074 0.09
0.048299511 -0.0744975367 0.0950681686
0.053 -0.0746224442 0.1
0.0474704437 -0.074 0.1
0.053 -0.0757291546 0.11
0.053 -0.0761906376 0.12
0.053 -0.074 0.123987999
0.0487335281 -0.064 -0.01
0.053 -0.064 -0.0142664742
0.053 -0.064 -9.68170166e-05
0.053 -0.0640736427 0
0.0527889137 -0.064 0.02
0.053 -0.0641649499 0.02
0.053 -0.064 0.0193717194
0.0524705009 -0.064 0.03
0.053 -0.064370481 0.03
0.0505545692 -0.064 0.04
0.0504391556 -0.064 0.05
0.0504087524 -0.064 0.06
0.053 -0.0710206523 0.07
0.053 -0.064 0.0674929619
0.053 -0.064 0.124735336
0.053 -0.074 0.132211494
0.053 -0.064 0.132496643
0.053 -0.054 -0.0136874628
0.053 -0.0638611307 0
0.053 -0.0612957754 0.01
0.053 -0.0628093328 0.07
0.053 -0.0621609297 0.08
0.053 -0.0610577145 0.09
0.053 -0.0606060495 0.1
0.053 -0.0597463837 0.11
0.053 -0.0590918579 0.12
0.053 -0.054 0.133826313
0.0480205231 -0.044 -0.02
0.053 -0.0489794817 -0.02
0.053 -0.044 -0.0249794841
0.053 -0.044 0.134615536
0.053 -0.0390205183 -0.02
0.053 -0.034 -0.0143977404
0.053 -0.034 0.134497833
0.0486275558 -0.024 -0.01
0.043 -0.0290919533 -0.01
0.053 -0.024 -0.014372437
0.0487088852 -0.024 0
0.043 -0.0291602459 0
0.0485949974 -0.024 0.01
0.043 -0.0291046133 0.01
0.0488034134 -0.024 0.02
0.043 -0.0291933289 0.02
0.0484860497 -0.024 0.03
0.043 -0.0291662827 0.03
0.0486082344 -0.024 0.04
0.043 -0.0291566315 0.04
0.0485699158 -0.024 0.05
0.043 -0.0294453325 0.05
0.0486060028 -0.024 0.06
0.043 -0.0294639578 0.06
0.0487193375 -0.024 0.07
0.053 -0.024 0.134864559
0.0487068634 -0.014 -0.01
0.053 -0.014 -0.0142931461
0.0486827736 -0.014 0
0.0484289436 -0.014 0.01
0.0484636002 -0.014 0.02
0.0484535866 -0.014 0.03
0.048517292 -0.014 0.04
0.0485395126 -0.014 0.05
0.0485817032 -0.014 0.06
0.0486359863 -0.014 0.07
0.053 -0.014 0.13473362
0.0487029152 -0.004 -0.01
0.053 -0.004 -0.01429708
0.0484516602 -0.004 0
0.0486684875 -0.004 0.01
0.0484467392 -0.004 0.02
0.048608902 -0.004 0.03
0.0485030251 -0.004 0.04
0.0484718018 -0.004 0.05
0.048516758 -0.004 0.06
0.0485758476 -0.004 0.07
0.053 -0.004 0.134895248
0.048700779 0.006 -0.01
0.053 0.006 -0.0142992282
0.0485053139 0.006 0
0.0487787895 0.006 0.01
0.0484416847 0.006 0.02
0.0487097816 0.006 0.03
0.0487569885 0.006 0.04
0.0485294609 0.006 0.05
0.0485759811 0.006 0.06
0.0485844498 0.006 0.07
0.053 0.006 0.135078449
0.0487288361 0.016 -0.01
0.053 0.016 -0.0142711663
0.0484533386 0.016 0
0.0488078194 0.016 0.01
0.0484567337 0.016 0.02
0.0486444168 0.016 0.03
0.0487858276 0.016 0.04
0.0484938889 0.016 0.05
0.0485433464 0.016 0.06
0.0486065941 0.016 0.07
0.053 0.016 0.135134277
0.0486667709 0.026 -0.01
0.053 0.026 -0.0143332338
0.0484827499 0.026 0
0.0487509232 0.026 0.01
0.0487585907 0.026 0.02
0.0486889725 0.026 0.03
0.04873946 0.026 0.04
0.0488011246 0.026 0.05
0.0485807877 0.026 0.06
0.053 0.026 0.135341969
0.0489358025 0.036 -0.01
0.053 0.036 -0.0140642023
0.0485162811 0.036 0
0.0488150291 0.036 0.01
0.0487234573 0.036 0.02
0.0484774857 0.036 0.03
0.0488025932 0.036 0.04
0.0487749557 0.036 0.05
0.0485819702 0.036 0.06
0.053 0.036 0.135275078
0.0488931541 0.046 -0.01
0.053 0.046 -0.0141068387
0.0485786514 0.046 0
0.0488756256 0.046 0.01
0.0488850861 0.046 0.02
0.0485332756 0.046 0.03
0.0485569267 0.046 0.04
0.0485932999 0.046 0.05
0.0486040001 0.046 0.06
0.053 0.046 0.135049038
0.0486390381 0.056 -0.01
0.053 0.056 -0.0143609571
0.0485854416 0.056 0
0.048632 0.056 0.01
0.0485561256 0.056 0.02
0.0486812859 0.056 0.03
0.053 0.056 0.135067863
0.053 0.0611413155 -0.02
0.053 0.066 -0.0248586869
0.0485422783 0.066 -0.01
0.0484843903 0.066 0.01
0.053 0.066 0.134874992
0.053 0.076 -0.0247414184
0.053 0.076 0.134865494
0.053 0.086 -0.0249242258
0.053 0.086 0.133127365
0.053 0.090924221 -0.02
0.053 0.096 -0.0132244205
0.0476573448 0.096 -0.02
0.053 0.096 -0.00309571743
0.053 0.0922609863 0
0.053 0.0924451408 0.01
0.053 0.0925582657 0.02
0.053 0.091929718 0.03
0.053 0.0925169907 0.04
0.053 0.092803093 0.05
0.053 0.0927328453 0.06
0.053 0.0924713478 0.07
0.053 0.0915343628 0.08
0.053 0.0911943779 0.09
0.053 0.0909778366 0.1
0.053 0.090727478 0.11
0.053 0.0898277626 0.12
0.053 0.0941132698 0.13
0.0452474861 0.096 0.13
0.0589077644 -0.094 0.12
0.063 -0.0980922266 0.12
0.063 -0.094 0.115907764
0.0583004456 -0.084 -0.01
0.063 -0.0886995521 -0.01
0.063 -0.084 -0.0146995521
0.0577944832 -0.084 0.05
0.063 -0.0881686738 0.06
0.063 -0.084 0.0558313274
0.0588313179 -0.084 0.06
0.0586113434 -0.084 0.07
0.063 -0.0883886662 0.07
0.0586446838 -0.084 0.08
0.063 -0.0883553185 0.08
0.063 -0.0885174587 0.09
0.063 -0.0884561708 0.1
0.063 -0.0885714736 0.11
0.063 -0.0870736256 0.13
0.063 -0.094 0.124092236
0.0579509811 -0.074 0
0.0578629761 -0.084 0.02
0.063 -0.0783672895 0.04
0.0577988319 -0.084 0.03
0.0578808289 -0.084 0.04
0.063 -0.074 0.0356327152
0.063 -0.07860145 0.05
0.0547977333 -0.074 0.08
0.0587009315 -0.074 0.09
0.0585660629 -0.074 0.1
0.0543098526 -0.074 0.11
0.0555977516 -0.074 0.12
0.0579846649 -0.074 -0.01
0.063 -0.0670252266 -0.01
0.063 -0.064 -0.0130252266
0.063 -0.064 -0.00206543446
0.063 -0.0654478636 0.02
0.063 -0.064 0.0134650469
0.063 -0.0662700906 0.03
0.063 -0.064 0.0627569389
0.063 -0.0725184932 0.07
0.063 -0.0725333323 0.08
0.063 -0.0726229587 0.09
0.063 -0.0703927507 0.1
0.063 -0.0652726092 0.11
0.063 -0.066116735 0.12
0.063 -0.064 0.124764023
0.063 -0.074 0.133191967
0.063 -0.064 0.131602135
0.063 -0.054 -0.0126018405
0.063 -0.0617855682 0
0.063 -0.062302927 0.01
0.063 -0.0585528746 0.07
0.063 -0.059979104 0.08
0.063 -0.0595181503 0.09
0.063 -0.0615508261 0.1
0.063 -0.0588449278 0.11
0.063 -0.0578484955 0.12
0.063 -0.054 0.133091602
0.063 -0.0487955084 -0.02
0.063 -0.044 -0.0247955084
0.063 -0.044 0.133765621
0.063 -0.0392044916 -0.02
0.063 -0.034 -0.013384788
0.063 -0.034 0.134090519
0.063 -0.024 -0.0129469347
0.063 -0.024 0.13434082
0.063 -0.014 -0.0126395321
0.063 -0.014 0.1341506
0.063 -0.004 -0.0126971579
0.063 -0.004 0.134495564
0.063 0.006 -0.0133626938
0.063 0.006 0.13439743
0.0581041222 0.016 -0.02
0.063 0.0111041222 -0.02
0.063 0.016 -0.0248958802
0.063 0.016 0.134391899
0.063 0.0208958778 -0.02
0.063 0.026 -0.0127943492
0.063 0.026 0.134432621
0.063 0.036 -0.0126661873
0.063 0.036 0.134709549
0.063 0.046 -0.0126891851
0.063 0.046 0.134611969
0.063 0.056 -0.0125859928
0.063 0.056 0.134701023
0.063 0.061213871 -0.02
0.063 0.066 -0.0247861385
0.063 0.066 0.13459425
0.063 0.070786129 -0.02
0.063 0.076 -0.0136185384
0.0577414207 0.076 -0.02
0.063 0.076 0.134516087
0.063 0.081486393 -0.02
0.063 0.086 -0.0245136046
0.063 0.086 0.133150883
0.056224411 0.096 -0.01
0.063 0.0884697113 -0.01
0.063 0.0919651184 0
0.063 0.0902129707 0.01
0.063 0.090129982 0.02
0.063 0.0905059776 0.03
0.063 0.0909484253 0.04
0.063 0.0918880615 0.05
0.063 0.0913882408 0.06
0.063 0.0912679443 0.07
0.063 0.0902922211 0.08
0.063 0.0895552025 0.09
0.063 0.0899960289 0.1
0.063 0.0893819771 0.11
0.063 0.0886245689 0.12
0.063 0.0939115105 0.13
0.0593738632 0.126 0.13
0.063 0.116587502 0.13
0.063 0.126 0.126373863
0.0676590805 -0.084 0.12
0.0670922356 -0.094 0.12
0.073 -0.087483901 0.13
0.073 -0.084 0.126516094
0.073 -0.074 0.126850243
0.0664925652 -0.074 0.12
0.073 -0.064 0.126237164
0.0660252266 -0.064 -0.01
0.073 -0.0577992334 -0.01
0.073 -0.054 -0.0137992334
0.0725454025 -0.054 0
0.073 -0.054 -0.000299310684
0.073 -0.054 0.00600598335
0.073 -0.0541241589 0.01
0.0723211746 -0.054 0.02
0.0641592674 -0.064 0.02
0.073 -0.054 0.0132890749
0.0652700882 -0.064 0.03
0.0721001511 -0.054 0.03
0.0640651588 -0.064 0.04
0.0713971024 -0.054 0.04
0.0638381844 -0.064 0.05
0.0716823845 -0.054 0.05
0.0638079529 -0.064 0.06
0.0702178268 -0.054 0.06
0.0690521126 -0.054 0.07
0.0697196083 -0.054 0.08
0.0691295509 -0.054 0.09
0.0696235542 -0.054 0.1
0.0674602966 -0.054 0.11
0.0654381828 -0.054 0.12
0.073 -0.054 0.129579411
0.073 -0.064 0.133762836
0.073 -0.054 0.130224419
0.073 -0.044 -0.0135780549
0.0677955132 -0.044 -0.02
0.073 -0.0524448624 0
0.073 -0.0507531109 0.02
0.073 -0.0500425615 0.03
0.073 -0.048184227 0.04
0.073 -0.0497304859 0.05
0.073 -0.047817749 0.06
0.073 -0.0448953142 0.07
0.0729292946 -0.044 0.08
0.073 -0.044 0.0780144119
0.0712266045 -0.044 0.09
0.0705090408 -0.044 0.1
0.0699293976 -0.044 0.11
0.0691376762 -0.044 0.12
0.073 -0.044 0.124720421
0.073 -0.044 0.13248148
0.073 -0.034 -0.0147697091
0.0728966217 -0.034 0.01
0.073 -0.034 0.00271078587
0.073 -0.034379796 0.01
0.073 -0.0347993078 0.02
0.072910984 -0.034 0.02
0.073 -0.034 0.0217217016
0.0718450813 -0.034 0.07
0.073 -0.034 0.0643628597
0.073 -0.0424322166 0.07
0.0718042259 -0.034 0.08
0.0710341911 -0.034 0.09
0.0709297256 -0.034 0.1
0.073 -0.034 0.107249355
0.073 -0.0362810984 0.11
0.073 -0.0348755398 0.12
0.073 -0.034 0.133131676
0.0659469299 -0.024 -0.01
0.073 -0.033904151 0
0.0695892982 -0.024 0
0.073 -0.0292302885 -0.01
0.0697551422 -0.024 0.01
0.0701602631 -0.024 0.02
0.073 -0.0325296774 0.03
0.0708739548 -0.024 0.03
0.073 -0.0322337666 0.04
0.0712295609 -0.024 0.04
0.073 -0.0320507994 0.05
0.0710910683 -0.024 0.05
0.073 -0.0319815912 0.06
0.0700315361 -0.024 0.06
0.0699784927 -0.024 0.07
0.0695353775 -0.024 0.08
0.0695038109 -0.024 0.09
0.0691393929 -0.024 0.1
0.073 -0.0259405842 0.11
0.0727250175 -0.024 0.11
0.073 -0.0315383425 0.12
0.0718959312 -0.024 0.12
0.073 -0.024 0.121540928
0.073 -0.024 0.133402157
0.0701862411 -0.014 0
0.0656395226 -0.014 -0.01
0.0706127243 -0.014 0.01
0.0713674812 -0.014 0.02
0.0715830879 -0.014 0.03
0.0703573875 -0.014 0.04
0.0695172577 -0.014 0.05
0.0706195145 -0.014 0.06
0.0692988663 -0.014 0.07
0.069018219 -0.014 0.08
0.0687712555 -0.014 0.09
0.0682108765 -0.014 0.1
0.0690198975 -0.014 0.11
0.0676998215 -0.014 0.12
0.073 -0.014 0.125748367
0.073 -0.014 0.13343338
0.0708977776 -0.004 0
0.0656971626 -0.004 -0.01
0.0714233093 -0.004 0.01
0.0714939957 -0.004 0.02
0.0698953514 -0.004 0.03
0.0703273659 -0.004 0.04
0.0700087814 -0.004 0.05
0.0698211555 -0.004 0.06
0.0699095802 -0.004 0.07
0.0698329239 -0.004 0.08
0.0692787056 -0.004 0.09
0.0698409348 -0.004 0.1
0.0684144478 -0.004 0.11
0.0681829147 -0.004 0.12
0.073 -0.004 0.125370865
0.073 -0.004 0.133989582
0.0715194588 0.006 0
0.0663626938 0.006 -0.01
0.0719110184 0.006 0.01
0.0702159195 0.006 0.02
0.0706605606 0.006 0.03
0.0707677345 0.006 0.04
0.0708611565 0.006 0.05
0.0705045776 0.006 0.06
0.0703705673 0.006 0.07
0.0701811676 0.006 0.08
0.0704868393 0.006 0.09
0.0691478806 0.006 0.1
0.0689917068 0.006 0.11
0.0687253265 0.006 0.12
0.073 0.006 0.125095081
0.073 0.006 0.133580799
0.0698056679 0.016 0
0.0664389877 0.016 -0.01
0.0704106598 0.016 0.01
0.0707433968 0.016 0.02
0.0710251694 0.016 0.03
0.0711246567 0.016 0.04
0.0713485413 0.016 0.05
0.0710262184 0.016 0.06
0.0705818062 0.016 0.07
0.0711620407 0.016 0.08
0.0698572426 0.016 0.09
0.0695042114 0.016 0.1
0.0693293457 0.016 0.11
0.0689799194 0.016 0.12
0.073 0.016 0.124440937
0.073 0.016 0.133980141
0.0702722244 0.026 0
0.065794342 0.026 -0.01
0.070369957 0.026 0.01
0.0712262993 0.026 0.02
0.0713525085 0.026 0.03
0.0711337547 0.026 0.04
0.0715942841 0.026 0.05
0.0713111954 0.026 0.06
0.0710711555 0.026 0.07
0.0699782448 0.026 0.08
0.0698713188 0.026 0.09
0.069777401 0.026 0.1
0.0694149666 0.026 0.11
0.0691075974 0.026 0.12
0.073 0.026 0.124474964
0.073 0.026 0.134214153
0.0708666115 0.036 0
0.0656661873 0.036 -0.01
0.0705575256 0.036 0.01
0.0710809021 0.036 0.02
0.0711313133 0.036 0.03
0.0715081291 0.036 0.04
0.0717532997 0.036 0.05
0.0720299606 0.036 0.06
0.0702617912 0.036 0.07
0.0701511269 0.036 0.08
0.0700833206 0.036 0.09
0.0698525124 0.036 0.1
0.0696455841 0.036 0.11
0.0693348961 0.036 0.12
0.073 0.036 0.124268513
0.073 0.036 0.133987274
0.0699672012 0.046 0
0.0656891899 0.046 -0.01
0.0705683975 0.046 0.01
0.0710356789 0.046 0.02
0.0712058144 0.046 0.03
0.0714925652 0.046 0.04
0.071613224 0.046 0.05
0.0720224838 0.046 0.06
0.0705866318 0.046 0.07
0.0705103188 0.046 0.08
0.0705251389 0.046 0.09
0.0699038773 0.046 0.1
0.0697791176 0.046 0.11
0.0694285851 0.046 0.12
0.073 0.046 0.124396152
0.073 0.046 0.133764229
0.0700867157 0.056 0
0.0655860023 0.056 -0.01
0.0702600365 0.056 0.01
0.0709027939 0.056 0.02
0.0713430862 0.056 0.03
0.0710771446 0.056 0.04
0.0714216499 0.056 0.05
0.0706433372 0.056 0.06
0.0706266479 0.056 0.07
0.0706192474 0.056 0.08
0.0705606155 0.056 0.09
0.0702506332 0.056 0.1
0.0699763374 0.056 0.11
0.0697606544 0.056 0.12
0.073 0.056 0.123905926
0.073 0.056 0.133963242
0.073 0.0612732086 -0.02
0.073 0.066 -0.0247267938
0.073 0.0610938034 -0.01
0.073 0.0630788193 0
0.073 0.0621036873 0.01
0.073 0.0604905281 0.02
0.073 0.0581954727 0.03
0.073 0.0585006676 0.04
0.073 0.0578481064 0.05
0.073 0.060213562 0.06
0.073 0.0602946243 0.07
0.073 0.0603424606 0.08
0.073 0.0607417641 0.09
0.073 0.0612622604 0.1
0.073 0.0618071709 0.11
0.073 0.062513443 0.12
0.073 0.066 0.134340363
0.073 0.0707267914 -0.02
0.073 0.076 -0.0140324163
0.073 0.076 0.132849541
0.073 0.086 -0.0121122622
0.067513607 0.086 -0.02
0.0716193085 0.086 0.03
0.073 0.086 0.0266076899
0.073 0.0842188416 0.03
0.073 0.0845883141 0.04
0.0721580963 0.086 0.04
0.073 0.086 0.0437374115
0.0711549454 0.086 0.1
0.073 0.086 0.0945054913
0.073 0.0809612617 0.1
0.073 0.0807673035 0.11
0.0699913673 0.086 0.11
0.073 0.0799359474 0.12
0.0698948746 0.086 0.12
0.073 0.086 0.123703518
0.073 0.086 0.132185764
0.073 0.0876831207 0
0.073 0.0881122551 -0.01
0.073 0.0881528244 0.01
0.073 0.0883154831 0.02
0.073 0.087896553 0.05
0.073 0.0871852646 0.06
0.073 0.087336937 0.07
0.073 0.0867713509 0.08
0.073 0.0870144806 0.09
0.073 0.096 0.128703613
0.0691608315 0.096 0.13
0.073 0.096 0.13115366
0.0707004051 0.106 0.13
0.073 0.106 0.129077435
0.073 0.106 0.130796108
0.073 0.10662706 0.13
0.073 0.121785313 0.13
0.073 0.126 0.125967503
0.0680922012 0.136 0.13
0.063 0.129626137 0.13
0.073 0.136 0.125092201
0.083 -0.088086355 0.13
0.083 -0.084 0.125913639
0.083 -0.074 0.126218891
0.083 -0.064 0.127113724
0.083 -0.0574178829 -0.01
0.083 -0.054 -0.0134178805
0.0733460312 -0.054 0
0.083 -0.0574529924 0
0.083 -0.0540982141 0.01
0.083 -0.054 0.010608077
0.083 -0.054 0.123278198
0.083 -0.064 0.132886276
0.083 -0.054 0.133378925
0.083 -0.044 -0.01439924
0.083 -0.053371562 0.01
0.0777855186 -0.044 0.01
0.083 -0.044 0.00839509964
0.0756537132 -0.044 0.02
0.0752208786 -0.044 0.03
0.073959301 -0.044 0.04
0.0742249184 -0.044 0.05
0.0743760185 -0.044 0.06
0.0733687859 -0.044 0.07
0.083 -0.044 0.125291233
0.083 -0.044 0.132821865
0.083 -0.034 -0.0145129752
0.083 -0.034 0.00758899689
0.073793457 -0.034 0.03
0.0738747673 -0.034 0.04
0.0740410309 -0.034 0.05
0.0745370369 -0.034 0.06
0.0758826714 -0.034 0.11
0.0739870529 -0.034 0.12
0.083 -0.034 0.123374443
0.083 -0.034 0.133024979
0.083 -0.0293962898 0
0.083 -0.024 0.12506855
0.083 -0.024 0.133053417
0.083 -0.014 0.126301823
0.083 -0.014 0.133530941
0.083 -0.004 0.128078785
0.083 -0.004 0.131826668
0.083 0.006 0.128086052
0.083 0.006 0.131812134
0.083 0.016 0.127617607
0.083 0.016 0.132140045
0.083 0.026 0.127564354
0.083 0.026 0.13218235
0.083 0.036 0.127657604
0.083 0.036 0.132196007
0.083 0.046 0.127600613
0.083 0.046 0.132208099
0.083 0.056 0.128013973
0.083 0.056 0.131856499
0.083 0.0610561523 -0.02
0.083 0.066 -0.0249438381
0.083 0.066 -0.00482769966
0.0779061966 0.066 -0.01
0.083 0.0611723099 0
0.0762836342 0.066 0.01
0.083 0.066 0.00841179848
0.0769408684 0.066 0.02
0.0791115265 0.066 0.03
0.0791300468 0.066 0.04
0.0793179207 0.066 0.05
0.0783929329 0.066 0.06
0.0782346039 0.066 0.07
0.0780777435 0.066 0.08
0.07759589 0.066 0.09
0.077067688 0.066 0.1
0.076033123 0.066 0.11
0.0753914909 0.066 0.12
0.083 0.066 0.126421852
0.083 0.066 0.132051258
0.083 0.0709438477 -0.02
0.083 0.066 -0.0150561619
0.083 0.071533371 -0.01
0.083 0.076 -0.0144666386
0.0806509094 0.076 0.01
0.083 0.076 0.00923732758
0.0808038788 0.076 0.02
0.0775244789 0.076 0.03
0.0772085457 0.076 0.04
0.0803749352 0.076 0.05
0.0794222527 0.076 0.06
0.0789440994 0.076 0.07
0.0766228371 0.076 0.08
0.0756732063 0.076 0.09
0.0749278908 0.076 0.1
0.0756015854 0.076 0.11
0.0746755295 0.076 0.12
0.083 0.076 0.127360115
0.083 0.076 0.131064587
0.083 0.086 -0.0118725729
0.0764718895 0.086 0.01
0.083 0.086 0.00750294209
0.0754905586 0.086 0.02
0.0740066414 0.086 0.05
0.0740512161 0.086 0.06
0.0739986496 0.086 0.07
0.0739473228 0.086 0.08
0.0744311409 0.086 0.09
0.083 0.086 0.129505596
0.083 0.086 0.13028389
0.083 0.0891675148 0
0.083 0.096 0.128387604
0.083 0.096 0.131481819
0.083 0.106 0.127242584
0.083 0.106 0.132568512
0.0800269394 0.116 0.13
0.083 0.116 0.127181606
0.083 0.126 0.125617313
0.0870863609 -0.084 0.13
0.093 -0.0789611425 0.13
0.093 -0.074 0.125038853
0.093 -0.064 0.126584187
0.0831040268 -0.054 0.01
0.0864529877 -0.054 0
0.093 -0.054 0.128664112
0.0873621063 -0.044 0
0.093 -0.044 0.127624187
0.093 -0.054 0.131267643
0.093 -0.044 0.132262974
0.0876037102 -0.034 0
0.093 -0.034 0.120751781
0.093 -0.034 0.132334595
0.0916828613 -0.024 0.11
0.093 -0.0328345718 0.11
0.093 -0.024 0.109531822
0.093 -0.024 0.110450516
0.093 -0.024 0.127481346
0.093 -0.024 0.132395916
0.093 -0.0235654011 0.11
0.093 -0.014 0.127732353
0.093 -0.014 0.132151566
0.093 -0.004 0.126900673
0.093 -0.004 0.133102646
0.093 0.006 0.128210335
0.093 0.006 0.131752033
0.093 0.016 0.128646641
0.093 0.016 0.131319847
0.093 0.026 0.128573112
0.093 0.026 0.131345463
0.093 0.036 0.128766193
0.093 0.036 0.131163273
0.093 0.046 0.12861042
0.093 0.046 0.131305695
0.093 0.056 0.129095383
0.093 0.056 0.130862827
0.0878276901 0.066 0
0.093 0.066 0.125441666
0.093 0.066 0.132109203
0.0879438477 0.066 -0.02
0.093 0.076 -0.0247729754
0.0882270317 0.076 -0.02
0.093 0.0712270317 -0.02
0.093 0.0717889366 -0.01
0.093 0.0715986023 0
0.093 0.076 0.00906103611
0.093 0.076 0.125087242
0.093 0.076 0.131925678
0.0883648758 0.086 -0.02
0.093 0.086 -0.0246351266
0.093 0.086 0.126038895
0.093 0.086 0.131893616
0.0861675148 0.086 0
0.093 0.096 0.129765816
0.093 0.106 0.126667252
0.0983542328 -0.084 0.13
0.103 -0.0886457636 0.13
0.103 -0.084 0.125354233
0.0979611473 -0.074 0.13
0.103 -0.0689290919 0.13
0.103 -0.064 0.125070915
0.103 -0.054 0.125732002
0.0978711967 -0.044 0.12
0.103 -0.048894557 0.12
0.103 -0.044 0.115105438
0.0976893692 -0.034 0.1
0.103 -0.038930563 0.1
0.103 -0.034 0.095069437
0.0930565338 -0.034 0.11
0.103 -0.038907012 0.11
0.0932551842 -0.034 0.12
0.103 -0.0292597952 0.12
0.103 -0.024 0.125775547
0.103 -0.014 0.125521469
0.103 -0.004 0.125740509
0.103 0.006 0.125696087
0.103 0.016 0.125738754
0.103 0.026 0.125903778
0.103 0.036 0.125973625
0.103 0.046 0.126075172
0.103 0.056 0.126025486
0.103 0.066 0.126325169
0.103 0.076 0.126502094
0.0982685356 0.086 0
0.103 0.0812685356 0
0.103 0.086 -0.00473147392
0.093 0.0804013977 0
0.093 0.086 -0.00520910263
0.0974013977 0.076 0
0.0977908974 0.086 -0.01
0.0972110634 0.076 -0.01
0.103 0.081140419 0.01
0.098140419 0.086 0.01
0.0944116096 0.086 0.02
0.103 0.0810322342 0.02
0.0959514503 0.086 0.06
0.103 0.0816624985 0.06
0.103 0.086 0.0556624889
0.095352047 0.086 0.07
0.103 0.0816034279 0.07
0.0947781258 0.086 0.08
0.103 0.0813111839 0.08
0.0948546867 0.086 0.11
0.103 0.0827701721 0.11
0.103 0.086 0.106770182
0.0968602257 0.086 0.12
0.103 0.0824463806 0.12
0.103 0.0895536194 0.12
0.103 0.096 0.126375771
0.103 0.106 0.12559988
3 2 1 0
3 5 4 3
3 7 6 3
3 7 3 4
3 10 9 8
3 12 11 8
3 12 8 9
3 15 14 13
3 15 13 16
3 15 16 17
3 17 16 18
3 17 18 19
3 19 18 20
3 19 20 21
3 21 20 22
3 21 22 23
3 23 22 24
3 23 24 25
3 25 24 26
3 25 26 27
3 27 26 28
3 27 28 29
3 29 28 30
3 29 30 31
3 31 30 32
3 31 32 33
3 33 32 34
3 33 34 35
3 35 34 36
3 35 36 37
3 37 36 38
3 37 38 39
3 39 38 40
3 39 40 41
3 44 43 42
3 42 43 41
3 40 42 41
3 45 42 40
3 48 47 46
3 50 49 46
3 50 46 47
3 53 52 51
3 55 54 51
3 55 51 52
3 58 57 56
3 60 59 56
3 60 56 57
3 44 42 61
3 44 61 62
3 63 42 45
3 61 42 63
3 65 64 1
3 65 1 2
3 68 67 66
3 1 68 66
3 64 68 1
3 67 68 53
3 51 67 53
3 69 67 51
3 70 51 54
3 69 51 70
3 54 72 71
3 73 54 71
3 70 54 73
3 4 5 73
3 71 4 73
3 74 4 71
3 4 75 7
3 74 75 4
3 56 77 76
3 75 56 76
3 7 75 76
3 58 56 75
3 78 56 59
3 77 56 78
3 59 80 79
3 81 59 79
3 78 59 81
3 9 10 81
3 79 9 81
3 82 9 79
3 61 12 62
3 12 82 62
3 12 9 82
3 12 61 83
3 61 84 83
3 61 63 84
3 86 85 83
3 87 86 83
3 84 87 83
3 86 87 88
3 91 90 89
3 91 89 14
3 15 91 14
3 92 91 15
3 93 14 89
3 94 93 89
3 95 93 94
3 17 92 15
3 17 96 92
3 95 97 93
3 98 97 95
3 19 100 99
3 96 19 99
3 17 19 96
3 98 99 100
3 101 98 100
3 97 98 101
3 21 102 100
3 21 100 19
3 102 103 101
3 102 101 100
3 23 104 102
3 23 102 21
3 104 105 103
3 104 103 102
3 25 106 104
3 25 104 23
3 106 107 105
3 106 105 104
3 27 108 106
3 27 106 25
3 108 109 107
3 108 107 106
3 29 110 108
3 29 108 27
3 110 111 109
3 110 109 108
3 31 112 110
3 31 110 29
3 112 113 111
3 112 111 110
3 33 114 112
3 33 112 31
3 114 115 113
3 114 113 112
3 35 116 114
3 35 114 33
3 116 117 115
3 116 115 114
3 37 118 116
3 37 116 35
3 118 119 117
3 118 117 116
3 39 120 118
3 39 118 37
3 120 121 119
3 120 119 118
3 41 122 120
3 41 120 39
3 122 123 121
3 122 121 120
3 126 125 124
3 128 127 124
3 128 124 125
3 130 129 127
3 130 127 128
3 131 129 130
3 44 132 43
3 122 41 43
3 132 122 43
3 133 122 132
3 133 134 123
3 133 123 122
3 47 135 50
3 136 50 135
3 50 136 127
3 137 127 136
3 127 137 124
3 50 127 138
3 127 139 138
3 127 129 139
3 129 131 140
3 129 140 139
3 53 141 52
3 142 55 52
3 142 52 141
3 142 72 55
3 58 143 57
3 144 60 57
3 144 57 143
3 144 80 60
3 62 145 132
3 62 132 44
3 132 146 133
3 132 145 146
3 146 147 134
3 146 134 133
3 149 148 135
3 148 150 135
3 150 136 135
3 148 151 150
3 138 139 148
3 139 151 148
3 139 152 151
3 154 153 140
3 64 140 153
3 140 64 139
3 65 139 64
3 139 65 152
3 155 68 64
3 155 64 153
3 141 53 68
3 155 141 68
3 156 141 155
3 141 157 142
3 141 156 157
3 158 71 72
3 142 158 72
3 157 158 142
3 159 74 71
3 159 71 158
3 160 75 74
3 160 74 159
3 143 58 75
3 160 143 75
3 161 143 160
3 143 162 144
3 143 161 162
3 163 79 80
3 144 163 80
3 162 163 144
3 164 82 79
3 164 79 163
3 145 62 82
3 164 145 82
3 165 145 164
3 145 166 146
3 145 165 166
3 166 167 147
3 166 147 146
3 168 153 154
3 168 169 153
3 168 152 65
3 169 168 65
3 153 169 170
3 153 170 155
3 155 170 171
3 155 171 156
3 156 171 172
3 156 172 157
3 157 172 173
3 157 173 158
3 158 173 174
3 158 174 159
3 159 174 175
3 159 175 160
3 160 175 176
3 160 176 161
3 161 176 177
3 161 177 162
3 162 177 178
3 162 178 163
3 163 178 179
3 163 179 164
3 164 179 86
3 164 86 165
3 165 86 88
3 180 165 88
3 166 165 180
3 180 181 167
3 180 167 166
3 182 180 88
3 180 182 181
3 184 183 90
3 184 90 91
3 92 186 185
3 184 92 185
3 91 92 184
3 187 185 186
3 95 187 186
3 94 187 95
3 189 188 186
3 92 189 186
3 96 189 92
3 95 186 188
3 190 95 188
3 98 95 190
3 96 99 191
3 192 96 191
3 189 96 192
3 193 191 99
3 98 193 99
3 190 193 98
3 194 192 191
3 194 191 193
3 196 195 125
3 196 125 126
3 125 197 128
3 195 197 125
3 197 199 198
3 130 197 198
3 128 197 130
3 198 131 130
3 137 136 200
3 200 136 201
3 198 199 202
3 202 199 203
3 202 140 131
3 202 131 198
3 150 201 136
3 150 204 201
3 202 203 205
3 205 203 206
3 205 154 140
3 205 140 202
3 168 205 206
3 207 168 206
3 208 168 207
3 205 168 154
3 210 209 183
3 210 183 184
3 213 212 211
3 215 214 211
3 215 211 212
3 216 214 215
3 217 210 184
3 217 184 185
3 185 187 218
3 185 218 217
3 213 211 219
3 213 219 220
3 214 222 221
3 219 214 221
3 211 214 219
3 222 214 216
3 224 223 188
3 224 188 189
3 190 188 223
3 190 223 225
3 220 219 226
3 220 226 227
3 219 221 228
3 229 219 228
3 226 219 229
3 231 230 229
3 231 229 228
3 233 232 230
3 233 230 231
3 235 234 232
3 235 232 233
3 237 236 234
3 237 234 235
3 239 238 236
3 239 236 237
3 241 240 238
3 241 238 239
3 243 242 240
3 243 240 241
3 245 244 242
3 245 242 243
3 247 246 244
3 247 244 245
3 249 248 246
3 249 246 247
3 251 250 248
3 251 248 249
3 253 252 250
3 253 250 251
3 253 224 252
3 224 192 252
3 224 189 192
3 225 193 190
3 254 193 225
3 227 226 255
3 227 255 256
3 257 226 229
3 255 226 257
3 258 229 230
3 257 229 258
3 259 230 232
3 258 230 259
3 260 232 234
3 259 232 260
3 261 234 236
3 260 234 261
3 262 236 238
3 261 236 262
3 263 238 240
3 262 238 263
3 264 240 242
3 263 240 264
3 265 242 244
3 264 242 265
3 266 244 246
3 265 244 266
3 267 246 248
3 266 246 267
3 268 248 250
3 267 248 268
3 269 250 252
3 268 250 269
3 194 270 192
3 270 252 192
3 270 269 252
3 271 270 194
3 193 271 194
3 254 271 193
3 256 255 272
3 256 272 273
3 274 255 257
3 272 255 274
3 275 257 258
3 274 257 275
3 276 258 259
3 275 258 276
3 277 259 260
3 276 259 277
3 278 260 261
3 277 260 278
3 279 261 262
3 278 261 279
3 280 262 263
3 279 262 280
3 281 263 264
3 280 263 281
3 282 264 265
3 281 264 282
3 283 265 266
3 282 265 283
3 284 266 267
3 283 266 284
3 285 267 268
3 284 267 285
3 286 268 269
3 285 268 286
3 287 269 270
3 286 269 287
3 270 271 288
3 270 288 287
3 273 272 289
3 273 289 290
3 291 272 274
3 289 272 291
3 292 274 275
3 291 274 292
3 293 275 276
3 292 275 293
3 294 276 277
3 293 276 294
3 295 277 278
3 294 277 295
3 296 278 279
3 295 278 296
3 297 279 280
3 296 279 297
3 298 280 281
3 297 280 298
3 299 281 282
3 298 281 299
3 300 282 283
3 299 282 300
3 301 283 284
3 300 283 301
3 302 284 285
3 301 284 302
3 303 285 286
3 302 285 303
3 304 286 287
3 303 286 304
3 287 288 305
3 287 305 304
3 290 289 306
3 290 306 307
3 308 289 291
3 306 289 308
3 309 291 292
3 308 291 309
3 310 292 293
3 309 292 310
3 311 293 294
3 310 293 311
3 312 294 295
3 311 294 312
3 313 295 296
3 312 295 313
3 314 296 297
3 313 296 314
3 315 297 298
3 314 297 315
3 316 298 299
3 315 298 316
3 317 299 300
3 316 299 317
3 318 300 301
3 317 300 318
3 319 301 302
3 318 301 319
3 320 302 303
3 319 302 320
3 321 303 304
3 320 303 321
3 304 305 322
3 304 322 321
3 307 306 323
3 307 323 324
3 325 306 308
3 323 306 325
3 326 308 309
3 325 308 326
3 327 309 310
3 326 309 327
3 328 310 311
3 327 310 328
3 329 311 312
3 328 311 329
3 330 312 313
3 329 312 330
3 331 313 314
3 330 313 331
3 332 314 315
3 331 314 332
3 333 315 316
3 332 315 333
3 334 316 317
3 333 316 334
3 335 317 318
3 334 317 335
3 336 318 319
3 335 318 336
3 337 319 320
3 336 319 337
3 338 320 321
3 337 320 338
3 321 322 339
3 321 339 338
3 324 323 340
3 324 340 341
3 342 323 325
3 340 323 342
3 343 325 326
3 342 325 343
3 344 326 327
3 343 326 344
3 345 327 328
3 344 327 345
3 346 328 329
3 345 328 346
3 347 329 330
3 346 329 347
3 348 330 331
3 347 330 348
3 349 331 332
3 348 331 349
3 350 332 333
3 349 332 350
3 351 333 334
3 350 333 351
3 352 334 335
3 351 334 352
3 353 335 336
3 352 335 353
3 354 336 337
3 353 336 354
3 355 337 338
3 354 337 355
3 338 339 356
3 338 356 355
3 341 340 357
3 341 357 358
3 359 340 342
3 357 340 359
3 360 342 343
3 359 342 360
3 361 343 344
3 360 343 361
3 362 344 345
3 361 344 362
3 363 345 346
3 362 345 363
3 364 346 347
3 363 346 364
3 365 347 348
3 364 347 365
3 366 348 349
3 365 348 366
3 367 349 350
3 366 349 367
3 368 350 351
3 367 350 368
3 369 351 352
3 368 351 369
3 370 352 353
3 369 352 370
3 371 353 354
3 370 353 371
3 372 354 355
3 371 354 372
3 355 356 373
3 355 373 372
3 358 357 374
3 358 374 375
3 376 357 359
3 374 357 376
3 377 359 360
3 376 359 377
3 378 360 361
3 377 360 378
3 379 361 362
3 378 361 379
3 380 362 363
3 379 362 380
3 381 363 364
3 380 363 381
3 382 364 365
3 381 364 382
3 383 365 366
3 382 365 383
3 384 366 367
3 383 366 384
3 385 367 368
3 384 367 385
3 386 368 369
3 385 368 386
3 387 369 370
3 386 369 387
3 388 370 371
3 387 370 388
3 389 371 372
3 388 371 389
3 372 373 390
3 372 390 389
3 375 374 391
3 375 391 392
3 393 374 376
3 391 374 393
3 394 376 377
3 393 376 394
3 395 377 378
3 394 377 395
3 396 378 379
3 395 378 396
3 397 379 380
3 396 379 397
3 398 380 381
3 397 380 398
3 399 381 382
3 398 381 399
3 400 382 383
3 399 382 400
3 401 383 384
3 400 383 401
3 402 384 385
3 401 384 402
3 403 385 386
3 402 385 403
3 404 386 387
3 403 386 404
3 405 387 388
3 404 387 405
3 406 388 389
3 405 388 406
3 389 390 407
3 389 407 406
3 392 391 408
3 392 408 409
3 410 391 393
3 408 391 410
3 411 393 394
3 410 393 411
3 412 394 395
3 411 394 412
3 413 395 396
3 412 395 413
3 414 396 397
3 413 396 414
3 415 397 398
3 414 397 415
3 416 398 399
3 415 398 416
3 417 399 400
3 416 399 417
3 418 400 401
3 417 400 418
3 419 401 402
3 418 401 419
3 420 402 403
3 419 402 420
3 421 403 404
3 420 403 421
3 422 404 405
3 421 404 422
3 423 405 406
3 422 405 423
3 406 407 424
3 406 424 423
3 409 408 425
3 409 425 426
3 427 408 410
3 425 408 427
3 428 410 411
3 427 410 428
3 429 411 412
3 428 411 429
3 430 412 413
3 429 412 430
3 431 413 414
3 430 413 431
3 432 414 415
3 431 414 432
3 433 415 416
3 432 415 433
3 434 416 417
3 433 416 434
3 435 417 418
3 434 417 435
3 436 418 419
3 435 418 436
3 437 419 420
3 436 419 437
3 438 420 421
3 437 420 438
3 422 440 439
3 438 422 439
3 421 422 438
3 442 441 440
3 422 442 440
3 423 442 422
3 423 424 443
3 423 443 442
3 445 444 195
3 445 195 196
3 425 197 426
3 197 444 426
3 197 195 444
3 197 425 199
3 425 446 199
3 425 427 446
3 447 427 428
3 446 427 447
3 448 428 429
3 447 428 448
3 449 429 430
3 448 429 449
3 450 430 431
3 449 430 450
3 451 431 432
3 450 431 451
3 452 432 433
3 451 432 452
3 453 433 434
3 452 433 453
3 454 434 435
3 453 434 454
3 455 435 436
3 454 435 455
3 456 436 437
3 455 436 456
3 457 437 438
3 456 437 457
3 438 439 458
3 459 438 458
3 457 438 459
3 459 458 441
3 442 459 441
3 460 459 442
3 442 443 461
3 442 461 460
3 200 201 462
3 462 201 463
3 464 203 446
3 446 203 199
3 465 446 447
3 464 446 465
3 466 447 448
3 465 447 466
3 467 448 449
3 466 448 467
3 468 449 450
3 467 449 468
3 469 450 451
3 468 450 469
3 470 451 452
3 469 451 470
3 471 452 453
3 470 452 471
3 472 453 454
3 471 453 472
3 473 454 455
3 472 454 473
3 474 455 456
3 473 455 474
3 475 456 457
3 474 456 475
3 476 457 459
3 475 457 476
3 477 459 460
3 476 459 477
3 460 461 478
3 460 478 477
3 204 463 201
3 204 479 463
3 480 206 464
3 464 206 203
3 481 464 465
3 480 464 481
3 482 465 466
3 481 465 482
3 483 466 467
3 482 466 483
3 484 467 468
3 483 467 484
3 485 468 469
3 484 468 485
3 486 469 470
3 485 469 486
3 487 470 471
3 486 470 487
3 488 471 472
3 487 471 488
3 489 472 473
3 488 472 489
3 490 473 474
3 489 473 490
3 491 474 475
3 490 474 491
3 492 475 476
3 491 475 492
3 477 494 493
3 492 477 493
3 476 477 492
3 494 477 478
3 204 207 495
3 496 204 495
3 479 204 496
3 497 495 207
3 497 207 206
3 498 497 206
3 480 498 206
3 498 480 481
3 498 481 499
3 499 481 482
3 499 482 500
3 500 482 483
3 500 483 501
3 501 483 484
3 501 484 502
3 502 484 485
3 502 485 503
3 503 485 486
3 503 486 504
3 504 486 487
3 504 487 505
3 505 487 488
3 505 488 506
3 506 488 489
3 506 489 507
3 507 489 490
3 507 490 508
3 508 490 491
3 508 491 509
3 509 491 492
3 509 492 510
3 510 492 493
3 495 512 511
3 495 513 512
3 495 497 514
3 513 495 514
3 515 513 514
3 518 517 516
3 516 517 512
3 513 516 512
3 519 516 513
3 513 515 520
3 513 520 519
3 522 521 209
3 522 209 210
3 524 523 212
3 524 212 213
3 212 525 215
3 523 525 212
3 216 215 525
3 216 525 526
3 210 217 527
3 528 210 527
3 522 210 528
3 529 527 217
3 218 529 217
3 530 529 218
3 220 524 213
3 220 531 524
3 532 221 222
3 216 526 533
3 532 216 533
3 534 532 533
3 222 216 532
3 536 535 534
3 536 534 533
3 538 537 535
3 538 535 536
3 540 539 537
3 540 537 538
3 542 541 539
3 542 539 540
3 544 543 541
3 544 541 542
3 546 545 543
3 546 543 544
3 548 547 545
3 548 545 546
3 549 547 548
3 528 527 223
3 224 528 223
3 550 528 224
3 225 223 527
3 529 225 527
3 551 225 529
3 227 531 220
3 227 552 531
3 532 228 221
3 228 532 231
3 231 532 534
3 231 534 233
3 233 534 535
3 233 535 235
3 235 535 537
3 235 537 237
3 237 537 539
3 237 539 239
3 239 539 541
3 239 541 241
3 241 541 543
3 241 543 243
3 243 543 545
3 243 545 245
3 245 545 547
3 549 553 547
3 553 245 547
3 553 247 245
3 247 554 249
3 553 554 247
3 249 555 251
3 554 555 249
3 251 556 253
3 555 556 251
3 224 253 550
3 550 253 556
3 551 254 225
3 557 254 551
3 256 552 227
3 256 558 552
3 557 271 254
3 559 271 557
3 273 558 256
3 273 560 558
3 559 288 271
3 561 288 559
3 290 560 273
3 290 562 560
3 561 305 288
3 563 305 561
3 307 562 290
3 307 564 562
3 563 322 305
3 565 322 563
3 568 567 566
3 567 564 566
3 564 324 566
3 564 307 324
3 565 339 322
3 569 339 565
3 568 566 570
3 568 570 571
3 341 570 324
3 324 570 566
3 569 356 339
3 572 356 569
3 571 570 573
3 571 573 574
3 358 573 341
3 341 573 570
3 572 373 356
3 575 373 572
3 574 573 576
3 574 576 577
3 375 576 358
3 358 576 573
3 575 390 373
3 578 390 575
3 576 375 579
3 375 580 579
3 375 392 580
3 578 407 390
3 581 407 578
3 409 580 392
3 409 582 580
3 581 424 407
3 583 424 581
3 426 582 409
3 426 584 582
3 585 439 440
3 441 585 440
3 583 443 424
3 586 443 583
3 588 587 444
3 588 444 445
3 426 444 584
3 584 444 587
3 585 458 439
3 458 585 441
3 586 461 443
3 589 461 586
3 445 462 590
3 591 445 590
3 588 445 591
3 463 590 462
3 589 478 461
3 592 478 589
3 590 463 593
3 463 594 593
3 463 479 594
3 595 493 494
3 596 595 494
3 478 596 494
3 592 596 478
3 496 594 479
3 496 597 594
3 599 598 498
3 498 598 497
3 600 498 499
3 600 599 498
3 601 499 500
3 601 600 499
3 602 500 501
3 602 601 500
3 603 501 502
3 603 602 501
3 604 502 503
3 604 603 502
3 605 503 504
3 605 604 503
3 606 504 505
3 606 605 504
3 607 505 506
3 607 606 505
3 608 506 507
3 608 607 506
3 609 507 508
3 609 608 507
3 610 508 509
3 610 609 508
3 611 509 510
3 611 610 509
3 510 493 595
3 612 510 595
3 611 510 612
3 612 595 596
3 496 511 613
3 614 496 613
3 597 496 614
3 613 511 512
3 615 514 598
3 497 598 514
3 515 514 615
3 515 615 616
3 619 618 617
3 617 618 614
3 617 614 613
3 518 617 613
3 517 518 613
3 622 621 620
3 625 624 623
3 627 626 623
3 627 623 624
3 629 628 626
3 629 626 627
3 631 630 628
3 631 628 629
3 521 522 630
3 631 521 630
3 632 521 631
3 523 634 633
3 635 523 633
3 525 523 635
3 526 525 635
3 526 635 636
3 637 625 623
3 637 623 626
3 637 626 638
3 638 626 628
3 638 628 639
3 639 628 630
3 639 630 640
3 630 522 640
3 522 641 640
3 522 528 641
3 642 529 530
3 643 529 642
3 646 645 644
3 645 647 634
3 531 645 634
3 524 531 634
3 644 645 531
3 634 647 633
3 533 526 648
3 526 649 648
3 526 636 649
3 650 536 533
3 650 533 648
3 651 538 536
3 651 536 650
3 652 540 538
3 652 538 651
3 653 542 540
3 653 540 652
3 654 544 542
3 654 542 653
3 655 546 544
3 655 544 654
3 656 548 546
3 656 546 655
3 656 549 548
3 550 641 528
3 550 657 641
3 643 551 529
3 658 551 643
3 644 531 659
3 531 660 659
3 531 552 660
3 649 661 648
3 648 661 650
3 650 661 662
3 650 662 651
3 651 662 663
3 651 663 652
3 652 663 664
3 652 664 653
3 653 664 665
3 653 665 654
3 654 665 666
3 654 666 655
3 655 666 667
3 655 667 656
3 656 667 668
3 656 668 549
3 668 553 549
3 668 669 553
3 553 670 554
3 669 670 553
3 554 671 555
3 670 671 554
3 555 672 556
3 671 672 555
3 550 556 657
3 657 556 672
3 658 557 551
3 673 557 658
3 676 675 674
3 675 660 674
3 660 558 674
3 660 552 558
3 673 559 557
3 677 559 673
3 674 558 678
3 558 679 678
3 558 560 679
3 677 561 559
3 680 561 677
3 562 679 560
3 562 681 679
3 680 563 561
3 682 563 680
3 564 681 562
3 564 683 681
3 682 565 563
3 684 565 682
3 686 685 567
3 685 564 567
3 685 683 564
3 684 569 565
3 687 569 684
3 685 686 688
3 688 686 689
3 687 572 569
3 690 572 687
3 688 689 691
3 691 689 692
3 690 575 572
3 693 575 690
3 695 694 692
3 574 695 692
3 577 695 574
3 692 694 691
3 693 578 575
3 696 578 693
3 579 580 697
3 697 580 698
3 696 581 578
3 699 581 696
3 582 698 580
3 582 700 698
3 699 583 581
3 701 583 699
3 704 703 702
3 703 700 702
3 700 584 702
3 700 582 584
3 701 586 583
3 705 586 701
3 704 702 587
3 588 704 587
3 706 704 588
3 587 702 584
3 705 589 586
3 707 589 705
3 591 706 588
3 591 708 706
3 707 592 589
3 709 592 707
3 591 593 710
3 711 591 710
3 708 591 711
3 594 710 593
3 709 596 592
3 712 596 709
3 710 594 713
3 594 714 713
3 594 597 714
3 715 598 599
3 715 599 716
3 599 717 716
3 599 600 717
3 718 600 601
3 718 717 600
3 719 601 602
3 719 718 601
3 720 602 603
3 720 719 602
3 721 603 604
3 721 720 603
3 722 604 605
3 722 721 604
3 723 605 606
3 723 722 605
3 724 606 607
3 724 723 606
3 725 607 608
3 725 724 607
3 726 608 609
3 726 725 608
3 727 609 610
3 727 726 609
3 728 610 611
3 728 727 610
3 729 611 612
3 729 728 611
3 612 596 712
3 612 712 729
3 732 731 730
3 731 714 730
3 714 614 730
3 714 597 614
3 715 615 598
3 616 615 715
3 716 616 715
3 733 616 716
3 734 616 733
3 734 733 735
3 738 737 736
3 740 739 736
3 740 736 737
3 742 741 739
3 742 739 740
3 744 743 741
3 744 741 742
3 746 745 743
3 746 743 744
3 621 622 745
3 746 621 745
3 747 621 746
3 631 749 748
3 750 631 748
3 632 631 750
3 751 636 635
3 637 752 625
3 752 637 638
3 752 638 753
3 753 638 639
3 753 639 754
3 754 639 640
3 754 640 749
3 640 641 749
3 641 748 749
3 641 755 748
3 756 643 642
3 757 643 756
3 751 633 647
3 758 751 647
3 759 751 758
3 759 649 636
3 759 636 751
3 657 755 641
3 657 760 755
3 757 658 643
3 761 658 757
3 758 763 762
3 763 660 762
3 660 764 762
3 660 763 659
3 758 762 759
3 759 762 765
3 759 765 649
3 765 661 649
3 765 766 661
3 661 767 662
3 766 767 661
3 662 768 663
3 767 768 662
3 663 769 664
3 768 769 663
3 664 770 665
3 769 770 664
3 665 771 666
3 770 771 665
3 666 772 667
3 771 772 666
3 667 773 668
3 772 773 667
3 668 774 669
3 773 774 668
3 669 775 670
3 774 775 669
3 670 776 671
3 775 776 670
3 671 777 672
3 776 777 671
3 657 672 760
3 760 672 777
3 761 673 658
3 778 673 761
3 780 779 675
3 780 675 676
3 660 675 764
3 764 675 779
3 778 677 673
3 781 677 778
3 678 679 782
3 782 679 783
3 781 680 677
3 784 680 781
3 787 786 785
3 784 682 680
3 788 682 784
3 786 787 789
3 789 787 790
3 788 684 682
3 791 684 788
3 794 793 792
3 791 687 684
3 795 687 791
3 793 794 796
3 796 794 797
3 795 690 687
3 798 690 795
3 800 797 799
3 797 801 799
3 797 802 801
3 797 800 796
3 798 693 690
3 803 693 798
3 799 801 804
3 804 801 805
3 803 696 693
3 806 696 803
3 804 805 807
3 807 805 808
3 806 699 696
3 809 699 806
3 811 808 810
3 808 812 810
3 808 813 812
3 808 811 807
3 809 701 699
3 814 701 809
3 810 812 815
3 815 812 816
3 814 705 701
3 817 705 814
3 820 819 818
3 819 821 818
3 819 822 821
3 825 824 823
3 824 826 823
3 824 827 826
3 824 825 828
3 828 825 829
3 828 829 830
3 830 829 831
3 830 831 832
3 832 831 833
3 832 833 816
3 816 833 834
3 816 834 815
3 817 707 705
3 835 707 817
3 838 837 836
3 706 838 836
3 708 838 706
3 836 837 839
3 839 837 840
3 839 840 841
3 841 840 842
3 841 842 843
3 843 842 844
3 843 844 821
3 821 844 845
3 821 845 818
3 848 847 846
3 846 847 826
3 826 847 849
3 826 849 823
3 835 709 707
3 850 709 835
3 711 838 708
3 711 851 838
3 850 712 709
3 852 712 850
3 855 854 853
3 853 854 856
3 716 717 855
3 717 854 855
3 717 857 854
3 858 717 718
3 858 857 717
3 859 718 719
3 859 858 718
3 860 719 720
3 860 859 719
3 861 720 721
3 861 860 720
3 862 721 722
3 862 861 721
3 863 722 723
3 863 862 722
3 864 723 724
3 864 863 723
3 865 724 725
3 865 864 724
3 866 725 726
3 866 865 725
3 867 726 727
3 867 866 726
3 868 727 728
3 868 867 727
3 869 728 729
3 869 868 728
3 729 712 852
3 729 852 869
3 870 733 716
3 870 716 855
3 870 735 733
3 746 872 871
3 873 746 871
3 747 746 873
3 875 874 750
3 875 750 748
3 755 875 748
3 755 876 875
3 877 757 756
3 878 757 877
3 760 876 755
3 760 879 876
3 878 761 757
3 880 761 878
3 882 881 762
3 882 762 764
3 762 883 765
3 881 883 762
3 765 884 766
3 883 884 765
3 766 885 767
3 884 885 766
3 767 886 768
3 885 886 767
3 768 887 769
3 886 887 768
3 769 888 770
3 887 888 769
3 770 889 771
3 888 889 770
3 771 890 772
3 889 890 771
3 772 891 773
3 890 891 772
3 773 892 774
3 891 892 773
3 774 893 775
3 892 893 774
3 775 894 776
3 893 894 775
3 776 895 777
3 894 895 776
3 760 777 879
3 879 777 895
3 880 778 761
3 896 778 880
3 898 897 779
3 898 779 780
3 764 779 882
3 882 779 897
3 896 781 778
3 899 781 896
3 782 783 900
3 900 783 901
3 899 784 781
3 902 784 899
3 905 904 903
3 902 788 784
3 906 788 902
3 904 905 907
3 907 905 908
3 906 791 788
3 909 791 906
3 792 793 908
3 793 907 908
3 793 910 907
3 909 795 791
3 911 795 909
3 796 910 793
3 796 912 910
3 911 798 795
3 913 798 911
3 915 914 800
3 914 796 800
3 914 912 796
3 913 803 798
3 916 803 913
3 914 915 917
3 917 915 918
3 916 806 803
3 919 806 916
3 917 918 920
3 920 918 921
3 919 809 806
3 922 809 919
3 920 921 923
3 923 921 924
3 922 814 809
3 925 814 922
3 923 924 926
3 926 924 927
3 925 817 814
3 928 817 925
3 930 929 825
3 930 825 823
3 825 931 829
3 929 931 825
3 829 932 831
3 931 932 829
3 831 933 833
3 932 933 831
3 833 934 834
3 933 934 833
3 815 834 935
3 834 936 935
3 834 934 936
3 935 936 927
3 927 936 937
3 927 937 926
3 928 835 817
3 938 835 928
3 940 939 837
3 940 837 838
3 837 941 840
3 939 941 837
3 840 942 842
3 941 942 840
3 842 943 844
3 942 943 842
3 844 944 845
3 943 944 844
3 818 845 945
3 845 946 945
3 845 944 946
3 945 946 848
3 946 847 848
3 946 947 847
3 847 948 849
3 947 948 847
3 823 849 930
3 930 849 948
3 938 850 835
3 949 850 938
3 851 940 838
3 851 950 940
3 949 852 850
3 951 852 949
3 952 856 854
3 952 953 856
3 954 854 857
3 954 952 854
3 955 857 858
3 955 954 857
3 956 858 859
3 956 955 858
3 957 859 860
3 957 956 859
3 958 860 861
3 958 957 860
3 959 861 862
3 959 958 861
3 960 862 863
3 960 959 862
3 961 863 864
3 961 960 863
3 962 864 865
3 962 961 864
3 963 865 866
3 963 962 865
3 964 866 867
3 964 963 866
3 965 867 868
3 965 964 867
3 966 868 869
3 966 965 868
3 869 852 951
3 869 951 966
3 968 967 873
3 968 873 871
3 871 970 969
3 971 871 969
3 968 871 971
3 973 972 874
3 973 874 875
3 876 973 875
3 876 974 973
3 975 878 877
3 976 878 975
3 879 974 876
3 879 977 974
3 976 880 878
3 978 880 976
3 980 979 881
3 980 881 882
3 881 981 883
3 979 981 881
3 883 982 884
3 981 982 883
3 884 983 885
3 982 983 884
3 885 984 886
3 983 984 885
3 886 985 887
3 984 985 886
3 887 986 888
3 985 986 887
3 888 987 889
3 986 987 888
3 889 988 890
3 987 988 889
3 890 989 891
3 988 989 890
3 891 990 892
3 989 990 891
3 892 991 893
3 990 991 892
3 893 992 894
3 991 992 893
3 894 993 895
3 992 993 894
3 879 895 977
3 977 895 993
3 978 896 880
3 994 896 978
3 996 995 897
3 996 897 898
3 882 897 980
3 980 897 995
3 994 899 896
3 997 899 994
3 900 901 998
3 998 901 999
3 997 902 899
3 1000 902 997
3 903 904 1001
3 1001 904 1002
3 1000 906 902
3 1003 906 1000
3 907 1002 904
3 907 1004 1002
3 1003 909 906
3 1005 909 1003
3 910 1004 907
3 910 1006 1004
3 1005 911 909
3 1007 911 1005
3 912 1006 910
3 912 1008 1006
3 1007 913 911
3 1009 913 1007
3 914 1008 912
3 914 1010 1008
3 1009 916 913
3 1011 916 1009
3 917 1010 914
3 917 1012 1010
3 1011 919 916
3 1013 919 1011
3 920 1012 917
3 920 1014 1012
3 1013 922 919
3 1015 922 1013
3 923 1014 920
3 923 1016 1014
3 1015 925 922
3 1017 925 1015
3 926 1016 923
3 926 1018 1016
3 1017 928 925
3 1019 928 1017
3 1021 1020 929
3 1021 929 930
3 929 1022 931
3 1020 1022 929
3 931 1023 932
3 1022 1023 931
3 932 1024 933
3 1023 1024 932
3 933 1025 934
3 1024 1025 933
3 934 1026 936
3 1025 1026 934
3 936 1027 937
3 1026 1027 936
3 926 937 1018
3 1018 937 1027
3 1019 938 928
3 1028 938 1019
3 1030 1029 939
3 1030 939 940
3 939 1031 941
3 1029 1031 939
3 941 1032 942
3 1031 1032 941
3 942 1033 943
3 1032 1033 942
3 943 1034 944
3 1033 1034 943
3 944 1035 946
3 1034 1035 944
3 946 1036 947
3 1035 1036 946
3 947 1037 948
3 1036 1037 947
3 930 948 1021
3 1021 948 1037
3 1028 949 938
3 1038 949 1028
3 1041 1040 1039
3 1038 951 949
3 1042 951 1038
3 1043 953 952
3 1043 1044 953
3 1045 952 954
3 1045 1043 952
3 1046 954 955
3 1046 1045 954
3 1047 955 956
3 1047 1046 955
3 1048 956 957
3 1048 1047 956
3 1049 957 958
3 1049 1048 957
3 1050 958 959
3 1050 1049 958
3 1051 959 960
3 1051 1050 959
3 1052 960 961
3 1052 1051 960
3 1053 961 962
3 1053 1052 961
3 1054 962 963
3 1054 1053 962
3 1055 963 964
3 1055 1054 963
3 1056 964 965
3 1056 1055 964
3 1057 965 966
3 1057 1056 965
3 966 951 1042
3 966 1042 1057
3 1060 1059 1058
3 1061 1058 1059
3 1060 1058 967
3 968 1060 967
3 1062 1060 968
3 971 1062 968
3 971 1063 1062
3 1065 1064 972
3 1065 972 973
3 974 1065 973
3 974 1066 1065
3 1067 976 975
3 1068 976 1067
3 977 1066 974
3 977 1069 1066
3 1068 978 976
3 1070 978 1068
3 1072 1071 979
3 1072 979 980
3 979 1073 981
3 1071 1073 979
3 981 1074 982
3 1073 1074 981
3 982 1075 983
3 1074 1075 982
3 983 1076 984
3 1075 1076 983
3 984 1077 985
3 1076 1077 984
3 985 1078 986
3 1077 1078 985
3 986 1079 987
3 1078 1079 986
3 987 1080 988
3 1079 1080 987
3 988 1081 989
3 1080 1081 988
3 989 1082 990
3 1081 1082 989
3 990 1083 991
3 1082 1083 990
3 991 1084 992
3 1083 1084 991
3 992 1085 993
3 1084 1085 992
3 977 993 1069
3 1069 993 1085
3 1070 994 978
3 1086 994 1070
3 1088 1087 995
3 1088 995 996
3 980 995 1072
3 1072 995 1087
3 1086 997 994
3 1089 997 1086
3 998 999 1090
3 1090 999 1091
3 1089 1000 997
3 1092 1000 1089
3 1001 1002 1093
3 1093 1002 1094
3 1092 1003 1000
3 1095 1003 1092
3 1004 1094 1002
3 1004 1096 1094
3 1095 1005 1003
3 1097 1005 1095
3 1006 1096 1004
3 1006 1098 1096
3 1097 1007 1005
3 1099 1007 1097
3 1008 1098 1006
3 1008 1100 1098
3 1099 1009 1007
3 1101 1009 1099
3 1010 1100 1008
3 1010 1102 1100
3 1101 1011 1009
3 1103 1011 1101
3 1012 1102 1010
3 1012 1104 1102
3 1103 1013 1011
3 1105 1013 1103
3 1014 1104 1012
3 1014 1106 1104
3 1105 1015 1013
3 1107 1015 1105
3 1016 1106 1014
3 1016 1108 1106
3 1107 1017 1015
3 1109 1017 1107
3 1018 1108 1016
3 1018 1110 1108
3 1109 1019 1017
3 1111 1019 1109
3 1020 1113 1112
3 1114 1020 1112
3 1022 1020 1114
3 1022 1115 1023
3 1114 1115 1022
3 1023 1116 1024
3 1115 1116 1023
3 1024 1117 1025
3 1116 1117 1024
3 1025 1118 1026
3 1117 1118 1025
3 1026 1119 1027
3 1118 1119 1026
3 1018 1027 1110
3 1110 1027 1119
3 1111 1028 1019
3 1120 1028 1111
3 1029 1122 1121
3 1123 1029 1121
3 1031 1029 1123
3 1031 1124 1032
3 1123 1124 1031
3 1032 1125 1033
3 1124 1125 1032
3 1033 1126 1034
3 1125 1126 1033
3 1034 1127 1035
3 1126 1127 1034
3 1035 1128 1036
3 1127 1128 1035
3 1036 1129 1037
3 1128 1129 1036
3 1021 1037 1113
3 1037 1130 1113
3 1037 1129 1130
3 1113 1130 1112
3 1120 1038 1028
3 1131 1038 1120
3 1039 1040 1122
3 1040 1121 1122
3 1040 1132 1121
3 1131 1042 1038
3 1133 1042 1131
3 1134 1044 1043
3 1134 1135 1044
3 1136 1043 1045
3 1136 1134 1043
3 1137 1045 1046
3 1137 1136 1045
3 1138 1046 1047
3 1138 1137 1046
3 1139 1047 1048
3 1139 1138 1047
3 1140 1048 1049
3 1140 1139 1048
3 1141 1049 1050
3 1141 1140 1049
3 1142 1050 1051
3 1142 1141 1050
3 1143 1051 1052
3 1143 1142 1051
3 1144 1052 1053
3 1144 1143 1052
3 1145 1053 1054
3 1145 1144 1053
3 1146 1054 1055
3 1146 1145 1054
3 1147 1055 1056
3 1147 1146 1055
3 1148 1056 1057
3 1148 1147 1056
3 1057 1042 1133
3 1057 1133 1148
3 1060 1149 1059
3 1149 1061 1059
3 1151 1150 1149
3 1060 1151 1149
3 1062 1151 1060
3 1153 1152 1064
3 1153 1064 1065
3 1066 1153 1065
3 1066 1154 1153
3 1155 1068 1067
3 1156 1068 1155
3 1069 1154 1066
3 1069 1157 1154
3 1156 1070 1068
3 1158 1070 1156
3 1160 1159 1071
3 1160 1071 1072
3 1071 1161 1073
3 1159 1161 1071
3 1073 1162 1074
3 1161 1162 1073
3 1074 1163 1075
3 1162 1163 1074
3 1075 1164 1076
3 1163 1164 1075
3 1076 1165 1077
3 1164 1165 1076
3 1077 1166 1078
3 1165 1166 1077
3 1078 1167 1079
3 1166 1167 1078
3 1079 1168 1080
3 1167 1168 1079
3 1080 1169 1081
3 1168 1169 1080
3 1081 1170 1082
3 1169 1170 1081
3 1082 1171 1083
3 1170 1171 1082
3 1083 1172 1084
3 1171 1172 1083
3 1084 1173 1085
3 1172 1173 1084
3 1069 1085 1157
3 1157 1085 1173
3 1158 1086 1070
3 1174 1086 1158
3 1176 1175 1087
3 1176 1087 1088
3 1072 1087 1160
3 1160 1087 1175
3 1174 1089 1086
3 1177 1089 1174
3 1180 1179 1178
3 1183 1182 1181
3 1177 1092 1089
3 1184 1092 1177
3 1093 1094 1185
3 1185 1094 1186
3 1184 1095 1092
3 1187 1095 1184
3 1096 1186 1094
3 1096 1188 1186
3 1187 1097 1095
3 1189 1097 1187
3 1098 1188 1096
3 1098 1190 1188
3 1189 1099 1097
3 1191 1099 1189
3 1100 1190 1098
3 1100 1192 1190
3 1191 1101 1099
3 1193 1101 1191
3 1102 1192 1100
3 1102 1194 1192
3 1193 1103 1101
3 1195 1103 1193
3 1104 1194 1102
3 1104 1196 1194
3 1195 1105 1103
3 1197 1105 1195
3 1106 1196 1104
3 1106 1198 1196
3 1197 1107 1105
3 1199 1107 1197
3 1108 1198 1106
3 1108 1200 1198
3 1199 1109 1107
3 1201 1109 1199
3 1110 1200 1108
3 1110 1202 1200
3 1201 1111 1109
3 1203 1111 1201
3 1205 1204 1114
3 1205 1114 1112
3 1114 1206 1115
3 1204 1206 1114
3 1115 1207 1116
3 1206 1207 1115
3 1116 1208 1117
3 1207 1208 1116
3 1117 1209 1118
3 1208 1209 1117
3 1118 1210 1119
3 1209 1210 1118
3 1110 1119 1202
3 1202 1119 1210
3 1203 1120 1111
3 1211 1120 1203
3 1213 1212 1123
3 1213 1123 1121
3 1123 1214 1124
3 1212 1214 1123
3 1124 1215 1125
3 1214 1215 1124
3 1125 1216 1126
3 1215 1216 1125
3 1126 1217 1127
3 1216 1217 1126
3 1127 1218 1128
3 1217 1218 1127
3 1128 1219 1129
3 1218 1219 1128
3 1129 1220 1130
3 1219 1220 1129
3 1112 1130 1205
3 1205 1130 1220
3 1211 1131 1120
3 1221 1131 1211
3 1224 1223 1222
3 1223 1213 1222
3 1213 1132 1222
3 1213 1121 1132
3 1221 1133 1131
3 1225 1133 1221
3 1226 1135 1134
3 1226 1227 1135
3 1228 1134 1136
3 1228 1226 1134
3 1229 1136 1137
3 1229 1228 1136
3 1230 1137 1138
3 1230 1229 1137
3 1231 1138 1139
3 1231 1230 1138
3 1232 1139 1140
3 1232 1231 1139
3 1233 1140 1141
3 1233 1232 1140
3 1234 1141 1142
3 1234 1233 1141
3 1235 1142 1143
3 1235 1234 1142
3 1236 1143 1144
3 1236 1235 1143
3 1237 1144 1145
3 1237 1236 1144
3 1238 1145 1146
3 1238 1237 1145
3 1239 1146 1147
3 1239 1238 1146
3 1240 1147 1148
3 1240 1239 1147
3 1148 1133 1225
3 1148 1225 1240
3 1243 1242 1241
3 1244 1241 1242
3 1243 1241 1150
3 1151 1243 1150
3 1245 1243 1151
3 1247 1246 1152
3 1247 1152 1153
3 1154 1247 1153
3 1154 1248 1247
3 1249 1156 1155
3 1250 1156 1249
3 1157 1248 1154
3 1157 1251 1248
3 1250 1158 1156
3 1252 1158 1250
3 1254 1253 1159
3 1254 1159 1160
3 1159 1255 1161
3 1253 1255 1159
3 1161 1256 1162
3 1255 1256 1161
3 1162 1257 1163
3 1256 1257 1162
3 1163 1258 1164
3 1257 1258 1163
3 1164 1259 1165
3 1258 1259 1164
3 1165 1260 1166
3 1259 1260 1165
3 1166 1261 1167
3 1260 1261 1166
3 1167 1262 1168
3 1261 1262 1167
3 1168 1263 1169
3 1262 1263 1168
3 1169 1264 1170
3 1263 1264 1169
3 1170 1265 1171
3 1264 1265 1170
3 1171 1266 1172
3 1265 1266 1171
3 1172 1267 1173
3 1266 1267 1172
3 1157 1173 1251
3 1251 1173 1267
3 1252 1174 1158
3 1268 1174 1252
3 1270 1269 1175
3 1269 1160 1175
3 1269 1254 1160
3 1268 1177 1174
3 1271 1177 1268
3 1272 1178 1270
3 1178 1273 1270
3 1273 1269 1270
3 1178 1274 1273
3 1277 1276 1275
3 1276 1181 1275
3 1279 1278 1275
3 1279 1275 1181
3 1182 1279 1181
3 1271 1184 1177
3 1280 1184 1271
3 1185 1186 1281
3 1281 1186 1282
3 1280 1187 1184
3 1283 1187 1280
3 1188 1282 1186
3 1188 1284 1282
3 1283 1189 1187
3 1285 1189 1283
3 1190 1284 1188
3 1190 1286 1284
3 1285 1191 1189
3 1287 1191 1285
3 1192 1286 1190
3 1192 1288 1286
3 1287 1193 1191
3 1289 1193 1287
3 1194 1288 1192
3 1194 1290 1288
3 1289 1195 1193
3 1291 1195 1289
3 1196 1290 1194
3 1196 1292 1290
3 1291 1197 1195
3 1293 1197 1291
3 1198 1292 1196
3 1198 1294 1292
3 1293 1199 1197
3 1295 1199 1293
3 1200 1294 1198
3 1200 1296 1294
3 1295 1201 1199
3 1297 1201 1295
3 1202 1296 1200
3 1202 1298 1296
3 1297 1203 1201
3 1299 1203 1297
3 1301 1300 1204
3 1301 1204 1205
3 1204 1302 1206
3 1300 1302 1204
3 1206 1303 1207
3 1302 1303 1206
3 1207 1304 1208
3 1303 1304 1207
3 1208 1305 1209
3 1304 1305 1208
3 1209 1306 1210
3 1305 1306 1209
3 1202 1210 1298
3 1298 1210 1306
3 1299 1211 1203
3 1307 1211 1299
3 1309 1308 1212
3 1309 1212 1213
3 1212 1310 1214
3 1308 1310 1212
3 1214 1311 1215
3 1310 1311 1214
3 1215 1312 1216
3 1311 1312 1215
3 1216 1313 1217
3 1312 1313 1216
3 1217 1314 1218
3 1313 1314 1217
3 1218 1315 1219
3 1314 1315 1218
3 1219 1316 1220
3 1315 1316 1219
3 1205 1220 1301
3 1301 1220 1316
3 1307 1221 1211
3 1317 1221 1307
3 1319 1318 1223
3 1319 1223 1224
3 1213 1223 1309
3 1309 1223 1318
3 1317 1225 1221
3 1320 1225 1317
3 1321 1227 1226
3 1321 1322 1227
3 1323 1226 1228
3 1323 1321 1226
3 1324 1228 1229
3 1324 1323 1228
3 1325 1229 1230
3 1325 1324 1229
3 1326 1230 1231
3 1326 1325 1230
3 1327 1231 1232
3 1327 1326 1231
3 1328 1232 1233
3 1328 1327 1232
3 1329 1233 1234
3 1329 1328 1233
3 1330 1234 1235
3 1330 1329 1234
3 1331 1235 1236
3 1331 1330 1235
3 1332 1236 1237
3 1332 1331 1236
3 1333 1237 1238
3 1333 1332 1237
3 1334 1238 1239
3 1334 1333 1238
3 1335 1239 1240
3 1335 1334 1239
3 1240 1225 1320
3 1240 1320 1335
3 1243 1336 1242
3 1336 1244 1242
3 1338 1337 1246
3 1338 1246 1247
3 1248 1338 1247
3 1248 1339 1338
3 1340 1250 1249
3 1341 1250 1340
3 1251 1339 1248
3 1251 1342 1339
3 1341 1252 1250
3 1343 1252 1341
3 1345 1344 1253
3 1345 1253 1254
3 1253 1346 1255
3 1344 1346 1253
3 1255 1347 1256
3 1346 1347 1255
3 1256 1348 1257
3 1347 1348 1256
3 1257 1349 1258
3 1348 1349 1257
3 1258 1350 1259
3 1349 1350 1258
3 1259 1351 1260
3 1350 1351 1259
3 1260 1352 1261
3 1351 1352 1260
3 1261 1353 1262
3 1352 1353 1261
3 1262 1354 1263
3 1353 1354 1262
3 1263 1355 1264
3 1354 1355 1263
3 1264 1356 1265
3 1355 1356 1264
3 1265 1357 1266
3 1356 1357 1265
3 1266 1358 1267
3 1357 1358 1266
3 1251 1267 1342
3 1342 1267 1358
3 1343 1268 1252
3 1359 1268 1343
3 1269 1345 1254
3 1269 1360 1345
3 1359 1271 1268
3 1361 1271 1359
3 1273 1360 1269
3 1273 1362 1360
3 1364 1363 1275
3 1278 1364 1275
3 1361 1280 1271
3 1365 1280 1361
3 1281 1282 1366
3 1366 1282 1367
3 1365 1283 1280
3 1368 1283 1365
3 1284 1367 1282
3 1284 1369 1367
3 1368 1285 1283
3 1370 1285 1368
3 1286 1369 1284
3 1286 1371 1369
3 1370 1287 1285
3 1372 1287 1370
3 1288 1371 1286
3 1288 1373 1371
3 1372 1289 1287
3 1374 1289 1372
3 1290 1373 1288
3 1290 1375 1373
3 1374 1291 1289
3 1376 1291 1374
3 1292 1375 1290
3 1292 1377 1375
3 1376 1293 1291
3 1378 1293 1376
3 1294 1377 1292
3 1294 1379 1377
3 1378 1295 1293
3 1380 1295 1378
3 1296 1379 1294
3 1296 1381 1379
3 1380 1297 1295
3 1382 1297 1380
3 1298 1381 1296
3 1298 1383 1381
3 1382 1299 1297
3 1384 1299 1382
3 1387 1386 1385
3 1300 1301 1385
3 1386 1300 1385
3 1388 1300 1386
3 1300 1389 1302
3 1388 1389 1300
3 1302 1390 1303
3 1389 1390 1302
3 1303 1391 1304
3 1390 1391 1303
3 1304 1392 1305
3 1391 1392 1304
3 1305 1393 1306
3 1392 1393 1305
3 1298 1306 1383
3 1383 1306 1393
3 1384 1307 1299
3 1394 1307 1384
3 1396 1395 1308
3 1396 1308 1309
3 1308 1397 1310
3 1395 1397 1308
3 1310 1398 1311
3 1397 1398 1310
3 1311 1399 1312
3 1398 1399 1311
3 1312 1400 1313
3 1399 1400 1312
3 1313 1401 1314
3 1400 1401 1313
3 1314 1402 1315
3 1401 1402 1314
3 1385 1316 1387
3 1316 1402 1387
3 1316 1315 1402
3 1316 1385 1301
3 1394 1317 1307
3 1403 1317 1394
3 1405 1404 1318
3 1405 1318 1319
3 1309 1318 1396
3 1396 1318 1404
3 1403 1320 1317
3 1406 1320 1403
3 1407 1322 1321
3 1407 1408 1322
3 1409 1321 1323
3 1409 1407 1321
3 1410 1323 1324
3 1410 1409 1323
3 1411 1324 1325
3 1411 1410 1324
3 1412 1325 1326
3 1412 1411 1325
3 1413 1326 1327
3 1413 1412 1326
3 1414 1327 1328
3 1414 1413 1327
3 1415 1328 1329
3 1415 1414 1328
3 1416 1329 1330
3 1416 1415 1329
3 1417 1330 1331
3 1417 1416 1330
3 1418 1331 1332
3 1418 1417 1331
3 1419 1332 1333
3 1419 1418 1332
3 1420 1333 1334
3 1420 1419 1333
3 1421 1334 1335
3 1421 1420 1334
3 1335 1320 1406
3 1335 1406 1421
3 1424 1423 1422
3 1425 1422 1423
3 1424 1422 1426
3 1424 1426 1427
3 1429 1428 1337
3 1429 1337 1338
3 1339 1429 1338
3 1339 1430 1429
3 1431 1341 1340
3 1432 1341 1431
3 1342 1430 1339
3 1342 1433 1430
3 1432 1343 1341
3 1434 1343 1432
3 1436 1435 1344
3 1436 1344 1345
3 1344 1437 1346
3 1435 1437 1344
3 1346 1438 1347
3 1437 1438 1346
3 1347 1439 1348
3 1438 1439 1347
3 1348 1440 1349
3 1439 1440 1348
3 1349 1441 1350
3 1440 1441 1349
3 1350 1442 1351
3 1441 1442 1350
3 1351 1443 1352
3 1442 1443 1351
3 1352 1444 1353
3 1443 1444 1352
3 1353 1445 1354
3 1444 1445 1353
3 1354 1446 1355
3 1445 1446 1354
3 1355 1447 1356
3 1446 1447 1355
3 1356 1448 1357
3 1447 1448 1356
3 1357 1449 1358
3 1448 1449 1357
3 1342 1358 1433
3 1433 1358 1449
3 1434 1359 1343
3 1450 1359 1434
3 1360 1436 1345
3 1360 1451 1436
3 1450 1361 1359
3 1452 1361 1450
3 1362 1451 1360
3 1362 1453 1451
3 1452 1365 1361
3 1454 1365 1452
3 1366 1367 1455
3 1455 1367 1456
3 1454 1368 1365
3 1457 1368 1454
3 1369 1456 1367
3 1369 1458 1456
3 1457 1370 1368
3 1459 1370 1457
3 1371 1458 1369
3 1371 1460 1458
3 1459 1372 1370
3 1461 1372 1459
3 1373 1460 1371
3 1373 1462 1460
3 1461 1374 1372
3 1463 1374 1461
3 1375 1462 1373
3 1375 1464 1462
3 1463 1376 1374
3 1465 1376 1463
3 1377 1464 1375
3 1377 1466 1464
3 1465 1378 1376
3 1467 1378 1465
3 1379 1466 1377
3 1379 1468 1466
3 1467 1380 1378
3 1469 1380 1467
3 1381 1468 1379
3 1381 1470 1468
3 1469 1382 1380
3 1471 1382 1469
3 1383 1470 1381
3 1383 1472 1470
3 1471 1384 1382
3 1473 1384 1471
3 1476 1475 1474
3 1478 1477 1386
3 1478 1386 1387
3 1386 1479 1388
3 1477 1479 1386
3 1388 1480 1389
3 1479 1480 1388
3 1389 1481 1390
3 1480 1481 1389
3 1390 1482 1391
3 1481 1482 1390
3 1391 1483 1392
3 1482 1483 1391
3 1392 1484 1393
3 1483 1484 1392
3 1383 1393 1472
3 1472 1393 1484
3 1473 1394 1384
3 1485 1394 1473
3 1474 1487 1486
3 1396 1488 1395
3 1489 1395 1488
3 1395 1490 1397
3 1489 1490 1395
3 1397 1491 1398
3 1490 1491 1397
3 1398 1492 1399
3 1491 1492 1398
3 1399 1493 1400
3 1492 1493 1399
3 1400 1494 1401
3 1493 1494 1400
3 1401 1495 1402
3 1494 1495 1401
3 1387 1402 1478
3 1478 1402 1495
3 1485 1403 1394
3 1496 1403 1485
3 1498 1497 1404
3 1498 1404 1405
3 1396 1404 1488
3 1488 1404 1497
3 1496 1406 1403
3 1499 1406 1496
3 1500 1408 1407
3 1500 1501 1408
3 1502 1407 1409
3 1502 1500 1407
3 1503 1409 1410
3 1503 1502 1409
3 1504 1410 1411
3 1504 1503 1410
3 1505 1411 1412
3 1505 1504 1411
3 1506 1412 1413
3 1506 1505 1412
3 1507 1413 1414
3 1507 1506 1413
3 1508 1414 1415
3 1508 1507 1414
3 1509 1415 1416
3 1509 1508 1415
3 1510 1416 1417
3 1510 1509 1416
3 1511 1417 1418
3 1511 1510 1417
3 1512 1418 1419
3 1512 1511 1418
3 1513 1419 1420
3 1513 1512 1419
3 1514 1420 1421
3 1514 1513 1420
3 1421 1406 1499
3 1421 1499 1514
3 1424 1515 1423
3 1515 1425 1423
3 1517 1516 1515
3 1424 1517 1515
3 1427 1517 1424
3 1519 1518 1428
3 1519 1428 1429
3 1430 1519 1429
3 1430 1520 1519
3 1521 1432 1431
3 1522 1432 1521
3 1433 1520 1430
3 1433 1523 1520
3 1522 1434 1432
3 1524 1434 1522
3 1526 1525 1435
3 1526 1435 1436
3 1435 1527 1437
3 1525 1527 1435
3 1437 1528 1438
3 1527 1528 1437
3 1438 1529 1439
3 1528 1529 1438
3 1439 1530 1440
3 1529 1530 1439
3 1440 1531 1441
3 1530 1531 1440
3 1441 1532 1442
3 1531 1532 1441
3 1442 1533 1443
3 1532 1533 1442
3 1443 1534 1444
3 1533 1534 1443
3 1444 1535 1445
3 1534 1535 1444
3 1445 1536 1446
3 1535 1536 1445
3 1446 1537 1447
3 1536 1537 1446
3 1447 1538 1448
3 1537 1538 1447
3 1448 1539 1449
3 1538 1539 1448
3 1433 1449 1523
3 1523 1449 1539
3 1524 1450 1434
3 1540 1450 1524
3 1451 1526 1436
3 1451 1541 1526
3 1540 1452 1450
3 1542 1452 1540
3 1453 1541 1451
3 1453 1543 1541
3 1542 1454 1452
3 1544 1454 1542
3 1455 1456 1545
3 1545 1456 1546
3 1544 1457 1454
3 1547 1457 1544
3 1458 1546 1456
3 1458 1548 1546
3 1547 1459 1457
3 1549 1459 1547
3 1460 1548 1458
3 1460 1550 1548
3 1549 1461 1459
3 1551 1461 1549
3 1462 1550 1460
3 1462 1552 1550
3 1551 1463 1461
3 1553 1463 1551
3 1464 1552 1462
3 1464 1554 1552
3 1553 1465 1463
3 1555 1465 1553
3 1466 1554 1464
3 1466 1556 1554
3 1555 1467 1465
3 1557 1467 1555
3 1468 1556 1466
3 1468 1558 1556
3 1557 1469 1467
3 1559 1469 1557
3 1470 1558 1468
3 1470 1560 1558
3 1559 1471 1469
3 1561 1471 1559
3 1472 1560 1470
3 1472 1562 1560
3 1561 1473 1471
3 1563 1473 1561
3 1565 1564 1475
3 1565 1475 1476
3 1567 1566 1477
3 1567 1477 1478
3 1477 1568 1479
3 1566 1568 1477
3 1479 1569 1480
3 1568 1569 1479
3 1480 1570 1481
3 1569 1570 1480
3 1481 1571 1482
3 1570 1571 1481
3 1482 1572 1483
3 1571 1572 1482
3 1483 1573 1484
3 1572 1573 1483
3 1472 1484 1562
3 1562 1484 1573
3 1563 1485 1473
3 1574 1485 1563
3 1476 1486 1575
3 1576 1476 1575
3 1565 1476 1576
3 1489 1488 1577
3 1575 1577 1488
3 1577 1575 1578
3 1486 1578 1575
3 1578 1486 1487
3 1489 1579 1490
3 1577 1579 1489
3 1490 1580 1491
3 1579 1580 1490
3 1491 1581 1492
3 1580 1581 1491
3 1492 1582 1493
3 1581 1582 1492
3 1493 1583 1494
3 1582 1583 1493
3 1494 1584 1495
3 1583 1584 1494
3 1478 1495 1567
3 1567 1495 1584
3 1574 1496 1485
3 1585 1496 1574
3 1587 1575 1586
3 1575 1488 1586
3 1497 1588 1586
3 1497 1586 1488
3 1585 1499 1496
3 1589 1499 1585
3 1590 1501 1500
3 1590 1591 1501
3 1592 1500 1502
3 1592 1590 1500
3 1593 1502 1503
3 1593 1592 1502
3 1594 1503 1504
3 1594 1593 1503
3 1595 1504 1505
3 1595 1594 1504
3 1596 1505 1506
3 1596 1595 1505
3 1597 1506 1507
3 1597 1596 1506
3 1598 1507 1508
3 1598 1597 1507
3 1599 1508 1509
3 1599 1598 1508
3 1600 1509 1510
3 1600 1599 1509
3 1601 1510 1511
3 1601 1600 1510
3 1602 1511 1512
3 1602 1601 1511
3 1603 1512 1513
3 1603 1602 1512
3 1604 1513 1514
3 1604 1603 1513
3 1514 1499 1589
3 1514 1589 1604
3 1606 1605 1516
3 1606 1516 1517
3 1608 1607 1518
3 1608 1518 1519
3 1611 1610 1609
3 1613 1612 1609
3 1613 1609 1610
3 1615 1614 1612
3 1615 1612 1613
3 1617 1616 1614
3 1617 1614 1615
3 1618 1616 1617
3 1520 1608 1519
3 1520 1619 1608
3 1620 1611 1609
3 1620 1609 1612
3 1620 1612 1621
3 1621 1612 1614
3 1621 1614 1622
3 1622 1614 1616
3 1622 1616 1623
3 1623 1616 1618
3 1523 1619 1520
3 1523 1624 1619
3 1625 1524 1522
3 1626 1524 1625
3 1628 1627 1525
3 1628 1525 1526
3 1525 1629 1527
3 1627 1629 1525
3 1527 1630 1528
3 1629 1630 1527
3 1528 1631 1529
3 1630 1631 1528
3 1529 1632 1530
3 1631 1632 1529
3 1530 1633 1531
3 1632 1633 1530
3 1531 1634 1532
3 1633 1634 1531
3 1532 1635 1533
3 1634 1635 1532
3 1533 1636 1534
3 1635 1636 1533
3 1534 1637 1535
3 1636 1637 1534
3 1535 1638 1536
3 1637 1638 1535
3 1536 1639 1537
3 1638 1639 1536
3 1537 1640 1538
3 1639 1640 1537
3 1538 1641 1539
3 1640 1641 1538
3 1523 1539 1624
3 1624 1539 1641
3 1626 1540 1524
3 1642 1540 1626
3 1541 1628 1526
3 1541 1643 1628
3 1642 1542 1540
3 1644 1542 1642
3 1543 1643 1541
3 1543 1645 1643
3 1644 1544 1542
3 1646 1544 1644
3 1649 1648 1647
3 1648 1650 1647
3 1648 1651 1650
3 1653 1652 1650
3 1650 1652 1647
3 1655 1654 1653
3 1653 1654 1652
3 1657 1656 1655
3 1655 1656 1654
3 1545 1658 1657
3 1657 1658 1656
3 1546 1658 1545
3 1646 1547 1544
3 1659 1547 1646
3 1649 1647 1660
3 1649 1660 1661
3 1662 1647 1652
3 1660 1647 1662
3 1663 1652 1654
3 1662 1652 1663
3 1664 1654 1656
3 1663 1654 1664
3 1665 1656 1658
3 1664 1656 1665
3 1548 1665 1546
3 1546 1665 1658
3 1659 1549 1547
3 1666 1549 1659
3 1661 1660 1667
3 1661 1667 1668
3 1669 1660 1662
3 1667 1660 1669
3 1670 1662 1663
3 1669 1662 1670
3 1671 1663 1664
3 1670 1663 1671
3 1672 1664 1665
3 1671 1664 1672
3 1550 1672 1548
3 1548 1672 1665
3 1666 1551 1549
3 1673 1551 1666
3 1668 1667 1674
3 1668 1674 1675
3 1676 1667 1669
3 1674 1667 1676
3 1677 1669 1670
3 1676 1669 1677
3 1678 1670 1671
3 1677 1670 1678
3 1679 1671 1672
3 1678 1671 1679
3 1552 1679 1550
3 1550 1679 1672
3 1673 1553 1551
3 1680 1553 1673
3 1675 1674 1681
3 1675 1681 1682
3 1683 1674 1676
3 1681 1674 1683
3 1684 1676 1677
3 1683 1676 1684
3 1685 1677 1678
3 1684 1677 1685
3 1686 1678 1679
3 1685 1678 1686
3 1554 1686 1552
3 1552 1686 1679
3 1680 1555 1553
3 1687 1555 1680
3 1690 1689 1688
3 1688 1689 1682
3 1681 1688 1682
3 1691 1688 1681
3 1692 1681 1683
3 1691 1681 1692
3 1693 1683 1684
3 1692 1683 1693
3 1694 1684 1685
3 1693 1684 1694
3 1695 1685 1686
3 1694 1685 1695
3 1556 1695 1554
3 1554 1695 1686
3 1687 1557 1555
3 1696 1557 1687
3 1690 1688 1697
3 1690 1697 1698
3 1699 1688 1691
3 1697 1688 1699
3 1700 1691 1692
3 1699 1691 1700
3 1701 1692 1693
3 1700 1692 1701
3 1702 1693 1694
3 1701 1693 1702
3 1703 1694 1695
3 1702 1694 1703
3 1558 1703 1556
3 1556 1703 1695
3 1696 1559 1557
3 1704 1559 1696
3 1698 1697 1705
3 1698 1705 1706
3 1707 1697 1699
3 1705 1697 1707
3 1708 1699 1700
3 1707 1699 1708
3 1709 1700 1701
3 1708 1700 1709
3 1710 1701 1702
3 1709 1701 1710
3 1711 1702 1703
3 1710 1702 1711
3 1560 1711 1558
3 1558 1711 1703
3 1704 1561 1559
3 1712 1561 1704
3 1715 1714 1713
3 1717 1716 1713
3 1717 1713 1714
3 1719 1718 1716
3 1719 1716 1717
3 1718 1719 1706
3 1705 1718 1706
3 1720 1718 1705
3 1721 1705 1707
3 1720 1705 1721
3 1722 1707 1708
3 1721 1707 1722
3 1723 1708 1709
3 1722 1708 1723
3 1724 1709 1710
3 1723 1709 1724
3 1725 1710 1711
3 1724 1710 1725
3 1562 1725 1560
3 1560 1725 1711
3 1712 1563 1561
3 1726 1563 1712
3 1728 1727 1564
3 1728 1564 1565
3 1731 1730 1729
3 1734 1733 1732
3 1736 1735 1732
3 1736 1732 1733
3 1735 1736 1715
3 1713 1735 1715
3 1737 1735 1713
3 1738 1713 1716
3 1737 1713 1738
3 1567 1738 1566
3 1738 1718 1566
3 1738 1716 1718
3 1566 1718 1568
3 1568 1718 1720
3 1568 1720 1569
3 1569 1720 1721
3 1569 1721 1570
3 1570 1721 1722
3 1570 1722 1571
3 1571 1722 1723
3 1571 1723 1572
3 1572 1723 1724
3 1572 1724 1573
3 1573 1724 1725
3 1573 1725 1562
3 1726 1574 1563
3 1739 1574 1726
3 1576 1728 1565
3 1576 1740 1728
3 1742 1741 1578
3 1578 1741 1577
3 1729 1579 1731
3 1579 1741 1731
3 1579 1577 1741
3 1744 1743 1729
3 1743 1579 1729
3 1743 1580 1579
3 1732 1581 1734
3 1581 1743 1734
3 1581 1580 1743
3 1581 1732 1582
3 1582 1732 1735
3 1582 1735 1583
3 1583 1735 1737
3 1583 1737 1584
3 1584 1737 1738
3 1584 1738 1567
3 1739 1585 1574
3 1745 1585 1739
3 1576 1587 1746
3 1747 1576 1746
3 1740 1576 1747
3 1586 1746 1587
3 1745 1589 1585
3 1748 1589 1745
3 1747 1746 1749
3 1747 1749 1750
3 1591 1751 1586
3 1751 1746 1586
3 1751 1749 1746
3 1751 1591 1752
3 1591 1753 1752
3 1591 1590 1753
3 1754 1590 1592
3 1754 1753 1590
3 1755 1592 1593
3 1755 1754 1592
3 1756 1593 1594
3 1756 1755 1593
3 1757 1594 1595
3 1757 1756 1594
3 1758 1595 1596
3 1758 1757 1595
3 1759 1596 1597
3 1759 1758 1596
3 1760 1597 1598
3 1760 1759 1597
3 1761 1598 1599
3 1761 1760 1598
3 1762 1599 1600
3 1762 1761 1599
3 1763 1600 1601
3 1763 1762 1600
3 1764 1601 1602
3 1764 1763 1601
3 1765 1602 1603
3 1765 1764 1602
3 1767 1765 1766
3 1765 1604 1766
3 1765 1603 1604
3 1768 1766 1604
3 1589 1768 1604
3 1748 1768 1589
3 1769 1767 1766
3 1769 1766 1768
3 1771 1770 1605
3 1771 1605 1606
3 1774 1773 1772
3 1776 1775 1772
3 1776 1772 1773
3 1778 1777 1775
3 1778 1775 1776
3 1780 1779 1777
3 1780 1777 1778
3 1783 1782 1781
3 1785 1784 1781
3 1785 1781 1782
3 1787 1786 1784
3 1787 1784 1785
3 1789 1788 1786
3 1789 1786 1787
3 1607 1608 1788
3 1789 1607 1788
3 1790 1607 1789
3 1793 1792 1791
3 1795 1794 1791
3 1795 1791 1792
3 1796 1794 1795
3 1797 1774 1772
3 1797 1772 1775
3 1797 1775 1798
3 1800 1799 1798
3 1775 1800 1798
3 1777 1800 1775
3 1801 1777 1779
3 1800 1777 1801
3 1779 1803 1802
3 1804 1779 1802
3 1801 1779 1804
3 1610 1611 1804
3 1802 1610 1804
3 1805 1610 1802
3 1805 1807 1806
3 1613 1805 1806
3 1610 1805 1613
3 1613 1781 1615
3 1781 1613 1783
3 1806 1783 1613
3 1783 1806 1808
3 1809 1808 1806
3 1784 1811 1810
3 1781 1784 1810
3 1615 1781 1810
3 1617 1615 1810
3 1812 1617 1810
3 1809 1812 1810
3 1808 1809 1810
3 1811 1808 1810
3 1618 1617 1812
3 1813 1811 1786
3 1784 1786 1811
3 1813 1786 1788
3 1813 1788 1814
3 1788 1608 1814
3 1608 1815 1814
3 1608 1619 1815
3 1793 1791 1816
3 1793 1816 1817
3 1794 1819 1818
3 1816 1794 1818
3 1791 1794 1816
3 1819 1794 1796
3 1822 1821 1820
3 1824 1823 1820
3 1824 1820 1821
3 1823 1824 1799
3 1800 1823 1799
3 1825 1823 1800
3 1826 1800 1801
3 1825 1800 1826
3 1827 1801 1804
3 1826 1801 1827
3 1827 1804 1611
3 1828 1827 1611
3 1620 1828 1611
3 1829 1827 1828
3 1621 1806 1807
3 1828 1621 1807
3 1620 1621 1828
3 1806 1621 1622
3 1806 1622 1809
3 1809 1622 1623
3 1809 1623 1812
3 1812 1623 1618
3 1624 1815 1619
3 1624 1830 1815
3 1831 1626 1625
3 1832 1626 1831
3 1817 1816 1627
3 1628 1817 1627
3 1833 1817 1628
3 1818 1834 1816
3 1834 1627 1816
3 1834 1629 1627
3 1629 1835 1630
3 1834 1835 1629
3 1820 1631 1822
3 1631 1835 1822
3 1631 1630 1835
3 1631 1820 1632
3 1632 1820 1823
3 1632 1823 1633
3 1633 1823 1825
3 1633 1825 1634
3 1634 1825 1826
3 1634 1826 1635
3 1635 1826 1827
3 1829 1836 1827
3 1836 1635 1827
3 1836 1636 1635
3 1636 1837 1637
3 1836 1837 1636
3 1637 1838 1638
3 1837 1838 1637
3 1638 1839 1639
3 1838 1839 1638
3 1639 1840 1640
3 1839 1840 1639
3 1640 1841 1641
3 1840 1841 1640
3 1624 1641 1830
3 1830 1641 1841
3 1832 1642 1626
3 1842 1642 1832
3 1845 1844 1843
3 1844 1833 1843
3 1833 1643 1843
3 1833 1628 1643
3 1842 1644 1642
3 1846 1644 1842
3 1843 1643 1847
3 1643 1848 1847
3 1643 1645 1848
3 1846 1646 1644
3 1849 1646 1846
3 1645 1851 1850
3 1852 1645 1850
3 1848 1645 1852
3 1854 1853 1851
3 1851 1853 1850
3 1856 1855 1854
3 1854 1855 1853
3 1858 1857 1856
3 1856 1857 1855
3 1860 1859 1858
3 1858 1859 1857
3 1862 1861 1860
3 1860 1861 1859
3 1864 1863 1862
3 1862 1863 1861
3 1866 1865 1864
3 1864 1865 1863
3 1648 1867 1866
3 1866 1867 1865
3 1649 1867 1648
3 1849 1659 1646
3 1868 1659 1849
3 1852 1850 1869
3 1852 1869 1870
3 1871 1850 1853
3 1869 1850 1871
3 1872 1853 1855
3 1871 1853 1872
3 1873 1855 1857
3 1872 1855 1873
3 1874 1857 1859
3 1873 1857 1874
3 1875 1859 1861
3 1874 1859 1875
3 1876 1861 1863
3 1875 1861 1876
3 1877 1863 1865
3 1876 1863 1877
3 1878 1865 1867
3 1877 1865 1878
3 1661 1878 1649
3 1649 1878 1867
3 1868 1666 1659
3 1879 1666 1868
3 1870 1869 1880
3 1870 1880 1881
3 1882 1869 1871
3 1880 1869 1882
3 1883 1871 1872
3 1882 1871 1883
3 1884 1872 1873
3 1883 1872 1884
3 1885 1873 1874
3 1884 1873 1885
3 1886 1874 1875
3 1885 1874 1886
3 1887 1875 1876
3 1886 1875 1887
3 1888 1876 1877
3 1887 1876 1888
3 1889 1877 1878
3 1888 1877 1889
3 1668 1889 1661
3 1661 1889 1878
3 1879 1673 1666
3 1890 1673 1879
3 1881 1880 1891
3 1881 1891 1892
3 1893 1880 1882
3 1891 1880 1893
3 1894 1882 1883
3 1893 1882 1894
3 1895 1883 1884
3 1894 1883 1895
3 1896 1884 1885
3 1895 1884 1896
3 1897 1885 1886
3 1896 1885 1897
3 1898 1886 1887
3 1897 1886 1898
3 1899 1887 1888
3 1898 1887 1899
3 1900 1888 1889
3 1899 1888 1900
3 1675 1900 1668
3 1668 1900 1889
3 1890 1680 1673
3 1901 1680 1890
3 1892 1891 1902
3 1892 1902 1903
3 1904 1891 1893
3 1902 1891 1904
3 1905 1893 1894
3 1904 1893 1905
3 1906 1894 1895
3 1905 1894 1906
3 1907 1895 1896
3 1906 1895 1907
3 1908 1896 1897
3 1907 1896 1908
3 1909 1897 1898
3 1908 1897 1909
3 1910 1898 1899
3 1909 1898 1910
3 1911 1899 1900
3 1910 1899 1911
3 1682 1911 1675
3 1675 1911 1900
3 1901 1687 1680
3 1912 1687 1901
3 1903 1902 1913
3 1903 1913 1914
3 1915 1902 1904
3 1913 1902 1915
3 1916 1904 1905
3 1915 1904 1916
3 1917 1905 1906
3 1916 1905 1917
3 1918 1906 1907
3 1917 1906 1918
3 1919 1907 1908
3 1918 1907 1919
3 1920 1908 1909
3 1919 1908 1920
3 1921 1909 1910
3 1920 1909 1921
3 1690 1921 1689
3 1921 1911 1689
3 1921 1910 1911
3 1689 1911 1682
3 1912 1696 1687
3 1922 1696 1912
3 1914 1913 1923
3 1914 1923 1924
3 1925 1913 1915
3 1923 1913 1925
3 1926 1915 1916
3 1925 1915 1926
3 1927 1916 1917
3 1926 1916 1927
3 1928 1917 1918
3 1927 1917 1928
3 1929 1918 1919
3 1928 1918 1929
3 1930 1919 1920
3 1929 1919 1930
3 1931 1920 1921
3 1930 1920 1931
3 1698 1931 1690
3 1690 1931 1921
3 1922 1704 1696
3 1932 1704 1922
3 1924 1923 1933
3 1924 1933 1934
3 1935 1923 1925
3 1933 1923 1935
3 1936 1925 1926
3 1935 1925 1936
3 1937 1926 1927
3 1936 1926 1937
3 1938 1927 1928
3 1937 1927 1938
3 1939 1928 1929
3 1938 1928 1939
3 1940 1929 1930
3 1939 1929 1940
3 1941 1930 1931
3 1940 1930 1941
3 1706 1941 1698
3 1698 1941 1931
3 1932 1712 1704
3 1942 1712 1932
3 1934 1933 1943
3 1934 1943 1944
3 1945 1933 1935
3 1943 1933 1945
3 1946 1935 1936
3 1945 1935 1946
3 1947 1936 1937
3 1946 1936 1947
3 1948 1937 1938
3 1947 1937 1948
3 1715 1948 1714
3 1948 1939 1714
3 1948 1938 1939
3 1714 1939 1717
3 1717 1939 1940
3 1717 1940 1719
3 1719 1940 1941
3 1719 1941 1706
3 1942 1726 1712
3 1949 1726 1942
3 1951 1950 1727
3 1951 1727 1728
3 1943 1952 1742
3 1950 1943 1742
3 1727 1950 1742
3 1944 1943 1950
3 1731 1952 1730
3 1952 1945 1730
3 1952 1943 1945
3 1730 1945 1744
3 1945 1953 1744
3 1945 1946 1953
3 1734 1953 1733
3 1953 1947 1733
3 1953 1946 1947
3 1733 1947 1736
3 1736 1947 1948
3 1736 1948 1715
3 1949 1739 1726
3 1954 1739 1949
3 1740 1951 1728
3 1740 1955 1951
3 1952 1741 1742
3 1741 1952 1731
3 1953 1743 1744
3 1743 1953 1734
3 1954 1745 1739
3 1956 1745 1954
3 1747 1955 1740
3 1747 1957 1955
3 1956 1748 1745
3 1958 1748 1956
3 1961 1960 1959
3 1963 1962 1753
3 1753 1962 1752
3 1964 1753 1754
3 1964 1963 1753
3 1965 1754 1755
3 1965 1964 1754
3 1966 1755 1756
3 1966 1965 1755
3 1967 1756 1757
3 1967 1966 1756
3 1968 1757 1758
3 1968 1967 1757
3 1969 1758 1759
3 1969 1968 1758
3 1970 1759 1760
3 1970 1969 1759
3 1971 1760 1761
3 1971 1970 1760
3 1972 1761 1762
3 1972 1971 1761
3 1973 1762 1763
3 1973 1972 1762
3 1974 1763 1764
3 1974 1973 1763
3 1975 1764 1765
3 1975 1974 1764
3 1977 1976 1767
3 1976 1765 1767
3 1976 1975 1765
3 1958 1976 1977
3 1768 1958 1977
3 1748 1958 1768
3 1769 1977 1767
3 1977 1769 1768
3 1980 1979 1978
3 1983 1982 1981
3 1803 1780 1984
3 1987 1986 1985
3 1989 1988 1987
3 1989 1987 1985
3 1991 1990 1988
3 1991 1988 1989
3 1782 1783 1990
3 1991 1782 1990
3 1992 1782 1991
3 1782 1993 1785
3 1992 1993 1782
3 1785 1994 1787
3 1993 1994 1785
3 1978 1789 1980
3 1789 1994 1980
3 1789 1787 1994
3 1996 1995 1978
3 1995 1789 1978
3 1995 1790 1789
3 1997 1796 1795
3 1797 1998 1774
3 2001 2000 1999
3 2000 1799 1999
3 1799 2002 1999
3 1799 2000 1798
3 2001 1999 1984
3 1984 1999 2003
3 1986 1987 2003
3 1987 1802 2003
3 1803 1984 2003
3 1803 2003 1802
3 1802 1987 1805
3 1805 1987 1988
3 1805 1988 1807
3 1988 2004 1807
3 1988 1990 2004
3 1808 2005 1783
3 2005 1990 1783
3 2005 2004 1990
3 1811 2006 1808
3 1808 2006 2005
3 1813 2007 1811
3 1811 2007 2006
3 1814 2008 1813
3 1813 2008 2007
3 1815 2008 1814
3 2011 2010 2009
3 1793 2011 2009
3 1817 2011 1793
3 2012 1818 1819
3 2009 2012 1819
3 1997 2009 1819
3 2010 2012 2009
3 1997 1819 1796
3 2014 2013 1821
3 2014 1821 1822
3 1821 2015 1824
3 2013 2015 1821
3 1799 1824 2002
3 2002 1824 2015
3 2017 2016 1828
3 1828 2016 1829
3 1828 1807 2004
3 2018 1828 2004
3 2017 1828 2018
3 2018 2004 2005
3 2018 2005 2019
3 2019 2005 2006
3 2019 2006 2020
3 2020 2006 2007
3 2020 2007 2021
3 2021 2007 2008
3 2021 2008 2022
3 2008 1815 2022
3 1815 2023 2022
3 1815 1830 2023
3 2024 1832 1831
3 2025 1832 2024
3 1833 2011 1817
3 1833 2026 2011
3 2012 2027 1818
3 1818 2027 1834
3 1834 2028 1835
3 2027 2028 1834
3 1822 1835 2014
3 2014 1835 2028
3 2016 2029 1829
3 1829 2029 1836
3 1836 2030 1837
3 2029 2030 1836
3 1837 2031 1838
3 2030 2031 1837
3 1838 2032 1839
3 2031 2032 1838
3 1839 2033 1840
3 2032 2033 1839
3 1840 2034 1841
3 2033 2034 1840
3 1830 1841 2023
3 2023 1841 2034
3 2025 1842 1832
3 2035 1842 2025
3 2037 2036 1844
3 2037 1844 1845
3 1833 1844 2026
3 2026 1844 2036
3 2035 1846 1842
3 2038 1846 2035
3 1847 1848 2039
3 2039 1848 2040
3 2038 1849 1846
3 2041 1849 2038
3 1852 2040 1848
3 1852 2042 2040
3 2041 1868 1849
3 2043 1868 2041
3 1870 2042 1852
3 1870 2044 2042
3 2043 1879 1868
3 2045 1879 2043
3 1881 2044 1870
3 1881 2046 2044
3 2045 1890 1879
3 2047 1890 2045
3 1892 2046 1881
3 1892 2048 2046
3 2047 1901 1890
3 2049 1901 2047
3 2052 2051 2050
3 2051 2048 2050
3 2048 1903 2050
3 2048 1892 1903
3 2049 1912 1901
3 2053 1912 2049
3 2050 1903 2054
3 1903 2055 2054
3 1903 1914 2055
3 2053 1922 1912
3 2056 1922 2053
3 1924 2055 1914
3 1924 2057 2055
3 2056 1932 1922
3 2058 1932 2056
3 1934 2057 1924
3 1934 2059 2057
3 2058 1942 1932
3 2060 1942 2058
3 1944 2059 1934
3 1944 2061 2059
3 2060 1949 1942
3 2062 1949 2060
3 2064 2063 1950
3 2064 1950 1951
3 1944 1950 2061
3 2061 1950 2063
3 2062 1954 1949
3 2065 1954 2062
3 2068 2067 2066
3 2065 1956 1954
3 2069 1956 2065
3 2071 2070 2068
3 1955 2071 2068
3 1957 2071 1955
3 2068 2070 2067
3 2069 1958 1956
3 2072 1958 2069
3 1962 1963 2073
3 1963 2074 2073
3 1963 2075 2074
3 2076 1963 1964
3 2076 2075 1963
3 2077 1964 1965
3 2077 2076 1964
3 2078 1965 1966
3 2078 2077 1965
3 2079 1966 1967
3 2079 2078 1966
3 2080 1967 1968
3 2080 2079 1967
3 2081 1968 1969
3 2081 2080 1968
3 2082 1969 1970
3 2082 2081 1969
3 2083 1970 1971
3 2083 2082 1970
3 2084 1971 1972
3 2084 2083 1971
3 2085 1972 1973
3 2085 2084 1972
3 2086 1973 1974
3 2086 2085 1973
3 2087 1974 1975
3 2087 2086 1974
3 2088 1975 1976
3 2088 2087 1975
3 1976 1958 2072
3 1976 2072 2088
3 2091 2090 2089
3 2093 2092 1996
3 2092 2094 1996
3 2094 1995 1996
3 2092 2095 2094
3 2095 2092 2096
3 2096 2092 2097
3 2022 2023 2097
3 2023 2096 2097
3 2023 2098 2096
3 2101 2100 2099
3 2011 2101 2099
3 2026 2101 2011
3 2100 2103 2102
3 2100 2102 2027
3 2099 2100 2027
3 2012 2099 2027
3 2027 2102 2104
3 2105 2027 2104
3 2028 2027 2105
3 2028 2105 2014
3 2105 2106 2014
3 2106 2107 2014
3 2106 2105 2108
3 2107 2110 2109
3 2107 2106 2110
3 2109 2112 2111
3 2109 2110 2112
3 2111 2114 2113
3 2111 2112 2114
3 2113 2116 2115
3 2113 2114 2116
3 2117 2029 2016
3 2115 2117 2016
3 2116 2117 2115
3 2118 2030 2029
3 2118 2029 2117
3 2119 2031 2030
3 2119 2030 2118
3 2120 2032 2031
3 2120 2031 2119
3 2121 2033 2032
3 2121 2032 2120
3 2122 2034 2033
3 2122 2033 2121
3 2122 2123 2034
3 2123 2023 2034
3 2123 2098 2023
3 2124 2035 2025
3 2125 2035 2124
3 2127 2126 2036
3 2126 2026 2036
3 2126 2101 2026
3 2103 2128 2102
3 2102 2128 2104
3 2108 2129 2106
3 2106 2129 2110
3 2110 2129 2130
3 2110 2130 2112
3 2112 2130 2131
3 2112 2131 2114
3 2114 2131 2132
3 2114 2132 2116
3 2116 2132 2133
3 2116 2133 2117
3 2117 2133 2134
3 2136 2135 2134
3 2135 2117 2134
3 2135 2118 2117
3 2118 2137 2119
3 2118 2135 2137
3 2119 2138 2120
3 2119 2137 2138
3 2120 2139 2121
3 2120 2138 2139
3 2121 2140 2122
3 2121 2139 2140
3 2123 2122 2141
3 2141 2122 2140
3 2125 2038 2035
3 2142 2038 2125
3 2039 2040 2127
3 2040 2126 2127
3 2040 2143 2126
3 2146 2145 2144
3 2148 2147 2144
3 2144 2147 2146
3 2148 2149 2147
3 2152 2151 2150
3 2152 2150 2136
3 2150 2135 2136
3 2150 2153 2135
3 2135 2154 2137
3 2135 2153 2154
3 2137 2155 2138
3 2137 2154 2155
3 2157 2139 2156
3 2139 2155 2156
3 2139 2138 2155
3 2139 2157 2140
3 2140 2157 2158
3 2140 2158 2141
3 2142 2041 2038
3 2159 2041 2142
3 2162 2161 2160
3 2160 2161 2163
3 2161 2162 2145
3 2162 2144 2145
3 2162 2164 2144
3 2144 2165 2148
3 2144 2164 2165
3 2149 2148 2166
3 2148 2167 2166
3 2148 2165 2167
3 2169 2168 2167
3 2167 2168 2166
3 2171 2170 2169
3 2169 2170 2168
3 2173 2172 2171
3 2171 2172 2170
3 2172 2173 2151
3 2173 2150 2151
3 2173 2174 2150
3 2150 2175 2153
3 2150 2174 2175
3 2153 2176 2154
3 2153 2175 2176
3 2154 2177 2155
3 2154 2176 2177
3 2156 2155 2178
3 2155 2179 2178
3 2155 2177 2179
3 2181 2180 2179
3 2179 2180 2178
3 2181 2182 2180
3 2159 2043 2041
3 2183 2043 2159
3 2160 2184 2162
3 2160 2185 2184
3 2162 2186 2164
3 2162 2184 2186
3 2164 2187 2165
3 2164 2186 2187
3 2165 2188 2167
3 2165 2187 2188
3 2167 2189 2169
3 2167 2188 2189
3 2169 2190 2171
3 2169 2189 2190
3 2171 2191 2173
3 2171 2190 2191
3 2173 2192 2174
3 2173 2191 2192
3 2174 2193 2175
3 2174 2192 2193
3 2175 2194 2176
3 2175 2193 2194
3 2176 2195 2177
3 2176 2194 2195
3 2177 2196 2179
3 2177 2195 2196
3 2179 2197 2181
3 2179 2196 2197
3 2182 2181 2198
3 2198 2181 2197
3 2183 2045 2043
3 2199 2045 2183
3 2185 2200 2184
3 2185 2201 2200
3 2184 2202 2186
3 2184 2200 2202
3 2186 2203 2187
3 2186 2202 2203
3 2187 2204 2188
3 2187 2203 2204
3 2188 2205 2189
3 2188 2204 2205
3 2189 2206 2190
3 2189 2205 2206
3 2190 2207 2191
3 2190 2206 2207
3 2191 2208 2192
3 2191 2207 2208
3 2192 2209 2193
3 2192 2208 2209
3 2193 2210 2194
3 2193 2209 2210
3 2194 2211 2195
3 2194 2210 2211
3 2195 2212 2196
3 2195 2211 2212
3 2196 2213 2197
3 2196 2212 2213
3 2198 2197 2214
3 2214 2197 2213
3 2199 2047 2045
3 2215 2047 2199
3 2201 2216 2200
3 2201 2217 2216
3 2200 2218 2202
3 2200 2216 2218
3 2202 2219 2203
3 2202 2218 2219
3 2203 2220 2204
3 2203 2219 2220
3 2204 2221 2205
3 2204 2220 2221
3 2205 2222 2206
3 2205 2221 2222
3 2206 2223 2207
3 2206 2222 2223
3 2207 2224 2208
3 2207 2223 2224
3 2208 2225 2209
3 2208 2224 2225
3 2209 2226 2210
3 2209 2225 2226
3 2210 2227 2211
3 2210 2226 2227
3 2211 2228 2212
3 2211 2227 2228
3 2212 2229 2213
3 2212 2228 2229
3 2214 2213 2230
3 2230 2213 2229
3 2215 2049 2047
3 2231 2049 2215
3 2217 2232 2216
3 2217 2233 2232
3 2216 2234 2218
3 2216 2232 2234
3 2218 2235 2219
3 2218 2234 2235
3 2219 2236 2220
3 2219 2235 2236
3 2220 2237 2221
3 2220 2236 2237
3 2221 2238 2222
3 2221 2237 2238
3 2222 2239 2223
3 2222 2238 2239
3 2223 2240 2224
3 2223 2239 2240
3 2224 2241 2225
3 2224 2240 2241
3 2225 2242 2226
3 2225 2241 2242
3 2226 2243 2227
3 2226 2242 2243
3 2227 2244 2228
3 2227 2243 2244
3 2228 2245 2229
3 2228 2244 2245
3 2230 2229 2246
3 2246 2229 2245
3 2231 2053 2049
3 2247 2053 2231
3 2233 2248 2232
3 2233 2249 2248
3 2232 2250 2234
3 2232 2248 2250
3 2234 2251 2235
3 2234 2250 2251
3 2235 2252 2236
3 2235 2251 2252
3 2236 2253 2237
3 2236 2252 2253
3 2237 2254 2238
3 2237 2253 2254
3 2238 2255 2239
3 2238 2254 2255
3 2239 2256 2240
3 2239 2255 2256
3 2240 2257 2241
3 2240 2256 2257
3 2241 2258 2242
3 2241 2257 2258
3 2242 2259 2243
3 2242 2258 2259
3 2243 2260 2244
3 2243 2259 2260
3 2244 2261 2245
3 2244 2260 2261
3 2246 2245 2262
3 2262 2245 2261
3 2247 2056 2053
3 2263 2056 2247
3 2249 2264 2248
3 2249 2265 2264
3 2248 2266 2250
3 2248 2264 2266
3 2250 2267 2251
3 2250 2266 2267
3 2251 2268 2252
3 2251 2267 2268
3 2252 2269 2253
3 2252 2268 2269
3 2253 2270 2254
3 2253 2269 2270
3 2254 2271 2255
3 2254 2270 2271
3 2255 2272 2256
3 2255 2271 2272
3 2256 2273 2257
3 2256 2272 2273
3 2257 2274 2258
3 2257 2273 2274
3 2258 2275 2259
3 2258 2274 2275
3 2259 2276 2260
3 2259 2275 2276
3 2260 2277 2261
3 2260 2276 2277
3 2262 2261 2278
3 2278 2261 2277
3 2263 2058 2056
3 2279 2058 2263
3 2265 2280 2264
3 2265 2281 2280
3 2264 2282 2266
3 2264 2280 2282
3 2266 2283 2267
3 2266 2282 2283
3 2267 2284 2268
3 2267 2283 2284
3 2268 2285 2269
3 2268 2284 2285
3 2269 2286 2270
3 2269 2285 2286
3 2270 2287 2271
3 2270 2286 2287
3 2271 2288 2272
3 2271 2287 2288
3 2272 2289 2273
3 2272 2288 2289
3 2273 2290 2274
3 2273 2289 2290
3 2274 2291 2275
3 2274 2290 2291
3 2275 2292 2276
3 2275 2291 2292
3 2276 2293 2277
3 2276 2292 2293
3 2278 2277 2294
3 2294 2277 2293
3 2279 2060 2058
3 2295 2060 2279
3 2281 2296 2280
3 2281 2297 2296
3 2280 2298 2282
3 2280 2296 2298
3 2282 2299 2283
3 2282 2298 2299
3 2283 2300 2284
3 2283 2299 2300
3 2284 2301 2285
3 2284 2300 2301
3 2285 2302 2286
3 2285 2301 2302
3 2286 2303 2287
3 2286 2302 2303
3 2287 2304 2288
3 2287 2303 2304
3 2288 2305 2289
3 2288 2304 2305
3 2289 2306 2290
3 2289 2305 2306
3 2290 2307 2291
3 2290 2306 2307
3 2291 2308 2292
3 2291 2307 2308
3 2292 2309 2293
3 2292 2308 2309
3 2294 2293 2310
3 2310 2293 2309
3 2295 2062 2060
3 2311 2062 2295
3 2313 2312 2063
3 2313 2063 2064
3 2061 2063 2297
3 2063 2314 2297
3 2063 2312 2314
3 2297 2314 2296
3 2296 2314 2315
3 2296 2315 2298
3 2298 2315 2316
3 2298 2316 2299
3 2299 2316 2317
3 2299 2317 2300
3 2300 2317 2318
3 2300 2318 2301
3 2301 2318 2319
3 2301 2319 2302
3 2302 2319 2320
3 2302 2320 2303
3 2303 2320 2321
3 2303 2321 2304
3 2304 2321 2322
3 2304 2322 2305
3 2305 2322 2323
3 2305 2323 2306
3 2306 2323 2324
3 2306 2324 2307
3 2307 2324 2325
3 2307 2325 2308
3 2308 2325 2326
3 2308 2326 2309
3 2309 2326 2327
3 2309 2327 2310
3 2311 2065 2062
3 2328 2065 2311
3 2066 2067 2329
3 2329 2067 2330
3 2328 2069 2065
3 2331 2069 2328
3 2333 2332 2070
3 2332 2067 2070
3 2332 2330 2067
3 2336 2335 2334
3 2338 2337 2334
3 2334 2337 2336
3 2338 2339 2337
3 2342 2341 2340
3 2344 2343 2340
3 2340 2343 2342
3 2346 2345 2344
3 2344 2345 2343
3 2346 2347 2345
3 2331 2072 2069
3 2348 2072 2331
3 2349 2074 2075
3 2349 2350 2074
3 2351 2075 2076
3 2351 2349 2075
3 2352 2076 2077
3 2352 2351 2076
3 2078 2334 2335
3 2352 2078 2335
3 2077 2078 2352
3 2334 2078 2079
3 2334 2079 2338
3 2353 2339 2338
3 2079 2353 2338
3 2080 2353 2079
3 2354 2080 2081
3 2354 2353 2080
3 2355 2081 2082
3 2355 2354 2081
3 2356 2082 2083
3 2356 2355 2082
3 2357 2083 2084
3 2357 2356 2083
3 2085 2340 2341
3 2357 2085 2341
3 2084 2085 2357
3 2340 2085 2086
3 2340 2086 2344
3 2344 2086 2087
3 2344 2087 2346
3 2087 2088 2346
3 2088 2358 2346
3 2358 2347 2346
3 2088 2359 2358
3 2360 2359 2088
3 2072 2360 2088
3 2348 2360 2072
3 2358 2359 2361
3 2358 2361 2362
3 2359 2360 2363
3 2359 2363 2361
3 2364 2362 2361
3 2364 2361 2363
3 2366 2365 2090
3 2366 2090 2091
3 2091 2368 2367
3 2369 2091 2367
3 2366 2091 2369
3 2371 2370 2094
3 2371 2094 2095
3 2096 2371 2095
3 2096 2372 2371
3 2098 2372 2096
3 2098 2373 2372
3 2375 2374 2100
3 2375 2100 2101
3 2377 2376 2103
3 2100 2377 2103
3 2374 2377 2100
3 2105 2104 2376
3 2377 2105 2376
3 2378 2105 2377
3 2108 2105 2378
3 2108 2378 2379
3 2123 2373 2098
3 2123 2380 2373
3 2381 2125 2124
3 2382 2125 2381
3 2126 2375 2101
3 2126 2383 2375
3 2376 2128 2103
3 2128 2376 2104
3 2386 2385 2384
3 2385 2387 2129
3 2379 2385 2129
3 2108 2379 2129
3 2385 2379 2384
3 2388 2130 2129
3 2388 2129 2387
3 2389 2131 2130
3 2389 2130 2388
3 2390 2132 2131
3 2390 2131 2389
3 2391 2133 2132
3 2391 2132 2390
3 2392 2134 2133
3 2392 2133 2391
3 2392 2136 2134
3 2141 2380 2123
3 2141 2393 2380
3 2382 2142 2125
3 2394 2142 2382
3 2143 2383 2126
3 2143 2395 2383
3 2385 2386 2146
3 2386 2145 2146
3 2386 2396 2145
3 2385 2146 2147
3 2385 2147 2387
3 2387 2147 2149
3 2397 2387 2149
3 2388 2387 2397
3 2388 2398 2389
3 2388 2397 2398
3 2389 2399 2390
3 2389 2398 2399
3 2390 2400 2391
3 2390 2399 2400
3 2400 2151 2152
3 2392 2400 2152
3 2391 2400 2392
3 2392 2152 2136
3 2156 2401 2157
3 2402 2158 2157
3 2402 2157 2401
3 2402 2403 2158
3 2403 2141 2158
3 2403 2393 2141
3 2394 2159 2142
3 2404 2159 2394
3 2161 2145 2396
3 2161 2396 2405
3 2166 2397 2149
3 2397 2166 2168
3 2397 2168 2398
3 2398 2168 2170
3 2398 2170 2399
3 2399 2170 2172
3 2399 2172 2400
3 2400 2172 2151
3 2178 2401 2156
3 2401 2178 2180
3 2401 2180 2402
3 2180 2182 2402
3 2182 2403 2402
3 2182 2406 2403
3 2404 2183 2159
3 2407 2183 2404
3 2198 2406 2182
3 2198 2408 2406
3 2407 2199 2183
3 2409 2199 2407
3 2214 2408 2198
3 2214 2410 2408
3 2409 2215 2199
3 2411 2215 2409
3 2230 2410 2214
3 2230 2412 2410
3 2411 2231 2215
3 2413 2231 2411
3 2246 2412 2230
3 2246 2414 2412
3 2413 2247 2231
3 2415 2247 2413
3 2262 2414 2246
3 2262 2416 2414
3 2415 2263 2247
3 2417 2263 2415
3 2278 2416 2262
3 2278 2418 2416
3 2417 2279 2263
3 2419 2279 2417
3 2294 2418 2278
3 2294 2420 2418
3 2419 2295 2279
3 2421 2295 2419
3 2310 2420 2294
3 2310 2422 2420
3 2421 2311 2295
3 2423 2311 2421
3 2425 2424 2312
3 2425 2312 2313
3 2314 2427 2426
3 2428 2314 2426
3 2315 2314 2428
3 2428 2430 2429
3 2316 2428 2429
3 2315 2428 2316
3 2431 2317 2316
3 2431 2316 2429
3 2432 2318 2317
3 2432 2317 2431
3 2433 2319 2318
3 2433 2318 2432
3 2434 2320 2319
3 2434 2319 2433
3 2435 2321 2320
3 2435 2320 2434
3 2436 2322 2321
3 2436 2321 2435
3 2437 2323 2322
3 2437 2322 2436
3 2438 2324 2323
3 2438 2323 2437
3 2439 2325 2324
3 2439 2324 2438
3 2440 2326 2325
3 2440 2325 2439
3 2441 2327 2326
3 2441 2326 2440
3 2441 2442 2327
3 2442 2310 2327
3 2442 2422 2310
3 2423 2328 2311
3 2443 2328 2423
3 2329 2445 2444
3 2445 2329 2427
3 2330 2427 2329
3 2427 2330 2446
3 2447 2446 2330
3 2427 2446 2426
3 2429 2430 2448
3 2448 2430 2449
3 2429 2450 2431
3 2429 2448 2450
3 2431 2451 2432
3 2431 2450 2451
3 2432 2452 2433
3 2432 2451 2452
3 2433 2453 2434
3 2433 2452 2453
3 2434 2454 2435
3 2434 2453 2454
3 2435 2455 2436
3 2435 2454 2455
3 2436 2456 2437
3 2436 2455 2456
3 2437 2457 2438
3 2437 2456 2457
3 2438 2458 2439
3 2438 2457 2458
3 2439 2459 2440
3 2439 2458 2459
3 2440 2460 2441
3 2440 2459 2460
3 2442 2441 2461
3 2461 2441 2460
3 2443 2331 2328
3 2462 2331 2443
3 2332 2447 2330
3 2332 2463 2447
3 2448 2449 2464
3 2464 2449 2465
3 2448 2466 2450
3 2448 2464 2466
3 2466 2335 2336
3 2451 2466 2336
3 2450 2466 2451
3 2451 2336 2337
3 2451 2337 2452
3 2452 2337 2339
3 2467 2452 2339
3 2453 2452 2467
3 2453 2468 2454
3 2453 2467 2468
3 2454 2469 2455
3 2454 2468 2469
3 2455 2470 2456
3 2455 2469 2470
3 2456 2471 2457
3 2456 2470 2471
3 2471 2341 2342
3 2458 2471 2342
3 2457 2471 2458
3 2458 2342 2343
3 2458 2343 2459
3 2459 2343 2345
3 2459 2345 2460
3 2345 2347 2460
3 2347 2461 2460
3 2347 2472 2461
3 2462 2348 2331
3 2473 2348 2462
3 2351 2464 2465
3 2474 2351 2465
3 2349 2351 2474
3 2464 2351 2352
3 2464 2352 2466
3 2466 2352 2335
3 2353 2467 2339
3 2467 2353 2354
3 2467 2354 2468
3 2468 2354 2355
3 2468 2355 2469
3 2469 2355 2356
3 2469 2356 2470
3 2470 2356 2357
3 2470 2357 2471
3 2471 2357 2341
3 2358 2472 2347
3 2358 2475 2472
3 2473 2360 2348
3 2476 2360 2473
3 2362 2475 2358
3 2362 2477 2475
3 2476 2363 2360
3 2478 2363 2476
3 2362 2364 2479
3 2480 2362 2479
3 2477 2362 2480
3 2480 2479 2365
3 2366 2480 2365
3 2481 2480 2366
3 2484 2483 2482
3 2371 2484 2482
3 2372 2484 2371
3 2373 2484 2372
3 2373 2485 2484
3 2486 2378 2377
3 2486 2377 2487
3 2486 2379 2378
3 2380 2485 2373
3 2380 2488 2485
3 2489 2386 2384
3 2486 2489 2384
3 2487 2489 2486
3 2486 2384 2379
3 2393 2488 2380
3 2393 2490 2488
3 2491 2394 2382
3 2492 2394 2491
3 2493 2396 2386
3 2493 2386 2489
3 2403 2490 2393
3 2403 2494 2490
3 2492 2404 2394
3 2495 2404 2492
3 2493 2405 2396
3 2498 2497 2496
3 2499 2496 2497
3 2406 2494 2403
3 2406 2500 2494
3 2495 2407 2404
3 2501 2407 2495
3 2502 2498 2496
3 2502 2496 2499
3 2408 2500 2406
3 2408 2503 2500
3 2501 2409 2407
3 2504 2409 2501
3 2410 2503 2408
3 2410 2505 2503
3 2504 2411 2409
3 2506 2411 2504
3 2412 2505 2410
3 2412 2507 2505
3 2506 2413 2411
3 2508 2413 2506
3 2414 2507 2412
3 2414 2509 2507
3 2508 2415 2413
3 2510 2415 2508
3 2416 2509 2414
3 2416 2511 2509
3 2510 2417 2415
3 2512 2417 2510
3 2418 2511 2416
3 2418 2513 2511
3 2512 2419 2417
3 2514 2419 2512
3 2420 2513 2418
3 2420 2515 2513
3 2514 2421 2419
3 2516 2421 2514
3 2422 2515 2420
3 2422 2517 2515
3 2516 2423 2421
3 2518 2423 2516
3 2519 2430 2428
3 2442 2517 2422
3 2442 2520 2517
3 2518 2443 2423
3 2521 2443 2518
3 2522 2425 2444
3 2525 2524 2523
3 2444 2445 2522
3 2447 2524 2446
3 2525 2446 2524
3 2446 2525 2526
3 2426 2446 2519
3 2446 2527 2519
3 2446 2526 2527
3 2430 2519 2527
3 2528 2430 2527
3 2449 2430 2528
3 2461 2520 2442
3 2461 2529 2520
3 2521 2462 2443
3 2530 2462 2521
3 2523 2524 2531
3 2523 2531 2532
3 2463 2531 2447
3 2447 2531 2524
3 2472 2529 2461
3 2472 2533 2529
3 2530 2473 2462
3 2534 2473 2530
3 2535 2474 2465
3 2475 2533 2472
3 2475 2536 2533
3 2477 2536 2475
3 2477 2537 2536
3 2540 2539 2538
3 2543 2542 2541
3 2484 2543 2541
3 2485 2543 2484
3 2488 2543 2485
3 2488 2544 2543
3 2547 2546 2545
3 2546 2544 2545
3 2544 2490 2545
3 2544 2488 2490
3 2550 2549 2548
3 2552 2551 2548
3 2552 2548 2549
3 2551 2552 2547
3 2545 2551 2547
3 2553 2551 2545
3 2494 2553 2490
3 2490 2553 2545
3 2553 2494 2554
3 2494 2555 2554
3 2494 2500 2555
3 2503 2555 2500
3 2503 2556 2555
3 2505 2556 2503
3 2505 2557 2556
3 2507 2557 2505
3 2507 2558 2557
3 2509 2558 2507
3 2509 2559 2558
3 2511 2559 2509
3 2511 2560 2559
3 2513 2560 2511
3 2513 2561 2560
3 2515 2561 2513
3 2515 2562 2561
3 2517 2562 2515
3 2517 2563 2562
3 2520 2563 2517
3 2520 2564 2563
3 2529 2564 2520
3 2529 2565 2564
3 2568 2567 2566
3 2571 2570 2569
3 2570 2571 2572
3 2573 2572 2571
3 2571 2569 2528
3 2575 2567 2574
3 2567 2575 2566
3 2577 2576 2575
3 2577 2575 2574
3 2580 2579 2578
3 2582 2581 2578
3 2582 2578 2579
3 2584 2583 2581
3 2584 2581 2582
3 2587 2586 2585
3 2589 2588 2585
3 2589 2585 2586
3 2589 2565 2588
3 2565 2533 2588
3 2565 2529 2533
3 2588 2533 2590
3 2533 2591 2590
3 2533 2536 2591
3 2537 2591 2536
3 2537 2592 2591
