ply
format ascii 1.0
comment VisionMCP reconstruction mesh
element vertex 9276
property float x
property float y
property float z
element face 15798
property list uchar int vertex_indices
end_header
-0.175 0.0502441788 0.23
-0.165 0.0500649643 0.23
-0.165 0.055 0.225064964
-0.175 0.055 0.225244179
-0.175 0.0504826546 0.24
-0.165 0.0502290154 0.24
-0.175 0.0507579041 0.25
-0.165 0.0506868744 0.25
-0.175 0.0513318062 0.26
-0.165 0.0510029984 0.26
-0.169891405 0.065 0.19
-0.165 0.0601086044 0.19
-0.165 0.065 0.185108604
-0.16952125 0.065 0.2
-0.165 0.0604787445 0.2
-0.169395442 0.065 0.21
-0.165 0.0606045532 0.21
-0.169153207 0.065 0.22
-0.165 0.0608467865 0.22
-0.175 0.0597558212 0.23
-0.168609787 0.065 0.23
-0.168255663 0.065 0.24
-0.175 0.0595173454 0.24
-0.167480946 0.065 0.25
-0.175 0.0592420959 0.25
-0.167059938 0.065 0.26
-0.175 0.0586681938 0.26
-0.175 0.0702758789 0.23
-0.170133316 0.075 0.22
-0.175 0.0701333237 0.22
-0.165 0.075 0.225005226
-0.165 0.0691532135 0.22
-0.175 0.0704415512 0.24
-0.175 0.0711742592 0.25
-0.175 0.071435318 0.26
-0.175 0.075 0.263564682
-0.165 0.065 0.262059937
-0.165 0.075 0.26828804
-0.165 0.085 0.155275993
-0.170021214 0.085 0.15
-0.175 0.0800212097 0.15
-0.165 0.0802759933 0.16
-0.175 0.0800583267 0.16
-0.175 0.0805991173 0.17
-0.165 0.0803348732 0.17
-0.175 0.0808092308 0.18
-0.165 0.0804126358 0.18
-0.175 0.08090765 0.19
-0.165 0.0810589218 0.19
-0.175 0.0817057037 0.2
-0.165 0.0811958122 0.2
-0.175 0.0818814659 0.21
-0.165 0.0813614655 0.21
-0.175 0.075 0.215133324
-0.165 0.0823327255 0.22
-0.170007063 0.085 0.26
-0.165 0.085 0.258850574
-0.165 0.0846232033 0.26
-0.175 0.085 0.260983582
-0.169811819 0.095 -0.01
-0.165 0.090188179 -0.01
-0.165 0.095 -0.0148118186
-0.169680066 0.095 0.03
-0.165 0.0903199387 0.03
-0.165 0.095 0.0253199339
-0.16965348 0.095 0.04
-0.165 0.0903465271 0.04
-0.169798843 0.095 0.05
-0.165 0.090201149 0.05
-0.169748529 0.095 0.06
-0.165 0.0902514648 0.06
-0.169303968 0.095 0.07
-0.165 0.0906960297 0.07
-0.169220796 0.095 0.08
-0.165 0.0907792091 0.08
-0.169315823 0.095 0.09
-0.165 0.090684185 0.09
-0.169384452 0.095 0.1
-0.165 0.0906155396 0.1
-0.16859284 0.095 0.11
-0.165 0.0914071655 0.11
-0.168642015 0.095 0.12
-0.165 0.0913579941 0.12
-0.168662595 0.095 0.13
-0.165 0.0913374138 0.13
-0.170000549 0.085 0.14
-0.175 0.0899994469 0.14
-0.175 0.085 0.135000553
-0.165 0.0924011993 0.14
-0.167598794 0.095 0.14
-0.167578354 0.095 0.15
-0.165 0.0924216461 0.15
-0.175 0.0899787903 0.15
-0.175 0.0899416733 0.16
-0.167521526 0.095 0.16
-0.167427704 0.095 0.17
-0.175 0.0894008827 0.17
-0.166124832 0.095 0.18
-0.175 0.0891907692 0.18
-0.165574115 0.095 0.19
-0.175 0.08909235 0.19
-0.165295273 0.095 0.2
-0.175 0.0882942963 0.2
-0.165 0.095 0.201489754
-0.165 0.0926694489 0.21
-0.175 0.0881185341 0.21
-0.175 0.0879057121 0.22
-0.165 0.0913004112 0.22
-0.175 0.0876506042 0.23
-0.165 0.0904731941 0.23
-0.175 0.0862659836 0.24
-0.165 0.0885166359 0.24
-0.175 0.0858056831 0.25
-0.165 0.0878259277 0.25
-0.175 0.0852476883 0.26
-0.165 0.097521534 0.16
-0.165 0.105 0.165108528
-0.169891481 0.105 0.17
-0.165 0.0952952766 0.2
-0.165 0.105 0.206149578
-0.170255339 0.105 0.2
-0.165 0.0971727562 0.21
-0.175 0.100255337 0.2
-0.175 0.100072727 0.21
-0.175 0.105 0.214927273
-0.169076855 0.105 0.22
-0.165 0.0973682976 0.22
-0.175 0.105 0.226828613
-0.175 0.101828613 0.23
-0.165 0.0975880241 0.23
-0.175 0.101581154 0.24
-0.165 0.0987627411 0.24
-0.175 0.101387024 0.25
-0.165 0.10128315 0.25
-0.175 0.104388256 0.26
-0.165 0.101269665 0.26
-0.168993654 0.115 0.02
-0.165 0.111006355 0.02
-0.165 0.115 0.0160063457
-0.165 0.105 0.174891472
-0.165 0.109891472 0.17
-0.175 0.108612976 0.25
-0.175 0.108418846 0.24
-0.165 0.107384033 0.25
-0.165 0.109399185 0.24
-0.155 0.055 0.23523447
-0.160064955 0.055 0.23
-0.155 0.0502344704 0.24
-0.155 0.0504314423 0.25
-0.155 0.050725174 0.26
-0.165 0.055 0.263997002
-0.155 0.055 0.266874657
-0.155 0.0600395203 0.19
-0.155 0.065 0.18503952
-0.155 0.0602102661 0.2
-0.155 0.0604068947 0.21
-0.155 0.0608509827 0.22
-0.155 0.061045742 0.23
-0.155 0.065 0.269395905
-0.159871337 0.075 0.13
-0.155 0.0701286697 0.13
-0.155 0.075 0.12512867
-0.159787024 0.075 0.14
-0.155 0.0702129745 0.14
-0.159683917 0.075 0.15
-0.155 0.0703160858 0.15
-0.159343412 0.075 0.16
-0.155 0.0706565857 0.16
-0.159187775 0.075 0.17
-0.155 0.0708122253 0.17
-0.159004502 0.075 0.18
-0.155 0.0709955025 0.18
-0.165 0.0698913956 0.19
-0.158511842 0.075 0.19
-0.158368291 0.075 0.2
-0.165 0.0695212555 0.2
-0.158053156 0.075 0.21
-0.165 0.0693954468 0.21
-0.157302771 0.075 0.22
-0.155 0.075 0.264604073
-0.159920017 0.085 -0.01
-0.155 0.0800799751 -0.01
-0.155 0.085 -0.0149200177
-0.159813555 0.085 0.03
-0.155 0.0801864433 0.03
-0.155 0.085 0.0251864433
-0.159884808 0.085 0.04
-0.155 0.0801151848 0.04
-0.159612912 0.085 0.06
-0.155 0.0803870964 0.06
-0.155 0.085 0.0553870869
-0.159639578 0.085 0.07
-0.155 0.0803604126 0.07
-0.15925331 0.085 0.09
-0.155 0.0807466888 0.09
-0.155 0.085 0.0857466888
-0.155 0.085 0.0985643864
-0.158848639 0.085 0.12
-0.155 0.081151371 0.12
-0.155 0.085 0.116140785
-0.158753077 0.085 0.13
-0.155 0.085 0.157222786
-0.155 0.0796839142 0.15
-0.155 0.085 0.254085293
-0.155 0.0805290985 0.26
-0.159812587 0.095 0.01
-0.155 0.0901874161 0.01
-0.155 0.095 0.00518741131
-0.159990801 0.095 0.02
-0.155 0.0900091934 0.02
-0.155 0.0898848152 0.04
-0.155 0.085 0.0448848057
-0.155 0.095 0.0454383087
-0.16034652 0.095 0.04
-0.155 0.0904383087 0.05
-0.155 0.090290432 0.08
-0.155 0.085 0.0746395779
-0.155 0.0865089798 0.1
-0.155 0.0908293915 0.11
-0.155 0.0916891861 0.14
-0.155 0.085 0.133753071
-0.155 0.0917267609 0.15
-0.157622646 0.095 0.2
-0.155 0.095 0.199458866
-0.155 0.0948462677 0.2
-0.155 0.0933301353 0.21
-0.155 0.0916701508 0.22
-0.155 0.0906206322 0.23
-0.155 0.0858112717 0.24
-0.155 0.0875651741 0.25
-0.165 0.099811821 -0.01
-0.160188181 0.095 -0.01
-0.155 0.105 -0.0129841018
-0.157984103 0.105 -0.01
-0.155 0.102015896 -0.01
-0.165 0.095 -0.00518817902
-0.155 0.101967602 0
-0.158032396 0.105 0
-0.157398171 0.105 0.03
-0.155 0.0999908066 0.02
-0.155 0.105 0.0276018286
-0.165 0.0996800613 0.03
-0.157127663 0.105 0.07
-0.155 0.0996888924 0.06
-0.155 0.105 0.0678723335
-0.165 0.0993039703 0.07
-0.165 0.0997485352 0.06
-0.155576609 0.105 0.1
-0.155 0.0990361214 0.09
-0.155 0.105 0.0994233894
-0.165 0.0993844604 0.1
-0.165 0.099315815 0.09
-0.155765204 0.105 0.11
-0.165 0.0985928345 0.11
-0.165 0.0975988007 0.14
-0.165 0.0986625862 0.13
-0.155 0.103030376 0.14
-0.155 0.0983188057 0.13
-0.155 0.0992963791 0.17
-0.157502168 0.105 0.17
-0.155 0.0970471001 0.16
-0.155 0.0957196236 0.2
-0.158262491 0.0956468964 0.198491859
-0.156224145 0.105 0.2
-0.155 0.105 0.198775864
-0.155 0.0965900421 0.19
-0.165 0.0955741119 0.19
-0.155 0.09551548 0.21
-0.155 0.0958867073 0.22
-0.157318836 0.105 0.23
-0.155 0.105 0.228099098
-0.155 0.105 0.233329906
-0.155 0.0994268036 0.24
-0.155 0.0995932198 0.25
-0.155 0.100510044 0.26
-0.158523295 0.115 -0.01
-0.155 0.115 -0.0135232949
-0.159388744 0.115 0
-0.165 0.115 0.0239936543
-0.161006346 0.115 0.02
-0.155 0.115 0.0267289972
-0.158271002 0.115 0.03
-0.155 0.111363354 0.04
-0.155 0.105 0.0323981762
-0.158636639 0.115 0.04
-0.156886567 0.115 0.07
-0.155 0.115 0.0681134319
-0.155 0.112691727 0.08
-0.155 0.105 0.0721276665
-0.157308266 0.115 0.08
-0.155 0.105576611 0.1
-0.155 0.115 0.109750881
-0.155249116 0.115 0.11
-0.155 0.114313602 0.12
-0.155 0.105 0.110765209
-0.155686406 0.115 0.12
-0.155 0.107519398 0.2
-0.165 0.109076862 0.22
-0.165 0.108850422 0.21
-0.155 0.110089283 0.22
-0.155 0.109743328 0.21
-0.165 0.109257088 0.23
-0.14989825 0.045 0.26
-0.145 0.040101757 0.26
-0.145 0.045 0.255101757
-0.145 0.045 0.265321884
-0.145 0.0500254059 0.24
-0.145 0.055 0.235025406
-0.145 0.0504415703 0.25
-0.145 0.055 0.268237286
-0.149664886 0.065 0.19
-0.149957485 0.065 0.2
-0.145407681 0.065 0.21
-0.145 0.065 0.210434399
-0.145 0.0605709457 0.22
-0.145 0.0608317375 0.23
-0.145 0.065 0.264693928
-0.149604559 0.075 0.13
-0.149724054 0.075 0.14
-0.146937461 0.075 0.15
-0.147443805 0.075 0.16
-0.147896891 0.075 0.17
-0.145634212 0.075 0.18
-0.146664395 0.075 0.19
-0.147415857 0.075 0.2
-0.148672819 0.075 0.21
-0.145 0.075 0.213960476
-0.145 0.075 0.264716339
-0.14784622 0.085 0.03
-0.147745018 0.085 0.04
-0.147756197 0.085 0.06
-0.147780576 0.085 0.07
-0.148147852 0.085 0.09
-0.148880072 0.085 0.12
-0.149206607 0.085 0.13
-0.155 0.0797870255 0.14
-0.146836064 0.085 0.16
-0.146056039 0.085 0.17
-0.145 0.085 0.174847221
-0.145 0.0776582718 0.18
-0.145 0.0810494614 0.19
-0.145300567 0.085 0.2
-0.145 0.085 0.19766777
-0.147592857 0.085 0.21
-0.145 0.085 0.212550354
-0.147938743 0.085 0.25
-0.145 0.085 0.244501781
-0.145 0.083767643 0.25
-0.145 0.0822432709 0.26
-0.148488941 0.095 -0.02
-0.145 0.0915110588 -0.02
-0.145 0.095 -0.0234889412
-0.150079982 0.085 -0.01
-0.155 0.0899200249 -0.01
-0.145 0.0915512276 -0.01
-0.148448772 0.095 -0.01
-0.155 0.085 -0.00507998466
-0.145 0.0913242531 0
-0.14867574 0.095 0
-0.148597803 0.095 0.01
-0.145 0.095 0.00527143002
-0.148339772 0.095 0.02
-0.148225384 0.095 0.03
-0.155 0.095 0.0349712276
-0.146703856 0.095 0.05
-0.146405072 0.095 0.06
-0.148350945 0.095 0.07
-0.14702492 0.095 0.08
-0.147501295 0.095 0.09
-0.147512963 0.095 0.1
-0.147935884 0.095 0.11
-0.148156383 0.095 0.12
-0.148956218 0.095 0.13
-0.149232566 0.095 0.14
-0.149631491 0.095 0.15
-0.151378632 0.095 0.16
-0.148993142 0.095 0.17
-0.145 0.0890422058 0.18
-0.149580164 0.095 0.18
-0.145 0.0869556808 0.19
-0.151055994 0.095 0.19
-0.145 0.088172493 0.22
-0.145 0.0883735275 0.23
-0.145 0.0860179329 0.24
-0.148464289 0.105 -0.02
-0.145 0.105 -0.0234642887
-0.145 0.105 0.00383413792
-0.148940489 0.100809631 0.00422981262
-0.155 0.105 0.00303239346
-0.155 0.0998125839 0.01
-0.151307802 0.105 0.03
-0.155 0.0995616913 0.05
-0.151637404 0.105 0.07
-0.155 0.099709568 0.08
-0.15401736 0.105 0.1
-0.15376138 0.105 0.11
-0.155 0.0990084076 0.12
-0.155 0.0982732391 0.15
-0.155 0.0967889023 0.18
-0.153463333 0.105 0.2
-0.149777603 0.105 0.21
-0.145499513 0.105 0.22
-0.147151859 0.105 0.24
-0.147189317 0.105 0.25
-0.145 0.105 0.253568497
-0.145 0.102338905 0.26
-0.14929131 0.115 -0.02
-0.145 0.115 -0.0242913103
-0.155 0.115 0.00438874245
-0.145 0.115 0.00410583973
-0.150513682 0.115 0.03
-0.149943902 0.115 0.04
-0.155 0.115 0.0436366367
-0.152308626 0.115 0.07
-0.151636205 0.115 0.08
-0.155 0.115 0.0823082638
-0.154555545 0.115 0.11
-0.154005764 0.115 0.12
-0.155 0.115 0.120686398
-0.155 0.108273964 0.25
-0.155 0.108095131 0.24
-0.155 0.119388752 0
-0.145 0.117759762 0
-0.155 0.118271008 0.03
-0.155 0.118636646 0.04
-0.155 0.116886559 0.07
-0.155 0.117308273 0.08
-0.155 0.115249119 0.11
-0.155 0.115686398 0.12
-0.14010175 0.045 0.26
-0.135 0.0545133972 0.24
-0.135 0.055 0.23952198
-0.135 0.0526992607 0.25
-0.135 0.0534005737 0.26
-0.135 0.055 0.263631382
-0.136682725 0.065 0.22
-0.135997491 0.065 0.23
-0.135 0.065 0.23344471
-0.136286738 0.065 0.26
-0.135 0.065 0.254667587
-0.135 0.0626104736 0.26
-0.139466722 0.075 0.22
-0.139389579 0.075 0.23
-0.135 0.075 0.236266518
-0.135762923 0.075 0.26
-0.135 0.075 0.25692152
-0.139898467 0.085 -0.02
-0.135 0.0801015282 -0.02
-0.135 0.085 -0.0248984671
-0.139838219 0.085 -0.01
-0.135 0.0801617813 -0.01
-0.135 0.085 -0.0012018919
-0.135414457 0.085 0.18
-0.140200446 0.085 0.19
-0.140297155 0.085 0.22
-0.140654171 0.085 0.23
-0.135 0.0780122566 0.24
-0.143733678 0.085 0.24
-0.135 0.0770611763 0.25
-0.135 0.095 -0.023750577
-0.135 0.095 -0.00146010399
-0.136456175 0.095 0
-0.135 0.0987505722 -0.02
-0.135 0.105 -0.0123234797
-0.141535711 0.105 -0.02
-0.139067364 0.105 0
-0.135 0.105 -0.00442532539
-0.135 0.101215305 0.26
-0.135 0.105 0.253881798
-0.135 0.115 -0.013697803
-0.14070869 0.115 -0.02
-0.138590558 0.115 0
-0.135 0.115 -0.00266820908
-0.135 0.118697796 -0.01
-0.145 0.117143631 -0.01
-0.128834295 -0.155 -0.02
-0.125 -0.158834293 -0.02
-0.125 -0.155 -0.0238342929
-0.127602401 -0.155 0.01
-0.125 -0.1576024 0.01
-0.125 -0.155 0.00739759922
-0.128055129 -0.155 0.02
-0.125 -0.158055129 0.02
-0.12842721 -0.155 0.03
-0.125 -0.158427212 0.03
-0.126639848 -0.155 0.06
-0.125 -0.156639848 0.06
-0.125 -0.155 0.058360157
-0.127682219 -0.155 0.07
-0.125 -0.157682221 0.07
-0.125391183 -0.155 0.11
-0.125 -0.155391181 0.11
-0.125 -0.155 0.100980444
-0.125 -0.145 -0.0124499798
-0.12744998 -0.145 -0.01
-0.125 -0.14744998 -0.01
-0.125 -0.151165707 -0.02
-0.125 -0.155 -0.0161657071
-0.127963963 -0.145 0
-0.125 -0.147963963 0
-0.125 -0.145 0.00839892387
-0.125 -0.14685847 0.01
-0.125 -0.150561099 0.02
-0.125 -0.14990613 0.03
-0.125 -0.155 0.0334272099
-0.125 -0.151370847 0.06
-0.125 -0.15075634 0.07
-0.125 -0.155 0.0726822186
-0.125 -0.154340775 0.11
-0.125 -0.155 0.110391178
-0.12875906 -0.135 -0.01
-0.125 -0.135 -0.0137590575
-0.125 -0.135 -0.00316277504
-0.125 -0.138981028 0
-0.125 -0.125504656 -0.01
-0.12545043 -0.125 0.02
-0.125 -0.125807061 0.02
-0.125 -0.125 0.0108087301
-0.125 -0.125 0.022509141
-0.126852713 -0.115 -0.01
-0.125 -0.123765984 -0.01
-0.125 -0.115 -0.0118527126
-0.126174073 -0.115 0
-0.125 -0.121162629 0
-0.125281677 -0.115 0.01
-0.125 -0.123906713 0.01
-0.125642905 -0.115 0.02
-0.125 -0.119458137 0.03
-0.12595984 -0.115 0.03
-0.126229196 -0.115 0.04
-0.125 -0.121654563 0.04
-0.126102381 -0.115 0.05
-0.125 -0.122891383 0.05
-0.125299411 -0.115 0.06
-0.125 -0.120783811 0.06
-0.125390286 -0.115 0.07
-0.125 -0.119933925 0.07
-0.125590186 -0.115 0.08
-0.125 -0.117632642 0.08
-0.125252199 -0.115 0.09
-0.125 -0.11609056 0.09
-0.125 -0.115 0.0916384506
-0.128160348 -0.105 -0.01
-0.125 -0.105 -0.0131603456
-0.125894346 -0.105 0
-0.126682868 -0.105 0.01
-0.127036743 -0.105 0.02
-0.126985822 -0.105 0.03
-0.125700378 -0.105 0.04
-0.125866041 -0.105 0.05
-0.126395855 -0.105 0.06
-0.126723409 -0.105 0.07
-0.12668097 -0.105 0.08
-0.125527744 -0.105 0.09
-0.125 -0.105 0.0958726978
-0.127807202 -0.095 -0.01
-0.125 -0.095 -0.0128072023
-0.126767025 -0.095 0
-0.127008033 -0.095 0.01
-0.127350011 -0.095 0.02
-0.126995454 -0.095 0.03
-0.127544994 -0.095 0.04
-0.127010074 -0.095 0.05
-0.126844993 -0.095 0.06
-0.125922775 -0.095 0.07
-0.126315684 -0.095 0.08
-0.12689786 -0.095 0.09
-0.125 -0.10320755 0.1
-0.126812882 -0.095 0.1
-0.125640159 -0.095 0.11
-0.125 -0.103285613 0.11
-0.125 -0.095 0.113579502
-0.128128238 -0.085 -0.01
-0.125 -0.085 -0.0131282401
-0.127238059 -0.085 0
-0.127004776 -0.085 0.01
-0.127011414 -0.085 0.02
-0.127423916 -0.085 0.03
-0.127831988 -0.085 0.04
-0.127302089 -0.085 0.05
-0.126814094 -0.085 0.06
-0.126794648 -0.085 0.07
-0.126870961 -0.085 0.08
-0.126608419 -0.085 0.09
-0.125698838 -0.085 0.1
-0.125675516 -0.085 0.11
-0.125 -0.085 0.117611103
-0.129057755 -0.075 -0.02
-0.125 -0.0790577507 -0.02
-0.125 -0.075 -0.0240577531
-0.127827063 -0.075 -0.01
-0.126860628 -0.075 0
-0.127724771 -0.075 0.01
-0.127854929 -0.075 0.02
-0.127814837 -0.075 0.03
-0.127302299 -0.075 0.04
-0.127461519 -0.075 0.05
-0.127180414 -0.075 0.06
-0.127498274 -0.075 0.07
-0.127425275 -0.075 0.08
-0.126289954 -0.075 0.09
-0.12630465 -0.075 0.1
-0.126675696 -0.075 0.11
-0.125 -0.0826673222 0.12
-0.125795903 -0.075 0.12
-0.125 -0.075 0.123828201
-0.125 -0.0709422493 -0.02
-0.125 -0.065 -0.0123677039
-0.127367702 -0.065 -0.01
-0.128159647 -0.065 0
-0.128073673 -0.065 0.01
-0.128199334 -0.065 0.02
-0.12755517 -0.065 0.03
-0.127909107 -0.065 0.04
-0.127773352 -0.065 0.05
-0.128107681 -0.065 0.06
-0.128545556 -0.065 0.07
-0.126937294 -0.065 0.08
-0.126992202 -0.065 0.09
-0.127072215 -0.065 0.1
-0.126786137 -0.065 0.11
-0.125578938 -0.065 0.12
-0.125 -0.065 0.123634071
-0.127560868 -0.055 -0.01
-0.125 -0.055 -0.0125608683
-0.128577466 -0.055 0
-0.128330593 -0.055 0.01
-0.128143897 -0.055 0.02
-0.128025956 -0.055 0.03
-0.128532128 -0.055 0.04
-0.128734751 -0.055 0.05
-0.127507567 -0.055 0.06
-0.127799783 -0.055 0.07
-0.128205137 -0.055 0.08
-0.127517066 -0.055 0.09
-0.127602043 -0.055 0.1
-0.125867553 -0.055 0.11
-0.126091475 -0.055 0.12
-0.125 -0.0597584629 0.13
-0.125868573 -0.055 0.13
-0.125 -0.055 0.137613316
-0.127511382 -0.045 -0.01
-0.125 -0.045 -0.0125113821
-0.128098736 -0.045 0
-0.127748303 -0.045 0.01
-0.128267236 -0.045 0.02
-0.128706565 -0.045 0.03
-0.128849754 -0.045 0.04
-0.127997308 -0.045 0.05
-0.128353286 -0.045 0.06
-0.128575282 -0.045 0.07
-0.128022323 -0.045 0.08
-0.128398776 -0.045 0.09
-0.126466265 -0.045 0.1
-0.126350613 -0.045 0.11
-0.126129212 -0.045 0.12
-0.126167331 -0.045 0.13
-0.125 -0.045 0.139450054
-0.129261551 -0.035 -0.02
-0.125 -0.0392615509 -0.02
-0.125 -0.035 -0.0242615485
-0.126639485 -0.035 -0.01
-0.128316154 -0.035 0
-0.128624187 -0.035 0.01
-0.128781862 -0.035 0.02
-0.129417377 -0.035 0.03
-0.128965964 -0.035 0.04
-0.128439207 -0.035 0.05
-0.128627119 -0.035 0.06
-0.128744597 -0.035 0.07
-0.128639827 -0.035 0.08
-0.128065853 -0.035 0.09
-0.127490139 -0.035 0.1
-0.126716275 -0.035 0.11
-0.126322527 -0.035 0.12
-0.125328889 -0.035 0.13
-0.125 -0.0411908436 0.14
-0.125120387 -0.035 0.14
-0.125 -0.035 0.141524029
-0.125 -0.0307384491 -0.02
-0.125 -0.025 -0.0130221987
-0.128022199 -0.025 -0.01
-0.129240336 -0.025 0
-0.128146935 -0.025 0.01
-0.128920383 -0.025 0.02
-0.128111572 -0.025 0.03
-0.129262438 -0.025 0.04
-0.129192152 -0.025 0.05
-0.128829026 -0.025 0.06
-0.128793769 -0.025 0.07
-0.127894397 -0.025 0.08
-0.127963419 -0.025 0.09
-0.128093138 -0.025 0.1
-0.127812653 -0.025 0.11
-0.12658597 -0.025 0.12
-0.125430145 -0.025 0.13
-0.125 -0.025 0.139620152
-0.125 -0.0261913776 0.14
-0.12809144 -0.015 -0.01
-0.125 -0.015 -0.0130914402
-0.129156876 -0.015 0
-0.129378147 -0.015 0.01
-0.128574619 -0.015 0.02
-0.128613229 -0.015 0.03
-0.12925601 -0.015 0.04
-0.129480972 -0.015 0.05
-0.129323659 -0.015 0.06
-0.128799295 -0.015 0.07
-0.128332257 -0.015 0.08
-0.128069468 -0.015 0.09
-0.127938733 -0.015 0.1
-0.126988215 -0.015 0.11
-0.126704192 -0.015 0.12
-0.126403728 -0.015 0.13
-0.125 -0.0197686481 0.14
-0.125015988 -0.015 0.14
-0.125 -0.015 0.14025713
-0.127618189 -0.005 -0.01
-0.125 -0.005 -0.0126181912
-0.129179449 -0.005 0
-0.128424673 -0.005 0.01
-0.128846097 -0.005 0.02
-0.129452815 -0.005 0.03
-0.129136972 -0.005 0.04
-0.12935864 -0.005 0.05
-0.128661308 -0.005 0.06
-0.128723369 -0.005 0.07
-0.128867736 -0.005 0.08
-0.128768849 -0.005 0.09
-0.127035112 -0.005 0.1
-0.12701314 -0.005 0.11
-0.126934781 -0.005 0.12
-0.126369481 -0.005 0.13
-0.126220899 -0.005 0.14
-0.125 -0.005 0.144250278
-0.129097204 0.005 -0.02
-0.125 0.000902805328 -0.02
-0.125 0.005 -0.0240972018
-0.12771174 0.005 -0.01
-0.128391089 0.005 0
-0.128273454 0.005 0.01
-0.128910894 0.005 0.02
-0.129201436 0.005 0.03
-0.129002814 0.005 0.04
-0.129322333 0.005 0.05
-0.128509822 0.005 0.06
-0.128732991 0.005 0.07
-0.128262887 0.005 0.08
-0.128224521 0.005 0.09
-0.127981939 0.005 0.1
-0.127786632 0.005 0.11
-0.12663734 0.005 0.12
-0.126082425 0.005 0.13
-0.1250067 0.005 0.14
-0.125 0.005 0.140094948
-0.125 0.00909719467 -0.02
-0.125 0.015 -0.01320503
-0.128205028 0.015 -0.01
-0.128944907 0.015 0
-0.129261746 0.015 0.01
-0.129046392 0.015 0.02
-0.12808485 0.015 0.03
-0.128864179 0.015 0.04
-0.129246469 0.015 0.05
-0.128935628 0.015 0.06
-0.128692851 0.015 0.07
-0.127926311 0.015 0.08
-0.127655244 0.015 0.09
-0.127524099 0.015 0.1
-0.127534628 0.015 0.11
-0.127277908 0.015 0.12
-0.125696597 0.015 0.13
-0.125 0.015 0.136041374
-0.125 0.00514190674 0.14
-0.127497344 0.025 -0.01
-0.125 0.025 -0.012497344
-0.128578587 0.025 0
-0.129097404 0.025 0.01
-0.128928971 0.025 0.02
-0.128848877 0.025 0.03
-0.128393202 0.025 0.04
-0.128729668 0.025 0.05
-0.128158531 0.025 0.06
-0.128512125 0.025 0.07
-0.128590846 0.025 0.08
-0.128342104 0.025 0.09
-0.127210164 0.025 0.1
-0.126955886 0.025 0.11
-0.126934919 0.025 0.12
-0.125430098 0.025 0.13
-0.125 0.0198322678 0.14
-0.125455523 0.025 0.14
-0.125 0.025 0.142899151
-0.128077979 0.035 -0.01
-0.125 0.035 -0.0130779791
-0.129362211 0.035 0
-0.128113542 0.035 0.01
-0.127978907 0.035 0.02
-0.128497109 0.035 0.03
-0.128909931 0.035 0.04
-0.128514419 0.035 0.05
-0.128088431 0.035 0.06
-0.128564243 0.035 0.07
-0.127927632 0.035 0.08
-0.127649302 0.035 0.09
-0.127369785 0.035 0.1
-0.127229896 0.035 0.11
-0.125523133 0.035 0.12
-0.125 0.035 0.12593914
-0.125 0.0305754089 0.13
-0.125 0.0322211456 0.14
-0.127723088 0.045 -0.01
-0.125 0.045 -0.0127230906
-0.128487744 0.045 0
-0.128528118 0.045 0.01
-0.129069061 0.045 0.02
-0.127891059 0.045 0.03
-0.127958474 0.045 0.04
-0.128008847 0.045 0.05
-0.128411469 0.045 0.06
-0.128575234 0.045 0.07
-0.127359939 0.045 0.08
-0.127062583 0.045 0.09
-0.127059817 0.045 0.1
-0.127198844 0.045 0.11
-0.126367803 0.045 0.12
-0.125 0.0373263359 0.13
-0.125997276 0.045 0.13
-0.125 0.045 0.135526161
-0.129505334 0.055 -0.02
-0.125 0.0504946709 -0.02
-0.125 0.055 -0.0245053339
-0.127371993 0.055 -0.01
-0.12799674 0.055 0
-0.127918563 0.055 0.01
-0.128062515 0.055 0.02
-0.128518515 0.055 0.03
-0.128631358 0.055 0.04
-0.127723689 0.055 0.05
-0.128075829 0.055 0.06
-0.127582183 0.055 0.07
-0.127446685 0.055 0.08
-0.127632117 0.055 0.09
-0.126232276 0.055 0.1
-0.126471877 0.055 0.11
-0.125523796 0.055 0.12
-0.125440397 0.055 0.13
-0.125 0.053823967 0.14
-0.125098033 0.055 0.14
-0.125 0.055 0.140623913
-0.133959851 0.055 0.24
-0.12832222 0.055 0.25
-0.130504026 0.055 0.26
-0.125 0.0595053291 -0.02
-0.125 0.065 -0.01389292
-0.128892922 0.065 -0.01
-0.128113008 0.065 0
-0.128297124 0.065 0.01
-0.127504191 0.065 0.02
-0.127562146 0.065 0.03
-0.127731028 0.065 0.04
-0.12818645 0.065 0.05
-0.128186932 0.065 0.06
-0.127091808 0.065 0.07
-0.126770473 0.065 0.08
-0.126864762 0.065 0.09
-0.127068624 0.065 0.1
-0.12686264 0.065 0.11
-0.125 0.065 0.117751961
-0.125 0.0598168182 0.12
-0.125 0.059247818 0.13
-0.125 0.0563700485 0.14
-0.130772276 0.065 0.24
-0.133422513 0.065 0.25
-0.127387285 0.075 -0.01
-0.125 0.075 -0.0123872876
-0.126758413 0.075 0
-0.127418451 0.075 0.01
-0.127483568 0.075 0.02
-0.127913914 0.075 0.03
-0.12697309 0.075 0.04
-0.127675166 0.075 0.05
-0.127416692 0.075 0.06
-0.127156954 0.075 0.07
-0.127021041 0.075 0.08
-0.126263084 0.075 0.09
-0.126819596 0.075 0.1
-0.126304245 0.075 0.11
-0.125 0.0742851257 0.12
-0.125057373 0.075 0.12
-0.125 0.075 0.121310711
-0.130396919 0.075 0.16
-0.125 0.0703003311 0.16
-0.125 0.075 0.156149921
-0.126469431 0.075 0.17
-0.125 0.0740533638 0.17
-0.125 0.075 0.177068291
-0.130550981 0.075 0.24
-0.132961378 0.075 0.25
-0.125 0.085 -0.0136217928
-0.130101533 0.085 -0.02
-0.130258932 0.085 0
-0.129219284 0.085 0.01
-0.127243099 0.085 0.02
-0.128264308 0.085 0.03
-0.130465288 0.085 0.04
-0.130265851 0.085 0.05
-0.130927496 0.085 0.06
-0.130192986 0.085 0.07
-0.132826095 0.085 0.08
-0.130820184 0.085 0.09
-0.131231942 0.085 0.1
-0.133571849 0.085 0.11
-0.129369106 0.085 0.12
-0.125 0.076204319 0.13
-0.128567362 0.085 0.13
-0.127982264 0.085 0.14
-0.125 0.0801385307 0.14
-0.127953286 0.085 0.15
-0.125 0.081310215 0.15
-0.125 0.085 0.157631931
-0.125 0.082753067 0.16
-0.125 0.0770004082 0.17
-0.125 0.0911966705 -0.02
-0.125 0.095 -0.0238033223
-0.131600485 0.095 0
-0.13019896 0.095 0.01
-0.130465961 0.095 0.02
-0.128219709 0.095 0.03
-0.130004473 0.095 0.04
-0.13263732 0.095 0.05
-0.130479655 0.095 0.06
-0.129256635 0.095 0.07
-0.129353352 0.095 0.08
-0.131839151 0.095 0.09
-0.131238499 0.095 0.1
-0.130274868 0.095 0.11
-0.129421911 0.095 0.12
-0.127906089 0.095 0.13
-0.125660377 0.095 0.14
-0.125 0.095 0.148989086
-0.125 0.0947518349 0.15
-0.125 0.0988033295 -0.02
-0.125 0.105 -0.0121460104
-0.128043032 0.105 0
-0.127213082 0.105 0.01
-0.127513561 0.105 0.02
-0.12827641 0.105 0.03
-0.12860301 0.105 0.04
-0.128090863 0.105 0.05
-0.126824546 0.105 0.06
-0.126944227 0.105 0.07
-0.126972036 0.105 0.08
-0.126649079 0.105 0.09
-0.126768885 0.105 0.1
-0.125 0.105 0.106690807
-0.125 0.103433743 0.11
-0.125 0.101679401 0.12
-0.125 0.101032982 0.13
-0.125 0.0966819763 0.14
-0.129859676 0.105 0.26
-0.135 0.105 0.262936783
-0.125 0.114443703 -0.01
-0.125266995 0.115 -0.01
-0.125 0.111423683 0
-0.125 0.113758297 0.01
-0.125 0.114329033 0.02
-0.125 0.112377701 0.03
-0.125 0.111555328 0.04
-0.125 0.112480297 0.05
-0.125 0.110804462 0.06
-0.125 0.111347694 0.07
-0.125 0.108423977 0.08
-0.125 0.108234081 0.09
-0.125 0.10797781 0.1
-0.135 0.107936783 0.26
-0.127326674 0.125 -0.01
-0.125 0.125 -0.0123266745
-0.125 0.115504074 -0.01
-0.125 0.125 -0.00570278645
-0.128098898 0.135 -0.01
-0.125 0.135 -0.0130988955
-0.125 0.129297523 0
-0.128480864 0.135 0
-0.125 0.135 0.00617493629
-0.125 0.145 0.00732745171
-0.127672548 0.145 0.01
-0.125 0.139755726 0.01
-0.125 0.138480873 0
-0.128073368 0.145 0.02
-0.125 0.14043314 0.02
-0.128408318 0.145 0.03
-0.125 0.140411301 0.03
-0.129056902 0.145 0.04
-0.125 0.139455338 0.04
-0.126894503 0.145 0.07
-0.125 0.141775799 0.07
-0.125 0.145 0.0681054974
-0.127222199 0.145 0.08
-0.125 0.141852951 0.08
-0.127958212 0.145 0.09
-0.125 0.140940933 0.09
-0.125361085 0.145 0.13
-0.125 0.144439545 0.13
-0.125 0.145 0.12667942
-0.125594378 0.145 0.14
-0.125 0.144063187 0.14
-0.128937635 0.155 0.01
-0.125 0.155 0.00606236458
-0.128414645 0.155 0.07
-0.125 0.155 0.06658535
-0.127260199 0.155 0.12
-0.125 0.147051163 0.12
-0.125 0.155 0.117739792
-0.119753666 -0.165 0.16
-0.115 -0.169753668 0.16
-0.115 -0.165 0.155246334
-0.119971228 -0.165 0.17
-0.115 -0.169971229 0.17
-0.115 -0.170377567 0.19
-0.115 -0.165 0.196325722
-0.118674278 -0.165 0.2
-0.119622431 -0.175 0.19
-0.119803123 -0.175 0.2
-0.119767828 -0.175 0.21
-0.118900123 -0.165 0.21
-0.118010149 -0.175 0.22
-0.119079409 -0.165 0.22
-0.118251586 -0.175 0.23
-0.119220071 -0.165 0.23
-0.118440132 -0.175 0.24
-0.116584549 -0.165 0.24
-0.118584642 -0.175 0.25
-0.116839023 -0.165 0.25
-0.115684791 -0.175 0.26
-0.117027822 -0.165 0.26
-0.121165705 -0.155 -0.02
-0.115 -0.157856401 -0.01
-0.115 -0.155 -0.0128564024
-0.117856402 -0.155 -0.01
-0.117891388 -0.155 0
-0.115 -0.157891387 0
-0.12157279 -0.155 0.03
-0.115 -0.15747333 0.04
-0.115 -0.155 0.0375266647
-0.11747333 -0.155 0.04
-0.122317781 -0.155 0.07
-0.124608817 -0.155 0.11
-0.115 -0.155110646 0.12
-0.115 -0.155 0.119889355
-0.115110645 -0.155 0.12
-0.117575436 -0.155 0.19
-0.115 -0.156322311 0.19
-0.115 -0.155 0.188677692
-0.119561114 -0.155 0.2
-0.119507818 -0.155 0.21
-0.115553923 -0.155 0.22
-0.118326387 -0.155 0.23
-0.118007402 -0.155 0.24
-0.118139853 -0.155 0.25
-0.118232408 -0.155 0.26
-0.115 -0.145 -0.0233718395
-0.11837184 -0.145 -0.02
-0.115 -0.14837184 -0.02
-0.120991492 -0.147343144 0.00713660717
-0.122397599 -0.155 0.01
-0.115 -0.145 0.00657896996
-0.115 -0.155 0.00289138794
-0.121944871 -0.155 0.02
-0.115 -0.150849009 0.04
-0.115 -0.155 0.0424733353
-0.123360152 -0.155 0.06
-0.115 -0.154797301 0.12
-0.115 -0.155 0.120110645
-0.115 -0.150540392 0.19
-0.115 -0.149110665 0.2
-0.115 -0.14543874 0.21
-0.115 -0.152092967 0.22
-0.115 -0.147257001 0.23
-0.115 -0.147306545 0.24
-0.115 -0.145 0.244096489
-0.11656702 -0.145 0.25
-0.116706443 -0.145 0.26
-0.115 -0.14162816 -0.02
-0.115 -0.135 -0.0122883034
-0.115 -0.135 -0.00180633545
-0.115 -0.136681385 0
-0.115 -0.141026773 0.25
-0.115 -0.14105952 0.26
-0.123912792 -0.125 -0.01
-0.115 -0.125 -0.0120787811
-0.115 -0.132782626 0
-0.12307445 -0.125 0
-0.124898539 -0.125 0.01
-0.115 -0.129947495 0.01
-0.115 -0.131377754 0.02
-0.122720337 -0.125 0.03
-0.115 -0.132997308 0.03
-0.123470459 -0.125 0.04
-0.115 -0.130206466 0.04
-0.124276524 -0.125 0.05
-0.115 -0.130622125 0.05
-0.124442029 -0.125 0.06
-0.115 -0.130515537 0.06
-0.124126749 -0.125 0.07
-0.115 -0.130409946 0.07
-0.121726065 -0.125 0.08
-0.115 -0.1298455 0.08
-0.121438003 -0.125 0.09
-0.115 -0.129218941 0.09
-0.121757569 -0.125 0.1
-0.115 -0.128861179 0.1
-0.120543418 -0.125 0.11
-0.115 -0.128191533 0.11
-0.117946401 -0.125 0.12
-0.115 -0.127388849 0.12
-0.117267227 -0.125 0.13
-0.115 -0.126829572 0.13
-0.115903988 -0.125 0.14
-0.115 -0.125904222 0.14
-0.115 -0.125 0.146193008
-0.115 -0.115 -0.0129248691
-0.123463845 -0.115 0.1
-0.122802773 -0.115 0.11
-0.122831769 -0.115 0.12
-0.121865611 -0.115 0.13
-0.119947939 -0.115 0.14
-0.115 -0.124042969 0.15
-0.118833604 -0.115 0.15
-0.117725677 -0.115 0.16
-0.115 -0.120219803 0.16
-0.118649755 -0.115 0.17
-0.115 -0.120648746 0.17
-0.115 -0.115 0.179590492
-0.115 -0.105 -0.0134328604
-0.124538774 -0.105 0.1
-0.124844279 -0.105 0.11
-0.124144793 -0.105 0.12
-0.122379041 -0.105 0.13
-0.121990161 -0.105 0.14
-0.121156235 -0.105 0.15
-0.119694076 -0.105 0.16
-0.118226337 -0.105 0.17
-0.115 -0.114120431 0.18
-0.116876407 -0.105 0.18
-0.11530808 -0.105 0.19
-0.115 -0.106243362 0.19
-0.116638017 -0.105 0.2
-0.115 -0.108103118 0.2
-0.115443969 -0.105 0.21
-0.115 -0.106750536 0.21
-0.115 -0.105 0.21195364
-0.119387503 -0.095 -0.02
-0.115 -0.0993875027 -0.02
-0.115 -0.095 -0.0243875027
-0.123535347 -0.095 0.12
-0.123473549 -0.095 0.13
-0.123673377 -0.095 0.14
-0.122327456 -0.095 0.15
-0.120833268 -0.095 0.16
-0.119206929 -0.095 0.17
-0.117946782 -0.095 0.18
-0.118695817 -0.095 0.19
-0.11756917 -0.095 0.2
-0.116266909 -0.095 0.21
-0.115 -0.0966824532 0.22
-0.115321159 -0.095 0.22
-0.115 -0.095 0.221399498
-0.115 -0.0906124973 -0.02
-0.115 -0.085 -0.0134175396
-0.124690504 -0.085 0.12
-0.124265933 -0.085 0.13
-0.122077985 -0.085 0.14
-0.121591697 -0.085 0.15
-0.120780411 -0.085 0.16
-0.118825092 -0.085 0.17
-0.116459031 -0.085 0.18
-0.118108149 -0.085 0.19
-0.116698575 -0.085 0.2
-0.115156937 -0.085 0.21
-0.11571959 -0.085 0.22
-0.115 -0.085 0.226238976
-0.115 -0.075 -0.013475914
-0.120942245 -0.075 -0.02
-0.123480105 -0.075 0.13
-0.122853298 -0.075 0.14
-0.122389746 -0.075 0.15
-0.121641808 -0.075 0.16
-0.118917999 -0.075 0.17
-0.117648759 -0.075 0.18
-0.115850048 -0.075 0.19
-0.115 -0.075 0.194815521
-0.115 -0.07792696 0.2
-0.115 -0.075 0.204594994
-0.115742469 -0.075 0.21
-0.115 -0.075 0.21639946
-0.115 -0.0786459923 0.22
-0.115 -0.075 0.223319092
-0.115732403 -0.075 0.23
-0.115 -0.0815706253 0.23
-0.115 -0.075 0.235564003
-0.115 -0.065 -0.0135977602
-0.123741369 -0.065 0.13
-0.12362855 -0.065 0.14
-0.122991138 -0.065 0.15
-0.120729742 -0.065 0.16
-0.1198769 -0.065 0.17
-0.118753853 -0.065 0.18
-0.11615427 -0.065 0.19
-0.115 -0.0727620983 0.2
-0.117181902 -0.065 0.2
-0.116296411 -0.065 0.21
-0.115 -0.0701012993 0.22
-0.115427475 -0.065 0.22
-0.115 -0.0708374882 0.23
-0.115 -0.065 0.222694874
-0.119344568 -0.055 -0.02
-0.115 -0.0593445683 -0.02
-0.115 -0.055 -0.0243445659
-0.124576735 -0.055 0.14
-0.122598677 -0.055 0.15
-0.121438394 -0.055 0.16
-0.120619521 -0.055 0.17
-0.119139595 -0.055 0.18
-0.11921133 -0.055 0.19
-0.117910852 -0.055 0.2
-0.115 -0.055 0.207170219
-0.115 -0.0597626877 0.21
-0.115 -0.055 0.215358887
-0.116019602 -0.055 0.22
-0.115 -0.0597577 0.23
-0.115880179 -0.055 0.23
-0.115 -0.055 0.237160244
-0.119330835 -0.045 -0.02
-0.115 -0.045 -0.0243308377
-0.124892569 -0.045 0.14
-0.122774448 -0.045 0.15
-0.121765866 -0.045 0.16
-0.120885782 -0.045 0.17
-0.118679242 -0.045 0.18
-0.117616954 -0.045 0.19
-0.115740352 -0.045 0.2
-0.115 -0.045 0.203482513
-0.117069683 -0.045 0.22
-0.115 -0.045 0.212617531
-0.116108751 -0.045 0.23
-0.115 -0.0477445507 0.24
-0.115142832 -0.045 0.24
-0.115 -0.045 0.241170197
-0.115 -0.035 -0.0138905478
-0.115 -0.0406691647 -0.02
-0.120738449 -0.035 -0.02
-0.124008241 -0.035 0.15
-0.123537817 -0.035 0.16
-0.120531387 -0.035 0.17
-0.119166603 -0.035 0.18
-0.117778082 -0.035 0.19
-0.115740075 -0.035 0.2
-0.115 -0.035 0.204069462
-0.115658431 -0.035 0.22
-0.115 -0.035 0.214944057
-0.116179175 -0.035 0.23
-0.115332241 -0.035 0.24
-0.115 -0.035 0.242293415
-0.115 -0.025 -0.013674643
-0.12497766 -0.025 0.14
-0.124154429 -0.025 0.15
-0.122378607 -0.025 0.16
-0.121648488 -0.025 0.17
-0.119186292 -0.025 0.18
-0.117936764 -0.025 0.19
-0.116081114 -0.025 0.2
-0.115 -0.0326565266 0.21
-0.117234907 -0.025 0.21
-0.116183162 -0.025 0.22
-0.115 -0.025 0.227889671
-0.115 -0.0267715931 0.23
-0.115 -0.025 0.23542202
-0.115213566 -0.025 0.24
-0.115 -0.025 0.241214447
-0.115 -0.015 -0.0138055038
-0.124219751 -0.015 0.15
-0.122354164 -0.015 0.16
-0.121505184 -0.015 0.17
-0.120162911 -0.015 0.18
-0.1180685 -0.015 0.19
-0.118433862 -0.015 0.2
-0.117470016 -0.015 0.21
-0.11620162 -0.015 0.22
-0.115 -0.015 0.228178043
-0.115 -0.0241330528 0.24
-0.115 -0.005 -0.0137652779
-0.12295692 -0.005 0.15
-0.122376866 -0.005 0.16
-0.121540184 -0.005 0.17
-0.11992547 -0.005 0.18
-0.118154583 -0.005 0.19
-0.118615928 -0.005 0.2
-0.115 -0.005 0.208664932
-0.115 -0.00693517685 0.21
-0.115 -0.005 0.213100967
-0.116309538 -0.005 0.22
-0.115 -0.0140946579 0.23
-0.116925464 -0.005 0.23
-0.11539228 -0.005 0.24
-0.115 -0.0064739418 0.24
-0.115 -0.005 0.243628063
-0.115 0.005 -0.0137491083
-0.120902796 0.005 -0.02
-0.124070306 0.005 0.15
-0.12356708 0.005 0.16
-0.120979877 0.005 0.17
-0.11942522 0.005 0.18
-0.117905512 0.005 0.19
-0.115989656 0.005 0.2
-0.115 0.005 0.205339775
-0.116044579 0.005 0.22
-0.115 0.005 0.213440742
-0.115 0.005 0.229685307
-0.115 0.00486745834 0.23
-0.115 0.005 0.230692654
-0.115376992 0.005 0.24
-0.115 0.005 0.242870731
-0.115 0.015 -0.0245758605
-0.119575858 0.015 -0.02
-0.115 0.0104241371 -0.02
-0.124456196 0.015 0.14
-0.124180875 0.015 0.15
-0.123064966 0.015 0.16
-0.121881094 0.015 0.17
-0.119131055 0.015 0.18
-0.117998023 0.015 0.19
-0.115612688 0.015 0.2
-0.115 0.015 0.203540611
-0.115 0.00847953796 0.22
-0.115 0.0130344582 0.24
-0.119433208 0.025 -0.02
-0.115 0.025 -0.0244332075
-0.123425097 0.025 0.15
-0.122772164 0.025 0.16
-0.120617833 0.025 0.17
-0.119305849 0.025 0.18
-0.118314748 0.025 0.19
-0.11575779 0.025 0.2
-0.115 0.025 0.20479599
-0.119258184 0.035 -0.02
-0.115 0.035 -0.0242581844
-0.124605193 0.035 0.13
-0.124766865 0.035 0.14
-0.124307446 0.035 0.15
-0.123505478 0.035 0.16
-0.119961038 0.035 0.17
-0.118975778 0.035 0.18
-0.117640657 0.035 0.19
-0.115556645 0.035 0.2
-0.115 0.035 0.203032169
-0.115766664 0.035 0.22
-0.115 0.0323490906 0.22
-0.115 0.035 0.214937973
-0.116530499 0.035 0.23
-0.115 0.0280730057 0.23
-0.115272746 0.035 0.24
-0.115 0.0338046455 0.24
-0.115 0.035 0.242218819
-0.119044518 0.045 -0.02
-0.115 0.045 -0.0240445185
-0.123858461 0.045 0.14
-0.123457932 0.045 0.15
-0.12282846 0.045 0.16
-0.120872321 0.045 0.17
-0.118727441 0.045 0.18
-0.117072525 0.045 0.19
-0.115 0.045 0.199470501
-0.115 0.0431069946 0.2
-0.115 0.0373344994 0.22
-0.115 0.045 0.227076778
-0.115868335 0.045 0.23
-0.115 0.045 0.237654572
-0.115 0.0399666214 0.24
-0.115 0.055 -0.0244105554
-0.12258985 0.055 0.15
-0.121323938 0.055 0.16
-0.119824157 0.055 0.17
-0.118249674 0.055 0.18
-0.117198448 0.055 0.19
-0.115 0.055 0.198056583
-0.115 0.0494301605 0.23
-0.115291057 0.055 0.25
-0.115 0.0545223236 0.25
-0.115 0.055 0.24975729
-0.116774144 0.055 0.26
-0.115 0.0525246239 0.26
-0.115 0.055 0.261094131
-0.11916966 0.065 -0.02
-0.115 0.065 -0.0241696572
-0.124287305 0.065 0.12
-0.124111471 0.065 0.13
-0.123886132 0.065 0.14
-0.122613325 0.065 0.15
-0.122029958 0.065 0.16
-0.118840246 0.065 0.17
-0.117787595 0.065 0.18
-0.116055875 0.065 0.19
-0.115 0.065 0.194215813
-0.116831632 0.065 0.21
-0.115 0.0605755043 0.21
-0.115 0.065 0.204488831
-0.119590001 0.065 0.22
-0.115 0.0592356682 0.22
-0.119772019 0.065 0.23
-0.115 0.0574910736 0.23
-0.119086366 0.065 0.24
-0.115 0.0603862953 0.24
-0.116836238 0.065 0.25
-0.115 0.065 0.254908218
-0.115 0.0593539429 0.26
-0.118876204 0.075 -0.02
-0.115 0.075 -0.0238762045
-0.124554176 0.075 0.13
-0.122386203 0.075 0.14
-0.121469646 0.075 0.15
-0.124673662 0.075 0.18
-0.12170269 0.075 0.19
-0.115 0.06729702 0.2
-0.11999445 0.075 0.2
-0.119340034 0.075 0.21
-0.118383636 0.075 0.22
-0.11738605 0.075 0.23
-0.115562205 0.075 0.24
-0.116271987 0.075 0.25
-0.115 0.075 0.254069958
-0.119233265 0.085 -0.02
-0.115 0.085 -0.0242332625
-0.124389615 0.085 0.16
-0.122619834 0.085 0.17
-0.12429801 0.085 0.18
-0.122672954 0.085 0.19
-0.121667542 0.085 0.2
-0.119365683 0.085 0.21
-0.11828146 0.085 0.22
-0.116909966 0.085 0.23
-0.115 0.085 0.238181419
-0.115 0.0795802879 0.24
-0.115 0.0767625999 0.25
-0.115 0.095 -0.024159925
-0.124934521 0.095 0.15
-0.123540368 0.095 0.16
-0.121349139 0.095 0.17
-0.119142423 0.095 0.18
-0.117048998 0.095 0.19
-0.115 0.095 0.199675236
-0.115 0.0949241257 0.2
-0.115 0.0923801994 0.21
-0.115 0.0919208908 0.22
-0.115 0.0879276276 0.23
-0.115 0.0991599274 -0.02
-0.115 0.105 -0.0127738595
-0.123795695 0.105 0.11
-0.122654176 0.105 0.12
-0.122140284 0.105 0.13
-0.121227341 0.105 0.14
-0.118907857 0.105 0.15
-0.116472483 0.105 0.16
-0.115 0.105 0.166954308
-0.115 0.10417448 0.17
-0.115 0.101512642 0.18
-0.115 0.102480583 0.19
-0.124357724 0.115 -0.01
-0.115 0.115 -0.0118996191
-0.122093272 0.115 0
-0.12409771 0.115 0.01
-0.124075432 0.115 0.02
-0.121945896 0.115 0.03
-0.121157918 0.115 0.04
-0.12235291 0.115 0.05
-0.121869783 0.115 0.06
-0.120898285 0.115 0.07
-0.118098679 0.115 0.08
-0.117487307 0.115 0.09
-0.117518249 0.115 0.1
-0.115 0.115 0.107041092
-0.115 0.114154663 0.11
-0.115 0.112950497 0.12
-0.115 0.112570992 0.13
-0.115 0.110770664 0.14
-0.115 0.108190994 0.15
-0.115 0.106519547 0.16
-0.115 0.125 -0.0124187589
-0.115 0.118599949 0
-0.115 0.125 -0.0044309473
-0.115 0.117473125 0.01
-0.115 0.116987858 0.02
-0.115 0.117712154 0.03
-0.115 0.118902855 0.04
-0.115 0.117923336 0.05
-0.115 0.117697906 0.06
-0.115 0.116745529 0.07
-0.115 0.116704674 0.08
-0.115 0.116300983 0.09
-0.115 0.116192169 0.1
-0.11878067 0.125 0.26
-0.115 0.119372234 0.26
-0.115 0.125 0.254157028
-0.118781915 0.125 0.27
-0.115 0.119730396 0.27
-0.118374691 0.135 -0.02
-0.115 0.131625309 -0.02
-0.115 0.135 -0.0233746886
-0.115 0.128777561 0
-0.115 0.135 0.0041411829
-0.11548811 0.135 0.22
-0.115 0.134352398 0.22
-0.115 0.135 0.218220787
-0.115427256 0.135 0.23
-0.115 0.13424181 0.23
-0.115317912 0.135 0.24
-0.115 0.134448223 0.24
-0.119915843 0.135 0.25
-0.115 0.128167706 0.25
-0.117714233 0.135 0.26
-0.117621427 0.135 0.27
-0.117851453 0.145 -0.01
-0.115 0.138374691 -0.02
-0.115 0.145 -0.0128514528
-0.125 0.138098888 -0.01
-0.118335471 0.145 0
-0.115 0.145 0.027187109
-0.121926632 0.145 0.02
-0.115 0.140869122 0.03
-0.115 0.14082262 0.04
-0.116966424 0.145 0.06
-0.115 0.14194212 0.06
-0.115 0.145 0.0580335712
-0.115 0.141411381 0.07
-0.122041788 0.145 0.09
-0.125 0.145 0.0929582119
-0.115 0.143474083 0.1
-0.115 0.145 0.0990755177
-0.115924482 0.145 0.1
-0.117614536 0.145 0.13
-0.115 0.135682049 0.22
-0.115 0.145 0.225306988
-0.119663644 0.145 0.23
-0.115 0.145 0.238021069
-0.115 0.136690445 0.24
-0.115 0.143483372 0.25
-0.115 0.145 0.251971836
-0.119043984 0.145 0.26
-0.11956934 0.155 0.2
-0.115 0.150430679 0.2
-0.115 0.155 0.19543066
-0.121508784 0.155 0.21
-0.115 0.150296669 0.21
-0.119654951 0.155 0.22
-0.115 0.149459839 0.22
-0.11974997 0.155 0.23
-0.115 0.146410637 0.24
-0.119822259 0.155 0.24
-0.117728171 0.155 0.25
-0.115 0.14807724 0.25
-0.117841539 0.155 0.26
-0.115 0.159654961 0.22
-0.115 0.165 0.226270008
-0.118729997 0.165 0.23
-0.118869181 0.165 0.24
-0.118975763 0.165 0.25
-0.119053774 0.165 0.26
-0.109940019 -0.165 0
-0.105 -0.169940019 0
-0.105 -0.165 -0.00494001865
-0.109938741 -0.165 0.01
-0.105 -0.169938742 0.01
-0.109928212 -0.165 0.02
-0.105 -0.169928211 0.02
-0.109508595 -0.165 0.04
-0.105 -0.169508595 0.04
-0.105 -0.165 0.0354914093
-0.109641147 -0.165 0.05
-0.105 -0.169641148 0.05
-0.109584513 -0.165 0.06
-0.105 -0.169584512 0.06
-0.109678416 -0.165 0.07
-0.105 -0.169678415 0.07
-0.108991132 -0.165 0.08
-0.105 -0.168991131 0.08
-0.109073381 -0.165 0.09
-0.105 -0.169073381 0.09
-0.109129415 -0.165 0.1
-0.105 -0.169129415 0.1
-0.108994017 -0.165 0.11
-0.105 -0.168994017 0.11
-0.10828196 -0.165 0.12
-0.105 -0.16828196 0.12
-0.108284564 -0.165 0.13
-0.105 -0.168284564 0.13
-0.108058343 -0.165 0.14
-0.105 -0.168058342 0.14
-0.10800981 -0.165 0.15
-0.105 -0.168009812 0.15
-0.105 -0.16692538 0.16
-0.105 -0.166792644 0.17
-0.115 -0.170600936 0.18
-0.115 -0.175 0.175600929
-0.110600934 -0.175 0.18
-0.115 -0.165 0.174971237
-0.106614566 -0.165 0.18
-0.105 -0.166614568 0.18
-0.106386642 -0.165 0.19
-0.105 -0.166386644 0.19
-0.110377569 -0.175 0.19
-0.106930866 -0.166650342 0.196355534
-0.105 -0.165 0.196688366
-0.106206717 -0.165 0.2
-0.110196877 -0.175 0.2
-0.110232172 -0.175 0.21
-0.106563706 -0.165 0.21
-0.111989851 -0.175 0.22
-0.106909556 -0.165 0.22
-0.111748414 -0.175 0.23
-0.108423252 -0.165 0.23
-0.111559868 -0.175 0.24
-0.111967263 -0.165 0.24
-0.111415358 -0.175 0.25
-0.111849914 -0.165 0.25
-0.114315209 -0.175 0.26
-0.112316146 -0.165 0.26
-0.115 -0.175 0.260684795
-0.115 -0.165 0.262027817
-0.105 -0.160061258 0.01
-0.105 -0.155 0.0151208258
-0.109879174 -0.155 0.02
-0.105 -0.15985417 0.03
-0.105 -0.165 0.0249282122
-0.109854169 -0.155 0.03
-0.109930701 -0.155 0.05
-0.105 -0.155 0.0591975975
-0.105 -0.155911038 0.06
-0.105 -0.15601794 0.07
-0.105 -0.155 0.0710805225
-0.111713891 -0.155 0.08
-0.105 -0.155 0.0889223194
-0.105 -0.156262832 0.09
-0.105 -0.157000786 0.1
-0.105 -0.155 0.102176542
-0.108874044 -0.155 0.11
-0.108701992 -0.155 0.13
-0.107881021 -0.155 0.14
-0.111409397 -0.155 0.15
-0.107724075 -0.155 0.16
-0.115 -0.160246333 0.16
-0.107387629 -0.155 0.17
-0.115 -0.16002877 0.17
-0.106036 -0.155 0.18
-0.105 -0.158699828 0.2
-0.105 -0.155350826 0.21
-0.113059611 -0.155 0.22
-0.105 -0.155 0.21020237
-0.108969355 -0.155 0.23
-0.109232731 -0.155 0.24
-0.110407262 -0.155 0.25
-0.11057898 -0.155 0.26
-0.115 -0.155 0.263232403
-0.105 -0.148511944 -0.02
-0.105 -0.145 -0.0235119438
-0.112143598 -0.155 -0.01
-0.105 -0.148790305 -0.01
-0.112108612 -0.155 0
-0.105 -0.148745646 0
-0.105 -0.145 0.00880756855
-0.105 -0.145767632 0.02
-0.105 -0.145493472 0.03
-0.105 -0.145528498 0.04
-0.105 -0.14541064 0.05
-0.105 -0.145410707 0.08
-0.105 -0.146496022 0.11
-0.105 -0.146999493 0.12
-0.105 -0.147816904 0.13
-0.105 -0.148807399 0.14
-0.105 -0.149167547 0.15
-0.105 -0.149617374 0.16
-0.105 -0.148775394 0.17
-0.105 -0.15173696 0.18
-0.105 -0.152873526 0.19
-0.105 -0.152231085 0.2
-0.105 -0.154784126 0.21
-0.112499304 -0.145 0.25
-0.112614908 -0.145 0.26
-0.115 -0.145 0.261706448
-0.109085712 -0.135 -0.02
-0.105 -0.135 -0.0240857124
-0.113135738 -0.135 0
-0.105 -0.135 0.0054964447
-0.109601507 -0.135 0.02
-0.105 -0.141034176 0.02
-0.105 -0.135 0.0165992308
-0.111697168 -0.135 0.03
-0.105 -0.142317238 0.03
-0.108993387 -0.135 0.04
-0.105 -0.142157648 0.04
-0.105 -0.135 0.0436262894
-0.108022366 -0.135 0.07
-0.105 -0.142295568 0.07
-0.105 -0.135 0.0652875423
-0.10854661 -0.135 0.08
-0.105 -0.142463403 0.08
-0.109137444 -0.135 0.09
-0.105 -0.142266617 0.09
-0.105605769 -0.135 0.1
-0.105 -0.136952622 0.1
-0.105 -0.135 0.108078966
-0.107405825 -0.135 0.14
-0.105 -0.13745122 0.14
-0.105 -0.135 0.133908272
-0.105 -0.135 0.149312458
-0.108839936 -0.125 -0.02
-0.105 -0.125 -0.0238399339
-0.105 -0.131377888 0.01
-0.105 -0.131711059 0.05
-0.105 -0.133453197 0.06
-0.105 -0.134882464 0.11
-0.105 -0.134216905 0.12
-0.105 -0.133734565 0.13
-0.114412832 -0.125 0.15
-0.105 -0.134766817 0.15
-0.111810179 -0.125 0.16
-0.105 -0.132193866 0.16
-0.109704289 -0.125 0.17
-0.105 -0.131057124 0.17
-0.107052689 -0.125 0.18
-0.105 -0.127370844 0.18
-0.105 -0.125 0.189847164
-0.109036798 -0.115 -0.02
-0.105 -0.115 -0.0240367961
-0.114733281 -0.115 0.18
-0.105 -0.124967241 0.19
-0.111995311 -0.115 0.19
-0.110001702 -0.115 0.2
-0.105 -0.122143941 0.2
-0.108833313 -0.115 0.21
-0.105 -0.117745686 0.21
-0.105 -0.115 0.217095165
-0.109410615 -0.105 -0.02
-0.105 -0.105 -0.024410615
-0.111235843 -0.105 0.22
-0.105 -0.11350503 0.22
-0.108249521 -0.105 0.23
-0.105 -0.109187274 0.23
-0.105 -0.105 0.236085873
-0.105 -0.095 -0.0244990134
-0.110235395 -0.095 0.23
-0.105 -0.0987219715 0.24
-0.10627614 -0.095 0.24
-0.105 -0.095 0.243218708
-0.109572144 -0.085 -0.02
-0.105 -0.085 -0.0245721412
-0.11398716 -0.085 0.23
-0.110017819 -0.085 0.24
-0.105 -0.0887842274 0.25
-0.106559558 -0.085 0.25
-0.105 -0.085 0.252972813
-0.109612899 -0.075 -0.02
-0.105 -0.075 -0.0246128964
-0.114168234 -0.075 0.2
-0.114046054 -0.075 0.22
-0.113361635 -0.075 0.24
-0.108657985 -0.075 0.25
-0.105 -0.075 0.258667603
-0.109889846 -0.065 -0.02
-0.105 -0.065 -0.0248898458
-0.112220774 -0.065 0.23
-0.112205634 -0.065 0.24
-0.105 -0.065 0.249948673
-0.105 -0.0650442696 0.25
-0.105 -0.065 0.250063896
-0.107382784 -0.065 0.26
-0.105 -0.0731812954 0.26
-0.105 -0.065 0.262845955
-0.105 -0.055 -0.0247928882
-0.113461161 -0.055 0.21
-0.113094912 -0.055 0.24
-0.105 -0.0646606541 0.25
-0.106284914 -0.055 0.25
-0.105 -0.055 0.251054573
-0.105 -0.0610828018 0.26
-0.105 -0.045 -0.0249528909
-0.113753777 -0.045 0.21
-0.108140993 -0.045 0.25
-0.105 -0.045 0.252690506
-0.109904118 -0.035 -0.02
-0.105 -0.035 -0.02490412
-0.11411221 -0.035 0.21
-0.107952003 -0.035 0.25
-0.105 -0.035 0.252550602
-0.109942126 -0.025 -0.02
-0.105 -0.025 -0.0249421263
-0.114300032 -0.025 0.23
-0.107984161 -0.025 0.25
-0.105 -0.025 0.254015331
-0.105 -0.0200578785 -0.02
-0.105 -0.015 -0.0148467708
-0.114396076 -0.015 0.23
-0.109812436 -0.015 0.24
-0.108840075 -0.015 0.25
-0.105 -0.015 0.254666977
-0.109903698 -0.005 -0.02
-0.105 -0.00990369797 -0.02
-0.105 -0.005 -0.0249037004
-0.114234624 -0.005 0.21
-0.109431634 -0.005 0.25
-0.105 -0.005 0.253985977
-0.109942904 0.005 -0.02
-0.105 0.005 -0.0249429035
-0.114283142 0.005 0.21
-0.114915843 0.005 0.23
-0.108232069 0.005 0.25
-0.105 0.005 0.253526363
-0.105 0.015 -0.0148460579
-0.105 0.00994289398 -0.02
-0.110424142 0.015 -0.02
-0.114098344 0.015 0.21
-0.112418008 0.015 0.22
-0.113334007 0.015 0.23
-0.114549656 0.015 0.24
-0.107664328 0.015 0.25
-0.105 0.015 0.252922401
-0.105 0.0201397896 -0.02
-0.105 0.025 -0.0248602033
-0.114228311 0.025 0.21
-0.112141867 0.025 0.22
-0.113194194 0.025 0.23
-0.109880266 0.025 0.24
-0.107863913 0.025 0.25
-0.105 0.025 0.25429184
-0.105 0.035 -0.0248719645
-0.113961725 0.035 0.21
-0.107786875 0.035 0.25
-0.105 0.035 0.252337265
-0.105 0.045 -0.0248467445
-0.114899378 0.045 0.2
-0.113277249 0.045 0.21
-0.111386552 0.045 0.22
-0.113474793 0.045 0.24
-0.106624422 0.045 0.25
-0.105 0.045 0.251109333
-0.105 0.055 -0.0249133253
-0.114561572 0.055 0.2
-0.11304493 0.055 0.21
-0.110857897 0.055 0.22
-0.111788454 0.055 0.23
-0.108157492 0.055 0.24
-0.105 0.0492904663 0.26
-0.105 0.055 0.263706875
-0.105 0.065 -0.0246817946
-0.113847446 0.065 0.2
-0.11197835 0.065 0.26
-0.105 0.065 0.263581638
-0.105 0.075 -0.024769187
-0.111725092 0.075 0.26
-0.105 0.075 0.263584728
-0.105 0.085 -0.0244797444
-0.113977795 0.085 0.24
-0.106452513 0.085 0.25
-0.105 0.085 0.25269001
-0.105 0.0808095741 0.26
-0.105 0.095 -0.0243652368
-0.114917431 0.095 0.2
-0.112164164 0.095 0.21
-0.111094985 0.095 0.22
-0.105514765 0.095 0.23
-0.105 0.095 0.230774269
-0.105 0.0905550003 0.24
-0.105 0.0863170815 0.25
-0.109275117 0.105 -0.02
-0.105 0.105 -0.0242751169
-0.114138093 0.105 0.17
-0.111229305 0.105 0.18
-0.112920408 0.105 0.19
-0.108014202 0.105 0.2
-0.105333309 0.105 0.21
-0.105 0.105 0.211730022
-0.105 0.10159277 0.22
-0.105 0.0955522156 0.23
-0.108852844 0.115 -0.02
-0.105 0.115 -0.0238528442
-0.113722019 0.115 0.11
-0.111883149 0.115 0.12
-0.110293107 0.115 0.13
-0.108577232 0.115 0.14
-0.105618148 0.115 0.15
-0.105 0.115 0.15168169
-0.105 0.112963963 0.16
-0.105 0.110766926 0.17
-0.105 0.109093895 0.18
-0.105 0.107575626 0.19
-0.105 0.107459431 0.2
-0.105 0.105281792 0.21
-0.105 0.118852844 -0.02
-0.105 0.125 -0.0137676358
-0.105 0.125 -0.00265829086
-0.105 0.119133053 0
-0.105 0.119733543 0.01
-0.105 0.119854145 0.02
-0.105 0.118658276 0.03
-0.105 0.11891407 0.04
-0.105 0.120087948 0.05
-0.105 0.121860428 0.06
-0.105 0.119285774 0.07
-0.105 0.118814316 0.08
-0.105 0.122341595 0.09
-0.105 0.123752766 0.1
-0.105 0.119032307 0.11
-0.105 0.118471775 0.12
-0.105 0.117406425 0.13
-0.105 0.117069168 0.14
-0.105 0.115490303 0.15
-0.110069342 0.125 0.26
-0.110763907 0.125 0.27
-0.105 0.131398525 -0.02
-0.105 0.135 -0.0236014676
-0.105 0.127666225 0
-0.105 0.135 0.00525036335
-0.113260756 0.135 0.22
-0.113810959 0.135 0.23
-0.114384751 0.135 0.24
-0.108684487 0.135 0.25
-0.111501398 0.135 0.26
-0.111929455 0.135 0.27
-0.105 0.138384781 0.06
-0.105 0.145 0.0552153301
-0.105 0.138396835 0.07
-0.115 0.145 0.0723108387
-0.109839859 0.145 0.08
-0.105 0.136851711 0.08
-0.109395967 0.145 0.09
-0.105 0.137249317 0.09
-0.105 0.137305965 0.1
-0.115 0.145 0.100924482
-0.105 0.145 0.108702726
-0.108549404 0.145 0.12
-0.105 0.138605175 0.12
-0.105 0.145 0.111691532
-0.114769936 0.145 0.13
-0.105 0.138621902 0.13
-0.108625755 0.145 0.14
-0.105 0.139176769 0.14
-0.108619981 0.145 0.15
-0.105 0.139207821 0.15
-0.110897417 0.145 0.16
-0.105 0.137007275 0.16
-0.107449946 0.145 0.17
-0.105 0.137983303 0.17
-0.107352805 0.145 0.18
-0.105 0.139372215 0.18
-0.107037063 0.145 0.19
-0.105 0.142038345 0.19
-0.105796576 0.145 0.2
-0.105 0.14297987 0.2
-0.105507016 0.145 0.21
-0.105 0.143939037 0.21
-0.105 0.145 0.212598495
-0.107389803 0.145 0.23
-0.10915832 0.145 0.26
-0.109885273 0.155 0.04
-0.105 0.150114708 0.04
-0.105 0.155 0.035114727
-0.112187109 0.145 0.03
-0.115 0.147799873 0.04
-0.115 0.147812881 0.03
-0.112200117 0.145 0.04
-0.115 0.145 0.0427998829
-0.105 0.150142555 0.05
-0.109857459 0.155 0.05
-0.115 0.146966438 0.06
-0.109999824 0.155 0.06
-0.109398828 0.155 0.07
-0.115 0.147310829 0.07
-0.109534717 0.155 0.08
-0.109451776 0.155 0.09
-0.109545031 0.155 0.1
-0.115 0.145924492 0.1
-0.105 0.146551971 0.11
-0.108788033 0.155 0.11
-0.108867102 0.155 0.12
-0.108916454 0.155 0.13
-0.107925925 0.155 0.14
-0.107945151 0.155 0.15
-0.107929368 0.155 0.16
-0.106849461 0.155 0.17
-0.106754813 0.155 0.18
-0.106612725 0.155 0.19
-0.105 0.155 0.199636211
-0.105 0.154226227 0.2
-0.105085535 0.155 0.2
-0.105233278 0.15325489 0.201808777
-0.105 0.149023628 0.21
-0.105820112 0.155 0.21
-0.106156473 0.155 0.22
-0.107395849 0.155 0.23
-0.107620702 0.155 0.24
-0.110044527 0.155 0.25
-0.111029716 0.155 0.26
-0.10199019 -0.165 0.15
-0.095 -0.165 0.155061436
-0.0996905899 -0.175 0.16
-0.095 -0.170258813 0.15
-0.0997411871 -0.175 0.15
-0.099622016 -0.175 0.17
-0.099428606 -0.175 0.18
-0.0987159824 -0.175 0.19
-0.103943481 -0.165 0.2
-0.0985660744 -0.175 0.2
-0.0983854485 -0.175 0.21
-0.102967854 -0.165 0.21
-0.0981701756 -0.175 0.22
-0.102185831 -0.165 0.22
-0.0969759035 -0.175 0.23
-0.0998704386 -0.165 0.23
-0.0965989304 -0.175 0.24
-0.0991076899 -0.165 0.24
-0.0961472225 -0.175 0.25
-0.0963719463 -0.165 0.25
-0.095 -0.165998791 0.26
-0.095 -0.175 0.255686607
-0.0951548672 -0.165 0.26
-0.095 -0.165 0.261525593
-0.0999740601 -0.155 -0.02
-0.095 -0.15997406 -0.02
-0.095 -0.155 -0.0249740601
-0.095 -0.15995409 0.02
-0.100061259 -0.165 0.01
-0.100071788 -0.165 0.02
-0.095 -0.155 0.0150459099
-0.100491405 -0.165 0.04
-0.100145831 -0.155 0.03
-0.0950461912 -0.155 0.04
-0.100358853 -0.165 0.05
-0.0952935696 -0.155 0.05
-0.100415487 -0.165 0.06
-0.100321584 -0.165 0.07
-0.0957171488 -0.155 0.08
-0.101008868 -0.165 0.08
-0.100926619 -0.165 0.09
-0.103164606 -0.155 0.1
-0.095 -0.155 0.0911035061
-0.095 -0.159390371 0.1
-0.100870585 -0.165 0.1
-0.095 -0.155 0.108390722
-0.096918273 -0.155 0.11
-0.101005983 -0.165 0.11
-0.095 -0.155 0.111808548
-0.10171804 -0.165 0.12
-0.095 -0.159047183 0.12
-0.101715436 -0.165 0.13
-0.095 -0.158804115 0.13
-0.101941657 -0.165 0.14
-0.095 -0.158383715 0.14
-0.095 -0.158250655 0.15
-0.100056438 -0.155 0.22
-0.0971213341 -0.155 0.23
-0.0954579639 -0.155 0.24
-0.095 -0.155 0.241393032
-0.095 -0.160457238 0.25
-0.095 -0.164362879 0.26
-0.101254354 -0.145 0
-0.095 -0.149568498 0.02
-0.095 -0.155 0.0249540901
-0.095 -0.147361257 0.1
-0.095 -0.147843237 0.12
-0.095 -0.148368833 0.13
-0.095 -0.148915944 0.14
-0.095 -0.149435821 0.15
-0.095 -0.148758478 0.16
-0.100074806 -0.145 0.17
-0.095 -0.145 0.166789284
-0.0973553419 -0.145 0.18
-0.0955426025 -0.145 0.19
-0.102875319 -0.145 0.2
-0.101487761 -0.145 0.21
-0.0998263884 -0.145 0.22
-0.0985010338 -0.145 0.23
-0.0961739254 -0.145 0.24
-0.095 -0.145196333 0.25
-0.0950335264 -0.145 0.25
-0.095 -0.145 0.2500984
-0.101488056 -0.145 -0.02
-0.095 -0.139741821 -0.02
-0.095 -0.135 -0.0247418213
-0.101209693 -0.145 -0.01
-0.095 -0.139775083 -0.01
-0.095 -0.137335169 0
-0.095 -0.135 0.00652359486
-0.100466795 -0.135 0.02
-0.0993271685 -0.135 0.03
-0.095 -0.135 0.0354887295
-0.095 -0.135951011 0.04
-0.0980944872 -0.135 0.05
-0.095 -0.136240191 0.05
-0.095 -0.135 0.054343977
-0.100942845 -0.135 0.07
-0.095 -0.135 0.0756410885
-0.095 -0.137996142 0.08
-0.095 -0.140517962 0.09
-0.095 -0.136244402 0.1
-0.10124476 -0.135 0.11
-0.095 -0.135276978 0.11
-0.095 -0.135 0.115610409
-0.095 -0.138027394 0.14
-0.095 -0.135 0.130694771
-0.104232888 -0.135 0.15
-0.095 -0.136575336 0.15
-0.0985053349 -0.135 0.16
-0.095 -0.135849097 0.16
-0.101700172 -0.135 0.17
-0.099377985 -0.135 0.18
-0.096831069 -0.135 0.19
-0.095 -0.135 0.197686787
-0.095 -0.135329645 0.2
-0.095 -0.137320087 0.21
-0.095 -0.139252837 0.22
-0.095 -0.141060193 0.23
-0.095 -0.143396099 0.24
-0.095 -0.144936914 0.25
-0.095 -0.125 -0.0248930192
-0.095 -0.132319379 0.01
-0.095 -0.132690482 0.02
-0.095 -0.133356032 0.03
-0.095 -0.132667279 0.06
-0.095 -0.132940431 0.07
-0.095 -0.134869652 0.12
-0.095 -0.134749494 0.13
-0.104969935 -0.125 0.19
-0.095 -0.134153342 0.2
-0.102376332 -0.125 0.2
-0.0976874828 -0.125 0.21
-0.095 -0.128565907 0.21
-0.095 -0.125 0.218248558
-0.095 -0.115 -0.024111588
-0.104110613 -0.115 0.22
-0.095 -0.124531426 0.22
-0.101090069 -0.115 0.23
-0.095 -0.12166049 0.23
-0.098099184 -0.115 0.24
-0.095 -0.118238692 0.24
-0.095 -0.115 0.248271866
-0.095 -0.11088841 -0.02
-0.095 -0.105 -0.0146671176
-0.100589385 -0.105 -0.02
-0.103337641 -0.105 0.24
-0.095 -0.11395709 0.25
-0.100150833 -0.105 0.25
-0.0961535168 -0.105 0.26
-0.095 -0.107066021 0.26
-0.095 -0.105 0.26136404
-0.095 -0.1002423 0.09
-0.095 -0.095 0.0950803089
-0.100754437 -0.095 0.09
-0.10328867 -0.095 0.25
-0.100640063 -0.095 0.26
-0.095 -0.095 0.2651474
-0.095 -0.0900803089 0.1
-0.095 -0.085 0.105069647
-0.100543704 -0.085 0.1
-0.10259439 -0.085 0.26
-0.095 -0.085 0.26786459
-0.095 -0.0800696468 0.11
-0.095 -0.075 0.115050392
-0.100541329 -0.075 0.11
-0.104581056 -0.075 0.26
-0.095 -0.075 0.268000488
-0.095 -0.0700503922 0.12
-0.095 -0.065 0.125094395
-0.100629244 -0.065 0.12
-0.104988494 -0.065 0.25
-0.0974783611 -0.065 0.27
-0.095 -0.0689463139 0.27
-0.095 -0.055 0.125031261
-0.100528941 -0.055 0.12
-0.102499552 -0.055 0.26
-0.095 -0.055 0.266530285
-0.095 -0.0624922752 0.27
-0.095 -0.0500312614 0.13
-0.095 -0.045 0.135110798
-0.100606475 -0.045 0.13
-0.102939563 -0.045 0.26
-0.095 -0.0469550037 0.27
-0.0961256838 -0.045 0.27
-0.095 -0.035 0.135068207
-0.1007338 -0.035 0.13
-0.102972307 -0.035 0.26
-0.0957827663 -0.035 0.27
-0.095 -0.025 0.135020809
-0.100683184 -0.025 0.13
-0.103328748 -0.025 0.26
-0.095 -0.025 0.267185516
-0.095 -0.0336582756 0.27
-0.095 -0.015 0.135002728
-0.100652633 -0.015 0.13
-0.103330059 -0.015 0.26
-0.095 -0.015 0.267360649
-0.095 -0.0100027275 0.14
-0.095 -0.005 0.145141563
-0.100787888 -0.005 0.14
-0.103613043 -0.005 0.26
-0.095 -0.005 0.266995277
-0.095 0.005 0.145143681
-0.100832067 0.005 0.14
-0.103651485 0.005 0.26
-0.095 0.00487792969 0.27
-0.0950521231 0.005 0.27
-0.095 0.015 0.135007114
-0.095 0.0100071144 0.14
-0.100661297 0.015 0.13
-0.100680676 0.005 0.13
-0.103374209 0.015 0.26
-0.095 0.015 0.269533501
-0.095 0.00601886749 0.27
-0.095 0.025 0.135032158
-0.100739446 0.025 0.13
-0.103640785 0.025 0.26
-0.095 0.025 0.266536236
-0.095 0.035 0.135067539
-0.100518303 0.035 0.13
-0.102953324 0.035 0.26
-0.095 0.035 0.268224449
-0.095 0.045 0.135090466
-0.100840888 0.045 0.13
-0.101985593 0.045 0.26
-0.095 0.045 0.267656193
-0.095 0.055 0.115009823
-0.100707917 0.045 0.12
-0.095 0.0500098228 0.12
-0.100727572 0.055 0.11
-0.100593677 0.045 0.11
-0.095 0.0501269341 0.13
-0.095 0.055 0.268581619
-0.095 0.065 0.115078964
-0.100537553 0.065 0.11
-0.095 0.065 0.267608795
-0.095 0.075 0.10505559
-0.095 0.0700555992 0.11
-0.100789628 0.075 0.1
-0.10062439 0.065 0.1
-0.095 0.075 0.267291851
-0.095 0.085 0.095056572
-0.095 0.080056572 0.1
-0.100509195 0.085 0.09
-0.100716119 0.075 0.09
-0.101718349 0.085 0.26
-0.095 0.085 0.266439285
-0.100520258 0.085 -0.02
-0.095 0.0905275154 -0.02
-0.095 0.095 -0.0244724894
-0.10050457 0.085 -0.01
-0.095 0.0905611229 -0.01
-0.100522542 0.085 0
-0.095 0.0905270958 0
-0.100431523 0.085 0.01
-0.095 0.0904254341 0.01
-0.100491681 0.085 0.02
-0.095 0.0904020691 0.02
-0.100545826 0.085 0.03
-0.095 0.0905260849 0.03
-0.100506616 0.085 0.04
-0.095 0.0904784966 0.04
-0.100549326 0.085 0.05
-0.095 0.090465889 0.05
-0.100621047 0.085 0.06
-0.095 0.0905644608 0.06
-0.100637102 0.085 0.07
-0.095 0.0906425667 0.07
-0.100501862 0.085 0.08
-0.095 0.0904921913 0.08
-0.095 0.0904746246 0.09
-0.100883551 0.095 0.24
-0.0962973022 0.095 0.25
-0.095 0.095 0.252414055
-0.095 0.0914304733 0.26
-0.095 0.0994724846 -0.02
-0.095 0.105 -0.0132603192
-0.100724883 0.105 -0.02
-0.100392547 0.105 0.22
-0.096425252 0.105 0.23
-0.095 0.105 0.232792377
-0.095 0.101988068 0.24
-0.095 0.0967388153 0.25
-0.095 0.110547066 -0.02
-0.095 0.115 -0.0244529271
-0.095 0.115 0.15651083
-0.095 0.114052162 0.16
-0.095 0.112718391 0.17
-0.095 0.114274139 0.18
-0.095 0.113436737 0.19
-0.095 0.111601563 0.2
-0.095 0.109291496 0.21
-0.095 0.107028847 0.22
-0.095 0.105797558 0.23
-0.0997541094 0.125 -0.02
-0.095 0.125 -0.0247541094
-0.095 0.125 -0.00347980976
-0.095 0.11804903 0
-0.095 0.119687233 0.01
-0.095 0.119172974 0.02
-0.095 0.118982773 0.03
-0.095 0.118080616 0.04
-0.095 0.121964474 0.05
-0.095 0.120326424 0.06
-0.095 0.121466694 0.07
-0.095 0.120037022 0.08
-0.095 0.122393074 0.09
-0.095 0.121150532 0.1
-0.095 0.119353962 0.11
-0.095 0.117933865 0.12
-0.095 0.118535175 0.13
-0.095 0.118648891 0.14
-0.095 0.117822685 0.15
-0.095 0.135 -0.0149480772
-0.095 0.129754105 -0.02
-0.10139853 0.135 -0.02
-0.101241903 0.135 0
-0.098846612 0.135 0.18
-0.095 0.125546494 0.18
-0.095 0.135 0.175970688
-0.0963689661 0.135 0.19
-0.095 0.131174717 0.19
-0.095 0.135 0.195897465
-0.0999872303 0.135 0.22
-0.095 0.130554161 0.22
-0.095 0.135 0.212107773
-0.0980395603 0.135 0.23
-0.095 0.131311817 0.23
-0.0963669586 0.135 0.24
-0.095 0.133111019 0.24
-0.0952043629 0.135 0.25
-0.095 0.13462429 0.25
-0.095 0.135 0.250653973
-0.105 0.138558083 -0.01
-0.105 0.138601475 -0.02
-0.095 0.145 -0.0149774146
-0.0999774122 0.145 -0.01
-0.105 0.138758087 0
-0.095 0.135 -0.0050519228
-0.095 0.140064487 0
-0.0999355078 0.145 0
-0.0997565269 0.145 0.02
-0.095 0.139805489 0.02
-0.095 0.145 0.0152434731
-0.0998379374 0.145 0.03
-0.095 0.137761574 0.03
-0.0998987627 0.145 0.04
-0.095 0.137644386 0.04
-0.095 0.137975788 0.06
-0.095 0.145 0.0553912354
-0.095 0.138028965 0.07
-0.095 0.138078899 0.08
-0.095 0.138344231 0.09
-0.095 0.138614426 0.1
-0.103627944 0.145 0.11
-0.095 0.138595829 0.11
-0.095 0.139089813 0.12
-0.095 0.139483109 0.13
-0.095 0.139866619 0.14
-0.095 0.145 0.157368126
-0.101380019 0.145 0.15
-0.095 0.14031353 0.16
-0.095 0.137641087 0.17
-0.095 0.135720768 0.2
-0.095 0.13598568 0.21
-0.100890393 0.145 0.22
-0.0982566452 0.145 0.23
-0.0950822163 0.145 0.24
-0.095 0.145 0.240280399
-0.095 0.136399574 0.25
-0.095 0.147631874 0.16
-0.095 0.155 0.165102024
-0.102070632 0.155 0.16
-0.104899092 0.155 0.2
-0.103652039 0.155 0.21
-0.103043699 0.155 0.22
-0.100966811 0.155 0.23
-0.0988617897 0.155 0.24
-0.095 0.148134232 0.25
-0.0978580618 0.155 0.25
-0.096329236 0.155 0.26
-0.095 0.152078323 0.26
-0.095 0.155 0.261152477
-0.0996804667 0.165 0.16
-0.095 0.160319519 0.16
-0.095 0.165 0.155319538
-0.102054849 0.155 0.15
-0.105 0.157929382 0.16
-0.105 0.157945137 0.15
-0.105 0.156849442 0.17
-0.0996457624 0.165 0.17
-0.0995915985 0.165 0.18
-0.105 0.156754799 0.18
-0.0995173931 0.165 0.19
-0.105 0.15661274 0.19
-0.0986759186 0.165 0.2
-0.0985416651 0.165 0.21
-0.0983759165 0.165 0.22
-0.097302742 0.165 0.23
-0.0970084715 0.165 0.24
-0.0953276062 0.165 0.25
-0.0950974941 0.165 0.26
-0.0899570465 -0.165 0.14
-0.085 -0.169957049 0.14
-0.085 -0.165 0.135042953
-0.085 -0.169546099 0.16
-0.0902588081 -0.175 0.15
-0.0903094101 -0.175 0.16
-0.085 -0.165 0.155453911
-0.085 -0.165 0.186210537
-0.0912840176 -0.175 0.19
-0.085 -0.168789457 0.19
-0.0907113934 -0.165 0.18
-0.090571394 -0.175 0.18
-0.085 -0.165 0.217439022
-0.0918298244 -0.175 0.22
-0.085 -0.167560977 0.22
-0.0918274689 -0.165 0.21
-0.0916145515 -0.175 0.21
-0.085 -0.175 0.225123348
-0.0935909843 -0.175 0.26
-0.0938061333 -0.165 0.27
-0.0925952435 -0.175 0.27
-0.0905150223 -0.155 0.1
-0.085 -0.155 0.135053749
-0.0911958885 -0.155 0.13
-0.085 -0.159858838 0.15
-0.085 -0.165 0.144957047
-0.0906158352 -0.165 0.17
-0.085 -0.159402612 0.17
-0.085 -0.165 0.164546089
-0.085 -0.159242458 0.18
-0.0909710217 -0.165 0.2
-0.085 -0.158545601 0.2
-0.085 -0.165 0.193789463
-0.085 -0.15826529 0.21
-0.0930953693 -0.155 0.25
-0.0916397953 -0.155 0.26
-0.0920127296 -0.155 0.27
-0.0900459099 -0.155 0.02
-0.090952816 -0.155 0.12
-0.085 -0.14926234 0.14
-0.0872754002 -0.145 0.15
-0.085 -0.145 0.148653851
-0.0865421867 -0.145 0.16
-0.0889904785 -0.145 0.18
-0.085 -0.145 0.172947769
-0.085 -0.145621355 0.18
-0.085 -0.146471753 0.19
-0.0935487652 -0.145 0.19
-0.085 -0.147424042 0.2
-0.0877948856 -0.145 0.2
-0.085 -0.145 0.202557774
-0.0916172981 -0.145 0.26
-0.085 -0.145 0.265291214
-0.085 -0.1504333 0.27
-0.089830637 -0.135 0
-0.0902249146 -0.135 -0.01
-0.0927239799 -0.135 0.04
-0.0920884991 -0.135 0.05
-0.0931517792 -0.135 0.08
-0.0895775604 -0.135 0.09
-0.0938219261 -0.135 0.1
-0.0947843456 -0.135 0.11
-0.085 -0.135572324 0.14
-0.085 -0.135 0.137821388
-0.0887225342 -0.135 0.16
-0.085 -0.135 0.15425518
-0.085 -0.137318113 0.16
-0.085 -0.135 0.161174316
-0.085 -0.142087953 0.18
-0.085 -0.138661346 0.19
-0.085 -0.135 0.196156101
-0.085 -0.136753225 0.21
-0.085 -0.137980301 0.22
-0.085 -0.135603938 0.23
-0.085 -0.136555727 0.24
-0.0906766033 -0.135 0.25
-0.085 -0.135 0.242047729
-0.0909956932 -0.135 0.26
-0.085 -0.135 0.264458504
-0.085 -0.125 -0.012463243
-0.085 -0.127463245 -0.01
-0.0901069832 -0.125 -0.02
-0.0902581787 -0.135 -0.02
-0.085 -0.1298101 0
-0.085 -0.128531003 0.01
-0.085 -0.128914504 0.02
-0.085 -0.129497657 0.03
-0.085 -0.130768509 0.04
-0.085 -0.129784627 0.05
-0.085 -0.128626776 0.06
-0.085 -0.128943763 0.07
-0.085 -0.12927393 0.08
-0.085 -0.13069643 0.09
-0.085 -0.129338889 0.1
-0.085 -0.128633099 0.11
-0.085 -0.127876234 0.12
-0.085 -0.130789456 0.13
-0.085 -0.134168434 0.16
-0.085 -0.133370466 0.2
-0.085 -0.128776255 0.21
-0.085 -0.125 0.218778706
-0.0870329857 -0.125 0.24
-0.085 -0.128028126 0.24
-0.085 -0.125 0.236194191
-0.085 -0.125 0.245335369
-0.085 -0.125890722 0.25
-0.085 -0.129081187 0.26
-0.085 -0.115 -0.0138797903
-0.0908884144 -0.115 -0.02
-0.085 -0.124770975 0.22
-0.085 -0.123148341 0.23
-0.094359951 -0.115 0.25
-0.085 -0.123677187 0.25
-0.0907828045 -0.115 0.26
-0.085 -0.119460773 0.26
-0.085 -0.115 0.268333435
-0.085 -0.105 -0.0247352028
-0.0897352028 -0.105 -0.02
-0.085 -0.109735203 -0.02
-0.0865510845 -0.105 0.27
-0.085 -0.110246477 0.27
-0.085 -0.100937343 0.14
-0.085 -0.095 0.145090656
-0.0904194355 -0.095 0.14
-0.0851542759 -0.095 0.27
-0.085 -0.0902353477 0.17
-0.085 -0.085 0.175168457
-0.0906026745 -0.085 0.17
-0.085 -0.085 0.26926796
-0.085 -0.0943130779 0.27
-0.085 -0.075 0.175084667
-0.0905026436 -0.075 0.17
-0.085 -0.075 0.269787312
-0.085 -0.065 0.175013027
-0.0903775501 -0.065 0.17
-0.085 -0.0744934845 0.27
-0.085 -0.0600130367 0.18
-0.085 -0.055 0.185124226
-0.0905521393 -0.055 0.18
-0.0883318424 -0.055 0.27
-0.085 -0.045 0.185074806
-0.090476532 -0.045 0.18
-0.085 -0.035 0.185035858
-0.0904592896 -0.035 0.18
-0.0931203079 -0.035 0.27
-0.085 -0.035 0.268502865
-0.085 -0.03906744 0.27
-0.085 -0.0300358582 0.19
-0.085 -0.025 0.195207348
-0.0906210899 -0.025 0.19
-0.0860137463 -0.025 0.27
-0.085 -0.0264421082 0.27
-0.085 -0.015 0.195190353
-0.0906175709 -0.015 0.19
-0.085 -0.015 0.268820095
-0.085 -0.0232406521 0.27
-0.085 -0.005 0.195183487
-0.0906053638 -0.005 0.19
-0.085 -0.00939517975 0.27
-0.0876582527 -0.005 0.27
-0.085 0.005 0.195182343
-0.0905832195 0.005 0.19
-0.085 0.015 0.195198994
-0.0906314087 0.015 0.19
-0.0940052891 0.015 0.27
-0.085 0.025 0.185008678
-0.085 0.0200086784 0.19
-0.090465765 0.025 0.18
-0.0904048061 0.015 0.18
-0.0850498581 0.025 0.27
-0.085 0.035 0.185049667
-0.0905159092 0.035 0.18
-0.085 0.035 0.267998352
-0.085 0.0250680923 0.27
-0.085 0.045 0.185097694
-0.0907674217 0.045 0.18
-0.085 0.045 0.268789558
-0.085 0.055 0.185156536
-0.0905655193 0.055 0.18
-0.085 0.0502688599 0.27
-0.089205265 0.055 0.27
-0.085 0.065 0.175093727
-0.085 0.0600937271 0.18
-0.0908175278 0.065 0.17
-0.090663662 0.055 0.17
-0.085 0.065 0.268885937
-0.085 0.0593845749 0.27
-0.085 0.075 0.175091476
-0.0906208229 0.075 0.17
-0.085 0.075 0.269668083
-0.085 0.085 0.115055542
-0.0901423168 0.075 0.12
-0.085 0.080055542 0.12
-0.0900962257 0.085 0.11
-0.0900555897 0.075 0.11
-0.0902506447 0.075 0.13
-0.085 0.0802002525 0.13
-0.090349102 0.075 0.14
-0.085 0.0802670288 0.14
-0.0904998112 0.075 0.15
-0.085 0.0804050636 0.15
-0.0906752014 0.075 0.16
-0.085 0.0805667496 0.16
-0.085 0.0804357147 0.17
-0.085 0.085 0.268560677
-0.085 0.0904958725 -0.02
-0.085 0.095 -0.024504137
-0.085 0.0903806305 -0.01
-0.085 0.0903420258 0
-0.085 0.0903702736 0.01
-0.085 0.0904091644 0.02
-0.085 0.0903471184 0.03
-0.085 0.0905605316 0.04
-0.085 0.0903828049 0.05
-0.085 0.090503521 0.06
-0.085 0.0905109787 0.07
-0.085 0.090587883 0.08
-0.085 0.0906324959 0.09
-0.090056572 0.085 0.1
-0.085 0.0907672501 0.1
-0.085 0.0906432533 0.11
-0.0905127239 0.095 0.26
-0.085 0.095 0.262799377
-0.0887611294 0.105 -0.02
-0.085 0.105 -0.0237611246
-0.0887739086 0.105 0.24
-0.0879188442 0.105 0.25
-0.085 0.105 0.253880672
-0.085 0.100555801 0.26
-0.085 0.115 -0.0137666059
-0.085 0.10876112 -0.02
-0.0905470753 0.115 -0.02
-0.0860904884 0.115 0.13
-0.085 0.115 0.126593685
-0.085 0.114568787 0.13
-0.085 0.115 0.131197338
-0.085 0.115 0.154297256
-0.085 0.113850441 0.16
-0.0869958019 0.115 0.17
-0.085 0.115 0.166366596
-0.085 0.115 0.172620544
-0.085 0.113232899 0.18
-0.085 0.11204113 0.19
-0.085 0.109421806 0.2
-0.085 0.109524879 0.21
-0.085 0.108470592 0.22
-0.085 0.107510471 0.23
-0.085 0.106013966 0.24
-0.085 0.106201134 0.25
-0.0901570034 0.125 -0.01
-0.085 0.118766613 -0.01
-0.085 0.117228394 0
-0.085 0.117604065 0.01
-0.085 0.117162933 0.02
-0.085 0.117237186 0.03
-0.085 0.117912483 0.04
-0.085 0.118231564 0.05
-0.085 0.116779327 0.06
-0.085 0.116845474 0.07
-0.085 0.117082233 0.08
-0.085 0.117051544 0.09
-0.085 0.117088337 0.1
-0.085 0.115293293 0.11
-0.085 0.115506535 0.12
-0.085 0.118510094 0.14
-0.085 0.118768864 0.15
-0.085 0.116496792 0.17
-0.0883368206 0.125 0.24
-0.085 0.121465626 0.24
-0.085 0.125 0.237232018
-0.0866566944 0.125 0.25
-0.085 0.123742542 0.25
-0.0927577019 0.125 0.26
-0.085 0.119640331 0.26
-0.085 0.125 0.263992481
-0.0920306206 0.135 0.18
-0.0917007637 0.135 0.19
-0.085 0.129644146 0.22
-0.085 0.135 0.213880997
-0.085 0.131066513 0.23
-0.0920120144 0.135 0.26
-0.085 0.135 0.26425375
-0.0907909679 0.145 0.1
-0.0907804394 0.145 0.09
-0.085 0.145 0.135265694
-0.0914924717 0.145 0.13
-0.085 0.139564934 0.14
-0.095 0.145 0.143376713
-0.0896250534 0.145 0.15
-0.085 0.136778202 0.15
-0.085 0.137403316 0.16
-0.085 0.137848625 0.17
-0.085 0.138558598 0.18
-0.085 0.136300583 0.19
-0.085 0.137564545 0.2
-0.085 0.139006062 0.21
-0.0935061646 0.145 0.25
-0.090935564 0.145 0.26
-0.085 0.145 0.26444788
-0.095 0.148376732 0.14
-0.085 0.149734306 0.14
-0.0895267487 0.155 0.15
-0.085 0.155 0.145473251
-0.085 0.148414993 0.2
-0.085 0.155 0.207263012
-0.0908407879 0.155 0.2
-0.085 0.147482834 0.22
-0.085 0.155 0.225126038
-0.0918107414 0.155 0.22
-0.085 0.155 0.267266312
-0.085 0.159873962 0.23
-0.085 0.165 0.235496387
-0.092697258 0.165 0.23
-0.0812105465 -0.165 0.19
-0.075 -0.169719009 0.2
-0.075 -0.165 0.195280991
-0.0797190094 -0.165 0.2
-0.0795302868 -0.165 0.21
-0.075 -0.169530289 0.21
-0.075 -0.169168669 0.22
-0.0801233578 -0.175 0.23
-0.075 -0.168899116 0.23
-0.080773983 -0.175 0.24
-0.075 -0.168584597 0.24
-0.0809955502 -0.175 0.25
-0.075 -0.16787747 0.25
-0.0812526417 -0.175 0.26
-0.075 -0.167526413 0.26
-0.075 -0.175 0.265266514
-0.075 -0.155 0.195015259
-0.0812160206 -0.155 0.19
-0.0800537395 -0.155 0.14
-0.0836839294 -0.145 0.15
-0.0801411629 -0.155 0.15
-0.080462265 -0.155 0.16
-0.0841154003 -0.145 0.16
-0.0805973911 -0.155 0.17
-0.0847632217 -0.145 0.17
-0.0807575417 -0.155 0.18
-0.075 -0.150015259 0.2
-0.075 -0.145 0.205129795
-0.0802267551 -0.145 0.27
-0.0842455387 -0.135 0.14
-0.0846057701 -0.135 0.15
-0.082591095 -0.135 0.17
-0.0833211708 -0.135 0.18
-0.0812803078 -0.135 0.19
-0.075 -0.137018828 0.21
-0.075 -0.135103378 0.22
-0.075 -0.135970297 0.23
-0.0795829105 -0.135 0.24
-0.075 -0.135 0.234811974
-0.075 -0.135 0.267168427
-0.075 -0.138059404 0.27
-0.075 -0.12721889 -0.01
-0.075 -0.125 -0.0122188926
-0.075 -0.130232806 0
-0.075 -0.129831476 0.01
-0.075 -0.128746743 0.02
-0.075 -0.129021564 0.03
-0.075 -0.129569902 0.04
-0.075 -0.130229807 0.05
-0.075 -0.130388379 0.06
-0.075 -0.128902049 0.07
-0.075 -0.128929071 0.08
-0.075 -0.129089527 0.09
-0.075 -0.130051417 0.1
-0.075 -0.129108481 0.11
-0.075 -0.128816795 0.12
-0.075 -0.127323174 0.13
-0.075 -0.127233586 0.14
-0.075 -0.127364674 0.15
-0.0750361061 -0.125 0.16
-0.075 -0.125 0.159929028
-0.0756952 -0.125 0.17
-0.0765148258 -0.125 0.18
-0.075 -0.125 0.18221405
-0.075 -0.131498108 0.19
-0.075 -0.129333467 0.2
-0.075 -0.125013423 0.21
-0.0844048977 -0.125 0.22
-0.075 -0.134407001 0.22
-0.0793406963 -0.125 0.23
-0.075 -0.129086266 0.23
-0.0786805153 -0.125 0.24
-0.075 -0.125 0.236818752
-0.075 -0.127301793 0.24
-0.075 -0.126742096 0.25
-0.075 -0.128776512 0.26
-0.075 -0.115 -0.0139854908
-0.075 -0.124978399 0.16
-0.075 -0.124337869 0.17
-0.075 -0.123560228 0.18
-0.075 -0.124370961 0.24
-0.075 -0.122388539 0.25
-0.075 -0.119657693 0.26
-0.075 -0.115 0.263927803
-0.075 -0.105 -0.0147910786
-0.0802647972 -0.105 -0.02
-0.0834694195 -0.105 0.27
-0.075 -0.105 0.266807938
-0.075 -0.101008658 0.15
-0.075 -0.095 0.155157757
-0.0800906563 -0.095 0.15
-0.075 -0.0959165716 0.27
-0.075 -0.090773592 0.19
-0.075 -0.085 0.195054684
-0.0803817368 -0.085 0.19
-0.0827043724 -0.085 0.27
-0.075 -0.0802578449 0.21
-0.075 -0.075 0.215083847
-0.0805513763 -0.075 0.21
-0.0837020874 -0.075 0.27
-0.075 -0.065 0.215015945
-0.0802805996 -0.065 0.21
-0.075 -0.0600159454 0.22
-0.075 -0.055 0.225208702
-0.0804422188 -0.055 0.22
-0.0802495098 -0.055 0.27
-0.075 -0.055 0.26894598
-0.075 -0.0580289936 0.27
-0.075 -0.045 0.225135098
-0.0803892517 -0.045 0.22
-0.075 -0.0464269924 0.27
-0.075 -0.035 0.225097713
-0.0803369427 -0.035 0.22
-0.0800938511 -0.035 0.27
-0.075 -0.025 0.22505579
-0.0802833271 -0.025 0.22
-0.075 -0.015 0.225040932
-0.0803150654 -0.015 0.22
-0.0788070774 -0.015 0.27
-0.075 -0.005 0.225035324
-0.0803054523 -0.005 0.22
-0.075 0.005 0.225034885
-0.0804920769 0.005 0.22
-0.0782550907 0.005 0.27
-0.075 0.005 0.269319096
-0.075 0.00093706131 0.27
-0.075 0.015 0.225050735
-0.0803294754 0.015 0.22
-0.0794998646 0.015 0.27
-0.075 0.015 0.268749962
-0.075 0.025 0.225075951
-0.0805704784 0.025 0.22
-0.0849160576 0.025 0.27
-0.075 0.025 0.268929996
-0.075 0.035 0.225117111
-0.0806497288 0.035 0.22
-0.075 0.035 0.269961739
-0.075 0.045 0.225165253
-0.0807442951 0.045 0.22
-0.075 0.045 0.268891697
-0.075 0.055 0.225238228
-0.0807424068 0.055 0.22
-0.0820010662 0.055 0.27
-0.075 0.055 0.268616104
-0.075 0.065 0.215051136
-0.075 0.060051136 0.22
-0.0806145859 0.065 0.21
-0.0804945469 0.055 0.21
-0.075 0.065 0.268237782
-0.075 0.075 0.185062141
-0.0801734257 0.065 0.19
-0.075 0.0700621414 0.19
-0.0800914764 0.075 0.18
-0.0800937271 0.065 0.18
-0.0803909969 0.065 0.2
-0.075 0.0702668762 0.2
-0.075 0.070467205 0.21
-0.075 0.0749710846 0.27
-0.0752890301 0.075 0.27
-0.075 0.085 0.125048828
-0.0800555515 0.085 0.12
-0.075 0.0800488281 0.13
-0.075 0.0801151466 0.14
-0.075 0.080263958 0.15
-0.075 0.0805061722 0.16
-0.075 0.0804560089 0.17
-0.075 0.0806355858 0.18
-0.075 0.085 0.267173347
-0.075 0.0750281143 0.27
-0.075 0.090345459 -0.02
-0.075 0.095 -0.0246545339
-0.075 0.0902819443 -0.01
-0.075 0.0903630257 0
-0.075 0.0902680016 0.01
-0.075 0.0904121399 0.02
-0.075 0.0902978516 0.03
-0.075 0.0903167534 0.04
-0.075 0.0902921677 0.05
-0.075 0.0903959846 0.06
-0.075 0.0904039192 0.07
-0.075 0.090430336 0.08
-0.075 0.0905385017 0.09
-0.075 0.0906033325 0.1
-0.075 0.0905611801 0.11
-0.075 0.0906814575 0.12
-0.075 0.095 0.26415905
-0.075 0.105 -0.0240279126
-0.075 0.105 0.2549193
-0.075 0.102581787 0.26
-0.0789437199 0.115 -0.02
-0.075 0.115 -0.0239437199
-0.075 0.115 0.125335178
-0.075 0.114097443 0.13
-0.075 0.11347435 0.14
-0.0783936119 0.115 0.14
-0.075 0.113404503 0.15
-0.0812149239 0.115 0.15
-0.075 0.111191788 0.16
-0.075 0.109219017 0.17
-0.0841198826 0.115 0.17
-0.075 0.107855759 0.18
-0.075 0.106481876 0.19
-0.075 0.108806591 0.2
-0.075 0.110011673 0.21
-0.075 0.110607491 0.22
-0.075 0.110098743 0.23
-0.075 0.10916357 0.24
-0.075 0.106658821 0.25
-0.075 0.116570435 0
-0.075 0.119075928 -0.01
-0.075 0.11746809 0.01
-0.075 0.117822418 0.02
-0.075 0.117940102 0.03
-0.075 0.118132572 0.04
-0.075 0.118192139 0.05
-0.075 0.117422676 0.06
-0.075 0.117516575 0.07
-0.075 0.117434273 0.08
-0.075 0.116714458 0.09
-0.075 0.116902847 0.1
-0.075 0.11610651 0.11
-0.075 0.115664864 0.12
-0.075 0.122039585 0.24
-0.075 0.125 0.237347126
-0.075 0.124916363 0.25
-0.075 0.120180264 0.26
-0.075 0.125 0.267096958
-0.0761946964 0.135 0.2
-0.075 0.134243641 0.2
-0.075 0.135 0.199734249
-0.075 0.135 0.203831348
-0.075 0.126898193 0.22
-0.075 0.135 0.210484657
-0.075 0.12776926 0.23
-0.075 0.135 0.266272621
-0.075 0.145 0.195284557
-0.0813214779 0.145 0.19
-0.075 0.135453758 0.21
-0.075 0.141372643 0.27
-0.0773499298 0.145 0.27
-0.0799759769 0.155 0.18
-0.075 0.150024033 0.18
-0.075 0.155 0.175024014
-0.0806581688 0.145 0.17
-0.085 0.148903847 0.18
-0.085 0.14934185 0.17
-0.0810961342 0.145 0.18
-0.0798215294 0.155 0.19
-0.075 0.15017849 0.19
-0.085 0.148678513 0.19
-0.079643507 0.155 0.2
-0.085 0.155 0.212736988
-0.0789523888 0.155 0.22
-0.0711008835 -0.165 0.23
-0.065 -0.165 0.235019817
-0.0697324371 -0.175 0.24
-0.065 -0.170051764 0.23
-0.0699482346 -0.175 0.23
-0.0694839287 -0.175 0.25
-0.0689519501 -0.175 0.26
-0.065 -0.175 0.26395195
-0.065 -0.169959789 0.27
-0.0702665234 -0.175 0.27
-0.065 -0.155 0.235028839
-0.0707679081 -0.155 0.23
-0.0700152588 -0.155 0.2
-0.065 -0.145 0.215111313
-0.0706056213 -0.155 0.22
-0.065 -0.149888692 0.22
-0.0701297855 -0.145 0.21
-0.0703887272 -0.155 0.21
-0.065 -0.149630816 0.23
-0.0663925552 -0.145 0.27
-0.065 -0.145 0.26922945
-0.065 -0.145670912 0.27
-0.065 -0.139709587 0.22
-0.065 -0.137675898 0.23
-0.065 -0.136017499 0.24
-0.070063343 -0.135 0.24
-0.065 -0.135 0.240913525
-0.065 -0.135 0.269169407
-0.065 -0.128180199 -0.01
-0.065 -0.125 -0.0131801987
-0.065 -0.12968225 0
-0.065 -0.129310236 0.01
-0.065 -0.128473225 0.02
-0.065 -0.129023662 0.03
-0.065 -0.129302402 0.04
-0.065 -0.131062303 0.05
-0.065 -0.129757109 0.06
-0.065 -0.130023804 0.07
-0.065 -0.128924246 0.08
-0.065 -0.129157147 0.09
-0.065 -0.130047083 0.1
-0.065 -0.128500166 0.11
-0.065 -0.128241739 0.12
-0.065 -0.128244572 0.13
-0.065 -0.127003512 0.14
-0.065 -0.127162924 0.15
-0.065 -0.125 0.159611282
-0.068857069 -0.125 0.19
-0.0706828117 -0.125 0.2
-0.0749899578 -0.125 0.21
-0.0722406769 -0.125 0.22
-0.0708346272 -0.125 0.23
-0.065 -0.127031898 0.25
-0.065 -0.12626431 0.26
-0.065 -0.115 -0.0139725399
-0.065 -0.124868917 0.16
-0.065 -0.12419158 0.17
-0.065 -0.123113656 0.18
-0.065 -0.121394582 0.19
-0.065 -0.119785919 0.2
-0.065 -0.116976891 0.21
-0.065 -0.115735049 0.22
-0.065 -0.122558494 0.23
-0.065 -0.122155509 0.24
-0.065 -0.120523682 0.25
-0.065 -0.122507424 0.26
-0.065 -0.115 0.267280006
-0.0698248577 -0.105 -0.02
-0.065 -0.109824862 -0.02
-0.065 -0.105 -0.0248248625
-0.065 -0.105 0.268247623
-0.065 -0.101096797 0.15
-0.065 -0.095 0.155121307
-0.065 -0.100298519 0.27
-0.065 -0.0907191563 0.19
-0.065 -0.085 0.195006599
-0.065 -0.080745163 0.23
-0.065 -0.075 0.235095634
-0.070345192 -0.075 0.23
-0.065 -0.0701891804 0.25
-0.065 -0.065 0.255243111
-0.0703551769 -0.065 0.25
-0.065 -0.055 0.255184155
-0.0702792835 -0.055 0.25
-0.0713390541 -0.055 0.27
-0.065 -0.045 0.25511425
-0.0702593994 -0.045 0.25
-0.065 -0.0461348534 0.27
-0.0707112122 -0.045 0.27
-0.065 -0.045 0.269788036
-0.065 -0.035 0.255079041
-0.0703209305 -0.035 0.25
-0.0667701149 -0.035 0.27
-0.065 -0.035 0.26980526
-0.065 -0.025 0.255039387
-0.0703016567 -0.025 0.25
-0.065 -0.0339086056 0.27
-0.065 -0.015 0.25502573
-0.0702881527 -0.015 0.25
-0.0704991627 -0.015 0.27
-0.065 -0.015 0.269509182
-0.065 -0.0174541855 0.27
-0.065 -0.005 0.255020924
-0.0702941322 -0.005 0.25
-0.065 -0.0121923637 0.27
-0.065 0.005 0.255021038
-0.0703098965 0.005 0.25
-0.0695896721 0.005 0.27
-0.065 0.015 0.255036831
-0.0703236675 0.015 0.25
-0.065 0.015 0.268794689
-0.065 0.00759349823 0.27
-0.065 0.025 0.255064621
-0.0703693676 0.025 0.25
-0.065 0.025 0.269913101
-0.065 0.035 0.255101719
-0.0704286098 0.035 0.25
-0.065 0.0258491516 0.27
-0.0746752739 0.035 0.27
-0.065 0.045 0.255148506
-0.070508337 0.045 0.25
-0.065 0.045 0.269683056
-0.065 0.0424902725 0.27
-0.065 0.055 0.255219059
-0.0705999565 0.055 0.25
-0.065 0.055 0.269300404
-0.065 0.065 0.225022869
-0.070051136 0.065 0.22
-0.065 0.0600228691 0.23
-0.0702382374 0.055 0.23
-0.07029562 0.055 0.24
-0.065 0.060157814 0.24
-0.065 0.0604460335 0.25
-0.065 0.065 0.269955235
-0.065 0.075 0.195160389
-0.070062151 0.075 0.19
-0.065 0.0701603889 0.2
-0.065 0.0703891563 0.21
-0.065 0.070394783 0.22
-0.0749565125 0.075 0.27
-0.065 0.075 0.268555794
-0.065 0.0800037193 0.13
-0.065 0.085 0.125003719
-0.065 0.0800445366 0.14
-0.065 0.0801747704 0.15
-0.065 0.0804067993 0.16
-0.065 0.0805555153 0.17
-0.065 0.0805382347 0.18
-0.065 0.0807142639 0.19
-0.065 0.085 0.267685738
-0.065 0.0902595139 -0.02
-0.065 0.095 -0.0247404909
-0.065 0.0902551651 -0.01
-0.065 0.0903388977 0
-0.065 0.090327301 0.01
-0.065 0.090277462 0.02
-0.065 0.0903552628 0.03
-0.065 0.0903878593 0.04
-0.065 0.090356102 0.05
-0.065 0.0904184532 0.06
-0.065 0.0903030396 0.07
-0.065 0.0903975487 0.08
-0.065 0.0904878998 0.09
-0.065 0.0905502892 0.1
-0.065 0.0904895592 0.11
-0.065 0.0905431175 0.12
-0.065 0.095 0.264478264
-0.065 0.105 -0.0242467499
-0.067742672 0.105 0.21
-0.065 0.105 0.206955891
-0.065 0.103377342 0.21
-0.065 0.105 0.21725729
-0.0666669273 0.105 0.23
-0.065 0.105 0.223636494
-0.065 0.103130608 0.23
-0.065 0.105 0.232901688
-0.070305109 0.105 0.26
-0.065 0.105 0.261103859
-0.065 0.115 -0.0246790719
-0.065865345 0.115 0.12
-0.065 0.115 0.119483299
-0.065 0.114906406 0.12
-0.065 0.115 0.127055798
-0.065432539 0.115 0.13
-0.0664650249 0.115 0.14
-0.065 0.115 0.142138577
-0.065 0.113918247 0.15
-0.065 0.11084507 0.16
-0.065 0.110118542 0.17
-0.065 0.108495693 0.18
-0.065 0.106574898 0.19
-0.065 0.107667542 0.2
-0.065 0.105484352 0.22
-0.065 0.107004509 0.24
-0.065 0.105840054 0.25
-0.065 0.106599255 0.26
-0.065 0.118052387 0
-0.065 0.1183354 -0.01
-0.065 0.11802063 0.01
-0.065 0.118281746 0.02
-0.065 0.11736063 0.03
-0.065 0.117862949 0.04
-0.065 0.118190804 0.05
-0.065 0.11811161 0.06
-0.065 0.118225956 0.07
-0.065 0.117033653 0.08
-0.065 0.11706459 0.09
-0.065 0.117512779 0.1
-0.065 0.11637867 0.11
-0.065 0.115030804 0.13
-0.065 0.115166626 0.14
-0.0727807903 0.125 0.24
-0.065 0.125 0.245782166
-0.065 0.121373672 0.25
-0.065 0.117875805 0.26
-0.065 0.125 0.266634769
-0.0747477055 0.135 0.2
-0.065 0.135 0.245339298
-0.0712424469 0.135 0.24
-0.065 0.135 0.266078949
-0.065 0.145 0.23513298
-0.065 0.14013298 0.24
-0.0712535763 0.145 0.23
-0.0709288692 0.135 0.23
-0.0730414677 0.145 0.27
-0.065 0.145 0.265758038
-0.065 0.155 0.235373116
-0.0713436604 0.155 0.23
-0.0699974251 0.165 0.22
-0.065 0.160002556 0.22
-0.065 0.165 0.215002575
-0.0705616283 0.155 0.21
-0.075 0.15895237 0.22
-0.075 0.159438362 0.21
-0.0710476112 0.155 0.22
-0.0697944641 0.165 0.23
-0.065 0.160205536 0.23
-0.075 0.158656349 0.23
-0.075 0.158397903 0.24
-0.0695616531 0.165 0.24
-0.069055233 0.165 0.25
-0.075 0.157636528 0.25
-0.0687864399 0.165 0.26
-0.075 0.157110939 0.26
-0.055 -0.145 0.245056324
-0.0601988983 -0.155 0.25
-0.055 -0.149943669 0.25
-0.0606665897 -0.145 0.24
-0.0600288391 -0.155 0.24
-0.0604641247 -0.155 0.26
-0.055 -0.149686656 0.26
-0.0643825817 -0.145 0.27
-0.055 -0.149692466 0.27
-0.0605279827 -0.155 0.27
-0.0601113033 -0.145 0.22
-0.0603691864 -0.145 0.23
-0.055 -0.140056331 0.25
-0.055 -0.135 0.255172596
-0.0603716278 -0.135 0.25
-0.0626695061 -0.135 0.27
-0.055 -0.128174014 -0.01
-0.055 -0.125 -0.0131740117
-0.055 -0.128636298 0
-0.055 -0.129168348 0.01
-0.055 -0.130043254 0.02
-0.055 -0.128859611 0.03
-0.055 -0.129344158 0.04
-0.055 -0.129318881 0.05
-0.055 -0.129723468 0.06
-0.055 -0.130027628 0.07
-0.055 -0.130202017 0.08
-0.055 -0.128507118 0.09
-0.055 -0.128633146 0.1
-0.055 -0.129725671 0.11
-0.055 -0.127858601 0.12
-0.055 -0.127568531 0.13
-0.055 -0.127534556 0.14
-0.055 -0.127151012 0.15
-0.0644859219 -0.125 0.16
-0.055 -0.126580253 0.16
-0.055 -0.125 0.165709057
-0.055 -0.127661142 0.26
-0.055 -0.13108223 0.27
-0.0594578552 -0.115 -0.02
-0.055 -0.119457855 -0.02
-0.055 -0.115 -0.0244578528
-0.055 -0.123267851 0.17
-0.055 -0.122286863 0.18
-0.055 -0.121021342 0.19
-0.055 -0.119984965 0.2
-0.055 -0.117291136 0.21
-0.0590456963 -0.115 0.22
-0.055 -0.115 0.218348846
-0.055 -0.115 0.220961781
-0.055 -0.118053703 0.23
-0.055 -0.116915202 0.24
-0.055 -0.115928864 0.25
-0.055387001 -0.115 0.26
-0.055 -0.115 0.258212433
-0.055 -0.105 -0.0148536491
-0.055 -0.110542145 -0.02
-0.0601751423 -0.105 -0.02
-0.055 -0.114517426 0.22
-0.055 -0.113442426 0.26
-0.055 -0.105 0.265043755
-0.0599738121 -0.095 0.15
-0.055 -0.100875931 0.14
-0.055 -0.095 0.145026188
-0.065 -0.100887284 0.14
-0.0603963089 -0.095 0.27
-0.055 -0.095 0.268417511
-0.055 -0.0909065056 0.2
-0.055 -0.085 0.205162315
-0.0600065994 -0.085 0.2
-0.055 -0.091686945 0.27
-0.055 -0.0806900978 0.23
-0.055 -0.075 0.235046368
-0.055 -0.0706272125 0.26
-0.055 -0.065 0.267902603
-0.0602431202 -0.065 0.26
-0.055 -0.055 0.267737732
-0.060184145 -0.055 0.26
-0.0636940098 -0.045 0.27
-0.055 -0.045 0.268789539
-0.0601142597 -0.045 0.26
-0.055 -0.0351891708 0.27
-0.0600790405 -0.035 0.26
-0.0600393963 -0.025 0.26
-0.055 -0.0284490871 0.27
-0.055 -0.025 0.269986038
-0.055 -0.0248575497 0.27
-0.0600257206 -0.015 0.26
-0.0600209236 -0.005 0.26
-0.055 -0.0114296341 0.27
-0.055 -0.005 0.268516235
-0.055 0.00419956207 0.27
-0.0574275398 0.005 0.27
-0.0600210476 0.005 0.26
-0.0590869141 0.015 0.27
-0.0577985287 0.00684280396 0.269631748
-0.055 0.015 0.269146309
-0.055 0.00639720917 0.27
-0.0600368404 0.015 0.26
-0.055 0.0238522339 0.27
-0.060064621 0.025 0.26
-0.0619449139 0.035 0.27
-0.0601017094 0.035 0.26
-0.0585255623 0.045 0.27
-0.055 0.0442570114 0.27
-0.055 0.045 0.269834824
-0.0601485062 0.045 0.26
-0.059006834 0.0473250771 0.269661026
-0.055 0.055 0.269223652
-0.0602190685 0.055 0.26
-0.0604985523 0.055 0.27
-0.055 0.065 0.23518074
-0.0600228596 0.065 0.23
-0.055 0.0601807404 0.24
-0.055 0.0603617859 0.25
-0.055 0.0604841042 0.26
-0.055 0.0613191223 0.27
-0.055 0.065 0.269438057
-0.055 0.0700594521 0.2
-0.055 0.075 0.195059452
-0.055 0.0702817917 0.21
-0.055 0.0703422737 0.22
-0.055 0.070637989 0.23
-0.055 0.075 0.269080524
-0.055 0.085 0.14514204
-0.0600445366 0.085 0.14
-0.055 0.0801420403 0.15
-0.055 0.0802940369 0.16
-0.055 0.0804704475 0.17
-0.055 0.0804522514 0.18
-0.055 0.0806212425 0.19
-0.055 0.0812150764 0.27
-0.0574234772 0.085 0.27
-0.055 0.0902494621 -0.02
-0.055 0.095 -0.0247505403
-0.055 0.0901940918 -0.01
-0.055 0.0903629303 0
-0.055 0.0902635384 0.01
-0.055 0.0902687073 0.02
-0.055 0.0902868462 0.03
-0.055 0.0901584816 0.04
-0.055 0.0902149391 0.05
-0.055 0.090438385 0.06
-0.055 0.0902877426 0.07
-0.055 0.0903136444 0.08
-0.055 0.090365696 0.09
-0.055 0.0904279137 0.1
-0.055 0.0903757858 0.11
-0.055 0.0905010223 0.12
-0.0600037193 0.085 0.13
-0.055 0.0906047821 0.13
-0.055 0.0907308197 0.14
-0.0583797741 0.095 0.26
-0.055 0.095 0.250092239
-0.055 0.0928897285 0.26
-0.055 0.086491127 0.27
-0.055 0.0997505379 -0.02
-0.055 0.105 -0.0136233211
-0.0607532501 0.105 -0.02
-0.055 0.105 0.203474751
-0.055 0.103947392 0.21
-0.055 0.105 0.214529095
-0.0613274097 0.105 0.23
-0.0606541729 0.105 0.25
-0.055 0.105 0.241318951
-0.055 0.0951584244 0.25
-0.062606802 0.105 0.26
-0.055 0.115 -0.0136143708
-0.0603209305 0.115 -0.02
-0.064173727 0.115 0.12
-0.055 0.115 0.144421139
-0.055 0.113386536 0.15
-0.055 0.111475735 0.16
-0.055 0.110292778 0.17
-0.055 0.109438038 0.18
-0.055 0.107107735 0.19
-0.055 0.105555534 0.2
-0.055 0.105980072 0.22
-0.055 0.106153965 0.23
-0.055 0.105119915 0.24
-0.055 0.118624935 0
-0.055 0.118614368 -0.01
-0.055 0.118007889 0.01
-0.055 0.117909088 0.02
-0.055 0.118402767 0.03
-0.055 0.118153687 0.04
-0.055 0.118437366 0.05
-0.055 0.118112049 0.06
-0.055 0.117849827 0.07
-0.055 0.117772827 0.08
-0.055 0.117571278 0.09
-0.055 0.117794228 0.1
-0.055 0.116532612 0.11
-0.055 0.115861282 0.12
-0.055 0.115849438 0.13
-0.055 0.115779686 0.14
-0.0629630375 0.125 0.25
-0.055 0.125 0.254999485
-0.055 0.117886658 0.26
-0.055 0.125 0.268088894
-0.0603102398 0.135 0.26
-0.055 0.129870701 0.26
-0.0608866787 0.145 0.26
-0.0497235775 -0.145 0.27
-0.0503133392 -0.145 0.26
-0.0499315166 -0.135 0.27
-0.0501726055 -0.135 0.26
-0.045 -0.128797488 -0.01
-0.045 -0.125 -0.0137974882
-0.045 -0.129887247 0
-0.045 -0.128146501 0.01
-0.045 -0.129471021 0.02
-0.045 -0.130257058 0.03
-0.045 -0.129855037 0.04
-0.045 -0.128907185 0.05
-0.045 -0.129347978 0.06
-0.045 -0.129434671 0.07
-0.045 -0.129232612 0.08
-0.045 -0.129485083 0.09
-0.045 -0.12832993 0.1
-0.045 -0.128212337 0.11
-0.045 -0.12739573 0.12
-0.045 -0.127161551 0.13
-0.045 -0.127290373 0.14
-0.045 -0.126222835 0.15
-0.045 -0.125835457 0.16
-0.045 -0.125 0.163191185
-0.045 -0.11943758 -0.02
-0.045 -0.115 -0.0244375825
-0.045 -0.122816162 0.17
-0.045 -0.12199048 0.18
-0.045 -0.120399804 0.19
-0.045 -0.118774328 0.2
-0.045 -0.116766706 0.21
-0.045 -0.115 0.217458477
-0.045 -0.117701545 0.23
-0.045 -0.115 0.22101614
-0.045 -0.116917305 0.24
-0.045 -0.115773206 0.25
-0.045 -0.115 0.255027828
-0.045 -0.11056242 -0.02
-0.045 -0.105 -0.0149315524
-0.045 -0.114523664 0.22
-0.045 -0.108337965 0.26
-0.045 -0.105 0.261236782
-0.045 -0.100996289 0.15
-0.045 -0.095 0.155128441
-0.0500261879 -0.095 0.15
-0.045 -0.095 0.267992249
-0.045 -0.0910059166 0.2
-0.045 -0.085 0.205134239
-0.0470575714 -0.085 0.27
-0.045 -0.085 0.269160404
-0.045 -0.0806507015 0.23
-0.045 -0.075 0.235009346
-0.0456468201 -0.075 0.27
-0.045 -0.075 0.269731293
-0.0460848141 -0.065 0.27
-0.045 -0.0705762672 0.26
-0.0473076248 -0.055 0.27
-0.045 -0.0474699116 0.27
-0.045 -0.045 0.269720364
-0.045 -0.0430900002 0.27
-0.0548903465 -0.025 0.27
-0.0479805565 -0.005 0.27
-0.05003335 0.015 0.27
-0.0534181118 0.045 0.27
-0.0477272892 0.055 0.27
-0.045 0.0601129532 0.24
-0.045 0.065 0.235112953
-0.045 0.060282917 0.25
-0.045 0.0604063606 0.26
-0.0468444443 0.0625635147 0.269765167
-0.045 0.0628925514 0.27
-0.046466856 0.065 0.27
-0.045 0.0700576019 0.2
-0.045 0.075 0.195057602
-0.045 0.0702033234 0.21
-0.045 0.0704230881 0.22
-0.045 0.0705646133 0.23
-0.0500145531 0.075 0.27
-0.0499919319 0.085 0.14
-0.045 0.0800080681 0.14
-0.045 0.085 0.135008068
-0.045 0.0800497246 0.15
-0.045 0.0801988983 0.16
-0.045 0.080371685 0.17
-0.045 0.0804290009 0.18
-0.045 0.0806247902 0.19
-0.045 0.085 0.268574333
-0.0509600353 0.085 0.27
-0.045 0.0802820206 0.27
-0.045 0.0901909447 -0.02
-0.045 0.095 -0.0248090529
-0.045 0.0902305603 -0.01
-0.045 0.0901394463 0
-0.045 0.0902102089 0.01
-0.045 0.0902157784 0.02
-0.045 0.0901566696 0.03
-0.045 0.0902720642 0.04
-0.045 0.090244751 0.05
-0.045 0.0903074074 0.06
-0.045 0.0903134727 0.07
-0.045 0.0902540779 0.08
-0.045 0.090340004 0.09
-0.045 0.090400219 0.1
-0.045 0.0905359459 0.11
-0.045 0.0906039619 0.12
-0.045 0.0905358124 0.13
-0.045 0.095 0.252714806
-0.045 0.0933114052 0.26
-0.045 0.0998090553 -0.02
-0.045 0.105 -0.0137706089
-0.045 0.105 0.204435043
-0.045 0.104230003 0.21
-0.045 0.105 0.211762409
-0.045 0.105 0.246217613
-0.045 0.0998218536 0.25
-0.045 0.115 -0.0133486152
-0.045 0.115 0.140548611
-0.045 0.113965969 0.15
-0.045 0.112124538 0.16
-0.045 0.111207771 0.17
-0.045 0.109357738 0.18
-0.045 0.107966614 0.19
-0.045 0.105764751 0.2
-0.045 0.107256088 0.22
-0.045 0.106593208 0.23
-0.045 0.105661278 0.24
-0.045 0.117924309 0
-0.045 0.118348618 -0.01
-0.045 0.118157406 0.01
-0.045 0.118593788 0.02
-0.045 0.118659649 0.03
-0.045 0.119156475 0.04
-0.045 0.117874298 0.05
-0.045 0.118218002 0.06
-0.045 0.118200779 0.07
-0.045 0.118113976 0.08
-0.045 0.118446541 0.09
-0.045 0.116946449 0.1
-0.045 0.117172546 0.11
-0.045 0.116252689 0.12
-0.045 0.116254082 0.13
-0.045 0.115042057 0.14
-0.045 0.119382324 0.26
-0.045 0.125 0.255007591
-0.045 0.125 0.268999519
-0.0498388577 0.135 0.26
-0.045 0.135 0.255161133
-0.045 0.132191486 0.27
-0.0463648605 0.135 0.27
-0.045 0.139838867 0.26
-0.045 0.145 0.268915482
-0.0488324928 0.145 0.27
-0.0465091038 0.155 0.27
-0.045 0.155 0.268490887
-0.035 -0.128363099 -0.01
-0.035 -0.125 -0.0133630967
-0.035 -0.129454236 0
-0.035 -0.128888965 0.01
-0.035 -0.128128591 0.02
-0.035 -0.129971251 0.03
-0.035 -0.129809837 0.04
-0.035 -0.129862385 0.05
-0.035 -0.128979888 0.06
-0.035 -0.129042463 0.07
-0.035 -0.128957977 0.08
-0.035 -0.129139218 0.09
-0.035 -0.12872962 0.1
-0.035 -0.128693757 0.11
-0.035 -0.128609681 0.12
-0.035 -0.126675363 0.13
-0.035 -0.125676303 0.14
-0.035 -0.125552788 0.15
-0.035 -0.125172758 0.16
-0.035 -0.125 0.163232841
-0.035 -0.119396892 -0.02
-0.035 -0.115 -0.0243968916
-0.035 -0.12443399 0.17
-0.035 -0.12106678 0.18
-0.035 -0.120001163 0.19
-0.035 -0.118081737 0.2
-0.035 -0.116835217 0.21
-0.035 -0.115 0.219062996
-0.0385071945 -0.115 0.23
-0.035 -0.115 0.236106091
-0.035 -0.116003728 0.24
-0.035 -0.115080132 0.25
-0.035 -0.115 0.250719509
-0.035 -0.110603108 -0.02
-0.035 -0.105 -0.014857192
-0.035 -0.114817457 0.22
-0.035 -0.112468653 0.23
-0.035 -0.108077035 0.26
-0.035 -0.105 0.262021694
-0.035 -0.101016755 0.15
-0.035 -0.095 0.155135174
-0.035 -0.0973539162 0.27
-0.0375744438 -0.095 0.27
-0.035 -0.09094491 0.2
-0.035 -0.085 0.205179806
-0.035 -0.085 0.268481197
-0.035 -0.0917662334 0.27
-0.035 -0.0810587215 0.24
-0.035 -0.075 0.245239029
-0.0400093365 -0.075 0.24
-0.035 -0.075 0.269916611
-0.035 -0.0705398941 0.26
-0.035 -0.0475056171 0.27
-0.035 -0.045 0.269701843
-0.035 -0.0384288406 0.27
-0.0376241302 0.005 0.27
-0.035 0.00116498947 0.27
-0.035 0.005 0.269629192
-0.0367412663 0.015 0.27
-0.035 0.015 0.269804459
-0.035 0.0167145538 0.27
-0.037497921 0.035 0.27
-0.035 0.0319846725 0.27
-0.035 0.035 0.269600563
-0.035 0.0381565475 0.27
-0.035 0.0600757217 0.24
-0.035 0.065 0.235075722
-0.035 0.0602283478 0.25
-0.035 0.0603757668 0.26
-0.0422914219 0.065 0.27
-0.035 0.065 0.269743023
-0.035 0.0700189781 0.2
-0.035 0.075 0.195018978
-0.035 0.0701682091 0.21
-0.035 0.0703555489 0.22
-0.035 0.0704873085 0.23
-0.0414888382 0.075 0.27
-0.035 0.075 0.268476009
-0.035 0.085 0.145006409
-0.0400080681 0.085 0.14
-0.035 0.0800064087 0.15
-0.035 0.0801532555 0.16
-0.035 0.0801865387 0.17
-0.035 0.0803823471 0.18
-0.035 0.080549221 0.19
-0.035 0.085 0.267126751
-0.035 0.0902285576 -0.02
-0.035 0.095 -0.0247714353
-0.035 0.0900888062 -0.01
-0.035 0.0901717758 0
-0.035 0.0900721931 0.01
-0.035 0.0901779938 0.02
-0.035 0.0901976585 0.03
-0.035 0.0901565361 0.04
-0.035 0.0900913811 0.05
-0.035 0.0901765442 0.06
-0.035 0.0901851082 0.07
-0.035 0.0902107239 0.08
-0.035 0.0902535248 0.09
-0.035 0.0903657722 0.1
-0.035 0.0904455566 0.11
-0.035 0.0905453873 0.12
-0.035 0.0906669044 0.13
-0.035 0.0906762886 0.14
-0.035 0.095 0.252623348
-0.035 0.0934127235 0.26
-0.035 0.0997714424 -0.02
-0.035 0.105 -0.0137901831
-0.043118906 0.105 0.21
-0.035 0.105 0.245676937
-0.035 0.0981017303 0.25
-0.0394005108 0.115 -0.02
-0.035 0.11059948 -0.02
-0.035 0.115 -0.0244005108
-0.043359623 0.115 0.14
-0.035 0.115 0.137447186
-0.035 0.114713936 0.14
-0.035 0.114490089 0.15
-0.035 0.114049339 0.16
-0.035 0.110643749 0.17
-0.035 0.109472656 0.18
-0.035 0.108054142 0.19
-0.035 0.10612751 0.2
-0.035 0.107329292 0.21
-0.035 0.107702999 0.22
-0.035 0.106871414 0.23
-0.035 0.105937099 0.24
-0.035 0.118397999 0
-0.035 0.117646923 -0.01
-0.035 0.11908926 0.01
-0.035 0.118864841 0.02
-0.035 0.119176445 0.03
-0.035 0.118679047 0.04
-0.035 0.118819618 0.05
-0.035 0.11843874 0.06
-0.035 0.118573246 0.07
-0.035 0.117606335 0.08
-0.035 0.117944393 0.09
-0.035 0.117627621 0.1
-0.035 0.117249908 0.11
-0.035 0.116787624 0.12
-0.035 0.115638618 0.13
-0.0400182533 0.125 0.26
-0.0401611423 0.135 0.26
-0.035 0.127732582 0.27
-0.035 0.135 0.267367802
-0.0299104309 -0.145 0.26
-0.025 -0.149910431 0.26
-0.025 -0.145 0.255089569
-0.025 -0.145 0.268108501
-0.025 -0.140089569 0.26
-0.025 -0.127652922 -0.01
-0.025 -0.125 -0.0126529193
-0.025 -0.129700384 0
-0.025 -0.129768915 0.01
-0.025 -0.128667426 0.02
-0.025 -0.128129191 0.03
-0.025 -0.129149399 0.04
-0.025 -0.129482188 0.05
-0.025 -0.129537859 0.06
-0.025 -0.12842772 0.07
-0.025 -0.128659182 0.08
-0.025 -0.128479466 0.09
-0.025 -0.128009114 0.1
-0.025 -0.128238292 0.11
-0.025 -0.128141699 0.12
-0.025 -0.127438817 0.13
-0.0257241726 -0.125 0.14
-0.025 -0.125 0.139831543
-0.0277119255 -0.125 0.15
-0.0315842438 -0.125 0.16
-0.025 -0.115 -0.0140332842
-0.0306031036 -0.115 -0.02
-0.025 -0.124946589 0.14
-0.025 -0.124772091 0.15
-0.025 -0.124435749 0.16
-0.025 -0.123674083 0.17
-0.025 -0.119683943 0.18
-0.025 -0.118799615 0.19
-0.025 -0.117691126 0.2
-0.025 -0.115946693 0.21
-0.025 -0.115 0.213003063
-0.0318617916 -0.115 0.23
-0.025 -0.117841873 0.23
-0.025 -0.115 0.222713737
-0.025 -0.115813828 0.24
-0.031576643 -0.115 0.25
-0.025 -0.115 0.248446465
-0.025 -0.105 -0.0149066329
-0.025 -0.113200459 0.22
-0.025 -0.114253573 0.25
-0.025 -0.107160115 0.26
-0.025 -0.105 0.265884819
-0.025 -0.101056647 0.15
-0.025 -0.095 0.155155659
-0.0273117733 -0.095 0.27
-0.025 -0.095 0.269729061
-0.025 -0.0909562016 0.2
-0.025 -0.085 0.205180836
-0.028014307 -0.085 0.27
-0.025 -0.0925016212 0.27
-0.025 -0.0810504055 0.24
-0.025 -0.075 0.245221672
-0.0322224712 -0.075 0.27
-0.025 -0.0705177784 0.26
-0.0326826096 -0.065 0.27
-0.025 -0.065 0.26861105
-0.025 -0.0556115055 0.27
-0.0326135159 -0.045 0.27
-0.0310838032 -0.015 0.27
-0.025 -0.0218036556 0.27
-0.025 -0.015 0.26895504
-0.025 -0.00516067505 0.27
-0.0324685287 0.005 0.27
-0.0330914402 0.015 0.27
-0.025 0.025 0.26913929
-0.0299423027 0.025 0.27
-0.025 0.0197307396 0.27
-0.025 0.035 0.269909039
-0.025 0.0373553848 0.27
-0.025 0.0600381088 0.24
-0.025 0.065 0.235038109
-0.025 0.0601810646 0.25
-0.025 0.0603406715 0.26
-0.025 0.065 0.268160553
-0.025 0.075 0.205110512
-0.0300189686 0.075 0.2
-0.025 0.0701105118 0.21
-0.025 0.070218811 0.22
-0.025 0.0704723358 0.23
-0.025 0.075 0.269963169
-0.025 0.085 0.155088596
-0.0300064087 0.085 0.15
-0.025 0.0800885963 0.16
-0.025 0.0801834869 0.17
-0.025 0.0803464508 0.18
-0.025 0.0805109406 0.19
-0.025 0.0807866669 0.2
-0.025 0.085 0.268864155
-0.025 0.0902598953 -0.02
-0.025 0.095 -0.0247401118
-0.025 0.0901616859 -0.01
-0.025 0.0901433754 0
-0.025 0.0900913811 0.01
-0.025 0.0901452827 0.02
-0.025 0.0900744247 0.03
-0.025 0.0901304436 0.04
-0.025 0.0901081467 0.05
-0.025 0.0901709557 0.06
-0.025 0.09018013 0.07
-0.025 0.0901879883 0.08
-0.025 0.090272789 0.09
-0.025 0.090333252 0.1
-0.025 0.0904122925 0.11
-0.025 0.090472126 0.12
-0.025 0.0905925751 0.13
-0.025 0.0904777145 0.14
-0.025 0.0906201363 0.15
-0.025 0.095 0.253053532
-0.025 0.093543148 0.26
-0.025 0.0997401047 -0.02
-0.025 0.105 -0.0138399267
-0.0259252453 0.105 0.21
-0.025 0.105 0.207913914
-0.025 0.104666004 0.21
-0.025 0.105 0.212110138
-0.0254595566 0.105 0.23
-0.025 0.105 0.228945217
-0.025 0.104739285 0.23
-0.025 0.105 0.232646027
-0.025 0.105 0.242468491
-0.025 0.0984497833 0.25
-0.025 0.115 -0.0130849409
-0.0305994892 0.115 -0.02
-0.0310226631 0.115 0.14
-0.0266888523 0.115 0.15
-0.025 0.115 0.150436401
-0.025 0.112963982 0.16
-0.025 0.110778332 0.17
-0.025 0.109791164 0.18
-0.025 0.108425922 0.19
-0.025 0.106322327 0.2
-0.025 0.105997353 0.22
-0.025 0.105254478 0.24
-0.025 0.118673668 0
-0.025 0.118084946 -0.01
-0.025 0.119447899 0.01
-0.025 0.118927631 0.02
-0.025 0.118388958 0.03
-0.025 0.118705368 0.04
-0.025 0.119077282 0.05
-0.025 0.119203701 0.06
-0.025 0.117954636 0.07
-0.025 0.117961712 0.08
-0.025 0.117864666 0.09
-0.025 0.117961826 0.1
-0.025 0.117894287 0.11
-0.025 0.116854362 0.12
-0.025 0.11555027 0.13
-0.025 0.115334568 0.14
-0.025 0.115066051 0.15
-0.029786787 0.125 0.26
-0.025 0.118368282 0.26
-0.025 0.125 0.255109329
-0.025 0.125 0.26712204
-0.0300497913 0.135 0.27
-0.025 0.129786797 0.26
-0.035 0.137632198 0.27
-0.0200895691 -0.145 0.26
-0.015 -0.127184873 -0.01
-0.015 -0.125 -0.012184875
-0.015 -0.128993707 0
-0.015 -0.129105082 0.01
-0.015 -0.129720564 0.02
-0.015 -0.128805571 0.03
-0.015 -0.127816529 0.04
-0.015 -0.129094868 0.05
-0.015 -0.128963885 0.06
-0.015 -0.129047699 0.07
-0.015 -0.129352083 0.08
-0.015 -0.128254991 0.09
-0.015 -0.127504959 0.1
-0.015 -0.127575011 0.11
-0.015 -0.12693337 0.12
-0.015 -0.126859007 0.13
-0.015 -0.125 0.137484989
-0.015 -0.115 -0.0140110278
-0.015 -0.12429471 0.14
-0.015 -0.123725643 0.15
-0.015 -0.123076677 0.16
-0.015 -0.122693281 0.17
-0.015 -0.120841146 0.18
-0.015 -0.118193707 0.19
-0.015 -0.117116427 0.2
-0.015 -0.119511294 0.21
-0.0225539875 -0.115 0.22
-0.015 -0.118563299 0.22
-0.015 -0.117464256 0.23
-0.015 -0.116664906 0.24
-0.015 -0.115 0.248244915
-0.015 -0.105 -0.0149361706
-0.015 -0.110905657 0.01
-0.015 -0.105 0.0150330257
-0.0201084709 -0.105 0.01
-0.015 -0.111655726 0.25
-0.0212675667 -0.105 0.26
-0.015 -0.105 0.256126328
-0.0199690247 -0.095 0.15
-0.015 -0.100919929 0.14
-0.015 -0.095 0.145030975
-0.025 -0.100859222 0.14
-0.015 -0.104181004 0.26
-0.015 -0.0953417397 0.27
-0.0198851395 -0.095 0.27
-0.015 -0.090985508 0.2
-0.015 -0.085 0.20519516
-0.015 -0.0880746937 0.27
-0.0162374783 -0.085 0.27
-0.015 -0.085 0.269894466
-0.0199588013 -0.075 0.24
-0.015 -0.0807137203 0.23
-0.015 -0.075 0.235041199
-0.025 -0.0807028961 0.23
-0.015 -0.0845000839 0.27
-0.015 -0.0711945438 0.27
-0.0198160839 -0.065 0.27
-0.015 -0.0706268024 0.26
-0.0215865803 -0.025 0.27
-0.015 -0.0301332092 0.27
-0.015 -0.025 0.269043369
-0.015 -0.015 0.269755135
-0.015 -0.0082513237 0.27
-0.0185058975 0.005 0.27
-0.015 -0.00335300446 0.27
-0.015 0.005 0.269422112
-0.0192703533 0.015 0.27
-0.015 0.015 0.269407177
-0.015 0.0213618279 0.27
-0.0177675819 0.025 0.27
-0.015 0.0274163055 0.27
-0.015 0.035 0.26898386
-0.0225869465 0.045 0.27
-0.015 0.045 0.269143524
-0.0231414795 0.055 0.27
-0.015 0.055 0.269527225
-0.015 0.0600225258 0.24
-0.015 0.065 0.235022526
-0.015 0.0601720238 0.25
-0.015 0.0603229332 0.26
-0.015 0.0604922104 0.27
-0.015 0.065 0.269557018
-0.015 0.0701860428 0.21
-0.015 0.075 0.205186043
-0.015 0.0702027512 0.22
-0.015 0.0704548073 0.23
-0.015 0.0694757652 0.27
-0.0246234512 0.075 0.27
-0.015 0.0801058006 0.16
-0.015 0.085 0.155105801
-0.015 0.0801415062 0.17
-0.015 0.0803290558 0.18
-0.015 0.0804926682 0.19
-0.015 0.080715313 0.2
-0.0205833054 0.085 0.27
-0.015 0.0901825905 -0.02
-0.015 0.095 -0.0248174191
-0.015 0.0900500488 -0.01
-0.015 0.0901315117 0
-0.015 0.0901063728 0.01
-0.015 0.0901338196 0.02
-0.015 0.0900794792 0.03
-0.015 0.0901089478 0.04
-0.015 0.0900915527 0.05
-0.015 0.090132122 0.06
-0.015 0.0901875305 0.07
-0.015 0.0902127647 0.08
-0.015 0.0902552032 0.09
-0.015 0.0903153229 0.1
-0.015 0.0903938866 0.11
-0.015 0.090492115 0.12
-0.015 0.0906115913 0.13
-0.015 0.0905684662 0.14
-0.015 0.090599556 0.15
-0.015 0.095 0.255126648
-0.015 0.0935563469 0.26
-0.015 0.0875603294 0.27
-0.015 0.0998174095 -0.02
-0.015 0.105 -0.013791182
-0.015 0.105 0.209075546
-0.015 0.104833946 0.21
-0.015 0.102989368 0.22
-0.0210138893 0.105 0.22
-0.015 0.103931522 0.23
-0.015 0.105 0.235432663
-0.015 0.105 0.243197041
-0.015 0.100461864 0.25
-0.0192638302 0.115 -0.02
-0.015 0.11073616 -0.02
-0.015 0.115 -0.0242638302
-0.0244294262 0.115 0.15
-0.015 0.115 0.142103519
-0.015 0.113519859 0.15
-0.015 0.113203239 0.16
-0.015 0.11220396 0.17
-0.015 0.109786091 0.18
-0.015 0.108024292 0.19
-0.015 0.106630497 0.2
-0.015 0.105356712 0.24
-0.015 0.118764954 0
-0.015 0.118173656 -0.01
-0.015 0.118641491 0.01
-0.015 0.119131699 0.02
-0.015 0.118437119 0.03
-0.015 0.118363476 0.04
-0.015 0.119373569 0.05
-0.015 0.118665638 0.06
-0.015 0.118819141 0.07
-0.015 0.119020195 0.08
-0.015 0.117950897 0.09
-0.015 0.118183899 0.1
-0.015 0.117206039 0.11
-0.015 0.117129402 0.12
-0.015 0.116766644 0.13
-0.015 0.115318508 0.14
-0.020213213 0.125 0.26
-0.015367403 0.145 0.27
-0.015 0.143575058 0.27
-0.015 0.145 0.269885635
-0.0156667995 0.155 0.27
-0.015 0.155 0.269333191
-0.00964576721 -0.145 0.26
-0.005 -0.14964577 0.26
-0.005 -0.145 0.255354233
-0.00978027344 -0.135 0.26
-0.005 -0.135 0.255219727
-0.005 -0.135 0.267090149
-0.005 -0.145 0.264645767
-0.005 -0.128078909 -0.01
-0.005 -0.125 -0.0130789065
-0.005 -0.12889286 0
-0.005 -0.128243771 0.01
-0.005 -0.129051843 0.02
-0.005 -0.129175534 0.03
-0.005 -0.129347234 0.04
-0.005 -0.12762496 0.05
-0.005 -0.128228159 0.06
-0.005 -0.12816864 0.07
-0.005 -0.128556175 0.08
-0.005 -0.128397956 0.09
-0.005 -0.128381786 0.1
-0.005 -0.126403623 0.11
-0.005 -0.125907965 0.12
-0.005 -0.125864782 0.13
-0.010286293 -0.125 0.14
-0.005 -0.125630655 0.14
-0.005 -0.125 0.142546234
-0.005 -0.128214788 0.26
-0.005 -0.115 -0.0139650035
-0.005 -0.122340326 0.15
-0.005 -0.121880789 0.16
-0.005 -0.120755472 0.17
-0.005 -0.119944963 0.18
-0.005 -0.118973413 0.19
-0.005 -0.119441557 0.2
-0.005 -0.118876085 0.21
-0.005 -0.118093014 0.22
-0.005 -0.117329965 0.23
-0.005 -0.116415439 0.24
-0.005 -0.115 0.245539932
-0.005 -0.105 -0.0149603152
-0.015 -0.110955186 0
-0.015 -0.105 -0.00506382942
-0.00989393234 -0.105 0
-0.00995014191 -0.105 0.01
-0.005 -0.111200709 0.03
-0.005 -0.105 0.0350903225
-0.0101356697 -0.105 0.03
-0.005 -0.108361516 0.25
-0.005 -0.105 0.255615826
-0.005 -0.100907221 0.14
-0.005 -0.095 0.145018711
-0.005 -0.104104838 0.26
-0.0145476532 -0.095 0.27
-0.005 -0.095 0.266326141
-0.005 -0.0910336494 0.2
-0.005 -0.085 0.205223198
-0.005 -0.085 0.269086246
-0.005 -0.0807406902 0.23
-0.005 -0.075 0.235055122
-0.005 -0.0808502865 0.27
-0.005 -0.068439188 0.27
-0.005 -0.0706382942 0.26
-0.005 -0.0277655983 0.27
-0.005 -0.025 0.269467697
-0.005 -0.021532917 0.27
-0.0130844307 -0.015 0.27
-0.0094039917 0.005 0.27
-0.0122011375 0.015 0.27
-0.00583703995 0.035 0.27
-0.005 0.0383932686 0.27
-0.005 0.045 0.269802799
-0.005 0.04785429 0.27
-0.0100370407 0.055 0.27
-0.005 0.0600129509 0.24
-0.005 0.065 0.235012951
-0.005 0.0601523781 0.25
-0.005 0.0603434372 0.26
-0.005 0.065 0.268892555
-0.005 0.0701751328 0.21
-0.005 0.075 0.205175133
-0.005 0.0701977921 0.22
-0.005 0.0704497337 0.23
-0.00998434067 0.075 0.27
-0.005 0.075 0.269166451
-0.005 0.0800941086 0.16
-0.005 0.085 0.155094109
-0.005 0.0801623535 0.17
-0.005 0.0802983856 0.18
-0.005 0.0804872513 0.19
-0.005 0.080735321 0.2
-0.0106374359 0.085 0.27
-0.005 0.085 0.268193226
-0.005 0.0901671791 -0.02
-0.005 0.095 -0.024832828
-0.005 0.0901052475 -0.01
-0.005 0.0901833344 0
-0.005 0.0900988388 0.01
-0.005 0.0901907158 0.02
-0.005 0.0901368523 0.03
-0.005 0.0901019096 0.04
-0.005 0.0900934792 0.05
-0.005 0.0901579666 0.06
-0.005 0.0901399612 0.07
-0.005 0.0901665306 0.08
-0.005 0.0902099991 0.09
-0.005 0.090311203 0.1
-0.005 0.090389576 0.11
-0.005 0.0904483223 0.12
-0.005 0.0905677414 0.13
-0.005 0.090539341 0.14
-0.005 0.09059412 0.15
-0.005 0.095 0.25583889
-0.005 0.093780098 0.26
-0.005 0.0998328209 -0.02
-0.005 0.105 -0.0138447547
-0.005 0.105 0.209983444
-0.005 0.104997139 0.21
-0.005 0.102539768 0.22
-0.0127683067 0.105 0.23
-0.005 0.105 0.225095406
-0.005 0.105 0.243383274
-0.005 0.101515446 0.25
-0.005 0.115 -0.0142353821
-0.0107361603 0.115 -0.02
-0.0106971931 0.115 0.14
-0.005 0.115 0.1383181
-0.005 0.114491196 0.14
-0.005 0.113734035 0.15
-0.005 0.113175125 0.16
-0.005 0.112492332 0.17
-0.005 0.109063931 0.18
-0.005 0.108118 0.19
-0.005 0.106807766 0.2
-0.005 0.106498127 0.23
-0.005 0.105285225 0.24
-0.005 0.117966881 0
-0.005 0.119235382 -0.01
-0.005 0.118493118 0.01
-0.005 0.119184017 0.02
-0.005 0.119295712 0.03
-0.005 0.119576759 0.04
-0.005 0.117859631 0.05
-0.005 0.118625221 0.06
-0.005 0.118793488 0.07
-0.005 0.119061737 0.08
-0.005 0.118711472 0.09
-0.005 0.117220154 0.1
-0.005 0.117181416 0.11
-0.005 0.117080059 0.12
-0.005 0.116825314 0.13
-0.01276474 0.135 0.27
-0.005 0.130755692 0.27
-0.005 0.135 0.268052711
-0.005 0.145 0.26765213
-0.000354232788 -0.145 0.26
-0.000219726562 -0.135 0.26
0.005 -0.127592883 -0.01
0.005 -0.125 -0.0125928831
0.005 -0.129725971 0
0.005 -0.127181592 0.01
0.005 -0.128235273 0.02
0.005 -0.128401942 0.03
0.005 -0.129060788 0.04
0.005 -0.129175744 0.05
0.005 -0.128831725 0.06
0.005 -0.127083983 0.07
0.005 -0.127734542 0.08
0.005 -0.127790623 0.09
0.005 -0.127799659 0.1
0.005 -0.127657223 0.11
0.00291788101 -0.125 0.12
0.005 -0.125 0.119355583
0.00324714661 -0.125 0.13
0.00240245819 -0.125 0.14
0.000739326477 -0.115 -0.02
0.005 -0.119260683 -0.02
0.005 -0.115 -0.0242606831
0.005 -0.124753928 0.12
0.005 -0.124790044 0.13
0.005 -0.124684157 0.14
0.005 -0.124501576 0.15
0.005 -0.12098958 0.16
0.005 -0.119695163 0.17
0.005 -0.118796906 0.18
0.005 -0.117817006 0.19
0.00493881226 -0.115 0.2
0.005 -0.115 0.199828434
0.005 -0.115 0.200081196
0.005 -0.118033357 0.21
0.005 -0.11751864 0.22
0.005 -0.116924839 0.23
0.005 -0.115377774 0.24
0.005 -0.115 0.244974995
0.005 -0.110739317 -0.02
0.005 -0.105 -0.0148295641
-0.005 -0.105 0.0249895954
9.63592529e-05 -0.105 0.03
0.005 -0.114958253 0.2
0.005 -0.111163459 0.25
0.005 -0.105 0.254297428
0.005 -0.101007128 0.14
0.005 -0.095 0.145081463
0.005 -0.103756409 0.26
0.005 -0.095 0.269007282
3.95202637e-05 -0.085 0.2
0.005 -0.0908199787 0.19
0.005 -0.085 0.19503952
-0.005 -0.090754385 0.19
0.005 -0.085 0.268881588
0.005 -0.0807845306 0.23
0.005 -0.075 0.235081711
0.005 -0.0814639568 0.27
-0.00289438248 -0.065 0.27
0.005 -0.0706651115 0.26
0.005 -0.065 0.268888149
0.005 -0.0552758026 0.27
0.00338270187 -0.045 0.27
0.005 -0.0542573452 0.27
0.005 -0.045 0.269576473
0.005 -0.041706171 0.27
0.005 -0.0250335789 0.27
0.005 -0.025 0.269996967
0.005 -0.0249839306 0.27
-0.00347156525 -0.005 0.27
0.005 -0.00842071533 0.27
0.005 -0.005 0.269107361
0.005 0.00384002686 0.27
0.0025015831 0.015 0.27
0.005 0.00692358017 0.27
0.005 0.015 0.269487667
0.00481689453 0.025 0.27
0.005 0.025 0.269979572
-0.00259977341 0.035 0.27
0.005 0.035 0.269683208
-0.00372171402 0.045 0.27
0.005 0.0369247055 0.27
0.005 0.0600180626 0.24
0.005 0.065 0.235018063
0.005 0.0603028107 0.25
0.005 0.0603527451 0.26
-4.28009033e-05 0.065 0.27
0.005 0.0579713821 0.27
0.005 0.0701804543 0.21
0.005 0.075 0.205180454
0.005 0.0702074623 0.22
0.005 0.0704590416 0.23
0.005 0.075 0.269183083
0.005 0.0719444847 0.27
0.005 0.080054512 0.16
0.005 0.085 0.155054512
0.005 0.0801465988 0.17
0.005 0.0803343201 0.18
0.005 0.080498867 0.19
0.005 0.0807208633 0.2
0.005 0.085 0.269162235
0.005 0.0902342415 -0.02
0.005 0.095 -0.0247657585
0.005 0.0901177788 -0.01
0.005 0.0901334763 0
0.005 0.0901025963 0.01
0.005 0.0901184273 0.02
0.005 0.0900636101 0.03
0.005 0.0900558853 0.04
0.005 0.0900888634 0.05
0.005 0.0901357269 0.06
0.005 0.0901441383 0.07
0.005 0.0901693535 0.08
0.005 0.0902626991 0.09
0.005 0.0903227234 0.1
0.005 0.0904012489 0.11
0.005 0.0904994583 0.12
0.005 0.0904545593 0.13
0.005 0.0905824471 0.14
0.005 0.0907073021 0.15
0.005 0.095 0.255183716
0.005 0.0935947418 0.26
0.005 0.0997657585 -0.02
0.005 0.105 -0.013730557
0.005 0.105 0.208022919
0.005 0.104641285 0.21
0.005 0.102550297 0.22
0.005 0.104785786 0.23
0.0045067215 0.105 0.23
0.005 0.105 0.231048813
0.005 0.105 0.245258198
0.005 0.101194191 0.25
0.000552921295 0.115 -0.02
0.005 0.110552921 -0.02
0.005 0.115 -0.0244470811
-0.00140354156 0.115 0.14
0.005 0.115 0.145397053
0.005 0.11415659 0.15
0.005 0.113208542 0.16
0.005 0.112281189 0.17
0.005 0.110130749 0.18
0.005 0.108158989 0.19
0.005 0.106607609 0.2
0.005 0.105644093 0.24
0.005 0.119013119 0
0.005 0.117638531 -0.01
0.005 0.119237804 0.01
0.005 0.118544292 0.02
0.005 0.118600616 0.03
0.005 0.118334942 0.04
0.005 0.119435043 0.05
0.005 0.118308792 0.06
0.005 0.118649349 0.07
0.005 0.118929367 0.08
0.005 0.118137989 0.09
0.005 0.117921219 0.1
0.005 0.117103138 0.11
0.005 0.117076397 0.12
0.005 0.115688667 0.13
0.005 0.115718136 0.14
1.62315369e-05 0.125 0.26
0.005 0.119587364 0.26
0.005 0.125 0.254881134
0.005 0.125 0.269570713
0.015 -0.127959838 -0.01
0.015 -0.125 -0.0129598379
0.015 -0.128825903 0
0.015 -0.128665204 0.01
0.015 -0.128746419 0.02
0.015 -0.126925282 0.03
0.015 -0.128027511 0.04
0.015 -0.128334432 0.05
0.015 -0.12827755 0.06
0.015 -0.128119431 0.07
0.015 -0.126625218 0.08
0.015 -0.127059026 0.09
0.015 -0.126786127 0.1
0.015 -0.126745801 0.11
0.00642227173 -0.125 0.12
0.015 -0.126186576 0.12
0.015 -0.125 0.125354824
0.015 -0.119632421 -0.02
0.015 -0.115 -0.0246324229
0.015 -0.123632569 0.13
0.015 -0.123548026 0.14
0.015 -0.12277133 0.15
0.015 -0.122100539 0.16
0.015 -0.118906717 0.17
0.015 -0.118141956 0.18
0.015 -0.115558128 0.19
0.015 -0.115 0.19388258
0.0123178291 -0.115 0.21
0.015 -0.115 0.213664913
0.015 -0.116928988 0.22
0.015 -0.116107926 0.23
0.0131071281 -0.115 0.24
0.015 -0.115 0.239327641
0.015 -0.110367579 -0.02
0.015 -0.105 -0.0148239255
0.015 -0.114297137 0.2
0.015 -0.113139739 0.21
0.015 -0.114382696 0.24
0.015 -0.107079663 0.25
0.015 -0.105 0.252082481
0.0100201035 -0.095 0.14
0.015 -0.100958986 0.13
0.015 -0.095 0.135020103
0.005 -0.100836577 0.13
0.015 -0.103255887 0.26
0.015 -0.095 0.267848549
0.015 -0.0909055805 0.19
0.015 -0.085 0.195095139
0.015 -0.085 0.269366913
0.015 -0.0808462524 0.23
0.015 -0.075 0.235121555
0.015 -0.0791181278 0.27
0.015 -0.070707922 0.26
0.015 -0.065 0.269314022
0.0064736557 -0.055 0.27
0.015 -0.055 0.269798851
0.015 -0.0524246025 0.27
0.00927694321 -0.045 0.27
0.00504299164 -0.025 0.27
0.015 -0.015 0.269420319
0.0125391197 -0.015 0.27
0.015 -0.0196690559 0.27
0.015 -0.00841817856 0.27
0.0125412178 -0.005 0.27
0.00799268723 0.005 0.27
0.015 0.005 0.269707661
0.015 0.000148429871 0.27
0.015 0.015 0.269610577
0.015 0.025 0.269699574
0.015 0.035 0.269836655
0.015 0.0362724495 0.27
0.015 0.0600360298 0.24
0.015 0.065 0.23503603
0.015 0.0601749039 0.25
0.015 0.060388298 0.26
0.015 0.0621512032 0.27
0.015 0.0702000809 0.21
0.015 0.075 0.205200081
0.015 0.070231266 0.22
0.015 0.0704844093 0.23
0.015 0.075 0.269607601
0.015 0.0695506096 0.27
0.015 0.0800701904 0.16
0.015 0.085 0.15507019
0.015 0.0801699638 0.17
0.015 0.0803590775 0.18
0.015 0.0805247307 0.19
0.015 0.0807502937 0.2
0.015 0.077868309 0.27
0.00875062943 0.085 0.27
0.015 0.0902091217 -0.02
0.015 0.095 -0.0247908854
0.015 0.0901351547 -0.01
0.015 0.0902026176 0
0.015 0.090055542 0.01
0.015 0.090151062 0.02
0.015 0.0900935555 0.03
0.015 0.0900980186 0.04
0.015 0.090076046 0.05
0.015 0.0901154518 0.06
0.015 0.0901253319 0.07
0.015 0.0901518631 0.08
0.015 0.0901952171 0.09
0.015 0.0903507042 0.1
0.015 0.0904296494 0.11
0.015 0.0905285072 0.12
0.015 0.0904853249 0.13
0.015 0.0906134796 0.14
0.015 0.0907654762 0.15
0.015 0.095 0.252184105
0.015 0.0933152199 0.26
0.015 0.0880091286 0.27
0.015 0.0997908783 -0.02
0.015 0.105 -0.0136878181
0.015 0.105 0.209078407
0.015 0.104524193 0.21
0.0116488838 0.105 0.22
0.015 0.105 0.2127351
0.014836216 0.105 0.23
0.015 0.105 0.24467638
0.015 0.0988088799 0.25
0.015 0.115 -0.0131747532
0.0094470787 0.115 -0.02
0.0117980385 0.115 0.15
0.015 0.115 0.151971169
0.015 0.113185902 0.16
0.015 0.111081829 0.17
0.015 0.109869213 0.18
0.015 0.10879818 0.19
0.015 0.108819904 0.2
0.015 0.106031075 0.22
0.015 0.105001411 0.23
0.015 0.105424271 0.24
0.015 0.119343052 0
0.015 0.118174763 -0.01
0.015 0.119348793 0.01
0.015 0.118826885 0.02
0.015 0.117600327 0.03
0.015 0.118911858 0.04
0.015 0.119080009 0.05
0.015 0.119471397 0.06
0.015 0.118150864 0.07
0.015 0.118047314 0.08
0.015 0.118129749 0.09
0.015 0.117662106 0.1
0.015 0.117752457 0.11
0.015 0.116992626 0.12
0.015 0.115591412 0.13
0.015 0.115542278 0.14
0.015 0.115269184 0.15
0.00998376846 0.125 0.26
0.0202577591 -0.145 0.26
0.025 -0.149742241 0.26
0.025 -0.145 0.255257759
0.025 -0.145 0.2667202
0.020127449 -0.135 0.26
0.025 -0.135 0.255127449
0.025 -0.135 0.266716652
0.025 -0.126981149 -0.01
0.025 -0.125 -0.0119811487
0.025 -0.127809505 0
0.025 -0.127672362 0.01
0.025 -0.128561711 0.02
0.025 -0.128379688 0.03
0.025 -0.12680367 0.04
0.025 -0.127487192 0.05
0.025 -0.127161274 0.06
0.025 -0.127714171 0.07
0.025 -0.127485847 0.08
0.025 -0.12572629 0.09
0.025 -0.125644622 0.1
0.025 -0.125569468 0.11
0.025 -0.125739865 0.12
0.0246048546 -0.125 0.13
0.025 -0.125043807 0.13
0.025 -0.125 0.130171986
0.025 -0.12917161 0.26
0.025 -0.119482708 -0.02
0.025 -0.115 -0.024482708
0.025 -0.122006221 0.14
0.025 -0.120885406 0.15
0.025 -0.120590281 0.16
0.025 -0.119142776 0.17
0.025 -0.11723949 0.18
0.0218905449 -0.115 0.19
0.025 -0.115 0.189236374
0.0192257118 -0.115 0.22
0.025 -0.115 0.228575573
0.025 -0.115444846 0.23
0.025 -0.115 0.233363571
0.025 -0.110517292 -0.02
0.025 -0.105 -0.0148148298
0.025 -0.114799538 0.19
0.025 -0.113699188 0.2
0.025 -0.112323465 0.21
0.025 -0.1101546 0.22
0.025 -0.110190654 0.24
0.0209007835 -0.105 0.25
0.025 -0.105 0.248544922
0.025 -0.100527782 0.14
0.025 -0.095 0.145189075
0.0199798965 -0.095 0.14
0.025 -0.104692059 0.25
0.025 -0.102209034 0.26
0.025 -0.095 0.26606411
0.025 -0.0909466267 0.19
0.025 -0.085 0.195166111
0.025 -0.085 0.267190742
0.025 -0.0808847046 0.23
0.025 -0.075 0.235175476
0.0164068031 -0.075 0.27
0.025 -0.075 0.268568611
0.025 -0.0707676697 0.26
0.025 -0.0664438248 0.27
0.025 -0.065 0.269797344
0.025 -0.063614912 0.27
0.0163760185 -0.055 0.27
0.018573761 -0.015 0.27
0.0163144112 0.005 0.27
0.0239987946 0.015 0.27
0.0197234917 0.025 0.27
0.0172779655 0.035 0.27
0.0219905472 0.055 0.27
0.025 0.0527807045 0.27
0.025 0.055 0.269803867
0.025 0.0600620461 0.24
0.025 0.065 0.235062046
0.025 0.0601993561 0.25
0.025 0.060390625 0.26
0.0200026321 0.075 0.2
0.025 0.0700026321 0.2
0.025 0.075 0.195002632
0.025 0.070144577 0.21
0.025 0.0702651596 0.22
0.025 0.0705234528 0.23
0.0175005341 0.075 0.27
0.0200032997 0.085 0.15
0.025 0.0800032997 0.15
0.025 0.085 0.1450033
0.025 0.0801438141 0.16
0.025 0.0802347374 0.17
0.025 0.0803733635 0.18
0.025 0.080566597 0.19
0.025 0.0843154144 0.27
0.0241857147 0.085 0.27
0.025 0.085 0.269857998
0.025 0.090178299 -0.02
0.025 0.095 -0.0248217082
0.025 0.0901730347 -0.01
0.025 0.0901257896 0
0.025 0.0900926208 0.01
0.025 0.0901301003 0.02
0.025 0.0901175308 0.03
0.025 0.0900762367 0.04
0.025 0.0902051735 0.05
0.025 0.0901522827 0.06
0.025 0.0902066994 0.07
0.025 0.0902317429 0.08
0.025 0.0902741241 0.09
0.025 0.0903342628 0.1
0.025 0.09041605 0.11
0.025 0.0905739975 0.12
0.025 0.0906958771 0.13
0.025 0.090667057 0.14
0.025 0.095 0.253563595
0.025 0.0935495186 0.26
0.0205497551 0.105 -0.02
0.025 0.105 -0.0244502473
0.016308651 0.105 0.21
0.025 0.105 0.245522194
0.025 0.0986086464 0.25
0.0206600571 0.115 -0.02
0.025 0.115 -0.0243399429
0.0241763687 0.115 0.15
0.025 0.115 0.148313942
0.025 0.114958382 0.15
0.025 0.112850323 0.16
0.025 0.110999775 0.17
0.025 0.109745255 0.18
0.025 0.108157749 0.19
0.025 0.106229801 0.2
0.025 0.10740036 0.21
0.025 0.105898247 0.22
0.025 0.10692255 0.23
0.025 0.10594368 0.24
0.025 0.118875084 0
0.025 0.117818336 -0.01
0.025 0.118596535 0.01
0.025 0.118424816 0.02
0.025 0.118916931 0.03
0.025 0.118708096 0.04
0.025 0.118301983 0.05
0.025 0.118632717 0.06
0.025 0.118850574 0.07
0.025 0.117745075 0.08
0.025 0.117926025 0.09
0.025 0.117562084 0.1
0.025 0.117646294 0.11
0.025 0.116795177 0.12
0.025 0.115669403 0.13
0.025 0.115126648 0.14
0.0179011917 0.125 0.27
0.025 0.119474449 0.27
0.025 0.125 0.265891857
0.0297422409 -0.145 0.26
0.029872551 -0.135 0.26
0.035 -0.129197602 -0.01
0.035 -0.125 -0.0141975999
0.035 -0.126502004 0
0.035 -0.127261143 0.01
0.035 -0.127362432 0.02
0.035 -0.127848754 0.03
0.035 -0.127797399 0.04
0.035 -0.128478012 0.05
0.035 -0.126227455 0.06
0.035 -0.126721835 0.07
0.035 -0.127226748 0.08
0.035 -0.126613536 0.09
0.0294426727 -0.125 0.1
0.035 -0.125 0.0967727757
0.0304950714 -0.125 0.11
0.030955143 -0.125 0.12
0.0253458214 -0.125 0.13
0.035 -0.119299455 -0.02
0.035 -0.115 -0.0242994571
0.035 -0.124025693 0.1
0.035 -0.124308958 0.11
0.035 -0.124201608 0.12
0.035 -0.123226614 0.13
0.035 -0.123146901 0.14
0.035 -0.11960494 0.15
0.035 -0.118816156 0.16
0.035 -0.117598438 0.17
0.035 -0.116538334 0.18
0.0253245354 -0.115 0.19
0.035 -0.118584599 0.19
0.026954174 -0.115 0.2
0.035 -0.118307166 0.2
0.0287954903 -0.115 0.21
0.035 -0.117620296 0.21
0.0307557297 -0.115 0.22
0.035 -0.116942735 0.22
0.035 -0.115879498 0.23
0.035 -0.115 0.233379002
0.035 -0.110700545 -0.02
0.035 -0.105 -0.0147824216
0.035 -0.107122588 0.24
0.035 -0.105 0.24488905
0.0300213623 -0.095 0.14
0.035 -0.100534482 0.13
0.035 -0.095 0.135021362
0.025 -0.101001482 0.13
0.035 -0.104086652 0.25
0.035 -0.10067616 0.26
0.035 -0.095 0.266116848
0.0300478745 -0.085 0.19
0.035 -0.0908867741 0.18
0.035 -0.085 0.185047874
0.025 -0.0907611275 0.18
0.035 -0.085 0.266699657
0.035 -0.0809840679 0.23
0.035 -0.075 0.235244541
0.035 -0.0764385128 0.27
0.0329603767 -0.075 0.27
0.035 -0.0708456707 0.26
0.035 -0.065 0.268804607
0.035 -0.0588038063 0.27
0.0304077721 -0.045 0.27
0.035 -0.0488474941 0.27
0.035 -0.045 0.269504604
0.0263259888 -0.035 0.27
0.035 -0.035 0.268802509
0.035 -0.029862833 0.27
0.025925808 0.015 0.27
0.035 0.0123613358 0.27
0.035 0.015 0.269576817
0.0289839554 0.025 0.27
0.035 0.025 0.26950346
0.0277738762 0.035 0.27
0.035 0.035 0.268721085
0.035 0.0447558212 0.27
0.028448925 0.055 0.27
0.035 0.0601085663 0.24
0.035 0.065 0.235108566
0.035 0.0602637863 0.25
0.035 0.0604448891 0.26
0.0276248932 0.065 0.27
0.035 0.065 0.268935566
0.035 0.0700385094 0.2
0.035 0.075 0.195038509
0.035 0.0701832008 0.21
0.035 0.0702858925 0.22
0.035 0.0705637932 0.23
0.0328482246 0.075 0.27
0.035 0.075 0.2697122
0.035 0.0800312424 0.15
0.035 0.085 0.145031242
0.035 0.080186348 0.16
0.035 0.080258522 0.17
0.035 0.080453167 0.18
0.035 0.0806243515 0.19
0.035 0.085 0.268773251
0.035 0.0901693153 -0.02
0.035 0.095 -0.0248306942
0.035 0.0901675415 -0.01
0.035 0.090177536 0
0.035 0.0900904083 0.01
0.035 0.090222683 0.02
0.035 0.0901208687 0.03
0.035 0.090083065 0.04
0.035 0.0901566887 0.05
0.035 0.0901493454 0.06
0.035 0.0902155113 0.07
0.035 0.0902461243 0.08
0.035 0.0902900124 0.09
0.035 0.0903946495 0.1
0.035 0.090474453 0.11
0.035 0.0905744743 0.12
0.035 0.0905524063 0.13
0.035 0.0907949066 0.14
0.035 0.095 0.251156445
0.035 0.0930626678 0.26
0.035 0.0998306847 -0.02
0.035 0.105 -0.0137174535
0.0294502449 0.105 -0.02
0.0330165291 0.105 0.21
0.035 0.105 0.204507389
0.035 0.104193993 0.21
0.035 0.105 0.215459805
0.0329484367 0.105 0.23
0.035 0.105 0.224575748
0.035 0.103676281 0.23
0.035 0.100749855 0.24
0.0293984222 0.105 0.24
0.035 0.0961800957 0.25
0.035 0.115 -0.0131106114
0.0293399429 0.115 -0.02
0.0272933388 0.115 0.14
0.035 0.115 0.137756119
0.035 0.11442915 0.14
0.035 0.11429966 0.15
0.035 0.112454453 0.16
0.035 0.111227589 0.17
0.035 0.109146061 0.18
0.035 0.108016968 0.19
0.035 0.105725918 0.2
0.035 0.105520649 0.22
0.035 0.118445492 0
0.035 0.118110619 -0.01
0.035 0.117365971 0.01
0.035 0.118449306 0.02
0.035 0.118835411 0.03
0.035 0.11846508 0.04
0.035 0.118033791 0.05
0.035 0.118276424 0.06
0.035 0.118211937 0.07
0.035 0.11860672 0.08
0.035 0.117085495 0.09
0.035 0.117197151 0.1
0.035 0.116730671 0.11
0.035 0.116617737 0.12
0.035 0.11636404 0.13
0.0316635704 0.125 0.27
0.045 -0.127248278 -0.01
0.045 -0.125 -0.0122482777
0.045 -0.127939181 0
0.045 -0.127826047 0.01
0.045 -0.126454687 0.02
0.045 -0.126822224 0.03
0.045 -0.127083592 0.04
0.045 -0.127227769 0.05
0.045 -0.127251124 0.06
0.045 -0.125269308 0.07
0.045 -0.125899167 0.08
0.0445546532 -0.125 0.09
0.045 -0.125 0.0892316437
0.045 -0.125 0.0916554642
0.045 -0.125373015 0.1
0.0416976357 -0.125 0.1
0.0387360191 -0.125 0.11
0.045 -0.125614514 0.11
0.045 -0.125 0.113228817
0.045 -0.119075904 -0.02
0.045 -0.115 -0.0240759015
0.045 -0.124891262 0.09
0.045 -0.122594237 0.12
0.045 -0.121311941 0.13
0.045 -0.121170788 0.14
0.045 -0.12098278 0.15
0.045 -0.117474217 0.16
0.045 -0.116464257 0.17
0.045 -0.115400696 0.18
0.0441576576 -0.115 0.19
0.045 -0.115 0.184021358
0.045 -0.115 0.19132822
0.045 -0.11773622 0.2
0.045 -0.116640115 0.21
0.045 -0.116177864 0.22
0.045 -0.115030041 0.23
0.045 -0.115 0.230392056
0.045 -0.110924096 -0.02
0.045 -0.105 -0.0145756936
0.045 -0.114421463 0.19
0.045 -0.106477633 0.24
0.045 -0.105 0.240865173
0.0400193787 -0.095 0.13
0.045 -0.101012816 0.12
0.045 -0.095 0.125019379
0.035 -0.101021156 0.12
0.045 -0.102634387 0.25
0.045 -0.100014834 0.26
0.045 -0.095 0.264716473
0.045 -0.0912292004 0.19
0.045 -0.085 0.195310783
0.0399521255 -0.085 0.19
0.045 -0.0858069229 0.27
0.0438627434 -0.085 0.27
0.045 -0.0811063766 0.23
0.045 -0.075 0.23529871
0.045 -0.0709143257 0.26
0.045 -0.065 0.269685993
0.045 -0.0627005959 0.27
0.0396439552 -0.045 0.27
0.0400268173 -0.035 0.27
0.045 -0.025 0.269702549
0.0430771637 -0.025 0.27
0.045 -0.0268552017 0.27
0.045 -0.0220062923 0.27
0.045 0.011148777 0.27
0.045 0.015 0.269398384
0.045 0.025 0.269837303
0.045 0.0275746346 0.27
0.0425457191 0.035 0.27
0.0427408791 0.055 0.27
0.045 0.0485009384 0.27
0.045 0.055 0.269890308
0.045 0.0601568794 0.24
0.045 0.065 0.235156879
0.045 0.0602228355 0.25
0.045 0.0604946327 0.26
0.045 0.0571245003 0.27
0.045 0.065 0.269522552
0.045 0.0700992203 0.2
0.045 0.075 0.19509922
0.045 0.0702745438 0.21
0.045 0.0703512192 0.22
0.045 0.0706136513 0.23
0.045 0.075 0.269074993
0.0400302124 0.085 0.14
0.045 0.0800302124 0.14
0.045 0.085 0.135030212
0.045 0.0800608253 0.15
0.045 0.0802074051 0.16
0.045 0.0804709625 0.17
0.045 0.0804939461 0.18
0.045 0.0806632805 0.19
0.045 0.085 0.267965603
0.045 0.0901770782 -0.02
0.045 0.095 -0.0248229241
0.045 0.0902333641 -0.01
0.045 0.0901953888 0
0.045 0.0901493454 0.01
0.045 0.0901919937 0.02
0.045 0.0902999496 0.03
0.045 0.0902511978 0.04
0.045 0.0902959633 0.05
0.045 0.0902180672 0.06
0.045 0.0902739334 0.07
0.045 0.090359993 0.08
0.045 0.0904030609 0.09
0.045 0.0904647446 0.1
0.045 0.0905459213 0.11
0.045 0.0904805946 0.12
0.045 0.0905582428 0.13
0.045 0.095 0.250718765
0.045 0.0929554939 0.26
0.045 0.0998229218 -0.02
0.045 0.105 -0.0137160349
0.04492033 0.105 0.2
0.045 0.105 0.199977379
0.045 0.104994793 0.2
0.045 0.103554001 0.21
0.045 0.104646835 0.22
0.0422966576 0.105 0.22
0.045 0.102537422 0.23
0.045 0.0995934868 0.24
0.045 0.0953011513 0.25
0.045 0.115 -0.0139961696
0.0375175095 0.115 0.14
0.045 0.115 0.143662987
0.045 0.112280121 0.15
0.045 0.111609497 0.16
0.045 0.11112011 0.17
0.045 0.108826561 0.18
0.045 0.107544231 0.19
0.045 0.11813345 0
0.045 0.118996162 -0.01
0.045 0.118404827 0.01
0.045 0.117962685 0.02
0.045 0.118021736 0.03
0.045 0.118509407 0.04
0.045 0.118612823 0.05
0.045 0.117665424 0.06
0.045 0.117963505 0.07
0.045 0.118086891 0.08
0.045 0.117864742 0.09
0.045 0.117884312 0.1
0.045 0.116240788 0.11
0.045 0.116212883 0.12
0.045 0.116105709 0.13
0.045 0.116303539 0.14
0.0421048737 0.125 0.27
0.045 0.123106098 0.27
0.045 0.125 0.268754597
0.0503710747 -0.145 0.26
0.055 -0.149628932 0.26
0.055 -0.145 0.255371075
0.055 -0.145 0.269850731
0.050234623 -0.135 0.26
0.055 -0.135 0.255234623
0.055 -0.135 0.268543358
0.055 -0.127525339 -0.01
0.055 -0.125 -0.0125253391
0.055 -0.126811328 0
0.055 -0.127241182 0.01
0.055 -0.127086816 0.02
0.055 -0.127629519 0.03
0.055 -0.125903277 0.04
0.055 -0.126427579 0.05
0.055 -0.126054883 0.06
0.055 -0.126718402 0.07
0.050406189 -0.125 0.08
0.055 -0.125 0.0770765686
0.0479213333 -0.125 0.1
0.0507783699 -0.125 0.11
0.0500520706 -0.125 0.26
0.055 -0.125 0.254226475
0.055 -0.125 0.268339005
0.055 -0.119434814 -0.02
0.055 -0.115 -0.0244348145
0.055 -0.123845649 0.08
0.055 -0.124111691 0.09
0.055 -0.123652391 0.1
0.055 -0.124097056 0.11
0.055 -0.123732452 0.12
0.055 -0.120425434 0.13
0.055 -0.119437423 0.14
0.055 -0.119068313 0.15
0.055 -0.116984339 0.16
0.0543228149 -0.115 0.17
0.055 -0.115 0.169303017
0.0480636215 -0.115 0.18
0.0495762253 -0.115 0.2
0.0484576035 -0.115 0.21
0.055 -0.115 0.219667721
0.055 -0.115108533 0.22
0.0458132935 -0.115 0.23
0.055 -0.115 0.222548733
0.055 -0.117716427 0.26
0.055 -0.110565186 -0.02
0.055 -0.105 -0.0145314479
0.055 -0.114912152 0.17
0.055 -0.114137616 0.18
0.055 -0.113379622 0.19
0.055 -0.110880389 0.2
0.055 -0.109840026 0.21
0.055 -0.110669518 0.23
0.0469519615 -0.105 0.24
0.055 -0.105 0.234577465
0.0500531197 -0.095 0.12
0.055 -0.101104484 0.11
0.055 -0.095 0.11505312
0.045 -0.100889945 0.11
0.055 -0.104165597 0.24
0.055 -0.101802273 0.25
0.055 -0.0992505646 0.26
0.055 -0.095 0.269913445
0.0500773048 -0.085 0.19
0.055 -0.0911383724 0.18
0.055 -0.085 0.185077305
0.045 -0.0909630585 0.18
0.055 -0.0947501755 0.27
0.0500371361 -0.075 0.23
0.055 -0.0809204865 0.22
0.055 -0.075 0.225037136
0.045 -0.0808315659 0.22
0.049611187 -0.075 0.27
0.055 -0.075 0.268736553
0.055 -0.0806519222 0.27
0.0485500526 -0.065 0.27
0.055 -0.0710318851 0.26
0.0506693268 -0.045 0.27
0.055 -0.0545885086 0.27
0.055 -0.045 0.269560966
0.055 -0.0416895008 0.27
0.0518136024 -0.025 0.27
0.0506131172 -0.015 0.27
0.055 -0.015 0.269469051
0.055 -0.022963829 0.27
0.0467722702 -0.005 0.27
0.055 -0.005 0.268559513
0.0512464905 0.005 0.27
0.055 0.005 0.269421406
0.055 0.015 0.269440517
0.055 0.0210676575 0.27
0.0480099487 0.025 0.27
0.0455598831 0.045 0.27
0.055 0.0389738464 0.27
0.055 0.045 0.269084892
0.055 0.0534185219 0.27
0.0486951637 0.055 0.27
0.055 0.0602346611 0.24
0.055 0.065 0.235234661
0.055 0.0604372215 0.25
0.055 0.0605509758 0.26
0.0487263107 0.065 0.27
0.055 0.0571469116 0.27
0.055 0.0701590729 0.2
0.055 0.075 0.195159073
0.055 0.0703762054 0.21
0.055 0.0704274178 0.22
0.055 0.0707084465 0.23
0.0536526108 0.075 0.27
0.055 0.0800969505 0.14
0.055 0.085 0.135096951
0.055 0.0801804733 0.15
0.055 0.0803310013 0.16
0.055 0.080320015 0.17
0.055 0.0805528069 0.18
0.055 0.0807569695 0.19
0.055 0.085 0.269429073
0.055 0.0783745766 0.27
0.055 0.0902548599 -0.02
0.055 0.095 -0.0247451353
0.055 0.0902577782 -0.01
0.055 0.0902658653 0
0.055 0.0901751328 0.01
0.055 0.090345726 0.02
0.055 0.0902055168 0.03
0.055 0.0901658058 0.04
0.055 0.0903121567 0.05
0.055 0.0903027153 0.06
0.055 0.0903113937 0.07
0.055 0.090337944 0.08
0.055 0.0903824997 0.09
0.055 0.0905567169 0.1
0.055 0.0904942703 0.11
0.055 0.0905859756 0.12
0.055 0.0906930161 0.13
0.054641571 0.095 0.25
0.055 0.095 0.249971714
0.055 0.0949941063 0.25
0.055 0.0922362328 0.26
0.055 0.0997451401 -0.02
0.055 0.105 -0.0135245109
0.0450131607 0.105 0.2
0.0485659027 0.105 0.21
0.055 0.105 0.214460373
0.055 0.10148632 0.22
0.055 0.101728954 0.23
0.055 0.0985759735 0.24
0.0508259773 0.115 -0.02
0.055 0.110825977 -0.02
0.055 0.115 -0.0241740322
0.055 0.115 0.141529274
0.055 0.113455143 0.15
0.055 0.111015167 0.16
0.055 0.110448112 0.17
0.055 0.108401489 0.18
0.055 0.108660431 0.19
0.055 0.107892056 0.2
0.055 0.106959496 0.21
0.055 0.117631855 0
0.055 0.118604794 -0.01
0.055 0.118122158 0.01
0.055 0.118544025 0.02
0.055 0.117609806 0.03
0.055 0.118143291 0.04
0.055 0.118041401 0.05
0.055 0.118411598 0.06
0.055 0.117621002 0.07
0.055 0.117271729 0.08
0.055 0.117633953 0.09
0.055 0.11685873 0.1
0.055 0.116663361 0.11
0.055 0.115586567 0.12
0.055 0.11540266 0.13
0.055 0.11519331 0.14
0.055 0.120686321 0.27
0.055 0.125 0.266922359
0.065 -0.149902561 0.26
0.065 -0.145 0.255097446
0.065 -0.145 0.266427574
0.059765377 -0.135 0.26
0.065 -0.140097439 0.26
0.065 -0.129181128 -0.01
0.065 -0.125 -0.0141811275
0.065 -0.125221443 0
0.065 -0.126155181 0.01
0.065 -0.126693163 0.02
0.065 -0.126407595 0.03
0.065 -0.126719675 0.04
0.0637832451 -0.125 0.05
0.065 -0.125 0.049004488
0.065 -0.125 0.0545420933
0.065 -0.125236273 0.06
0.065 -0.125182424 0.07
0.0632703972 -0.125 0.08
0.065 -0.125152063 0.08
0.0606013489 -0.125 0.09
0.065 -0.125380197 0.09
0.065 -0.125 0.0921173286
0.0603401184 -0.125 0.26
0.065 -0.119182463 -0.02
0.065 -0.115 -0.0241824603
0.065 -0.124685535 0.05
0.065 -0.122543445 0.1
0.065 -0.121533275 0.11
0.065 -0.121544976 0.12
0.065 -0.12044487 0.13
0.065 -0.118127232 0.14
0.065 -0.117463198 0.15
0.065 -0.116785049 0.16
0.065 -0.115 0.166267052
0.0563501167 -0.115 0.18
0.065 -0.118603482 0.18
0.065 -0.115 0.171626911
0.0574142075 -0.115 0.19
0.065 -0.117658792 0.19
0.065 -0.115 0.194640198
0.0552190208 -0.115 0.22
0.065 -0.110817537 -0.02
0.065 -0.105 -0.0144457769
0.065 -0.114088988 0.17
0.065 -0.110055232 0.2
0.065 -0.10878942 0.21
0.065 -0.107309923 0.22
0.062795105 -0.105 0.23
0.065 -0.105 0.229253159
0.065 -0.10056973 0.11
0.065 -0.095 0.115060158
0.065 -0.104812102 0.23
0.065 -0.103269134 0.24
0.065 -0.100725217 0.25
0.065 -0.0983631706 0.26
0.065 -0.095 0.26354641
0.0600178909 -0.085 0.18
0.065 -0.0908949089 0.17
0.065 -0.085 0.175017891
0.055 -0.0907157612 0.17
0.0576621056 -0.085 0.27
0.065 -0.085 0.265762234
0.065 -0.0810842037 0.22
0.065 -0.075 0.225108032
0.065 -0.075 0.267929325
0.065 -0.0711738491 0.26
0.0592555618 -0.045 0.27
0.0579224014 -0.015 0.27
0.065 -0.00651311874 0.27
0.065 -0.005 0.269763603
0.065 0.005 0.269016018
0.065 0.015 0.268825989
0.065 0.0203534317 0.27
0.0581701279 0.045 0.27
0.060057888 0.055 0.26
0.065 0.050057888 0.26
0.065 0.055 0.255057888
0.065 0.055 0.269556847
0.0600832176 0.065 0.23
0.065 0.0600832176 0.23
0.065 0.065 0.225083218
0.065 0.0601745987 0.24
0.065 0.0603472519 0.25
0.065 0.065 0.26875761
0.0588897705 0.065 0.27
0.0600170708 0.075 0.19
0.065 0.0700170708 0.19
0.065 0.075 0.185017071
0.065 0.070193615 0.2
0.065 0.0703864479 0.21
0.065 0.0705017853 0.22
0.0555777168 0.075 0.27
0.065 0.075 0.267885551
0.0600588036 0.085 0.13
0.065 0.0800588036 0.13
0.065 0.085 0.125058804
0.065 0.0801765251 0.14
0.065 0.080261898 0.15
0.065 0.0804165459 0.16
0.065 0.0804166794 0.17
0.065 0.0806307411 0.18
0.065 0.085 0.269265556
0.065 0.0903521347 -0.02
0.065 0.095 -0.0246478581
0.065 0.090349884 -0.01
0.065 0.0902385712 0
0.065 0.090260582 0.01
0.065 0.0903078461 0.02
0.065 0.0902488518 0.03
0.065 0.0902702141 0.04
0.065 0.0903437614 0.05
0.065 0.0903341675 0.06
0.065 0.0904597855 0.07
0.065 0.0904846954 0.08
0.065 0.0905286217 0.09
0.065 0.0905920219 0.1
0.065 0.090757637 0.11
0.065 0.0906787109 0.12
0.065 0.095 0.247998371
0.065 0.0945914078 0.25
0.065 0.0918317604 0.26
0.065 0.0996478653 -0.02
0.065 0.105 -0.0136142659
0.0647533226 0.105 0.22
0.065 0.105 0.220420322
0.065 0.101680508 0.23
0.065 0.0972737885 0.24
0.065 0.110895329 -0.02
0.065 0.115 -0.0241046715
0.0595235252 0.115 0.13
0.065 0.115 0.126338291
0.065 0.11433712 0.13
0.065 0.114154644 0.14
0.0572998238 0.115 0.14
0.065 0.112397442 0.15
0.065 0.111745358 0.16
0.065 0.109599819 0.17
0.065 0.108019047 0.18
0.065 0.105887451 0.19
0.065 0.107150307 0.2
0.065 0.106066399 0.21
0.065 0.105079021 0.22
0.065 0.11703558 0
0.065 0.118643837 -0.01
0.065 0.117702122 0.01
0.065 0.117829647 0.02
0.065 0.118077908 0.03
0.065 0.118015327 0.04
0.065 0.117407284 0.05
0.065 0.117721615 0.06
0.065 0.117807255 0.07
0.065 0.11770874 0.08
0.065 0.117312412 0.09
0.065 0.116203518 0.1
0.065 0.115983315 0.11
0.065 0.115733528 0.12
0.0601746368 0.125 0.26
0.065 0.118141441 0.26
0.065 0.125 0.255010643
0.065 0.122900429 0.27
0.0603258324 0.135 0.26
0.065 0.135 0.255325832
0.0701137733 -0.165 0.24
0.0702994919 -0.175 0.24
0.075 -0.175 0.235299492
0.075 -0.165 0.235113773
0.0705477333 -0.175 0.25
0.0704773903 -0.165 0.25
0.0710786629 -0.175 0.26
0.0707616234 -0.165 0.26
0.0700591278 -0.155 0.24
0.075 -0.155 0.235059128
0.0702287674 -0.155 0.25
0.0704934311 -0.155 0.26
0.075 -0.155 0.268478413
0.075 -0.165 0.264238377
0.0701164818 -0.145 0.24
0.075 -0.145 0.235116482
0.0702305603 -0.145 0.25
0.075 -0.145 0.266217403
0.075 -0.140116477 0.24
0.075 -0.135 0.245250645
0.0702506447 -0.135 0.25
0.0703667068 -0.135 0.26
0.075 -0.135 0.265692997
0.075 -0.126891732 -0.01
0.075 -0.125 -0.0118917298
0.075 -0.126412249 0
0.075 -0.12672091 0.01
0.075 -0.125042815 0.02
0.075 -0.125750976 0.03
0.075 -0.1255757 0.04
0.0664117241 -0.125 0.05
0.075 -0.126120687 0.05
0.075 -0.126075082 0.06
0.0665110016 -0.125 0.07
0.075 -0.125 0.0653384972
0.0659034348 -0.125 0.08
0.068253994 -0.125 0.09
0.0696650124 -0.125 0.25
0.075 -0.125 0.245073872
0.069792099 -0.125 0.26
0.075 -0.125 0.26563385
0.075 -0.118874388 -0.02
0.075 -0.115 -0.0238743901
0.075 -0.123395352 0.07
0.075 -0.12281189 0.08
0.075 -0.12350914 0.09
0.075 -0.123250928 0.1
0.075 -0.119995704 0.11
0.075 -0.119599295 0.12
0.075 -0.119611554 0.13
0.075 -0.117447591 0.14
0.075 -0.116753845 0.15
0.075 -0.115652766 0.16
0.075 -0.115 0.162921257
0.0712097931 -0.115 0.18
0.0704167557 -0.115 0.19
0.075 -0.116410375 0.2
0.075 -0.115 0.196064968
0.0717784309 -0.115 0.2
0.0738301849 -0.115 0.21
0.075 -0.115501065 0.21
0.075 -0.115 0.217531948
0.075 -0.117624393 0.25
0.075 -0.115638003 0.26
0.0705700874 -0.105 -0.02
0.075 -0.105 -0.024429915
0.075 -0.113392324 0.17
0.075 -0.112111173 0.18
0.075 -0.110706935 0.19
0.075 -0.113378563 0.22
0.075 -0.105 0.225077133
0.0724753952 -0.105 0.26
0.075 -0.111409535 0.26
0.075 -0.105 0.256488838
0.075 -0.105 0.262252293
0.0700591087 -0.095 0.11
0.075 -0.101160436 0.1
0.075 -0.095 0.105059109
0.065 -0.1011202 0.1
0.075 -0.103720984 0.23
0.075 -0.102079425 0.24
0.075 -0.0999692106 0.25
0.075 -0.095 0.262615433
0.075 -0.0911074638 0.17
0.075 -0.085 0.17516058
0.075 -0.085 0.26462307
0.0700322533 -0.075 0.22
0.075 -0.0807740688 0.21
0.075 -0.075 0.215032253
0.065 -0.0806623459 0.21
0.075 -0.075 0.267271709
0.0700869179 -0.065 0.26
0.075 -0.0708110142 0.25
0.075 -0.065 0.255086918
0.065 -0.0708388901 0.25
0.075 -0.065 0.269444637
0.075 -0.0600869179 0.26
0.075 -0.00557693481 0.27
0.075 -0.005 0.269830742
0.075 0.005 0.269651222
0.075 0.00800466537 0.27
0.0711255455 0.015 0.27
0.075 0.0501587486 0.26
0.075 0.055 0.255158749
0.075 0.055 0.269771996
0.075 0.0601625061 0.23
0.075 0.065 0.225162506
0.075 0.0602847481 0.24
0.075 0.0604183578 0.25
0.075 0.065 0.26977169
0.075 0.0701151085 0.19
0.075 0.075 0.185115108
0.075 0.0702833176 0.2
0.075 0.070519104 0.21
0.075 0.0705560684 0.22
0.075 0.075 0.268812637
0.0700284004 0.085 0.12
0.075 0.0800284004 0.12
0.075 0.085 0.1150284
0.075 0.0801217461 0.13
0.075 0.0802338791 0.14
0.075 0.0803666496 0.15
0.075 0.0803855133 0.16
0.075 0.080569706 0.17
0.075 0.0807553482 0.18
0.075 0.085 0.266335106
0.075 0.090399189 -0.02
0.075 0.095 -0.0246008062
0.075 0.0904659843 -0.01
0.075 0.0904127693 0
0.075 0.0903157997 0.01
0.075 0.0904095268 0.02
0.075 0.0903557587 0.03
0.075 0.0903817558 0.04
0.075 0.0904633331 0.05
0.075 0.0904520226 0.06
0.075 0.0904598236 0.07
0.075 0.0905577087 0.08
0.075 0.0905017281 0.09
0.075 0.0905206299 0.1
0.075 0.0905853844 0.11
0.075 0.095 0.243365993
0.075 0.0935764313 0.25
0.0725477409 0.095 0.26
0.075 0.095 0.255823612
0.075 0.095 0.260955162
0.075 0.099600811 -0.02
0.075 0.105 -0.0134288573
0.0713070107 0.105 0.2
0.075 0.105 0.192669983
0.075 0.103498669 0.2
0.075 0.105 0.207339764
0.0658967209 0.105 0.22
0.075 0.105 0.21403286
0.075 0.103480759 0.22
0.075 0.100780087 0.23
0.075 0.09639925 0.24
0.075 0.0979810524 0.26
0.075 0.115 -0.0122449708
0.0691046715 0.115 -0.02
0.0695956802 0.115 0.13
0.075 0.115 0.133454189
0.075 0.113279705 0.14
0.075 0.111735344 0.15
0.075 0.110617714 0.16
0.075 0.109682655 0.17
0.075 0.107126865 0.18
0.075 0.105601673 0.19
0.075 0.105626774 0.21
0.075 0.117391014 0
0.075 0.117244968 -0.01
0.075 0.116595783 0.01
0.075 0.117145462 0.02
0.075 0.117724323 0.03
0.075 0.117767582 0.04
0.075 0.117551498 0.05
0.075 0.116830635 0.06
0.075 0.1171702 0.07
0.075 0.117364407 0.08
0.075 0.11727766 0.09
0.075 0.11530304 0.1
0.075 0.115388107 0.11
0.075 0.115688648 0.12
0.075 0.115632401 0.13
0.075 0.117992344 0.26
0.075 0.125 0.250234566
0.0803252983 -0.165 0.2
0.085 -0.169674698 0.2
0.085 -0.165 0.195325298
0.0805154419 -0.165 0.21
0.085 -0.169484563 0.21
0.0807353401 -0.165 0.22
0.085 -0.169264665 0.22
0.0811499023 -0.165 0.23
0.085 -0.168850095 0.23
0.0797005081 -0.175 0.24
0.085 -0.16853439 0.24
0.0794522667 -0.175 0.25
0.085 -0.167825255 0.25
0.0789213371 -0.175 0.26
0.085 -0.16747449 0.26
0.075 -0.175 0.263921337
0.085 -0.165 0.265891495
0.0800572968 -0.155 0.2
0.085 -0.155 0.195057297
0.0802349472 -0.155 0.21
0.0806513214 -0.155 0.22
0.0809037971 -0.155 0.23
0.085 -0.155 0.264843884
0.085 -0.150057292 0.2
0.085 -0.145 0.205171719
0.0801717186 -0.145 0.21
0.0803755569 -0.145 0.22
0.0806104279 -0.145 0.23
0.085 -0.145 0.263771973
0.0800800896 -0.135 0.21
0.085 -0.135 0.20508009
0.0802622604 -0.135 0.22
0.0806002045 -0.135 0.23
0.0808606339 -0.135 0.24
0.085 -0.135 0.264523201
0.0805072975 -0.125 -0.02
0.085 -0.129492707 -0.02
0.085 -0.125 -0.0244927096
0.085 -0.127106452 -0.01
0.085 -0.125540981 0
0.085 -0.126255798 0.01
0.085 -0.125945854 0.02
0.085 -0.126091428 0.03
0.0808300209 -0.125 0.04
0.085 -0.125 0.0374276924
0.0836872101 -0.125 0.05
0.0839937592 -0.125 0.06
0.085 -0.12986897 0.21
0.085 -0.126674433 0.22
0.085 -0.125 0.223753986
0.0816387749 -0.125 0.23
0.0829672623 -0.125 0.24
0.085 -0.125 0.266232395
0.085 -0.115 -0.0242272234
0.085 -0.124276791 0.04
0.085 -0.124671674 0.05
0.085 -0.124783778 0.06
0.085 -0.124247723 0.07
0.085 -0.121669946 0.08
0.085 -0.121343508 0.09
0.085 -0.12099884 0.1
0.085 -0.120558033 0.11
0.085 -0.120522299 0.12
0.085 -0.117922492 0.13
0.085 -0.117345119 0.14
0.082158432 -0.115 0.15
0.085 -0.115 0.148057384
0.0787243843 -0.115 0.16
0.0777522659 -0.115 0.2
0.0789904022 -0.115 0.21
0.085 -0.115 0.212571964
0.085 -0.119970832 0.22
0.0757005882 -0.115 0.22
0.0765356064 -0.115 0.23
0.0807496071 -0.115 0.24
0.0841507339 -0.115 0.25
0.085 -0.115 0.254663448
0.085 -0.11561286 0.26
0.085 -0.110772777 -0.02
0.085 -0.105 -0.0142518353
0.0794299126 -0.105 -0.02
0.085 -0.114537196 0.15
0.085 -0.113846855 0.16
0.085 -0.112979722 0.17
0.085 -0.111022115 0.18
0.085 -0.109941177 0.19
0.085 -0.108153677 0.2
0.085 -0.111000133 0.21
0.085 -0.105 0.219700642
0.085 -0.105157762 0.22
0.0846045303 -0.105 0.22
0.085 -0.105 0.220062008
0.0762809372 -0.105 0.23
0.0780593681 -0.105 0.24
0.0795357704 -0.105 0.25
0.085 -0.112936029 0.26
0.085 -0.105 0.262231121
0.0800154305 -0.095 0.1
0.085 -0.101391597 0.09
0.085 -0.095 0.09501544
0.075 -0.101081862 0.09
0.085 -0.104939547 0.22
0.085 -0.095 0.265315819
0.0800007248 -0.085 0.17
0.085 -0.091137228 0.16
0.085 -0.085 0.165000725
0.075 -0.090896244 0.16
0.085 -0.085 0.26778019
0.085 -0.0809673214 0.21
0.085 -0.075 0.215129356
0.085 -0.075 0.268240337
0.080131588 -0.065 0.25
0.085 -0.0703321838 0.24
0.085 -0.065 0.245131588
0.075 -0.0704994106 0.24
0.085 -0.065 0.26952198
0.0800959396 -0.055 0.25
0.085 -0.055 0.24509594
0.080341568 -0.055 0.26
0.085 -0.055 0.268596001
0.0800498581 -0.045 0.25
0.085 -0.045 0.245049858
0.0802602386 -0.045 0.26
0.085 -0.045 0.267052879
0.080045681 -0.035 0.25
0.085 -0.035 0.245045681
0.0801959991 -0.035 0.26
0.085 -0.035 0.267805138
0.0800198555 -0.025 0.25
0.085 -0.025 0.245019855
0.080173893 -0.025 0.26
0.085 -0.025 0.267950287
0.085 -0.0200198555 0.25
0.085 -0.015 0.255137577
0.0801375771 -0.015 0.26
0.085 -0.015 0.268681221
0.0801157188 -0.005 0.26
0.085 -0.005 0.255115719
0.0763817596 -0.005 0.27
0.085 -0.005 0.268988934
0.0802360916 0.005 0.26
0.085 0.005 0.255236092
0.085 0.000800800323 0.27
0.0800087929 0.015 0.25
0.085 0.0100087929 0.25
0.085 0.015 0.245008793
0.0802545738 0.015 0.26
0.085 0.0111751747 0.27
0.085 0.015 0.269493809
0.0800337029 0.025 0.25
0.085 0.025 0.245033703
0.0802895164 0.025 0.26
0.085 0.025 0.268551006
0.0800775337 0.035 0.25
0.085 0.035 0.245077534
0.0803294563 0.035 0.26
0.085 0.035 0.269221382
0.0801376534 0.045 0.25
0.085 0.045 0.245137653
0.0803949356 0.045 0.26
0.085 0.045 0.267997417
0.0801965332 0.055 0.25
0.085 0.055 0.245196533
0.085 0.055 0.269613495
0.0800286865 0.065 0.22
0.085 0.0600286865 0.22
0.085 0.065 0.215028687
0.085 0.0601863289 0.23
0.085 0.0602624893 0.24
0.085 0.065 0.269976673
0.0800856972 0.075 0.18
0.085 0.0700856972 0.18
0.085 0.075 0.175085697
0.085 0.0701315308 0.19
0.085 0.0704280663 0.2
0.085 0.0704660416 0.21
0.085 0.075 0.269221458
0.0800377464 0.085 0.11
0.085 0.0800377464 0.11
0.085 0.085 0.105037737
0.085 0.0801288033 0.12
0.085 0.0802264786 0.13
0.085 0.0803589821 0.14
0.085 0.0804971123 0.15
0.085 0.0806085968 0.16
0.085 0.0806420517 0.17
0.085 0.085 0.267901459
0.085 0.0905324554 -0.02
0.085 0.095 -0.0244675469
0.085 0.090529747 -0.01
0.085 0.0904683304 0
0.085 0.0905088425 0.01
0.085 0.0904849243 0.02
0.085 0.0904319763 0.03
0.085 0.0904969978 0.04
0.085 0.0905220032 0.05
0.085 0.090585289 0.06
0.085 0.0906474876 0.07
0.085 0.0906485367 0.08
0.085 0.0906937981 0.09
0.085 0.0906733894 0.1
0.0798910713 0.095 0.25
0.085 0.095 0.262443848
0.085 0.0994675446 -0.02
0.085 0.105 -0.0132016253
0.085 0.105 0.196712818
0.085 0.103214474 0.2
0.085 0.101123943 0.21
0.0762310028 0.105 0.21
0.085 0.101370182 0.22
0.085 0.10461319 0.23
0.085 0.101672287 0.24
0.085 0.101908131 0.25
0.085 0.0992493439 0.26
0.085 0.115 -0.0113516593
0.0796806526 0.115 0.11
0.085 0.115 0.107595749
0.085 0.114426804 0.11
0.085 0.114174328 0.12
0.08037714 0.115 0.12
0.085 0.114082165 0.13
0.079979229 0.115 0.13
0.085 0.114074993 0.14
0.085 0.110647049 0.15
0.085 0.109703922 0.16
0.085 0.108289528 0.17
0.085 0.109664307 0.18
0.085 0.107643166 0.19
0.085 0.117287903 0
0.085 0.116351662 -0.01
0.085 0.11728508 0.01
0.085 0.117446918 0.02
0.085 0.117363052 0.03
0.085 0.117108536 0.04
0.085 0.117235565 0.05
0.085 0.116909809 0.06
0.085 0.116091576 0.07
0.085 0.11667963 0.08
0.085 0.116507168 0.09
0.085 0.116242809 0.1
0.085 0.119524937 0.26
0.085 0.125 0.25257618
0.0902043533 -0.165 0.14
0.095 -0.169795654 0.14
0.095 -0.165 0.135204353
0.0902925491 -0.165 0.15
0.095 -0.169707457 0.15
0.0907675934 -0.165 0.17
0.095 -0.169232414 0.17
0.095 -0.165 0.165767593
0.0914128876 -0.165 0.19
0.095 -0.168587108 0.19
0.095 -0.165 0.186412888
0.095 -0.16834244 0.2
0.095 -0.165 0.217519798
0.0894845581 -0.165 0.21
0.095 -0.167480192 0.22
0.0903681374 -0.175 0.24
0.095 -0.175 0.235368137
0.095 -0.165 0.2364674
0.0888500977 -0.165 0.23
0.0905298233 -0.175 0.25
0.090717411 -0.175 0.26
0.095 -0.175 0.266861057
0.095 -0.165 0.263695011
0.0900172615 -0.155 0.14
0.095 -0.155 0.135017262
0.0903028488 -0.155 0.15
0.095 -0.15958917 0.16
0.095 -0.165 0.154707451
0.0904108238 -0.155 0.16
0.0907753754 -0.155 0.17
0.095 -0.159182575 0.18
0.095 -0.165 0.174232407
0.0908174324 -0.155 0.18
0.0910086632 -0.155 0.19
0.095 -0.158193341 0.21
0.095 -0.165 0.203342438
0.095 -0.157213826 0.23
0.095 -0.165 0.222480202
0.095 -0.155 0.263709755
0.095 -0.150017262 0.14
0.095 -0.145 0.145017357
0.0900173569 -0.145 0.15
0.0903172112 -0.145 0.16
0.0904472542 -0.145 0.17
0.0906005478 -0.145 0.18
0.0910251236 -0.145 0.19
0.0911301613 -0.145 0.2
0.095 -0.145 0.263789997
0.095 -0.139977715 0.15
0.095 -0.135 0.155020962
0.0899097824 -0.135 0.16
0.0902029228 -0.135 0.17
0.0904695511 -0.135 0.18
0.0906980133 -0.135 0.19
0.0908798599 -0.135 0.2
0.095 -0.135 0.264516811
0.095 -0.125 -0.0139496398
0.0894927025 -0.125 -0.02
0.095 -0.128949642 -0.01
0.0874417305 -0.125 0
0.095 -0.125 -0.00160070419
0.0924259758 -0.125 0.01
0.0944922638 -0.125 0.02
0.0935697556 -0.125 0.03
0.095 -0.125 0.0345972061
0.095 -0.125224681 0.04
0.091384201 -0.125 0.04
0.095 -0.125 0.0409969521
0.095 -0.128396983 0.16
0.095 -0.125 0.169442749
0.094546032 -0.125 0.17
0.0948346519 -0.125 0.18
0.095 -0.125 0.180764713
0.095 -0.126444316 0.19
0.095 -0.125136085 0.2
0.095 -0.125844002 0.21
0.0894410515 -0.125 0.22
0.095 -0.125 0.211917896
0.0946670532 -0.125 0.23
0.095 -0.125 0.229562225
0.095 -0.125226526 0.23
0.095 -0.126343579 0.24
0.0932849312 -0.125 0.24
0.095 -0.125 0.242327175
0.095 -0.125 0.261627293
0.095 -0.118877192 -0.02
0.095 -0.115 -0.0238771939
0.095 -0.122424417 0
0.095 -0.124097381 0.01
0.095 -0.124898639 0.02
0.095 -0.124655452 0.03
0.095 -0.121804042 0.05
0.095 -0.122927208 0.06
0.095 -0.121933322 0.07
0.095 -0.122450657 0.08
0.095 -0.121730638 0.09
0.095 -0.119145694 0.1
0.095 -0.119047699 0.11
0.095 -0.116951351 0.12
0.095 -0.116663041 0.13
0.095 -0.115970974 0.14
0.09216259 -0.115 0.15
0.095 -0.115202646 0.15
0.095 -0.115 0.150741291
0.095 -0.123509617 0.17
0.095 -0.115 0.172547188
0.0880439186 -0.115 0.18
0.095 -0.121741457 0.19
0.0901762962 -0.115 0.19
0.091238575 -0.115 0.2
0.095 -0.124543433 0.2
0.0880544662 -0.115 0.21
0.095 -0.122237487 0.21
0.095 -0.123766623 0.23
0.095 -0.117495704 0.24
0.095 -0.115 0.241582909
0.0875554276 -0.115 0.25
0.095 -0.118491139 0.25
0.0869461441 -0.115 0.26
0.095 -0.115 0.253808689
0.095 -0.115 0.262274933
0.0907940102 -0.105 -0.02
0.095 -0.105 -0.0242059922
0.095 -0.112721567 0.16
0.095 -0.111658492 0.17
0.0850906563 -0.105 0.22
0.095 -0.107595401 0.25
0.095 -0.105 0.262387123
0.0900275803 -0.095 0.08
0.095 -0.101226735 0.07
0.095 -0.095 0.0750275803
0.085 -0.101180711 0.08
0.085 -0.100905123 0.07
0.0900696373 -0.095 0.09
0.095 -0.095 0.265616302
0.0900217438 -0.085 0.16
0.095 -0.0909869289 0.15
0.095 -0.085 0.155021744
0.085 -0.0907384014 0.15
0.095 -0.085 0.266859341
0.0901187325 -0.075 0.2
0.095 -0.0804837227 0.19
0.095 -0.075 0.195118732
0.085 -0.080700264 0.2
0.085 -0.0805295277 0.19
0.0902305412 -0.075 0.21
0.095 -0.075 0.265988884
0.095 -0.0701187325 0.2
0.095 -0.065 0.205155964
0.0901559639 -0.065 0.21
0.0903230667 -0.065 0.22
0.085 -0.0701293659 0.22
0.0905932426 -0.065 0.23
0.085 -0.0703733635 0.23
0.0909273338 -0.065 0.24
0.095 -0.065 0.267385044
0.090050602 -0.055 0.21
0.095 -0.055 0.205050602
0.0902470207 -0.055 0.22
0.0904888535 -0.055 0.23
0.0908465004 -0.055 0.24
0.095 -0.055 0.268436298
0.0900074768 -0.045 0.21
0.095 -0.045 0.205007477
0.0901651382 -0.045 0.22
0.0904226875 -0.045 0.23
0.090654583 -0.045 0.24
0.095 -0.045 0.267085857
0.095 -0.0400074768 0.21
0.095 -0.035 0.215090027
0.0900900269 -0.035 0.22
0.0903424835 -0.035 0.23
0.090571003 -0.035 0.24
0.095 -0.035 0.266377316
0.0900655365 -0.025 0.22
0.095 -0.025 0.215065536
0.0902859497 -0.025 0.23
0.0905424309 -0.025 0.24
0.095 -0.025 0.267283611
0.0900684166 -0.015 0.22
0.095 -0.015 0.215068417
0.0902384758 -0.015 0.23
0.0904925919 -0.015 0.24
0.0907614326 -0.015 0.25
0.095 -0.015 0.268211899
0.0900583458 -0.005 0.22
0.095 -0.005 0.215058346
0.0902347183 -0.005 0.23
0.0904600525 -0.005 0.24
0.0907285309 -0.005 0.25
0.095 -0.005 0.26871233
0.0900635338 0.005 0.22
0.095 0.005 0.215063534
0.0902174759 0.005 0.23
0.0904437637 0.005 0.24
0.0907410049 0.005 0.25
0.0889132118 0.005 0.27
0.095 0.005 0.268412685
0.0900812721 0.015 0.22
0.095 0.015 0.215081272
0.0903411865 0.015 0.23
0.0904100609 0.015 0.24
0.0934615135 0.015 0.27
0.095 0.0143248558 0.27
0.0901075363 0.025 0.22
0.095 0.025 0.215107536
0.0901946831 0.025 0.23
0.0904214859 0.025 0.24
0.095 0.025 0.269514904
0.095 0.0171009827 0.27
0.0901540375 0.035 0.22
0.095 0.035 0.215154037
0.0902199173 0.035 0.23
0.0904507828 0.035 0.24
0.095 0.035 0.269314613
0.0900298309 0.045 0.21
0.095 0.0400298309 0.21
0.095 0.045 0.205029831
0.0902028084 0.045 0.22
0.0904913139 0.045 0.23
0.0904704857 0.045 0.24
0.095 0.045 0.267973118
0.0901035118 0.055 0.21
0.095 0.055 0.205103512
0.0902807617 0.055 0.22
0.0902854729 0.055 0.23
0.0905235672 0.055 0.24
0.095 0.055 0.267894726
0.0901734161 0.065 0.21
0.095 0.065 0.205173416
0.095 0.065 0.269256554
0.0900084496 0.075 0.17
0.095 0.0700084496 0.17
0.095 0.075 0.16500845
0.095 0.0701308823 0.18
0.095 0.0702995872 0.19
0.095 0.0703539467 0.2
0.095 0.075 0.269432335
0.0900063896 0.085 0.09
0.095 0.0800063896 0.09
0.095 0.085 0.0850063896
0.0900724792 0.085 0.1
0.095 0.0800724792 0.1
0.095 0.080133152 0.11
0.095 0.0802112389 0.12
0.095 0.0803263092 0.13
0.095 0.0805472374 0.14
0.095 0.0806910896 0.15
0.095 0.0805621719 0.16
0.095 0.085 0.26782547
0.095 0.0907833481 -0.02
0.095 0.095 -0.0242166495
0.095 0.0906858063 -0.01
0.095 0.0906275558 0
0.095 0.0905210876 0.01
0.095 0.0906349945 0.02
0.095 0.0905641365 0.03
0.095 0.0905943871 0.04
0.095 0.0906817818 0.05
0.095 0.090667572 0.06
0.095 0.0904878807 0.07
0.095 0.0905514145 0.08
0.0945023346 0.095 0.26
0.095 0.095 0.259373627
0.095 0.0948125076 0.26
0.095 0.0992166519 -0.02
0.095 0.105 -0.0131342053
0.0881163406 0.105 0.2
0.0910204124 0.105 0.21
0.0929048347 0.105 0.22
0.0874289513 0.105 0.23
0.095 0.105 0.234306355
0.095 0.103182182 0.24
0.095 0.0991392708 0.25
0.095 0.115 -0.0136198115
0.0898109245 0.115 0.11
0.0940943718 0.115 0.12
0.095 0.115 0.120374165
0.095 0.112643108 0.13
0.095 0.112101822 0.14
0.095 0.1107938 0.15
0.095 0.108208523 0.16
0.095 0.109323063 0.17
0.095 0.110512638 0.18
0.095 0.108163853 0.19
0.095 0.108935394 0.2
0.095 0.107839127 0.21
0.095 0.105793915 0.22
0.095 0.106000538 0.23
0.095 0.116361618 0
0.095 0.118619804 -0.01
0.095 0.116401825 0.01
0.095 0.117271366 0.02
0.095 0.117604942 0.03
0.095 0.115892506 0.04
0.095 0.116063519 0.05
0.095 0.116615486 0.06
0.095 0.117026691 0.07
0.095 0.117202187 0.08
0.095 0.115090256 0.09
0.095 0.11503643 0.1
0.095 0.115445976 0.11
0.095 0.115060768 0.12
0.095 0.122501583 0.26
0.095 0.125 0.256369228
0.085 0.125 0.263398228
0.095 0.125 0.262590809
0.0992324066 -0.165 0.17
0.100572739 -0.165 0.18
0.105 -0.170304717 0.17
0.105 -0.165 0.175572739
0.100304718 -0.175 0.17
0.100349369 -0.175 0.18
0.100412483 -0.175 0.19
0.101097164 -0.175 0.2
0.101515102 -0.165 0.21
0.101215076 -0.175 0.21
0.101360207 -0.175 0.22
0.101871281 -0.165 0.23
0.10238369 -0.175 0.23
0.105 -0.175 0.260490742
0.105 -0.165 0.261667194
0.100001392 -0.155 -0.02
0.105 -0.15999861 -0.02
0.105 -0.155 -0.02499861
0.100024414 -0.155 -0.01
0.105 -0.15997559 -0.01
0.100056934 -0.155 0
0.105 -0.159943066 0
0.100143185 -0.155 0.01
0.105 -0.159856812 0.01
0.100198879 -0.155 0.02
0.105 -0.159801124 0.02
0.100091038 -0.155 0.03
0.105 -0.159908968 0.03
0.100224628 -0.155 0.04
0.105 -0.15977538 0.04
0.100317745 -0.155 0.05
0.105 -0.159682245 0.05
0.100255985 -0.155 0.06
0.105 -0.159744006 0.06
0.100445671 -0.155 0.07
0.105 -0.159554321 0.07
0.100583839 -0.155 0.08
0.105 -0.159416156 0.08
0.100569534 -0.155 0.09
0.105 -0.159430462 0.09
0.100833817 -0.155 0.1
0.105 -0.159166181 0.1
0.100859585 -0.155 0.11
0.105 -0.159140407 0.11
0.101193333 -0.155 0.12
0.105 -0.158806676 0.12
0.101267452 -0.155 0.13
0.105 -0.158732545 0.13
0.0997956467 -0.165 0.14
0.105 -0.15845188 0.14
0.0997074509 -0.165 0.15
0.105 -0.15796651 0.15
0.105 -0.157995 0.16
0.105 -0.158881357 0.17
0.104496918 -0.155 0.25
0.105 -0.155 0.247279129
0.105 -0.156021053 0.25
0.105 -0.160315539 0.26
0.101893158 -0.155 0.26
0.105 -0.15000139 -0.02
0.105 -0.145 -0.0149410105
0.100058994 -0.145 -0.01
0.105 -0.150143189 0.01
0.105 -0.145 0.0150544691
0.100054474 -0.145 0.02
0.105 -0.150091031 0.03
0.105 -0.145 0.0350354099
0.100035419 -0.145 0.04
0.100178738 -0.145 0.05
0.100283394 -0.145 0.06
0.100241413 -0.145 0.07
0.100443039 -0.145 0.08
0.100435619 -0.145 0.09
0.10060091 -0.145 0.1
0.100882339 -0.145 0.11
0.100930328 -0.145 0.12
0.101001282 -0.145 0.13
0.101388149 -0.145 0.14
0.104958401 -0.145 0.25
0.105 -0.145 0.24983633
0.103122845 -0.145 0.26
0.100135422 -0.135 -0.02
0.105 -0.139864585 -0.02
0.105 -0.135 -0.0248645854
0.100190449 -0.135 -0.01
0.105 -0.135935225 0
0.105 -0.145 -0.00505898952
0.103835335 -0.135 0
0.105 -0.135 0.00304724693
0.105 -0.137021549 0.02
0.105 -0.135 0.0271841145
0.103927612 -0.135 0.03
0.105 -0.135885665 0.03
0.105 -0.145 0.0249455309
0.103737335 -0.135 0.04
0.104385338 -0.135 0.05
0.105 -0.135 0.0517738152
0.105 -0.137081578 0.06
0.105 -0.135 0.0639100266
0.101664009 -0.135 0.07
0.102199364 -0.135 0.08
0.101944523 -0.135 0.09
0.102394924 -0.135 0.1
0.102757473 -0.135 0.11
0.102872143 -0.135 0.12
0.103320808 -0.135 0.13
0.103773136 -0.135 0.14
0.101019211 -0.135 0.15
0.105 -0.144479098 0.25
0.103719292 -0.135 0.26
0.105 -0.135 0.254412842
0.105 -0.125 -0.0128866148
0.105 -0.130135417 -0.02
0.103557453 -0.125 0
0.105 -0.125823088 0.01
0.10147131 -0.125 0.01
0.105 -0.125 0.0111486912
0.105 -0.130153346 0.03
0.0978821945 -0.125 0.04
0.105 -0.127820115 0.04
0.0994051933 -0.125 0.05
0.105 -0.125 0.0417717171
0.105 -0.129812288 0.06
0.0978249931 -0.125 0.06
0.101024094 -0.125 0.07
0.097475853 -0.125 0.08
0.0980318642 -0.125 0.09
0.100544548 -0.125 0.1
0.100310402 -0.125 0.11
0.102887974 -0.125 0.12
0.102723885 -0.125 0.13
0.10354063 -0.125 0.14
0.105 -0.125 0.149299793
0.105 -0.125064263 0.15
0.105 -0.12683578 0.16
0.105 -0.127234554 0.17
0.0966368484 -0.125 0.17
0.105 -0.127743945 0.18
0.0954324341 -0.125 0.18
0.105 -0.126021409 0.19
0.105 -0.127993603 0.2
0.0977236557 -0.125 0.21
0.105 -0.125 0.20576498
0.0990043068 -0.125 0.23
0.097155323 -0.125 0.24
0.102747002 -0.125 0.26
0.105 -0.125 0.258086815
0.105 -0.118442965 -0.02
0.105 -0.115 -0.0234429646
0.105 -0.121676602 0.02
0.105 -0.12271626 0.03
0.105 -0.123809638 0.04
0.105 -0.124878082 0.15
0.0980561829 -0.115 0.16
0.105 -0.122050004 0.16
0.105 -0.12063591 0.17
0.0996389961 -0.115 0.17
0.105 -0.118677382 0.18
0.105 -0.123538818 0.19
0.105 -0.120837774 0.2
0.0969538116 -0.115 0.24
0.105 -0.115 0.235059834
0.105 -0.117734103 0.24
0.105 -0.115 0.249516315
0.104621277 -0.115 0.25
0.105 -0.115 0.250407982
0.101372185 -0.115 0.26
0.105 -0.111557035 -0.02
0.105 -0.105 -0.0139794445
0.0992059898 -0.105 -0.02
0.105 -0.109566336 0.24
0.0989440918 -0.105 0.25
0.105 -0.105 0.245473728
0.105 -0.114318442 0.25
0.0999121666 -0.105 0.26
0.10005743 -0.095 0.07
0.105 -0.101148133 0.06
0.105 -0.095 0.0650574303
0.095 -0.101218133 0.06
0.105 -0.102927332 0.25
0.105 -0.0995592928 0.26
0.105 -0.095 0.26175499
0.100149002 -0.085 0.14
0.105 -0.0902814007 0.13
0.105 -0.085 0.135149002
0.095 -0.0908259773 0.14
0.095 -0.0906898308 0.13
0.100271034 -0.085 0.15
0.105 -0.085 0.264208012
0.100128727 -0.075 0.14
0.105 -0.075 0.135128727
0.100177231 -0.075 0.15
0.100316887 -0.075 0.16
0.095 -0.0800217438 0.16
0.100380917 -0.075 0.17
0.095 -0.0801726151 0.17
0.10066288 -0.075 0.18
0.095 -0.0803461647 0.18
0.100887508 -0.075 0.19
0.105 -0.075 0.264461861
0.105 -0.070128727 0.14
0.105 -0.065 0.145037441
0.100037441 -0.065 0.15
0.100172958 -0.065 0.16
0.100366879 -0.065 0.17
0.100569363 -0.065 0.18
0.100737572 -0.065 0.19
0.100939884 -0.065 0.2
0.105 -0.065 0.267439594
0.105 -0.0600374413 0.15
0.105 -0.055 0.155063496
0.100063496 -0.055 0.16
0.100295639 -0.055 0.17
0.100431919 -0.055 0.18
0.10064291 -0.055 0.19
0.100792542 -0.055 0.2
0.105 -0.055 0.26669241
0.100074272 -0.045 0.16
0.105 -0.045 0.155074272
0.100228939 -0.045 0.17
0.100328407 -0.045 0.18
0.100534439 -0.045 0.19
0.1007271 -0.045 0.2
0.105 -0.045 0.26601759
0.105 -0.0400742722 0.16
0.105 -0.035 0.165143394
0.100143394 -0.035 0.17
0.100275612 -0.035 0.18
0.1004352 -0.035 0.19
0.100624142 -0.035 0.2
0.100892448 -0.035 0.21
0.105 -0.035 0.26626852
0.100067177 -0.025 0.17
0.105 -0.025 0.165067177
0.100203915 -0.025 0.18
0.100403576 -0.025 0.19
0.100549278 -0.025 0.2
0.100813293 -0.025 0.21
0.105 -0.025 0.267956524
0.100051651 -0.015 0.17
0.105 -0.015 0.165051651
0.100182114 -0.015 0.18
0.100339775 -0.015 0.19
0.100525208 -0.015 0.2
0.100746078 -0.015 0.21
0.105 -0.015 0.266450253
0.100072117 -0.005 0.17
0.105 -0.005 0.165072117
0.100136127 -0.005 0.18
0.100333176 -0.005 0.19
0.100478687 -0.005 0.2
0.100738754 -0.005 0.21
0.105 -0.005 0.268250771
0.100076981 0.005 0.17
0.105 0.005 0.165076981
0.100106106 0.005 0.18
0.100303001 0.005 0.19
0.100488281 0.005 0.2
0.1007094 0.005 0.21
0.105 0.005 0.266977463
0.100095196 0.015 0.17
0.105 0.015 0.165095196
0.100189667 0.015 0.18
0.100287533 0.015 0.19
0.100473785 0.015 0.2
0.100696621 0.015 0.21
0.095562973 0.015 0.27
0.105 0.015 0.267635727
0.100122604 0.025 0.17
0.105 0.025 0.165122604
0.100217896 0.025 0.18
0.100263958 0.025 0.19
0.10041172 0.025 0.2
0.100670109 0.025 0.21
0.105 0.025 0.268562698
0.100000858 0.035 0.16
0.105 0.0300008583 0.16
0.105 0.035 0.155000858
0.100171623 0.035 0.17
0.100268288 0.035 0.18
0.100280209 0.035 0.19
0.100467911 0.035 0.2
0.100693207 0.035 0.21
0.105 0.035 0.269257469
0.100060482 0.045 0.16
0.105 0.045 0.155060482
0.100223122 0.045 0.17
0.100321236 0.045 0.18
0.100341606 0.045 0.19
0.100495358 0.045 0.2
0.105 0.045 0.268943462
0.100119781 0.055 0.16
0.105 0.055 0.155119781
0.100285854 0.055 0.17
0.100406342 0.055 0.18
0.100336475 0.055 0.19
0.100529537 0.055 0.2
0.105 0.055 0.268693275
0.100065479 0.065 0.15
0.105 0.0600654793 0.15
0.105 0.065 0.145065479
0.100213223 0.065 0.16
0.100384712 0.065 0.17
0.10048727 0.065 0.18
0.100388889 0.065 0.19
0.100600395 0.065 0.2
0.105 0.065 0.269175644
0.100007095 0.075 0.13
0.105 0.0700070953 0.13
0.105 0.075 0.125007095
0.100017796 0.075 0.14
0.105 0.0700177956 0.14
0.100148048 0.075 0.15
0.100300045 0.075 0.16
0.105 0.075 0.268989143
0.100011482 0.085 0.07
0.105 0.0800114822 0.07
0.105 0.085 0.0650114822
0.100076561 0.085 0.08
0.105 0.080076561 0.08
0.105 0.080060463 0.09
0.105 0.0801050568 0.1
0.105 0.0801664925 0.11
0.105 0.0802791786 0.12
0.105 0.085 0.266438408
0.105 0.0908301163 -0.02
0.105 0.095 -0.0241698909
0.105 0.0908543205 -0.01
0.105 0.0907152367 0
0.105 0.0906745338 0.01
0.105 0.0907508278 0.02
0.105 0.0907357597 0.03
0.105 0.0907472229 0.04
0.105 0.0908605194 0.05
0.105 0.0908242607 0.06
0.102955856 0.095 0.25
0.105 0.095 0.247924004
0.105 0.094260788 0.25
0.105 0.0909101677 0.26
0.100778866 0.105 -0.02
0.105 0.105 -0.0242211437
0.0988218689 0.105 0.23
0.105 0.105 0.224590225
0.105 0.102609291 0.23
0.105 0.0992879486 0.24
0.10001461 0.115 -0.03
0.105 0.11001461 -0.03
0.105 0.115 -0.0349853873
0.100058346 0.115 -0.02
0.102043705 0.115 0.13
0.105 0.115 0.133974113
0.105 0.113512802 0.14
0.105 0.112125511 0.15
0.105 0.111552658 0.16
0.105 0.109771214 0.17
0.105 0.10980917 0.18
0.105 0.108253384 0.19
0.105 0.106541691 0.2
0.105 0.107120495 0.21
0.105 0.10612133 0.22
0.100148163 0.125 -0.03
0.105 0.125 -0.0348518324
0.100193768 0.125 -0.02
0.100062923 0.125 -0.01
0.105 0.125 -0.00197380066
0.105 0.119873123 0
0.105 0.117754116 0.01
0.105 0.116043758 0.02
0.105 0.117416248 0.03
0.105 0.118094769 0.04
0.105 0.116994572 0.05
0.105 0.115857925 0.06
0.105 0.118176975 0.07
0.105 0.120229225 0.08
0.105 0.118099327 0.09
0.105 0.116714287 0.1
0.105 0.11657774 0.11
0.105 0.116399212 0.12
0.105 0.116117516 0.13
0.100844479 0.125 0.26
0.110256176 -0.165 0.03
0.115 -0.169743828 0.03
0.115 -0.165 0.0252561712
0.115 -0.175 0.0350669193
0.11006691 -0.175 0.04
0.110262508 -0.165 0.04
0.115 -0.169905404 0.05
0.115 -0.175 0.0449330807
0.110094604 -0.165 0.05
0.110125046 -0.165 0.06
0.115 -0.169874959 0.06
0.115 -0.175 0.0653517532
0.110351753 -0.175 0.07
0.110568008 -0.165 0.07
0.110404224 -0.175 0.08
0.110434532 -0.165 0.08
0.115 -0.16949447 0.09
0.115 -0.175 0.0845957756
0.110505524 -0.165 0.09
0.111066475 -0.165 0.1
0.115 -0.168933525 0.1
0.115 -0.175 0.105916014
0.110916023 -0.175 0.11
0.111179485 -0.165 0.11
0.115 -0.168902733 0.12
0.115 -0.175 0.114083977
0.11109726 -0.165 0.12
0.111848774 -0.165 0.13
0.115 -0.168151219 0.13
0.115 -0.175 0.136710281
0.111710281 -0.175 0.14
0.111800175 -0.165 0.14
0.115 -0.167982023 0.15
0.115 -0.175 0.143289719
0.112017975 -0.165 0.15
0.105 -0.17027815 0.16
0.11310606 -0.165 0.16
0.115 -0.175 0.157670784
0.105 -0.175 0.155278149
0.113137608 -0.165 0.17
0.109650631 -0.175 0.18
0.115 -0.166787702 0.18
0.115 -0.175 0.172303677
0.109587517 -0.175 0.19
0.115 -0.165143834 0.19
0.115 -0.165 0.196954384
0.114914856 -0.165 0.2
0.115 -0.175 0.199783878
0.115 -0.167244061 0.2
0.115 -0.175 0.200216122
0.108784924 -0.175 0.21
0.11441431 -0.165 0.21
0.112251816 -0.175 0.22
0.111681042 -0.165 0.22
0.110858555 -0.175 0.23
0.111165314 -0.165 0.23
0.107360935 -0.175 0.24
0.109207611 -0.165 0.24
0.106494446 -0.175 0.25
0.107822056 -0.165 0.25
0.105301361 -0.175 0.26
0.107092476 -0.165 0.26
0.115 -0.155 0.00510386467
0.109943066 -0.155 0
0.115 -0.159896137 0.01
0.109775372 -0.155 0.04
0.115 -0.155 0.045299902
0.115 -0.16026251 0.04
0.115 -0.164417537 0.2
0.112668476 -0.155 0.21
0.115 -0.155 0.204952927
0.112274609 -0.155 0.22
0.109745388 -0.155 0.23
0.106534042 -0.155 0.24
0.109998608 -0.155 -0.02
0.115 -0.145 -0.0235549593
0.111445045 -0.145 -0.02
0.115 -0.148554959 -0.02
0.115 -0.148528521 -0.01
0.109975586 -0.155 -0.01
0.111575451 -0.145 0
0.115 -0.148424551 0
0.105 -0.150056934 0
0.111639175 -0.145 0.01
0.109801121 -0.155 0.02
0.115 -0.148573723 0.02
0.115 -0.155 0.0148961353
0.110872555 -0.145 0.03
0.115 -0.149127436 0.03
0.109908962 -0.155 0.03
0.115 -0.1482726 0.04
0.11335865 -0.145 0.2
0.115 -0.145 0.192542324
0.115 -0.149831631 0.2
0.112559795 -0.145 0.21
0.110697536 -0.145 0.22
0.108993511 -0.145 0.23
0.107377033 -0.145 0.24
0.115 -0.135 -0.0234357405
0.112147636 -0.135 0.01
0.111888885 -0.135 0.02
0.115 -0.136856976 0.03
0.115 -0.135 0.0241126299
0.108774433 -0.135 0.03
0.115 -0.137775276 0.04
0.108688545 -0.135 0.04
0.115 -0.135 0.0437868786
0.109312763 -0.135 0.06
0.115 -0.13705025 0.2
0.113701038 -0.135 0.21
0.115 -0.135 0.203031254
0.111549683 -0.135 0.22
0.110150166 -0.135 0.23
0.107582397 -0.135 0.24
0.105851021 -0.135 0.25
0.111163807 -0.125 -0.02
0.115 -0.125 -0.0238362002
0.108806095 -0.125 0.02
0.109365311 -0.130512404 0.0257222795
0.115 -0.130858979 0.03
0.108130093 -0.125 0.03
0.115 -0.128964996 0.04
0.107589245 -0.125 0.04
0.112842102 -0.125 0.13
0.115 -0.125 0.128425961
0.115 -0.125488911 0.13
0.115 -0.126059861 0.14
0.110305672 -0.125 0.14
0.115 -0.126912293 0.15
0.115 -0.128297181 0.16
0.115 -0.12923193 0.17
0.115 -0.131125975 0.18
0.115 -0.132769127 0.19
0.115 -0.131791897 0.2
0.110133076 -0.125 0.21
0.110647526 -0.125 0.22
0.105400143 -0.125 0.23
0.107983398 -0.125 0.24
0.106893234 -0.125 0.25
0.115 -0.115 -0.0238913369
0.115 -0.124381189 0.13
0.115 -0.123292437 0.14
0.115 -0.1223698 0.15
0.115 -0.120312324 0.16
0.115 -0.11868722 0.17
0.115 -0.115400887 0.18
0.113594437 -0.115 0.19
0.115 -0.115 0.181733494
0.112020092 -0.115 0.2
0.11265604 -0.115 0.21
0.110911655 -0.115 0.22
0.107722549 -0.115 0.23
0.105123081 -0.115 0.25
0.110981503 -0.105 -0.02
0.115 -0.105 -0.0240184927
0.115 -0.112498097 0.19
0.115 -0.10986474 0.2
0.115 -0.109141903 0.21
0.112898312 -0.105 0.22
0.115 -0.105 0.214429283
0.110225182 -0.105 0.23
0.107137203 -0.105 0.24
0.110771332 -0.095 -0.02
0.115 -0.095 -0.0242286634
0.110701923 -0.095 -0.01
0.105 -0.101020555 -0.01
0.110650349 -0.095 0
0.105 -0.101088796 0
0.110765324 -0.095 0.01
0.105 -0.100971589 0.01
0.11074564 -0.095 0.02
0.105 -0.100881543 0.02
0.110641689 -0.095 0.03
0.105 -0.101257324 0.03
0.110433674 -0.095 0.04
0.105 -0.101196446 0.04
0.110475502 -0.095 0.05
0.105 -0.101160493 0.05
0.110504875 -0.095 0.06
0.115 -0.102391291 0.22
0.115 -0.0990845251 0.23
0.114187126 -0.095 0.24
0.115 -0.095 0.23797657
0.111424084 -0.095 0.25
0.108735561 -0.095 0.26
0.110635033 -0.085 -0.02
0.115 -0.085 -0.0243649578
0.110461636 -0.085 -0.01
0.110639286 -0.085 0
0.110523281 -0.085 0.01
0.110610905 -0.085 0.02
0.110513344 -0.085 0.03
0.110548992 -0.085 0.04
0.110585213 -0.085 0.05
0.110635872 -0.085 0.06
0.11063715 -0.085 0.07
0.105 -0.0900574303 0.07
0.11075037 -0.085 0.08
0.105 -0.0900815392 0.08
0.110771675 -0.085 0.09
0.105 -0.0901209545 0.09
0.110522003 -0.085 0.1
0.105 -0.0903611469 0.1
0.110616455 -0.085 0.11
0.105 -0.0904359436 0.11
0.110739727 -0.085 0.12
0.105 -0.0903087902 0.12
0.111002064 -0.085 0.13
0.115 -0.0879955101 0.24
0.112768478 -0.085 0.25
0.115 -0.085 0.241235085
0.115 -0.085 0.257913647
0.115 -0.0859702587 0.26
0.115 -0.085 0.260383034
0.110523148 -0.075 -0.02
0.115 -0.075 -0.0244768572
0.110463657 -0.075 -0.01
0.110421371 -0.075 0
0.110395107 -0.075 0.01
0.110508118 -0.075 0.02
0.110510998 -0.075 0.03
0.110438137 -0.075 0.04
0.110387669 -0.075 0.05
0.110439396 -0.075 0.06
0.110611382 -0.075 0.07
0.110631351 -0.075 0.08
0.110653152 -0.075 0.09
0.110695648 -0.075 0.1
0.11086956 -0.075 0.11
0.110706024 -0.075 0.12
0.110794487 -0.075 0.13
0.115 -0.0789078808 0.25
0.115 -0.075 0.254324684
0.113144035 -0.075 0.26
0.115 -0.0826150799 0.26
0.110426235 -0.065 -0.02
0.115 -0.065 -0.0245737672
0.110369911 -0.065 -0.01
0.110433331 -0.065 0
0.11031147 -0.065 0.01
0.110395832 -0.065 0.02
0.110325184 -0.065 0.03
0.11026165 -0.065 0.04
0.110394955 -0.065 0.05
0.110446491 -0.065 0.06
0.110432529 -0.065 0.07
0.110438137 -0.065 0.08
0.110462971 -0.065 0.09
0.110622005 -0.065 0.1
0.110762329 -0.065 0.11
0.110847874 -0.065 0.12
0.110562229 -0.065 0.13
0.110726242 -0.065 0.14
0.115 -0.0704266548 0.26
0.115 -0.065 0.262504635
0.11045084 -0.055 -0.02
0.115 -0.055 -0.0245491672
0.110293217 -0.055 -0.01
0.110353603 -0.055 0
0.110236454 -0.055 0.01
0.110230446 -0.055 0.02
0.110237217 -0.055 0.03
0.110279713 -0.055 0.04
0.110236225 -0.055 0.05
0.110288887 -0.055 0.06
0.110355091 -0.055 0.07
0.110361519 -0.055 0.08
0.110479336 -0.055 0.09
0.110523453 -0.055 0.1
0.110587463 -0.055 0.11
0.110686493 -0.055 0.12
0.110793781 -0.055 0.13
0.110782013 -0.055 0.14
0.110863705 -0.055 0.15
0.111905308 -0.055 0.26
0.115 -0.055 0.251053772
0.115 -0.0614452267 0.26
0.110280972 -0.045 -0.02
0.115 -0.045 -0.0247190213
0.110230846 -0.045 -0.01
0.110197372 -0.045 0
0.110177174 -0.045 0.01
0.110261688 -0.045 0.02
0.110184364 -0.045 0.03
0.110207024 -0.045 0.04
0.11016573 -0.045 0.05
0.1102281 -0.045 0.06
0.110220089 -0.045 0.07
0.110315399 -0.045 0.08
0.11034277 -0.045 0.09
0.110388565 -0.045 0.1
0.1104533 -0.045 0.11
0.110537872 -0.045 0.12
0.11053484 -0.045 0.13
0.110636063 -0.045 0.14
0.11071846 -0.045 0.15
0.114918804 -0.045 0.25
0.115 -0.045 0.249720306
0.115 -0.046814146 0.25
0.113082352 -0.045 0.26
0.110232182 -0.035 -0.02
0.115 -0.035 -0.024767828
0.110185699 -0.035 -0.01
0.110239983 -0.035 0
0.110131607 -0.035 0.01
0.11021368 -0.035 0.02
0.110138607 -0.035 0.03
0.110084038 -0.035 0.04
0.110048332 -0.035 0.05
0.110173512 -0.035 0.06
0.110248299 -0.035 0.07
0.110257969 -0.035 0.08
0.110285549 -0.035 0.09
0.110339584 -0.035 0.1
0.110403824 -0.035 0.11
0.110487518 -0.035 0.12
0.110681686 -0.035 0.13
0.110521336 -0.035 0.14
0.110604744 -0.035 0.15
0.110712967 -0.035 0.16
0.115 -0.0440186596 0.25
0.113936462 -0.035 0.26
0.115 -0.035 0.254254665
0.110287552 -0.025 -0.02
0.115 -0.025 -0.0247124529
0.110239525 -0.025 -0.01
0.110115452 -0.025 0
0.110098476 -0.025 0.01
0.110199127 -0.025 0.02
0.110129318 -0.025 0.03
0.110053387 -0.025 0.04
0.110171375 -0.025 0.05
0.110148964 -0.025 0.06
0.110144386 -0.025 0.07
0.110157108 -0.025 0.08
0.110186996 -0.025 0.09
0.110298233 -0.025 0.1
0.110362072 -0.025 0.11
0.110464306 -0.025 0.12
0.110570354 -0.025 0.13
0.110698891 -0.025 0.14
0.110509167 -0.025 0.15
0.110659485 -0.025 0.16
0.114466743 -0.025 0.26
0.115 -0.025 0.25824194
0.110167503 -0.015 -0.02
0.115 -0.015 -0.0248324895
0.110217323 -0.015 -0.01
0.110095024 -0.015 0
0.110088844 -0.015 0.01
0.110176067 -0.015 0.02
0.110107231 -0.015 0.03
0.110036125 -0.015 0.04
0.110150642 -0.015 0.05
0.110128937 -0.015 0.06
0.110124874 -0.015 0.07
0.110137959 -0.015 0.08
0.110168037 -0.015 0.09
0.110215321 -0.015 0.1
0.110280342 -0.015 0.11
0.110441856 -0.015 0.12
0.110547428 -0.015 0.13
0.110675297 -0.015 0.14
0.110705357 -0.015 0.15
0.110884113 -0.015 0.16
0.114876156 -0.015 0.26
0.115 -0.015 0.259573421
0.11015646 -0.005 -0.02
0.115 -0.005 -0.0248435378
0.110298538 -0.005 -0.01
0.11008543 -0.005 0
0.11007288 -0.005 0.01
0.110159779 -0.005 0.02
0.110076027 -0.005 0.03
0.110026321 -0.005 0.04
0.110163002 -0.005 0.05
0.110143776 -0.005 0.06
0.110142384 -0.005 0.07
0.110129337 -0.005 0.08
0.110161743 -0.005 0.09
0.110209198 -0.005 0.1
0.110274334 -0.005 0.11
0.110372219 -0.005 0.12
0.110478172 -0.005 0.13
0.110605965 -0.005 0.14
0.110696602 -0.005 0.15
0.110875015 -0.005 0.16
0.115 -0.0129702759 0.26
0.115 -0.005 0.26321146
0.110163231 0.005 -0.02
0.115 0.005 -0.0248367691
0.110301533 0.005 -0.01
0.110176105 0.005 0
0.110068245 0.005 0.01
0.110163078 0.005 0.02
0.110095062 0.005 0.03
0.11003273 0.005 0.04
0.110166702 0.005 0.05
0.110147591 0.005 0.06
0.110146332 0.005 0.07
0.110162487 0.005 0.08
0.110105114 0.005 0.09
0.110154381 0.005 0.1
0.110220985 0.005 0.11
0.110376625 0.005 0.12
0.110482883 0.005 0.13
0.110611019 0.005 0.14
0.110644627 0.005 0.15
0.110822754 0.005 0.16
0.115 0.005 0.261693554
0.110166607 0.015 -0.02
0.115 0.015 -0.0248333836
0.110219078 0.015 -0.01
0.110100346 0.015 0
0.110089931 0.015 0.01
0.110088768 0.015 0.02
0.110109272 0.015 0.03
0.11006094 0.015 0.04
0.110181446 0.015 0.05
0.110162277 0.015 0.06
0.110161057 0.015 0.07
0.110092239 0.015 0.08
0.110125122 0.015 0.09
0.110174828 0.015 0.1
0.110241985 0.015 0.11
0.110337238 0.015 0.12
0.110444679 0.015 0.13
0.110573788 0.015 0.14
0.110666294 0.015 0.15
0.110848274 0.015 0.16
0.115 0.015 0.261527462
0.110197849 0.025 -0.02
0.115 0.025 -0.0248021483
0.110343895 0.025 -0.01
0.110131397 0.025 0
0.110114994 0.025 0.01
0.110203533 0.025 0.02
0.110134525 0.025 0.03
0.110085697 0.025 0.04
0.110207367 0.025 0.05
0.110187988 0.025 0.06
0.11018671 0.025 0.07
0.110203114 0.025 0.08
0.110237083 0.025 0.09
0.110151634 0.025 0.1
0.110220718 0.025 0.11
0.110308075 0.025 0.12
0.110415039 0.025 0.13
0.110613251 0.025 0.14
0.110650234 0.025 0.15
0.110831299 0.025 0.16
0.115 0.025 0.262451286
0.110243015 0.035 -0.02
0.115 0.035 -0.0247569776
0.110204563 0.035 -0.01
0.110254574 0.035 0
0.110078697 0.035 0.01
0.110241184 0.035 0.02
0.110171089 0.035 0.03
0.110121479 0.035 0.04
0.110244808 0.035 0.05
0.110236645 0.035 0.06
0.110235176 0.035 0.07
0.110251675 0.035 0.08
0.110145779 0.035 0.09
0.110198326 0.035 0.1
0.110268459 0.035 0.11
0.110357189 0.035 0.12
0.110408993 0.035 0.13
0.110539513 0.035 0.14
0.110693913 0.035 0.15
0.115 0.035 0.263262596
0.110207405 0.045 -0.02
0.115 0.045 -0.0247925878
0.110263615 0.045 -0.01
0.110304966 0.045 0
0.11019968 0.045 0.01
0.110291042 0.045 0.02
0.11021944 0.045 0.03
0.110183849 0.045 0.04
0.110310059 0.045 0.05
0.110289478 0.045 0.06
0.110287724 0.045 0.07
0.110304298 0.045 0.08
0.110339127 0.045 0.09
0.110197983 0.045 0.1
0.110270443 0.045 0.11
0.110369911 0.045 0.12
0.110481415 0.045 0.13
0.110614967 0.045 0.14
0.110716248 0.045 0.15
0.115 0.045 0.2639398
0.110279884 0.055 -0.02
0.115 0.055 -0.0247201204
0.110244617 0.055 -0.01
0.110217781 0.055 0
0.110450935 0.055 0.01
0.110374126 0.055 0.02
0.110299911 0.055 0.03
0.110247231 0.055 0.04
0.110376377 0.055 0.05
0.110354958 0.055 0.06
0.110352821 0.055 0.07
0.110369453 0.055 0.08
0.110214233 0.055 0.09
0.110280266 0.055 0.1
0.110354557 0.055 0.11
0.110448055 0.055 0.12
0.110504112 0.055 0.13
0.110641022 0.055 0.14
0.110802879 0.055 0.15
0.115 0.055 0.266874065
0.110368195 0.065 -0.02
0.115 0.065 -0.0246318126
0.110331821 0.065 -0.01
0.110215302 0.065 0
0.110308857 0.065 0.01
0.110226021 0.065 0.02
0.110378342 0.065 0.03
0.110323715 0.065 0.04
0.110456409 0.065 0.05
0.110433922 0.065 0.06
0.110238419 0.065 0.07
0.110272312 0.065 0.08
0.11031189 0.065 0.09
0.110307293 0.065 0.1
0.110384521 0.065 0.11
0.110481262 0.065 0.12
0.110612774 0.065 0.13
0.110754337 0.065 0.14
0.115 0.065 0.266354408
0.110373573 0.075 -0.02
0.115 0.075 -0.0246264219
0.110435886 0.075 -0.01
0.110314693 0.075 0
0.110324707 0.075 0.01
0.110327415 0.075 0.02
0.1102631 0.075 0.03
0.110218925 0.075 0.04
0.110272751 0.075 0.05
0.110275764 0.075 0.06
0.11028265 0.075 0.07
0.110307198 0.075 0.08
0.110349541 0.075 0.09
0.110410099 0.075 0.1
0.11050499 0.075 0.11
0.110547752 0.075 0.12
0.115 0.075 0.26495306
0.110332031 0.085 -0.02
0.115 0.085 -0.0246679759
0.110458851 0.085 -0.01
0.110303764 0.085 0
0.110443897 0.085 0.01
0.110359478 0.085 0.02
0.110207958 0.085 0.03
0.110218983 0.085 0.04
0.11040472 0.085 0.05
0.11039257 0.085 0.06
0.115 0.085 0.260560646
0.115 0.095 -0.0242118192
0.11118372 0.095 0.24
0.115 0.095 0.233002491
0.115 0.0930428696 0.24
0.115 0.0895346832 0.25
0.115 0.085392704 0.26
0.115 0.105 -0.0243145084
0.111114635 0.105 0.2
0.115 0.105 0.197828655
0.115 0.103624954 0.2
0.115 0.101286831 0.21
0.109675293 0.105 0.21
0.115 0.10103075 0.22
0.108124657 0.105 0.22
0.115 0.0962701416 0.23
0.115 0.115 -0.0240269756
0.10998539 0.115 -0.03
0.110671921 0.115 0.11
0.115 0.115 0.105497637
0.115 0.113985329 0.11
0.115 0.114057884 0.12
0.110741653 0.115 0.12
0.115 0.113760319 0.13
0.109430771 0.115 0.13
0.115 0.113540611 0.14
0.115 0.110490017 0.15
0.115 0.109902363 0.16
0.115 0.108635044 0.17
0.115 0.110012226 0.18
0.115 0.108437099 0.19
0.109937077 0.125 -0.01
0.115 0.117127171 -0.01
0.115 0.116923485 0
0.115 0.117083263 0.01
0.115 0.117396221 0.02
0.115 0.117700748 0.03
0.115 0.11642931 0.04
0.115 0.116478596 0.05
0.115 0.117804394 0.06
0.115 0.116252632 0.07
0.115 0.116182556 0.08
0.115 0.116149597 0.09
0.115 0.116202221 0.1
0.117432175 -0.165 0.23
0.125 -0.169684288 0.23
0.125 -0.165 0.225315704
0.117498302 -0.165 0.24
0.125 -0.169935521 0.24
0.125 -0.170948147 0.25
0.125 -0.165 0.256698017
0.120482349 -0.165 0.26
0.119136868 -0.175 0.25
0.120652618 -0.175 0.26
0.122011509 -0.155 -0.01
0.125 -0.157988498 -0.01
0.125 -0.155 -0.0129884982
0.125 -0.157401263 0.01
0.125 -0.155 0.00759873867
0.122543964 -0.155 0.02
0.125 -0.157456033 0.02
0.119743824 -0.165 0.03
0.115 -0.160256172 0.03
0.125 -0.157487379 0.03
0.122512627 -0.155 0.03
0.125 -0.157063073 0.05
0.119737492 -0.165 0.04
0.119905396 -0.165 0.05
0.125 -0.155 0.0479369259
0.119874954 -0.165 0.06
0.125 -0.157015015 0.06
0.125 -0.155 0.0792242432
0.119565468 -0.165 0.08
0.125 -0.155775756 0.08
0.119800396 -0.155 0.07
0.119431992 -0.165 0.07
0.119494476 -0.165 0.09
0.125 -0.156140555 0.09
0.118820515 -0.165 0.11
0.124251595 -0.155 0.11
0.118933525 -0.165 0.1
0.119355507 -0.155 0.1
0.11890274 -0.165 0.12
0.124435387 -0.155 0.12
0.118199825 -0.165 0.14
0.122456226 -0.155 0.14
0.118151226 -0.165 0.13
0.118669891 -0.155 0.13
0.117982025 -0.165 0.15
0.121227551 -0.155 0.15
0.116862392 -0.165 0.17
0.119721451 -0.155 0.17
0.11689394 -0.165 0.16
0.11784153 -0.155 0.16
0.116787701 -0.165 0.18
0.118002071 -0.155 0.18
0.116357346 -0.155 0.2
0.115143833 -0.165 0.19
0.116127758 -0.155 0.19
0.125 -0.160122671 0.23
0.125 -0.159969817 0.24
0.125 -0.155 0.245519733
0.118445778 -0.155 0.25
0.125 -0.159386823 0.25
0.125 -0.165 0.244935513
0.118521366 -0.155 0.26
0.125 -0.147481217 -0.02
0.125 -0.145 -0.0224812174
0.125 -0.147690077 0
0.125 -0.155 -0.00701150417
0.125 -0.147480576 0.04
0.125 -0.155 0.0324873829
0.125 -0.146887958 0.07
0.125 -0.155 0.0620150185
0.125 -0.145841975 0.1
0.125 -0.155 0.0911405563
0.125 -0.151523271 0.11
0.1231217 -0.145 0.12
0.125 -0.145 0.115246525
0.123391609 -0.145 0.13
0.123090019 -0.145 0.14
0.120246487 -0.145 0.15
0.120084515 -0.145 0.16
0.118058758 -0.145 0.17
0.116859131 -0.145 0.18
0.11564188 -0.145 0.19
0.123541336 -0.145 0.23
0.125 -0.145618038 0.23
0.125 -0.145 0.229239998
0.125 -0.145 0.2388661
0.125 -0.135 -0.0232087517
0.120976162 -0.135 0
0.125 -0.135 -0.00214329243
0.125 -0.136564035 0
0.125 -0.137210441 0.01
0.11919138 -0.135 0.01
0.125 -0.138647175 0.02
0.119369602 -0.135 0.02
0.125 -0.137992949 0.03
0.125 -0.138624752 0.04
0.125 -0.139842241 0.05
0.121366444 -0.135 0.05
0.125 -0.140079281 0.06
0.121269169 -0.135 0.06
0.125 -0.140323207 0.07
0.116820812 -0.135 0.07
0.125 -0.139911351 0.08
0.116211853 -0.135 0.08
0.125 -0.143199027 0.09
0.119551048 -0.135 0.09
0.125 -0.13662864 0.1
0.124150162 -0.135 0.1
0.125 -0.137695582 0.11
0.123075409 -0.135 0.11
0.124235363 -0.135 0.12
0.124159908 -0.135 0.13
0.121721458 -0.135 0.14
0.121022911 -0.135 0.15
0.119996929 -0.135 0.16
0.118765488 -0.135 0.17
0.118203201 -0.135 0.18
0.116205978 -0.135 0.19
0.115404778 -0.135 0.2
0.125 -0.144339986 0.23
0.118645687 -0.135 0.25
0.125 -0.139374266 0.25
0.125 -0.135 0.245387096
0.118889923 -0.135 0.26
0.125 -0.139566455 0.26
0.125 -0.131791248 -0.02
0.125 -0.125 -0.0117225885
0.118836193 -0.125 -0.02
0.125 -0.131877856 0
0.125 -0.126865654 0.01
0.125 -0.126680322 0.02
0.125 -0.127992754 0.03
0.125 -0.12716567 0.04
0.125 -0.126394329 0.05
0.122017574 -0.125 0.06
0.125 -0.125 0.0537549496
0.124262524 -0.125 0.07
0.123623981 -0.125 0.08
0.122190361 -0.125 0.09
0.121760006 -0.125 0.1
0.118731995 -0.125 0.11
0.118332119 -0.125 0.12
0.125 -0.130047226 0.25
0.125 -0.129595928 0.26
0.125 -0.135 0.26456646
0.125 -0.118414497 -0.02
0.125 -0.115 -0.023414495
0.125 -0.123254547 0.06
0.125 -0.123998919 0.07
0.125 -0.123122458 0.08
0.125 -0.122007222 0.09
0.125 -0.121609397 0.1
0.125 -0.118443604 0.11
0.125 -0.115773611 0.12
0.124826813 -0.115 0.13
0.125 -0.115 0.127707348
0.123045826 -0.115 0.14
0.120974064 -0.115 0.15
0.119710445 -0.115 0.16
0.118300743 -0.115 0.17
0.11634634 -0.115 0.18
0.125 -0.111585503 -0.02
0.125 -0.105 -0.0126918793
0.119018497 -0.105 -0.02
0.125 -0.114783869 0.13
0.125 -0.112527261 0.14
0.125 -0.110133009 0.15
0.125 -0.108564234 0.16
0.125 -0.105428982 0.17
0.123435917 -0.105 0.18
0.125 -0.105 0.171551151
0.121711597 -0.105 0.19
0.118392048 -0.105 0.2
0.116526165 -0.105 0.21
0.125 -0.095 -0.0128395581
0.119228668 -0.095 -0.02
0.125 -0.0978492117 0.18
0.125 -0.100833964 0.19
0.125 -0.0970272255 0.2
0.125 -0.0950203228 0.21
0.120687828 -0.095 0.22
0.125 -0.095 0.210041676
0.118323708 -0.095 0.23
0.125 -0.0889282894 -0.02
0.125 -0.085 -0.023928287
0.122589188 -0.085 0.21
0.125 -0.085 0.200208282
0.125 -0.0949380589 0.21
0.12046175 -0.085 0.22
0.118343029 -0.085 0.23
0.115991096 -0.085 0.24
0.125 -0.085534544 0.25
0.125 -0.085 0.248044052
0.122625122 -0.085 0.25
0.115771217 -0.085 0.26
0.125 -0.085 0.250898533
0.125 -0.0810717106 -0.02
0.125 -0.075 -0.0132487226
0.119476852 -0.075 -0.02
0.124957104 -0.075 0.18
0.125 -0.075 0.179568462
0.125 -0.0751522255 0.18
0.125 -0.0795425224 0.19
0.123498116 -0.075 0.19
0.125 -0.075 0.19357542
0.125 -0.0790962887 0.21
0.124280167 -0.075 0.22
0.125 -0.075 0.217076111
0.121924133 -0.075 0.23
0.119431629 -0.075 0.24
0.125 -0.0842259979 0.25
0.116473293 -0.075 0.25
0.125 -0.065 -0.0133674669
0.119573765 -0.065 -0.02
0.125 -0.0746424103 0.18
0.125 -0.0654667854 0.19
0.125 -0.065 0.190278912
0.122675571 -0.065 0.2
0.125 -0.0698712063 0.2
0.125 -0.0721339607 0.21
0.121691475 -0.065 0.21
0.119536171 -0.065 0.22
0.117441502 -0.065 0.23
0.119287052 -0.065 0.24
0.125 -0.065 0.2451264
0.125 -0.0666461468 0.25
0.121267891 -0.065 0.26
0.125 -0.065 0.25551569
0.125 -0.055 -0.0132988048
0.11954916 -0.055 -0.02
0.124781036 -0.055 0.19
0.125 -0.055 0.189094944
0.125 -0.0626521397 0.19
0.123729134 -0.055 0.2
0.122645626 -0.055 0.21
0.120819244 -0.055 0.22
0.118417931 -0.055 0.23
0.116880798 -0.055 0.24
0.125 -0.0638722801 0.25
0.115357399 -0.055 0.25
0.125 -0.045 -0.0134788513
0.119719028 -0.045 -0.02
0.125 -0.0531692123 0.19
0.124859962 -0.045 0.2
0.125 -0.045 0.198793564
0.123585796 -0.045 0.21
0.121205063 -0.045 0.22
0.119253464 -0.045 0.23
0.117777843 -0.045 0.24
0.125 -0.035 -0.0136240053
0.119767818 -0.035 -0.02
0.125 -0.0425391579 0.2
0.124474525 -0.035 0.21
0.125 -0.035 0.204805622
0.122052574 -0.035 0.22
0.120373173 -0.035 0.23
0.118426418 -0.035 0.24
0.121110725 -0.035 0.25
0.125 -0.025 -0.013506999
0.119712448 -0.025 -0.02
0.125 -0.0251873493 0.21
0.122857094 -0.025 0.22
0.125 -0.025 0.210042553
0.121170597 -0.025 0.23
0.11929697 -0.025 0.24
0.117417622 -0.025 0.25
0.125 -0.015 -0.0137018681
0.119832497 -0.015 -0.02
0.123391743 -0.015 0.22
0.125 -0.015 0.213286171
0.121674976 -0.015 0.23
0.120046253 -0.015 0.24
0.117879791 -0.015 0.25
0.125 -0.005 -0.0136916804
0.11984354 -0.005 -0.02
0.125 -0.0058946228 0.22
0.122083931 -0.005 0.23
0.125 -0.005 0.220514545
0.120380917 -0.005 0.24
0.125 -0.005 0.248503971
0.125 -0.00605514526 0.25
0.115537052 -0.005 0.26
0.125 -0.005 0.250864258
0.125 0.005 -0.0137427974
0.119836769 0.005 -0.02
0.122702827 0.005 0.23
0.125 0.005 0.221653385
0.120779438 0.005 0.24
0.125 -0.00385591507 0.25
0.118702393 0.005 0.25
0.116703796 0.005 0.26
0.125 0.0107231522 -0.02
0.125 0.015 -0.0242768455
0.123608818 0.015 0.23
0.125 0.015 0.223115845
0.121098118 0.015 0.24
0.119037132 0.015 0.25
0.116770401 0.015 0.26
0.125 0.025 -0.0243616319
0.123858242 0.025 0.23
0.125 0.025 0.22448
0.121665268 0.025 0.24
0.119079514 0.025 0.25
0.123455486 0.025 0.26
0.125 0.035 -0.0244219732
0.123827171 0.035 0.23
0.125 0.035 0.224152908
0.121999016 0.035 0.24
0.119965591 0.035 0.25
0.11701807 0.035 0.26
0.125 0.039421978 -0.02
0.125 0.045 -0.013804183
0.119792595 0.045 -0.02
0.123749218 0.045 0.23
0.125 0.045 0.225038757
0.121827126 0.045 0.24
0.119828415 0.045 0.25
0.117627754 0.045 0.26
0.125 0.055 -0.0137436771
0.119720116 0.055 -0.02
0.124485474 0.055 0.23
0.125 0.055 0.226950703
0.125 0.055 0.231128082
0.125 0.0494833374 0.24
0.125 0.0533094025 0.25
0.125 0.0501612663 0.26
0.125 0.055 0.265540314
0.125 0.065 -0.0135620356
0.119631805 0.065 -0.02
0.125 0.0554978561 0.23
0.125 0.065 0.262731133
0.125 0.0707614517 -0.02
0.125 0.075 -0.0242385554
0.125 0.075 0.261595974
0.125 0.085 -0.0245308733
0.121326828 0.085 0.25
0.125 0.085 0.242103405
0.125 0.0819958687 0.25
0.125 0.0774594498 0.26
0.115568314 0.085 0.26
0.125 0.095 -0.0238592362
0.122261887 0.095 0.22
0.125 0.095 0.211928825
0.125 0.0928010941 0.22
0.125 0.0896551514 0.23
0.116565876 0.095 0.23
0.125 0.085696373 0.24
0.125 0.0988592339 -0.02
0.125 0.105 -0.0124185848
0.119314499 0.105 -0.02
0.122930431 0.105 0.18
0.125 0.105 0.172281532
0.125 0.103192101 0.18
0.125 0.105 0.188565445
0.125 0.105 0.191615276
0.125 0.101828156 0.2
0.125 0.0961228943 0.21
0.125 0.115 -0.011781342
0.119026966 0.115 -0.02
0.123721046 0.115 0
0.125 0.115 -0.000676064491
0.125 0.11455431 0
0.125 0.114478073 0.01
0.123714237 0.115 0.01
0.125 0.115 0.0158291674
0.123974247 0.115 0.05
0.125 0.115 0.0482554436
0.125 0.114672318 0.05
0.125 0.115 0.0579109764
0.120255871 0.115 0.09
0.125 0.115 0.083451519
0.125 0.113267746 0.09
0.125 0.112983608 0.1
0.119185638 0.115 0.1
0.125 0.112509193 0.11
0.125 0.11269989 0.12
0.125 0.110346317 0.13
0.125 0.109536495 0.14
0.125 0.108565273 0.15
0.125 0.106749954 0.16
0.125 0.105397358 0.17
0.125 0.10536274 0.19
0.125 0.116781349 -0.01
0.125 0.115237293 0.02
0.125 0.115873814 0.03
0.125 0.115893764 0.04
0.125 0.115057526 0.06
0.125 0.115156002 0.07
0.125 0.115638313 0.08
0.130715446 -0.165 0
0.135 -0.169284557 0
0.135 -0.165 -0.0042845583
0.130274582 -0.165 0.01
0.135 -0.169725411 0.01
0.131375599 -0.165 0.04
0.135 -0.168624408 0.04
0.135 -0.165 0.0363755894
0.130901184 -0.165 0.05
0.135 -0.169098808 0.05
0.13253973 -0.165 0.08
0.135 -0.167460263 0.08
0.135 -0.165 0.0775397396
0.131409626 -0.165 0.09
0.135 -0.168590379 0.09
0.135 -0.165 0.118705826
0.133705826 -0.165 0.12
0.135 -0.166294177 0.12
0.131876354 -0.175 0.11
0.135 -0.171876351 0.11
0.135 -0.175 0.113123646
0.134895439 -0.165 0.16
0.135 -0.165104558 0.16
0.135 -0.165 0.159895439
0.130818691 -0.165 0.23
0.129051857 -0.175 0.25
0.128312454 -0.165 0.26
0.129347382 -0.175 0.26
0.130673752 -0.155 -0.02
0.135 -0.159326253 -0.02
0.135 -0.155 -0.0243262529
0.127988491 -0.155 -0.01
0.135 -0.155 -0.00243323803
0.132566757 -0.155 0
0.135 -0.158804657 0.02
0.135 -0.165 0.0147254133
0.135 -0.159699117 0.03
0.133690262 -0.155 0.04
0.135 -0.158491615 0.06
0.135 -0.165 0.0540988064
0.131072826 -0.155 0.07
0.135 -0.158927181 0.07
0.132244682 -0.155 0.1
0.135 -0.157755324 0.1
0.135 -0.165 0.093590374
0.135 -0.159616045 0.12
0.135 -0.165 0.121294174
0.130684547 -0.155 0.14
0.135 -0.15631972 0.14
0.135 -0.155 0.132112999
0.135 -0.164726512 0.16
0.135 -0.165 0.160104561
0.129935513 -0.165 0.24
0.127481213 -0.145 -0.02
0.135 -0.145 -0.0139041972
0.135 -0.148904197 -0.01
0.135 -0.150673747 -0.02
0.135 -0.155 -0.0156737471
0.126839981 -0.145 0.09
0.135 -0.145 0.0865728569
0.135 -0.151101515 0.09
0.135 -0.145464303 0.1
0.13332346 -0.145 0.1
0.135 -0.145 0.101998224
0.135 -0.155 0.102755327
0.135 -0.145690367 0.11
0.127840576 -0.145 0.12
0.135 -0.151837335 0.12
0.135 -0.145 0.124651394
0.135 -0.151091888 0.14
0.135 -0.155 0.141319714
0.131957932 -0.145 0.16
0.135 -0.147334821 0.16
0.135 -0.145 0.153210468
0.135 -0.145 0.161638794
0.125991688 -0.145 0.23
0.125 -0.150391293 0.26
0.125 -0.150613177 0.25
0.129386826 -0.155 0.25
0.129608707 -0.155 0.26
0.135 -0.139422023 -0.02
0.135 -0.135 -0.0244220233
0.135 -0.135 -0.0059317112
0.135 -0.13783253 0
0.131156578 -0.135 0.01
0.135 -0.135 0.00792545319
0.135 -0.135 0.0128080511
0.135 -0.138811255 0.02
0.135 -0.139893911 0.03
0.135 -0.13640914 0.04
0.135 -0.137825847 0.05
0.135 -0.1421134 0.06
0.135 -0.139697635 0.07
0.135 -0.138833208 0.08
0.135 -0.143469689 0.11
0.135 -0.141218925 0.12
0.135 -0.143389568 0.16
0.135 -0.130577974 -0.02
0.135 -0.125 -0.011520648
0.131610756 -0.125 0
0.135 -0.125 -0.00300544262
0.135 -0.132020431 0.01
0.126348934 -0.125 0.01
0.126753559 -0.125 0.02
0.127468433 -0.125 0.03
0.127369747 -0.125 0.04
0.126934204 -0.125 0.05
0.129374256 -0.135 0.25
0.12956646 -0.135 0.26
0.135 -0.119439192 -0.02
0.135 -0.115 -0.0244391918
0.134842148 -0.115 0
0.135 -0.115 -0.000312404633
0.135 -0.115 0.00147447586
0.135 -0.11618433 0.01
0.135 -0.118031659 0.02
0.135 -0.117546182 0.03
0.133818264 -0.115 0.04
0.135 -0.115 0.0364133835
0.135 -0.115 0.0484285736
0.135 -0.115525308 0.05
0.134235077 -0.115 0.06
0.135 -0.115 0.0526193523
0.13472311 -0.115 0.07
0.131384678 -0.115 0.08
0.1303615 -0.115 0.09
0.130208626 -0.115 0.1
0.12798811 -0.115 0.11
0.125693531 -0.115 0.12
0.131526814 -0.105 -0.02
0.135 -0.105 -0.0234731865
0.135 -0.114735212 0
0.135 -0.113730311 0.04
0.134665756 -0.105 0.06
0.135 -0.105 0.0585514641
0.135 -0.105 0.0645538235
0.135 -0.112771034 0.07
0.135 -0.110822601 0.08
0.135 -0.110586348 0.09
0.135 -0.108636537 0.1
0.135 -0.105198727 0.11
0.135 -0.105146303 0.12
0.132318401 -0.105 0.13
0.135 -0.105 0.120388126
0.130524406 -0.105 0.14
0.129811249 -0.105 0.15
0.12852766 -0.105 0.16
0.12529541 -0.105 0.17
0.130616493 -0.095 -0.02
0.135 -0.095 -0.0243835068
0.135 -0.104309306 0.06
0.133542557 -0.095 0.12
0.135 -0.095 0.116117115
0.135 -0.104322596 0.12
0.132622547 -0.095 0.13
0.132528725 -0.095 0.14
0.128965549 -0.095 0.15
0.128488064 -0.095 0.16
0.129230328 -0.095 0.17
0.126869087 -0.095 0.18
0.12873785 -0.095 0.19
0.127669773 -0.095 0.2
0.125032101 -0.095 0.21
0.135 -0.085 -0.0119434404
0.135 -0.0906164932 -0.02
0.12892828 -0.085 -0.02
0.134829712 -0.085 0.02
0.135 -0.085 0.019281702
0.135 -0.085294733 0.02
0.135 -0.085 0.0229984283
0.13430378 -0.085 0.06
0.135 -0.085 0.0570514965
0.135 -0.0862771893 0.06
0.135 -0.0862388802 0.07
0.134363518 -0.085 0.07
0.135 -0.085 0.0757622242
0.134967251 -0.085 0.09
0.135 -0.085 0.0894255257
0.135 -0.0851275921 0.09
0.135 -0.0913857365 0.1
0.131979904 -0.085 0.1
0.135 -0.090518198 0.11
0.132269001 -0.085 0.11
0.131349983 -0.085 0.12
0.135 -0.085 0.126250916
0.135 -0.090141325 0.13
0.132991982 -0.085 0.14
0.135 -0.085 0.137319145
0.134469681 -0.085 0.15
0.133188782 -0.085 0.16
0.129779034 -0.085 0.17
0.128488903 -0.085 0.18
0.127147961 -0.085 0.19
0.125059013 -0.085 0.2
0.126199226 -0.085 0.25
0.135 -0.075 -0.0242546535
0.130745354 -0.075 -0.02
0.135 -0.0792546558 -0.02
0.135 -0.0843369865 0.02
0.134771595 -0.075 0.04
0.135 -0.075 0.0393882656
0.135 -0.0760834312 0.04
0.135 -0.075 0.0432361507
0.135 -0.0820949173 0.06
0.135 -0.0832164192 0.07
0.135 -0.0822817135 0.08
0.133927174 -0.075 0.08
0.135 -0.075 0.0770044804
0.13376543 -0.075 0.09
0.134685879 -0.075 0.1
0.134518433 -0.075 0.11
0.131664886 -0.075 0.12
0.135 -0.0816326237 0.13
0.130806999 -0.075 0.13
0.130977535 -0.075 0.14
0.13011343 -0.075 0.15
0.127739067 -0.075 0.16
0.126241302 -0.075 0.17
0.128111877 -0.075 0.2
0.128061657 -0.075 0.21
0.135 -0.0707453442 -0.02
0.135 -0.065 -0.0113486576
0.135 -0.0741186523 0.04
0.135 -0.0708536243 0.08
0.135 -0.0713468647 0.09
0.133071327 -0.065 0.1
0.135 -0.065 0.0951359653
0.133402328 -0.065 0.11
0.133373642 -0.065 0.12
0.133889828 -0.065 0.13
0.130305672 -0.065 0.14
0.130015087 -0.065 0.15
0.128904171 -0.065 0.16
0.127738228 -0.065 0.17
0.126206646 -0.065 0.18
0.125077705 -0.065 0.19
0.126207371 -0.065 0.25
0.130953503 -0.055 -0.02
0.135 -0.0590464878 -0.02
0.135 -0.055 -0.0240464902
0.134570618 -0.055 0
0.135 -0.055 -0.00057076931
0.135 -0.0566108799 0
0.135 -0.055 0.00265793324
0.135 -0.0571155262 0.1
0.135 -0.0595811462 0.11
0.135 -0.0604308605 0.12
0.132517338 -0.055 0.13
0.135 -0.055 0.123860683
0.132838783 -0.055 0.14
0.131661758 -0.055 0.15
0.129282055 -0.055 0.16
0.128446178 -0.055 0.17
0.127559395 -0.055 0.18
0.135 -0.0509535122 -0.02
0.135 -0.045 -0.0117564225
0.135 -0.0533388901 0
0.134930706 -0.045 0.11
0.135 -0.045 0.109769068
0.135 -0.0454756165 0.11
0.135 -0.0483325958 0.12
0.134216347 -0.045 0.12
0.134614658 -0.045 0.13
0.135 -0.045 0.136981945
0.135 -0.045730648 0.14
0.131683559 -0.045 0.15
0.135 -0.045 0.140487442
0.130608921 -0.045 0.16
0.130108032 -0.045 0.17
0.128145332 -0.045 0.18
0.126217728 -0.045 0.19
0.135 -0.035 -0.0127129912
0.135 -0.0446594143 0.11
0.135 -0.0415792561 0.12
0.135 -0.0434151649 0.13
0.135 -0.035 0.136304684
0.13378231 -0.035 0.14
0.135 -0.0437804508 0.14
0.13368969 -0.035 0.15
0.13275177 -0.035 0.16
0.13000843 -0.035 0.17
0.128670807 -0.035 0.18
0.127263851 -0.035 0.19
0.125605106 -0.035 0.2
0.130631924 -0.025 -0.02
0.135 -0.0293680763 -0.02
0.135 -0.025 -0.0243680716
0.134917622 -0.025 0.12
0.135 -0.025 0.119696503
0.135 -0.0255580044 0.12
0.135 -0.025 0.122540569
0.135 -0.0296018028 0.14
0.135 -0.027331953 0.15
0.131746006 -0.025 0.16
0.135 -0.025 0.150823364
0.131346455 -0.025 0.17
0.13019453 -0.025 0.18
0.12764946 -0.025 0.19
0.126451702 -0.025 0.2
0.125010662 -0.025 0.21
0.135 -0.0206319237 -0.02
0.135 -0.015 -0.0121425128
0.135 -0.0246011543 0.12
0.133581982 -0.015 0.15
0.135 -0.015 0.146707363
0.135 -0.0231525898 0.15
0.133572693 -0.015 0.16
0.13316761 -0.015 0.17
0.129590607 -0.015 0.18
0.128929596 -0.015 0.19
0.127584629 -0.015 0.2
0.126040916 -0.015 0.21
0.131030579 -0.005 -0.02
0.135 -0.00896942139 -0.02
0.135 -0.005 -0.0239694262
0.135 -0.00684967041 0.15
0.135 -0.00692993164 0.16
0.132271328 -0.005 0.17
0.135 -0.005 0.161005802
0.131198597 -0.005 0.18
0.129841499 -0.005 0.19
0.127653694 -0.005 0.2
0.126600876 -0.005 0.21
0.125175571 -0.005 0.22
0.125487022 -0.005 0.25
0.13055563 0.005 -0.02
0.135 0.005 -0.0244443703
0.133674164 0.005 0.16
0.135 0.005 0.155712414
0.135 -0.00312469482 0.16
0.1337216 0.005 0.17
0.133099079 0.005 0.18
0.12947155 0.005 0.19
0.128270035 0.005 0.2
0.127178879 0.005 0.21
0.125530796 0.005 0.22
0.135 0.015 -0.0132971001
0.135 0.00944437027 -0.02
0.129276848 0.015 -0.02
0.135 0.013806591 0.16
0.135 0.0140397453 0.17
0.131841755 0.015 0.18
0.135 0.015 0.170349827
0.130667534 0.015 0.19
0.129011021 0.015 0.2
0.12773983 0.015 0.21
0.125584335 0.015 0.22
0.135 0.025 -0.0130411243
0.129361629 0.025 -0.02
0.133231335 0.025 0.17
0.135 0.025 0.164288349
0.135 0.0156411934 0.17
0.132669582 0.025 0.18
0.131801491 0.025 0.19
0.130551224 0.025 0.2
0.127317677 0.025 0.21
0.126005478 0.025 0.22
0.135 0.0306827164 -0.02
0.135 0.035 -0.0243172765
0.134184914 0.035 0.17
0.135 0.035 0.163188877
0.13369072 0.035 0.18
0.133186131 0.035 0.19
0.129680233 0.035 0.2
0.127867069 0.035 0.21
0.125996819 0.035 0.22
0.135 0.0393172836 -0.02
0.135 0.045 -0.0130853868
0.135 0.0408088303 0.17
0.134513416 0.045 0.18
0.135 0.045 0.176001129
0.131099148 0.045 0.19
0.130158386 0.045 0.2
0.128997936 0.045 0.21
0.126729393 0.045 0.22
0.135 0.055 -0.0139356947
0.132726307 0.055 0.18
0.135 0.055 0.173970909
0.132168732 0.055 0.19
0.130194626 0.055 0.2
0.12906229 0.055 0.21
0.12621685 0.055 0.22
0.130011177 0.055 0.24
0.128246288 0.055 0.25
0.131015491 0.055 0.26
0.131020985 0.065 -0.02
0.135 0.0610209846 -0.02
0.135 0.065 -0.0239790225
0.133994331 0.065 0.17
0.135 0.065 0.167037334
0.135 0.0608291626 0.17
0.133775272 0.065 0.18
0.135 0.065 0.182482758
0.135 0.0592493629 0.19
0.135 0.0610252953 0.2
0.135 0.0608605957 0.21
0.135 0.0634828377 0.22
0.135 0.0649993515 0.23
0.133239536 0.065 0.24
0.135 0.065 0.230000973
0.130208302 0.065 0.25
0.12799099 0.065 0.26
0.135 0.075 -0.0242169642
0.135 0.0662983131 0.17
0.135 0.0666601944 0.18
0.133953152 0.075 0.22
0.135 0.075 0.212255535
0.135 0.071229744 0.22
0.135 0.0650006676 0.23
0.131990528 0.075 0.23
0.133065758 0.075 0.24
0.129909344 0.075 0.25
0.126999245 0.075 0.26
0.135 0.085 -0.0245395422
0.132570362 0.085 0.22
0.135 0.085 0.212084217
0.128526955 0.085 0.23
0.125655804 0.085 0.24
0.135 0.095 -0.0235264516
0.131805592 0.095 0.19
0.135 0.095 0.181809978
0.135 0.0916322136 0.19
0.135 0.0885691643 0.2
0.129313583 0.095 0.2
0.135 0.0857221794 0.21
0.12558424 0.095 0.21
0.135 0.0985264587 -0.02
0.135 0.105 -0.0111162925
0.134526176 0.105 0.13
0.135 0.105 0.126885319
0.135 0.104629974 0.13
0.135 0.103588543 0.14
0.133063431 0.105 0.14
0.135 0.102319527 0.15
0.131180019 0.105 0.15
0.135 0.100023441 0.16
0.128043804 0.105 0.16
0.135 0.0977950287 0.17
0.125739822 0.105 0.17
0.135 0.0957541466 0.18
0.125283642 0.105 0.19
0.135 0.110213909 -0.01
0.13152668 0.115 -0.01
0.135 0.109684772 0
0.135 0.111363697 0.01
0.135 0.110424156 0.02
0.126011028 0.115 0.02
0.135 0.11054018 0.03
0.128320026 0.115 0.03
0.135 0.110853119 0.04
0.128630104 0.115 0.04
0.135 0.111290607 0.05
0.135 0.110283775 0.06
0.125240765 0.115 0.06
0.135 0.110327549 0.07
0.125587101 0.115 0.07
0.135 0.109447384 0.08
0.127036896 0.115 0.08
0.135 0.109522781 0.09
0.135 0.107701111 0.1
0.135 0.107169781 0.11
0.135 0.105927677 0.12
0.145 -0.126477113 -0.01
0.139422016 -0.135 -0.02
0.136755638 -0.135 -0.01
0.145 -0.125 -0.0114771152
0.145 -0.125 -0.00292939186
0.135751648 -0.135 0.01
0.145 -0.115 -0.0114369917
0.139439201 -0.115 -0.02
0.145 -0.115 -0.00586008549
0.1359165 -0.115 0.01
0.136632137 -0.115 0.02
0.136990108 -0.115 0.03
0.135204372 -0.115 0.05
0.138129215 -0.115 0.25
0.145 -0.118800106 0.25
0.145 -0.115 0.242085724
0.142217655 -0.115 0.26
0.145 -0.116077876 0.26
0.145 -0.105 -0.0130955195
0.138473186 -0.105 -0.02
0.138357124 -0.105 0
0.145 -0.105 -0.00419273376
0.137214069 -0.105 0.01
0.136702747 -0.105 0.02
0.137095871 -0.105 0.03
0.139668198 -0.105 0.04
0.137656612 -0.105 0.05
0.141739578 -0.105 0.07
0.144430962 -0.105 0.08
0.143485279 -0.105 0.09
0.139000568 -0.105 0.1
0.135473328 -0.105 0.11
0.135304604 -0.105 0.12
0.145 -0.110205669 0.25
0.145 -0.113039579 0.26
0.145 -0.0997616625 -0.02
0.145 -0.095 -0.0247616649
0.145 -0.0988972282 0
0.141184368 -0.095 0.01
0.145 -0.095 0.00633688927
0.141805935 -0.095 0.02
0.139417648 -0.095 0.03
0.138076229 -0.095 0.04
0.140705338 -0.095 0.05
0.141451378 -0.095 0.06
0.138511047 -0.095 0.07
0.138295059 -0.095 0.08
0.138156109 -0.095 0.09
0.138030243 -0.095 0.1
0.137860241 -0.095 0.11
0.13860178 -0.095 0.18
0.145 -0.0990936327 0.18
0.145 -0.095 0.175443783
0.141867085 -0.095 0.19
0.145 -0.097327404 0.19
0.143464546 -0.095 0.2
0.145 -0.0956584835 0.2
0.145 -0.095 0.202569828
0.136943436 -0.085 -0.01
0.145 -0.0924196434 0
0.136334248 -0.085 0
0.145 -0.0901209545 -0.01
0.136207905 -0.085 0.01
0.135337734 -0.085 0.03
0.136193714 -0.085 0.04
0.13602335 -0.085 0.05
0.135331593 -0.085 0.08
0.140354118 -0.085 0.13
0.144498291 -0.085 0.18
0.145 -0.085 0.179562492
0.145 -0.085 0.181535053
0.145 -0.0892995071 0.19
0.145 -0.0932015324 0.2
0.144269218 -0.085 0.24
0.145 -0.0917993736 0.24
0.145 -0.085 0.239039059
0.137891254 -0.085 0.25
0.145 -0.0933673763 0.25
0.139455395 -0.085 0.26
0.145 -0.0908372402 0.26
0.145 -0.085 0.264019299
0.135084686 -0.075 0
0.137903214 -0.075 -0.01
0.135671577 -0.075 0.01
0.136456585 -0.075 0.02
0.137059879 -0.075 0.03
0.135394669 -0.075 0.05
0.136486225 -0.075 0.06
0.136494293 -0.075 0.07
0.145 -0.0842463589 0.18
0.142028599 -0.075 0.2
0.145 -0.0796874619 0.2
0.145 -0.075 0.196675224
0.143945084 -0.075 0.21
0.145 -0.0758462048 0.21
0.145 -0.075 0.21199564
0.145 -0.0834007645 0.24
0.145 -0.0792856979 0.25
0.145 -0.075 0.255619812
0.139624081 -0.075 0.26
0.145 -0.0778861332 0.27
0.142002811 -0.075 0.27
0.136987457 -0.065 0
0.136348667 -0.065 -0.01
0.137136898 -0.065 0.01
0.135332775 -0.065 0.02
0.136015739 -0.065 0.03
0.13673727 -0.065 0.04
0.137151699 -0.065 0.05
0.137002411 -0.065 0.06
0.135202885 -0.065 0.07
0.13601799 -0.065 0.08
0.136450691 -0.065 0.09
0.145 -0.0734650517 0.2
0.145 -0.0747511101 0.21
0.143599377 -0.065 0.23
0.145 -0.0692958641 0.23
0.145 -0.065 0.22883522
0.145 -0.065 0.238918915
0.13796814 -0.065 0.26
0.145 -0.065 0.251292
0.139253254 -0.065 0.27
0.137720566 -0.055 -0.01
0.135976162 -0.055 0.01
0.136909714 -0.055 0.02
0.137216911 -0.055 0.03
0.138010731 -0.055 0.04
0.135921059 -0.055 0.05
0.136693859 -0.055 0.06
0.136943684 -0.055 0.07
0.137369041 -0.055 0.08
0.13517725 -0.055 0.09
0.135438938 -0.055 0.1
0.135879993 -0.055 0.11
0.136029167 -0.055 0.12
0.145 -0.0638699341 0.23
0.145 -0.0609696865 0.26
0.145 -0.055 0.268335896
0.138001461 -0.055 0.27
0.137013969 -0.045 0
0.13675642 -0.045 -0.01
0.137531948 -0.045 0.01
0.137935944 -0.045 0.02
0.136785336 -0.045 0.03
0.136718044 -0.045 0.04
0.137498665 -0.045 0.05
0.138049812 -0.045 0.06
0.136056004 -0.045 0.07
0.136220512 -0.045 0.08
0.136838665 -0.045 0.09
0.136846695 -0.045 0.1
0.135144691 -0.045 0.14
0.145 -0.0530388927 0.27
0.138437157 -0.035 0
0.137712994 -0.035 -0.01
0.136660423 -0.035 0.01
0.137586079 -0.035 0.02
0.137662277 -0.035 0.03
0.138203545 -0.035 0.04
0.138518562 -0.035 0.05
0.137468204 -0.035 0.06
0.137738056 -0.035 0.07
0.137642994 -0.035 0.08
0.137821884 -0.035 0.09
0.136006737 -0.035 0.1
0.136408424 -0.035 0.11
0.136165981 -0.035 0.12
0.136236954 -0.035 0.13
0.137588902 -0.025 0
0.138339138 -0.025 -0.01
0.138015823 -0.025 0.01
0.138210182 -0.025 0.02
0.138906097 -0.025 0.03
0.137246761 -0.025 0.04
0.137948284 -0.025 0.05
0.138716259 -0.025 0.06
0.138698654 -0.025 0.07
0.137079659 -0.025 0.08
0.137462311 -0.025 0.09
0.137588043 -0.025 0.1
0.137198734 -0.025 0.11
0.135213184 -0.025 0.13
0.135688515 -0.025 0.14
0.135230293 -0.025 0.15
0.138832436 -0.015 0
0.137142506 -0.015 -0.01
0.13839386 -0.015 0.01
0.139264011 -0.015 0.02
0.138024864 -0.015 0.03
0.138389988 -0.015 0.04
0.139064198 -0.015 0.05
0.139015694 -0.015 0.06
0.137862339 -0.015 0.07
0.138189163 -0.015 0.08
0.138613052 -0.015 0.09
0.138680706 -0.015 0.1
0.13633955 -0.015 0.11
0.136688232 -0.015 0.12
0.136783352 -0.015 0.13
0.136902752 -0.015 0.14
0.139264431 -0.015 0.27
0.145 -0.0231565285 0.27
0.145 -0.015 0.265658436
0.13930357 -0.005 0
0.137429523 -0.005 -0.01
0.137652683 -0.005 0.01
0.138850861 -0.005 0.02
0.138800507 -0.005 0.03
0.139368324 -0.005 0.04
0.13853899 -0.005 0.05
0.1384762 -0.005 0.06
0.139006271 -0.005 0.07
0.13912838 -0.005 0.08
0.137991219 -0.005 0.09
0.13757267 -0.005 0.1
0.137747383 -0.005 0.11
0.137710896 -0.005 0.12
0.135579891 -0.005 0.13
0.135792484 -0.005 0.14
0.135263596 -0.005 0.15
0.135231266 -0.005 0.16
0.145 -0.00973716736 0.27
0.138246326 0.005 0
0.137090092 0.005 -0.01
0.138725758 0.005 0.01
0.139046936 0.005 0.02
0.139386749 0.005 0.03
0.138714314 0.005 0.04
0.13871418 0.005 0.05
0.139449539 0.005 0.06
0.139469929 0.005 0.07
0.138519421 0.005 0.08
0.13891674 0.005 0.09
0.138548565 0.005 0.1
0.138719349 0.005 0.11
0.136768742 0.005 0.12
0.136828766 0.005 0.13
0.136854649 0.005 0.14
0.136390095 0.005 0.15
0.13860054 0.015 0
0.1382971 0.015 -0.01
0.139426708 0.015 0.01
0.138223515 0.015 0.02
0.138805847 0.015 0.03
0.139159737 0.015 0.04
0.139554443 0.015 0.05
0.140144005 0.015 0.06
0.138998108 0.015 0.07
0.139313812 0.015 0.08
0.139412498 0.015 0.09
0.139285316 0.015 0.1
0.137846985 0.015 0.11
0.137836075 0.015 0.12
0.137709904 0.015 0.13
0.137686768 0.015 0.14
0.135048256 0.015 0.15
0.135150452 0.015 0.16
0.135088825 0.015 0.17
0.138990269 0.025 0
0.138041115 0.025 -0.01
0.138291664 0.025 0.01
0.138940239 0.025 0.02
0.139407711 0.025 0.03
0.139816513 0.025 0.04
0.138798046 0.025 0.05
0.139537754 0.025 0.06
0.139652901 0.025 0.07
0.139830608 0.025 0.08
0.139946041 0.025 0.09
0.138423023 0.025 0.1
0.138567886 0.025 0.11
0.138295612 0.025 0.12
0.138593636 0.025 0.13
0.136768894 0.025 0.14
0.136483154 0.025 0.15
0.136084423 0.025 0.16
0.137758236 0.035 0
0.139858723 0.035 -0.01
0.138722363 0.035 0.01
0.139256153 0.035 0.02
0.139721756 0.035 0.03
0.13907629 0.035 0.04
0.139330368 0.035 0.05
0.139956341 0.035 0.06
0.139820957 0.035 0.07
0.138865547 0.035 0.08
0.139201851 0.035 0.09
0.139497948 0.035 0.1
0.139100266 0.035 0.11
0.139251232 0.035 0.12
0.137483025 0.035 0.13
0.137281113 0.035 0.14
0.137532177 0.035 0.15
0.135315762 0.035 0.16
0.138545456 0.045 0
0.138085384 0.045 -0.01
0.13888525 0.045 0.01
0.139501019 0.045 0.02
0.138774757 0.045 0.03
0.139444237 0.045 0.04
0.139583149 0.045 0.05
0.140136051 0.045 0.06
0.139338169 0.045 0.07
0.139344273 0.045 0.08
0.13957962 0.045 0.09
0.139824219 0.045 0.1
0.138488102 0.045 0.11
0.13826582 0.045 0.12
0.138062859 0.045 0.13
0.137875156 0.045 0.14
0.136092243 0.045 0.15
0.136001835 0.045 0.16
0.135457306 0.045 0.17
0.139314327 0.055 0.01
0.136891556 0.055 0
0.138644714 0.055 0.02
0.139221706 0.055 0.03
0.139599152 0.055 0.04
0.140179367 0.055 0.05
0.139192142 0.055 0.06
0.139686222 0.055 0.07
0.140027637 0.055 0.08
0.139837589 0.055 0.09
0.139916039 0.055 0.1
0.13882412 0.055 0.11
0.138956223 0.055 0.12
0.138566513 0.055 0.13
0.136340694 0.055 0.14
0.136413155 0.055 0.15
0.136295166 0.055 0.16
0.136016235 0.055 0.17
0.140685959 0.055 0.26
0.145 0.0521594429 0.26
0.145 0.055 0.252877674
0.143000202 0.055 0.27
0.145 0.0537177467 0.27
0.139214993 0.065 0
0.138935699 0.055 -0.01
0.137915993 0.065 -0.01
0.138160686 0.065 0.01
0.138920097 0.065 0.02
0.139274693 0.065 0.03
0.139793243 0.065 0.04
0.139220943 0.065 0.05
0.139739075 0.065 0.06
0.139854946 0.065 0.07
0.140233612 0.065 0.08
0.140348225 0.065 0.09
0.138975658 0.065 0.1
0.139187813 0.065 0.11
0.139162426 0.065 0.12
0.139030819 0.065 0.13
0.137444725 0.065 0.14
0.136873837 0.065 0.15
0.136661835 0.065 0.16
0.138681374 0.065 0.19
0.143334618 0.065 0.2
0.141230183 0.065 0.21
0.137557125 0.065 0.22
0.135001011 0.065 0.23
0.145 0.0610201454 0.26
0.145 0.0594186592 0.27
0.137200432 0.075 0
0.137970295 0.075 -0.01
0.138153839 0.075 0.01
0.139241009 0.075 0.02
0.139702339 0.075 0.03
0.138478394 0.075 0.04
0.13913847 0.075 0.05
0.13960844 0.075 0.06
0.138955021 0.075 0.07
0.140282745 0.075 0.08
0.139038429 0.075 0.09
0.139257851 0.075 0.1
0.139306717 0.075 0.11
0.144029312 0.075 0.12
0.143941021 0.075 0.13
0.145 0.075 0.13207159
0.145 0.0722967148 0.14
0.145 0.0729179382 0.15
0.145 0.0736329079 0.16
0.145 0.0748477936 0.17
0.143746071 0.075 0.18
0.145 0.075 0.172025204
0.141060333 0.075 0.19
0.137643795 0.075 0.2
0.135408192 0.075 0.21
0.14387701 0.075 0.25
0.145 0.0742422676 0.25
0.145 0.075 0.249217987
0.145 0.075 0.252354927
0.139216957 0.075 -0.02
0.145 0.0802863121 -0.02
0.145 0.085 -0.0247136831
0.145 0.080429554 -0.01
0.141801777 0.085 0
0.145 0.085 -0.00155285358
0.142712898 0.085 0.01
0.143540401 0.085 0.02
0.145 0.085 0.0231462669
0.145 0.0819592285 0.03
0.145 0.0821429825 0.04
0.145 0.0819769096 0.05
0.145 0.0821144867 0.06
0.145 0.0828421974 0.07
0.145 0.0821788979 0.08
0.145 0.0823727226 0.09
0.143327179 0.085 0.1
0.145 0.085 0.0955514336
0.145 0.085 0.105719318
0.145 0.083211956 0.11
0.145 0.0787529755 0.12
0.145 0.080900383 0.13
0.145 0.0827684402 0.14
0.14381176 0.085 0.14
0.145 0.085 0.133872509
0.145 0.0808062553 0.15
0.142820759 0.085 0.15
0.145 0.0792714119 0.16
0.141421299 0.085 0.16
0.145 0.085 0.16877285
0.144127445 0.085 0.18
0.145 0.085 0.173831997
0.141952705 0.085 0.19
0.138236294 0.085 0.2
0.135615273 0.085 0.21
0.145 0.07556036 0.25
0.145 0.095 -0.0232549214
0.145 0.0906589317 0
0.14102066 0.095 0.01
0.145 0.095 0.00358976841
0.143518753 0.095 0.02
0.145 0.095 0.0236829185
0.144231949 0.095 0.05
0.145 0.095 0.0478654194
0.145 0.0932226944 0.05
0.145 0.095 0.0519888973
0.144667645 0.095 0.1
0.145 0.095 0.098484602
0.145 0.095 0.102426701
0.144694118 0.095 0.12
0.145 0.095 0.118144932
0.145 0.0934070969 0.12
0.145 0.0891872406 0.13
0.143857079 0.095 0.13
0.143137226 0.095 0.14
0.141502571 0.095 0.15
0.139552097 0.095 0.16
0.145 0.085681572 0.17
0.137661457 0.095 0.17
0.135540752 0.095 0.18
0.145 0.0982549286 -0.02
0.145 0.105 -0.0114808226
0.138239231 0.105 0
0.145 0.105 -0.00542504311
0.145 0.0986544609 0
0.138641491 0.105 0.01
0.138934784 0.105 0.02
0.145 0.0982534409 0.03
0.139176006 0.105 0.03
0.145 0.0986969185 0.04
0.139201889 0.105 0.04
0.13944952 0.105 0.05
0.145 0.0987699318 0.06
0.139117088 0.105 0.06
0.145 0.0973258591 0.07
0.139241581 0.105 0.07
0.145 0.0973741722 0.08
0.137550182 0.105 0.08
0.145 0.0977349281 0.09
0.138665161 0.105 0.09
0.137296257 0.105 0.1
0.145 0.0962654114 0.11
0.136866379 0.105 0.11
0.13577692 0.105 0.12
0.136470718 0.115 -0.01
0.145 0.115 -0.0140081644
0.145 0.115 -0.00346116543
0.155 -0.126613302 -0.01
0.155 -0.125 -0.0116133022
0.146495743 -0.125 0
0.155 -0.127899022 0
0.149859543 -0.125 0.01
0.155 -0.128316655 0.01
0.148224983 -0.125 0.02
0.155 -0.128662925 0.02
0.155 -0.125 0.0294026089
0.152240906 -0.125 0.04
0.155 -0.12633152 0.04
0.155 -0.125 0.031929493
0.151413193 -0.125 0.05
0.155 -0.126837168 0.05
0.155 -0.125 0.0543087959
0.152514763 -0.125 0.11
0.155 -0.126510491 0.11
0.155 -0.125 0.107236013
0.155 -0.125 0.112934666
0.151997452 -0.115 -0.02
0.155 -0.118002529 -0.02
0.155 -0.115 -0.0230025291
0.149130859 -0.115 0
0.149204178 -0.115 0.01
0.149584122 -0.115 0.02
0.155 -0.123639364 0.03
0.150204201 -0.115 0.03
0.155 -0.115 0.0338838291
0.155 -0.122050653 0.04
0.155 -0.1208319 0.05
0.155 -0.122245312 0.11
0.152516823 -0.115 0.19
0.155 -0.116513805 0.19
0.155 -0.115 0.188324394
0.153762398 -0.115 0.2
0.155 -0.115944514 0.2
0.153533401 -0.115 0.21
0.155 -0.115781183 0.21
0.154988556 -0.115 0.22
0.155 -0.115006495 0.22
0.155 -0.115 0.220022888
0.1478442 -0.115 0.24
0.155 -0.117889652 0.24
0.155 -0.115 0.233933525
0.155 -0.118018675 0.25
0.155 -0.118108463 0.26
0.155 -0.111997471 -0.02
0.155 -0.105 -0.0128351092
0.149246521 -0.105 0
0.155 -0.105 0.0058278513
0.155 -0.109717917 0.01
0.155 -0.109599361 0.02
0.155 -0.110605593 0.03
0.155 -0.105 0.0369085693
0.15174736 -0.105 0.04
0.155 -0.107660389 0.04
0.152017021 -0.105 0.05
0.155 -0.107638049 0.05
0.145686417 -0.105 0.06
0.155 -0.107935081 0.06
0.145681801 -0.105 0.07
0.155 -0.107524271 0.07
0.14654068 -0.105 0.08
0.155 -0.106134915 0.08
0.149158096 -0.105 0.09
0.155 -0.105994272 0.09
0.152060432 -0.105 0.1
0.155 -0.10586102 0.1
0.155 -0.105 0.107087221
0.155 -0.110601425 0.19
0.155 -0.111973205 0.2
0.155 -0.112927694 0.21
0.155 -0.114983988 0.22
0.155 -0.110996947 0.24
0.155 -0.111097279 0.25
0.155 -0.110785823 0.26
0.155 -0.115 0.263108463
0.145 -0.115 0.261077881
0.155 -0.099787159 -0.02
0.155 -0.095 -0.0247871614
0.155 -0.095 0.00965770245
0.155 -0.0971923494 0.04
0.155 -0.0962421179 0.05
0.155 -0.0969967413 0.06
0.155 -0.0982328939 0.07
0.155 -0.100429416 0.08
0.155 -0.1010888 0.09
0.155 -0.101833138 0.1
0.152160988 -0.095 0.17
0.155 -0.103292117 0.17
0.155 -0.095 0.168218822
0.155 -0.103786411 0.18
0.155 -0.102792168 0.19
0.155 -0.100840034 0.2
0.147320824 -0.095 0.21
0.155 -0.0994542646 0.21
0.150355301 -0.095 0.22
0.155 -0.0974135256 0.22
0.152956009 -0.095 0.23
0.155 -0.0960293055 0.23
0.155 -0.095 0.235820007
0.155 -0.0903711033 0
0.153302994 -0.085 0.11
0.155 -0.0893072128 0.11
0.155 -0.085 0.108682356
0.148691025 -0.085 0.12
0.155 -0.0883210468 0.12
0.152840118 -0.085 0.13
0.155 -0.0859465122 0.13
0.154377785 -0.085 0.14
0.155 -0.0853654957 0.14
0.155 -0.085 0.142415447
0.155 -0.091738472 0.17
0.155 -0.0878443241 0.18
0.145604362 -0.085 0.18
0.155 -0.0889137077 0.19
0.147619438 -0.085 0.2
0.155 -0.085 0.19413847
0.148945465 -0.085 0.21
0.150934067 -0.085 0.22
0.149244385 -0.085 0.23
0.155 -0.0941294956 0.24
0.155 -0.0916392326 0.25
0.155 -0.0900951958 0.26
0.155 -0.085 0.264475327
0.155 -0.0836406136 0.11
0.155 -0.0839728928 0.12
0.155 -0.0847382927 0.13
0.155 -0.0848746014 0.14
0.155 -0.075 0.179619083
0.15326767 -0.075 0.18
0.155 -0.0764189816 0.18
0.155 -0.075 0.184253788
0.155 -0.0772661304 0.2
0.15016613 -0.075 0.2
0.155 -0.075 0.201272526
0.145949097 -0.075 0.22
0.147070999 -0.075 0.23
0.148335114 -0.075 0.24
0.149973869 -0.075 0.25
0.155 -0.0769860554 0.27
0.155 -0.0746243382 0.18
0.155 -0.070872879 0.21
0.149267387 -0.065 0.22
0.155 -0.065 0.215006504
0.1451408 -0.065 0.24
0.146290398 -0.065 0.25
0.155 -0.0612671852 0.26
0.155 -0.055 0.265233936
0.147578201 -0.025 0.27
0.155 -0.0281606388 0.27
0.155 -0.025 0.266839371
0.155 -0.015 0.265660686
0.14987442 0.045 0.25
0.155 0.0401508713 0.25
0.155 0.045 0.245150871
0.147968102 0.045 0.26
0.155 0.0404610825 0.26
0.155 0.045 0.265468941
0.146926117 0.055 0.23
0.155 0.050465889 0.23
0.155 0.055 0.225465889
0.147284279 0.055 0.24
0.155 0.0501517296 0.24
0.145705757 0.055 0.25
0.145980721 0.065 0.23
0.155 0.065 0.22165266
0.147221642 0.065 0.24
0.148551216 0.065 0.25
0.147456741 0.065 0.26
0.14600853 0.055 0.27
0.155 0.055 0.263778076
0.155 0.0640147591 0.27
0.150645256 0.065 0.27
0.149471664 0.075 0.14
0.148229942 0.075 0.15
0.147287369 0.075 0.16
0.145271797 0.075 0.17
0.14905983 0.075 0.23
0.155 0.075 0.22580946
0.148395538 0.075 0.24
0.146940765 0.075 0.26
0.155 0.075 0.266024532
0.155 0.068807106 0.27
0.150048141 0.085 -0.03
0.155 0.0800481415 -0.03
0.155 0.085 -0.0349518526
0.155 0.0800636673 -0.02
0.155 0.0800887299 -0.01
0.146425476 0.085 0
0.155 0.0801791191 0
0.155 0.085 0.00769111633
0.149042091 0.085 0.03
0.148878632 0.085 0.04
0.147644997 0.085 0.05
0.147538986 0.085 0.06
0.147519341 0.085 0.07
0.148457375 0.085 0.08
0.147061996 0.085 0.09
0.146346741 0.085 0.11
0.145959206 0.085 0.12
0.145495148 0.085 0.13
0.146194077 0.085 0.17
0.153486023 0.085 0.23
0.155 0.085 0.227068748
0.155 0.085 0.236713161
0.155 0.0843062782 0.24
0.155 0.0830378151 0.25
0.155 0.0798279381 0.26
0.155 0.0899518585 -0.03
0.155 0.095 -0.023079145
0.155 0.095 0.00826943398
0.151508064 0.095 0.03
0.147358856 0.095 0.04
0.148381271 0.095 0.06
0.147085152 0.095 0.07
0.147909927 0.095 0.08
0.147201996 0.095 0.09
0.146916542 0.095 0.11
0.155 0.0863519859 0.23
0.155 0.0980791473 -0.02
0.155 0.105 -0.0130013323
0.149793854 0.105 0
0.155 0.105 0.00440929413
0.150035934 0.105 0.24
0.155 0.101168213 0.24
0.155 0.105 0.231511765
0.147395134 0.105 0.25
0.155 0.101175117 0.25
0.149787979 0.105 0.26
0.155 0.101318398 0.26
0.155 0.115 -0.0126298141
0.148697395 0.115 0
0.155 0.115 0.00583084583
0.155 0.118763924 0
0.165 -0.128713808 -0.01
0.165 -0.125 -0.0137138081
0.165 -0.125 0.0178774738
0.15831665 -0.125 0.01
0.165 -0.127122526 0.02
0.155942116 -0.125 0.03
0.165 -0.127609434 0.03
0.165 -0.128501601 0.04
0.162865944 -0.125 0.07
0.165 -0.126388488 0.07
0.165 -0.125 0.068611517
0.162171326 -0.125 0.08
0.165 -0.126803513 0.08
0.156510506 -0.125 0.11
0.158111763 -0.115 -0.01
0.165 -0.117448525 0
0.165 -0.115 -0.00244852543
0.157899017 -0.125 0
0.165 -0.121286192 -0.01
0.165 -0.125 -0.00628619194
0.165 -0.117987962 0.01
0.157652969 -0.115 0.02
0.165 -0.122877474 0.02
0.165 -0.115 0.0281597662
0.160435638 -0.115 0.04
0.156837158 -0.125 0.05
0.165 -0.115 0.0585957336
0.16152729 -0.115 0.06
0.165 -0.116404266 0.06
0.162131615 -0.115 0.07
0.164429359 -0.115 0.1
0.165 -0.11528327 0.1
0.165 -0.115 0.0997167301
0.160588226 -0.115 0.16
0.165 -0.119183788 0.16
0.165 -0.115 0.157753239
0.15634243 -0.115 0.19
0.160327606 -0.115 0.21
0.155944519 -0.115 0.2
0.155093994 -0.115 0.22
0.165 -0.118938398 0.23
0.165 -0.115 0.220892639
0.157885475 -0.115 0.23
0.165 -0.119059429 0.24
0.165 -0.116513476 0.25
0.165 -0.116707935 0.26
0.165 -0.105 0.0251539898
0.157403221 -0.105 0.03
0.165 -0.105 0.0555961609
0.156013985 -0.105 0.05
0.165 -0.109509463 0.08
0.165 -0.115 0.0713285923
0.165 -0.108991919 0.09
0.15527195 -0.105 0.11
0.165 -0.109001913 0.11
0.165 -0.115 0.10028327
0.156125298 -0.105 0.12
0.165 -0.109081993 0.12
0.156770897 -0.105 0.13
0.165 -0.112662034 0.13
0.157569275 -0.105 0.14
0.165 -0.108199663 0.14
0.15829525 -0.105 0.15
0.165 -0.108225369 0.15
0.159749832 -0.105 0.16
0.165 -0.106897049 0.17
0.165 -0.115 0.162246761
0.15559269 -0.105 0.17
0.157398872 -0.105 0.18
0.165 -0.107923355 0.18
0.165 -0.105454102 0.19
0.163058586 -0.105 0.19
0.164776154 -0.105 0.2
0.165 -0.105054717 0.2
0.165 -0.105 0.202040749
0.165 -0.107914577 0.23
0.165 -0.109144936 0.24
0.165 -0.112480149 0.25
0.165 -0.11238101 0.26
0.165 -0.115 0.261707935
0.165 -0.095 -0.00447501659
0.158048592 -0.105 0
0.165 -0.0994750166 0
0.159748306 -0.095 -0.01
0.157835121 -0.105 -0.01
0.165 -0.0995788193 0.01
0.155349007 -0.095 0.01
0.155326271 -0.095 0.03
0.165 -0.095 0.0256735802
0.155583611 -0.0965923548 0.0345088959
0.15617466 -0.105 0.04
0.165 -0.0992243242 0.04
0.165 -0.105 0.0348460102
0.155486145 -0.095 0.04
0.165 -0.0992696095 0.05
0.155210266 -0.095 0.05
0.155887413 -0.095 0.07
0.165 -0.100596166 0.06
0.165 -0.095 0.0661311054
0.155848923 -0.095 0.08
0.156559753 -0.095 0.1
0.165 -0.101008081 0.09
0.165 -0.095 0.0965363693
0.157269516 -0.095 0.11
0.157734489 -0.095 0.12
0.165 -0.101860437 0.13
0.165 -0.095 0.137603512
0.159424782 -0.095 0.14
0.160090408 -0.095 0.15
0.165 -0.095 0.166744213
0.165 -0.102754779 0.16
0.165 -0.103933311 0.21
0.165 -0.101832099 0.22
0.160181808 -0.095 0.23
0.165 -0.095 0.229012127
0.165 -0.085 0.105131397
0.165 -0.0915363693 0.1
0.165 -0.0894975758 0.13
0.165 -0.095 0.123112316
0.155427704 -0.085 0.15
0.165 -0.0888330555 0.16
0.165 -0.095 0.152171555
0.156158714 -0.085 0.16
0.157057152 -0.085 0.17
0.158143082 -0.085 0.18
0.158910637 -0.085 0.19
0.165 -0.0897880459 0.23
0.165 -0.0930005741 0.24
0.165 -0.0907049656 0.25
0.165 -0.0887020397 0.26
0.165 -0.085 0.263268871
0.165 -0.075 0.175339642
0.165 -0.0813642502 0.17
0.155529594 -0.075 0.19
0.156205902 -0.075 0.2
0.16448204 -0.075 0.27
0.165 -0.075 0.269721699
0.165 -0.0711438465 0.21
0.165 -0.065 0.21506258
0.165 -0.0748918438 0.27
0.160187263 -0.055 0.26
0.165 -0.0609888172 0.25
0.165 -0.055 0.255187283
0.155 -0.0609662914 0.25
0.163282776 -0.035 0.27
0.165 -0.0367172241 0.27
0.165 -0.035 0.268282776
0.165 -0.025 0.266607533
0.165 -0.015 0.265435982
0.159538918 0.045 0.26
0.165 0.0500006104 0.23
0.165 0.055 0.22500061
0.165 0.0504149818 0.24
0.159849129 0.045 0.25
0.165 0.0506772995 0.25
0.165 0.0509098816 0.26
0.159881401 0.065 0.19
0.165 0.0602565193 0.19
0.165 0.065 0.185256519
0.157595596 0.065 0.2
0.165 0.0604295731 0.2
0.155614052 0.065 0.21
0.165 0.0606299973 0.21
0.15655014 0.065 0.22
0.165 0.0611271095 0.22
0.165 0.0631261444 0.27
0.165 0.055 0.264090118
0.15752533 0.075 0.12
0.165 0.0700161934 0.12
0.165 0.075 0.115033607
0.156361275 0.075 0.13
0.165 0.070092659 0.13
0.156755257 0.075 0.14
0.165 0.0705132294 0.14
0.157215843 0.075 0.15
0.165 0.070612011 0.15
0.157543221 0.075 0.16
0.165 0.0707330894 0.16
0.158084793 0.075 0.17
0.165 0.0711618805 0.17
0.158791733 0.075 0.18
0.165 0.0713485527 0.18
0.159675751 0.075 0.19
0.158127327 0.075 0.2
0.159545898 0.075 0.21
0.158573189 0.075 0.22
0.157565651 0.075 0.27
0.165 0.085 -0.0247591877
0.159951859 0.085 -0.03
0.165 0.0802408028 -0.02
0.165 0.0803219414 -0.01
0.165 0.0803577042 0
0.157334595 0.085 0.01
0.165 0.0802151299 0.01
0.157064056 0.085 0.02
0.165 0.0802737808 0.02
0.157057419 0.085 0.03
0.165 0.0804192162 0.03
0.157252159 0.085 0.04
0.165 0.0805056 0.04
0.158335953 0.085 0.05
0.165 0.0804252434 0.05
0.158571548 0.085 0.06
0.165 0.0808174896 0.06
0.158507805 0.085 0.07
0.165 0.0807634926 0.07
0.157326012 0.085 0.08
0.165 0.0807332611 0.08
0.158868752 0.085 0.09
0.165 0.0810176086 0.09
0.159200363 0.085 0.1
0.165 0.0811954498 0.1
0.159098549 0.085 0.11
0.165 0.0812425804 0.11
0.159689255 0.085 0.12
0.160011635 0.085 0.13
0.160667839 0.085 0.14
0.160442772 0.085 0.15
0.157039528 0.085 0.16
0.156740799 0.085 0.17
0.157567673 0.085 0.18
0.15514164 0.085 0.19
0.156367836 0.085 0.2
0.158839645 0.085 0.21
0.161289444 0.085 0.22
0.165 0.085 0.232852726
0.165 0.0832753181 0.24
0.165 0.0813780594 0.25
0.165 0.0793453789 0.26
0.165 0.0845230103 0.27
0.165 0.0897591972 -0.02
0.165 0.095 -0.0148248839
0.158079147 0.095 -0.02
0.165 0.0895807838 0.03
0.165 0.095 0.0353925228
0.158143044 0.095 0.04
0.158828278 0.095 0.05
0.157261658 0.095 0.06
0.157135849 0.095 0.07
0.157668304 0.095 0.08
0.157567558 0.095 0.09
0.15793457 0.095 0.1
0.165 0.095 0.108276272
0.165 0.0930678368 0.11
0.165 0.095 0.112159691
0.158908844 0.095 0.12
0.159603844 0.095 0.13
0.159696236 0.095 0.14
0.160113182 0.095 0.15
0.160655899 0.095 0.16
0.161608849 0.095 0.17
0.160846672 0.095 0.18
0.165 0.095 0.189365063
0.165 0.0946909904 0.19
0.165 0.0938239861 0.2
0.165 0.0920590591 0.21
0.165 0.0874799728 0.22
0.165 0.0860163689 0.23
0.165 0.0998248863 -0.01
0.165 0.105 -0.00228586197
0.158001328 0.105 -0.01
0.165 0.102667427 0.01
0.159826622 0.105 0.01
0.165 0.095 0.00484454632
0.161169548 0.105 0.02
0.165 0.102262173 0.02
0.162349586 0.105 0.04
0.165 0.105 0.0381630421
0.162033653 0.105 0.05
0.161961975 0.105 0.06
0.165 0.0997935677 0.07
0.165 0.105 0.0792487144
0.163851433 0.105 0.08
0.164128723 0.105 0.09
0.165 0.103009911 0.12
0.165 0.103009243 0.13
0.165 0.0982426071 0.14
0.165 0.0994473457 0.15
0.165 0.0993153572 0.16
0.165 0.0967861748 0.17
0.165 0.105 0.17512373
0.158917961 0.105 0.18
0.165 0.0956985092 0.19
0.163062553 0.105 0.19
0.165 0.105 0.192204647
0.158507462 0.105 0.21
0.165 0.0962844086 0.21
0.165 0.105 0.205338135
0.165 0.105 0.217840214
0.165 0.0988004684 0.24
0.165 0.105 0.232155075
0.165 0.10235342 0.25
0.165 0.102695465 0.26
0.161075821 0.115 -0.02
0.165 0.111075821 -0.02
0.165 0.115 -0.0239241719
0.158763924 0.115 0
0.165 0.107285862 0
0.165 0.115 0.00717213154
0.160225677 0.115 0.01
0.159173889 0.115 0.02
0.165 0.106836948 0.04
0.165 0.115 0.0483306313
0.161524353 0.115 0.05
0.161994019 0.115 0.06
0.165 0.105751286 0.08
0.165 0.110043926 0.09
0.165 0.115 0.0932086182
0.163535042 0.115 0.1
0.165 0.113929195 0.1
0.165 0.105 0.0905451775
0.165 0.111893024 0.18
0.165 0.106503563 0.19
0.165 0.109296303 0.21
0.169096069 -0.115 0.18
0.175 -0.119385843 0.18
0.175 -0.115 0.175614166
0.168928604 -0.115 0.19
0.175 -0.119598827 0.19
0.170418968 -0.115 0.2
0.175 -0.119581022 0.2
0.165762138 -0.115 0.21
0.175 -0.119739022 0.21
0.166400146 -0.115 0.22
0.175 -0.117811618 0.22
0.175 -0.11805511 0.23
0.175 -0.118245506 0.24
0.175 -0.118128457 0.25
0.172731476 -0.115 0.26
0.175 -0.115 0.258828125
0.170192146 -0.105 0.01
0.175 -0.109807858 0.01
0.175 -0.105 0.00519214153
0.16744854 -0.115 0
0.165 -0.112012038 0.01
0.165 -0.112551475 0
0.167987976 -0.115 0.01
0.170549431 -0.105 0.04
0.175 -0.109450569 0.04
0.175 -0.105 0.0355494308
0.165 -0.112643237 0.04
0.167356758 -0.115 0.04
0.169846001 -0.105 0.03
0.166840248 -0.115 0.03
0.165 -0.115 0.0423567581
0.175 -0.109658999 0.05
0.170340996 -0.105 0.05
0.166404266 -0.115 0.06
0.175 -0.109628825 0.06
0.166328583 -0.115 0.07
0.175 -0.109784036 0.07
0.175 -0.109096785 0.08
0.175 -0.109247842 0.09
0.165283279 -0.115 0.1
0.175 -0.109156032 0.1
0.175 -0.108525109 0.11
0.175 -0.108378768 0.12
0.175 -0.108468981 0.13
0.175 -0.107602797 0.14
0.175 -0.107344236 0.15
0.16724678 -0.115 0.16
0.175 -0.10736774 0.16
0.175 -0.106065102 0.17
0.165497856 -0.105 0.2
0.175 -0.105 0.194833031
0.175 -0.106104927 0.2
0.175 -0.10660902 0.21
0.175 -0.108393726 0.22
0.175 -0.10984951 0.23
0.175 -0.109846549 0.24
0.175 -0.110962162 0.25
0.175 -0.102397203 0.14
0.175 -0.095 0.14514267
0.167396507 -0.095 0.14
0.170152779 -0.095 0.16
0.175 -0.103596015 0.2
0.175 -0.102164025 0.21
0.175 -0.101663847 0.22
0.166313858 -0.095 0.23
0.175 -0.0996538591 0.23
0.169507866 -0.095 0.24
0.175 -0.0974066591 0.24
0.17194931 -0.095 0.25
0.175 -0.0962215328 0.25
0.174012794 -0.095 0.26
0.175 -0.0955340815 0.26
0.169000702 -0.085 0.15
0.175 -0.0901426792 0.15
0.175 -0.085 0.156306
0.175 -0.0909271336 0.18
0.175 -0.085 0.187400227
0.168073006 -0.085 0.18
0.16598278 -0.085 0.22
0.175 -0.092135973 0.22
0.175 -0.085 0.225244808
0.165 -0.0811669445 0.16
0.165 -0.0809993076 0.15
0.175 -0.075 0.155068283
0.170068283 -0.075 0.16
0.16863575 -0.085 0.17
0.175 -0.085 0.163694
0.175 -0.079796629 0.17
0.170203362 -0.075 0.17
0.175 -0.0796403599 0.18
0.167427979 -0.085 0.2
0.175 -0.0790048981 0.2
0.175 -0.085 0.192599773
0.166532974 -0.085 0.21
0.175 -0.0787456608 0.21
0.175 -0.0781235027 0.22
0.175 -0.085 0.263658104
0.175 -0.075 0.266961975
0.175 -0.0712543392 0.21
0.175 -0.065 0.215317287
0.175 -0.0743243694 0.27
0.175 -0.0613332081 0.25
0.175 -0.055 0.255241375
0.175 -0.0370235252 0.27
0.175 -0.035 0.267976475
0.175 -0.025 0.266316528
0.175 -0.015 0.265291958
0.175 0.0502659988 0.23
0.175 0.055 0.225265999
0.175 0.0504960632 0.24
0.175 0.0510133362 0.25
0.175 0.0512635803 0.26
0.170206718 0.065 0.18
0.175 0.0602067184 0.18
0.175 0.065 0.175206718
0.175 0.0603569794 0.19
0.175 0.0607773399 0.2
0.175 0.0609959602 0.21
0.175 0.0612506294 0.22
0.170115814 0.075 0.11
0.175 0.0701157951 0.11
0.175 0.075 0.105115805
0.175 0.0701551819 0.12
0.175 0.0704456902 0.13
0.175 0.0705242348 0.14
0.175 0.075 0.15602335
0.169388008 0.075 0.15
0.175 0.0710233498 0.16
0.175 0.0713226509 0.17
0.175 0.075 0.186950722
0.175 0.0697932816 0.18
0.168651466 0.075 0.18
0.166873856 0.065 0.27
0.175 0.0721197319 0.27
0.175 0.065 0.261362953
0.16774971 0.085 0.14
0.175 0.0801432991 0.15
0.175 0.085 0.145143299
0.175 0.0794757652 0.14
0.175 0.075 0.144475765
0.175 0.0804229164 0.18
0.175 0.075 0.173677349
0.168194313 0.085 0.24
0.170743065 0.085 0.25
0.175 0.085 0.256521473
0.175 0.0819890594 0.26
0.175 0.0823515129 0.27
0.169759178 0.085 -0.02
0.175 0.095 -0.0249889517
0.170011063 0.095 -0.02
0.175 0.0900110435 -0.02
0.170333061 0.095 0.02
0.175 0.0903330612 0.02
0.175 0.095 0.0153330564
0.169784851 0.085 0.01
0.165 0.0897262192 0.02
0.165 0.0897848701 0.01
0.169726219 0.085 0.02
0.170342369 0.095 0.03
0.175 0.0903423691 0.03
0.169580803 0.085 0.03
0.175 0.0901861572 0.04
0.1694944 0.085 0.04
0.169574776 0.085 0.05
0.175 0.0902190399 0.05
0.16918251 0.085 0.06
0.175 0.0906958008 0.06
0.169236488 0.085 0.07
0.175 0.0907574081 0.07
0.169266739 0.085 0.08
0.175 0.0906481171 0.08
0.168982391 0.085 0.09
0.175 0.0907356453 0.09
0.168786545 0.085 0.1
0.175 0.0913808441 0.1
0.167125549 0.095 0.11
0.175 0.0915188026 0.11
0.168757401 0.085 0.11
0.175 0.0914661217 0.12
0.168356171 0.085 0.12
0.168270988 0.085 0.13
0.175 0.0914422035 0.13
0.175 0.0926068878 0.14
0.169146118 0.095 0.19
0.175 0.095 0.196526566
0.175 0.0948361206 0.2
0.175 0.0919868088 0.21
0.175 0.0903717422 0.22
0.175 0.0895832062 0.23
0.175 0.087802124 0.24
0.175 0.0870532417 0.25
0.169876289 0.105 0.18
0.175 0.0957414055 0.18
0.175 0.105 0.185752106
0.169328003 0.105 0.2
0.175 0.0951203156 0.2
0.175 0.0971813965 0.21
0.166459427 0.105 0.22
0.175 0.0973152924 0.22
0.1681073 0.105 0.23
0.175 0.099392395 0.23
0.175 0.100431786 0.24
0.175 0.100405426 0.25
0.172705116 0.105 0.26
0.175 0.105 0.258910847
0.167285843 0.105 0
0.175 0.115 -0.00407619476
0.170923805 0.115 0
0.175 0.110923805 0
0.180081329 -0.115 0.16
0.185 -0.119918661 0.16
0.185 -0.115 0.155081348
0.185 -0.115 0.196189709
0.179598808 -0.115 0.19
0.185 -0.118810287 0.2
0.185 -0.119043121 0.21
0.185 -0.119005055 0.22
0.185 -0.119175367 0.23
0.185 -0.116652279 0.24
0.185 -0.116938486 0.25
0.177182274 -0.115 0.26
0.185 -0.116779718 0.26
0.185 -0.105 0.0857333469
0.179096794 -0.105 0.08
0.185 -0.109266653 0.09
0.185 -0.105 0.116323166
0.178525124 -0.105 0.11
0.185 -0.108676834 0.12
0.185 -0.105 0.147264118
0.177602806 -0.105 0.14
0.185 -0.107735887 0.15
0.185 -0.105 0.178829956
0.176065102 -0.105 0.17
0.185 -0.106170044 0.18
0.179385834 -0.115 0.18
0.185 -0.108255816 0.23
0.185 -0.110994945 0.22
0.185 -0.112504888 0.26
0.185 -0.113061514 0.25
0.17985733 -0.095 0.15
0.185 -0.0999112511 0.16
0.185 -0.095 0.155088749
0.177367744 -0.105 0.16
0.185 -0.102264113 0.15
0.185 -0.105 0.152735882
0.185 -0.0993592978 0.17
0.175894394 -0.105 0.19
0.185 -0.0992601395 0.19
0.185 -0.105 0.181170044
0.185 -0.0983052158 0.2
0.185 -0.09818398 0.21
0.185 -0.0980289221 0.22
0.185 -0.0988897324 0.23
0.185 -0.0965138054 0.24
0.181860504 -0.095 0.25
0.185 -0.095 0.24806469
0.177919693 -0.095 0.26
0.185 -0.0919710732 0.22
0.185 -0.085 0.225040836
0.185 -0.094432888 0.25
0.185 -0.0937480259 0.26
0.180017204 -0.065 0.2
0.185 -0.0699827957 0.2
0.185 -0.065 0.195017204
0.17922863 -0.075 0.19
0.175 -0.0709951019 0.2
0.175 -0.0707713604 0.19
0.179004898 -0.075 0.2
0.18019577 -0.065 0.21
0.185 -0.0698042297 0.21
0.178745651 -0.075 0.21
0.185 -0.069599762 0.22
0.178123512 -0.075 0.22
0.177738342 -0.075 0.23
0.185 -0.0691294289 0.23
0.177282867 -0.075 0.24
0.185 -0.0688979053 0.24
0.176231804 -0.075 0.25
0.185 -0.0685597801 0.25
0.175612602 -0.075 0.26
0.185 -0.0678207493 0.26
0.185 -0.0673061848 0.27
0.180059395 -0.055 0.25
0.185 -0.0611020947 0.24
0.185 -0.055 0.245059395
0.175 -0.0608145142 0.24
0.177023506 -0.035 0.27
0.185 -0.0288585567 0.27
0.185 -0.025 0.266141434
0.185 -0.015 0.265105801
0.180226059 0.045 0.26
0.185 0.040226059 0.26
0.185 0.045 0.255226059
0.180152588 0.055 0.22
0.185 0.0501525879 0.22
0.185 0.055 0.215152588
0.185 0.0503551292 0.23
0.185 0.0508322525 0.24
0.185 0.0510391998 0.25
0.185 0.060318737 0.18
0.185 0.065 0.175318737
0.185 0.065 0.206022682
0.179222679 0.065 0.2
0.185 0.0610226822 0.21
0.185 0.065 0.226927338
0.185 0.0598474121 0.22
0.178749352 0.065 0.22
0.185 0.0589608002 0.25
0.185 0.065 0.258876648
0.17741127 0.065 0.25
0.176946182 0.075 0.21
0.185 0.070143795 0.22
0.185 0.075 0.215143795
0.185 0.0689773178 0.21
0.185 0.065 0.213977318
0.177857666 0.065 0.24
0.185 0.0704407501 0.24
0.185 0.065 0.233072662
0.185 0.071220417 0.25
0.180045967 0.085 0.14
0.185 0.080045948 0.14
0.185 0.085 0.135045948
0.179554329 0.075 0.13
0.175 0.0795543098 0.13
0.179475746 0.075 0.14
0.185 0.0800643921 0.15
0.178976631 0.075 0.16
0.185 0.0800990677 0.16
0.17867733 0.075 0.17
0.185 0.0808211708 0.17
0.185 0.0808940506 0.18
0.178049278 0.075 0.19
0.185 0.0809895706 0.19
0.177761116 0.075 0.2
0.185 0.081873455 0.2
0.185 0.0820487785 0.21
0.185 0.085 0.253473186
0.185 0.0843476677 0.26
0.185 0.075 0.263524513
0.177880287 0.075 0.27
0.185 0.095 0.0251464462
0.179666939 0.095 0.02
0.185 0.0901464462 0.03
0.185 0.095 0.065534153
0.179304199 0.095 0.06
0.185 0.090534153 0.07
0.185 0.095 0.106238995
0.178619156 0.095 0.1
0.185 0.0912389946 0.11
0.185 0.095 0.14724926
0.185 0.089954052 0.14
0.177393112 0.095 0.14
0.185 0.0891788292 0.17
0.185 0.095 0.17902607
0.175901756 0.095 0.17
0.185 0.0853532028 0.25
0.185 0.085684967 0.24
0.180259171 0.105 0.17
0.185 0.10025919 0.17
0.185 0.105 0.16525919
0.177324028 0.095 0.16
0.175 0.0959017563 0.17
0.175 0.097324028 0.16
0.185 0.105 0.206253605
0.179505539 0.105 0.2
0.185 0.101253605 0.21
0.185 0.100978718 0.22
0.185 0.101012039 0.23
0.185 0.103570328 0.24
0.185 0.102090778 0.25
3 2 1 0
3 2 0 3
3 0 5 4
3 1 5 0
3 4 7 6
3 5 7 4
3 6 9 8
3 7 9 6
3 12 11 10
3 14 13 10
3 14 10 11
3 16 15 13
3 16 13 14
3 18 17 15
3 18 15 16
3 20 17 19
3 17 2 19
3 2 3 19
3 2 17 18
3 22 21 19
3 19 21 20
3 24 23 22
3 22 23 21
3 26 25 24
3 24 25 23
3 29 28 27
3 30 27 28
3 27 30 20
3 31 20 30
3 20 31 17
3 27 20 32
3 32 20 21
3 32 21 33
3 33 21 23
3 33 23 34
3 34 23 25
3 35 34 25
3 36 35 25
3 37 35 36
3 40 39 38
3 41 40 38
3 42 40 41
3 42 44 43
3 41 44 42
3 43 46 45
3 44 46 43
3 45 48 47
3 46 48 45
3 47 50 49
3 48 50 47
3 49 52 51
3 50 52 49
3 53 51 28
3 51 54 28
3 51 52 54
3 28 54 30
3 57 56 55
3 37 57 55
3 58 37 55
3 35 37 58
3 61 60 59
3 64 63 62
3 66 65 62
3 66 62 63
3 68 67 65
3 68 65 66
3 70 69 67
3 70 67 68
3 72 71 69
3 72 69 70
3 74 73 71
3 74 71 72
3 76 75 73
3 76 73 74
3 78 77 75
3 78 75 76
3 80 79 77
3 80 77 78
3 82 81 79
3 82 79 80
3 84 83 81
3 84 81 82
3 87 86 85
3 84 88 83
3 89 83 88
3 91 90 88
3 89 88 90
3 85 92 39
3 92 85 86
3 93 39 92
3 39 93 38
3 94 38 93
3 38 94 91
3 90 91 94
3 96 95 93
3 93 95 94
3 98 97 96
3 96 97 95
3 100 99 98
3 98 99 97
3 102 101 100
3 100 101 99
3 101 102 103
3 102 104 103
3 102 105 104
3 107 105 106
3 107 104 105
3 109 106 108
3 109 107 106
3 111 108 110
3 111 109 108
3 113 110 112
3 113 111 110
3 114 55 56
3 113 114 56
3 112 114 113
3 55 114 58
3 117 116 115
3 94 117 115
3 95 117 94
3 101 103 118
3 121 120 119
3 120 121 122
3 123 122 121
3 126 125 124
3 123 126 124
3 121 126 123
3 128 127 125
3 126 128 125
3 129 128 126
3 128 131 130
3 129 131 128
3 130 133 132
3 131 133 130
3 132 135 134
3 133 135 132
3 138 137 136
3 140 117 139
3 143 142 141
3 143 144 142
3 1 146 145
3 147 1 145
3 5 1 147
3 5 148 7
3 147 148 5
3 7 149 9
3 148 149 7
3 150 9 149
3 150 149 151
3 153 152 11
3 153 11 12
3 11 154 14
3 152 154 11
3 14 155 16
3 154 155 14
3 16 156 18
3 155 156 16
3 2 18 146
3 18 157 146
3 18 156 157
3 146 157 145
3 151 36 150
3 158 36 151
3 161 160 159
3 163 162 159
3 163 159 160
3 165 164 162
3 165 162 163
3 167 166 164
3 167 164 165
3 169 168 166
3 169 166 167
3 171 170 168
3 171 168 169
3 173 170 172
3 170 153 172
3 153 12 172
3 153 170 171
3 175 174 172
3 172 174 173
3 177 176 175
3 175 176 174
3 31 178 177
3 177 178 176
3 30 178 31
3 158 37 36
3 179 37 158
3 182 181 180
3 185 184 183
3 187 186 183
3 187 183 184
3 190 189 188
3 192 191 188
3 192 188 189
3 195 194 193
3 196 193 194
3 199 198 197
3 197 198 161
3 159 197 161
3 200 197 159
3 38 201 41
3 201 164 41
3 164 166 41
3 201 202 164
3 41 166 44
3 44 166 168
3 44 168 46
3 46 168 170
3 46 170 48
3 48 170 173
3 48 173 50
3 50 173 174
3 50 174 52
3 52 174 176
3 52 176 54
3 54 176 178
3 54 178 30
3 204 203 57
3 57 203 56
3 57 37 179
3 57 179 204
3 207 206 205
3 209 208 205
3 209 205 206
3 208 209 185
3 208 185 183
3 64 208 183
3 63 64 183
3 186 211 210
3 214 213 212
3 213 214 66
3 68 66 214
3 188 70 190
3 70 214 190
3 70 68 214
3 70 188 72
3 72 188 191
3 216 215 191
3 215 72 191
3 215 74 72
3 193 76 195
3 76 215 195
3 76 74 215
3 196 217 193
3 217 76 193
3 217 78 76
3 78 218 80
3 217 218 78
3 197 82 199
3 82 218 199
3 82 80 218
3 82 197 84
3 84 197 200
3 220 219 200
3 219 84 200
3 219 88 84
3 88 221 91
3 219 221 88
3 38 91 201
3 201 91 221
3 224 223 222
3 103 104 222
3 104 224 222
3 104 225 224
3 226 104 107
3 226 225 104
3 227 107 109
3 227 226 107
3 228 109 111
3 228 227 109
3 229 111 113
3 229 228 111
3 113 56 203
3 113 203 229
3 231 61 230
3 234 233 232
3 231 230 235
3 237 234 236
3 234 237 233
3 240 239 238
3 238 239 241
3 239 208 241
3 208 64 241
3 244 243 242
3 243 245 242
3 243 246 245
3 249 248 247
3 248 250 247
3 248 251 250
3 253 252 250
3 250 252 247
3 256 255 254
3 256 257 255
3 259 258 116
3 258 115 116
3 258 260 115
3 262 223 261
3 262 261 263
3 262 263 264
3 262 264 265
3 262 265 266
3 262 266 118
3 262 118 222
3 262 222 223
3 118 103 222
3 119 263 121
3 261 121 263
3 121 261 267
3 121 268 126
3 267 268 121
3 268 270 269
3 129 268 269
3 126 268 129
3 129 269 271
3 272 129 271
3 131 129 272
3 131 273 133
3 272 273 131
3 133 274 135
3 273 274 133
3 232 233 275
3 232 275 276
3 277 233 237
3 275 233 277
3 279 278 137
3 238 280 240
3 280 238 281
3 238 283 282
3 284 238 282
3 281 238 284
3 244 242 285
3 244 285 286
3 242 288 287
3 289 242 287
3 285 242 289
3 292 291 290
3 247 292 290
3 252 292 247
3 252 294 293
3 295 252 293
3 292 252 295
3 296 264 263
3 299 298 297
3 299 300 298
3 301 269 270
3 299 301 270
3 297 301 299
3 304 303 302
3 305 302 303
3 307 306 147
3 307 147 145
3 147 308 148
3 306 308 147
3 302 149 304
3 149 308 304
3 149 148 308
3 151 149 302
3 305 151 302
3 309 151 305
3 153 310 152
3 311 154 152
3 311 152 310
3 312 155 154
3 312 154 311
3 155 312 313
3 314 155 313
3 156 155 314
3 156 315 157
3 314 315 156
3 145 157 307
3 307 157 315
3 309 158 151
3 316 158 309
3 161 317 160
3 318 163 160
3 318 160 317
3 319 165 163
3 319 163 318
3 320 167 165
3 320 165 319
3 321 169 167
3 321 167 320
3 322 171 169
3 322 169 321
3 310 153 171
3 322 310 171
3 323 310 322
3 310 324 311
3 310 323 324
3 311 325 312
3 311 324 325
3 313 312 326
3 326 312 325
3 316 179 158
3 327 179 316
3 185 328 184
3 329 187 184
3 329 184 328
3 329 211 187
3 190 330 189
3 331 192 189
3 331 189 330
3 331 216 192
3 195 332 194
3 332 196 194
3 199 333 198
3 317 161 198
3 333 317 198
3 334 317 333
3 334 220 335
3 318 334 335
3 317 334 318
3 318 335 202
3 318 202 319
3 319 202 201
3 336 319 201
3 320 319 336
3 320 337 321
3 320 336 337
3 339 322 338
3 322 337 338
3 322 321 337
3 322 339 323
3 323 339 340
3 342 341 340
3 341 323 340
3 341 324 323
3 324 343 325
3 324 341 343
3 326 325 344
3 344 325 343
3 347 346 345
3 203 204 345
3 204 347 345
3 204 348 347
3 204 179 327
3 204 327 348
3 351 350 349
3 182 353 352
3 350 354 349
3 355 349 354
3 352 353 356
3 358 354 357
3 354 358 355
3 357 207 358
3 357 206 207
3 357 360 359
3 206 357 359
3 361 209 206
3 361 206 359
3 328 185 209
3 361 328 209
3 362 328 361
3 362 363 210
3 329 362 210
3 328 362 329
3 211 329 210
3 214 212 364
3 330 190 214
3 364 330 214
3 365 330 364
3 330 366 331
3 330 365 366
3 367 215 216
3 331 367 216
3 366 367 331
3 332 195 215
3 367 332 215
3 368 332 367
3 369 217 196
3 332 369 196
3 368 369 332
3 370 218 217
3 370 217 369
3 333 199 218
3 370 333 218
3 371 333 370
3 333 372 334
3 333 371 372
3 373 219 220
3 334 373 220
3 372 373 334
3 374 221 219
3 374 219 373
3 336 201 221
3 374 336 221
3 375 336 374
3 336 376 337
3 336 375 376
3 338 337 377
3 337 378 377
3 337 376 378
3 380 379 378
3 378 379 377
3 379 380 342
3 342 380 341
3 380 223 341
3 223 224 341
3 341 224 225
3 341 225 343
3 381 344 343
3 225 381 343
3 226 381 225
3 382 226 227
3 382 381 226
3 383 227 228
3 383 382 227
3 229 345 346
3 383 229 346
3 228 229 383
3 345 229 203
3 351 349 384
3 351 384 385
3 232 384 234
3 384 355 234
3 384 349 355
3 234 355 236
3 236 355 358
3 387 360 386
3 387 386 388
3 387 388 236
3 387 236 358
3 387 358 207
3 387 207 389
3 387 389 359
3 387 359 360
3 359 389 239
3 359 239 361
3 361 239 240
3 390 361 240
3 362 361 390
3 390 283 363
3 390 363 362
3 391 364 212
3 364 391 243
3 364 243 365
3 365 243 244
3 392 365 244
3 366 365 392
3 392 288 393
3 367 392 393
3 366 392 367
3 367 393 248
3 367 248 368
3 368 248 249
3 394 368 249
3 369 368 394
3 369 395 370
3 369 394 395
3 395 294 396
3 371 395 396
3 370 395 371
3 371 396 257
3 371 257 372
3 372 257 256
3 372 256 373
3 373 256 397
3 373 397 374
3 374 397 260
3 374 260 375
3 375 260 258
3 375 258 376
3 376 258 398
3 376 398 378
3 378 398 265
3 378 265 380
3 399 265 264
3 399 380 265
3 399 261 223
3 380 399 223
3 400 267 261
3 400 261 399
3 401 268 267
3 401 267 400
3 401 270 268
3 271 402 272
3 403 273 272
3 403 272 402
3 273 403 404
3 405 273 404
3 274 273 405
3 385 384 406
3 385 406 407
3 276 406 232
3 232 406 384
3 386 408 388
3 409 408 386
3 280 410 390
3 280 390 240
3 411 282 283
3 390 411 283
3 410 411 390
3 411 412 282
3 286 413 392
3 286 392 244
3 414 287 288
3 392 414 288
3 413 414 392
3 414 415 287
3 290 394 249
3 394 290 291
3 416 394 291
3 395 394 416
3 417 293 294
3 395 417 294
3 416 417 395
3 417 418 293
3 296 399 264
3 399 296 300
3 399 300 400
3 400 300 299
3 400 299 401
3 402 420 419
3 402 419 403
3 421 408 409
3 421 409 422
3 423 410 280
3 410 423 424
3 410 424 411
3 411 424 412
3 425 413 286
3 413 425 426
3 413 426 414
3 414 426 415
3 427 416 291
3 416 427 428
3 416 428 417
3 417 428 418
3 429 305 303
3 431 430 306
3 431 306 307
3 306 432 308
3 430 432 306
3 304 308 429
3 308 433 429
3 308 432 433
3 305 429 433
3 434 305 433
3 309 305 434
3 313 435 314
3 436 315 314
3 436 314 435
3 436 437 315
3 437 307 315
3 437 431 307
3 440 439 438
3 434 440 438
3 316 434 438
3 309 434 316
3 326 441 435
3 326 435 313
3 435 442 436
3 435 441 442
3 437 436 443
3 443 436 442
3 438 439 444
3 444 439 445
3 444 327 316
3 444 316 438
3 448 447 446
3 450 449 446
3 450 446 447
3 451 449 450
3 338 452 339
3 453 340 339
3 453 339 452
3 453 342 340
3 344 454 441
3 344 441 326
3 441 455 442
3 441 454 455
3 443 442 456
3 442 457 456
3 442 455 457
3 346 347 457
3 347 456 457
3 347 458 456
3 348 444 445
3 458 348 445
3 347 348 458
3 444 348 327
3 448 446 350
3 351 448 350
3 459 448 351
3 350 446 354
3 354 446 449
3 357 354 449
3 460 357 449
3 451 460 449
3 461 357 460
3 461 360 357
3 377 452 338
3 452 377 379
3 452 379 453
3 453 379 342
3 381 454 344
3 454 381 382
3 454 382 455
3 455 382 383
3 455 383 457
3 457 383 346
3 464 463 462
3 461 460 465
3 465 460 466
3 465 386 360
3 465 360 461
3 468 467 405
3 468 405 404
3 463 464 469
3 469 464 470
3 465 466 471
3 471 466 472
3 471 409 386
3 471 386 465
3 422 471 472
3 473 422 472
3 474 422 473
3 471 422 409
3 477 476 475
3 480 479 478
3 482 481 478
3 482 478 479
3 484 483 481
3 484 481 482
3 487 486 485
3 489 488 485
3 489 485 486
3 492 491 490
3 495 494 493
3 497 496 475
3 499 498 494
3 499 494 495
3 498 501 500
3 498 478 501
3 498 499 480
3 478 498 480
3 501 478 481
3 501 481 502
3 502 481 483
3 502 483 503
3 503 483 504
3 505 487 485
3 505 485 488
3 505 488 506
3 506 488 507
3 508 492 490
3 508 490 509
3 493 494 510
3 493 510 511
3 498 513 512
3 510 498 512
3 494 498 510
3 513 498 500
3 514 511 510
3 514 510 512
3 517 516 515
3 518 515 516
3 521 520 519
3 523 522 519
3 523 519 520
3 525 524 522
3 525 522 523
3 524 525 517
3 515 524 517
3 526 524 515
3 515 518 527
3 528 515 527
3 526 515 528
3 530 529 528
3 530 528 527
3 532 531 529
3 532 529 530
3 534 533 531
3 534 531 532
3 536 535 533
3 536 533 534
3 538 537 535
3 538 535 536
3 540 539 537
3 540 537 538
3 541 539 540
3 521 519 542
3 521 542 543
3 544 519 522
3 542 519 544
3 545 522 524
3 544 522 545
3 546 524 526
3 545 524 546
3 547 526 528
3 546 526 547
3 548 528 529
3 547 528 548
3 549 529 531
3 548 529 549
3 550 531 533
3 549 531 550
3 551 533 535
3 550 533 551
3 552 535 537
3 551 535 552
3 553 537 539
3 552 537 553
3 539 541 554
3 539 554 553
3 543 542 555
3 543 555 556
3 557 542 544
3 555 542 557
3 558 544 545
3 557 544 558
3 559 545 546
3 558 545 559
3 560 546 547
3 559 546 560
3 561 547 548
3 560 547 561
3 562 548 549
3 561 548 562
3 563 549 550
3 562 549 563
3 564 550 551
3 563 550 564
3 565 551 552
3 564 551 565
3 566 552 553
3 565 552 566
3 553 554 567
3 568 553 567
3 566 553 568
3 570 569 568
3 570 568 567
3 571 569 570
3 556 555 572
3 556 572 573
3 574 555 557
3 572 555 574
3 575 557 558
3 574 557 575
3 576 558 559
3 575 558 576
3 577 559 560
3 576 559 577
3 578 560 561
3 577 560 578
3 579 561 562
3 578 561 579
3 580 562 563
3 579 562 580
3 581 563 564
3 580 563 581
3 582 564 565
3 581 564 582
3 583 565 566
3 582 565 583
3 584 566 568
3 583 566 584
3 585 568 569
3 584 568 585
3 569 571 586
3 569 586 585
3 589 588 587
3 587 588 573
3 572 587 573
3 590 587 572
3 591 572 574
3 590 572 591
3 592 574 575
3 591 574 592
3 593 575 576
3 592 575 593
3 594 576 577
3 593 576 594
3 595 577 578
3 594 577 595
3 596 578 579
3 595 578 596
3 597 579 580
3 596 579 597
3 598 580 581
3 597 580 598
3 599 581 582
3 598 581 599
3 600 582 583
3 599 582 600
3 601 583 584
3 600 583 601
3 602 584 585
3 601 584 602
3 585 586 603
3 604 585 603
3 602 585 604
3 605 604 603
3 608 607 606
3 587 608 606
3 590 608 587
3 609 590 591
3 608 590 609
3 610 591 592
3 609 591 610
3 611 592 593
3 610 592 611
3 612 593 594
3 611 593 612
3 613 594 595
3 612 594 613
3 614 595 596
3 613 595 614
3 615 596 597
3 614 596 615
3 616 597 598
3 615 597 616
3 617 598 599
3 616 598 617
3 618 599 600
3 617 599 618
3 619 600 601
3 618 600 619
3 620 601 602
3 619 601 620
3 621 602 604
3 620 602 621
3 604 605 622
3 604 622 621
3 607 608 623
3 607 623 624
3 625 608 609
3 623 608 625
3 626 609 610
3 625 609 626
3 627 610 611
3 626 610 627
3 628 611 612
3 627 611 628
3 629 612 613
3 628 612 629
3 630 613 614
3 629 613 630
3 631 614 615
3 630 614 631
3 632 615 616
3 631 615 632
3 633 616 617
3 632 616 633
3 634 617 618
3 633 617 634
3 635 618 619
3 634 618 635
3 636 619 620
3 635 619 636
3 637 620 621
3 636 620 637
3 621 622 638
3 639 621 638
3 637 621 639
3 640 639 638
3 624 623 641
3 624 641 642
3 643 623 625
3 641 623 643
3 644 625 626
3 643 625 644
3 645 626 627
3 644 626 645
3 646 627 628
3 645 627 646
3 647 628 629
3 646 628 647
3 648 629 630
3 647 629 648
3 649 630 631
3 648 630 649
3 650 631 632
3 649 631 650
3 651 632 633
3 650 632 651
3 652 633 634
3 651 633 652
3 653 634 635
3 652 634 653
3 654 635 636
3 653 635 654
3 655 636 637
3 654 636 655
3 656 637 639
3 655 637 656
3 639 640 657
3 639 657 656
3 660 659 658
3 658 659 642
3 641 658 642
3 661 658 641
3 662 641 643
3 661 641 662
3 663 643 644
3 662 643 663
3 664 644 645
3 663 644 664
3 665 645 646
3 664 645 665
3 666 646 647
3 665 646 666
3 667 647 648
3 666 647 667
3 668 648 649
3 667 648 668
3 669 649 650
3 668 649 669
3 670 650 651
3 669 650 670
3 671 651 652
3 670 651 671
3 672 652 653
3 671 652 672
3 673 653 654
3 672 653 673
3 674 654 655
3 673 654 674
3 675 655 656
3 674 655 675
3 656 657 676
3 677 656 676
3 675 656 677
3 678 677 676
3 681 680 679
3 658 681 679
3 661 681 658
3 682 661 662
3 681 661 682
3 683 662 663
3 682 662 683
3 684 663 664
3 683 663 684
3 685 664 665
3 684 664 685
3 686 665 666
3 685 665 686
3 687 666 667
3 686 666 687
3 688 667 668
3 687 667 688
3 689 668 669
3 688 668 689
3 690 669 670
3 689 669 690
3 691 670 671
3 690 670 691
3 692 671 672
3 691 671 692
3 693 672 673
3 692 672 693
3 694 673 674
3 693 673 694
3 695 674 675
3 694 674 695
3 677 697 696
3 695 677 696
3 675 677 695
3 697 677 678
3 680 681 698
3 680 698 699
3 700 681 682
3 698 681 700
3 701 682 683
3 700 682 701
3 702 683 684
3 701 683 702
3 703 684 685
3 702 684 703
3 704 685 686
3 703 685 704
3 705 686 687
3 704 686 705
3 706 687 688
3 705 687 706
3 707 688 689
3 706 688 707
3 708 689 690
3 707 689 708
3 709 690 691
3 708 690 709
3 710 691 692
3 709 691 710
3 711 692 693
3 710 692 711
3 712 693 694
3 711 693 712
3 713 694 695
3 712 694 713
3 695 696 714
3 715 695 714
3 713 695 715
3 716 715 714
3 699 698 717
3 699 717 718
3 719 698 700
3 717 698 719
3 720 700 701
3 719 700 720
3 721 701 702
3 720 701 721
3 722 702 703
3 721 702 722
3 723 703 704
3 722 703 723
3 724 704 705
3 723 704 724
3 725 705 706
3 724 705 725
3 726 706 707
3 725 706 726
3 727 707 708
3 726 707 727
3 728 708 709
3 727 708 728
3 729 709 710
3 728 709 729
3 730 710 711
3 729 710 730
3 731 711 712
3 730 711 731
3 732 712 713
3 731 712 732
3 733 713 715
3 732 713 733
3 715 716 734
3 715 734 733
3 737 736 735
3 735 736 718
3 717 735 718
3 738 735 717
3 739 717 719
3 738 717 739
3 740 719 720
3 739 719 740
3 741 720 721
3 740 720 741
3 742 721 722
3 741 721 742
3 743 722 723
3 742 722 743
3 744 723 724
3 743 723 744
3 745 724 725
3 744 724 745
3 746 725 726
3 745 725 746
3 747 726 727
3 746 726 747
3 748 727 728
3 747 727 748
3 749 728 729
3 748 728 749
3 750 729 730
3 749 729 750
3 751 730 731
3 750 730 751
3 752 731 732
3 751 731 752
3 753 732 733
3 752 732 753
3 733 734 754
3 733 754 753
3 757 756 755
3 735 757 755
3 738 757 735
3 758 738 739
3 757 738 758
3 759 739 740
3 758 739 759
3 760 740 741
3 759 740 760
3 761 741 742
3 760 741 761
3 762 742 743
3 761 742 762
3 763 743 744
3 762 743 763
3 764 744 745
3 763 744 764
3 765 745 746
3 764 745 765
3 766 746 747
3 765 746 766
3 767 747 748
3 766 747 767
3 768 748 749
3 767 748 768
3 769 749 750
3 768 749 769
3 770 750 751
3 769 750 770
3 771 751 752
3 770 751 771
3 753 773 772
3 771 753 772
3 752 753 771
3 773 753 754
3 756 757 774
3 756 774 775
3 776 757 758
3 774 757 776
3 777 758 759
3 776 758 777
3 778 759 760
3 777 759 778
3 779 760 761
3 778 760 779
3 780 761 762
3 779 761 780
3 781 762 763
3 780 762 781
3 782 763 764
3 781 763 782
3 783 764 765
3 782 764 783
3 784 765 766
3 783 765 784
3 785 766 767
3 784 766 785
3 786 767 768
3 785 767 786
3 787 768 769
3 786 768 787
3 788 769 770
3 787 769 788
3 789 770 771
3 788 770 789
3 771 772 790
3 791 771 790
3 789 771 791
3 792 791 790
3 775 774 793
3 775 793 794
3 795 774 776
3 793 774 795
3 796 776 777
3 795 776 796
3 797 777 778
3 796 777 797
3 798 778 779
3 797 778 798
3 799 779 780
3 798 779 799
3 800 780 781
3 799 780 800
3 801 781 782
3 800 781 801
3 802 782 783
3 801 782 802
3 803 783 784
3 802 783 803
3 804 784 785
3 803 784 804
3 805 785 786
3 804 785 805
3 806 786 787
3 805 786 806
3 807 787 788
3 806 787 807
3 789 809 808
3 807 789 808
3 788 789 807
3 809 789 791
3 809 791 810
3 810 791 792
3 794 793 811
3 794 811 812
3 813 793 795
3 811 793 813
3 814 795 796
3 813 795 814
3 815 796 797
3 814 796 815
3 816 797 798
3 815 797 816
3 817 798 799
3 816 798 817
3 818 799 800
3 817 799 818
3 819 800 801
3 818 800 819
3 820 801 802
3 819 801 820
3 821 802 803
3 820 802 821
3 822 803 804
3 821 803 822
3 823 804 805
3 822 804 823
3 824 805 806
3 823 805 824
3 825 806 807
3 824 806 825
3 807 808 826
3 827 807 826
3 825 807 827
3 828 827 826
3 831 830 829
3 829 830 812
3 811 829 812
3 832 829 811
3 833 811 813
3 832 811 833
3 834 813 814
3 833 813 834
3 835 814 815
3 834 814 835
3 836 815 816
3 835 815 836
3 837 816 817
3 836 816 837
3 838 817 818
3 837 817 838
3 839 818 819
3 838 818 839
3 840 819 820
3 839 819 840
3 841 820 821
3 840 820 841
3 842 821 822
3 841 821 842
3 843 822 823
3 842 822 843
3 844 823 824
3 843 823 844
3 845 824 825
3 844 824 845
3 846 825 827
3 845 825 846
3 827 828 847
3 848 827 847
3 846 827 848
3 849 848 847
3 431 850 430
3 851 432 430
3 851 430 850
3 852 433 432
3 852 432 851
3 852 434 433
3 855 854 853
3 829 855 853
3 832 855 829
3 856 832 833
3 855 832 856
3 857 833 834
3 856 833 857
3 858 834 835
3 857 834 858
3 859 835 836
3 858 835 859
3 860 836 837
3 859 836 860
3 861 837 838
3 860 837 861
3 862 838 839
3 861 838 862
3 863 839 840
3 862 839 863
3 864 840 841
3 863 840 864
3 865 841 842
3 864 841 865
3 866 842 843
3 865 842 866
3 867 843 844
3 866 843 867
3 845 869 868
3 867 845 868
3 844 845 867
3 869 845 846
3 869 846 870
3 870 846 848
3 870 848 871
3 871 848 849
3 437 872 850
3 437 850 431
3 850 873 851
3 850 872 873
3 873 439 440
3 852 873 440
3 851 873 852
3 852 440 434
3 854 855 874
3 854 874 875
3 876 855 856
3 874 855 876
3 877 856 857
3 876 856 877
3 878 857 858
3 877 857 878
3 879 858 859
3 878 858 879
3 880 859 860
3 879 859 880
3 881 860 861
3 880 860 881
3 882 861 862
3 881 861 882
3 883 862 863
3 882 862 883
3 884 863 864
3 883 863 884
3 885 864 865
3 884 864 885
3 886 865 866
3 885 865 886
3 887 866 867
3 886 866 887
3 867 868 888
3 889 867 888
3 887 867 889
3 890 889 888
3 893 892 891
3 895 894 891
3 895 891 892
3 896 894 895
3 443 897 872
3 443 872 437
3 872 898 873
3 872 897 898
3 898 445 439
3 898 439 873
3 899 875 874
3 447 899 874
3 450 447 874
3 899 447 900
3 450 874 451
3 874 901 451
3 874 876 901
3 902 876 877
3 901 876 902
3 903 877 878
3 902 877 903
3 904 878 879
3 903 878 904
3 905 879 880
3 904 879 905
3 906 880 881
3 905 880 906
3 907 881 882
3 906 881 907
3 908 882 883
3 907 882 908
3 909 883 884
3 908 883 909
3 910 884 885
3 909 884 910
3 911 885 886
3 910 885 911
3 912 886 887
3 911 886 912
3 913 887 889
3 912 887 913
3 889 890 914
3 915 889 914
3 913 889 915
3 917 916 915
3 917 915 914
3 919 918 916
3 919 916 917
3 918 921 920
3 918 891 921
3 918 919 893
3 891 918 893
3 921 891 894
3 921 894 922
3 922 894 896
3 456 897 443
3 897 456 458
3 897 458 898
3 898 458 445
3 924 923 900
3 448 924 900
3 459 924 448
3 900 923 899
3 925 460 901
3 901 460 451
3 926 901 902
3 925 901 926
3 927 902 903
3 926 902 927
3 928 903 904
3 927 903 928
3 929 904 905
3 928 904 929
3 930 905 906
3 929 905 930
3 931 906 907
3 930 906 931
3 932 907 908
3 931 907 932
3 933 908 909
3 932 908 933
3 934 909 910
3 933 909 934
3 935 910 911
3 934 910 935
3 936 911 912
3 935 911 936
3 937 912 913
3 936 912 937
3 938 913 915
3 937 913 938
3 939 915 916
3 938 915 939
3 918 941 940
3 939 918 940
3 916 918 939
3 941 918 920
3 462 463 942
3 942 463 943
3 944 466 925
3 925 466 460
3 945 925 926
3 944 925 945
3 946 926 927
3 945 926 946
3 947 927 928
3 946 927 947
3 948 928 929
3 947 928 948
3 949 929 930
3 948 929 949
3 950 930 931
3 949 930 950
3 951 931 932
3 950 931 951
3 952 932 933
3 951 932 952
3 953 933 934
3 952 933 953
3 954 934 935
3 953 934 954
3 936 956 955
3 954 936 955
3 935 936 954
3 956 936 937
3 956 937 957
3 957 937 938
3 957 938 958
3 958 938 939
3 958 939 959
3 959 939 940
3 468 960 467
3 960 961 467
3 469 963 962
3 943 469 962
3 463 469 943
3 964 962 944
3 962 472 944
3 472 466 944
3 962 963 472
3 964 944 945
3 964 945 965
3 965 945 946
3 965 946 966
3 966 946 947
3 966 947 967
3 967 947 948
3 967 948 968
3 968 948 949
3 968 949 969
3 969 949 950
3 969 950 970
3 970 950 951
3 970 951 971
3 971 951 952
3 971 952 972
3 972 952 953
3 972 953 973
3 973 953 954
3 973 954 974
3 974 954 955
3 975 960 468
3 960 975 961
3 977 473 976
3 977 469 473
3 963 469 977
3 963 977 978
3 979 963 978
3 979 472 963
3 979 976 473
3 472 979 473
3 977 976 980
3 977 980 981
3 976 979 982
3 983 976 982
3 980 976 983
3 984 983 982
3 987 986 985
3 984 988 983
3 990 989 986
3 990 986 987
3 992 991 989
3 992 989 990
3 994 993 991
3 994 991 992
3 997 996 995
3 999 998 995
3 999 995 996
3 1001 1000 998
3 1001 998 999
3 1004 1003 1002
3 1006 1005 1002
3 1006 1002 1003
3 985 986 1007
3 985 1007 1008
3 997 995 1009
3 997 1009 1010
3 1013 1012 1011
3 1016 1015 1014
3 1018 1017 1014
3 1018 1014 1015
3 1021 1020 1019
3 1022 1021 1019
3 1023 1021 1022
3 1025 1023 1024
3 1021 1023 1025
3 1027 1024 1026
3 1025 1024 1027
3 1029 1026 1028
3 1027 1026 1029
3 1031 1028 1030
3 1029 1028 1031
3 1033 1030 1032
3 1031 1030 1033
3 1035 1032 1034
3 1033 1032 1035
3 497 476 1036
3 1039 1038 1037
3 1041 1040 1039
3 1041 1039 1037
3 504 484 1042
3 1045 1044 1043
3 1046 507 489
3 509 491 1047
3 1050 1049 1048
3 1053 1052 1051
3 1051 1052 1020
3 1021 1051 1020
3 1054 1051 1021
3 1055 1021 1025
3 1054 1021 1055
3 1056 1025 1027
3 1055 1025 1056
3 1057 1027 1029
3 1056 1027 1057
3 1058 1029 1031
3 1057 1029 1058
3 1059 1031 1033
3 1058 1031 1059
3 1060 1033 1035
3 1059 1033 1060
3 1036 477 496
3 1063 1062 1061
3 1062 1063 493
3 1039 493 1063
3 493 1039 495
3 1038 1039 1063
3 496 497 1036
3 495 1039 499
3 499 1039 1040
3 480 499 1064
3 1065 480 1064
3 501 1065 1064
3 500 501 1064
3 1066 500 1064
3 1067 1066 1064
3 1040 1067 1064
3 499 1040 1064
3 1065 501 502
3 1065 502 1068
3 1068 502 503
3 1068 503 1042
3 1045 1069 1044
3 504 1042 503
3 1069 1045 1070
3 505 1071 487
3 1071 505 506
3 1071 506 1046
3 1046 506 507
3 508 1047 492
3 1050 1072 1049
3 509 1047 508
3 1072 1050 1073
3 1074 1053 1051
3 1074 1051 1054
3 1074 1054 1075
3 1075 1054 1055
3 1075 1055 1076
3 1076 1055 1056
3 1076 1056 1077
3 1077 1056 1057
3 1077 1057 1078
3 1078 1057 1058
3 1078 1058 1079
3 1081 1080 1079
3 1058 1081 1079
3 1059 1081 1058
3 1082 1059 1060
3 1081 1059 1082
3 1062 493 1083
3 493 1084 1083
3 493 511 1084
3 1086 1085 513
3 513 1085 512
3 513 500 1066
3 513 1066 1086
3 1087 1080 1081
3 1087 1081 1082
3 1087 1082 1088
3 511 514 1089
3 1090 511 1089
3 1084 511 1090
3 512 1085 1091
3 1089 512 1091
3 1092 1089 1091
3 514 512 1089
3 1094 1093 1092
3 1094 1092 1091
3 516 517 1093
3 1094 516 1093
3 1095 516 1094
3 1097 1096 518
3 516 1097 518
3 1095 1097 516
3 1099 1098 1096
3 1099 1096 1097
3 1101 1100 1098
3 1101 1098 1099
3 1103 1102 1100
3 1103 1100 1101
3 1105 1104 1102
3 1105 1102 1103
3 1107 1106 1104
3 1107 1104 1105
3 1109 1108 1106
3 1109 1106 1107
3 1111 1110 1108
3 1111 1108 1109
3 1113 1112 1110
3 1113 1110 1111
3 1115 1114 1112
3 1115 1112 1113
3 1117 1116 1114
3 1117 1114 1115
3 1119 1118 1116
3 1119 1116 1117
3 1120 1118 1119
3 1090 1089 520
3 521 1090 520
3 1121 1090 521
3 520 1089 523
3 523 1089 1092
3 523 1092 525
3 525 1092 1093
3 525 1093 517
3 1096 527 518
3 527 1096 530
3 530 1096 1098
3 530 1098 532
3 532 1098 1100
3 532 1100 534
3 534 1100 1102
3 534 1102 536
3 536 1102 1104
3 536 1104 538
3 538 1104 1106
3 538 1106 540
3 540 1106 1108
3 540 1108 541
3 1108 1122 541
3 1108 1110 1122
3 1123 1110 1112
3 1122 1110 1123
3 1124 1112 1114
3 1123 1112 1124
3 1125 1114 1116
3 1124 1114 1125
3 1126 1116 1118
3 1125 1116 1126
3 1118 1120 1127
3 1128 1118 1127
3 1126 1118 1128
3 1130 1129 1128
3 1130 1128 1127
3 1132 1131 1129
3 1132 1129 1130
3 1133 1131 1132
3 543 1121 521
3 543 1134 1121
3 1135 554 1122
3 1122 554 541
3 1136 1122 1123
3 1135 1122 1136
3 1137 1123 1124
3 1136 1123 1137
3 1138 1124 1125
3 1137 1124 1138
3 1139 1125 1126
3 1138 1125 1139
3 1140 1126 1128
3 1139 1126 1140
3 1141 1128 1129
3 1140 1128 1141
3 1142 1129 1131
3 1141 1129 1142
3 1131 1133 1143
3 1144 1131 1143
3 1142 1131 1144
3 1146 1145 1144
3 1146 1144 1143
3 1148 1147 1145
3 1148 1145 1146
3 1150 1149 1147
3 1150 1147 1148
3 1151 1149 1150
3 1154 1153 1152
3 1153 1134 1152
3 1134 556 1152
3 1134 543 556
3 1135 567 554
3 567 1135 570
3 570 1135 1136
3 570 1136 571
3 1136 1155 571
3 1136 1137 1155
3 1156 1137 1138
3 1155 1137 1156
3 1157 1138 1139
3 1156 1138 1157
3 1158 1139 1140
3 1157 1139 1158
3 1159 1140 1141
3 1158 1140 1159
3 1160 1141 1142
3 1159 1141 1160
3 1161 1142 1144
3 1160 1142 1161
3 1162 1144 1145
3 1161 1144 1162
3 1163 1145 1147
3 1162 1145 1163
3 1164 1147 1149
3 1163 1147 1164
3 1149 1151 1165
3 1166 1149 1165
3 1164 1149 1166
3 1167 1166 1165
3 1152 556 1168
3 556 1169 1168
3 556 573 1169
3 1170 586 1155
3 1155 586 571
3 1171 1155 1156
3 1170 1155 1171
3 1172 1156 1157
3 1171 1156 1172
3 1173 1157 1158
3 1172 1157 1173
3 1174 1158 1159
3 1173 1158 1174
3 1175 1159 1160
3 1174 1159 1175
3 1176 1160 1161
3 1175 1160 1176
3 1177 1161 1162
3 1176 1161 1177
3 1178 1162 1163
3 1177 1162 1178
3 1179 1163 1164
3 1178 1163 1179
3 1180 1164 1166
3 1179 1164 1180
3 1166 1167 1181
3 1166 1181 1180
3 1183 1182 588
3 1182 573 588
3 1182 1169 573
3 1170 603 586
3 603 1170 605
3 1170 1184 605
3 1170 1171 1184
3 1185 1171 1172
3 1184 1171 1185
3 1186 1172 1173
3 1185 1172 1186
3 1187 1173 1174
3 1186 1173 1187
3 1188 1174 1175
3 1187 1174 1188
3 1189 1175 1176
3 1188 1175 1189
3 1190 1176 1177
3 1189 1176 1190
3 1178 1192 1191
3 1190 1178 1191
3 1177 1178 1190
3 1194 1193 1192
3 1178 1194 1192
3 1179 1194 1178
3 1180 1196 1195
3 1194 1180 1195
3 1179 1180 1194
3 1180 1197 1196
3 1180 1198 1197
3 1180 1181 1199
3 1198 1180 1199
3 1200 1198 1199
3 606 607 1183
3 607 1182 1183
3 607 1201 1182
3 1202 622 1184
3 1184 622 605
3 1203 1184 1185
3 1202 1184 1203
3 1204 1185 1186
3 1203 1185 1204
3 1205 1186 1187
3 1204 1186 1205
3 1206 1187 1188
3 1205 1187 1206
3 1207 1188 1189
3 1206 1188 1207
3 1208 1189 1190
3 1207 1189 1208
3 1190 1191 1209
3 1210 1190 1209
3 1208 1190 1210
3 1210 1209 1193
3 1194 1210 1193
3 1211 1210 1194
3 1194 1195 1212
3 1213 1194 1212
3 1211 1194 1213
3 1197 1198 1214
3 1212 1215 1213
3 1214 1198 1200
3 1218 1217 1216
3 1217 1201 1216
3 1201 624 1216
3 1201 607 624
3 1202 638 622
3 638 1202 640
3 1202 1219 640
3 1202 1203 1219
3 1220 1203 1204
3 1219 1203 1220
3 1221 1204 1205
3 1220 1204 1221
3 1222 1205 1206
3 1221 1205 1222
3 1223 1206 1207
3 1222 1206 1223
3 1224 1207 1208
3 1223 1207 1224
3 1225 1208 1210
3 1224 1208 1225
3 1211 1227 1226
3 1225 1211 1226
3 1210 1211 1225
3 1229 1228 1227
3 1211 1229 1227
3 1213 1229 1211
3 1213 1215 1230
3 1231 1213 1230
3 1229 1213 1231
3 1232 1231 1230
3 1218 1216 1233
3 1218 1233 1234
3 642 1233 624
3 624 1233 1216
3 1235 657 1219
3 1219 657 640
3 1236 1219 1220
3 1235 1219 1236
3 1237 1220 1221
3 1236 1220 1237
3 1238 1221 1222
3 1237 1221 1238
3 1239 1222 1223
3 1238 1222 1239
3 1240 1223 1224
3 1239 1223 1240
3 1241 1224 1225
3 1240 1224 1241
3 1225 1226 1242
3 1225 1242 1241
3 1228 1229 1243
3 1228 1243 1244
3 1245 1229 1231
3 1243 1229 1245
3 1231 1232 1246
3 1247 1231 1246
3 1245 1231 1247
3 1248 1247 1246
3 1250 1233 1249
3 1233 642 1249
3 659 1251 1249
3 659 1249 642
3 1235 676 657
3 676 1235 678
3 1235 1252 678
3 1235 1236 1252
3 1253 1236 1237
3 1252 1236 1253
3 1254 1237 1238
3 1253 1237 1254
3 1255 1238 1239
3 1254 1238 1255
3 1256 1239 1240
3 1255 1239 1256
3 1257 1240 1241
3 1256 1240 1257
3 1241 1242 1258
3 1241 1258 1257
3 1244 1243 1259
3 1244 1259 1260
3 1261 1243 1245
3 1259 1243 1261
3 1262 1245 1247
3 1261 1245 1262
3 1247 1248 1263
3 1247 1263 1262
3 679 680 1251
3 680 1249 1251
3 680 1264 1249
3 1265 696 697
3 678 1252 697
3 1252 1265 697
3 1252 1266 1265
3 1267 1252 1253
3 1266 1252 1267
3 1268 1253 1254
3 1267 1253 1268
3 1269 1254 1255
3 1268 1254 1269
3 1270 1255 1256
3 1269 1255 1270
3 1271 1256 1257
3 1270 1256 1271
3 1257 1258 1272
3 1273 1257 1272
3 1271 1257 1273
3 1273 1272 1260
3 1259 1273 1260
3 1274 1273 1259
3 1261 1276 1275
3 1274 1261 1275
3 1259 1261 1274
3 1278 1277 1276
3 1261 1278 1276
3 1262 1278 1261
3 1262 1263 1279
3 1262 1279 1278
3 699 1264 680
3 699 1280 1264
3 1265 714 696
3 714 1265 716
3 1265 1281 716
3 1265 1266 1281
3 1282 1266 1267
3 1281 1266 1282
3 1283 1267 1268
3 1282 1267 1283
3 1284 1268 1269
3 1283 1268 1284
3 1285 1269 1270
3 1284 1269 1285
3 1286 1270 1271
3 1285 1270 1286
3 1287 1271 1273
3 1286 1271 1287
3 1288 1273 1274
3 1287 1273 1288
3 1274 1275 1289
3 1274 1289 1288
3 1290 1277 1278
3 1290 1278 1279
3 718 1280 699
3 718 1291 1280
3 1292 734 1281
3 1281 734 716
3 1293 1281 1282
3 1292 1281 1293
3 1294 1282 1283
3 1293 1282 1294
3 1295 1283 1284
3 1294 1283 1295
3 1296 1284 1285
3 1295 1284 1296
3 1297 1285 1286
3 1296 1285 1297
3 1287 1299 1298
3 1297 1287 1298
3 1286 1287 1297
3 1301 1300 1299
3 1287 1301 1299
3 1288 1301 1287
3 1288 1289 1302
3 1303 1288 1302
3 1301 1288 1303
3 1305 1304 1303
3 1305 1303 1302
3 1306 1304 1305
3 1308 1307 736
3 1307 718 736
3 1307 1291 718
3 1309 754 1292
3 1292 754 734
3 1310 1292 1293
3 1309 1292 1310
3 1311 1293 1294
3 1310 1293 1311
3 1312 1294 1295
3 1311 1294 1312
3 1313 1295 1296
3 1312 1295 1313
3 1314 1296 1297
3 1313 1296 1314
3 1297 1298 1315
3 1297 1315 1314
3 1300 1301 1316
3 1300 1316 1317
3 1303 1319 1318
3 1316 1303 1318
3 1301 1303 1316
3 1321 1320 1319
3 1303 1321 1319
3 1304 1321 1303
3 1304 1306 1322
3 1304 1322 1321
3 1308 737 755
3 1325 1324 1323
3 1324 1325 756
3 1325 1307 756
3 1308 755 756
3 1308 756 1307
3 1326 772 773
3 754 1309 773
3 1309 1326 773
3 1309 1327 1326
3 1328 1309 1310
3 1327 1309 1328
3 1329 1310 1311
3 1328 1310 1329
3 1330 1311 1312
3 1329 1311 1330
3 1331 1312 1313
3 1330 1312 1331
3 1332 1313 1314
3 1331 1313 1332
3 1314 1315 1333
3 1314 1333 1332
3 1334 1317 1316
3 1334 1316 1318
3 1335 1320 1321
3 1335 1321 1322
3 1323 1324 1336
3 1323 1336 1337
3 775 1336 756
3 756 1336 1324
3 1326 790 772
3 790 1326 792
3 1326 1338 792
3 1326 1327 1338
3 1339 1327 1328
3 1338 1327 1339
3 1340 1328 1329
3 1339 1328 1340
3 1341 1329 1330
3 1340 1329 1341
3 1342 1330 1331
3 1341 1330 1342
3 1343 1331 1332
3 1342 1331 1343
3 1332 1333 1344
3 1332 1344 1343
3 1337 1336 1345
3 1337 1345 1346
3 794 1345 775
3 775 1345 1336
3 1347 808 809
3 810 1348 809
3 809 1348 1347
3 792 1338 810
3 1338 1348 810
3 1338 1349 1348
3 1350 1338 1339
3 1349 1338 1350
3 1351 1339 1340
3 1350 1339 1351
3 1352 1340 1341
3 1351 1340 1352
3 1353 1341 1342
3 1352 1341 1353
3 1354 1342 1343
3 1353 1342 1354
3 1343 1344 1355
3 1343 1355 1354
3 1358 1357 1356
3 1360 1359 1356
3 1360 1356 1357
3 1362 1361 1359
3 1362 1359 1360
3 1363 1361 1362
3 1346 1345 1364
3 1346 1364 1365
3 812 1364 794
3 794 1364 1345
3 1347 826 808
3 826 1347 828
3 1347 1366 828
3 1347 1348 1366
3 1367 1348 1349
3 1366 1348 1367
3 1368 1349 1350
3 1367 1349 1368
3 1369 1350 1351
3 1368 1350 1369
3 1370 1351 1352
3 1369 1351 1370
3 1371 1352 1353
3 1370 1352 1371
3 1354 1373 1372
3 1371 1354 1372
3 1353 1354 1371
3 1373 1354 1355
3 1374 1358 1356
3 1376 1375 1374
3 1356 1376 1374
3 1359 1376 1356
3 1361 1378 1377
3 1376 1361 1377
3 1359 1361 1376
3 1378 1361 1363
3 1365 1364 830
3 831 1365 830
3 1379 1365 831
3 830 1364 812
3 1366 847 828
3 847 1366 849
3 1366 1380 849
3 1366 1367 1380
3 1381 1367 1368
3 1380 1367 1381
3 1382 1368 1369
3 1381 1368 1382
3 1383 1369 1370
3 1382 1369 1383
3 1384 1370 1371
3 1383 1370 1384
3 1371 1372 1385
3 1371 1385 1384
3 1386 1375 1376
3 1386 1376 1377
3 1389 1388 1387
3 1391 1390 1387
3 1391 1387 1388
3 1392 1390 1391
3 831 853 1393
3 1394 831 1393
3 1379 831 1394
3 854 1393 853
3 1395 868 869
3 870 1396 869
3 869 1396 1395
3 871 1397 870
3 870 1397 1396
3 849 1380 871
3 1380 1397 871
3 1380 1398 1397
3 1399 1380 1381
3 1398 1380 1399
3 1400 1381 1382
3 1399 1381 1400
3 1401 1382 1383
3 1400 1382 1401
3 1402 1383 1384
3 1401 1383 1402
3 1384 1385 1403
3 1384 1403 1402
3 1406 1405 1404
3 1408 1407 1404
3 1408 1404 1405
3 1410 1409 1407
3 1410 1407 1408
3 1412 1411 1409
3 1412 1409 1410
3 1411 1412 1389
3 1387 1411 1389
3 1413 1411 1387
3 1390 1415 1414
3 1413 1390 1414
3 1387 1390 1413
3 1415 1390 1392
3 1394 1393 1416
3 1394 1416 1417
3 875 1416 854
3 854 1416 1393
3 1395 888 868
3 888 1395 890
3 1395 1418 890
3 1395 1396 1418
3 1419 1396 1397
3 1418 1396 1419
3 1420 1397 1398
3 1419 1397 1420
3 893 1420 892
3 1420 1399 892
3 1420 1398 1399
3 892 1399 895
3 895 1399 1400
3 895 1400 896
3 1400 1421 896
3 1400 1401 1421
3 1422 1401 1402
3 1421 1401 1422
3 1402 1403 1423
3 1424 1402 1423
3 1422 1402 1424
3 1424 1423 1406
3 1404 1424 1406
3 1425 1424 1404
3 1426 1404 1407
3 1425 1404 1426
3 1427 1407 1409
3 1426 1407 1427
3 1428 1409 1411
3 1427 1409 1428
3 1429 1411 1413
3 1428 1411 1429
3 1413 1414 1430
3 1413 1430 1429
3 1417 1416 1431
3 1417 1431 1432
3 899 1431 875
3 875 1431 1416
3 1418 914 890
3 914 1418 917
3 917 1418 1419
3 917 1419 919
3 919 1419 1420
3 919 1420 893
3 1433 920 921
3 922 1434 921
3 921 1434 1433
3 896 1421 922
3 1421 1434 922
3 1421 1435 1434
3 1436 1421 1422
3 1435 1421 1436
3 1437 1422 1424
3 1436 1422 1437
3 1438 1424 1425
3 1437 1424 1438
3 1439 1425 1426
3 1438 1425 1439
3 1440 1426 1427
3 1439 1426 1440
3 1428 1442 1441
3 1440 1428 1441
3 1427 1428 1440
3 1442 1428 1429
3 1442 1429 1443
3 1443 1429 1430
3 1432 1431 923
3 924 1432 923
3 1444 1432 924
3 923 1431 899
3 1445 940 941
3 920 1433 941
3 1433 1445 941
3 1433 1446 1445
3 1447 1433 1434
3 1446 1433 1447
3 1448 1434 1435
3 1447 1434 1448
3 1449 1435 1436
3 1448 1435 1449
3 1437 1451 1450
3 1449 1437 1450
3 1436 1437 1449
3 1451 1437 1438
3 1451 1438 1452
3 1452 1438 1439
3 1452 1439 1453
3 1453 1439 1440
3 1453 1440 1454
3 1454 1440 1441
3 942 943 1455
3 1455 943 1456
3 1457 955 956
3 957 1458 956
3 956 1458 1457
3 958 1459 957
3 957 1459 1458
3 959 1460 958
3 958 1460 1459
3 940 1445 959
3 1445 1460 959
3 1445 1461 1460
3 1462 1445 1446
3 1461 1445 1462
3 1447 1464 1463
3 1462 1447 1463
3 1446 1447 1462
3 1464 1447 1448
3 1464 1448 1465
3 1465 1448 1449
3 1465 1449 1466
3 1466 1449 1450
3 943 962 1467
3 1468 943 1467
3 1456 943 1468
3 964 1469 962
3 962 1469 1467
3 965 1470 964
3 964 1470 1469
3 966 1471 965
3 965 1471 1470
3 967 1472 966
3 966 1472 1471
3 968 1473 967
3 967 1473 1472
3 969 1474 968
3 968 1474 1473
3 970 1475 969
3 969 1475 1474
3 971 1476 970
3 970 1476 1475
3 972 1477 971
3 971 1477 1476
3 973 1478 972
3 972 1478 1477
3 974 1479 973
3 973 1479 1478
3 1480 1479 974
3 1480 974 955
3 1481 1480 955
3 1457 1481 955
3 1481 1457 1458
3 1481 1458 1482
3 1482 1458 1459
3 1482 1459 1483
3 1483 1459 1460
3 1483 1460 1484
3 1484 1460 1461
3 1484 1461 1485
3 1485 1461 1462
3 1485 1462 1486
3 1486 1462 1463
3 1468 1467 978
3 977 1468 978
3 1487 1468 977
3 1467 1469 1488
3 979 1467 1488
3 1489 979 1488
3 1467 979 978
3 1488 1469 1470
3 1488 1470 1490
3 1490 1470 1471
3 1490 1471 1491
3 1491 1471 1472
3 1491 1472 1492
3 1492 1472 1473
3 1492 1473 1493
3 1493 1473 1474
3 1493 1474 1494
3 1494 1474 1475
3 1494 1475 1495
3 1495 1475 1476
3 1495 1476 1496
3 1496 1476 1477
3 1496 1477 1497
3 1497 1477 1478
3 1497 1478 1498
3 1498 1478 1479
3 1498 1479 1499
3 1499 1479 1480
3 1502 1501 1500
3 1504 1503 1500
3 1504 1500 1501
3 1507 1506 1505
3 1506 1487 1505
3 1487 981 1505
3 1487 977 981
3 1489 1508 979
3 979 1508 982
3 984 982 1508
3 984 1508 1509
3 1512 1511 1510
3 1514 1513 1510
3 1514 1510 1511
3 1516 1515 1513
3 1516 1513 1514
3 1518 1517 1515
3 1518 1515 1516
3 1517 1518 1502
3 1500 1517 1502
3 1519 1517 1500
3 1520 1500 1503
3 1519 1500 1520
3 1523 1522 1521
3 1521 1522 1524
3 1522 1505 1524
3 1505 981 1524
3 988 1525 1524
3 1524 1525 1521
3 990 1527 1526
3 1528 990 1526
3 992 990 1528
3 992 1529 994
3 1528 1529 992
3 1532 1531 1530
3 996 997 1530
3 1531 996 1530
3 1533 996 1531
3 1535 1001 1534
3 1538 1537 1536
3 1004 1539 1003
3 1540 1512 1510
3 1542 1541 1540
3 1510 1542 1540
3 1513 1542 1510
3 1515 1544 1543
3 1542 1515 1543
3 1513 1515 1542
3 1544 1515 1517
3 1544 1517 1545
3 1547 1546 1545
3 1517 1547 1545
3 1519 1547 1517
3 1550 1549 1548
3 1552 1551 1548
3 1552 1548 1549
3 1554 1553 1551
3 1554 1551 1552
3 1553 1554 1541
3 1542 1553 1541
3 1555 1553 1542
3 1542 1543 1556
3 1557 1542 1556
3 1555 1542 1557
3 1559 1558 1557
3 1559 1557 1556
3 1558 1559 1546
3 1547 1558 1546
3 1560 1558 1547
3 1563 1562 1561
3 1553 1563 1561
3 1555 1563 1553
3 1564 1555 1557
3 1563 1555 1564
3 1565 1557 1558
3 1564 1557 1565
3 1566 1558 1560
3 1565 1558 1566
3 1569 1568 1567
3 1571 1570 1567
3 1571 1567 1568
3 1573 1572 1570
3 1573 1570 1571
3 1576 1575 1574
3 1578 1577 1574
3 1578 1574 1575
3 1580 1579 1577
3 1580 1577 1578
3 1582 1581 1579
3 1582 1579 1580
3 1584 1583 1581
3 1584 1581 1582
3 1586 1585 1583
3 1586 1583 1584
3 1588 1587 1585
3 1588 1585 1586
3 1590 1589 1587
3 1590 1587 1588
3 1592 1591 1589
3 1592 1589 1590
3 1594 1593 1591
3 1594 1591 1592
3 1596 1595 1593
3 1596 1593 1594
3 1598 1597 1595
3 1598 1595 1596
3 1015 1016 1597
3 1598 1015 1597
3 1599 1015 1598
3 1015 1600 1018
3 1599 1600 1015
3 1603 1602 1601
3 1018 1605 1604
3 1605 1018 1606
3 1600 1606 1018
3 1608 1607 1606
3 1605 1606 1607
3 1603 1019 1609
3 1019 1603 1601
3 1610 1020 1607
3 1610 1607 1608
3 1610 1608 1611
3 1610 1611 1612
3 1610 1612 1613
3 1610 1613 1609
3 1610 1609 1019
3 1610 1019 1020
3 1613 1615 1614
3 1613 1612 1615
3 1614 1617 1616
3 1614 1615 1617
3 1616 1619 1618
3 1616 1617 1619
3 1618 1621 1620
3 1618 1619 1621
3 1620 1623 1622
3 1620 1621 1623
3 1622 1625 1624
3 1622 1623 1625
3 1625 1627 1626
3 1625 1626 1624
3 1630 1629 1628
3 1570 1630 1628
3 1572 1630 1570
3 1572 1632 1631
3 1633 1572 1631
3 1630 1572 1633
3 1633 1631 1576
3 1633 1576 1574
3 1044 1633 1574
3 1043 1044 1574
3 1043 1574 1070
3 1574 1634 1070
3 1574 1577 1634
3 1579 1636 1635
3 1634 1579 1635
3 1577 1579 1634
3 1636 1579 1581
3 1636 1581 1637
3 1639 1638 1637
3 1581 1639 1637
3 1583 1639 1581
3 1585 1641 1640
3 1639 1585 1640
3 1583 1585 1639
3 1641 1585 1587
3 1641 1587 1642
3 1644 1643 1642
3 1587 1644 1642
3 1589 1644 1587
3 1049 1644 1048
3 1644 1591 1048
3 1644 1589 1591
3 1048 1591 1073
3 1591 1645 1073
3 1591 1593 1645
3 1646 1593 1595
3 1645 1593 1646
3 1647 1595 1597
3 1646 1595 1647
3 1649 1648 1016
3 1648 1597 1016
3 1648 1647 1597
3 1651 1650 1649
3 1649 1650 1648
3 1604 1605 1651
3 1605 1650 1651
3 1605 1652 1650
3 1053 1652 1052
3 1652 1607 1052
3 1652 1605 1607
3 1611 1653 1612
3 1052 1607 1020
3 1612 1653 1615
3 1615 1653 1654
3 1656 1655 1654
3 1655 1615 1654
3 1655 1617 1615
3 1617 1657 1619
3 1617 1655 1657
3 1619 1658 1621
3 1619 1657 1658
3 1621 1659 1623
3 1621 1658 1659
3 1623 1660 1625
3 1623 1659 1660
3 1660 1661 1627
3 1660 1627 1625
3 1663 1662 1063
3 1663 1063 1061
3 1038 1063 1664
3 1063 1665 1664
3 1063 1662 1665
3 1664 1665 1666
3 1666 1665 1667
3 1067 1666 1667
3 1668 1067 1667
3 1066 1067 1668
3 1669 1629 1630
3 1669 1630 1633
3 1669 1633 1670
3 1670 1633 1044
3 1069 1670 1044
3 1671 1670 1069
3 1069 1070 1634
3 1672 1069 1634
3 1671 1069 1672
3 1672 1634 1635
3 1673 1638 1639
3 1673 1639 1640
3 1674 1643 1644
3 1674 1644 1049
3 1072 1674 1049
3 1675 1674 1072
3 1072 1073 1645
3 1676 1072 1645
3 1675 1072 1676
3 1676 1645 1646
3 1676 1646 1677
3 1677 1646 1647
3 1677 1647 1678
3 1678 1647 1648
3 1678 1648 1679
3 1679 1648 1650
3 1679 1650 1680
3 1680 1650 1652
3 1680 1652 1681
3 1681 1652 1053
3 1074 1681 1053
3 1682 1681 1074
3 1683 1074 1075
3 1683 1682 1074
3 1684 1075 1076
3 1684 1683 1075
3 1077 1655 1656
3 1684 1077 1656
3 1076 1077 1684
3 1655 1077 1078
3 1655 1078 1657
3 1657 1078 1079
3 1657 1079 1658
3 1658 1079 1080
3 1685 1658 1080
3 1659 1658 1685
3 1659 1686 1660
3 1659 1685 1686
3 1686 1687 1661
3 1686 1661 1660
3 1061 1083 1688
3 1689 1061 1688
3 1663 1061 1689
3 1084 1688 1083
3 1690 1085 1086
3 1691 1690 1086
3 1066 1691 1086
3 1668 1691 1066
3 1694 1693 1692
3 1696 1695 1692
3 1696 1692 1693
3 1698 1697 1695
3 1698 1695 1696
3 1699 1697 1698
3 1702 1701 1700
3 1704 1703 1700
3 1704 1700 1701
3 1706 1705 1703
3 1706 1703 1704
3 1708 1707 1705
3 1708 1705 1706
3 1709 1707 1708
3 1712 1711 1710
3 1713 1710 1711
3 1087 1685 1080
3 1685 1087 1088
3 1685 1088 1686
3 1686 1088 1687
3 1689 1688 1714
3 1689 1714 1715
3 1090 1714 1084
3 1084 1714 1688
3 1690 1091 1085
3 1691 1716 1690
3 1716 1091 1690
3 1716 1094 1091
3 1692 1095 1694
3 1095 1716 1694
3 1095 1094 1716
3 1095 1692 1097
3 1097 1692 1695
3 1097 1695 1099
3 1099 1695 1697
3 1699 1717 1697
3 1717 1099 1697
3 1717 1101 1099
3 1101 1718 1103
3 1717 1718 1101
3 1700 1105 1702
3 1105 1718 1702
3 1105 1103 1718
3 1105 1700 1107
3 1107 1700 1703
3 1107 1703 1109
3 1109 1703 1705
3 1109 1705 1111
3 1111 1705 1707
3 1709 1719 1707
3 1719 1111 1707
3 1719 1113 1111
3 1113 1720 1115
3 1719 1720 1113
3 1115 1721 1117
3 1720 1721 1115
3 1710 1119 1712
3 1119 1721 1712
3 1119 1117 1721
3 1723 1722 1120
3 1723 1120 1119
3 1713 1723 1119
3 1710 1713 1119
3 1725 1724 1722
3 1725 1722 1723
3 1727 1726 1724
3 1727 1724 1725
3 1729 1728 1726
3 1729 1726 1727
3 1730 1728 1729
3 1715 1714 1731
3 1715 1731 1732
3 1121 1731 1090
3 1090 1731 1714
3 1722 1127 1120
3 1127 1722 1130
3 1130 1722 1724
3 1130 1724 1132
3 1132 1724 1726
3 1132 1726 1133
3 1726 1733 1133
3 1726 1728 1733
3 1728 1730 1734
3 1735 1728 1734
3 1733 1728 1735
3 1737 1736 1735
3 1737 1735 1734
3 1739 1738 1736
3 1739 1736 1737
3 1740 1738 1739
3 1732 1731 1741
3 1732 1741 1742
3 1134 1741 1121
3 1121 1741 1731
3 1733 1143 1133
3 1143 1733 1146
3 1146 1733 1735
3 1146 1735 1148
3 1148 1735 1736
3 1148 1736 1150
3 1150 1736 1738
3 1744 1743 1151
3 1744 1151 1150
3 1740 1744 1150
3 1738 1740 1150
3 1746 1745 1743
3 1746 1743 1744
3 1747 1745 1746
3 1742 1741 1153
3 1154 1742 1153
3 1748 1742 1154
3 1153 1741 1134
3 1743 1165 1151
3 1165 1743 1167
3 1743 1749 1167
3 1743 1745 1749
3 1745 1747 1750
3 1751 1745 1750
3 1749 1745 1751
3 1752 1751 1750
3 1154 1168 1753
3 1754 1154 1753
3 1748 1154 1754
3 1169 1753 1168
3 1755 1181 1749
3 1749 1181 1167
3 1756 1749 1751
3 1755 1749 1756
3 1751 1752 1757
3 1758 1751 1757
3 1756 1751 1758
3 1759 1758 1757
3 1754 1753 1760
3 1754 1760 1761
3 1182 1760 1169
3 1169 1760 1753
3 1762 1191 1192
3 1193 1762 1192
3 1763 1195 1196
3 1181 1755 1199
3 1763 1196 1197
3 1199 1755 1200
3 1755 1764 1200
3 1755 1756 1764
3 1765 1756 1758
3 1764 1756 1765
3 1758 1759 1766
3 1758 1766 1765
3 1761 1760 1767
3 1761 1767 1768
3 1201 1767 1182
3 1182 1767 1760
3 1762 1209 1191
3 1209 1762 1193
3 1763 1212 1195
3 1215 1212 1769
3 1212 1763 1769
3 1197 1214 1769
3 1197 1769 1763
3 1200 1764 1214
3 1764 1769 1214
3 1764 1770 1769
3 1765 1772 1771
3 1770 1765 1771
3 1764 1765 1770
3 1765 1773 1772
3 1765 1774 1773
3 1765 1766 1775
3 1774 1765 1775
3 1776 1774 1775
3 1768 1767 1217
3 1218 1768 1217
3 1777 1768 1218
3 1217 1767 1201
3 1778 1226 1227
3 1228 1778 1227
3 1769 1230 1215
3 1230 1769 1232
3 1769 1779 1232
3 1769 1770 1779
3 1770 1771 1780
3 1781 1770 1780
3 1779 1770 1781
3 1781 1783 1782
3 1781 1774 1783
3 1781 1780 1773
3 1774 1781 1773
3 1783 1774 1776
3 1234 1777 1218
3 1234 1784 1777
3 1785 1242 1778
3 1778 1242 1226
3 1244 1785 1228
3 1228 1785 1778
3 1779 1246 1232
3 1246 1779 1248
3 1779 1786 1248
3 1779 1781 1786
3 1781 1782 1787
3 1781 1787 1786
3 1234 1250 1788
3 1789 1234 1788
3 1784 1234 1789
3 1249 1788 1250
3 1790 1258 1785
3 1785 1258 1242
3 1260 1790 1244
3 1244 1790 1785
3 1791 1263 1786
3 1786 1263 1248
3 1786 1787 1792
3 1786 1792 1791
3 1789 1788 1793
3 1789 1793 1794
3 1264 1793 1249
3 1249 1793 1788
3 1790 1272 1258
3 1272 1790 1260
3 1795 1275 1276
3 1277 1795 1276
3 1796 1279 1791
3 1791 1279 1263
3 1791 1792 1797
3 1791 1797 1796
3 1793 1264 1798
3 1264 1799 1798
3 1264 1280 1799
3 1800 1289 1795
3 1795 1289 1275
3 1290 1801 1277
3 1801 1795 1277
3 1801 1800 1795
3 1279 1796 1290
3 1796 1801 1290
3 1796 1802 1801
3 1796 1797 1803
3 1796 1803 1802
3 1806 1805 1804
3 1805 1799 1804
3 1799 1291 1804
3 1799 1280 1291
3 1807 1298 1299
3 1300 1807 1299
3 1800 1302 1289
3 1302 1800 1305
3 1305 1800 1801
3 1305 1801 1306
3 1801 1808 1306
3 1801 1802 1808
3 1802 1803 1809
3 1802 1809 1808
3 1806 1804 1810
3 1806 1810 1811
3 1307 1810 1291
3 1291 1810 1804
3 1812 1315 1807
3 1807 1315 1298
3 1317 1812 1300
3 1300 1812 1807
3 1813 1318 1319
3 1320 1813 1319
3 1814 1322 1808
3 1808 1322 1306
3 1808 1809 1815
3 1808 1815 1814
3 1817 1810 1816
3 1810 1307 1816
3 1325 1818 1816
3 1325 1816 1307
3 1819 1333 1812
3 1812 1333 1315
3 1334 1820 1317
3 1820 1812 1317
3 1820 1819 1812
3 1318 1813 1334
3 1813 1820 1334
3 1813 1821 1820
3 1335 1822 1320
3 1822 1813 1320
3 1822 1821 1813
3 1322 1814 1335
3 1814 1822 1335
3 1814 1823 1822
3 1814 1815 1824
3 1814 1824 1823
3 1826 1825 1818
3 1323 1826 1818
3 1337 1826 1323
3 1818 1825 1816
3 1827 1344 1819
3 1819 1344 1333
3 1828 1819 1820
3 1827 1819 1828
3 1829 1820 1821
3 1828 1820 1829
3 1830 1821 1822
3 1829 1821 1830
3 1831 1822 1823
3 1830 1822 1831
3 1823 1824 1832
3 1823 1832 1831
3 1346 1826 1337
3 1346 1833 1826
3 1834 1355 1827
3 1827 1355 1344
3 1358 1834 1357
3 1834 1828 1357
3 1834 1827 1828
3 1357 1828 1360
3 1360 1828 1829
3 1360 1829 1362
3 1362 1829 1830
3 1362 1830 1363
3 1830 1835 1363
3 1830 1831 1835
3 1831 1832 1836
3 1831 1836 1835
3 1365 1833 1346
3 1365 1837 1833
3 1838 1372 1373
3 1355 1834 1373
3 1834 1838 1373
3 1834 1839 1838
3 1374 1840 1358
3 1840 1834 1358
3 1840 1839 1834
3 1375 1840 1374
3 1841 1377 1378
3 1363 1835 1378
3 1835 1841 1378
3 1835 1842 1841
3 1835 1836 1843
3 1835 1843 1842
3 1379 1837 1365
3 1379 1844 1837
3 1845 1385 1838
3 1838 1385 1372
3 1846 1838 1839
3 1845 1838 1846
3 1847 1839 1840
3 1846 1839 1847
3 1386 1848 1375
3 1848 1840 1375
3 1848 1847 1840
3 1377 1841 1386
3 1841 1848 1386
3 1841 1849 1848
3 1389 1849 1388
3 1849 1842 1388
3 1849 1841 1842
3 1843 1850 1842
3 1850 1388 1842
3 1850 1391 1388
3 1392 1391 1850
3 1392 1850 1851
3 1394 1844 1379
3 1394 1852 1844
3 1853 1403 1845
3 1845 1403 1385
3 1406 1853 1405
3 1853 1846 1405
3 1853 1845 1846
3 1405 1846 1408
3 1408 1846 1847
3 1408 1847 1410
3 1410 1847 1848
3 1410 1848 1412
3 1412 1848 1849
3 1412 1849 1389
3 1854 1414 1415
3 1855 1854 1415
3 1392 1855 1415
3 1851 1855 1392
3 1417 1852 1394
3 1417 1856 1852
3 1853 1423 1403
3 1423 1853 1406
3 1857 1430 1854
3 1854 1430 1414
3 1854 1855 1858
3 1854 1858 1857
3 1432 1856 1417
3 1432 1859 1856
3 1860 1441 1442
3 1443 1861 1442
3 1442 1861 1860
3 1862 1861 1443
3 1862 1443 1430
3 1863 1862 1430
3 1857 1863 1430
3 1863 1857 1858
3 1444 1859 1432
3 1444 1864 1859
3 1865 1450 1451
3 1452 1866 1451
3 1451 1866 1865
3 1453 1867 1452
3 1452 1867 1866
3 1454 1868 1453
3 1453 1868 1867
3 1869 1868 1454
3 1869 1454 1441
3 1870 1869 1441
3 1860 1870 1441
3 1870 1860 1861
3 1870 1861 1871
3 1871 1861 1862
3 1444 1455 1872
3 1873 1444 1872
3 1864 1444 1873
3 1456 1872 1455
3 1874 1463 1464
3 1465 1875 1464
3 1464 1875 1874
3 1466 1876 1465
3 1465 1876 1875
3 1450 1865 1466
3 1865 1876 1466
3 1865 1877 1876
3 1878 1865 1866
3 1877 1865 1878
3 1867 1880 1879
3 1878 1867 1879
3 1866 1867 1878
3 1880 1867 1868
3 1880 1868 1881
3 1881 1868 1869
3 1873 1872 1882
3 1873 1882 1883
3 1468 1882 1456
3 1456 1882 1872
3 1884 1480 1481
3 1482 1885 1481
3 1481 1885 1884
3 1483 1886 1482
3 1482 1886 1885
3 1484 1887 1483
3 1483 1887 1886
3 1485 1888 1484
3 1484 1888 1887
3 1888 1485 1889
3 1485 1890 1889
3 1485 1486 1890
3 1486 1463 1874
3 1891 1486 1874
3 1890 1486 1891
3 1891 1874 1875
3 1891 1875 1892
3 1892 1875 1876
3 1892 1876 1893
3 1893 1876 1877
3 1893 1877 1894
3 1894 1877 1878
3 1894 1878 1895
3 1895 1878 1879
3 1882 1468 1896
3 1468 1897 1896
3 1468 1487 1897
3 1899 1898 1488
3 1488 1898 1489
3 1900 1488 1490
3 1900 1899 1488
3 1901 1490 1491
3 1901 1900 1490
3 1902 1491 1492
3 1902 1901 1491
3 1903 1492 1493
3 1903 1902 1492
3 1904 1493 1494
3 1904 1903 1493
3 1905 1494 1495
3 1905 1904 1494
3 1906 1495 1496
3 1906 1905 1495
3 1907 1496 1497
3 1907 1906 1496
3 1908 1497 1498
3 1908 1907 1497
3 1909 1498 1499
3 1909 1908 1498
3 1499 1480 1884
3 1910 1499 1884
3 1909 1499 1910
3 1910 1884 1885
3 1910 1885 1911
3 1911 1885 1886
3 1911 1886 1912
3 1912 1886 1887
3 1912 1887 1913
3 1913 1887 1888
3 1913 1888 1914
3 1914 1888 1889
3 1502 1915 1501
3 1916 1504 1501
3 1916 1501 1915
3 1918 1917 1506
3 1918 1506 1507
3 1487 1506 1897
3 1897 1506 1917
3 1898 1919 1489
3 1489 1919 1508
3 1509 1508 1919
3 1509 1919 1920
3 1512 1921 1511
3 1922 1514 1511
3 1922 1511 1921
3 1923 1516 1514
3 1923 1514 1922
3 1924 1518 1516
3 1924 1516 1923
3 1915 1502 1518
3 1924 1915 1518
3 1925 1915 1924
3 1915 1926 1916
3 1915 1925 1926
3 1928 1927 1531
3 1928 1531 1532
3 1531 1929 1533
3 1927 1929 1531
3 1932 1931 1930
3 1533 1932 1930
3 1929 1932 1533
3 1934 1933 1931
3 1934 1931 1932
3 1536 1537 1933
3 1934 1536 1933
3 1935 1536 1934
3 1936 1536 1935
3 1936 1935 1937
3 1940 1939 1938
3 1942 1941 1938
3 1942 1938 1939
3 1944 1943 1941
3 1944 1941 1942
3 1946 1945 1943
3 1946 1943 1944
3 1948 1947 1945
3 1948 1945 1946
3 1950 1949 1947
3 1950 1947 1948
3 1952 1951 1949
3 1952 1949 1950
3 1954 1953 1951
3 1954 1951 1952
3 1956 1955 1953
3 1956 1953 1954
3 1958 1957 1955
3 1958 1955 1956
3 1512 1540 1921
3 1957 1958 1959
3 1921 1540 1541
3 1960 1921 1541
3 1922 1921 1960
3 1960 1543 1544
3 1923 1960 1544
3 1922 1960 1923
3 1923 1544 1545
3 1923 1545 1924
3 1924 1545 1546
3 1961 1924 1546
3 1925 1924 1961
3 1964 1963 1962
3 1967 1966 1965
3 1968 1965 1966
3 1968 1966 1969
3 1971 1963 1970
3 1963 1971 1962
3 1973 1971 1972
3 1971 1928 1972
3 1928 1532 1972
3 1928 1971 1970
3 1975 1974 1972
3 1972 1974 1973
3 1930 1931 1975
3 1931 1974 1975
3 1931 1976 1974
3 1977 1931 1933
3 1976 1931 1977
3 1979 1978 1537
3 1978 1933 1537
3 1978 1977 1933
3 1936 1937 1980
3 1978 1936 1980
3 1981 1978 1980
3 1979 1936 1978
3 1981 1980 1940
3 1938 1981 1940
3 1982 1981 1938
3 1983 1938 1941
3 1982 1938 1983
3 1984 1941 1943
3 1983 1941 1984
3 1985 1943 1945
3 1984 1943 1985
3 1986 1945 1947
3 1985 1945 1986
3 1987 1947 1949
3 1986 1947 1987
3 1988 1949 1951
3 1987 1949 1988
3 1989 1951 1953
3 1988 1951 1989
3 1992 1991 1990
3 1549 1550 1955
3 1989 1955 1550
3 1955 1989 1953
3 1957 1994 1993
3 1955 1957 1993
3 1549 1955 1993
3 1552 1549 1993
3 1995 1552 1993
3 1992 1995 1993
3 1991 1992 1993
3 1994 1991 1993
3 1959 1994 1957
3 1554 1552 1996
3 1995 1996 1552
3 1960 1541 1554
3 1996 1960 1554
3 1997 1960 1996
3 1998 1556 1543
3 1960 1998 1543
3 1997 1998 1960
3 1999 1559 1556
3 1999 1556 1998
3 1961 1546 1559
3 1999 1961 1559
3 2000 1961 1999
3 1598 2001 1599
3 2002 1599 2001
3 1599 2002 2003
3 2004 2003 2002
3 2003 2004 2005
3 1599 2003 1600
3 1600 2003 2006
3 1600 2006 1606
3 1606 2006 2007
3 1606 2007 1608
3 1608 2007 2008
3 1608 2008 1611
3 2008 2009 1611
3 2008 2010 2009
3 2012 2010 2011
3 2009 2010 2012
3 2014 2011 2013
3 2012 2011 2014
3 2016 2013 2015
3 2014 2013 2016
3 2018 2015 2017
3 2016 2015 2018
3 2020 2017 2019
3 2018 2017 2020
3 2019 2022 2021
3 2023 2019 2021
3 2020 2019 2023
3 2024 2023 2021
3 2027 2026 2025
3 2030 2029 2028
3 2029 1629 2028
3 1629 2031 2028
3 1629 2029 1628
3 2032 1576 1631
3 2033 2032 1631
3 2034 2032 2033
3 2032 2036 2035
3 2032 2034 2036
3 2036 1635 1636
3 2037 2036 1636
3 2035 2036 2037
3 2037 1636 1637
3 2037 1637 2038
3 2038 1637 1638
3 2039 2038 1638
3 2040 2038 2039
3 2039 1640 1641
3 2041 2039 1641
3 2040 2039 2041
3 1642 2042 1641
3 2043 1641 2042
3 1641 2043 2041
3 2044 2041 2043
3 2041 2044 2045
3 1642 1643 2042
3 2047 2044 2046
3 2044 2047 2045
3 2048 2045 2047
3 2051 2050 2049
3 2050 2047 2049
3 2050 2048 2047
3 2050 2051 2052
3 2052 2051 2053
3 2052 2053 2054
3 2054 2053 2055
3 2054 2055 2001
3 2001 2055 2056
3 2001 2056 2002
3 2009 1653 1611
3 1653 2009 1654
3 1654 2009 2012
3 1654 2012 1656
3 2012 2057 1656
3 2012 2014 2057
3 2058 2014 2016
3 2057 2014 2058
3 2059 2016 2018
3 2058 2016 2059
3 2020 2061 2060
3 2059 2020 2060
3 2018 2020 2059
3 2061 2020 2023
3 2061 2023 2062
3 2062 2023 2024
3 2063 1668 1667
3 2064 2031 1629
3 2064 1629 1669
3 1670 2033 2065
3 2064 1670 2065
3 1669 1670 2064
3 2033 1670 1671
3 2033 1671 2034
3 2034 1671 1672
3 2034 1672 2036
3 2036 1672 1635
3 1673 2039 1638
3 2039 1673 1640
3 2066 2043 2042
3 2066 2047 2046
3 2066 1674 2047
3 2066 2042 1643
3 1674 2066 1643
3 2067 2049 2047
3 1674 2067 2047
3 1675 2067 1674
3 2068 1675 1676
3 2068 2067 1675
3 2069 1676 1677
3 2069 2068 1676
3 2070 1677 1678
3 2070 2069 1677
3 2071 1678 1679
3 2071 2070 1678
3 2073 2071 2072
3 2071 1680 2072
3 2071 1679 1680
3 1681 2074 1680
3 1680 2074 2072
3 1682 2075 1681
3 1681 2075 2074
3 1683 2076 1682
3 1682 2076 2075
3 1684 2077 1683
3 1683 2077 2076
3 1656 2057 1684
3 2057 2077 1684
3 2057 2078 2077
3 2079 2057 2058
3 2078 2057 2079
3 2080 2058 2059
3 2079 2058 2080
3 2059 2060 2081
3 2082 2059 2081
3 2080 2059 2082
3 2083 2082 2081
3 2086 2085 2084
3 1663 2086 2084
3 1689 2086 1663
3 2084 2085 2087
3 2087 2085 2088
3 2087 2088 2063
3 2063 2088 2089
3 1668 2063 2089
3 2090 1668 2089
3 1691 1668 2090
3 1694 2091 1693
3 2092 1696 1693
3 2092 1693 2091
3 1696 2092 2093
3 2094 1696 2093
3 1698 1696 2094
3 2096 2095 1699
3 1698 2096 1699
3 2094 2096 1698
3 2097 2095 2096
3 1702 2098 1701
3 1701 2098 2099
3 2100 1701 2099
3 1704 1701 2100
3 1704 2101 1706
3 2100 2101 1704
3 1706 2102 1708
3 2101 2102 1706
3 2104 2103 1709
3 1708 2104 1709
3 2102 2104 1708
3 2105 2103 2104
3 2107 2106 1711
3 2107 1711 1712
3 2109 2108 1713
3 1711 2109 1713
3 2106 2109 1711
3 2111 2110 2108
3 2111 2108 2109
3 2110 2111 2073
3 2072 2110 2073
3 2112 2110 2072
3 2113 2072 2074
3 2112 2072 2113
3 2114 2074 2075
3 2113 2074 2114
3 2076 2116 2115
3 2114 2076 2115
3 2075 2076 2114
3 2116 2076 2077
3 2116 2077 2117
3 2117 2077 2078
3 2117 2078 2118
3 2118 2078 2079
3 2118 2079 2119
3 2119 2079 2080
3 2119 2080 2120
3 2120 2080 2082
3 2120 2082 2121
3 2121 2082 2083
3 1715 2086 1689
3 1715 2122 2086
3 2090 2123 1691
3 1691 2123 1716
3 1694 1716 2091
3 1716 2124 2091
3 1716 2123 2124
3 2091 2124 2092
3 2092 2124 2125
3 2092 2125 2093
3 2095 1717 1699
3 2097 2126 2095
3 2126 1717 2095
3 2126 1718 1717
3 1702 1718 2098
3 1718 2127 2098
3 1718 2126 2127
3 2098 2127 2099
3 2103 1719 1709
3 2105 2128 2103
3 2128 1719 2103
3 2128 1720 1719
3 1720 2129 1721
3 2128 2129 1720
3 1712 1721 2107
3 2107 1721 2129
3 2108 1723 1713
3 1723 2108 1725
3 1725 2108 2110
3 1725 2110 1727
3 1727 2110 2112
3 1727 2112 1729
3 1729 2112 2113
3 1729 2113 1730
3 2113 2130 1730
3 2113 2114 2130
3 2114 2115 2131
3 2132 2114 2131
3 2130 2114 2132
3 2134 2133 2132
3 2134 2132 2131
3 2135 2133 2134
3 1732 2122 1715
3 1732 2136 2122
3 2130 1734 1730
3 1734 2130 1737
3 1737 2130 2132
3 1737 2132 1739
3 1739 2132 2133
3 2138 2137 1740
3 2138 1740 1739
3 2135 2138 1739
3 2133 2135 1739
3 2140 2139 2137
3 2140 2137 2138
3 2142 2141 2139
3 2142 2139 2140
3 2143 2141 2142
3 2146 2145 2144
3 2137 1744 1740
3 1744 2137 1746
3 1746 2137 2139
3 1746 2139 1747
3 2139 2147 1747
3 2139 2141 2147
3 2141 2143 2148
3 2149 2141 2148
3 2147 2141 2149
3 2151 2150 2149
3 2151 2149 2148
3 2152 2150 2151
3 2155 2154 2153
3 2147 1750 1747
3 1750 2147 1752
3 2147 2156 1752
3 2147 2149 2156
3 2157 2149 2150
3 2156 2149 2157
3 2150 2152 2158
3 2150 2158 2157
3 2161 2160 2159
3 2156 1757 1752
3 1757 2156 1759
3 2156 2162 1759
3 2156 2157 2162
3 2157 2158 2163
3 2157 2163 2162
3 2166 2165 2164
3 2167 1766 2162
3 2162 1766 1759
3 2162 2163 2168
3 2162 2168 2167
3 2171 2170 2169
3 2172 1771 1772
3 1766 2167 1775
3 2172 1772 1773
3 2174 2173 1776
3 2174 1776 1775
3 2168 2174 1775
3 2167 2168 1775
3 2170 2171 2175
3 2175 2171 2176
3 2172 1780 1771
3 1780 2172 1773
3 2177 1782 1783
3 2178 2177 1783
3 2178 1783 1776
3 2179 2178 1776
3 2173 2179 1776
3 2182 2181 2180
3 2183 1787 2177
3 2177 1787 1782
3 2177 2178 2184
3 2185 2177 2184
3 2183 2177 2185
3 2181 2182 2186
3 2186 2182 2187
3 2188 1792 2183
3 2183 1792 1787
3 2189 2183 2185
3 2188 2183 2189
3 2186 2187 2190
3 2190 2187 2191
3 2192 1797 2188
3 2188 1797 1792
3 2189 2194 2193
3 2192 2189 2193
3 2188 2189 2192
3 2190 2191 2195
3 2195 2191 2196
3 2197 1803 2192
3 2192 1803 1797
3 2192 2193 2198
3 2192 2198 2197
3 2201 2200 2199
3 2202 1809 2197
3 2197 1809 1803
3 2197 2198 2203
3 2197 2203 2202
3 2200 2201 2204
3 2204 2201 2205
3 2206 1815 2202
3 2202 1815 1809
3 2202 2203 2207
3 2208 2202 2207
3 2206 2202 2208
3 2210 2205 2209
3 2205 2211 2209
3 2205 2212 2211
3 2205 2210 2204
3 2213 1824 2206
3 2206 1824 1815
3 2208 2215 2214
3 2213 2208 2214
3 2206 2208 2213
3 2209 2211 2216
3 2216 2211 2217
3 2218 1832 2213
3 2213 1832 1824
3 2213 2214 2219
3 2213 2219 2218
3 2216 2217 2220
3 2220 2217 2221
3 2222 1836 2218
3 2218 1836 1832
3 2218 2219 2223
3 2218 2223 2222
3 2220 2221 2224
3 2224 2221 2225
3 2226 1843 2222
3 2222 1843 1836
3 2222 2223 2227
3 2222 2227 2226
3 2230 2229 2228
3 2229 2231 2228
3 2229 2232 2231
3 2229 2230 2225
3 2225 2230 2233
3 2225 2233 2224
3 2226 1850 1843
3 1851 1850 2226
3 2227 1851 2226
3 2234 1851 2227
3 2228 2231 2235
3 2235 2231 2236
3 2234 1855 1851
3 2237 1855 2234
3 2239 2236 2238
3 2236 2240 2238
3 2236 2241 2240
3 2236 2239 2235
3 2237 1858 1855
3 2242 1858 2237
3 2244 2240 2243
3 2240 2245 2243
3 2240 2246 2245
3 2240 2244 2238
3 2247 1862 1863
3 2248 2247 1863
3 1858 2248 1863
3 2242 2248 1858
3 2251 2250 2249
3 1859 2251 2249
3 1864 2251 1859
3 2249 2250 2252
3 2252 2250 2253
3 2252 2253 2254
3 2254 2253 2255
3 2254 2255 2256
3 2256 2255 2257
3 2256 2257 2258
3 2258 2257 2259
3 2258 2259 2260
3 2260 2259 2261
3 2260 2261 2262
3 2262 2261 2263
3 2262 2263 2264
3 2264 2263 2265
3 2264 2265 2266
3 2266 2265 2267
3 2266 2267 2268
3 2268 2267 2269
3 2268 2269 2270
3 2270 2269 2271
3 2270 2271 2245
3 2245 2271 2272
3 2245 2272 2243
3 2273 1869 1870
3 1871 2274 1870
3 1870 2274 2273
3 2275 2274 1871
3 2275 1871 1862
3 2276 2275 1862
3 2247 2276 1862
3 2276 2247 2248
3 2279 2278 2277
3 2280 1879 1880
3 1881 2281 1880
3 1880 2281 2280
3 2282 2281 1881
3 2282 1881 1869
3 2283 2282 1869
3 2273 2283 1869
3 2283 2273 2274
3 2283 2274 2284
3 2284 2274 2275
3 2286 2285 2279
3 1873 2286 2279
3 1883 2286 1873
3 2279 2285 2278
3 2288 2287 1890
3 1890 2287 1889
3 2289 1890 1891
3 2289 2288 1890
3 2290 1891 1892
3 2290 2289 1891
3 2291 1892 1893
3 2291 2290 1892
3 2292 1893 1894
3 2292 2291 1893
3 2293 1894 1895
3 2293 2292 1894
3 1895 1879 2280
3 2294 1895 2280
3 2293 1895 2294
3 2294 2280 2281
3 2294 2281 2295
3 2295 2281 2282
3 1883 1896 2296
3 2297 1883 2296
3 2286 1883 2297
3 1897 2296 1896
3 2299 2298 1899
3 1899 2298 1898
3 2300 1899 1900
3 2300 2299 1899
3 2301 1900 1901
3 2301 2300 1900
3 2302 1901 1902
3 2302 2301 1901
3 2303 1902 1903
3 2303 2302 1902
3 2304 1903 1904
3 2304 2303 1903
3 2305 1904 1905
3 2305 2304 1904
3 2306 1905 1906
3 2306 2305 1905
3 2307 1906 1907
3 2307 2306 1906
3 2308 1907 1908
3 2308 2307 1907
3 2309 1908 1909
3 2309 2308 1908
3 2310 1909 1910
3 2310 2309 1909
3 2311 1910 1911
3 2311 2310 1910
3 2312 1911 1912
3 2312 2311 1911
3 2313 1912 1913
3 2313 2312 1912
3 2314 1913 1914
3 2314 2313 1913
3 1914 1889 2287
3 1914 2287 2314
3 2316 2296 2315
3 2296 1897 2315
3 1917 2317 2315
3 1917 2315 1897
3 2318 1920 1919
3 2321 2320 2319
3 2323 2322 2319
3 2323 2319 2320
3 2324 2322 2323
3 2327 2326 2325
3 2329 2328 2325
3 2329 2325 2326
3 2331 2330 2328
3 2331 2328 2329
3 2333 2332 2330
3 2333 2330 2331
3 2334 2332 2333
3 2336 2335 2317
3 2335 2337 2317
3 2337 2315 2317
3 2335 2338 2337
3 2339 2318 2335
3 2340 2335 2318
3 2335 2340 2338
3 2341 2338 2340
3 2338 2341 2342
3 2345 2344 2343
3 2347 2346 2343
3 2347 2343 2344
3 2349 2348 2346
3 2349 2346 2347
3 2351 2350 1927
3 2351 1927 1928
3 1927 2352 1929
3 2350 2352 1927
3 1929 2353 1932
3 2352 2353 1929
3 1932 2354 1934
3 2353 2354 1932
3 1934 2355 1935
3 2354 2355 1934
3 2357 2356 1937
3 1935 2357 1937
3 2355 2357 1935
3 1939 1940 2356
3 2357 1939 2356
3 2358 1939 2357
3 1939 2359 1942
3 2358 2359 1939
3 1942 2360 1944
3 2359 2360 1942
3 1946 2362 2361
3 2363 1946 2361
3 1948 1946 2363
3 1948 2364 1950
3 2363 2364 1948
3 2319 1952 2321
3 1952 2364 2321
3 1952 1950 2364
3 1952 2319 1954
3 1954 2319 2322
3 2324 2365 2322
3 2365 1954 2322
3 2365 1956 1954
3 1956 2366 1958
3 2365 2366 1956
3 2325 2367 1959
3 2366 2325 1959
3 1958 2366 1959
3 2327 2325 2366
3 2368 2325 2328
3 2367 2325 2368
3 2369 2328 2330
3 2368 2328 2369
3 2332 2371 2370
3 2369 2332 2370
3 2330 2332 2369
3 2371 2332 2334
3 2374 2373 2372
3 2375 1990 1991
3 1994 2376 1991
3 1991 2376 2375
3 1959 2367 1994
3 2367 2376 1994
3 2367 2377 2376
3 2378 2367 2368
3 2377 2367 2378
3 2379 2368 2369
3 2378 2368 2379
3 2369 2370 2380
3 2381 2369 2380
3 2379 2369 2381
3 2383 2382 2381
3 2383 2381 2380
3 2384 2382 2383
3 2387 2386 2385
3 2390 2389 2388
3 2374 2388 2389
3 2391 2374 2389
3 2374 2391 2373
3 2392 2373 2391
3 2373 2392 2386
3 2385 2386 2392
3 2394 2393 2391
3 2391 2393 2392
3 2396 2395 2394
3 2394 2395 2393
3 1990 2375 2396
3 2375 2395 2396
3 2375 2397 2395
3 2398 2375 2376
3 2397 2375 2398
3 2399 2376 2377
3 2398 2376 2399
3 2400 2377 2378
3 2399 2377 2400
3 2401 2378 2379
3 2400 2378 2401
3 2402 2379 2381
3 2401 2379 2402
3 2403 2381 2382
3 2402 2381 2403
3 2406 2405 2404
3 2409 2408 2407
3 2408 2002 2407
3 2002 2410 2407
3 2002 2408 2004
3 2413 2412 2411
3 2412 2414 2411
3 2412 2415 2414
3 2418 2417 2416
3 2417 2419 2416
3 2417 2420 2419
3 2417 2418 2421
3 2422 2021 2022
3 2021 2422 2024
3 2422 2423 2024
3 2422 2424 2423
3 2043 2425 2044
3 2425 2046 2044
3 2426 2406 2404
3 2053 2426 2404
3 2055 2053 2404
3 2426 2053 2427
3 2429 2428 2404
3 2428 2055 2404
3 2428 2056 2055
3 2002 2056 2410
3 2410 2056 2428
3 2432 2431 2430
3 2430 2431 2414
3 2414 2431 2433
3 2414 2433 2411
3 2436 2435 2434
3 2434 2435 2419
3 2419 2435 2437
3 2419 2437 2416
3 2438 2060 2061
3 2062 2439 2061
3 2061 2439 2438
3 2024 2423 2062
3 2423 2439 2062
3 2423 2440 2439
3 2064 2441 2031
3 2441 2064 2065
3 2066 2425 2043
3 2425 2066 2046
3 2067 2442 2049
3 2442 2067 2068
3 2442 2068 2427
3 2443 2426 2427
3 2068 2443 2427
3 2069 2443 2068
3 2445 2443 2444
3 2443 2070 2444
3 2443 2069 2070
3 2071 2446 2070
3 2070 2446 2444
3 2073 2446 2071
3 2449 2448 2447
3 2451 2450 2447
3 2447 2450 2449
3 2453 2452 2451
3 2451 2452 2450
3 2453 2454 2452
3 2438 2081 2060
3 2081 2438 2083
3 2438 2455 2083
3 2438 2439 2455
3 2440 2457 2456
3 2455 2440 2456
3 2439 2440 2455
3 2458 2089 2088
3 2458 2088 2459
3 2458 2090 2089
3 2093 2460 2094
3 2461 2096 2094
3 2461 2094 2460
3 2461 2097 2096
3 2099 2462 2100
3 2463 2101 2100
3 2463 2100 2462
3 2464 2102 2101
3 2464 2101 2463
3 2465 2104 2102
3 2465 2102 2464
3 2465 2105 2104
3 2467 2466 2106
3 2467 2106 2107
3 2444 2109 2445
3 2109 2466 2445
3 2109 2106 2466
3 2109 2468 2111
3 2468 2109 2469
3 2444 2469 2109
3 2469 2444 2470
3 2446 2470 2444
3 2470 2446 2471
3 2446 2073 2471
3 2111 2468 2471
3 2111 2471 2073
3 2448 2472 2447
3 2447 2472 2451
3 2451 2472 2473
3 2474 2115 2116
3 2451 2474 2116
3 2453 2451 2116
3 2473 2474 2451
3 2475 2454 2453
3 2116 2475 2453
3 2117 2475 2116
3 2476 2117 2118
3 2476 2475 2117
3 2477 2118 2119
3 2477 2476 2118
3 2478 2119 2120
3 2478 2477 2119
3 2480 2478 2479
3 2478 2121 2479
3 2478 2120 2121
3 2083 2455 2121
3 2455 2479 2121
3 2455 2481 2479
3 2455 2456 2482
3 2455 2482 2481
3 2484 2459 2483
3 2459 2485 2483
3 2459 2486 2485
3 2459 2484 2458
3 2458 2484 2487
3 2458 2487 2090
3 2487 2123 2090
3 2487 2488 2123
3 2123 2489 2124
3 2488 2489 2123
3 2124 2490 2125
3 2489 2490 2124
3 2093 2125 2460
3 2125 2491 2460
3 2125 2490 2491
3 2460 2491 2461
3 2461 2491 2492
3 2461 2492 2097
3 2492 2126 2097
3 2492 2493 2126
3 2126 2494 2127
3 2493 2494 2126
3 2099 2127 2462
3 2127 2495 2462
3 2127 2494 2495
3 2462 2495 2463
3 2463 2495 2496
3 2463 2496 2464
3 2464 2496 2497
3 2464 2497 2465
3 2465 2497 2498
3 2465 2498 2105
3 2498 2128 2105
3 2498 2499 2128
3 2128 2500 2129
3 2499 2500 2128
3 2107 2129 2467
3 2467 2129 2500
3 2469 2501 2468
3 2468 2501 2471
3 2474 2502 2115
3 2115 2502 2131
3 2131 2503 2134
3 2502 2503 2131
3 2135 2134 2503
3 2135 2503 2504
3 2507 2506 2505
3 2505 2509 2508
3 2505 2479 2509
3 2505 2506 2480
3 2479 2505 2480
3 2509 2479 2481
3 2509 2481 2510
3 2510 2481 2482
3 2483 2485 2511
3 2511 2485 2512
3 2504 2513 2135
3 2135 2513 2138
3 2138 2514 2140
3 2513 2514 2138
3 2505 2142 2507
3 2142 2514 2507
3 2142 2140 2514
3 2516 2515 2143
3 2516 2143 2142
3 2508 2516 2142
3 2505 2508 2142
3 2518 2517 2515
3 2518 2515 2516
3 2519 2517 2518
3 2512 2136 2144
3 2522 2521 2520
3 2521 2522 2145
3 2522 2511 2145
3 2512 2144 2145
3 2512 2145 2511
3 2515 2148 2143
3 2148 2515 2151
3 2151 2515 2517
3 2524 2523 2152
3 2524 2152 2151
3 2519 2524 2151
3 2517 2519 2151
3 2527 2526 2525
3 2528 2158 2523
3 2523 2158 2152
3 2531 2530 2529
3 2533 2532 2528
3 2532 2158 2528
3 2532 2163 2158
3 2530 2531 2534
3 2534 2531 2535
3 2532 2168 2163
3 2536 2168 2532
3 2534 2535 2537
3 2537 2535 2538
3 2536 2539 2168
3 2168 2539 2174
3 2542 2541 2540
3 2543 2178 2179
3 2541 2542 2544
3 2544 2542 2545
3 2543 2184 2178
3 2544 2545 2546
3 2546 2545 2547
3 2550 2549 2548
3 2553 2552 2551
3 2555 2554 2549
3 2554 2193 2549
3 2194 2548 2549
3 2194 2549 2193
3 2552 2553 2556
3 2556 2553 2557
3 2559 2558 2554
3 2558 2193 2554
3 2558 2198 2193
3 2556 2557 2560
3 2560 2557 2561
3 2563 2203 2562
3 2203 2558 2562
3 2203 2198 2558
3 2560 2561 2564
3 2564 2561 2565
3 2563 2207 2203
3 2564 2565 2566
3 2566 2565 2567
3 2568 2214 2215
3 2570 2567 2569
3 2567 2571 2569
3 2567 2572 2571
3 2567 2570 2566
3 2573 2219 2568
3 2568 2219 2214
3 2569 2571 2574
3 2574 2571 2575
3 2577 2576 2573
3 2576 2219 2573
3 2576 2223 2219
3 2574 2575 2578
3 2578 2575 2579
3 2576 2227 2223
3 2580 2227 2576
3 2578 2579 2581
3 2581 2579 2582
3 2584 2234 2583
3 2234 2580 2583
3 2234 2227 2580
3 2586 2582 2585
3 2582 2587 2585
3 2582 2588 2587
3 2582 2586 2581
3 2590 2589 2584
3 2589 2234 2584
3 2589 2237 2234
3 2585 2587 2591
3 2591 2587 2592
3 2589 2242 2237
3 2593 2242 2589
3 2596 2595 2594
3 2595 2597 2594
3 2595 2598 2597
3 2595 2596 2599
3 2599 2596 2600
3 2599 2600 2601
3 2601 2600 2602
3 2601 2602 2603
3 2603 2602 2604
3 2603 2604 2605
3 2605 2604 2606
3 2605 2606 2592
3 2592 2606 2607
3 2592 2607 2591
3 2593 2248 2242
3 2608 2248 2593
3 2610 2609 2250
3 2610 2250 2251
3 2250 2611 2253
3 2609 2611 2250
3 2253 2612 2255
3 2611 2612 2253
3 2255 2613 2257
3 2612 2613 2255
3 2257 2614 2259
3 2613 2614 2257
3 2259 2615 2261
3 2614 2615 2259
3 2261 2616 2263
3 2615 2616 2261
3 2263 2617 2265
3 2616 2617 2263
3 2265 2618 2267
3 2617 2618 2265
3 2267 2619 2269
3 2618 2619 2267
3 2269 2620 2271
3 2619 2620 2269
3 2271 2621 2272
3 2620 2621 2271
3 2243 2272 2622
3 2272 2623 2622
3 2272 2621 2623
3 2622 2623 2597
3 2597 2623 2624
3 2597 2624 2594
3 2625 2275 2276
3 2626 2625 2276
3 2248 2626 2276
3 2608 2626 2248
3 2251 2277 2627
3 2628 2251 2627
3 2610 2251 2628
3 2278 2627 2277
3 2629 2282 2283
3 2284 2630 2283
3 2283 2630 2629
3 2631 2630 2284
3 2631 2284 2275
3 2632 2631 2275
3 2625 2632 2275
3 2632 2625 2626
3 2634 2627 2633
3 2627 2278 2633
3 2285 2635 2633
3 2285 2633 2278
3 2638 2637 2636
3 2636 2639 2638
3 2641 2640 2288
3 2288 2640 2287
3 2643 2641 2642
3 2641 2289 2642
3 2641 2288 2289
3 2642 2289 2644
3 2289 2645 2644
3 2289 2290 2645
3 2646 2290 2291
3 2646 2645 2290
3 2647 2291 2292
3 2647 2646 2291
3 2648 2292 2293
3 2648 2647 2292
3 2649 2293 2294
3 2649 2648 2293
3 2650 2294 2295
3 2650 2649 2294
3 2295 2282 2629
3 2651 2295 2629
3 2650 2295 2651
3 2651 2629 2630
3 2651 2630 2652
3 2652 2630 2631
3 2298 2299 2653
3 2299 2654 2653
3 2299 2655 2654
3 2656 2299 2300
3 2656 2655 2299
3 2657 2300 2301
3 2657 2656 2300
3 2658 2301 2302
3 2658 2657 2301
3 2659 2302 2303
3 2659 2658 2302
3 2660 2303 2304
3 2660 2659 2303
3 2661 2304 2305
3 2661 2660 2304
3 2662 2305 2306
3 2662 2661 2305
3 2663 2306 2307
3 2663 2662 2306
3 2664 2307 2308
3 2664 2663 2307
3 2665 2308 2309
3 2665 2664 2308
3 2666 2309 2310
3 2666 2665 2309
3 2667 2310 2311
3 2667 2666 2310
3 2312 2636 2637
3 2667 2312 2637
3 2311 2312 2667
3 2668 2639 2636
3 2312 2668 2636
3 2313 2668 2312
3 2669 2313 2314
3 2669 2668 2313
3 2314 2287 2640
3 2314 2640 2669
3 2670 2643 2642
3 2670 2642 2644
3 2673 2672 2671
3 2675 2674 2671
3 2675 2671 2672
3 2677 2676 2674
3 2677 2674 2675
3 2678 2676 2677
3 2321 2679 2320
3 2680 2323 2320
3 2680 2320 2679
3 2680 2324 2323
3 2682 2681 2326
3 2682 2326 2327
3 2326 2683 2329
3 2681 2683 2326
3 2671 2331 2673
3 2331 2683 2673
3 2331 2329 2683
3 2331 2671 2333
3 2333 2671 2674
3 2333 2674 2334
3 2674 2684 2334
3 2674 2676 2684
3 2676 2678 2685
3 2676 2685 2684
3 2686 2355 2354
3 2686 2354 2687
3 2359 2689 2688
3 2690 2359 2688
3 2360 2359 2690
3 2693 2692 2691
3 2360 2693 2691
3 2690 2693 2360
3 2363 2361 2692
3 2693 2363 2692
3 2694 2363 2693
3 2363 2695 2364
3 2694 2695 2363
3 2321 2364 2679
3 2364 2696 2679
3 2364 2695 2696
3 2679 2696 2680
3 2680 2696 2697
3 2680 2697 2324
3 2697 2365 2324
3 2697 2698 2365
3 2365 2699 2366
3 2698 2699 2365
3 2327 2366 2682
3 2682 2366 2699
3 2700 2370 2371
3 2334 2684 2371
3 2684 2700 2371
3 2684 2701 2700
3 2684 2685 2702
3 2684 2702 2701
3 2704 2703 2691
3 2705 2704 2691
3 2692 2705 2691
3 2704 2705 2706
3 2709 2708 2707
3 2712 2711 2710
3 2700 2380 2370
3 2380 2700 2383
3 2383 2700 2701
3 2384 2383 2701
3 2702 2384 2701
3 2713 2384 2702
3 2716 2715 2714
3 2436 2413 2717
3 2720 2719 2718
3 2722 2721 2720
3 2722 2720 2718
3 2418 2416 2721
3 2722 2418 2721
3 2723 2418 2722
3 2421 2418 2724
3 2418 2725 2724
3 2418 2723 2725
3 2724 2725 2726
3 2726 2725 2727
3 2726 2727 2728
3 2728 2727 2729
3 2728 2729 2730
3 2730 2729 2731
3 2730 2731 2732
3 2719 2720 2733
3 2435 2733 2720
3 2733 2435 2734
3 2436 2734 2435
3 2734 2436 2717
3 2435 2720 2437
3 2437 2720 2721
3 2437 2721 2416
3 2443 2735 2426
3 2735 2443 2445
3 2736 2735 2445
3 2737 2735 2736
3 2737 2739 2738
3 2737 2736 2739
3 2738 2741 2740
3 2738 2739 2741
3 2741 2448 2449
3 2742 2741 2449
3 2740 2741 2742
3 2742 2449 2450
3 2742 2450 2734
3 2452 2454 2743
3 2743 2454 2744
3 2745 2456 2457
3 2467 2746 2466
3 2736 2445 2466
3 2746 2736 2466
3 2747 2736 2746
3 2747 2469 2470
3 2739 2747 2470
3 2736 2747 2739
3 2739 2470 2471
3 2748 2739 2471
3 2741 2739 2748
3 2749 2472 2448
3 2741 2749 2448
3 2748 2749 2741
3 2750 2473 2472
3 2750 2472 2749
3 2750 2474 2473
3 2751 2744 2454
3 2751 2454 2475
3 2752 2475 2476
3 2752 2751 2475
3 2753 2476 2477
3 2753 2752 2476
3 2755 2753 2754
3 2753 2478 2754
3 2753 2477 2478
3 2480 2754 2478
3 2757 2756 2745
3 2756 2456 2745
3 2756 2482 2456
3 2759 2758 2484
3 2759 2484 2483
3 2484 2760 2487
3 2758 2760 2484
3 2487 2761 2488
3 2760 2761 2487
3 2488 2762 2489
3 2761 2762 2488
3 2489 2763 2490
3 2762 2763 2489
3 2490 2764 2491
3 2763 2764 2490
3 2491 2765 2492
3 2764 2765 2491
3 2492 2766 2493
3 2765 2766 2492
3 2493 2767 2494
3 2766 2767 2493
3 2494 2768 2495
3 2767 2768 2494
3 2495 2769 2496
3 2768 2769 2495
3 2496 2770 2497
3 2769 2770 2496
3 2497 2771 2498
3 2770 2771 2497
3 2498 2772 2499
3 2771 2772 2498
3 2499 2773 2500
3 2772 2773 2499
3 2467 2500 2746
3 2500 2774 2746
3 2500 2773 2774
3 2746 2774 2747
3 2747 2774 2775
3 2775 2777 2776
3 2775 2776 2501
3 2747 2775 2501
3 2469 2747 2501
3 2748 2471 2501
3 2776 2748 2501
3 2778 2748 2776
3 2748 2779 2749
3 2748 2778 2779
3 2781 2750 2780
3 2750 2779 2780
3 2750 2749 2779
3 2750 2781 2474
3 2781 2502 2474
3 2781 2782 2502
3 2502 2783 2503
3 2782 2783 2502
3 2785 2784 2504
3 2503 2785 2504
3 2783 2785 2503
3 2787 2786 2784
3 2787 2784 2785
3 2754 2506 2755
3 2786 2755 2506
3 2755 2786 2787
3 2507 2786 2506
3 2790 2789 2788
3 2754 2480 2506
3 2509 2788 2508
3 2788 2509 2790
3 2791 2790 2509
3 2792 2509 2510
3 2792 2791 2509
3 2510 2482 2756
3 2510 2756 2792
3 2511 2759 2483
3 2511 2793 2759
3 2777 2794 2776
3 2776 2794 2778
3 2778 2794 2795
3 2778 2795 2779
3 2779 2795 2796
3 2779 2796 2780
3 2784 2513 2504
3 2513 2784 2514
3 2514 2784 2786
3 2789 2797 2788
3 2514 2786 2507
3 2788 2797 2508
3 2797 2516 2508
3 2797 2798 2516
3 2516 2799 2518
3 2798 2799 2516
3 2519 2518 2799
3 2519 2799 2800
3 2802 2801 2522
3 2801 2511 2522
3 2801 2793 2511
3 2524 2519 2803
3 2519 2804 2803
3 2519 2800 2804
3 2807 2806 2805
3 2804 2808 2803
3 2811 2810 2809
3 2812 2532 2533
3 2815 2814 2813
3 2816 2536 2812
3 2812 2536 2532
3 2814 2815 2817
3 2817 2815 2818
3 2816 2539 2536
3 2821 2820 2819
3 2824 2823 2822
3 2820 2821 2825
3 2825 2821 2826
3 2823 2827 2822
3 2825 2826 2828
3 2828 2826 2829
3 2830 2549 2550
3 2828 2829 2831
3 2831 2829 2832
3 2830 2555 2549
3 2831 2832 2833
3 2833 2832 2834
3 2835 2558 2559
3 2833 2834 2836
3 2836 2834 2837
3 2835 2562 2558
3 2836 2837 2838
3 2838 2837 2839
3 2842 2841 2840
3 2838 2839 2843
3 2843 2839 2844
3 2840 2841 2845
3 2845 2841 2846
3 2843 2844 2847
3 2847 2844 2848
3 2845 2846 2849
3 2849 2846 2850
3 2847 2848 2851
3 2851 2848 2852
3 2849 2850 2577
3 2850 2576 2577
3 2850 2853 2576
3 2851 2852 2854
3 2854 2852 2855
3 2853 2580 2576
3 2856 2580 2853
3 2854 2855 2857
3 2857 2855 2858
3 2583 2580 2859
3 2580 2860 2859
3 2580 2856 2860
3 2862 2858 2861
3 2858 2863 2861
3 2858 2864 2863
3 2858 2862 2857
3 2859 2860 2590
3 2860 2589 2590
3 2860 2865 2589
3 2868 2867 2866
3 2867 2869 2866
3 2867 2870 2869
3 2867 2868 2871
3 2871 2868 2872
3 2871 2872 2863
3 2863 2872 2873
3 2863 2873 2861
3 2875 2593 2874
3 2593 2865 2874
3 2593 2589 2865
3 2596 2877 2876
3 2878 2596 2876
3 2600 2596 2878
3 2600 2879 2602
3 2878 2879 2600
3 2602 2880 2604
3 2879 2880 2602
3 2604 2881 2606
3 2880 2881 2604
3 2606 2882 2607
3 2881 2882 2606
3 2591 2607 2869
3 2607 2883 2869
3 2607 2882 2883
3 2869 2883 2866
3 2885 2884 2875
3 2884 2593 2875
3 2884 2608 2593
3 2887 2886 2609
3 2887 2609 2610
3 2609 2888 2611
3 2886 2888 2609
3 2611 2889 2612
3 2888 2889 2611
3 2612 2890 2613
3 2889 2890 2612
3 2613 2891 2614
3 2890 2891 2613
3 2614 2892 2615
3 2891 2892 2614
3 2615 2893 2616
3 2892 2893 2615
3 2616 2894 2617
3 2893 2894 2616
3 2617 2895 2618
3 2894 2895 2617
3 2618 2896 2619
3 2895 2896 2618
3 2619 2897 2620
3 2896 2897 2619
3 2620 2898 2621
3 2897 2898 2620
3 2621 2899 2623
3 2898 2899 2621
3 2623 2900 2624
3 2899 2900 2623
3 2594 2624 2877
3 2624 2901 2877
3 2624 2900 2901
3 2877 2901 2876
3 2884 2626 2608
3 2902 2626 2884
3 2628 2887 2610
3 2628 2903 2887
3 2905 2904 2632
3 2632 2904 2631
3 2632 2626 2902
3 2632 2902 2905
3 2628 2634 2906
3 2907 2628 2906
3 2903 2628 2907
3 2633 2906 2634
3 2909 2908 2638
3 2638 2908 2637
3 2911 2910 2639
3 2910 2638 2639
3 2910 2909 2638
3 2913 2912 2911
3 2911 2912 2910
3 2640 2641 2913
3 2641 2912 2913
3 2641 2914 2912
3 2916 2915 2643
3 2915 2641 2643
3 2915 2914 2641
3 2644 2645 2916
3 2645 2915 2916
3 2645 2917 2915
3 2918 2645 2646
3 2918 2917 2645
3 2919 2646 2647
3 2919 2918 2646
3 2920 2647 2648
3 2920 2919 2647
3 2921 2648 2649
3 2921 2920 2648
3 2922 2649 2650
3 2922 2921 2649
3 2923 2650 2651
3 2923 2922 2650
3 2924 2651 2652
3 2924 2923 2651
3 2652 2631 2904
3 2652 2904 2924
3 2925 2654 2655
3 2925 2926 2654
3 2927 2655 2656
3 2927 2925 2655
3 2928 2656 2657
3 2928 2927 2656
3 2929 2657 2658
3 2929 2928 2657
3 2930 2658 2659
3 2930 2929 2658
3 2931 2659 2660
3 2931 2930 2659
3 2932 2660 2661
3 2932 2931 2660
3 2933 2661 2662
3 2933 2932 2661
3 2934 2662 2663
3 2934 2933 2662
3 2935 2663 2664
3 2935 2934 2663
3 2936 2664 2665
3 2936 2935 2664
3 2937 2665 2666
3 2937 2936 2665
3 2938 2666 2667
3 2938 2937 2666
3 2667 2637 2908
3 2667 2908 2938
3 2668 2911 2639
3 2911 2668 2669
3 2911 2669 2913
3 2913 2669 2640
3 2670 2916 2643
3 2916 2670 2644
3 2940 2939 2672
3 2940 2672 2673
3 2672 2941 2675
3 2939 2941 2672
3 2675 2942 2677
3 2941 2942 2675
3 2678 2677 2942
3 2678 2942 2943
3 2946 2945 2944
3 2947 2944 2945
3 2949 2948 2681
3 2949 2681 2682
3 2681 2950 2683
3 2948 2950 2681
3 2673 2683 2940
3 2940 2683 2950
3 2943 2685 2678
3 2951 2685 2943
3 2952 2946 2944
3 2697 2952 2944
3 2698 2697 2944
3 2952 2697 2953
3 2947 2954 2944
3 2954 2698 2944
3 2954 2699 2698
3 2682 2699 2949
3 2949 2699 2954
3 2956 2702 2955
3 2702 2951 2955
3 2702 2685 2951
3 2959 2958 2957
3 2962 2961 2960
3 2963 2960 2961
3 2965 2964 2958
3 2957 2958 2964
3 2963 2966 2953
3 2966 2963 2961
3 2707 2953 2966
3 2953 2707 2952
3 2967 2952 2707
3 2952 2967 2965
3 2964 2965 2967
3 2708 2967 2707
3 2969 2968 2710
3 2711 2969 2710
3 2725 2970 2727
3 2971 2727 2970
3 2727 2971 2972
3 2973 2972 2971
3 2972 2973 2974
3 2727 2972 2729
3 2729 2972 2975
3 2729 2975 2731
3 2731 2975 2976
3 2976 2977 2731
3 2977 2978 2731
3 2979 2732 2731
3 2979 2731 2978
3 2971 2970 2980
3 2980 2970 2981
3 2743 2982 2733
3 2985 2984 2983
3 2984 2986 2983
3 2984 2987 2986
3 2984 2985 2981
3 2981 2985 2988
3 2981 2988 2980
3 2991 2990 2989
3 2751 2986 2744
3 2992 2983 2986
3 2751 2992 2986
3 2752 2992 2751
3 2993 2752 2753
3 2993 2992 2752
3 2995 2994 2755
3 2994 2753 2755
3 2994 2993 2753
3 2995 2996 2994
3 2989 2990 2757
3 2990 2756 2757
3 2990 2997 2756
3 2999 2998 2758
3 2999 2758 2759
3 2758 3000 2760
3 2998 3000 2758
3 2760 3001 2761
3 3000 3001 2760
3 2761 3002 2762
3 3001 3002 2761
3 2762 3003 2763
3 3002 3003 2762
3 2763 3004 2764
3 3003 3004 2763
3 2764 3005 2765
3 3004 3005 2764
3 2765 3006 2766
3 3005 3006 2765
3 2766 3007 2767
3 3006 3007 2766
3 2767 3008 2768
3 3007 3008 2767
3 2768 3009 2769
3 3008 3009 2768
3 2769 3010 2770
3 3009 3010 2769
3 2770 3011 2771
3 3010 3011 2770
3 2771 3012 2772
3 3011 3012 2771
3 2772 3013 2773
3 3012 3013 2772
3 2773 3014 2774
3 3013 3014 2773
3 2774 3015 2775
3 3014 3015 2774
3 2777 2775 3015
3 2777 3015 3016
3 2780 3017 2781
3 3018 2782 2781
3 3018 2781 3017
3 3019 2783 2782
3 3019 2782 3018
3 3020 2785 2783
3 3020 2783 3019
3 3021 2787 2785
3 3021 2785 3020
3 3021 2755 2787
3 3021 2995 2755
3 3021 2789 2790
3 2995 3021 2790
3 3022 2996 2995
3 2790 3022 2995
3 2791 3022 2790
3 3023 2791 2792
3 3023 3022 2791
3 2792 2756 2997
3 2792 2997 3023
3 2793 2999 2759
3 2793 3024 2999
3 3016 3025 2777
3 2777 3025 2794
3 2794 3026 2795
3 3025 3026 2794
3 2795 3027 2796
3 3026 3027 2795
3 2780 2796 3017
3 2796 3028 3017
3 2796 3027 3028
3 3017 3028 3018
3 3018 3028 3029
3 3018 3029 3019
3 3019 3029 3030
3 3019 3030 3020
3 3020 3030 3031
3 3020 3031 3021
3 3021 3031 3032
3 3021 3032 2789
3 3032 2797 2789
3 3032 3033 2797
3 2797 3034 2798
3 3033 3034 2797
3 2798 3035 2799
3 3034 3035 2798
3 2800 2799 3035
3 2800 3035 3036
3 3039 3038 3037
3 3038 3024 3037
3 3024 2801 3037
3 3024 2793 2801
3 3036 2804 2800
3 3040 2804 3036
3 2805 2806 3041
3 3041 2806 3042
3 3040 3043 2804
3 2804 3043 2808
3 2809 2810 3044
3 3044 2810 3045
3 3048 3047 3046
3 3051 3050 3049
3 3050 3051 3052
3 3052 3051 3053
3 3054 2823 2824
3 3052 3053 3055
3 3055 3053 3056
3 2827 2823 3054
3 3059 3058 3057
3 3055 3056 3060
3 3060 3056 3061
3 3058 3059 3062
3 3062 3059 3063
3 3060 3061 3064
3 3064 3061 3065
3 3063 3066 3062
3 3064 3065 3067
3 3067 3065 3068
3 3071 3070 3069
3 3067 3068 3072
3 3072 3068 3073
3 3070 3074 3069
3 3072 3073 3075
3 3075 3073 3076
3 3077 2841 2842
3 3075 3076 3078
3 3078 3076 3079
3 3081 3080 3077
3 3080 2841 3077
3 3080 2846 2841
3 3078 3079 3082
3 3082 3079 3083
3 3080 2850 2846
3 3084 2850 3080
3 3082 3083 3085
3 3085 3083 3086
3 3088 2853 3087
3 2853 3084 3087
3 2853 2850 3084
3 3085 3086 3089
3 3089 3086 3090
3 3092 3091 3088
3 3091 2853 3088
3 3091 2856 2853
3 3089 3090 3093
3 3093 3090 3094
3 3091 2860 2856
3 3095 2860 3091
3 3097 3096 2862
3 2862 3096 2857
3 3096 3098 2857
3 3098 3099 2857
3 3099 3098 3100
3 3100 3098 3101
3 3100 3101 3094
3 3094 3101 3102
3 3094 3102 3093
3 3095 2865 2860
3 3103 2865 3095
3 2868 3105 3104
3 3106 2868 3104
3 2872 2868 3106
3 2872 3107 2873
3 3106 3107 2872
3 2861 2873 3097
3 2873 3108 3097
3 2873 3107 3108
3 3097 3108 3096
3 2874 2865 3109
3 2865 3110 3109
3 2865 3103 3110
3 3112 3111 2878
3 3112 2878 2876
3 2878 3113 2879
3 3111 3113 2878
3 2879 3114 2880
3 3113 3114 2879
3 2880 3115 2881
3 3114 3115 2880
3 2881 3116 2882
3 3115 3116 2881
3 2882 3117 2883
3 3116 3117 2882
3 2866 2883 3105
3 2883 3118 3105
3 2883 3117 3118
3 3105 3118 3104
3 3109 3110 2885
3 3110 2884 2885
3 3110 3119 2884
3 3121 3120 2886
3 3121 2886 2887
3 2886 3122 2888
3 3120 3122 2886
3 2888 3123 2889
3 3122 3123 2888
3 2889 3124 2890
3 3123 3124 2889
3 2890 3125 2891
3 3124 3125 2890
3 2891 3126 2892
3 3125 3126 2891
3 2892 3127 2893
3 3126 3127 2892
3 2893 3128 2894
3 3127 3128 2893
3 2894 3129 2895
3 3128 3129 2894
3 2895 3130 2896
3 3129 3130 2895
3 2896 3131 2897
3 3130 3131 2896
3 2897 3132 2898
3 3131 3132 2897
3 2898 3133 2899
3 3132 3133 2898
3 2899 3134 2900
3 3133 3134 2899
3 2900 3135 2901
3 3134 3135 2900
3 2876 2901 3112
3 3112 2901 3135
3 3119 2902 2884
3 3136 2902 3119
3 2903 3121 2887
3 2903 3137 3121
3 3140 3139 3138
3 3138 3141 3140
3 3144 3143 3142
3 3142 3145 3144
3 3146 2904 2905
3 3147 3146 2905
3 2902 3147 2905
3 3136 3147 2902
3 2907 3137 2903
3 2907 3148 3137
3 3151 3150 3149
3 3149 2908 3151
3 2908 2909 3151
3 3153 3152 3151
3 3153 3151 2909
3 2910 3154 2909
3 2909 3154 3153
3 3154 2910 3155
3 2910 3156 3155
3 2910 2912 3156
3 3157 2912 2914
3 3157 3156 2912
3 3158 2914 2915
3 3158 3157 2914
3 3159 2915 2917
3 3159 3158 2915
3 3160 2917 2918
3 3160 3159 2917
3 3161 2918 2919
3 3161 3160 2918
3 2920 3138 3139
3 3161 2920 3139
3 2919 2920 3161
3 3162 3141 3138
3 2920 3162 3138
3 2921 3162 2920
3 2922 3142 3143
3 3162 2922 3143
3 2921 2922 3162
3 3163 3145 3142
3 2922 3163 3142
3 2923 3163 2922
3 3164 2923 2924
3 3164 3163 2923
3 2924 2904 3146
3 3165 2924 3146
3 3164 2924 3165
3 3165 3146 3147
3 3166 2926 2925
3 3166 3167 2926
3 3168 2925 2927
3 3168 3166 2925
3 3169 2927 2928
3 3169 3168 2927
3 3170 2928 2929
3 3170 3169 2928
3 3171 2929 2930
3 3171 3170 2929
3 3172 2930 2931
3 3172 3171 2930
3 3173 2931 2932
3 3173 3172 2931
3 3174 2932 2933
3 3174 3173 2932
3 3175 2933 2934
3 3175 3174 2933
3 3176 2934 2935
3 3176 3175 2934
3 3177 2935 2936
3 3177 3176 2935
3 3178 2936 2937
3 3178 3177 2936
3 2938 3149 3150
3 3178 2938 3150
3 2937 2938 3178
3 3153 3179 3152
3 2908 3149 2938
3 3179 3153 3154
3 3179 3154 3180
3 3180 3154 3155
3 2940 3181 2939
3 2939 3181 3182
3 3183 2939 3182
3 2941 2939 3183
3 2941 3184 2942
3 3183 3184 2941
3 2943 2942 3184
3 2943 3184 3185
3 2946 3186 2945
3 3186 2947 2945
3 3182 3181 3187
3 3187 3181 3188
3 3185 2951 2943
3 3189 2951 3185
3 3191 3188 3190
3 3188 3192 3190
3 3188 3193 3192
3 3188 3191 3187
3 2955 2951 3194
3 2951 3195 3194
3 2951 3189 3195
3 3190 3192 3196
3 3196 3192 3197
3 3200 3199 3198
3 3203 3202 3201
3 3204 3201 3202
3 3206 3205 3199
3 3198 3199 3205
3 3204 3207 3197
3 3207 3204 3202
3 3208 3197 3207
3 3197 3208 3196
3 3209 3196 3208
3 3196 3209 3206
3 3205 3206 3209
3 3211 3210 3208
3 3208 3210 3209
3 3213 3212 3211
3 3211 3212 3210
3 3216 3215 3214
3 3215 3217 3214
3 3215 3218 3217
3 3215 3216 3219
3 3219 3216 3220
3 2990 2991 3221
3 3220 3222 3219
3 3223 3219 3222
3 2992 3224 2983
3 3224 2992 2993
3 3224 2993 3225
3 3228 3227 3226
3 3229 2997 3221
3 3221 2997 2990
3 3231 3230 2998
3 3231 2998 2999
3 2998 3232 3000
3 3230 3232 2998
3 3000 3233 3001
3 3232 3233 3000
3 3001 3234 3002
3 3233 3234 3001
3 3002 3235 3003
3 3234 3235 3002
3 3003 3236 3004
3 3235 3236 3003
3 3004 3237 3005
3 3236 3237 3004
3 3005 3238 3006
3 3237 3238 3005
3 3006 3239 3007
3 3238 3239 3006
3 3007 3240 3008
3 3239 3240 3007
3 3008 3241 3009
3 3240 3241 3008
3 3009 3242 3010
3 3241 3242 3009
3 3010 3243 3011
3 3242 3243 3010
3 3011 3244 3012
3 3243 3244 3011
3 3012 3245 3013
3 3244 3245 3012
3 3013 3246 3014
3 3245 3246 3013
3 3014 3247 3015
3 3246 3247 3014
3 3249 3248 3016
3 3015 3249 3016
3 3247 3249 3015
3 3250 3248 3249
3 3022 3228 2996
3 3251 3227 3228
3 3022 3251 3228
3 3023 3251 3022
3 3023 2997 3229
3 3252 3023 3229
3 3251 3023 3252
3 3255 3254 3253
3 3254 3231 3253
3 3231 3024 3253
3 3231 2999 3024
3 3248 3025 3016
3 3250 3256 3248
3 3256 3025 3248
3 3256 3026 3025
3 3026 3257 3027
3 3256 3257 3026
3 3027 3258 3028
3 3257 3258 3027
3 3028 3259 3029
3 3258 3259 3028
3 3029 3260 3030
3 3259 3260 3029
3 3260 3262 3261
3 3031 3260 3261
3 3030 3260 3031
3 3031 3261 3263
3 3264 3031 3263
3 3032 3031 3264
3 3032 3265 3033
3 3264 3265 3032
3 3033 3266 3034
3 3265 3266 3033
3 3266 3268 3267
3 3035 3266 3267
3 3034 3266 3035
3 3267 3036 3035
3 3270 3253 3269
3 3253 3024 3269
3 3038 3271 3269
3 3038 3269 3024
3 3262 3272 3261
3 3261 3272 3263
3 3268 3273 3267
3 3036 3267 3273
3 3274 3036 3273
3 3040 3036 3274
3 3277 3276 3275
3 3276 3041 3275
3 3276 3278 3041
3 3042 3275 3041
3 3043 3040 3279
3 3040 3280 3279
3 3040 3274 3280
3 3283 3282 3281
3 3280 3284 3279
3 3046 3047 3285
3 3285 3047 3286
3 3289 3288 3287
3 3288 3289 3290
3 3290 3289 3291
3 3292 3059 3057
3 3291 3293 3290
3 3293 3291 3294
3 3059 3292 3063
3 3295 3063 3292
3 3063 3295 3296
3 3293 3296 3295
3 3296 3293 3294
3 3296 3297 3063
3 3297 3298 3063
3 3298 3066 3063
3 3297 3299 3298
3 3071 3300 3070
3 3300 3297 3070
3 3297 3301 3070
3 3297 3300 3299
3 3301 3302 3070
3 3302 3303 3070
3 3303 3074 3070
3 3302 3304 3303
3 3304 3302 3305
3 3302 3306 3305
3 3302 3307 3306
3 3309 3081 3308
3 3309 3308 3310
3 3309 3310 3311
3 3309 3311 3306
3 3309 3306 3307
3 3309 3307 3312
3 3309 3312 3080
3 3309 3080 3081
3 3313 3310 3308
3 3084 3080 3314
3 3312 3314 3080
3 3315 3087 3084
3 3314 3315 3084
3 3316 3315 3314
3 3319 3318 3317
3 3315 3091 3092
3 3091 3315 3320
3 3316 3320 3315
3 3319 3317 3321
3 3322 3319 3321
3 3323 3322 3321
3 3320 3323 3321
3 3091 3320 3321
3 3095 3091 3321
3 3324 3095 3321
3 3317 3324 3321
3 3098 3326 3325
3 3327 3098 3325
3 3101 3098 3327
3 3101 3328 3102
3 3327 3328 3101
3 3093 3102 3323
3 3102 3329 3323
3 3102 3328 3329
3 3323 3329 3322
3 3331 3324 3330
3 3324 3331 3095
3 3103 3095 3331
3 3333 3332 3106
3 3333 3106 3104
3 3106 3334 3107
3 3332 3334 3106
3 3107 3335 3108
3 3334 3335 3107
3 3096 3108 3326
3 3108 3336 3326
3 3108 3335 3336
3 3326 3336 3325
3 3331 3110 3103
3 3337 3110 3331
3 3113 3339 3338
3 3340 3113 3338
3 3114 3113 3340
3 3114 3341 3115
3 3340 3341 3114
3 3115 3342 3116
3 3341 3342 3115
3 3116 3343 3117
3 3342 3343 3116
3 3117 3344 3118
3 3343 3344 3117
3 3104 3118 3333
3 3333 3118 3344
3 3346 3119 3345
3 3119 3337 3345
3 3119 3110 3337
3 3348 3347 3120
3 3348 3120 3121
3 3120 3349 3122
3 3347 3349 3120
3 3122 3350 3123
3 3349 3350 3122
3 3123 3351 3124
3 3350 3351 3123
3 3124 3352 3125
3 3351 3352 3124
3 3125 3353 3126
3 3352 3353 3125
3 3126 3354 3127
3 3353 3354 3126
3 3127 3355 3128
3 3354 3355 3127
3 3128 3356 3129
3 3355 3356 3128
3 3129 3357 3130
3 3356 3357 3129
3 3130 3358 3131
3 3357 3358 3130
3 3131 3359 3132
3 3358 3359 3131
3 3132 3360 3133
3 3359 3360 3132
3 3133 3361 3134
3 3360 3361 3133
3 3134 3362 3135
3 3361 3362 3134
3 3112 3135 3363
3 3135 3364 3363
3 3135 3362 3364
3 3363 3364 3339
3 3339 3364 3365
3 3339 3365 3338
3 3368 3367 3366
3 3369 3368 3346
3 3368 3136 3346
3 3136 3119 3346
3 3368 3366 3136
3 3372 3371 3370
3 3374 3373 3140
3 3140 3373 3139
3 3140 3141 3374
3 3374 3141 3375
3 3376 3143 3144
3 3145 3376 3144
3 3379 3378 3377
3 3379 3377 3367
3 3377 3366 3367
3 3377 3380 3366
3 3380 3147 3136
3 3380 3136 3366
3 3371 3372 3381
3 3381 3372 3382
3 3383 3150 3151
3 3152 3383 3151
3 3385 3384 3156
3 3156 3384 3155
3 3386 3156 3157
3 3386 3385 3156
3 3387 3157 3158
3 3387 3386 3157
3 3388 3158 3159
3 3388 3387 3158
3 3389 3159 3160
3 3389 3388 3159
3 3390 3160 3161
3 3390 3389 3160
3 3161 3139 3373
3 3161 3373 3390
3 3391 3375 3141
3 3391 3141 3162
3 3162 3143 3376
3 3392 3162 3376
3 3391 3162 3392
3 3392 3376 3145
3 3163 3392 3145
3 3393 3392 3163
3 3164 3377 3378
3 3393 3164 3378
3 3163 3164 3393
3 3377 3164 3165
3 3377 3165 3380
3 3380 3165 3147
3 3394 3167 3166
3 3394 3395 3167
3 3396 3166 3168
3 3396 3394 3166
3 3397 3168 3169
3 3397 3396 3168
3 3398 3169 3170
3 3398 3397 3169
3 3399 3170 3171
3 3399 3398 3170
3 3400 3171 3172
3 3400 3399 3171
3 3401 3172 3173
3 3401 3400 3172
3 3402 3173 3174
3 3402 3401 3173
3 3403 3174 3175
3 3403 3402 3174
3 3404 3175 3176
3 3404 3403 3175
3 3405 3176 3177
3 3405 3404 3176
3 3406 3177 3178
3 3406 3405 3177
3 3178 3150 3383
3 3407 3178 3383
3 3406 3178 3407
3 3407 3383 3152
3 3179 3407 3152
3 3408 3407 3179
3 3409 3179 3180
3 3409 3408 3179
3 3180 3155 3384
3 3180 3384 3409
3 3182 3410 3183
3 3183 3410 3411
3 3412 3183 3411
3 3184 3183 3412
3 3185 3184 3412
3 3185 3412 3413
3 3413 3415 3414
3 3189 3413 3414
3 3185 3413 3189
3 3416 3195 3189
3 3416 3189 3414
3 3417 3222 3220
3 3417 3220 3418
3 3418 3419 3417
3 3418 3420 3419
3 3422 3421 3230
3 3422 3230 3231
3 3230 3423 3232
3 3421 3423 3230
3 3232 3424 3233
3 3423 3424 3232
3 3233 3425 3234
3 3424 3425 3233
3 3234 3426 3235
3 3425 3426 3234
3 3235 3427 3236
3 3426 3427 3235
3 3236 3428 3237
3 3427 3428 3236
3 3237 3429 3238
3 3428 3429 3237
3 3238 3430 3239
3 3429 3430 3238
3 3239 3431 3240
3 3430 3431 3239
3 3240 3432 3241
3 3431 3432 3240
3 3241 3433 3242
3 3432 3433 3241
3 3242 3434 3243
3 3433 3434 3242
3 3243 3435 3244
3 3434 3435 3243
3 3244 3436 3245
3 3435 3436 3244
3 3245 3437 3246
3 3436 3437 3245
3 3246 3438 3247
3 3437 3438 3246
3 3247 3439 3249
3 3438 3439 3247
3 3250 3249 3439
3 3250 3439 3440
3 3251 3420 3227
3 3420 3251 3252
3 3420 3252 3419
3 3442 3441 3254
3 3442 3254 3255
3 3231 3254 3422
3 3422 3254 3441
3 3440 3443 3250
3 3250 3443 3256
3 3256 3444 3257
3 3443 3444 3256
3 3257 3445 3258
3 3444 3445 3257
3 3258 3446 3259
3 3445 3446 3258
3 3259 3447 3260
3 3446 3447 3259
3 3262 3260 3447
3 3262 3447 3448
3 3450 3449 3264
3 3450 3264 3263
3 3264 3451 3265
3 3449 3451 3264
3 3265 3452 3266
3 3451 3452 3265
3 3268 3266 3452
3 3268 3452 3453
3 3270 3269 3454
3 3454 3269 3455
3 3448 3456 3262
3 3262 3456 3272
3 3263 3272 3450
3 3450 3272 3456
3 3453 3457 3268
3 3268 3457 3273
3 3274 3273 3457
3 3274 3457 3458
3 3461 3460 3459
3 3458 3280 3274
3 3462 3280 3458
3 3281 3282 3463
3 3463 3282 3464
3 3284 3280 3465
3 3280 3466 3465
3 3280 3462 3466
3 3285 3286 3467
3 3467 3286 3468
3 3465 3466 3469
3 3469 3466 3470
3 3471 3469 3288
3 3469 3472 3288
3 3472 3287 3288
3 3469 3470 3472
3 3290 3473 3471
3 3290 3471 3288
3 3475 3474 3473
3 3290 3475 3473
3 3293 3475 3290
3 3476 3475 3293
3 3476 3293 3295
3 3299 3477 3298
3 3300 3477 3299
3 3304 3478 3303
3 3305 3478 3304
3 3310 3479 3311
3 3313 3479 3310
3 3319 3480 3318
3 3322 3481 3480
3 3322 3480 3319
3 3483 3482 3327
3 3483 3327 3325
3 3327 3484 3328
3 3482 3484 3327
3 3328 3485 3329
3 3484 3485 3328
3 3486 3331 3330
3 3486 3330 3481
3 3486 3481 3322
3 3486 3322 3329
3 3486 3329 3485
3 3486 3485 3487
3 3486 3487 3488
3 3486 3488 3331
3 3490 3489 3332
3 3490 3332 3333
3 3332 3491 3334
3 3489 3491 3332
3 3334 3492 3335
3 3491 3492 3334
3 3335 3493 3336
3 3492 3493 3335
3 3325 3336 3483
3 3483 3336 3493
3 3494 3337 3488
3 3488 3337 3331
3 3497 3496 3495
3 3340 3338 3495
3 3496 3340 3495
3 3498 3340 3496
3 3340 3499 3341
3 3498 3499 3340
3 3341 3500 3342
3 3499 3500 3341
3 3342 3501 3343
3 3500 3501 3342
3 3343 3502 3344
3 3501 3502 3343
3 3333 3344 3490
3 3490 3344 3502
3 3504 3345 3503
3 3345 3337 3503
3 3503 3337 3494
3 3505 3503 3494
3 3507 3506 3347
3 3507 3347 3348
3 3347 3508 3349
3 3506 3508 3347
3 3349 3509 3350
3 3508 3509 3349
3 3350 3510 3351
3 3509 3510 3350
3 3351 3511 3352
3 3510 3511 3351
3 3352 3512 3353
3 3511 3512 3352
3 3353 3513 3354
3 3512 3513 3353
3 3354 3514 3355
3 3513 3514 3354
3 3355 3515 3356
3 3514 3515 3355
3 3356 3516 3357
3 3515 3516 3356
3 3357 3517 3358
3 3516 3517 3357
3 3358 3518 3359
3 3517 3518 3358
3 3359 3519 3360
3 3518 3519 3359
3 3360 3520 3361
3 3519 3520 3360
3 3361 3521 3362
3 3520 3521 3361
3 3362 3522 3364
3 3521 3522 3362
3 3495 3365 3497
3 3365 3522 3497
3 3365 3364 3522
3 3365 3495 3338
3 3524 3523 3368
3 3368 3523 3367
3 3369 3504 3503
3 3524 3369 3503
3 3368 3369 3524
3 3370 3371 3525
3 3525 3371 3526
3 3528 3527 3374
3 3374 3527 3373
3 3374 3375 3528
3 3528 3375 3529
3 3531 3530 3379
3 3379 3530 3378
3 3379 3367 3523
3 3379 3523 3531
3 3381 3526 3371
3 3381 3532 3526
3 3534 3533 3385
3 3385 3533 3384
3 3535 3385 3386
3 3535 3534 3385
3 3536 3386 3387
3 3536 3535 3386
3 3537 3387 3388
3 3537 3536 3387
3 3538 3388 3389
3 3538 3537 3388
3 3539 3389 3390
3 3539 3538 3389
3 3390 3373 3527
3 3390 3527 3539
3 3540 3529 3375
3 3540 3375 3391
3 3541 3391 3392
3 3541 3540 3391
3 3542 3392 3393
3 3542 3541 3392
3 3393 3378 3530
3 3393 3530 3542
3 3543 3395 3394
3 3543 3544 3395
3 3545 3394 3396
3 3545 3543 3394
3 3546 3396 3397
3 3546 3545 3396
3 3547 3397 3398
3 3547 3546 3397
3 3548 3398 3399
3 3548 3547 3398
3 3549 3399 3400
3 3549 3548 3399
3 3550 3400 3401
3 3550 3549 3400
3 3551 3401 3402
3 3551 3550 3401
3 3552 3402 3403
3 3552 3551 3402
3 3553 3403 3404
3 3553 3552 3403
3 3554 3404 3405
3 3554 3553 3404
3 3555 3405 3406
3 3555 3554 3405
3 3556 3406 3407
3 3556 3555 3406
3 3557 3407 3408
3 3557 3556 3407
3 3558 3408 3409
3 3558 3557 3408
3 3409 3384 3533
3 3409 3533 3558
3 3560 3559 3412
3 3560 3412 3411
3 3413 3412 3559
3 3413 3559 3561
3 3411 3415 3562
3 3563 3411 3562
3 3560 3411 3563
3 3413 3561 3564
3 3562 3413 3564
3 3565 3562 3564
3 3415 3413 3562
3 3568 3567 3566
3 3562 3568 3566
3 3565 3568 3562
3 3567 3568 3569
3 3567 3569 3570
3 3572 3571 3421
3 3572 3421 3422
3 3421 3573 3423
3 3571 3573 3421
3 3423 3574 3424
3 3573 3574 3423
3 3424 3575 3425
3 3574 3575 3424
3 3425 3576 3426
3 3575 3576 3425
3 3426 3577 3427
3 3576 3577 3426
3 3427 3578 3428
3 3577 3578 3427
3 3428 3579 3429
3 3578 3579 3428
3 3429 3580 3430
3 3579 3580 3429
3 3430 3581 3431
3 3580 3581 3430
3 3431 3582 3432
3 3581 3582 3431
3 3432 3583 3433
3 3582 3583 3432
3 3433 3584 3434
3 3583 3584 3433
3 3434 3585 3435
3 3584 3585 3434
3 3435 3586 3436
3 3585 3586 3435
3 3436 3587 3437
3 3586 3587 3436
3 3437 3588 3438
3 3587 3588 3437
3 3438 3589 3439
3 3588 3589 3438
3 3440 3439 3589
3 3440 3589 3590
3 3592 3591 3441
3 3592 3441 3442
3 3422 3441 3572
3 3572 3441 3591
3 3590 3593 3440
3 3440 3593 3443
3 3443 3594 3444
3 3593 3594 3443
3 3444 3595 3445
3 3594 3595 3444
3 3445 3596 3446
3 3595 3596 3445
3 3446 3597 3447
3 3596 3597 3446
3 3448 3447 3597
3 3448 3597 3598
3 3450 3599 3449
3 3449 3599 3600
3 3601 3449 3600
3 3451 3449 3601
3 3451 3602 3452
3 3601 3602 3451
3 3453 3452 3602
3 3453 3602 3603
3 3454 3455 3604
3 3604 3455 3605
3 3598 3606 3448
3 3448 3606 3456
3 3450 3456 3599
3 3456 3607 3599
3 3456 3606 3607
3 3599 3607 3600
3 3603 3608 3453
3 3453 3608 3457
3 3458 3457 3608
3 3458 3608 3609
3 3459 3460 3610
3 3610 3460 3611
3 3613 3462 3612
3 3462 3609 3612
3 3462 3458 3609
3 3463 3464 3614
3 3614 3464 3615
3 3617 3616 3613
3 3616 3462 3613
3 3616 3466 3462
3 3620 3619 3618
3 3616 3470 3466
3 3621 3470 3616
3 3472 3470 3621
3 3472 3621 3622
3 3624 3623 3474
3 3624 3474 3475
3 3625 3624 3475
3 3625 3475 3476
3 3628 3627 3626
3 3628 3626 3629
3 3628 3629 3630
3 3631 3630 3629
3 3634 3633 3632
3 3635 3634 3632
3 3637 3636 3482
3 3637 3482 3483
3 3482 3638 3484
3 3636 3638 3482
3 3484 3639 3485
3 3638 3639 3484
3 3639 3641 3640
3 3487 3639 3640
3 3485 3639 3487
3 3643 3642 3489
3 3643 3489 3490
3 3489 3644 3491
3 3642 3644 3489
3 3491 3645 3492
3 3644 3645 3491
3 3492 3646 3493
3 3645 3646 3492
3 3483 3493 3637
3 3637 3493 3646
3 3640 3641 3647
3 3647 3641 3648
3 3496 3650 3649
3 3651 3496 3649
3 3498 3496 3651
3 3498 3652 3499
3 3651 3652 3498
3 3499 3653 3500
3 3652 3653 3499
3 3500 3654 3501
3 3653 3654 3500
3 3501 3655 3502
3 3654 3655 3501
3 3490 3502 3643
3 3643 3502 3655
3 3647 3648 3505
3 3648 3503 3505
3 3648 3656 3503
3 3658 3657 3506
3 3658 3506 3507
3 3506 3659 3508
3 3657 3659 3506
3 3508 3660 3509
3 3659 3660 3508
3 3509 3661 3510
3 3660 3661 3509
3 3510 3662 3511
3 3661 3662 3510
3 3511 3663 3512
3 3662 3663 3511
3 3512 3664 3513
3 3663 3664 3512
3 3513 3665 3514
3 3664 3665 3513
3 3514 3666 3515
3 3665 3666 3514
3 3515 3667 3516
3 3666 3667 3515
3 3516 3668 3517
3 3667 3668 3516
3 3517 3669 3518
3 3668 3669 3517
3 3518 3670 3519
3 3669 3670 3518
3 3519 3671 3520
3 3670 3671 3519
3 3520 3672 3521
3 3671 3672 3520
3 3521 3673 3522
3 3672 3673 3521
3 3497 3522 3650
3 3522 3674 3650
3 3522 3673 3674
3 3650 3674 3649
3 3676 3675 3524
3 3524 3675 3523
3 3524 3503 3656
3 3524 3656 3676
3 3525 3526 3677
3 3677 3526 3678
3 3679 3527 3528
3 3529 3679 3528
3 3681 3680 3531
3 3531 3680 3530
3 3531 3523 3675
3 3531 3675 3681
3 3684 3683 3682
3 3683 3678 3682
3 3678 3532 3682
3 3678 3526 3532
3 3687 3686 3685
3 3533 3534 3685
3 3534 3687 3685
3 3534 3688 3687
3 3689 3534 3535
3 3689 3688 3534
3 3690 3535 3536
3 3690 3689 3535
3 3691 3536 3537
3 3691 3690 3536
3 3692 3537 3538
3 3692 3691 3537
3 3693 3538 3539
3 3693 3692 3538
3 3539 3527 3679
3 3694 3539 3679
3 3693 3539 3694
3 3694 3679 3529
3 3540 3694 3529
3 3695 3694 3540
3 3696 3540 3541
3 3696 3695 3540
3 3697 3541 3542
3 3697 3696 3541
3 3542 3530 3680
3 3542 3680 3697
3 3698 3544 3543
3 3698 3699 3544
3 3700 3543 3545
3 3700 3698 3543
3 3701 3545 3546
3 3701 3700 3545
3 3702 3546 3547
3 3702 3701 3546
3 3703 3547 3548
3 3703 3702 3547
3 3704 3548 3549
3 3704 3703 3548
3 3705 3549 3550
3 3705 3704 3549
3 3706 3550 3551
3 3706 3705 3550
3 3707 3551 3552
3 3707 3706 3551
3 3708 3552 3553
3 3708 3707 3552
3 3709 3553 3554
3 3709 3708 3553
3 3710 3554 3555
3 3710 3709 3554
3 3711 3555 3556
3 3711 3710 3555
3 3712 3556 3557
3 3712 3711 3556
3 3558 3685 3686
3 3712 3558 3686
3 3557 3558 3712
3 3685 3558 3533
3 3713 3561 3559
3 3713 3714 3561
3 3714 3715 3561
3 3715 3564 3561
3 3714 3716 3715
3 3719 3718 3717
3 3720 3717 3718
3 3721 3717 3720
3 3723 3722 3571
3 3723 3571 3572
3 3571 3724 3573
3 3722 3724 3571
3 3573 3725 3574
3 3724 3725 3573
3 3574 3726 3575
3 3725 3726 3574
3 3575 3727 3576
3 3726 3727 3575
3 3576 3728 3577
3 3727 3728 3576
3 3577 3729 3578
3 3728 3729 3577
3 3578 3730 3579
3 3729 3730 3578
3 3579 3731 3580
3 3730 3731 3579
3 3580 3732 3581
3 3731 3732 3580
3 3581 3733 3582
3 3732 3733 3581
3 3582 3734 3583
3 3733 3734 3582
3 3583 3735 3584
3 3734 3735 3583
3 3584 3736 3585
3 3735 3736 3584
3 3585 3737 3586
3 3736 3737 3585
3 3737 3739 3738
3 3587 3737 3738
3 3586 3737 3587
3 3740 3588 3587
3 3740 3587 3738
3 3741 3589 3588
3 3741 3588 3740
3 3741 3590 3589
3 3743 3742 3591
3 3742 3572 3591
3 3742 3723 3572
3 3739 3744 3738
3 3738 3744 3740
3 3740 3744 3745
3 3740 3745 3741
3 3741 3745 3746
3 3741 3746 3590
3 3746 3593 3590
3 3746 3747 3593
3 3593 3748 3594
3 3747 3748 3593
3 3594 3749 3595
3 3748 3749 3594
3 3595 3750 3596
3 3749 3750 3595
3 3596 3751 3597
3 3750 3751 3596
3 3598 3597 3751
3 3598 3751 3752
3 3755 3754 3753
3 3601 3600 3753
3 3754 3601 3753
3 3756 3601 3754
3 3756 3758 3757
3 3602 3756 3757
3 3601 3756 3602
3 3757 3603 3602
3 3604 3605 3743
3 3605 3742 3743
3 3605 3759 3742
3 3752 3760 3598
3 3598 3760 3606
3 3753 3607 3755
3 3607 3760 3755
3 3607 3606 3760
3 3607 3753 3600
3 3758 3761 3757
3 3757 3761 3603
3 3761 3608 3603
3 3761 3762 3608
3 3609 3608 3762
3 3609 3762 3763
3 3610 3611 3764
3 3764 3611 3765
3 3612 3609 3766
3 3609 3767 3766
3 3609 3763 3767
3 3614 3615 3768
3 3768 3615 3769
3 3770 3616 3617
3 3767 3771 3766
3 3618 3619 3772
3 3772 3619 3773
3 3774 3621 3770
3 3770 3621 3616
3 3775 3622 3621
3 3776 3775 3621
3 3774 3776 3621
3 3775 3776 3777
3 3778 3777 3776
3 3624 3779 3623
3 3625 3779 3624
3 3782 3781 3780
3 3783 3782 3780
3 3628 3784 3627
3 3630 3785 3784
3 3630 3784 3628
3 3785 3630 3631
3 3788 3787 3786
3 3786 3787 3633
3 3634 3786 3633
3 3789 3786 3634
3 3790 3789 3634
3 3790 3634 3635
3 3792 3791 3636
3 3792 3636 3637
3 3636 3793 3638
3 3791 3793 3636
3 3638 3794 3639
3 3793 3794 3638
3 3641 3639 3794
3 3641 3794 3795
3 3642 3797 3796
3 3798 3642 3796
3 3644 3642 3798
3 3644 3799 3645
3 3798 3799 3644
3 3645 3800 3646
3 3799 3800 3645
3 3637 3646 3792
3 3792 3646 3800
3 3795 3648 3641
3 3801 3648 3795
3 3651 3803 3802
3 3804 3651 3802
3 3652 3651 3804
3 3652 3805 3653
3 3804 3805 3652
3 3653 3806 3654
3 3805 3806 3653
3 3654 3807 3655
3 3806 3807 3654
3 3643 3655 3797
3 3655 3808 3797
3 3655 3807 3808
3 3797 3808 3796
3 3801 3656 3648
3 3809 3656 3801
3 3811 3810 3657
3 3811 3657 3658
3 3657 3812 3659
3 3810 3812 3657
3 3659 3813 3660
3 3812 3813 3659
3 3660 3814 3661
3 3813 3814 3660
3 3661 3815 3662
3 3814 3815 3661
3 3662 3816 3663
3 3815 3816 3662
3 3663 3817 3664
3 3816 3817 3663
3 3664 3818 3665
3 3817 3818 3664
3 3665 3819 3666
3 3818 3819 3665
3 3666 3820 3667
3 3819 3820 3666
3 3667 3821 3668
3 3820 3821 3667
3 3668 3822 3669
3 3821 3822 3668
3 3669 3823 3670
3 3822 3823 3669
3 3670 3824 3671
3 3823 3824 3670
3 3671 3825 3672
3 3824 3825 3671
3 3672 3826 3673
3 3825 3826 3672
3 3673 3827 3674
3 3826 3827 3673
3 3649 3674 3803
3 3674 3828 3803
3 3674 3827 3828
3 3803 3828 3802
3 3830 3829 3676
3 3676 3829 3675
3 3676 3656 3809
3 3676 3809 3830
3 3677 3678 3831
3 3831 3678 3832
3 3835 3834 3833
3 3833 3836 3835
3 3839 3838 3837
3 3837 3840 3839
3 3842 3841 3681
3 3681 3841 3680
3 3681 3675 3829
3 3681 3829 3842
3 3844 3843 3683
3 3843 3678 3683
3 3843 3832 3678
3 3845 3686 3687
3 3688 3846 3687
3 3687 3846 3845
3 3846 3688 3847
3 3688 3848 3847
3 3688 3689 3848
3 3849 3689 3690
3 3849 3848 3689
3 3850 3690 3691
3 3850 3849 3690
3 3851 3691 3692
3 3851 3850 3691
3 3852 3692 3693
3 3852 3851 3692
3 3694 3833 3834
3 3852 3694 3834
3 3693 3694 3852
3 3853 3836 3833
3 3694 3853 3833
3 3695 3853 3694
3 3696 3837 3838
3 3853 3696 3838
3 3695 3696 3853
3 3854 3840 3837
3 3696 3854 3837
3 3697 3854 3696
3 3697 3680 3841
3 3697 3841 3854
3 3855 3699 3698
3 3855 3856 3699
3 3857 3698 3700
3 3857 3855 3698
3 3858 3700 3701
3 3858 3857 3700
3 3859 3701 3702
3 3859 3858 3701
3 3860 3702 3703
3 3860 3859 3702
3 3861 3703 3704
3 3861 3860 3703
3 3862 3704 3705
3 3862 3861 3704
3 3863 3705 3706
3 3863 3862 3705
3 3864 3706 3707
3 3864 3863 3706
3 3865 3707 3708
3 3865 3864 3707
3 3866 3708 3709
3 3866 3865 3708
3 3867 3709 3710
3 3867 3866 3709
3 3868 3710 3711
3 3868 3867 3710
3 3869 3711 3712
3 3869 3868 3711
3 3712 3686 3845
3 3870 3712 3845
3 3869 3712 3870
3 3870 3845 3846
3 3870 3846 3871
3 3871 3846 3847
3 3874 3873 3872
3 3875 3872 3873
3 3715 3716 3876
3 3872 3875 3877
3 3878 3876 3716
3 3879 3720 3718
3 3879 3721 3720
3 3881 3880 3722
3 3881 3722 3723
3 3722 3882 3724
3 3880 3882 3722
3 3724 3883 3725
3 3882 3883 3724
3 3725 3884 3726
3 3883 3884 3725
3 3726 3885 3727
3 3884 3885 3726
3 3727 3886 3728
3 3885 3886 3727
3 3728 3887 3729
3 3886 3887 3728
3 3729 3888 3730
3 3887 3888 3729
3 3730 3889 3731
3 3888 3889 3730
3 3731 3890 3732
3 3889 3890 3731
3 3732 3891 3733
3 3890 3891 3732
3 3733 3892 3734
3 3891 3892 3733
3 3734 3893 3735
3 3892 3893 3734
3 3735 3894 3736
3 3893 3894 3735
3 3736 3895 3737
3 3894 3895 3736
3 3739 3737 3895
3 3739 3895 3896
3 3742 3881 3723
3 3742 3897 3881
3 3896 3898 3739
3 3739 3898 3744
3 3744 3899 3745
3 3898 3899 3744
3 3745 3900 3746
3 3899 3900 3745
3 3746 3901 3747
3 3900 3901 3746
3 3747 3902 3748
3 3901 3902 3747
3 3748 3903 3749
3 3902 3903 3748
3 3749 3904 3750
3 3903 3904 3749
3 3750 3905 3751
3 3904 3905 3750
3 3907 3906 3752
3 3751 3907 3752
3 3905 3907 3751
3 3754 3755 3906
3 3907 3754 3906
3 3908 3754 3907
3 3754 3909 3756
3 3908 3909 3754
3 3758 3756 3909
3 3758 3909 3910
3 3759 3897 3742
3 3759 3911 3897
3 3914 3913 3912
3 3906 3760 3752
3 3760 3906 3755
3 3910 3915 3758
3 3758 3915 3761
3 3915 3917 3916
3 3762 3915 3916
3 3761 3915 3762
3 3916 3763 3762
3 3920 3919 3918
3 3919 3764 3918
3 3919 3921 3764
3 3765 3918 3764
3 3917 3922 3916
3 3767 3763 3916
3 3923 3767 3916
3 3922 3923 3916
3 3767 3923 3924
3 3768 3769 3925
3 3925 3769 3926
3 3771 3767 3924
3 3929 3928 3927
3 3932 3931 3930
3 3931 3772 3930
3 3931 3933 3772
3 3773 3930 3772
3 3929 3934 3928
3 3936 3935 3777
3 3935 3775 3777
3 3935 3937 3775
3 3778 3936 3777
3 3940 3939 3938
3 3940 3938 3781
3 3782 3940 3781
3 3941 3940 3782
3 3942 3941 3782
3 3942 3782 3783
3 3945 3944 3943
3 3945 3943 3946
3 3945 3946 3947
3 3947 3949 3948
3 3947 3786 3949
3 3947 3946 3788
3 3786 3947 3788
3 3951 3950 3949
3 3786 3951 3949
3 3789 3951 3786
3 3789 3790 3952
3 3953 3789 3952
3 3951 3789 3953
3 3953 3952 3954
3 3953 3954 3955
3 3957 3956 3791
3 3957 3791 3792
3 3791 3958 3793
3 3956 3958 3791
3 3793 3959 3794
3 3958 3959 3793
3 3959 3955 3794
3 3954 3794 3955
3 3794 3954 3795
3 3960 3795 3954
3 3795 3960 3961
3 3963 3962 3798
3 3963 3798 3796
3 3798 3964 3799
3 3962 3964 3798
3 3799 3965 3800
3 3964 3965 3799
3 3792 3800 3957
3 3957 3800 3965
3 3967 3801 3966
3 3801 3961 3966
3 3801 3795 3961
3 3969 3968 3804
3 3969 3804 3802
3 3804 3970 3805
3 3968 3970 3804
3 3805 3971 3806
3 3970 3971 3805
3 3806 3972 3807
3 3971 3972 3806
3 3807 3973 3808
3 3972 3973 3807
3 3796 3808 3963
3 3963 3808 3973
3 3974 3809 3967
3 3967 3809 3801
3 3976 3975 3810
3 3976 3810 3811
3 3810 3977 3812
3 3975 3977 3810
3 3812 3978 3813
3 3977 3978 3812
3 3813 3979 3814
3 3978 3979 3813
3 3814 3980 3815
3 3979 3980 3814
3 3815 3981 3816
3 3980 3981 3815
3 3816 3982 3817
3 3981 3982 3816
3 3817 3983 3818
3 3982 3983 3817
3 3818 3984 3819
3 3983 3984 3818
3 3819 3985 3820
3 3984 3985 3819
3 3820 3986 3821
3 3985 3986 3820
3 3821 3987 3822
3 3986 3987 3821
3 3822 3988 3823
3 3987 3988 3822
3 3823 3989 3824
3 3988 3989 3823
3 3824 3990 3825
3 3989 3990 3824
3 3825 3991 3826
3 3990 3991 3825
3 3826 3992 3827
3 3991 3992 3826
3 3827 3993 3828
3 3992 3993 3827
3 3802 3828 3969
3 3969 3828 3993
3 3995 3994 3830
3 3830 3994 3829
3 3830 3809 3974
3 3996 3830 3974
3 3995 3830 3996
3 3831 3832 3997
3 3997 3832 3998
3 4000 3999 3835
3 3835 3999 3834
3 4002 4001 3836
3 4001 3835 3836
3 4001 4000 3835
3 3838 3839 4002
3 3839 4001 4002
3 3839 4003 4001
3 3839 3840 4003
3 4003 3840 4004
3 4006 4005 3842
3 3842 4005 3841
3 3842 3829 3994
3 3842 3994 4006
3 4009 4008 4007
3 4008 3998 4007
3 3998 3843 4007
3 3998 3832 3843
3 4012 4011 4010
3 3847 3848 4010
3 3848 4012 4010
3 3848 4013 4012
3 4014 3848 3849
3 4014 4013 3848
3 4015 3849 3850
3 4015 4014 3849
3 4016 3850 3851
3 4016 4015 3850
3 4017 3851 3852
3 4017 4016 3851
3 3852 3834 3999
3 3852 3999 4017
3 3853 4002 3836
3 4002 3853 3838
3 4018 4004 3840
3 4018 3840 3854
3 3854 3841 4005
3 3854 4005 4018
3 4019 3856 3855
3 4019 4020 3856
3 4021 3855 3857
3 4021 4019 3855
3 4022 3857 3858
3 4022 4021 3857
3 4023 3858 3859
3 4023 4022 3858
3 4024 3859 3860
3 4024 4023 3859
3 4025 3860 3861
3 4025 4024 3860
3 4026 3861 3862
3 4026 4025 3861
3 4027 3862 3863
3 4027 4026 3862
3 4028 3863 3864
3 4028 4027 3863
3 4029 3864 3865
3 4029 4028 3864
3 4030 3865 3866
3 4030 4029 3865
3 4031 3866 3867
3 4031 4030 3866
3 4032 3867 3868
3 4032 4031 3867
3 4033 3868 3869
3 4033 4032 3868
3 4034 3869 3870
3 4034 4033 3869
3 3871 4010 4011
3 4034 3871 4011
3 3870 3871 4034
3 4010 3871 3847
3 4035 3875 3873
3 4035 3877 3875
3 4038 4037 4036
3 4038 4036 4039
3 4038 4039 4040
3 4043 4042 4041
3 4043 4041 4044
3 4043 4044 4045
3 4041 4047 4046
3 4041 4046 4044
3 4049 4048 3880
3 4049 3880 3881
3 3880 4050 3882
3 4048 4050 3880
3 3882 4051 3883
3 4050 4051 3882
3 3883 4052 3884
3 4051 4052 3883
3 3884 4053 3885
3 4052 4053 3884
3 3885 4054 3886
3 4053 4054 3885
3 3886 4055 3887
3 4054 4055 3886
3 3887 4056 3888
3 4055 4056 3887
3 3888 4057 3889
3 4056 4057 3888
3 3889 4058 3890
3 4057 4058 3889
3 3890 4059 3891
3 4058 4059 3890
3 3891 4060 3892
3 4059 4060 3891
3 3892 4061 3893
3 4060 4061 3892
3 3893 4062 3894
3 4061 4062 3893
3 3894 4063 3895
3 4062 4063 3894
3 4065 4064 3896
3 3895 4065 3896
3 4063 4065 3895
3 4066 4064 4065
3 4067 4045 4044
3 4067 4044 4046
3 3897 4049 3881
3 3897 4068 4049
3 4064 3898 3896
3 4066 4069 4064
3 4069 3898 4064
3 4069 3899 3898
3 3899 4070 3900
3 4069 4070 3899
3 3900 4071 3901
3 4070 4071 3900
3 3901 4072 3902
3 4071 4072 3901
3 3902 4073 3903
3 4072 4073 3902
3 3903 4074 3904
3 4073 4074 3903
3 3904 4075 3905
3 4074 4075 3904
3 3905 4076 3907
3 4075 4076 3905
3 3907 4077 3908
3 4076 4077 3907
3 3908 4078 3909
3 4077 4078 3908
3 3910 3909 4078
3 3910 4078 4079
3 3911 4068 3897
3 3911 4080 4068
3 4083 4082 4081
3 3912 4084 4081
3 4081 4084 4083
3 3913 4084 3912
3 4087 4086 4085
3 4079 4088 3910
3 3910 4088 3915
3 3917 3915 4088
3 3917 4088 4089
3 3919 3920 4090
3 4090 3920 4091
3 4089 4092 3917
3 3917 4092 3922
3 4092 4094 4093
3 3923 4092 4093
3 3922 4092 3923
3 3925 3926 4095
3 4095 3926 4096
3 4093 4094 3927
3 4094 3929 3927
3 4094 4097 3929
3 3931 3932 4098
3 4098 3932 4099
3 4097 4100 3929
3 3929 4100 3934
3 4101 3937 3935
3 4101 4102 3937
3 4104 4103 3939
3 4104 3939 3940
3 3941 4106 4105
3 4104 3941 4105
3 3940 3941 4104
3 3942 4106 3941
3 3945 4107 3944
3 3947 4108 4107
3 3947 4107 3945
3 3948 4108 3947
3 3951 4109 3950
3 4111 4110 4109
3 3951 4111 4109
3 3953 4111 3951
3 3955 4113 4112
3 4111 3955 4112
3 3953 3955 4111
3 4115 4114 3956
3 4115 3956 3957
3 3956 4116 3958
3 4114 4116 3956
3 3958 4117 3959
3 4116 4117 3958
3 4117 3955 3959
3 3955 4117 4113
3 4118 4113 4117
3 4113 4118 3960
3 3961 3960 4118
3 4120 4119 3962
3 4120 3962 3963
3 3962 4121 3964
3 4119 4121 3962
3 3964 4122 3965
3 4121 4122 3964
3 3957 3965 4115
3 4115 3965 4122
3 3966 3961 4123
3 3961 4124 4123
3 3961 4118 4124
3 4126 4125 3968
3 4126 3968 3969
3 3968 4127 3970
3 4125 4127 3968
3 3970 4128 3971
3 4127 4128 3970
3 3971 4129 3972
3 4128 4129 3971
3 3972 4130 3973
3 4129 4130 3972
3 3963 3973 4120
3 4120 3973 4130
3 4123 4124 4131
3 4131 4124 4132
3 4134 4133 3975
3 4134 3975 3976
3 3975 4135 3977
3 4133 4135 3975
3 3977 4136 3978
3 4135 4136 3977
3 3978 4137 3979
3 4136 4137 3978
3 3979 4138 3980
3 4137 4138 3979
3 3980 4139 3981
3 4138 4139 3980
3 3981 4140 3982
3 4139 4140 3981
3 3982 4141 3983
3 4140 4141 3982
3 3983 4142 3984
3 4141 4142 3983
3 3984 4143 3985
3 4142 4143 3984
3 3985 4144 3986
3 4143 4144 3985
3 3986 4145 3987
3 4144 4145 3986
3 3987 4146 3988
3 4145 4146 3987
3 3988 4147 3989
3 4146 4147 3988
3 3989 4148 3990
3 4147 4148 3989
3 3990 4149 3991
3 4148 4149 3990
3 3991 4150 3992
3 4149 4150 3991
3 3992 4151 3993
3 4150 4151 3992
3 3969 3993 4126
3 4126 3993 4151
3 4153 4152 3995
3 3995 4152 3994
3 3996 4131 4132
3 4153 3996 4132
3 3995 3996 4153
3 3997 3998 4154
3 4154 3998 4155
3 4157 4156 4000
3 4000 4156 3999
3 4158 4000 4001
3 4158 4157 4000
3 4160 4158 4159
3 4158 4003 4159
3 4158 4001 4003
3 4004 4159 4003
3 4162 4161 4006
3 4006 4161 4005
3 4006 3994 4152
3 4006 4152 4162
3 4164 4163 4008
3 4163 3998 4008
3 4163 4155 3998
3 4167 4166 4165
3 4011 4012 4165
3 4012 4167 4165
3 4012 4168 4167
3 4169 4012 4013
3 4169 4168 4012
3 4170 4013 4014
3 4170 4169 4013
3 4171 4014 4015
3 4171 4170 4014
3 4172 4015 4016
3 4172 4171 4015
3 4173 4016 4017
3 4173 4172 4016
3 4017 3999 4156
3 4017 4156 4173
3 4174 4160 4159
3 4174 4159 4004
3 4018 4174 4004
3 4175 4174 4018
3 4018 4005 4161
3 4018 4161 4175
3 4176 4020 4019
3 4176 4177 4020
3 4178 4019 4021
3 4178 4176 4019
3 4179 4021 4022
3 4179 4178 4021
3 4180 4022 4023
3 4180 4179 4022
3 4181 4023 4024
3 4181 4180 4023
3 4182 4024 4025
3 4182 4181 4024
3 4183 4025 4026
3 4183 4182 4025
3 4184 4026 4027
3 4184 4183 4026
3 4185 4027 4028
3 4185 4184 4027
3 4186 4028 4029
3 4186 4185 4028
3 4187 4029 4030
3 4187 4186 4029
3 4188 4030 4031
3 4188 4187 4030
3 4189 4031 4032
3 4189 4188 4031
3 4190 4032 4033
3 4190 4189 4032
3 4034 4165 4166
3 4190 4034 4166
3 4033 4034 4190
3 4165 4034 4011
3 4193 4192 4191
3 4193 4191 4037
3 4038 4193 4037
3 4194 4193 4038
3 4195 4047 4042
3 4196 4046 4047
3 4196 4047 4195
3 4198 4197 4048
3 4198 4048 4049
3 4048 4199 4050
3 4197 4199 4048
3 4050 4200 4051
3 4199 4200 4050
3 4051 4201 4052
3 4200 4201 4051
3 4052 4202 4053
3 4201 4202 4052
3 4053 4203 4054
3 4202 4203 4053
3 4054 4204 4055
3 4203 4204 4054
3 4055 4205 4056
3 4204 4205 4055
3 4056 4206 4057
3 4205 4206 4056
3 4057 4207 4058
3 4206 4207 4057
3 4058 4208 4059
3 4207 4208 4058
3 4059 4209 4060
3 4208 4209 4059
3 4060 4210 4061
3 4209 4210 4060
3 4210 4212 4211
3 4062 4210 4211
3 4061 4210 4062
3 4213 4063 4062
3 4213 4062 4211
3 4214 4065 4063
3 4214 4063 4213
3 4214 4066 4065
3 4067 4196 4045
3 4196 4067 4046
3 4217 4216 4215
3 4216 4198 4215
3 4198 4068 4215
3 4198 4049 4068
3 4212 4218 4211
3 4211 4218 4213
3 4213 4218 4219
3 4213 4219 4214
3 4214 4219 4220
3 4214 4220 4066
3 4220 4069 4066
3 4220 4221 4069
3 4069 4222 4070
3 4221 4222 4069
3 4070 4223 4071
3 4222 4223 4070
3 4071 4224 4072
3 4223 4224 4071
3 4072 4225 4073
3 4224 4225 4072
3 4225 4227 4226
3 4074 4225 4226
3 4073 4225 4074
3 4074 4226 4228
3 4229 4074 4228
3 4075 4074 4229
3 4075 4230 4076
3 4229 4230 4075
3 4076 4231 4077
3 4230 4231 4076
3 4077 4232 4078
3 4231 4232 4077
3 4079 4078 4232
3 4079 4232 4233
3 4215 4068 4234
3 4068 4235 4234
3 4068 4080 4235
3 4237 4236 4085
3 4086 4237 4085
3 4227 4238 4226
3 4226 4238 4228
3 4233 4239 4079
3 4079 4239 4088
3 4089 4088 4239
3 4089 4239 4240
3 4090 4091 4241
3 4241 4091 4242
3 4240 4243 4089
3 4089 4243 4092
3 4094 4092 4243
3 4094 4243 4244
3 4247 4246 4245
3 4246 4095 4245
3 4246 4248 4095
3 4096 4245 4095
3 4244 4097 4094
3 4249 4097 4244
3 4098 4099 4250
3 4250 4099 4251
3 4249 4252 4097
3 4097 4252 4100
3 4255 4254 4253
3 4254 4101 4253
3 4254 4102 4101
3 4256 4255 4253
3 4259 4258 4257
3 4260 4259 4257
3 4262 4261 4103
3 4262 4103 4104
3 4263 4262 4104
3 4263 4104 4105
3 4266 4265 4264
3 4267 4266 4264
3 4270 4269 4268
3 4270 4268 4271
3 4270 4271 4272
3 4272 4271 4273
3 4272 4273 4274
3 4110 4111 4275
3 4273 4276 4274
3 4112 4275 4111
3 4278 4277 4114
3 4278 4114 4115
3 4114 4279 4116
3 4277 4279 4114
3 4116 4280 4117
3 4279 4280 4116
3 4282 4281 4118
3 4117 4282 4118
3 4280 4282 4117
3 4284 4283 4119
3 4284 4119 4120
3 4119 4285 4121
3 4283 4285 4119
3 4121 4286 4122
3 4285 4286 4121
3 4115 4122 4278
3 4278 4122 4286
3 4288 4287 4281
3 4287 4118 4281
3 4287 4124 4118
3 4290 4289 4125
3 4290 4125 4126
3 4125 4291 4127
3 4289 4291 4125
3 4127 4292 4128
3 4291 4292 4127
3 4128 4293 4129
3 4292 4293 4128
3 4129 4294 4130
3 4293 4294 4129
3 4120 4130 4284
3 4284 4130 4294
3 4287 4132 4124
3 4295 4132 4287
3 4297 4296 4133
3 4297 4133 4134
3 4133 4298 4135
3 4296 4298 4133
3 4135 4299 4136
3 4298 4299 4135
3 4136 4300 4137
3 4299 4300 4136
3 4137 4301 4138
3 4300 4301 4137
3 4138 4302 4139
3 4301 4302 4138
3 4139 4303 4140
3 4302 4303 4139
3 4140 4304 4141
3 4303 4304 4140
3 4141 4305 4142
3 4304 4305 4141
3 4142 4306 4143
3 4305 4306 4142
3 4143 4307 4144
3 4306 4307 4143
3 4144 4308 4145
3 4307 4308 4144
3 4145 4309 4146
3 4308 4309 4145
3 4146 4310 4147
3 4309 4310 4146
3 4147 4311 4148
3 4310 4311 4147
3 4148 4312 4149
3 4311 4312 4148
3 4149 4313 4150
3 4312 4313 4149
3 4150 4314 4151
3 4313 4314 4150
3 4126 4151 4290
3 4290 4151 4314
3 4316 4315 4153
3 4153 4315 4152
3 4153 4132 4295
3 4153 4295 4316
3 4154 4155 4317
3 4317 4155 4318
3 4320 4319 4157
3 4157 4319 4156
3 4321 4157 4158
3 4321 4320 4157
3 4323 4322 4160
3 4322 4158 4160
3 4322 4321 4158
3 4323 4324 4322
3 4326 4325 4162
3 4162 4325 4161
3 4162 4152 4315
3 4162 4315 4326
3 4329 4328 4327
3 4328 4318 4327
3 4318 4163 4327
3 4318 4155 4163
3 4330 4166 4167
3 4330 4167 4331
3 4167 4332 4331
3 4167 4168 4332
3 4333 4168 4169
3 4333 4332 4168
3 4334 4169 4170
3 4334 4333 4169
3 4335 4170 4171
3 4335 4334 4170
3 4336 4171 4172
3 4336 4335 4171
3 4337 4172 4173
3 4337 4336 4172
3 4173 4156 4319
3 4173 4319 4337
3 4174 4323 4160
3 4338 4324 4323
3 4174 4338 4323
3 4175 4338 4174
3 4175 4161 4325
3 4175 4325 4338
3 4339 4177 4176
3 4339 4340 4177
3 4341 4176 4178
3 4341 4339 4176
3 4342 4178 4179
3 4342 4341 4178
3 4343 4179 4180
3 4343 4342 4179
3 4344 4180 4181
3 4344 4343 4180
3 4345 4181 4182
3 4345 4344 4181
3 4346 4182 4183
3 4346 4345 4182
3 4347 4183 4184
3 4347 4346 4183
3 4348 4184 4185
3 4348 4347 4184
3 4349 4185 4186
3 4349 4348 4185
3 4350 4186 4187
3 4350 4349 4186
3 4351 4187 4188
3 4351 4350 4187
3 4352 4188 4189
3 4352 4351 4188
3 4353 4189 4190
3 4353 4352 4189
3 4190 4166 4330
3 4354 4190 4330
3 4353 4190 4354
3 4354 4330 4331
3 4357 4356 4355
3 4358 4355 4356
3 4360 4359 4197
3 4360 4197 4198
3 4197 4361 4199
3 4359 4361 4197
3 4199 4362 4200
3 4361 4362 4199
3 4200 4363 4201
3 4362 4363 4200
3 4201 4364 4202
3 4363 4364 4201
3 4202 4365 4203
3 4364 4365 4202
3 4203 4366 4204
3 4365 4366 4203
3 4204 4367 4205
3 4366 4367 4204
3 4205 4368 4206
3 4367 4368 4205
3 4206 4369 4207
3 4368 4369 4206
3 4207 4370 4208
3 4369 4370 4207
3 4208 4371 4209
3 4370 4371 4208
3 4209 4372 4210
3 4371 4372 4209
3 4374 4373 4212
3 4210 4374 4212
3 4372 4374 4210
3 4375 4373 4374
3 4377 4376 4216
3 4377 4216 4217
3 4198 4216 4360
3 4360 4216 4376
3 4373 4218 4212
3 4375 4378 4373
3 4378 4218 4373
3 4378 4219 4218
3 4219 4379 4220
3 4378 4379 4219
3 4220 4380 4221
3 4379 4380 4220
3 4221 4381 4222
3 4380 4381 4221
3 4222 4382 4223
3 4381 4382 4222
3 4223 4383 4224
3 4382 4383 4223
3 4224 4384 4225
3 4383 4384 4224
3 4227 4225 4384
3 4227 4384 4385
3 4228 4386 4229
3 4229 4386 4387
3 4388 4229 4387
3 4230 4229 4388
3 4230 4389 4231
3 4388 4389 4230
3 4389 4391 4390
3 4232 4389 4390
3 4231 4389 4232
3 4390 4233 4232
3 4234 4235 4392
3 4392 4235 4393
3 4385 4394 4227
3 4227 4394 4238
3 4228 4238 4386
3 4238 4395 4386
3 4238 4394 4395
3 4386 4395 4387
3 4391 4396 4390
3 4390 4396 4233
3 4396 4239 4233
3 4396 4397 4239
3 4240 4239 4397
3 4240 4397 4398
3 4401 4400 4399
3 4400 4241 4399
3 4400 4402 4241
3 4242 4399 4241
3 4398 4403 4240
3 4240 4403 4243
3 4244 4243 4403
3 4244 4403 4404
3 4246 4247 4405
3 4405 4247 4406
3 4404 4249 4244
3 4407 4249 4404
3 4250 4251 4408
3 4408 4251 4409
3 4407 4410 4249
3 4249 4410 4252
3 4254 4255 4411
3 4411 4255 4412
3 4255 4256 4413
3 4414 4255 4413
3 4412 4255 4414
3 4414 4416 4415
3 4414 4259 4416
3 4414 4413 4258
3 4259 4414 4258
3 4260 4416 4259
3 4262 4417 4261
3 4417 4262 4263
3 4420 4419 4418
3 4418 4422 4421
3 4418 4266 4422
3 4418 4419 4265
3 4266 4418 4265
3 4424 4267 4423
3 4424 4266 4267
3 4422 4266 4424
3 4422 4424 4425
3 4424 4423 4269
3 4270 4424 4269
3 4426 4424 4270
3 4272 4426 4270
3 4272 4427 4426
3 4274 4427 4272
3 4274 4428 4427
3 4429 4428 4274
3 4429 4274 4276
3 4431 4430 4277
3 4431 4277 4278
3 4277 4432 4279
3 4430 4432 4277
3 4279 4433 4280
3 4432 4433 4279
3 4280 4434 4282
3 4433 4434 4280
3 4436 4435 4283
3 4436 4283 4284
3 4283 4437 4285
3 4435 4437 4283
3 4285 4438 4286
3 4437 4438 4285
3 4278 4286 4431
3 4431 4286 4438
3 4440 4439 4288
3 4288 4439 4287
3 4442 4441 4289
3 4442 4289 4290
3 4289 4443 4291
3 4441 4443 4289
3 4291 4444 4292
3 4443 4444 4291
3 4292 4445 4293
3 4444 4445 4292
3 4293 4446 4294
3 4445 4446 4293
3 4284 4294 4436
3 4436 4294 4446
3 4448 4295 4447
3 4295 4439 4447
3 4295 4287 4439
3 4450 4449 4296
3 4450 4296 4297
3 4296 4451 4298
3 4449 4451 4296
3 4298 4452 4299
3 4451 4452 4298
3 4299 4453 4300
3 4452 4453 4299
3 4300 4454 4301
3 4453 4454 4300
3 4301 4455 4302
3 4454 4455 4301
3 4302 4456 4303
3 4455 4456 4302
3 4303 4457 4304
3 4456 4457 4303
3 4304 4458 4305
3 4457 4458 4304
3 4305 4459 4306
3 4458 4459 4305
3 4306 4460 4307
3 4459 4460 4306
3 4307 4461 4308
3 4460 4461 4307
3 4308 4462 4309
3 4461 4462 4308
3 4309 4463 4310
3 4462 4463 4309
3 4310 4464 4311
3 4463 4464 4310
3 4311 4465 4312
3 4464 4465 4311
3 4312 4466 4313
3 4465 4466 4312
3 4313 4467 4314
3 4466 4467 4313
3 4290 4314 4442
3 4442 4314 4467
3 4469 4468 4316
3 4316 4468 4315
3 4316 4295 4448
3 4470 4316 4448
3 4469 4316 4470
3 4317 4318 4471
3 4471 4318 4472
3 4474 4473 4320
3 4320 4473 4319
3 4476 4474 4475
3 4474 4321 4475
3 4474 4320 4321
3 4322 4477 4321
3 4321 4477 4475
3 4324 4477 4322
3 4479 4478 4326
3 4326 4478 4325
3 4326 4315 4468
3 4326 4468 4479
3 4481 4480 4328
3 4480 4318 4328
3 4480 4472 4318
3 4482 4331 4332
3 4482 4332 4483
3 4332 4484 4483
3 4332 4333 4484
3 4485 4333 4334
3 4485 4484 4333
3 4486 4334 4335
3 4486 4485 4334
3 4487 4335 4336
3 4487 4486 4335
3 4488 4336 4337
3 4488 4487 4336
3 4337 4319 4473
3 4337 4473 4488
3 4489 4476 4475
3 4489 4475 4477
3 4489 4477 4490
3 4490 4477 4324
3 4338 4490 4324
3 4491 4490 4338
3 4338 4325 4478
3 4338 4478 4491
3 4492 4340 4339
3 4492 4493 4340
3 4494 4339 4341
3 4494 4492 4339
3 4495 4341 4342
3 4495 4494 4341
3 4496 4342 4343
3 4496 4495 4342
3 4497 4343 4344
3 4497 4496 4343
3 4498 4344 4345
3 4498 4497 4344
3 4499 4345 4346
3 4499 4498 4345
3 4500 4346 4347
3 4500 4499 4346
3 4501 4347 4348
3 4501 4500 4347
3 4502 4348 4349
3 4502 4501 4348
3 4503 4349 4350
3 4503 4502 4349
3 4504 4350 4351
3 4504 4503 4350
3 4505 4351 4352
3 4505 4504 4351
3 4506 4352 4353
3 4506 4505 4352
3 4507 4353 4354
3 4507 4506 4353
3 4354 4331 4482
3 4508 4354 4482
3 4507 4354 4508
3 4508 4482 4483
3 4509 4358 4356
3 4512 4511 4510
3 4513 4510 4511
3 4512 4510 4514
3 4512 4514 4515
3 4510 4513 4516
3 4510 4516 4514
3 4518 4517 4359
3 4518 4359 4360
3 4359 4519 4361
3 4517 4519 4359
3 4361 4520 4362
3 4519 4520 4361
3 4362 4521 4363
3 4520 4521 4362
3 4363 4522 4364
3 4521 4522 4363
3 4364 4523 4365
3 4522 4523 4364
3 4365 4524 4366
3 4523 4524 4365
3 4366 4525 4367
3 4524 4525 4366
3 4367 4526 4368
3 4525 4526 4367
3 4368 4527 4369
3 4526 4527 4368
3 4369 4528 4370
3 4527 4528 4369
3 4370 4529 4371
3 4528 4529 4370
3 4371 4530 4372
3 4529 4530 4371
3 4372 4531 4374
3 4530 4531 4372
3 4533 4532 4375
3 4374 4533 4375
3 4531 4533 4374
3 4534 4532 4533
3 4535 4515 4514
3 4535 4514 4516
3 4537 4536 4376
3 4537 4376 4377
3 4360 4376 4518
3 4518 4376 4536
3 4532 4378 4375
3 4534 4538 4532
3 4538 4378 4532
3 4538 4379 4378
3 4379 4539 4380
3 4538 4539 4379
3 4380 4540 4381
3 4539 4540 4380
3 4381 4541 4382
3 4540 4541 4381
3 4382 4542 4383
3 4541 4542 4382
3 4542 4544 4543
3 4384 4542 4543
3 4383 4542 4384
3 4543 4385 4384
3 4387 4545 4388
3 4388 4545 4546
3 4547 4388 4546
3 4389 4388 4547
3 4391 4389 4547
3 4391 4547 4548
3 4392 4393 4549
3 4549 4393 4550
3 4544 4551 4543
3 4543 4551 4385
3 4551 4394 4385
3 4551 4552 4394
3 4394 4553 4395
3 4552 4553 4394
3 4387 4395 4545
3 4395 4554 4545
3 4395 4553 4554
3 4545 4554 4546
3 4548 4555 4391
3 4391 4555 4396
3 4555 4557 4556
3 4397 4555 4556
3 4396 4555 4397
3 4556 4398 4397
3 4560 4559 4558
3 4557 4561 4556
3 4556 4561 4398
3 4561 4403 4398
3 4561 4562 4403
3 4404 4403 4562
3 4404 4562 4563
3 4405 4406 4564
3 4564 4406 4565
3 4563 4407 4404
3 4566 4407 4563
3 4408 4409 4567
3 4567 4409 4568
3 4410 4407 4569
3 4407 4570 4569
3 4407 4566 4570
3 4411 4570 4571
3 4570 4411 4569
3 4412 4569 4411
3 4569 4412 4572
3 4573 4572 4412
3 4414 4575 4574
3 4573 4414 4574
3 4412 4414 4573
3 4415 4575 4414
3 4418 4576 4420
3 4421 4576 4418
3 4424 4577 4425
3 4426 4578 4577
3 4426 4577 4424
3 4427 4579 4578
3 4427 4578 4426
3 4428 4580 4579
3 4428 4579 4427
3 4429 4580 4428
3 4583 4582 4581
3 4585 4584 4430
3 4585 4430 4431
3 4430 4586 4432
3 4584 4586 4430
3 4432 4587 4433
3 4586 4587 4432
3 4581 4434 4583
3 4434 4587 4583
3 4434 4433 4587
3 4590 4589 4588
3 4435 4436 4588
3 4589 4435 4588
3 4591 4435 4589
3 4435 4592 4437
3 4591 4592 4435
3 4437 4593 4438
3 4592 4593 4437
3 4431 4438 4585
3 4585 4438 4593
3 4594 4439 4440
3 4597 4596 4595
3 4441 4442 4595
3 4596 4441 4595
3 4598 4441 4596
3 4441 4599 4443
3 4598 4599 4441
3 4443 4600 4444
3 4599 4600 4443
3 4444 4601 4445
3 4600 4601 4444
3 4588 4446 4590
3 4446 4601 4590
3 4446 4445 4601
3 4446 4588 4436
3 4447 4439 4594
3 4604 4603 4602
3 4606 4605 4449
3 4606 4449 4450
3 4449 4607 4451
3 4605 4607 4449
3 4451 4608 4452
3 4607 4608 4451
3 4452 4609 4453
3 4608 4609 4452
3 4453 4610 4454
3 4609 4610 4453
3 4454 4611 4455
3 4610 4611 4454
3 4455 4612 4456
3 4611 4612 4455
3 4456 4613 4457
3 4612 4613 4456
3 4457 4614 4458
3 4613 4614 4457
3 4458 4615 4459
3 4614 4615 4458
3 4459 4616 4460
3 4615 4616 4459
3 4460 4617 4461
3 4616 4617 4460
3 4461 4618 4462
3 4617 4618 4461
3 4462 4619 4463
3 4618 4619 4462
3 4463 4620 4464
3 4619 4620 4463
3 4464 4621 4465
3 4620 4621 4464
3 4465 4622 4466
3 4621 4622 4465
3 4595 4467 4597
3 4467 4622 4597
3 4467 4466 4622
3 4467 4595 4442
3 4624 4623 4469
3 4469 4623 4468
3 4470 4603 4604
3 4624 4470 4604
3 4469 4470 4624
3 4450 4471 4625
3 4626 4450 4625
3 4606 4450 4626
3 4472 4625 4471
3 4627 4473 4474
3 4476 4627 4474
3 4629 4628 4479
3 4479 4628 4478
3 4479 4468 4623
3 4479 4623 4629
3 4626 4625 4630
3 4626 4630 4631
3 4480 4630 4472
3 4472 4630 4625
3 4634 4633 4632
3 4483 4484 4632
3 4484 4634 4632
3 4484 4635 4634
3 4636 4484 4485
3 4636 4635 4484
3 4637 4485 4486
3 4637 4636 4485
3 4638 4486 4487
3 4638 4637 4486
3 4639 4487 4488
3 4639 4638 4487
3 4488 4473 4627
3 4640 4488 4627
3 4639 4488 4640
3 4640 4627 4476
3 4489 4640 4476
3 4641 4640 4489
3 4642 4489 4490
3 4642 4641 4489
3 4643 4490 4491
3 4643 4642 4490
3 4491 4478 4628
3 4491 4628 4643
3 4644 4493 4492
3 4644 4645 4493
3 4646 4492 4494
3 4646 4644 4492
3 4647 4494 4495
3 4647 4646 4494
3 4648 4495 4496
3 4648 4647 4495
3 4649 4496 4497
3 4649 4648 4496
3 4650 4497 4498
3 4650 4649 4497
3 4651 4498 4499
3 4651 4650 4498
3 4652 4499 4500
3 4652 4651 4499
3 4653 4500 4501
3 4653 4652 4500
3 4654 4501 4502
3 4654 4653 4501
3 4655 4502 4503
3 4655 4654 4502
3 4656 4503 4504
3 4656 4655 4503
3 4657 4504 4505
3 4657 4656 4504
3 4658 4505 4506
3 4658 4657 4505
3 4659 4506 4507
3 4659 4658 4506
3 4508 4632 4633
3 4659 4508 4633
3 4507 4508 4659
3 4632 4508 4483
3 4662 4661 4660
3 4663 4513 4511
3 4664 4516 4513
3 4664 4513 4663
3 4666 4665 4517
3 4666 4517 4518
3 4517 4667 4519
3 4665 4667 4517
3 4519 4668 4520
3 4667 4668 4519
3 4520 4669 4521
3 4668 4669 4520
3 4521 4670 4522
3 4669 4670 4521
3 4522 4671 4523
3 4670 4671 4522
3 4523 4672 4524
3 4671 4672 4523
3 4524 4673 4525
3 4672 4673 4524
3 4525 4674 4526
3 4673 4674 4525
3 4526 4675 4527
3 4674 4675 4526
3 4527 4676 4528
3 4675 4676 4527
3 4676 4678 4677
3 4529 4676 4677
3 4528 4676 4529
3 4679 4530 4529
3 4679 4529 4677
3 4680 4531 4530
3 4680 4530 4679
3 4681 4533 4531
3 4681 4531 4680
3 4681 4534 4533
3 4535 4664 4515
3 4664 4535 4516
3 4683 4682 4536
3 4683 4536 4537
3 4518 4536 4666
3 4666 4536 4682
3 4678 4684 4677
3 4677 4684 4679
3 4679 4684 4685
3 4679 4685 4680
3 4680 4685 4686
3 4680 4686 4681
3 4681 4686 4687
3 4681 4687 4534
3 4687 4538 4534
3 4687 4688 4538
3 4538 4689 4539
3 4688 4689 4538
3 4539 4690 4540
3 4689 4690 4539
3 4540 4691 4541
3 4690 4691 4540
3 4541 4692 4542
3 4691 4692 4541
3 4694 4693 4544
3 4542 4694 4544
3 4692 4694 4542
3 4696 4695 4693
3 4696 4693 4694
3 4698 4697 4695
3 4698 4695 4696
3 4700 4699 4697
3 4700 4697 4698
3 4547 4546 4699
3 4700 4547 4699
3 4701 4547 4700
3 4548 4547 4701
3 4548 4701 4702
3 4549 4550 4703
3 4703 4550 4704
3 4693 4551 4544
3 4551 4693 4552
3 4552 4693 4695
3 4552 4695 4553
3 4553 4695 4697
3 4553 4697 4554
3 4554 4697 4699
3 4554 4699 4546
3 4702 4705 4548
3 4548 4705 4555
3 4557 4555 4705
3 4557 4705 4706
3 4709 4708 4707
3 4708 4558 4707
3 4708 4710 4558
3 4559 4707 4558
3 4706 4711 4557
3 4557 4711 4561
3 4561 4712 4562
3 4711 4712 4561
3 4563 4562 4712
3 4563 4712 4713
3 4716 4715 4714
3 4715 4564 4714
3 4715 4717 4564
3 4565 4714 4564
3 4713 4566 4563
3 4718 4566 4713
3 4567 4568 4719
3 4719 4568 4720
3 4722 4570 4721
3 4570 4718 4721
3 4570 4566 4718
3 4571 4570 4723
3 4722 4723 4570
3 4723 4722 4724
3 4572 4724 4722
3 4724 4572 4573
3 4725 4724 4573
3 4725 4573 4574
3 4728 4727 4726
3 4728 4726 4729
3 4728 4729 4730
3 4731 4730 4729
3 4734 4733 4732
3 4734 4732 4735
3 4734 4735 4736
3 4736 4735 4737
3 4736 4737 4738
3 4739 4738 4737
3 4583 4740 4582
3 4742 4741 4584
3 4742 4584 4585
3 4584 4743 4586
3 4741 4743 4584
3 4586 4744 4587
3 4743 4744 4586
3 4587 4744 4583
3 4744 4745 4583
3 4745 4740 4583
3 4745 4744 4746
3 4748 4747 4589
3 4748 4589 4590
3 4589 4749 4591
3 4747 4749 4589
3 4591 4750 4592
3 4749 4750 4591
3 4592 4751 4593
3 4750 4751 4592
3 4585 4593 4742
3 4742 4593 4751
3 4745 4746 4752
3 4752 4746 4753
3 4755 4754 4596
3 4755 4596 4597
3 4596 4756 4598
3 4754 4756 4596
3 4598 4757 4599
3 4756 4757 4598
3 4599 4758 4600
3 4757 4758 4599
3 4600 4759 4601
3 4758 4759 4600
3 4590 4601 4748
3 4748 4601 4759
3 4752 4753 4602
3 4753 4604 4602
3 4753 4760 4604
3 4762 4761 4605
3 4762 4605 4606
3 4605 4763 4607
3 4761 4763 4605
3 4607 4764 4608
3 4763 4764 4607
3 4608 4765 4609
3 4764 4765 4608
3 4609 4766 4610
3 4765 4766 4609
3 4610 4767 4611
3 4766 4767 4610
3 4611 4768 4612
3 4767 4768 4611
3 4612 4769 4613
3 4768 4769 4612
3 4613 4770 4614
3 4769 4770 4613
3 4614 4771 4615
3 4770 4771 4614
3 4615 4772 4616
3 4771 4772 4615
3 4616 4773 4617
3 4772 4773 4616
3 4617 4774 4618
3 4773 4774 4617
3 4618 4775 4619
3 4774 4775 4618
3 4619 4776 4620
3 4775 4776 4619
3 4620 4777 4621
3 4776 4777 4620
3 4621 4778 4622
3 4777 4778 4621
3 4597 4622 4755
3 4755 4622 4778
3 4780 4779 4624
3 4624 4779 4623
3 4624 4604 4760
3 4624 4760 4780
3 4783 4782 4781
3 4786 4785 4784
3 4784 4787 4786
3 4790 4789 4788
3 4792 4791 4788
3 4788 4791 4790
3 4628 4629 4792
3 4629 4791 4792
3 4629 4793 4791
3 4629 4623 4779
3 4629 4779 4793
3 4782 4783 4794
3 4794 4783 4795
3 4798 4797 4796
3 4633 4634 4796
3 4634 4798 4796
3 4634 4799 4798
3 4800 4634 4635
3 4800 4799 4634
3 4801 4635 4636
3 4801 4800 4635
3 4802 4636 4637
3 4802 4801 4636
3 4803 4637 4638
3 4803 4802 4637
3 4804 4638 4639
3 4804 4803 4638
3 4640 4784 4785
3 4804 4640 4785
3 4639 4640 4804
3 4805 4787 4784
3 4640 4805 4784
3 4641 4805 4640
3 4642 4788 4789
3 4805 4642 4789
3 4641 4642 4805
3 4788 4642 4643
3 4788 4643 4792
3 4792 4643 4628
3 4806 4645 4644
3 4806 4807 4645
3 4808 4644 4646
3 4808 4806 4644
3 4809 4646 4647
3 4809 4808 4646
3 4810 4647 4648
3 4810 4809 4647
3 4811 4648 4649
3 4811 4810 4648
3 4812 4649 4650
3 4812 4811 4649
3 4813 4650 4651
3 4813 4812 4650
3 4814 4651 4652
3 4814 4813 4651
3 4815 4652 4653
3 4815 4814 4652
3 4816 4653 4654
3 4816 4815 4653
3 4817 4654 4655
3 4817 4816 4654
3 4818 4655 4656
3 4818 4817 4655
3 4819 4656 4657
3 4819 4818 4656
3 4820 4657 4658
3 4820 4819 4657
3 4659 4796 4797
3 4820 4659 4797
3 4658 4659 4820
3 4796 4659 4633
3 4662 4821 4661
3 4823 4822 4665
3 4823 4665 4666
3 4665 4824 4667
3 4822 4824 4665
3 4667 4825 4668
3 4824 4825 4667
3 4668 4826 4669
3 4825 4826 4668
3 4669 4827 4670
3 4826 4827 4669
3 4670 4828 4671
3 4827 4828 4670
3 4671 4829 4672
3 4828 4829 4671
3 4672 4830 4673
3 4829 4830 4672
3 4673 4831 4674
3 4830 4831 4673
3 4674 4832 4675
3 4831 4832 4674
3 4832 4834 4833
3 4676 4832 4833
3 4675 4832 4676
3 4836 4833 4835
3 4836 4676 4833
3 4836 4837 4678
3 4676 4836 4678
3 4839 4838 4837
3 4839 4837 4836
3 4840 4838 4839
3 4842 4841 4682
3 4842 4682 4683
3 4666 4682 4823
3 4823 4682 4841
3 4834 4843 4833
3 4837 4684 4678
3 4843 4835 4833
3 4684 4837 4685
3 4685 4837 4838
3 4840 4844 4838
3 4844 4685 4838
3 4844 4686 4685
3 4686 4845 4687
3 4844 4845 4686
3 4687 4846 4688
3 4845 4846 4687
3 4688 4847 4689
3 4846 4847 4688
3 4689 4848 4690
3 4847 4848 4689
3 4690 4849 4691
3 4848 4849 4690
3 4691 4850 4692
3 4849 4850 4691
3 4850 4852 4851
3 4694 4850 4851
3 4692 4850 4694
3 4694 4851 4853
3 4854 4694 4853
3 4696 4694 4854
3 4696 4855 4698
3 4854 4855 4696
3 4698 4856 4700
3 4855 4856 4698
3 4700 4857 4701
3 4856 4857 4700
3 4702 4701 4857
3 4702 4857 4858
3 4703 4704 4859
3 4859 4704 4860
3 4852 4861 4851
3 4851 4861 4853
3 4858 4862 4702
3 4702 4862 4705
3 4706 4705 4862
3 4706 4862 4863
3 4866 4865 4864
3 4865 4708 4864
3 4865 4867 4708
3 4709 4864 4708
3 4863 4868 4706
3 4706 4868 4711
3 4711 4869 4712
3 4868 4869 4711
3 4713 4712 4869
3 4713 4869 4870
3 4873 4872 4871
3 4875 4718 4874
3 4718 4870 4874
3 4718 4713 4870
3 4719 4720 4876
3 4876 4720 4877
3 4875 4721 4718
3 4723 4724 4878
3 4878 4724 4879
3 4880 4879 4724
3 4880 4724 4725
3 4728 4881 4727
3 4730 4882 4881
3 4730 4881 4728
3 4882 4730 4731
3 4885 4884 4883
3 4886 4883 4884
3 4888 4887 4733
3 4888 4733 4734
3 4736 4888 4734
3 4736 4889 4888
3 4738 4891 4890
3 4889 4738 4890
3 4736 4738 4889
3 4739 4891 4738
3 4894 4893 4892
3 4896 4895 4741
3 4896 4741 4742
3 4741 4897 4743
3 4895 4897 4741
3 4743 4898 4744
3 4897 4898 4743
3 4892 4899 4894
3 4744 4898 4746
3 4900 4746 4898
3 4902 4901 4747
3 4902 4747 4748
3 4747 4903 4749
3 4901 4903 4747
3 4749 4904 4750
3 4903 4904 4749
3 4750 4905 4751
3 4904 4905 4750
3 4742 4751 4896
3 4896 4751 4905
3 4900 4753 4746
3 4906 4753 4900
3 4909 4908 4907
3 4754 4755 4907
3 4908 4754 4907
3 4910 4754 4908
3 4754 4911 4756
3 4910 4911 4754
3 4756 4912 4757
3 4911 4912 4756
3 4757 4913 4758
3 4912 4913 4757
3 4758 4914 4759
3 4913 4914 4758
3 4748 4759 4902
3 4902 4759 4914
3 4906 4760 4753
3 4915 4760 4906
3 4917 4916 4761
3 4917 4761 4762
3 4761 4918 4763
3 4916 4918 4761
3 4763 4919 4764
3 4918 4919 4763
3 4764 4920 4765
3 4919 4920 4764
3 4765 4921 4766
3 4920 4921 4765
3 4766 4922 4767
3 4921 4922 4766
3 4767 4923 4768
3 4922 4923 4767
3 4768 4924 4769
3 4923 4924 4768
3 4769 4925 4770
3 4924 4925 4769
3 4770 4926 4771
3 4925 4926 4770
3 4771 4927 4772
3 4926 4927 4771
3 4772 4928 4773
3 4927 4928 4772
3 4773 4929 4774
3 4928 4929 4773
3 4774 4930 4775
3 4929 4930 4774
3 4775 4931 4776
3 4930 4931 4775
3 4776 4932 4777
3 4931 4932 4776
3 4907 4778 4909
3 4778 4932 4909
3 4778 4777 4932
3 4778 4907 4755
3 4934 4933 4780
3 4780 4933 4779
3 4780 4760 4915
3 4780 4915 4934
3 4781 4782 4935
3 4935 4782 4936
3 4939 4938 4937
3 4785 4786 4937
3 4786 4939 4937
3 4786 4940 4939
3 4942 4941 4787
3 4941 4786 4787
3 4941 4940 4786
3 4789 4790 4942
3 4790 4941 4942
3 4790 4943 4941
3 4944 4790 4791
3 4944 4943 4790
3 4945 4791 4793
3 4945 4944 4791
3 4793 4779 4933
3 4793 4933 4945
3 4794 4936 4782
3 4794 4946 4936
3 4947 4797 4798
3 4947 4798 4948
3 4798 4949 4948
3 4798 4799 4949
3 4950 4799 4800
3 4950 4949 4799
3 4951 4800 4801
3 4951 4950 4800
3 4952 4801 4802
3 4952 4951 4801
3 4953 4802 4803
3 4953 4952 4802
3 4804 4937 4938
3 4953 4804 4938
3 4803 4804 4953
3 4937 4804 4785
3 4805 4942 4787
3 4942 4805 4789
3 4954 4807 4806
3 4954 4955 4807
3 4956 4806 4808
3 4956 4954 4806
3 4957 4808 4809
3 4957 4956 4808
3 4958 4809 4810
3 4958 4957 4809
3 4959 4810 4811
3 4959 4958 4810
3 4960 4811 4812
3 4960 4959 4811
3 4961 4812 4813
3 4961 4960 4812
3 4962 4813 4814
3 4962 4961 4813
3 4963 4814 4815
3 4963 4962 4814
3 4964 4815 4816
3 4964 4963 4815
3 4965 4816 4817
3 4965 4964 4816
3 4966 4817 4818
3 4966 4965 4817
3 4967 4818 4819
3 4967 4966 4818
3 4968 4819 4820
3 4968 4967 4819
3 4820 4797 4947
3 4969 4820 4947
3 4968 4820 4969
3 4969 4947 4948
3 4972 4971 4970
3 4975 4974 4973
3 4976 4973 4974
3 4975 4973 4977
3 4975 4977 4978
3 4973 4976 4979
3 4973 4979 4977
3 4981 4980 4822
3 4981 4822 4823
3 4822 4982 4824
3 4980 4982 4822
3 4824 4983 4825
3 4982 4983 4824
3 4825 4984 4826
3 4983 4984 4825
3 4826 4985 4827
3 4984 4985 4826
3 4827 4986 4828
3 4985 4986 4827
3 4828 4987 4829
3 4986 4987 4828
3 4829 4988 4830
3 4987 4988 4829
3 4830 4989 4831
3 4988 4989 4830
3 4989 4991 4990
3 4832 4989 4990
3 4831 4989 4832
3 4990 4834 4832
3 4835 4992 4836
3 4993 4839 4836
3 4993 4836 4992
3 4993 4840 4839
3 4978 4977 4994
3 4978 4994 4995
3 4977 4979 4996
3 4977 4996 4994
3 4998 4997 4841
3 4998 4841 4842
3 4823 4841 4981
3 4981 4841 4997
3 4991 4999 4990
3 4990 4999 4834
3 4999 4843 4834
3 4999 5000 4843
3 4835 4843 4992
3 4843 5001 4992
3 4843 5000 5001
3 4992 5001 4993
3 4993 5001 5002
3 4993 5002 4840
3 5002 4844 4840
3 5002 5003 4844
3 4844 5004 4845
3 5003 5004 4844
3 4845 5005 4846
3 5004 5005 4845
3 4846 5006 4847
3 5005 5006 4846
3 4847 5007 4848
3 5006 5007 4847
3 5007 5009 5008
3 4849 5007 5008
3 4848 5007 4849
3 5010 4850 4849
3 5010 4849 5008
3 5010 4852 4850
3 4853 5011 4854
3 5012 4855 4854
3 5012 4854 5011
3 4855 5012 5013
3 5014 4855 5013
3 4856 4855 5014
3 5014 5016 5015
3 4857 5014 5015
3 4856 5014 4857
3 5015 4858 4857
3 5017 4995 4994
3 5017 4994 4996
3 4859 4860 5018
3 5018 4860 5019
3 5009 5020 5008
3 5008 5020 5010
3 5010 5020 5021
3 5010 5021 4852
3 5021 4861 4852
3 5021 5022 4861
3 4853 4861 5011
3 4861 5023 5011
3 4861 5022 5023
3 5011 5023 5012
3 5012 5023 5024
3 5012 5024 5013
3 5016 5025 5015
3 5025 5027 5026
3 5025 5026 4862
3 5015 5025 4862
3 4858 5015 4862
3 5026 4863 4862
3 5030 5029 5028
3 5029 4865 5028
3 5029 5031 4865
3 4866 5028 4865
3 5027 5032 5026
3 5026 5032 4863
3 5032 4868 4863
3 5032 5033 4868
3 4868 5034 4869
3 5033 5034 4868
3 4870 4869 5034
3 4870 5034 5035
3 5038 5037 5036
3 5037 4871 5036
3 5037 5039 4871
3 4872 5036 4871
3 5035 5040 4870
3 4870 5040 4874
3 5043 5042 5041
3 5042 4876 5041
3 5042 5044 4876
3 4877 5041 4876
3 5047 5046 5045
3 5048 5045 4879
3 5045 5049 4879
3 5049 4878 4879
3 5045 5046 5049
3 4880 5048 4879
3 5052 5051 5050
3 5053 5052 5050
3 4883 5054 4885
3 5056 4886 5055
3 5056 4883 4886
3 5054 4883 5056
3 5054 5056 5057
3 5056 5055 5058
3 5056 5058 5059
3 5059 5058 5060
3 5059 5060 5061
3 5061 5060 4887
3 4888 5061 4887
3 5062 5061 4888
3 4889 5064 5063
3 5062 4889 5063
3 4888 4889 5062
3 4890 5064 4889
3 5067 5066 5065
3 5067 5069 5068
3 5067 4894 5069
3 5067 5065 4893
3 4894 5067 4893
3 5071 5070 4895
3 5071 4895 4896
3 4895 5072 4897
3 5070 5072 4895
3 4897 5073 4898
3 5072 5073 4897
3 5069 4894 4899
3 4898 5074 4900
3 5074 4898 5075
3 5073 5075 4898
3 5077 5076 4901
3 5077 4901 4902
3 4901 5078 4903
3 5076 5078 4901
3 4903 5079 4904
3 5078 5079 4903
3 4904 5080 4905
3 5079 5080 4904
3 4896 4905 5071
3 5071 4905 5080
3 5081 4906 5074
3 5074 4906 4900
3 5083 5082 4908
3 5083 4908 4909
3 4908 5084 4910
3 5082 5084 4908
3 4910 5085 4911
3 5084 5085 4910
3 4911 5086 4912
3 5085 5086 4911
3 4912 5087 4913
3 5086 5087 4912
3 4913 5088 4914
3 5087 5088 4913
3 4902 4914 5077
3 5077 4914 5088
3 5090 5089 5081
3 5089 4906 5081
3 5089 4915 4906
3 5092 5091 4916
3 5092 4916 4917
3 4916 5093 4918
3 5091 5093 4916
3 4918 5094 4919
3 5093 5094 4918
3 4919 5095 4920
3 5094 5095 4919
3 4920 5096 4921
3 5095 5096 4920
3 4921 5097 4922
3 5096 5097 4921
3 4922 5098 4923
3 5097 5098 4922
3 4923 5099 4924
3 5098 5099 4923
3 4924 5100 4925
3 5099 5100 4924
3 4925 5101 4926
3 5100 5101 4925
3 4926 5102 4927
3 5101 5102 4926
3 4927 5103 4928
3 5102 5103 4927
3 4928 5104 4929
3 5103 5104 4928
3 4929 5105 4930
3 5104 5105 4929
3 4930 5106 4931
3 5105 5106 4930
3 4931 5107 4932
3 5106 5107 4931
3 4909 4932 5083
3 5083 4932 5107
3 5110 5109 5108
3 4933 4934 5108
3 4934 5110 5108
3 4934 5111 5110
3 4934 4915 5089
3 4934 5089 5111
3 4935 4936 5112
3 5112 4936 5113
3 5114 4938 4939
3 4940 5115 4939
3 4939 5115 5114
3 5115 4940 5116
3 4940 5117 5116
3 4940 4941 5117
3 5118 4941 4943
3 5118 5117 4941
3 5119 4943 4944
3 5119 5118 4943
3 4945 5108 5109
3 5119 4945 5109
3 4944 4945 5119
3 5108 4945 4933
3 5122 5121 5120
3 5121 5113 5120
3 5113 4946 5120
3 5113 4936 4946
3 5124 5123 4949
3 4949 5123 4948
3 5125 4949 4950
3 5125 5124 4949
3 5126 4950 4951
3 5126 5125 4950
3 5127 4951 4952
3 5127 5126 4951
3 5128 4952 4953
3 5128 5127 4952
3 4953 4938 5114
3 5129 4953 5114
3 5128 4953 5129
3 5129 5114 5115
3 5129 5115 5130
3 5130 5115 5116
3 5131 4955 4954
3 5131 5132 4955
3 5133 4954 4956
3 5133 5131 4954
3 5134 4956 4957
3 5134 5133 4956
3 5135 4957 4958
3 5135 5134 4957
3 5136 4958 4959
3 5136 5135 4958
3 5137 4959 4960
3 5137 5136 4959
3 5138 4960 4961
3 5138 5137 4960
3 5139 4961 4962
3 5139 5138 4961
3 5140 4962 4963
3 5140 5139 4962
3 5141 4963 4964
3 5141 5140 4963
3 5142 4964 4965
3 5142 5141 4964
3 5143 4965 4966
3 5143 5142 4965
3 5144 4966 4967
3 5144 5143 4966
3 5145 4967 4968
3 5145 5144 4967
3 5146 4968 4969
3 5146 5145 4968
3 4969 4948 5123
3 4969 5123 5146
3 5148 5147 4971
3 5148 4971 4972
3 5150 5149 4974
3 5150 4974 4975
3 4976 4974 5149
3 4976 5149 5151
3 5151 5153 5152
3 4979 5151 5152
3 4976 5151 4979
3 5155 5154 4980
3 5155 4980 4981
3 4980 5156 4982
3 5154 5156 4980
3 4982 5157 4983
3 5156 5157 4982
3 4983 5158 4984
3 5157 5158 4983
3 4984 5159 4985
3 5158 5159 4984
3 4985 5160 4986
3 5159 5160 4985
3 5160 5162 5161
3 4987 5160 5161
3 4986 5160 4987
3 4987 5161 5163
3 5164 4987 5163
3 4988 4987 5164
3 4988 5165 4989
3 5164 5165 4988
3 5167 5166 4991
3 4989 5167 4991
3 5165 5167 4989
3 5169 5168 5166
3 5169 5166 5167
3 5170 5168 5169
3 4995 5171 5152
3 4995 5152 4978
3 5171 4996 4979
3 5171 4979 5152
3 5173 5172 4997
3 5173 4997 4998
3 4981 4997 5155
3 5155 4997 5172
3 5162 5174 5161
3 5161 5174 5163
3 5166 4999 4991
3 4999 5166 5000
3 5000 5166 5168
3 5170 5175 5168
3 5175 5000 5168
3 5175 5001 5000
3 5001 5176 5002
3 5175 5176 5001
3 5002 5177 5003
3 5176 5177 5002
3 5003 5178 5004
3 5177 5178 5003
3 5004 5179 5005
3 5178 5179 5004
3 5005 5180 5006
3 5179 5180 5005
3 5006 5181 5007
3 5180 5181 5006
3 5009 5007 5181
3 5009 5181 5182
3 5185 5184 5183
3 5187 5186 5183
3 5187 5183 5184
3 5188 5186 5187
3 5013 5189 5014
3 5189 5016 5014
3 5017 5171 4995
3 5171 5017 4996
3 5018 5019 5190
3 5190 5019 5191
3 5182 5192 5009
3 5009 5192 5020
3 5183 5021 5185
3 5021 5192 5185
3 5021 5020 5192
3 5021 5183 5022
3 5022 5183 5186
3 5188 5193 5186
3 5193 5022 5186
3 5193 5023 5022
3 5023 5194 5024
3 5193 5194 5023
3 5013 5024 5189
3 5024 5195 5189
3 5024 5194 5195
3 5195 5197 5196
3 5195 5196 5025
3 5189 5195 5025
3 5016 5189 5025
3 5196 5027 5025
3 5029 5030 5198
3 5198 5030 5199
3 5197 5200 5196
3 5196 5200 5027
3 5200 5032 5027
3 5200 5201 5032
3 5032 5202 5033
3 5201 5202 5032
3 5033 5203 5034
3 5202 5203 5033
3 5035 5034 5203
3 5035 5203 5204
3 5207 5206 5205
3 5206 5037 5205
3 5206 5208 5037
3 5038 5205 5037
3 5040 5035 5209
3 5035 5210 5209
3 5035 5204 5210
3 5042 5043 5211
3 5211 5043 5212
3 5209 5210 5047
3 5210 5046 5047
3 5210 5213 5046
3 5049 5046 5213
3 5049 5213 5214
3 5052 5215 5051
3 5053 5215 5052
3 5056 5216 5057
3 5218 5217 5216
3 5056 5218 5216
3 5059 5218 5056
3 5061 5218 5059
3 5061 5219 5218
3 5062 5219 5061
3 5062 5220 5219
3 5221 5220 5062
3 5221 5062 5063
3 5067 5222 5066
3 5225 5224 5223
3 5067 5068 5222
3 5223 5224 5226
3 5229 5228 5227
3 5070 5071 5227
3 5228 5070 5227
3 5230 5070 5228
3 5070 5231 5072
3 5230 5231 5070
3 5223 5073 5225
3 5073 5231 5225
3 5073 5072 5231
3 5075 5073 5223
3 5232 5075 5223
3 5226 5232 5223
3 5233 5075 5232
3 5236 5235 5234
3 5076 5077 5234
3 5235 5076 5234
3 5237 5076 5235
3 5076 5238 5078
3 5237 5238 5076
3 5078 5239 5079
3 5238 5239 5078
3 5227 5080 5229
3 5080 5239 5229
3 5080 5079 5239
3 5080 5227 5071
3 5233 5232 5240
3 5240 5232 5241
3 5244 5243 5242
3 5082 5083 5242
3 5243 5082 5242
3 5245 5082 5243
3 5082 5246 5084
3 5245 5246 5082
3 5084 5247 5085
3 5246 5247 5084
3 5085 5248 5086
3 5247 5248 5085
3 5086 5249 5087
3 5248 5249 5086
3 5234 5088 5236
3 5088 5249 5236
3 5088 5087 5249
3 5088 5234 5077
3 5240 5241 5090
3 5241 5089 5090
3 5241 5250 5089
3 5252 5251 5091
3 5252 5091 5092
3 5091 5253 5093
3 5251 5253 5091
3 5093 5254 5094
3 5253 5254 5093
3 5094 5255 5095
3 5254 5255 5094
3 5095 5256 5096
3 5255 5256 5095
3 5096 5257 5097
3 5256 5257 5096
3 5097 5258 5098
3 5257 5258 5097
3 5098 5259 5099
3 5258 5259 5098
3 5099 5260 5100
3 5259 5260 5099
3 5100 5261 5101
3 5260 5261 5100
3 5101 5262 5102
3 5261 5262 5101
3 5102 5263 5103
3 5262 5263 5102
3 5103 5264 5104
3 5263 5264 5103
3 5104 5265 5105
3 5264 5265 5104
3 5105 5266 5106
3 5265 5266 5105
3 5242 5107 5244
3 5107 5266 5244
3 5107 5106 5266
3 5107 5242 5083
3 5268 5267 5110
3 5110 5267 5109
3 5269 5110 5111
3 5269 5268 5110
3 5111 5089 5250
3 5111 5250 5269
3 5112 5113 5270
3 5270 5113 5271
3 5272 5116 5117
3 5272 5117 5273
3 5117 5274 5273
3 5117 5118 5274
3 5275 5118 5119
3 5275 5274 5118
3 5119 5109 5267
3 5119 5267 5275
3 5277 5276 5121
3 5277 5121 5122
3 5113 5121 5271
3 5271 5121 5276
3 5280 5279 5278
3 5282 5281 5278
3 5278 5281 5280
3 5123 5124 5282
3 5124 5281 5282
3 5124 5283 5281
3 5284 5124 5125
3 5284 5283 5124
3 5285 5125 5126
3 5285 5284 5125
3 5286 5126 5127
3 5286 5285 5126
3 5287 5127 5128
3 5287 5286 5127
3 5288 5128 5129
3 5288 5287 5128
3 5289 5129 5130
3 5289 5288 5129
3 5130 5116 5272
3 5290 5130 5272
3 5289 5130 5290
3 5290 5272 5273
3 5291 5132 5131
3 5291 5292 5132
3 5293 5131 5133
3 5293 5291 5131
3 5294 5133 5134
3 5294 5293 5133
3 5295 5134 5135
3 5295 5294 5134
3 5296 5135 5136
3 5296 5295 5135
3 5297 5136 5137
3 5297 5296 5136
3 5298 5137 5138
3 5298 5297 5137
3 5299 5138 5139
3 5299 5298 5138
3 5300 5139 5140
3 5300 5299 5139
3 5301 5140 5141
3 5301 5300 5140
3 5302 5141 5142
3 5302 5301 5141
3 5303 5142 5143
3 5303 5302 5142
3 5304 5143 5144
3 5304 5303 5143
3 5145 5278 5279
3 5304 5145 5279
3 5144 5145 5304
3 5278 5145 5146
3 5278 5146 5282
3 5282 5146 5123
3 5307 5306 5305
3 5147 5148 5305
3 5306 5147 5305
3 5308 5147 5306
3 5307 5305 5309
3 5307 5309 5310
3 5313 5312 5311
3 5313 5311 5314
3 5316 5312 5315
3 5311 5312 5316
3 5318 5315 5317
3 5316 5315 5318
3 5314 5311 5319
3 5314 5319 5320
3 5321 5311 5316
3 5319 5311 5321
3 5322 5316 5318
3 5321 5316 5322
3 5318 5324 5323
3 5318 5323 5322
3 5320 5319 5325
3 5320 5325 5326
3 5327 5319 5321
3 5325 5319 5327
3 5150 5327 5149
3 5327 5322 5149
3 5327 5321 5322
3 5151 5149 5322
3 5323 5151 5322
3 5328 5151 5323
3 5331 5330 5329
3 5325 5331 5329
3 5327 5331 5325
3 5153 5332 5150
3 5332 5327 5150
3 5332 5331 5327
3 5333 5332 5153
3 5151 5333 5153
3 5328 5333 5151
3 5335 5334 5154
3 5335 5154 5155
3 5154 5336 5156
3 5334 5336 5154
3 5156 5337 5157
3 5336 5337 5156
3 5157 5338 5158
3 5337 5338 5157
3 5158 5339 5159
3 5338 5339 5158
3 5159 5340 5160
3 5339 5340 5159
3 5342 5341 5162
3 5160 5342 5162
3 5340 5342 5160
3 5164 5163 5341
3 5342 5164 5341
3 5343 5164 5342
3 5343 5345 5344
3 5165 5343 5344
3 5164 5343 5165
3 5346 5167 5165
3 5346 5165 5344
3 5347 5169 5167
3 5347 5167 5346
3 5347 5170 5169
3 5330 5331 5348
3 5330 5348 5349
3 5350 5331 5332
3 5348 5331 5350
3 5332 5333 5351
3 5332 5351 5350
3 5353 5352 5172
3 5353 5172 5173
3 5155 5172 5335
3 5335 5172 5352
3 5341 5174 5162
3 5174 5341 5163
3 5345 5354 5344
3 5344 5354 5346
3 5346 5354 5355
3 5346 5355 5347
3 5347 5355 5356
3 5347 5356 5170
3 5356 5175 5170
3 5356 5357 5175
3 5175 5358 5176
3 5357 5358 5175
3 5176 5359 5177
3 5358 5359 5176
3 5177 5360 5178
3 5359 5360 5177
3 5178 5361 5179
3 5360 5361 5178
3 5179 5362 5180
3 5361 5362 5179
3 5180 5363 5181
3 5362 5363 5180
3 5182 5181 5363
3 5182 5363 5364
3 5185 5365 5184
3 5366 5187 5184
3 5366 5184 5365
3 5188 5187 5366
3 5369 5368 5367
3 5371 5370 5369
3 5371 5369 5367
3 5372 5370 5371
3 5373 5349 5348
3 5373 5348 5350
3 5373 5350 5374
3 5374 5350 5351
3 5173 5190 5375
3 5376 5173 5375
3 5353 5173 5376
3 5191 5375 5190
3 5364 5377 5182
3 5182 5377 5192
3 5185 5192 5365
3 5192 5378 5365
3 5192 5377 5378
3 5365 5378 5366
3 5366 5378 5379
3 5368 5369 5379
3 5369 5193 5379
3 5188 5366 5379
3 5188 5379 5193
3 5193 5369 5194
3 5194 5369 5370
3 5372 5380 5370
3 5380 5194 5370
3 5380 5195 5194
3 5197 5195 5380
3 5197 5380 5381
3 5384 5383 5382
3 5385 5382 5383
3 5388 5387 5386
3 5387 5198 5386
3 5387 5389 5198
3 5199 5386 5198
3 5381 5390 5197
3 5197 5390 5200
3 5200 5391 5201
3 5390 5391 5200
3 5201 5392 5202
3 5391 5392 5201
3 5382 5203 5384
3 5203 5392 5384
3 5203 5202 5392
3 5204 5203 5382
3 5385 5204 5382
3 5393 5204 5385
3 5206 5207 5394
3 5394 5207 5395
3 5393 5210 5204
3 5396 5210 5393
3 5399 5398 5397
3 5398 5211 5397
3 5398 5400 5211
3 5212 5397 5211
3 5396 5213 5210
3 5401 5213 5396
3 5404 5403 5402
3 5403 5214 5402
3 5403 5405 5214
3 5406 5402 5214
3 5213 5406 5214
3 5401 5406 5213
3 5407 5402 5406
3 5409 5408 5217
3 5409 5217 5218
3 5219 5409 5218
3 5219 5410 5409
3 5220 5412 5411
3 5410 5220 5411
3 5219 5220 5410
3 5221 5412 5220
3 5414 5413 5224
3 5414 5224 5225
3 5226 5224 5413
3 5226 5413 5415
3 5417 5416 5228
3 5417 5228 5229
3 5228 5418 5230
3 5416 5418 5228
3 5230 5419 5231
3 5418 5419 5230
3 5225 5231 5414
3 5414 5231 5419
3 5415 5232 5226
3 5420 5232 5415
3 5422 5421 5235
3 5422 5235 5236
3 5235 5423 5237
3 5421 5423 5235
3 5237 5424 5238
3 5423 5424 5237
3 5238 5425 5239
3 5424 5425 5238
3 5229 5239 5417
3 5417 5239 5425
3 5420 5241 5232
3 5426 5241 5420
3 5429 5428 5427
3 5243 5244 5427
3 5428 5243 5427
3 5430 5243 5428
3 5243 5431 5245
3 5430 5431 5243
3 5245 5432 5246
3 5431 5432 5245
3 5246 5433 5247
3 5432 5433 5246
3 5247 5434 5248
3 5433 5434 5247
3 5248 5435 5249
3 5434 5435 5248
3 5236 5249 5422
3 5422 5249 5435
3 5426 5250 5241
3 5436 5250 5426
3 5438 5437 5251
3 5438 5251 5252
3 5251 5439 5253
3 5437 5439 5251
3 5253 5440 5254
3 5439 5440 5253
3 5254 5441 5255
3 5440 5441 5254
3 5255 5442 5256
3 5441 5442 5255
3 5256 5443 5257
3 5442 5443 5256
3 5257 5444 5258
3 5443 5444 5257
3 5258 5445 5259
3 5444 5445 5258
3 5259 5446 5260
3 5445 5446 5259
3 5260 5447 5261
3 5446 5447 5260
3 5261 5448 5262
3 5447 5448 5261
3 5262 5449 5263
3 5448 5449 5262
3 5263 5450 5264
3 5449 5450 5263
3 5264 5451 5265
3 5450 5451 5264
3 5427 5266 5429
3 5266 5451 5429
3 5266 5265 5451
3 5266 5427 5244
3 5453 5452 5268
3 5268 5452 5267
3 5455 5453 5454
3 5453 5269 5454
3 5453 5268 5269
3 5456 5454 5269
3 5250 5456 5269
3 5436 5456 5250
3 5270 5271 5457
3 5457 5271 5458
3 5461 5460 5459
3 5459 5462 5461
3 5465 5464 5463
3 5273 5274 5463
3 5274 5465 5463
3 5274 5466 5465
3 5467 5274 5275
3 5467 5466 5274
3 5275 5267 5452
3 5275 5452 5467
3 5468 5455 5454
3 5468 5454 5456
3 5470 5469 5276
3 5469 5271 5276
3 5469 5458 5271
3 5471 5279 5280
3 5471 5280 5472
3 5280 5473 5472
3 5280 5281 5473
3 5474 5281 5283
3 5474 5473 5281
3 5475 5283 5284
3 5475 5474 5283
3 5476 5284 5285
3 5476 5475 5284
3 5477 5285 5286
3 5477 5476 5285
3 5478 5286 5287
3 5478 5477 5286
3 5288 5459 5460
3 5478 5288 5460
3 5287 5288 5478
3 5479 5462 5459
3 5288 5479 5459
3 5289 5479 5288
3 5290 5463 5464
3 5479 5290 5464
3 5289 5290 5479
3 5463 5290 5273
3 5480 5292 5291
3 5480 5481 5292
3 5482 5291 5293
3 5482 5480 5291
3 5483 5293 5294
3 5483 5482 5293
3 5484 5294 5295
3 5484 5483 5294
3 5485 5295 5296
3 5485 5484 5295
3 5486 5296 5297
3 5486 5485 5296
3 5487 5297 5298
3 5487 5486 5297
3 5488 5298 5299
3 5488 5487 5298
3 5489 5299 5300
3 5489 5488 5299
3 5490 5300 5301
3 5490 5489 5300
3 5491 5301 5302
3 5491 5490 5301
3 5492 5302 5303
3 5492 5491 5302
3 5493 5303 5304
3 5493 5492 5303
3 5304 5279 5471
3 5494 5304 5471
3 5493 5304 5494
3 5494 5471 5472
3 5496 5495 5306
3 5496 5306 5307
3 5499 5498 5497
3 5501 5500 5497
3 5501 5497 5498
3 5503 5502 5500
3 5503 5500 5501
3 5505 5504 5502
3 5505 5502 5503
3 5505 5507 5506
3 5314 5505 5506
3 5313 5314 5506
3 5504 5505 5314
3 5506 5507 5508
3 5508 5507 5509
3 5508 5509 5510
3 5510 5509 5511
3 5512 5510 5511
3 5513 5512 5511
3 5324 5512 5513
3 5499 5497 5514
3 5499 5514 5515
3 5516 5497 5500
3 5514 5497 5516
3 5517 5500 5502
3 5516 5500 5517
3 5518 5502 5504
3 5517 5502 5518
3 5320 5518 5314
3 5314 5518 5504
3 5513 5323 5324
3 5519 5323 5513
3 5522 5521 5520
3 5514 5522 5520
3 5516 5522 5514
3 5523 5516 5517
3 5522 5516 5523
3 5524 5517 5518
3 5523 5517 5524
3 5326 5524 5320
3 5320 5524 5518
3 5519 5328 5323
3 5525 5328 5519
3 5521 5522 5526
3 5521 5526 5527
3 5528 5522 5523
3 5526 5522 5528
3 5529 5523 5524
3 5528 5523 5529
3 5329 5530 5326
3 5530 5524 5326
3 5530 5529 5524
3 5330 5530 5329
3 5525 5333 5328
3 5531 5333 5525
3 5534 5533 5532
3 5334 5335 5532
3 5533 5334 5532
3 5535 5334 5533
3 5334 5536 5336
3 5535 5536 5334
3 5336 5537 5337
3 5536 5537 5336
3 5337 5538 5338
3 5537 5538 5337
3 5338 5539 5339
3 5538 5539 5338
3 5539 5541 5540
3 5340 5539 5540
3 5339 5539 5340
3 5542 5342 5340
3 5542 5340 5540
3 5543 5343 5342
3 5543 5342 5542
3 5543 5345 5343
3 5544 5527 5526
3 5544 5526 5528
3 5544 5528 5545
3 5547 5546 5545
3 5528 5547 5545
3 5529 5547 5528
3 5548 5529 5530
3 5547 5529 5548
3 5349 5548 5330
3 5330 5548 5530
3 5531 5351 5333
3 5549 5351 5531
3 5534 5532 5352
3 5353 5534 5352
3 5550 5534 5353
3 5352 5532 5335
3 5541 5551 5540
3 5540 5551 5542
3 5542 5551 5552
3 5542 5552 5543
3 5543 5552 5553
3 5543 5553 5345
3 5553 5354 5345
3 5553 5554 5354
3 5354 5555 5355
3 5554 5555 5354
3 5355 5556 5356
3 5555 5556 5355
3 5356 5557 5357
3 5556 5557 5356
3 5357 5558 5358
3 5557 5558 5357
3 5358 5559 5359
3 5558 5559 5358
3 5359 5560 5360
3 5559 5560 5359
3 5360 5561 5361
3 5560 5561 5360
3 5561 5563 5562
3 5362 5561 5562
3 5361 5561 5362
3 5564 5363 5362
3 5564 5362 5562
3 5564 5364 5363
3 5368 5565 5367
3 5566 5371 5367
3 5566 5367 5565
3 5568 5566 5567
3 5568 5371 5566
3 5568 5569 5372
3 5371 5568 5372
3 5569 5568 5546
3 5547 5569 5546
3 5570 5569 5547
3 5571 5547 5548
3 5570 5547 5571
3 5373 5572 5349
3 5572 5548 5349
3 5572 5571 5548
3 5572 5373 5573
3 5373 5574 5573
3 5373 5374 5574
3 5374 5351 5549
3 5374 5549 5574
3 5577 5576 5575
3 5563 5578 5562
3 5562 5578 5564
3 5564 5578 5579
3 5564 5579 5364
3 5579 5377 5364
3 5579 5580 5377
3 5377 5581 5378
3 5580 5581 5377
3 5378 5582 5379
3 5581 5582 5378
3 5368 5379 5565
3 5379 5583 5565
3 5379 5582 5583
3 5565 5583 5566
3 5566 5583 5584
3 5569 5380 5372
3 5587 5586 5585
3 5566 5584 5567
3 5587 5588 5586
3 5381 5380 5589
3 5569 5589 5380
3 5589 5569 5570
3 5590 5570 5571
3 5589 5570 5590
3 5591 5571 5572
3 5590 5571 5591
3 5592 5383 5384
3 5572 5592 5384
3 5591 5572 5384
3 5592 5572 5573
3 5385 5383 5592
3 5385 5592 5593
3 5596 5595 5594
3 5595 5387 5594
3 5595 5597 5387
3 5388 5594 5387
3 5585 5598 5587
3 5589 5390 5381
3 5598 5588 5587
3 5390 5589 5391
3 5391 5589 5590
3 5391 5590 5392
3 5392 5590 5591
3 5392 5591 5384
3 5593 5393 5385
3 5599 5393 5593
3 5602 5601 5600
3 5601 5394 5600
3 5601 5603 5394
3 5395 5600 5394
3 5599 5396 5393
3 5604 5396 5599
3 5398 5399 5605
3 5605 5399 5606
3 5604 5401 5396
3 5607 5401 5604
3 5610 5609 5608
3 5609 5403 5608
3 5609 5611 5403
3 5404 5608 5403
3 5607 5406 5401
3 5612 5406 5607
3 5610 5608 5613
3 5610 5613 5614
3 5407 5615 5404
3 5615 5608 5404
3 5615 5613 5608
3 5616 5615 5407
3 5406 5616 5407
3 5612 5616 5406
3 5614 5613 5617
3 5614 5617 5618
3 5619 5613 5615
3 5617 5613 5619
3 5615 5616 5620
3 5615 5620 5619
3 5618 5617 5621
3 5618 5621 5622
3 5623 5617 5619
3 5621 5617 5623
3 5619 5620 5624
3 5619 5624 5623
3 5622 5621 5625
3 5622 5625 5626
3 5627 5621 5623
3 5625 5621 5627
3 5623 5624 5628
3 5623 5628 5627
3 5631 5630 5629
3 5625 5631 5629
3 5627 5631 5625
3 5627 5628 5632
3 5627 5632 5631
3 5630 5631 5633
3 5630 5633 5634
3 5408 5409 5635
3 5632 5636 5631
3 5633 5631 5636
3 5634 5633 5637
3 5634 5637 5638
3 5410 5635 5409
3 5635 5410 5639
3 5637 5639 5410
3 5639 5637 5636
3 5633 5636 5637
3 5642 5641 5640
3 5640 5641 5638
3 5637 5640 5638
3 5643 5640 5637
3 5643 5637 5410
3 5644 5643 5410
3 5411 5644 5410
3 5645 5643 5644
3 5642 5640 5646
3 5642 5646 5647
3 5648 5640 5643
3 5646 5640 5648
3 5643 5645 5649
3 5643 5649 5648
3 5647 5646 5650
3 5647 5650 5651
3 5652 5646 5648
3 5650 5646 5652
3 5648 5649 5653
3 5648 5653 5652
3 5651 5650 5654
3 5651 5654 5655
3 5656 5650 5652
3 5654 5650 5656
3 5652 5653 5657
3 5652 5657 5656
3 5655 5654 5658
3 5655 5658 5659
3 5414 5658 5413
3 5658 5656 5413
3 5658 5654 5656
3 5415 5413 5656
3 5657 5415 5656
3 5660 5415 5657
3 5663 5662 5661
3 5416 5417 5661
3 5662 5416 5661
3 5664 5416 5662
3 5416 5665 5418
3 5664 5665 5416
3 5658 5419 5659
3 5419 5665 5659
3 5419 5418 5665
3 5419 5658 5414
3 5660 5420 5415
3 5666 5420 5660
3 5669 5668 5667
3 5421 5422 5667
3 5668 5421 5667
3 5670 5421 5668
3 5421 5671 5423
3 5670 5671 5421
3 5423 5672 5424
3 5671 5672 5423
3 5661 5425 5663
3 5425 5672 5663
3 5425 5424 5672
3 5425 5661 5417
3 5666 5426 5420
3 5673 5426 5666
3 5676 5675 5674
3 5428 5429 5674
3 5675 5428 5674
3 5677 5428 5675
3 5428 5678 5430
3 5677 5678 5428
3 5430 5679 5431
3 5678 5679 5430
3 5431 5680 5432
3 5679 5680 5431
3 5432 5681 5433
3 5680 5681 5432
3 5433 5682 5434
3 5681 5682 5433
3 5667 5435 5669
3 5435 5682 5669
3 5435 5434 5682
3 5435 5667 5422
3 5673 5436 5426
3 5683 5436 5673
3 5685 5684 5437
3 5685 5437 5438
3 5437 5686 5439
3 5684 5686 5437
3 5439 5687 5440
3 5686 5687 5439
3 5440 5688 5441
3 5687 5688 5440
3 5441 5689 5442
3 5688 5689 5441
3 5442 5690 5443
3 5689 5690 5442
3 5443 5691 5444
3 5690 5691 5443
3 5444 5692 5445
3 5691 5692 5444
3 5445 5693 5446
3 5692 5693 5445
3 5446 5694 5447
3 5693 5694 5446
3 5447 5695 5448
3 5694 5695 5447
3 5448 5696 5449
3 5695 5696 5448
3 5449 5697 5450
3 5696 5697 5449
3 5674 5451 5676
3 5451 5697 5676
3 5451 5450 5697
3 5451 5674 5429
3 5698 5452 5453
3 5455 5698 5453
3 5683 5456 5436
3 5699 5456 5683
3 5457 5458 5700
3 5700 5458 5701
3 5703 5702 5461
3 5461 5702 5460
3 5705 5704 5462
3 5704 5461 5462
3 5704 5703 5461
3 5464 5465 5705
3 5465 5704 5705
3 5465 5706 5704
3 5707 5465 5466
3 5707 5706 5465
3 5708 5466 5467
3 5708 5707 5466
3 5467 5452 5698
3 5709 5467 5698
3 5708 5467 5709
3 5709 5698 5455
3 5468 5709 5455
3 5710 5709 5468
3 5468 5456 5699
3 5468 5699 5710
3 5469 5701 5458
3 5469 5711 5701
3 5714 5713 5712
3 5716 5715 5712
3 5712 5715 5714
3 5718 5717 5716
3 5716 5717 5715
3 5472 5473 5718
3 5473 5717 5718
3 5473 5719 5717
3 5720 5473 5474
3 5720 5719 5473
3 5721 5474 5475
3 5721 5720 5474
3 5722 5475 5476
3 5722 5721 5475
3 5723 5476 5477
3 5723 5722 5476
3 5724 5477 5478
3 5724 5723 5477
3 5478 5460 5702
3 5478 5702 5724
3 5479 5705 5462
3 5705 5479 5464
3 5725 5481 5480
3 5725 5726 5481
3 5727 5480 5482
3 5727 5725 5480
3 5728 5482 5483
3 5728 5727 5482
3 5729 5483 5484
3 5729 5728 5483
3 5730 5484 5485
3 5730 5729 5484
3 5731 5485 5486
3 5731 5730 5485
3 5732 5486 5487
3 5732 5731 5486
3 5733 5487 5488
3 5733 5732 5487
3 5734 5488 5489
3 5734 5733 5488
3 5735 5489 5490
3 5735 5734 5489
3 5736 5490 5491
3 5736 5735 5490
3 5492 5712 5713
3 5736 5492 5713
3 5491 5492 5736
3 5712 5492 5493
3 5712 5493 5716
3 5716 5493 5494
3 5716 5494 5718
3 5718 5494 5472
3 5738 5737 5495
3 5738 5495 5496
3 5741 5740 5739
3 5743 5742 5739
3 5743 5739 5740
3 5746 5745 5744
3 5749 5748 5747
3 5498 5499 5747
3 5748 5498 5747
3 5750 5498 5748
3 5501 5752 5751
3 5753 5501 5751
3 5503 5501 5753
3 5756 5755 5754
3 5505 5756 5754
3 5507 5505 5754
3 5756 5505 5757
3 5507 5754 5509
3 5509 5754 5758
3 5509 5758 5511
3 5511 5758 5759
3 5513 5511 5759
3 5760 5513 5759
3 5761 5513 5760
3 5741 5739 5762
3 5741 5762 5763
3 5764 5739 5742
3 5762 5739 5764
3 5742 5766 5765
3 5767 5742 5765
3 5764 5742 5767
3 5767 5765 5746
3 5744 5767 5746
3 5768 5767 5744
3 5744 5770 5769
3 5771 5744 5769
3 5768 5744 5771
3 5771 5769 5749
3 5747 5771 5749
3 5772 5771 5747
3 5515 5772 5499
3 5499 5772 5747
3 5774 5773 5752
3 5752 5773 5751
3 5776 5775 5757
3 5757 5775 5756
3 5761 5519 5513
3 5777 5519 5761
3 5780 5779 5778
3 5762 5780 5778
3 5764 5780 5762
3 5781 5764 5767
3 5780 5764 5781
3 5782 5767 5768
3 5781 5767 5782
3 5783 5768 5771
3 5782 5768 5783
3 5784 5771 5772
3 5783 5771 5784
3 5520 5785 5515
3 5785 5772 5515
3 5785 5784 5772
3 5521 5785 5520
3 5777 5525 5519
3 5786 5525 5777
3 5787 5779 5780
3 5789 5788 5787
3 5780 5789 5787
3 5781 5789 5780
3 5790 5781 5782
3 5789 5781 5790
3 5791 5782 5783
3 5790 5782 5791
3 5792 5783 5784
3 5791 5783 5792
3 5793 5784 5785
3 5792 5784 5793
3 5527 5793 5521
3 5521 5793 5785
3 5786 5531 5525
3 5794 5531 5786
3 5533 5796 5795
3 5797 5533 5795
3 5535 5533 5797
3 5797 5799 5798
3 5536 5797 5798
3 5535 5797 5536
3 5800 5537 5536
3 5800 5536 5798
3 5801 5538 5537
3 5801 5537 5800
3 5802 5539 5538
3 5802 5538 5801
3 5804 5802 5803
3 5804 5539 5802
3 5804 5805 5541
3 5539 5804 5541
3 5806 5805 5804
3 5807 5788 5789
3 5809 5808 5807
3 5789 5809 5807
3 5790 5809 5789
3 5810 5790 5791
3 5809 5790 5810
3 5792 5812 5811
3 5810 5792 5811
3 5791 5792 5810
3 5812 5792 5793
3 5812 5793 5813
3 5813 5793 5527
3 5544 5813 5527
3 5814 5813 5544
3 5816 5814 5815
3 5814 5545 5815
3 5814 5544 5545
3 5815 5545 5546
3 5819 5818 5817
3 5821 5820 5817
3 5817 5820 5819
3 5821 5822 5820
3 5794 5549 5531
3 5823 5549 5794
3 5825 5824 5796
3 5534 5825 5796
3 5550 5825 5534
3 5796 5824 5795
3 5799 5826 5798
3 5798 5826 5800
3 5800 5826 5827
3 5800 5827 5801
3 5801 5827 5828
3 5801 5828 5802
3 5802 5828 5829
3 5805 5551 5541
3 5829 5803 5802
3 5806 5830 5805
3 5830 5551 5805
3 5830 5552 5551
3 5552 5831 5553
3 5830 5831 5552
3 5553 5832 5554
3 5831 5832 5553
3 5554 5833 5555
3 5832 5833 5554
3 5555 5834 5556
3 5833 5834 5555
3 5556 5835 5557
3 5834 5835 5556
3 5557 5836 5558
3 5835 5836 5557
3 5558 5837 5559
3 5836 5837 5558
3 5559 5838 5560
3 5837 5838 5559
3 5560 5839 5561
3 5838 5839 5560
3 5841 5840 5563
3 5561 5841 5563
3 5839 5841 5561
3 5842 5840 5841
3 5843 5808 5809
3 5845 5844 5843
3 5809 5845 5843
3 5810 5845 5809
3 5810 5811 5846
3 5847 5810 5846
3 5845 5810 5847
3 5849 5848 5847
3 5849 5847 5846
3 5851 5850 5848
3 5851 5848 5849
3 5850 5851 5816
3 5850 5816 5815
3 5567 5850 5815
3 5568 5567 5815
3 5818 5852 5817
3 5568 5815 5546
3 5817 5852 5821
3 5821 5852 5853
3 5853 5854 5821
3 5854 5855 5821
3 5856 5822 5821
3 5856 5821 5855
3 5573 5574 5857
3 5856 5855 5858
3 5859 5857 5574
3 5549 5859 5574
3 5823 5859 5549
3 5550 5575 5860
3 5861 5550 5860
3 5825 5550 5861
3 5576 5860 5575
3 5840 5578 5563
3 5842 5862 5840
3 5862 5578 5840
3 5862 5579 5578
3 5579 5863 5580
3 5862 5863 5579
3 5845 5581 5844
3 5581 5863 5844
3 5581 5580 5863
3 5581 5845 5582
3 5582 5845 5847
3 5582 5847 5583
3 5583 5847 5848
3 5583 5848 5584
3 5584 5848 5850
3 5584 5850 5567
3 5864 5585 5586
3 5588 5864 5586
3 5854 5865 5855
3 5857 5592 5573
3 5865 5858 5855
3 5593 5592 5857
3 5859 5593 5857
3 5866 5593 5859
3 5869 5868 5867
3 5868 5870 5867
3 5868 5871 5870
3 5595 5872 5870
3 5870 5872 5867
3 5596 5872 5595
3 5864 5598 5585
3 5598 5864 5588
3 5866 5599 5593
3 5873 5599 5866
3 5876 5875 5874
3 5875 5601 5874
3 5875 5877 5601
3 5602 5874 5601
3 5873 5604 5599
3 5878 5604 5873
3 5881 5880 5879
3 5880 5882 5879
3 5880 5883 5882
3 5605 5884 5882
3 5882 5884 5879
3 5606 5884 5605
3 5878 5607 5604
3 5885 5607 5878
3 5888 5887 5886
3 5879 5888 5886
3 5884 5888 5879
3 5890 5889 5606
3 5889 5884 5606
3 5889 5888 5884
3 5892 5891 5890
3 5890 5891 5889
3 5609 5893 5892
3 5892 5893 5891
3 5610 5893 5609
3 5885 5612 5607
3 5894 5612 5885
3 5887 5888 5895
3 5887 5895 5896
3 5897 5888 5889
3 5895 5888 5897
3 5898 5889 5891
3 5897 5889 5898
3 5899 5891 5893
3 5898 5891 5899
3 5614 5899 5610
3 5610 5899 5893
3 5894 5616 5612
3 5900 5616 5894
3 5896 5895 5901
3 5896 5901 5902
3 5903 5895 5897
3 5901 5895 5903
3 5904 5897 5898
3 5903 5897 5904
3 5905 5898 5899
3 5904 5898 5905
3 5618 5905 5614
3 5614 5905 5899
3 5900 5620 5616
3 5906 5620 5900
3 5909 5908 5907
3 5901 5909 5907
3 5903 5909 5901
3 5910 5903 5904
3 5909 5903 5910
3 5911 5904 5905
3 5910 5904 5911
3 5622 5911 5618
3 5618 5911 5905
3 5906 5624 5620
3 5912 5624 5906
3 5908 5909 5913
3 5908 5913 5914
3 5915 5909 5910
3 5913 5909 5915
3 5916 5910 5911
3 5915 5910 5916
3 5626 5916 5622
3 5622 5916 5911
3 5912 5628 5624
3 5917 5628 5912
3 5914 5913 5918
3 5914 5918 5919
3 5920 5913 5915
3 5918 5913 5920
3 5921 5915 5916
3 5920 5915 5921
3 5629 5922 5626
3 5922 5916 5626
3 5922 5921 5916
3 5630 5922 5629
3 5917 5632 5628
3 5923 5632 5917
3 5919 5918 5924
3 5919 5924 5925
3 5926 5918 5920
3 5924 5918 5926
3 5927 5920 5921
3 5926 5920 5927
3 5928 5921 5922
3 5927 5921 5928
3 5634 5928 5630
3 5630 5928 5922
3 5923 5636 5632
3 5929 5636 5923
3 5925 5924 5930
3 5925 5930 5931
3 5932 5924 5926
3 5930 5924 5932
3 5933 5926 5927
3 5932 5926 5933
3 5934 5927 5928
3 5933 5927 5934
3 5638 5934 5634
3 5634 5934 5928
3 5639 5636 5935
3 5636 5936 5935
3 5636 5929 5936
3 5931 5930 5937
3 5931 5937 5938
3 5939 5930 5932
3 5937 5930 5939
3 5940 5932 5933
3 5939 5932 5940
3 5642 5940 5641
3 5940 5934 5641
3 5940 5933 5934
3 5641 5934 5638
3 5942 5941 5936
3 5941 5645 5936
3 5644 5935 5936
3 5644 5936 5645
3 5938 5937 5943
3 5938 5943 5944
3 5945 5937 5939
3 5943 5937 5945
3 5946 5939 5940
3 5945 5939 5946
3 5647 5946 5642
3 5642 5946 5940
3 5948 5947 5941
3 5947 5645 5941
3 5947 5649 5645
3 5944 5943 5949
3 5944 5949 5950
3 5951 5943 5945
3 5949 5943 5951
3 5952 5945 5946
3 5951 5945 5952
3 5651 5952 5647
3 5647 5952 5946
3 5947 5653 5649
3 5953 5653 5947
3 5956 5955 5954
3 5954 5955 5950
3 5949 5954 5950
3 5957 5954 5949
3 5958 5949 5951
3 5957 5949 5958
3 5959 5951 5952
3 5958 5951 5959
3 5655 5959 5651
3 5651 5959 5952
3 5953 5657 5653
3 5960 5657 5953
3 5956 5954 5961
3 5956 5961 5962
3 5963 5954 5957
3 5961 5954 5963
3 5964 5957 5958
3 5963 5957 5964
3 5965 5958 5959
3 5964 5958 5965
3 5659 5965 5655
3 5655 5965 5959
3 5960 5660 5657
3 5966 5660 5960
3 5962 5961 5967
3 5962 5967 5968
3 5663 5967 5662
3 5967 5963 5662
3 5967 5961 5963
3 5662 5963 5664
3 5664 5963 5964
3 5664 5964 5665
3 5665 5964 5965
3 5665 5965 5659
3 5966 5666 5660
3 5969 5666 5966
3 5972 5971 5970
3 5668 5669 5970
3 5971 5668 5970
3 5973 5668 5971
3 5668 5974 5670
3 5973 5974 5668
3 5670 5975 5671
3 5974 5975 5670
3 5967 5672 5968
3 5672 5975 5968
3 5672 5671 5975
3 5672 5967 5663
3 5969 5673 5666
3 5976 5673 5969
3 5979 5978 5977
3 5981 5980 5977
3 5981 5977 5978
3 5675 5676 5980
3 5981 5675 5980
3 5982 5675 5981
3 5675 5983 5677
3 5982 5983 5675
3 5677 5984 5678
3 5983 5984 5677
3 5678 5985 5679
3 5984 5985 5678
3 5679 5986 5680
3 5985 5986 5679
3 5680 5987 5681
3 5986 5987 5680
3 5970 5682 5972
3 5682 5987 5972
3 5682 5681 5987
3 5682 5970 5669
3 5976 5683 5673
3 5988 5683 5976
3 5990 5989 5684
3 5990 5684 5685
3 5684 5991 5686
3 5989 5991 5684
3 5686 5992 5687
3 5991 5992 5686
3 5687 5993 5688
3 5992 5993 5687
3 5688 5994 5689
3 5993 5994 5688
3 5689 5995 5690
3 5994 5995 5689
3 5690 5996 5691
3 5995 5996 5690
3 5691 5997 5692
3 5996 5997 5691
3 5692 5998 5693
3 5997 5998 5692
3 5693 5999 5694
3 5998 5999 5693
3 5694 6000 5695
3 5999 6000 5694
3 5977 5696 5979
3 5696 6000 5979
3 5696 5695 6000
3 5696 5977 5697
3 5697 5977 5980
3 5697 5980 5676
3 6003 6002 6001
3 5988 6003 6001
3 5699 5988 6001
3 5683 5988 5699
3 5700 5701 6004
3 6004 5701 6005
3 6006 5702 5703
3 5704 6007 5703
3 5703 6007 6006
3 5706 6008 5704
3 5704 6008 6007
3 5707 6009 5706
3 5706 6009 6008
3 6009 5707 6010
3 5707 6011 6010
3 5707 5708 6011
3 6012 5708 5709
3 6012 6011 5708
3 5710 6001 6002
3 6012 5710 6002
3 5709 5710 6012
3 6001 5710 5699
3 5711 6005 5701
3 5711 6013 6005
3 6014 5713 5714
3 5715 6015 5714
3 5714 6015 6014
3 6015 5715 6016
3 5715 6017 6016
3 5715 5717 6017
3 6018 5717 5719
3 6018 6017 5717
3 6019 5719 5720
3 6019 6018 5719
3 6020 5720 5721
3 6020 6019 5720
3 6021 5721 5722
3 6021 6020 5721
3 6022 5722 5723
3 6022 6021 5722
3 6023 5723 5724
3 6023 6022 5723
3 5724 5702 6006
3 6024 5724 6006
3 6023 5724 6024
3 6024 6006 6007
3 6024 6007 6025
3 6025 6007 6008
3 6025 6008 6026
3 6026 6008 6009
3 6026 6009 6027
3 6027 6009 6010
3 6028 5726 5725
3 6028 6029 5726
3 6030 5725 5727
3 6030 6028 5725
3 6031 5727 5728
3 6031 6030 5727
3 6032 5728 5729
3 6032 6031 5728
3 6033 5729 5730
3 6033 6032 5729
3 6034 5730 5731
3 6034 6033 5730
3 6035 5731 5732
3 6035 6034 5731
3 6036 5732 5733
3 6036 6035 5732
3 6037 5733 5734
3 6037 6036 5733
3 6038 5734 5735
3 6038 6037 5734
3 6039 5735 5736
3 6039 6038 5735
3 5736 5713 6014
3 6040 5736 6014
3 6039 5736 6040
3 6040 6014 6015
3 6040 6015 6041
3 6041 6015 6016
3 6043 6042 5737
3 6043 5737 5738
3 6044 5737 6042
3 6044 6042 6045
3 6046 5770 5745
3 6049 6048 6047
3 6050 6047 6048
3 6047 6050 6051
3 5749 6047 5748
3 6047 6052 5748
3 6047 6051 6052
3 5748 6052 5750
3 5750 6052 6053
3 5750 6053 5774
3 6053 6054 5774
3 6053 6055 6054
3 5751 6054 5753
3 6054 6056 5753
3 6054 6055 6056
3 5753 6056 5776
3 6056 6057 5776
3 6056 6058 6057
3 5756 6057 5755
3 5755 6057 6058
3 6059 5761 5760
3 6060 5761 6059
3 6063 6062 6061
3 6065 6064 6061
3 6065 6061 6062
3 6067 6066 6064
3 6067 6064 6065
3 6069 6068 6066
3 6069 6066 6067
3 6071 6070 6068
3 6071 6068 6069
3 6073 6072 6070
3 6073 6070 6071
3 6075 6074 6072
3 6075 6072 6073
3 6077 6076 6074
3 6077 6074 6075
3 6079 6078 6076
3 6079 6076 6077
3 6081 6080 6078
3 6081 6078 6079
3 6083 6082 6080
3 6083 6080 6081
3 6085 6084 6082
3 6085 6082 6083
3 6087 6086 6084
3 6087 6084 6085
3 6089 6088 6086
3 6089 6086 6087
3 6091 6090 6088
3 6091 6088 6089
3 6093 6092 6090
3 6093 6090 6091
3 6093 6095 6094
3 5763 6093 6094
3 5741 5763 6094
3 6092 6093 5763
3 6094 6095 6096
3 6096 6095 6097
3 6096 6097 5766
3 6097 5765 5766
3 6097 6098 5765
3 5746 5765 6046
3 5765 6099 6046
3 5765 6098 6099
3 6049 6047 6099
3 6047 5769 6099
3 5770 6046 6099
3 5770 6099 5769
3 5769 6047 5749
3 6054 5773 5774
3 5773 6054 5751
3 6057 5775 5776
3 5775 6057 5756
3 6102 6101 6100
3 6104 6103 6100
3 6100 6103 6102
3 6060 6103 6104
3 5777 6060 6104
3 5761 6060 5777
3 6107 6106 6105
3 6061 6107 6105
3 6064 6107 6061
3 6110 6109 6108
3 6068 6110 6108
3 6070 6110 6068
3 6113 6112 6111
3 6072 6113 6111
3 6074 6113 6072
3 6114 6074 6076
3 6113 6074 6114
3 6115 6076 6078
3 6114 6076 6115
3 6116 6078 6080
3 6115 6078 6116
3 6117 6080 6082
3 6116 6080 6117
3 6118 6082 6084
3 6117 6082 6118
3 6119 6084 6086
3 6118 6084 6119
3 6120 6086 6088
3 6119 6086 6120
3 6121 6088 6090
3 6120 6088 6121
3 6122 6090 6092
3 6121 6090 6122
3 5778 6123 5763
3 6123 6092 5763
3 6123 6122 6092
3 5779 6123 5778
3 6100 6101 6124
3 6124 6101 6125
3 6100 6126 6104
3 6100 6124 6126
3 6126 5786 5777
3 6126 5777 6104
3 6129 6128 6127
3 6127 6128 6106
3 6107 6127 6106
3 6130 6127 6107
3 6107 6132 6131
3 6133 6107 6131
3 6130 6107 6133
3 6134 6133 6131
3 6135 6109 6110
3 6138 6137 6136
3 6139 6135 6110
3 6137 6138 6112
3 6113 6137 6112
3 6140 6137 6113
3 6141 6113 6114
3 6140 6113 6141
3 6115 6143 6142
3 6141 6115 6142
3 6114 6115 6141
3 6145 6144 6143
3 6115 6145 6143
3 6116 6145 6115
3 6146 6116 6117
3 6145 6116 6146
3 6147 6117 6118
3 6146 6117 6147
3 6148 6118 6119
3 6147 6118 6148
3 6149 6119 6120
3 6148 6119 6149
3 6150 6120 6121
3 6149 6120 6150
3 6151 6121 6122
3 6150 6121 6151
3 6152 6122 6123
3 6151 6122 6152
3 5787 6153 5779
3 6153 6123 5779
3 6153 6152 6123
3 5788 6153 5787
3 6125 6154 6124
3 6156 6155 6154
3 6155 6124 6154
3 6155 6126 6124
3 6155 5794 5786
3 6155 5786 6126
3 5795 6157 5797
3 6157 6127 5797
3 6127 6130 5797
3 6157 6158 6127
3 5797 6130 5799
3 6130 6159 5799
3 6130 6133 6159
3 6133 6134 6160
3 6161 6133 6160
3 6159 6133 6161
3 6162 6161 6160
3 6163 6136 6137
3 6164 5804 5803
3 6137 6165 6163
3 6165 6137 6140
3 6164 5806 5804
3 6167 6165 6166
3 6140 6166 6165
3 6166 6140 6141
3 6141 6142 6168
3 6169 6141 6168
3 6166 6141 6169
3 6169 6168 6144
3 6145 6169 6144
3 6170 6169 6145
3 6171 6145 6146
3 6170 6145 6171
3 6172 6146 6147
3 6171 6146 6172
3 6173 6147 6148
3 6172 6147 6173
3 6174 6148 6149
3 6173 6148 6174
3 6175 6149 6150
3 6174 6149 6175
3 6176 6150 6151
3 6175 6150 6176
3 6177 6151 6152
3 6176 6151 6177
3 6153 6179 6178
3 6177 6153 6178
3 6152 6153 6177
3 6179 6153 5788
3 5807 6179 5788
3 6180 6179 5807
3 6182 6181 5808
3 6181 5807 5808
3 6181 6180 5807
3 6184 6183 6182
3 6182 6183 6181
3 5811 5812 6184
3 5812 6183 6184
3 5812 6185 6183
3 6186 5812 5813
3 6186 6185 5812
3 6188 6186 6187
3 6186 5814 6187
3 6186 5813 5814
3 5816 6187 5814
3 6189 5818 5819
3 5820 6190 5819
3 5819 6190 6189
3 5822 6190 5820
3 6155 6156 6191
3 6191 6156 6192
3 6191 5823 5794
3 6191 5794 6155
3 6194 6193 5824
3 6194 5824 5825
3 5795 5824 6157
3 6157 5824 6193
3 6159 5826 5799
3 5826 6159 5827
3 5827 6159 6161
3 6162 6195 6161
3 6195 5827 6161
3 6195 5828 5827
3 5828 6196 5829
3 6195 6196 5828
3 5803 5829 6164
3 5829 6197 6164
3 5829 6196 6197
3 6167 6166 6197
3 6166 5830 6197
3 5806 6164 6197
3 5806 6197 5830
3 5830 6166 5831
3 5831 6166 6169
3 5831 6169 5832
3 5832 6169 6170
3 5832 6170 5833
3 5833 6170 6171
3 5833 6171 5834
3 5834 6171 6172
3 5834 6172 5835
3 5835 6172 6173
3 5835 6173 5836
3 5836 6173 6174
3 5836 6174 5837
3 5837 6174 6175
3 5837 6175 5838
3 5838 6175 6176
3 5838 6176 5839
3 5839 6176 6177
3 6178 6198 6177
3 6198 5839 6177
3 6198 5841 5839
3 6200 6199 5842
3 5841 6200 5842
3 6198 6200 5841
3 5808 5843 6182
3 6200 6201 6199
3 6202 6199 6201
3 6203 6202 6201
3 6202 6203 5844
3 6184 5844 6203
3 5844 6184 5843
3 6182 5843 6184
3 6184 6203 5811
3 6203 5846 5811
3 6203 6204 5846
3 5846 6205 5849
3 6204 6205 5846
3 6187 5851 6188
3 5851 6205 6188
3 5851 5849 6205
3 5851 6187 5816
3 6189 5852 5818
3 5852 6206 5853
3 6206 5852 6207
3 6189 6207 5852
3 6207 6189 6208
3 6190 6208 6189
3 6210 6209 5856
3 6190 5856 6209
3 5856 6190 5822
3 6208 6190 6209
3 5854 5853 6206
3 6211 6210 6192
3 5856 6192 6210
3 6192 5856 6191
3 5858 6191 5856
3 6191 5858 6212
3 6212 5859 5823
3 6212 5823 6191
3 6215 6214 6213
3 6199 5862 5842
3 5862 6199 5863
3 5863 6199 6202
3 5863 6202 5844
3 6207 6216 6206
3 6216 5854 6206
3 5854 6216 6217
3 6218 6217 6216
3 5854 6217 5865
3 6210 6219 6209
3 6211 6219 6210
3 6217 5858 5865
3 5858 6217 6212
3 6220 6212 6217
3 6220 5866 5859
3 6220 5859 6212
3 6223 6222 6221
3 6222 5868 6221
3 6222 6224 5868
3 5869 6221 5868
3 6218 6225 6217
3 6217 6225 6220
3 6220 6225 6226
3 5866 6220 6226
3 6227 5866 6226
3 5873 5866 6227
3 6230 6229 6228
3 6229 6231 6228
3 6229 6232 6231
3 5875 6233 6231
3 6231 6233 6228
3 5876 6233 5875
3 6227 5878 5873
3 6234 5878 6227
3 6230 6228 6235
3 6230 6235 6236
3 6237 6228 6233
3 6235 6228 6237
3 6239 6238 5876
3 6238 6233 5876
3 6238 6237 6233
3 6241 6240 6239
3 6239 6240 6238
3 6243 6242 6241
3 6241 6242 6240
3 5880 6244 6243
3 6243 6244 6242
3 5881 6244 5880
3 6234 5885 5878
3 6245 5885 6234
3 6248 6247 6246
3 6235 6248 6246
3 6237 6248 6235
3 6249 6237 6238
3 6248 6237 6249
3 6250 6238 6240
3 6249 6238 6250
3 6251 6240 6242
3 6250 6240 6251
3 6252 6242 6244
3 6251 6242 6252
3 5886 6253 5881
3 6253 6244 5881
3 6253 6252 6244
3 5887 6253 5886
3 6245 5894 5885
3 6254 5894 6245
3 6257 6256 6255
3 6248 6257 6255
3 6249 6257 6248
3 6258 6249 6250
3 6257 6249 6258
3 6259 6250 6251
3 6258 6250 6259
3 6260 6251 6252
3 6259 6251 6260
3 6261 6252 6253
3 6260 6252 6261
3 5896 6261 5887
3 5887 6261 6253
3 6254 5900 5894
3 6262 5900 6254
3 6256 6257 6263
3 6256 6263 6264
3 6265 6257 6258
3 6263 6257 6265
3 6266 6258 6259
3 6265 6258 6266
3 6267 6259 6260
3 6266 6259 6267
3 6268 6260 6261
3 6267 6260 6268
3 5902 6268 5896
3 5896 6268 6261
3 6262 5906 5900
3 6269 5906 6262
3 6272 6271 6270
3 6263 6272 6270
3 6265 6272 6263
3 6273 6265 6266
3 6272 6265 6273
3 6274 6266 6267
3 6273 6266 6274
3 6275 6267 6268
3 6274 6267 6275
3 5907 6276 5902
3 6276 6268 5902
3 6276 6275 6268
3 5908 6276 5907
3 6269 5912 5906
3 6277 5912 6269
3 6271 6272 6278
3 6271 6278 6279
3 6280 6272 6273
3 6278 6272 6280
3 6281 6273 6274
3 6280 6273 6281
3 6282 6274 6275
3 6281 6274 6282
3 6283 6275 6276
3 6282 6275 6283
3 5914 6283 5908
3 5908 6283 6276
3 6277 5917 5912
3 6284 5917 6277
3 6279 6278 6285
3 6279 6285 6286
3 6287 6278 6280
3 6285 6278 6287
3 6288 6280 6281
3 6287 6280 6288
3 6289 6281 6282
3 6288 6281 6289
3 6290 6282 6283
3 6289 6282 6290
3 5919 6290 5914
3 5914 6290 6283
3 6284 5923 5917
3 6291 5923 6284
3 6286 6285 6292
3 6286 6292 6293
3 6294 6285 6287
3 6292 6285 6294
3 6295 6287 6288
3 6294 6287 6295
3 6296 6288 6289
3 6295 6288 6296
3 6297 6289 6290
3 6296 6289 6297
3 5925 6297 5919
3 5919 6297 6290
3 6291 5929 5923
3 6298 5929 6291
3 6293 6292 6299
3 6293 6299 6300
3 6301 6292 6294
3 6299 6292 6301
3 6302 6294 6295
3 6301 6294 6302
3 6303 6295 6296
3 6302 6295 6303
3 6304 6296 6297
3 6303 6296 6304
3 5931 6304 5925
3 5925 6304 6297
3 6298 5936 5929
3 6305 5936 6298
3 6300 6299 6306
3 6300 6306 6307
3 6308 6299 6301
3 6306 6299 6308
3 6309 6301 6302
3 6308 6301 6309
3 6310 6302 6303
3 6309 6302 6310
3 6311 6303 6304
3 6310 6303 6311
3 5938 6311 5931
3 5931 6311 6304
3 5942 5936 6312
3 5936 6313 6312
3 5936 6305 6313
3 6307 6306 6314
3 6307 6314 6315
3 6316 6306 6308
3 6314 6306 6316
3 6317 6308 6309
3 6316 6308 6317
3 6318 6309 6310
3 6317 6309 6318
3 6319 6310 6311
3 6318 6310 6319
3 5944 6319 5938
3 5938 6319 6311
3 6312 6313 5948
3 6313 5947 5948
3 6313 6320 5947
3 6323 6322 6321
3 6321 6322 6315
3 6314 6321 6315
3 6324 6321 6314
3 6325 6314 6316
3 6324 6314 6325
3 6326 6316 6317
3 6325 6316 6326
3 6327 6317 6318
3 6326 6317 6327
3 6328 6318 6319
3 6327 6318 6328
3 5950 6328 5944
3 5944 6328 6319
3 6320 5953 5947
3 6329 5953 6320
3 6323 6321 6330
3 6323 6330 6331
3 6332 6321 6324
3 6330 6321 6332
3 6333 6324 6325
3 6332 6324 6333
3 6334 6325 6326
3 6333 6325 6334
3 6335 6326 6327
3 6334 6326 6335
3 5956 6335 5955
3 6335 6328 5955
3 6335 6327 6328
3 5955 6328 5950
3 6329 5960 5953
3 6336 5960 6329
3 6331 6330 6337
3 6331 6337 6338
3 6339 6330 6332
3 6337 6330 6339
3 6340 6332 6333
3 6339 6332 6340
3 6341 6333 6334
3 6340 6333 6341
3 6342 6334 6335
3 6341 6334 6342
3 5962 6342 5956
3 5956 6342 6335
3 6336 5966 5960
3 6343 5966 6336
3 6346 6345 6344
3 6344 6345 6338
3 6337 6344 6338
3 6347 6344 6337
3 6348 6337 6339
3 6347 6337 6348
3 6349 6339 6340
3 6348 6339 6349
3 6350 6340 6341
3 6349 6340 6350
3 6351 6341 6342
3 6350 6341 6351
3 5968 6351 5962
3 5962 6351 6342
3 6343 5969 5966
3 6352 5969 6343
3 6355 6354 6353
3 6357 6356 6353
3 6357 6353 6354
3 6356 6357 6346
3 6344 6356 6346
3 6358 6356 6344
3 6359 6344 6347
3 6358 6344 6359
3 5972 6359 5971
3 6359 6348 5971
3 6359 6347 6348
3 5971 6348 5973
3 5973 6348 6349
3 5973 6349 5974
3 5974 6349 6350
3 5974 6350 5975
3 5975 6350 6351
3 5975 6351 5968
3 6352 5976 5969
3 6360 5976 6352
3 6363 6362 6361
3 6365 6364 6361
3 6365 6361 6362
3 5978 5979 6364
3 6365 5978 6364
3 6366 5978 6365
3 5978 6367 5981
3 6366 6367 5978
3 5981 6368 5982
3 6367 6368 5981
3 5982 6369 5983
3 6368 6369 5982
3 6353 5984 6355
3 5984 6369 6355
3 5984 5983 6369
3 5984 6353 5985
3 5985 6353 6356
3 5985 6356 5986
3 5986 6356 6358
3 5986 6358 5987
3 5987 6358 6359
3 5987 6359 5972
3 6360 5988 5976
3 6370 5988 6360
3 6372 6371 5989
3 6372 5989 5990
3 5989 6373 5991
3 6371 6373 5989
3 5991 6374 5992
3 6373 6374 5991
3 5992 6375 5993
3 6374 6375 5992
3 5993 6376 5994
3 6375 6376 5993
3 5994 6377 5995
3 6376 6377 5994
3 5995 6378 5996
3 6377 6378 5995
3 5996 6379 5997
3 6378 6379 5996
3 5997 6380 5998
3 6379 6380 5997
3 6361 5999 6363
3 5999 6380 6363
3 5999 5998 6380
3 5999 6361 6000
3 6000 6361 6364
3 6000 6364 5979
3 6383 6382 6381
3 6002 6003 6381
3 6003 6383 6381
3 6003 6384 6383
3 6003 5988 6370
3 6003 6370 6384
3 5990 6004 6385
3 6386 5990 6385
3 6372 5990 6386
3 6005 6385 6004
3 6389 6388 6387
3 6010 6011 6387
3 6011 6389 6387
3 6011 6390 6389
3 6012 6381 6382
3 6390 6012 6382
3 6011 6012 6390
3 6381 6012 6002
3 6393 6392 6391
3 6391 6392 6386
3 6385 6391 6386
3 6394 6391 6385
3 6013 6394 6005
3 6005 6394 6385
3 6395 6016 6017
3 6395 6017 6396
3 6017 6397 6396
3 6017 6018 6397
3 6398 6018 6019
3 6398 6397 6018
3 6399 6019 6020
3 6399 6398 6019
3 6400 6020 6021
3 6400 6399 6020
3 6401 6021 6022
3 6401 6400 6021
3 6402 6022 6023
3 6402 6401 6022
3 6403 6023 6024
3 6403 6402 6023
3 6404 6024 6025
3 6404 6403 6024
3 6405 6025 6026
3 6405 6404 6025
3 6027 6387 6388
3 6405 6027 6388
3 6026 6027 6405
3 6387 6027 6010
3 6393 6391 6406
3 6393 6406 6407
3 6408 6391 6394
3 6406 6391 6408
3 6029 6409 6013
3 6409 6394 6013
3 6409 6408 6394
3 6409 6029 6410
3 6029 6411 6410
3 6029 6028 6411
3 6412 6028 6030
3 6412 6411 6028
3 6413 6030 6031
3 6413 6412 6030
3 6414 6031 6032
3 6414 6413 6031
3 6415 6032 6033
3 6415 6414 6032
3 6416 6033 6034
3 6416 6415 6033
3 6417 6034 6035
3 6417 6416 6034
3 6418 6035 6036
3 6418 6417 6035
3 6419 6036 6037
3 6419 6418 6036
3 6420 6037 6038
3 6420 6419 6037
3 6421 6038 6039
3 6421 6420 6038
3 6422 6039 6040
3 6422 6421 6039
3 6423 6040 6041
3 6423 6422 6040
3 6041 6016 6395
3 6424 6041 6395
3 6423 6041 6424
3 6424 6395 6396
3 6043 6425 6042
3 6425 6045 6042
3 6428 6427 6426
3 6426 6427 6429
3 6430 6426 6429
3 6431 6426 6430
3 6430 6433 6432
3 6434 6430 6432
3 6431 6430 6434
3 6436 6435 6434
3 6436 6434 6432
3 6435 6436 6437
3 6438 6435 6437
3 6439 6435 6438
3 6441 6438 6440
3 6439 6438 6441
3 6440 6443 6442
3 6444 6440 6442
3 6441 6440 6444
3 6446 6445 6444
3 6446 6444 6442
3 6445 6446 6447
3 6448 6445 6447
3 6449 6445 6448
3 6448 6451 6450
3 6452 6448 6450
3 6449 6448 6452
3 6454 6453 6452
3 6454 6452 6450
3 6453 6454 6455
3 6456 6453 6455
3 6457 6453 6456
3 6456 6459 6458
3 6460 6456 6458
3 6457 6456 6460
3 6462 6460 6461
3 6460 6463 6461
3 6463 6464 6461
3 6463 6460 6458
3 6048 6465 6461
3 6461 6465 6462
3 6468 6467 6466
3 6465 6048 6049
3 6466 6467 6469
3 6469 6467 6470
3 6470 6471 6469
3 6471 6472 6469
3 6474 6473 6469
3 6474 6469 6472
3 6474 6472 6475
3 6472 6476 6475
3 6472 6477 6476
3 6476 6479 6478
3 6476 6477 6479
3 6478 6481 6480
3 6478 6479 6481
3 6480 6483 6482
3 6480 6481 6483
3 6482 6485 6484
3 6482 6483 6485
3 6484 6487 6486
3 6484 6485 6487
3 6067 6489 6488
3 6490 6067 6488
3 6069 6067 6490
3 6075 6491 6077
3 6492 6077 6491
3 6077 6492 6434
3 6493 6434 6492
3 6434 6493 6431
3 6077 6434 6079
3 6079 6434 6435
3 6079 6435 6081
3 6081 6435 6439
3 6081 6439 6083
3 6083 6439 6441
3 6083 6441 6085
3 6085 6441 6444
3 6085 6444 6087
3 6087 6444 6445
3 6087 6445 6089
3 6089 6445 6449
3 6089 6449 6091
3 6091 6449 6452
3 6091 6452 6093
3 6093 6452 6453
3 6093 6453 6095
3 6095 6453 6457
3 6095 6457 6097
3 6097 6457 6460
3 6097 6460 6098
3 6098 6460 6462
3 6098 6462 6099
3 6099 6462 6465
3 6099 6465 6049
3 6471 6494 6472
3 6496 6495 6494
3 6495 6472 6494
3 6495 6477 6472
3 6477 6497 6479
3 6477 6495 6497
3 6479 6498 6481
3 6479 6497 6498
3 6481 6499 6483
3 6481 6498 6499
3 6499 6101 6102
3 6485 6499 6102
3 6483 6499 6485
3 6485 6102 6103
3 6485 6103 6487
3 6487 6103 6060
3 6500 6063 6105
3 6503 6502 6501
3 6504 6502 6503
3 6502 6504 6106
3 6505 6106 6504
3 6106 6505 6105
3 6500 6105 6505
3 6507 6506 6504
3 6132 6504 6506
3 6504 6132 6505
3 6508 6505 6132
3 6505 6508 6489
3 6108 6489 6508
3 6489 6108 6488
3 6509 6488 6108
3 6488 6509 6507
3 6506 6507 6509
3 6512 6511 6510
3 6509 6108 6109
3 6514 6513 6511
3 6139 6511 6513
3 6511 6139 6510
3 6111 6510 6139
3 6510 6111 6515
3 6516 6513 6514
3 6513 6516 6112
3 6491 6112 6516
3 6112 6491 6111
3 6515 6111 6491
3 6491 6516 6492
3 6519 6518 6517
3 6519 6517 6496
3 6517 6495 6496
3 6517 6520 6495
3 6495 6521 6497
3 6495 6520 6521
3 6497 6522 6498
3 6497 6521 6522
3 6498 6523 6499
3 6498 6522 6523
3 6523 6125 6101
3 6523 6101 6499
3 6501 6502 6128
3 6129 6501 6128
3 6524 6501 6129
3 6128 6502 6106
3 6506 6131 6132
3 6131 6506 6134
3 6506 6525 6134
3 6506 6509 6525
3 6135 6526 6109
3 6526 6509 6109
3 6526 6525 6509
3 6513 6527 6139
3 6526 6139 6527
3 6139 6526 6135
3 6528 6526 6527
3 6138 6136 6529
3 6527 6513 6530
3 6112 6530 6513
3 6530 6112 6531
3 6138 6531 6112
3 6531 6138 6529
3 6531 6532 6530
3 6533 6142 6143
3 6144 6533 6143
3 6518 6534 6517
3 6536 6535 6534
3 6535 6517 6534
3 6535 6520 6517
3 6520 6537 6521
3 6520 6535 6537
3 6521 6538 6522
3 6521 6537 6538
3 6522 6539 6523
3 6522 6538 6539
3 6540 6154 6125
3 6523 6540 6125
3 6539 6540 6523
3 6540 6156 6154
3 6129 6158 6541
3 6542 6129 6541
3 6524 6129 6542
3 6157 6541 6158
3 6525 6160 6134
3 6160 6525 6162
3 6525 6543 6162
3 6525 6526 6543
3 6529 6136 6544
3 6545 6529 6544
3 6528 6545 6544
3 6526 6528 6544
3 6543 6526 6544
3 6546 6543 6544
3 6163 6546 6544
3 6136 6163 6544
3 6547 6531 6545
3 6529 6545 6531
3 6546 6165 6548
3 6165 6546 6163
3 6547 6532 6531
3 6167 6548 6165
3 6533 6168 6142
3 6168 6533 6144
3 6551 6550 6549
3 6553 6552 6549
3 6549 6552 6551
3 6178 6179 6553
3 6179 6552 6553
3 6179 6554 6552
3 6555 6179 6180
3 6555 6554 6179
3 6556 6180 6181
3 6556 6555 6180
3 6557 6181 6183
3 6557 6556 6181
3 6558 6183 6185
3 6558 6557 6183
3 6559 6185 6186
3 6559 6558 6185
3 6560 6535 6188
3 6535 6559 6188
3 6559 6186 6188
3 6535 6536 6559
3 6535 6561 6537
3 6535 6560 6561
3 6537 6562 6538
3 6537 6561 6562
3 6538 6563 6539
3 6538 6562 6563
3 6539 6564 6540
3 6539 6563 6564
3 6564 6192 6156
3 6564 6156 6540
3 6542 6541 6193
3 6194 6542 6193
3 6565 6542 6194
3 6193 6541 6157
3 6543 6195 6162
3 6195 6543 6196
3 6196 6543 6546
3 6196 6546 6197
3 6197 6546 6548
3 6197 6548 6167
3 6550 6566 6549
3 6549 6566 6553
3 6553 6566 6567
3 6553 6567 6178
3 6567 6198 6178
3 6567 6568 6198
3 6198 6569 6200
3 6568 6569 6198
3 6200 6570 6201
3 6569 6570 6200
3 6201 6571 6203
3 6570 6571 6201
3 6571 6573 6572
3 6204 6571 6572
3 6203 6571 6204
3 6574 6205 6204
3 6574 6204 6572
3 6560 6188 6205
3 6574 6560 6205
3 6575 6560 6574
3 6560 6576 6561
3 6560 6575 6576
3 6561 6577 6562
3 6561 6576 6577
3 6577 6207 6208
3 6563 6577 6208
3 6562 6577 6563
3 6563 6208 6209
3 6578 6563 6209
3 6564 6563 6578
3 6578 6211 6192
3 6578 6192 6564
3 6194 6213 6579
3 6580 6194 6579
3 6565 6194 6580
3 6214 6579 6213
3 6573 6581 6572
3 6572 6581 6574
3 6574 6581 6582
3 6574 6582 6575
3 6575 6582 6583
3 6585 6584 6583
3 6584 6575 6583
3 6584 6576 6575
3 6576 6586 6577
3 6576 6584 6586
3 6587 6216 6207
3 6577 6587 6207
3 6586 6587 6577
3 6219 6578 6209
3 6218 6216 6587
3 6578 6219 6211
3 6580 6579 6588
3 6580 6588 6589
3 6591 6590 6214
3 6590 6579 6214
3 6590 6588 6579
3 6593 6592 6591
3 6591 6592 6590
3 6595 6594 6593
3 6593 6594 6592
3 6597 6596 6595
3 6595 6596 6594
3 6599 6598 6597
3 6597 6598 6596
3 6601 6600 6599
3 6599 6600 6598
3 6603 6602 6601
3 6601 6602 6600
3 6222 6604 6603
3 6603 6604 6602
3 6223 6604 6222
3 6585 6605 6584
3 6584 6605 6586
3 6586 6605 6606
3 6608 6607 6606
3 6607 6586 6606
3 6607 6587 6586
3 6609 6225 6218
3 6587 6609 6218
3 6607 6609 6587
3 6610 6226 6225
3 6610 6225 6609
3 6610 6227 6226
3 6589 6588 6611
3 6589 6611 6612
3 6613 6588 6590
3 6611 6588 6613
3 6614 6590 6592
3 6613 6590 6614
3 6615 6592 6594
3 6614 6592 6615
3 6616 6594 6596
3 6615 6594 6616
3 6617 6596 6598
3 6616 6596 6617
3 6618 6598 6600
3 6617 6598 6618
3 6619 6600 6602
3 6618 6600 6619
3 6620 6602 6604
3 6619 6602 6620
3 6622 6621 6223
3 6621 6604 6223
3 6621 6620 6604
3 6624 6623 6622
3 6622 6623 6621
3 6626 6625 6624
3 6624 6625 6623
3 6628 6627 6626
3 6626 6627 6625
3 6630 6629 6628
3 6628 6629 6627
3 6632 6631 6630
3 6630 6631 6629
3 6229 6633 6632
3 6632 6633 6631
3 6230 6633 6229
3 6608 6634 6607
3 6636 6635 6634
3 6635 6607 6634
3 6635 6609 6607
3 6638 6610 6637
3 6610 6635 6637
3 6610 6609 6635
3 6227 6610 6638
3 6639 6227 6638
3 6234 6227 6639
3 6612 6611 6640
3 6612 6640 6641
3 6642 6611 6613
3 6640 6611 6642
3 6643 6613 6614
3 6642 6613 6643
3 6644 6614 6615
3 6643 6614 6644
3 6645 6615 6616
3 6644 6615 6645
3 6646 6616 6617
3 6645 6616 6646
3 6647 6617 6618
3 6646 6617 6647
3 6648 6618 6619
3 6647 6618 6648
3 6649 6619 6620
3 6648 6619 6649
3 6650 6620 6621
3 6649 6620 6650
3 6651 6621 6623
3 6650 6621 6651
3 6652 6623 6625
3 6651 6623 6652
3 6653 6625 6627
3 6652 6625 6653
3 6654 6627 6629
3 6653 6627 6654
3 6655 6629 6631
3 6654 6629 6655
3 6656 6631 6633
3 6655 6631 6656
3 6236 6656 6230
3 6230 6656 6633
3 6636 6657 6635
3 6657 6658 6635
3 6658 6659 6635
3 6660 6637 6635
3 6660 6635 6659
3 6639 6660 6659
3 6245 6639 6659
3 6234 6639 6245
3 6641 6640 6661
3 6641 6661 6662
3 6663 6640 6642
3 6661 6640 6663
3 6664 6642 6643
3 6663 6642 6664
3 6665 6643 6644
3 6664 6643 6665
3 6666 6644 6645
3 6665 6644 6666
3 6667 6645 6646
3 6666 6645 6667
3 6668 6646 6647
3 6667 6646 6668
3 6669 6647 6648
3 6668 6647 6669
3 6670 6648 6649
3 6669 6648 6670
3 6671 6649 6650
3 6670 6649 6671
3 6672 6650 6651
3 6671 6650 6672
3 6673 6651 6652
3 6672 6651 6673
3 6674 6652 6653
3 6673 6652 6674
3 6675 6653 6654
3 6674 6653 6675
3 6676 6654 6655
3 6675 6654 6676
3 6677 6655 6656
3 6676 6655 6677
3 6246 6678 6236
3 6678 6656 6236
3 6678 6677 6656
3 6247 6678 6246
3 6658 6679 6659
3 6245 6659 6679
3 6680 6245 6679
3 6254 6245 6680
3 6662 6661 6681
3 6662 6681 6682
3 6683 6661 6663
3 6681 6661 6683
3 6684 6663 6664
3 6683 6663 6684
3 6685 6664 6665
3 6684 6664 6685
3 6686 6665 6666
3 6685 6665 6686
3 6687 6666 6667
3 6686 6666 6687
3 6688 6667 6668
3 6687 6667 6688
3 6689 6668 6669
3 6688 6668 6689
3 6690 6669 6670
3 6689 6669 6690
3 6691 6670 6671
3 6690 6670 6691
3 6692 6671 6672
3 6691 6671 6692
3 6693 6672 6673
3 6692 6672 6693
3 6694 6673 6674
3 6693 6673 6694
3 6695 6674 6675
3 6694 6674 6695
3 6696 6675 6676
3 6695 6675 6696
3 6697 6676 6677
3 6696 6676 6697
3 6698 6677 6678
3 6697 6677 6698
3 6255 6699 6247
3 6699 6678 6247
3 6699 6698 6678
3 6256 6699 6255
3 6702 6701 6700
3 6680 6702 6700
3 6262 6680 6700
3 6254 6680 6262
3 6682 6681 6703
3 6682 6703 6704
3 6705 6681 6683
3 6703 6681 6705
3 6706 6683 6684
3 6705 6683 6706
3 6707 6684 6685
3 6706 6684 6707
3 6708 6685 6686
3 6707 6685 6708
3 6709 6686 6687
3 6708 6686 6709
3 6710 6687 6688
3 6709 6687 6710
3 6711 6688 6689
3 6710 6688 6711
3 6712 6689 6690
3 6711 6689 6712
3 6713 6690 6691
3 6712 6690 6713
3 6714 6691 6692
3 6713 6691 6714
3 6715 6692 6693
3 6714 6692 6715
3 6716 6693 6694
3 6715 6693 6716
3 6717 6694 6695
3 6716 6694 6717
3 6718 6695 6696
3 6717 6695 6718
3 6719 6696 6697
3 6718 6696 6719
3 6720 6697 6698
3 6719 6697 6720
3 6721 6698 6699
3 6720 6698 6721
3 6264 6721 6256
3 6256 6721 6699
3 6724 6723 6722
3 6724 6722 6701
3 6722 6700 6701
3 6722 6725 6700
3 6725 6269 6262
3 6725 6262 6700
3 6704 6703 6726
3 6704 6726 6727
3 6728 6703 6705
3 6726 6703 6728
3 6729 6705 6706
3 6728 6705 6729
3 6730 6706 6707
3 6729 6706 6730
3 6731 6707 6708
3 6730 6707 6731
3 6732 6708 6709
3 6731 6708 6732
3 6733 6709 6710
3 6732 6709 6733
3 6734 6710 6711
3 6733 6710 6734
3 6735 6711 6712
3 6734 6711 6735
3 6736 6712 6713
3 6735 6712 6736
3 6737 6713 6714
3 6736 6713 6737
3 6738 6714 6715
3 6737 6714 6738
3 6739 6715 6716
3 6738 6715 6739
3 6740 6716 6717
3 6739 6716 6740
3 6741 6717 6718
3 6740 6717 6741
3 6742 6718 6719
3 6741 6718 6742
3 6743 6719 6720
3 6742 6719 6743
3 6744 6720 6721
3 6743 6720 6744
3 6270 6745 6264
3 6745 6721 6264
3 6745 6744 6721
3 6271 6745 6270
3 6723 6746 6722
3 6748 6747 6746
3 6747 6722 6746
3 6747 6725 6722
3 6747 6277 6269
3 6747 6269 6725
3 6727 6726 6749
3 6727 6749 6750
3 6751 6726 6728
3 6749 6726 6751
3 6752 6728 6729
3 6751 6728 6752
3 6753 6729 6730
3 6752 6729 6753
3 6754 6730 6731
3 6753 6730 6754
3 6755 6731 6732
3 6754 6731 6755
3 6756 6732 6733
3 6755 6732 6756
3 6757 6733 6734
3 6756 6733 6757
3 6758 6734 6735
3 6757 6734 6758
3 6759 6735 6736
3 6758 6735 6759
3 6760 6736 6737
3 6759 6736 6760
3 6761 6737 6738
3 6760 6737 6761
3 6762 6738 6739
3 6761 6738 6762
3 6763 6739 6740
3 6762 6739 6763
3 6764 6740 6741
3 6763 6740 6764
3 6765 6741 6742
3 6764 6741 6765
3 6766 6742 6743
3 6765 6742 6766
3 6767 6743 6744
3 6766 6743 6767
3 6768 6744 6745
3 6767 6744 6768
3 6279 6768 6271
3 6271 6768 6745
3 6747 6748 6769
3 6769 6748 6770
3 6769 6284 6277
3 6769 6277 6747
3 6750 6749 6771
3 6750 6771 6772
3 6773 6749 6751
3 6771 6749 6773
3 6774 6751 6752
3 6773 6751 6774
3 6775 6752 6753
3 6774 6752 6775
3 6776 6753 6754
3 6775 6753 6776
3 6777 6754 6755
3 6776 6754 6777
3 6778 6755 6756
3 6777 6755 6778
3 6779 6756 6757
3 6778 6756 6779
3 6780 6757 6758
3 6779 6757 6780
3 6781 6758 6759
3 6780 6758 6781
3 6782 6759 6760
3 6781 6759 6782
3 6783 6760 6761
3 6782 6760 6783
3 6784 6761 6762
3 6783 6761 6784
3 6785 6762 6763
3 6784 6762 6785
3 6786 6763 6764
3 6785 6763 6786
3 6787 6764 6765
3 6786 6764 6787
3 6788 6765 6766
3 6787 6765 6788
3 6789 6766 6767
3 6788 6766 6789
3 6790 6767 6768
3 6789 6767 6790
3 6286 6790 6279
3 6279 6790 6768
3 6769 6770 6791
3 6791 6770 6792
3 6791 6291 6284
3 6791 6284 6769
3 6772 6771 6793
3 6772 6793 6794
3 6795 6771 6773
3 6793 6771 6795
3 6796 6773 6774
3 6795 6773 6796
3 6797 6774 6775
3 6796 6774 6797
3 6798 6775 6776
3 6797 6775 6798
3 6799 6776 6777
3 6798 6776 6799
3 6800 6777 6778
3 6799 6777 6800
3 6801 6778 6779
3 6800 6778 6801
3 6802 6779 6780
3 6801 6779 6802
3 6803 6780 6781
3 6802 6780 6803
3 6804 6781 6782
3 6803 6781 6804
3 6805 6782 6783
3 6804 6782 6805
3 6806 6783 6784
3 6805 6783 6806
3 6807 6784 6785
3 6806 6784 6807
3 6808 6785 6786
3 6807 6785 6808
3 6809 6786 6787
3 6808 6786 6809
3 6810 6787 6788
3 6809 6787 6810
3 6811 6788 6789
3 6810 6788 6811
3 6812 6789 6790
3 6811 6789 6812
3 6293 6812 6286
3 6286 6812 6790
3 6792 6813 6791
3 6291 6791 6813
3 6814 6291 6813
3 6298 6291 6814
3 6794 6793 6815
3 6794 6815 6816
3 6817 6793 6795
3 6815 6793 6817
3 6818 6795 6796
3 6817 6795 6818
3 6819 6796 6797
3 6818 6796 6819
3 6820 6797 6798
3 6819 6797 6820
3 6821 6798 6799
3 6820 6798 6821
3 6822 6799 6800
3 6821 6799 6822
3 6823 6800 6801
3 6822 6800 6823
3 6824 6801 6802
3 6823 6801 6824
3 6825 6802 6803
3 6824 6802 6825
3 6826 6803 6804
3 6825 6803 6826
3 6827 6804 6805
3 6826 6804 6827
3 6828 6805 6806
3 6827 6805 6828
3 6829 6806 6807
3 6828 6806 6829
3 6830 6807 6808
3 6829 6807 6830
3 6831 6808 6809
3 6830 6808 6831
3 6832 6809 6810
3 6831 6809 6832
3 6833 6810 6811
3 6832 6810 6833
3 6834 6811 6812
3 6833 6811 6834
3 6300 6834 6293
3 6293 6834 6812
3 6814 6305 6298
3 6835 6305 6814
3 6816 6815 6836
3 6816 6836 6837
3 6838 6815 6817
3 6836 6815 6838
3 6839 6817 6818
3 6838 6817 6839
3 6840 6818 6819
3 6839 6818 6840
3 6841 6819 6820
3 6840 6819 6841
3 6842 6820 6821
3 6841 6820 6842
3 6843 6821 6822
3 6842 6821 6843
3 6844 6822 6823
3 6843 6822 6844
3 6845 6823 6824
3 6844 6823 6845
3 6846 6824 6825
3 6845 6824 6846
3 6847 6825 6826
3 6846 6825 6847
3 6848 6826 6827
3 6847 6826 6848
3 6849 6827 6828
3 6848 6827 6849
3 6850 6828 6829
3 6849 6828 6850
3 6851 6829 6830
3 6850 6829 6851
3 6852 6830 6831
3 6851 6830 6852
3 6853 6831 6832
3 6852 6831 6853
3 6854 6832 6833
3 6853 6832 6854
3 6855 6833 6834
3 6854 6833 6855
3 6307 6855 6300
3 6300 6855 6834
3 6835 6313 6305
3 6856 6313 6835
3 6837 6836 6857
3 6837 6857 6858
3 6859 6836 6838
3 6857 6836 6859
3 6860 6838 6839
3 6859 6838 6860
3 6861 6839 6840
3 6860 6839 6861
3 6862 6840 6841
3 6861 6840 6862
3 6863 6841 6842
3 6862 6841 6863
3 6864 6842 6843
3 6863 6842 6864
3 6865 6843 6844
3 6864 6843 6865
3 6866 6844 6845
3 6865 6844 6866
3 6867 6845 6846
3 6866 6845 6867
3 6868 6846 6847
3 6867 6846 6868
3 6869 6847 6848
3 6868 6847 6869
3 6870 6848 6849
3 6869 6848 6870
3 6871 6849 6850
3 6870 6849 6871
3 6872 6850 6851
3 6871 6850 6872
3 6873 6851 6852
3 6872 6851 6873
3 6874 6852 6853
3 6873 6852 6874
3 6875 6853 6854
3 6874 6853 6875
3 6876 6854 6855
3 6875 6854 6876
3 6315 6876 6307
3 6307 6876 6855
3 6856 6320 6313
3 6877 6320 6856
3 6858 6857 6878
3 6858 6878 6879
3 6880 6857 6859
3 6878 6857 6880
3 6881 6859 6860
3 6880 6859 6881
3 6882 6860 6861
3 6881 6860 6882
3 6883 6861 6862
3 6882 6861 6883
3 6884 6862 6863
3 6883 6862 6884
3 6885 6863 6864
3 6884 6863 6885
3 6886 6864 6865
3 6885 6864 6886
3 6887 6865 6866
3 6886 6865 6887
3 6888 6866 6867
3 6887 6866 6888
3 6889 6867 6868
3 6888 6867 6889
3 6890 6868 6869
3 6889 6868 6890
3 6891 6869 6870
3 6890 6869 6891
3 6892 6870 6871
3 6891 6870 6892
3 6893 6871 6872
3 6892 6871 6893
3 6894 6872 6873
3 6893 6872 6894
3 6895 6873 6874
3 6894 6873 6895
3 6896 6874 6875
3 6895 6874 6896
3 6323 6896 6322
3 6896 6876 6322
3 6896 6875 6876
3 6322 6876 6315
3 6877 6329 6320
3 6897 6329 6877
3 6879 6878 6898
3 6879 6898 6899
3 6900 6878 6880
3 6898 6878 6900
3 6901 6880 6881
3 6900 6880 6901
3 6902 6881 6882
3 6901 6881 6902
3 6903 6882 6883
3 6902 6882 6903
3 6904 6883 6884
3 6903 6883 6904
3 6905 6884 6885
3 6904 6884 6905
3 6906 6885 6886
3 6905 6885 6906
3 6907 6886 6887
3 6906 6886 6907
3 6908 6887 6888
3 6907 6887 6908
3 6909 6888 6889
3 6908 6888 6909
3 6910 6889 6890
3 6909 6889 6910
3 6911 6890 6891
3 6910 6890 6911
3 6912 6891 6892
3 6911 6891 6912
3 6913 6892 6893
3 6912 6892 6913
3 6914 6893 6894
3 6913 6893 6914
3 6915 6894 6895
3 6914 6894 6915
3 6916 6895 6896
3 6915 6895 6916
3 6331 6916 6323
3 6323 6916 6896
3 6897 6336 6329
3 6917 6336 6897
3 6899 6898 6918
3 6899 6918 6919
3 6920 6898 6900
3 6918 6898 6920
3 6921 6900 6901
3 6920 6900 6921
3 6922 6901 6902
3 6921 6901 6922
3 6923 6902 6903
3 6922 6902 6923
3 6924 6903 6904
3 6923 6903 6924
3 6925 6904 6905
3 6924 6904 6925
3 6926 6905 6906
3 6925 6905 6926
3 6927 6906 6907
3 6926 6906 6927
3 6928 6907 6908
3 6927 6907 6928
3 6929 6908 6909
3 6928 6908 6929
3 6930 6909 6910
3 6929 6909 6930
3 6931 6910 6911
3 6930 6910 6931
3 6932 6911 6912
3 6931 6911 6932
3 6933 6912 6913
3 6932 6912 6933
3 6934 6913 6914
3 6933 6913 6934
3 6935 6914 6915
3 6934 6914 6935
3 6936 6915 6916
3 6935 6915 6936
3 6338 6936 6331
3 6331 6936 6916
3 6917 6343 6336
3 6937 6343 6917
3 6919 6918 6938
3 6919 6938 6939
3 6940 6918 6920
3 6938 6918 6940
3 6941 6920 6921
3 6940 6920 6941
3 6942 6921 6922
3 6941 6921 6942
3 6943 6922 6923
3 6942 6922 6943
3 6944 6923 6924
3 6943 6923 6944
3 6945 6924 6925
3 6944 6924 6945
3 6946 6925 6926
3 6945 6925 6946
3 6947 6926 6927
3 6946 6926 6947
3 6948 6927 6928
3 6947 6927 6948
3 6949 6928 6929
3 6948 6928 6949
3 6950 6929 6930
3 6949 6929 6950
3 6951 6930 6931
3 6950 6930 6951
3 6952 6931 6932
3 6951 6931 6952
3 6953 6932 6933
3 6952 6932 6953
3 6954 6933 6934
3 6953 6933 6954
3 6955 6934 6935
3 6954 6934 6955
3 6346 6955 6345
3 6955 6936 6345
3 6955 6935 6936
3 6345 6936 6338
3 6937 6352 6343
3 6956 6352 6937
3 6939 6938 6957
3 6939 6957 6958
3 6959 6938 6940
3 6957 6938 6959
3 6960 6940 6941
3 6959 6940 6960
3 6961 6941 6942
3 6960 6941 6961
3 6962 6942 6943
3 6961 6942 6962
3 6963 6943 6944
3 6962 6943 6963
3 6964 6944 6945
3 6963 6944 6964
3 6965 6945 6946
3 6964 6945 6965
3 6966 6946 6947
3 6965 6946 6966
3 6967 6947 6948
3 6966 6947 6967
3 6968 6948 6949
3 6967 6948 6968
3 6969 6949 6950
3 6968 6949 6969
3 6970 6950 6951
3 6969 6950 6970
3 6971 6951 6952
3 6970 6951 6971
3 6972 6952 6953
3 6971 6952 6972
3 6355 6972 6354
3 6972 6954 6354
3 6972 6953 6954
3 6354 6954 6357
3 6357 6954 6955
3 6357 6955 6346
3 6956 6360 6352
3 6973 6360 6956
3 6958 6957 6974
3 6958 6974 6975
3 6976 6957 6959
3 6974 6957 6976
3 6977 6959 6960
3 6976 6959 6977
3 6978 6960 6961
3 6977 6960 6978
3 6979 6961 6962
3 6978 6961 6979
3 6980 6962 6963
3 6979 6962 6980
3 6981 6963 6964
3 6980 6963 6981
3 6982 6964 6965
3 6981 6964 6982
3 6983 6965 6966
3 6982 6965 6983
3 6363 6983 6362
3 6983 6967 6362
3 6983 6966 6967
3 6362 6967 6365
3 6365 6967 6968
3 6365 6968 6366
3 6366 6968 6969
3 6366 6969 6367
3 6367 6969 6970
3 6367 6970 6368
3 6368 6970 6971
3 6368 6971 6369
3 6369 6971 6972
3 6369 6972 6355
3 6973 6370 6360
3 6984 6370 6973
3 6975 6974 6371
3 6372 6975 6371
3 6985 6975 6372
3 6371 6974 6373
3 6373 6974 6976
3 6373 6976 6374
3 6374 6976 6977
3 6374 6977 6375
3 6375 6977 6978
3 6375 6978 6376
3 6376 6978 6979
3 6376 6979 6377
3 6377 6979 6980
3 6377 6980 6378
3 6378 6980 6981
3 6378 6981 6379
3 6379 6981 6982
3 6379 6982 6380
3 6380 6982 6983
3 6380 6983 6363
3 6988 6987 6986
3 6382 6383 6986
3 6383 6988 6986
3 6383 6989 6988
3 6990 6383 6384
3 6990 6989 6383
3 6384 6370 6984
3 6384 6984 6990
3 6386 6985 6372
3 6386 6991 6985
3 6994 6993 6992
3 6996 6995 6992
3 6992 6995 6994
3 6998 6997 6996
3 6996 6997 6995
3 6388 6389 6998
3 6389 6997 6998
3 6389 6999 6997
3 6390 6986 6987
3 6999 6390 6987
3 6389 6390 6999
3 6986 6390 6382
3 7001 7000 6392
3 7000 6386 6392
3 7000 6991 6386
3 7004 7003 7002
3 7006 7005 7002
3 7002 7005 7004
3 7008 7007 7006
3 7006 7007 7005
3 6396 6397 7008
3 6397 7007 7008
3 6397 7009 7007
3 7010 6397 6398
3 7010 7009 6397
3 7011 6398 6399
3 7011 7010 6398
3 7012 6399 6400
3 7012 7011 6399
3 7013 6400 6401
3 7013 7012 6400
3 7014 6401 6402
3 7014 7013 6401
3 6403 6992 6993
3 7014 6403 6993
3 6402 6403 7014
3 6992 6403 6404
3 6992 6404 6996
3 6996 6404 6405
3 6996 6405 6998
3 6998 6405 6388
3 6410 6411 7015
3 6411 7016 7015
3 6411 7017 7016
3 7018 6411 6412
3 7018 7017 6411
3 7019 6412 6413
3 7019 7018 6412
3 7020 6413 6414
3 7020 7019 6413
3 7021 6414 6415
3 7021 7020 6414
3 7022 6415 6416
3 7022 7021 6415
3 7023 6416 6417
3 7023 7022 6416
3 7024 6417 6418
3 7024 7023 6417
3 7025 6418 6419
3 7025 7024 6418
3 7026 6419 6420
3 7026 7025 6419
3 7027 6420 6421
3 7027 7026 6420
3 6422 7002 7003
3 7027 6422 7003
3 6421 6422 7027
3 7002 6422 6423
3 7002 6423 7006
3 7006 6423 6424
3 7006 6424 7008
3 7008 6424 6396
3 7030 7029 7028
3 7032 7031 7028
3 7032 7028 7029
3 7035 7034 7033
3 7036 7035 7033
3 7037 7035 7036
3 7040 7039 7038
3 7042 7041 6490
3 7042 6490 6488
3 7044 7043 6512
3 6490 7044 6512
3 7041 7044 6490
3 6428 7046 7045
3 7044 7047 7043
3 7048 7043 7047
3 7051 7050 7049
3 7050 6492 7049
3 6492 7052 7049
3 6492 7050 6493
3 7051 7049 7053
3 7053 7049 7054
3 7057 7056 7055
3 7056 7058 7055
3 7056 7059 7058
3 7056 7057 7060
3 7060 7057 7061
3 7064 7063 7062
3 7064 7065 7063
3 7062 7067 7066
3 7062 7063 7067
3 7070 7069 7068
3 7070 7071 7069
3 7068 7073 7072
3 7068 7069 7073
3 7076 7075 7074
3 7076 7077 7075
3 7074 7079 7078
3 7074 7075 7079
3 7080 6494 6471
3 7081 7080 6471
3 7082 7080 7081
3 7080 6496 6494
3 7083 7030 7028
3 7083 7028 7031
3 7083 7031 7084
3 7087 7086 7085
3 7088 7084 7031
3 7086 7087 7034
3 7035 7086 7034
3 7089 7086 7035
3 7091 7090 6503
3 7091 6503 6501
3 7038 6504 7040
3 6504 7090 7040
3 6504 6503 7090
3 7093 7092 7038
3 7092 6504 7038
3 7092 6507 6504
3 6488 6507 7042
3 7042 6507 7092
3 7043 6511 6512
3 6511 7043 6514
3 6514 7043 7048
3 7095 7094 7048
3 7094 6514 7048
3 7094 6516 6514
3 6492 6516 7052
3 7052 6516 7094
3 7097 7096 7058
3 7058 7096 7055
3 7099 7098 7065
3 7065 7098 7063
3 7063 7098 7100
3 7102 7101 7100
3 7101 7063 7100
3 7101 7067 7063
3 7067 7103 7071
3 7067 7101 7103
3 7071 7104 7069
3 7071 7103 7104
3 7069 7105 7073
3 7069 7104 7105
3 7073 7106 7077
3 7073 7105 7106
3 7077 7107 7075
3 7077 7106 7107
3 7075 7108 7079
3 7075 7107 7108
3 7079 7109 7082
3 7079 7108 7109
3 7109 6518 6519
3 7080 7109 6519
3 7082 7109 7080
3 7080 6519 6496
3 7112 7111 7110
3 7113 7110 7111
3 6524 7091 6501
3 6524 7114 7091
3 7117 7116 7115
3 7119 7118 7115
3 7115 7118 7117
3 7121 7120 7119
3 7119 7120 7118
3 6528 6527 7121
3 6527 7120 7121
3 6527 7122 7120
3 7123 6527 6530
3 7123 7122 6527
3 7125 7124 6532
3 7124 6530 6532
3 7124 7123 6530
3 7127 7126 7125
3 7125 7126 7124
3 7129 7128 7127
3 7127 7128 7126
3 7131 7130 7129
3 7129 7130 7128
3 7133 7132 7131
3 7131 7132 7130
3 7135 7134 7133
3 7133 7134 7132
3 7137 7136 7135
3 7135 7136 7134
3 7136 7137 7102
3 7137 7101 7102
3 7137 7138 7101
3 7101 7139 7103
3 7101 7138 7139
3 7103 7140 7104
3 7103 7139 7140
3 7104 7141 7105
3 7104 7140 7141
3 7105 7142 7106
3 7105 7141 7142
3 7106 7143 7107
3 7106 7142 7143
3 7107 7144 7108
3 7107 7143 7144
3 7108 7145 7109
3 7108 7144 7145
3 7146 6534 6518
3 7109 7146 6518
3 7145 7146 7109
3 7146 6536 6534
3 7147 7112 7110
3 7147 7110 7113
3 7150 7149 7148
3 7152 7151 7148
3 7152 7148 7149
3 7155 7154 7153
3 7116 7156 7115
3 7115 7156 7119
3 7119 7156 7157
3 7119 7157 7121
3 7121 7157 7158
3 7121 7158 6528
3 7158 6545 6528
3 7158 7159 6545
3 6545 7160 6547
3 7159 7160 6545
3 6532 6547 7125
3 6547 7161 7125
3 6547 7160 7161
3 7163 7162 7161
3 7162 7125 7161
3 7162 7127 7125
3 7127 7164 7129
3 7127 7162 7164
3 7129 7165 7131
3 7129 7164 7165
3 7131 7166 7133
3 7131 7165 7166
3 7133 7167 7135
3 7133 7166 7167
3 7135 7168 7137
3 7135 7167 7168
3 7137 7169 7138
3 7137 7168 7169
3 7169 6550 6551
3 7139 7169 6551
3 7138 7169 7139
3 7139 6551 6552
3 7139 6552 7140
3 7140 6552 6554
3 7140 6554 7141
3 7141 6554 6555
3 7141 6555 7142
3 7142 6555 6556
3 7142 6556 7143
3 7143 6556 6557
3 7143 6557 7144
3 7144 6557 6558
3 7144 6558 7145
3 7145 6558 6559
3 7145 6559 7146
3 7146 6559 6536
3 7170 7150 7148
3 7170 7148 7151
3 7170 7151 7171
3 7171 7151 7172
3 7174 7173 7155
3 6542 7174 7155
3 6565 7174 6542
3 7155 7173 7154
3 7163 7175 7162
3 7162 7175 7164
3 7164 7175 7176
3 7164 7176 7165
3 7165 7176 7177
3 7165 7177 7166
3 7166 7177 7178
3 7166 7178 7167
3 7167 7178 7179
3 7167 7179 7168
3 7168 7179 7180
3 7168 7180 7169
3 7169 7180 7181
3 7181 7183 7182
3 7181 7182 6566
3 7169 7181 6566
3 6550 7169 6566
3 7184 6567 6566
3 7184 6566 7182
3 7185 6568 6567
3 7185 6567 7184
3 7186 6569 6568
3 7186 6568 7185
3 7187 6570 6569
3 7187 6569 7186
3 7188 6571 6570
3 7188 6570 7187
3 7188 6573 6571
3 7191 7190 7189
3 7183 7192 7182
3 7182 7192 7184
3 7184 7192 7193
3 7184 7193 7185
3 7185 7193 7194
3 7185 7194 7186
3 7186 7194 7195
3 7186 7195 7187
3 7187 7195 7196
3 7198 7197 7196
3 7197 7187 7196
3 7197 7188 7187
3 7199 6581 6573
3 7188 7199 6573
3 7197 7199 7188
3 7200 6582 6581
3 7200 6581 7199
3 7201 6583 6582
3 7201 6582 7200
3 7201 6585 6583
3 7190 7191 7202
3 7202 7191 7203
3 7198 7204 7197
3 7197 7204 7199
3 7199 7204 7205
3 7199 7205 7200
3 7200 7205 7206
3 7200 7206 7201
3 7201 7206 7207
3 7207 7209 7208
3 7207 7208 6605
3 7201 7207 6605
3 6585 7201 6605
3 7210 6606 6605
3 7210 6605 7208
3 7210 6608 6606
3 7212 7211 7203
3 6589 7212 7203
3 6612 7212 6589
3 7203 7211 7202
3 7215 7214 7213
3 7215 7213 7209
3 7213 7208 7209
3 7213 7216 7208
3 7208 7217 7210
3 7208 7216 7217
3 7218 6634 6608
3 7210 7218 6608
3 7217 7218 7210
3 6636 6634 7218
3 7221 7220 7219
3 7222 6638 6637
3 7223 7221 7219
3 7222 6639 6638
3 7226 7225 7224
3 7229 7228 7227
3 7231 7230 7227
3 7227 7230 7229
3 7231 7232 7230
3 7214 7233 7213
3 7235 7234 7233
3 7234 7213 7233
3 7234 7216 7213
3 7216 7236 7217
3 7216 7234 7236
3 7217 7237 7218
3 7217 7236 7237
3 7238 7220 7221
3 7218 6657 6636
3 6657 7218 7239
3 7237 7239 7218
3 7221 7223 7238
3 7222 6637 6660
3 7239 6658 6657
3 7222 6660 6639
3 7225 7226 7240
3 7240 7226 7241
3 7228 7242 7227
3 7227 7242 7231
3 7231 7242 7243
3 7243 7244 7231
3 7244 7245 7231
3 7246 7232 7231
3 7246 7231 7245
3 7248 7247 7245
3 7245 7247 7246
3 7247 7248 7235
3 7248 7234 7235
3 7248 7249 7234
3 7234 7250 7236
3 7234 7249 7250
3 7236 7251 7237
3 7236 7250 7251
3 7253 7239 7252
3 7239 7251 7252
3 7239 7237 7251
3 7253 7255 7254
3 7253 7254 6679
3 7239 7253 6679
3 6658 7239 6679
3 7254 6680 6679
3 7240 7241 7256
3 7256 7241 7257
3 7260 7259 7258
3 7260 7258 7244
3 7258 7245 7244
3 7258 7261 7245
3 7245 7262 7248
3 7245 7261 7262
3 7248 7263 7249
3 7248 7262 7263
3 7249 7264 7250
3 7249 7263 7264
3 7250 7265 7251
3 7250 7264 7265
3 7252 7251 7266
3 7251 7267 7266
3 7251 7265 7267
3 7266 7267 7255
3 7255 7267 7254
3 7267 6701 7254
3 6701 6702 7254
3 7254 6702 6680
3 7256 7257 7268
3 7268 7257 7269
3 7259 7270 7258
3 7272 7271 7270
3 7271 7258 7270
3 7271 7261 7258
3 7261 7273 7262
3 7261 7271 7273
3 7262 7274 7263
3 7262 7273 7274
3 7263 7275 7264
3 7263 7274 7275
3 7264 7276 7265
3 7264 7275 7276
3 7276 6723 6724
3 7267 7276 6724
3 7265 7276 7267
3 7267 6724 6701
3 7268 7269 7277
3 7277 7269 7278
3 7272 7279 7271
3 7281 7280 7279
3 7280 7271 7279
3 7280 7273 7271
3 7273 7282 7274
3 7273 7280 7282
3 7274 7283 7275
3 7274 7282 7283
3 7275 7284 7276
3 7275 7283 7284
3 7285 6746 6723
3 7276 7285 6723
3 7284 7285 7276
3 7285 6748 6746
3 7277 7278 7286
3 7286 7278 7287
3 7281 7288 7280
3 7290 7289 7288
3 7289 7280 7288
3 7289 7282 7280
3 7282 7291 7283
3 7282 7289 7291
3 7283 7292 7284
3 7283 7291 7292
3 7284 7293 7285
3 7284 7292 7293
3 7293 6770 6748
3 7293 6748 7285
3 7286 7287 7294
3 7294 7287 7295
3 7289 7290 7296
3 7296 7290 7297
3 7289 7298 7291
3 7289 7296 7298
3 7291 7299 7292
3 7291 7298 7299
3 7292 7300 7293
3 7292 7299 7300
3 7300 6792 6770
3 7300 6770 7293
3 7294 7295 7301
3 7301 7295 7302
3 7297 7303 7296
3 7305 7304 7303
3 7304 7296 7303
3 7304 7298 7296
3 7298 7306 7299
3 7298 7304 7306
3 7308 7300 7307
3 7300 7306 7307
3 7300 7299 7306
3 7308 7310 7309
3 7308 7309 6813
3 7300 7308 6813
3 6792 7300 6813
3 7309 6814 6813
3 7301 7302 7311
3 7311 7302 7312
3 7304 7305 7313
3 7313 7305 7314
3 7304 7315 7306
3 7304 7313 7315
3 7307 7306 7316
3 7306 7317 7316
3 7306 7315 7317
3 7316 7317 7310
3 7317 7309 7310
3 7317 7318 7309
3 7318 6835 6814
3 7318 6814 7309
3 7320 7319 7312
3 6816 7320 7312
3 6837 7320 6816
3 7312 7319 7311
3 7313 7314 7321
3 7321 7314 7322
3 7313 7323 7315
3 7313 7321 7323
3 7315 7324 7317
3 7315 7323 7324
3 7317 7325 7318
3 7317 7324 7325
3 7325 6856 6835
3 7325 6835 7318
3 6858 7320 6837
3 6858 7326 7320
3 7321 7322 7327
3 7327 7322 7328
3 7321 7329 7323
3 7321 7327 7329
3 7323 7330 7324
3 7323 7329 7330
3 7324 7331 7325
3 7324 7330 7331
3 7331 6877 6856
3 7331 6856 7325
3 6879 7326 6858
3 6879 7332 7326
3 7327 7328 7333
3 7333 7328 7334
3 7327 7335 7329
3 7327 7333 7335
3 7329 7336 7330
3 7329 7335 7336
3 7330 7337 7331
3 7330 7336 7337
3 7337 6897 6877
3 7337 6877 7331
3 7340 7339 7338
3 7333 7334 7341
3 7341 7334 7342
3 7333 7343 7335
3 7333 7341 7343
3 7335 7344 7336
3 7335 7343 7344
3 7336 7345 7337
3 7336 7344 7345
3 7345 6917 6897
3 7345 6897 7337
3 7339 7340 7346
3 7346 7340 7347
3 7341 7342 7348
3 7348 7342 7349
3 7351 7343 7350
3 7343 7348 7350
3 7343 7341 7348
3 7343 7351 7344
3 7344 7351 7352
3 7344 7352 7345
3 7345 7352 7353
3 6917 7345 7353
3 7354 6917 7353
3 6937 6917 7354
3 7346 7347 7355
3 7355 7347 7356
3 7349 7357 7348
3 7348 7357 7350
3 7354 6956 6937
3 7358 6956 7354
3 7360 7359 7356
3 6939 7360 7356
3 6958 7360 6939
3 7356 7359 7355
3 7358 6973 6956
3 7361 6973 7358
3 6975 7360 6958
3 6975 7362 7360
3 7365 7364 7363
3 7367 7366 7363
3 7363 7366 7365
3 7361 7366 7367
3 6984 7361 7367
3 6973 7361 6984
3 6985 7362 6975
3 6985 7368 7362
3 7371 7370 7369
3 7373 7372 7369
3 7369 7372 7371
3 6987 6988 7373
3 6988 7372 7373
3 6988 7374 7372
3 6989 7363 7364
3 7374 6989 7364
3 6988 6989 7374
3 7363 6989 6990
3 7363 6990 7367
3 7367 6990 6984
3 7377 7376 7375
3 7380 7379 7378
3 7378 7381 7380
3 7383 7382 6994
3 6994 7382 6993
3 7384 6994 6995
3 7384 7383 6994
3 6997 7369 7370
3 7384 6997 7370
3 6995 6997 7384
3 7369 6997 6999
3 7369 6999 7373
3 7373 6999 6987
3 7376 7377 7385
3 7385 7377 7386
3 7389 7388 7387
3 7391 7390 7387
3 7387 7390 7389
3 7391 7392 7390
3 7395 7394 7393
3 7393 7396 7395
3 7399 7398 7397
3 7401 7400 7397
3 7397 7400 7399
3 7003 7004 7401
3 7004 7400 7401
3 7004 7402 7400
3 7403 7004 7005
3 7403 7402 7004
3 7404 7005 7007
3 7404 7403 7005
3 7405 7007 7009
3 7405 7404 7007
3 7406 7009 7010
3 7406 7405 7009
3 7407 7010 7011
3 7407 7406 7010
3 7408 7011 7012
3 7408 7407 7011
3 7013 7378 7379
3 7408 7013 7379
3 7012 7013 7408
3 7409 7381 7378
3 7013 7409 7378
3 7014 7409 7013
3 7014 6993 7382
3 7014 7382 7409
3 7017 7387 7388
3 7410 7017 7388
3 7016 7017 7410
3 7387 7017 7018
3 7387 7018 7391
3 7411 7392 7391
3 7018 7411 7391
3 7019 7411 7018
3 7412 7019 7020
3 7412 7411 7019
3 7413 7020 7021
3 7413 7412 7020
3 7022 7393 7394
3 7413 7022 7394
3 7021 7022 7413
3 7414 7396 7393
3 7022 7414 7393
3 7023 7414 7022
3 7415 7023 7024
3 7415 7414 7023
3 7416 7024 7025
3 7416 7415 7024
3 7026 7397 7398
3 7416 7026 7398
3 7025 7026 7416
3 7397 7026 7027
3 7397 7027 7401
3 7401 7027 7003
3 7419 7418 7417
3 7421 7420 7417
3 7421 7417 7418
3 7424 7423 7422
3 7426 7425 7422
3 7426 7422 7423
3 7429 7428 7427
3 7431 7430 7427
3 7431 7427 7428
3 7434 7433 7432
3 7437 7436 7435
3 7440 7439 7438
3 7030 7441 7029
3 7442 7033 7034
3 7443 7442 7034
3 7444 7442 7443
3 7447 7446 7445
3 7448 7093 7039
3 7417 7449 7419
3 7449 7417 7450
3 7042 7450 7041
3 7450 7420 7041
3 7450 7417 7420
3 7452 7451 7420
3 7451 7041 7420
3 7451 7044 7041
3 7044 7453 7047
3 7451 7453 7044
3 7422 7454 7095
3 7453 7422 7095
3 7047 7453 7095
3 7424 7422 7453
3 7052 7454 7049
3 7454 7425 7049
3 7454 7422 7425
3 7456 7455 7425
3 7455 7049 7425
3 7455 7054 7049
3 7458 7457 7097
3 7054 7458 7097
3 7455 7458 7054
3 7457 7458 7429
3 7457 7429 7427
3 7055 7457 7427
3 7057 7055 7427
3 7057 7427 7061
3 7061 7427 7430
3 7460 7459 7099
3 7460 7099 7061
3 7461 7460 7061
3 7430 7461 7061
3 7462 7432 7433
3 7462 7433 7463
3 7466 7465 7464
3 7467 7440 7438
3 7467 7438 7468
3 7083 7441 7030
3 7441 7083 7084
3 7441 7084 7469
3 7471 7090 7470
3 7090 7471 7448
3 7472 7448 7471
3 7090 7448 7040
3 7445 7474 7473
3 7449 7450 7472
3 7450 7092 7472
3 7093 7448 7472
3 7093 7472 7092
3 7092 7450 7042
3 7454 7094 7095
3 7094 7454 7052
3 7457 7096 7097
3 7096 7457 7055
3 7477 7476 7475
3 7459 7098 7099
3 7475 7478 7477
3 7478 7475 7479
3 7479 7480 7478
3 7482 7459 7481
3 7459 7482 7098
3 7100 7098 7482
3 7484 7483 7102
3 7100 7484 7102
3 7482 7484 7100
3 7485 7483 7484
3 7486 7466 7464
3 7486 7464 7487
3 7490 7489 7488
3 7491 7488 7489
3 7112 7492 7111
3 7495 7494 7493
3 7495 7493 7496
3 7498 7497 7470
3 7091 7498 7470
3 7114 7498 7091
3 7470 7497 7471
3 7500 7499 7117
3 7117 7499 7116
3 7502 7500 7501
3 7500 7118 7501
3 7500 7117 7118
3 7501 7118 7503
3 7118 7504 7503
3 7118 7120 7504
3 7505 7120 7122
3 7505 7504 7120
3 7506 7122 7123
3 7506 7505 7122
3 7507 7123 7124
3 7507 7506 7123
3 7508 7124 7126
3 7508 7507 7124
3 7509 7126 7128
3 7509 7508 7126
3 7510 7128 7130
3 7510 7509 7128
3 7132 7475 7476
3 7510 7132 7476
3 7130 7132 7510
3 7475 7132 7134
3 7475 7134 7479
3 7511 7480 7479
3 7134 7511 7479
3 7136 7511 7134
3 7136 7102 7483
3 7512 7136 7483
3 7511 7136 7512
3 7512 7483 7485
3 7513 7490 7488
3 7513 7488 7491
3 7147 7492 7112
3 7492 7147 7113
3 7153 7154 7514
3 7514 7154 7515
3 7156 7116 7516
3 7116 7517 7516
3 7116 7499 7517
3 7501 7518 7502
3 7516 7157 7156
3 7157 7516 7519
3 7503 7518 7501
3 7158 7157 7520
3 7519 7520 7157
3 7521 7159 7158
3 7521 7158 7520
3 7522 7160 7159
3 7522 7159 7521
3 7523 7161 7160
3 7523 7160 7522
3 7523 7163 7161
3 7170 7524 7150
3 7524 7170 7171
3 7524 7171 7525
3 7527 7526 7173
3 7527 7173 7174
3 7154 7173 7515
3 7515 7173 7526
3 7516 7517 7528
3 7528 7517 7529
3 7531 7519 7530
3 7519 7528 7530
3 7519 7516 7528
3 7519 7531 7520
3 7520 7531 7532
3 7520 7532 7521
3 7521 7532 7533
3 7535 7534 7533
3 7534 7521 7533
3 7534 7522 7521
3 7537 7523 7536
3 7523 7534 7536
3 7523 7522 7534
3 7537 7539 7538
3 7537 7538 7175
3 7523 7537 7175
3 7163 7523 7175
3 7540 7176 7175
3 7540 7175 7538
3 7541 7177 7176
3 7541 7176 7540
3 7542 7178 7177
3 7542 7177 7541
3 7543 7179 7178
3 7543 7178 7542
3 7544 7180 7179
3 7544 7179 7543
3 7545 7181 7180
3 7545 7180 7544
3 7545 7183 7181
3 7174 7189 7546
3 7547 7174 7546
3 7527 7174 7547
3 7190 7546 7189
3 7529 7548 7528
3 7528 7548 7530
3 7535 7549 7534
3 7534 7549 7536
3 7538 7539 7550
3 7550 7539 7551
3 7553 7540 7552
3 7540 7550 7552
3 7540 7538 7550
3 7540 7553 7541
3 7541 7553 7554
3 7541 7554 7542
3 7542 7554 7555
3 7542 7555 7543
3 7543 7555 7556
3 7543 7556 7544
3 7544 7556 7557
3 7544 7557 7545
3 7545 7557 7558
3 7558 7560 7559
3 7558 7559 7192
3 7545 7558 7192
3 7183 7545 7192
3 7561 7193 7192
3 7561 7192 7559
3 7562 7194 7193
3 7562 7193 7561
3 7563 7195 7194
3 7563 7194 7562
3 7564 7196 7195
3 7564 7195 7563
3 7564 7198 7196
3 7547 7546 7565
3 7547 7565 7566
3 7202 7565 7190
3 7190 7565 7546
3 7551 7567 7550
3 7550 7567 7552
3 7570 7569 7568
3 7570 7568 7560
3 7568 7559 7560
3 7568 7571 7559
3 7559 7572 7561
3 7559 7571 7572
3 7561 7573 7562
3 7561 7572 7573
3 7562 7574 7563
3 7562 7573 7574
3 7563 7575 7564
3 7563 7574 7575
3 7576 7204 7198
3 7564 7576 7198
3 7575 7576 7564
3 7577 7205 7204
3 7577 7204 7576
3 7578 7206 7205
3 7578 7205 7577
3 7579 7207 7206
3 7579 7206 7578
3 7579 7209 7207
3 7581 7565 7580
3 7565 7202 7580
3 7211 7582 7580
3 7211 7580 7202
3 7585 7584 7583
3 7583 7586 7585
3 7589 7588 7587
3 7591 7590 7587
3 7587 7590 7589
3 7591 7592 7590
3 7595 7594 7593
3 7597 7596 7593
3 7593 7596 7595
3 7599 7598 7597
3 7597 7598 7596
3 7598 7599 7569
3 7599 7568 7569
3 7599 7600 7568
3 7602 7571 7601
3 7571 7600 7601
3 7571 7568 7600
3 7604 7603 7602
3 7603 7571 7602
3 7603 7572 7571
3 7572 7605 7573
3 7572 7603 7605
3 7573 7606 7574
3 7573 7605 7606
3 7574 7607 7575
3 7574 7606 7607
3 7575 7608 7576
3 7575 7607 7608
3 7576 7609 7577
3 7576 7608 7609
3 7577 7610 7578
3 7577 7609 7610
3 7610 7214 7215
3 7579 7610 7215
3 7578 7610 7579
3 7579 7215 7209
3 7220 7611 7219
3 7611 7223 7219
3 7582 7212 7224
3 7614 7613 7612
3 7613 7614 7225
3 7614 7580 7225
3 7582 7224 7225
3 7582 7225 7580
3 7584 7615 7583
3 7583 7615 7586
3 7618 7617 7616
3 7616 7619 7618
3 7588 7620 7587
3 7587 7620 7591
3 7591 7620 7621
3 7624 7623 7622
3 7591 7621 7592
3 7622 7623 7594
3 7623 7593 7594
3 7623 7625 7593
3 7593 7626 7597
3 7593 7625 7626
3 7597 7627 7599
3 7597 7626 7627
3 7599 7628 7600
3 7599 7627 7628
3 7601 7600 7629
3 7600 7630 7629
3 7600 7628 7630
3 7629 7630 7604
3 7630 7603 7604
3 7630 7631 7603
3 7603 7632 7605
3 7603 7631 7632
3 7605 7633 7606
3 7605 7632 7633
3 7606 7634 7607
3 7606 7633 7634
3 7634 7228 7229
3 7608 7634 7229
3 7607 7634 7608
3 7608 7229 7230
3 7608 7230 7609
3 7609 7230 7232
3 7635 7609 7232
3 7610 7609 7635
3 7636 7233 7214
3 7610 7636 7214
3 7635 7636 7610
3 7636 7235 7233
3 7238 7611 7220
3 7611 7238 7223
3 7613 7225 7637
3 7225 7638 7637
3 7225 7240 7638
3 7617 7639 7616
3 7616 7639 7619
3 7624 7640 7623
3 7623 7640 7625
3 7625 7640 7641
3 7643 7642 7641
3 7642 7625 7641
3 7642 7626 7625
3 7626 7644 7627
3 7626 7642 7644
3 7627 7645 7628
3 7627 7644 7645
3 7628 7646 7630
3 7628 7645 7646
3 7630 7647 7631
3 7630 7646 7647
3 7631 7648 7632
3 7631 7647 7648
3 7632 7649 7633
3 7632 7648 7649
3 7633 7650 7634
3 7633 7649 7650
3 7651 7242 7228
3 7634 7651 7228
3 7650 7651 7634
3 7652 7243 7242
3 7652 7242 7651
3 7246 7635 7232
3 7244 7243 7652
3 7635 7246 7247
3 7635 7247 7636
3 7636 7247 7235
3 7252 7653 7253
3 7653 7255 7253
3 7656 7655 7654
3 7655 7638 7654
3 7638 7256 7654
3 7638 7240 7256
3 7659 7658 7657
3 7657 7660 7659
3 7643 7661 7642
3 7642 7661 7644
3 7644 7661 7662
3 7644 7662 7645
3 7645 7662 7663
3 7665 7664 7663
3 7664 7645 7663
3 7664 7646 7645
3 7646 7666 7647
3 7646 7664 7666
3 7647 7667 7648
3 7647 7666 7667
3 7648 7668 7649
3 7648 7667 7668
3 7649 7669 7650
3 7649 7668 7669
3 7650 7670 7651
3 7650 7669 7670
3 7670 7259 7260
3 7652 7670 7260
3 7651 7670 7652
3 7652 7260 7244
3 7266 7653 7252
3 7653 7266 7255
3 7654 7256 7671
3 7256 7672 7671
3 7256 7268 7672
3 7658 7673 7657
3 7657 7673 7660
3 7676 7675 7674
3 7678 7677 7674
3 7674 7677 7676
3 7677 7678 7665
3 7678 7664 7665
3 7678 7679 7664
3 7681 7666 7680
3 7666 7679 7680
3 7666 7664 7679
3 7683 7682 7681
3 7682 7666 7681
3 7682 7667 7666
3 7667 7684 7668
3 7667 7682 7684
3 7668 7685 7669
3 7668 7684 7685
3 7669 7686 7670
3 7669 7685 7686
3 7687 7270 7259
3 7670 7687 7259
3 7686 7687 7670
3 7687 7272 7270
3 7277 7672 7268
3 7277 7688 7672
3 7675 7689 7674
3 7674 7689 7678
3 7678 7689 7690
3 7678 7690 7679
3 7679 7690 7691
3 7691 7692 7679
3 7692 7693 7679
3 7694 7680 7679
3 7694 7679 7693
3 7694 7693 7683
3 7693 7682 7683
3 7693 7695 7682
3 7682 7696 7684
3 7682 7695 7696
3 7684 7697 7685
3 7684 7696 7697
3 7685 7698 7686
3 7685 7697 7698
3 7686 7699 7687
3 7686 7698 7699
3 7700 7279 7272
3 7687 7700 7272
3 7699 7700 7687
3 7700 7281 7279
3 7703 7702 7701
3 7702 7688 7701
3 7688 7286 7701
3 7688 7277 7286
3 7706 7705 7704
3 7704 7707 7706
3 7692 7708 7693
3 7693 7708 7695
3 7695 7708 7709
3 7711 7710 7709
3 7710 7695 7709
3 7710 7696 7695
3 7696 7712 7697
3 7696 7710 7712
3 7697 7713 7698
3 7697 7712 7713
3 7698 7714 7699
3 7698 7713 7714
3 7699 7715 7700
3 7699 7714 7715
3 7716 7288 7281
3 7700 7716 7281
3 7715 7716 7700
3 7716 7290 7288
3 7701 7286 7717
3 7286 7718 7717
3 7286 7294 7718
3 7705 7719 7704
3 7704 7719 7707
3 7722 7721 7720
3 7722 7720 7711
3 7720 7710 7711
3 7720 7723 7710
3 7710 7724 7712
3 7710 7723 7724
3 7712 7725 7713
3 7712 7724 7725
3 7713 7726 7714
3 7713 7725 7726
3 7714 7727 7715
3 7714 7726 7727
3 7715 7728 7716
3 7715 7727 7728
3 7728 7297 7290
3 7728 7290 7716
3 7731 7730 7729
3 7730 7718 7729
3 7718 7301 7729
3 7718 7294 7301
3 7721 7732 7720
3 7720 7732 7723
3 7723 7732 7733
3 7735 7734 7733
3 7734 7723 7733
3 7734 7724 7723
3 7724 7736 7725
3 7724 7734 7736
3 7725 7737 7726
3 7725 7736 7737
3 7726 7738 7727
3 7726 7737 7738
3 7727 7739 7728
3 7727 7738 7739
3 7740 7303 7297
3 7728 7740 7297
3 7739 7740 7728
3 7740 7305 7303
3 7307 7741 7308
3 7741 7310 7308
3 7731 7729 7742
3 7731 7742 7743
3 7311 7742 7301
3 7301 7742 7729
3 7746 7745 7744
3 7746 7744 7735
3 7744 7734 7735
3 7744 7747 7734
3 7734 7748 7736
3 7734 7747 7748
3 7736 7749 7737
3 7736 7748 7749
3 7737 7750 7738
3 7737 7749 7750
3 7738 7751 7739
3 7738 7750 7751
3 7739 7752 7740
3 7739 7751 7752
3 7752 7314 7305
3 7752 7305 7740
3 7316 7741 7307
3 7741 7316 7310
3 7754 7742 7753
3 7742 7311 7753
3 7319 7755 7753
3 7319 7753 7311
3 7745 7756 7744
3 7744 7756 7747
3 7747 7756 7757
3 7759 7758 7757
3 7758 7747 7757
3 7758 7748 7747
3 7748 7760 7749
3 7748 7758 7760
3 7749 7761 7750
3 7749 7760 7761
3 7750 7762 7751
3 7750 7761 7762
3 7751 7763 7752
3 7751 7762 7763
3 7763 7322 7314
3 7763 7314 7752
3 7753 7755 7764
3 7764 7755 7765
3 7768 7767 7766
3 7768 7766 7759
3 7766 7758 7759
3 7766 7769 7758
3 7758 7770 7760
3 7758 7769 7770
3 7760 7771 7761
3 7760 7770 7771
3 7761 7772 7762
3 7761 7771 7772
3 7762 7773 7763
3 7762 7772 7773
3 7773 7328 7322
3 7773 7322 7763
3 7775 7774 7765
3 7326 7775 7765
3 7332 7775 7326
3 7765 7774 7764
3 7766 7767 7776
3 7776 7767 7777
3 7766 7778 7769
3 7766 7776 7778
3 7769 7779 7770
3 7769 7778 7779
3 7770 7780 7771
3 7770 7779 7780
3 7771 7781 7772
3 7771 7780 7781
3 7772 7782 7773
3 7772 7781 7782
3 7782 7334 7328
3 7782 7328 7773
3 7338 7339 7783
3 7783 7339 7784
3 7777 7785 7776
3 7787 7786 7785
3 7786 7776 7785
3 7786 7778 7776
3 7778 7788 7779
3 7778 7786 7788
3 7779 7789 7780
3 7779 7788 7789
3 7780 7790 7781
3 7780 7789 7790
3 7781 7791 7782
3 7781 7790 7791
3 7791 7342 7334
3 7791 7334 7782
3 7346 7784 7339
3 7346 7792 7784
3 7786 7787 7793
3 7793 7787 7794
3 7786 7795 7788
3 7786 7793 7795
3 7788 7796 7789
3 7788 7795 7796
3 7789 7797 7790
3 7789 7796 7797
3 7790 7798 7791
3 7790 7797 7798
3 7798 7349 7342
3 7798 7342 7791
3 7350 7799 7351
3 7800 7352 7351
3 7800 7351 7799
3 7801 7353 7352
3 7801 7352 7800
3 7801 7354 7353
3 7804 7803 7802
3 7803 7792 7802
3 7792 7355 7802
3 7792 7346 7355
3 7807 7806 7805
3 7807 7805 7794
3 7805 7793 7794
3 7805 7808 7793
3 7810 7795 7809
3 7795 7808 7809
3 7795 7793 7808
3 7795 7810 7796
3 7796 7810 7811
3 7796 7811 7797
3 7797 7811 7812
3 7797 7812 7798
3 7798 7812 7813
3 7798 7813 7349
3 7813 7357 7349
3 7813 7814 7357
3 7357 7814 7350
3 7814 7815 7350
3 7815 7799 7350
3 7815 7814 7816
3 7799 7817 7800
3 7799 7815 7817
3 7800 7818 7801
3 7800 7817 7818
3 7818 7358 7354
3 7818 7354 7801
3 7804 7802 7359
3 7360 7804 7359
3 7819 7804 7360
3 7359 7802 7355
3 7806 7820 7805
3 7805 7820 7808
3 7808 7820 7821
3 7808 7821 7809
3 7824 7823 7822
3 7826 7825 7822
3 7822 7825 7824
3 7825 7826 7816
3 7826 7815 7816
3 7826 7827 7815
3 7815 7828 7817
3 7815 7827 7828
3 7817 7829 7818
3 7817 7828 7829
3 7829 7361 7358
3 7829 7358 7818
3 7362 7819 7360
3 7362 7830 7819
3 7822 7823 7831
3 7831 7823 7832
3 7822 7833 7826
3 7822 7831 7833
3 7826 7834 7827
3 7826 7833 7834
3 7834 7364 7365
3 7828 7834 7365
3 7827 7834 7828
3 7828 7365 7366
3 7828 7366 7829
3 7829 7366 7361
3 7368 7830 7362
3 7368 7835 7830
3 7838 7837 7836
3 7840 7839 7836
3 7836 7839 7838
3 7842 7841 7840
3 7840 7841 7839
3 7841 7842 7832
3 7832 7842 7831
3 7842 7370 7831
3 7370 7371 7831
3 7831 7371 7372
3 7831 7372 7833
3 7833 7372 7374
3 7833 7374 7834
3 7834 7374 7364
3 7375 7376 7843
3 7843 7376 7844
3 7847 7846 7845
3 7849 7848 7845
3 7845 7848 7847
3 7851 7850 7849
3 7849 7850 7848
3 7853 7852 7851
3 7851 7852 7850
3 7855 7854 7853
3 7853 7854 7852
3 7379 7380 7855
3 7380 7854 7855
3 7380 7856 7854
3 7857 7836 7381
3 7836 7856 7381
3 7856 7380 7381
3 7836 7837 7856
3 7857 7382 7383
3 7840 7857 7383
3 7836 7857 7840
3 7840 7383 7384
3 7840 7384 7842
3 7842 7384 7370
3 7385 7859 7858
3 7844 7385 7858
3 7376 7385 7844
3 7388 7389 7859
3 7389 7858 7859
3 7389 7860 7858
3 7861 7389 7390
3 7861 7860 7389
3 7863 7862 7392
3 7862 7390 7392
3 7862 7861 7390
3 7865 7864 7863
3 7863 7864 7862
3 7867 7866 7865
3 7865 7866 7864
3 7394 7395 7867
3 7395 7866 7867
3 7395 7868 7866
3 7870 7869 7396
3 7869 7395 7396
3 7869 7868 7395
3 7872 7871 7870
3 7870 7871 7869
3 7874 7873 7872
3 7872 7873 7871
3 7398 7399 7874
3 7399 7873 7874
3 7399 7875 7873
3 7876 7399 7400
3 7876 7875 7399
3 7877 7400 7402
3 7877 7876 7400
3 7878 7402 7403
3 7878 7877 7402
3 7404 7845 7846
3 7878 7404 7846
3 7403 7404 7878
3 7845 7404 7405
3 7845 7405 7849
3 7849 7405 7406
3 7849 7406 7851
3 7851 7406 7407
3 7851 7407 7853
3 7853 7407 7408
3 7853 7408 7855
3 7855 7408 7379
3 7409 7857 7381
3 7857 7409 7382
3 7859 7410 7388
3 7411 7863 7392
3 7863 7411 7412
3 7863 7412 7865
3 7865 7412 7413
3 7865 7413 7867
3 7867 7413 7394
3 7414 7870 7396
3 7870 7414 7415
3 7870 7415 7872
3 7872 7415 7416
3 7872 7416 7874
3 7874 7416 7398
3 7881 7880 7879
3 7880 7515 7879
3 7515 7882 7879
3 7515 7880 7514
3 7499 7881 7879
3 7883 7499 7879
3 7517 7499 7883
3 7518 7884 7502
3 7884 7518 7503
3 7886 7885 7526
3 7885 7515 7526
3 7885 7882 7515
3 7883 7529 7517
3 7887 7529 7883
3 7530 7888 7531
3 7889 7532 7531
3 7889 7531 7888
3 7890 7533 7532
3 7890 7532 7889
3 7890 7535 7533
3 7536 7891 7537
3 7891 7539 7537
3 7894 7893 7892
3 7896 7895 7892
3 7896 7892 7893
3 7885 7886 7897
3 7897 7886 7898
3 7548 7529 7899
3 7529 7900 7899
3 7529 7887 7900
3 7888 7530 7548
3 7899 7888 7548
3 7901 7888 7899
3 7888 7902 7889
3 7888 7901 7902
3 7889 7903 7890
3 7889 7902 7903
3 7904 7549 7535
3 7890 7904 7535
3 7903 7904 7890
3 7891 7536 7549
3 7904 7891 7549
3 7905 7891 7904
3 7905 7551 7539
3 7905 7539 7891
3 7552 7906 7553
3 7907 7554 7553
3 7907 7553 7906
3 7908 7555 7554
3 7908 7554 7907
3 7909 7556 7555
3 7909 7555 7908
3 7910 7557 7556
3 7910 7556 7909
3 7911 7558 7557
3 7911 7557 7910
3 7911 7560 7558
3 7912 7894 7892
3 7912 7892 7895
3 7912 7895 7913
3 7915 7914 7898
3 7547 7915 7898
3 7566 7915 7547
3 7898 7914 7897
3 7900 7916 7899
3 7918 7917 7916
3 7917 7899 7916
3 7917 7901 7899
3 7901 7919 7902
3 7901 7917 7919
3 7902 7920 7903
3 7902 7919 7920
3 7903 7921 7904
3 7903 7920 7921
3 7904 7922 7905
3 7904 7921 7922
3 7923 7567 7551
3 7905 7923 7551
3 7922 7923 7905
3 7906 7552 7567
3 7923 7906 7567
3 7924 7906 7923
3 7906 7925 7907
3 7906 7924 7925
3 7907 7926 7908
3 7907 7925 7926
3 7908 7927 7909
3 7908 7926 7927
3 7909 7928 7910
3 7909 7927 7928
3 7928 7569 7570
3 7911 7928 7570
3 7910 7928 7911
3 7911 7570 7560
3 7931 7930 7929
3 7933 7932 7929
3 7933 7929 7930
3 7935 7934 7932
3 7935 7932 7933
3 7936 7934 7935
3 7939 7938 7937
3 7937 7938 7940
3 7938 7939 7918
3 7939 7917 7918
3 7939 7941 7917
3 7941 7584 7585
3 7919 7941 7585
3 7917 7941 7919
3 7919 7585 7586
3 7942 7919 7586
3 7920 7919 7942
3 7920 7943 7921
3 7920 7942 7943
3 7921 7944 7922
3 7921 7943 7944
3 7944 7588 7589
3 7923 7944 7589
3 7922 7944 7923
3 7923 7589 7590
3 7923 7590 7924
3 7924 7590 7592
3 7945 7924 7592
3 7925 7924 7945
3 7945 7594 7595
3 7926 7945 7595
3 7925 7945 7926
3 7926 7595 7596
3 7926 7596 7927
3 7927 7596 7598
3 7927 7598 7928
3 7928 7598 7569
3 7601 7946 7602
3 7946 7604 7602
3 7931 7929 7947
3 7931 7947 7948
3 7932 7950 7949
3 7947 7932 7949
3 7929 7932 7947
3 7950 7932 7934
3 7950 7934 7951
3 7951 7934 7936
3 7954 7953 7952
3 7956 7955 7952
3 7956 7952 7953
3 7958 7957 7955
3 7958 7955 7956
3 7959 7957 7958
3 7937 7960 7939
3 7937 7961 7960
3 7939 7962 7941
3 7939 7960 7962
3 7963 7615 7584
3 7941 7963 7584
3 7962 7963 7941
3 7942 7586 7615
3 7963 7942 7615
3 7964 7942 7963
3 7964 7617 7618
3 7943 7964 7618
3 7942 7964 7943
3 7943 7618 7619
3 7965 7943 7619
3 7944 7943 7965
3 7966 7620 7588
3 7944 7966 7588
3 7965 7966 7944
3 7967 7621 7620
3 7967 7620 7966
3 7967 7592 7621
3 7967 7945 7592
3 7967 7624 7622
3 7945 7967 7622
3 7945 7622 7594
3 7629 7946 7601
3 7946 7629 7604
3 7968 7948 7947
3 7968 7947 7949
3 7971 7970 7969
3 7973 7972 7969
3 7973 7969 7970
3 7974 7972 7973
3 7975 7954 7952
3 7975 7952 7955
3 7975 7955 7976
3 7978 7977 7976
3 7955 7978 7976
3 7957 7978 7955
3 7957 7959 7979
3 7980 7957 7979
3 7978 7957 7980
3 7961 7981 7960
3 7961 7982 7981
3 7960 7983 7962
3 7960 7981 7983
3 7962 7984 7963
3 7962 7983 7984
3 7963 7985 7964
3 7963 7984 7985
3 7986 7639 7617
3 7964 7986 7617
3 7985 7986 7964
3 7965 7619 7639
3 7986 7965 7639
3 7987 7965 7986
3 7965 7988 7966
3 7965 7987 7988
3 7966 7989 7967
3 7966 7988 7989
3 7990 7640 7624
3 7967 7990 7624
3 7989 7990 7967
3 7991 7641 7640
3 7991 7640 7990
3 7991 7643 7641
3 7992 7971 7969
3 7992 7969 7972
3 7992 7972 7993
3 7993 7972 7974
3 7996 7995 7994
3 7997 7994 7995
3 7977 7978 7998
3 7977 7998 7999
3 8000 7978 7980
3 7998 7978 8000
3 8001 7658 7659
3 7981 8001 7659
3 7982 8001 7981
3 7981 7659 7660
3 8002 7981 7660
3 7983 7981 8002
3 7983 8003 7984
3 7983 8002 8003
3 7984 8004 7985
3 7984 8003 8004
3 7985 8005 7986
3 7985 8004 8005
3 7986 8006 7987
3 7986 8005 8006
3 7987 8007 7988
3 7987 8006 8007
3 7988 8008 7989
3 7988 8007 8008
3 7989 8009 7990
3 7989 8008 8009
3 7990 8010 7991
3 7990 8009 8010
3 8011 7661 7643
3 7991 8011 7643
3 8010 8011 7991
3 8012 7662 7661
3 8012 7661 8011
3 8013 7663 7662
3 8013 7662 8012
3 8013 7665 7663
3 8014 7996 7994
3 8014 7994 7997
3 8017 8016 8015
3 7998 8017 8015
3 8000 8017 7998
3 8018 7673 7658
3 8001 8018 7658
3 8019 8018 8001
3 8002 7660 7673
3 8018 8002 7673
3 8020 8002 8018
3 8002 8021 8003
3 8002 8020 8021
3 8003 8022 8004
3 8003 8021 8022
3 8004 8023 8005
3 8004 8022 8023
3 8005 8024 8006
3 8005 8023 8024
3 8006 8025 8007
3 8006 8024 8025
3 8007 8026 8008
3 8007 8025 8026
3 8008 8027 8009
3 8008 8026 8027
3 8009 8028 8010
3 8009 8027 8028
3 8010 8029 8011
3 8010 8028 8029
3 8029 7675 7676
3 8012 8029 7676
3 8011 8029 8012
3 8012 7676 7677
3 8012 7677 8013
3 8013 7677 7665
3 7680 8030 7681
3 8030 7683 7681
3 8031 8016 8017
3 8019 8032 8018
3 8019 8033 8032
3 8018 8034 8020
3 8018 8032 8034
3 8020 8035 8021
3 8020 8034 8035
3 8021 8036 8022
3 8021 8035 8036
3 8022 8037 8023
3 8022 8036 8037
3 8023 8038 8024
3 8023 8037 8038
3 8024 8039 8025
3 8024 8038 8039
3 8025 8040 8026
3 8025 8039 8040
3 8026 8041 8027
3 8026 8040 8041
3 8027 8042 8028
3 8027 8041 8042
3 8028 8043 8029
3 8028 8042 8043
3 8044 7689 7675
3 8029 8044 7675
3 8043 8044 8029
3 8045 7690 7689
3 8045 7689 8044
3 8046 7691 7690
3 8046 7690 8045
3 7694 8030 7680
3 7692 7691 8046
3 8030 7694 7683
3 8033 8047 8032
3 8033 8048 8047
3 8032 8049 8034
3 8032 8047 8049
3 8034 8050 8035
3 8034 8049 8050
3 8035 8051 8036
3 8035 8050 8051
3 8036 8052 8037
3 8036 8051 8052
3 8037 8053 8038
3 8037 8052 8053
3 8038 8054 8039
3 8038 8053 8054
3 8039 8055 8040
3 8039 8054 8055
3 8040 8056 8041
3 8040 8055 8056
3 8041 8057 8042
3 8041 8056 8057
3 8042 8058 8043
3 8042 8057 8058
3 8043 8059 8044
3 8043 8058 8059
3 8059 7705 7706
3 8045 8059 7706
3 8044 8059 8045
3 8045 7706 7707
3 8060 8045 7707
3 8046 8045 8060
3 8061 7708 7692
3 8046 8061 7692
3 8060 8061 8046
3 8062 7709 7708
3 8062 7708 8061
3 8062 7711 7709
3 8048 8063 8047
3 8048 8064 8063
3 8047 8065 8049
3 8047 8063 8065
3 8049 8066 8050
3 8049 8065 8066
3 8050 8067 8051
3 8050 8066 8067
3 8051 8068 8052
3 8051 8067 8068
3 8052 8069 8053
3 8052 8068 8069
3 8053 8070 8054
3 8053 8069 8070
3 8054 8071 8055
3 8054 8070 8071
3 8055 8072 8056
3 8055 8071 8072
3 8056 8073 8057
3 8056 8072 8073
3 8057 8074 8058
3 8057 8073 8074
3 8058 8075 8059
3 8058 8074 8075
3 8076 7719 7705
3 8059 8076 7705
3 8075 8076 8059
3 8060 7707 7719
3 8076 8060 7719
3 8077 8060 8076
3 8060 8078 8061
3 8060 8077 8078
3 8078 7721 7722
3 8062 8078 7722
3 8061 8078 8062
3 8062 7722 7711
3 8081 8080 8079
3 8064 8082 8063
3 8064 8083 8082
3 8063 8084 8065
3 8063 8082 8084
3 8065 8085 8066
3 8065 8084 8085
3 8066 8086 8067
3 8066 8085 8086
3 8067 8087 8068
3 8067 8086 8087
3 8068 8088 8069
3 8068 8087 8088
3 8069 8089 8070
3 8069 8088 8089
3 8070 8090 8071
3 8070 8089 8090
3 8071 8091 8072
3 8071 8090 8091
3 8072 8092 8073
3 8072 8091 8092
3 8073 8093 8074
3 8073 8092 8093
3 8074 8094 8075
3 8074 8093 8094
3 8075 8095 8076
3 8075 8094 8095
3 8076 8096 8077
3 8076 8095 8096
3 8077 8097 8078
3 8077 8096 8097
3 8098 7732 7721
3 8078 8098 7721
3 8097 8098 8078
3 8099 7733 7732
3 8099 7732 8098
3 8099 7735 7733
3 8100 8081 8079
3 8083 8101 8082
3 8083 8102 8101
3 8082 8103 8084
3 8082 8101 8103
3 8084 8104 8085
3 8084 8103 8104
3 8085 8105 8086
3 8085 8104 8105
3 8086 8106 8087
3 8086 8105 8106
3 8087 8107 8088
3 8087 8106 8107
3 8088 8108 8089
3 8088 8107 8108
3 8089 8109 8090
3 8089 8108 8109
3 8090 8110 8091
3 8090 8109 8110
3 8091 8111 8092
3 8091 8110 8111
3 8092 8112 8093
3 8092 8111 8112
3 8093 8113 8094
3 8093 8112 8113
3 8094 8114 8095
3 8094 8113 8114
3 8095 8115 8096
3 8095 8114 8115
3 8096 8116 8097
3 8096 8115 8116
3 8097 8117 8098
3 8097 8116 8117
3 8117 7745 7746
3 8099 8117 7746
3 8098 8117 8099
3 8099 7746 7735
3 8102 8118 8101
3 8102 8119 8118
3 8101 8120 8103
3 8101 8118 8120
3 8103 8121 8104
3 8103 8120 8121
3 8104 8122 8105
3 8104 8121 8122
3 8105 8123 8106
3 8105 8122 8123
3 8106 8124 8107
3 8106 8123 8124
3 8107 8125 8108
3 8107 8124 8125
3 8108 8126 8109
3 8108 8125 8126
3 8109 8127 8110
3 8109 8126 8127
3 8110 8128 8111
3 8110 8127 8128
3 8111 8129 8112
3 8111 8128 8129
3 8112 8130 8113
3 8112 8129 8130
3 8113 8131 8114
3 8113 8130 8131
3 8114 8132 8115
3 8114 8131 8132
3 8115 8133 8116
3 8115 8132 8133
3 8116 8134 8117
3 8116 8133 8134
3 8135 7756 7745
3 8117 8135 7745
3 8134 8135 8117
3 8136 7757 7756
3 8136 7756 8135
3 8136 7759 7757
3 8119 8137 8118
3 8119 8138 8137
3 8118 8139 8120
3 8118 8137 8139
3 8120 8140 8121
3 8120 8139 8140
3 8121 8141 8122
3 8121 8140 8141
3 8122 8142 8123
3 8122 8141 8142
3 8123 8143 8124
3 8123 8142 8143
3 8124 8144 8125
3 8124 8143 8144
3 8125 8145 8126
3 8125 8144 8145
3 8126 8146 8127
3 8126 8145 8146
3 8127 8147 8128
3 8127 8146 8147
3 8128 8148 8129
3 8128 8147 8148
3 8129 8149 8130
3 8129 8148 8149
3 8130 8150 8131
3 8130 8149 8150
3 8131 8151 8132
3 8131 8150 8151
3 8132 8152 8133
3 8132 8151 8152
3 8133 8153 8134
3 8133 8152 8153
3 8134 8154 8135
3 8134 8153 8154
3 8154 7767 7768
3 8136 8154 7768
3 8135 8154 8136
3 8136 7768 7759
3 8138 8155 8137
3 8138 8156 8155
3 8137 8157 8139
3 8137 8155 8157
3 8139 8158 8140
3 8139 8157 8158
3 8140 8159 8141
3 8140 8158 8159
3 8141 8160 8142
3 8141 8159 8160
3 8142 8161 8143
3 8142 8160 8161
3 8143 8162 8144
3 8143 8161 8162
3 8144 8163 8145
3 8144 8162 8163
3 8145 8164 8146
3 8145 8163 8164
3 8146 8165 8147
3 8146 8164 8165
3 8147 8166 8148
3 8147 8165 8166
3 8148 8167 8149
3 8148 8166 8167
3 8149 8168 8150
3 8149 8167 8168
3 8150 8169 8151
3 8150 8168 8169
3 8151 8170 8152
3 8151 8169 8170
3 8152 8171 8153
3 8152 8170 8171
3 8153 8172 8154
3 8153 8171 8172
3 8172 7777 7767
3 8172 7767 8154
3 8156 8173 8155
3 8156 8174 8173
3 8155 8175 8157
3 8155 8173 8175
3 8157 8176 8158
3 8157 8175 8176
3 8158 8177 8159
3 8158 8176 8177
3 8159 8178 8160
3 8159 8177 8178
3 8160 8179 8161
3 8160 8178 8179
3 8161 8180 8162
3 8161 8179 8180
3 8162 8181 8163
3 8162 8180 8181
3 8163 8182 8164
3 8163 8181 8182
3 8164 8183 8165
3 8164 8182 8183
3 8165 8184 8166
3 8165 8183 8184
3 8166 8185 8167
3 8166 8184 8185
3 8167 8186 8168
3 8167 8185 8186
3 8168 8187 8169
3 8168 8186 8187
3 8169 8188 8170
3 8169 8187 8188
3 8170 8189 8171
3 8170 8188 8189
3 8171 8190 8172
3 8171 8189 8190
3 8191 7785 7777
3 8172 8191 7777
3 8190 8191 8172
3 8191 7787 7785
3 8173 8192 8175
3 8173 8193 8192
3 8175 8194 8176
3 8175 8192 8194
3 8176 8195 8177
3 8176 8194 8195
3 8177 8196 8178
3 8177 8195 8196
3 8178 8197 8179
3 8178 8196 8197
3 8179 8198 8180
3 8179 8197 8198
3 8180 8199 8181
3 8180 8198 8199
3 8181 8200 8182
3 8181 8199 8200
3 8182 8201 8183
3 8182 8200 8201
3 8183 8202 8184
3 8183 8201 8202
3 8184 8203 8185
3 8184 8202 8203
3 8185 8204 8186
3 8185 8203 8204
3 8186 8205 8187
3 8186 8204 8205
3 8187 8206 8188
3 8187 8205 8206
3 8188 8207 8189
3 8188 8206 8207
3 8189 8208 8190
3 8189 8207 8208
3 8190 8209 8191
3 8190 8208 8209
3 8209 7794 7787
3 8209 7787 8191
3 8212 8211 8210
3 8214 8213 8210
3 8214 8210 8211
3 8216 8215 8193
3 8216 8217 8215
3 8193 8218 8192
3 8193 8215 8218
3 8192 8219 8194
3 8192 8218 8219
3 8194 8220 8195
3 8194 8219 8220
3 8195 8221 8196
3 8195 8220 8221
3 8196 8222 8197
3 8196 8221 8222
3 8197 8223 8198
3 8197 8222 8223
3 8198 8224 8199
3 8198 8223 8224
3 8199 8225 8200
3 8199 8224 8225
3 8200 8226 8201
3 8200 8225 8226
3 8201 8227 8202
3 8201 8226 8227
3 8202 8228 8203
3 8202 8227 8228
3 8203 8229 8204
3 8203 8228 8229
3 8204 8230 8205
3 8204 8229 8230
3 8205 8231 8206
3 8205 8230 8231
3 8206 8232 8207
3 8206 8231 8232
3 8207 8233 8208
3 8207 8232 8233
3 8233 7806 7807
3 8209 8233 7807
3 8208 8233 8209
3 8209 7807 7794
3 7809 8234 7810
3 8235 7811 7810
3 8235 7810 8234
3 8236 7812 7811
3 8236 7811 8235
3 8237 7813 7812
3 8237 7812 8236
3 8238 7814 7813
3 8238 7813 8237
3 8238 7816 7814
3 8239 8212 8210
3 8239 8210 8213
3 8239 8213 8240
3 8217 8241 8215
3 8217 8242 8241
3 8215 8243 8218
3 8215 8241 8243
3 8218 8244 8219
3 8218 8243 8244
3 8219 8245 8220
3 8219 8244 8245
3 8220 8246 8221
3 8220 8245 8246
3 8221 8247 8222
3 8221 8246 8247
3 8222 8248 8223
3 8222 8247 8248
3 8223 8249 8224
3 8223 8248 8249
3 8224 8250 8225
3 8224 8249 8250
3 8225 8251 8226
3 8225 8250 8251
3 8226 8252 8227
3 8226 8251 8252
3 8227 8253 8228
3 8227 8252 8253
3 8228 8254 8229
3 8228 8253 8254
3 8229 8255 8230
3 8229 8254 8255
3 8257 8231 8256
3 8231 8255 8256
3 8231 8230 8255
3 8231 8257 8232
3 8232 8257 8258
3 8232 8258 8233
3 8233 8258 8259
3 8233 8259 7806
3 8259 7820 7806
3 8259 8260 7820
3 8260 8262 8261
3 7821 8260 8261
3 7820 8260 7821
3 8234 7809 7821
3 8261 8234 7821
3 8263 8234 8261
3 8234 8264 8235
3 8234 8263 8264
3 8235 8265 8236
3 8235 8264 8265
3 8265 7823 7824
3 8237 8265 7824
3 8236 8265 8237
3 8237 7824 7825
3 8237 7825 8238
3 8238 7825 7816
3 8268 8267 8266
3 8269 8266 8267
3 8272 8271 8270
3 7819 8272 8270
3 7830 8272 7819
3 8270 8271 8242
3 8242 8271 8273
3 8275 8274 8273
3 8274 8242 8273
3 8274 8241 8242
3 8241 8276 8243
3 8241 8274 8276
3 8243 8277 8244
3 8243 8276 8277
3 8279 8245 8278
3 8245 8277 8278
3 8245 8244 8277
3 8245 8279 8246
3 8246 8279 8280
3 8246 8280 8247
3 8247 8280 8281
3 8247 8281 8248
3 8248 8281 8282
3 8248 8282 8249
3 8249 8282 8283
3 8249 8283 8250
3 8250 8283 8284
3 8250 8284 8251
3 8251 8284 8285
3 8287 8286 8285
3 8286 8251 8285
3 8286 8252 8251
3 8289 8253 8288
3 8253 8286 8288
3 8253 8252 8286
3 8253 8289 8254
3 8254 8289 8290
3 8254 8290 8255
3 8255 8290 8291
3 8294 8293 8292
3 8255 8291 8256
3 8296 8295 8293
3 8293 8295 8292
3 8298 8297 8296
3 8296 8297 8295
3 8298 8299 8297
3 8261 8262 8300
3 8300 8262 8301
3 8261 8302 8263
3 8261 8300 8302
3 8263 8303 8264
3 8263 8302 8303
3 8264 8304 8265
3 8264 8303 8304
3 8304 7832 7823
3 8304 7823 8265
3 8305 8268 8266
3 8305 8266 8269
3 7835 8272 7830
3 7835 8306 8272
3 8275 8307 8274
3 8309 8308 8307
3 8308 8274 8307
3 8308 8276 8274
3 8276 8310 8277
3 8276 8308 8310
3 8278 8277 8311
3 8311 8277 8310
3 8314 8313 8312
3 8312 8315 8314
3 8286 8287 8316
3 8316 8287 8317
3 8288 8286 8318
3 8318 8286 8316
3 8321 8320 8319
3 8323 8322 8319
3 8319 8322 8321
3 8322 8323 8294
3 8323 8293 8294
3 8323 8324 8293
3 8293 8325 8296
3 8293 8324 8325
3 8296 8326 8298
3 8296 8325 8326
3 8299 8298 8327
3 8298 8328 8327
3 8298 8326 8328
3 8327 8328 8301
3 8328 8300 8301
3 8328 8329 8300
3 8329 7837 7838
3 8302 8329 7838
3 8300 8329 8302
3 8302 7838 7839
3 8302 7839 8303
3 8303 7839 7841
3 8303 7841 8304
3 8304 7841 7832
3 7843 7844 8330
3 8330 7844 8331
3 8334 8333 8332
3 8334 8332 8309
3 8332 8308 8309
3 8332 8335 8308
3 8308 8336 8310
3 8308 8335 8336
3 8311 8310 8337
3 8310 8338 8337
3 8310 8336 8338
3 8340 8339 8338
3 8338 8339 8337
3 8339 8340 8313
3 8340 8312 8313
3 8340 8341 8312
3 8315 8312 8342
3 8312 8343 8342
3 8312 8341 8343
3 8345 8344 8343
3 8343 8344 8342
3 8347 8346 8345
3 8345 8346 8344
3 8349 8348 8347
3 8347 8348 8346
3 8348 8349 8317
3 8349 8316 8317
3 8349 8350 8316
3 8318 8316 8351
3 8316 8352 8351
3 8316 8350 8352
3 8351 8352 8320
3 8352 8319 8320
3 8352 8353 8319
3 8353 7846 7847
3 8323 8353 7847
3 8319 8353 8323
3 8323 7847 7848
3 8323 7848 8324
3 8324 7848 7850
3 8324 7850 8325
3 8325 7850 7852
3 8325 7852 8326
3 8326 7852 7854
3 8326 7854 8328
3 8328 7854 7856
3 8328 7856 8329
3 8329 7856 7837
3 7844 7858 8354
3 8355 7844 8354
3 8331 7844 8355
3 8333 8356 8332
3 8356 7858 8332
3 7858 7860 8332
3 7858 8356 8354
3 8332 7860 7861
3 8332 7861 8335
3 8335 7861 7862
3 8335 7862 8336
3 8336 7862 7864
3 8336 7864 8338
3 8338 7864 7866
3 8338 7866 8340
3 8340 7866 7868
3 8340 7868 8341
3 8341 7868 7869
3 8341 7869 8343
3 8343 7869 7871
3 8343 7871 8345
3 8345 7871 7873
3 8345 7873 8347
3 8347 7873 7875
3 8347 7875 8349
3 8349 7875 7876
3 8349 7876 8350
3 8350 7876 7877
3 8350 7877 8352
3 8352 7877 7878
3 8352 7878 8353
3 8353 7878 7846
3 8358 8357 7879
3 8358 7879 7882
3 8360 8359 7883
3 7879 8360 7883
3 8357 8360 7879
3 8362 8361 8359
3 8362 8359 8360
3 8364 8363 8361
3 8364 8361 8362
3 8365 8363 8364
3 8368 8367 8366
3 8370 8369 8366
3 8370 8366 8367
3 8371 8369 8370
3 8374 8373 8372
3 8375 8372 8373
3 8378 8377 8376
3 8377 8358 8376
3 8358 7885 8376
3 8358 7882 7885
3 8379 7887 8359
3 8359 7887 7883
3 8380 8359 8361
3 8379 8359 8380
3 8381 8361 8363
3 8380 8361 8381
3 8363 8365 8382
3 8383 8363 8382
3 8381 8363 8383
3 8383 8385 8384
3 8383 8366 8385
3 8383 8382 8368
3 8366 8383 8368
3 8385 8366 8369
3 8385 8369 8386
3 8386 8369 8371
3 8387 8374 8372
3 8387 8372 8375
3 8390 8389 8388
3 8392 8391 8388
3 8392 8388 8389
3 8394 8393 8391
3 8394 8391 8392
3 8396 8395 8393
3 8396 8393 8394
3 8397 8395 8396
3 8400 8399 8398
3 7893 7894 8398
3 8399 7893 8398
3 8401 7893 8399
3 7893 8402 7896
3 8401 8402 7893
3 8376 7885 8403
3 7885 8404 8403
3 7885 7897 8404
3 8405 7900 8379
3 8379 7900 7887
3 8380 8407 8406
3 8405 8380 8406
3 8379 8380 8405
3 8407 8380 8381
3 8407 8381 8408
3 8408 8381 8383
3 8408 8383 8409
3 8412 8411 8410
3 8384 8409 8383
3 8414 8413 8411
3 8414 8411 8412
3 8416 8415 8413
3 8416 8413 8414
3 8418 8417 8415
3 8418 8415 8416
3 8420 8419 8417
3 8420 8417 8418
3 8422 8421 8419
3 8422 8419 8420
3 8424 8423 8421
3 8424 8421 8422
3 8425 8423 8424
3 8426 8390 8388
3 8426 8388 8391
3 8426 8391 8427
3 8427 8391 8393
3 8427 8393 8428
3 8428 8393 8395
3 8428 8395 8429
3 8429 8395 8397
3 8430 8400 8398
3 8430 8398 7894
3 7912 8430 7894
3 8431 8430 7912
3 8432 7912 7913
3 8432 8431 7912
3 7913 8434 8433
3 7913 8433 8432
3 8436 8435 7914
3 8436 7914 7915
3 7897 7914 8404
3 8404 7914 8435
3 8405 7916 7900
3 7918 7916 8405
3 8406 7918 8405
3 8437 7918 8406
3 8438 8410 8411
3 8438 8411 8413
3 8438 8413 8439
3 8439 8413 8415
3 8439 8415 8440
3 8440 8415 8417
3 8440 8417 8441
3 8441 8417 8419
3 8441 8419 8442
3 8442 8419 8421
3 8442 8421 8443
3 8443 8421 8423
3 8443 8423 8444
3 8444 8423 8425
3 8447 8446 8445
3 7930 7931 8445
3 8446 7930 8445
3 8448 7930 8446
3 7930 8449 7933
3 8448 8449 7930
3 7933 8450 7935
3 8449 8450 7933
3 8452 8451 7936
3 7935 8452 7936
3 8450 8452 7935
3 8454 8453 8451
3 8454 8451 8452
3 8456 8455 8453
3 8456 8453 8454
3 8457 8455 8456
3 7938 7918 8437
3 7938 8437 8458
3 8461 8460 8459
3 8463 8462 8459
3 8463 8459 8460
3 8465 8464 8462
3 8465 8462 8463
3 8467 8466 8464
3 8467 8464 8465
3 8468 8466 8467
3 8469 8447 8445
3 7931 7948 8445
3 7948 8470 8445
3 8470 8469 8445
3 8470 7948 8471
3 7949 7950 8471
3 7950 8470 8471
3 7950 8472 8470
3 8474 8472 8473
3 8472 7951 8473
3 8472 7950 7951
3 7936 8451 7951
3 8451 8473 7951
3 8451 8475 8473
3 8476 8451 8453
3 8475 8451 8476
3 8477 8453 8455
3 8476 8453 8477
3 8478 7953 7954
3 8455 8478 7954
3 8477 8455 7954
3 8478 8455 8457
3 7953 8479 7956
3 8478 8479 7953
3 7956 8480 7958
3 8479 8480 7956
3 7959 7958 8480
3 7959 8480 8481
3 8482 8461 8459
3 8482 8459 8462
3 8482 8462 8483
3 8483 8462 8464
3 8483 8464 8484
3 8484 8464 8466
3 8484 8466 8485
3 8485 8466 8468
3 8471 7948 7968
3 8488 8487 8486
3 7968 7949 8471
3 8487 8488 8489
3 8474 8491 8490
3 8474 7971 8491
3 8474 8473 7970
3 7971 8474 7970
3 8492 8490 8491
3 7973 7970 8475
3 8473 8475 7970
3 7973 8475 7974
3 8475 8493 7974
3 8475 8476 8493
3 8494 8476 8477
3 8493 8476 8494
3 7975 8495 7954
3 8495 8477 7954
3 8495 8494 8477
3 7976 8496 7975
3 7975 8496 8495
3 7977 8496 7976
3 8481 8497 7959
3 7959 8497 7979
3 8498 8486 8487
3 8498 8487 8489
3 7992 8491 7971
3 8499 7993 7974
3 8500 8499 7974
3 8493 8500 7974
3 8499 8500 8501
3 7996 8500 7995
3 8500 8494 7995
3 8500 8493 8494
3 7995 8494 7997
3 8494 8502 7997
3 8494 8495 8502
3 8503 8495 8496
3 8502 8495 8503
3 7999 8503 7977
3 7977 8503 8496
3 8015 8016 8504
3 8504 8016 8505
3 8508 8507 8506
3 8508 8506 8080
3 8081 8508 8080
3 8509 8508 8081
3 8512 8511 8510
3 8514 8513 8510
3 8514 8510 8511
3 8515 8513 8514
3 8518 8517 8516
3 8520 8519 8516
3 8520 8516 8517
3 8519 8520 8512
3 8510 8519 8512
3 8521 8519 8510
3 8212 8521 8211
3 8521 8513 8211
3 8521 8510 8513
3 8518 8516 8522
3 8518 8522 8523
3 8524 8516 8519
3 8522 8516 8524
3 8525 8519 8521
3 8524 8519 8525
3 8239 8526 8212
3 8526 8521 8212
3 8526 8525 8521
3 8240 8527 8239
3 8528 8239 8527
3 8239 8528 8526
3 8529 8526 8528
3 8526 8529 8530
3 8256 8531 8257
3 8532 8258 8257
3 8532 8257 8531
3 8533 8259 8258
3 8533 8258 8532
3 8534 8260 8259
3 8534 8259 8533
3 8534 8262 8260
3 8523 8522 8535
3 8523 8535 8536
3 8537 8522 8524
3 8535 8522 8537
3 8268 8537 8267
3 8537 8525 8267
3 8537 8524 8525
3 8267 8525 8269
3 8525 8538 8269
3 8525 8526 8538
3 8530 8540 8539
3 8538 8530 8539
3 8526 8530 8538
3 8543 8542 8541
3 8271 8272 8541
3 8542 8271 8541
3 8544 8271 8542
3 8271 8545 8273
3 8544 8545 8271
3 8547 8546 8275
3 8273 8547 8275
3 8545 8547 8273
3 8548 8546 8547
3 8278 8549 8279
3 8550 8280 8279
3 8550 8279 8549
3 8551 8281 8280
3 8551 8280 8550
3 8552 8282 8281
3 8552 8281 8551
3 8553 8283 8282
3 8553 8282 8552
3 8554 8284 8283
3 8554 8283 8553
3 8555 8285 8284
3 8555 8284 8554
3 8555 8287 8285
3 8288 8556 8289
3 8557 8290 8289
3 8557 8289 8556
3 8558 8291 8290
3 8558 8290 8557
3 8558 8256 8291
3 8558 8531 8256
3 8558 8294 8292
3 8531 8558 8292
3 8531 8292 8295
3 8531 8295 8532
3 8532 8295 8297
3 8532 8297 8533
3 8533 8297 8299
3 8559 8533 8299
3 8534 8533 8559
3 8559 8301 8262
3 8559 8262 8534
3 8536 8535 8560
3 8536 8560 8561
3 8537 8563 8562
3 8560 8537 8562
3 8535 8537 8560
3 8563 8537 8268
3 8305 8563 8268
3 8564 8563 8305
3 8305 8269 8538
3 8565 8305 8538
3 8564 8305 8565
3 8565 8538 8539
3 8541 8272 8566
3 8272 8567 8566
3 8272 8306 8567
3 8546 8307 8275
3 8309 8307 8546
3 8548 8309 8546
3 8568 8309 8548
3 8311 8569 8549
3 8311 8549 8278
3 8549 8570 8550
3 8549 8569 8570
3 8570 8313 8314
3 8551 8570 8314
3 8550 8570 8551
3 8551 8314 8315
3 8571 8551 8315
3 8552 8551 8571
3 8552 8572 8553
3 8552 8571 8572
3 8553 8573 8554
3 8553 8572 8573
3 8554 8574 8555
3 8554 8573 8574
3 8574 8317 8287
3 8574 8287 8555
3 8318 8575 8556
3 8318 8556 8288
3 8575 8320 8321
3 8557 8575 8321
3 8556 8575 8557
3 8557 8321 8322
3 8557 8322 8558
3 8558 8322 8294
3 8327 8559 8299
3 8559 8327 8301
3 8576 8561 8560
3 8576 8560 8562
3 8330 8331 8577
3 8577 8331 8578
3 8579 8333 8334
3 8580 8579 8334
3 8309 8580 8334
3 8568 8580 8309
3 8337 8569 8311
3 8569 8337 8339
3 8569 8339 8570
3 8570 8339 8313
3 8342 8571 8315
3 8571 8342 8344
3 8571 8344 8572
3 8572 8344 8346
3 8572 8346 8573
3 8573 8346 8348
3 8573 8348 8574
3 8574 8348 8317
3 8351 8575 8318
3 8575 8351 8320
3 8583 8582 8581
3 8585 8584 8581
3 8585 8581 8582
3 8587 8586 8584
3 8587 8584 8585
3 8355 8578 8331
3 8355 8588 8578
3 8589 8356 8579
3 8579 8356 8333
3 8579 8580 8590
3 8579 8590 8589
3 8591 8589 8590
3 8593 8592 8357
3 8593 8357 8358
3 8362 8595 8594
3 8596 8362 8594
3 8364 8362 8596
3 8598 8597 8365
3 8364 8598 8365
3 8596 8598 8364
3 8367 8368 8597
3 8598 8367 8597
3 8599 8367 8598
3 8602 8601 8600
3 8604 8603 8600
3 8604 8600 8601
3 8605 8375 8373
3 8608 8607 8606
3 8607 8609 8606
3 8611 8610 8606
3 8611 8606 8609
3 8609 8607 8595
3 8595 8607 8612
3 8597 8382 8365
3 8615 8614 8613
3 8382 8597 8368
3 8616 8384 8385
3 8371 8617 8386
3 8620 8619 8618
3 8619 8620 8602
3 8600 8619 8602
3 8621 8619 8600
3 8624 8623 8622
3 8627 8626 8625
3 8390 8628 8389
3 8629 8394 8392
3 8629 8392 8630
3 8631 8396 8394
3 8631 8394 8629
3 8397 8396 8631
3 8634 8633 8632
3 8399 8400 8634
3 8632 8399 8634
3 8635 8399 8632
3 8399 8636 8401
3 8635 8636 8399
3 8401 8637 8402
3 8636 8637 8401
3 8408 8409 8613
3 8409 8638 8613
3 8638 8615 8613
3 8409 8639 8638
3 8640 8618 8619
3 8414 8640 8619
3 8416 8414 8619
3 8640 8414 8641
3 8416 8619 8418
3 8418 8619 8621
3 8643 8642 8621
3 8642 8418 8621
3 8642 8420 8418
3 8420 8644 8422
3 8642 8644 8420
3 8622 8424 8624
3 8424 8644 8624
3 8424 8422 8644
3 8646 8645 8425
3 8646 8425 8424
3 8647 8646 8424
3 8622 8647 8424
3 8649 8648 8645
3 8649 8645 8646
3 8651 8650 8648
3 8651 8648 8649
3 8653 8652 8650
3 8653 8650 8651
3 8655 8654 8652
3 8655 8652 8653
3 8654 8655 8627
3 8625 8654 8627
3 8656 8654 8625
3 8625 8658 8657
3 8659 8625 8657
3 8656 8625 8659
3 8661 8660 8659
3 8661 8659 8657
3 8390 8426 8628
3 8661 8662 8660
3 8663 8660 8662
3 8665 8664 8662
3 8663 8662 8664
3 8628 8427 8630
3 8427 8628 8426
3 8664 8665 8666
3 8629 8427 8428
3 8427 8629 8630
3 8629 8428 8429
3 8629 8429 8631
3 8634 8667 8633
3 8397 8631 8429
3 8667 8634 8400
3 8430 8667 8400
3 8668 8667 8430
3 8669 8430 8431
3 8669 8668 8430
3 8670 8431 8432
3 8670 8669 8431
3 8432 8433 8671
3 8432 8671 8670
3 8674 8673 8672
3 8673 8675 8672
3 8673 8676 8675
3 8437 8406 8673
3 8677 8437 8673
3 8674 8677 8673
3 8437 8677 8678
3 8638 8639 8679
3 8638 8679 8680
3 8682 8410 8681
3 8683 8682 8681
3 8684 8683 8681
3 8639 8684 8681
3 8679 8639 8681
3 8685 8679 8681
3 8438 8685 8681
3 8410 8438 8681
3 8686 8641 8683
3 8682 8683 8641
3 8685 8439 8687
3 8439 8685 8438
3 8690 8689 8688
3 8689 8441 8688
3 8689 8440 8441
3 8442 8691 8441
3 8441 8691 8688
3 8694 8693 8692
3 8693 8444 8692
3 8693 8443 8444
3 8425 8645 8444
3 8645 8692 8444
3 8645 8695 8692
3 8696 8645 8648
3 8695 8645 8696
3 8699 8698 8697
3 8650 8699 8697
3 8652 8699 8650
3 8700 8652 8654
3 8699 8652 8700
3 8447 8701 8446
3 8701 8656 8446
3 8656 8659 8446
3 8701 8702 8656
3 8446 8659 8448
3 8448 8659 8660
3 8448 8660 8449
3 8449 8660 8663
3 8449 8663 8450
3 8450 8663 8664
3 8666 8703 8664
3 8703 8450 8664
3 8703 8452 8450
3 8452 8704 8454
3 8703 8704 8452
3 8704 8706 8705
3 8456 8704 8705
3 8454 8704 8456
3 8705 8457 8456
3 8461 8707 8460
3 8707 8692 8460
3 8692 8695 8460
3 8707 8708 8692
3 8460 8695 8463
3 8463 8695 8696
3 8710 8709 8696
3 8709 8463 8696
3 8709 8465 8463
3 8699 8467 8698
3 8467 8709 8698
3 8467 8465 8709
3 8467 8699 8468
3 8699 8711 8468
3 8699 8700 8711
3 8700 8713 8712
3 8714 8700 8712
3 8711 8700 8714
3 8715 8714 8469
3 8714 8701 8469
3 8701 8447 8469
3 8701 8714 8712
3 8470 8716 8469
3 8469 8716 8715
3 8472 8717 8470
3 8470 8717 8716
3 8474 8717 8472
3 8706 8718 8705
3 8705 8718 8457
3 8718 8478 8457
3 8718 8719 8478
3 8478 8720 8479
3 8719 8720 8478
3 8479 8721 8480
3 8720 8721 8479
3 8481 8480 8721
3 8481 8721 8722
3 8486 8723 8488
3 8723 8715 8488
3 8715 8716 8488
3 8723 8724 8715
3 8488 8716 8489
3 8716 8725 8489
3 8716 8717 8725
3 8490 8726 8474
3 8726 8717 8474
3 8726 8725 8717
3 8492 8726 8490
3 8497 8481 8727
3 8481 8728 8727
3 8481 8722 8728
3 8499 8501 8729
3 8729 8501 8730
3 8728 8731 8727
3 8734 8733 8732
3 8733 8504 8732
3 8733 8735 8504
3 8505 8732 8504
3 8738 8737 8736
3 8738 8736 8507
3 8508 8738 8507
3 8739 8738 8508
3 8509 8739 8508
3 8509 8740 8739
3 8741 8515 8514
3 8743 8742 8517
3 8743 8517 8518
3 8517 8744 8520
3 8742 8744 8517
3 8512 8520 8745
3 8520 8746 8745
3 8520 8744 8746
3 8745 8746 8741
3 8741 8746 8747
3 8750 8749 8748
3 8752 8751 8748
3 8752 8748 8749
3 8754 8753 8751
3 8754 8751 8752
3 8756 8755 8753
3 8756 8753 8754
3 8756 8743 8755
3 8743 8523 8755
3 8743 8518 8523
3 8758 8757 8528
3 8528 8757 8529
3 8761 8760 8759
3 8763 8762 8759
3 8763 8759 8760
3 8765 8764 8762
3 8765 8762 8763
3 8767 8766 8764
3 8767 8764 8765
3 8769 8768 8766
3 8769 8766 8767
3 8771 8770 8768
3 8771 8768 8769
3 8773 8772 8770
3 8773 8770 8771
3 8772 8773 8750
3 8748 8772 8750
3 8774 8772 8748
3 8775 8748 8751
3 8774 8748 8775
3 8776 8751 8753
3 8775 8751 8776
3 8777 8753 8755
3 8776 8753 8777
3 8536 8777 8523
3 8523 8777 8755
3 8778 8539 8540
3 8542 8780 8779
3 8781 8542 8779
3 8544 8542 8781
3 8544 8782 8545
3 8781 8782 8544
3 8545 8783 8547
3 8782 8783 8545
3 8785 8784 8548
3 8547 8785 8548
3 8783 8785 8547
3 8787 8786 8784
3 8787 8784 8785
3 8789 8788 8786
3 8789 8786 8787
3 8791 8790 8788
3 8791 8788 8789
3 8793 8792 8790
3 8793 8790 8791
3 8795 8794 8792
3 8795 8792 8793
3 8797 8796 8794
3 8797 8794 8795
3 8799 8798 8796
3 8799 8796 8797
3 8801 8800 8798
3 8801 8798 8799
3 8803 8802 8800
3 8803 8800 8801
3 8805 8804 8802
3 8805 8802 8803
3 8804 8805 8761
3 8759 8804 8761
3 8806 8804 8759
3 8807 8759 8762
3 8806 8759 8807
3 8808 8762 8764
3 8807 8762 8808
3 8809 8764 8766
3 8808 8764 8809
3 8810 8766 8768
3 8809 8766 8810
3 8811 8768 8770
3 8810 8768 8811
3 8812 8770 8772
3 8811 8770 8812
3 8813 8772 8774
3 8812 8772 8813
3 8814 8774 8775
3 8813 8774 8814
3 8815 8775 8776
3 8814 8775 8815
3 8816 8776 8777
3 8815 8776 8816
3 8561 8816 8536
3 8536 8816 8777
3 8818 8817 8563
3 8563 8817 8562
3 8819 8563 8564
3 8819 8818 8563
3 8820 8564 8565
3 8820 8819 8564
3 8565 8539 8778
3 8821 8565 8778
3 8820 8565 8821
3 8824 8823 8822
3 8827 8826 8825
3 8788 8827 8825
3 8790 8827 8788
3 8828 8790 8792
3 8827 8790 8828
3 8829 8792 8794
3 8828 8792 8829
3 8830 8794 8796
3 8829 8794 8830
3 8831 8796 8798
3 8830 8796 8831
3 8832 8798 8800
3 8831 8798 8832
3 8833 8800 8802
3 8832 8800 8833
3 8804 8835 8834
3 8833 8804 8834
3 8802 8804 8833
3 8837 8836 8835
3 8804 8837 8835
3 8806 8837 8804
3 8838 8806 8807
3 8837 8806 8838
3 8839 8807 8808
3 8838 8807 8839
3 8840 8808 8809
3 8839 8808 8840
3 8841 8809 8810
3 8840 8809 8841
3 8842 8810 8811
3 8841 8810 8842
3 8843 8811 8812
3 8842 8811 8843
3 8813 8845 8844
3 8843 8813 8844
3 8812 8813 8843
3 8845 8813 8814
3 8845 8814 8846
3 8846 8814 8815
3 8846 8815 8847
3 8847 8815 8816
3 8847 8816 8848
3 8848 8816 8561
3 8576 8848 8561
3 8849 8848 8576
3 8576 8562 8817
3 8576 8817 8849
3 8852 8851 8850
3 8854 8580 8853
3 8580 8855 8853
3 8580 8568 8855
3 8857 8856 8854
3 8857 8854 8853
3 8826 8827 8858
3 8826 8858 8859
3 8860 8827 8828
3 8858 8827 8860
3 8861 8828 8829
3 8860 8828 8861
3 8864 8863 8862
3 8830 8864 8862
3 8831 8864 8830
3 8865 8831 8832
3 8864 8831 8865
3 8866 8836 8837
3 8866 8837 8838
3 8866 8838 8867
3 8868 8839 8840
3 8868 8840 8869
3 8869 8840 8841
3 8869 8841 8870
3 8873 8872 8871
3 8842 8873 8871
3 8843 8873 8842
3 8843 8844 8874
3 8875 8843 8874
3 8873 8843 8875
3 8876 8875 8874
3 8879 8878 8877
3 8880 8877 8878
3 8882 8881 8582
3 8882 8582 8583
3 8582 8883 8585
3 8881 8883 8582
3 8585 8884 8587
3 8883 8884 8585
3 8887 8886 8885
3 8580 8888 8590
3 8888 8580 8889
3 8854 8889 8580
3 8889 8854 8890
3 8891 8890 8854
3 8892 8854 8856
3 8891 8854 8892
3 8895 8894 8893
3 8858 8895 8893
3 8860 8895 8858
3 8896 8860 8861
3 8895 8860 8896
3 8897 8864 8865
3 8897 8865 8898
3 8901 8900 8899
3 8902 8898 8865
3 8903 8872 8873
3 8904 8875 8876
3 8905 8879 8877
3 8908 8907 8906
3 8910 8909 8906
3 8910 8906 8907
3 8912 8911 8909
3 8912 8909 8910
3 8914 8913 8911
3 8914 8911 8912
3 8916 8915 8913
3 8916 8913 8914
3 8632 8633 8915
3 8916 8632 8915
3 8917 8632 8916
3 8632 8918 8635
3 8917 8918 8632
3 8635 8919 8636
3 8918 8919 8635
3 8919 8921 8920
3 8637 8919 8920
3 8636 8919 8637
3 8924 8923 8922
3 8927 8926 8925
3 8928 8925 8926
3 8931 8930 8929
3 8933 8684 8932
3 8684 8933 8934
3 8935 8934 8933
3 8933 8932 8936
3 8938 8930 8937
3 8930 8938 8929
3 8937 8940 8939
3 8640 8937 8939
3 8618 8640 8939
3 8938 8937 8640
3 8939 8940 8941
3 8941 8940 8942
3 8941 8942 8643
3 8942 8642 8643
3 8942 8943 8642
3 8642 8944 8644
3 8943 8944 8642
3 8624 8644 8945
3 8644 8946 8945
3 8644 8944 8946
3 8945 8946 8647
3 8946 8646 8647
3 8946 8947 8646
3 8646 8948 8649
3 8947 8948 8646
3 8649 8949 8651
3 8948 8949 8649
3 8651 8950 8653
3 8949 8950 8651
3 8653 8951 8655
3 8950 8951 8653
3 8627 8655 8952
3 8655 8953 8952
3 8655 8951 8953
3 8952 8953 8658
3 8953 8657 8658
3 8953 8954 8657
3 8906 8661 8908
3 8661 8954 8908
3 8661 8657 8954
3 8661 8906 8662
3 8662 8906 8909
3 8662 8955 8665
3 8955 8662 8956
3 8909 8956 8662
3 8956 8909 8957
3 8911 8957 8909
3 8666 8665 8955
3 8958 8957 8913
3 8911 8913 8957
3 8958 8913 8915
3 8958 8915 8959
3 8959 8915 8633
3 8667 8959 8633
3 8960 8959 8667
3 8961 8667 8668
3 8961 8960 8667
3 8962 8668 8669
3 8962 8961 8668
3 8670 8920 8921
3 8962 8670 8921
3 8669 8670 8962
3 8965 8964 8963
3 8966 8713 8702
3 8701 8966 8702
3 8956 8967 8955
3 8955 8967 8666
3 8967 8703 8666
3 8967 8968 8703
3 8703 8969 8704
3 8968 8969 8703
3 8971 8970 8706
3 8704 8971 8706
3 8969 8971 8704
3 8973 8972 8970
3 8973 8970 8971
3 8975 8974 8972
3 8975 8972 8973
3 8977 8976 8974
3 8977 8974 8975
3 8966 8712 8713
3 8980 8979 8978
3 8983 8982 8981
3 8970 8718 8706
3 8986 8985 8984
3 8718 8970 8719
3 8719 8970 8972
3 8719 8972 8720
3 8720 8972 8974
3 8720 8974 8721
3 8721 8974 8976
3 8988 8987 8978
3 8987 8989 8978
3 8989 8980 8978
3 8987 8990 8989
3 8724 8991 8987
3 8992 8987 8991
3 8987 8992 8990
3 8993 8990 8992
3 8990 8993 8994
3 8995 8994 8993
3 8994 8995 8723
3 8983 8723 8995
3 8723 8983 8724
3 8991 8724 8983
3 8983 8995 8982
3 8998 8997 8996
3 8996 8997 8999
3 8999 8997 9000
3 8999 9000 8984
3 8984 9000 9001
3 8984 9001 8986
3 9002 8728 8722
3 9003 8728 9002
3 8729 8730 9004
3 9004 8730 9005
3 9003 9006 8728
3 8728 9006 8731
3 8733 8734 9007
3 9007 8734 9008
3 9010 9009 8737
3 9010 8737 8738
3 8739 9010 8738
3 8739 9011 9010
3 8740 9011 8739
3 8740 9012 9011
3 9014 9013 8742
3 9014 8742 8743
3 8742 9015 8744
3 9013 9015 8742
3 8744 9016 8746
3 9015 9016 8744
3 8746 9017 8747
3 9016 9017 8746
3 9020 9019 9018
3 8749 8750 9018
3 9019 8749 9018
3 9021 8749 9019
3 8749 9022 8752
3 9021 9022 8749
3 8752 9023 8754
3 9022 9023 8752
3 8754 9024 8756
3 9023 9024 8754
3 8743 8756 9014
3 9014 8756 9024
3 9027 9026 9025
3 8760 8761 9025
3 9026 8760 9025
3 9028 8760 9026
3 8760 9029 8763
3 9028 9029 8760
3 8763 9030 8765
3 9029 9030 8763
3 8767 9032 9031
3 9033 8767 9031
3 8769 8767 9033
3 8769 9034 8771
3 9033 9034 8769
3 9036 9018 9035
3 9018 8750 9035
3 8773 9037 9035
3 8773 9035 8750
3 9040 9039 9038
3 9043 9042 9041
3 9042 9032 9041
3 9045 9044 9041
3 9045 9041 9032
3 9032 9042 9031
3 9047 9046 9037
3 9037 9046 9035
3 9048 8817 8818
3 8819 9049 8818
3 8818 9049 9048
3 9049 8819 9050
3 8819 9051 9050
3 8819 8820 9051
3 9052 8820 8821
3 9052 9051 8820
3 9053 8779 8822
3 9056 9055 9054
3 9059 9058 9057
3 9062 9061 9060
3 9063 9060 9061
3 9065 9064 9058
3 9057 9058 9064
3 9063 8825 9066
3 8825 9063 9061
3 9067 9064 9065
3 9064 9067 8826
3 9068 8826 9067
3 8826 9068 8825
3 9066 8825 9068
3 9068 9067 9069
3 9069 9067 9070
3 9069 9070 9071
3 9071 9070 9072
3 9071 9072 9073
3 9073 9072 9074
3 9073 9074 9075
3 9075 9074 9076
3 9075 9076 9077
3 9077 9076 9078
3 9077 9078 9079
3 9079 9078 9080
3 8834 8835 9081
3 9080 9082 9079
3 9083 9079 9082
3 9081 8835 8836
3 9085 9082 9084
3 9082 9085 9083
3 9085 9084 9086
3 9086 9084 9087
3 9086 9087 9041
3 9041 9087 9088
3 9041 9088 9043
3 9089 8844 8845
3 9089 8845 9090
3 8845 9091 9090
3 8845 8846 9091
3 9092 8846 8847
3 9092 9091 8846
3 9093 8847 8848
3 9093 9092 8847
3 9094 8848 8849
3 9094 9093 8848
3 8849 8817 9048
3 9095 8849 9048
3 9094 8849 9095
3 9095 9048 9049
3 9095 9049 9096
3 9096 9049 9050
3 9089 8874 8844
3 9099 9098 9097
3 9101 9100 8876
3 9101 8876 8874
3 9090 9101 8874
3 9089 9090 8874
3 8878 8879 9100
3 9101 8878 9100
3 9102 8878 9101
3 9104 9103 8880
3 8878 9104 8880
3 9102 9104 8878
3 9106 9105 9103
3 9106 9103 9104
3 8881 8882 9105
3 9106 8881 9105
3 9107 8881 9106
3 8881 9108 8883
3 9107 9108 8881
3 9108 9110 9109
3 8884 9108 9109
3 8883 9108 8884
3 9111 8851 8889
3 9114 9113 9112
3 9117 9116 9115
3 8910 9119 9118
3 9120 8910 9118
3 8912 8910 9120
3 8912 9121 8914
3 9120 9121 8912
3 8914 9122 8916
3 9121 9122 8914
3 8916 9123 8917
3 9122 9123 8916
3 8917 9124 8918
3 9123 9124 8917
3 8918 9125 8919
3 9124 9125 8918
3 9127 9126 8921
3 8919 9127 8921
3 9125 9127 8919
3 8943 9129 9128
3 9130 8943 9128
3 8944 8943 9130
3 8947 9132 9131
3 9133 8947 9131
3 8948 8947 9133
3 8950 9135 9134
3 9136 8950 9134
3 8951 8950 9136
3 9138 9137 8954
3 8954 9137 8908
3 9137 9139 8908
3 9139 9140 8908
3 9141 8959 8960
3 9141 9142 8959
3 8962 8921 9126
3 9143 8962 9126
3 9144 8962 9143
3 9147 9146 9145
3 9146 9148 9145
3 9150 9149 9145
3 9150 9145 9148
3 9148 9146 9138
3 9138 9146 9151
3 9138 9151 9137
3 9154 9153 9152
3 9152 9153 8956
3 9153 8967 8956
3 9153 9155 8967
3 8967 9156 8968
3 9155 9156 8967
3 8968 9157 8969
3 9156 9157 8968
3 8969 9158 8971
3 9157 9158 8969
3 8971 9159 8973
3 9158 9159 8971
3 9159 9161 9160
3 8975 9159 9160
3 8973 9159 8975
3 9162 8977 8975
3 9162 8975 9160
3 8985 8986 9163
3 9163 8986 9164
3 9161 9165 9160
3 9160 9165 9162
3 9162 9165 9166
3 9169 9168 9167
3 9172 9171 9170
3 9173 9170 9171
3 9175 9174 9168
3 9167 9168 9174
3 9173 9004 9176
3 9004 9173 9171
3 9177 9174 9175
3 9174 9177 9005
3 9178 9005 9177
3 9005 9178 9004
3 9176 9004 9178
3 9178 9177 9179
3 9179 9177 9180
3 9179 9180 9181
3 9181 9180 9182
3 9181 9182 9183
3 9183 9182 9184
3 9183 9184 9185
3 9185 9184 9186
3 9185 9186 9003
3 9186 9006 9003
3 9186 9187 9006
3 9190 9189 9188
3 9189 9007 9188
3 9189 9191 9007
3 9008 9188 9007
3 9194 9193 9192
3 9010 9194 9192
3 9011 9194 9010
3 9012 9194 9011
3 9012 9195 9194
3 9198 9197 9196
3 9201 9200 9199
3 9013 9014 9199
3 9200 9013 9199
3 9202 9013 9200
3 9013 9203 9015
3 9202 9203 9013
3 9015 9204 9016
3 9203 9204 9015
3 9196 9017 9198
3 9017 9204 9198
3 9017 9016 9204
3 9206 9205 9019
3 9206 9019 9020
3 9022 9208 9207
3 9209 9022 9207
3 9023 9022 9209
3 9211 9199 9210
3 9199 9014 9210
3 9024 9212 9210
3 9024 9210 9014
3 9215 9214 9213
3 9218 9217 9216
3 9217 9212 9216
3 9220 9219 9216
3 9220 9216 9212
3 9212 9217 9210
3 9223 9222 9221
3 9221 9222 9215
3 9215 9222 9224
3 9215 9224 9214
3 9227 9226 9225
3 9229 9044 9228
3 9230 9228 9044
3 9044 9045 9230
3 9043 9225 9042
3 9226 9042 9225
3 9042 9226 9231
3 9031 9042 9232
3 9042 9233 9232
3 9042 9231 9233
3 9232 9233 9234
3 9234 9233 9235
3 9234 9235 9047
3 9235 9046 9047
3 9235 9236 9046
3 9035 9046 9237
3 9046 9238 9237
3 9046 9236 9238
3 9237 9238 9239
3 9239 9238 9240
3 9239 9240 9216
3 9216 9240 9241
3 9216 9241 9218
3 9243 9242 9051
3 9051 9242 9050
3 9052 9245 9244
3 9243 9052 9244
3 9051 9052 9243
3 9058 9247 9246
3 9248 9058 9246
3 9065 9058 9248
3 9072 9250 9249
3 9251 9072 9249
3 9074 9072 9251
3 9080 9253 9252
3 9254 9080 9252
3 9082 9080 9254
3 9256 9225 9255
3 9225 9043 9255
3 9088 9257 9255
3 9088 9255 9043
3 9260 9259 9258
3 9261 9095 9096
3 9261 9262 9095
3 9265 9264 9263
3 9268 9267 9266
3 9260 9266 9267
3 9101 9270 9269
3 9271 9101 9269
3 9102 9101 9271
3 9102 9272 9104
3 9271 9272 9102
3 9104 9273 9106
3 9272 9273 9104
3 9106 9274 9107
3 9273 9274 9106
3 9107 9275 9108
3 9274 9275 9107
