ply
format ascii 1.0
comment VisionMCP reconstruction mesh
element vertex 3258
property float x
property float y
property float z
element face 6512
property list uchar int vertex_indices
end_header
-0.09625 -0.0266666667 0.0015
-0.0933333333 -0.0266666667 0.000125
-0.0933333333 -0.0283333333 0.0015
-0.0933333333 -0.0266666667 0.002875
-0.09625 -0.0233333333 -0.01225
-0.0933333333 -0.0233333333 -0.013625
-0.0933333333 -0.025 -0.01225
-0.0933333333 -0.0233333333 -0.010875
-0.09625 -0.0233333333 -0.00125
-0.0933333333 -0.0233333333 -0.002625
-0.0933333333 -0.025 -0.00125
-0.09625 -0.0233333333 0.0015
-0.0933333333 -0.0233333333 0.002875
-0.09625 -0.02 -0.01225
-0.0933333333 -0.02 -0.013625
-0.0933333333 -0.02 -0.010875
-0.09625 -0.02 -0.004
-0.0933333333 -0.02 -0.005375
-0.0933333333 -0.0216666667 -0.004
-0.09625 -0.02 -0.00125
-0.09625 -0.02 0.0015
-0.0933333333 -0.02 0.002875
-0.09625 -0.0166666667 -0.01225
-0.0933333333 -0.0166666667 -0.013625
-0.0933333333 -0.0183333333 -0.0095
-0.09625 -0.0166666667 -0.0095
-0.0933333333 -0.0166666667 -0.008125
-0.09625 -0.0166666667 -0.004
-0.0933333333 -0.0166666667 -0.005375
-0.09625 -0.0166666667 -0.00125
-0.09625 -0.0166666667 0.0015
-0.0933333333 -0.0166666667 0.002875
-0.09625 -0.0133333333 -0.01225
-0.0933333333 -0.0133333333 -0.013625
-0.09625 -0.0133333333 -0.0095
-0.0933333333 -0.015 -0.00675
-0.09625 -0.0133333333 -0.00675
-0.09625 -0.0133333333 -0.004
-0.09625 -0.0133333333 -0.00125
-0.09625 -0.0133333333 0.0015
-0.0933333333 -0.015 0.00425
-0.09625 -0.0133333333 0.00425
-0.0933333333 -0.0133333333 0.005625
-0.09625 -0.01 -0.01225
-0.0933333333 -0.01 -0.013625
-0.09625 -0.01 -0.0095
-0.09625 -0.01 -0.00675
-0.09625 -0.01 -0.004
-0.09625 -0.01 -0.00125
-0.09625 -0.01 0.0015
-0.09625 -0.01 0.00425
-0.0933333333 -0.01 0.005625
-0.09625 -0.00666666667 -0.01225
-0.0933333333 -0.00666666667 -0.013625
-0.09625 -0.00666666667 -0.0095
-0.09625 -0.00666666667 -0.00675
-0.09625 -0.00666666667 -0.004
-0.09625 -0.00666666667 -0.00125
-0.09625 -0.00666666667 0.0015
-0.09625 -0.00666666667 0.00425
-0.0933333333 -0.00666666667 0.005625
-0.09625 -0.00333333333 -0.01225
-0.0933333333 -0.00333333333 -0.013625
-0.09625 -0.00333333333 -0.0095
-0.09625 -0.00333333333 -0.00675
-0.09625 -0.00333333333 -0.004
-0.09625 -0.00333333333 -0.00125
-0.09625 -0.00333333333 0.0015
-0.09625 -0.00333333333 0.00425
-0.0933333333 -0.00333333333 0.005625
-0.09625 1.38777878e-17 -0.01225
-0.0933333333 1.38777878e-17 -0.013625
-0.09625 1.38777878e-17 -0.0095
-0.0933333333 1.38777878e-17 -0.008125
-0.0933333333 -0.00166666667 -0.00675
-0.09625 1.38777878e-17 -0.004
-0.0933333333 1.38777878e-17 -0.005375
-0.09625 1.38777878e-17 -0.00125
-0.09625 1.38777878e-17 0.0015
-0.09625 1.38777878e-17 0.00425
-0.0933333333 1.38777878e-17 0.005625
-0.09625 0.00333333333 -0.01225
-0.0933333333 0.00333333333 -0.013625
-0.09625 0.00333333333 -0.0095
-0.0933333333 0.00333333333 -0.008125
-0.09625 0.00333333333 -0.004
-0.0933333333 0.00333333333 -0.005375
-0.09625 0.00333333333 -0.00125
-0.09625 0.00333333333 0.0015
-0.09625 0.00333333333 0.00425
-0.0933333333 0.00333333333 0.005625
-0.09625 0.00666666667 -0.01225
-0.0933333333 0.00666666667 -0.013625
-0.09625 0.00666666667 -0.0095
-0.0933333333 0.00666666667 -0.008125
-0.0933333333 0.005 -0.004
-0.09625 0.00666666667 -0.00125
-0.0933333333 0.00666666667 -0.002625
-0.09625 0.00666666667 0.0015
-0.09625 0.00666666667 0.00425
-0.0933333333 0.00666666667 0.005625
-0.09625 0.01 -0.01225
-0.0933333333 0.01 -0.013625
-0.09625 0.01 -0.0095
-0.0933333333 0.01 -0.008125
-0.0933333333 0.00833333333 -0.00125
-0.09625 0.01 0.0015
-0.0933333333 0.01 0.000125
-0.09625 0.01 0.00425
-0.0933333333 0.01 0.005625
-0.09625 0.0133333333 -0.01225
-0.0933333333 0.0133333333 -0.013625
-0.09625 0.0133333333 -0.0095
-0.0933333333 0.0133333333 -0.008125
-0.09625 0.0133333333 0.0015
-0.0933333333 0.0133333333 0.000125
-0.09625 0.0133333333 0.00425
-0.0933333333 0.0133333333 0.005625
-0.09625 0.0166666667 -0.01225
-0.0933333333 0.0166666667 -0.013625
-0.09625 0.0166666667 -0.0095
-0.0933333333 0.0166666667 -0.008125
-0.0933333333 0.015 0.0015
-0.09625 0.0166666667 0.00425
-0.0933333333 0.0166666667 0.002875
-0.0933333333 0.015 0.007
-0.09625 0.0166666667 0.007
-0.0933333333 0.0166666667 0.008375
-0.0933333333 0.0183333333 -0.01225
-0.09625 0.02 -0.0095
-0.0933333333 0.02 -0.010875
-0.0933333333 0.0183333333 -0.00675
-0.09625 0.02 -0.00675
-0.0933333333 0.02 -0.005375
-0.09625 0.02 0.00425
-0.0933333333 0.02 0.002875
-0.09625 0.02 0.007
-0.0933333333 0.02 0.008375
-0.09625 0.0233333333 -0.0095
-0.0933333333 0.0233333333 -0.010875
-0.09625 0.0233333333 -0.00675
-0.0933333333 0.0233333333 -0.005375
-0.0933333333 0.0216666667 0.00425
-0.09625 0.0233333333 0.007
-0.0933333333 0.0233333333 0.005625
-0.0933333333 0.0233333333 0.008375
-0.0933333333 0.025 -0.0095
-0.0933333333 0.025 -0.00675
-0.0933333333 0.025 0.007
-0.0904166667 -0.03 -0.015
-0.0875 -0.03 -0.016375
-0.0875 -0.0316666667 -0.015
-0.0875 -0.0316666667 -0.01225
-0.0904166667 -0.03 -0.01225
-0.0875 -0.0316666667 -0.0095
-0.0904166667 -0.03 -0.0095
-0.0875 -0.0316666667 -0.00675
-0.0904166667 -0.03 -0.00675
-0.0875 -0.0316666667 -0.004
-0.0904166667 -0.03 -0.004
-0.0875 -0.0316666667 -0.00125
-0.0904166667 -0.03 -0.00125
-0.0875 -0.0316666667 0.0015
-0.0904166667 -0.03 0.0015
-0.0875 -0.0316666667 0.00425
-0.0904166667 -0.03 0.00425
-0.0875 -0.0316666667 0.007
-0.0904166667 -0.03 0.007
-0.0875 -0.0316666667 0.00975
-0.0904166667 -0.03 0.00975
-0.0875 -0.0316666667 0.0125
-0.0904166667 -0.03 0.0125
-0.0875 -0.0316666667 0.01525
-0.0904166667 -0.03 0.01525
-0.0875 -0.03 0.016625
-0.0904166667 -0.0266666667 -0.015
-0.0875 -0.0266666667 -0.016375
-0.0904166667 -0.0266666667 -0.01225
-0.0904166667 -0.0266666667 -0.0095
-0.0904166667 -0.0266666667 -0.00675
-0.0904166667 -0.0266666667 -0.004
-0.0904166667 -0.0266666667 -0.00125
-0.0904166667 -0.0266666667 0.00425
-0.0904166667 -0.0266666667 0.007
-0.0904166667 -0.0266666667 0.00975
-0.0904166667 -0.0266666667 0.0125
-0.0904166667 -0.0266666667 0.01525
-0.0875 -0.0266666667 0.016625
-0.0904166667 -0.0233333333 -0.01775
-0.0875 -0.0233333333 -0.019125
-0.0875 -0.025 -0.01775
-0.0904166667 -0.0233333333 -0.015
-0.0904166667 -0.0233333333 -0.0095
-0.0904166667 -0.0233333333 -0.00675
-0.0904166667 -0.0233333333 -0.004
-0.0904166667 -0.0233333333 0.00425
-0.0904166667 -0.0233333333 0.007
-0.0904166667 -0.0233333333 0.00975
-0.0904166667 -0.0233333333 0.0125
-0.0904166667 -0.0233333333 0.01525
-0.0875 -0.0233333333 0.016625
-0.0904166667 -0.02 -0.01775
-0.0875 -0.02 -0.019125
-0.0904166667 -0.02 -0.015
-0.0904166667 -0.02 -0.0095
-0.0904166667 -0.02 -0.00675
-0.0904166667 -0.02 0.00425
-0.0904166667 -0.02 0.007
-0.0904166667 -0.02 0.00975
-0.0904166667 -0.02 0.0125
-0.0904166667 -0.02 0.01525
-0.0875 -0.02 0.016625
-0.0904166667 -0.0166666667 -0.01775
-0.0875 -0.0166666667 -0.019125
-0.0904166667 -0.0166666667 -0.015
-0.0904166667 -0.0166666667 -0.00675
-0.0904166667 -0.0166666667 0.00425
-0.0904166667 -0.0166666667 0.007
-0.0904166667 -0.0166666667 0.00975
-0.0904166667 -0.0166666667 0.0125
-0.0904166667 -0.0166666667 0.01525
-0.0875 -0.0166666667 0.016625
-0.0904166667 -0.0133333333 -0.01775
-0.0875 -0.0133333333 -0.019125
-0.0904166667 -0.0133333333 -0.015
-0.0904166667 -0.0133333333 0.007
-0.0904166667 -0.0133333333 0.00975
-0.0904166667 -0.0133333333 0.0125
-0.0904166667 -0.0133333333 0.01525
-0.0875 -0.0133333333 0.016625
-0.0904166667 -0.01 -0.01775
-0.0875 -0.01 -0.019125
-0.0904166667 -0.01 -0.015
-0.0904166667 -0.01 0.007
-0.0904166667 -0.01 0.00975
-0.0904166667 -0.01 0.0125
-0.0904166667 -0.01 0.01525
-0.0875 -0.01 0.016625
-0.0904166667 -0.00666666667 -0.01775
-0.0875 -0.00666666667 -0.019125
-0.0904166667 -0.00666666667 -0.015
-0.0904166667 -0.00666666667 0.007
-0.0904166667 -0.00666666667 0.00975
-0.0904166667 -0.00666666667 0.0125
-0.0904166667 -0.00666666667 0.01525
-0.0875 -0.00666666667 0.016625
-0.0904166667 -0.00333333333 -0.01775
-0.0875 -0.00333333333 -0.019125
-0.0904166667 -0.00333333333 -0.015
-0.0904166667 -0.00333333333 0.007
-0.0904166667 -0.00333333333 0.00975
-0.0904166667 -0.00333333333 0.0125
-0.0904166667 -0.00333333333 0.01525
-0.0875 -0.00333333333 0.016625
-0.0904166667 1.38777878e-17 -0.01775
-0.0875 1.38777878e-17 -0.019125
-0.0904166667 1.38777878e-17 -0.015
-0.0904166667 1.38777878e-17 -0.00675
-0.0904166667 1.38777878e-17 0.007
-0.0904166667 1.38777878e-17 0.00975
-0.0904166667 1.38777878e-17 0.0125
-0.0904166667 1.38777878e-17 0.01525
-0.0875 1.38777878e-17 0.016625
-0.0904166667 0.00333333333 -0.01775
-0.0875 0.00333333333 -0.019125
-0.0904166667 0.00333333333 -0.015
-0.0904166667 0.00333333333 -0.00675
-0.0904166667 0.00333333333 0.007
-0.0904166667 0.00333333333 0.00975
-0.0904166667 0.00333333333 0.0125
-0.0904166667 0.00333333333 0.01525
-0.0875 0.00166666667 0.018
-0.0904166667 0.00333333333 0.018
-0.0875 0.00333333333 0.019375
-0.0904166667 0.00666666667 -0.01775
-0.0875 0.00666666667 -0.019125
-0.0904166667 0.00666666667 -0.015
-0.0904166667 0.00666666667 -0.00675
-0.0904166667 0.00666666667 -0.004
-0.0904166667 0.00666666667 0.007
-0.0904166667 0.00666666667 0.00975
-0.0904166667 0.00666666667 0.0125
-0.0904166667 0.00666666667 0.01525
-0.0875 0.00666666667 0.016625
-0.0875 0.005 0.018
-0.0904166667 0.01 -0.01775
-0.0875 0.01 -0.019125
-0.0904166667 0.01 -0.015
-0.0904166667 0.01 -0.00675
-0.0904166667 0.01 -0.004
-0.0904166667 0.01 -0.00125
-0.0904166667 0.01 0.007
-0.0904166667 0.01 0.00975
-0.0904166667 0.01 0.0125
-0.0904166667 0.01 0.01525
-0.0875 0.01 0.016625
-0.0904166667 0.0133333333 -0.01775
-0.0875 0.0133333333 -0.019125
-0.0904166667 0.0133333333 -0.015
-0.0904166667 0.0133333333 -0.00675
-0.0904166667 0.0133333333 -0.004
-0.0904166667 0.0133333333 -0.00125
-0.0904166667 0.0133333333 0.007
-0.0904166667 0.0133333333 0.00975
-0.0904166667 0.0133333333 0.0125
-0.0904166667 0.0133333333 0.01525
-0.0875 0.0133333333 0.016625
-0.0904166667 0.0166666667 -0.01775
-0.0875 0.0166666667 -0.019125
-0.0904166667 0.0166666667 -0.015
-0.0904166667 0.0166666667 -0.00675
-0.0904166667 0.0166666667 -0.004
-0.0904166667 0.0166666667 -0.00125
-0.0904166667 0.0166666667 0.0015
-0.0904166667 0.0166666667 0.00975
-0.0904166667 0.0166666667 0.0125
-0.0904166667 0.0166666667 0.01525
-0.0875 0.0166666667 0.016625
-0.0904166667 0.02 -0.01775
-0.0875 0.02 -0.019125
-0.0904166667 0.02 -0.015
-0.0904166667 0.02 -0.01225
-0.0904166667 0.02 -0.004
-0.0904166667 0.02 -0.00125
-0.0904166667 0.02 0.0015
-0.0904166667 0.02 0.00975
-0.0904166667 0.02 0.0125
-0.0904166667 0.02 0.01525
-0.0875 0.02 0.016625
-0.0904166667 0.0233333333 -0.01775
-0.0875 0.0233333333 -0.019125
-0.0904166667 0.0233333333 -0.015
-0.0904166667 0.0233333333 -0.01225
-0.0904166667 0.0233333333 -0.004
-0.0904166667 0.0233333333 -0.00125
-0.0904166667 0.0233333333 0.0015
-0.0904166667 0.0233333333 0.00425
-0.0904166667 0.0233333333 0.00975
-0.0904166667 0.0233333333 0.0125
-0.0904166667 0.0233333333 0.01525
-0.0875 0.0233333333 0.016625
-0.0875 0.025 -0.01775
-0.0904166667 0.0266666667 -0.015
-0.0875 0.0266666667 -0.016375
-0.0904166667 0.0266666667 -0.01225
-0.0904166667 0.0266666667 -0.0095
-0.0904166667 0.0266666667 -0.00675
-0.0904166667 0.0266666667 -0.004
-0.0904166667 0.0266666667 -0.00125
-0.0904166667 0.0266666667 0.0015
-0.0904166667 0.0266666667 0.00425
-0.0904166667 0.0266666667 0.007
-0.0904166667 0.0266666667 0.00975
-0.0904166667 0.0266666667 0.0125
-0.0904166667 0.0266666667 0.01525
-0.0875 0.0266666667 0.016625
-0.0875 0.0283333333 -0.015
-0.0875 0.0283333333 -0.01225
-0.0875 0.0283333333 -0.0095
-0.0875 0.0283333333 -0.00675
-0.0875 0.0283333333 -0.004
-0.0875 0.0283333333 -0.00125
-0.0875 0.0283333333 0.0015
-0.0875 0.0283333333 0.00425
-0.0875 0.0283333333 0.007
-0.0875 0.0283333333 0.00975
-0.0875 0.0283333333 0.0125
-0.0875 0.0283333333 0.01525
-0.0845833333 -0.0333333333 0.0015
-0.0816666667 -0.0333333333 0.000125
-0.0816666667 -0.035 0.0015
-0.0816666667 -0.0333333333 0.002875
-0.0816666667 -0.03 -0.016375
-0.0816666667 -0.0316666667 -0.015
-0.0816666667 -0.0316666667 -0.01225
-0.0816666667 -0.0316666667 -0.0095
-0.0816666667 -0.0316666667 -0.00675
-0.0816666667 -0.0316666667 -0.004
-0.0816666667 -0.0316666667 -0.00125
-0.0816666667 -0.0316666667 0.00425
-0.0816666667 -0.0316666667 0.007
-0.0816666667 -0.0316666667 0.00975
-0.0816666667 -0.0316666667 0.0125
-0.0816666667 -0.0316666667 0.01525
-0.0816666667 -0.03 0.016625
-0.0816666667 -0.0266666667 -0.016375
-0.0816666667 -0.0266666667 0.016625
-0.0816666667 -0.0233333333 -0.019125
-0.0816666667 -0.025 -0.01775
-0.0816666667 -0.025 0.018
-0.0845833333 -0.0233333333 0.018
-0.0816666667 -0.0233333333 0.019375
-0.0845833333 -0.02 -0.0205
-0.0816666667 -0.02 -0.021875
-0.0816666667 -0.0216666667 -0.0205
-0.0845833333 -0.02 0.018
-0.0816666667 -0.02 0.019375
-0.0845833333 -0.0166666667 -0.0205
-0.0816666667 -0.0166666667 -0.021875
-0.0845833333 -0.0166666667 0.018
-0.0816666667 -0.0166666667 0.019375
-0.0845833333 -0.0133333333 -0.0205
-0.0816666667 -0.0133333333 -0.021875
-0.0845833333 -0.0133333333 0.018
-0.0816666667 -0.0133333333 0.019375
-0.0845833333 -0.01 -0.0205
-0.0816666667 -0.01 -0.021875
-0.0845833333 -0.01 0.018
-0.0816666667 -0.01 0.019375
-0.0845833333 -0.00666666667 -0.0205
-0.0816666667 -0.00666666667 -0.021875
-0.0845833333 -0.00666666667 0.018
-0.0816666667 -0.00666666667 0.019375
-0.0845833333 -0.00333333333 -0.0205
-0.0816666667 -0.00333333333 -0.021875
-0.0845833333 -0.00333333333 0.018
-0.0816666667 -0.00333333333 0.019375
-0.0845833333 1.38777878e-17 -0.0205
-0.0816666667 1.38777878e-17 -0.021875
-0.0845833333 1.38777878e-17 0.018
-0.0816666667 1.38777878e-17 0.019375
-0.0845833333 0.00333333333 -0.0205
-0.0816666667 0.00333333333 -0.021875
-0.0816666667 0.00333333333 0.019375
-0.0845833333 0.00666666667 -0.0205
-0.0816666667 0.00666666667 -0.021875
-0.0845833333 0.00666666667 0.018
-0.0816666667 0.00666666667 0.019375
-0.0845833333 0.01 -0.0205
-0.0816666667 0.01 -0.021875
-0.0845833333 0.01 0.018
-0.0816666667 0.01 0.019375
-0.0845833333 0.0133333333 -0.0205
-0.0816666667 0.0133333333 -0.021875
-0.0845833333 0.0133333333 0.018
-0.0816666667 0.0133333333 0.019375
-0.0845833333 0.0166666667 -0.0205
-0.0816666667 0.0166666667 -0.021875
-0.0845833333 0.0166666667 0.018
-0.0816666667 0.0166666667 0.019375
-0.0816666667 0.0183333333 -0.0205
-0.0816666667 0.02 -0.019125
-0.0845833333 0.02 0.018
-0.0816666667 0.02 0.019375
-0.0816666667 0.0216666667 -0.01775
-0.0845833333 0.0233333333 -0.01775
-0.0816666667 0.0233333333 -0.016375
-0.0816666667 0.0216666667 0.018
-0.0816666667 0.0233333333 0.016625
-0.0816666667 0.0266666667 -0.016375
-0.0816666667 0.0266666667 0.016625
-0.0816666667 0.0283333333 -0.015
-0.0816666667 0.0283333333 -0.01225
-0.0816666667 0.0283333333 -0.0095
-0.0816666667 0.0283333333 -0.00675
-0.0816666667 0.0283333333 -0.004
-0.0816666667 0.0283333333 -0.00125
-0.0845833333 0.03 0.0015
-0.0816666667 0.03 0.000125
-0.0816666667 0.03 0.002875
-0.0816666667 0.0283333333 0.00425
-0.0816666667 0.0283333333 0.007
-0.0816666667 0.0283333333 0.00975
-0.0816666667 0.0283333333 0.0125
-0.0816666667 0.0283333333 0.01525
-0.0816666667 0.0316666667 0.0015
-0.0758333333 -0.0333333333 0.000125
-0.0758333333 -0.035 0.0015
-0.0758333333 -0.035 0.00425
-0.07875 -0.0333333333 0.00425
-0.0758333333 -0.035 0.007
-0.07875 -0.0333333333 0.007
-0.0758333333 -0.0333333333 0.008375
-0.0758333333 -0.03 -0.016375
-0.0758333333 -0.0316666667 -0.015
-0.0758333333 -0.0316666667 -0.01225
-0.0758333333 -0.0316666667 -0.0095
-0.0758333333 -0.0316666667 -0.00675
-0.0758333333 -0.0316666667 -0.004
-0.0758333333 -0.0316666667 -0.00125
-0.0758333333 -0.0316666667 0.00975
-0.0758333333 -0.0316666667 0.0125
-0.0758333333 -0.0316666667 0.01525
-0.0758333333 -0.03 0.016625
-0.07875 -0.0266666667 -0.01775
-0.0758333333 -0.0266666667 -0.019125
-0.0758333333 -0.0283333333 -0.01775
-0.0758333333 -0.0266666667 0.016625
-0.0758333333 -0.0233333333 -0.019125
-0.0758333333 -0.025 0.018
-0.0758333333 -0.0233333333 0.019375
-0.0758333333 -0.02 -0.021875
-0.0758333333 -0.0216666667 -0.0205
-0.0758333333 -0.02 0.019375
-0.0758333333 -0.0166666667 -0.021875
-0.0758333333 -0.0166666667 0.019375
-0.07875 -0.0133333333 -0.02325
-0.0758333333 -0.0133333333 -0.024625
-0.0758333333 -0.015 -0.02325
-0.0758333333 -0.015 0.02075
-0.07875 -0.0133333333 0.02075
-0.0758333333 -0.0133333333 0.022125
-0.07875 -0.01 -0.02325
-0.0758333333 -0.01 -0.024625
-0.07875 -0.01 0.02075
-0.0758333333 -0.01 0.022125
-0.07875 -0.00666666667 -0.02325
-0.0758333333 -0.00666666667 -0.024625
-0.07875 -0.00666666667 0.02075
-0.0758333333 -0.00666666667 0.022125
-0.07875 -0.00333333333 -0.02325
-0.0758333333 -0.00333333333 -0.024625
-0.07875 -0.00333333333 0.02075
-0.0758333333 -0.00333333333 0.022125
-0.07875 1.38777878e-17 -0.02325
-0.0758333333 1.38777878e-17 -0.024625
-0.07875 1.38777878e-17 0.02075
-0.0758333333 1.38777878e-17 0.022125
-0.07875 0.00333333333 -0.02325
-0.0758333333 0.00333333333 -0.024625
-0.07875 0.00333333333 0.02075
-0.0758333333 0.00333333333 0.022125
-0.07875 0.00666666667 -0.02325
-0.0758333333 0.00666666667 -0.024625
-0.07875 0.00666666667 0.02075
-0.0758333333 0.00666666667 0.022125
-0.07875 0.01 -0.02325
-0.0758333333 0.01 -0.024625
-0.07875 0.01 0.02075
-0.0758333333 0.01 0.022125
-0.0758333333 0.0116666667 -0.02325
-0.0758333333 0.0133333333 -0.021875
-0.0758333333 0.0116666667 0.02075
-0.0758333333 0.0133333333 0.019375
-0.0758333333 0.0166666667 -0.021875
-0.0758333333 0.0166666667 0.019375
-0.0758333333 0.0183333333 -0.0205
-0.0758333333 0.02 -0.019125
-0.0758333333 0.02 0.019375
-0.07875 0.0233333333 -0.01775
-0.0758333333 0.0233333333 -0.019125
-0.0758333333 0.0216666667 0.018
-0.0758333333 0.0233333333 0.016625
-0.0758333333 0.025 -0.01775
-0.0758333333 0.0266666667 -0.016375
-0.0758333333 0.0266666667 0.016625
-0.0758333333 0.0283333333 -0.015
-0.0758333333 0.0283333333 -0.01225
-0.0758333333 0.0283333333 -0.0095
-0.0758333333 0.0283333333 -0.00675
-0.0758333333 0.0283333333 -0.004
-0.0758333333 0.0283333333 -0.00125
-0.07875 0.03 0.0015
-0.0758333333 0.0283333333 0.0015
-0.07875 0.03 0.00425
-0.0758333333 0.03 0.002875
-0.07875 0.03 0.007
-0.0758333333 0.03 0.008375
-0.0758333333 0.0283333333 0.00975
-0.0758333333 0.0283333333 0.0125
-0.0758333333 0.0283333333 0.01525
-0.0758333333 0.0316666667 0.00425
-0.0758333333 0.0316666667 0.007
-0.0729166667 -0.0333333333 -0.0095
-0.07 -0.0333333333 -0.010875
-0.07 -0.035 -0.0095
-0.07 -0.035 -0.00675
-0.0729166667 -0.0333333333 -0.00675
-0.07 -0.035 -0.004
-0.0729166667 -0.0333333333 -0.004
-0.07 -0.035 -0.00125
-0.0729166667 -0.0333333333 -0.00125
-0.07 -0.035 0.0015
-0.07 -0.035 0.00425
-0.07 -0.035 0.007
-0.07 -0.035 0.00975
-0.0729166667 -0.0333333333 0.00975
-0.07 -0.0333333333 0.011125
-0.07 -0.03 -0.016375
-0.07 -0.0316666667 -0.015
-0.07 -0.0316666667 -0.01225
-0.07 -0.0316666667 0.0125
-0.07 -0.0316666667 0.01525
-0.07 -0.03 0.016625
-0.0729166667 -0.0266666667 -0.01775
-0.07 -0.0266666667 -0.016375
-0.07 -0.0266666667 0.016625
-0.07 -0.0233333333 -0.019125
-0.07 -0.025 -0.01775
-0.07 -0.025 0.018
-0.07 -0.0233333333 0.019375
-0.07 -0.02 -0.021875
-0.07 -0.0216666667 -0.0205
-0.07 -0.02 0.019375
-0.07 -0.0166666667 -0.021875
-0.07 -0.0166666667 0.019375
-0.07 -0.0133333333 -0.024625
-0.07 -0.015 -0.02325
-0.07 -0.015 0.02075
-0.07 -0.0133333333 0.022125
-0.0729166667 -0.01 -0.026
-0.07 -0.01 -0.027375
-0.07 -0.0116666667 -0.026
-0.07 -0.01 0.022125
-0.0729166667 -0.00666666667 -0.026
-0.07 -0.00666666667 -0.027375
-0.07 -0.00666666667 0.022125
-0.0729166667 -0.00333333333 -0.026
-0.07 -0.00333333333 -0.027375
-0.07 -0.005 0.0235
-0.0729166667 -0.00333333333 0.0235
-0.07 -0.00333333333 0.024875
-0.0729166667 1.38777878e-17 -0.026
-0.07 1.38777878e-17 -0.027375
-0.07 -0.00166666667 0.0235
-0.07 1.38777878e-17 0.022125
-0.0729166667 0.00333333333 -0.026
-0.07 0.00333333333 -0.027375
-0.07 0.00333333333 0.022125
-0.0729166667 0.00666666667 -0.026
-0.07 0.00666666667 -0.027375
-0.07 0.00666666667 0.022125
-0.07 0.00833333333 -0.026
-0.07 0.01 -0.024625
-0.07 0.01 0.022125
-0.0729166667 0.0133333333 -0.02325
-0.07 0.0133333333 -0.024625
-0.0729166667 0.0133333333 0.02075
-0.07 0.0133333333 0.022125
-0.07 0.015 -0.02325
-0.07 0.0166666667 -0.021875
-0.07 0.015 0.02075
-0.07 0.0166666667 0.019375
-0.07 0.0183333333 -0.0205
-0.07 0.02 -0.019125
-0.07 0.02 0.019375
-0.07 0.0233333333 -0.019125
-0.07 0.0216666667 0.018
-0.07 0.0233333333 0.016625
-0.07 0.025 -0.01775
-0.07 0.0266666667 -0.016375
-0.07 0.0266666667 0.016625
-0.07 0.0283333333 -0.015
-0.07 0.0283333333 -0.01225
-0.0729166667 0.03 -0.0095
-0.07 0.03 -0.010875
-0.0729166667 0.03 -0.00675
-0.0729166667 0.03 -0.004
-0.0729166667 0.03 -0.00125
-0.0729166667 0.03 0.0015
-0.07 0.0283333333 0.00425
-0.07 0.03 0.002875
-0.0729166667 0.03 0.00425
-0.0729166667 0.03 0.007
-0.07 0.0283333333 0.007
-0.07 0.0283333333 0.00975
-0.07 0.0283333333 0.0125
-0.07 0.0283333333 0.01525
-0.07 0.0316666667 -0.0095
-0.07 0.0316666667 -0.00675
-0.07 0.0316666667 -0.004
-0.07 0.0316666667 -0.00125
-0.07 0.0316666667 0.0015
-0.0670833333 -0.0333333333 -0.0095
-0.0641666667 -0.0333333333 -0.008125
-0.0641666667 -0.035 -0.00675
-0.0641666667 -0.035 -0.004
-0.0641666667 -0.035 -0.00125
-0.0641666667 -0.035 0.0015
-0.0641666667 -0.035 0.00425
-0.0670833333 -0.0333333333 0.007
-0.0641666667 -0.0333333333 0.005625
-0.0670833333 -0.0333333333 0.00975
-0.0641666667 -0.03 -0.016375
-0.0641666667 -0.0316666667 -0.015
-0.0641666667 -0.0316666667 -0.01225
-0.0641666667 -0.0316666667 -0.0095
-0.0641666667 -0.0316666667 0.007
-0.0641666667 -0.0316666667 0.00975
-0.0641666667 -0.0316666667 0.0125
-0.0641666667 -0.0316666667 0.01525
-0.0641666667 -0.03 0.016625
-0.0670833333 -0.0266666667 -0.01775
-0.0641666667 -0.0266666667 -0.019125
-0.0641666667 -0.0283333333 -0.01775
-0.0641666667 -0.0266666667 0.016625
-0.0641666667 -0.0233333333 -0.019125
-0.0641666667 -0.025 0.018
-0.0641666667 -0.0233333333 0.019375
-0.0641666667 -0.02 -0.021875
-0.0641666667 -0.0216666667 -0.0205
-0.0641666667 -0.02 0.019375
-0.0641666667 -0.0166666667 -0.021875
-0.0641666667 -0.0183333333 0.02075
-0.0670833333 -0.0166666667 0.02075
-0.0641666667 -0.0166666667 0.022125
-0.0641666667 -0.0133333333 -0.024625
-0.0641666667 -0.015 -0.02325
-0.0641666667 -0.0133333333 0.022125
-0.0670833333 -0.01 -0.026
-0.0641666667 -0.01 -0.024625
-0.0641666667 -0.01 0.022125
-0.0641666667 -0.00666666667 -0.027375
-0.0641666667 -0.00833333333 -0.026
-0.0641666667 -0.00833333333 0.0235
-0.0670833333 -0.00666666667 0.0235
-0.0641666667 -0.00666666667 0.024875
-0.0670833333 -0.00333333333 -0.02875
-0.0641666667 -0.00333333333 -0.030125
-0.0641666667 -0.005 -0.02875
-0.0641666667 -0.00333333333 0.024875
-0.0670833333 1.38777878e-17 -0.02875
-0.0641666667 1.38777878e-17 -0.030125
-0.0670833333 1.38777878e-17 0.0235
-0.0641666667 1.38777878e-17 0.024875
-0.0641666667 0.00166666667 -0.02875
-0.0641666667 0.00333333333 -0.027375
-0.0670833333 0.00333333333 0.0235
-0.0641666667 0.00333333333 0.024875
-0.0641666667 0.005 -0.026
-0.0670833333 0.00666666667 -0.026
-0.0641666667 0.00666666667 -0.024625
-0.0641666667 0.005 0.0235
-0.0641666667 0.00666666667 0.022125
-0.0641666667 0.01 -0.024625
-0.0641666667 0.01 0.022125
-0.0641666667 0.0116666667 -0.02325
-0.0670833333 0.0133333333 -0.02325
-0.0641666667 0.0133333333 -0.021875
-0.0670833333 0.0133333333 0.02075
-0.0641666667 0.0116666667 0.02075
-0.0641666667 0.0133333333 0.019375
-0.0641666667 0.0166666667 -0.021875
-0.0641666667 0.0166666667 0.019375
-0.0641666667 0.0183333333 -0.0205
-0.0641666667 0.02 -0.019125
-0.0641666667 0.02 0.019375
-0.0641666667 0.0216666667 -0.01775
-0.0670833333 0.0233333333 -0.01775
-0.0641666667 0.0233333333 -0.016375
-0.0641666667 0.0216666667 0.018
-0.0641666667 0.0233333333 0.016625
-0.0641666667 0.0266666667 -0.016375
-0.0641666667 0.0266666667 0.016625
-0.0641666667 0.0283333333 -0.015
-0.0641666667 0.0283333333 -0.01225
-0.0670833333 0.03 -0.0095
-0.0641666667 0.0283333333 -0.0095
-0.0641666667 0.03 -0.008125
-0.0641666667 0.0283333333 0.00425
-0.0641666667 0.03 0.002875
-0.0641666667 0.0283333333 0.007
-0.0641666667 0.0283333333 0.00975
-0.0641666667 0.0283333333 0.0125
-0.0641666667 0.0283333333 0.01525
-0.0641666667 0.0316666667 -0.00675
-0.0641666667 0.0316666667 -0.004
-0.0641666667 0.0316666667 -0.00125
-0.0641666667 0.0316666667 0.0015
-0.0583333333 -0.0333333333 -0.008125
-0.0583333333 -0.035 -0.00675
-0.0583333333 -0.035 -0.004
-0.0583333333 -0.035 -0.00125
-0.0583333333 -0.035 0.0015
-0.0583333333 -0.035 0.00425
-0.0583333333 -0.035 0.007
-0.06125 -0.0333333333 0.007
-0.0583333333 -0.0333333333 0.008375
-0.0583333333 -0.03 -0.016375
-0.0583333333 -0.0316666667 -0.015
-0.0583333333 -0.0316666667 -0.01225
-0.0583333333 -0.0316666667 -0.0095
-0.0583333333 -0.0316666667 0.00975
-0.0583333333 -0.0316666667 0.0125
-0.0583333333 -0.0316666667 0.01525
-0.0583333333 -0.03 0.016625
-0.0583333333 -0.0266666667 -0.019125
-0.0583333333 -0.0283333333 -0.01775
-0.0583333333 -0.0266666667 0.016625
-0.0583333333 -0.0233333333 -0.019125
-0.0583333333 -0.025 0.018
-0.0583333333 -0.0233333333 0.019375
-0.0583333333 -0.02 -0.021875
-0.0583333333 -0.0216666667 -0.0205
-0.0583333333 -0.02 0.019375
-0.06125 -0.0166666667 -0.02325
-0.0583333333 -0.0166666667 -0.024625
-0.0583333333 -0.0183333333 -0.02325
-0.0583333333 -0.0183333333 0.02075
-0.0583333333 -0.0166666667 0.022125
-0.0583333333 -0.0133333333 -0.024625
-0.0583333333 -0.0133333333 0.022125
-0.0583333333 -0.01 -0.024625
-0.0583333333 -0.01 0.022125
-0.0583333333 -0.00666666667 -0.027375
-0.0583333333 -0.00833333333 -0.026
-0.0583333333 -0.00833333333 0.0235
-0.0583333333 -0.00666666667 0.024875
-0.06125 -0.00333333333 -0.02875
-0.0583333333 -0.00333333333 -0.027375
-0.0583333333 -0.00333333333 0.024875
-0.0583333333 1.38777878e-17 -0.030125
-0.0583333333 -0.00166666667 -0.02875
-0.0583333333 1.38777878e-17 0.024875
-0.0583333333 0.00166666667 -0.02875
-0.0583333333 0.00333333333 -0.027375
-0.0583333333 0.00333333333 0.024875
-0.0583333333 0.005 -0.026
-0.0583333333 0.00666666667 -0.024625
-0.0583333333 0.005 0.0235
-0.0583333333 0.00666666667 0.022125
-0.0583333333 0.01 -0.024625
-0.0583333333 0.01 0.022125
-0.0583333333 0.0116666667 -0.02325
-0.0583333333 0.0133333333 -0.021875
-0.06125 0.0133333333 0.02075
-0.0583333333 0.0133333333 0.022125
-0.0583333333 0.0166666667 -0.021875
-0.0583333333 0.015 0.02075
-0.0583333333 0.0166666667 0.019375
-0.0583333333 0.0183333333 -0.0205
-0.0583333333 0.02 -0.019125
-0.0583333333 0.02 0.019375
-0.06125 0.0233333333 -0.01775
-0.0583333333 0.0233333333 -0.019125
-0.0583333333 0.0216666667 0.018
-0.0583333333 0.0233333333 0.016625
-0.0583333333 0.025 -0.01775
-0.0583333333 0.0266666667 -0.016375
-0.0583333333 0.0266666667 0.016625
-0.0583333333 0.0283333333 -0.015
-0.0583333333 0.0283333333 -0.01225
-0.0583333333 0.0283333333 -0.0095
-0.0583333333 0.03 -0.008125
-0.06125 0.03 0.00425
-0.0583333333 0.03 0.005625
-0.0583333333 0.0283333333 0.007
-0.0583333333 0.0283333333 0.00975
-0.0583333333 0.0283333333 0.0125
-0.0583333333 0.0283333333 0.01525
-0.0583333333 0.0316666667 -0.00675
-0.0583333333 0.0316666667 -0.004
-0.0583333333 0.0316666667 -0.00125
-0.0583333333 0.0316666667 0.0015
-0.0583333333 0.0316666667 0.00425
-0.0525 -0.0333333333 -0.008125
-0.0525 -0.035 -0.00675
-0.0525 -0.035 -0.004
-0.0525 -0.035 -0.00125
-0.0525 -0.035 0.0015
-0.0525 -0.035 0.00425
-0.0525 -0.035 0.007
-0.0525 -0.035 0.00975
-0.0554166667 -0.0333333333 0.00975
-0.0525 -0.0333333333 0.011125
-0.0525 -0.03 -0.016375
-0.0525 -0.0316666667 -0.015
-0.0525 -0.0316666667 -0.01225
-0.0525 -0.0316666667 -0.0095
-0.0525 -0.0316666667 0.0125
-0.0525 -0.0316666667 0.01525
-0.0525 -0.03 0.016625
-0.0525 -0.0266666667 -0.019125
-0.0525 -0.0283333333 -0.01775
-0.0525 -0.0266666667 0.016625
-0.0525 -0.0233333333 -0.019125
-0.0525 -0.025 0.018
-0.0525 -0.0233333333 0.019375
-0.0525 -0.02 -0.021875
-0.0525 -0.0216666667 -0.0205
-0.0525 -0.02 0.019375
-0.0554166667 -0.0166666667 -0.02325
-0.0525 -0.0166666667 -0.021875
-0.0554166667 -0.0166666667 0.02075
-0.0525 -0.0166666667 0.019375
-0.0525 -0.0133333333 -0.024625
-0.0525 -0.015 -0.02325
-0.0525 -0.015 0.02075
-0.0525 -0.0133333333 0.022125
-0.0525 -0.01 -0.024625
-0.0525 -0.01 0.022125
-0.0525 -0.00666666667 -0.027375
-0.0525 -0.00833333333 -0.026
-0.0525 -0.00833333333 0.0235
-0.0525 -0.00666666667 0.024875
-0.0554166667 -0.00333333333 -0.02875
-0.0525 -0.00333333333 -0.030125
-0.0525 -0.005 -0.02875
-0.0525 -0.00333333333 0.024875
-0.0525 1.38777878e-17 -0.030125
-0.0525 1.38777878e-17 0.024875
-0.0525 0.00166666667 -0.02875
-0.0525 0.00333333333 -0.027375
-0.0525 0.00333333333 0.024875
-0.0525 0.005 -0.026
-0.0525 0.00666666667 -0.024625
-0.0525 0.005 0.0235
-0.0525 0.00666666667 0.022125
-0.0525 0.01 -0.024625
-0.0525 0.01 0.022125
-0.0525 0.0116666667 -0.02325
-0.0525 0.0133333333 -0.021875
-0.0554166667 0.0133333333 0.02075
-0.0525 0.0116666667 0.02075
-0.0525 0.0133333333 0.019375
-0.0525 0.0166666667 -0.021875
-0.0525 0.0166666667 0.019375
-0.0525 0.0183333333 -0.0205
-0.0525 0.02 -0.019125
-0.0525 0.02 0.019375
-0.0525 0.0233333333 -0.019125
-0.0525 0.0216666667 0.018
-0.0525 0.0233333333 0.016625
-0.0525 0.025 -0.01775
-0.0525 0.0266666667 -0.016375
-0.0525 0.0266666667 0.016625
-0.0525 0.0283333333 -0.015
-0.0525 0.0283333333 -0.01225
-0.0525 0.0283333333 -0.0095
-0.0525 0.03 -0.008125
-0.0554166667 0.03 0.007
-0.0525 0.03 0.008375
-0.0525 0.0283333333 0.00975
-0.0525 0.0283333333 0.0125
-0.0525 0.0283333333 0.01525
-0.0525 0.0316666667 -0.00675
-0.0525 0.0316666667 -0.004
-0.0525 0.0316666667 -0.00125
-0.0525 0.0316666667 0.0015
-0.0525 0.0316666667 0.00425
-0.0525 0.0316666667 0.007
-0.0466666667 -0.0333333333 -0.008125
-0.0466666667 -0.035 -0.00675
-0.0466666667 -0.035 -0.004
-0.0466666667 -0.035 -0.00125
-0.0466666667 -0.035 0.0015
-0.0466666667 -0.035 0.00425
-0.0495833333 -0.0333333333 0.007
-0.0466666667 -0.0333333333 0.005625
-0.0495833333 -0.0333333333 0.00975
-0.0466666667 -0.03 -0.016375
-0.0466666667 -0.0316666667 -0.015
-0.0466666667 -0.0316666667 -0.01225
-0.0466666667 -0.0316666667 -0.0095
-0.0466666667 -0.0316666667 0.007
-0.0466666667 -0.0316666667 0.00975
-0.0466666667 -0.0316666667 0.0125
-0.0466666667 -0.0316666667 0.01525
-0.0466666667 -0.03 0.016625
-0.0466666667 -0.0266666667 -0.019125
-0.0466666667 -0.0283333333 -0.01775
-0.0466666667 -0.0266666667 0.016625
-0.0466666667 -0.0233333333 -0.019125
-0.0466666667 -0.025 0.018
-0.0466666667 -0.0233333333 0.019375
-0.0466666667 -0.02 -0.021875
-0.0466666667 -0.0216666667 -0.0205
-0.0466666667 -0.02 0.019375
-0.0466666667 -0.0166666667 -0.021875
-0.0466666667 -0.0183333333 0.02075
-0.0495833333 -0.0166666667 0.02075
-0.0466666667 -0.0166666667 0.022125
-0.0466666667 -0.0133333333 -0.024625
-0.0466666667 -0.015 -0.02325
-0.0466666667 -0.0133333333 0.022125
-0.0466666667 -0.01 -0.024625
-0.0466666667 -0.01 0.022125
-0.0466666667 -0.00666666667 -0.027375
-0.0466666667 -0.00833333333 -0.026
-0.0466666667 -0.00833333333 0.0235
-0.0466666667 -0.00666666667 0.024875
-0.0466666667 -0.00333333333 -0.030125
-0.0466666667 -0.005 -0.02875
-0.0466666667 -0.00333333333 0.024875
-0.0466666667 1.38777878e-17 -0.030125
-0.0466666667 1.38777878e-17 0.024875
-0.0466666667 0.00166666667 -0.02875
-0.0466666667 0.00333333333 -0.027375
-0.0495833333 0.00333333333 0.0235
-0.0466666667 0.00166666667 0.0235
-0.0466666667 0.00333333333 0.022125
-0.0466666667 0.005 -0.026
-0.0466666667 0.00666666667 -0.024625
-0.0466666667 0.00666666667 0.022125
-0.0466666667 0.01 -0.024625
-0.0466666667 0.01 0.022125
-0.0466666667 0.0116666667 -0.02325
-0.0466666667 0.0133333333 -0.021875
-0.0495833333 0.0133333333 0.02075
-0.0466666667 0.0133333333 0.022125
-0.0466666667 0.0166666667 -0.021875
-0.0466666667 0.015 0.02075
-0.0466666667 0.0166666667 0.019375
-0.0466666667 0.0183333333 -0.0205
-0.0466666667 0.02 -0.019125
-0.0466666667 0.02 0.019375
-0.0466666667 0.0216666667 -0.01775
-0.0495833333 0.0233333333 -0.01775
-0.0466666667 0.0233333333 -0.016375
-0.0466666667 0.0216666667 0.018
-0.0466666667 0.0233333333 0.016625
-0.0466666667 0.0266666667 -0.016375
-0.0466666667 0.0266666667 0.016625
-0.0466666667 0.0283333333 -0.015
-0.0466666667 0.0283333333 -0.01225
-0.0495833333 0.03 -0.0095
-0.0466666667 0.03 -0.010875
-0.0466666667 0.0283333333 0.00975
-0.0466666667 0.03 0.008375
-0.0466666667 0.0283333333 0.0125
-0.0466666667 0.0283333333 0.01525
-0.0466666667 0.0316666667 -0.0095
-0.0466666667 0.0316666667 -0.00675
-0.0466666667 0.0316666667 -0.004
-0.0466666667 0.0316666667 -0.00125
-0.0466666667 0.0316666667 0.0015
-0.0466666667 0.0316666667 0.00425
-0.0466666667 0.0316666667 0.007
-0.0408333333 -0.0333333333 -0.008125
-0.0408333333 -0.035 -0.00675
-0.0408333333 -0.035 -0.004
-0.0408333333 -0.035 -0.00125
-0.0408333333 -0.035 0.0015
-0.0408333333 -0.035 0.00425
-0.0408333333 -0.035 0.007
-0.04375 -0.0333333333 0.007
-0.0408333333 -0.0333333333 0.008375
-0.0408333333 -0.03 -0.016375
-0.0408333333 -0.0316666667 -0.015
-0.0408333333 -0.0316666667 -0.01225
-0.0408333333 -0.0316666667 -0.0095
-0.0408333333 -0.0316666667 0.00975
-0.0408333333 -0.0316666667 0.0125
-0.0408333333 -0.0316666667 0.01525
-0.0408333333 -0.03 0.016625
-0.04375 -0.0266666667 -0.01775
-0.0408333333 -0.0266666667 -0.016375
-0.0408333333 -0.0266666667 0.016625
-0.0408333333 -0.0233333333 -0.019125
-0.0408333333 -0.025 -0.01775
-0.0408333333 -0.025 0.018
-0.0408333333 -0.0233333333 0.019375
-0.0408333333 -0.02 -0.021875
-0.0408333333 -0.0216666667 -0.0205
-0.0408333333 -0.02 0.019375
-0.04375 -0.0166666667 -0.02325
-0.0408333333 -0.0166666667 -0.024625
-0.0408333333 -0.0183333333 -0.02325
-0.0408333333 -0.0183333333 0.02075
-0.0408333333 -0.0166666667 0.022125
-0.0408333333 -0.0133333333 -0.024625
-0.0408333333 -0.0133333333 0.022125
-0.0408333333 -0.01 -0.024625
-0.0408333333 -0.01 0.022125
-0.0408333333 -0.00666666667 -0.027375
-0.0408333333 -0.00833333333 -0.026
-0.0408333333 -0.00833333333 0.0235
-0.0408333333 -0.00666666667 0.024875
-0.04375 -0.00333333333 -0.02875
-0.0408333333 -0.00333333333 -0.027375
-0.0408333333 -0.00333333333 0.024875
-0.0408333333 1.38777878e-17 -0.030125
-0.0408333333 -0.00166666667 -0.02875
-0.0408333333 1.38777878e-17 0.024875
-0.0408333333 0.00166666667 -0.02875
-0.0408333333 0.00333333333 -0.027375
-0.04375 0.00333333333 0.0235
-0.0408333333 0.00333333333 0.024875
-0.0408333333 0.005 -0.026
-0.0408333333 0.00666666667 -0.024625
-0.0408333333 0.005 0.0235
-0.0408333333 0.00666666667 0.022125
-0.0408333333 0.01 -0.024625
-0.0408333333 0.01 0.022125
-0.0408333333 0.0116666667 -0.02325
-0.0408333333 0.0133333333 -0.021875
-0.04375 0.0133333333 0.02075
-0.0408333333 0.0116666667 0.02075
-0.0408333333 0.0133333333 0.019375
-0.0408333333 0.0166666667 -0.021875
-0.0408333333 0.0166666667 0.019375
-0.0408333333 0.0183333333 -0.0205
-0.0408333333 0.02 -0.019125
-0.0408333333 0.02 0.019375
-0.04375 0.0233333333 -0.01775
-0.0408333333 0.0233333333 -0.019125
-0.0408333333 0.0216666667 0.018
-0.0408333333 0.0233333333 0.016625
-0.0408333333 0.025 -0.01775
-0.0408333333 0.0266666667 -0.016375
-0.0408333333 0.0266666667 0.016625
-0.0408333333 0.0283333333 -0.015
-0.0408333333 0.0283333333 -0.01225
-0.04375 0.03 -0.0095
-0.0408333333 0.0283333333 -0.0095
-0.0408333333 0.03 -0.008125
-0.04375 0.03 0.00425
-0.0408333333 0.0283333333 0.00425
-0.0408333333 0.03 0.002875
-0.04375 0.03 0.007
-0.0408333333 0.0283333333 0.007
-0.0408333333 0.0283333333 0.00975
-0.0408333333 0.0283333333 0.0125
-0.0408333333 0.0283333333 0.01525
-0.0408333333 0.0316666667 -0.00675
-0.0408333333 0.0316666667 -0.004
-0.0408333333 0.0316666667 -0.00125
-0.0408333333 0.0316666667 0.0015
-0.035 -0.0333333333 -0.008125
-0.035 -0.035 -0.00675
-0.035 -0.035 -0.004
-0.035 -0.035 -0.00125
-0.035 -0.035 0.0015
-0.035 -0.035 0.00425
-0.035 -0.035 0.007
-0.035 -0.0333333333 0.008375
-0.035 -0.03 -0.016375
-0.035 -0.0316666667 -0.015
-0.035 -0.0316666667 -0.01225
-0.035 -0.0316666667 -0.0095
-0.035 -0.0316666667 0.00975
-0.035 -0.0316666667 0.0125
-0.035 -0.0316666667 0.01525
-0.035 -0.03 0.016625
-0.0379166667 -0.0266666667 -0.01775
-0.035 -0.0266666667 -0.019125
-0.035 -0.0283333333 -0.01775
-0.035 -0.0266666667 0.016625
-0.035 -0.0233333333 -0.019125
-0.035 -0.025 0.018
-0.035 -0.0233333333 0.019375
-0.035 -0.02 -0.021875
-0.035 -0.0216666667 -0.0205
-0.035 -0.02 0.019375
-0.0379166667 -0.0166666667 -0.02325
-0.035 -0.0166666667 -0.021875
-0.035 -0.0183333333 0.02075
-0.035 -0.0166666667 0.022125
-0.035 -0.0133333333 -0.024625
-0.035 -0.015 -0.02325
-0.035 -0.0133333333 0.022125
-0.0379166667 -0.01 -0.026
-0.035 -0.01 -0.027375
-0.035 -0.0116666667 -0.026
-0.035 -0.01 0.022125
-0.035 -0.00666666667 -0.027375
-0.035 -0.00833333333 0.0235
-0.035 -0.00666666667 0.024875
-0.0379166667 -0.00333333333 -0.02875
-0.035 -0.00333333333 -0.030125
-0.035 -0.005 -0.02875
-0.035 -0.00333333333 0.024875
-0.035 1.38777878e-17 -0.030125
-0.035 1.38777878e-17 0.024875
-0.035 0.00166666667 -0.02875
-0.035 0.00333333333 -0.027375
-0.0379166667 0.00333333333 0.0235
-0.035 0.00166666667 0.0235
-0.035 0.00333333333 0.022125
-0.035 0.005 -0.026
-0.035 0.00666666667 -0.024625
-0.035 0.00666666667 0.022125
-0.035 0.01 -0.024625
-0.035 0.01 0.022125
-0.035 0.0116666667 -0.02325
-0.035 0.0133333333 -0.021875
-0.035 0.0116666667 0.02075
-0.035 0.0133333333 0.019375
-0.035 0.0166666667 -0.021875
-0.035 0.0166666667 0.019375
-0.035 0.0183333333 -0.0205
-0.035 0.02 -0.019125
-0.035 0.02 0.019375
-0.035 0.0233333333 -0.019125
-0.035 0.0216666667 0.018
-0.035 0.0233333333 0.016625
-0.035 0.025 -0.01775
-0.035 0.0266666667 -0.016375
-0.035 0.0266666667 0.016625
-0.035 0.0283333333 -0.015
-0.035 0.0283333333 -0.01225
-0.035 0.0283333333 -0.0095
-0.035 0.03 -0.008125
-0.0379166667 0.03 0.00425
-0.035 0.03 0.005625
-0.035 0.0283333333 0.007
-0.035 0.0283333333 0.00975
-0.035 0.0283333333 0.0125
-0.035 0.0283333333 0.01525
-0.035 0.0316666667 -0.00675
-0.035 0.0316666667 -0.004
-0.035 0.0316666667 -0.00125
-0.035 0.0316666667 0.0015
-0.035 0.0316666667 0.00425
-0.0320833333 -0.0333333333 -0.00675
-0.0291666667 -0.0333333333 -0.005375
-0.0291666667 -0.035 -0.004
-0.0291666667 -0.035 -0.00125
-0.0291666667 -0.035 0.0015
-0.0291666667 -0.035 0.00425
-0.0320833333 -0.0333333333 0.007
-0.0291666667 -0.0333333333 0.005625
-0.0291666667 -0.03 -0.016375
-0.0291666667 -0.0316666667 -0.015
-0.0291666667 -0.0316666667 -0.01225
-0.0291666667 -0.0316666667 -0.0095
-0.0291666667 -0.0316666667 -0.00675
-0.0291666667 -0.0316666667 0.007
-0.0291666667 -0.0316666667 0.00975
-0.0291666667 -0.0316666667 0.0125
-0.0291666667 -0.0316666667 0.01525
-0.0291666667 -0.03 0.016625
-0.0291666667 -0.0266666667 -0.019125
-0.0291666667 -0.0283333333 -0.01775
-0.0291666667 -0.0266666667 0.016625
-0.0291666667 -0.0233333333 -0.019125
-0.0291666667 -0.025 0.018
-0.0291666667 -0.0233333333 0.019375
-0.0291666667 -0.02 -0.021875
-0.0291666667 -0.0216666667 -0.0205
-0.0291666667 -0.02 0.019375
-0.0291666667 -0.0166666667 -0.021875
-0.0320833333 -0.0166666667 0.02075
-0.0291666667 -0.0166666667 0.019375
-0.0291666667 -0.0133333333 -0.024625
-0.0291666667 -0.015 -0.02325
-0.0291666667 -0.015 0.02075
-0.0291666667 -0.0133333333 0.022125
-0.0320833333 -0.01 -0.026
-0.0291666667 -0.01 -0.024625
-0.0291666667 -0.01 0.022125
-0.0291666667 -0.00666666667 -0.027375
-0.0291666667 -0.00833333333 -0.026
-0.0291666667 -0.00833333333 0.0235
-0.0291666667 -0.00666666667 0.024875
-0.0291666667 -0.00333333333 -0.030125
-0.0291666667 -0.005 -0.02875
-0.0291666667 -0.00333333333 0.024875
-0.0291666667 1.38777878e-17 -0.030125
-0.0291666667 1.38777878e-17 0.024875
-0.0291666667 0.00166666667 -0.02875
-0.0291666667 0.00333333333 -0.027375
-0.0320833333 0.00333333333 0.0235
-0.0291666667 0.00333333333 0.024875
-0.0320833333 0.00666666667 -0.026
-0.0291666667 0.00666666667 -0.027375
-0.0291666667 0.005 0.0235
-0.0291666667 0.00666666667 0.022125
-0.0291666667 0.00833333333 -0.026
-0.0291666667 0.01 -0.024625
-0.0291666667 0.01 0.022125
-0.0291666667 0.0116666667 -0.02325
-0.0291666667 0.0133333333 -0.021875
-0.0291666667 0.0116666667 0.02075
-0.0291666667 0.0133333333 0.019375
-0.0291666667 0.0166666667 -0.021875
-0.0291666667 0.0166666667 0.019375
-0.0291666667 0.0183333333 -0.0205
-0.0291666667 0.02 -0.019125
-0.0291666667 0.02 0.019375
-0.0291666667 0.0233333333 -0.019125
-0.0291666667 0.0216666667 0.018
-0.0291666667 0.0233333333 0.016625
-0.0291666667 0.025 -0.01775
-0.0291666667 0.0266666667 -0.016375
-0.0291666667 0.0266666667 0.016625
-0.0291666667 0.0283333333 -0.015
-0.0291666667 0.0283333333 -0.01225
-0.0320833333 0.03 -0.0095
-0.0291666667 0.03 -0.010875
-0.0291666667 0.0283333333 -0.00675
-0.0291666667 0.03 -0.008125
-0.0320833333 0.03 -0.00675
-0.0291666667 0.03 -0.005375
-0.0291666667 0.0283333333 0.007
-0.0291666667 0.03 0.005625
-0.0291666667 0.0283333333 0.00975
-0.0291666667 0.0283333333 0.0125
-0.0291666667 0.0283333333 0.01525
-0.0291666667 0.0316666667 -0.0095
-0.0291666667 0.0316666667 -0.004
-0.0291666667 0.0316666667 -0.00125
-0.0291666667 0.0316666667 0.0015
-0.0291666667 0.0316666667 0.00425
-0.02625 -0.0333333333 -0.00675
-0.0233333333 -0.0333333333 -0.008125
-0.0233333333 -0.035 -0.00675
-0.0233333333 -0.035 -0.004
-0.0233333333 -0.035 -0.00125
-0.0233333333 -0.035 0.0015
-0.0233333333 -0.035 0.00425
-0.0233333333 -0.035 0.007
-0.02625 -0.0333333333 0.007
-0.0233333333 -0.0333333333 0.008375
-0.0233333333 -0.03 -0.016375
-0.0233333333 -0.0316666667 -0.015
-0.0233333333 -0.0316666667 -0.01225
-0.0233333333 -0.0316666667 -0.0095
-0.0233333333 -0.0316666667 0.00975
-0.0233333333 -0.0316666667 0.0125
-0.0233333333 -0.0316666667 0.01525
-0.0233333333 -0.03 0.016625
-0.0233333333 -0.0266666667 -0.019125
-0.0233333333 -0.0283333333 -0.01775
-0.0233333333 -0.0283333333 0.018
-0.02625 -0.0266666667 0.018
-0.0233333333 -0.0266666667 0.019375
-0.0233333333 -0.0233333333 -0.019125
-0.0233333333 -0.0233333333 0.019375
-0.0233333333 -0.02 -0.021875
-0.0233333333 -0.0216666667 -0.0205
-0.0233333333 -0.02 0.019375
-0.0233333333 -0.0166666667 -0.021875
-0.0233333333 -0.0166666667 0.019375
-0.0233333333 -0.0133333333 -0.024625
-0.0233333333 -0.015 -0.02325
-0.0233333333 -0.015 0.02075
-0.0233333333 -0.0133333333 0.022125
-0.0233333333 -0.01 -0.024625
-0.0233333333 -0.01 0.022125
-0.0233333333 -0.00666666667 -0.027375
-0.0233333333 -0.00833333333 -0.026
-0.0233333333 -0.00833333333 0.0235
-0.0233333333 -0.00666666667 0.024875
-0.0233333333 -0.00333333333 -0.030125
-0.0233333333 -0.005 -0.02875
-0.0233333333 -0.00333333333 0.024875
-0.0233333333 1.38777878e-17 -0.030125
-0.0233333333 1.38777878e-17 0.024875
-0.0233333333 0.00166666667 -0.02875
-0.0233333333 0.00333333333 -0.027375
-0.02625 0.00333333333 0.0235
-0.0233333333 0.00166666667 0.0235
-0.0233333333 0.00333333333 0.022125
-0.0233333333 0.005 -0.026
-0.02625 0.00666666667 -0.026
-0.0233333333 0.00666666667 -0.024625
-0.0233333333 0.00666666667 0.022125
-0.0233333333 0.01 -0.024625
-0.0233333333 0.01 0.022125
-0.0233333333 0.0116666667 -0.02325
-0.0233333333 0.0133333333 -0.021875
-0.02625 0.0133333333 0.02075
-0.0233333333 0.0133333333 0.022125
-0.0233333333 0.0166666667 -0.021875
-0.0233333333 0.015 0.02075
-0.0233333333 0.0166666667 0.019375
-0.0233333333 0.0183333333 -0.0205
-0.0233333333 0.02 -0.019125
-0.0233333333 0.02 0.019375
-0.0233333333 0.0233333333 -0.019125
-0.0233333333 0.0216666667 0.018
-0.0233333333 0.0233333333 0.016625
-0.0233333333 0.025 -0.01775
-0.0233333333 0.0266666667 -0.016375
-0.0233333333 0.0266666667 0.016625
-0.0233333333 0.0283333333 -0.015
-0.0233333333 0.0283333333 -0.01225
-0.02625 0.03 -0.0095
-0.0233333333 0.0283333333 -0.0095
-0.02625 0.03 -0.00675
-0.0233333333 0.03 -0.008125
-0.02625 0.03 0.007
-0.0233333333 0.03 0.008375
-0.0233333333 0.0283333333 0.00975
-0.0233333333 0.0283333333 0.0125
-0.0233333333 0.0283333333 0.01525
-0.0233333333 0.0316666667 -0.00675
-0.0233333333 0.0316666667 -0.004
-0.0233333333 0.0316666667 -0.00125
-0.0233333333 0.0316666667 0.0015
-0.0233333333 0.0316666667 0.00425
-0.0233333333 0.0316666667 0.007
-0.0175 -0.0333333333 -0.008125
-0.0175 -0.035 -0.00675
-0.0175 -0.035 -0.004
-0.0175 -0.035 -0.00125
-0.0175 -0.035 0.0015
-0.0175 -0.035 0.00425
-0.0175 -0.035 0.007
-0.0175 -0.035 0.00975
-0.0204166667 -0.0333333333 0.00975
-0.0175 -0.0333333333 0.011125
-0.0175 -0.03 -0.016375
-0.0175 -0.0316666667 -0.015
-0.0175 -0.0316666667 -0.01225
-0.0175 -0.0316666667 -0.0095
-0.0175 -0.0316666667 0.0125
-0.0175 -0.0316666667 0.01525
-0.0175 -0.03 0.016625
-0.0175 -0.0266666667 -0.019125
-0.0175 -0.0283333333 -0.01775
-0.0204166667 -0.0266666667 0.018
-0.0175 -0.0266666667 0.016625
-0.0175 -0.0233333333 -0.019125
-0.0175 -0.025 0.018
-0.0175 -0.0233333333 0.019375
-0.0175 -0.02 -0.021875
-0.0175 -0.0216666667 -0.0205
-0.0175 -0.02 0.019375
-0.0175 -0.0166666667 -0.021875
-0.0175 -0.0183333333 0.02075
-0.0204166667 -0.0166666667 0.02075
-0.0175 -0.0166666667 0.022125
-0.0175 -0.0133333333 -0.024625
-0.0175 -0.015 -0.02325
-0.0175 -0.0133333333 0.022125
-0.0204166667 -0.01 -0.026
-0.0175 -0.01 -0.027375
-0.0175 -0.0116666667 -0.026
-0.0175 -0.01 0.022125
-0.0175 -0.00666666667 -0.027375
-0.0175 -0.00833333333 0.0235
-0.0175 -0.00666666667 0.024875
-0.0204166667 -0.00333333333 -0.02875
-0.0175 -0.00333333333 -0.027375
-0.0175 -0.00333333333 0.024875
-0.0175 1.38777878e-17 -0.030125
-0.0175 -0.00166666667 -0.02875
-0.0175 1.38777878e-17 0.024875
-0.0175 0.00166666667 -0.02875
-0.0175 0.00333333333 -0.027375
-0.0204166667 0.00333333333 0.0235
-0.0175 0.00333333333 0.024875
-0.0204166667 0.00666666667 -0.026
-0.0175 0.00666666667 -0.027375
-0.0175 0.005 0.0235
-0.0175 0.00666666667 0.022125
-0.0175 0.00833333333 -0.026
-0.0175 0.01 -0.024625
-0.0175 0.01 0.022125
-0.0175 0.0116666667 -0.02325
-0.0175 0.0133333333 -0.021875
-0.0204166667 0.0133333333 0.02075
-0.0175 0.0116666667 0.02075
-0.0175 0.0133333333 0.019375
-0.0175 0.0166666667 -0.021875
-0.0175 0.0166666667 0.019375
-0.0175 0.0183333333 -0.0205
-0.0175 0.02 -0.019125
-0.0175 0.02 0.019375
-0.0175 0.0233333333 -0.019125
-0.0175 0.0216666667 0.018
-0.0175 0.0233333333 0.016625
-0.0175 0.025 -0.01775
-0.0175 0.0266666667 -0.016375
-0.0175 0.0266666667 0.016625
-0.0175 0.0283333333 -0.015
-0.0175 0.0283333333 -0.01225
-0.0204166667 0.03 -0.0095
-0.0175 0.03 -0.010875
-0.0204166667 0.03 0.0015
-0.0175 0.0283333333 0.0015
-0.0175 0.03 0.000125
-0.0204166667 0.03 0.00425
-0.0175 0.0283333333 0.00425
-0.0204166667 0.03 0.007
-0.0175 0.0283333333 0.007
-0.0175 0.0283333333 0.00975
-0.0175 0.0283333333 0.0125
-0.0175 0.0283333333 0.01525
-0.0175 0.0316666667 -0.0095
-0.0175 0.0316666667 -0.00675
-0.0175 0.0316666667 -0.004
-0.0175 0.0316666667 -0.00125
-0.0116666667 -0.0333333333 -0.008125
-0.0116666667 -0.035 -0.00675
-0.0116666667 -0.035 -0.004
-0.0116666667 -0.035 -0.00125
-0.0116666667 -0.035 0.0015
-0.0116666667 -0.035 0.00425
-0.0145833333 -0.0333333333 0.007
-0.0116666667 -0.0333333333 0.005625
-0.0145833333 -0.0333333333 0.00975
-0.0116666667 -0.03 -0.016375
-0.0116666667 -0.0316666667 -0.015
-0.0116666667 -0.0316666667 -0.01225
-0.0116666667 -0.0316666667 -0.0095
-0.0116666667 -0.0316666667 0.007
-0.0116666667 -0.0316666667 0.00975
-0.0116666667 -0.0316666667 0.0125
-0.0116666667 -0.0316666667 0.01525
-0.0116666667 -0.03 0.016625
-0.0145833333 -0.0266666667 -0.01775
-0.0116666667 -0.0266666667 -0.016375
-0.0116666667 -0.0266666667 0.016625
-0.0116666667 -0.0233333333 -0.019125
-0.0116666667 -0.025 -0.01775
-0.0116666667 -0.025 0.018
-0.0116666667 -0.0233333333 0.019375
-0.0116666667 -0.02 -0.021875
-0.0116666667 -0.0216666667 -0.0205
-0.0116666667 -0.02 0.019375
-0.0116666667 -0.0166666667 -0.021875
-0.0145833333 -0.0166666667 0.02075
-0.0116666667 -0.0166666667 0.019375
-0.0116666667 -0.0133333333 -0.024625
-0.0116666667 -0.015 -0.02325
-0.0116666667 -0.015 0.02075
-0.0116666667 -0.0133333333 0.022125
-0.0145833333 -0.01 -0.026
-0.0116666667 -0.01 -0.024625
-0.0116666667 -0.01 0.022125
-0.0116666667 -0.00666666667 -0.027375
-0.0116666667 -0.00833333333 -0.026
-0.0116666667 -0.00833333333 0.0235
-0.0116666667 -0.00666666667 0.024875
-0.0145833333 -0.00333333333 -0.02875
-0.0116666667 -0.00333333333 -0.030125
-0.0116666667 -0.005 -0.02875
-0.0116666667 -0.00333333333 0.024875
-0.0116666667 1.38777878e-17 -0.030125
-0.0116666667 1.38777878e-17 0.024875
-0.0116666667 0.00166666667 -0.02875
-0.0116666667 0.00333333333 -0.027375
-0.0145833333 0.00333333333 0.0235
-0.0116666667 0.00166666667 0.0235
-0.0116666667 0.00333333333 0.022125
-0.0116666667 0.00666666667 -0.027375
-0.0116666667 0.00666666667 0.022125
-0.0116666667 0.00833333333 -0.026
-0.0116666667 0.01 -0.024625
-0.0116666667 0.01 0.022125
-0.0116666667 0.0116666667 -0.02325
-0.0116666667 0.0133333333 -0.021875
-0.0145833333 0.0133333333 0.02075
-0.0116666667 0.0133333333 0.022125
-0.0116666667 0.0166666667 -0.021875
-0.0116666667 0.015 0.02075
-0.0116666667 0.0166666667 0.019375
-0.0116666667 0.0183333333 -0.0205
-0.0116666667 0.02 -0.019125
-0.0116666667 0.02 0.019375
-0.0116666667 0.0233333333 -0.019125
-0.0116666667 0.0216666667 0.018
-0.0116666667 0.0233333333 0.016625
-0.0116666667 0.025 -0.01775
-0.0116666667 0.0266666667 -0.016375
-0.0116666667 0.0266666667 0.016625
-0.0116666667 0.0283333333 -0.015
-0.0116666667 0.0283333333 -0.01225
-0.0145833333 0.03 -0.0095
-0.0116666667 0.0283333333 -0.0095
-0.0116666667 0.03 -0.008125
-0.0145833333 0.03 0.0015
-0.0116666667 0.03 0.002875
-0.0116666667 0.0283333333 0.00425
-0.0116666667 0.0283333333 0.007
-0.0116666667 0.0283333333 0.00975
-0.0116666667 0.0283333333 0.0125
-0.0116666667 0.0283333333 0.01525
-0.0116666667 0.0316666667 -0.00675
-0.0116666667 0.0316666667 -0.004
-0.0116666667 0.0316666667 -0.00125
-0.0116666667 0.0316666667 0.0015
-0.00875 -0.0333333333 -0.00675
-0.00583333333 -0.0333333333 -0.005375
-0.00583333333 -0.035 -0.004
-0.00583333333 -0.035 -0.00125
-0.00583333333 -0.035 0.0015
-0.00583333333 -0.035 0.00425
-0.00583333333 -0.035 0.007
-0.00875 -0.0333333333 0.007
-0.00583333333 -0.0333333333 0.008375
-0.00583333333 -0.03 -0.016375
-0.00583333333 -0.0316666667 -0.015
-0.00583333333 -0.0316666667 -0.01225
-0.00583333333 -0.0316666667 -0.0095
-0.00583333333 -0.0316666667 -0.00675
-0.00583333333 -0.0316666667 0.00975
-0.00583333333 -0.0316666667 0.0125
-0.00583333333 -0.0316666667 0.01525
-0.00583333333 -0.03 0.016625
-0.00875 -0.0266666667 -0.01775
-0.00583333333 -0.0266666667 -0.019125
-0.00583333333 -0.0283333333 -0.01775
-0.00583333333 -0.0266666667 0.016625
-0.00583333333 -0.0233333333 -0.019125
-0.00583333333 -0.025 0.018
-0.00583333333 -0.0233333333 0.019375
-0.00583333333 -0.02 -0.021875
-0.00583333333 -0.0216666667 -0.0205
-0.00583333333 -0.02 0.019375
-0.00583333333 -0.0166666667 -0.021875
-0.00583333333 -0.0183333333 0.02075
-0.00875 -0.0166666667 0.02075
-0.00583333333 -0.0166666667 0.022125
-0.00583333333 -0.0133333333 -0.024625
-0.00583333333 -0.015 -0.02325
-0.00583333333 -0.0133333333 0.022125
-0.00583333333 -0.01 -0.024625
-0.00583333333 -0.01 0.022125
-0.00583333333 -0.00666666667 -0.027375
-0.00583333333 -0.00833333333 -0.026
-0.00583333333 -0.00833333333 0.0235
-0.00583333333 -0.00666666667 0.024875
-0.00875 -0.00333333333 -0.02875
-0.00583333333 -0.00333333333 -0.027375
-0.00583333333 -0.00333333333 0.024875
-0.00583333333 1.38777878e-17 -0.030125
-0.00583333333 -0.00166666667 -0.02875
-0.00583333333 1.38777878e-17 0.024875
-0.00583333333 0.00166666667 -0.02875
-0.00583333333 0.00333333333 -0.027375
-0.00875 0.00333333333 0.0235
-0.00583333333 0.00333333333 0.024875
-0.00583333333 0.005 -0.026
-0.00875 0.00666666667 -0.026
-0.00583333333 0.00666666667 -0.024625
-0.00583333333 0.005 0.0235
-0.00583333333 0.00666666667 0.022125
-0.00583333333 0.01 -0.024625
-0.00583333333 0.01 0.022125
-0.00583333333 0.0116666667 -0.02325
-0.00583333333 0.0133333333 -0.021875
-0.00875 0.0133333333 0.02075
-0.00583333333 0.0116666667 0.02075
-0.00583333333 0.0133333333 0.019375
-0.00583333333 0.0166666667 -0.021875
-0.00583333333 0.0166666667 0.019375
-0.00583333333 0.0183333333 -0.0205
-0.00583333333 0.02 -0.019125
-0.00583333333 0.02 0.019375
-0.00583333333 0.0233333333 -0.019125
-0.00583333333 0.0216666667 0.018
-0.00583333333 0.0233333333 0.016625
-0.00583333333 0.025 -0.01775
-0.00583333333 0.0266666667 -0.016375
-0.00583333333 0.0266666667 0.016625
-0.00583333333 0.0283333333 -0.015
-0.00583333333 0.0283333333 -0.01225
-0.00583333333 0.0283333333 -0.0095
-0.00583333333 0.03 -0.008125
-0.00875 0.03 0.00425
-0.00583333333 0.03 0.005625
-0.00583333333 0.0283333333 0.007
-0.00583333333 0.0283333333 0.00975
-0.00583333333 0.0283333333 0.0125
-0.00583333333 0.0283333333 0.01525
-0.00583333333 0.0316666667 -0.00675
-0.00583333333 0.0316666667 -0.004
-0.00583333333 0.0316666667 -0.00125
-0.00583333333 0.0316666667 0.0015
-0.00583333333 0.0316666667 0.00425
-0.00291666667 -0.0333333333 -0.00675
0 -0.0333333333 -0.008125
0 -0.035 -0.00675
0 -0.035 -0.004
0 -0.035 -0.00125
0 -0.035 0.0015
0 -0.035 0.00425
0 -0.035 0.007
0 -0.0333333333 0.008375
0 -0.03 -0.016375
0 -0.0316666667 -0.015
0 -0.0316666667 -0.01225
0 -0.0316666667 -0.0095
0 -0.0316666667 0.00975
0 -0.0316666667 0.0125
0 -0.0316666667 0.01525
0 -0.03 0.016625
0 -0.0266666667 -0.019125
0 -0.0283333333 -0.01775
0 -0.0266666667 0.016625
0 -0.0233333333 -0.019125
0 -0.025 0.018
0 -0.0233333333 0.019375
0 -0.02 -0.021875
0 -0.0216666667 -0.0205
0 -0.02 0.019375
0 -0.0166666667 -0.021875
-0.00291666667 -0.0166666667 0.02075
0 -0.0166666667 0.019375
0 -0.0133333333 -0.024625
0 -0.015 -0.02325
0 -0.015 0.02075
0 -0.0133333333 0.022125
0 -0.01 -0.024625
0 -0.01 0.022125
0 -0.00666666667 -0.027375
0 -0.00833333333 -0.026
0 -0.00833333333 0.0235
0 -0.00666666667 0.024875
0 -0.00333333333 -0.027375
0 -0.00333333333 0.024875
-0.00291666667 1.38777878e-17 -0.02875
0 1.38777878e-17 -0.027375
0 1.38777878e-17 0.024875
0 0.00333333333 -0.027375
0 0.00333333333 0.024875
0 0.005 -0.026
0 0.00666666667 -0.024625
0 0.005 0.0235
0 0.00666666667 0.022125
0 0.01 -0.024625
0 0.01 0.022125
-0.00291666667 0.0133333333 -0.02325
0 0.0133333333 -0.024625
-0.00291666667 0.0133333333 0.02075
0 0.0133333333 0.022125
0 0.015 -0.02325
0 0.0166666667 -0.021875
0 0.015 0.02075
0 0.0166666667 0.019375
0 0.0183333333 -0.0205
0 0.02 -0.019125
0 0.02 0.019375
0 0.0216666667 -0.01775
-0.00291666667 0.0233333333 -0.01775
0 0.0233333333 -0.016375
0 0.0216666667 0.018
0 0.0233333333 0.016625
0 0.0266666667 -0.016375
0 0.0266666667 0.016625
0 0.0283333333 -0.015
0 0.0283333333 -0.01225
-0.00291666667 0.03 -0.0095
0 0.03 -0.010875
-0.00291666667 0.03 0.007
0 0.03 0.008375
0 0.0283333333 0.00975
0 0.0283333333 0.0125
0 0.0283333333 0.01525
0 0.0316666667 -0.0095
0 0.0316666667 -0.00675
0 0.0316666667 -0.004
0 0.0316666667 -0.00125
0 0.0316666667 0.0015
0 0.0316666667 0.00425
0 0.0316666667 0.007
0.00583333333 -0.0333333333 -0.008125
0.00583333333 -0.035 -0.00675
0.00583333333 -0.035 -0.004
0.00583333333 -0.035 -0.00125
0.00583333333 -0.035 0.0015
0.00583333333 -0.035 0.00425
0.00583333333 -0.035 0.007
0.00583333333 -0.0333333333 0.008375
0.00583333333 -0.03 -0.016375
0.00583333333 -0.0316666667 -0.015
0.00583333333 -0.0316666667 -0.01225
0.00583333333 -0.0316666667 -0.0095
0.00583333333 -0.0316666667 0.00975
0.00583333333 -0.0316666667 0.0125
0.00583333333 -0.0316666667 0.01525
0.00583333333 -0.03 0.016625
0.00583333333 -0.0266666667 -0.019125
0.00583333333 -0.0283333333 -0.01775
0.00583333333 -0.0266666667 0.016625
0.00583333333 -0.0233333333 -0.019125
0.00583333333 -0.025 0.018
0.00583333333 -0.0233333333 0.019375
0.00583333333 -0.02 -0.021875
0.00583333333 -0.0216666667 -0.0205
0.00583333333 -0.02 0.019375
0.00583333333 -0.0166666667 -0.021875
0.00583333333 -0.0166666667 0.019375
0.00583333333 -0.0133333333 -0.024625
0.00583333333 -0.015 -0.02325
0.00583333333 -0.015 0.02075
0.00583333333 -0.0133333333 0.022125
0.00291666667 -0.01 -0.026
0.00583333333 -0.01 -0.027375
0.00583333333 -0.0116666667 -0.026
0.00583333333 -0.01 0.022125
0.00583333333 -0.00666666667 -0.027375
0.00583333333 -0.00833333333 0.0235
0.00583333333 -0.00666666667 0.024875
0.00291666667 -0.00333333333 -0.02875
0.00583333333 -0.00333333333 -0.030125
0.00583333333 -0.005 -0.02875
0.00583333333 -0.00333333333 0.024875
0.00291666667 1.38777878e-17 -0.02875
0.00583333333 1.38777878e-17 -0.030125
0.00583333333 1.38777878e-17 0.024875
0.00583333333 0.00166666667 -0.02875
0.00583333333 0.00333333333 -0.027375
0.00583333333 0.00333333333 0.024875
0.00583333333 0.005 -0.026
0.00583333333 0.00666666667 -0.024625
0.00583333333 0.005 0.0235
0.00583333333 0.00666666667 0.022125
0.00583333333 0.01 -0.024625
0.00583333333 0.01 0.022125
0.00583333333 0.0116666667 -0.02325
0.00291666667 0.0133333333 -0.02325
0.00583333333 0.0133333333 -0.021875
0.00291666667 0.0133333333 0.02075
0.00583333333 0.0116666667 0.02075
0.00583333333 0.0133333333 0.019375
0.00583333333 0.0166666667 -0.021875
0.00583333333 0.0166666667 0.019375
0.00583333333 0.0183333333 -0.0205
0.00583333333 0.02 -0.019125
0.00583333333 0.02 0.019375
0.00291666667 0.0233333333 -0.01775
0.00583333333 0.0233333333 -0.019125
0.00583333333 0.0216666667 0.018
0.00583333333 0.0233333333 0.016625
0.00583333333 0.025 -0.01775
0.00583333333 0.0266666667 -0.016375
0.00583333333 0.0266666667 0.016625
0.00583333333 0.0283333333 -0.015
0.00583333333 0.0283333333 -0.01225
0.00291666667 0.03 -0.0095
0.00583333333 0.0283333333 -0.0095
0.00583333333 0.03 -0.008125
0.00291666667 0.03 0.00425
0.00583333333 0.0283333333 0.00425
0.00583333333 0.03 0.002875
0.00291666667 0.03 0.007
0.00583333333 0.0283333333 0.007
0.00583333333 0.0283333333 0.00975
0.00583333333 0.0283333333 0.0125
0.00583333333 0.0283333333 0.01525
0.00583333333 0.0316666667 -0.00675
0.00583333333 0.0316666667 -0.004
0.00583333333 0.0316666667 -0.00125
0.00583333333 0.0316666667 0.0015
0.0116666667 -0.0333333333 -0.008125
0.0116666667 -0.035 -0.00675
0.0116666667 -0.035 -0.004
0.0116666667 -0.035 -0.00125
0.0116666667 -0.035 0.0015
0.0116666667 -0.035 0.00425
0.0116666667 -0.035 0.007
0.0116666667 -0.035 0.00975
0.00875 -0.0333333333 0.00975
0.0116666667 -0.0333333333 0.011125
0.0116666667 -0.03 -0.016375
0.0116666667 -0.0316666667 -0.015
0.0116666667 -0.0316666667 -0.01225
0.0116666667 -0.0316666667 -0.0095
0.0116666667 -0.0316666667 0.0125
0.0116666667 -0.0316666667 0.01525
0.0116666667 -0.03 0.016625
0.00875 -0.0266666667 -0.01775
0.0116666667 -0.0266666667 -0.016375
0.0116666667 -0.0266666667 0.016625
0.0116666667 -0.0233333333 -0.019125
0.0116666667 -0.025 -0.01775
0.0116666667 -0.025 0.018
0.0116666667 -0.0233333333 0.019375
0.0116666667 -0.02 -0.021875
0.0116666667 -0.0216666667 -0.0205
0.0116666667 -0.02 0.019375
0.0116666667 -0.0166666667 -0.021875
0.0116666667 -0.0183333333 0.02075
0.00875 -0.0166666667 0.02075
0.0116666667 -0.0166666667 0.022125
0.0116666667 -0.0133333333 -0.024625
0.0116666667 -0.015 -0.02325
0.0116666667 -0.0133333333 0.022125
0.00875 -0.01 -0.026
0.0116666667 -0.01 -0.024625
0.0116666667 -0.01 0.022125
0.0116666667 -0.00666666667 -0.027375
0.0116666667 -0.00833333333 -0.026
0.0116666667 -0.00833333333 0.0235
0.0116666667 -0.00666666667 0.024875
0.0116666667 -0.00333333333 -0.030125
0.0116666667 -0.005 -0.02875
0.0116666667 -0.00333333333 0.024875
0.0116666667 1.38777878e-17 -0.030125
0.0116666667 1.38777878e-17 0.024875
0.0116666667 0.00166666667 -0.02875
0.0116666667 0.00333333333 -0.027375
0.0116666667 0.00333333333 0.024875
0.00875 0.00666666667 -0.026
0.0116666667 0.00666666667 -0.027375
0.0116666667 0.005 0.0235
0.0116666667 0.00666666667 0.022125
0.0116666667 0.00833333333 -0.026
0.0116666667 0.01 -0.024625
0.0116666667 0.01 0.022125
0.0116666667 0.0116666667 -0.02325
0.0116666667 0.0133333333 -0.021875
0.00875 0.0133333333 0.02075
0.0116666667 0.0133333333 0.022125
0.0116666667 0.0166666667 -0.021875
0.0116666667 0.015 0.02075
0.0116666667 0.0166666667 0.019375
0.0116666667 0.0183333333 -0.0205
0.0116666667 0.02 -0.019125
0.0116666667 0.02 0.019375
0.0116666667 0.0233333333 -0.019125
0.0116666667 0.0216666667 0.018
0.0116666667 0.0233333333 0.016625
0.0116666667 0.025 -0.01775
0.0116666667 0.0266666667 -0.016375
0.0116666667 0.0266666667 0.016625
0.0116666667 0.0283333333 -0.015
0.0116666667 0.0283333333 -0.01225
0.0116666667 0.0283333333 -0.0095
0.0116666667 0.03 -0.008125
0.00875 0.03 0.00425
0.0116666667 0.03 0.005625
0.0116666667 0.0283333333 0.007
0.0116666667 0.0283333333 0.00975
0.0116666667 0.0283333333 0.0125
0.0116666667 0.0283333333 0.01525
0.0116666667 0.0316666667 -0.00675
0.0116666667 0.0316666667 -0.004
0.0116666667 0.0316666667 -0.00125
0.0116666667 0.0316666667 0.0015
0.0116666667 0.0316666667 0.00425
0.0145833333 -0.0333333333 -0.0095
0.0175 -0.0333333333 -0.010875
0.0175 -0.035 -0.0095
0.0175 -0.035 -0.00675
0.0175 -0.035 -0.004
0.0175 -0.035 -0.00125
0.0175 -0.035 0.0015
0.0175 -0.035 0.00425
0.0145833333 -0.0333333333 0.007
0.0175 -0.0333333333 0.005625
0.0145833333 -0.0333333333 0.00975
0.0175 -0.03 -0.016375
0.0175 -0.0316666667 -0.015
0.0175 -0.0316666667 -0.01225
0.0175 -0.0316666667 0.007
0.0175 -0.0316666667 0.00975
0.0175 -0.0316666667 0.0125
0.0175 -0.0316666667 0.01525
0.0175 -0.03 0.016625
0.0175 -0.0266666667 -0.016375
0.0175 -0.0266666667 0.016625
0.0175 -0.0233333333 -0.019125
0.0175 -0.025 -0.01775
0.0175 -0.025 0.018
0.0175 -0.0233333333 0.019375
0.0175 -0.02 -0.021875
0.0175 -0.0216666667 -0.0205
0.0175 -0.02 0.019375
0.0175 -0.0166666667 -0.021875
0.0175 -0.0183333333 0.02075
0.0175 -0.0166666667 0.022125
0.0175 -0.0133333333 -0.024625
0.0175 -0.015 -0.02325
0.0175 -0.0133333333 0.022125
0.0175 -0.01 -0.024625
0.0175 -0.01 0.022125
0.0175 -0.00666666667 -0.027375
0.0175 -0.00833333333 -0.026
0.0175 -0.00833333333 0.0235
0.0175 -0.00666666667 0.024875
0.0145833333 -0.00333333333 -0.02875
0.0175 -0.00333333333 -0.027375
0.0175 -0.00333333333 0.024875
0.0175 1.38777878e-17 -0.030125
0.0175 -0.00166666667 -0.02875
0.0175 1.38777878e-17 0.024875
0.0175 0.00166666667 -0.02875
0.0175 0.00333333333 -0.027375
0.0175 0.00333333333 0.024875
0.0175 0.005 -0.026
0.0145833333 0.00666666667 -0.026
0.0175 0.00666666667 -0.024625
0.0175 0.005 0.0235
0.0175 0.00666666667 0.022125
0.0175 0.01 -0.024625
0.0175 0.01 0.022125
0.0175 0.0116666667 -0.02325
0.0175 0.0133333333 -0.021875
0.0145833333 0.0133333333 0.02075
0.0175 0.0116666667 0.02075
0.0175 0.0133333333 0.019375
0.0175 0.0166666667 -0.021875
0.0175 0.0166666667 0.019375
0.0175 0.0183333333 -0.0205
0.0175 0.02 -0.019125
0.0175 0.02 0.019375
0.0175 0.0216666667 -0.01775
0.0145833333 0.0233333333 -0.01775
0.0175 0.0233333333 -0.016375
0.0175 0.0216666667 0.018
0.0175 0.0233333333 0.016625
0.0175 0.0266666667 -0.016375
0.0175 0.0266666667 0.016625
0.0175 0.0283333333 -0.015
0.0175 0.0283333333 -0.01225
0.0175 0.0283333333 -0.0095
0.0175 0.03 -0.008125
0.0145833333 0.03 0.007
0.0175 0.03 0.008375
0.0175 0.0283333333 0.00975
0.0175 0.0283333333 0.0125
0.0175 0.0283333333 0.01525
0.0175 0.0316666667 -0.00675
0.0175 0.0316666667 -0.004
0.0175 0.0316666667 -0.00125
0.0175 0.0316666667 0.0015
0.0175 0.0316666667 0.00425
0.0175 0.0316666667 0.007
0.0204166667 -0.0333333333 -0.0095
0.0233333333 -0.0333333333 -0.008125
0.0233333333 -0.035 -0.00675
0.0233333333 -0.035 -0.004
0.0233333333 -0.035 -0.00125
0.0233333333 -0.035 0.0015
0.0233333333 -0.035 0.00425
0.0233333333 -0.035 0.007
0.0204166667 -0.0333333333 0.007
0.0233333333 -0.0333333333 0.008375
0.0233333333 -0.03 -0.016375
0.0233333333 -0.0316666667 -0.015
0.0233333333 -0.0316666667 -0.01225
0.0233333333 -0.0316666667 -0.0095
0.0233333333 -0.0316666667 0.00975
0.0233333333 -0.0316666667 0.0125
0.0233333333 -0.0316666667 0.01525
0.0233333333 -0.03 0.016625
0.0204166667 -0.0266666667 -0.01775
0.0233333333 -0.0266666667 -0.019125
0.0233333333 -0.0283333333 -0.01775
0.0233333333 -0.0266666667 0.016625
0.0233333333 -0.0233333333 -0.019125
0.0233333333 -0.025 0.018
0.0233333333 -0.0233333333 0.019375
0.0233333333 -0.02 -0.021875
0.0233333333 -0.0216666667 -0.0205
0.0233333333 -0.02 0.019375
0.0233333333 -0.0166666667 -0.021875
0.0204166667 -0.0166666667 0.02075
0.0233333333 -0.0166666667 0.019375
0.0233333333 -0.0133333333 -0.024625
0.0233333333 -0.015 -0.02325
0.0233333333 -0.015 0.02075
0.0233333333 -0.0133333333 0.022125
0.0233333333 -0.01 -0.024625
0.0233333333 -0.01 0.022125
0.0233333333 -0.00666666667 -0.027375
0.0233333333 -0.00833333333 -0.026
0.0233333333 -0.00833333333 0.0235
0.0233333333 -0.00666666667 0.024875
0.0233333333 -0.00333333333 -0.027375
0.0233333333 -0.00333333333 0.024875
0.0233333333 1.38777878e-17 -0.030125
0.0233333333 -0.00166666667 -0.02875
0.0233333333 1.38777878e-17 0.024875
0.0233333333 0.00166666667 -0.02875
0.0233333333 0.00333333333 -0.027375
0.0233333333 0.00333333333 0.024875
0.0204166667 0.00666666667 -0.026
0.0233333333 0.00666666667 -0.027375
0.0233333333 0.005 0.0235
0.0233333333 0.00666666667 0.022125
0.0233333333 0.00833333333 -0.026
0.0233333333 0.01 -0.024625
0.0233333333 0.01 0.022125
0.0233333333 0.0116666667 -0.02325
0.0233333333 0.0133333333 -0.021875
0.0204166667 0.0133333333 0.02075
0.0233333333 0.0133333333 0.022125
0.0233333333 0.0166666667 -0.021875
0.0233333333 0.015 0.02075
0.0233333333 0.0166666667 0.019375
0.0233333333 0.0183333333 -0.0205
0.0233333333 0.02 -0.019125
0.0233333333 0.02 0.019375
0.0204166667 0.0233333333 -0.01775
0.0233333333 0.0233333333 -0.019125
0.0233333333 0.0216666667 0.018
0.0233333333 0.0233333333 0.016625
0.0233333333 0.025 -0.01775
0.0233333333 0.0266666667 -0.016375
0.0233333333 0.0266666667 0.016625
0.0233333333 0.0283333333 -0.015
0.0233333333 0.0283333333 -0.01225
0.0233333333 0.0283333333 -0.0095
0.0233333333 0.03 -0.008125
0.0204166667 0.03 0.00425
0.0233333333 0.0283333333 0.00425
0.0233333333 0.03 0.002875
0.0204166667 0.03 0.007
0.0233333333 0.0283333333 0.007
0.0233333333 0.0283333333 0.00975
0.0233333333 0.0283333333 0.0125
0.0233333333 0.0283333333 0.01525
0.0233333333 0.0316666667 -0.00675
0.0233333333 0.0316666667 -0.004
0.0233333333 0.0316666667 -0.00125
0.0233333333 0.0316666667 0.0015
0.0291666667 -0.0333333333 -0.008125
0.0291666667 -0.035 -0.00675
0.0291666667 -0.035 -0.004
0.0291666667 -0.035 -0.00125
0.0291666667 -0.035 0.0015
0.0291666667 -0.035 0.00425
0.02625 -0.0333333333 0.007
0.0291666667 -0.0333333333 0.005625
0.0291666667 -0.03 -0.016375
0.0291666667 -0.0316666667 -0.015
0.0291666667 -0.0316666667 -0.01225
0.0291666667 -0.0316666667 -0.0095
0.0291666667 -0.0316666667 0.007
0.0291666667 -0.0316666667 0.00975
0.0291666667 -0.0316666667 0.0125
0.0291666667 -0.0316666667 0.01525
0.0291666667 -0.03 0.016625
0.0291666667 -0.0266666667 -0.019125
0.0291666667 -0.0283333333 -0.01775
0.0291666667 -0.0266666667 0.016625
0.0291666667 -0.0233333333 -0.019125
0.0291666667 -0.025 0.018
0.0291666667 -0.0233333333 0.019375
0.0291666667 -0.02 -0.021875
0.0291666667 -0.0216666667 -0.0205
0.0291666667 -0.02 0.019375
0.0291666667 -0.0166666667 -0.021875
0.0291666667 -0.0166666667 0.019375
0.0291666667 -0.0133333333 -0.024625
0.0291666667 -0.015 -0.02325
0.0291666667 -0.015 0.02075
0.0291666667 -0.0133333333 0.022125
0.02625 -0.01 -0.026
0.0291666667 -0.01 -0.027375
0.0291666667 -0.0116666667 -0.026
0.0291666667 -0.01 0.022125
0.0291666667 -0.00666666667 -0.027375
0.0291666667 -0.00833333333 0.0235
0.0291666667 -0.00666666667 0.024875
0.02625 -0.00333333333 -0.02875
0.0291666667 -0.00333333333 -0.030125
0.0291666667 -0.005 -0.02875
0.0291666667 -0.00333333333 0.024875
0.0291666667 1.38777878e-17 -0.030125
0.0291666667 1.38777878e-17 0.024875
0.0291666667 0.00166666667 -0.02875
0.0291666667 0.00333333333 -0.027375
0.0291666667 0.00333333333 0.024875
0.0291666667 0.00666666667 -0.027375
0.0291666667 0.005 0.0235
0.0291666667 0.00666666667 0.022125
0.0291666667 0.00833333333 -0.026
0.0291666667 0.01 -0.024625
0.0291666667 0.01 0.022125
0.02625 0.0133333333 -0.02325
0.0291666667 0.0133333333 -0.024625
0.02625 0.0133333333 0.02075
0.0291666667 0.0116666667 0.02075
0.0291666667 0.0133333333 0.019375
0.0291666667 0.015 -0.02325
0.0291666667 0.0166666667 -0.021875
0.0291666667 0.0166666667 0.019375
0.0291666667 0.0183333333 -0.0205
0.0291666667 0.02 -0.019125
0.0291666667 0.02 0.019375
0.0291666667 0.0233333333 -0.019125
0.0291666667 0.0216666667 0.018
0.0291666667 0.0233333333 0.016625
0.0291666667 0.025 -0.01775
0.0291666667 0.0266666667 -0.016375
0.0291666667 0.0266666667 0.016625
0.0291666667 0.0283333333 -0.015
0.0291666667 0.0283333333 -0.01225
0.0291666667 0.0283333333 -0.0095
0.0291666667 0.03 -0.008125
0.02625 0.03 0.00425
0.0291666667 0.03 0.005625
0.0291666667 0.0283333333 0.007
0.0291666667 0.0283333333 0.00975
0.0291666667 0.0283333333 0.0125
0.0291666667 0.0283333333 0.01525
0.0291666667 0.0316666667 -0.00675
0.0291666667 0.0316666667 -0.004
0.0291666667 0.0316666667 -0.00125
0.0291666667 0.0316666667 0.0015
0.0291666667 0.0316666667 0.00425
0.035 -0.0333333333 -0.008125
0.035 -0.035 -0.00675
0.035 -0.035 -0.004
0.035 -0.035 -0.00125
0.035 -0.035 0.0015
0.035 -0.035 0.00425
0.035 -0.035 0.007
0.0320833333 -0.0333333333 0.007
0.035 -0.0333333333 0.008375
0.035 -0.03 -0.016375
0.035 -0.0316666667 -0.015
0.035 -0.0316666667 -0.01225
0.035 -0.0316666667 -0.0095
0.035 -0.0316666667 0.00975
0.035 -0.0316666667 0.0125
0.035 -0.0316666667 0.01525
0.035 -0.03 0.016625
0.035 -0.0266666667 -0.019125
0.035 -0.0283333333 -0.01775
0.035 -0.0266666667 0.016625
0.035 -0.0233333333 -0.019125
0.035 -0.025 0.018
0.035 -0.0233333333 0.019375
0.035 -0.02 -0.021875
0.035 -0.0216666667 -0.0205
0.035 -0.02 0.019375
0.035 -0.0166666667 -0.021875
0.035 -0.0183333333 0.02075
0.0320833333 -0.0166666667 0.02075
0.035 -0.0166666667 0.022125
0.035 -0.0133333333 -0.024625
0.035 -0.015 -0.02325
0.035 -0.0133333333 0.022125
0.0320833333 -0.01 -0.026
0.035 -0.01 -0.024625
0.035 -0.01 0.022125
0.035 -0.00666666667 -0.027375
0.035 -0.00833333333 -0.026
0.035 -0.00833333333 0.0235
0.035 -0.00666666667 0.024875
0.035 -0.00333333333 -0.030125
0.035 -0.005 -0.02875
0.035 -0.00333333333 0.024875
0.035 1.38777878e-17 -0.030125
0.035 1.38777878e-17 0.024875
0.035 0.00166666667 -0.02875
0.035 0.00333333333 -0.027375
0.035 0.00333333333 0.024875
0.035 0.005 -0.026
0.0320833333 0.00666666667 -0.026
0.035 0.00666666667 -0.024625
0.035 0.005 0.0235
0.035 0.00666666667 0.022125
0.035 0.01 -0.024625
0.035 0.01 0.022125
0.035 0.0116666667 -0.02325
0.0320833333 0.0133333333 -0.02325
0.035 0.0133333333 -0.021875
0.0320833333 0.0133333333 0.02075
0.035 0.0133333333 0.022125
0.035 0.0166666667 -0.021875
0.035 0.015 0.02075
0.035 0.0166666667 0.019375
0.035 0.0183333333 -0.0205
0.035 0.02 -0.019125
0.035 0.02 0.019375
0.035 0.0233333333 -0.019125
0.035 0.0216666667 0.018
0.035 0.0233333333 0.016625
0.035 0.025 -0.01775
0.035 0.0266666667 -0.016375
0.035 0.0266666667 0.016625
0.035 0.0283333333 -0.015
0.035 0.0283333333 -0.01225
0.035 0.0283333333 -0.0095
0.035 0.03 -0.008125
0.0320833333 0.03 0.007
0.035 0.03 0.008375
0.035 0.0283333333 0.00975
0.035 0.0283333333 0.0125
0.035 0.0283333333 0.01525
0.035 0.0316666667 -0.00675
0.035 0.0316666667 -0.004
0.035 0.0316666667 -0.00125
0.035 0.0316666667 0.0015
0.035 0.0316666667 0.00425
0.035 0.0316666667 0.007
0.0379166667 -0.0333333333 -0.0095
0.0408333333 -0.0333333333 -0.010875
0.0408333333 -0.035 -0.0095
0.0408333333 -0.035 -0.00675
0.0408333333 -0.035 -0.004
0.0408333333 -0.035 -0.00125
0.0408333333 -0.035 0.0015
0.0408333333 -0.035 0.00425
0.0379166667 -0.0333333333 0.007
0.0408333333 -0.0333333333 0.005625
0.0408333333 -0.03 -0.016375
0.0408333333 -0.0316666667 -0.015
0.0408333333 -0.0316666667 -0.01225
0.0408333333 -0.0316666667 0.007
0.0408333333 -0.0316666667 0.00975
0.0408333333 -0.0316666667 0.0125
0.0408333333 -0.0316666667 0.01525
0.0408333333 -0.03 0.016625
0.0379166667 -0.0266666667 -0.01775
0.0408333333 -0.0266666667 -0.016375
0.0408333333 -0.0266666667 0.016625
0.0408333333 -0.0233333333 -0.019125
0.0408333333 -0.025 -0.01775
0.0408333333 -0.025 0.018
0.0408333333 -0.0233333333 0.019375
0.0408333333 -0.02 -0.021875
0.0408333333 -0.0216666667 -0.0205
0.0408333333 -0.02 0.019375
0.0408333333 -0.0166666667 -0.021875
0.0379166667 -0.0166666667 0.02075
0.0408333333 -0.0166666667 0.019375
0.0408333333 -0.0133333333 -0.024625
0.0408333333 -0.015 -0.02325
0.0408333333 -0.015 0.02075
0.0408333333 -0.0133333333 0.022125
0.0408333333 -0.01 -0.024625
0.0408333333 -0.01 0.022125
0.0408333333 -0.00666666667 -0.027375
0.0408333333 -0.00833333333 -0.026
0.0408333333 -0.00833333333 0.0235
0.0408333333 -0.00666666667 0.024875
0.0379166667 -0.00333333333 -0.02875
0.0408333333 -0.00333333333 -0.027375
0.0408333333 -0.00333333333 0.024875
0.0408333333 1.38777878e-17 -0.030125
0.0408333333 -0.00166666667 -0.02875
0.0408333333 1.38777878e-17 0.024875
0.0408333333 0.00166666667 -0.02875
0.0408333333 0.00333333333 -0.027375
0.0379166667 0.00333333333 0.0235
0.0408333333 0.00166666667 0.0235
0.0408333333 0.00333333333 0.022125
0.0408333333 0.005 -0.026
0.0408333333 0.00666666667 -0.024625
0.0408333333 0.00666666667 0.022125
0.0408333333 0.01 -0.024625
0.0408333333 0.01 0.022125
0.0408333333 0.0116666667 -0.02325
0.0408333333 0.0133333333 -0.021875
0.0379166667 0.0133333333 0.02075
0.0408333333 0.0116666667 0.02075
0.0408333333 0.0133333333 0.019375
0.0408333333 0.0166666667 -0.021875
0.0408333333 0.0166666667 0.019375
0.0408333333 0.0183333333 -0.0205
0.0408333333 0.02 -0.019125
0.0408333333 0.02 0.019375
0.0408333333 0.0233333333 -0.019125
0.0408333333 0.0216666667 0.018
0.0408333333 0.0233333333 0.016625
0.0408333333 0.025 -0.01775
0.0408333333 0.0266666667 -0.016375
0.0408333333 0.0266666667 0.016625
0.0408333333 0.0283333333 -0.015
0.0408333333 0.0283333333 -0.01225
0.0379166667 0.03 -0.0095
0.0408333333 0.03 -0.010875
0.0379166667 0.03 0.007
0.0408333333 0.0283333333 0.007
0.0408333333 0.03 0.005625
0.0408333333 0.0283333333 0.00975
0.0408333333 0.0283333333 0.0125
0.0408333333 0.0283333333 0.01525
0.0408333333 0.0316666667 -0.0095
0.0408333333 0.0316666667 -0.00675
0.0408333333 0.0316666667 -0.004
0.0408333333 0.0316666667 -0.00125
0.0408333333 0.0316666667 0.0015
0.0408333333 0.0316666667 0.00425
0.04375 -0.0333333333 -0.0095
0.04375 -0.0333333333 -0.00675
0.0466666667 -0.0333333333 -0.005375
0.0466666667 -0.035 -0.004
0.0466666667 -0.035 -0.00125
0.0466666667 -0.035 0.0015
0.0466666667 -0.035 0.00425
0.0466666667 -0.035 0.007
0.04375 -0.0333333333 0.007
0.0466666667 -0.0333333333 0.008375
0.0466666667 -0.03 -0.016375
0.0466666667 -0.0316666667 -0.015
0.0466666667 -0.0316666667 -0.01225
0.0466666667 -0.0316666667 -0.0095
0.0466666667 -0.0316666667 -0.00675
0.0466666667 -0.0316666667 0.00975
0.0466666667 -0.0316666667 0.0125
0.0466666667 -0.0316666667 0.01525
0.0466666667 -0.03 0.016625
0.0466666667 -0.0266666667 -0.016375
0.0466666667 -0.0266666667 0.016625
0.0466666667 -0.0233333333 -0.019125
0.0466666667 -0.025 -0.01775
0.0466666667 -0.025 0.018
0.0466666667 -0.0233333333 0.019375
0.0466666667 -0.02 -0.021875
0.0466666667 -0.0216666667 -0.0205
0.0466666667 -0.02 0.019375
0.0466666667 -0.0166666667 -0.021875
0.0466666667 -0.0166666667 0.019375
0.0466666667 -0.0133333333 -0.024625
0.0466666667 -0.015 -0.02325
0.0466666667 -0.015 0.02075
0.0466666667 -0.0133333333 0.022125
0.0466666667 -0.01 -0.024625
0.0466666667 -0.01 0.022125
0.0466666667 -0.00666666667 -0.027375
0.0466666667 -0.00833333333 -0.026
0.0466666667 -0.00833333333 0.0235
0.0466666667 -0.00666666667 0.024875
0.0466666667 -0.00333333333 -0.027375
0.0466666667 -0.00333333333 0.024875
0.0466666667 1.38777878e-17 -0.030125
0.0466666667 -0.00166666667 -0.02875
0.0466666667 1.38777878e-17 0.024875
0.0466666667 0.00166666667 -0.02875
0.0466666667 0.00333333333 -0.027375
0.04375 0.00333333333 0.0235
0.0466666667 0.00333333333 0.024875
0.0466666667 0.005 -0.026
0.0466666667 0.00666666667 -0.024625
0.0466666667 0.005 0.0235
0.0466666667 0.00666666667 0.022125
0.0466666667 0.01 -0.024625
0.0466666667 0.01 0.022125
0.0466666667 0.0116666667 -0.02325
0.0466666667 0.0133333333 -0.021875
0.0466666667 0.0116666667 0.02075
0.0466666667 0.0133333333 0.019375
0.0466666667 0.0166666667 -0.021875
0.0466666667 0.0166666667 0.019375
0.0466666667 0.0183333333 -0.0205
0.0466666667 0.02 -0.019125
0.0466666667 0.02 0.019375
0.0466666667 0.0233333333 -0.019125
0.0466666667 0.0216666667 0.018
0.0466666667 0.0233333333 0.016625
0.0466666667 0.025 -0.01775
0.0466666667 0.0266666667 -0.016375
0.0466666667 0.0266666667 0.016625
0.0466666667 0.0283333333 -0.015
0.0466666667 0.0283333333 -0.01225
0.04375 0.03 -0.0095
0.0466666667 0.0283333333 -0.0095
0.0466666667 0.03 -0.008125
0.04375 0.03 0.00425
0.0466666667 0.0283333333 0.00425
0.0466666667 0.03 0.002875
0.0466666667 0.0283333333 0.007
0.0466666667 0.0283333333 0.00975
0.0466666667 0.0283333333 0.0125
0.0466666667 0.0283333333 0.01525
0.0466666667 0.0316666667 -0.00675
0.0466666667 0.0316666667 -0.004
0.0466666667 0.0316666667 -0.00125
0.0466666667 0.0316666667 0.0015
0.0495833333 -0.0333333333 -0.00675
0.0525 -0.0333333333 -0.008125
0.0525 -0.035 -0.00675
0.0525 -0.035 -0.004
0.0525 -0.035 -0.00125
0.0525 -0.035 0.0015
0.0525 -0.035 0.00425
0.0525 -0.035 0.007
0.0525 -0.0333333333 0.008375
0.0525 -0.03 -0.016375
0.0525 -0.0316666667 -0.015
0.0525 -0.0316666667 -0.01225
0.0525 -0.0316666667 -0.0095
0.0525 -0.0316666667 0.00975
0.0525 -0.0316666667 0.0125
0.0525 -0.0316666667 0.01525
0.0525 -0.03 0.016625
0.0495833333 -0.0266666667 -0.01775
0.0525 -0.0266666667 -0.019125
0.0525 -0.0283333333 -0.01775
0.0525 -0.0266666667 0.016625
0.0525 -0.0233333333 -0.019125
0.0525 -0.025 0.018
0.0525 -0.0233333333 0.019375
0.0525 -0.02 -0.021875
0.0525 -0.0216666667 -0.0205
0.0525 -0.02 0.019375
0.0525 -0.0166666667 -0.021875
0.0525 -0.0166666667 0.019375
0.0525 -0.0133333333 -0.024625
0.0525 -0.015 -0.02325
0.0525 -0.015 0.02075
0.0525 -0.0133333333 0.022125
0.0525 -0.01 -0.024625
0.0525 -0.01 0.022125
0.0525 -0.00666666667 -0.027375
0.0525 -0.00833333333 -0.026
0.0525 -0.00833333333 0.0235
0.0525 -0.00666666667 0.024875
0.0495833333 -0.00333333333 -0.02875
0.0525 -0.00333333333 -0.030125
0.0525 -0.005 -0.02875
0.0525 -0.00333333333 0.024875
0.0525 1.38777878e-17 -0.030125
0.0525 1.38777878e-17 0.024875
0.0525 0.00166666667 -0.02875
0.0525 0.00333333333 -0.027375
0.0495833333 0.00333333333 0.0235
0.0525 0.00166666667 0.0235
0.0525 0.00333333333 0.022125
0.0495833333 0.00666666667 -0.026
0.0525 0.00666666667 -0.027375
0.0525 0.00666666667 0.022125
0.0525 0.00833333333 -0.026
0.0525 0.01 -0.024625
0.0525 0.01 0.022125
0.0525 0.0116666667 -0.02325
0.0525 0.0133333333 -0.021875
0.0525 0.0116666667 0.02075
0.0525 0.0133333333 0.019375
0.0525 0.0166666667 -0.021875
0.0525 0.0166666667 0.019375
0.0525 0.0183333333 -0.0205
0.0525 0.02 -0.019125
0.0525 0.02 0.019375
0.0525 0.0233333333 -0.019125
0.0525 0.0216666667 0.018
0.0525 0.0233333333 0.016625
0.0525 0.025 -0.01775
0.0525 0.0266666667 -0.016375
0.0525 0.0266666667 0.016625
0.0525 0.0283333333 -0.015
0.0525 0.0283333333 -0.01225
0.0525 0.0283333333 -0.0095
0.0525 0.03 -0.008125
0.0495833333 0.03 0.00425
0.0525 0.03 0.005625
0.0525 0.0283333333 0.007
0.0525 0.0283333333 0.00975
0.0525 0.0283333333 0.0125
0.0525 0.0283333333 0.01525
0.0525 0.0316666667 -0.00675
0.0525 0.0316666667 -0.004
0.0525 0.0316666667 -0.00125
0.0525 0.0316666667 0.0015
0.0525 0.0316666667 0.00425
0.0583333333 -0.0333333333 -0.008125
0.0583333333 -0.035 -0.00675
0.0583333333 -0.035 -0.004
0.0583333333 -0.035 -0.00125
0.0554166667 -0.0333333333 0.0015
0.0583333333 -0.0333333333 0.000125
0.0554166667 -0.0333333333 0.00425
0.0583333333 -0.0333333333 0.005625
0.0583333333 -0.035 0.007
0.0583333333 -0.0333333333 0.008375
0.0583333333 -0.03 -0.016375
0.0583333333 -0.0316666667 -0.015
0.0583333333 -0.0316666667 -0.01225
0.0583333333 -0.0316666667 -0.0095
0.0583333333 -0.0316666667 0.0015
0.0583333333 -0.0316666667 0.00425
0.0583333333 -0.0316666667 0.00975
0.0583333333 -0.0316666667 0.0125
0.0583333333 -0.0316666667 0.01525
0.0583333333 -0.03 0.016625
0.0583333333 -0.0266666667 -0.019125
0.0583333333 -0.0283333333 -0.01775
0.0583333333 -0.0266666667 0.016625
0.0583333333 -0.0233333333 -0.019125
0.0583333333 -0.025 0.018
0.0583333333 -0.0233333333 0.019375
0.0583333333 -0.02 -0.021875
0.0583333333 -0.0216666667 -0.0205
0.0583333333 -0.02 0.019375
0.0583333333 -0.0166666667 -0.021875
0.0583333333 -0.0166666667 0.019375
0.0583333333 -0.0133333333 -0.024625
0.0583333333 -0.015 -0.02325
0.0583333333 -0.015 0.02075
0.0583333333 -0.0133333333 0.022125
0.0554166667 -0.01 -0.026
0.0583333333 -0.01 -0.027375
0.0583333333 -0.0116666667 -0.026
0.0583333333 -0.01 0.022125
0.0583333333 -0.00666666667 -0.027375
0.0554166667 -0.00666666667 0.0235
0.0583333333 -0.00666666667 0.022125
0.0583333333 -0.00333333333 -0.030125
0.0583333333 -0.005 -0.02875
0.0554166667 -0.00333333333 0.0235
0.0583333333 -0.00333333333 0.022125
0.0583333333 1.38777878e-17 -0.030125
0.0583333333 -0.00166666667 0.0235
0.0583333333 1.38777878e-17 0.024875
0.0583333333 0.00166666667 -0.02875
0.0583333333 0.00333333333 -0.027375
0.0583333333 0.00166666667 0.0235
0.0583333333 0.00333333333 0.022125
0.0583333333 0.00666666667 -0.027375
0.0583333333 0.00666666667 0.022125
0.0583333333 0.00833333333 -0.026
0.0583333333 0.01 -0.024625
0.0583333333 0.01 0.022125
0.0583333333 0.0116666667 -0.02325
0.0583333333 0.0133333333 -0.021875
0.0554166667 0.0133333333 0.02075
0.0583333333 0.0133333333 0.022125
0.0583333333 0.0166666667 -0.021875
0.0583333333 0.015 0.02075
0.0583333333 0.0166666667 0.019375
0.0583333333 0.0183333333 -0.0205
0.0583333333 0.02 -0.019125
0.0583333333 0.02 0.019375
0.0583333333 0.0233333333 -0.019125
0.0583333333 0.0216666667 0.018
0.0583333333 0.0233333333 0.016625
0.0583333333 0.025 -0.01775
0.0583333333 0.0266666667 -0.016375
0.0583333333 0.0266666667 0.016625
0.0583333333 0.0283333333 -0.015
0.0583333333 0.0283333333 -0.01225
0.0583333333 0.0283333333 -0.0095
0.0583333333 0.03 -0.008125
0.0554166667 0.03 0.00425
0.0583333333 0.0283333333 0.00425
0.0583333333 0.03 0.002875
0.0583333333 0.0283333333 0.007
0.0583333333 0.0283333333 0.00975
0.0583333333 0.0283333333 0.0125
0.0583333333 0.0283333333 0.01525
0.0583333333 0.0316666667 -0.00675
0.0583333333 0.0316666667 -0.004
0.0583333333 0.0316666667 -0.00125
0.0583333333 0.0316666667 0.0015
0.06125 -0.0333333333 -0.00675
0.06125 -0.0333333333 -0.004
0.06125 -0.0333333333 -0.00125
0.06125 -0.0333333333 0.00425
0.0641666667 -0.0333333333 0.002875
0.0641666667 -0.035 0.00425
0.0641666667 -0.0333333333 0.005625
0.06125 -0.0333333333 0.007
0.0641666667 -0.03 -0.016375
0.0641666667 -0.0316666667 -0.015
0.0641666667 -0.0316666667 -0.01225
0.0641666667 -0.0316666667 -0.0095
0.0641666667 -0.0316666667 -0.00675
0.0641666667 -0.0316666667 -0.004
0.0641666667 -0.0316666667 -0.00125
0.0641666667 -0.0316666667 0.0015
0.0641666667 -0.0316666667 0.007
0.0641666667 -0.0316666667 0.00975
0.0641666667 -0.0316666667 0.0125
0.0641666667 -0.0316666667 0.01525
0.0641666667 -0.03 0.016625
0.0641666667 -0.0266666667 -0.019125
0.0641666667 -0.0283333333 -0.01775
0.0641666667 -0.0266666667 0.016625
0.0641666667 -0.0233333333 -0.019125
0.0641666667 -0.025 0.018
0.0641666667 -0.0233333333 0.019375
0.0641666667 -0.02 -0.021875
0.0641666667 -0.0216666667 -0.0205
0.0641666667 -0.02 0.019375
0.0641666667 -0.0166666667 -0.021875
0.0641666667 -0.0166666667 0.019375
0.0641666667 -0.0133333333 -0.024625
0.0641666667 -0.015 -0.02325
0.0641666667 -0.015 0.02075
0.0641666667 -0.0133333333 0.022125
0.06125 -0.01 -0.026
0.0641666667 -0.01 -0.024625
0.0641666667 -0.01 0.022125
0.0641666667 -0.00666666667 -0.027375
0.0641666667 -0.00833333333 -0.026
0.0641666667 -0.00666666667 0.022125
0.0641666667 -0.00333333333 -0.030125
0.0641666667 -0.005 -0.02875
0.0641666667 -0.00333333333 0.022125
0.0641666667 -0.00166666667 -0.02875
0.06125 1.38777878e-17 -0.02875
0.0641666667 1.38777878e-17 -0.027375
0.06125 1.38777878e-17 0.0235
0.0641666667 1.38777878e-17 0.022125
0.0641666667 0.00333333333 -0.027375
0.0641666667 0.00333333333 0.022125
0.0641666667 0.005 -0.026
0.06125 0.00666666667 -0.026
0.0641666667 0.00666666667 -0.024625
0.0641666667 0.00666666667 0.022125
0.0641666667 0.01 -0.024625
0.0641666667 0.01 0.022125
0.0641666667 0.0116666667 -0.02325
0.0641666667 0.0133333333 -0.021875
0.0641666667 0.0133333333 0.022125
0.0641666667 0.0166666667 -0.021875
0.0641666667 0.015 0.02075
0.0641666667 0.0166666667 0.019375
0.0641666667 0.0183333333 -0.0205
0.0641666667 0.02 -0.019125
0.0641666667 0.02 0.019375
0.0641666667 0.0233333333 -0.019125
0.0641666667 0.0216666667 0.018
0.0641666667 0.0233333333 0.016625
0.0641666667 0.025 -0.01775
0.0641666667 0.0266666667 -0.016375
0.0641666667 0.0266666667 0.016625
0.0641666667 0.0283333333 -0.015
0.0641666667 0.0283333333 -0.01225
0.0641666667 0.0283333333 -0.0095
0.0641666667 0.03 -0.008125
0.06125 0.03 -0.004
0.0641666667 0.0283333333 -0.004
0.0641666667 0.03 -0.005375
0.06125 0.03 -0.00125
0.0641666667 0.0283333333 -0.00125
0.0641666667 0.03 0.000125
0.0641666667 0.0283333333 0.00425
0.0641666667 0.03 0.002875
0.0641666667 0.0283333333 0.007
0.0641666667 0.0283333333 0.00975
0.0641666667 0.0283333333 0.0125
0.0641666667 0.0283333333 0.01525
0.0641666667 0.0316666667 -0.00675
0.0641666667 0.0316666667 0.0015
0.07 -0.0333333333 0.002875
0.07 -0.035 0.00425
0.07 -0.035 0.007
0.0670833333 -0.0333333333 0.007
0.07 -0.0333333333 0.008375
0.07 -0.03 -0.016375
0.07 -0.0316666667 -0.015
0.07 -0.0316666667 -0.01225
0.07 -0.0316666667 -0.0095
0.07 -0.0316666667 -0.00675
0.07 -0.0316666667 -0.004
0.07 -0.0316666667 -0.00125
0.07 -0.0316666667 0.0015
0.07 -0.0316666667 0.00975
0.07 -0.0316666667 0.0125
0.07 -0.0316666667 0.01525
0.07 -0.03 0.016625
0.07 -0.0266666667 -0.019125
0.07 -0.0283333333 -0.01775
0.07 -0.0266666667 0.016625
0.07 -0.0233333333 -0.019125
0.07 -0.025 0.018
0.07 -0.0233333333 0.019375
0.07 -0.02 -0.021875
0.07 -0.0216666667 -0.0205
0.07 -0.02 0.019375
0.07 -0.0166666667 -0.021875
0.07 -0.0166666667 0.019375
0.07 -0.0133333333 -0.024625
0.07 -0.015 -0.02325
0.07 -0.015 0.02075
0.07 -0.0133333333 0.022125
0.07 -0.01 -0.024625
0.0670833333 -0.01 0.02075
0.07 -0.0116666667 0.02075
0.07 -0.01 0.019375
0.07 -0.00666666667 -0.027375
0.07 -0.00833333333 -0.026
0.0670833333 -0.00666666667 0.02075
0.07 -0.00666666667 0.019375
0.0670833333 -0.00333333333 -0.02875
0.07 -0.00333333333 -0.027375
0.0670833333 -0.00333333333 0.02075
0.07 -0.00333333333 0.019375
0.07 1.38777878e-17 -0.027375
0.0670833333 1.38777878e-17 0.02075
0.07 1.38777878e-17 0.019375
0.07 0.00333333333 -0.027375
0.0670833333 0.00333333333 0.02075
0.07 0.00333333333 0.019375
0.07 0.005 -0.026
0.07 0.00666666667 -0.024625
0.0670833333 0.00666666667 0.02075
0.07 0.00666666667 0.019375
0.07 0.01 -0.024625
0.0670833333 0.01 0.02075
0.07 0.01 0.019375
0.07 0.0116666667 -0.02325
0.07 0.0133333333 -0.021875
0.0670833333 0.0133333333 0.02075
0.07 0.0133333333 0.019375
0.07 0.0166666667 -0.021875
0.07 0.0166666667 0.019375
0.07 0.0183333333 -0.0205
0.07 0.02 -0.019125
0.07 0.02 0.019375
0.07 0.0216666667 -0.01775
0.0670833333 0.0233333333 -0.01775
0.07 0.0233333333 -0.016375
0.07 0.0216666667 0.018
0.07 0.0233333333 0.016625
0.07 0.0266666667 -0.016375
0.07 0.0266666667 0.016625
0.07 0.0283333333 -0.015
0.07 0.0283333333 -0.01225
0.07 0.0283333333 -0.0095
0.0670833333 0.03 -0.00675
0.07 0.0283333333 -0.00675
0.07 0.0283333333 -0.004
0.07 0.0283333333 -0.00125
0.0670833333 0.03 0.0015
0.07 0.0283333333 0.0015
0.07 0.0283333333 0.00425
0.07 0.0283333333 0.007
0.07 0.0283333333 0.00975
0.07 0.0283333333 0.0125
0.07 0.0283333333 0.01525
0.0729166667 -0.0333333333 0.00425
0.0729166667 -0.0333333333 0.007
0.0758333333 -0.03 -0.016375
0.0758333333 -0.0316666667 -0.015
0.0758333333 -0.0316666667 -0.01225
0.0758333333 -0.0316666667 -0.0095
0.0758333333 -0.0316666667 -0.00675
0.0758333333 -0.0316666667 -0.004
0.0758333333 -0.0316666667 -0.00125
0.0758333333 -0.0316666667 0.0015
0.0758333333 -0.0316666667 0.00425
0.0758333333 -0.0316666667 0.007
0.0758333333 -0.0316666667 0.00975
0.0758333333 -0.0316666667 0.0125
0.0758333333 -0.0316666667 0.01525
0.0758333333 -0.03 0.016625
0.0758333333 -0.0266666667 -0.019125
0.0758333333 -0.0283333333 -0.01775
0.0758333333 -0.0266666667 0.016625
0.0758333333 -0.0233333333 -0.019125
0.0758333333 -0.025 0.018
0.0758333333 -0.0233333333 0.019375
0.0758333333 -0.02 -0.021875
0.0758333333 -0.0216666667 -0.0205
0.0758333333 -0.02 0.019375
0.0758333333 -0.0166666667 -0.021875
0.0758333333 -0.0166666667 0.019375
0.0729166667 -0.0133333333 -0.02325
0.0758333333 -0.0133333333 -0.021875
0.0729166667 -0.0133333333 0.02075
0.0758333333 -0.0133333333 0.019375
0.0729166667 -0.01 -0.02325
0.0758333333 -0.01 -0.021875
0.0758333333 -0.01 0.019375
0.0729166667 -0.00666666667 -0.026
0.0729166667 -0.00666666667 -0.02325
0.0758333333 -0.00666666667 -0.021875
0.0758333333 -0.00666666667 0.019375
0.0729166667 -0.00333333333 -0.026
0.0729166667 -0.00333333333 -0.02325
0.0758333333 -0.00333333333 -0.021875
0.0758333333 -0.00333333333 0.019375
0.0729166667 1.38777878e-17 -0.026
0.0729166667 1.38777878e-17 -0.02325
0.0758333333 1.38777878e-17 -0.021875
0.0758333333 1.38777878e-17 0.019375
0.0729166667 0.00333333333 -0.026
0.0729166667 0.00333333333 -0.02325
0.0758333333 0.00333333333 -0.021875
0.0758333333 0.00333333333 0.019375
0.0729166667 0.00666666667 -0.02325
0.0758333333 0.00666666667 -0.021875
0.0758333333 0.00666666667 0.019375
0.0729166667 0.01 -0.02325
0.0758333333 0.01 -0.021875
0.0758333333 0.01 0.019375
0.0758333333 0.0133333333 -0.021875
0.0758333333 0.0133333333 0.019375
0.0758333333 0.0166666667 -0.021875
0.0758333333 0.0166666667 0.019375
0.0758333333 0.0183333333 -0.0205
0.0758333333 0.02 -0.019125
0.0758333333 0.02 0.019375
0.0729166667 0.0233333333 -0.01775
0.0758333333 0.0233333333 -0.019125
0.0758333333 0.0216666667 0.018
0.0758333333 0.0233333333 0.016625
0.0758333333 0.025 -0.01775
0.0758333333 0.0266666667 -0.016375
0.0758333333 0.0266666667 0.016625
0.0758333333 0.0283333333 -0.015
0.0758333333 0.0283333333 -0.01225
0.0758333333 0.0283333333 -0.0095
0.0758333333 0.0283333333 -0.00675
0.0758333333 0.0283333333 -0.004
0.0758333333 0.0283333333 -0.00125
0.0758333333 0.0283333333 0.0015
0.0758333333 0.0283333333 0.00425
0.0758333333 0.0283333333 0.007
0.0758333333 0.0283333333 0.00975
0.0758333333 0.0283333333 0.0125
0.0758333333 0.0283333333 0.01525
0.0816666667 -0.03 -0.016375
0.0816666667 -0.0316666667 -0.015
0.0816666667 -0.0316666667 -0.01225
0.0816666667 -0.0316666667 -0.0095
0.0816666667 -0.0316666667 -0.00675
0.0816666667 -0.0316666667 -0.004
0.0816666667 -0.0316666667 -0.00125
0.0816666667 -0.0316666667 0.0015
0.0816666667 -0.0316666667 0.00425
0.0816666667 -0.0316666667 0.007
0.0816666667 -0.0316666667 0.00975
0.0816666667 -0.0316666667 0.0125
0.0816666667 -0.0316666667 0.01525
0.0816666667 -0.03 0.016625
0.07875 -0.0266666667 -0.01775
0.0816666667 -0.0266666667 -0.016375
0.0816666667 -0.0266666667 0.016625
0.0816666667 -0.0233333333 -0.019125
0.0816666667 -0.025 -0.01775
0.07875 -0.0233333333 0.018
0.0816666667 -0.0233333333 0.016625
0.07875 -0.02 -0.0205
0.0816666667 -0.02 -0.019125
0.07875 -0.02 0.018
0.0816666667 -0.02 0.016625
0.07875 -0.0166666667 -0.0205
0.0816666667 -0.0166666667 -0.019125
0.07875 -0.0166666667 0.018
0.0816666667 -0.0166666667 0.016625
0.07875 -0.0133333333 -0.0205
0.0816666667 -0.0133333333 -0.019125
0.07875 -0.0133333333 0.018
0.0816666667 -0.0133333333 0.016625
0.07875 -0.01 -0.0205
0.0816666667 -0.01 -0.019125
0.07875 -0.01 0.018
0.0816666667 -0.01 0.016625
0.07875 -0.00666666667 -0.0205
0.0816666667 -0.00666666667 -0.019125
0.07875 -0.00666666667 0.018
0.0816666667 -0.00666666667 0.016625
0.07875 -0.00333333333 -0.0205
0.0816666667 -0.00333333333 -0.019125
0.07875 -0.00333333333 0.018
0.0816666667 -0.00333333333 0.016625
0.07875 1.38777878e-17 -0.0205
0.0816666667 1.38777878e-17 -0.019125
0.07875 1.38777878e-17 0.018
0.0816666667 1.38777878e-17 0.016625
0.07875 0.00333333333 -0.0205
0.0816666667 0.00333333333 -0.019125
0.07875 0.00333333333 0.018
0.0816666667 0.00333333333 0.016625
0.07875 0.00666666667 -0.0205
0.0816666667 0.00666666667 -0.019125
0.07875 0.00666666667 0.018
0.0816666667 0.00666666667 0.016625
0.07875 0.01 -0.0205
0.0816666667 0.01 -0.019125
0.07875 0.01 0.018
0.0816666667 0.01 0.016625
0.07875 0.0133333333 -0.0205
0.0816666667 0.0133333333 -0.019125
0.07875 0.0133333333 0.018
0.0816666667 0.0133333333 0.016625
0.07875 0.0166666667 -0.0205
0.0816666667 0.0166666667 -0.019125
0.07875 0.0166666667 0.018
0.0816666667 0.0166666667 0.016625
0.0816666667 0.02 -0.019125
0.07875 0.02 0.018
0.0816666667 0.02 0.016625
0.0816666667 0.0233333333 -0.019125
0.0816666667 0.0233333333 0.016625
0.0816666667 0.025 -0.01775
0.0816666667 0.0266666667 -0.016375
0.0816666667 0.0266666667 0.016625
0.0816666667 0.0283333333 -0.015
0.0816666667 0.0283333333 -0.01225
0.0816666667 0.0283333333 -0.0095
0.0816666667 0.0283333333 -0.00675
0.0816666667 0.0283333333 -0.004
0.0816666667 0.0283333333 -0.00125
0.0816666667 0.0283333333 0.0015
0.0816666667 0.0283333333 0.00425
0.0816666667 0.0283333333 0.007
0.0816666667 0.0283333333 0.00975
0.0816666667 0.0283333333 0.0125
0.0816666667 0.0283333333 0.01525
0.0845833333 -0.03 -0.015
0.0845833333 -0.03 -0.01225
0.0845833333 -0.03 -0.0095
0.0845833333 -0.03 -0.00675
0.0845833333 -0.03 -0.004
0.0845833333 -0.03 -0.00125
0.0845833333 -0.03 0.0015
0.0845833333 -0.03 0.00425
0.0845833333 -0.03 0.007
0.0845833333 -0.03 0.00975
0.0845833333 -0.03 0.0125
0.0845833333 -0.03 0.01525
0.0845833333 -0.0266666667 -0.015
0.0845833333 -0.0266666667 -0.01225
0.0875 -0.0266666667 -0.010875
0.0875 -0.0283333333 -0.0095
0.0875 -0.0266666667 -0.008125
0.0845833333 -0.0266666667 -0.00675
0.0845833333 -0.0266666667 -0.004
0.0845833333 -0.0266666667 -0.00125
0.0875 -0.0266666667 0.000125
0.0875 -0.0283333333 0.0015
0.0875 -0.0266666667 0.002875
0.0845833333 -0.0266666667 0.00425
0.0845833333 -0.0266666667 0.007
0.0845833333 -0.0266666667 0.00975
0.0845833333 -0.0266666667 0.0125
0.0845833333 -0.0266666667 0.01525
0.0845833333 -0.0233333333 -0.01775
0.0845833333 -0.0233333333 -0.015
0.0875 -0.0233333333 -0.013625
0.0875 -0.025 -0.01225
0.0845833333 -0.0233333333 -0.00675
0.0875 -0.0233333333 -0.008125
0.0845833333 -0.0233333333 -0.004
0.0845833333 -0.0233333333 -0.00125
0.0875 -0.0233333333 0.000125
0.0875 -0.025 0.00425
0.0875 -0.0233333333 0.005625
0.0845833333 -0.0233333333 0.007
0.0845833333 -0.0233333333 0.00975
0.0845833333 -0.0233333333 0.0125
0.0875 -0.0233333333 0.013875
0.0875 -0.025 0.01525
0.0875 -0.0233333333 0.016625
0.0845833333 -0.02 -0.01775
0.0845833333 -0.02 -0.015
0.0875 -0.02 -0.013625
0.0875 -0.0216666667 -0.00675
0.0875 -0.02 -0.005375
0.0845833333 -0.02 -0.004
0.0875 -0.02 -0.002625
0.0875 -0.0216666667 -0.00125
0.0845833333 -0.02 0.007
0.0875 -0.02 0.005625
0.0845833333 -0.02 0.00975
0.0845833333 -0.02 0.0125
0.0875 -0.0216666667 0.01525
0.0845833333 -0.02 0.01525
0.0845833333 -0.0166666667 -0.01775
0.0845833333 -0.0166666667 -0.015
0.0875 -0.0166666667 -0.013625
0.0875 -0.0183333333 -0.004
0.0845833333 -0.0166666667 0.007
0.0875 -0.0166666667 0.005625
0.0845833333 -0.0166666667 0.00975
0.0845833333 -0.0166666667 0.0125
0.0845833333 -0.0166666667 0.01525
0.0845833333 -0.0133333333 -0.01775
0.0845833333 -0.0133333333 -0.015
0.0875 -0.0133333333 -0.013625
0.0845833333 -0.0133333333 0.007
0.0875 -0.0133333333 0.005625
0.0845833333 -0.0133333333 0.00975
0.0845833333 -0.0133333333 0.0125
0.0845833333 -0.0133333333 0.01525
0.0845833333 -0.01 -0.01775
0.0845833333 -0.01 -0.015
0.0875 -0.01 -0.013625
0.0845833333 -0.01 0.007
0.0875 -0.01 0.005625
0.0845833333 -0.01 0.00975
0.0845833333 -0.01 0.0125
0.0845833333 -0.01 0.01525
0.0845833333 -0.00666666667 -0.01775
0.0845833333 -0.00666666667 -0.015
0.0875 -0.00666666667 -0.013625
0.0845833333 -0.00666666667 0.007
0.0875 -0.00666666667 0.005625
0.0845833333 -0.00666666667 0.00975
0.0845833333 -0.00666666667 0.0125
0.0845833333 -0.00666666667 0.01525
0.0845833333 -0.00333333333 -0.01775
0.0845833333 -0.00333333333 -0.015
0.0875 -0.00333333333 -0.013625
0.0845833333 -0.00333333333 0.007
0.0875 -0.00333333333 0.005625
0.0845833333 -0.00333333333 0.00975
0.0845833333 -0.00333333333 0.0125
0.0845833333 -0.00333333333 0.01525
0.0845833333 1.38777878e-17 -0.01775
0.0845833333 1.38777878e-17 -0.015
0.0875 1.38777878e-17 -0.013625
0.0845833333 1.38777878e-17 0.007
0.0875 1.38777878e-17 0.005625
0.0845833333 1.38777878e-17 0.00975
0.0845833333 1.38777878e-17 0.0125
0.0845833333 1.38777878e-17 0.01525
0.0845833333 0.00333333333 -0.01775
0.0845833333 0.00333333333 -0.015
0.0875 0.00333333333 -0.013625
0.0845833333 0.00333333333 -0.004
0.0875 0.00166666667 -0.004
0.0875 0.00333333333 -0.005375
0.0875 0.00333333333 -0.002625
0.0875 0.00166666667 0.007
0.0875 0.00333333333 0.008375
0.0845833333 0.00333333333 0.00975
0.0845833333 0.00333333333 0.0125
0.0845833333 0.00333333333 0.01525
0.0845833333 0.00666666667 -0.01775
0.0845833333 0.00666666667 -0.015
0.0875 0.00666666667 -0.013625
0.0845833333 0.00666666667 -0.004
0.0875 0.00666666667 -0.005375
0.0875 0.005 -0.00125
0.0845833333 0.00666666667 -0.00125
0.0875 0.00666666667 0.000125
0.0845833333 0.00666666667 0.00975
0.0875 0.00666666667 0.008375
0.0845833333 0.00666666667 0.0125
0.0845833333 0.00666666667 0.01525
0.0845833333 0.01 -0.01775
0.0845833333 0.01 -0.015
0.0875 0.01 -0.013625
0.0845833333 0.01 -0.004
0.0875 0.01 -0.005375
0.0845833333 0.01 -0.00125
0.0875 0.01 0.000125
0.0845833333 0.01 0.00975
0.0875 0.01 0.008375
0.0845833333 0.01 0.0125
0.0845833333 0.01 0.01525
0.0845833333 0.0133333333 -0.01775
0.0845833333 0.0133333333 -0.015
0.0875 0.0116666667 -0.01225
0.0845833333 0.0133333333 -0.01225
0.0875 0.0133333333 -0.010875
0.0845833333 0.0133333333 -0.004
0.0875 0.0133333333 -0.005375
0.0845833333 0.0133333333 -0.00125
0.0875 0.0116666667 0.0015
0.0845833333 0.0133333333 0.0015
0.0875 0.0133333333 0.002875
0.0845833333 0.0133333333 0.00975
0.0875 0.0133333333 0.008375
0.0845833333 0.0133333333 0.0125
0.0845833333 0.0133333333 0.01525
0.0845833333 0.0166666667 -0.01775
0.0845833333 0.0166666667 -0.015
0.0845833333 0.0166666667 -0.01225
0.0875 0.015 -0.0095
0.0845833333 0.0166666667 -0.0095
0.0875 0.0166666667 -0.008125
0.0875 0.015 -0.004
0.0875 0.0166666667 -0.002625
0.0845833333 0.0166666667 -0.00125
0.0845833333 0.0166666667 0.0015
0.0875 0.0166666667 0.002875
0.0845833333 0.0166666667 0.00975
0.0875 0.0166666667 0.008375
0.0845833333 0.0166666667 0.0125
0.0845833333 0.0166666667 0.01525
0.0845833333 0.02 -0.01775
0.0845833333 0.02 -0.015
0.0845833333 0.02 -0.01225
0.0845833333 0.02 -0.0095
0.0875 0.02 -0.008125
0.0845833333 0.02 -0.00125
0.0875 0.02 -0.002625
0.0845833333 0.02 0.0015
0.0875 0.0183333333 0.00425
0.0845833333 0.02 0.00425
0.0875 0.02 0.005625
0.0845833333 0.02 0.00975
0.0875 0.02 0.008375
0.0845833333 0.02 0.0125
0.0845833333 0.02 0.01525
0.0845833333 0.0233333333 -0.01775
0.0845833333 0.0233333333 -0.015
0.0845833333 0.0233333333 -0.01225
0.0845833333 0.0233333333 -0.0095
0.0875 0.0216666667 -0.00675
0.0845833333 0.0233333333 -0.00675
0.0845833333 0.0233333333 -0.004
0.0875 0.0216666667 -0.004
0.0845833333 0.0233333333 -0.00125
0.0845833333 0.0233333333 0.0015
0.0845833333 0.0233333333 0.00425
0.0875 0.0233333333 0.005625
0.0845833333 0.0233333333 0.00975
0.0875 0.0233333333 0.008375
0.0845833333 0.0233333333 0.0125
0.0845833333 0.0233333333 0.01525
0.0845833333 0.0266666667 -0.015
0.0845833333 0.0266666667 -0.01225
0.0845833333 0.0266666667 -0.0095
0.0845833333 0.0266666667 -0.00675
0.0845833333 0.0266666667 -0.004
0.0845833333 0.0266666667 -0.00125
0.0845833333 0.0266666667 0.0015
0.0845833333 0.0266666667 0.00425
0.0875 0.025 0.007
0.0845833333 0.0266666667 0.007
0.0845833333 0.0266666667 0.00975
0.0845833333 0.0266666667 0.0125
0.0845833333 0.0266666667 0.01525
0.0904166667 -0.0266666667 -0.0095
0.0904166667 -0.0266666667 0.0015
0.0904166667 -0.0233333333 -0.01225
0.0904166667 -0.0233333333 -0.0095
0.0904166667 -0.0233333333 0.0015
0.0904166667 -0.0233333333 0.00425
0.0904166667 -0.0233333333 0.01525
0.0904166667 -0.02 -0.01225
0.0904166667 -0.02 -0.0095
0.0904166667 -0.02 -0.00675
0.0904166667 -0.02 -0.00125
0.0904166667 -0.02 0.0015
0.0904166667 -0.02 0.00425
0.0904166667 -0.0166666667 -0.01225
0.0904166667 -0.0166666667 -0.0095
0.0904166667 -0.0166666667 -0.00675
0.0904166667 -0.0166666667 -0.004
0.0904166667 -0.0166666667 -0.00125
0.0904166667 -0.0166666667 0.0015
0.0904166667 -0.0166666667 0.00425
0.0904166667 -0.0133333333 -0.01225
0.0904166667 -0.0133333333 -0.0095
0.0904166667 -0.0133333333 -0.00675
0.0904166667 -0.0133333333 -0.004
0.0904166667 -0.0133333333 -0.00125
0.0904166667 -0.0133333333 0.0015
0.0904166667 -0.0133333333 0.00425
0.0904166667 -0.01 -0.01225
0.0904166667 -0.01 -0.0095
0.0904166667 -0.01 -0.00675
0.0904166667 -0.01 -0.004
0.0904166667 -0.01 -0.00125
0.0904166667 -0.01 0.0015
0.0904166667 -0.01 0.00425
0.0904166667 -0.00666666667 -0.01225
0.0904166667 -0.00666666667 -0.0095
0.0904166667 -0.00666666667 -0.00675
0.0904166667 -0.00666666667 -0.004
0.0904166667 -0.00666666667 -0.00125
0.0904166667 -0.00666666667 0.0015
0.0904166667 -0.00666666667 0.00425
0.0904166667 -0.00333333333 -0.01225
0.0904166667 -0.00333333333 -0.0095
0.0904166667 -0.00333333333 -0.00675
0.0904166667 -0.00333333333 -0.004
0.0904166667 -0.00333333333 -0.00125
0.0904166667 -0.00333333333 0.0015
0.0904166667 -0.00333333333 0.00425
0.0904166667 1.38777878e-17 -0.01225
0.0904166667 1.38777878e-17 -0.0095
0.0904166667 1.38777878e-17 -0.00675
0.0904166667 1.38777878e-17 -0.004
0.0904166667 1.38777878e-17 -0.00125
0.0904166667 1.38777878e-17 0.0015
0.0904166667 1.38777878e-17 0.00425
0.0904166667 0.00333333333 -0.01225
0.0904166667 0.00333333333 -0.0095
0.0904166667 0.00333333333 -0.00675
0.0904166667 0.00333333333 -0.00125
0.0904166667 0.00333333333 0.0015
0.0904166667 0.00333333333 0.00425
0.0904166667 0.00333333333 0.007
0.0904166667 0.00666666667 -0.01225
0.0904166667 0.00666666667 -0.0095
0.0904166667 0.00666666667 -0.00675
0.0904166667 0.00666666667 0.0015
0.0904166667 0.00666666667 0.00425
0.0904166667 0.00666666667 0.007
0.0904166667 0.01 -0.01225
0.0904166667 0.01 -0.0095
0.0904166667 0.01 -0.00675
0.0904166667 0.01 0.0015
0.0904166667 0.01 0.00425
0.0904166667 0.01 0.007
0.0904166667 0.0133333333 -0.0095
0.0904166667 0.0133333333 -0.00675
0.0904166667 0.0133333333 0.00425
0.0904166667 0.0133333333 0.007
0.0904166667 0.0166666667 -0.00675
0.0904166667 0.0166666667 -0.004
0.0904166667 0.0166666667 0.00425
0.0904166667 0.0166666667 0.007
0.0904166667 0.02 -0.00675
0.0904166667 0.02 -0.004
0.0904166667 0.02 0.007
0.0904166667 0.0233333333 0.007
3 2 1 0
3 0 3 2
3 6 5 4
3 4 7 6
3 10 9 8
3 10 8 1
3 8 0 1
3 8 11 0
3 3 0 12
3 12 0 11
3 4 5 13
3 13 5 14
3 7 4 15
3 15 4 13
3 18 17 16
3 18 16 9
3 16 8 9
3 16 19 8
3 8 20 11
3 8 19 20
3 12 11 21
3 21 11 20
3 13 14 22
3 22 14 23
3 15 13 24
3 13 25 24
3 13 22 25
3 25 26 24
3 16 17 27
3 27 17 28
3 16 29 19
3 16 27 29
3 19 30 20
3 19 29 30
3 21 20 31
3 31 20 30
3 22 23 32
3 32 23 33
3 22 34 25
3 22 32 34
3 26 25 35
3 25 36 35
3 25 34 36
3 35 36 28
3 36 27 28
3 36 37 27
3 27 38 29
3 27 37 38
3 29 39 30
3 29 38 39
3 31 30 40
3 30 41 40
3 30 39 41
3 41 42 40
3 32 33 43
3 43 33 44
3 32 45 34
3 32 43 45
3 34 46 36
3 34 45 46
3 36 47 37
3 36 46 47
3 37 48 38
3 37 47 48
3 38 49 39
3 38 48 49
3 39 50 41
3 39 49 50
3 42 41 51
3 51 41 50
3 43 44 52
3 52 44 53
3 43 54 45
3 43 52 54
3 45 55 46
3 45 54 55
3 46 56 47
3 46 55 56
3 47 57 48
3 47 56 57
3 48 58 49
3 48 57 58
3 49 59 50
3 49 58 59
3 51 50 60
3 60 50 59
3 52 53 61
3 61 53 62
3 52 63 54
3 52 61 63
3 54 64 55
3 54 63 64
3 55 65 56
3 55 64 65
3 56 66 57
3 56 65 66
3 57 67 58
3 57 66 67
3 58 68 59
3 58 67 68
3 60 59 69
3 69 59 68
3 61 62 70
3 70 62 71
3 61 72 63
3 61 70 72
3 74 64 73
3 64 72 73
3 64 63 72
3 76 75 74
3 75 64 74
3 75 65 64
3 65 77 66
3 65 75 77
3 66 78 67
3 66 77 78
3 67 79 68
3 67 78 79
3 69 68 80
3 80 68 79
3 70 71 81
3 81 71 82
3 70 83 72
3 70 81 83
3 73 72 84
3 84 72 83
3 75 76 85
3 85 76 86
3 75 87 77
3 75 85 87
3 77 88 78
3 77 87 88
3 78 89 79
3 78 88 89
3 80 79 90
3 90 79 89
3 81 82 91
3 91 82 92
3 81 93 83
3 81 91 93
3 84 83 94
3 94 83 93
3 86 95 85
3 97 96 95
3 96 85 95
3 96 87 85
3 87 98 88
3 87 96 98
3 88 99 89
3 88 98 99
3 90 89 100
3 100 89 99
3 91 92 101
3 101 92 102
3 91 103 93
3 91 101 103
3 94 93 104
3 104 93 103
3 97 105 96
3 107 106 105
3 106 96 105
3 106 98 96
3 98 108 99
3 98 106 108
3 100 99 109
3 109 99 108
3 101 102 110
3 110 102 111
3 101 112 103
3 101 110 112
3 104 103 113
3 113 103 112
3 106 107 114
3 114 107 115
3 106 116 108
3 106 114 116
3 109 108 117
3 117 108 116
3 110 111 118
3 118 111 119
3 110 120 112
3 110 118 120
3 113 112 121
3 121 112 120
3 115 122 114
3 124 123 122
3 123 114 122
3 123 116 114
3 117 116 125
3 116 126 125
3 116 123 126
3 126 127 125
3 119 128 118
3 130 129 128
3 129 118 128
3 129 120 118
3 121 120 131
3 120 132 131
3 120 129 132
3 132 133 131
3 123 124 134
3 134 124 135
3 123 136 126
3 123 134 136
3 127 126 137
3 137 126 136
3 129 130 138
3 138 130 139
3 129 140 132
3 129 138 140
3 133 132 141
3 141 132 140
3 135 142 134
3 144 143 142
3 143 134 142
3 143 136 134
3 137 136 145
3 145 136 143
3 139 146 138
3 138 146 140
3 140 146 147
3 140 147 141
3 144 148 143
3 143 148 145
3 151 150 149
3 153 152 149
3 149 152 151
3 155 154 153
3 153 154 152
3 157 156 155
3 155 156 154
3 159 158 157
3 157 158 156
3 161 160 159
3 159 160 158
3 163 162 161
3 161 162 160
3 165 164 163
3 163 164 162
3 167 166 165
3 165 166 164
3 169 168 167
3 167 168 166
3 171 170 169
3 169 170 168
3 173 172 171
3 171 172 170
3 173 174 172
3 149 150 175
3 175 150 176
3 149 177 153
3 149 175 177
3 153 178 155
3 153 177 178
3 155 179 157
3 155 178 179
3 157 180 159
3 157 179 180
3 159 181 161
3 159 180 181
3 181 1 2
3 163 181 2
3 161 181 163
3 163 2 3
3 182 163 3
3 165 163 182
3 165 183 167
3 165 182 183
3 167 184 169
3 167 183 184
3 169 185 171
3 169 184 185
3 171 186 173
3 171 185 186
3 174 173 187
3 187 173 186
3 190 189 188
3 190 188 176
3 188 175 176
3 188 191 175
3 191 5 6
3 177 191 6
3 175 191 177
3 177 6 7
3 192 177 7
3 178 177 192
3 178 193 179
3 178 192 193
3 179 194 180
3 179 193 194
3 194 9 10
3 181 194 10
3 180 194 181
3 181 10 1
3 12 195 182
3 12 182 3
3 182 196 183
3 182 195 196
3 183 197 184
3 183 196 197
3 184 198 185
3 184 197 198
3 185 199 186
3 185 198 199
3 187 186 200
3 200 186 199
3 188 189 201
3 201 189 202
3 188 203 191
3 188 201 203
3 203 14 5
3 203 5 191
3 15 204 192
3 15 192 7
3 192 205 193
3 192 204 205
3 205 17 18
3 194 205 18
3 193 205 194
3 194 18 9
3 21 206 195
3 21 195 12
3 195 207 196
3 195 206 207
3 196 208 197
3 196 207 208
3 197 209 198
3 197 208 209
3 198 210 199
3 198 209 210
3 200 199 211
3 211 199 210
3 201 202 212
3 212 202 213
3 201 214 203
3 201 212 214
3 214 23 14
3 214 14 203
3 24 204 15
3 204 24 26
3 215 204 26
3 205 204 215
3 215 28 17
3 215 17 205
3 31 216 206
3 31 206 21
3 206 217 207
3 206 216 217
3 207 218 208
3 207 217 218
3 208 219 209
3 208 218 219
3 209 220 210
3 209 219 220
3 211 210 221
3 221 210 220
3 212 213 222
3 222 213 223
3 212 224 214
3 212 222 224
3 224 33 23
3 224 23 214
3 35 215 26
3 215 35 28
3 40 216 31
3 216 40 42
3 225 216 42
3 217 216 225
3 217 226 218
3 217 225 226
3 218 227 219
3 218 226 227
3 219 228 220
3 219 227 228
3 221 220 229
3 229 220 228
3 222 223 230
3 230 223 231
3 222 232 224
3 222 230 232
3 232 44 33
3 232 33 224
3 51 233 225
3 51 225 42
3 225 234 226
3 225 233 234
3 226 235 227
3 226 234 235
3 227 236 228
3 227 235 236
3 229 228 237
3 237 228 236
3 230 231 238
3 238 231 239
3 230 240 232
3 230 238 240
3 240 53 44
3 240 44 232
3 60 241 233
3 60 233 51
3 233 242 234
3 233 241 242
3 234 243 235
3 234 242 243
3 235 244 236
3 235 243 244
3 237 236 245
3 245 236 244
3 238 239 246
3 246 239 247
3 238 248 240
3 238 246 248
3 248 62 53
3 248 53 240
3 69 249 241
3 69 241 60
3 241 250 242
3 241 249 250
3 242 251 243
3 242 250 251
3 243 252 244
3 243 251 252
3 245 244 253
3 253 244 252
3 246 247 254
3 254 247 255
3 246 256 248
3 246 254 256
3 256 71 62
3 256 62 248
3 73 257 74
3 257 76 74
3 80 258 249
3 80 249 69
3 249 259 250
3 249 258 259
3 250 260 251
3 250 259 260
3 251 261 252
3 251 260 261
3 253 252 262
3 262 252 261
3 254 255 263
3 263 255 264
3 254 265 256
3 254 263 265
3 265 82 71
3 265 71 256
3 84 266 257
3 84 257 73
3 266 86 76
3 266 76 257
3 90 267 258
3 90 258 80
3 258 268 259
3 258 267 268
3 259 269 260
3 259 268 269
3 260 270 261
3 260 269 270
3 262 261 271
3 261 272 271
3 261 270 272
3 272 273 271
3 263 264 274
3 274 264 275
3 263 276 265
3 263 274 276
3 276 92 82
3 276 82 265
3 94 277 266
3 94 266 84
3 278 95 86
3 266 278 86
3 277 278 266
3 278 97 95
3 100 279 267
3 100 267 90
3 267 280 268
3 267 279 280
3 268 281 269
3 268 280 281
3 269 282 270
3 269 281 282
3 284 272 283
3 272 282 283
3 272 270 282
3 272 284 273
3 274 275 285
3 285 275 286
3 274 287 276
3 274 285 287
3 287 102 92
3 287 92 276
3 104 288 277
3 104 277 94
3 277 289 278
3 277 288 289
3 290 105 97
3 278 290 97
3 289 290 278
3 290 107 105
3 109 291 279
3 109 279 100
3 279 292 280
3 279 291 292
3 280 293 281
3 280 292 293
3 281 294 282
3 281 293 294
3 283 282 295
3 295 282 294
3 285 286 296
3 296 286 297
3 285 298 287
3 285 296 298
3 298 111 102
3 298 102 287
3 113 299 288
3 113 288 104
3 288 300 289
3 288 299 300
3 289 301 290
3 289 300 301
3 301 115 107
3 301 107 290
3 117 302 291
3 117 291 109
3 291 303 292
3 291 302 303
3 292 304 293
3 292 303 304
3 293 305 294
3 293 304 305
3 295 294 306
3 306 294 305
3 296 297 307
3 307 297 308
3 296 309 298
3 296 307 309
3 309 119 111
3 309 111 298
3 121 310 299
3 121 299 113
3 299 311 300
3 299 310 311
3 300 312 301
3 300 311 312
3 313 122 115
3 301 313 115
3 312 313 301
3 313 124 122
3 125 302 117
3 302 125 127
3 314 302 127
3 303 302 314
3 303 315 304
3 303 314 315
3 304 316 305
3 304 315 316
3 306 305 317
3 317 305 316
3 307 308 318
3 318 308 319
3 307 320 309
3 307 318 320
3 321 128 119
3 309 321 119
3 320 321 309
3 321 130 128
3 131 310 121
3 310 131 133
3 322 310 133
3 311 310 322
3 311 323 312
3 311 322 323
3 312 324 313
3 312 323 324
3 324 135 124
3 324 124 313
3 137 325 314
3 137 314 127
3 314 326 315
3 314 325 326
3 315 327 316
3 315 326 327
3 317 316 328
3 328 316 327
3 318 319 329
3 329 319 330
3 318 331 320
3 318 329 331
3 320 332 321
3 320 331 332
3 332 139 130
3 332 130 321
3 141 333 322
3 141 322 133
3 322 334 323
3 322 333 334
3 323 335 324
3 323 334 335
3 336 142 135
3 324 336 135
3 335 336 324
3 336 144 142
3 145 337 325
3 145 325 137
3 325 338 326
3 325 337 338
3 326 339 327
3 326 338 339
3 328 327 340
3 340 327 339
3 330 341 329
3 343 342 341
3 342 329 341
3 342 331 329
3 331 344 332
3 331 342 344
3 345 146 139
3 332 345 139
3 344 345 332
3 346 147 146
3 346 146 345
3 333 141 147
3 346 333 147
3 347 333 346
3 333 348 334
3 333 347 348
3 334 349 335
3 334 348 349
3 335 350 336
3 335 349 350
3 351 148 144
3 336 351 144
3 350 351 336
3 337 145 148
3 351 337 148
3 352 337 351
3 337 353 338
3 337 352 353
3 338 354 339
3 338 353 354
3 340 339 355
3 355 339 354
3 343 356 342
3 342 356 344
3 344 356 357
3 344 357 345
3 345 357 358
3 345 358 346
3 346 358 359
3 346 359 347
3 347 359 360
3 347 360 348
3 348 360 361
3 348 361 349
3 349 361 362
3 349 362 350
3 350 362 363
3 350 363 351
3 351 363 364
3 351 364 352
3 352 364 365
3 352 365 353
3 353 365 366
3 353 366 354
3 354 366 367
3 354 367 355
3 370 369 368
3 368 371 370
3 373 372 151
3 151 372 150
3 374 151 152
3 374 373 151
3 375 152 154
3 375 374 152
3 376 154 156
3 376 375 154
3 377 156 158
3 377 376 156
3 378 158 160
3 378 377 158
3 162 368 369
3 378 162 369
3 160 162 378
3 379 371 368
3 162 379 368
3 164 379 162
3 380 164 166
3 380 379 164
3 381 166 168
3 381 380 166
3 382 168 170
3 382 381 168
3 383 170 172
3 383 382 170
3 172 174 383
3 383 174 384
3 372 176 150
3 385 176 372
3 187 384 174
3 187 386 384
3 388 387 190
3 190 387 189
3 190 176 385
3 190 385 388
3 200 390 389
3 386 200 389
3 187 200 386
3 390 391 389
3 394 393 392
3 387 394 392
3 202 387 392
3 189 387 202
3 211 395 390
3 211 390 200
3 391 390 396
3 396 390 395
3 392 393 397
3 397 393 398
3 397 213 202
3 397 202 392
3 221 399 395
3 221 395 211
3 396 395 400
3 400 395 399
3 397 398 401
3 401 398 402
3 401 223 213
3 401 213 397
3 229 403 399
3 229 399 221
3 400 399 404
3 404 399 403
3 401 402 405
3 405 402 406
3 405 231 223
3 405 223 401
3 237 407 403
3 237 403 229
3 404 403 408
3 408 403 407
3 405 406 409
3 409 406 410
3 409 239 231
3 409 231 405
3 245 411 407
3 245 407 237
3 408 407 412
3 412 407 411
3 409 410 413
3 413 410 414
3 413 247 239
3 413 239 409
3 253 415 411
3 253 411 245
3 412 411 416
3 416 411 415
3 413 414 417
3 417 414 418
3 417 255 247
3 417 247 413
3 262 419 415
3 262 415 253
3 416 415 420
3 420 415 419
3 417 418 421
3 421 418 422
3 421 264 255
3 421 255 417
3 271 419 262
3 271 273 419
3 273 420 419
3 273 423 420
3 421 422 424
3 424 422 425
3 424 275 264
3 424 264 421
3 283 426 284
3 426 427 284
3 427 273 284
3 427 423 273
3 424 425 428
3 428 425 429
3 428 286 275
3 428 275 424
3 295 430 426
3 295 426 283
3 427 426 431
3 431 426 430
3 428 429 432
3 432 429 433
3 432 297 286
3 432 286 428
3 306 434 430
3 306 430 295
3 431 430 435
3 435 430 434
3 432 433 436
3 436 433 437
3 436 308 297
3 436 297 432
3 317 438 434
3 317 434 306
3 435 434 439
3 439 434 438
3 437 440 436
3 308 436 440
3 441 308 440
3 319 308 441
3 328 442 438
3 328 438 317
3 439 438 443
3 443 438 442
3 445 330 444
3 330 441 444
3 330 319 441
3 446 445 444
3 448 447 442
3 328 448 442
3 340 448 328
3 442 447 443
3 445 341 330
3 343 341 445
3 446 343 445
3 449 343 446
3 355 448 340
3 355 450 448
3 449 451 343
3 343 451 356
3 356 452 357
3 451 452 356
3 357 453 358
3 452 453 357
3 358 454 359
3 453 454 358
3 359 455 360
3 454 455 359
3 360 456 361
3 455 456 360
3 456 458 457
3 362 456 457
3 361 456 362
3 362 457 459
3 460 362 459
3 363 362 460
3 363 461 364
3 460 461 363
3 364 462 365
3 461 462 364
3 365 463 366
3 462 463 365
3 366 464 367
3 463 464 366
3 355 367 450
3 450 367 464
3 458 465 457
3 457 465 459
3 467 466 370
3 370 466 369
3 469 468 371
3 468 370 371
3 468 467 370
3 471 470 469
3 469 470 468
3 471 472 470
3 474 473 373
3 373 473 372
3 475 373 374
3 475 474 373
3 476 374 375
3 476 475 374
3 477 375 376
3 477 476 375
3 478 376 377
3 478 477 376
3 479 377 378
3 479 478 377
3 378 369 466
3 378 466 479
3 379 469 371
3 469 379 380
3 469 380 471
3 480 472 471
3 380 480 471
3 381 480 380
3 481 381 382
3 481 480 381
3 482 382 383
3 482 481 382
3 383 384 482
3 482 384 483
3 486 485 484
3 473 486 484
3 385 473 484
3 372 473 385
3 386 483 384
3 386 487 483
3 484 485 388
3 485 387 388
3 485 488 387
3 484 388 385
3 489 487 386
3 489 386 389
3 389 391 489
3 489 391 490
3 492 491 394
3 394 491 393
3 394 387 488
3 394 488 492
3 396 490 391
3 396 493 490
3 491 398 393
3 494 398 491
3 400 493 396
3 400 495 493
3 498 497 496
3 494 498 496
3 402 494 496
3 398 494 402
3 404 500 499
3 495 404 499
3 400 404 495
3 500 501 499
3 496 497 502
3 502 497 503
3 502 406 402
3 502 402 496
3 408 504 500
3 408 500 404
3 501 500 505
3 505 500 504
3 502 503 506
3 506 503 507
3 506 410 406
3 506 406 502
3 412 508 504
3 412 504 408
3 505 504 509
3 509 504 508
3 506 507 510
3 510 507 511
3 510 414 410
3 510 410 506
3 416 512 508
3 416 508 412
3 509 508 513
3 513 508 512
3 510 511 514
3 514 511 515
3 514 418 414
3 514 414 510
3 420 516 512
3 420 512 416
3 513 512 517
3 517 512 516
3 514 515 518
3 518 515 519
3 518 422 418
3 518 418 514
3 423 520 516
3 423 516 420
3 517 516 521
3 521 516 520
3 518 519 522
3 522 519 523
3 522 425 422
3 522 422 518
3 427 524 520
3 427 520 423
3 521 520 525
3 525 520 524
3 522 523 526
3 526 523 527
3 526 429 425
3 526 425 522
3 431 528 524
3 431 524 427
3 525 524 529
3 529 524 528
3 527 530 526
3 429 526 530
3 531 429 530
3 433 429 531
3 533 532 528
3 431 533 528
3 435 533 431
3 528 532 529
3 531 437 433
3 534 437 531
3 439 533 435
3 439 535 533
3 534 536 437
3 437 536 440
3 441 440 536
3 441 536 537
3 443 535 439
3 443 538 535
3 444 441 539
3 441 540 539
3 441 537 540
3 539 446 444
3 542 541 447
3 542 447 448
3 443 447 538
3 538 447 541
3 540 543 539
3 446 539 543
3 544 446 543
3 449 446 544
3 450 542 448
3 450 545 542
3 544 546 449
3 449 546 451
3 451 547 452
3 546 547 451
3 452 548 453
3 547 548 452
3 453 549 454
3 548 549 453
3 454 550 455
3 549 550 454
3 455 551 456
3 550 551 455
3 553 552 458
3 456 553 458
3 551 553 456
3 554 460 459
3 555 552 553
3 556 461 460
3 556 460 554
3 461 556 557
3 558 461 557
3 462 461 558
3 462 559 463
3 558 559 462
3 463 560 464
3 559 560 463
3 450 464 545
3 545 464 560
3 552 465 458
3 552 555 465
3 555 561 465
3 554 459 465
3 554 465 561
3 554 561 556
3 556 561 562
3 556 562 557
3 565 564 563
3 567 566 563
3 563 566 565
3 569 568 567
3 567 568 566
3 571 570 569
3 569 570 568
3 466 467 571
3 467 570 571
3 467 572 570
3 573 467 468
3 573 572 467
3 574 468 470
3 574 573 468
3 576 575 472
3 575 470 472
3 575 574 470
3 576 577 575
3 579 578 474
3 474 578 473
3 580 474 475
3 580 579 474
3 476 563 564
3 580 476 564
3 475 476 580
3 563 476 477
3 563 477 567
3 567 477 478
3 567 478 569
3 569 478 479
3 569 479 571
3 571 479 466
3 480 576 472
3 581 577 576
3 480 581 576
3 481 581 480
3 582 481 482
3 582 581 481
3 482 483 582
3 582 483 583
3 584 485 486
3 585 584 486
3 473 585 486
3 578 585 473
3 487 583 483
3 487 586 583
3 588 587 584
3 587 485 584
3 587 488 485
3 588 584 585
3 589 586 487
3 589 487 489
3 489 490 589
3 589 490 590
3 592 591 492
3 492 591 491
3 492 488 587
3 492 587 592
3 493 590 490
3 493 593 590
3 591 494 491
3 594 494 591
3 495 593 493
3 495 595 593
3 597 596 498
3 498 596 497
3 498 494 594
3 498 594 597
3 598 595 495
3 598 495 499
3 499 501 598
3 598 501 599
3 602 601 600
3 596 602 600
3 503 596 600
3 497 596 503
3 505 599 501
3 505 603 599
3 600 601 604
3 604 601 605
3 604 507 503
3 604 503 600
3 509 603 505
3 509 606 603
3 604 605 607
3 607 605 608
3 607 511 507
3 607 507 604
3 513 610 609
3 606 513 609
3 509 513 606
3 610 611 609
3 607 608 612
3 612 608 613
3 612 515 511
3 612 511 607
3 615 614 610
3 513 615 610
3 517 615 513
3 610 614 611
3 612 613 616
3 616 613 617
3 616 519 515
3 616 515 612
3 521 615 517
3 521 618 615
3 616 617 619
3 619 617 620
3 619 523 519
3 619 519 616
3 525 618 521
3 525 621 618
3 620 622 619
3 523 619 622
3 623 523 622
3 527 523 623
3 529 621 525
3 529 624 621
3 530 527 625
3 527 626 625
3 527 623 626
3 625 531 530
3 533 627 532
3 627 628 532
3 628 529 532
3 628 624 529
3 626 629 625
3 531 625 629
3 630 531 629
3 534 531 630
3 632 631 627
3 533 632 627
3 535 632 533
3 627 631 628
3 630 633 534
3 534 633 536
3 537 536 633
3 537 633 634
3 538 632 535
3 538 635 632
3 634 540 537
3 636 540 634
3 638 637 541
3 638 541 542
3 538 541 635
3 635 541 637
3 636 639 540
3 540 639 543
3 544 543 639
3 544 639 640
3 545 638 542
3 545 641 638
3 640 642 544
3 544 642 546
3 546 643 547
3 642 643 546
3 643 645 644
3 548 643 644
3 547 643 548
3 646 549 548
3 646 548 644
3 647 550 549
3 647 549 646
3 648 551 550
3 648 550 647
3 649 553 551
3 649 551 648
3 555 553 649
3 652 651 650
3 654 653 652
3 654 652 650
3 558 557 653
3 654 558 653
3 655 558 654
3 558 656 559
3 655 656 558
3 559 657 560
3 656 657 559
3 545 560 641
3 641 560 657
3 645 658 644
3 644 658 646
3 646 658 659
3 646 659 647
3 647 659 660
3 647 660 648
3 648 660 661
3 648 661 649
3 649 661 662
3 651 652 662
3 652 561 662
3 555 649 662
3 555 662 561
3 561 652 562
3 562 652 653
3 562 653 557
3 663 564 565
3 663 565 664
3 565 665 664
3 565 566 665
3 666 566 568
3 666 665 566
3 667 568 570
3 667 666 568
3 668 570 572
3 668 667 570
3 669 572 573
3 669 668 572
3 671 669 670
3 669 574 670
3 669 573 574
3 575 672 574
3 574 672 670
3 577 672 575
3 674 673 579
3 579 673 578
3 675 579 580
3 675 674 579
3 580 564 663
3 676 580 663
3 675 580 676
3 676 663 664
3 677 671 670
3 677 670 672
3 677 672 678
3 678 672 577
3 581 678 577
3 679 678 581
3 680 581 582
3 680 679 581
3 582 583 680
3 680 583 681
3 684 683 682
3 673 684 682
3 585 673 682
3 578 673 585
3 586 681 583
3 586 685 681
3 682 683 588
3 683 587 588
3 683 686 587
3 682 588 585
3 687 685 586
3 687 586 589
3 589 590 687
3 687 590 688
3 690 689 592
3 592 689 591
3 592 587 686
3 592 686 690
3 593 688 590
3 593 691 688
3 689 594 591
3 692 594 689
3 595 694 693
3 691 595 693
3 593 595 691
3 694 695 693
3 697 696 597
3 597 696 596
3 597 594 692
3 597 692 697
3 598 694 595
3 598 599 694
3 599 695 694
3 599 698 695
3 699 601 602
3 700 699 602
3 596 700 602
3 696 700 596
3 603 698 599
3 603 701 698
3 703 702 699
3 702 601 699
3 702 605 601
3 703 699 700
3 606 705 704
3 701 606 704
3 603 606 701
3 705 706 704
3 709 708 707
3 702 709 707
3 608 702 707
3 605 702 608
3 609 705 606
3 609 611 705
3 611 706 705
3 611 710 706
3 707 708 711
3 711 708 712
3 711 613 608
3 711 608 707
3 615 713 614
3 713 714 614
3 714 611 614
3 714 710 611
3 712 715 711
3 613 711 715
3 716 613 715
3 617 613 716
3 618 717 713
3 618 713 615
3 714 713 718
3 718 713 717
3 720 620 719
3 620 716 719
3 620 617 716
3 721 720 719
3 723 722 717
3 618 723 717
3 621 723 618
3 717 722 718
3 720 622 620
3 623 622 720
3 721 623 720
3 724 623 721
3 624 723 621
3 624 725 723
3 727 626 726
3 626 724 726
3 626 623 724
3 728 727 726
3 731 730 729
3 730 725 729
3 725 628 729
3 725 624 628
3 727 629 626
3 630 629 727
3 728 630 727
3 732 630 728
3 731 729 631
3 632 731 631
3 733 731 632
3 631 729 628
3 732 734 630
3 630 734 633
3 634 633 734
3 634 734 735
3 635 733 632
3 635 736 733
3 738 636 737
3 636 735 737
3 636 634 735
3 739 738 737
3 741 740 637
3 741 637 638
3 635 637 736
3 736 637 740
3 738 639 636
3 640 639 738
3 739 640 738
3 742 640 739
3 641 741 638
3 641 743 741
3 742 744 640
3 640 744 642
3 642 745 643
3 744 745 642
3 747 746 645
3 643 747 645
3 745 747 643
3 748 746 747
3 750 749 650
3 750 650 651
3 650 751 654
3 749 751 650
3 654 752 655
3 751 752 654
3 655 753 656
3 752 753 655
3 656 754 657
3 753 754 656
3 641 657 743
3 743 657 754
3 746 658 645
3 748 755 746
3 755 658 746
3 755 659 658
3 659 756 660
3 755 756 659
3 660 757 661
3 756 757 660
3 661 758 662
3 757 758 661
3 651 662 750
3 750 662 758
3 760 759 665
3 665 759 664
3 761 665 666
3 761 760 665
3 762 666 667
3 762 761 666
3 763 667 668
3 763 762 667
3 764 668 669
3 764 763 668
3 766 765 671
3 765 669 671
3 765 764 669
3 766 767 765
3 769 768 674
3 674 768 673
3 770 674 675
3 770 769 674
3 771 675 676
3 771 770 675
3 676 664 759
3 676 759 771
3 677 766 671
3 772 767 766
3 677 772 766
3 678 772 677
3 773 678 679
3 773 772 678
3 774 679 680
3 774 773 679
3 680 681 774
3 774 681 775
3 777 776 684
3 684 776 683
3 684 673 768
3 684 768 777
3 685 775 681
3 685 778 775
3 776 686 683
3 779 686 776
3 780 778 685
3 780 685 687
3 687 688 780
3 780 688 781
3 783 782 690
3 690 782 689
3 690 686 779
3 690 779 783
3 691 781 688
3 691 784 781
3 787 786 785
3 782 787 785
3 692 782 785
3 689 782 692
3 788 784 691
3 788 691 693
3 693 695 788
3 788 695 789
3 785 786 697
3 786 696 697
3 786 790 696
3 785 697 692
3 698 789 695
3 698 791 789
3 790 700 696
3 792 700 790
3 701 791 698
3 701 793 791
3 795 794 703
3 703 794 702
3 703 700 792
3 703 792 795
3 796 793 701
3 796 701 704
3 704 706 796
3 796 706 797
3 798 708 709
3 799 798 709
3 702 799 709
3 794 799 702
3 710 797 706
3 710 800 797
3 802 801 798
3 801 708 798
3 801 712 708
3 802 798 799
3 714 800 710
3 714 803 800
3 801 804 712
3 712 804 715
3 716 715 804
3 716 804 805
3 718 803 714
3 718 806 803
3 805 807 716
3 716 807 719
3 721 719 807
3 721 807 808
3 810 809 722
3 810 722 723
3 718 722 806
3 806 722 809
3 808 724 721
3 811 724 808
3 725 810 723
3 725 812 810
3 811 813 724
3 724 813 726
3 728 726 813
3 728 813 814
3 731 815 730
3 815 816 730
3 816 725 730
3 816 812 725
3 814 732 728
3 817 732 814
3 819 818 815
3 731 819 815
3 733 819 731
3 815 818 816
3 817 820 732
3 732 820 734
3 735 734 820
3 735 820 821
3 736 819 733
3 736 822 819
3 737 735 823
3 735 824 823
3 735 821 824
3 823 739 737
3 826 825 740
3 826 740 741
3 736 740 822
3 822 740 825
3 824 827 823
3 739 823 827
3 828 739 827
3 742 739 828
3 743 826 741
3 743 829 826
3 828 830 742
3 742 830 744
3 744 831 745
3 830 831 744
3 745 832 747
3 831 832 745
3 748 747 832
3 748 832 833
3 750 834 749
3 749 834 835
3 836 749 835
3 751 749 836
3 751 837 752
3 836 837 751
3 752 838 753
3 837 838 752
3 753 839 754
3 838 839 753
3 743 754 829
3 829 754 839
3 833 840 748
3 748 840 755
3 755 841 756
3 840 841 755
3 756 842 757
3 841 842 756
3 757 843 758
3 842 843 757
3 750 758 834
3 758 844 834
3 758 843 844
3 834 844 835
3 846 845 760
3 760 845 759
3 847 760 761
3 847 846 760
3 848 761 762
3 848 847 761
3 849 762 763
3 849 848 762
3 850 763 764
3 850 849 763
3 851 764 765
3 851 850 764
3 853 852 767
3 852 765 767
3 852 851 765
3 853 854 852
3 856 855 769
3 769 855 768
3 857 769 770
3 857 856 769
3 858 770 771
3 858 857 770
3 771 759 845
3 771 845 858
3 772 853 767
3 859 854 853
3 772 859 853
3 773 859 772
3 860 773 774
3 860 859 773
3 774 775 860
3 860 775 861
3 863 862 777
3 777 862 776
3 777 768 855
3 777 855 863
3 778 861 775
3 778 864 861
3 862 779 776
3 865 779 862
3 866 864 778
3 866 778 780
3 780 781 866
3 866 781 867
3 869 868 783
3 783 868 782
3 783 779 865
3 783 865 869
3 784 867 781
3 784 870 867
3 871 786 787
3 872 871 787
3 782 872 787
3 868 872 782
3 784 788 873
3 874 784 873
3 870 784 874
3 789 873 788
3 876 875 871
3 875 786 871
3 875 790 786
3 876 871 872
3 877 874 873
3 873 789 877
3 789 878 877
3 789 791 878
3 875 792 790
3 879 792 875
3 793 878 791
3 793 880 878
3 882 881 795
3 795 881 794
3 795 792 879
3 795 879 882
3 883 880 793
3 883 793 796
3 796 797 883
3 883 797 884
3 887 886 885
3 881 887 885
3 799 881 885
3 794 881 799
3 800 884 797
3 800 888 884
3 885 886 802
3 886 801 802
3 886 889 801
3 885 802 799
3 803 888 800
3 803 890 888
3 889 891 801
3 801 891 804
3 805 804 891
3 805 891 892
3 806 890 803
3 806 893 890
3 892 894 805
3 805 894 807
3 808 807 894
3 808 894 895
3 897 896 809
3 897 809 810
3 806 809 893
3 893 809 896
3 895 811 808
3 898 811 895
3 812 897 810
3 812 899 897
3 898 900 811
3 811 900 813
3 814 813 900
3 814 900 901
3 904 903 902
3 903 899 902
3 899 816 902
3 899 812 816
3 901 817 814
3 905 817 901
3 904 902 818
3 819 904 818
3 906 904 819
3 818 902 816
3 905 907 817
3 817 907 820
3 821 820 907
3 821 907 908
3 822 906 819
3 822 909 906
3 908 824 821
3 910 824 908
3 912 911 825
3 912 825 826
3 822 825 909
3 909 825 911
3 910 913 824
3 824 913 827
3 828 827 913
3 828 913 914
3 829 912 826
3 829 915 912
3 914 916 828
3 828 916 830
3 830 917 831
3 916 917 830
3 831 918 832
3 917 918 831
3 833 832 918
3 833 918 919
3 835 920 836
3 836 920 921
3 922 836 921
3 837 836 922
3 837 923 838
3 922 923 837
3 838 924 839
3 923 924 838
3 829 839 915
3 915 839 924
3 919 925 833
3 833 925 840
3 840 926 841
3 925 926 840
3 841 927 842
3 926 927 841
3 842 928 843
3 927 928 842
3 843 929 844
3 928 929 843
3 835 844 920
3 844 930 920
3 844 929 930
3 920 930 921
3 932 931 846
3 846 931 845
3 933 846 847
3 933 932 846
3 934 847 848
3 934 933 847
3 935 848 849
3 935 934 848
3 936 849 850
3 936 935 849
3 938 936 937
3 936 851 937
3 936 850 851
3 852 939 851
3 851 939 937
3 854 939 852
3 941 940 856
3 856 940 855
3 942 856 857
3 942 941 856
3 943 857 858
3 943 942 857
3 858 845 931
3 858 931 943
3 944 938 937
3 944 937 939
3 944 939 945
3 945 939 854
3 859 945 854
3 946 945 859
3 947 859 860
3 947 946 859
3 860 861 947
3 947 861 948
3 950 949 863
3 863 949 862
3 863 855 940
3 863 940 950
3 864 948 861
3 864 951 948
3 949 865 862
3 952 865 949
3 953 951 864
3 953 864 866
3 866 867 953
3 953 867 954
3 956 955 869
3 869 955 868
3 869 865 952
3 869 952 956
3 870 954 867
3 870 957 954
3 955 872 868
3 958 872 955
3 874 960 959
3 957 874 959
3 870 874 957
3 960 961 959
3 963 962 876
3 876 962 875
3 876 872 958
3 876 958 963
3 877 960 874
3 877 878 960
3 878 961 960
3 878 964 961
3 962 879 875
3 965 879 962
3 880 964 878
3 880 966 964
3 968 967 882
3 882 967 881
3 882 879 965
3 882 965 968
3 969 966 880
3 969 880 883
3 883 884 969
3 969 884 970
3 972 971 887
3 887 971 886
3 887 881 967
3 887 967 972
3 888 970 884
3 888 973 970
3 971 889 886
3 974 889 971
3 890 973 888
3 890 975 973
3 974 976 889
3 889 976 891
3 892 891 976
3 892 976 977
3 980 979 978
3 979 975 978
3 975 893 978
3 975 890 893
3 977 981 892
3 892 981 894
3 895 894 981
3 895 981 982
3 980 978 896
3 897 980 896
3 983 980 897
3 896 978 893
3 982 898 895
3 984 898 982
3 899 983 897
3 899 985 983
3 984 986 898
3 898 986 900
3 901 900 986
3 901 986 987
3 904 988 903
3 988 989 903
3 989 899 903
3 989 985 899
3 987 905 901
3 990 905 987
3 992 991 988
3 904 992 988
3 906 992 904
3 988 991 989
3 990 993 905
3 905 993 907
3 908 907 993
3 908 993 994
3 909 992 906
3 909 995 992
3 997 910 996
3 910 994 996
3 910 908 994
3 998 997 996
3 1000 999 911
3 1000 911 912
3 909 911 995
3 995 911 999
3 997 913 910
3 914 913 997
3 998 914 997
3 1001 914 998
3 915 1000 912
3 915 1002 1000
3 1001 1003 914
3 914 1003 916
3 916 1004 917
3 1003 1004 916
3 1004 1006 1005
3 918 1004 1005
3 917 1004 918
3 1005 919 918
3 1008 1007 922
3 1008 922 921
3 922 1009 923
3 1007 1009 922
3 923 1010 924
3 1009 1010 923
3 915 924 1002
3 1002 924 1010
3 1006 1011 1005
3 1005 1011 919
3 1011 925 919
3 1011 1012 925
3 925 1013 926
3 1012 1013 925
3 926 1014 927
3 1013 1014 926
3 927 1015 928
3 1014 1015 927
3 928 1016 929
3 1015 1016 928
3 929 1017 930
3 1016 1017 929
3 921 930 1008
3 1008 930 1017
3 1019 1018 932
3 932 1018 931
3 1020 932 933
3 1020 1019 932
3 1021 933 934
3 1021 1020 933
3 1022 934 935
3 1022 1021 934
3 1023 935 936
3 1023 1022 935
3 1025 1024 938
3 1024 936 938
3 1024 1023 936
3 1025 1026 1024
3 1028 1027 941
3 941 1027 940
3 1029 941 942
3 1029 1028 941
3 1030 942 943
3 1030 1029 942
3 943 931 1018
3 943 1018 1030
3 944 1025 938
3 1031 1026 1025
3 944 1031 1025
3 945 1031 944
3 1032 945 946
3 1032 1031 945
3 1033 946 947
3 1033 1032 946
3 947 948 1033
3 1033 948 1034
3 1035 949 950
3 1036 1035 950
3 940 1036 950
3 1027 1036 940
3 951 1034 948
3 951 1037 1034
3 1039 1038 1035
3 1038 949 1035
3 1038 952 949
3 1039 1035 1036
3 1040 1037 951
3 1040 951 953
3 953 954 1040
3 1040 954 1041
3 1043 1042 956
3 956 1042 955
3 956 952 1038
3 956 1038 1043
3 957 1041 954
3 957 1044 1041
3 1047 1046 1045
3 1042 1047 1045
3 958 1042 1045
3 955 1042 958
3 1048 1044 957
3 1048 957 959
3 959 961 1048
3 1048 961 1049
3 1045 1046 963
3 1046 962 963
3 1046 1050 962
3 1045 963 958
3 964 1049 961
3 964 1051 1049
3 1050 965 962
3 1052 965 1050
3 966 1051 964
3 966 1053 1051
3 1055 1054 968
3 968 1054 967
3 968 965 1052
3 968 1052 1055
3 1056 1053 966
3 1056 966 969
3 969 970 1056
3 1056 970 1057
3 1058 971 972
3 1059 1058 972
3 967 1059 972
3 1054 1059 967
3 973 1057 970
3 973 1060 1057
3 1062 1061 1058
3 1061 971 1058
3 1061 974 971
3 1062 1058 1059
3 975 1060 973
3 975 1063 1060
3 1061 1064 974
3 974 1064 976
3 977 976 1064
3 977 1064 1065
3 980 1066 979
3 1066 1067 979
3 1067 975 979
3 1067 1063 975
3 1065 1068 977
3 977 1068 981
3 982 981 1068
3 982 1068 1069
3 1071 1070 1066
3 980 1071 1066
3 983 1071 980
3 1066 1070 1067
3 1069 984 982
3 1072 984 1069
3 985 1071 983
3 985 1073 1071
3 1072 1074 984
3 984 1074 986
3 987 986 1074
3 987 1074 1075
3 1078 1077 1076
3 1077 1073 1076
3 1073 989 1076
3 1073 985 989
3 1075 990 987
3 1079 990 1075
3 1078 1076 991
3 992 1078 991
3 1080 1078 992
3 991 1076 989
3 1079 1081 990
3 990 1081 993
3 994 993 1081
3 994 1081 1082
3 995 1080 992
3 995 1083 1080
3 996 994 1084
3 994 1085 1084
3 994 1082 1085
3 1084 998 996
3 1087 1086 999
3 1087 999 1000
3 995 999 1083
3 1083 999 1086
3 1085 1088 1084
3 998 1084 1088
3 1089 998 1088
3 1001 998 1089
3 1002 1087 1000
3 1002 1090 1087
3 1089 1091 1001
3 1001 1091 1003
3 1003 1092 1004
3 1091 1092 1003
3 1094 1093 1006
3 1004 1094 1006
3 1092 1094 1004
3 1095 1093 1094
3 1098 1097 1096
3 1100 1099 1096
3 1100 1096 1097
3 1007 1008 1099
3 1100 1007 1099
3 1101 1007 1100
3 1007 1102 1009
3 1101 1102 1007
3 1009 1103 1010
3 1102 1103 1009
3 1002 1010 1090
3 1090 1010 1103
3 1093 1011 1006
3 1095 1104 1093
3 1104 1011 1093
3 1104 1012 1011
3 1012 1105 1013
3 1104 1105 1012
3 1013 1106 1014
3 1105 1106 1013
3 1014 1107 1015
3 1106 1107 1014
3 1096 1016 1098
3 1016 1107 1098
3 1016 1015 1107
3 1016 1096 1017
3 1017 1096 1099
3 1017 1099 1008
3 1109 1108 1019
3 1019 1108 1018
3 1110 1019 1020
3 1110 1109 1019
3 1111 1020 1021
3 1111 1110 1020
3 1112 1021 1022
3 1112 1111 1021
3 1113 1022 1023
3 1113 1112 1022
3 1114 1023 1024
3 1114 1113 1023
3 1024 1026 1114
3 1114 1026 1115
3 1117 1116 1028
3 1028 1116 1027
3 1118 1028 1029
3 1118 1117 1028
3 1119 1029 1030
3 1119 1118 1029
3 1030 1018 1108
3 1030 1108 1119
3 1120 1115 1026
3 1120 1026 1031
3 1121 1031 1032
3 1121 1120 1031
3 1122 1032 1033
3 1122 1121 1032
3 1033 1034 1122
3 1122 1034 1123
3 1126 1125 1124
3 1116 1126 1124
3 1036 1116 1124
3 1027 1116 1036
3 1037 1123 1034
3 1037 1127 1123
3 1124 1125 1039
3 1125 1038 1039
3 1125 1128 1038
3 1124 1039 1036
3 1129 1127 1037
3 1129 1037 1040
3 1040 1041 1129
3 1129 1041 1130
3 1132 1131 1043
3 1043 1131 1042
3 1043 1038 1128
3 1043 1128 1132
3 1044 1130 1041
3 1044 1133 1130
3 1134 1046 1047
3 1135 1134 1047
3 1042 1135 1047
3 1131 1135 1042
3 1136 1133 1044
3 1136 1044 1048
3 1048 1049 1136
3 1136 1049 1137
3 1139 1138 1134
3 1138 1046 1134
3 1138 1050 1046
3 1139 1134 1135
3 1051 1137 1049
3 1051 1140 1137
3 1143 1142 1141
3 1138 1143 1141
3 1052 1138 1141
3 1050 1138 1052
3 1053 1140 1051
3 1053 1144 1140
3 1141 1142 1055
3 1142 1054 1055
3 1142 1145 1054
3 1141 1055 1052
3 1146 1144 1053
3 1146 1053 1056
3 1056 1057 1146
3 1146 1057 1147
3 1150 1149 1148
3 1145 1150 1148
3 1059 1145 1148
3 1054 1145 1059
3 1060 1147 1057
3 1060 1151 1147
3 1148 1149 1062
3 1149 1061 1062
3 1149 1152 1061
3 1148 1062 1059
3 1063 1151 1060
3 1063 1153 1151
3 1152 1154 1061
3 1061 1154 1064
3 1065 1064 1154
3 1065 1154 1155
3 1158 1157 1156
3 1157 1153 1156
3 1153 1067 1156
3 1153 1063 1067
3 1155 1159 1065
3 1065 1159 1068
3 1069 1068 1159
3 1069 1159 1160
3 1158 1156 1070
3 1071 1158 1070
3 1161 1158 1071
3 1070 1156 1067
3 1160 1072 1069
3 1162 1072 1160
3 1073 1161 1071
3 1073 1163 1161
3 1162 1164 1072
3 1072 1164 1074
3 1075 1074 1164
3 1075 1164 1165
3 1167 1166 1077
3 1167 1077 1078
3 1073 1077 1163
3 1163 1077 1166
3 1165 1079 1075
3 1168 1079 1165
3 1080 1167 1078
3 1080 1169 1167
3 1168 1170 1079
3 1079 1170 1081
3 1082 1081 1170
3 1082 1170 1171
3 1083 1169 1080
3 1083 1172 1169
3 1171 1085 1082
3 1173 1085 1171
3 1175 1174 1086
3 1175 1086 1087
3 1083 1086 1172
3 1172 1086 1174
3 1173 1176 1085
3 1085 1176 1088
3 1089 1088 1176
3 1089 1176 1177
3 1090 1175 1087
3 1090 1178 1175
3 1177 1179 1089
3 1089 1179 1091
3 1091 1180 1092
3 1179 1180 1091
3 1092 1181 1094
3 1180 1181 1092
3 1095 1094 1181
3 1095 1181 1182
3 1098 1183 1097
3 1097 1183 1184
3 1185 1097 1184
3 1100 1097 1185
3 1100 1186 1101
3 1185 1186 1100
3 1101 1187 1102
3 1186 1187 1101
3 1102 1188 1103
3 1187 1188 1102
3 1090 1103 1178
3 1178 1103 1188
3 1182 1189 1095
3 1095 1189 1104
3 1104 1190 1105
3 1189 1190 1104
3 1105 1191 1106
3 1190 1191 1105
3 1106 1192 1107
3 1191 1192 1106
3 1098 1107 1183
3 1107 1193 1183
3 1107 1192 1193
3 1183 1193 1184
3 1194 1108 1109
3 1194 1109 1195
3 1109 1196 1195
3 1109 1110 1196
3 1197 1110 1111
3 1197 1196 1110
3 1198 1111 1112
3 1198 1197 1111
3 1199 1112 1113
3 1199 1198 1112
3 1201 1199 1200
3 1199 1114 1200
3 1199 1113 1114
3 1115 1200 1114
3 1203 1202 1117
3 1117 1202 1116
3 1204 1117 1118
3 1204 1203 1117
3 1205 1118 1119
3 1205 1204 1118
3 1119 1108 1194
3 1206 1119 1194
3 1205 1119 1206
3 1206 1194 1195
3 1207 1201 1200
3 1207 1200 1115
3 1120 1207 1115
3 1208 1207 1120
3 1209 1120 1121
3 1209 1208 1120
3 1210 1121 1122
3 1210 1209 1121
3 1122 1123 1210
3 1210 1123 1211
3 1213 1212 1126
3 1126 1212 1125
3 1126 1116 1202
3 1126 1202 1213
3 1127 1211 1123
3 1127 1214 1211
3 1212 1128 1125
3 1215 1128 1212
3 1216 1214 1127
3 1216 1127 1129
3 1129 1130 1216
3 1216 1130 1217
3 1219 1218 1132
3 1132 1218 1131
3 1132 1128 1215
3 1132 1215 1219
3 1133 1217 1130
3 1133 1220 1217
3 1218 1135 1131
3 1221 1135 1218
3 1133 1136 1222
3 1223 1133 1222
3 1220 1133 1223
3 1137 1222 1136
3 1225 1224 1139
3 1139 1224 1138
3 1139 1135 1221
3 1139 1221 1225
3 1226 1223 1222
3 1222 1137 1226
3 1137 1227 1226
3 1137 1140 1227
3 1228 1142 1143
3 1229 1228 1143
3 1138 1229 1143
3 1224 1229 1138
3 1144 1227 1140
3 1144 1230 1227
3 1232 1231 1228
3 1231 1142 1228
3 1231 1145 1142
3 1232 1228 1229
3 1233 1230 1144
3 1233 1144 1146
3 1146 1147 1233
3 1233 1147 1234
3 1236 1235 1150
3 1150 1235 1149
3 1150 1145 1231
3 1150 1231 1236
3 1151 1234 1147
3 1151 1237 1234
3 1235 1152 1149
3 1238 1152 1235
3 1153 1237 1151
3 1153 1239 1237
3 1238 1240 1152
3 1152 1240 1154
3 1155 1154 1240
3 1155 1240 1241
3 1158 1242 1157
3 1242 1243 1157
3 1243 1153 1157
3 1243 1239 1153
3 1159 1155 1244
3 1155 1245 1244
3 1155 1241 1245
3 1244 1160 1159
3 1247 1246 1242
3 1158 1247 1242
3 1161 1247 1158
3 1242 1246 1243
3 1245 1248 1244
3 1160 1244 1248
3 1249 1160 1248
3 1162 1160 1249
3 1163 1247 1161
3 1163 1250 1247
3 1249 1251 1162
3 1162 1251 1164
3 1165 1164 1251
3 1165 1251 1252
3 1254 1253 1166
3 1254 1166 1167
3 1163 1166 1250
3 1250 1166 1253
3 1252 1168 1165
3 1255 1168 1252
3 1169 1254 1167
3 1169 1256 1254
3 1255 1257 1168
3 1168 1257 1170
3 1171 1170 1257
3 1171 1257 1258
3 1172 1256 1169
3 1172 1259 1256
3 1258 1173 1171
3 1260 1173 1258
3 1262 1261 1174
3 1262 1174 1175
3 1172 1174 1259
3 1259 1174 1261
3 1260 1263 1173
3 1173 1263 1176
3 1177 1176 1263
3 1177 1263 1264
3 1178 1262 1175
3 1178 1265 1262
3 1264 1266 1177
3 1177 1266 1179
3 1179 1267 1180
3 1266 1267 1179
3 1267 1269 1268
3 1181 1267 1268
3 1180 1267 1181
3 1182 1181 1268
3 1272 1271 1270
3 1273 1272 1270
3 1275 1274 1185
3 1275 1185 1184
3 1185 1276 1186
3 1274 1276 1185
3 1186 1277 1187
3 1276 1277 1186
3 1187 1278 1188
3 1277 1278 1187
3 1178 1188 1265
3 1265 1188 1278
3 1269 1279 1268
3 1271 1272 1279
3 1272 1189 1279
3 1182 1268 1279
3 1182 1279 1189
3 1273 1280 1272
3 1280 1189 1272
3 1280 1190 1189
3 1190 1281 1191
3 1280 1281 1190
3 1191 1282 1192
3 1281 1282 1191
3 1192 1283 1193
3 1282 1283 1192
3 1184 1193 1275
3 1275 1193 1283
3 1286 1285 1284
3 1195 1196 1284
3 1196 1286 1284
3 1196 1287 1286
3 1288 1196 1197
3 1288 1287 1196
3 1289 1197 1198
3 1289 1288 1197
3 1290 1198 1199
3 1290 1289 1198
3 1292 1291 1201
3 1291 1199 1201
3 1291 1290 1199
3 1292 1293 1291
3 1295 1294 1203
3 1203 1294 1202
3 1296 1203 1204
3 1296 1295 1203
3 1297 1204 1205
3 1297 1296 1204
3 1206 1284 1285
3 1297 1206 1285
3 1205 1206 1297
3 1284 1206 1195
3 1207 1292 1201
3 1298 1293 1292
3 1207 1298 1292
3 1208 1298 1207
3 1299 1208 1209
3 1299 1298 1208
3 1300 1209 1210
3 1300 1299 1209
3 1210 1211 1300
3 1300 1211 1301
3 1303 1302 1213
3 1213 1302 1212
3 1213 1202 1294
3 1213 1294 1303
3 1214 1305 1304
3 1301 1214 1304
3 1211 1214 1301
3 1305 1306 1304
3 1302 1215 1212
3 1307 1215 1302
3 1216 1305 1214
3 1216 1217 1305
3 1217 1306 1305
3 1217 1308 1306
3 1310 1309 1219
3 1219 1309 1218
3 1219 1215 1307
3 1219 1307 1310
3 1220 1308 1217
3 1220 1311 1308
3 1309 1221 1218
3 1312 1221 1309
3 1223 1311 1220
3 1223 1313 1311
3 1315 1314 1225
3 1225 1314 1224
3 1225 1221 1312
3 1225 1312 1315
3 1316 1313 1223
3 1316 1223 1226
3 1226 1227 1316
3 1316 1227 1317
3 1314 1229 1224
3 1318 1229 1314
3 1230 1317 1227
3 1230 1319 1317
3 1321 1320 1232
3 1232 1320 1231
3 1232 1229 1318
3 1232 1318 1321
3 1322 1319 1230
3 1322 1230 1233
3 1233 1234 1322
3 1322 1234 1323
3 1325 1324 1236
3 1236 1324 1235
3 1236 1231 1320
3 1236 1320 1325
3 1237 1323 1234
3 1237 1326 1323
3 1324 1238 1235
3 1327 1238 1324
3 1239 1326 1237
3 1239 1328 1326
3 1327 1329 1238
3 1238 1329 1240
3 1241 1240 1329
3 1241 1329 1330
3 1333 1332 1331
3 1332 1328 1331
3 1328 1243 1331
3 1328 1239 1243
3 1335 1245 1334
3 1245 1330 1334
3 1245 1241 1330
3 1336 1335 1334
3 1333 1331 1246
3 1247 1333 1246
3 1337 1333 1247
3 1246 1331 1243
3 1335 1248 1245
3 1249 1248 1335
3 1336 1249 1335
3 1338 1249 1336
3 1250 1337 1247
3 1250 1339 1337
3 1338 1340 1249
3 1249 1340 1251
3 1252 1251 1340
3 1252 1340 1341
3 1254 1342 1253
3 1342 1343 1253
3 1343 1250 1253
3 1343 1339 1250
3 1341 1255 1252
3 1344 1255 1341
3 1346 1345 1342
3 1254 1346 1342
3 1256 1346 1254
3 1342 1345 1343
3 1344 1347 1255
3 1255 1347 1257
3 1258 1257 1347
3 1258 1347 1348
3 1259 1346 1256
3 1259 1349 1346
3 1348 1260 1258
3 1350 1260 1348
3 1352 1351 1261
3 1352 1261 1262
3 1259 1261 1349
3 1349 1261 1351
3 1350 1353 1260
3 1260 1353 1263
3 1264 1263 1353
3 1264 1353 1354
3 1265 1352 1262
3 1265 1355 1352
3 1354 1356 1264
3 1264 1356 1266
3 1266 1357 1267
3 1356 1357 1266
3 1359 1358 1269
3 1267 1359 1269
3 1357 1359 1267
3 1360 1270 1271
3 1361 1358 1359
3 1360 1273 1270
3 1275 1362 1274
3 1274 1362 1363
3 1364 1274 1363
3 1276 1274 1364
3 1276 1365 1277
3 1364 1365 1276
3 1277 1366 1278
3 1365 1366 1277
3 1265 1278 1355
3 1355 1278 1366
3 1358 1279 1269
3 1358 1361 1279
3 1361 1367 1279
3 1360 1271 1279
3 1360 1279 1367
3 1360 1367 1273
3 1367 1280 1273
3 1367 1368 1280
3 1280 1369 1281
3 1368 1369 1280
3 1281 1370 1282
3 1369 1370 1281
3 1282 1371 1283
3 1370 1371 1282
3 1275 1283 1362
3 1283 1372 1362
3 1283 1371 1372
3 1362 1372 1363
3 1374 1373 1286
3 1286 1373 1285
3 1375 1286 1287
3 1375 1374 1286
3 1376 1287 1288
3 1376 1375 1287
3 1377 1288 1289
3 1377 1376 1288
3 1378 1289 1290
3 1378 1377 1289
3 1379 1290 1291
3 1379 1378 1290
3 1381 1380 1293
3 1380 1291 1293
3 1380 1379 1291
3 1381 1382 1380
3 1384 1383 1295
3 1295 1383 1294
3 1385 1295 1296
3 1385 1384 1295
3 1386 1296 1297
3 1386 1385 1296
3 1297 1285 1373
3 1297 1373 1386
3 1298 1381 1293
3 1387 1382 1381
3 1298 1387 1381
3 1299 1387 1298
3 1388 1299 1300
3 1388 1387 1299
3 1300 1301 1388
3 1388 1301 1389
3 1391 1390 1303
3 1303 1390 1302
3 1303 1294 1383
3 1303 1383 1391
3 1301 1304 1392
3 1393 1301 1392
3 1389 1301 1393
3 1306 1392 1304
3 1390 1307 1302
3 1394 1307 1390
3 1395 1393 1392
3 1392 1306 1395
3 1306 1396 1395
3 1306 1308 1396
3 1398 1397 1310
3 1310 1397 1309
3 1310 1307 1394
3 1310 1394 1398
3 1311 1396 1308
3 1311 1399 1396
3 1397 1312 1309
3 1400 1312 1397
3 1313 1402 1401
3 1399 1313 1401
3 1311 1313 1399
3 1402 1403 1401
3 1405 1404 1315
3 1315 1404 1314
3 1315 1312 1400
3 1315 1400 1405
3 1316 1402 1313
3 1316 1317 1402
3 1317 1403 1402
3 1317 1406 1403
3 1409 1408 1407
3 1404 1409 1407
3 1318 1404 1407
3 1314 1404 1318
3 1319 1406 1317
3 1319 1410 1406
3 1407 1408 1321
3 1408 1320 1321
3 1408 1411 1320
3 1407 1321 1318
3 1412 1410 1319
3 1412 1319 1322
3 1322 1323 1412
3 1412 1323 1413
3 1414 1324 1325
3 1415 1414 1325
3 1320 1415 1325
3 1411 1415 1320
3 1326 1413 1323
3 1326 1416 1413
3 1418 1417 1414
3 1417 1324 1414
3 1417 1327 1324
3 1418 1414 1415
3 1328 1416 1326
3 1328 1419 1416
3 1417 1420 1327
3 1327 1420 1329
3 1330 1329 1420
3 1330 1420 1421
3 1333 1422 1332
3 1422 1423 1332
3 1423 1328 1332
3 1423 1419 1328
3 1334 1330 1424
3 1330 1425 1424
3 1330 1421 1425
3 1424 1336 1334
3 1427 1426 1422
3 1333 1427 1422
3 1337 1427 1333
3 1422 1426 1423
3 1425 1428 1424
3 1336 1424 1428
3 1429 1336 1428
3 1338 1336 1429
3 1339 1427 1337
3 1339 1430 1427
3 1429 1431 1338
3 1338 1431 1340
3 1341 1340 1431
3 1341 1431 1432
3 1435 1434 1433
3 1434 1430 1433
3 1430 1343 1433
3 1430 1339 1343
3 1432 1344 1341
3 1436 1344 1432
3 1435 1433 1345
3 1346 1435 1345
3 1437 1435 1346
3 1345 1433 1343
3 1436 1438 1344
3 1344 1438 1347
3 1348 1347 1438
3 1348 1438 1439
3 1349 1437 1346
3 1349 1440 1437
3 1439 1350 1348
3 1441 1350 1439
3 1443 1442 1351
3 1443 1351 1352
3 1349 1351 1440
3 1440 1351 1442
3 1441 1444 1350
3 1350 1444 1353
3 1354 1353 1444
3 1354 1444 1445
3 1355 1443 1352
3 1355 1446 1443
3 1445 1447 1354
3 1354 1447 1356
3 1356 1448 1357
3 1447 1448 1356
3 1448 1450 1449
3 1359 1448 1449
3 1357 1448 1359
3 1449 1361 1359
3 1453 1452 1451
3 1455 1454 1451
3 1455 1451 1452
3 1457 1456 1454
3 1457 1454 1455
3 1364 1363 1456
3 1457 1364 1456
3 1458 1364 1457
3 1364 1459 1365
3 1458 1459 1364
3 1365 1460 1366
3 1459 1460 1365
3 1355 1366 1446
3 1446 1366 1460
3 1450 1461 1449
3 1449 1461 1361
3 1461 1367 1361
3 1461 1462 1367
3 1367 1463 1368
3 1462 1463 1367
3 1368 1464 1369
3 1463 1464 1368
3 1451 1370 1453
3 1370 1464 1453
3 1370 1369 1464
3 1370 1451 1371
3 1371 1451 1454
3 1371 1454 1372
3 1372 1454 1456
3 1372 1456 1363
3 1466 1465 1374
3 1374 1465 1373
3 1467 1374 1375
3 1467 1466 1374
3 1468 1375 1376
3 1468 1467 1375
3 1469 1376 1377
3 1469 1468 1376
3 1470 1377 1378
3 1470 1469 1377
3 1472 1470 1471
3 1470 1379 1471
3 1470 1378 1379
3 1380 1473 1379
3 1379 1473 1471
3 1382 1473 1380
3 1475 1474 1384
3 1384 1474 1383
3 1476 1384 1385
3 1476 1475 1384
3 1477 1385 1386
3 1477 1476 1385
3 1386 1373 1465
3 1386 1465 1477
3 1478 1472 1471
3 1478 1471 1473
3 1478 1473 1479
3 1479 1473 1382
3 1387 1479 1382
3 1480 1479 1387
3 1481 1387 1388
3 1481 1480 1387
3 1388 1389 1481
3 1481 1389 1482
3 1483 1390 1391
3 1484 1483 1391
3 1383 1484 1391
3 1474 1484 1383
3 1393 1482 1389
3 1393 1485 1482
3 1487 1486 1483
3 1486 1390 1483
3 1486 1394 1390
3 1487 1483 1484
3 1488 1485 1393
3 1488 1393 1395
3 1395 1396 1488
3 1488 1396 1489
3 1491 1490 1398
3 1398 1490 1397
3 1398 1394 1486
3 1398 1486 1491
3 1399 1489 1396
3 1399 1492 1489
3 1490 1400 1397
3 1493 1400 1490
3 1399 1401 1494
3 1495 1399 1494
3 1492 1399 1495
3 1403 1494 1401
3 1497 1496 1405
3 1405 1496 1404
3 1405 1400 1493
3 1405 1493 1497
3 1498 1495 1494
3 1494 1403 1498
3 1403 1499 1498
3 1403 1406 1499
3 1500 1408 1409
3 1501 1500 1409
3 1404 1501 1409
3 1496 1501 1404
3 1410 1499 1406
3 1410 1502 1499
3 1504 1503 1500
3 1503 1408 1500
3 1503 1411 1408
3 1504 1500 1501
3 1505 1502 1410
3 1505 1410 1412
3 1412 1413 1505
3 1505 1413 1506
3 1509 1508 1507
3 1503 1509 1507
3 1415 1503 1507
3 1411 1503 1415
3 1416 1506 1413
3 1416 1510 1506
3 1507 1508 1418
3 1508 1417 1418
3 1508 1511 1417
3 1507 1418 1415
3 1419 1510 1416
3 1419 1512 1510
3 1511 1513 1417
3 1417 1513 1420
3 1421 1420 1513
3 1421 1513 1514
3 1517 1516 1515
3 1516 1512 1515
3 1512 1423 1515
3 1512 1419 1423
3 1514 1425 1421
3 1518 1425 1514
3 1517 1515 1426
3 1427 1517 1426
3 1519 1517 1427
3 1426 1515 1423
3 1518 1520 1425
3 1425 1520 1428
3 1429 1428 1520
3 1429 1520 1521
3 1430 1519 1427
3 1430 1522 1519
3 1521 1523 1429
3 1429 1523 1431
3 1432 1431 1523
3 1432 1523 1524
3 1435 1525 1434
3 1525 1526 1434
3 1526 1430 1434
3 1526 1522 1430
3 1524 1436 1432
3 1527 1436 1524
3 1529 1528 1525
3 1435 1529 1525
3 1437 1529 1435
3 1525 1528 1526
3 1527 1530 1436
3 1436 1530 1438
3 1439 1438 1530
3 1439 1530 1531
3 1440 1529 1437
3 1440 1532 1529
3 1531 1441 1439
3 1533 1441 1531
3 1535 1534 1442
3 1535 1442 1443
3 1440 1442 1532
3 1532 1442 1534
3 1533 1536 1441
3 1441 1536 1444
3 1445 1444 1536
3 1445 1536 1537
3 1446 1535 1443
3 1446 1538 1535
3 1537 1539 1445
3 1445 1539 1447
3 1447 1540 1448
3 1539 1540 1447
3 1542 1541 1450
3 1448 1542 1450
3 1540 1542 1448
3 1543 1541 1542
3 1453 1544 1452
3 1452 1544 1545
3 1546 1452 1545
3 1455 1452 1546
3 1455 1547 1457
3 1546 1547 1455
3 1457 1548 1458
3 1547 1548 1457
3 1458 1549 1459
3 1548 1549 1458
3 1459 1550 1460
3 1549 1550 1459
3 1446 1460 1538
3 1538 1460 1550
3 1541 1461 1450
3 1543 1551 1541
3 1551 1461 1541
3 1551 1462 1461
3 1462 1552 1463
3 1551 1552 1462
3 1463 1553 1464
3 1552 1553 1463
3 1453 1464 1544
3 1464 1554 1544
3 1464 1553 1554
3 1544 1554 1545
3 1555 1465 1466
3 1555 1466 1556
3 1466 1557 1556
3 1466 1467 1557
3 1558 1467 1468
3 1558 1557 1467
3 1559 1468 1469
3 1559 1558 1468
3 1560 1469 1470
3 1560 1559 1469
3 1562 1561 1472
3 1561 1470 1472
3 1561 1560 1470
3 1562 1563 1561
3 1565 1564 1475
3 1475 1564 1474
3 1566 1475 1476
3 1566 1565 1475
3 1567 1476 1477
3 1567 1566 1476
3 1477 1465 1555
3 1568 1477 1555
3 1567 1477 1568
3 1568 1555 1556
3 1478 1562 1472
3 1569 1563 1562
3 1478 1569 1562
3 1479 1569 1478
3 1570 1479 1480
3 1570 1569 1479
3 1571 1480 1481
3 1571 1570 1480
3 1481 1482 1571
3 1571 1482 1572
3 1575 1574 1573
3 1564 1575 1573
3 1484 1564 1573
3 1474 1564 1484
3 1485 1572 1482
3 1485 1576 1572
3 1573 1574 1487
3 1574 1486 1487
3 1574 1577 1486
3 1573 1487 1484
3 1578 1576 1485
3 1578 1485 1488
3 1488 1489 1578
3 1578 1489 1579
3 1581 1580 1491
3 1491 1580 1490
3 1491 1486 1577
3 1491 1577 1581
3 1492 1579 1489
3 1492 1582 1579
3 1580 1493 1490
3 1583 1493 1580
3 1495 1585 1584
3 1582 1495 1584
3 1492 1495 1582
3 1585 1586 1584
3 1588 1587 1497
3 1497 1587 1496
3 1497 1493 1583
3 1497 1583 1588
3 1498 1585 1495
3 1498 1499 1585
3 1499 1586 1585
3 1499 1589 1586
3 1587 1501 1496
3 1590 1501 1587
3 1502 1589 1499
3 1502 1591 1589
3 1593 1592 1504
3 1504 1592 1503
3 1504 1501 1590
3 1504 1590 1593
3 1594 1591 1502
3 1594 1502 1505
3 1505 1506 1594
3 1594 1506 1595
3 1596 1508 1509
3 1597 1596 1509
3 1503 1597 1509
3 1592 1597 1503
3 1510 1595 1506
3 1510 1598 1595
3 1600 1599 1596
3 1599 1508 1596
3 1599 1511 1508
3 1600 1596 1597
3 1512 1598 1510
3 1512 1601 1598
3 1599 1602 1511
3 1511 1602 1513
3 1514 1513 1602
3 1514 1602 1603
3 1517 1604 1516
3 1604 1605 1516
3 1605 1512 1516
3 1605 1601 1512
3 1607 1518 1606
3 1518 1603 1606
3 1518 1514 1603
3 1608 1607 1606
3 1610 1609 1604
3 1517 1610 1604
3 1519 1610 1517
3 1604 1609 1605
3 1607 1520 1518
3 1521 1520 1607
3 1608 1521 1607
3 1611 1521 1608
3 1522 1610 1519
3 1522 1612 1610
3 1611 1613 1521
3 1521 1613 1523
3 1524 1523 1613
3 1524 1613 1614
3 1617 1616 1615
3 1616 1612 1615
3 1612 1526 1615
3 1612 1522 1526
3 1614 1527 1524
3 1618 1527 1614
3 1617 1615 1528
3 1529 1617 1528
3 1619 1617 1529
3 1528 1615 1526
3 1618 1620 1527
3 1527 1620 1530
3 1531 1530 1620
3 1531 1620 1621
3 1532 1619 1529
3 1532 1622 1619
3 1621 1533 1531
3 1623 1533 1621
3 1625 1624 1534
3 1625 1534 1535
3 1532 1534 1622
3 1622 1534 1624
3 1623 1626 1533
3 1533 1626 1536
3 1537 1536 1626
3 1537 1626 1627
3 1538 1625 1535
3 1538 1628 1625
3 1627 1629 1537
3 1537 1629 1539
3 1539 1630 1540
3 1629 1630 1539
3 1540 1631 1542
3 1630 1631 1540
3 1543 1542 1631
3 1543 1631 1632
3 1545 1633 1546
3 1546 1633 1634
3 1635 1546 1634
3 1547 1546 1635
3 1547 1636 1548
3 1635 1636 1547
3 1548 1637 1549
3 1636 1637 1548
3 1549 1638 1550
3 1637 1638 1549
3 1538 1550 1628
3 1628 1550 1638
3 1632 1639 1543
3 1543 1639 1551
3 1551 1640 1552
3 1639 1640 1551
3 1552 1641 1553
3 1640 1641 1552
3 1553 1642 1554
3 1641 1642 1553
3 1545 1554 1633
3 1554 1643 1633
3 1554 1642 1643
3 1633 1643 1634
3 1646 1645 1644
3 1556 1557 1644
3 1557 1646 1644
3 1557 1647 1646
3 1648 1557 1558
3 1648 1647 1557
3 1649 1558 1559
3 1649 1648 1558
3 1650 1559 1560
3 1650 1649 1559
3 1651 1560 1561
3 1651 1650 1560
3 1561 1563 1651
3 1651 1563 1652
3 1654 1653 1565
3 1565 1653 1564
3 1655 1565 1566
3 1655 1654 1565
3 1656 1566 1567
3 1656 1655 1566
3 1568 1644 1645
3 1656 1568 1645
3 1567 1568 1656
3 1644 1568 1556
3 1657 1652 1563
3 1657 1563 1569
3 1658 1569 1570
3 1658 1657 1569
3 1659 1570 1571
3 1659 1658 1570
3 1571 1572 1659
3 1659 1572 1660
3 1662 1661 1575
3 1575 1661 1574
3 1575 1564 1653
3 1575 1653 1662
3 1576 1660 1572
3 1576 1663 1660
3 1661 1577 1574
3 1664 1577 1661
3 1665 1663 1576
3 1665 1576 1578
3 1578 1579 1665
3 1665 1579 1666
3 1668 1667 1581
3 1581 1667 1580
3 1581 1577 1664
3 1581 1664 1668
3 1582 1666 1579
3 1582 1669 1666
3 1667 1583 1580
3 1670 1583 1667
3 1582 1584 1671
3 1672 1582 1671
3 1669 1582 1672
3 1586 1671 1584
3 1674 1673 1588
3 1588 1673 1587
3 1588 1583 1670
3 1588 1670 1674
3 1675 1672 1671
3 1671 1586 1675
3 1586 1676 1675
3 1586 1589 1676
3 1673 1590 1587
3 1677 1590 1673
3 1591 1676 1589
3 1591 1678 1676
3 1680 1679 1593
3 1593 1679 1592
3 1593 1590 1677
3 1593 1677 1680
3 1681 1678 1591
3 1681 1591 1594
3 1594 1595 1681
3 1681 1595 1682
3 1679 1597 1592
3 1683 1597 1679
3 1598 1682 1595
3 1598 1684 1682
3 1685 1599 1600
3 1686 1685 1600
3 1597 1686 1600
3 1683 1686 1597
3 1601 1684 1598
3 1601 1687 1684
3 1685 1602 1599
3 1603 1602 1685
3 1686 1603 1685
3 1688 1603 1686
3 1605 1687 1601
3 1605 1689 1687
3 1688 1690 1603
3 1603 1690 1606
3 1608 1606 1690
3 1608 1690 1691
3 1693 1692 1609
3 1693 1609 1610
3 1605 1609 1689
3 1689 1609 1692
3 1691 1611 1608
3 1694 1611 1691
3 1612 1693 1610
3 1612 1695 1693
3 1613 1611 1696
3 1611 1697 1696
3 1611 1694 1697
3 1696 1614 1613
3 1617 1698 1616
3 1698 1699 1616
3 1699 1612 1616
3 1699 1695 1612
3 1697 1700 1696
3 1614 1696 1700
3 1701 1614 1700
3 1618 1614 1701
3 1703 1702 1698
3 1617 1703 1698
3 1619 1703 1617
3 1698 1702 1699
3 1701 1704 1618
3 1618 1704 1620
3 1621 1620 1704
3 1621 1704 1705
3 1622 1703 1619
3 1622 1706 1703
3 1708 1623 1707
3 1623 1705 1707
3 1623 1621 1705
3 1709 1708 1707
3 1711 1710 1624
3 1711 1624 1625
3 1622 1624 1706
3 1706 1624 1710
3 1708 1626 1623
3 1627 1626 1708
3 1709 1627 1708
3 1712 1627 1709
3 1628 1711 1625
3 1628 1713 1711
3 1712 1714 1627
3 1627 1714 1629
3 1629 1715 1630
3 1714 1715 1629
3 1715 1717 1716
3 1631 1715 1716
3 1630 1715 1631
3 1716 1632 1631
3 1634 1718 1635
3 1635 1718 1719
3 1720 1635 1719
3 1636 1635 1720
3 1636 1721 1637
3 1720 1721 1636
3 1637 1722 1638
3 1721 1722 1637
3 1628 1638 1713
3 1713 1638 1722
3 1717 1723 1716
3 1716 1723 1632
3 1723 1639 1632
3 1723 1724 1639
3 1639 1725 1640
3 1724 1725 1639
3 1640 1726 1641
3 1725 1726 1640
3 1641 1727 1642
3 1726 1727 1641
3 1642 1728 1643
3 1727 1728 1642
3 1634 1643 1718
3 1643 1729 1718
3 1643 1728 1729
3 1718 1729 1719
3 1731 1730 1646
3 1646 1730 1645
3 1732 1646 1647
3 1732 1731 1646
3 1733 1647 1648
3 1733 1732 1647
3 1734 1648 1649
3 1734 1733 1648
3 1735 1649 1650
3 1735 1734 1649
3 1736 1650 1651
3 1736 1735 1650
3 1651 1652 1736
3 1736 1652 1737
3 1739 1738 1654
3 1654 1738 1653
3 1740 1654 1655
3 1740 1739 1654
3 1741 1655 1656
3 1741 1740 1655
3 1656 1645 1730
3 1656 1730 1741
3 1742 1737 1652
3 1742 1652 1657
3 1743 1657 1658
3 1743 1742 1657
3 1744 1658 1659
3 1744 1743 1658
3 1659 1660 1744
3 1744 1660 1745
3 1747 1746 1662
3 1662 1746 1661
3 1662 1653 1738
3 1662 1738 1747
3 1663 1745 1660
3 1663 1748 1745
3 1746 1664 1661
3 1749 1664 1746
3 1750 1748 1663
3 1750 1663 1665
3 1665 1666 1750
3 1750 1666 1751
3 1753 1752 1668
3 1668 1752 1667
3 1668 1664 1749
3 1668 1749 1753
3 1669 1751 1666
3 1669 1754 1751
3 1752 1670 1667
3 1755 1670 1752
3 1672 1754 1669
3 1672 1756 1754
3 1758 1757 1674
3 1674 1757 1673
3 1674 1670 1755
3 1674 1755 1758
3 1759 1756 1672
3 1759 1672 1675
3 1675 1676 1759
3 1759 1676 1760
3 1763 1762 1761
3 1757 1763 1761
3 1677 1757 1761
3 1673 1757 1677
3 1678 1760 1676
3 1678 1764 1760
3 1761 1762 1680
3 1762 1679 1680
3 1762 1765 1679
3 1761 1680 1677
3 1766 1764 1678
3 1766 1678 1681
3 1681 1682 1766
3 1766 1682 1767
3 1770 1769 1768
3 1765 1770 1768
3 1683 1765 1768
3 1679 1765 1683
3 1684 1767 1682
3 1684 1771 1767
3 1768 1769 1772
3 1772 1769 1773
3 1772 1686 1683
3 1772 1683 1768
3 1687 1771 1684
3 1687 1774 1771
3 1773 1775 1772
3 1686 1772 1775
3 1776 1686 1775
3 1688 1686 1776
3 1689 1774 1687
3 1689 1777 1774
3 1776 1778 1688
3 1688 1778 1690
3 1691 1690 1778
3 1691 1778 1779
3 1781 1780 1692
3 1781 1692 1693
3 1689 1692 1777
3 1777 1692 1780
3 1779 1694 1691
3 1782 1694 1779
3 1695 1781 1693
3 1695 1783 1781
3 1785 1697 1784
3 1697 1782 1784
3 1697 1694 1782
3 1786 1785 1784
3 1789 1788 1787
3 1788 1783 1787
3 1783 1699 1787
3 1783 1695 1699
3 1785 1700 1697
3 1701 1700 1785
3 1786 1701 1785
3 1790 1701 1786
3 1789 1787 1702
3 1703 1789 1702
3 1791 1789 1703
3 1702 1787 1699
3 1790 1792 1701
3 1701 1792 1704
3 1705 1704 1792
3 1705 1792 1793
3 1706 1791 1703
3 1706 1794 1791
3 1707 1705 1795
3 1705 1796 1795
3 1705 1793 1796
3 1795 1709 1707
3 1798 1797 1710
3 1798 1710 1711
3 1706 1710 1794
3 1794 1710 1797
3 1796 1799 1795
3 1709 1795 1799
3 1800 1709 1799
3 1712 1709 1800
3 1713 1798 1711
3 1713 1801 1798
3 1800 1802 1712
3 1712 1802 1714
3 1714 1803 1715
3 1802 1803 1714
3 1805 1804 1717
3 1715 1805 1717
3 1803 1805 1715
3 1806 1804 1805
3 1809 1808 1807
3 1811 1810 1807
3 1811 1807 1808
3 1720 1719 1810
3 1811 1720 1810
3 1812 1720 1811
3 1720 1813 1721
3 1812 1813 1720
3 1721 1814 1722
3 1813 1814 1721
3 1713 1722 1801
3 1801 1722 1814
3 1804 1723 1717
3 1806 1815 1804
3 1815 1723 1804
3 1815 1724 1723
3 1724 1816 1725
3 1815 1816 1724
3 1725 1817 1726
3 1816 1817 1725
3 1726 1818 1727
3 1817 1818 1726
3 1807 1728 1809
3 1728 1818 1809
3 1728 1727 1818
3 1728 1807 1729
3 1729 1807 1810
3 1729 1810 1719
3 1820 1819 1731
3 1731 1819 1730
3 1821 1731 1732
3 1821 1820 1731
3 1822 1732 1733
3 1822 1821 1732
3 1823 1733 1734
3 1823 1822 1733
3 1824 1734 1735
3 1824 1823 1734
3 1825 1735 1736
3 1825 1824 1735
3 1827 1826 1737
3 1826 1736 1737
3 1826 1825 1736
3 1827 1828 1826
3 1830 1829 1739
3 1739 1829 1738
3 1831 1739 1740
3 1831 1830 1739
3 1832 1740 1741
3 1832 1831 1740
3 1741 1730 1819
3 1741 1819 1832
3 1742 1827 1737
3 1833 1828 1827
3 1742 1833 1827
3 1743 1833 1742
3 1834 1743 1744
3 1834 1833 1743
3 1744 1745 1834
3 1834 1745 1835
3 1836 1746 1747
3 1837 1836 1747
3 1738 1837 1747
3 1829 1837 1738
3 1748 1835 1745
3 1748 1838 1835
3 1840 1839 1836
3 1839 1746 1836
3 1839 1749 1746
3 1840 1836 1837
3 1841 1838 1748
3 1841 1748 1750
3 1750 1751 1841
3 1841 1751 1842
3 1844 1843 1753
3 1753 1843 1752
3 1753 1749 1839
3 1753 1839 1844
3 1754 1842 1751
3 1754 1845 1842
3 1843 1755 1752
3 1846 1755 1843
3 1756 1848 1847
3 1845 1756 1847
3 1754 1756 1845
3 1848 1849 1847
3 1851 1850 1758
3 1758 1850 1757
3 1758 1755 1846
3 1758 1846 1851
3 1759 1848 1756
3 1759 1760 1848
3 1760 1849 1848
3 1760 1852 1849
3 1853 1762 1763
3 1854 1853 1763
3 1757 1854 1763
3 1850 1854 1757
3 1764 1852 1760
3 1764 1855 1852
3 1857 1856 1853
3 1856 1762 1853
3 1856 1765 1762
3 1857 1853 1854
3 1858 1855 1764
3 1858 1764 1766
3 1766 1767 1858
3 1858 1767 1859
3 1861 1860 1770
3 1770 1860 1769
3 1770 1765 1856
3 1770 1856 1861
3 1771 1859 1767
3 1771 1862 1859
3 1860 1773 1769
3 1863 1773 1860
3 1774 1862 1771
3 1774 1864 1862
3 1863 1865 1773
3 1773 1865 1775
3 1776 1775 1865
3 1776 1865 1866
3 1777 1864 1774
3 1777 1867 1864
3 1778 1776 1868
3 1776 1869 1868
3 1776 1866 1869
3 1868 1779 1778
3 1871 1870 1780
3 1871 1780 1781
3 1777 1780 1867
3 1867 1780 1870
3 1869 1872 1868
3 1779 1868 1872
3 1873 1779 1872
3 1782 1779 1873
3 1783 1871 1781
3 1783 1874 1871
3 1873 1875 1782
3 1782 1875 1784
3 1786 1784 1875
3 1786 1875 1876
3 1789 1877 1788
3 1877 1878 1788
3 1878 1783 1788
3 1878 1874 1783
3 1876 1790 1786
3 1879 1790 1876
3 1881 1880 1877
3 1789 1881 1877
3 1791 1881 1789
3 1877 1880 1878
3 1879 1882 1790
3 1790 1882 1792
3 1793 1792 1882
3 1793 1882 1883
3 1794 1881 1791
3 1794 1884 1881
3 1883 1796 1793
3 1885 1796 1883
3 1887 1886 1797
3 1887 1797 1798
3 1794 1797 1884
3 1884 1797 1886
3 1885 1888 1796
3 1796 1888 1799
3 1800 1799 1888
3 1800 1888 1889
3 1801 1887 1798
3 1801 1890 1887
3 1889 1891 1800
3 1800 1891 1802
3 1802 1892 1803
3 1891 1892 1802
3 1803 1893 1805
3 1892 1893 1803
3 1806 1805 1893
3 1806 1893 1894
3 1809 1895 1808
3 1808 1895 1896
3 1897 1808 1896
3 1811 1808 1897
3 1811 1898 1812
3 1897 1898 1811
3 1812 1899 1813
3 1898 1899 1812
3 1813 1900 1814
3 1899 1900 1813
3 1801 1814 1890
3 1890 1814 1900
3 1894 1901 1806
3 1806 1901 1815
3 1815 1902 1816
3 1901 1902 1815
3 1816 1903 1817
3 1902 1903 1816
3 1817 1904 1818
3 1903 1904 1817
3 1809 1818 1895
3 1818 1905 1895
3 1818 1904 1905
3 1895 1905 1896
3 1908 1907 1906
3 1819 1820 1906
3 1820 1908 1906
3 1820 1909 1908
3 1910 1820 1821
3 1910 1909 1820
3 1911 1821 1822
3 1911 1910 1821
3 1912 1822 1823
3 1912 1911 1822
3 1913 1823 1824
3 1913 1912 1823
3 1915 1913 1914
3 1913 1825 1914
3 1913 1824 1825
3 1826 1916 1825
3 1825 1916 1914
3 1828 1916 1826
3 1918 1917 1830
3 1830 1917 1829
3 1919 1830 1831
3 1919 1918 1830
3 1832 1906 1907
3 1919 1832 1907
3 1831 1832 1919
3 1906 1832 1819
3 1920 1915 1914
3 1920 1914 1916
3 1920 1916 1921
3 1921 1916 1828
3 1833 1921 1828
3 1922 1921 1833
3 1923 1833 1834
3 1923 1922 1833
3 1834 1835 1923
3 1923 1835 1924
3 1917 1837 1829
3 1925 1837 1917
3 1838 1924 1835
3 1838 1926 1924
3 1928 1927 1840
3 1840 1927 1839
3 1840 1837 1925
3 1840 1925 1928
3 1929 1926 1838
3 1929 1838 1841
3 1841 1842 1929
3 1929 1842 1930
3 1932 1931 1844
3 1844 1931 1843
3 1844 1839 1927
3 1844 1927 1932
3 1845 1930 1842
3 1845 1933 1930
3 1931 1846 1843
3 1934 1846 1931
3 1935 1933 1845
3 1935 1845 1847
3 1847 1849 1935
3 1935 1849 1936
3 1938 1937 1851
3 1851 1937 1850
3 1851 1846 1934
3 1851 1934 1938
3 1852 1936 1849
3 1852 1939 1936
3 1937 1854 1850
3 1940 1854 1937
3 1855 1939 1852
3 1855 1941 1939
3 1943 1942 1857
3 1857 1942 1856
3 1857 1854 1940
3 1857 1940 1943
3 1944 1941 1855
3 1944 1855 1858
3 1858 1859 1944
3 1944 1859 1945
3 1946 1860 1861
3 1947 1946 1861
3 1856 1947 1861
3 1942 1947 1856
3 1862 1945 1859
3 1862 1948 1945
3 1950 1949 1946
3 1949 1860 1946
3 1949 1863 1860
3 1950 1946 1947
3 1864 1948 1862
3 1864 1951 1948
3 1949 1952 1863
3 1863 1952 1865
3 1866 1865 1952
3 1866 1952 1953
3 1867 1951 1864
3 1867 1954 1951
3 1956 1869 1955
3 1869 1953 1955
3 1869 1866 1953
3 1957 1956 1955
3 1959 1958 1870
3 1959 1870 1871
3 1867 1870 1954
3 1954 1870 1958
3 1956 1872 1869
3 1873 1872 1956
3 1957 1873 1956
3 1960 1873 1957
3 1874 1959 1871
3 1874 1961 1959
3 1960 1962 1873
3 1873 1962 1875
3 1876 1875 1962
3 1876 1962 1963
3 1966 1965 1964
3 1965 1961 1964
3 1961 1878 1964
3 1961 1874 1878
3 1963 1879 1876
3 1967 1879 1963
3 1966 1964 1880
3 1881 1966 1880
3 1968 1966 1881
3 1880 1964 1878
3 1967 1969 1879
3 1879 1969 1882
3 1883 1882 1969
3 1883 1969 1970
3 1884 1968 1881
3 1884 1971 1968
3 1973 1885 1972
3 1885 1970 1972
3 1885 1883 1970
3 1974 1973 1972
3 1976 1975 1886
3 1976 1886 1887
3 1884 1886 1971
3 1971 1886 1975
3 1973 1888 1885
3 1889 1888 1973
3 1974 1889 1973
3 1977 1889 1974
3 1890 1976 1887
3 1890 1978 1976
3 1977 1979 1889
3 1889 1979 1891
3 1891 1980 1892
3 1979 1980 1891
3 1892 1981 1893
3 1980 1981 1892
3 1894 1893 1981
3 1894 1981 1982
3 1896 1983 1897
3 1897 1983 1984
3 1985 1897 1984
3 1898 1897 1985
3 1898 1986 1899
3 1985 1986 1898
3 1899 1987 1900
3 1986 1987 1899
3 1890 1900 1978
3 1978 1900 1987
3 1982 1988 1894
3 1894 1988 1901
3 1901 1989 1902
3 1988 1989 1901
3 1902 1990 1903
3 1989 1990 1902
3 1903 1991 1904
3 1990 1991 1903
3 1904 1992 1905
3 1991 1992 1904
3 1896 1905 1983
3 1905 1993 1983
3 1905 1992 1993
3 1983 1993 1984
3 1994 1907 1908
3 1994 1908 1995
3 1908 1996 1995
3 1908 1909 1996
3 1997 1909 1910
3 1997 1996 1909
3 1998 1910 1911
3 1998 1997 1910
3 1999 1911 1912
3 1999 1998 1911
3 2000 1912 1913
3 2000 1999 1912
3 2002 2001 1915
3 2001 1913 1915
3 2001 2000 1913
3 2002 2003 2001
3 2005 2004 1918
3 1918 2004 1917
3 2006 1918 1919
3 2006 2005 1918
3 1919 1907 1994
3 2007 1919 1994
3 2006 1919 2007
3 2007 1994 1995
3 1920 2002 1915
3 2008 2003 2002
3 1920 2008 2002
3 1921 2008 1920
3 2009 1921 1922
3 2009 2008 1921
3 2010 1922 1923
3 2010 2009 1922
3 1923 1924 2010
3 2010 1924 2011
3 2014 2013 2012
3 2004 2014 2012
3 1925 2004 2012
3 1917 2004 1925
3 1926 2011 1924
3 1926 2015 2011
3 2012 2013 1928
3 2013 1927 1928
3 2013 2016 1927
3 2012 1928 1925
3 2017 2015 1926
3 2017 1926 1929
3 1929 1930 2017
3 2017 1930 2018
3 2020 2019 1932
3 1932 2019 1931
3 1932 1927 2016
3 1932 2016 2020
3 1933 2018 1930
3 1933 2021 2018
3 2019 1934 1931
3 2022 1934 2019
3 1933 1935 2023
3 2024 1933 2023
3 2021 1933 2024
3 1936 2023 1935
3 2026 2025 1938
3 1938 2025 1937
3 1938 1934 2022
3 1938 2022 2026
3 2027 2024 2023
3 2023 1936 2027
3 1936 2028 2027
3 1936 1939 2028
3 2025 1940 1937
3 2029 1940 2025
3 1941 2028 1939
3 1941 2030 2028
3 2032 2031 1943
3 1943 2031 1942
3 1943 1940 2029
3 1943 2029 2032
3 2033 2030 1941
3 2033 1941 1944
3 1944 1945 2033
3 2033 1945 2034
3 2031 1947 1942
3 2035 1947 2031
3 1948 2034 1945
3 1948 2036 2034
3 2038 2037 1950
3 1950 2037 1949
3 1950 1947 2035
3 1950 2035 2038
3 1951 2036 1948
3 1951 2039 2036
3 2037 2040 1949
3 1949 2040 1952
3 1953 1952 2040
3 1953 2040 2041
3 1954 2039 1951
3 1954 2042 2039
3 1955 1953 2043
3 1953 2044 2043
3 1953 2041 2044
3 2043 1957 1955
3 2046 2045 1958
3 2046 1958 1959
3 1954 1958 2042
3 2042 1958 2045
3 2044 2047 2043
3 1957 2043 2047
3 2048 1957 2047
3 1960 1957 2048
3 1961 2046 1959
3 1961 2049 2046
3 2048 2050 1960
3 1960 2050 1962
3 1963 1962 2050
3 1963 2050 2051
3 1966 2052 1965
3 2052 2053 1965
3 2053 1961 1965
3 2053 2049 1961
3 2051 1967 1963
3 2054 1967 2051
3 2056 2055 2052
3 1966 2056 2052
3 1968 2056 1966
3 2052 2055 2053
3 2054 2057 1967
3 1967 2057 1969
3 1970 1969 2057
3 1970 2057 2058
3 1971 2056 1968
3 1971 2059 2056
3 1972 1970 2060
3 1970 2061 2060
3 1970 2058 2061
3 2060 1974 1972
3 2063 2062 1975
3 2063 1975 1976
3 1971 1975 2059
3 2059 1975 2062
3 2061 2064 2060
3 1974 2060 2064
3 2065 1974 2064
3 1977 1974 2065
3 1978 2063 1976
3 1978 2066 2063
3 2065 2067 1977
3 1977 2067 1979
3 1979 2068 1980
3 2067 2068 1979
3 1980 2069 1981
3 2068 2069 1980
3 1982 1981 2069
3 1982 2069 2070
3 2073 2072 2071
3 2075 2074 2071
3 2075 2071 2072
3 1985 1984 2074
3 2075 1985 2074
3 2076 1985 2075
3 1985 2077 1986
3 2076 2077 1985
3 1986 2078 1987
3 2077 2078 1986
3 1978 1987 2066
3 2066 1987 2078
3 2070 2079 1982
3 1982 2079 1988
3 1988 2080 1989
3 2079 2080 1988
3 1989 2081 1990
3 2080 2081 1989
3 1990 2082 1991
3 2081 2082 1990
3 2071 1992 2073
3 1992 2082 2073
3 1992 1991 2082
3 1992 2071 1993
3 1993 2071 2074
3 1993 2074 1984
3 2084 2083 1996
3 1996 2083 1995
3 2085 1996 1997
3 2085 2084 1996
3 2086 1997 1998
3 2086 2085 1997
3 2087 1998 1999
3 2087 2086 1998
3 2088 1999 2000
3 2088 2087 1999
3 2090 2088 2089
3 2088 2001 2089
3 2088 2000 2001
3 2003 2089 2001
3 2092 2091 2005
3 2005 2091 2004
3 2093 2005 2006
3 2093 2092 2005
3 2094 2006 2007
3 2094 2093 2006
3 2007 1995 2083
3 2007 2083 2094
3 2095 2090 2089
3 2095 2089 2003
3 2008 2095 2003
3 2096 2095 2008
3 2097 2008 2009
3 2097 2096 2008
3 2098 2009 2010
3 2098 2097 2009
3 2010 2011 2098
3 2098 2011 2099
3 2101 2100 2014
3 2014 2100 2013
3 2014 2004 2091
3 2014 2091 2101
3 2015 2099 2011
3 2015 2102 2099
3 2100 2016 2013
3 2103 2016 2100
3 2104 2102 2015
3 2104 2015 2017
3 2017 2018 2104
3 2104 2018 2105
3 2107 2106 2020
3 2020 2106 2019
3 2020 2016 2103
3 2020 2103 2107
3 2021 2105 2018
3 2021 2108 2105
3 2106 2022 2019
3 2109 2022 2106
3 2024 2108 2021
3 2024 2110 2108
3 2112 2111 2026
3 2026 2111 2025
3 2026 2022 2109
3 2026 2109 2112
3 2113 2110 2024
3 2113 2024 2027
3 2027 2028 2113
3 2113 2028 2114
3 2117 2116 2115
3 2111 2117 2115
3 2029 2111 2115
3 2025 2111 2029
3 2030 2114 2028
3 2030 2118 2114
3 2115 2116 2032
3 2116 2031 2032
3 2116 2119 2031
3 2115 2032 2029
3 2120 2118 2030
3 2120 2030 2033
3 2033 2034 2120
3 2120 2034 2121
3 2124 2123 2122
3 2119 2124 2122
3 2035 2119 2122
3 2031 2119 2035
3 2036 2121 2034
3 2036 2125 2121
3 2122 2123 2038
3 2123 2037 2038
3 2123 2126 2037
3 2122 2038 2035
3 2039 2125 2036
3 2039 2127 2125
3 2126 2128 2037
3 2037 2128 2040
3 2041 2040 2128
3 2041 2128 2129
3 2042 2127 2039
3 2042 2130 2127
3 2129 2044 2041
3 2131 2044 2129
3 2133 2132 2045
3 2133 2045 2046
3 2042 2045 2130
3 2130 2045 2132
3 2131 2134 2044
3 2044 2134 2047
3 2048 2047 2134
3 2048 2134 2135
3 2049 2133 2046
3 2049 2136 2133
3 2050 2048 2137
3 2048 2138 2137
3 2048 2135 2138
3 2137 2051 2050
3 2141 2140 2139
3 2140 2136 2139
3 2136 2053 2139
3 2136 2049 2053
3 2138 2142 2137
3 2051 2137 2142
3 2143 2051 2142
3 2054 2051 2143
3 2141 2139 2055
3 2056 2141 2055
3 2144 2141 2056
3 2055 2139 2053
3 2143 2145 2054
3 2054 2145 2057
3 2058 2057 2145
3 2058 2145 2146
3 2059 2144 2056
3 2059 2147 2144
3 2146 2061 2058
3 2148 2061 2146
3 2150 2149 2062
3 2150 2062 2063
3 2059 2062 2147
3 2147 2062 2149
3 2148 2151 2061
3 2061 2151 2064
3 2065 2064 2151
3 2065 2151 2152
3 2066 2150 2063
3 2066 2153 2150
3 2152 2154 2065
3 2065 2154 2067
3 2067 2155 2068
3 2154 2155 2067
3 2068 2156 2069
3 2155 2156 2068
3 2070 2069 2156
3 2070 2156 2157
3 2073 2158 2072
3 2072 2158 2159
3 2160 2072 2159
3 2075 2072 2160
3 2075 2161 2076
3 2160 2161 2075
3 2076 2162 2077
3 2161 2162 2076
3 2077 2163 2078
3 2162 2163 2077
3 2066 2078 2153
3 2153 2078 2163
3 2157 2164 2070
3 2070 2164 2079
3 2079 2165 2080
3 2164 2165 2079
3 2080 2166 2081
3 2165 2166 2080
3 2081 2167 2082
3 2166 2167 2081
3 2073 2082 2158
3 2082 2168 2158
3 2082 2167 2168
3 2158 2168 2159
3 2170 2169 2084
3 2084 2169 2083
3 2171 2084 2085
3 2171 2170 2084
3 2172 2085 2086
3 2172 2171 2085
3 2173 2086 2087
3 2173 2172 2086
3 2174 2087 2088
3 2174 2173 2087
3 2176 2175 2090
3 2175 2088 2090
3 2175 2174 2088
3 2176 2177 2175
3 2179 2178 2092
3 2092 2178 2091
3 2180 2092 2093
3 2180 2179 2092
3 2181 2093 2094
3 2181 2180 2093
3 2094 2083 2169
3 2094 2169 2181
3 2095 2176 2090
3 2182 2177 2176
3 2095 2182 2176
3 2096 2182 2095
3 2183 2096 2097
3 2183 2182 2096
3 2184 2097 2098
3 2184 2183 2097
3 2098 2099 2184
3 2184 2099 2185
3 2187 2186 2101
3 2101 2186 2100
3 2101 2091 2178
3 2101 2178 2187
3 2102 2185 2099
3 2102 2188 2185
3 2186 2103 2100
3 2189 2103 2186
3 2190 2188 2102
3 2190 2102 2104
3 2104 2105 2190
3 2190 2105 2191
3 2193 2192 2107
3 2107 2192 2106
3 2107 2103 2189
3 2107 2189 2193
3 2108 2191 2105
3 2108 2194 2191
3 2192 2109 2106
3 2195 2109 2192
3 2110 2197 2196
3 2194 2110 2196
3 2108 2110 2194
3 2197 2198 2196
3 2200 2199 2112
3 2112 2199 2111
3 2112 2109 2195
3 2112 2195 2200
3 2113 2197 2110
3 2113 2114 2197
3 2114 2198 2197
3 2114 2201 2198
3 2202 2116 2117
3 2203 2202 2117
3 2111 2203 2117
3 2199 2203 2111
3 2118 2201 2114
3 2118 2204 2201
3 2206 2205 2202
3 2205 2116 2202
3 2205 2119 2116
3 2206 2202 2203
3 2207 2204 2118
3 2207 2118 2120
3 2120 2121 2207
3 2207 2121 2208
3 2210 2209 2124
3 2124 2209 2123
3 2124 2119 2205
3 2124 2205 2210
3 2125 2208 2121
3 2125 2211 2208
3 2209 2126 2123
3 2212 2126 2209
3 2127 2211 2125
3 2127 2213 2211
3 2212 2214 2126
3 2126 2214 2128
3 2129 2128 2214
3 2129 2214 2215
3 2130 2213 2127
3 2130 2216 2213
3 2218 2131 2217
3 2131 2215 2217
3 2131 2129 2215
3 2219 2218 2217
3 2221 2220 2132
3 2221 2132 2133
3 2130 2132 2216
3 2216 2132 2220
3 2218 2134 2131
3 2135 2134 2218
3 2219 2135 2218
3 2222 2135 2219
3 2136 2221 2133
3 2136 2223 2221
3 2225 2138 2224
3 2138 2222 2224
3 2138 2135 2222
3 2226 2225 2224
3 2141 2227 2140
3 2227 2228 2140
3 2228 2136 2140
3 2228 2223 2136
3 2225 2142 2138
3 2143 2142 2225
3 2226 2143 2225
3 2229 2143 2226
3 2231 2230 2227
3 2141 2231 2227
3 2144 2231 2141
3 2227 2230 2228
3 2229 2232 2143
3 2143 2232 2145
3 2146 2145 2232
3 2146 2232 2233
3 2147 2231 2144
3 2147 2234 2231
3 2233 2148 2146
3 2235 2148 2233
3 2237 2236 2149
3 2237 2149 2150
3 2147 2149 2234
3 2234 2149 2236
3 2235 2238 2148
3 2148 2238 2151
3 2152 2151 2238
3 2152 2238 2239
3 2153 2237 2150
3 2153 2240 2237
3 2239 2241 2152
3 2152 2241 2154
3 2154 2242 2155
3 2241 2242 2154
3 2155 2243 2156
3 2242 2243 2155
3 2157 2156 2243
3 2157 2243 2244
3 2159 2245 2160
3 2160 2245 2246
3 2247 2160 2246
3 2161 2160 2247
3 2161 2248 2162
3 2247 2248 2161
3 2162 2249 2163
3 2248 2249 2162
3 2153 2163 2240
3 2240 2163 2249
3 2244 2250 2157
3 2157 2250 2164
3 2164 2251 2165
3 2250 2251 2164
3 2165 2252 2166
3 2251 2252 2165
3 2166 2253 2167
3 2252 2253 2166
3 2167 2254 2168
3 2253 2254 2167
3 2159 2168 2245
3 2168 2255 2245
3 2168 2254 2255
3 2245 2255 2246
3 2258 2257 2256
3 2169 2170 2256
3 2170 2258 2256
3 2170 2259 2258
3 2260 2170 2171
3 2260 2259 2170
3 2261 2171 2172
3 2261 2260 2171
3 2262 2172 2173
3 2262 2261 2172
3 2263 2173 2174
3 2263 2262 2173
3 2265 2263 2264
3 2263 2175 2264
3 2263 2174 2175
3 2177 2264 2175
3 2267 2266 2179
3 2179 2266 2178
3 2268 2179 2180
3 2268 2267 2179
3 2181 2256 2257
3 2268 2181 2257
3 2180 2181 2268
3 2256 2181 2169
3 2269 2265 2264
3 2269 2264 2177
3 2182 2269 2177
3 2270 2269 2182
3 2271 2182 2183
3 2271 2270 2182
3 2272 2183 2184
3 2272 2271 2183
3 2184 2185 2272
3 2272 2185 2273
3 2274 2186 2187
3 2275 2274 2187
3 2178 2275 2187
3 2266 2275 2178
3 2188 2273 2185
3 2188 2276 2273
3 2278 2277 2274
3 2277 2186 2274
3 2277 2189 2186
3 2278 2274 2275
3 2279 2276 2188
3 2279 2188 2190
3 2190 2191 2279
3 2279 2191 2280
3 2282 2281 2193
3 2193 2281 2192
3 2193 2189 2277
3 2193 2277 2282
3 2194 2280 2191
3 2194 2283 2280
3 2281 2195 2192
3 2284 2195 2281
3 2194 2196 2285
3 2286 2194 2285
3 2283 2194 2286
3 2198 2285 2196
3 2288 2287 2200
3 2200 2287 2199
3 2200 2195 2284
3 2200 2284 2288
3 2289 2286 2285
3 2285 2198 2289
3 2198 2290 2289
3 2198 2201 2290
3 2287 2203 2199
3 2291 2203 2287
3 2204 2290 2201
3 2204 2292 2290
3 2294 2293 2206
3 2206 2293 2205
3 2206 2203 2291
3 2206 2291 2294
3 2295 2292 2204
3 2295 2204 2207
3 2207 2208 2295
3 2295 2208 2296
3 2297 2209 2210
3 2298 2297 2210
3 2205 2298 2210
3 2293 2298 2205
3 2211 2296 2208
3 2211 2299 2296
3 2301 2300 2297
3 2300 2209 2297
3 2300 2212 2209
3 2301 2297 2298
3 2213 2299 2211
3 2213 2302 2299
3 2300 2303 2212
3 2212 2303 2214
3 2215 2214 2303
3 2215 2303 2304
3 2307 2306 2305
3 2306 2302 2305
3 2302 2216 2305
3 2302 2213 2216
3 2304 2308 2215
3 2215 2308 2217
3 2219 2217 2308
3 2219 2308 2309
3 2307 2305 2220
3 2221 2307 2220
3 2310 2307 2221
3 2220 2305 2216
3 2309 2222 2219
3 2311 2222 2309
3 2223 2310 2221
3 2223 2312 2310
3 2311 2313 2222
3 2222 2313 2224
3 2226 2224 2313
3 2226 2313 2314
3 2317 2316 2315
3 2316 2312 2315
3 2312 2228 2315
3 2312 2223 2228
3 2314 2229 2226
3 2318 2229 2314
3 2317 2315 2230
3 2231 2317 2230
3 2319 2317 2231
3 2230 2315 2228
3 2318 2320 2229
3 2229 2320 2232
3 2233 2232 2320
3 2233 2320 2321
3 2234 2319 2231
3 2234 2322 2319
3 2321 2235 2233
3 2323 2235 2321
3 2325 2324 2236
3 2325 2236 2237
3 2234 2236 2322
3 2322 2236 2324
3 2323 2326 2235
3 2235 2326 2238
3 2239 2238 2326
3 2239 2326 2327
3 2240 2325 2237
3 2240 2328 2325
3 2327 2329 2239
3 2239 2329 2241
3 2241 2330 2242
3 2329 2330 2241
3 2330 2332 2331
3 2243 2330 2331
3 2242 2330 2243
3 2331 2244 2243
3 2335 2334 2333
3 2247 2246 2333
3 2334 2247 2333
3 2336 2247 2334
3 2247 2337 2248
3 2336 2337 2247
3 2248 2338 2249
3 2337 2338 2248
3 2240 2249 2328
3 2328 2249 2338
3 2332 2339 2331
3 2331 2339 2244
3 2339 2250 2244
3 2339 2340 2250
3 2250 2341 2251
3 2340 2341 2250
3 2251 2342 2252
3 2341 2342 2251
3 2252 2343 2253
3 2342 2343 2252
3 2253 2344 2254
3 2343 2344 2253
3 2333 2255 2335
3 2255 2344 2335
3 2255 2254 2344
3 2255 2333 2246
3 2345 2257 2258
3 2259 2346 2258
3 2258 2346 2345
3 2346 2259 2347
3 2259 2348 2347
3 2259 2260 2348
3 2349 2260 2261
3 2349 2348 2260
3 2350 2261 2262
3 2350 2349 2261
3 2351 2262 2263
3 2351 2350 2262
3 2353 2352 2265
3 2352 2263 2265
3 2352 2351 2263
3 2353 2354 2352
3 2356 2355 2267
3 2267 2355 2266
3 2357 2267 2268
3 2357 2356 2267
3 2268 2257 2345
3 2358 2268 2345
3 2357 2268 2358
3 2358 2345 2346
3 2358 2346 2359
3 2359 2346 2347
3 2269 2353 2265
3 2360 2354 2353
3 2269 2360 2353
3 2270 2360 2269
3 2361 2270 2271
3 2361 2360 2270
3 2362 2271 2272
3 2362 2361 2271
3 2272 2273 2362
3 2362 2273 2363
3 2355 2275 2266
3 2364 2275 2355
3 2276 2363 2273
3 2276 2365 2363
3 2367 2366 2278
3 2278 2366 2277
3 2278 2275 2364
3 2278 2364 2367
3 2368 2365 2276
3 2368 2276 2279
3 2279 2280 2368
3 2368 2280 2369
3 2371 2370 2282
3 2282 2370 2281
3 2282 2277 2366
3 2282 2366 2371
3 2283 2369 2280
3 2283 2372 2369
3 2370 2284 2281
3 2373 2284 2370
3 2286 2372 2283
3 2286 2374 2372
3 2376 2375 2288
3 2288 2375 2287
3 2288 2284 2373
3 2288 2373 2376
3 2377 2374 2286
3 2377 2286 2289
3 2289 2290 2377
3 2377 2290 2378
3 2375 2291 2287
3 2379 2291 2375
3 2292 2378 2290
3 2292 2380 2378
3 2382 2381 2294
3 2294 2381 2293
3 2294 2291 2379
3 2294 2379 2382
3 2383 2380 2292
3 2383 2292 2295
3 2295 2296 2383
3 2383 2296 2384
3 2381 2298 2293
3 2385 2298 2381
3 2299 2384 2296
3 2299 2386 2384
3 2388 2387 2301
3 2301 2387 2300
3 2301 2298 2385
3 2301 2385 2388
3 2302 2386 2299
3 2302 2389 2386
3 2387 2390 2300
3 2300 2390 2303
3 2304 2303 2390
3 2304 2390 2391
3 2307 2392 2306
3 2392 2393 2306
3 2393 2302 2306
3 2393 2389 2302
3 2391 2394 2304
3 2304 2394 2308
3 2309 2308 2394
3 2309 2394 2395
3 2397 2396 2392
3 2307 2397 2392
3 2310 2397 2307
3 2392 2396 2393
3 2395 2311 2309
3 2398 2311 2395
3 2312 2397 2310
3 2312 2399 2397
3 2398 2400 2311
3 2311 2400 2313
3 2314 2313 2400
3 2314 2400 2401
3 2403 2402 2316
3 2403 2316 2317
3 2312 2316 2399
3 2399 2316 2402
3 2401 2318 2314
3 2404 2318 2401
3 2319 2403 2317
3 2319 2405 2403
3 2404 2406 2318
3 2318 2406 2320
3 2321 2320 2406
3 2321 2406 2407
3 2322 2405 2319
3 2322 2408 2405
3 2407 2323 2321
3 2409 2323 2407
3 2411 2410 2324
3 2411 2324 2325
3 2322 2324 2408
3 2408 2324 2410
3 2409 2412 2323
3 2323 2412 2326
3 2327 2326 2412
3 2327 2412 2413
3 2328 2411 2325
3 2328 2414 2411
3 2413 2415 2327
3 2327 2415 2329
3 2329 2416 2330
3 2415 2416 2329
3 2418 2417 2332
3 2330 2418 2332
3 2416 2418 2330
3 2419 2417 2418
3 2422 2421 2420
3 2334 2335 2420
3 2421 2334 2420
3 2423 2334 2421
3 2334 2424 2336
3 2423 2424 2334
3 2336 2425 2337
3 2424 2425 2336
3 2337 2426 2338
3 2425 2426 2337
3 2328 2338 2414
3 2414 2338 2426
3 2417 2339 2332
3 2419 2427 2417
3 2427 2339 2417
3 2427 2340 2339
3 2340 2428 2341
3 2427 2428 2340
3 2341 2429 2342
3 2428 2429 2341
3 2342 2430 2343
3 2429 2430 2342
3 2420 2344 2422
3 2344 2430 2422
3 2344 2343 2430
3 2344 2420 2335
3 2433 2432 2431
3 2347 2348 2431
3 2348 2433 2431
3 2348 2434 2433
3 2435 2348 2349
3 2435 2434 2348
3 2436 2349 2350
3 2436 2435 2349
3 2437 2350 2351
3 2437 2436 2350
3 2438 2351 2352
3 2438 2437 2351
3 2352 2354 2438
3 2438 2354 2439
3 2441 2440 2356
3 2356 2440 2355
3 2442 2356 2357
3 2442 2441 2356
3 2443 2357 2358
3 2443 2442 2357
3 2359 2431 2432
3 2443 2359 2432
3 2358 2359 2443
3 2431 2359 2347
3 2444 2439 2354
3 2444 2354 2360
3 2445 2360 2361
3 2445 2444 2360
3 2446 2361 2362
3 2446 2445 2361
3 2362 2363 2446
3 2446 2363 2447
3 2450 2449 2448
3 2440 2450 2448
3 2364 2440 2448
3 2355 2440 2364
3 2365 2447 2363
3 2365 2451 2447
3 2448 2449 2367
3 2449 2366 2367
3 2449 2452 2366
3 2448 2367 2364
3 2453 2451 2365
3 2453 2365 2368
3 2368 2369 2453
3 2453 2369 2454
3 2456 2455 2371
3 2371 2455 2370
3 2371 2366 2452
3 2371 2452 2456
3 2372 2454 2369
3 2372 2457 2454
3 2455 2373 2370
3 2458 2373 2455
3 2374 2457 2372
3 2374 2459 2457
3 2461 2460 2376
3 2376 2460 2375
3 2376 2373 2458
3 2376 2458 2461
3 2462 2459 2374
3 2462 2374 2377
3 2377 2378 2462
3 2462 2378 2463
3 2460 2379 2375
3 2464 2379 2460
3 2380 2463 2378
3 2380 2465 2463
3 2467 2466 2382
3 2382 2466 2381
3 2382 2379 2464
3 2382 2464 2467
3 2468 2465 2380
3 2468 2380 2383
3 2383 2384 2468
3 2468 2384 2469
3 2472 2471 2470
3 2466 2472 2470
3 2385 2466 2470
3 2381 2466 2385
3 2386 2469 2384
3 2386 2473 2469
3 2470 2471 2388
3 2471 2387 2388
3 2471 2474 2387
3 2470 2388 2385
3 2389 2473 2386
3 2389 2475 2473
3 2474 2476 2387
3 2387 2476 2390
3 2391 2390 2476
3 2391 2476 2477
3 2480 2479 2478
3 2479 2475 2478
3 2475 2393 2478
3 2475 2389 2393
3 2394 2391 2481
3 2391 2482 2481
3 2391 2477 2482
3 2481 2395 2394
3 2480 2478 2396
3 2397 2480 2396
3 2483 2480 2397
3 2396 2478 2393
3 2482 2484 2481
3 2395 2481 2484
3 2485 2395 2484
3 2398 2395 2485
3 2399 2483 2397
3 2399 2486 2483
3 2485 2487 2398
3 2398 2487 2400
3 2401 2400 2487
3 2401 2487 2488
3 2490 2489 2402
3 2490 2402 2403
3 2399 2402 2486
3 2486 2402 2489
3 2488 2404 2401
3 2491 2404 2488
3 2405 2490 2403
3 2405 2492 2490
3 2491 2493 2404
3 2404 2493 2406
3 2407 2406 2493
3 2407 2493 2494
3 2408 2492 2405
3 2408 2495 2492
3 2494 2409 2407
3 2496 2409 2494
3 2498 2497 2410
3 2498 2410 2411
3 2408 2410 2495
3 2495 2410 2497
3 2496 2499 2409
3 2409 2499 2412
3 2413 2412 2499
3 2413 2499 2500
3 2414 2498 2411
3 2414 2501 2498
3 2500 2502 2413
3 2413 2502 2415
3 2415 2503 2416
3 2502 2503 2415
3 2416 2504 2418
3 2503 2504 2416
3 2419 2418 2504
3 2419 2504 2505
3 2422 2506 2421
3 2421 2506 2507
3 2508 2421 2507
3 2423 2421 2508
3 2423 2509 2424
3 2508 2509 2423
3 2424 2510 2425
3 2509 2510 2424
3 2425 2511 2426
3 2510 2511 2425
3 2414 2426 2501
3 2501 2426 2511
3 2505 2512 2419
3 2419 2512 2427
3 2427 2513 2428
3 2512 2513 2427
3 2428 2514 2429
3 2513 2514 2428
3 2429 2515 2430
3 2514 2515 2429
3 2422 2430 2506
3 2430 2516 2506
3 2430 2515 2516
3 2506 2516 2507
3 2518 2517 2433
3 2433 2517 2432
3 2519 2433 2434
3 2519 2518 2433
3 2520 2434 2435
3 2520 2519 2434
3 2522 2520 2521
3 2520 2436 2521
3 2520 2435 2436
3 2437 2523 2436
3 2436 2523 2521
3 2523 2437 2524
3 2437 2525 2524
3 2437 2438 2525
3 2438 2439 2525
3 2525 2439 2526
3 2528 2527 2441
3 2441 2527 2440
3 2529 2441 2442
3 2529 2528 2441
3 2530 2442 2443
3 2530 2529 2442
3 2443 2432 2517
3 2443 2517 2530
3 2531 2522 2521
3 2531 2521 2523
3 2531 2523 2532
3 2532 2523 2524
3 2533 2526 2439
3 2533 2439 2444
3 2534 2444 2445
3 2534 2533 2444
3 2535 2445 2446
3 2535 2534 2445
3 2446 2447 2535
3 2535 2447 2536
3 2538 2537 2450
3 2450 2537 2449
3 2450 2440 2527
3 2450 2527 2538
3 2451 2536 2447
3 2451 2539 2536
3 2537 2452 2449
3 2540 2452 2537
3 2541 2539 2451
3 2541 2451 2453
3 2453 2454 2541
3 2541 2454 2542
3 2544 2543 2456
3 2456 2543 2455
3 2456 2452 2540
3 2456 2540 2544
3 2457 2542 2454
3 2457 2545 2542
3 2543 2458 2455
3 2546 2458 2543
3 2459 2545 2457
3 2459 2547 2545
3 2549 2548 2461
3 2461 2548 2460
3 2461 2458 2546
3 2461 2546 2549
3 2550 2547 2459
3 2550 2459 2462
3 2462 2463 2550
3 2550 2463 2551
3 2554 2553 2552
3 2548 2554 2552
3 2464 2548 2552
3 2460 2548 2464
3 2465 2551 2463
3 2465 2555 2551
3 2552 2553 2467
3 2553 2466 2467
3 2553 2556 2466
3 2552 2467 2464
3 2465 2468 2557
3 2558 2465 2557
3 2555 2465 2558
3 2469 2557 2468
3 2560 2559 2472
3 2472 2559 2471
3 2472 2466 2556
3 2472 2556 2560
3 2558 2557 2561
3 2558 2561 2562
3 2473 2561 2469
3 2469 2561 2557
3 2559 2474 2471
3 2563 2474 2559
3 2564 2562 2561
3 2561 2473 2564
3 2473 2565 2564
3 2473 2475 2565
3 2563 2566 2474
3 2474 2566 2476
3 2477 2476 2566
3 2477 2566 2567
3 2569 2568 2479
3 2569 2479 2480
3 2475 2479 2565
3 2565 2479 2568
3 2567 2482 2477
3 2570 2482 2567
3 2483 2569 2480
3 2483 2571 2569
3 2570 2572 2482
3 2482 2572 2484
3 2485 2484 2572
3 2485 2572 2573
3 2486 2571 2483
3 2486 2574 2571
3 2573 2575 2485
3 2485 2575 2487
3 2488 2487 2575
3 2488 2575 2576
3 2490 2577 2489
3 2577 2578 2489
3 2578 2486 2489
3 2578 2574 2486
3 2576 2491 2488
3 2579 2491 2576
3 2581 2580 2577
3 2490 2581 2577
3 2492 2581 2490
3 2577 2580 2578
3 2579 2582 2491
3 2491 2582 2493
3 2494 2493 2582
3 2494 2582 2583
3 2495 2581 2492
3 2495 2584 2581
3 2583 2496 2494
3 2585 2496 2583
3 2587 2586 2497
3 2587 2497 2498
3 2495 2497 2584
3 2584 2497 2586
3 2585 2588 2496
3 2496 2588 2499
3 2500 2499 2588
3 2500 2588 2589
3 2501 2587 2498
3 2501 2590 2587
3 2589 2591 2500
3 2500 2591 2502
3 2502 2592 2503
3 2591 2592 2502
3 2503 2593 2504
3 2592 2593 2503
3 2505 2504 2593
3 2505 2593 2594
3 2597 2596 2595
3 2508 2507 2595
3 2596 2508 2595
3 2598 2508 2596
3 2508 2599 2509
3 2598 2599 2508
3 2509 2600 2510
3 2599 2600 2509
3 2510 2601 2511
3 2600 2601 2510
3 2501 2511 2590
3 2590 2511 2601
3 2594 2602 2505
3 2505 2602 2512
3 2512 2603 2513
3 2602 2603 2512
3 2513 2604 2514
3 2603 2604 2513
3 2514 2605 2515
3 2604 2605 2514
3 2595 2516 2597
3 2516 2605 2597
3 2516 2515 2605
3 2516 2595 2507
3 2606 2517 2518
3 2519 2607 2518
3 2518 2607 2606
3 2520 2608 2519
3 2519 2608 2607
3 2522 2608 2520
3 2611 2610 2609
3 2609 2524 2611
3 2524 2525 2611
3 2613 2612 2611
3 2613 2611 2525
3 2526 2613 2525
3 2615 2614 2528
3 2528 2614 2527
3 2616 2528 2529
3 2616 2615 2528
3 2617 2529 2530
3 2617 2616 2529
3 2530 2517 2606
3 2618 2530 2606
3 2617 2530 2618
3 2618 2606 2607
3 2618 2607 2619
3 2619 2607 2608
3 2619 2608 2620
3 2620 2608 2522
3 2531 2620 2522
3 2621 2620 2531
3 2532 2609 2610
3 2621 2532 2610
3 2531 2532 2621
3 2613 2622 2612
3 2524 2609 2532
3 2622 2613 2526
3 2533 2622 2526
3 2623 2622 2533
3 2624 2533 2534
3 2624 2623 2533
3 2625 2534 2535
3 2625 2624 2534
3 2535 2536 2625
3 2625 2536 2626
3 2628 2627 2538
3 2538 2627 2537
3 2538 2527 2614
3 2538 2614 2628
3 2539 2626 2536
3 2539 2629 2626
3 2627 2540 2537
3 2630 2540 2627
3 2631 2629 2539
3 2631 2539 2541
3 2541 2542 2631
3 2631 2542 2632
3 2634 2633 2544
3 2544 2633 2543
3 2544 2540 2630
3 2544 2630 2634
3 2545 2632 2542
3 2545 2635 2632
3 2633 2546 2543
3 2636 2546 2633
3 2547 2635 2545
3 2547 2637 2635
3 2639 2638 2549
3 2549 2638 2548
3 2549 2546 2636
3 2549 2636 2639
3 2640 2637 2547
3 2640 2547 2550
3 2550 2551 2640
3 2640 2551 2641
3 2642 2553 2554
3 2643 2642 2554
3 2548 2643 2554
3 2638 2643 2548
3 2555 2641 2551
3 2555 2644 2641
3 2646 2645 2642
3 2645 2553 2642
3 2645 2556 2553
3 2646 2642 2643
3 2558 2644 2555
3 2558 2647 2644
3 2649 2648 2560
3 2560 2648 2559
3 2560 2556 2645
3 2560 2645 2649
3 2562 2647 2558
3 2562 2650 2647
3 2652 2563 2651
3 2563 2648 2651
3 2563 2559 2648
3 2653 2652 2651
3 2562 2564 2654
3 2655 2562 2654
3 2650 2562 2655
3 2565 2654 2564
3 2652 2566 2563
3 2567 2566 2652
3 2653 2567 2652
3 2656 2567 2653
3 2655 2654 2568
3 2569 2655 2568
3 2657 2655 2569
3 2568 2654 2565
3 2659 2570 2658
3 2570 2656 2658
3 2570 2567 2656
3 2660 2659 2658
3 2571 2657 2569
3 2571 2661 2657
3 2659 2572 2570
3 2573 2572 2659
3 2660 2573 2659
3 2662 2573 2660
3 2574 2661 2571
3 2574 2663 2661
3 2662 2664 2573
3 2573 2664 2575
3 2576 2575 2664
3 2576 2664 2665
3 2578 2663 2574
3 2578 2666 2663
3 2665 2579 2576
3 2667 2579 2665
3 2669 2668 2580
3 2669 2580 2581
3 2578 2580 2666
3 2666 2580 2668
3 2667 2670 2579
3 2579 2670 2582
3 2583 2582 2670
3 2583 2670 2671
3 2584 2669 2581
3 2584 2672 2669
3 2671 2585 2583
3 2673 2585 2671
3 2675 2674 2586
3 2675 2586 2587
3 2584 2586 2672
3 2672 2586 2674
3 2673 2676 2585
3 2585 2676 2588
3 2589 2588 2676
3 2589 2676 2677
3 2590 2675 2587
3 2590 2678 2675
3 2677 2679 2589
3 2589 2679 2591
3 2591 2680 2592
3 2679 2680 2591
3 2592 2681 2593
3 2680 2681 2592
3 2594 2593 2681
3 2594 2681 2682
3 2685 2684 2683
3 2687 2686 2683
3 2687 2683 2684
3 2688 2686 2687
3 2690 2689 2596
3 2690 2596 2597
3 2596 2691 2598
3 2689 2691 2596
3 2598 2692 2599
3 2691 2692 2598
3 2599 2693 2600
3 2692 2693 2599
3 2600 2694 2601
3 2693 2694 2600
3 2590 2601 2678
3 2678 2601 2694
3 2682 2695 2594
3 2594 2695 2602
3 2683 2603 2685
3 2603 2695 2685
3 2603 2602 2695
3 2603 2683 2604
3 2604 2683 2686
3 2688 2696 2686
3 2696 2604 2686
3 2696 2605 2604
3 2597 2605 2690
3 2690 2605 2696
3 2698 2697 2611
3 2611 2697 2610
3 2700 2699 2612
3 2699 2611 2612
3 2699 2698 2611
3 2700 2701 2699
3 2703 2702 2615
3 2615 2702 2614
3 2704 2615 2616
3 2704 2703 2615
3 2705 2616 2617
3 2705 2704 2616
3 2706 2617 2618
3 2706 2705 2617
3 2707 2618 2619
3 2707 2706 2618
3 2708 2619 2620
3 2708 2707 2619
3 2709 2620 2621
3 2709 2708 2620
3 2621 2610 2697
3 2621 2697 2709
3 2622 2700 2612
3 2710 2701 2700
3 2622 2710 2700
3 2623 2710 2622
3 2711 2623 2624
3 2711 2710 2623
3 2712 2624 2625
3 2712 2711 2624
3 2625 2626 2712
3 2712 2626 2713
3 2715 2714 2628
3 2628 2714 2627
3 2628 2614 2702
3 2628 2702 2715
3 2629 2713 2626
3 2629 2716 2713
3 2714 2630 2627
3 2717 2630 2714
3 2718 2716 2629
3 2718 2629 2631
3 2631 2632 2718
3 2718 2632 2719
3 2721 2720 2634
3 2634 2720 2633
3 2634 2630 2717
3 2634 2717 2721
3 2635 2719 2632
3 2635 2722 2719
3 2720 2636 2633
3 2723 2636 2720
3 2637 2722 2635
3 2637 2724 2722
3 2726 2725 2639
3 2639 2725 2638
3 2639 2636 2723
3 2639 2723 2726
3 2727 2724 2637
3 2727 2637 2640
3 2640 2641 2727
3 2727 2641 2728
3 2725 2643 2638
3 2729 2643 2725
3 2732 2731 2730
3 2731 2728 2730
3 2728 2644 2730
3 2728 2641 2644
3 2734 2733 2646
3 2646 2733 2645
3 2646 2643 2729
3 2646 2729 2734
3 2732 2730 2735
3 2732 2735 2736
3 2647 2735 2644
3 2644 2735 2730
3 2737 2648 2649
3 2738 2737 2649
3 2645 2738 2649
3 2733 2738 2645
3 2736 2735 2739
3 2736 2739 2740
3 2650 2739 2647
3 2647 2739 2735
3 2737 2651 2648
3 2653 2651 2737
3 2738 2653 2737
3 2741 2653 2738
3 2740 2739 2742
3 2740 2742 2743
3 2655 2742 2650
3 2650 2742 2739
3 2741 2656 2653
3 2744 2656 2741
3 2743 2742 2745
3 2743 2745 2746
3 2657 2745 2655
3 2655 2745 2742
3 2744 2747 2656
3 2656 2747 2658
3 2660 2658 2747
3 2660 2747 2748
3 2746 2745 2749
3 2746 2749 2750
3 2661 2749 2657
3 2657 2749 2745
3 2748 2662 2660
3 2751 2662 2748
3 2750 2749 2752
3 2750 2752 2753
3 2663 2752 2661
3 2661 2752 2749
3 2751 2754 2662
3 2662 2754 2664
3 2665 2664 2754
3 2665 2754 2755
3 2753 2752 2756
3 2753 2756 2757
3 2666 2756 2663
3 2663 2756 2752
3 2755 2667 2665
3 2758 2667 2755
3 2757 2756 2668
3 2669 2757 2668
3 2759 2757 2669
3 2668 2756 2666
3 2758 2760 2667
3 2667 2760 2670
3 2671 2670 2760
3 2671 2760 2761
3 2672 2759 2669
3 2672 2762 2759
3 2764 2673 2763
3 2673 2761 2763
3 2673 2671 2761
3 2765 2764 2763
3 2767 2766 2674
3 2767 2674 2675
3 2672 2674 2762
3 2762 2674 2766
3 2764 2676 2673
3 2677 2676 2764
3 2765 2677 2764
3 2768 2677 2765
3 2678 2767 2675
3 2678 2769 2767
3 2768 2770 2677
3 2677 2770 2679
3 2679 2771 2680
3 2770 2771 2679
3 2680 2772 2681
3 2771 2772 2680
3 2774 2773 2682
3 2681 2774 2682
3 2772 2774 2681
3 2684 2685 2773
3 2774 2684 2773
3 2775 2684 2774
3 2684 2776 2687
3 2775 2776 2684
3 2778 2777 2688
3 2687 2778 2688
3 2776 2778 2687
3 2689 2690 2777
3 2778 2689 2777
3 2779 2689 2778
3 2689 2780 2691
3 2779 2780 2689
3 2691 2781 2692
3 2780 2781 2691
3 2692 2782 2693
3 2781 2782 2692
3 2693 2783 2694
3 2782 2783 2693
3 2678 2694 2769
3 2769 2694 2783
3 2773 2695 2682
3 2695 2773 2685
3 2777 2696 2688
3 2696 2777 2690
3 2784 2697 2698
3 2699 2785 2698
3 2698 2785 2784
3 2701 2785 2699
3 2787 2786 2703
3 2703 2786 2702
3 2788 2703 2704
3 2788 2787 2703
3 2789 2704 2705
3 2789 2788 2704
3 2790 2705 2706
3 2790 2789 2705
3 2791 2706 2707
3 2791 2790 2706
3 2792 2707 2708
3 2792 2791 2707
3 2793 2708 2709
3 2793 2792 2708
3 2709 2697 2784
3 2794 2709 2784
3 2793 2709 2794
3 2794 2784 2785
3 2794 2785 2795
3 2795 2785 2701
3 2710 2795 2701
3 2796 2795 2710
3 2797 2710 2711
3 2797 2796 2710
3 2798 2711 2712
3 2798 2797 2711
3 2712 2713 2798
3 2798 2713 2799
3 2801 2800 2715
3 2715 2800 2714
3 2715 2702 2786
3 2715 2786 2801
3 2716 2799 2713
3 2716 2802 2799
3 2800 2717 2714
3 2803 2717 2800
3 2804 2802 2716
3 2804 2716 2718
3 2718 2719 2804
3 2804 2719 2805
3 2807 2806 2721
3 2721 2806 2720
3 2721 2717 2803
3 2721 2803 2807
3 2722 2805 2719
3 2722 2808 2805
3 2806 2723 2720
3 2809 2723 2806
3 2724 2808 2722
3 2724 2810 2808
3 2811 2725 2726
3 2812 2811 2726
3 2723 2812 2726
3 2809 2812 2723
3 2724 2727 2813
3 2814 2724 2813
3 2810 2724 2814
3 2728 2813 2727
3 2815 2729 2811
3 2811 2729 2725
3 2811 2812 2816
3 2811 2816 2815
3 2814 2813 2731
3 2732 2814 2731
3 2817 2814 2732
3 2731 2813 2728
3 2818 2733 2734
3 2729 2815 2734
3 2815 2818 2734
3 2815 2819 2818
3 2815 2816 2820
3 2815 2820 2819
3 2736 2817 2732
3 2736 2821 2817
3 2822 2738 2818
3 2818 2738 2733
3 2823 2818 2819
3 2822 2818 2823
3 2819 2820 2824
3 2819 2824 2823
3 2740 2821 2736
3 2740 2825 2821
3 2826 2741 2822
3 2822 2741 2738
3 2827 2822 2823
3 2826 2822 2827
3 2823 2824 2828
3 2823 2828 2827
3 2743 2825 2740
3 2743 2829 2825
3 2830 2744 2826
3 2826 2744 2741
3 2831 2826 2827
3 2830 2826 2831
3 2827 2828 2832
3 2827 2832 2831
3 2746 2829 2743
3 2746 2833 2829
3 2830 2747 2744
3 2747 2830 2748
3 2830 2834 2748
3 2830 2831 2834
3 2831 2832 2835
3 2831 2835 2834
3 2750 2833 2746
3 2750 2836 2833
3 2837 2751 2834
3 2834 2751 2748
3 2834 2835 2838
3 2834 2838 2837
3 2753 2836 2750
3 2753 2839 2836
3 2837 2754 2751
3 2755 2754 2837
3 2838 2755 2837
3 2840 2755 2838
3 2757 2839 2753
3 2757 2841 2839
3 2840 2758 2755
3 2842 2758 2840
3 2759 2841 2757
3 2759 2843 2841
3 2842 2844 2758
3 2758 2844 2760
3 2761 2760 2844
3 2761 2844 2845
3 2762 2843 2759
3 2762 2846 2843
3 2763 2761 2847
3 2761 2848 2847
3 2761 2845 2848
3 2847 2765 2763
3 2850 2849 2766
3 2850 2766 2767
3 2762 2766 2846
3 2846 2766 2849
3 2848 2851 2847
3 2765 2847 2851
3 2852 2765 2851
3 2768 2765 2852
3 2769 2850 2767
3 2769 2853 2850
3 2852 2854 2768
3 2768 2854 2770
3 2770 2855 2771
3 2854 2855 2770
3 2771 2856 2772
3 2855 2856 2771
3 2772 2857 2774
3 2856 2857 2772
3 2774 2858 2775
3 2857 2858 2774
3 2775 2859 2776
3 2858 2859 2775
3 2776 2860 2778
3 2859 2860 2776
3 2778 2861 2779
3 2860 2861 2778
3 2779 2862 2780
3 2861 2862 2779
3 2780 2863 2781
3 2862 2863 2780
3 2781 2864 2782
3 2863 2864 2781
3 2782 2865 2783
3 2864 2865 2782
3 2769 2783 2853
3 2853 2783 2865
3 2867 2866 2787
3 2787 2866 2786
3 2868 2787 2788
3 2868 2867 2787
3 2869 2788 2789
3 2869 2868 2788
3 2870 2789 2790
3 2870 2869 2789
3 2871 2790 2791
3 2871 2870 2790
3 2872 2791 2792
3 2872 2871 2791
3 2873 2792 2793
3 2873 2872 2792
3 2874 2793 2794
3 2874 2873 2793
3 2875 2794 2795
3 2875 2874 2794
3 2876 2795 2796
3 2876 2875 2795
3 2877 2796 2797
3 2877 2876 2796
3 2878 2797 2798
3 2878 2877 2797
3 2798 2799 2878
3 2878 2799 2879
3 2880 2800 2801
3 2881 2880 2801
3 2786 2881 2801
3 2866 2881 2786
3 2802 2879 2799
3 2802 2882 2879
3 2884 2883 2880
3 2883 2800 2880
3 2883 2803 2800
3 2884 2880 2881
3 2802 2804 2885
3 2886 2802 2885
3 2882 2802 2886
3 2805 2885 2804
3 2887 2806 2807
3 2888 2887 2807
3 2803 2888 2807
3 2883 2888 2803
3 2886 2885 2889
3 2886 2889 2890
3 2808 2889 2805
3 2805 2889 2885
3 2891 2809 2887
3 2887 2809 2806
3 2887 2888 2892
3 2887 2892 2891
3 2890 2889 2893
3 2890 2893 2894
3 2810 2893 2808
3 2808 2893 2889
3 2895 2812 2891
3 2891 2812 2809
3 2891 2892 2896
3 2891 2896 2895
3 2894 2893 2897
3 2894 2897 2898
3 2814 2897 2810
3 2810 2897 2893
3 2899 2816 2895
3 2895 2816 2812
3 2895 2896 2900
3 2895 2900 2899
3 2898 2897 2901
3 2898 2901 2902
3 2817 2901 2814
3 2814 2901 2897
3 2903 2820 2899
3 2899 2820 2816
3 2899 2900 2904
3 2899 2904 2903
3 2902 2901 2905
3 2902 2905 2906
3 2821 2905 2817
3 2817 2905 2901
3 2907 2824 2903
3 2903 2824 2820
3 2903 2904 2908
3 2903 2908 2907
3 2906 2905 2909
3 2906 2909 2910
3 2825 2909 2821
3 2821 2909 2905
3 2911 2828 2907
3 2907 2828 2824
3 2907 2908 2912
3 2907 2912 2911
3 2910 2909 2913
3 2910 2913 2914
3 2829 2913 2825
3 2825 2913 2909
3 2915 2832 2911
3 2911 2832 2828
3 2911 2912 2916
3 2911 2916 2915
3 2914 2913 2917
3 2914 2917 2918
3 2833 2917 2829
3 2829 2917 2913
3 2919 2835 2915
3 2915 2835 2832
3 2915 2916 2920
3 2915 2920 2919
3 2918 2917 2921
3 2918 2921 2922
3 2836 2921 2833
3 2833 2921 2917
3 2923 2838 2919
3 2919 2838 2835
3 2919 2920 2924
3 2919 2924 2923
3 2922 2921 2925
3 2922 2925 2926
3 2839 2925 2836
3 2836 2925 2921
3 2927 2840 2923
3 2923 2840 2838
3 2923 2924 2928
3 2923 2928 2927
3 2926 2925 2929
3 2926 2929 2930
3 2841 2929 2839
3 2839 2929 2925
3 2931 2842 2927
3 2927 2842 2840
3 2927 2928 2932
3 2927 2932 2931
3 2930 2929 2933
3 2930 2933 2934
3 2843 2933 2841
3 2841 2933 2929
3 2931 2844 2842
3 2845 2844 2931
3 2932 2845 2931
3 2935 2845 2932
3 2934 2933 2936
3 2934 2936 2937
3 2846 2936 2843
3 2843 2936 2933
3 2935 2848 2845
3 2938 2848 2935
3 2937 2936 2849
3 2850 2937 2849
3 2939 2937 2850
3 2849 2936 2846
3 2938 2940 2848
3 2848 2940 2851
3 2852 2851 2940
3 2852 2940 2941
3 2853 2939 2850
3 2853 2942 2939
3 2941 2943 2852
3 2852 2943 2854
3 2854 2944 2855
3 2943 2944 2854
3 2855 2945 2856
3 2944 2945 2855
3 2856 2946 2857
3 2945 2946 2856
3 2857 2947 2858
3 2946 2947 2857
3 2858 2948 2859
3 2947 2948 2858
3 2859 2949 2860
3 2948 2949 2859
3 2860 2950 2861
3 2949 2950 2860
3 2861 2951 2862
3 2950 2951 2861
3 2862 2952 2863
3 2951 2952 2862
3 2863 2953 2864
3 2952 2953 2863
3 2864 2954 2865
3 2953 2954 2864
3 2853 2865 2942
3 2942 2865 2954
3 2955 2866 2867
3 2868 2956 2867
3 2867 2956 2955
3 2869 2957 2868
3 2868 2957 2956
3 2870 2958 2869
3 2869 2958 2957
3 2871 2959 2870
3 2870 2959 2958
3 2872 2960 2871
3 2871 2960 2959
3 2873 2961 2872
3 2872 2961 2960
3 2874 2962 2873
3 2873 2962 2961
3 2875 2963 2874
3 2874 2963 2962
3 2876 2964 2875
3 2875 2964 2963
3 2877 2965 2876
3 2876 2965 2964
3 2878 2966 2877
3 2877 2966 2965
3 2879 2966 2878
3 2967 2881 2955
3 2955 2881 2866
3 2968 2955 2956
3 2967 2955 2968
3 2957 2970 2969
3 2968 2957 2969
3 2956 2957 2968
3 2972 2971 2970
3 2957 2972 2970
3 2958 2972 2957
3 2973 2958 2959
3 2972 2958 2973
3 2974 2959 2960
3 2973 2959 2974
3 2961 2976 2975
3 2974 2961 2975
3 2960 2961 2974
3 2978 2977 2976
3 2961 2978 2976
3 2962 2978 2961
3 2979 2962 2963
3 2978 2962 2979
3 2980 2963 2964
3 2979 2963 2980
3 2981 2964 2965
3 2980 2964 2981
3 2982 2965 2966
3 2981 2965 2982
3 2882 2982 2879
3 2879 2982 2966
3 2983 2883 2884
3 2881 2967 2884
3 2967 2983 2884
3 2967 2984 2983
3 2968 2986 2985
3 2984 2968 2985
3 2967 2968 2984
3 2986 2968 2969
3 2971 2972 2987
3 2971 2987 2988
3 2989 2972 2973
3 2987 2972 2989
3 2990 2973 2974
3 2989 2973 2990
3 2974 2975 2991
3 2974 2991 2990
3 2992 2977 2978
3 2994 2993 2992
3 2978 2994 2992
3 2979 2994 2978
3 2995 2979 2980
3 2994 2979 2995
3 2996 2980 2981
3 2995 2980 2996
3 2982 2998 2997
3 2996 2982 2997
3 2981 2982 2996
3 2982 2882 2998
3 2882 2999 2998
3 2882 2886 2999
3 3000 2888 2983
3 2983 2888 2883
3 3001 2983 2984
3 3000 2983 3001
3 2984 2985 3002
3 2984 3002 3001
3 3003 2988 2987
3 3005 3004 3003
3 2987 3005 3003
3 2989 3005 2987
3 2990 3007 3006
3 3005 2990 3006
3 2989 2990 3005
3 3007 2990 2991
3 2993 2994 3008
3 2993 3008 3009
3 3010 2994 2995
3 3008 2994 3010
3 3011 2995 2996
3 3010 2995 3011
3 2996 2997 3012
3 3013 2996 3012
3 3011 2996 3013
3 3012 2999 3013
3 2999 2890 3013
3 2999 2886 2890
3 3014 2892 3000
3 3000 2892 2888
3 3015 3000 3001
3 3014 3000 3015
3 3001 3002 3016
3 3001 3016 3015
3 3017 3004 3005
3 3017 3005 3006
3 3009 3008 3018
3 3009 3018 3019
3 3020 3008 3010
3 3018 3008 3020
3 3021 3010 3011
3 3020 3010 3021
3 3022 3011 3013
3 3021 3011 3022
3 2894 3022 2890
3 2890 3022 3013
3 3023 2896 3014
3 3014 2896 2892
3 3024 3014 3015
3 3023 3014 3024
3 3015 3016 3025
3 3015 3025 3024
3 3019 3018 3026
3 3019 3026 3027
3 3028 3018 3020
3 3026 3018 3028
3 3029 3020 3021
3 3028 3020 3029
3 3030 3021 3022
3 3029 3021 3030
3 2898 3030 2894
3 2894 3030 3022
3 3031 2900 3023
3 3023 2900 2896
3 3032 3023 3024
3 3031 3023 3032
3 3024 3025 3033
3 3024 3033 3032
3 3027 3026 3034
3 3027 3034 3035
3 3036 3026 3028
3 3034 3026 3036
3 3037 3028 3029
3 3036 3028 3037
3 3038 3029 3030
3 3037 3029 3038
3 2902 3038 2898
3 2898 3038 3030
3 3039 2904 3031
3 3031 2904 2900
3 3040 3031 3032
3 3039 3031 3040
3 3032 3033 3041
3 3032 3041 3040
3 3035 3034 3042
3 3035 3042 3043
3 3044 3034 3036
3 3042 3034 3044
3 3045 3036 3037
3 3044 3036 3045
3 3046 3037 3038
3 3045 3037 3046
3 2906 3046 2902
3 2902 3046 3038
3 3047 2908 3039
3 3039 2908 2904
3 3048 3039 3040
3 3047 3039 3048
3 3040 3041 3049
3 3040 3049 3048
3 3043 3042 3050
3 3043 3050 3051
3 3052 3042 3044
3 3050 3042 3052
3 3053 3044 3045
3 3052 3044 3053
3 3054 3045 3046
3 3053 3045 3054
3 2910 3054 2906
3 2906 3054 3046
3 3055 2912 3047
3 3047 2912 2908
3 3056 3047 3048
3 3055 3047 3056
3 3048 3049 3057
3 3048 3057 3056
3 3051 3050 3058
3 3051 3058 3059
3 3060 3050 3052
3 3058 3050 3060
3 3061 3052 3053
3 3060 3052 3061
3 3062 3053 3054
3 3061 3053 3062
3 2914 3062 2910
3 2910 3062 3054
3 3063 2916 3055
3 3055 2916 2912
3 3064 3055 3056
3 3063 3055 3064
3 3056 3057 3065
3 3056 3065 3064
3 3068 3067 3066
3 3069 3066 3067
3 3070 3059 3058
3 3072 3071 3070
3 3058 3072 3070
3 3060 3072 3058
3 3073 3060 3061
3 3072 3060 3073
3 3074 3061 3062
3 3073 3061 3074
3 2918 3074 2914
3 2914 3074 3062
3 3075 2920 3063
3 3063 2920 2916
3 3076 3063 3064
3 3075 3063 3076
3 3064 3065 3077
3 3064 3077 3076
3 3068 3066 3078
3 3068 3078 3079
3 3066 3069 3080
3 3081 3066 3080
3 3078 3066 3081
3 3082 3081 3080
3 3071 3072 3083
3 3071 3083 3084
3 3085 3072 3073
3 3083 3072 3085
3 3086 3073 3074
3 3085 3073 3086
3 2922 3086 2918
3 2918 3086 3074
3 3087 2924 3075
3 3075 2924 2920
3 3088 3075 3076
3 3087 3075 3088
3 3076 3077 3089
3 3076 3089 3088
3 3079 3078 3090
3 3079 3090 3091
3 3092 3078 3081
3 3090 3078 3092
3 3081 3082 3093
3 3081 3093 3092
3 3084 3083 3094
3 3084 3094 3095
3 3096 3083 3085
3 3094 3083 3096
3 3097 3085 3086
3 3096 3085 3097
3 2926 3097 2922
3 2922 3097 3086
3 3098 2928 3087
3 3087 2928 2924
3 3099 3087 3088
3 3098 3087 3099
3 3088 3089 3100
3 3101 3088 3100
3 3099 3088 3101
3 3102 3101 3100
3 3091 3090 3103
3 3091 3103 3104
3 3105 3090 3092
3 3103 3090 3105
3 3092 3093 3106
3 3107 3092 3106
3 3105 3092 3107
3 3108 3107 3106
3 3095 3094 3109
3 3095 3109 3110
3 3111 3094 3096
3 3109 3094 3111
3 3112 3096 3097
3 3111 3096 3112
3 2930 3112 2926
3 2926 3112 3097
3 3113 2932 3098
3 3098 2932 2928
3 3114 3098 3099
3 3113 3098 3114
3 3115 3099 3101
3 3114 3099 3115
3 3101 3102 3116
3 3117 3101 3116
3 3115 3101 3117
3 3118 3117 3116
3 3119 3104 3103
3 3121 3120 3119
3 3103 3121 3119
3 3105 3121 3103
3 3122 3105 3107
3 3121 3105 3122
3 3107 3108 3123
3 3107 3123 3122
3 3110 3109 3124
3 3110 3124 3125
3 3126 3109 3111
3 3124 3109 3126
3 3127 3111 3112
3 3126 3111 3127
3 2934 3127 2930
3 2930 3127 3112
3 3128 2935 3113
3 3113 2935 2932
3 3129 3113 3114
3 3128 3113 3129
3 3130 3114 3115
3 3129 3114 3130
3 3131 3115 3117
3 3130 3115 3131
3 3117 3118 3132
3 3117 3132 3131
3 3120 3121 3133
3 3120 3133 3134
3 3135 3121 3122
3 3133 3121 3135
3 3122 3123 3136
3 3137 3122 3136
3 3135 3122 3137
3 3138 3137 3136
3 3125 3124 3139
3 3125 3139 3140
3 3141 3124 3126
3 3139 3124 3141
3 3142 3126 3127
3 3141 3126 3142
3 2937 3142 2934
3 2934 3142 3127
3 3143 2938 3128
3 3128 2938 2935
3 3144 3128 3129
3 3143 3128 3144
3 3145 3129 3130
3 3144 3129 3145
3 3146 3130 3131
3 3145 3130 3146
3 3131 3132 3147
3 3148 3131 3147
3 3146 3131 3148
3 3150 3149 3148
3 3150 3148 3147
3 3149 3150 3134
3 3133 3149 3134
3 3151 3149 3133
3 3152 3133 3135
3 3151 3133 3152
3 3153 3135 3137
3 3152 3135 3153
3 3137 3138 3154
3 3137 3154 3153
3 3140 3139 3155
3 3140 3155 3156
3 3157 3139 3141
3 3155 3139 3157
3 3158 3141 3142
3 3157 3141 3158
3 2939 3158 2937
3 2937 3158 3142
3 3143 2940 2938
3 2940 3143 2941
3 3143 3159 2941
3 3143 3144 3159
3 3160 3144 3145
3 3159 3144 3160
3 3161 3145 3146
3 3160 3145 3161
3 3162 3146 3148
3 3161 3146 3162
3 3163 3148 3149
3 3162 3148 3163
3 3164 3149 3151
3 3163 3149 3164
3 3165 3151 3152
3 3164 3151 3165
3 3166 3152 3153
3 3165 3152 3166
3 3153 3154 3167
3 3168 3153 3167
3 3166 3153 3168
3 3168 3167 3156
3 3155 3168 3156
3 3169 3168 3155
3 3170 3155 3157
3 3169 3155 3170
3 3171 3157 3158
3 3170 3157 3171
3 2942 3171 2939
3 2939 3171 3158
3 3159 2943 2941
3 2943 3159 2944
3 2944 3159 3160
3 2944 3160 2945
3 2945 3160 3161
3 2945 3161 2946
3 2946 3161 3162
3 2946 3162 2947
3 2947 3162 3163
3 2947 3163 2948
3 2948 3163 3164
3 2948 3164 2949
3 2949 3164 3165
3 2949 3165 2950
3 2950 3165 3166
3 2950 3166 2951
3 2951 3166 3168
3 2951 3168 2952
3 2952 3168 3169
3 2952 3169 2953
3 2953 3169 3170
3 2953 3170 2954
3 2954 3170 3171
3 2954 3171 2942
3 3172 2969 2970
3 2971 3172 2970
3 3173 2975 2976
3 2977 3173 2976
3 3174 2985 2986
3 2969 3172 2986
3 3172 3174 2986
3 3172 3175 3174
3 2988 3175 2971
3 2971 3175 3172
3 3176 2991 3173
3 3173 2991 2975
3 2992 3177 2977
3 3177 3173 2977
3 3177 3176 3173
3 2993 3177 2992
3 3178 2997 2998
3 2999 3178 2998
3 3179 3002 3174
3 3174 3002 2985
3 3180 3174 3175
3 3179 3174 3180
3 3003 3181 2988
3 3181 3175 2988
3 3181 3180 3175
3 3004 3181 3003
3 3182 3006 3007
3 2991 3176 3007
3 3176 3182 3007
3 3176 3183 3182
3 3184 3176 3177
3 3183 3176 3184
3 3009 3184 2993
3 2993 3184 3177
3 3178 3012 2997
3 3012 3178 2999
3 3185 3016 3179
3 3179 3016 3002
3 3186 3179 3180
3 3185 3179 3186
3 3187 3180 3181
3 3186 3180 3187
3 3017 3188 3004
3 3188 3181 3004
3 3188 3187 3181
3 3006 3182 3017
3 3182 3188 3017
3 3182 3189 3188
3 3190 3182 3183
3 3189 3182 3190
3 3191 3183 3184
3 3190 3183 3191
3 3019 3191 3009
3 3009 3191 3184
3 3192 3025 3185
3 3185 3025 3016
3 3193 3185 3186
3 3192 3185 3193
3 3194 3186 3187
3 3193 3186 3194
3 3195 3187 3188
3 3194 3187 3195
3 3196 3188 3189
3 3195 3188 3196
3 3197 3189 3190
3 3196 3189 3197
3 3198 3190 3191
3 3197 3190 3198
3 3027 3198 3019
3 3019 3198 3191
3 3199 3033 3192
3 3192 3033 3025
3 3200 3192 3193
3 3199 3192 3200
3 3201 3193 3194
3 3200 3193 3201
3 3202 3194 3195
3 3201 3194 3202
3 3203 3195 3196
3 3202 3195 3203
3 3204 3196 3197
3 3203 3196 3204
3 3205 3197 3198
3 3204 3197 3205
3 3035 3205 3027
3 3027 3205 3198
3 3206 3041 3199
3 3199 3041 3033
3 3207 3199 3200
3 3206 3199 3207
3 3208 3200 3201
3 3207 3200 3208
3 3209 3201 3202
3 3208 3201 3209
3 3210 3202 3203
3 3209 3202 3210
3 3211 3203 3204
3 3210 3203 3211
3 3212 3204 3205
3 3211 3204 3212
3 3043 3212 3035
3 3035 3212 3205
3 3213 3049 3206
3 3206 3049 3041
3 3214 3206 3207
3 3213 3206 3214
3 3215 3207 3208
3 3214 3207 3215
3 3216 3208 3209
3 3215 3208 3216
3 3217 3209 3210
3 3216 3209 3217
3 3218 3210 3211
3 3217 3210 3218
3 3219 3211 3212
3 3218 3211 3219
3 3051 3219 3043
3 3043 3219 3212
3 3220 3057 3213
3 3213 3057 3049
3 3221 3213 3214
3 3220 3213 3221
3 3222 3214 3215
3 3221 3214 3222
3 3223 3215 3216
3 3222 3215 3223
3 3224 3216 3217
3 3223 3216 3224
3 3225 3217 3218
3 3224 3217 3225
3 3226 3218 3219
3 3225 3218 3226
3 3059 3226 3051
3 3051 3226 3219
3 3227 3065 3220
3 3220 3065 3057
3 3228 3220 3221
3 3227 3220 3228
3 3229 3221 3222
3 3228 3221 3229
3 3068 3229 3067
3 3229 3223 3067
3 3229 3222 3223
3 3067 3223 3069
3 3223 3230 3069
3 3223 3224 3230
3 3231 3224 3225
3 3230 3224 3231
3 3232 3225 3226
3 3231 3225 3232
3 3070 3233 3059
3 3233 3226 3059
3 3233 3232 3226
3 3071 3233 3070
3 3234 3077 3227
3 3227 3077 3065
3 3235 3227 3228
3 3234 3227 3235
3 3236 3228 3229
3 3235 3228 3236
3 3079 3236 3068
3 3068 3236 3229
3 3230 3080 3069
3 3080 3230 3082
3 3230 3237 3082
3 3230 3231 3237
3 3238 3231 3232
3 3237 3231 3238
3 3239 3232 3233
3 3238 3232 3239
3 3084 3239 3071
3 3071 3239 3233
3 3240 3089 3234
3 3234 3089 3077
3 3241 3234 3235
3 3240 3234 3241
3 3242 3235 3236
3 3241 3235 3242
3 3091 3242 3079
3 3079 3242 3236
3 3243 3093 3237
3 3237 3093 3082
3 3244 3237 3238
3 3243 3237 3244
3 3245 3238 3239
3 3244 3238 3245
3 3095 3245 3084
3 3084 3245 3239
3 3240 3100 3089
3 3100 3240 3102
3 3240 3246 3102
3 3240 3241 3246
3 3247 3241 3242
3 3246 3241 3247
3 3104 3247 3091
3 3091 3247 3242
3 3243 3106 3093
3 3106 3243 3108
3 3243 3248 3108
3 3243 3244 3248
3 3249 3244 3245
3 3248 3244 3249
3 3110 3249 3095
3 3095 3249 3245
3 3246 3116 3102
3 3116 3246 3118
3 3246 3250 3118
3 3246 3247 3250
3 3119 3251 3104
3 3251 3247 3104
3 3251 3250 3247
3 3120 3251 3119
3 3252 3123 3248
3 3248 3123 3108
3 3253 3248 3249
3 3252 3248 3253
3 3125 3253 3110
3 3110 3253 3249
3 3254 3132 3250
3 3250 3132 3118
3 3255 3250 3251
3 3254 3250 3255
3 3134 3255 3120
3 3120 3255 3251
3 3252 3136 3123
3 3136 3252 3138
3 3252 3256 3138
3 3252 3253 3256
3 3140 3256 3125
3 3125 3256 3253
3 3254 3147 3132
3 3147 3254 3150
3 3150 3254 3255
3 3150 3255 3134
3 3257 3154 3256
3 3256 3154 3138
3 3156 3257 3140
3 3140 3257 3256
3 3257 3167 3154
3 3167 3257 3156
